  <Truck>
      <ControlledConstraints>
            <Constraint Name="TieRod1Rocker" IsLinkedSteering="true" Id="chassis_steer">

            </Constraint>
            <Constraint Name="TieRod2Rocker" IsLinkedSteering="true" Id="chassis_steer">

            </Constraint>
      </ControlledConstraints>
      <PhysicsModel Mesh="trucks/azov_5319">
            <NetSync Legacy="false">

            </NetSync>
            <Body ImpactType="Truck" Mass="9100" NetSync="pv" CenterOfMassOffset="(-0.5; 0; 0)">
                    <Body ModelFrame="BoneCabin_cdt" ImpactType="Truck" Mass="5300" NetSync="pv" CenterOfMassOffset="(0.3; 0.4; 0)">
                      <Constraint AxisLocal="(1; 0; 0)" MaxLimit="10" MinLimit="-10" Type="Hinge" CenterOfMassOffset="(0; 0; 0)">
                          <Motor Type="Spring" Spring="550000" Damping="55000">

                          </Motor>
                      </Constraint>
                          <Body ModelFrame="BoneMirrorRight_cdt" _template="SideMirror">

                          </Body>
                          <Body ModelFrame="BoneMirrorLeft_cdt" _template="SideMirror">

                          </Body>
                          <Body ModelFrame="BoneHook_cdt" Mass="0.1" Collisions="None" CenterOfMassOffset="(0; 0; 0)">
                            <Constraint AxisLocal="(1; 0; 0)" MaxLimit="80" MinLimit="-50" PivotOffset="(0; 0; 0)" Type="Hinge">
                                <Motor Type="Spring" Spring="0.01" Damping="0.001">

                                </Motor>
                            </Constraint>
                          </Body>
                          <Body ModelFrame="BoneSeatBelt_cdt" Mass="0.1" Collisions="None" CenterOfMassOffset="(0; 0; 0)">
                            <Constraint AxisLocal="(1; 0; 0)" MaxLimit="0.035" MinLimit="-0.02" PivotOffset="(0; 0; 0)" Type="Prismatic">
                                <Motor Type="Spring" Spring="25" Damping="3">

                                </Motor>
                            </Constraint>
                          </Body>
                          <Body ModelFrame="BoneSunShield2_cdt" _template="Sunshield">
                            <Constraint>
                                <Motor Spring="30" Damping="0.05">

                                </Motor>
                            </Constraint>
                          </Body>
                          <Body ModelFrame="BoneLeftMudguard_cdt" _template="Mudguard">

                          </Body>
                          <Body ModelFrame="BoneRightMudguard_cdt" _template="Mudguard">

                          </Body>
                    </Body>
                    <Body ModelFrame="BoneTieRod1_1_cdt" _template="TieRod">
                      <Constraint AxisLocal="(0; 0; 1)" MaxLimit="26" Name="TieRod1Rocker" MinLimit="-26">

                      </Constraint>
                    </Body>
                    <Body ModelFrame="BoneTieRod2_1_cdt" _template="TieRod">
                      <Constraint AxisLocal="(0; 0; 1)" MaxLimit="13" Name="TieRod2Rocker" MinLimit="-13">

                      </Constraint>
                    </Body>
            </Body>
      </PhysicsModel>
      <TruckData BackSteerSpeed="0.02" EngineMarkerOffset="(6; 0.7; 0)" DiffLockType="Always" EngineIconScale="1.2" TruckType="OFFROAD" FuelCapacity="200" EngineStartDelay="0.6" SteerSpeed="0.017" ExhaustStartTime="0.6" Responsiveness="0.2" TruckImage="azov5319mchr" EngineIconMesh="env/engine_big">
              <Shakers>
                  <Shaker MaxFrequency="3.9" Frame="BoneExhaust" ParentFrame="BoneCabin_cdt" MaxAngle="(1.5; 1.5; 1.5)">

                  </Shaker>
              </Shakers>
              <Intake Size="1.219" Dir="(1; 0; 0)" Origin="(4.655; 1.545; 0)">

              </Intake>
              <GearboxSocket Default="g_truck_default" Type="gearboxes_trucks">

              </GearboxSocket>
              <Wheels DefaultRim="rim_1" DefaultWheelType="wheels_heavy_single" DefaultTire="allterrain_1">
                          <Wheel Pos="(2.835; 0.633; 1.01)" _template="FirstAxle">

                          </Wheel>
                          <Wheel Pos="(2.835; 0.633; 1.01)" _template="FirstAxle" RightSide="true">

                          </Wheel>
                          <Wheel Pos="(1.052; 0.633; 1.01)" _template="SecondAxle">

                          </Wheel>
                          <Wheel Pos="(1.052; 0.633; 1.01)" _template="SecondAxle" RightSide="true">

                          </Wheel>
                          <Wheel Pos="(-2.516; 0.633; 1.01)" _template="MiddleAxle">

                          </Wheel>
                          <Wheel Pos="(-2.516; 0.633; 1.01)" _template="MiddleAxle" RightSide="true">

                          </Wheel>
                          <Wheel Pos="(-3.832; 0.633; 1.01)" _template="MiddleAxle">

                          </Wheel>
                          <Wheel Pos="(-3.832; 0.633; 1.01)" _template="MiddleAxle" RightSide="true">

                          </Wheel>
              </Wheels>
              <WinchUpgradeSocket Default="w_medium_trucks_default" Type="winches_medium_trucks" IsUpgradable="true">

              </WinchUpgradeSocket>
              <SteeringWheel Frame="BoneSteering">

              </SteeringWheel>
              <Damage>
                              <DamageArea Max="(-0.533; 1.367; 1.175)" ParentFrame="BoneChassis_cdt" Min="(-1.545; 0.694; -1.175)" Type="FuelTank">

                              </DamageArea>
              </Damage>
                              <LimitedFluid Center="(-1.035; 1.023; 0.867)" Type="Box" SizeX="0.95" SizeZ="0.55" SizeY="0.53">

                              </LimitedFluid>
                              <LimitedFluid Center="(-1.035; 1.023; -0.867)" Type="Box" SizeX="0.95" SizeZ="0.55" SizeY="0.53">

                              </LimitedFluid>
              <EngineSocket Default="ru_truck_modern_engine_0" Type="e_ru_truck_modern">

              </EngineSocket>
              <SoundsDamage _template="Heavy">

              </SoundsDamage>
              <Axles>
                                        <Axle Frame="BoneAxle1">

                                        </Axle>
                                        <Axle Frame="BoneAxle2">

                                        </Axle>
                                        <Axle Frame="BoneAxle3">

                                        </Axle>
                                        <Axle Frame="BoneAxle4">

                                        </Axle>
              </Axles>
              <Camera Center="(-1.5; 0; 0)" ParentFrame="BoneCabin_cdt">
                                        <Cockpit WindshieldShadingTexture="trucks/azov_5319_glass__sh_d.tga" WindshieldDiffuseTexture="trucks/azov_5319_glass__d_a.tga" ViewPos="(3.437; 2.599; 0.661)" _template="Default">
                                              <Mirror Pos="(3.841; 2.462; 1.374)" MeshFrame="mirror_left" FOVScale="2" Size="(0.181; 0.384)" ReflectionDir="(-0.898; -0.033; -0.44)" ClipDir="(-0.898; -0.033; -0.44)" ClipOffset="0.1">
                                                <SecondaryView Pos="(3.85; 2.193; 1.375)" MeshFrame="mirror_left_1" FOVScale="1" Size="(0.181; 0.147)" CurveAngle="20" ClipDir="(-0.898; -0.033; -0.44)" ClipOffset="0.1">

                                                </SecondaryView>
                                              </Mirror>
                                              <Mirror Pos="(4.053; 2.524; -1.389)" MeshFrame="mirror_right" FOVScale="2" Size="(0.181; 0.384)" ReflectionDir="(-0.788; 0; 0.616)" ClipDir="(-0.788; 0; 0.616)" ClipOffset="0.1">
                                                <SecondaryView ClipDir="(-0.788; 0; 0.616)" MeshFrame="mirror_right_1" Size="(0.181; 0.147)" ClipOffset="0.1" FOVScale="1.5" Pos="(4.039; 2.259; -1.379)" ReflectionDir="(-0.788; 0; 0.616)" CurveAngle="10">

                                                </SecondaryView>
                                              </Mirror>
                                            <Rear ViewPosOffset="(0.05; -0.1; 0.7)">

                                            </Rear>
                                        </Cockpit>
              </Camera>
              <Shafts>
                                            <Shaft SocketPointA="Shaft1a" SocketPointB="Shaft1b">

                                            </Shaft>
                                            <Shaft SocketPointA="Shaft2a" SocketPointB="Shaft2b">

                                            </Shaft>
                                            <Shaft SocketPointA="Shaft3a" SocketPointB="Shaft3b">

                                            </Shaft>
                                            <Shaft SocketPointA="Shaft4a" SocketPointB="Shaft4b">

                                            </Shaft>
              </Shafts>
              <FuelTank DamageCapacity="100">

              </FuelTank>
              <CompatibleWheels Scale="0.63" Type="wheels_heavy_single">

              </CompatibleWheels>
              <SoundsWheels _template="Default">

              </SoundsWheels>
              <SuspensionSocket Default="azov_5319_suspension_default" MaxWheelRadiusWithoutSuspension="1" Type="s_azov_5319">

              </SuspensionSocket>
              <Dashboard>
                                                      <Gauge Mesh="trucks/arrows/azov_5319_arrows_1" Org="(4.128; 2.172; 0.858)" OutputAngles="(-111; 21)" InputType="engineEnabled" Dir="(-0.947; 0.32; 0.004)" InputRange="(0;1)" Damping="0.99">

                                                      </Gauge>
                                                      <Gauge Mesh="trucks/arrows/azov_5319_arrows_1" Org="(4.124; 2.174; 0.486)" OutputAngles="(-113; 114)" InputType="rpm" Dir="(-0.947; 0.32; 0.004)" InputRange="(0;1)" Damping="0.99">

                                                      </Gauge>
                                                      <Gauge Org="(4.142; 2.195; 0.671)" OutputAngles="(-122; 123)" Mesh="trucks/arrows/azov_5319_arrows_2" InputRange="(0;140)" Dir="(-0.945; 0.326; 0.001)" InputType="speed">

                                                      </Gauge>
                                                      <Gauge Org="(4.126; 2.149; 0.761)" OutputAngles="(95; 36)" Mesh="trucks/arrows/azov_5319_arrows_3" InputRange="(0;1)" Dir="(-0.945; 0.326; 0.001)" InputType="engineEnabled">

                                                      </Gauge>
                                                      <Gauge Org="(4.125; 2.149; 0.589)" OutputAngles="(-95; -52)" Mesh="trucks/arrows/azov_5319_arrows_3" InputRange="(0;1)" Dir="(-0.945; 0.326; 0.001)" InputType="engineEnabled">

                                                      </Gauge>
                                                      <Gauge Org="(4.156; 2.237; 0.734)" OutputAngles="(-129; -50)" Mesh="trucks/arrows/azov_5319_arrows_5" InputRange="(0;1)" Dir="(-0.945; 0.326; 0.001)" InputType="engineEnabled">

                                                      </Gauge>
                                                      <Gauge Org="(4.156; 2.237; 0.634)" OutputAngles="(90; 0)" Mesh="trucks/arrows/azov_5319_arrows_4" InputRange="(0;1)" Dir="(-0.945; 0.326; 0.001)" InputType="fuel">

                                                      </Gauge>
                                                      <Gauge Org="(4.156; 2.237; 0.58)" OutputAngles="(-91; 0)" Mesh="trucks/arrows/azov_5319_arrows_4" InputRange="(0;1)" Dir="(-0.945; 0.326; 0.001)" InputType="fuel">

                                                      </Gauge>
              </Dashboard>
                                                    <Steam Origin="(1.72; 1.354; 0)">

                                                    </Steam>
                                                    <Steam Origin="(3.654; 1.056; 0)">

                                                    </Steam>
              <Sounds _template="Default" DisableReversePitch="false" Origin="(3.074; 1.488; 0)" MinDist="15.0">
                                                        <EngineHigh Sound="trucks/azov_5319/azov_5319_high">

                                                        </EngineHigh>
                                                        <ChassisStress Sound="trucks/common/truck_stress_rnd_set/truck_stress_rnd">

                                                        </ChassisStress>
                                                        <HandbrakeOff Sound="trucks/chevrolet_kodiakc70/chevrolet_kodiakc70_handbrake_off">

                                                        </HandbrakeOff>
                                                        <BrakesSqueal Sound="trucks/azov_5319/azov_5319_brakes_squeal">

                                                        </BrakesSqueal>
                                                        <AbruptStop Sound="trucks/common/truck_swing_big_rnd_set/truck_swing_big_rnd">

                                                        </AbruptStop>
                                                        <EngineTrans Sound="trucks/azov_5319/azov_5319_turbo">

                                                        </EngineTrans>
                                                        <EngineHeavy_2d IsSound2D="true" Sound="">

                                                        </EngineHeavy_2d>
                                                                        <Reverse _inheritRemove="true">

                                                                        </Reverse>
                                                                        <Reverse Sound="trucks/azov_5319/azov_5319_reverse">

                                                                        </Reverse>
                                                        <EngineHeavy Sound="">

                                                        </EngineHeavy>
                                                        <EngineStart Sound="trucks/azov_5319/azov_5319_start">

                                                        </EngineStart>
                                                        <EngineLow_2d IsSound2D="true" Sound="trucks/azov_5319/azov_5319_low_2d">

                                                        </EngineLow_2d>
                                                        <EngineHigh_2d IsSound2D="true" Sound="trucks/azov_5319/azov_5319_high_2d">

                                                        </EngineHigh_2d>
                                                        <EngineLow Sound="trucks/azov_5319/azov_5319_low">

                                                        </EngineLow>
                                                        <EngineIdle_2d IsSound2D="true" Sound="trucks/azov_5319/azov_5319_idle_2d">

                                                        </EngineIdle_2d>
                                                        <EngineStop Sound="trucks/azov_5319/azov_5319_stop">

                                                        </EngineStop>
                                                        <EngineIdle Sound="trucks/azov_5319/azov_5319_idle">

                                                        </EngineIdle>
                                                        <Handbrake Sound="trucks/chevrolet_kodiakc70/chevrolet_kodiakc70_handbrake_on">

                                                        </Handbrake>
                                                        <Honk Sound="trucks/azov_5319/azov_5319_honk">

                                                        </Honk>
                                                        <EngineRev Sound="trucks/azov_5319/azov_5319_rev">

                                                        </EngineRev>
                                                        <EngineAccel Sound="trucks/azov_5319/azov_5319_acc">

                                                        </EngineAccel>
                                                        <BrakeRelease Sound="trucks/cat_ct680/cat_ct680_brake_release">

                                                        </BrakeRelease>
              </Sounds>
              <Driver Pos="(3.497; 1.844; 0.661)" ParentFrame="BoneCabin_cdt" SteeringWheelPos="(3.897; 2.164; 0.654)">

              </Driver>
              <Exhaust Speed="2.0" Dir="(0; 0; 1)" Origin="(1.955; 0.829; 0.557)">

              </Exhaust>
                                                            <SteeringRack FrameSteerRight="BoneRackRight1" Frame="BoneRack1" FrameSteerLeft="BoneRackLeft1" RackHalfSizeZ="0.752">

                                                            </SteeringRack>
                                                            <SteeringRack FrameSteerRight="BoneRackRight2" Frame="BoneRack2" FrameSteerLeft="BoneRackLeft2" RackHalfSizeZ="0.752">

                                                            </SteeringRack>
              <OcclusionMap MaxX="5.1" HalfSizeZ="1.7" MinX="-5.1">

              </OcclusionMap>
      </TruckData>
      <ModelAttachments>
                <Ignition>
                      <Light Pos="(4.55; 1.013; 0.7)" _template="IgnitionSignalWhite" ParentFrame="BoneCabin_cdt">

                      </Light>
                      <Light Pos="(4.55; 1.013; -0.7)" _template="IgnitionSignalWhite" ParentFrame="BoneCabin_cdt">

                      </Light>
                      <Light Pos="(-5.5; 1.025; -0)" _template="IgnitionSignalRed">

                      </Light>
                        <Flare ParentFrame="BoneCabin_cdt" Pos="(4.447; 1.042; -1.053)" Size="0.2" _template="IgnitionSignalWhite">

                        </Flare>
                        <Flare ParentFrame="BoneCabin_cdt" Pos="(4.447; 1.042; 1.053)" Size="0.2" _template="IgnitionSignalWhite">

                        </Flare>
                        <Flare ParentFrame="BoneCabin_cdt" Pos="(4.447; 1.042; -0.929)" Size="0.2" _template="IgnitionSignalWhite">

                        </Flare>
                        <Flare ParentFrame="BoneCabin_cdt" Pos="(4.447; 1.042; 0.929)" Size="0.2" _template="IgnitionSignalWhite">

                        </Flare>
                        <Flare Pos="(4.521; 1.01; -0.784)" _template="MarkerBeacon" ParentFrame="BoneCabin_cdt">

                        </Flare>
                        <Flare Pos="(4.521; 1.01; 0.784)" _template="MarkerBeacon" ParentFrame="BoneCabin_cdt">

                        </Flare>
                        <Flare Pos="(4.188; 1.187; 1.247)" ParentFrame="BoneCabin_cdt" Size="0.2" Dir="(0; 1; 0)" Color="g(255; 160; 2) x .4" _template="IgnitionSignalOrange">

                        </Flare>
                        <Flare Pos="(4.188; 1.187; -1.247)" ParentFrame="BoneCabin_cdt" Size="0.2" Dir="(0; 1; 0)" Color="g(255; 160; 2) x .4" _template="IgnitionSignalOrange">

                        </Flare>
                        <Flare Pos="(2.133; 1.145; 1.262)" ParentFrame="BoneCabin_cdt" Size="0.2" Dir="(0; 1; 0)" Color="g(255; 160; 2) x .4" _template="IgnitionSignalOrange">

                        </Flare>
                        <Flare Pos="(2.133; 1.145; -1.262)" ParentFrame="BoneCabin_cdt" Size="0.2" Dir="(0; 1; 0)" Color="g(255; 160; 2) x .4" _template="IgnitionSignalOrange">

                        </Flare>
                </Ignition>
                <HeadLight>
                        <Model _template="HeadLightRay" Org="(4.447; 1.042; -1.053)" ParentFrame="BoneCabin_cdt">

                        </Model>
                        <Model _template="HeadLightRay" Org="(4.447; 1.042; 1.053)" ParentFrame="BoneCabin_cdt">

                        </Model>
                          <Flare ParentFrame="BoneCabin_cdt" Size=".2" Pos="(4.447; 1.042; -1.053)" Color="g(255; 235; 200) x 0.6" _template="HeadLight">

                          </Flare>
                          <Flare ParentFrame="BoneCabin_cdt" Size=".2" Pos="(4.447; 1.042; 1.053)" Color="g(255; 235; 200) x 0.6" _template="HeadLight">

                          </Flare>
                          <Flare Pos="(4.447; 1.042; -1.053)" _template="BlueStreak" ParentFrame="BoneCabin_cdt">

                          </Flare>
                          <Flare Pos="(4.447; 1.042; 1.053)" _template="BlueStreak" ParentFrame="BoneCabin_cdt">

                          </Flare>
                </HeadLight>
      </ModelAttachments>
      <HeadLight Pos="(4.447; 1.042; 0)" _template="Default" ParentFrame="BoneCabin_cdt">

      </HeadLight>
      <GameData Price="64600" Country="RU,CAS" UnlockByExploration="false" UnlockByRank="14">
                      <CraneSocket Pos="(4.73; 1.057; -0.404)">

                      </CraneSocket>
                      <CraneSocket Pos="(4.73; 1.057; 0.404)">

                      </CraneSocket>
                      <CraneSocket Pos="(-1.747; 1.180; -0.482)">

                      </CraneSocket>
                      <CraneSocket Pos="(-1.747; 1.180; 0.482)">

                      </CraneSocket>
                      <CraneSocket Pos="(-4.602; 1.154; 0)">

                      </CraneSocket>
                    <UiDesc UiIcon30x30="offroadVehicleImg30" UiName="UI_VEHICLE_AZOV_5319_NAME" UiIcon328x458="shopImgAzov5319" UiIconLogo="AzovLogo80" UiDesc="UI_VEHICLE_AZOV_5319_DESC" UiIcon40x40="offroadVehicleImg">

                    </UiDesc>
                          <AddonSockets>
                              <Socket Offset="(-4.618; 1.156; 0)" Names="Trailer">
                                <AddonsShift Types="MinicraneRU, FrameAddon" Offset="(0; 0; 0)" TrailerNamesBlock="Trailer">

                                </AddonsShift>
                              </Socket>
                              <Socket Offset="(-3.185; 1.655; 0)" NamesBlock="SaddleHigh" Names="Semitrailer, SemitrailerOiltank">

                              </Socket>
                              <Socket Offset="(-1.879; 1.835; 0)" NamesBlock="SaddleLow" Names="LargeSemitrailer, LargeSemitrailerOiltank">

                              </Socket>
                          </AddonSockets>
                          <AddonSockets>
                              <Socket Offset="(-6.4; 1.329; 0)" Names="BunkLog">

                              </Socket>
                              <Socket Offset="(-1.4; 1.334; 0)" NamesBlock="MinicraneRU, Azov5319Fender" Names="FrameAddonLogShort">

                              </Socket>
                              <Socket Offset="(-1.125; 1.334; 0)" NamesBlock="MinicraneRU, Azov5319Fender" Names="FrameAddonLogMedium">

                              </Socket>
                              <Socket Offset="(-3.171; 1.329; 0)" Names="SaddleLow">
                                  <ExtraParent Frame="BoneChassis_cdt" Offset="(0; 0; -0.05)">

                                  </ExtraParent>
                                  <ExtraParent Frame="BoneChassis_cdt" Offset="(0; 0; 0.05)">

                                  </ExtraParent>
                              </Socket>
                              <Socket Offset="(-1.874; 1.332; 0)" Names="SaddleHigh">
                                  <ExtraParent Frame="BoneChassis_cdt" Offset="(0; 0; -0.055)">

                                  </ExtraParent>
                                  <ExtraParent Frame="BoneChassis_cdt" Offset="(0; 0; 0.055)">

                                  </ExtraParent>
                              </Socket>
                              <Socket Offset="(-1.725; 1.333; 0)" Names="FrameAddon">
                                <AddonsShift Offset="(-1.35; 0; 0)" Types="MinicraneRU">

                                </AddonsShift>
                              </Socket>
                              <Socket NamesBlock="MinicraneRU, MetalDetector, Trailer" Offset="(-1; 1.333; 0)" Names="FrameAddonTowPlatform">

                              </Socket>
                              <Socket Offset="(-2.28; 1.337; 0)" Names="FrameAddonTank">

                              </Socket>
                              <Socket Offset="(-2.341; 0.304; 0)" ParentFrame="BoneChassis_cdt" NamesBlock="Trailer" Names="FrameAddonMaintainer">

                              </Socket>
                              <Socket Offset="(-0.05; 1.335; 0)" NamesBlock="Trailer" Names="FrameAddonSeismicVibrator">

                              </Socket>
                              <Socket ParentFrame="BoneChassis_cdt" Offset="(-2.69; 1.415; 0)" Names="FrameAddonKung">
                                  <ExtraParent Frame="BoneChassis_cdt" Offset="(0; 0; -0.14)">

                                  </ExtraParent>
                                  <ExtraParent Frame="BoneChassis_cdt" Offset="(0; 0; 0.14)">

                                  </ExtraParent>
                              </Socket>
                              <Socket ParentFrame="BoneChassis_cdt" Offset="(-2.625; 1.43; 0)" Names="BigCraneRu">
                                  <ExtraParent Frame="BoneChassis_cdt" Offset="(0; -0.095; -0.05)">

                                  </ExtraParent>
                                  <ExtraParent Frame="BoneChassis_cdt" Offset="(0; -0.095; 0.05)">

                                  </ExtraParent>
                              </Socket>
                              <Socket ParentFrame="BoneChassis_cdt" Offset="(0.212; 1.340; 0)" Names="LogLift">

                              </Socket>
                          </AddonSockets>
                          <AddonSockets>
                            <Socket Offset="(-0.184; 1.336; 0)" NamesBlock="LogLift, BunkLog, FrameAddonTank, FrameAddonKung, BigCraneRu, FrameAddonMaintainer, FrameAddonSeismicVibrator, LargeSemitrailerOiltank" Names="MinicraneRU">
                                  <ExtraParent Frame="BoneChassis_cdt" Offset="(0; 0; -0.07)">

                                  </ExtraParent>
                                  <ExtraParent Frame="BoneChassis_cdt" Offset="(0; 0; 0.07)">

                                  </ExtraParent>
                            </Socket>
                          </AddonSockets>
                          <AddonSockets DefaultAddon="azov_5319_fender_default">
                            <Socket ParentFrame="BoneChassis_cdt" Offset="(0; 0; 0)" Names="Azov5319Fender">
                                <ExtraParent Frame="BoneCabin_cdt">

                                </ExtraParent>
                            </Socket>
                          </AddonSockets>
                          <AddonSockets>
                            <Socket ParentFrame="BoneCabin_cdt" Offset="(0; 0; 0)" Names="Azov5319Horn">

                            </Socket>
                          </AddonSockets>
                          <AddonSockets>
                            <Socket ParentFrame="BoneCabin_cdt" Offset="(0; 0; 0)" Names="Azov5319Snorkel">

                            </Socket>
                          </AddonSockets>
                          <AddonSockets>
                            <Socket ParentFrame="BoneCabin_cdt" Offset="(0; 0; 0)" Names="Azov5319Visor">

                            </Socket>
                          </AddonSockets>
                          <AddonSockets>
                            <Socket ParentFrame="BoneCabin_cdt" Offset="(0; 0; 0)" Names="Azov5319AirConditioner">

                            </Socket>
                          </AddonSockets>
                          <AddonSockets>
                            <Socket ParentFrame="BoneCabin_cdt" Offset="(0; 0; 0)" Names="Azov5319Gabarite">

                            </Socket>
                          </AddonSockets>
                          <AddonSockets DefaultAddon="azov_5319_gabarite_default">
                            <Socket Offset="(0; 0; 0)" ParentFrame="BoneCabin_cdt" NamesBlock="Azov5319Visor" Names="Azov5319GabariteDefault">

                            </Socket>
                          </AddonSockets>
                          <AddonSockets>
                            <Socket ParentFrame="BoneCabin_cdt" Offset="(0; 0; 0)" Names="Azov5319Beacon">

                            </Socket>
                          </AddonSockets>
                          <AddonSockets>
                              <Socket ParentFrame="BoneCabin_cdt" Offset="(0; 0; 0)" Names="Azov5319SpotLight">

                              </Socket>
                              <Socket Offset="(0; 0; 0)" ParentFrame="BoneCabin_cdt" NamesBlock="Azov5319Beacon" Names="Azov5319SpotLightBeacon">

                              </Socket>
                          </AddonSockets>
                          <AddonSockets>
                            <Socket ParentFrame="BoneCabin_cdt" Offset="(0; 0; 0)" Names="Azov5319Bumper">

                            </Socket>
                          </AddonSockets>
                          <AddonSockets>
                            <Socket ParentFrame="BoneCabin_cdt" Offset="(0; 0; 0)" Names="Azov5319WheelAddon">

                            </Socket>
                          </AddonSockets>
                          <AddonSockets>
                            <Socket Offset="(4.055; 2.317; 0.162)" ParentFrame="BoneCabin_cdt" Names="StuffDashboard" InCockpit="true">

                            </Socket>
                          </AddonSockets>
                          <AddonSockets>
                            <Socket Offset="(0; 0; 0)" ParentFrame="BoneCabin_cdt" Names="Azov5319Sticker_1x1_01" InCockpit="true">

                            </Socket>
                          </AddonSockets>
                          <AddonSockets>
                            <Socket Offset="(0; 0; 0)" ParentFrame="BoneSunShield2_cdt" Names="Azov5319Sticker_1x1_02" InCockpit="true">

                            </Socket>
                          </AddonSockets>
                          <AddonSockets>
                            <Socket Offset="(0; 0; 0)" ParentFrame="BoneSunShield2_cdt" Names="Azov5319Sticker_1x1_03" InCockpit="true">

                            </Socket>
                          </AddonSockets>
                          <AddonSockets>
                            <Socket Offset="(0; 0; 0)" ParentFrame="BoneSunShield2_cdt" Names="Azov5319Sticker_1x1_04" InCockpit="true">

                            </Socket>
                          </AddonSockets>
                          <AddonSockets>
                            <Socket Offset="(0; 0; 0)" ParentFrame="BoneSunShield2_cdt" Names="Azov5319Sticker_1x2_01" InCockpit="true">

                            </Socket>
                          </AddonSockets>
                          <AddonSockets>
                            <Socket Offset="(0; 0; 0)" ParentFrame="BoneSunShield2_cdt" Names="Azov5319Sticker_1x4_01" InCockpit="true">

                            </Socket>
                          </AddonSockets>
                          <AddonSockets>
                              <Socket Offset="(4.180; 2.767; 0.262)" ParentFrame="BoneCabin_cdt" Names="StuffAirfreshener" InCockpit="true">

                              </Socket>
                              <Socket ParentFrame="BoneCabin_cdt" Names="StuffCurtainAzov5319" InCockpit="true">

                              </Socket>
                          </AddonSockets>
                          <AddonSockets>
                            <Socket ParentFrame="BoneCabin_cdt" Offset="(0; 0; 0)" Names="azov5319Sticker_Door_L">

                            </Socket>
                          </AddonSockets>
                          <AddonSockets>
                            <Socket ParentFrame="BoneCabin_cdt" Offset="(0; 0; 0)" Names="azov5319Sticker_Door_R">

                            </Socket>
                          </AddonSockets>
                          <AddonSockets>
                            <Socket ParentFrame="BoneCabin_cdt" Offset="(0; 0; 0)" Names="azov5319Sticker_Roof">

                            </Socket>
                          </AddonSockets>
                          <AddonSockets>
                            <Socket Offset="(0; 0; 0)" ParentFrame="BoneCabin_cdt" Names="azov5319Sticker_GlassTop" InCockpit="true">

                            </Socket>
                          </AddonSockets>
                          <AddonSockets>
                            <Socket Offset="(0; 0; 0)" ParentFrame="BoneCabin_cdt" Names="azov5319Sticker_GlassBottom" InCockpit="true">

                            </Socket>
                          </AddonSockets>
                    <CustomizationCameras>
                                <CameraPos Interior="true" Position="(8.755; 5.842; -0.226)" Name="roof_sticker" InterestPosition="(4.883; 1.627; -0.618)" FOV="32.0">

                                </CameraPos>
                                <CameraPos Interior="true" Position="(6.018; 2.56; -0.852)" Name="sticker_1" InterestPosition="(7.493; 3.231; 0.438)" FOV="32.0">

                                </CameraPos>
                                <CameraPos MaxZoom="2" MaxYRotation="360" Position="(-9.245; 3.812; 6.199)" MaxXRotation="360" Name="addon_1" InterestPosition="(-0.626; 1.669; -0)" FOV="32.0">

                                </CameraPos>
                                <CameraPos MaxZoom="2" MaxYRotation="360" Position="(-0.131; 3.944; 2.185)" MaxXRotation="360" Name="addon_2" InterestPosition="(5.835; 1.807; 0)" FOV="32.0">

                                </CameraPos>
                                <CameraPos Interior="true" Position="(5.907; 2.641; -0.388)" Name="mirror_mount" InterestPosition="(7.493; 2.587; 0.808)" FOV="32.0">

                                </CameraPos>
                                <CameraPos MaxZoom="2" MaxYRotation="360" Position="(-0.226; 4.969; -4.508)" MaxXRotation="360" Name="side_r" InterestPosition="(4.764; 1.97; -0)" FOV="32.0">

                                </CameraPos>
                                <CameraPos Interior="true" Position="(6.018; 2.56; -0.852)" Name="sticker" InterestPosition="(7.493; 1.973; 0.917)" FOV="32.0">

                                </CameraPos>
                                <CameraPos Interior="true" Position="(2.858; 2.806; 3.786)" Name="door_r_sticker" InterestPosition="(6.403; 1.559; 0.407)" FOV="32.0">

                                </CameraPos>
                                <CameraPos MaxZoom="2" MaxYRotation="360" Position="(10.787; 4.806; -3.717)" MaxXRotation="360" Name="roof" InterestPosition="(4.758; 2.358; -0)" FOV="32.0">

                                </CameraPos>
                                <CameraPos Interior="true" Position="(10.247; 3.421; 0.971)" Name="glass_sticker" InterestPosition="(6.374; 2.385; -0.957)" FOV="32.0">

                                </CameraPos>
                                <CameraPos MaxZoom="2" MaxYRotation="360" Position="(13.576; 1.402; -3.863)" MaxXRotation="360" Name="hoods" InterestPosition="(5.716; 1.735; 0)" FOV="32.0">

                                </CameraPos>
                                <CameraPos Interior="true" Position="(6.018; 2.56; -0.187)" Name="sticker_2" InterestPosition="(7.493; 3.234; 1.054)" FOV="32.0">

                                </CameraPos>
                                <CameraPos MaxZoom="2" MaxYRotation="360" Position="(11.866; 5.284; -4.55)" MaxXRotation="360" Name="side_l" InterestPosition="(6.27; 2.278; 0)" FOV="32.0">

                                </CameraPos>
                                <CameraPos Interior="true" Position="(5.907; 2.641; -0.388)" Name="bubble_head" InterestPosition="(7.493; 1.973; 0.917)" FOV="32.0">

                                </CameraPos>
                                <CameraPos MaxZoom="2" MaxYRotation="360" Position="(8.028; 2.02; -5.47)" MaxXRotation="360" Name="wheels" InterestPosition="(4.029; 0.711; 0.052)" FOV="32.0">

                                </CameraPos>
                                <CameraPos MaxZoom="2" MaxYRotation="360" Position="(13.576; 1.402; -3.863)" MaxXRotation="360" Name="default" InterestPosition="(5.716; 1.735; 0)" FOV="32.0">

                                </CameraPos>
                                <CameraPos MaxZoom="2" MaxYRotation="360" Position="(-6.285; 2.053; 3.418)" MaxXRotation="360" Name="rear" InterestPosition="(-0.868; 1.09; -0)" FOV="32.0">

                                </CameraPos>
                                <CameraPos Interior="true" Position="(2.87; 2.902; -3.665)" Name="door_l_sticker" InterestPosition="(3.975; 1.948; -0.804)" FOV="32.0">

                                </CameraPos>
                                <CameraPos Interior="true" Position="(5.907; 2.641; -0.388)" Name="curtain" InterestPosition="(7.493; 2.587; 0.808)" FOV="32.0">

                                </CameraPos>
                    </CustomizationCameras>
                              <WinchSocket Pos="(4.73; 1.057; -0.404)">

                              </WinchSocket>
                              <WinchSocket Pos="(4.73; 1.057; 0.404)">

                              </WinchSocket>
                              <WinchSocket Pos="(-1.747; 1.180; -0.482)">

                              </WinchSocket>
                              <WinchSocket Pos="(-1.747; 1.180; 0.482)">

                              </WinchSocket>
                              <WinchSocket Pos="(-4.602; 1.154; 0)">

                              </WinchSocket>
      </GameData>
      <Landmark MaxScale="2.5" MinScale="1.5" Mesh="landmarks/azov_5319_lmk">

      </Landmark>
      <AutomaticIK>
                          <IKBone ModelFrame="BoneTieRod1_2" ParentFrame="BoneTieRod1_1_cdt">
                            <IKJoint AxisLocal="(1; 0; 0)" Type="Hinge2">

                            </IKJoint>
                            <IKBone AttachOffset="(0; 0; 0)" ModelFrame="BoneTieRod1_3" AttachToFrame="BoneRackLeft1">
                                  <IKJoint AxisLocal="(1; 0; 0)" Type="Slider">

                                  </IKJoint>
                            </IKBone>
                          </IKBone>
                          <IKBone ModelFrame="BoneTieRod2_2" ParentFrame="BoneTieRod2_1_cdt">
                            <IKJoint AxisLocal="(1; 0; 0)" Type="Hinge2">

                            </IKJoint>
                            <IKBone AttachOffset="(0; 0; 0)" ModelFrame="BoneTieRod2_3" AttachToFrame="BoneRackLeft2">
                                  <IKJoint AxisLocal="(1; 0; 0)" Type="Slider">

                                  </IKJoint>
                            </IKBone>
                          </IKBone>
                          <IKBone ModelFrame="BoneTieRod2_4" ParentFrame="BoneTieRod2_1_cdt">
                            <IKJoint AxisLocal="(1; 0; 0)" Type="Hinge2">

                            </IKJoint>
                            <IKBone AttachOffset="(0; 0; 0)" ModelFrame="BoneTieRod2_5" AttachToFrame="BoneTieRod1_1_cdt">
                                  <IKJoint AxisLocal="(1; 0; 0)" Type="Slider">

                                  </IKJoint>
                            </IKBone>
                          </IKBone>
      </AutomaticIK>
  </Truck>
  <_templates Include="trucks">
        <Wheel>
            <MiddleAxle Torque="default" Location="rear" ConnectedToHandbrake="true">

            </MiddleAxle>
            <FirstAxle SteeringJointOffset="0.25" ParentFrame="BoneCabin_cdt" SteeringCastor="0" Torque="default" Location="front" SteeringAngle="30">

            </FirstAxle>
            <SecondAxle SteeringJointOffset="0.25" ParentFrame="BoneCabin_cdt" SteeringCastor="0" Torque="default" Location="front" SteeringAngle="20">

            </SecondAxle>
        </Wheel>
        <Body>
              <SideMirror Mass="5" Collisions="None">
                  <Constraint AxisLocal="(0; 0; 1)" MaxLimit="15" MinLimit="-15" Type="Hinge">
                      <Motor Type="Spring" Spring="200" Damping="0.7">

                      </Motor>
                  </Constraint>
              </SideMirror>
              <Sunshield Mass="3" Collisions="None">
                    <Constraint AxisLocal="(0; 0; 1)" MaxLimit="5" MinLimit="-5" Type="Hinge">
                        <Motor Type="Spring" Spring="1.5" Damping="0.65">

                        </Motor>
                    </Constraint>
              </Sunshield>
              <Mudguard AngularDamping="3.0" Collisions="None" Mass="10">
                      <Constraint AxisLocal="(0; 0; 1)" MaxLimit="25" MinLimit="-35" Type="Hinge">

                      </Constraint>
              </Mudguard>
        </Body>
  </_templates>