  <Truck>
      <ControlledConstraints>
          <Constraint Name="ChassisSteer" IsLinkedSteering="true" Id="chassis_steer">

          </Constraint>
      </ControlledConstraints>
      <PhysicsModel Mesh="trucks/cat_745c">
            <NetSync Legacy="false">

            </NetSync>
            <Body ImpactType="Truck" Mass="7000" NetSync="pv" CenterOfMassOffset="(0; -0.5; 0)">
                    <Body Mass="7000" NetSync="pv" ModelFrame="BoneBack_cdt">
                      <Constraint AxisLocal="(0; 1; 0)" MaxLimit="30" Name="ChassisSteer" MinLimit="-30" Type="Hinge">
                          <Motor Type="Position" Tau="0.04" Force="135000" Damping="1.0">

                          </Motor>
                      </Constraint>
                      <Body Mass="6000" NetSync="pv" ModelFrame="BoneBackRot_cdt">
                            <Constraint AxisLocal="(1; 0; 0)" MaxLimit="15" MinLimit="-15" Type="Hinge">
                                <Motor Type="Spring" Spring="1400" Damping="800.0">

                                </Motor>
                            </Constraint>
                            <Body Mass="5000" Collisions="None" ModelFrame="BoneSuspension_cdt">
                                  <Constraint Type="Fixed">

                                  </Constraint>
                            </Body>
                      </Body>
                    </Body>
                    <Body ModelFrame="BoneMirrorLeft_cdt" _template="SideMirror">

                    </Body>
                    <Body ModelFrame="BoneMirrorRight1_cdt" _template="SideMirror">

                    </Body>
                    <Body ModelFrame="BoneMirrorRight2_cdt" _template="SideMirror">

                    </Body>
            </Body>
      </PhysicsModel>
      <TruckData BackSteerSpeed="0.015" DiffLockType="Uninstalled" EngineIconScale="1.7" TruckType="HEAVY" FuelCapacity="550" EngineStartDelay="0.6" SteerSpeed="0.017" ExhaustStartTime="0.6" Responsiveness="0.05" TruckImage="cat745Cv2mchr" EngineIconMesh="env/engine_default">
              <Shakers>
                  <Shaker MaxAngle="(1; 0; 1)" Frame="BoneExhaust" MaxFrequency="10">

                  </Shaker>
              </Shakers>
                  <Intake Size="0.8" Dir="(1; 0; 0)" Origin="(5.438; 2.221; 0)">

                  </Intake>
                  <Intake Size="0.3" Dir="(0.978; 0; -0.209)" Origin="(5.318; 2.055; -0.963)">

                  </Intake>
              <GearboxSocket Default="g_special_default" Type="gearboxes_special">

              </GearboxSocket>
              <Wheels DefaultRim="rim_cat745" DefaultWheelType="wheels_superheavy_cat745_single" DefaultTire="mudtires_cat745">
                          <Wheel Pos="(2.081; 1.128; 1.334)" _template="FrontWheel">

                          </Wheel>
                          <Wheel Pos="(2.081; 1.128; 1.334)" _template="FrontWheel" RightSide="true">

                          </Wheel>
                          <Wheel Pos="(-2.505; 0.988; 1.334)" _template="RearWheel" ParentFrame="BoneSuspension_cdt">

                          </Wheel>
                          <Wheel ParentFrame="BoneSuspension_cdt" Pos="(-2.505; 0.988; 1.334)" RightSide="true" _template="RearWheel">

                          </Wheel>
                          <Wheel Pos="(-4.472; 0.928; 1.334)" _template="RearWheel" ParentFrame="BoneSuspension_cdt">

                          </Wheel>
                          <Wheel ParentFrame="BoneSuspension_cdt" Pos="(-4.472; 0.928; 1.334)" RightSide="true" _template="RearWheel">

                          </Wheel>
              </Wheels>
              <WinchUpgradeSocket Default="w_heavy_trucks_default" Type="winches_heavy_trucks" IsUpgradable="true">

              </WinchUpgradeSocket>
              <SteeringWheel Frame="BoneSteering">

              </SteeringWheel>
              <Damage SensationMin="(1.68; 2.625; -0.797)" Capacity="600" SensationMax="(3.236; 3.522; 0.673)">
                                <DamageArea Max="(5.55; 3; 0.6)" ParentFrame="BoneFront_cdt" Min="(3.5; 1.5; -0.6)" Type="Engine">

                                </DamageArea>
                                <DamageArea Max="(2.5; 1.15; 0.75)" ParentFrame="BoneFront_cdt" Min="(0.5; 0.75; -0.75)" Type="Suspension">

                                </DamageArea>
              </Damage>
              <EngineSocket Default="us_special_engine_0" Type="e_us_special">

              </EngineSocket>
              <OcclusionMap HalfSizeZ="2.7" ParentFrame="BoneBackRot_cdt" MaxX="6" MinX="-6">

              </OcclusionMap>
              <Camera Center="(-1.5; 0; 0)" RadiusMultiplier="1.1">
                                    <Cockpit WindshieldShadingTexture="trucks/cat_745c_glass__sh_d.tga" WindshieldDiffuseTexture="trucks/cat_745c_glass__d_a.tga" ViewPos="(2.257; 3.592; -0.061)" _template="Default">
                                          <Mirror Pos="(3.031; 3.499; 2.024)" MeshFrame="mirror_left2" FOVScale="2.5" Size="(0.245; 0.41)" ReflectionDir="(-0.836; -0.087; -0.543)" ClipDir="(-0.836; -0.087; -0.543)" ClipOffset="0.1">
                                            <SecondaryView MeshFrame="mirror_left1" Pos="(2.995; 3.899; 2.026)" Size="(0.36; 0.23)" FOVScale="2.2" ClipDir="(-0.836; -0.087; -0.543)" CurveAngle="20">

                                            </SecondaryView>
                                          </Mirror>
                                          <Mirror Pos="(3.037; 3.499; -2.017)" MeshFrame="mirror_right2" FOVScale="3" Size="(0.22; 0.41)" ReflectionDir="(-0.844; -0.069; 0.531)" ClipDir="(-0.844; -0.069; 0.531)" ClipOffset="0.5">
                                            <SecondaryView MeshFrame="mirror_right1" Pos="(3.01; 3.908; -2.03)" Size="(0.349; 0.23)" FOVScale="2.75" ClipDir="(-0.844; -0.069; 0.531)" CurveAngle="20">

                                            </SecondaryView>
                                          </Mirror>
                                          <Mirror ClipDir="(-0.074; -0.352; 0.933)" MeshFrame="mirror_right3" Size="(0.349; 0.255)" ClipOffset="0.1" FOVScale="2.5" Pos="(3.608; 4.05; -1.523)" ReflectionDir="(-0.074; -0.352; 0.933)" CurveAngle="20">

                                          </Mirror>
                                          <Mirror ClipDir="(-0.067; -0.232; -0.97)" MeshFrame="mirror_left4" Size="(0.349; 0.255)" ClipOffset="0.2" FOVScale="2.5" Pos="(3.534; 3.591; 1.61)" ReflectionDir="(-0.067; -0.232; -0.97)" CurveAngle="20">

                                          </Mirror>
                                          <Mirror ClipDir="(0.135; -0.36; -0.923)" MeshFrame="mirror_left3" Size="(0.349; 0.255)" ClipOffset="0.1" FOVScale="2.5" Pos="(3.292; 4.047; 1.488)" ReflectionDir="(0.135; -0.36; -0.923)" CurveAngle="20">

                                          </Mirror>
                                        <Rear _inheritRemove="true">

                                        </Rear>
                                    </Cockpit>
              </Camera>
              <Shafts>
                                        <Shaft SocketPointA="Shaft1a" SocketPointB="Shaft1b">

                                        </Shaft>
                                        <Shaft SocketPointA="Shaft2a" SocketPointB="Shaft2b">

                                        </Shaft>
                                        <Shaft SocketPointA="Shaft3a" SocketPointB="Shaft3b">

                                        </Shaft>
                                        <Shaft SocketPointA="Shaft4a" SocketPointB="Shaft4b">

                                        </Shaft>
              </Shafts>
              <FuelTank DamageCapacity="100">

              </FuelTank>
              <Axles>
                                            <Axle Frame="BoneAxle1">

                                            </Axle>
                                            <Axle Frame="BoneAxle2">

                                            </Axle>
                                            <Axle Frame="BoneAxle3">

                                            </Axle>
              </Axles>
              <SoundsWheels _template="Default">

              </SoundsWheels>
              <SuspensionSocket Default="cat_745c_suspension_default" MaxWheelRadiusWithoutSuspension=".95" Type="s_cat_745c">

              </SuspensionSocket>
              <CompatibleWheels Scale="0.9" Type="wheels_superheavy_cat745_single">

              </CompatibleWheels>
              <Dashboard>
                                                    <Gauge Mesh="trucks/arrows/cat_745c_arrow_03" Org="(3.018; 3.164; 0.008)" OutputAngles="(-40;10)" InputType="engineEnabled" Dir="(-0.99; 0.143; 0)" InputRange="(0;1)" Damping="0.99">

                                                    </Gauge>
                                                    <Gauge Mesh="trucks/arrows/cat_745c_arrow_03" Org="(3.022; 3.19; -0.011)" OutputAngles="(-40;10)" InputType="engineEnabled" Dir="(-0.99; 0.143; 0)" InputRange="(0;1)" Damping="0.9995">

                                                    </Gauge>
                                                    <Gauge Mesh="trucks/arrows/cat_745c_arrow_02" Org="(3.02; 3.175; -0.059)" OutputAngles="(-105;105)" InputType="rpm" Dir="(-0.99; 0.143; 0)" InputRange="(0;1)" Damping="0.9">

                                                    </Gauge>
                                                    <Gauge Mesh="trucks/arrows/cat_745c_arrow_01" Org="(3.023; 3.198; -0.101)" OutputAngles="(140;40)" InputType="fuel" Dir="(-0.99; 0.143; 0)" InputRange="(0;1)" Damping="0.9">

                                                    </Gauge>
                                                    <Gauge Mesh="trucks/arrows/cat_745c_arrow_01" Org="(3.023; 3.199; -0.126)" OutputAngles="(100;40)" InputType="engineEnabled" Dir="(-0.99; 0.143; 0)" InputRange="(0;1)" Damping="0.99">

                                                    </Gauge>
                                                    <Gauge Mesh="trucks/arrows/cat_745c_arrow_03" Org="(3.018; 3.164; -0.128)" OutputAngles="(-40;10)" InputType="engineEnabled" Dir="(-0.99; 0.143; 0)" InputRange="(0;1)" Damping="0.9995">

                                                    </Gauge>
              </Dashboard>
              <Sounds _template="Default" DisableReversePitch="true" Origin="(4.1; 2.3; 0)" MinDist="15.0">
                                                    <EngineHigh Sound="trucks/cat745c/cat745c_high">

                                                    </EngineHigh>
                                                    <AbruptStop Sound="trucks/common/truck_swing_big_rnd_set/truck_swing_big_rnd">

                                                    </AbruptStop>
                                                    <HandbrakeOff Sound="trucks/cat745c/cat745c_handbrake_off">

                                                    </HandbrakeOff>
                                                    <Honk Sound="trucks/cat745c/cat745c_honk">

                                                    </Honk>
                                                    <EngineTrans Sound="trucks/cat745c/cat745c_turbo">

                                                    </EngineTrans>
                                                    <EngineLow_2d IsSound2D="true" Sound="trucks/cat745c/cat745c_low_2d">

                                                    </EngineLow_2d>
                                                    <EngineHeavy_2d IsSound2D="true" Sound="trucks/cat745c/cat745c_heavy_2d">

                                                    </EngineHeavy_2d>
                                                    <EngineHeavy Sound="trucks/cat745c/cat745c_heavy">

                                                    </EngineHeavy>
                                                    <EngineHigh_2d IsSound2D="true" Sound="trucks/cat745c/cat745c_high_2d">

                                                    </EngineHigh_2d>
                                                    <EngineLow Sound="trucks/cat745c/cat745c_low">

                                                    </EngineLow>
                                                    <EngineIdle_2d IsSound2D="true" Sound="trucks/cat745c/cat745c_idle_2d">

                                                    </EngineIdle_2d>
                                                    <EngineStop Sound="trucks/cat745c/cat745c_stop">

                                                    </EngineStop>
                                                    <EngineIdle Sound="trucks/cat745c/cat745c_idle">

                                                    </EngineIdle>
                                                    <EngineStart Sound="trucks/cat745c/cat745c_start">

                                                    </EngineStart>
                                                                                  <Reverse _inheritRemove="true">

                                                                                  </Reverse>
                                                                                  <Reverse Sound="trucks/cat745c/cat745c_back_beeper">

                                                                                  </Reverse>
                                                    <Handbrake Sound="trucks/cat745c/cat745c_handbrake_on">

                                                    </Handbrake>
                                                    <EngineAccel Sound="trucks/cat745c/cat745c_acc">

                                                    </EngineAccel>
                                                    <EngineRev Sound="trucks/cat745c/cat745c_rev">

                                                    </EngineRev>
              </Sounds>
              <Driver Pos="(2.346; 2.905; -0.055)" SteeringWheelPos="(2.729; 3.233; -0.062)">

              </Driver>
              <Exhaust Speed="3.00" IsLight="true" Dir="(-0.855; 0.515; -0.059)" Origin="(1.276; 4.174; -0.475)">

              </Exhaust>
              <SoundsDamage _template="Heavy">

              </SoundsDamage>
                                                          <Steam Origin="(2.7; 1.53; 0)">

                                                          </Steam>
                                                          <Steam Scale="0.5" Origin="(1.317; 1.74; 0)">

                                                          </Steam>
      </TruckData>
      <ModelAttachments>
                <StopSignals>
                    <Light Pos="(-4.98; 1.388; 0)" _template="StopSignal" ParentFrame="BoneBackRot_cdt">

                    </Light>
                        <Flare Pos="(-4.9; 1.494; -0.225)" _template="StopSignal" ParentFrame="BoneBackRot_cdt">

                        </Flare>
                        <Flare Pos="(-4.9; 1.494; 0.225)" _template="StopSignal" ParentFrame="BoneBackRot_cdt">

                        </Flare>
                </StopSignals>
                    <Ignition>
                        <Light Pos="(6.5; 2.3; 1)" _template="IgnitionSignalWhite">

                        </Light>
                        <Light Pos="(6.5; 2.3; -1)" _template="IgnitionSignalWhite">

                        </Light>
                        <Light Pos="(-4.8; 1.025; -0)" _template="IgnitionSignalRed">

                        </Light>
                          <Flare Size="0.15" Pos="(5.204; 2.383; -1.128)" Color="g(235; 165; 10) x 0.8" _template="IgnitionSignalOrange">

                          </Flare>
                          <Flare Size="0.15" Pos="(5.204; 2.383; 1.128)" Color="g(235; 165; 10) x 0.8" _template="IgnitionSignalOrange">

                          </Flare>
                          <Flare Size="0.15" _template="IgnitionSignalWhite" Pos="(5.232; 2.384; -1.029)">

                          </Flare>
                          <Flare Size="0.15" _template="IgnitionSignalWhite" Pos="(5.232; 2.384; 1.029)">

                          </Flare>
                          <Flare Size="0.2" _template="IgnitionSignalWhite" Pos="(5.269; 2.387; -0.904)">

                          </Flare>
                          <Flare Size="0.2" _template="IgnitionSignalWhite" Pos="(5.269; 2.387; 0.904)">

                          </Flare>
                          <Flare Pos="(-4.9; 1.494; -0.225)" _template="IgnitionSignalRedSmall" ParentFrame="BoneBackRot_cdt">

                          </Flare>
                          <Flare Pos="(-4.9; 1.494; 0.225)" _template="IgnitionSignalRedSmall" ParentFrame="BoneBackRot_cdt">

                          </Flare>
                    </Ignition>
                    <Ignition _template="Flasher">
                      <Light Pos="(1.454; 4.09; 0.062)" Dir="(0.971; 0.24; 0)" ParentFrame="BoneRotator">

                      </Light>
                      <Model Dir="(0.971; 0.24; 0)" Org="(1.454; 4.09; 0.062)" ParentFrame="BoneRotator">

                      </Model>
                            <Flare Pos="(1.454; 4.09; 0.062)" Dir="(0.971; 0.24; 0)" ParentFrame="BoneRotator">

                            </Flare>
                            <Flare Pos="(1.454; 4.09; 0.062)" Dir="(0.971; 0.24; 0)" ParentFrame="BoneRotator">

                            </Flare>
                            <Flare Pos="(1.425; 4.083; 0.062)">

                            </Flare>
                    </Ignition>
                <HeadLight>
                          <Model _template="HeadLightRay" Org="(5.269; 2.387; -0.904)">

                          </Model>
                          <Model _template="HeadLightRay" Org="(5.269; 2.387; 0.904)">

                          </Model>
                          <Model Scale="(1; 1; 2.5)" _template="HeadLightRay" Org="(3.02; 4.049; -0.521)">

                          </Model>
                          <Model Scale="(1; 1; 2.5)" _template="HeadLightRay" Org="(3.02; 4.049; 0.521)">

                          </Model>
                            <Flare Size="0.2" Pos="(5.269; 2.387; -0.904)" Color="g(255; 235; 205) x 0.7" _template="HeadLight">

                            </Flare>
                            <Flare Size="0.2" Pos="(5.269; 2.387; 0.904)" Color="g(255; 235; 205) x 0.7" _template="HeadLight">

                            </Flare>
                            <Flare Size=".15" Pos="(3.02; 4.049; -0.521)" Color="g(255; 235; 205) x 0.7" _template="HeadLight">

                            </Flare>
                            <Flare Size=".15" Pos="(3.02; 4.049; 0.521)" Color="g(255; 235; 205) x 0.7" _template="HeadLight">

                            </Flare>
                            <Flare Pos="(5.269; 2.387; -0.904)" _template="BlueStreak">

                            </Flare>
                            <Flare Pos="(5.269; 2.387; 0.904)" _template="BlueStreak">

                            </Flare>
                </HeadLight>
                <ReverseSignals>
                            <Light Pos="(-5; 1.488; 0)" _template="ReverseSignal" ParentFrame="BoneBackRot_cdt">

                            </Light>
                            <Light Pos="(1.457; 3.722; 0.43)" _template="ReverseSignal" Color="g(235; 220; 205) x 1.5">

                            </Light>
                              <Flare ParentFrame="BoneBackRot_cdt" Pos="(-4.92; 1.488; 0.11)" Size="0.3" _template="ReverseSignal">

                              </Flare>
                              <Flare ParentFrame="BoneBackRot_cdt" Pos="(-4.92; 1.488; -0.11)" Size="0.3" _template="ReverseSignal">

                              </Flare>
                              <Flare Pos="(-4.92; 1.488; 0)" ParentFrame="BoneBackRot_cdt" Size="0.4" Dir="(-1; 0; 0)" Color="g(220; 220; 255) x 0.05" _template="BlueStreak">

                              </Flare>
                              <Flare Size="0.2" _template="ReverseSignal" Pos="(1.457; 3.722; 0.43)">

                              </Flare>
                              <Flare Size="0.6" Dir="(-1; 0; 0)" Pos="(1.457; 3.722; 0.43)" _template="IgnitionSignalWhite">

                              </Flare>
                              <Flare Pos="(1.457; 3.722; 0.43)" Size="0.4" Dir="(-1; 0; 0)" Color="g(220; 220; 255) x 0.05" _template="BlueStreak">

                              </Flare>
                </ReverseSignals>
      </ModelAttachments>
      <HeadLight AttenStart="1" Pos="(6.5; 1.927; 0)" OuterCone="130" InnerCone="0" Dir="(1; -0.2; 0)" Color="g(255; 212; 154) x 8.5" AttenEnd="40">

      </HeadLight>
      <GameData Price="100500" Country="US" UnlockByExploration="true" UnlockByRank="1">
                      <CraneSocket Pos="(5.523; 1.54; 0.634)">

                      </CraneSocket>
                      <CraneSocket Pos="(5.523; 1.54; -0.634)">

                      </CraneSocket>
                      <CraneSocket Pos="(-5.01; 1.301; -0.415)" ParentFrame="BoneBackRot_cdt">

                      </CraneSocket>
                      <CraneSocket Pos="(-5.01; 1.301; 0.415)" ParentFrame="BoneBackRot_cdt">

                      </CraneSocket>
                      <CraneSocket Pos="(0.131; 1.597; -0.577)" ParentFrame="BoneBackRot_cdt">

                      </CraneSocket>
                      <CraneSocket Pos="(0.131; 1.597; 0.577)" ParentFrame="BoneBackRot_cdt">

                      </CraneSocket>
                    <UiDesc UiIcon30x30="heavyVehicleImg30" UiName="UI_VEHICLE_CAT_745C_NAME" UiIcon328x458="shopImgCaterpillar745C" UiIconLogo="CatterpillarLogo80" UiDesc="UI_VEHICLE_CAT_745C_DESC" UiIcon40x40="heavyVehicleImg">

                    </UiDesc>
                          <AddonSockets>
                            <Socket ParentFrame="BoneBackRot_cdt" Offset="(0; 0; 0)" Names="Cat745CWires">
                                <ExtraParent Frame="BoneFront_cdt">

                                </ExtraParent>
                            </Socket>
                          </AddonSockets>
                          <AddonSockets>
                            <Socket ParentFrame="BoneBackRot_cdt" Offset="(-4.95; 1.265; 0)" Names="Trailer">

                            </Socket>
                          </AddonSockets>
                          <AddonSockets DefaultAddon="cat_745c_diff_lock_default">
                            <Socket ParentFrame="BoneChassis_cdt" Offset="(0; 0; 0)" Names="Cat745CDiffLock">

                            </Socket>
                          </AddonSockets>
                          <AddonSockets DefaultAddon="cat_745c_wires" RequiredAddonIfNoConflicts="cat_745c_wires">
                              <Socket ParentFrame="BoneBackRot_cdt" Offset="(0; 0; 0)" Names="Cat745CFuelTank">

                              </Socket>
                              <Socket Offset="(0; 0; 0)" ParentFrame="BoneBackRot_cdt" NamesBlock="Cat745CWires" Names="Cat745CLogBunk">

                              </Socket>
                              <Socket Offset="(0; 0; 0)" ParentFrame="BoneBackRot_cdt" NamesBlock="Cat745CWires" Names="Cat745CContainerCarrier">
                                <ExtraParent Frame="BoneFront_cdt">

                                </ExtraParent>
                              </Socket>
                          </AddonSockets>
                          <AddonSockets>
                            <Socket Offset="(3.23; 3.08; 0.43)" ParentFrame="BoneFront_cdt" Names="StuffDashboard" InCockpit="true">

                            </Socket>
                          </AddonSockets>
                          <AddonSockets>
                            <Socket Offset="(0; 0; 0)" ParentFrame="BoneFront_cdt" Names="Cat745cSticker_1x1_01" InCockpit="true">

                            </Socket>
                          </AddonSockets>
                          <AddonSockets>
                            <Socket Offset="(0; 0; 0)" ParentFrame="BoneFront_cdt" Names="Cat745cSticker_1x1_02" InCockpit="true">

                            </Socket>
                          </AddonSockets>
                          <AddonSockets>
                            <Socket Offset="(0; 0; 0)" ParentFrame="BoneFront_cdt" Names="Cat745cSticker_1x2_01" InCockpit="true">

                            </Socket>
                          </AddonSockets>
                          <AddonSockets>
                            <Socket Offset="(0; 0; 0)" ParentFrame="BoneFront_cdt" Names="Cat745cSticker_1x4_01" InCockpit="true">

                            </Socket>
                          </AddonSockets>
                          <AddonSockets>
                            <Socket Offset="(0; 0; 0)" ParentFrame="BoneFront_cdt" Names="Cat745cSticker_GlassTop" InCockpit="true">

                            </Socket>
                          </AddonSockets>
                          <AddonSockets>
                            <Socket Offset="(0; 0; 0)" ParentFrame="BoneFront_cdt" Names="Cat745cSticker_GlassBottom" InCockpit="true">

                            </Socket>
                          </AddonSockets>
                          <AddonSockets>
                            <Socket ParentFrame="BoneFront_cdt" Offset="(0; 0; 0)" Names="cat745CSticker_Door_L">

                            </Socket>
                          </AddonSockets>
                          <AddonSockets>
                            <Socket ParentFrame="BoneFront_cdt" Offset="(0; 0; 0)" Names="cat745CSticker_Door_R">

                            </Socket>
                          </AddonSockets>
                          <AddonSockets>
                            <Socket ParentFrame="BoneFront_cdt" Offset="(0; 0; 0)" Names="cat745CSticker_Roof">

                            </Socket>
                          </AddonSockets>
                          <AddonSockets>
                            <Socket ParentFrame="BoneFront_cdt" Offset="(0; 0; 0)" Names="cat745CSticker_Capote">

                            </Socket>
                          </AddonSockets>
                          <AddonSockets>
                            <Socket Offset="(2.719; 3.863; -0.101)" ParentFrame="BoneFront_cdt" Names="StuffAirfreshener" InCockpit="true">

                            </Socket>
                          </AddonSockets>
                    <CustomizationCameras>
                                <CameraPos Interior="true" Position="(6.686; 6.96; -0.292)" Name="roof_sticker" InterestPosition="(3.628; 2.648; -0.717)" FOV="32.0">

                                </CameraPos>
                                <CameraPos Interior="true" Position="(3.780; 3.699; -0.021)" Name="sticker_1" InterestPosition="(6.729; 3.697; 1.015)" FOV="32.0">

                                </CameraPos>
                                <CameraPos MaxZoom="2" MaxYRotation="360" Position="(-11.556; 4.444; 8.243)" MaxXRotation="360" Name="addon_1" InterestPosition="(-2.629; 1.692; -0)" FOV="32.0">

                                </CameraPos>
                                <CameraPos MaxZoom="2" MaxYRotation="360" Position="(-8.093; 2.337; -6.718)" MaxXRotation="360" Name="addon_2" InterestPosition="(3.194; 1.807; 0)" FOV="32.0">

                                </CameraPos>
                                <CameraPos Interior="true" Position="(3.865; 3.699; -0.056)" Name="mirror_mount" InterestPosition="(6.729; 3.499; 1.37)" FOV="32.0">

                                </CameraPos>
                                <CameraPos MaxZoom="2" MaxYRotation="360" Position="(-0.226; 4.969; -4.508)" MaxXRotation="360" Name="side_r" InterestPosition="(4.764; 1.97; -0)" FOV="32.0">

                                </CameraPos>
                                <CameraPos Interior="true" Position="(4.049; 3.563; -0.005)" Name="sticker" InterestPosition="(6.729; 0.431; 3.412)" FOV="32.0">

                                </CameraPos>
                                <CameraPos Interior="true" Position="(7.957; 4.333; 0.659)" Name="glass_sticker" InterestPosition="(3.877; 3.21; -1.087)" FOV="32.0">

                                </CameraPos>
                                <CameraPos Interior="true" Position="(3.896; 2.266; 4.82)" Name="door_r_sticker" InterestPosition="(7.153; 1.378; 0.659)" FOV="32.0">

                                </CameraPos>
                                <CameraPos MaxZoom="2" MaxYRotation="360" Position="(10.787; 4.806; -3.717)" MaxXRotation="360" Name="roof" InterestPosition="(4.758; 2.358; -0)" FOV="32.0">

                                </CameraPos>
                                <CameraPos Interior="true" Position="(9.175; 5.444; -0.674)" Name="capote_sticker" InterestPosition="(5.096; 0.687; -0.295)" FOV="32.0">

                                </CameraPos>
                                <CameraPos MaxZoom="2" MaxYRotation="360" Position="(13.57; 1.44; -3.425)" MaxXRotation="360" Name="hoods" InterestPosition="(5.997; 1.735; 0)" FOV="32.0">

                                </CameraPos>
                                <CameraPos Interior="true" Position="(4.317; 3.539; -0.148)" Name="sticker_2" InterestPosition="(6.729; 1.949; 0.4)" FOV="32.0">

                                </CameraPos>
                                <CameraPos MaxZoom="2" MaxYRotation="360" Position="(11.866; 5.284; -4.55)" MaxXRotation="360" Name="side_l" InterestPosition="(6.27; 2.278; 0)" FOV="32.0">

                                </CameraPos>
                                <CameraPos Interior="true" Position="(4.317; 3.539; -0.148)" Name="bubble_head" InterestPosition="(6.729; 1.949; 0.4)" FOV="32.0">

                                </CameraPos>
                                <CameraPos MaxZoom="2" MaxYRotation="360" Position="(5.939; 2.217; -6.255)" MaxXRotation="360" Name="wheels" InterestPosition="(3.237; 1.133; -0)" FOV="32.0">

                                </CameraPos>
                                <CameraPos MaxZoom="2" MaxYRotation="360" Position="(13.641; 1.384; -4.536)" MaxXRotation="360" Name="default" InterestPosition="(5.197; 1.735; -0)" FOV="32.0">

                                </CameraPos>
                                <CameraPos MaxZoom="2" MaxYRotation="360" Position="(-5.767; 1.805; 2.899)" MaxXRotation="360" Name="rear" InterestPosition="(0.479; 0.992; -0)" FOV="32.0">

                                </CameraPos>
                                <CameraPos Interior="true" Position="(3.945; 2.286; -4.845)" Name="door_l_sticker" InterestPosition="(5.687; 1.390; -0.027)" FOV="32.0">

                                </CameraPos>
                    </CustomizationCameras>
                              <WinchSocket Pos="(5.523; 1.54; 0.634)">

                              </WinchSocket>
                              <WinchSocket Pos="(5.523; 1.54; -0.634)">

                              </WinchSocket>
                              <WinchSocket Pos="(-5.01; 1.301; -0.415)" ParentFrame="BoneBackRot_cdt">

                              </WinchSocket>
                              <WinchSocket Pos="(-5.01; 1.301; 0.415)" ParentFrame="BoneBackRot_cdt">

                              </WinchSocket>
                              <WinchSocket Pos="(0.131; 1.597; -0.577)" ParentFrame="BoneBackRot_cdt">

                              </WinchSocket>
                              <WinchSocket Pos="(0.131; 1.597; 0.577)" ParentFrame="BoneBackRot_cdt">

                              </WinchSocket>
      </GameData>
      <Landmark MaxScale="3.8" MinScale="1.8" Mesh="landmarks/cat_745c_lmk">

      </Landmark>
      <Rotator EngineTorqueFactor="0" Frame="BoneRotator" RotationSpeed="4">

      </Rotator>
      <AutomaticIK>
                            <IKBone ModelFrame="BoneBackPistonLBase" ParentFrame="BoneFront_cdt">
                              <IKJoint AxisLocal="(0; 1; 0)" Type="Hinge">

                              </IKJoint>
                              <IKBone AttachOffset="(0; 0; 0)" ModelFrame="BoneBackPistonL" AttachToFrame="BoneBack_cdt">
                                    <IKJoint AxisLocal="(1; 0; 0)" Type="Slider">

                                    </IKJoint>
                              </IKBone>
                            </IKBone>
                            <IKBone ModelFrame="BoneBackPistonRBase" ParentFrame="BoneFront_cdt">
                              <IKJoint AxisLocal="(0; 1; 0)" Type="Hinge">

                              </IKJoint>
                              <IKBone AttachOffset="(0; 0; 0)" ModelFrame="BoneBackPistonR" AttachToFrame="BoneBack_cdt">
                                    <IKJoint AxisLocal="(1; 0; 0)" Type="Slider">

                                    </IKJoint>
                              </IKBone>
                            </IKBone>
                            <IKBone ModelFrame="BoneBeam1" ParentFrame="BoneBackRot_cdt">
                              <IKJoint AxisLocal="(0; 0; 1)" Type="Hinge2">

                              </IKJoint>
                              <IKBone AttachOffset="(0; 0; 0)" ModelFrame="BoneBeam2" AttachToFrame="BoneAxle3">
                                    <IKJoint AxisLocal="(1; 0; 0)" Type="Slider">

                                    </IKJoint>
                              </IKBone>
                            </IKBone>
      </AutomaticIK>
  </Truck>
  <_templates Include="trucks">
        <Wheel>
            <FrontWheel Location="front" Torque="default">

            </FrontWheel>
            <RearWheel Torque="full" Location="rear" ConnectedToHandbrake="true">

            </RearWheel>
        </Wheel>
        <Body>
              <SideMirror Mass="5" Collisions="None">
                  <Constraint AxisLocal="(0; 1; 0)" MaxLimit="15" MinLimit="-15" Type="Hinge">
                      <Motor Type="Spring" Spring="350" Damping="3">

                      </Motor>
                  </Constraint>
              </SideMirror>
        </Body>
  </_templates>