  <Truck>
      <PhysicsModel Mesh="trucks/chevrolet_ck1500">
          <NetSync Legacy="false">

          </NetSync>
          <Body ImpactType="Truck" Mass="1000" NetSync="pv" CenterOfMassOffset="(-0.1; 0; 0)">
                  <Body ModelFrame="BoneBack_cdt" ImpactType="Truck" Mass="1000" NetSync="pv" CenterOfMassOffset="(-0.2; -0.2; 0)">
                    <Constraint Type="Fixed">

                    </Constraint>
                  </Body>
                  <Body ModelFrame="BoneMirrorLeft_cdt" _template="SideMirror">
                    <Constraint AxisLocal="(0; 1; 0)">

                    </Constraint>
                  </Body>
                  <Body ModelFrame="BoneMirrorRight_cdt" _template="SideMirror">
                    <Constraint AxisLocal="(0; 1; 0)">

                    </Constraint>
                  </Body>
                  <Body AngularDamping="2.0" Mass="1" Collisions="None" ModelFrame="BoneTrigger_cdt">
                    <Constraint AxisLocal="(1; 0; 0)" MaxLimit="15" MinLimit="-15" Type="Hinge">
                        <Motor Type="Spring" Spring="10" Damping="5">

                        </Motor>
                    </Constraint>
                  </Body>
                  <Body Mass="1" Collisions="None" ModelFrame="BoneBelt_cdt">
                    <Constraint AxisLocal="(1; 0; 0)" MaxLimit="0.01" MinLimit="-0.01" Type="Prismatic">
                        <Motor Type="Spring" Spring="600" Damping="50">

                        </Motor>
                    </Constraint>
                  </Body>
          </Body>
      </PhysicsModel>
      <TruckData BackSteerSpeed="0.06" DiffLockType="Uninstalled" EngineIconScale="1.15" TruckType="SCOUT" FuelCapacity="80" EngineStartDelay="1.7" SteerSpeed="0.03" ExhaustStartTime="1.6" Responsiveness="0.6" TruckImage="chvr1500mchr" EngineIconMesh="env/engine_small">
            <Shakers>
                  <Shaker MaxAngle="(1.5; 1.5; 1.5)" Frame="BoneExhaust1" MaxFrequency="4">

                  </Shaker>
                  <Shaker MaxAngle="(1.5; 1.5; 1.5)" Frame="BoneExhaust2" MaxFrequency="4">

                  </Shaker>
            </Shakers>
            <GearboxSocket Default="g_scout_default" Type="gearboxes_scouts">

            </GearboxSocket>
            <Wheels DefaultRim="rim_1" DefaultWheelType="wheels_scout1" DefaultTire="highway_1">
                      <Wheel Pos="(1.535; 0.367; 0.835)" _template="FrontWheel">

                      </Wheel>
                      <Wheel Pos="(1.535; 0.367; 0.835)" _template="FrontWheel" RightSide="true">

                      </Wheel>
                      <Wheel Pos="(-1.425; 0.367; 0.835)" _template="RearWheel">

                      </Wheel>
                      <Wheel Pos="(-1.425; 0.367; 0.835)" _template="RearWheel" RightSide="true">

                      </Wheel>
            </Wheels>
            <WinchUpgradeSocket Default="w_scout_default" Type="winches_scouts" IsUpgradable="true">

            </WinchUpgradeSocket>
            <SteeringWheel Frame="BoneSteering">

            </SteeringWheel>
            <Damage>
                            <DamageArea Max="(2.3; 1.3; 0.5)" ParentFrame="BoneChassis_cdt" Min="(1.15; 0.55; -0.5)" Type="Engine">

                            </DamageArea>
                            <DamageArea Max="(1; 0.7; 0.85)" ParentFrame="BoneChassis_cdt" Min="(-1; 0.35; -0.85)" Type="FuelTank">

                            </DamageArea>
            </Damage>
            <EngineSocket Default="us_scout_old_engine_0" Type="e_us_scout_old, e_us_scout_old_ck1500">

            </EngineSocket>
            <SoundsDamage _template="Scout">

            </SoundsDamage>
            <Axles>
                                  <Axle Frame="BoneAxleFrontLeft">

                                  </Axle>
                                  <Axle Frame="BoneAxleFrontRight">

                                  </Axle>
                                  <Axle Frame="BoneAxleRear">

                                  </Axle>
            </Axles>
            <Camera Center="(-1; 0; 0)" RadiusMultiplier="0.8">
                                  <Cockpit WindshieldShadingTexture="trucks/chevrolet_ck1500_glass__sh_d.tga" WindshieldDiffuseTexture="trucks/chevrolet_ck1500_glass__d_a.tga" ViewPos="(0.083; 1.63; 0.431)" _template="Default">
                                        <Mirror MeshFrame="mirror_left" Pos="(0.739; 1.426; 1.028)" Size="(0.229; 0.17)" ReflectionDir="(-0.966; 0; -0.259)" FOVScale="1.4" ClipDir="(-0.966; 0; -0.259)">

                                        </Mirror>
                                        <Mirror MeshFrame="mirror_right" Pos="(0.717; 1.426; -1.014)" Size="(0.229; 0.17)" ReflectionDir="(-0.866; 0; 0.5)" FOVScale="1.4" ClipDir="(-0.866; 0; 0.5)">

                                        </Mirror>
                                        <Mirror Pos="(0.585; 1.662; 0.002)" MeshFrame="hp_cab_mirror" FOVScale="1.3" Size="(0.22; 0.08)" ReflectionDir="(-0.94; -0.072; 0.333)" ClipDir="(-0.94; -0.072; 0.333)" ClipOffset="0.1">

                                        </Mirror>
                                      <Rear HorTransitionStart="-1.1" HorTransitionEnd="-1.2" ViewPosOffset="(0.2; -0.1; 0.55)">

                                      </Rear>
                                  </Cockpit>
            </Camera>
            <Shafts>
                                      <Shaft SocketPointB="Shaft1b" SocketPointA="Shaft1a" Mesh="env/minishaft">

                                      </Shaft>
                                      <Shaft SocketPointB="Shaft2b" SocketPointA="Shaft2a" Mesh="env/minishaft">

                                      </Shaft>
            </Shafts>
            <FuelTank DamageCapacity="50">

            </FuelTank>
                                      <CompatibleWheels Scale="0.40" Type="wheels_scout1">

                                      </CompatibleWheels>
                                      <CompatibleWheels Scale="0.40" Type="wheels_scout2">

                                      </CompatibleWheels>
                                      <CompatibleWheels Scale="0.45" Type="wheels_scout1">

                                      </CompatibleWheels>
                                      <CompatibleWheels Scale="0.45" Type="wheels_scout2">

                                      </CompatibleWheels>
                                      <CompatibleWheels Scale="0.48" Type="wheels_scout2">

                                      </CompatibleWheels>
            <SoundsWheels _template="Default">

            </SoundsWheels>
            <SuspensionSocket Default="chevrolet_ck1500_suspension_default" MaxWheelRadiusWithoutSuspension="0.3" Type="s_chevrolet_ck1500">

            </SuspensionSocket>
            <Dashboard>
                                                <Gauge Mesh="trucks/arrows/chevrolet_ck1500_arrow_01" Org="(0.796; 1.289; 0.43)" OutputAngles="(-73;73)" InputType="speed" Dir="(-0.97; 0.242; -0)" InputRange="(0;90)" Damping="0.7">

                                                </Gauge>
                                                <Gauge Org="(0.801; 1.297; 0.318)" OutputAngles="(-35;35)" Dir="(-0.97; 0.242; -0)" Damping="0" Scale=".8" InputRange="(0;1)" InputType="fuel" Mesh="trucks/arrows/chevrolet_ck1500_arrow_01">

                                                </Gauge>
                                                <Gauge Org="(0.782; 1.232; 0.318)" OutputAngles="(-31;1)" Dir="(-0.97; 0.242; -0)" Damping="0" Scale=".8" InputRange="(0;1)" InputType="engineEnabled" Mesh="trucks/arrows/chevrolet_ck1500_arrow_01">

                                                </Gauge>
                                                <Gauge Org="(0.782; 1.232; 0.543)" OutputAngles="(-34;8)" Dir="(-0.97; 0.242; -0)" Damping=".9" Scale=".8" InputRange="(0;1)" InputType="engineEnabled" Mesh="trucks/arrows/chevrolet_ck1500_arrow_01">

                                                </Gauge>
                                                <Gauge Org="(0.801; 1.297; 0.543)" OutputAngles="(-36;-6)" Dir="(-0.97; 0.242; -0)" Damping="0.9993" Scale=".8" InputRange="(0;1)" InputType="engineEnabled" Mesh="trucks/arrows/chevrolet_ck1500_arrow_01">

                                                </Gauge>
            </Dashboard>
            <Steam Origin="(1.544; 0.943; 0)">

            </Steam>
            <Sounds _template="Default" DisableReversePitch="false" Origin="(1.4; 0.9; 0)" MinDist="8.0">
                                                  <BrakePull Sound="">

                                                  </BrakePull>
                                                  <EngineHigh Sound="trucks/chevrolet_ck1500/chevrolet_ck1500_high">

                                                  </EngineHigh>
                                                  <ChassisStress Sound="trucks/common/truck_swing_small_rnd_set/truck_swing_small_rnd">

                                                  </ChassisStress>
                                                  <GearFail Sound="trucks/common/truck_gear_wrong/truck_gear_wrong_small_old">

                                                  </GearFail>
                                                  <EngineRev Sound="">

                                                  </EngineRev>
                                                  <BrakesSqueal Sound="trucks/int_scout_800/int_scout_800_brakes_squeal">

                                                  </BrakesSqueal>
                                                  <EngineStart Sound="trucks/chevrolet_ck1500/chevrolet_ck1500_start">

                                                  </EngineStart>
                                                  <AbruptStop Sound="">

                                                  </AbruptStop>
                                                  <Reverse Sound="">

                                                  </Reverse>
                                                  <EngineHeavy_2d IsSound2D="true" Sound="trucks/chevrolet_ck1500/chevrolet_ck1500_heavy_2d">

                                                  </EngineHeavy_2d>
                                                  <EngineHeavy Sound="trucks/chevrolet_ck1500/chevrolet_ck1500_heavy">

                                                  </EngineHeavy>
                                                  <EngineLow_2d IsSound2D="true" Sound="trucks/chevrolet_ck1500/chevrolet_ck1500_low_2d">

                                                  </EngineLow_2d>
                                                  <EngineHigh_2d IsSound2D="true" Sound="trucks/chevrolet_ck1500/chevrolet_ck1500_high_2d">

                                                  </EngineHigh_2d>
                                                  <EngineLow Sound="trucks/chevrolet_ck1500/chevrolet_ck1500_low">

                                                  </EngineLow>
                                                  <EngineIdle_2d IsSound2D="true" Sound="trucks/chevrolet_ck1500/chevrolet_ck1500_idle_2d">

                                                  </EngineIdle_2d>
                                                  <EngineStop Sound="trucks/chevrolet_ck1500/chevrolet_ck1500_stop">

                                                  </EngineStop>
                                                  <EngineIdle Sound="trucks/chevrolet_ck1500/chevrolet_ck1500_idle">

                                                  </EngineIdle>
                                                  <Handbrake Sound="trucks/common/truck_handbrake_switch_alt1">

                                                  </Handbrake>
                                                  <Honk Sound="trucks/chevrolet_ck1500/chevrolet_ck1500_honk">

                                                  </Honk>
                                                  <BrakeRelease Sound="">

                                                  </BrakeRelease>
                                                  <EngineAccel Sound="trucks/chevrolet_ck1500/chevrolet_ck1500_acc">

                                                  </EngineAccel>
                                                  <Gear Sound="trucks/common/truck_gear_shift_light_rnd_set/truck_gear_shift_light_rnd">

                                                  </Gear>
            </Sounds>
            <Driver Pos="(0.174; 0.941; 0.438)" AnimationSet="Scout" SteeringWheelPos="(0.48; 1.328; 0.435)">

            </Driver>
            <Exhaust Speed="2.0" IsLight="true" Dir="(-0.178; 0; -0.984)" Origin="(-2.134; 0.469; -0.869)">

            </Exhaust>
            <SteeringRack FrameSteerRight="BoneRackRight" Frame="BoneRack" FrameSteerLeft="BoneRackLeft" RackHalfSizeZ="0.763">

            </SteeringRack>
            <OcclusionMap HalfSizeZ="1.6" Texture="trucks/occlusion/chassis_small__s_d_a.tga" MaxX="2.5" MinX="-2.8">

            </OcclusionMap>
      </TruckData>
      <ModelAttachments>
              <StopSignals>
                  <Light Pos="(-2.479; 1.044; 0)" _template="StopSignal">

                  </Light>
                      <Flare Size="0.3" _template="StopSignal" Pos="(-2.452; 1.044; -0.756)">

                      </Flare>
                      <Flare Size="0.3" _template="StopSignal" Pos="(-2.452; 1.044; 0.756)">

                      </Flare>
              </StopSignals>
              <Ignition>
                      <Light Pos="(2.185; 0.868; 0.6)" _template="IgnitionSignalWhite">

                      </Light>
                      <Light Pos="(2.185; 0.868; -0.6)" _template="IgnitionSignalWhite">

                      </Light>
                      <Light Pos="(-2.467; 0.868; 0)" _template="IgnitionSignalRed">

                      </Light>
                        <Flare Size="0.2" Pos="(2.19; 0.868; -0.58)" Color="g(210; 163; 50) x 0.3" _template="IgnitionSignalWhiteWarm">

                        </Flare>
                        <Flare Size="0.2" Pos="(2.19; 0.868; 0.58)" Color="g(210; 163; 50) x 0.3" _template="IgnitionSignalWhiteWarm">

                        </Flare>
                        <Flare Size="0.2" Pos="(2.135; 0.868; -0.733)" Color="g(210; 163; 50) x 0.3" _template="IgnitionSignalWhiteWarm">

                        </Flare>
                        <Flare Size="0.2" Pos="(2.135; 0.868; 0.733)" Color="g(210; 163; 50) x 0.3" _template="IgnitionSignalWhiteWarm">

                        </Flare>
                        <Flare Size="0.2" Pos="(2.146; 0.87; 0.858)" Color="g(235; 165; 10) x 0.2" _template="IgnitionSignalOrange">

                        </Flare>
                        <Flare Size="0.2" Pos="(2.146; 0.87; -0.858)" Color="g(235; 165; 10) x 0.2" _template="IgnitionSignalOrange">

                        </Flare>
                        <Flare Pos="(2.166; 1.038; -0.73)" _template="IgnitionSignalWhite">

                        </Flare>
                        <Flare Pos="(2.166; 1.038; 0.73)" _template="IgnitionSignalWhite">

                        </Flare>
                        <Flare Size="0.3" Dir="(-1; 0; 0)" Pos="(-2.467; 1.044; -0.771)" _template="IgnitionSignalRed">

                        </Flare>
                        <Flare Size="0.3" Dir="(-1; 0; 0)" Pos="(-2.467; 1.044; 0.771)" _template="IgnitionSignalRed">

                        </Flare>
              </Ignition>
              <HeadLight>
                        <Model _template="HeadLightRay" Org="(2.25; 1.038; -0.585)">

                        </Model>
                        <Model _template="HeadLightRay" Org="(2.25; 1.038; 0.585)">

                        </Model>
                          <Flare Pos="(2.25; 1.038; -0.585)" _template="HeadLight">

                          </Flare>
                          <Flare Pos="(2.25; 1.038; 0.585)" _template="HeadLight">

                          </Flare>
                          <Flare Size="0.7" Pos="(2.25; 1.038; -0.73)" Color="g(220; 220; 255) x 0.07" _template="BlueStreak">

                          </Flare>
                          <Flare Size="0.7" Pos="(2.25; 1.038; 0.73)" Color="g(220; 220; 255) x 0.07" _template="BlueStreak">

                          </Flare>
              </HeadLight>
              <ReverseSignals>
                        <Light OuterCone="160" Pos="(-2.686; 0.925; 0)" Color="(80; 80; 80)" _template="ReverseSignal">

                        </Light>
                            <Flare Size="0.4" Pos="(-2.46; 0.925; -0.762)" DirAngle="135" _template="ReverseSignal">

                            </Flare>
                            <Flare Size="0.4" Pos="(-2.46; 0.925; 0.762)" DirAngle="135" _template="ReverseSignal">

                            </Flare>
                            <Flare Pos="(-2.46; 0.925; -0.762)" Size="0.4" Dir="(-1; 0; 0)" Color="g(220; 220; 255) x 0.05" _template="BlueStreak">

                            </Flare>
                            <Flare Pos="(-2.46; 0.925; 0.762)" Size="0.4" Dir="(-1; 0; 0)" Color="g(220; 220; 255) x 0.05" _template="BlueStreak">

                            </Flare>
              </ReverseSignals>
      </ModelAttachments>
              <BreakableLight Min="(1; 0; -1)" Pos="(2.185; 0.868; 0.6)" BreakThreshold=".1" Max="(3; 1; 0)">

              </BreakableLight>
              <BreakableLight Min="(1; 0; -1)" Pos="(2.185; 0.868; -0.6)" BreakThreshold=".1" Max="(3; 1; 0)">

              </BreakableLight>
              <BreakableLight Min="(1; 0; -1)" Pos="(-2.46; 0.925; -0.762)" BreakThreshold=".1" Max="(3; 1; 0)">

              </BreakableLight>
              <BreakableLight Min="(1; 0; -1)" Pos="(-2.46; 0.925; 0.762)" BreakThreshold=".1" Max="(3; 1; 0)">

              </BreakableLight>
      <HeadLight Pos="(2.166; 1.038; 0)" _template="Default">

      </HeadLight>
      <GameData Price="3000" ExcludeAddons="stuff_hula_girl, stuff_masha" UnlockByExploration="false" UnlockByRank="1" Country="US">
                      <CraneSocket Pos="(2.267; 0.597; -0.438)">

                      </CraneSocket>
                      <CraneSocket Pos="(2.267; 0.597; 0.438)">

                      </CraneSocket>
                      <CraneSocket Pos="(0.2; 1.9; 0)">

                      </CraneSocket>
                      <CraneSocket Pos="(-2.585; 0.733; 0)">

                      </CraneSocket>
                      <CraneSocket Pos="(-0.373; 0.62; -0.992)">

                      </CraneSocket>
                      <CraneSocket Pos="(-0.373; 0.62; 0.992)">

                      </CraneSocket>
                    <UiDesc UiIcon30x30="scoutVehicleImg30" UiName="UI_VEHICLE_CHEVROLET_CK1500_NAME" UiIcon328x458="shopImgChevroletCK1500" UiIconLogo="ChevroletLogo80" UiDesc="UI_VEHICLE_CHEVROLET_CK1500_DESC" UiIcon40x40="scoutVehicleImg">

                    </UiDesc>
                          <AddonSockets>
                            <Socket Offset="(0; 0; 0)" Names="ChevroletCk1500TrunkStuff">

                            </Socket>
                          </AddonSockets>
                          <AddonSockets DefaultAddon="chevrolet_ck1500_bumper_rear_default" ParentFrame="BoneBack_cdt">
                              <Socket Offset="(0; 0; 0)" Names="chevrolet_ck1500rearBumper">

                              </Socket>
                              <Socket Offset="(0; 0; 0)" Names="chevrolet_ck1500rearBumper1">

                              </Socket>
                              <Socket Offset="(0; 0; 0)" Names="chevrolet_ck1500rearBumper2">

                              </Socket>
                          </AddonSockets>
                          <AddonSockets DefaultAddon="chevrolet_ck1500_bumper_front_default">
                            <Socket Offset="(0; 0; 0)" Names="chevrolet_ck1500frontBumper">

                            </Socket>
                          </AddonSockets>
                          <AddonSockets DefaultAddon="chevrolet_ck1500_diff_lock_default">
                            <Socket ParentFrame="BoneBack_cdt" Offset="(0; 0; 0)" Names="ChevroletCK1500DiffLock">

                            </Socket>
                          </AddonSockets>
                          <AddonSockets>
                            <Socket Offset="(-2.59; 0.75; 0)" Names="ScautTrailer">
                                  <AddonsShift Offset="(-0.069; 0; 0)" Types="chevrolet_ck1500rearBumper1">

                                  </AddonsShift>
                                  <AddonsShift Offset="(-0.205; 0; 0)" Types="chevrolet_ck1500rearBumper2">

                                  </AddonsShift>
                            </Socket>
                          </AddonSockets>
                          <AddonSockets>
                            <Socket Offset="(0; 0; 0)" ParentFrame="BoneBack_cdt" NamesBlock="chevrolet_ck1500SpotLight, chevrolet_ck1500Beacon" Names="ChevroletCK1500RooftopTrunk">

                            </Socket>
                          </AddonSockets>
                          <AddonSockets>
                            <Socket Offset="(0; 0; 0)" Names="chevrolet_ck1500Horn">

                            </Socket>
                          </AddonSockets>
                          <AddonSockets>
                            <Socket Offset="(0; 0; 0)" Names="chevrolet_ck1500Gabarite">

                            </Socket>
                          </AddonSockets>
                          <AddonSockets>
                            <Socket Offset="(0; 0; 0)" NamesBlock="chevrolet_ck1500Gabarite" Names="chevrolet_ck1500Beacon">

                            </Socket>
                          </AddonSockets>
                          <AddonSockets>
                            <Socket Offset="(0; 0; 0)" NamesBlock="chevrolet_ck1500Beacon" Names="chevrolet_ck1500SpotLight">

                            </Socket>
                          </AddonSockets>
                          <AddonSockets>
                            <Socket Offset="(0; 0; 0)" Names="chevrolet_ck1500Visor">

                            </Socket>
                          </AddonSockets>
                          <AddonSockets>
                            <Socket Offset="(0; 0; 0)" Names="chevrolet_ck1500Threshold">

                            </Socket>
                          </AddonSockets>
                          <AddonSockets>
                            <Socket Offset="(0; 0; 0)" Names="chevrolet_ck1500Snorkel">

                            </Socket>
                          </AddonSockets>
                          <AddonSockets>
                            <Socket Names="ChevroletCk1500Sticker_1x1_01" Offset="(0; 0; 0)" InCockpit="true">

                            </Socket>
                          </AddonSockets>
                          <AddonSockets>
                            <Socket Names="ChevroletCk1500Sticker_1x1_02" Offset="(0; 0; 0)" InCockpit="true">

                            </Socket>
                          </AddonSockets>
                          <AddonSockets>
                            <Socket Names="ChevroletCk1500Sticker_1x1_03" Offset="(0; 0; 0)" InCockpit="true">

                            </Socket>
                          </AddonSockets>
                          <AddonSockets>
                            <Socket Names="ChevroletCk1500Sticker_1x1_04" Offset="(0; 0; 0)" InCockpit="true">

                            </Socket>
                          </AddonSockets>
                          <AddonSockets>
                            <Socket Names="ChevroletCk1500Sticker_1x1_05" Offset="(0; 0; 0)" InCockpit="true">

                            </Socket>
                          </AddonSockets>
                          <AddonSockets>
                            <Socket Names="ChevroletCk1500Sticker_1x1_06" Offset="(0; 0; 0)" InCockpit="true">

                            </Socket>
                          </AddonSockets>
                          <AddonSockets>
                            <Socket Names="StuffAirfreshener" Offset="(0.62; 1.691; 0)" InCockpit="true">

                            </Socket>
                          </AddonSockets>
                          <AddonSockets>
                            <Socket Names="StuffDashboard" Offset="(0.941; 1.363; -0.084)" InCockpit="true">

                            </Socket>
                          </AddonSockets>
                          <AddonSockets>
                            <Socket Names="ChevroletCk1500Sticker_Roof">

                            </Socket>
                          </AddonSockets>
                          <AddonSockets>
                            <Socket Names="ChevroletCk1500Sticker_Capote" InCockpit="true">

                            </Socket>
                          </AddonSockets>
                          <AddonSockets>
                            <Socket Names="ChevroletCk1500Sticker_Door_L" InCockpit="true">

                            </Socket>
                          </AddonSockets>
                          <AddonSockets>
                            <Socket Names="ChevroletCk1500Sticker_Door_R">

                            </Socket>
                          </AddonSockets>
                          <AddonSockets>
                            <Socket Names="ChevroletCk1500Sticker_GlassTop" InCockpit="true">

                            </Socket>
                          </AddonSockets>
                          <AddonSockets>
                            <Socket Names="StuffHoodChevroletCk1500">

                            </Socket>
                          </AddonSockets>
                    <CustomizationCameras>
                                <CameraPos Interior="true" Position="(7.521; 4.279; -0.072)" Name="roof_sticker" InterestPosition="(4.817; 0.922; -0.735)" FOV="32.0">

                                </CameraPos>
                                <CameraPos Interior="true" Position="(5.023; 1.438; -0.484)" Name="sticker_1" InterestPosition="(6.603; 3.106; 2.078)" FOV="32.0">

                                </CameraPos>
                                <CameraPos MaxZoom="2" MaxYRotation="360" Position="(10.09; 3.448; -3.7)" MaxXRotation="360" Name="addon_1" InterestPosition="(4.773; 2.016; 0)" FOV="32.0">

                                </CameraPos>
                                <CameraPos MaxZoom="2" MaxYRotation="360" Position="(7.786; 2.148; 3.136)" MaxXRotation="360" Name="addon_2" InterestPosition="(6.278; 1.008; 0)" FOV="32.0">

                                </CameraPos>
                                <CameraPos Interior="true" Position="(4.737; 1.631; -0.715)" Name="mirror_mount" InterestPosition="(7.736; 1.436; 2.408)" FOV="32.0">

                                </CameraPos>
                                <CameraPos MaxZoom="2" MaxYRotation="360" Position="(3.352; 1.747; -7.216)" MaxXRotation="360" Name="side_r" InterestPosition="(5.601; 1.97; 0)" FOV="32.0">

                                </CameraPos>
                                <CameraPos Interior="true" Position="(5.221; 1.595; 0.03)" Name="sticker" InterestPosition="(6.662; 0.61; 1.935)" FOV="32.0">

                                </CameraPos>
                                <CameraPos Interior="true" Position="(8.258; 2.827; 0.559)" Name="glass_sticker" InterestPosition="(6.271; 1.651; -0.782)" FOV="32.0">

                                </CameraPos>
                                <CameraPos Interior="true" Position="(4.074; 1.337; 2.862)" Name="door_r_sticker" InterestPosition="(6.959; 0.5; 0.354)" FOV="32.0">

                                </CameraPos>
                                <CameraPos MaxZoom="2" MaxYRotation="360" Position="(9.925; 3.01; -2.006)" MaxXRotation="360" Name="roof" InterestPosition="(5.023; 1.645; -0)" FOV="32.0">

                                </CameraPos>
                                <CameraPos Interior="true" Position="(9.299; 3.937; -0.485)" Name="capote_sticker" InterestPosition="(6.708; 0.662; -0.826)" FOV="32.0">

                                </CameraPos>
                                <CameraPos MaxZoom="2" MaxYRotation="360" Position="(11.06; 1.496; -3.289)" MaxXRotation="360" Name="hoods" InterestPosition="(5.581; 0.865; 0)" FOV="32.0">

                                </CameraPos>
                                <CameraPos Interior="true" Position="(5.221; 1.595; 0.03)" Name="sticker_2" InterestPosition="(6.662; 0.61; 1.935)" FOV="32.0">

                                </CameraPos>
                                <CameraPos MaxZoom="2" MaxYRotation="360" Position="(-0.932; 2.13; -4.911)" MaxXRotation="360" Name="side_l" InterestPosition="(5.426; 1.664; 0)" FOV="32.0">

                                </CameraPos>
                                <CameraPos Interior="true" Position="(5.1; 1.56; -0.11)" Name="bubble_head" InterestPosition="(7.736; 0.816; 1.568)" FOV="32.0">

                                </CameraPos>
                                <CameraPos MaxZoom="2" MaxYRotation="360" Position="(8.178; 1.462; -3.752)" MaxXRotation="360" Name="wheels" InterestPosition="(5.797; 0.672; -0.938)" FOV="32.0">

                                </CameraPos>
                                <CameraPos MaxZoom="2" MaxYRotation="360" Position="(11.06; 1.496; -3.289)" MaxXRotation="360" Name="default" InterestPosition="(5.581; 0.865; 0)" FOV="32.0">

                                </CameraPos>
                                <CameraPos MaxZoom="2" MaxYRotation="360" Position="(-1.104; 2.037; 3.756)" MaxXRotation="360" Name="rear" InterestPosition="(4.333; 0.92; -0)" FOV="32.0">

                                </CameraPos>
                                <CameraPos Interior="true" Position="(4.184; 1.328; -2.854)" Name="door_l_sticker" InterestPosition="(4.877; 0.661; 0.012)" FOV="32.0">

                                </CameraPos>
                                <CameraPos Interior="true" Position="(8.807; 1.65; -1.244)" Name="hood_ornament" InterestPosition="(7.65; 1.302; -1.244)" FOV="32.0">

                                </CameraPos>
                    </CustomizationCameras>
                              <WinchSocket Pos="(2.267; 0.597; -0.438)">

                              </WinchSocket>
                              <WinchSocket Pos="(2.267; 0.597; 0.438)">

                              </WinchSocket>
                              <WinchSocket Pos="(-2.585; 0.733; 0)">

                              </WinchSocket>
                              <WinchSocket Pos="(-0.373; 0.62; -0.992)">

                              </WinchSocket>
                              <WinchSocket Pos="(-0.373; 0.62; 0.992)">

                              </WinchSocket>
      </GameData>
      <Landmark MaxScale="3.8" MinScale="1.8" Mesh="landmarks/chevrolet_ck1500_lmk">

      </Landmark>
      <Snorkel Origin="(2.365; 0.953; 0)">

      </Snorkel>
      <AutomaticIK>
                          <IKBone ModelFrame="BoneRackSlider" ParentFrame="BoneRackRight">
                              <IKJoint AxisLocal="(0; 1; 0)" Type="Hinge">

                              </IKJoint>
                              <IKBone AttachOffset="(0; 0; 0)" ModelFrame="BoneRackHinge" AttachToFrame="BoneRackLeft">
                                    <IKJoint AxisLocal="(0; 0; 1)" Type="Slider">

                                    </IKJoint>
                              </IKBone>
                          </IKBone>
      </AutomaticIK>
  </Truck>
  <_templates Include="trucks">
        <Wheel>
            <FrontWheel SteeringJointOffset="0.2" SteeringCastor="5" Torque="full" Location="front" SteeringAngle="36">

            </FrontWheel>
            <RearWheel Location="rear" ParentFrame="BoneBack_cdt" Torque="default" ConnectedToHandbrake="true">

            </RearWheel>
        </Wheel>
  </_templates>