  <Truck>
      <ControlledConstraints>
          <Constraint Name="TieRodSteer" IsLinkedSteering="true" Id="chassis_steer">

          </Constraint>
      </ControlledConstraints>
      <PhysicsModel Mesh="trucks/freightliner_m916a1">
            <NetSync Legacy="false">

            </NetSync>
            <Body ModelFrame="BoneChassis_cdt" ImpactType="Truck" Mass="6000" NetSync="pv" CenterOfMassOffset="(-0.3; 0; 0)">
                    <Body Mass="2" Collisions="None" ModelFrame="BoneRope_cdt">
                      <Constraint LinearLimitsX="(-.05;0)" LinearLimitsZ="(-0.06;0.06)" LinearLimitsY="(-.03; .03)" Type="Fixed">
                          <Motor Type="Spring" Spring="1000" Damping="40">

                          </Motor>
                      </Constraint>
                    </Body>
                    <Body Mass="10" Collisions="None" ModelFrame="BoneStick_cdt">
                      <Constraint Cone="40" PlaneMin="-100" Type="Ragdoll" TwistAxisLocal="(0; 1; 0)" PlaneMax="0" PlaneAxisLocal="(1; 0; 0)">
                          <AllMotor Type="Spring" Spring="400" Damping="500">

                          </AllMotor>
                      </Constraint>
                          <Body Mass="2" Collisions="None" ModelFrame="BoneWire2_cdt">
                            <Constraint Cone="100" PlaneMin="0" Type="Ragdoll" TwistAxisLocal="(0; 1; 0)" PlaneMax="100" PlaneAxisLocal="(1; 0; 0)">
                                <AllMotor Type="Spring" Spring="20" Damping="10">

                                </AllMotor>
                            </Constraint>
                            <Body Mass="2" Collisions="None" ModelFrame="BoneWire2_1_cdt">
                                  <Constraint LinearLimitsY="(-.2; .2)" Type="Fixed">
                                      <Motor Type="Spring" Spring="300" Damping="40">

                                      </Motor>
                                  </Constraint>
                            </Body>
                          </Body>
                          <Body Mass="2" Collisions="None" ModelFrame="BoneWire1_cdt">
                            <Constraint Cone="100" PlaneMin="0" Type="Ragdoll" TwistAxisLocal="(0; 1; 0)" PlaneMax="100" PlaneAxisLocal="(1; 0; 0)">
                                <AllMotor Type="Spring" Spring="20" Damping="10">

                                </AllMotor>
                            </Constraint>
                            <Body Mass="2" Collisions="None" ModelFrame="BoneWire1_1_cdt">
                                  <Constraint LinearLimitsY="(-.2; .2)" Type="Fixed">
                                      <Motor Type="Spring" Spring="300" Damping="40">

                                      </Motor>
                                  </Constraint>
                            </Body>
                          </Body>
                    </Body>
                    <Body ModelFrame="BoneCabin_cdt" ImpactType="Truck" Mass="3000" NetSync="pv" CenterOfMassOffset="(0.5; -0.2; 0)">
                      <Constraint AxisLocal="(1; 0; 0)" MaxLimit="22" MinLimit="-22" PivotOffset="(0; 0; 0)" Type="Hinge">
                          <Motor Type="Spring" Spring="1200000" Damping=".01">

                          </Motor>
                      </Constraint>
                          <Body ModelFrame="BoneCabinDamper_cdt" ImpactType="Truck" Mass="2000" CenterOfMassOffset="(0.3; -0.4; 0)">
                            <Constraint Cone="2.5" PlaneMin="-.6" Type="Ragdoll" TwistAxisLocal="(0; 1; 0)" PlaneMax=".6" PlaneAxisLocal="(1; 0; 0)">
                                <ConeMotor Type="Spring" Spring="800000" Damping="80000">

                                </ConeMotor>
                                <PlaneMotor Type="Spring" Spring="800000" Damping="420000">

                                </PlaneMotor>
                            </Constraint>
                                <Body Mass="5.2" _template="Mirror" ModelFrame="BoneMirrorLeft_cdt">

                                </Body>
                                <Body Mass="4.8" _template="Mirror" ModelFrame="BoneMirrorRight_cdt">

                                </Body>
                                <Body Mass="5.3" _template="Mirror" ModelFrame="BoneMirrorLeft1_cdt">

                                </Body>
                                <Body Mass="5.5" _template="Mirror" ModelFrame="BoneMirrorRight1_cdt">

                                </Body>
                                <Body Mass="2" Collisions="None" ModelFrame="BoneBelt_cdt">
                                  <Constraint AxisLocal="(1; 0; 0)" MaxLimit="0" MinLimit="-20" Type="Hinge">
                                      <Motor Type="Spring" Spring="0.01" Damping="0.3">

                                      </Motor>
                                  </Constraint>
                                </Body>
                          </Body>
                          <Body ModelFrame="BoneTieRod_cdt" _template="TieRod">
                            <Constraint AxisLocal="(0; 0; -1)" MaxLimit="25" Name="TieRodSteer" MinLimit="-25">

                            </Constraint>
                          </Body>
                    </Body>
            </Body>
      </PhysicsModel>
      <TruckData BackSteerSpeed="0.025" DiffLockType="Always" EngineIconScale="1.3" TruckType="OFFROAD" FuelCapacity="200" EngineStartDelay="0.8" SteerSpeed="0.025" ExhaustStartTime="0.9" Responsiveness="0.3" TruckImage="freightlinerM916A1mchr" EngineIconMesh="env/engine_default">
                <Steam Origin="(1.268; 1.411; 0)">

                </Steam>
                <Steam ParentFrame="BoneCabinDamper_cdt" Scale="0.5" Origin="(3.352; 1.307; 0)">

                </Steam>
              <Intake Size="1" Dir="(1; 0; 0)" Origin="(3.437; 1.593; 0)">

              </Intake>
              <GearboxSocket Default="g_truck_unique_offroad" Type="gearboxes_trucks_unique_offroad, gearboxes_trucks_unique_m916a1_finetune">

              </GearboxSocket>
              <Wheels DefaultRim="rim_1" DefaultWheelType="wheels_medium_double" DefaultTire="highway_1">
                          <Wheel Pos="(2.38; 0.556; 0.932)" _template="FrontWheel">

                          </Wheel>
                          <Wheel Pos="(2.38; 0.556; 0.932)" _template="FrontWheel" RightSide="true">

                          </Wheel>
                          <Wheel Pos="(-1.354; 0.556; 0.849)" _template="RearWheel">

                          </Wheel>
                          <Wheel Pos="(-1.354; 0.556; 0.849)" _template="RearWheel" RightSide="true">

                          </Wheel>
                          <Wheel Pos="(-2.79; 0.556; 0.849)" _template="RearWheel">

                          </Wheel>
                          <Wheel Pos="(-2.79; 0.556; 0.849)" _template="RearWheel" RightSide="true">

                          </Wheel>
              </Wheels>
              <WinchUpgradeSocket Default="w_medium_trucks_default" Type="winches_medium_trucks" IsUpgradable="true">

              </WinchUpgradeSocket>
              <SteeringWheel Frame="BoneSteering">

              </SteeringWheel>
              <Damage SensationMax="(1.781; 2.815; 0.879)" Capacity="600" ParentFrame="BoneCabinDamper_cdt" SensationMin="(0.448; 2.21; -0.879)">
                                <DamageArea Max="(3.5; 2; 0.6)" ParentFrame="BoneCabin_cdt" Min="(1.7; 0.75; -0.6)" Type="Engine">

                                </DamageArea>
                                <DamageArea Max="(1.397; 1.186; 1.15)" ParentFrame="BoneCabin_cdt" Min="(0.307; 0.45; -1.15)" Type="FuelTank">

                                </DamageArea>
              </Damage>
              <LimitedFluid RadiusY="0.338" Center="(0.852; 0.834; -0.641)" RadiusZ="0.353" LengthX="0.923" Type="Cylinder">

              </LimitedFluid>
              <EngineSocket Default="us_truck_modern_engine_0" Type="e_us_truck_modern">

              </EngineSocket>
              <SoundsDamage _template="Heavy">

              </SoundsDamage>
              <Camera Center="(-1.1; 0; 0)" ParentFrame="BoneCabinDamper_cdt">
                                      <Cockpit WindshieldShadingTexture="trucks/freightliner_m916a1_glass__sh_d.tga" WindshieldDiffuseTexture="trucks/freightliner_m916a1_glass__d_a.tga" ViewPos="(0.933; 2.64; 0.475)" _template="Default">
                                            <Mirror MeshFrame="mirror_left" Pos="(1.369; 2.517; 1.247)" Size="(0.135; 0.425)" ReflectionDir="(-0.906; 0; -0.423)" FOVScale="2" ClipDir="(-0.906; 0; -0.423)">
                                              <SecondaryView MeshFrame="mirror_left_convex" Pos="(1.359; 2.366; 1.239)" Size="(0.16; 0.16)" FOVScale="1.25" ClipDir="(-0.906; 0; -0.423)" CurveAngle="70">

                                              </SecondaryView>
                                            </Mirror>
                                            <Mirror MeshFrame="mirror_right" Pos="(1.358; 2.516; -1.23)" Size="(0.135; 0.425)" ReflectionDir="(-1; 0; 0.6)" FOVScale="3.5" ClipDir="(-0.831; -0.024; 0.565)">
                                              <SecondaryView MeshFrame="mirror_right_convex" Pos="(1.358; 2.366; -1.23)" Size="(0.16; 0.16)" FOVScale="3" ClipDir="(-0.831; -0.024; 0.565)" CurveAngle="70">

                                              </SecondaryView>
                                            </Mirror>
                                            <Mirror MeshFrame="mirror_right_front" Pos="(3.14; 2.228; -0.939)" Size="(0.18; 0.18)" ReflectionDir="(-0.998; 0.006; 0.064)" FOVScale="3.5" ClipDir="(-0.993; 0.012; 0.116)">

                                            </Mirror>
                                            <Mirror MeshFrame="mirror_left_front" Size="(0.18; 0.18)" Pos="(3.14; 2.228; 0.939)" FOVScale="1" ClipDir="(-0.993; 0.012; 0.116)">

                                            </Mirror>
                                          <Rear ViewPosOffset="(0.15; -0.1; 0.7)">

                                          </Rear>
                                      </Cockpit>
              </Camera>
              <Shafts>
                                          <Shaft SocketPointA="Shaft1a" SocketPointB="Shaft1b">

                                          </Shaft>
                                          <Shaft SocketPointA="Shaft2a" SocketPointB="Shaft2b">

                                          </Shaft>
                                          <Shaft SocketPointA="Shaft3a" SocketPointB="Shaft3b">

                                          </Shaft>
                                          <Shaft SocketPointA="Shaft4a" SocketPointB="Shaft4b">

                                          </Shaft>
              </Shafts>
              <FuelTank DamageCapacity="50">

              </FuelTank>
              <SoundsWheels _template="Default">

              </SoundsWheels>
              <SuspensionSocket Default="freightliner_m916a1_suspension_default" MaxWheelRadiusWithoutSuspension="0.67" Type="s_freightliner_m916a1">

              </SuspensionSocket>
              <Axles>
                                                  <Axle Frame="BoneAxle1">

                                                  </Axle>
                                                  <Axle Frame="BoneAxle2">

                                                  </Axle>
                                                  <Axle Frame="BoneAxle3">

                                                  </Axle>
              </Axles>
                                                <CompatibleWheels Scale="0.55" Type="wheels_medium_double">

                                                </CompatibleWheels>
                                                <CompatibleWheels Scale="0.60" Type="wheels_medium_double">

                                                </CompatibleWheels>
              <Sounds DisableReversePitch="false" ParentFrame="BoneCabin_cdt" MinDist="12.0" AirHissInterval="12.0" _template="Default" Origin="(2.45; 1.64; 0)">
                                                    <EngineLow_2d IsSound2D="true" Sound="trucks/freightliner_m916a1/freightliner_m916a1_low_2d">

                                                    </EngineLow_2d>
                                                    <AbruptStop Sound="trucks/common/truck_swing_big_rnd_set/truck_swing_big_rnd">

                                                    </AbruptStop>
                                                    <EngineHigh Sound="trucks/freightliner_m916a1/freightliner_m916a1_high">

                                                    </EngineHigh>
                                                    <BrakeRelease Sound="trucks/freightliner_m916a1/freightliner_m916a1_brake_release">

                                                    </BrakeRelease>
                                                    <EngineHigh_2d IsSound2D="true" Sound="trucks/freightliner_m916a1/freightliner_m916a1_high_2d">

                                                    </EngineHigh_2d>
                                                    <EngineLow Sound="trucks/freightliner_m916a1/freightliner_m916a1_low">

                                                    </EngineLow>
                                                    <EngineIdle_2d IsSound2D="true" Sound="trucks/freightliner_m916a1/freightliner_m916a1_idle_2d">

                                                    </EngineIdle_2d>
                                                    <EngineStop Sound="trucks/freightliner_m916a1/freightliner_m916a1_stop">

                                                    </EngineStop>
                                                    <EngineIdle Sound="trucks/freightliner_m916a1/freightliner_m916a1_idle">

                                                    </EngineIdle>
                                                    <EngineRev Sound="trucks/freightliner_m916a1/freightliner_m916a1_rev">

                                                    </EngineRev>
                                                    <BrakesSqueal Sound="trucks/freightliner_m916a1/freightliner_m916a1_brakes_squeal">

                                                    </BrakesSqueal>
                                                    <Honk Sound="trucks/freightliner_m916a1/freightliner_m916a1_honk">

                                                    </Honk>
                                                    <EngineAccel Sound="trucks/freightliner_m916a1/freightliner_m916a1_acc">

                                                    </EngineAccel>
                                                    <EngineStart Sound="trucks/freightliner_m916a1/freightliner_m916a1_start">

                                                    </EngineStart>
              </Sounds>
              <Driver SteeringWheelPos="(1.315; 2.322; 0.468)" Pos="(0.933; 1.994; 0.475)" ParentFrame="BoneCabin_cdt" AnimationSet="Truck">

              </Driver>
              <Dashboard>
                                                          <Gauge Mesh="trucks/arrows/freightliner_m916a1_arrow_01" Org="(1.572; 2.279; 0.683)" OutputAngles="(-49.346;21.444)" InputType="engineEnabled" Dir="(-0.741; 0.672; 0.007)" InputRange="(0;1)" Damping="0">

                                                          </Gauge>
                                                          <Gauge Mesh="trucks/arrows/freightliner_m916a1_arrow_01" Org="(1.575; 2.283; 0.626)" OutputAngles="(-131.739;-10)" InputType="engineEnabled" Dir="(-0.741; 0.672; 0.007)" InputRange="(0;1)" Damping="0">

                                                          </Gauge>
                                                          <Gauge Mesh="trucks/arrows/freightliner_m916a1_arrow_01" Org="(1.524; 2.226; 0.683)" OutputAngles="(-131.428;13)" InputType="engineEnabled" Dir="(-0.741; 0.672; 0.007)" InputRange="(0;1)" Damping="0">

                                                          </Gauge>
                                                          <Gauge Mesh="trucks/arrows/freightliner_m916a1_arrow_01" Org="(1.521; 2.222; 0.625)" OutputAngles="(-51.356;8)" InputType="engineEnabled" Dir="(-0.741; 0.672; 0.007)" InputRange="(0;1)" Damping="0">

                                                          </Gauge>
                                                          <Gauge Mesh="trucks/arrows/freightliner_m916a1_arrow_02" Org="(1.523; 2.228; 0.554)" OutputAngles="(-37.192;-13)" InputType="engineEnabled" Dir="(-0.741; 0.672; 0.007)" InputRange="(0;1)" Damping="0">

                                                          </Gauge>
                                                          <Gauge Mesh="trucks/arrows/freightliner_m916a1_arrow_06" Org="(1.54; 2.246; 0.5)" OutputAngles="(-49.172;-16)" InputType="engineEnabled" Dir="(-0.741; 0.672; 0.007)" InputRange="(0;1)" Damping="0">

                                                          </Gauge>
                                                          <Gauge Mesh="trucks/arrows/freightliner_m916a1_arrow_06" Org="(1.54; 2.246; 0.44)" OutputAngles="(-49.804;-2.5)" InputType="engineEnabled" Dir="(-0.741; 0.672; 0.007)" InputRange="(0;1)" Damping="0">

                                                          </Gauge>
                                                          <Gauge Mesh="trucks/arrows/freightliner_m916a1_arrow_06" Org="(1.526; 2.23; 0.386)" OutputAngles="(-48.668;52.159)" InputType="fuel" Dir="(-0.741; 0.672; 0.007)" InputRange="(0;1)" Damping="0">

                                                          </Gauge>
                                                          <Gauge Mesh="trucks/arrows/freightliner_m916a1_arrow_01" Org="(1.572; 2.282; 0.311)" OutputAngles="(-135.346;14.908)" InputType="engineEnabled" Dir="(-0.741; 0.672; 0.007)" InputRange="(0;1)" Damping="0">

                                                          </Gauge>
                                                          <Gauge Mesh="trucks/arrows/freightliner_m916a1_arrow_01" Org="(1.521; 2.225; 0.311)" OutputAngles="(-132.161;0)" InputType="engineEnabled" Dir="(-0.741; 0.672; 0.007)" InputRange="(0;1)" Damping="0">

                                                          </Gauge>
                                                          <Gauge Mesh="trucks/arrows/freightliner_m916a1_arrow_03" Org="(1.366; 2.339; -0.049)" OutputAngles="(-100;170)" InputType="rpm" Dir="(-0.646; 0.484; 0.591)" InputRange="(0;1)" Damping="0">

                                                          </Gauge>
                                                          <Gauge Mesh="trucks/arrows/freightliner_m916a1_arrow_04" Org="(1.366; 2.339; -0.049)" OutputAngles="(-100;170)" InputType="speed" Dir="(-0.646; 0.484; 0.591)" InputRange="(0;120)" Damping="0">

                                                          </Gauge>
                                                          <Gauge Mesh="trucks/arrows/freightliner_m916a1_arrow_05" Org="(1.366; 2.339; -0.049)" OutputAngles="(206;206)" InputType="none" Dir="(-0.646; 0.484; 0.591)" InputRange="(0;1)" Damping="0">

                                                          </Gauge>
              </Dashboard>
              <SteeringRack FrameSteerRight="BoneRackRight" Frame="BoneRack" FrameSteerLeft="BoneRackLeft" RackHalfSizeZ="0.685">

              </SteeringRack>
              <OcclusionMap MaxX="4.1" HalfSizeZ="1.7" MinX="-4.1">

              </OcclusionMap>
      </TruckData>
      <ModelAttachments>
                <StopSignals>
                      <Light Pos="(-3.566; 0.712; -0.259)" _template="StopSignal">

                      </Light>
                      <Light Pos="(-3.566; 0.712; 0.259)" _template="StopSignal">

                      </Light>
                        <Flare Pos="(-3.466; 0.804; -0.259)" _template="StopSignal">

                        </Flare>
                        <Flare Pos="(-3.466; 0.804; 0.259)" _template="StopSignal">

                        </Flare>
                </StopSignals>
                <Ignition>
                        <Light Pos="(3.803; 1.287; -0.738)" _template="IgnitionSignalWhite" ParentFrame="BoneCabinDamper_cdt">

                        </Light>
                        <Light Pos="(3.803; 1.287; 0.738)" _template="IgnitionSignalWhite" ParentFrame="BoneCabinDamper_cdt">

                        </Light>
                        <Light Pos="(-3.55; 0.804; 0)" _template="IgnitionSignalRed" Color="(102; 0; 0)">

                        </Light>
                          <Flare ParentFrame="BoneCabinDamper_cdt" Pos="(1.247; 3.011; 0)" Size="0.4" _template="MarkerBeacon">

                          </Flare>
                          <Flare ParentFrame="BoneCabinDamper_cdt" Pos="(1.247; 3.011; -0.205)" Size="0.4" _template="MarkerBeacon">

                          </Flare>
                          <Flare ParentFrame="BoneCabinDamper_cdt" Pos="(1.247; 3.011; 0.205)" Size="0.4" _template="MarkerBeacon">

                          </Flare>
                          <Flare ParentFrame="BoneCabinDamper_cdt" Pos="(1.247; 2.994; -0.616)" Size="0.4" _template="MarkerBeacon">

                          </Flare>
                          <Flare ParentFrame="BoneCabinDamper_cdt" Pos="(1.247; 2.994; 0.616)" Size="0.4" _template="MarkerBeacon">

                          </Flare>
                          <Flare ParentFrame="BoneCabinDamper_cdt" Pos="(3.334; 1.28; -0.967)" Size="0.2" _template="IgnitionSignalOrange">

                          </Flare>
                          <Flare ParentFrame="BoneCabinDamper_cdt" Size="0.2" Pos="(3.334; 1.28; 0.967)" _template="IgnitionSignalOrange">

                          </Flare>
                          <Flare ParentFrame="BoneCabinDamper_cdt" Size="0.3" Dir="(0; 0; -1)" Pos="(1.901; 1.333; -1.114)" _template="IgnitionSignalOrange">

                          </Flare>
                          <Flare ParentFrame="BoneCabinDamper_cdt" Size="0.3" Dir="(0; 0; 1)" Pos="(1.901; 1.333; 1.114)" _template="IgnitionSignalOrange">

                          </Flare>
                          <Flare ParentFrame="BoneCabinDamper_cdt" Pos="(3.355; 1.287; -0.833)" Size=".3" _template="IgnitionSignalWhite">

                          </Flare>
                          <Flare ParentFrame="BoneCabinDamper_cdt" Pos="(3.355; 1.287; 0.833)" Size=".3" _template="IgnitionSignalWhite">

                          </Flare>
                          <Flare ParentFrame="BoneCabinDamper_cdt" Pos="(3.374; 1.287; 0.649)" Size=".3" _template="IgnitionSignalWhite">

                          </Flare>
                          <Flare Pos="(3.374; 1.287; -0.649)" _template="IgnitionSignalWhite" ParentFrame="BoneCabinDamper_cdt">

                          </Flare>
                          <Flare Pos="(-3.466; 0.804; -0.259)" _template="IgnitionSignalRed" ParentFrame="BoneChassis_cdt">

                          </Flare>
                          <Flare Pos="(-3.466; 0.804; 0.259)" _template="IgnitionSignalRed" ParentFrame="BoneChassis_cdt">

                          </Flare>
                </Ignition>
                <HeadLight>
                          <Model _template="HeadLightRay" Org="(3.386; 1.287; -0.653)" ParentFrame="BoneCabin_cdt">

                          </Model>
                          <Model _template="HeadLightRay" Org="(3.386; 1.287; 0.653)" ParentFrame="BoneCabin_cdt">

                          </Model>
                            <Flare ParentFrame="BoneCabin_cdt" Size=".3" Pos="(3.386; 1.287; -0.653)" Color="g(255; 235; 200) x 0.8" _template="HeadLight">

                            </Flare>
                            <Flare ParentFrame="BoneCabin_cdt" Size=".3" Pos="(3.386; 1.287; 0.653)" Color="g(255; 235; 200) x 0.8" _template="HeadLight">

                            </Flare>
                            <Flare Pos="(3.386; 1.287; -0.653)" _template="BlueStreak" ParentFrame="BoneCabin_cdt">

                            </Flare>
                            <Flare Pos="(3.386; 1.287; 0.653)" _template="BlueStreak" ParentFrame="BoneCabin_cdt">

                            </Flare>
                </HeadLight>
                <ReverseSignals>
                            <Light Pos="(0.417; 2.876; -0.648)" _template="ReverseSignal" ParentFrame="BoneCabinDamper_cdt">

                            </Light>
                            <Light Pos="(0.417; 2.876; 0.648)" _template="ReverseSignal" ParentFrame="BoneCabinDamper_cdt">

                            </Light>
                            <Light Pos="(-3.471; 0.847; 0)" _template="ReverseSignal" ParentFrame="BoneChassis_cdt">

                            </Light>
                              <Flare ParentFrame="BoneCabinDamper_cdt" Pos="(0.39; 2.876; -0.648)" Size="0.2" _template="ReverseSignal">

                              </Flare>
                              <Flare ParentFrame="BoneCabinDamper_cdt" Pos="(0.39; 2.876; 0.648)" Size="0.2" _template="ReverseSignal">

                              </Flare>
                              <Flare ParentFrame="BoneCabinDamper_cdt" Size="0.6" Dir="(-1; 0; 0)" Pos="(0.385; 2.876; -0.648)" _template="IgnitionSignalWhite">

                              </Flare>
                              <Flare ParentFrame="BoneCabinDamper_cdt" Size="0.6" Dir="(-1; 0; 0)" Pos="(0.385; 2.876; 0.648)" _template="IgnitionSignalWhite">

                              </Flare>
                              <Flare Pos="(0.417; 2.876; -0.648)" ParentFrame="BoneCabinDamper_cdt" Size="0.4" Dir="(-1; 0; 0)" Color="g(220; 220; 255) x 0.05" _template="BlueStreak">

                              </Flare>
                              <Flare Pos="(0.417; 2.876; 0.648)" ParentFrame="BoneCabinDamper_cdt" Size="0.4" Dir="(-1; 0; 0)" Color="g(220; 220; 255) x 0.05" _template="BlueStreak">

                              </Flare>
                              <Flare ParentFrame="BoneChassis_cdt" Pos="(-3.471; 0.847; -0.259)" Size=".3" _template="ReverseSignal">

                              </Flare>
                              <Flare ParentFrame="BoneChassis_cdt" Pos="(-3.471; 0.847; 0.259)" Size=".3" _template="ReverseSignal">

                              </Flare>
                              <Flare Pos="(-3.471; 0.847; -0.259)" ParentFrame="BoneChassis_cdt" Size="0.4" Dir="(-1; 0; 0)" Color="g(220; 220; 255) x 0.05" _template="BlueStreak">

                              </Flare>
                              <Flare Pos="(-3.471; 0.847; 0.259)" ParentFrame="BoneChassis_cdt" Size="0.4" Dir="(-1; 0; 0)" Color="g(220; 220; 255) x 0.05" _template="BlueStreak">

                              </Flare>
                </ReverseSignals>
      </ModelAttachments>
      <HeadLight Pos="(4; 1.287; 0)" _template="Default" ParentFrame="BoneCabin_cdt">

      </HeadLight>
      <GameData Price="74200" Country="US" UnlockByExploration="false" ExcludeAddons="trailer_log_pole" UnlockByRank="17">
                      <CraneSocket Pos="(3.643; 1; -0.943)" ParentFrame="BoneCabin_cdt">

                      </CraneSocket>
                      <CraneSocket Pos="(3.643; 1; 0.943)" ParentFrame="BoneCabin_cdt">

                      </CraneSocket>
                      <CraneSocket Pos="(3.643; 0.8; -0.366)" ParentFrame="BoneCabin_cdt">

                      </CraneSocket>
                      <CraneSocket Pos="(3.643; 0.8; 0.366)" ParentFrame="BoneCabin_cdt">

                      </CraneSocket>
                      <CraneSocket Pos="(-3.585; 0.92; 0)">

                      </CraneSocket>
                      <CraneSocket Pos="(-0.037; 1.138; -0.377)">

                      </CraneSocket>
                      <CraneSocket Pos="(-0.037; 1.138; 0.377)">

                      </CraneSocket>
                    <UiDesc UiIcon30x30="offroadVehicleImg30" UiName="UI_VEHICLE_FREIGHTLINER_M916A1_NAME" UiIcon328x458="shopImgFreightlinerM916" UiIconLogo="FreightlinerLogo80" UiDesc="UI_VEHICLE_FREIGHTLINER_M916A1_DESC" UiIcon40x40="offroadVehicleImg">

                    </UiDesc>
                          <AddonSockets>
                              <Socket Offset="(-1.9; 1.79; 0)" Names="LargeSemitrailer">

                              </Socket>
                              <Socket Offset="(-2.02; 1.576; 0)" Names="Semitrailer">

                              </Socket>
                              <Socket Offset="(-3.64; 0.915; -0)" Names="Trailer">

                              </Socket>
                          </AddonSockets>
                          <AddonSockets>
                              <Socket Offset="(-2.02; 1.276; -0)" Names="SaddleLow">
                                  <ExtraParent Frame="BoneChassis_cdt" Offset="(0; 0; 0.09)">

                                  </ExtraParent>
                                  <ExtraParent Frame="BoneChassis_cdt" Offset="(0; 0; -0.09)">

                                  </ExtraParent>
                              </Socket>
                              <Socket Offset="(-1.9; 1.29; -0)" Names="SaddleHigh">
                                  <ExtraParent Frame="BoneChassis_cdt" Offset="(0; 0; 0.08)">

                                  </ExtraParent>
                                  <ExtraParent Frame="BoneChassis_cdt" Offset="(0; 0; -0.08)">

                                  </ExtraParent>
                              </Socket>
                              <Socket Offset="(-2; 1.27; 0)" Names="MinicraneUS">
                                  <ExtraParent Frame="BoneChassis_cdt" Offset="(0; 0; 0.07)">

                                  </ExtraParent>
                                  <ExtraParent Frame="BoneChassis_cdt" Offset="(0; 0; -0.07)">

                                  </ExtraParent>
                              </Socket>
                          </AddonSockets>
                          <AddonSockets DefaultAddon="freightliner_m916a1_bumper_default">
                            <Socket ParentFrame="BoneCabin_cdt" Offset="(0; 0; 0)" Names="FreightlinerM916A1Bumper">

                            </Socket>
                          </AddonSockets>
                          <AddonSockets DefaultAddon="freightliner_m916a1_horn_1">
                            <Socket ParentFrame="BoneCabinDamper_cdt" Offset="(0; 0; 0)" Names="FreightlinerM916A1Horn">

                            </Socket>
                          </AddonSockets>
                          <AddonSockets>
                            <Socket ParentFrame="BoneCabinDamper_cdt" Offset="(0; 0; 0)" Names="FreightlinerM916A1Beacon">

                            </Socket>
                          </AddonSockets>
                          <AddonSockets>
                            <Socket ParentFrame="BoneCabinDamper_cdt" Offset="(0; 0; 0)" Names="FreightlinerM916A1Visor">

                            </Socket>
                          </AddonSockets>
                          <AddonSockets DefaultAddon="freightliner_m916a1_exhaust_default">
                            <Socket ParentFrame="BoneCabinDamper_cdt" Offset="(0; 0; 0)" Names="FreightlinerM916a1Exhaust">

                            </Socket>
                          </AddonSockets>
                          <AddonSockets DefaultAddon="freightliner_m916a1_fender_default">
                            <Socket Offset="(0; 0; 0)" Names="FreightlinerM916a1Fender">
                                <ExtraParent Frame="BoneCabin_cdt">

                                </ExtraParent>
                            </Socket>
                          </AddonSockets>
                          <AddonSockets>
                            <Socket ParentFrame="BoneCabinDamper_cdt" Offset="(0; 0; 0)" Names="FreightlinerM916A1Snorkel">

                            </Socket>
                          </AddonSockets>
                          <AddonSockets>
                            <Socket Offset="(0; 0; 0)" ParentFrame="BoneCabinDamper_cdt" NamesBlock="FreightlinerM916A1Beacon" Names="FreightlinerM916A1SpotLight">

                            </Socket>
                          </AddonSockets>
                          <AddonSockets>
                            <Socket ParentFrame="BoneCabinDamper_cdt" Names="freightlinerM916A1Sticker_1x1_01" InCockpit="true">

                            </Socket>
                          </AddonSockets>
                          <AddonSockets>
                            <Socket ParentFrame="BoneCabinDamper_cdt" Names="freightlinerM916A1Sticker_1x1_02" InCockpit="true">

                            </Socket>
                          </AddonSockets>
                          <AddonSockets>
                            <Socket ParentFrame="BoneCabinDamper_cdt" Names="freightlinerM916A1Sticker_1x2_01" InCockpit="true">

                            </Socket>
                          </AddonSockets>
                          <AddonSockets>
                            <Socket ParentFrame="BoneCabinDamper_cdt" Names="freightlinerM916A1Sticker_1x2_02" InCockpit="true">

                            </Socket>
                          </AddonSockets>
                          <AddonSockets>
                            <Socket ParentFrame="BoneCabinDamper_cdt" Names="freightlinerM916A1Sticker_1x2_03" InCockpit="true">

                            </Socket>
                          </AddonSockets>
                          <AddonSockets>
                            <Socket ParentFrame="BoneCabinDamper_cdt" Names="freightlinerM916A1Sticker_1x2_04" InCockpit="true">

                            </Socket>
                          </AddonSockets>
                          <AddonSockets>
                            <Socket ParentFrame="BoneCabinDamper_cdt" Names="freightlinerM916A1Sticker_GlassTop" InCockpit="true">

                            </Socket>
                          </AddonSockets>
                          <AddonSockets>
                            <Socket ParentFrame="BoneCabinDamper_cdt" Names="freightlinerM916A1Sticker_GlassBottom" InCockpit="true">

                            </Socket>
                          </AddonSockets>
                          <AddonSockets>
                            <Socket ParentFrame="BoneCabinDamper_cdt" Names="freightlinerM916A1Sticker_Door_L">

                            </Socket>
                          </AddonSockets>
                          <AddonSockets>
                            <Socket ParentFrame="BoneCabinDamper_cdt" Names="freightlinerM916A1Sticker_Door_R">

                            </Socket>
                          </AddonSockets>
                          <AddonSockets>
                            <Socket ParentFrame="BoneCabinDamper_cdt" Names="freightlinerM916A1Sticker_Capote">

                            </Socket>
                          </AddonSockets>
                          <AddonSockets>
                            <Socket Offset="(1.658; 2.276; -0.6)" ParentFrame="BoneCabinDamper_cdt" Names="StuffDashboard" InCockpit="true">

                            </Socket>
                          </AddonSockets>
                          <AddonSockets>
                            <Socket Offset="(1.605; 2.8; 0.113)" ParentFrame="BoneCabinDamper_cdt" Names="StuffAirfreshener" InCockpit="true">

                            </Socket>
                          </AddonSockets>
                          <AddonSockets>
                            <Socket ParentFrame="BoneCabinDamper_cdt" Names="StuffHoodFreightlinerM916A1">

                            </Socket>
                          </AddonSockets>
                    <CustomizationCameras>
                                <CameraPos Interior="true" Position="(4.65; 2.53; -0.267)" Name="sticker_1" InterestPosition="(7.926; 3.957; 1.695)" FOV="32.0">

                                </CameraPos>
                                <CameraPos MaxZoom="2" MaxYRotation="360" Position="(-5.422; 3.19; 4.46)" MaxXRotation="360" Name="addon_1" InterestPosition="(1.631; 1.547; -0)" FOV="32.0">

                                </CameraPos>
                                <CameraPos MaxZoom="2" MaxYRotation="360" Position="(10.328; 3.173; 3.632)" MaxXRotation="360" Name="addon_2" InterestPosition="(4.991; 1.77; 0)" FOV="32.0">

                                </CameraPos>
                                <CameraPos Interior="true" Position="(4.407; 2.886; -0.376)" Name="mirror_mount" InterestPosition="(7.926; 1.685; 1.667)" FOV="32.0">

                                </CameraPos>
                                <CameraPos MaxZoom="2" MaxYRotation="360" Position="(9.085; 3.446; 4.298)" MaxXRotation="360" Name="side_r" InterestPosition="(5.887; 1.57; 0)" FOV="32.0">

                                </CameraPos>
                                <CameraPos Interior="true" Position="(4.804; 2.729; -0.558)" Name="sticker" InterestPosition="(7.078; 0.61; 1.593)" FOV="32.0">

                                </CameraPos>
                                <CameraPos Interior="true" Position="(7.704; 3.274; 1.244)" Name="glass_sticker" InterestPosition="(5.211; 2.397; -1.051)" FOV="32.0">

                                </CameraPos>
                                <CameraPos Interior="true" Position="(3.612; 2.058; 3.194)" Name="door_r_sticker" InterestPosition="(6.562; 1.862; 0.135)" FOV="32.0">

                                </CameraPos>
                                <CameraPos MaxZoom="2" MaxYRotation="360" Position="(-0.306; 3.85; 4.244)" MaxXRotation="360" Name="roof" InterestPosition="(4.783; 2.216; -0)" FOV="32.0">

                                </CameraPos>
                                <CameraPos Interior="true" Position="(9.040; 4.845; -1.330)" Name="capote_sticker" InterestPosition="(5.454; 0.730; -0.251)" FOV="32.0">

                                </CameraPos>
                                <CameraPos MaxZoom="2" MaxYRotation="360" Position="(12.883; 1.65; -4.259)" MaxXRotation="360" Name="hoods" InterestPosition="(5.624; 1.662; 0)" FOV="32.0">

                                </CameraPos>
                                <CameraPos Interior="true" Position="(4.924; 2.53; -0.267)" Name="sticker_2" InterestPosition="(4.125; 1.227; 3.276)" FOV="32.0">

                                </CameraPos>
                                <CameraPos MaxZoom="2" MaxYRotation="360" Position="(10.255; 4.211; -2.821)" MaxXRotation="360" Name="side_l" InterestPosition="(4.450; 2.27; -0)" FOV="32.0">

                                </CameraPos>
                                <CameraPos Interior="true" Position="(4.829; 2.669; 0.161)" Name="bubble_head" InterestPosition="(8.156; 0.737; 3.514)" FOV="32.0">

                                </CameraPos>
                                <CameraPos MaxZoom="2" MaxYRotation="360" Position="(-3.239; 2.543; -4.981)" MaxXRotation="360" Name="wheels" InterestPosition="(4.231; 0.904; -0)" FOV="32.0">

                                </CameraPos>
                                <CameraPos MaxZoom="2" MaxYRotation="360" Position="(12.883; 1.65; -4.259)" MaxXRotation="360" Name="default" InterestPosition="(5.624; 1.662; 0)" FOV="32.0">

                                </CameraPos>
                                <CameraPos MaxZoom="2" MaxYRotation="360" Position="(-5.02; 1.643; 4.200)" MaxXRotation="360" Name="rear" InterestPosition="(2.185; 1.475; 0)" FOV="32.0">

                                </CameraPos>
                                <CameraPos Interior="true" Position="(3.522; 2.228; -3.092)" Name="door_l_sticker" InterestPosition="(5.169; 1.777; 0.700)" FOV="32.0">

                                </CameraPos>
                                <CameraPos Interior="true" Position="(8.557; 2.510; -1.387)" Name="hood_ornament" InterestPosition="(7.506; 2.194; -1.387)" FOV="32.0">

                                </CameraPos>
                    </CustomizationCameras>
                              <WinchSocket Pos="(3.643; 1; -0.943)" ParentFrame="BoneCabin_cdt">

                              </WinchSocket>
                              <WinchSocket Pos="(3.643; 1; 0.943)" ParentFrame="BoneCabin_cdt">

                              </WinchSocket>
                              <WinchSocket Pos="(3.643; 0.8; -0.366)" ParentFrame="BoneCabin_cdt">

                              </WinchSocket>
                              <WinchSocket Pos="(3.643; 0.8; 0.366)" ParentFrame="BoneCabin_cdt">

                              </WinchSocket>
                              <WinchSocket Pos="(-3.585; 0.92; 0)">

                              </WinchSocket>
                              <WinchSocket Pos="(-0.037; 1.138; -0.377)">

                              </WinchSocket>
                              <WinchSocket Pos="(-0.037; 1.138; 0.377)">

                              </WinchSocket>
      </GameData>
      <Landmark MaxScale="3.8" MinScale="1.8" Mesh="landmarks/freightliner_m916a1_lmk">

      </Landmark>
      <AutomaticIK>
                        <IKBone ModelFrame="BoneTieRodHinge2" ParentFrame="BoneTieRod_cdt">
                            <IKJoint AxisLocal="(1; 0; 0)" Type="Hinge2">

                            </IKJoint>
                            <IKBone AttachOffset="(0; 0; 0)" ModelFrame="BoneTieRodPrismatic" AttachToFrame="BoneRackLeft">
                                  <IKJoint AxisLocal="(1; 0; 0)" Type="Slider">

                                  </IKJoint>
                            </IKBone>
                        </IKBone>
      </AutomaticIK>
  </Truck>
  <_templates Include="trucks">
        <Wheel>
            <FrontWheel ParentFrame="BoneCabin_cdt" SteeringCastor="8" Torque="full" Location="front" SteeringAngle="40">

            </FrontWheel>
            <RearWheel Torque="default" Location="rear" ConnectedToHandbrake="true">

            </RearWheel>
        </Wheel>
        <Body>
              <Mirror Collisions="None">
                  <Constraint LinearLimitsX="(-.005;.005)" LinearLimitsZ="(0;0)" LinearLimitsY="(-.005; .02)" Type="Fixed">
                      <Motor Type="Spring" Spring="200" Damping="20">

                      </Motor>
                  </Constraint>
              </Mirror>
        </Body>
  </_templates>