  <Truck>
      <ControlledConstraints>
          <Constraint Name="TieRodSteer" IsLinkedSteering="true" Id="chassis_steer">

          </Constraint>
      </ControlledConstraints>
      <PhysicsModel Mesh="trucks/freightliner_114sd">
            <NetSync Legacy="false">

            </NetSync>
            <Body ModelFrame="BoneChassis_cdt" ImpactType="Truck" Mass="6000" NetSync="pv" CenterOfMassOffset="(0,0,0)">
                  <Body ModelFrame="BoneCabin_cdt" ImpactType="Truck" Mass="2000" NetSync="pv">
                      <Constraint AxisLocal="(1; 0; 0)" MaxLimit="35" MinLimit="-35" Type="Hinge" CenterOfMassOffset="(.8,0,0)">
                          <Motor Type="Spring" Spring="250000" Damping="25000">

                          </Motor>
                      </Constraint>
                          <Body ModelFrame="BoneMirrorLeft_cdt" _template="SideMirror">

                          </Body>
                          <Body ModelFrame="BoneMirrorRight_cdt" _template="SideMirror">

                          </Body>
                          <Body ModelFrame="BoneAntenna_cdt" _template="Antenna">

                          </Body>
                          <Body ModelFrame="BoneSunshieldL_cdt" _template="BoneSunshield">

                          </Body>
                          <Body ModelFrame="BoneSunshieldR_cdt" _template="BoneSunshield">

                          </Body>
                          <Body Mass="2" Collisions="None" ModelFrame="BoneRadioHinge_cdt">
                            <Constraint AxisLocal="(0; 0; 1)" MaxLimit="50" MinLimit="-50" Type="Hinge">
                                <Motor Type="Spring" Spring=".7" Damping="0.06">

                                </Motor>
                            </Constraint>
                            <Body Mass=".2" Collisions="None" ModelFrame="BoneRadioPrismatic_cdt">
                                  <Constraint LinearLimitsX="(-.01;0.01)" LinearLimitsZ="(-.05;0.05)" LinearLimitsY="(-.2;0.1)" Type="Fixed">
                                      <Motor Type="Spring" Spring="120" Damping=".8">

                                      </Motor>
                                  </Constraint>
                            </Body>
                          </Body>
                          <Body Mass="1" Collisions="None" ModelFrame="BoneWire_cdt">
                            <Constraint AxisLocal="(1; 0; 0)" MaxLimit="30" MinLimit="-30" Type="Hinge">
                                <Motor Type="Spring" Spring="1" Damping="0.02">

                                </Motor>
                            </Constraint>
                          </Body>
                          <Body ModelFrame="BoneTieRod_cdt" _template="TieRod">
                            <Constraint AxisLocal="(0; 0; 1)" MaxLimit="25" Name="TieRodSteer" MinLimit="-25">

                            </Constraint>
                          </Body>
                  </Body>
            </Body>
      </PhysicsModel>
      <TruckData BackSteerSpeed="0.02" DiffLockType="Installed" EngineIconScale="1.3" TruckType="OFFROAD" FuelCapacity="300" EngineStartDelay="0.8" SteerSpeed="0.025" ExhaustStartTime="0.9" Responsiveness="0.25" TruckImage="freightliner114SDmchr" EngineIconMesh="env/engine_default">
                <Steam Origin="(1.821; 1.257; 0)">

                </Steam>
                <Steam ParentFrame="BoneCabin_cdt" Scale="0.5" Origin="(3.386; 1.164; 0)">

                </Steam>
              <Intake Size="1" Dir="(1; 0; 0)" Origin="(4.409; 1.469; -0)">

              </Intake>
              <GearboxSocket Default="g_truck_default" Type="gearboxes_trucks">

              </GearboxSocket>
              <Wheels DefaultRim="rim_1" DefaultWheelType="wheels_medium_double" DefaultTire="highway_1">
                          <Wheel Pos="(3.212; 0.551; 1.079)" _template="FrontWheel">

                          </Wheel>
                          <Wheel Pos="(3.212; 0.551; 1.079)" _template="FrontWheel" RightSide="true">

                          </Wheel>
                          <Wheel Pos="(-1.77; 0.551; 0.982)" _template="RearWheel">

                          </Wheel>
                          <Wheel Pos="(-1.77; 0.551; 0.982)" _template="RearWheel" RightSide="true">

                          </Wheel>
                          <Wheel Pos="(-3.192; 0.551; 0.982)" _template="RearWheel">

                          </Wheel>
                          <Wheel Pos="(-3.192; 0.551; 0.982)" _template="RearWheel" RightSide="true">

                          </Wheel>
              </Wheels>
              <WinchUpgradeSocket Default="w_medium_trucks_default" Type="winches_medium_trucks" IsUpgradable="true">

              </WinchUpgradeSocket>
              <SteeringWheel Frame="BoneSteering">

              </SteeringWheel>
              <Damage>
                                <DamageArea Max="(4.409; 1.84; 0.5)" ParentFrame="BoneCabin_cdt" Min="(2.324; 0.453; -0.5)" Type="Engine">

                                </DamageArea>
                                <DamageArea Max="(4.306; 1.185; 1.198)" ParentFrame="BoneCabin_cdt" Min="(0.854; 0.421; -1.198)" Type="FuelTank">

                                </DamageArea>
              </Damage>
                              <LimitedFluid RadiusY="0.298" Center="(1.525; 0.807; 0.826)" RadiusZ="0.314" LengthX="1.182" Type="Cylinder">

                              </LimitedFluid>
                              <LimitedFluid Center="(1.932; 0.763; -0.795)" Type="Box" SizeX="0.858" SizeZ="0.554" SizeY="0.550">

                              </LimitedFluid>
              <EngineSocket Default="us_truck_old_engine_0" Type="e_us_truck_old">

              </EngineSocket>
              <SoundsDamage _template="Heavy">

              </SoundsDamage>
              <Camera Center="(-1.3; 0; 0)" ParentFrame="BoneCabin_cdt">
                                      <Cockpit WindshieldShadingTexture="trucks/freightliner_114sd_glass__sh_d.tga" WindshieldDiffuseTexture="trucks/freightliner_114sd_glass__d_a.tga" ViewPos="(1.94; 2.622; 0.548)" _template="Default">
                                            <Mirror Pos="(2.394; 2.565; 1.325)" MeshFrame="mirror_left" FOVScale="2" Size="(0.21; 0.416)" ReflectionDir="(-0.891; 0; -0.454)" ClipDir="(-0.891; 0; -0.454)" ClipOffset="0.1">

                                            </Mirror>
                                            <Mirror Pos="(2.394; 2.212; 1.325)" MeshFrame="mirror_left_1" FOVScale="2" Size="(0.176; 0.176)" ReflectionDir="(-0.891; 0; -0.454)" ClipDir="(-0.891; 0; -0.454)" ClipOffset="0.1">

                                            </Mirror>
                                            <Mirror Pos="(2.344; 2.565; -1.313)" MeshFrame="mirror_right" FOVScale="2" Size="(0.21; 0.416)" ReflectionDir="(-0.799; 0; 0.602)" ClipDir="(-0.799; 0; 0.602)" ClipOffset="0.1">

                                            </Mirror>
                                            <Mirror Pos="(2.346; 2.212; -1.312)" MeshFrame="mirror_right_1" FOVScale="2" Size="(0.176; 0.176)" ReflectionDir="(-0.799; 0; 0.602)" ClipDir="(-0.799; 0; 0.602)" ClipOffset="0.1">

                                            </Mirror>
                                          <Rear ViewPosOffset="(0; -0.1; 0.7)">

                                          </Rear>
                                      </Cockpit>
              </Camera>
              <Shafts>
                                        <Shaft SocketPointA="ShaftWheel2WheelA" SocketPointB="ShaftWheel2WheelB">

                                        </Shaft>
              </Shafts>
              <FuelTank DamageCapacity="50">

              </FuelTank>
              <SoundsWheels _template="Default">

              </SoundsWheels>
              <SuspensionSocket Default="freightliner_114sd_suspension_default" MaxWheelRadiusWithoutSuspension="0.4" Type="s_freightliner_114sd">

              </SuspensionSocket>
              <Axles>
                                                  <Axle Frame="BoneAxle1">

                                                  </Axle>
                                                  <Axle Frame="BoneAxle2">

                                                  </Axle>
                                                  <Axle Frame="BoneAxle3">

                                                  </Axle>
              </Axles>
                                                <CompatibleWheels Scale="0.55" Type="wheels_medium_double">

                                                </CompatibleWheels>
                                                <CompatibleWheels Scale="0.60" Type="wheels_medium_double">

                                                </CompatibleWheels>
              <Sounds DisableReversePitch="true" ParentFrame="BoneCabin_cdt" MinDist="15.0" AirHissInterval="12.0" _template="Default" Origin="(3.3; 1.55; 0)">
                                                    <EngineHigh Sound="trucks/freightliner_114sd/freightliner_114sd_high">

                                                    </EngineHigh>
                                                    <AbruptStop Sound="trucks/common/truck_swing_big_rnd_set/truck_swing_big_rnd">

                                                    </AbruptStop>
                                                    <EngineRev Sound="trucks/freightliner_114sd/freightliner_114sd_rev">

                                                    </EngineRev>
                                                    <BrakesSqueal Sound="trucks/freightliner_114sd/freightliner_114sd_brakes_squeal">

                                                    </BrakesSqueal>
                                                    <EngineTrans Sound="">

                                                    </EngineTrans>
                                                    <EngineLow_2d IsSound2D="true" Sound="trucks/freightliner_114sd/freightliner_114sd_low_2d">

                                                    </EngineLow_2d>
                                                    <EngineHeavy_2d IsSound2D="true" Sound="">

                                                    </EngineHeavy_2d>
                                                    <EngineHeavy Sound="">

                                                    </EngineHeavy>
                                                    <EngineHigh_2d IsSound2D="true" Sound="trucks/freightliner_114sd/freightliner_114sd_high_2d">

                                                    </EngineHigh_2d>
                                                    <EngineLow Sound="trucks/freightliner_114sd/freightliner_114sd_low">

                                                    </EngineLow>
                                                    <EngineIdle_2d IsSound2D="true" Sound="trucks/freightliner_114sd/freightliner_114sd_idle_2d">

                                                    </EngineIdle_2d>
                                                    <EngineStop Sound="trucks/freightliner_114sd/freightliner_114sd_stop">

                                                    </EngineStop>
                                                    <EngineIdle Sound="trucks/freightliner_114sd/freightliner_114sd_idle">

                                                    </EngineIdle>
                                                    <EngineStart Sound="trucks/freightliner_114sd/freightliner_114sd_start">

                                                    </EngineStart>
                                                    <Reverse Sound="trucks/freightliner_114sd/freightliner_114sd_back_beeper">

                                                    </Reverse>
                                                    <BrakeRelease Sound="trucks/common/truck_brake_release_alt2_rnd_set/truck_brake_release_alt2_rnd">

                                                    </BrakeRelease>
                                                    <EngineAccel Sound="trucks/freightliner_114sd/freightliner_114sd_acc">

                                                    </EngineAccel>
                                                    <Honk Sound="trucks/freightliner_114sd/freightliner_114sd_honk">

                                                    </Honk>
              </Sounds>
              <Driver Pos="(2.061; 1.939; 0.548)" ParentFrame="BoneCabin_cdt" SteeringWheelPos="(2.444; 2.267; 0.545)">

              </Driver>
              <Dashboard>
                                                          <Gauge Mesh="trucks/arrows/freightliner_114sd_arrow_01" Org="(2.759; 2.128; 0.583)" OutputAngles="(-137;44)" InputType="rpm" Dir="(-0.902; 0.431; -0.028)" InputRange="(0;1)" Damping="0.99">

                                                          </Gauge>
                                                          <Gauge Org="(2.761; 2.128; 0.51)" OutputAngles="(-135;135)" Mesh="trucks/arrows/freightliner_114sd_arrow_01" InputRange="(0;160)" Dir="(-0.902; 0.431; -0.028)" InputType="speed">

                                                          </Gauge>
                                                          <Gauge Mesh="trucks/arrows/freightliner_114sd_arrow_02" Org="(2.754; 2.214; 0.726)" OutputAngles="(-136;-75)" InputType="engineEnabled" Dir="(-0.902; 0.431; -0.028)" InputRange="(0;1)" Damping="0.99">

                                                          </Gauge>
                                                          <Gauge Mesh="trucks/arrows/freightliner_114sd_arrow_02" Org="(2.728; 2.161; 0.726)" OutputAngles="(-136;-115)" InputType="engineEnabled" Dir="(-0.902; 0.431; -0.028)" InputRange="(0;1)" Damping="0.99">

                                                          </Gauge>
                                                          <Gauge Mesh="trucks/arrows/freightliner_114sd_arrow_02" Org="(2.763; 2.21; 0.367)" OutputAngles="(-145;-140)" InputType="engineEnabled" Dir="(-0.902; 0.431; -0.028)" InputRange="(0;1)" Damping="0.99">

                                                          </Gauge>
                                                          <Gauge Mesh="trucks/arrows/freightliner_114sd_arrow_02" Org="(2.737; 2.156; 0.368)" OutputAngles="(-135;-130)" InputType="engineEnabled" Dir="(-0.902; 0.431; -0.028)" InputRange="(0;1)" Damping="0.99">

                                                          </Gauge>
                                                          <Gauge Mesh="trucks/arrows/freightliner_114sd_arrow_03" Org="(2.788; 2.195; 0.653)" OutputAngles="(-136;-75)" InputType="engineEnabled" Dir="(-0.902; 0.431; -0.028)" InputRange="(0;1)" Damping="0.99">

                                                          </Gauge>
                                                          <Gauge Mesh="trucks/arrows/freightliner_114sd_arrow_03" Org="(2.768; 2.153; 0.653)" OutputAngles="(-133;-110)" InputType="engineEnabled" Dir="(-0.902; 0.431; -0.028)" InputRange="(0;1)" Damping="0.99">

                                                          </Gauge>
                                                          <Gauge Mesh="trucks/arrows/freightliner_114sd_arrow_03" Org="(2.748; 2.112; 0.653)" OutputAngles="(-133;-125)" InputType="engineEnabled" Dir="(-0.902; 0.431; -0.028)" InputRange="(0;1)" Damping="0.99">

                                                          </Gauge>
                                                          <Gauge Mesh="trucks/arrows/freightliner_114sd_arrow_03" Org="(2.793; 2.192; 0.44)" OutputAngles="(-90;90)" InputType="fuel" Dir="(-0.902; 0.431; -0.028)" InputRange="(0;1)" Damping="0.9">

                                                          </Gauge>
                                                          <Gauge Mesh="trucks/arrows/freightliner_114sd_arrow_03" Org="(2.773; 2.151; 0.44)" OutputAngles="(-133;65)" InputType="engineEnabled" Dir="(-0.902; 0.431; -0.028)" InputRange="(0;1)" Damping="0.99">

                                                          </Gauge>
                                                          <Gauge Mesh="trucks/arrows/freightliner_114sd_arrow_03" Org="(2.753; 2.109; 0.44)" OutputAngles="(-133;75)" InputType="engineEnabled" Dir="(-0.902; 0.431; -0.028)" InputRange="(0;1)" Damping="0.99">

                                                          </Gauge>
              </Dashboard>
              <SteeringRack FrameSteerRight="BoneRackRight" Frame="BoneRack" FrameSteerLeft="BoneRackLeft" RackHalfSizeZ="0.883">

              </SteeringRack>
              <OcclusionMap MaxX="4.794" HalfSizeZ="1.666" MinX="-4.794">

              </OcclusionMap>
      </TruckData>
      <ModelAttachments>
                <StopSignals>
                    <Light Pos="(-4.05; 0.743; 0)" _template="StopSignal">

                    </Light>
                        <Flare Pos="(-4.007; 0.743; 0.404)" _template="StopSignal">

                        </Flare>
                        <Flare Pos="(-4.007; 0.743; -0.404)" _template="StopSignal">

                        </Flare>
                </StopSignals>
                <Ignition>
                        <Light Pos="(5.156; 1.013; 0.9)" _template="IgnitionSignalWhite" ParentFrame="BoneCabin_cdt">

                        </Light>
                        <Light Pos="(5.156; 1.013; -0.9)" _template="IgnitionSignalWhite" ParentFrame="BoneCabin_cdt">

                        </Light>
                        <Light Pos="(-4.35; 0.743; 0)" _template="IgnitionSignalRed">

                        </Light>
                          <Flare ParentFrame="BoneCabin_cdt" Pos="(3.978; 1.361; -1.14)" Size="0.3" _template="Beacon">

                          </Flare>
                          <Flare ParentFrame="BoneCabin_cdt" Pos="(3.978; 1.361; 1.14)" Size="0.3" _template="Beacon">

                          </Flare>
                          <Flare ParentFrame="BoneCabin_cdt" Pos="(2.482; 2.944; -0.682)" Size="0.4" _template="MarkerBeacon">

                          </Flare>
                          <Flare ParentFrame="BoneCabin_cdt" Pos="(2.482; 2.944; 0.682)" Size="0.4" _template="MarkerBeacon">

                          </Flare>
                          <Flare ParentFrame="BoneCabin_cdt" Pos="(2.529; 2.944; -0.28)" Size="0.4" _template="MarkerBeacon">

                          </Flare>
                          <Flare ParentFrame="BoneCabin_cdt" Pos="(2.529; 2.944; 0.28)" Size="0.4" _template="MarkerBeacon">

                          </Flare>
                          <Flare ParentFrame="BoneCabin_cdt" Pos="(2.529; 2.944; 0)" Size="0.4" _template="MarkerBeacon">

                          </Flare>
                          <Flare ParentFrame="BoneCabin_cdt" Pos="(3.261; 1.478; -1.257)" Size="0.5" _template="MarkerBeacon">

                          </Flare>
                          <Flare ParentFrame="BoneCabin_cdt" Pos="(3.261; 1.478; 1.257)" Size="0.5" _template="MarkerBeacon">

                          </Flare>
                          <Flare ParentFrame="BoneCabin_cdt" Pos="(3.988; 1.339; 1.027)" Size=".25" _template="IgnitionSignalWhite">

                          </Flare>
                          <Flare ParentFrame="BoneCabin_cdt" Pos="(3.988; 1.339; -1.027)" Size=".25" _template="IgnitionSignalWhite">

                          </Flare>
                          <Flare Pos="(-4.007; 0.743; 0.404)" _template="IgnitionSignalRed">

                          </Flare>
                          <Flare Pos="(-4.007; 0.743; -0.404)" _template="IgnitionSignalRed">

                          </Flare>
                </Ignition>
                <HeadLight>
                          <Model _template="HeadLightRay" Org="(3.988; 1.339; -1.027)" ParentFrame="BoneCabin_cdt">

                          </Model>
                          <Model _template="HeadLightRay" Org="(3.988; 1.339; 1.027)" ParentFrame="BoneCabin_cdt">

                          </Model>
                            <Flare ParentFrame="BoneCabin_cdt" Size=".4" Pos="(3.988; 1.339; -1.027)" Color="g(255; 235; 200) x 0.6" _template="HeadLight">

                            </Flare>
                            <Flare ParentFrame="BoneCabin_cdt" Size=".4" Pos="(3.988; 1.339; 1.027)" Color="g(255; 235; 200) x 0.6" _template="HeadLight">

                            </Flare>
                            <Flare Pos="(3.988; 1.339; -1.027)" _template="BlueStreak" ParentFrame="BoneCabin_cdt">

                            </Flare>
                            <Flare Pos="(3.988; 1.339; 1.027)" _template="BlueStreak" ParentFrame="BoneCabin_cdt">

                            </Flare>
                </HeadLight>
                <ReverseSignals>
                          <Light Pos="(-4.05; 0.796; 0)" _template="ReverseSignal">

                          </Light>
                              <Flare Size="0.4" _template="ReverseSignal" Pos="(-4.002; 0.796; 0.408)">

                              </Flare>
                              <Flare Size="0.4" _template="ReverseSignal" Pos="(-4.002; 0.796; -0.408)">

                              </Flare>
                              <Flare Pos="(-4.002; 0.796; 0.408)" Size="0.4" Dir="(-1; 0; 0)" Color="g(220; 220; 255) x 0.05" _template="BlueStreak">

                              </Flare>
                              <Flare Pos="(-4.002; 0.796; -0.408)" Size="0.4" Dir="(-1; 0; 0)" Color="g(220; 220; 255) x 0.05" _template="BlueStreak">

                              </Flare>
                </ReverseSignals>
      </ModelAttachments>
      <HeadLight Pos="(4.1; 1.339; 0)" _template="Default" ParentFrame="BoneCabin_cdt">

      </HeadLight>
      <GameData Price="76600" Country="US" UnlockByExploration="false" UnlockByRank="20">
                      <CraneSocket Pos="(4.427; 0.882; 0.544)" ParentFrame="BoneCabin_cdt">

                      </CraneSocket>
                      <CraneSocket Pos="(4.427; 0.882; -0.544)" ParentFrame="BoneCabin_cdt">

                      </CraneSocket>
                      <CraneSocket Pos="(0.719; 1.005; 0.46)">

                      </CraneSocket>
                      <CraneSocket Pos="(0.719; 1.005; -0.46)">

                      </CraneSocket>
                      <CraneSocket Pos="(-4.201; 0.968; 0)">

                      </CraneSocket>
                    <UiDesc UiIcon30x30="offroadVehicleImg30" UiName="UI_VEHICLE_FREIGHTLINER_114SD_NAME" UiIcon328x458="shopImgFreightliner114sd" UiIconLogo="FreightlinerLogo80" UiDesc="UI_VEHICLE_FREIGHTLINER_114SD_DESC" UiIcon40x40="offroadVehicleImg">

                    </UiDesc>
                          <AddonSockets>
                            <Socket ParentFrame="BoneChassis_cdt" Offset="(0; 0; 0)" Names="Freightliner114sdSpareWheel">
                                <ExtraParent Frame="BoneCabin_cdt">

                                </ExtraParent>
                            </Socket>
                          </AddonSockets>
                          <AddonSockets>
                              <Socket Offset="(-2.55; 1.46; 0)" Names="Semitrailer, SemitrailerOiltank">

                              </Socket>
                              <Socket Offset="(-1.55; 1.66; 0)" Names="LargeSemitrailer, LargeSemitrailerOiltank">

                              </Socket>
                              <Socket Offset="(-4.268; 0.968; 0)" NamesBlock="FrameAddonSeismicVibrator" Names="Trailer">

                              </Socket>
                          </AddonSockets>
                          <AddonSockets>
                              <Socket NamesBlock="MinicraneUS, MetalDetector" Offset="(-5.304; 1.124; 0)" Names="BunkLog">

                              </Socket>
                              <Socket Offset="(-1; 1.144; 0)" NamesBlock="MinicraneUS, MetalDetector" Names="FrameAddonLogShort">

                              </Socket>
                              <Socket Offset="(-1.06; 1.144; 0)" NamesBlock="MinicraneUS, MetalDetector" Names="FrameAddonLogMedium">

                              </Socket>
                              <Socket Offset="(-2.55; 1.14; 0)" Names="SaddleLow">
                                  <ExtraParent Frame="BoneChassis_cdt" Offset="(0; 0; -0.01)">

                                  </ExtraParent>
                                  <ExtraParent Frame="BoneChassis_cdt" Offset="(0; 0; 0.01)">

                                  </ExtraParent>
                              </Socket>
                              <Socket Offset="(-1.55; 1.14; 0)" Names="SaddleHigh">
                                  <ExtraParent Frame="BoneChassis_cdt" Offset="(0; 0; -0.01)">

                                  </ExtraParent>
                                  <ExtraParent Frame="BoneChassis_cdt" Offset="(0; 0; 0.01)">

                                  </ExtraParent>
                              </Socket>
                              <Socket Offset="(-1.25; 1.14; 0)" Names="FrameAddon">
                                <AddonsShift Offset="(-0.85; 0; 0)" Types="MinicraneUS">

                                </AddonsShift>
                              </Socket>
                              <Socket Offset="(-0.6; 1.14; 0)" NamesBlock="MinicraneUS, MetalDetector, Trailer" Names="FrameAddonTowPlatform">

                              </Socket>
                              <Socket ParentFrame="BoneChassis_cdt" Offset="(-2; 1.22; 0)" Names="FrameAddonKung">
                                  <ExtraParent Frame="BoneChassis_cdt" Offset="(0; 0; -0.08)">

                                  </ExtraParent>
                                  <ExtraParent Frame="BoneChassis_cdt" Offset="(0; 0; 0.08)">

                                  </ExtraParent>
                              </Socket>
                              <Socket Offset="(-2.05; 1.149; 0)" Names="FrameAddonTank">

                              </Socket>
                              <Socket Offset="(0.578; 1.149; 0)" ParentFrame="BoneChassis_cdt" NamesBlock="Trailer" Names="FrameAddonSeismicVibrator">

                              </Socket>
                              <Socket Offset="(-1.7; 1.25; 0)" NamesBlock="Freightliner114sdSpareWheel" Names="BigCraneUs">
                                  <ExtraParent Frame="BoneChassis_cdt" Offset="(0; -0.1; 0)">

                                  </ExtraParent>
                                  <ExtraParent Frame="BoneChassis_cdt" Offset="(0; -0.1; 0)">

                                  </ExtraParent>
                              </Socket>
                              <Socket NamesBlock="MetalDetector, MinicraneUS, Freightliner114sdSpareWheel" Offset="(0.934; 1.144; 0)" Names="LogLift">

                              </Socket>
                              <Socket Offset="(-2.05; 0.115; 0)" ParentFrame="BoneChassis_cdt" NamesBlock="Trailer, MinicraneUS" Names="FrameAddonMaintainer">

                              </Socket>
                          </AddonSockets>
                          <AddonSockets>
                              <Socket Offset="(-0.632; 0.092; 0)" ParentFrame="BoneChassis_cdt" NamesBlock="SemitrailerOiltank, FrameAddonSeismicVibrator, FrameAddonKung, FrameAddonTank, FrameAddonMaintainer, FrameAddon, BigCraneUs, BigCraneRu, SaddleHigh" Names="MetalDetector">

                              </Socket>
                              <Socket Offset="(0.8; 1.15; 0)" NamesBlock="BigCraneUs, FrameAddonKung, FrameAddonTank, FrameAddonSeismicVibrator" Names="MinicraneUS">
                                  <ExtraParent Frame="BoneChassis_cdt" Offset="(0; 0; -0.03)">

                                  </ExtraParent>
                                  <ExtraParent Frame="BoneChassis_cdt" Offset="(0; 0; 0.03)">

                                  </ExtraParent>
                              </Socket>
                          </AddonSockets>
                          <AddonSockets DefaultAddon="freightliner_114sd_transferbox_default">
                            <Socket ParentFrame="BoneCabin_cdt" Offset="(0; 0; 0)" Names="Freightliner114SdTransferBox">
                                  <ExtraParent Frame="BoneAxle1">

                                  </ExtraParent>
                                  <ExtraParent Frame="BoneRack">

                                  </ExtraParent>
                                  <ExtraParent Frame="BoneChassis_cdt">

                                  </ExtraParent>
                            </Socket>
                          </AddonSockets>
                          <AddonSockets DefaultAddon="freightliner_114sd_horn_default">
                            <Socket _template="Cabin2Chassis" Names="Freightliner114SdHorn">

                            </Socket>
                          </AddonSockets>
                          <AddonSockets DefaultAddon="freightliner_114sd_visor_default">
                            <Socket _template="Cabin2Chassis" Names="Freightliner114SdVisor">

                            </Socket>
                          </AddonSockets>
                          <AddonSockets DefaultAddon="freightliner_114sd_bumper_default">
                            <Socket ParentFrame="BoneCabin_cdt" Offset="(0; 0; 0)" Names="Freightliner114SdBumper">

                            </Socket>
                          </AddonSockets>
                          <AddonSockets>
                              <Socket _template="Cabin2Chassis" Names="Freightliner114SdSpotlight1">

                              </Socket>
                              <Socket _template="Cabin2Chassis" Names="Freightliner114SdSpotlight2">

                              </Socket>
                          </AddonSockets>
                          <AddonSockets>
                            <Socket _template="Cabin2Chassis" Names="Freightliner114SdConditioner">

                            </Socket>
                          </AddonSockets>
                          <AddonSockets>
                              <Socket _template="Cabin2Chassis" NamesBlock="Freightliner114SdSpotlight1" Names="Freightliner114SdBeacon1">

                              </Socket>
                              <Socket _template="Cabin2Chassis" NamesBlock="Freightliner114SdConditioner, Freightliner114SdSpotlight1, Freightliner114SdSpotlight2" Names="Freightliner114SdBeacon2">

                              </Socket>
                          </AddonSockets>
                          <AddonSockets>
                            <Socket _template="Cabin2Chassis" Names="Freightliner114SdSnorkel">

                            </Socket>
                          </AddonSockets>
                          <AddonSockets DefaultAddon="freightliner_114sd_exhaust_default">
                            <Socket _template="Cabin2Chassis" Names="Freightliner114SdExhaust">

                            </Socket>
                          </AddonSockets>
                          <AddonSockets DefaultAddon="freightliner_114sd_diff_lock_default">
                            <Socket ParentFrame="BoneChassis_cdt" Offset="(0; 0; 0)" Names="Freightliner114SDDiffLock">

                            </Socket>
                          </AddonSockets>
                          <AddonSockets>
                            <Socket Names="freightliner114SdSticker_1x1_01" _template="Cabin2Chassis" InCockpit="true">

                            </Socket>
                          </AddonSockets>
                          <AddonSockets>
                            <Socket Names="freightliner114SdSticker_1x1_02" _template="Cabin2Chassis" InCockpit="true">

                            </Socket>
                          </AddonSockets>
                          <AddonSockets>
                            <Socket Names="freightliner114SdSticker_1x1_03" _template="Cabin2Chassis" InCockpit="true">

                            </Socket>
                          </AddonSockets>
                          <AddonSockets>
                            <Socket Names="freightliner114SdSticker_1x2_01" _template="Cabin2Chassis" InCockpit="true">

                            </Socket>
                          </AddonSockets>
                          <AddonSockets>
                            <Socket Names="freightliner114SdSticker_1x2_02" _template="Cabin2Chassis" InCockpit="true">

                            </Socket>
                          </AddonSockets>
                          <AddonSockets>
                            <Socket Names="freightliner114SdSticker_1x4_01" _template="Cabin2Chassis" InCockpit="true">

                            </Socket>
                          </AddonSockets>
                          <AddonSockets>
                            <Socket Names="freightliner114SdSticker_GlassTop" _template="Cabin2Chassis" InCockpit="true">

                            </Socket>
                          </AddonSockets>
                          <AddonSockets>
                            <Socket Names="freightliner114SdSticker_GlassBottom" _template="Cabin2Chassis" InCockpit="true">

                            </Socket>
                          </AddonSockets>
                          <AddonSockets>
                            <Socket _template="Cabin2Chassis" Names="freightliner114SdSticker_Door_L">

                            </Socket>
                          </AddonSockets>
                          <AddonSockets>
                            <Socket _template="Cabin2Chassis" Names="freightliner114SdSticker_Door_R">

                            </Socket>
                          </AddonSockets>
                          <AddonSockets>
                            <Socket _template="Cabin2Chassis" Names="freightliner114SdSticker_Roof">

                            </Socket>
                          </AddonSockets>
                          <AddonSockets>
                            <Socket _template="Cabin2Chassis" Names="freightliner114SdSticker_Capote">

                            </Socket>
                          </AddonSockets>
                          <AddonSockets>
                              <Socket Offset="(2.613; 2.803; 0.179)" Names="StuffAirfreshener" _template="Cabin2Chassis" InCockpit="true">

                              </Socket>
                              <Socket Names="StuffCurtainFreightliner114Sd" _template="Cabin2Chassis" InCockpit="true">

                              </Socket>
                          </AddonSockets>
                          <AddonSockets>
                            <Socket _template="Cabin2Chassis" Names="StuffHoodFreightliner114Sd">

                            </Socket>
                          </AddonSockets>
                          <AddonSockets>
                            <Socket Offset="(2.641; 2.298; -0.089)" UpDir="(0.281; 0.947; -0.155)" Names="StuffDashboard" Dir="(0.492; -0.003; 0.871)" _template="Cabin2Chassis" InCockpit="true">

                            </Socket>
                          </AddonSockets>
                    <CustomizationCameras>
                                <CameraPos Interior="true" Position="(7.136; 5.531; -0.143)" Name="roof_sticker" InterestPosition="(3.659; 0.674; -0.675)" FOV="32.0">

                                </CameraPos>
                                <CameraPos Interior="true" Position="(5.073; 2.677; -0.63)" Name="sticker_1" InterestPosition="(7.542; 0.795; 0.714)" FOV="32.0">

                                </CameraPos>
                                <CameraPos MaxZoom="2" MaxYRotation="360" Position="(-8.85; 3.855; 6.145)" MaxXRotation="360" Name="addon_1" InterestPosition="(-0.12; 1.869; -0)" FOV="32.0">

                                </CameraPos>
                                <CameraPos MaxZoom="2" MaxYRotation="360" Position="(0.209; 2.865; -4.125)" MaxXRotation="360" Name="addon_2" InterestPosition="(3.476; 0.656; 0)" FOV="32.0">

                                </CameraPos>
                                <CameraPos Interior="true" Position="(4.704; 2.53; -0.81)" Name="mirror_mount" InterestPosition="(7.736; 2.817; 2.239)" FOV="32.0">

                                </CameraPos>
                                <CameraPos MaxZoom="2" MaxYRotation="360" Position="(-1.007; 4.298; 3.905)" MaxXRotation="360" Name="side_r" InterestPosition="(5.372; 1.621; 0)" FOV="32.0">

                                </CameraPos>
                                <CameraPos Interior="true" Position="(4.725; 2.4; 0.067)" Name="sticker" InterestPosition="(8.303; 0.991; 2.893)" FOV="32.0">

                                </CameraPos>
                                <CameraPos Interior="true" Position="(8.764; 2.82; 0.836)" Name="glass_sticker" InterestPosition="(5.023; 2.658; -0.916)" FOV="32.0">

                                </CameraPos>
                                <CameraPos Interior="true" Position="(4.069; 2.277; 3.068)" Name="door_r_sticker" InterestPosition="(6.913; 1.068; 0)" FOV="32.0">

                                </CameraPos>
                                <CameraPos MaxZoom="2" MaxYRotation="360" Position="(9.753; 4.835; -3.648)" MaxXRotation="360" Name="roof" InterestPosition="(5.115; 2.649; 0)" FOV="32.0">

                                </CameraPos>
                                <CameraPos Interior="true" Position="(8.686; 4.023; -0.748)" Name="capote_sticker" InterestPosition="(6.168; 1.291; -0.752)" FOV="32.0">

                                </CameraPos>
                                <CameraPos MaxZoom="2" MaxYRotation="360" Position="(12.823; 1.44; -4.73)" MaxXRotation="360" Name="hoods" InterestPosition="(5.085; 1.623; 0)" FOV="32.0">

                                </CameraPos>
                                <CameraPos Interior="true" Position="(5.221; 1.595; 0.03)" Name="sticker_2" InterestPosition="(6.662; 0.61; 1.935)" FOV="32.0">

                                </CameraPos>
                                <CameraPos MaxZoom="2" MaxYRotation="360" Position="(8.807; 3.415; 4.942)" MaxXRotation="360" Name="side_l" InterestPosition="(5.851; 1.91; 0)" FOV="32.0">

                                </CameraPos>
                                <CameraPos Interior="true" Position="(4.493; 2.935; -0.266)" Name="bubble_head" InterestPosition="(6.729; 1.443; 1.343)" FOV="32.0">

                                </CameraPos>
                                <CameraPos MaxZoom="2" MaxYRotation="360" Position="(-4.774; 2.216; -5.854)" MaxXRotation="360" Name="wheels" InterestPosition="(3.95; 1.133; -0)" FOV="32.0">

                                </CameraPos>
                                <CameraPos MaxZoom="2" MaxYRotation="360" Position="(12.823; 1.44; -4.73)" MaxXRotation="360" Name="default" InterestPosition="(5.085; 1.623; 0)" FOV="32.0">

                                </CameraPos>
                                <CameraPos MaxZoom="2" MaxYRotation="360" Position="(-5.767; 1.805; 2.899)" MaxXRotation="360" Name="rear" InterestPosition="(0.479; 0.992; -0)" FOV="32.0">

                                </CameraPos>
                                <CameraPos Interior="true" Position="(4.076; 2.159; -3.081)" Name="door_l_sticker" InterestPosition="(4.856; 1.388; 0)" FOV="32.0">

                                </CameraPos>
                                <CameraPos Interior="true" Position="(8.557; 2.245; -1.231)" Name="hood_ornament" InterestPosition="(7.506; 1.929; -1.231)" FOV="32.0">

                                </CameraPos>
                                <CameraPos Interior="true" Position="(4.704; 2.53; -0.81)" Name="curtain" InterestPosition="(7.736; 2.817; 2.239)" FOV="32.0">

                                </CameraPos>
                    </CustomizationCameras>
                              <WinchSocket Pos="(4.427; 0.882; 0.544)" ParentFrame="BoneCabin_cdt">

                              </WinchSocket>
                              <WinchSocket Pos="(4.427; 0.882; -0.544)" ParentFrame="BoneCabin_cdt">

                              </WinchSocket>
                              <WinchSocket Pos="(0.719; 1.005; 0.46)">

                              </WinchSocket>
                              <WinchSocket Pos="(0.719; 1.005; -0.46)">

                              </WinchSocket>
                              <WinchSocket Pos="(-4.201; 0.968; 0)">

                              </WinchSocket>
      </GameData>
      <Landmark MaxScale="3.8" MinScale="1.8" Mesh="landmarks/freightliner_114sd_01_lmk">

      </Landmark>
      <AutomaticIK>
                        <IKBone ModelFrame="BoneTieRodHinge2" ParentFrame="BoneTieRod_cdt">
                            <IKJoint AxisLocal="(1; 0; 0)" Type="Hinge2">

                            </IKJoint>
                            <IKBone AttachOffset="(0; 0; 0)" ModelFrame="BoneTieRodPrismatic" AttachToFrame="BoneRackLeft">
                                  <IKJoint AxisLocal="(1; 0; 0)" Type="Slider">

                                  </IKJoint>
                            </IKBone>
                        </IKBone>
      </AutomaticIK>
  </Truck>
  <_templates Include="trucks">
        <Socket>
            <Cabin2Chassis Offset="(0; 0; 0)" ParentFrame="BoneCabin_cdt">
                <ExtraParent Frame="BoneChassis_cdt">

                </ExtraParent>
            </Cabin2Chassis>
        </Socket>
        <Wheel>
              <FrontWheel ParentFrame="BoneCabin_cdt" SteeringCastor="8" Torque="connectable" Location="front" SteeringAngle="40">

              </FrontWheel>
              <RearWheel Torque="default" Location="rear" ConnectedToHandbrake="true">

              </RearWheel>
        </Wheel>
        <Body>
                <SideMirror Mass="5" Collisions="None">
                    <Constraint AxisLocal="(0; 1; 0)" MaxLimit="15" MinLimit="-15" Type="Hinge">
                        <Motor Type="Spring" Spring="250" Damping="1">

                        </Motor>
                    </Constraint>
                </SideMirror>
                <Antenna Mass="2" Collisions="None">
                      <Constraint Cone="7" PlaneMin="-7" Type="Ragdoll" TwistAxisLocal="(0; 1; 0)" PlaneMax="7" PlaneAxisLocal="(0; 0; 1)">
                          <AllMotor Type="Spring" Spring="60" Damping=".1">

                          </AllMotor>
                      </Constraint>
                </Antenna>
                <BoneSunshield Mass="1" Collisions="None">
                        <Constraint AxisLocal="(0; 0; 1)" MaxLimit="30" MinLimit="-1" Type="Hinge">
                            <Motor Type="Spring" Spring="15" Damping="0.04">

                            </Motor>
                        </Constraint>
                </BoneSunshield>
        </Body>
  </_templates>