  <Truck>
      <Landmark MaxScale="3.5" MinScale="1.8" Mesh="landmarks/khan_lo4f_lmk">

      </Landmark>
      <HeadLight Pos="(2.307; 0.985; 0)" _template="Default">

      </HeadLight>
      <GameData Price="3400" Country="RU,CAS" UnlockByExploration="false" UnlockByRank="1" Recallable="true">
                <CraneSocket Pos="(-2.17; 0.747; 0)">

                </CraneSocket>
                <CraneSocket Pos="(2.202; 0.661; 0.335)">

                </CraneSocket>
                <CraneSocket Pos="(2.202; 0.661; -0.335)">

                </CraneSocket>
                <CraneSocket Pos="(0; 2.100; 0)">

                </CraneSocket>
                <CraneSocket Pos="(0.064; 0.455; 0.896)">

                </CraneSocket>
                <CraneSocket Pos="(0.064; 0.455; -0.896)">

                </CraneSocket>
              <UiDesc UiIcon30x30="scoutVehicleImg30" UiName="UI_VEHICLE_KHAN_Lo4F_NAME" UiIcon328x458="shopImgKhanlo4f" UiIconLogo="KhanLogo80" UiDesc="UI_VEHICLE_KHAN_Lo4F_DESC" UiIcon40x40="scoutVehicleImg">

              </UiDesc>
                    <AddonSockets DefaultAddon="khan_lo4f_front_bumper">
                      <Socket Names="Khanlo4fFrontBumper">

                      </Socket>
                    </AddonSockets>
                    <AddonSockets DefaultAddon="khan_lo4f_rear_bumper">
                        <Socket Names="Khanlo4fRearBumper">

                        </Socket>
                        <Socket Names="Khanlo4fRearBumper1">

                        </Socket>
                    </AddonSockets>
                    <AddonSockets>
                      <Socket Names="Khanlo4fRoofrack">

                      </Socket>
                    </AddonSockets>
                    <AddonSockets>
                      <Socket Names="Khanlo4fRoofrack2">

                      </Socket>
                    </AddonSockets>
                    <AddonSockets>
                        <Socket NamesBlock="Khanlo4fGabarite" Names="Khanlo4fBeacon">

                        </Socket>
                        <Socket Names="Khanlo4fConditioner">

                        </Socket>
                    </AddonSockets>
                    <AddonSockets>
                        <Socket Names="Khanlo4fGabarite">

                        </Socket>
                        <Socket NamesBlock="Khanlo4fVisor" Names="Khanlo4fGabarite2">

                        </Socket>
                    </AddonSockets>
                    <AddonSockets>
                      <Socket Names="Khanlo4fSnorkel">

                      </Socket>
                    </AddonSockets>
                    <AddonSockets>
                      <Socket Names="Khanlo4fVisor">

                      </Socket>
                    </AddonSockets>
                    <AddonSockets>
                      <Socket Names="Khanlo4fHorn">

                      </Socket>
                    </AddonSockets>
                    <AddonSockets>
                      <Socket Names="Khanlo4fStairs">

                      </Socket>
                    </AddonSockets>
                    <AddonSockets>
                      <Socket Names="Khanlo4fWheelAddon">

                      </Socket>
                    </AddonSockets>
                    <AddonSockets>
                      <Socket Offset="(-2.17; 0.76; 0)" NamesBlock="Khanlo4fWheelAddon" Names="ScautTrailer">
                          <AddonsShift Offset="(-0.109; 0; 0)" Types="Khanlo4fRearBumper1">

                          </AddonsShift>
                      </Socket>
                    </AddonSockets>
                    <AddonSockets DefaultAddon="zikz_5368_diff_lock_default">
                      <Socket ParentFrame="BoneChassis_cdt" Offset="(0; 0; 0)" Names="ZiKZ5368DiffLock">

                      </Socket>
                    </AddonSockets>
                    <AddonSockets>
                      <Socket Names="StuffAirfreshener" Offset="(1.682; 1.824; 0)" InCockpit="true">

                      </Socket>
                    </AddonSockets>
                    <AddonSockets>
                      <Socket Offset="(1.86; 1.42; -0.005)" UpDir="(0.151; 0.989; 0)" Dir="(0; 0; 1)" Names="StuffDashboard" InCockpit="true">

                      </Socket>
                    </AddonSockets>
                    <AddonSockets>
                      <Socket Names="khanLo4FSticker_1x1_01" InCockpit="true">

                      </Socket>
                    </AddonSockets>
                    <AddonSockets>
                      <Socket Names="khanLo4FSticker_1x1_02" InCockpit="true">

                      </Socket>
                    </AddonSockets>
                    <AddonSockets>
                      <Socket Names="khanLo4FSticker_1x1_03" InCockpit="true">

                      </Socket>
                    </AddonSockets>
                    <AddonSockets>
                      <Socket Names="khanLo4FSticker_1x1_04" InCockpit="true">

                      </Socket>
                    </AddonSockets>
                    <AddonSockets>
                      <Socket Names="khanLo4FSticker_1x2_01" InCockpit="true">

                      </Socket>
                    </AddonSockets>
                    <AddonSockets>
                      <Socket Names="khanLo4FSticker_1x2_02" InCockpit="true">

                      </Socket>
                    </AddonSockets>
                    <AddonSockets>
                      <Socket Names="khanLo4FSticker_GlassTop" InCockpit="true">

                      </Socket>
                    </AddonSockets>
                    <AddonSockets>
                      <Socket Names="khanLo4FSticker_Door_R">

                      </Socket>
                    </AddonSockets>
                    <AddonSockets>
                      <Socket Names="khanLo4FSticker_Door_L">

                      </Socket>
                    </AddonSockets>
                    <AddonSockets>
                      <Socket Names="khanLo4FSticker_Roof">

                      </Socket>
                    </AddonSockets>
              <CustomizationCameras>
                          <CameraPos Position="(7.768; 5.509; -1.155)" Name="roof_sticker" InterestPosition="(4.382; 0.363; -0.304)" FOV="32.0">

                          </CameraPos>
                          <CameraPos MaxZoom="2" MaxYRotation="360" Position="(-6.923; 2.071; 10.147)" MaxXRotation="360" Name="addon_1" InterestPosition="(1.036; 1.692; -0)" FOV="32.0">

                          </CameraPos>
                          <CameraPos MaxZoom="2" MaxYRotation="360" Position="(10.328; 3.44; -2.861)" MaxXRotation="360" Name="addon_2" InterestPosition="(4.867; 1.185; 0)" FOV="32.0">

                          </CameraPos>
                          <CameraPos Interior="true" Position="(5.956; 1.621; -0.274)" Name="mirror_mount" InterestPosition="(8.323; 1.692; 1.299)" FOV="32.0">

                          </CameraPos>
                          <CameraPos MaxZoom="2" MaxYRotation="360" Position="(9.396; 2.878; -2.281)" MaxXRotation="360" Name="side_r" InterestPosition="(5.339; 1.222; -0)" FOV="32.0">

                          </CameraPos>
                          <CameraPos Interior="true" Position="(6.118; 1.417; -0.1)" Name="sticker" InterestPosition="(7.059; 2.385; 0.8)" FOV="32.0">

                          </CameraPos>
                          <CameraPos Interior="true" Position="(6.2; 2; -0.1)" Name="sticker_1" InterestPosition="(7.059; 1.2; 0.8)" FOV="32.0">

                          </CameraPos>
                          <CameraPos Interior="true" Position="(3.519; 1.358; 2.838)" Name="door_r_sticker" InterestPosition="(6.646; 0.658; 0)" FOV="32.0">

                          </CameraPos>
                          <CameraPos MaxZoom="2" MaxYRotation="360" Position="(10.212; 2.243; -3.182)" MaxXRotation="360" Name="roof" InterestPosition="(5.798; 0.713; 0)" FOV="32.0">

                          </CameraPos>
                          <CameraPos Interior="true" Position="(9.512; 2.290; 1.03)" Name="glass_sticker" InterestPosition="(6.809; 1.531; -0.952)" FOV="32.0">

                          </CameraPos>
                          <CameraPos MaxZoom="2" MaxYRotation="360" Position="(11.091; 1.495; -3.925)" MaxXRotation="360" Name="hoods" InterestPosition="(5.624; 0.976; 0)" FOV="32.0">

                          </CameraPos>
                          <CameraPos MaxZoom="2" MaxYRotation="360" Position="(9.22; 3.041; 3.401)" MaxXRotation="360" Name="side_l" InterestPosition="(5.944; 0.759; 0)" FOV="32.0">

                          </CameraPos>
                          <CameraPos Interior="true" Position="(6.2; 1.7; -0.1)" Name="bubble_head" InterestPosition="(7.059; 1.2; 0.8)" FOV="32.0">

                          </CameraPos>
                          <CameraPos MaxZoom="2" MaxYRotation="360" Position="(7.585; 0.853; -3.686)" MaxXRotation="360" Name="wheels" InterestPosition="(5.826; 0.253; -0.046)" FOV="32.0">

                          </CameraPos>
                          <CameraPos MaxZoom="2" MaxYRotation="360" Position="(11.091; 1.495; -3.925)" MaxXRotation="360" Name="default" InterestPosition="(5.624; 0.976; 0)" FOV="32.0">

                          </CameraPos>
                          <CameraPos MaxZoom="2" MaxYRotation="360" Position="(-0.612; 1.654; 4.180)" MaxXRotation="360" Name="rear" InterestPosition="(4.857; 0.956; 0)" FOV="32.0">

                          </CameraPos>
                          <CameraPos Interior="true" Position="(3.53; 1.295; -2.898)" Name="door_l_sticker" InterestPosition="(4.794; 0.782; 0.486)" FOV="32.0">

                          </CameraPos>
              </CustomizationCameras>
                        <WinchSocket Pos="(-2.17; 0.747; 0)">

                        </WinchSocket>
                        <WinchSocket Pos="(2.202; 0.661; 0.335)">

                        </WinchSocket>
                        <WinchSocket Pos="(2.202; 0.661; -0.335)">

                        </WinchSocket>
                        <WinchSocket Pos="(0.064; 0.455; 0.896)">

                        </WinchSocket>
                        <WinchSocket Pos="(0.064; 0.455; -0.896)">

                        </WinchSocket>
      </GameData>
      <PhysicsModel Mesh="trucks/khan_lo4f">
                <NetSync Legacy="false">

                </NetSync>
                <Body ImpactType="Truck" Mass="1800" NetSync="pv" CenterOfMassOffset="(0; -0.6; 0)">
                      <Body ModelFrame="BoneCabin_cdt" ImpactType="Truck" Mass="1500" NetSync="pv" CenterOfMassOffset="(0; -0.4; 0)">
                          <Constraint Type="Fixed">

                          </Constraint>
                              <Body ModelFrame="BoneMirrorLeft_cdt" _template="SideMirror">
                                <Constraint AxisLocal="(0; 1; 0)">

                                </Constraint>
                              </Body>
                              <Body ModelFrame="BoneMirrorRight_cdt" _template="SideMirror">
                                <Constraint AxisLocal="(0; 1; 0)">

                                </Constraint>
                              </Body>
                              <Body ModelFrame="BoneSunshieldLeft_cdt" _template="SunShield">

                              </Body>
                              <Body ModelFrame="BoneSunshieldRight_cdt" _template="SunShield">

                              </Body>
                      </Body>
                </Body>
      </PhysicsModel>
      <Snorkel Origin="(2.208; 0.844; 0)">

      </Snorkel>
      <TruckData BackSteerSpeed="0.06" DiffLockType="Installed" EngineIconScale="1.15" TruckType="SCOUT" FuelCapacity="77" EngineStartDelay="1.7" SteerSpeed="0.04" ExhaustStartTime="1.6" Responsiveness="0.65" TruckImage="KHANLo4Fmchr" EngineIconMesh="env/engine_small">
                    <Shakers>
                          <Shaker MaxAngle="(0.8; 0.8; 0.8)" Frame="BoneExhaust" MinAngle="(0.3; 0.3; 0.3)" MaxFrequency="4">

                          </Shaker>
                          <Shaker MaxAngle="(3; 3; 3)" Frame="BoneGearstick" MinAngle="(0.8; 0.8; 0.8)" MaxFrequency="0.1">

                          </Shaker>
                    </Shakers>
                    <GearboxSocket Default="g_scout_default" Type="gearboxes_scouts">

                    </GearboxSocket>
                    <Wheels DefaultRim="rim_1" DefaultWheelType="wheels_scout1" DefaultTire="highway_1">
                              <Wheel Pos="(1.248; 0.37; 0.789)" _template="FrontWheel">

                              </Wheel>
                              <Wheel Pos="(1.248; 0.37; 0.789)" _template="FrontWheel" RightSide="true">

                              </Wheel>
                              <Wheel Pos="(-1.056; 0.37; 0.789)" _template="RearWheel">

                              </Wheel>
                              <Wheel Pos="(-1.056; 0.37; 0.789)" _template="RearWheel" RightSide="true">

                              </Wheel>
                    </Wheels>
                    <WinchUpgradeSocket Default="w_scout_default" Type="winches_scouts" IsUpgradable="true">

                    </WinchUpgradeSocket>
                    <SteeringWheel Frame="BoneSteering">

                    </SteeringWheel>
                    <Damage>
                                    <DamageArea Max="(2.2; 1.3; 0.5)" ParentFrame="BoneChassis_cdt" Min="(1.5; 0.6; -0.5)" Type="Engine">

                                    </DamageArea>
                                    <DamageArea Max="(0.8; 0.6; 0.9)" ParentFrame="BoneChassis_cdt" Min="(-0.6; 0.35; -0.9)" Type="FuelTank">

                                    </DamageArea>
                    </Damage>
                    <EngineSocket Default="ru_scout_old_engine_0" Type="e_ru_scout_old">

                    </EngineSocket>
                    <SoundsDamage _template="Scout">

                    </SoundsDamage>
                    <Axles>
                                          <Axle Frame="BoneAxleFront">

                                          </Axle>
                                          <Axle Frame="BoneAxleRear">

                                          </Axle>
                    </Axles>
                    <Camera Center="(-1.3; 0; 0)" RadiusMultiplier="0.8">
                                          <Cockpit WindshieldShadingTexture="trucks/khanlo4f_glass__sh_d.tga" WindshieldDiffuseTexture="trucks/khanlo4f_glass__d_a.tga" ViewPos="(1.143; 1.714; 0.565)" _template="Default">
                                                <Mirror MeshFrame="mirror_left" Pos="(1.598; 1.607; 0.999)" Size="(0.15; 0.23)" ReflectionDir="(-0.956; 0; -0.292)" FOVScale="1.5" ClipDir="(-0.956; 0; -0.292)">

                                                </Mirror>
                                                <Mirror MeshFrame="mirror_right" Pos="(1.555; 1.607; -0.991)" Size="(0.15; 0.23)" ReflectionDir="(-0.809; 0; 0.588)" FOVScale="1.5" ClipDir="(-0.809; 0; 0.588)">

                                                </Mirror>
                                                <Mirror Pos="(1.66; 1.818; 0)" MeshFrame="hp_cab_mirror" FOVScale="1.75" Size="(0.22; 0.08)" ReflectionDir="(-0.913; -0.186; 0.364)" ClipDir="(-1; 0; 0)" ClipOffset="0.1">

                                                </Mirror>
                                              <Rear HorTransitionStart="-1.1" HorTransitionEnd="-1.2" ViewPosOffset="(-0.1; -0.1; 0.55)">

                                              </Rear>
                                          </Cockpit>
                    </Camera>
                    <Shafts>
                                              <Shaft SocketPointB="Shaft1b" SocketPointA="Shaft1a" Mesh="env/minishaft">

                                              </Shaft>
                                              <Shaft SocketPointB="Shaft2b" SocketPointA="Shaft2a" Mesh="env/minishaft">

                                              </Shaft>
                    </Shafts>
                    <FuelTank DamageCapacity="50">

                    </FuelTank>
                                              <CompatibleWheels Scale="0.38" Type="wheels_scout1">

                                              </CompatibleWheels>
                                              <CompatibleWheels Scale="0.38" Type="wheels_scout2">

                                              </CompatibleWheels>
                                              <CompatibleWheels Scale="0.42" Type="wheels_scout1">

                                              </CompatibleWheels>
                                              <CompatibleWheels Scale="0.42" Type="wheels_scout2">

                                              </CompatibleWheels>
                    <SoundsWheels _template="Default">

                    </SoundsWheels>
                    <SuspensionSocket Default="khan_lo4f_suspension_default" MaxWheelRadiusWithoutSuspension="0.22" Type="s_khan_lo4f">

                    </SuspensionSocket>
                    <Dashboard>
                                                        <Gauge Mesh="trucks/arrows/khan_lo4f_arrow_01" Org="(1.789; 1.312; 0.758)" OutputAngles="(-50;10)" InputType="engineEnabled" Dir="(-0.996; 0.088; 0)" InputRange="(0;1)" Damping="0.99">

                                                        </Gauge>
                                                        <Gauge Mesh="trucks/arrows/khan_lo4f_arrow_01" Org="(1.789; 1.312; 0.675)" OutputAngles="(-50;0)" InputType="engineEnabled" Dir="(-0.996; 0.085; -0.001)" InputRange="(0;1)" Damping="0.9">

                                                        </Gauge>
                                                        <Gauge Mesh="trucks/arrows/khan_lo4f_arrow_01" Org="(1.789; 1.312; 0.526)" OutputAngles="(-50;50)" InputType="fuel" Dir="(-0.996; 0.089; -0.001)" InputRange="(0;1)" Damping="0.9">

                                                        </Gauge>
                                                        <Gauge Mesh="trucks/arrows/khan_lo4f_arrow_01" Org="(1.789; 1.312; 0.443)" OutputAngles="(-50;10)" InputType="engineEnabled" Dir="(-0.996; 0.086; -0)" InputRange="(0;1)" Damping="0.9995">

                                                        </Gauge>
                                                        <Gauge Mesh="trucks/arrows/khan_lo4f_arrow_02" Org="(1.791; 1.338; 0.259)" OutputAngles="(-120;120)" InputType="speed" Dir="(-0.996; 0.087; -0)" InputRange="(0;160)" Damping="0.9">

                                                        </Gauge>
                    </Dashboard>
                    <Steam Origin="(1.245; 0.789; 0)">

                    </Steam>
                    <Sounds _template="Default" DisableReversePitch="false" Origin="(1.375; 0.866; 0)" MinDist="10.0">
                                                          <BrakePull Sound="">

                                                          </BrakePull>
                                                          <EngineHigh Sound="trucks/khan_lo4f/khan_lo4f_high">

                                                          </EngineHigh>
                                                          <GearFail Sound="trucks/common/truck_gear_wrong/truck_gear_wrong_small_old">

                                                          </GearFail>
                                                          <EngineRev Sound="trucks/khan_lo4f/khan_lo4f_rev">

                                                          </EngineRev>
                                                          <Honk Sound="trucks/khan_lo4f/khan_lo4f_honk">

                                                          </Honk>
                                                          <EngineStart Sound="trucks/khan_lo4f/khan_lo4f_start">

                                                          </EngineStart>
                                                          <Reverse Sound="trucks/khan_lo4f/khan_lo4f_reverse">

                                                          </Reverse>
                                                          <EngineHeavy_2d IsSound2D="true" Sound="trucks/khan_lo4f/khan_lo4f_heavy_2d">

                                                          </EngineHeavy_2d>
                                                          <EngineHeavy Sound="trucks/khan_lo4f/khan_lo4f_heavy">

                                                          </EngineHeavy>
                                                          <EngineLow_2d IsSound2D="true" Sound="trucks/khan_lo4f/khan_lo4f_low_2d">

                                                          </EngineLow_2d>
                                                          <EngineHigh_2d IsSound2D="true" Sound="trucks/khan_lo4f/khan_lo4f_high_2d">

                                                          </EngineHigh_2d>
                                                          <EngineLow Sound="trucks/khan_lo4f/khan_lo4f_low">

                                                          </EngineLow>
                                                          <EngineIdle_2d IsSound2D="true" Sound="trucks/khan_lo4f/khan_lo4f_idle_2d">

                                                          </EngineIdle_2d>
                                                          <EngineStop Sound="trucks/khan_lo4f/khan_lo4f_stop">

                                                          </EngineStop>
                                                          <EngineIdle Sound="trucks/khan_lo4f/khan_lo4f_idle">

                                                          </EngineIdle>
                                                          <BrakeRelease Sound="trucks/khan_lo4f/khan_lo4f_brake_release">

                                                          </BrakeRelease>
                                                          <BrakesSqueal Sound="trucks/khan_lo4f/khan_lo4f_brakes_squeal">

                                                          </BrakesSqueal>
                                                          <Handbrake Sound="trucks/int_scout_800/int_scout_800_handbrake_on">

                                                          </Handbrake>
                                                          <EngineAccel Sound="trucks/khan_lo4f/khan_lo4f_acc">

                                                          </EngineAccel>
                                                          <Gear Sound="trucks/int_scout_800/int_scout_800_gear_shift">

                                                          </Gear>
                    </Sounds>
                    <Driver Pos="(1.172; 1.014; 0.565)" AnimationSet="Scout" SteeringWheelPos="(1.478; 1.401; 0.558)">

                    </Driver>
                    <Exhaust Speed="2.0" IsLight="false" Dir="(-1; 0; 0)" Origin="(-2.165; 0.527; -0.393)">

                    </Exhaust>
                    <SteeringRack FrameSteerRight="BoneRackRight" Frame="BoneRack" FrameSteerLeft="BoneRackLeft" RackHalfSizeZ="0.672">

                    </SteeringRack>
                    <OcclusionMap HalfSizeZ="1.4" Texture="trucks/occlusion/chassis_small__s_d_a.tga" MaxX="2.6" MinX="-2.85">

                    </OcclusionMap>
      </TruckData>
      <ModelAttachments>
                      <StopSignals>
                          <Light Pos="(-2.276; 0.968; 0)" _template="StopSignal">

                          </Light>
                              <Flare Size="0.5" Pos="(-2.068; 0.968; -0.843)" DirAngle="135" _template="StopSignal">

                              </Flare>
                              <Flare Size="0.5" Pos="(-2.068; 0.968; 0.843)" DirAngle="135" _template="StopSignal">

                              </Flare>
                      </StopSignals>
                      <Ignition>
                              <Light Pos="(2.25; 0.85; 0.5)" _template="IgnitionSignalWhite">

                              </Light>
                              <Light Pos="(2.25; 0.85; -0.5)" _template="IgnitionSignalWhite">

                              </Light>
                              <Light Pos="(-1.8; 1.025; -0)" _template="IgnitionSignalRed">

                              </Light>
                                <Flare Size="0.3" Pos="(2.223; 1.025; -0.531)" DirAngle="120" _template="IgnitionSignalWhite">

                                </Flare>
                                <Flare Size="0.3" Pos="(2.223; 1.025; 0.531)" DirAngle="120" _template="IgnitionSignalWhite">

                                </Flare>
                                <Flare Size="0.08" Pos="(2.187; 0.815; -0.531)" Color="g(165; 149; 130) x 0.7" _template="IgnitionSignalWhite">

                                </Flare>
                                <Flare Size="0.08" Pos="(2.187; 0.815; 0.531)" Color="g(165; 149; 130) x 0.7" _template="IgnitionSignalWhite">

                                </Flare>
                                <Flare Pos="(1.43; 2.008; -0.789)" _template="IgnitionSignalOrange">

                                </Flare>
                                <Flare Pos="(1.43; 2.008; 0.789)" _template="IgnitionSignalOrange">

                                </Flare>
                                <Flare Size="0.09" _template="IgnitionSignalRed" Pos="(-2.068; 0.968; -0.843)">

                                </Flare>
                                <Flare Size="0.09" _template="IgnitionSignalRed" Pos="(-2.068; 0.968; 0.843)">

                                </Flare>
                      </Ignition>
                      <HeadLight>
                                <Model _template="HeadLightRay" Org="(2.244; 1.025; -0.531)">

                                </Model>
                                <Model _template="HeadLightRay" Org="(2.244; 1.025; 0.531)">

                                </Model>
                                  <Flare Pos="(2.223; 1.025; -0.531)" Size="0.4" DirAngle="135" Color="g(245; 225; 200) x 0.6" _template="HeadLight">

                                  </Flare>
                                  <Flare Pos="(2.223; 1.025; 0.531)" Size="0.4" DirAngle="135" Color="g(245; 225; 200) x 0.6" _template="HeadLight">

                                  </Flare>
                                  <Flare Size="0.5" Pos="(2.244; 1.025; -0.531)" Color="g(220; 220; 255) x 0.05" _template="BlueStreak">

                                  </Flare>
                                  <Flare Size="0.5" Pos="(2.244; 1.025; 0.531)" Color="g(220; 220; 255) x 0.05" _template="BlueStreak">

                                  </Flare>
                      </HeadLight>
                      <ReverseSignals>
                                <Light Pos="(-2.276; 0.854; 0)" _template="ReverseSignal">

                                </Light>
                                    <Flare Size="0.7" Pos="(-2.068; 0.854; -0.843)" DirAngle="135" _template="ReverseSignal">

                                    </Flare>
                                    <Flare Size="0.7" Pos="(-2.068; 0.854; 0.843)" DirAngle="135" _template="ReverseSignal">

                                    </Flare>
                                    <Flare Pos="(-2.077; 0.854; -0.843)" Size="0.4" Dir="(-1; 0; 0)" Color="g(220; 220; 255) x 0.05" _template="BlueStreak">

                                    </Flare>
                                    <Flare Pos="(-2.077; 0.854; 0.843)" Size="0.4" Dir="(-1; 0; 0)" Color="g(220; 220; 255) x 0.05" _template="BlueStreak">

                                    </Flare>
                      </ReverseSignals>
      </ModelAttachments>
  </Truck>
  <_templates Include="trucks">
        <Wheel>
            <FrontWheel ParentFrame="BoneCabin_cdt" SteeringCastor="8" Torque="full" Location="front" SteeringAngle="40">

            </FrontWheel>
            <RearWheel Torque="default" Location="rear" ConnectedToHandbrake="true">

            </RearWheel>
        </Wheel>
        <Body>
              <SunShield Mass="2" Collisions="None">
                  <Constraint AxisLocal="(0; 0; 1)" MaxLimit="10" MinLimit="-6" Type="Hinge">
                      <Motor Type="Spring" Spring="8" Damping="0.008">

                      </Motor>
                  </Constraint>
              </SunShield>
        </Body>
  </_templates>