  <Truck>
      <AutomaticIK>
            <IKBone ModelFrame="BoneIKLeft1" ParentFrame="BoneAxleL4">
              <IKJoint AxisLocal="(1; 0; 0)" Type="Hinge2">

              </IKJoint>
              <IKBone AttachOffset="(0; 0; 0)" ModelFrame="BoneIKLeft2" AttachToFrame="BoneAxleL3">
                    <IKJoint AxisLocal="(1; 0; 0)" Type="Slider">

                    </IKJoint>
              </IKBone>
            </IKBone>
            <IKBone ModelFrame="BoneIKRight1" ParentFrame="BoneAxleR4">
              <IKJoint AxisLocal="(1; 0; 0)" Type="Hinge2">

              </IKJoint>
              <IKBone AttachOffset="(0; 0; 0)" ModelFrame="BoneIKRight2" AttachToFrame="BoneAxleR3">
                    <IKJoint AxisLocal="(1; 0; 0)" Type="Slider">

                    </IKJoint>
              </IKBone>
            </IKBone>
      </AutomaticIK>
      <HeadLight Pos="(5.052; 1.103; 0)" _template="Default" ParentFrame="BoneChassis_cdt">

      </HeadLight>
      <GameData Price="107700" Country="RU,CAS" UnlockByExploration="false" ExcludeAddons="trailer_log_pole" UnlockByRank="22">
                <CraneSocket Pos="(4.986; 1.302; 0.446)">

                </CraneSocket>
                <CraneSocket Pos="(4.986; 1.302; -0.446)">

                </CraneSocket>
                <CraneSocket Pos="(-4.644; 0.832; 0)">

                </CraneSocket>
                <CraneSocket Pos="(-0.605; 0.717; 1.483)">

                </CraneSocket>
                <CraneSocket Pos="(-0.605; 0.717; -1.483)">

                </CraneSocket>
              <UiDesc UiIcon30x30="heavyVehicleImg30" UiName="UI_VEHICLE_KOLOB_74760_NAME" UiIcon328x458="shopImgMZKTVolat" UiIconLogo="KolobLogo80" UiDesc="UI_VEHICLE_KOLOB_74760_DESC" UiIcon40x40="heavyVehicleImg">

              </UiDesc>
                    <AddonSockets>
                        <Socket Offset="(-4.704; 0.838; 0)" Names="Trailer">

                        </Socket>
                        <Socket Offset="(-1.95; 2; 0)" Names="LargeSemitrailer, LargeSemitrailerOiltank">

                        </Socket>
                    </AddonSockets>
                    <AddonSockets>
                      <Socket Offset="(-1.95; 1.65; -0)" Names="SaddleHigh1">

                      </Socket>
                    </AddonSockets>
                    <AddonSockets DefaultAddon="kolob_74760_snorkel_default">
                      <Socket Offset="(0; 0; 0)" Names="Kolob74760Snorkel">

                      </Socket>
                    </AddonSockets>
                    <AddonSockets DefaultAddon="kolob_74760_exhaust_default">
                      <Socket Offset="(0; 0; 0)" Names="Kolob74760Exhaust">

                      </Socket>
                    </AddonSockets>
                    <AddonSockets DefaultAddon="kolob_74760_headlamp_default">
                      <Socket Offset="(0; 0; 0)" Names="Kolob74760Headlamp">

                      </Socket>
                    </AddonSockets>
                    <AddonSockets>
                      <Socket Offset="(0; 0; 0)" Names="Kolob74760Spotlight">

                      </Socket>
                    </AddonSockets>
                    <AddonSockets>
                      <Socket Offset="(0; 0; 0)" Names="Kolob74760BeaconFront">

                      </Socket>
                    </AddonSockets>
                    <AddonSockets>
                      <Socket Offset="(0; 0; 0)" Names="Kolob74760Beacon">

                      </Socket>
                    </AddonSockets>
                    <AddonSockets>
                      <Socket Offset="(0; 0; 0)" Names="Kolob74760Gabarite">

                      </Socket>
                    </AddonSockets>
                    <AddonSockets>
                      <Socket Offset="(0; 0; 0)" Names="Kolob74760Bumper">

                      </Socket>
                    </AddonSockets>
                    <AddonSockets>
                      <Socket Offset="(0; 0; 0)" Names="Kolob74760SpareWheel">

                      </Socket>
                    </AddonSockets>
                    <AddonSockets>
                      <Socket Names="StuffDashboard" Offset="(4.307; 2.814; 0.059)" InCockpit="true">

                      </Socket>
                    </AddonSockets>
                    <AddonSockets>
                      <Socket Names="kolob74760Sticker_1x1_01" InCockpit="true">

                      </Socket>
                    </AddonSockets>
                    <AddonSockets>
                      <Socket Names="kolob74760Sticker_1x1_02" InCockpit="true">

                      </Socket>
                    </AddonSockets>
                    <AddonSockets>
                      <Socket Names="kolob74760Sticker_1x2_01" InCockpit="true">

                      </Socket>
                    </AddonSockets>
                    <AddonSockets>
                      <Socket Names="kolob74760Sticker_1x2_02" InCockpit="true">

                      </Socket>
                    </AddonSockets>
                    <AddonSockets>
                      <Socket Names="kolob74760Sticker_1x2_03" InCockpit="true">

                      </Socket>
                    </AddonSockets>
                    <AddonSockets>
                      <Socket Names="kolob74760Sticker_1x4_01" InCockpit="true">

                      </Socket>
                    </AddonSockets>
                    <AddonSockets>
                      <Socket Names="kolob74760Sticker_GlassTop" InCockpit="true">

                      </Socket>
                    </AddonSockets>
                    <AddonSockets>
                      <Socket Names="kolob74760Sticker_GlassBottom" InCockpit="true">

                      </Socket>
                    </AddonSockets>
                    <AddonSockets>
                      <Socket Names="kolob74760Sticker_Door_R">

                      </Socket>
                    </AddonSockets>
                    <AddonSockets>
                      <Socket Names="kolob74760Sticker_Door_L">

                      </Socket>
                    </AddonSockets>
                    <AddonSockets>
                      <Socket Names="kolob74760Sticker_Roof">

                      </Socket>
                    </AddonSockets>
                    <AddonSockets>
                      <Socket Names="StuffAirfreshener" Offset="(4.203; 3.507; 0.113)" InCockpit="true">

                      </Socket>
                    </AddonSockets>
                    <AddonSockets>
                      <Socket Names="StuffCurtainKolob74760" InCockpit="true">

                      </Socket>
                    </AddonSockets>
              <CustomizationCameras>
                          <CameraPos Interior="true" Position="(6.089; 6.363; -0.944)" Name="roof_sticker" InterestPosition="(2.004; 1.167; -0.342)" FOV="32.0">

                          </CameraPos>
                          <CameraPos Interior="true" Position="(5.608; 3.313; -0.554)" Name="sticker_1" InterestPosition="(8.067; 3.057; 1.334)" FOV="32.0">

                          </CameraPos>
                          <CameraPos MaxZoom="2" MaxYRotation="360" Position="(-8.733; 4.067; 5.257)" MaxXRotation="360" Name="addon_1" InterestPosition="(-0.28; 1.903; -0)" FOV="32.0">

                          </CameraPos>
                          <CameraPos MaxZoom="2" MaxYRotation="360" Position="(-1.534; 4.27; 3.527)" MaxXRotation="360" Name="addon_2" InterestPosition="(3.5; 2.387; 0)" FOV="32.0">

                          </CameraPos>
                          <CameraPos Interior="true" Position="(5.275; 3.338; -0.599)" Name="mirror_mount" InterestPosition="(8.067; 3.057; 1.334)" FOV="32.0">

                          </CameraPos>
                          <CameraPos MaxZoom="2" MaxYRotation="360" Position="(-0.226; 4.969; -4.508)" MaxXRotation="360" Name="side_r" InterestPosition="(4.764; 1.97; -0)" FOV="32.0">

                          </CameraPos>
                          <CameraPos Interior="true" Position="(5.914; 2.907; -0.241)" Name="sticker" InterestPosition="(8.067; 1.461; 2.035)" FOV="32.0">

                          </CameraPos>
                          <CameraPos Interior="true" Position="(3.239; 2.461; 3.59)" Name="door_r_sticker" InterestPosition="(7.16; 2.03; -0.145)" FOV="32.0">

                          </CameraPos>
                          <CameraPos MaxZoom="2" MaxYRotation="360" Position="(10.787; 4.806; -3.717)" MaxXRotation="360" Name="roof" InterestPosition="(4.758; 2.358; -0)" FOV="32.0">

                          </CameraPos>
                          <CameraPos Interior="true" Position="(9.682; 3.105; 1.439)" Name="glass_sticker" InterestPosition="(6.227; 3.233; -1.219)" FOV="32.0">

                          </CameraPos>
                          <CameraPos MaxZoom="2" MaxYRotation="360" Position="(13.576; 1.402; -3.863)" MaxXRotation="360" Name="hoods" InterestPosition="(5.716; 1.735; 0)" FOV="32.0">

                          </CameraPos>
                          <CameraPos Interior="true" Position="(6.193; 3.608; -0.463)" Name="sticker_2" InterestPosition="(8.044; 0.68; 1.138)" FOV="32.0">

                          </CameraPos>
                          <CameraPos MaxZoom="2" MaxYRotation="360" Position="(11.866; 5.284; -4.55)" MaxXRotation="360" Name="side_l" InterestPosition="(6.27; 2.278; 0)" FOV="32.0">

                          </CameraPos>
                          <CameraPos Interior="true" Position="(5.756; 3.132; -0.479)" Name="bubble_head" InterestPosition="(8.067; 1.97; 1.534)" FOV="32.0">

                          </CameraPos>
                          <CameraPos MaxZoom="2" MaxYRotation="360" Position="(6.058; 2.362; -6.974)" MaxXRotation="360" Name="wheels" InterestPosition="(3.679; 0.627; -0)" FOV="32.0">

                          </CameraPos>
                          <CameraPos MaxZoom="2" MaxYRotation="360" Position="(13.576; 1.402; -3.863)" MaxXRotation="360" Name="default" InterestPosition="(5.716; 1.735; 0)" FOV="32.0">

                          </CameraPos>
                          <CameraPos MaxZoom="2" MaxYRotation="360" Position="(-5.767; 1.805; 2.899)" MaxXRotation="360" Name="rear" InterestPosition="(0.479; 0.992; -0)" FOV="32.0">

                          </CameraPos>
                          <CameraPos Interior="true" Position="(3.255; 2.625; -3.526)" Name="door_l_sticker" InterestPosition="(4.795; 2.061; 0.11)" FOV="32.0">

                          </CameraPos>
                          <CameraPos Interior="true" Position="(5.275; 3.338; -0.599)" Name="curtain" InterestPosition="(8.067; 3.057; 1.334)" FOV="32.0">

                          </CameraPos>
              </CustomizationCameras>
                        <WinchSocket Pos="(4.986; 1.302; 0.446)">

                        </WinchSocket>
                        <WinchSocket Pos="(4.986; 1.302; -0.446)">

                        </WinchSocket>
                        <WinchSocket Pos="(-4.644; 0.832; 0)">

                        </WinchSocket>
                        <WinchSocket Pos="(-0.605; 0.717; 1.483)">

                        </WinchSocket>
                        <WinchSocket Pos="(-0.605; 0.717; -1.483)">

                        </WinchSocket>
      </GameData>
      <Landmark MaxScale="2.8" MinScale="1.8" Mesh="landmarks/kolob_74760_lmk">

      </Landmark>
      <TruckData BackSteerSpeed="0.01" DiffLockType="Always" EngineIconScale="0.8" TruckType="HEAVY" FuelCapacity="380" EngineStartDelay="3.2" SteerSpeed="0.016" ExhaustStartTime="2.8" Responsiveness="0.2" TruckImage="KOLOB74760mchr" EngineIconMesh="env/engine_pacific_p16">
                    <Steam Origin="(0.324; 1.902; 0)">

                    </Steam>
                    <Steam ParentFrame="BoneChassis_cdt" Scale="0.7" Origin="(1.29; 1.219; 0)">

                    </Steam>
                  <Intake Size="0.8" Dir="(1; 0; 0)" Origin="(4.971; 1.492; 0)">

                  </Intake>
                  <GearboxSocket Default="g_special_default" Type="gearboxes_special, gearboxes_special_kolob">

                  </GearboxSocket>
                  <Wheels DefaultRim="rim_1" DefaultWheelType="wheels_superheavy_single" DefaultTire="mudtires_1">
                              <Wheel Pos="(2.603; 0.816; 1.35)" _template="FirstAxle">

                              </Wheel>
                              <Wheel Pos="(2.603; 0.816; 1.35)" _template="FirstAxle" RightSide="true">

                              </Wheel>
                              <Wheel Pos="(0.789; 0.816; 1.35)" _template="SecondAxle">

                              </Wheel>
                              <Wheel Pos="(0.789; 0.816; 1.35)" _template="SecondAxle" RightSide="true">

                              </Wheel>
                              <Wheel Pos="(-1.961; 0.743; 1.35)" _template="RearAxle">

                              </Wheel>
                              <Wheel Pos="(-1.961; 0.743; 1.35)" _template="RearAxle" RightSide="true">

                              </Wheel>
                              <Wheel Pos="(-3.661; 0.743; 1.35)" _template="RearAxle">

                              </Wheel>
                              <Wheel Pos="(-3.661; 0.743; 1.35)" _template="RearAxle" RightSide="true">

                              </Wheel>
                  </Wheels>
                  <WinchUpgradeSocket Default="w_heavy_trucks_default" Type="winches_heavy_trucks" IsUpgradable="true">

                  </WinchUpgradeSocket>
                  <SteeringWheel Frame="BoneSteering">

                  </SteeringWheel>
                  <Damage>
                                    <DamageArea Max="(4.6; 2.5; 1.1)" ParentFrame="BoneChassis_cdt" Min="(2.688; 1.25; -1.1)" Type="Engine">

                                    </DamageArea>
                                    <DamageArea Max="(0.5; 1.541; 1.6)" ParentFrame="BoneChassis_cdt" Min="(-1.5; 0.753; -1.6)" Type="FuelTank">

                                    </DamageArea>
                  </Damage>
                                  <LimitedFluid Center="(-0.605; 1.147; 1.112)" Type="Box" SizeX="0.787" SizeZ="0.820" SizeY="0.655">

                                  </LimitedFluid>
                                  <LimitedFluid Center="(-0.605; 1.147; -1.112)" Type="Box" SizeX="0.787" SizeZ="0.820" SizeY="0.655">

                                  </LimitedFluid>
                  <EngineSocket Default="ru_special_engine_0" Type="e_ru_special">

                  </EngineSocket>
                  <SoundsDamage _template="Heavy">

                  </SoundsDamage>
                  <Camera Center="(-0.5; 0; 0)" ParentFrame="BoneChassis_cdt">
                                          <Cockpit WindshieldShadingTexture="trucks/kolob_74760_glass__sh_d.tga" WindshieldDiffuseTexture="trucks/kolob_74760_glass__d_a.tga" ViewPos="(3.6; 3.072; 0.669)" _template="Default">
                                                <Mirror Pos="(4.266; 2.998; 1.585)" MeshFrame="mirror_left" FOVScale="1.8" Size="(0.22; 0.451)" ReflectionDir="(-0.91; -0.019; -0.413)" ClipDir="(-0.91; -0.019; -0.413)" ClipOffset="0.1">
                                                  <SecondaryView Pos="(4.294; 2.645; 1.585)" MeshFrame="mirror_left_1" FOVScale="1.5" Size="(0.236; 0.194)" ReflectionDir="(-0.91; -0.019; -0.413)" ClipDir="(-0.91; -0.019; -0.413)" ClipOffset=".1">

                                                  </SecondaryView>
                                                </Mirror>
                                                <Mirror Pos="(4.277; 3.115; -1.569)" MeshFrame="mirror_right" FOVScale="2.5" Size="(0.22; 0.451)" ReflectionDir="(-0.813; -0.091; 0.576)" ClipDir="(-0.813; -0.091; 0.576)" ClipOffset="0.1">
                                                  <SecondaryView ClipDir="(-0.813; -0.091; 0.576)" MeshFrame="mirror_right_1" Size="(0.236; 0.194)" ClipOffset=".1" FOVScale="1.5" Pos="(4.306; 2.761; -1.569)" ReflectionDir="(-0.813; -0.091; 0.576)" CurveAngle="10">

                                                  </SecondaryView>
                                                </Mirror>
                                          </Cockpit>
                  </Camera>
                  <Shafts>
                                              <Shaft SocketPointA="Shaft1a" SocketPointB="Shaft1b">

                                              </Shaft>
                                              <Shaft SocketPointA="Shaft2a" SocketPointB="Shaft2b">

                                              </Shaft>
                                              <Shaft SocketPointA="Shaft3a" SocketPointB="Shaft3b">

                                              </Shaft>
                                              <Shaft SocketPointA="Shaft4a" SocketPointB="Shaft4b">

                                              </Shaft>
                                              <Shaft SocketPointA="Shaft5a" SocketPointB="Shaft5b">

                                              </Shaft>
                  </Shafts>
                  <FuelTank DamageCapacity="100">

                  </FuelTank>
                  <SoundsWheels _template="Default">

                  </SoundsWheels>
                  <SuspensionSocket Default="kolob_74760_suspension_default" MaxWheelRadiusWithoutSuspension="0.76" Type="s_kolob_74760">

                  </SuspensionSocket>
                  <Axles>
                                                      <Axle Frame="BoneAxleL1">

                                                      </Axle>
                                                      <Axle Frame="BoneAxleR1">

                                                      </Axle>
                                                      <Axle Frame="BoneAxleL2">

                                                      </Axle>
                                                      <Axle Frame="BoneAxleR2">

                                                      </Axle>
                                                      <Axle Frame="BoneAxleL3">

                                                      </Axle>
                                                      <Axle Frame="BoneAxleR3">

                                                      </Axle>
                                                      <Axle Frame="BoneAxleL4">

                                                      </Axle>
                                                      <Axle Frame="BoneAxleR4">

                                                      </Axle>
                  </Axles>
                  <CompatibleWheels Scale="0.745" Type="wheels_superheavy_single">

                  </CompatibleWheels>
                  <Sounds _template="Default" DisableReversePitch="true" MinDist="15.0" Origin="(0.95; 1.3; 0)">
                                                        <EngineHigh Sound="trucks/kolob_74760/kolob_74760_high">

                                                        </EngineHigh>
                                                        <ChassisStress Sound="trucks/common/truck_stress_rnd_set/truck_stress_rnd">

                                                        </ChassisStress>
                                                        <HandbrakeOff Sound="trucks/kolob_74760/kolob_74760_handbrake_off">

                                                        </HandbrakeOff>
                                                        <BrakesSqueal Sound="trucks/kolob_74760/kolob_74760_brakes_squeal">

                                                        </BrakesSqueal>
                                                        <EngineStart Sound="trucks/kolob_74760/kolob_74760_start">

                                                        </EngineStart>
                                                        <AbruptStop Sound="trucks/common/truck_swing_big_rnd_set/truck_swing_big_rnd">

                                                        </AbruptStop>
                                                        <EngineLow_2d IsSound2D="true" Sound="trucks/kolob_74760/kolob_74760_low_2d">

                                                        </EngineLow_2d>
                                                        <EngineHeavy_2d IsSound2D="true" Sound="trucks/kolob_74760/kolob_74760_heavy_2d">

                                                        </EngineHeavy_2d>
                                                        <EngineHeavy Sound="trucks/kolob_74760/kolob_74760_heavy">

                                                        </EngineHeavy>
                                                        <Honk Sound="trucks/kolob_74760/kolob_74760_honk">

                                                        </Honk>
                                                        <EngineHigh_2d IsSound2D="true" Sound="trucks/kolob_74760/kolob_74760_high_2d">

                                                        </EngineHigh_2d>
                                                        <EngineLow Sound="trucks/kolob_74760/kolob_74760_low">

                                                        </EngineLow>
                                                        <EngineIdle_2d IsSound2D="true" Sound="trucks/kolob_74760/kolob_74760_idle_2d">

                                                        </EngineIdle_2d>
                                                        <EngineStop Sound="trucks/kolob_74760/kolob_74760_stop">

                                                        </EngineStop>
                                                        <EngineIdle Sound="trucks/kolob_74760/kolob_74760_idle">

                                                        </EngineIdle>
                                                        <Reverse Sound="trucks/kolob_74760/kolob_74760_back_beeper">

                                                        </Reverse>
                                                        <BrakeRelease Sound="trucks/kolob_74760/kolob_74760_brake_release">

                                                        </BrakeRelease>
                                                        <EngineRev Sound="trucks/kolob_74760/kolob_74760_rev">

                                                        </EngineRev>
                                                        <EngineAccel Sound="trucks/kolob_74760/kolob_74760_acc">

                                                        </EngineAccel>
                                                        <Handbrake Sound="trucks/kolob_74760/kolob_74760_handbrake_on">

                                                        </Handbrake>
                  </Sounds>
                  <Driver Pos="(3.67; 2.370; 0.669)" AnimationSet="HeavyTruck" SteeringWheelPos="(4.057; 2.715; 0.67)">

                  </Driver>
                  <Dashboard>
                                                              <Gauge Mesh="trucks/arrows/kolob_74760_arrow_03" Org="(4.386; 2.685; 0.854)" OutputAngles="(-124;124)" InputType="rpm" Dir="(-0.939; 0.344; 0)" InputRange="(0;1)" Damping="0.9">

                                                              </Gauge>
                                                              <Gauge Mesh="trucks/arrows/kolob_74760_arrow_03" Org="(4.386; 2.685; 0.524)" OutputAngles="(-117;117)" InputType="speed" Dir="(-0.939; 0.344; 0)" InputRange="(0;120)" Damping="0.9">

                                                              </Gauge>
                                                              <Gauge Mesh="trucks/arrows/kolob_74760_arrow_02" Org="(4.355; 2.603; 0.911)" OutputAngles="(-30;5)" InputType="engineEnabled" Dir="(-0.939; 0.344; 0)" InputRange="(0;1)" Damping="0.9">

                                                              </Gauge>
                                                              <Gauge Mesh="trucks/arrows/kolob_74760_arrow_02" Org="(4.355; 2.603; 0.855)" OutputAngles="(-30;-5)" InputType="engineEnabled" Dir="(-0.939; 0.344; 0)" InputRange="(0;1)" Damping="0.9">

                                                              </Gauge>
                                                              <Gauge Mesh="trucks/arrows/kolob_74760_arrow_02" Org="(4.355; 2.603; 0.799)" OutputAngles="(-30;18)" InputType="engineEnabled" Dir="(-0.939; 0.344; 0)" InputRange="(0;1)" Damping="0.9">

                                                              </Gauge>
                                                              <Gauge Mesh="trucks/arrows/kolob_74760_arrow_02" Org="(4.355; 2.603; 0.577)" OutputAngles="(-30;30)" InputType="fuel" Dir="(-0.939; 0.344; 0)" InputRange="(0;1)" Damping="0.9">

                                                              </Gauge>
                                                              <Gauge Mesh="trucks/arrows/kolob_74760_arrow_02" Org="(4.355; 2.603; 0.522)" OutputAngles="(-30;4)" InputType="engineEnabled" Dir="(-0.939; 0.344; 0)" InputRange="(0;1)" Damping="0.9">

                                                              </Gauge>
                                                              <Gauge Mesh="trucks/arrows/kolob_74760_arrow_02" Org="(4.355; 2.603; 0.465)" OutputAngles="(-30;14)" InputType="engineEnabled" Dir="(-0.939; 0.344; 0)" InputRange="(0;1)" Damping="0.9">

                                                              </Gauge>
                                                              <Gauge Mesh="trucks/arrows/kolob_74760_arrow_01" Org="(4.162; 2.643; 0.043)" OutputAngles="(-134;-25)" InputType="engineEnabled" Dir="(-0.939; 0.344; 0)" InputRange="(0;1)" Damping="0.95">

                                                              </Gauge>
                                                              <Gauge Mesh="trucks/arrows/kolob_74760_arrow_01" Org="(4.162; 2.643; -0.033)" OutputAngles="(-134;5)" InputType="engineEnabled" Dir="(-0.939; 0.344; 0)" InputRange="(0;1)" Damping="0.95">

                                                              </Gauge>
                                                              <Gauge Mesh="trucks/arrows/kolob_74760_arrow_01" Org="(4.162; 2.643; -0.109)" OutputAngles="(-134;-35)" InputType="engineEnabled" Dir="(-0.939; 0.344; 0)" InputRange="(0;1)" Damping="0.95">

                                                              </Gauge>
                                                              <Gauge Mesh="trucks/arrows/kolob_74760_arrow_01" Org="(4.162; 2.643; -0.184)" OutputAngles="(-134;-93)" InputType="engineEnabled" Dir="(-0.939; 0.344; 0)" InputRange="(0;1)" Damping="0.95">

                                                              </Gauge>
                  </Dashboard>
                                                            <SteeringRack FrameSteerRight="BoneRackR2" Frame="BoneRack2" FrameSteerLeft="BoneRackL2" RackHalfSizeZ="1.078">

                                                            </SteeringRack>
                                                            <SteeringRack FrameSteerRight="BoneRackR1" Frame="BoneRack" FrameSteerLeft="BoneRackL1" RackHalfSizeZ="1.078">

                                                            </SteeringRack>
                  <OcclusionMap MaxX="4.88" HalfSizeZ="2.932" MinX="-6.63">

                  </OcclusionMap>
      </TruckData>
      <PhysicsModel Mesh="trucks/kolob_74760">
                    <NetSync Legacy="false">

                    </NetSync>
                    <Body ModelFrame="BoneChassis_cdt" ImpactType="Truck" Mass="28800" NetSync="pv" CenterOfMassOffset="(-1; -0.3; 0)">
                            <Body ModelFrame="BoneMirrorLeft_cdt" _template="SideMirror">

                            </Body>
                            <Body ModelFrame="BoneMirrorRight_cdt" _template="SideMirror">

                            </Body>
                            <Body ModelFrame="BoneMirrorLeft2_cdt" _template="SideMirror">

                            </Body>
                            <Body ModelFrame="BoneMirrorRight2_cdt" _template="SideMirror">

                            </Body>
                            <Body ModelFrame="BoneLeftMudguardFrame1_cdt" _template="MudguardFrame">

                            </Body>
                            <Body ModelFrame="BoneLeftMudguardFrame2_cdt" _template="MudguardFrame">

                            </Body>
                            <Body ModelFrame="BoneRightMudguardFrame1_cdt" _template="MudguardFrame">

                            </Body>
                            <Body ModelFrame="BoneRightMudguardFrame2_cdt" _template="MudguardFrame">

                            </Body>
                            <Body ModelFrame="BoneLeftPanel1_cdt" _template="Panel">

                            </Body>
                            <Body Mass="4" _template="Panel" ModelFrame="BoneLeftPanel2_cdt">
                              <Constraint>
                                  <Motor Type="Spring" Spring="700" Damping="25">

                                  </Motor>
                              </Constraint>
                            </Body>
                            <Body ModelFrame="BoneRightPanel1_cdt" _template="Panel">

                            </Body>
                            <Body Mass="6" _template="Panel" ModelFrame="BoneRightPanel2_cdt">
                              <Constraint>
                                  <Motor Type="Spring" Spring="800" Damping="30">

                                  </Motor>
                              </Constraint>
                            </Body>
                            <Body Mass="5" ModelFrame="BoneCrane1_cdt">
                              <Constraint AxisLocal="(0; 1; 0)" MaxLimit="7" MinLimit="-5" PivotOffset="(0; 0; 0)" Type="Hinge">
                                  <Motor Type="Spring" Spring="0.2" Damping="10">

                                  </Motor>
                              </Constraint>
                              <Body Mass="5" ModelFrame="BoneCrane2_cdt">
                                    <Constraint AxisLocal="(0; 0; 1)" MaxLimit="50" MinLimit="-50" PivotOffset="(0; 0; 0)" Type="Hinge">
                                        <Motor Type="Spring" Spring="0.2" Damping="0.1">

                                        </Motor>
                                    </Constraint>
                              </Body>
                            </Body>
                    </Body>
      </PhysicsModel>
      <ModelAttachments>
                      <StopSignals>
                          <Light Pos="(-4.726; 1.323; 0.005)" _template="StopSignal">

                          </Light>
                              <Flare Pos="(-4.586; 1.402; 1.282)" _template="StopSignal">

                              </Flare>
                              <Flare Pos="(-4.586; 1.402; -1.282)" _template="StopSignal">

                              </Flare>
                              <Flare Pos="(-4.586; 1.356; 1.282)" _template="StopSignal">

                              </Flare>
                              <Flare Pos="(-4.586; 1.356; -1.282)" _template="StopSignal">

                              </Flare>
                      </StopSignals>
                      <Ignition>
                              <Light Pos="(-4.726; 1.2; 0.005)" _template="IgnitionSignalRed" Color="g(168; 12; 0)">

                              </Light>
                              <Light Pos="(4.700; 1.2; 1.1)" _template="IgnitionSignalWhite" Dir="(1; 0; 0)">

                              </Light>
                              <Light Pos="(4.700; 1.2; -1.1)" _template="IgnitionSignalWhite" Dir="(1; 0; 0)">

                              </Light>
                              <Light Pos="(4.700; 1.2; 0.005)" _template="IgnitionSignalRed" Dir="(1; 0; 0)">

                              </Light>
                                <Flare Pos="(-4.586; 1.402; 1.278)" Size="0.1" Dir="(-1; 0; 0)" Color="g(255; 0; 0) x 0.3" _template="IgnitionSignalOrange">

                                </Flare>
                                <Flare Pos="(-4.586; 1.402; -1.278)" Size="0.1" Dir="(-1; 0; 0)" Color="g(255; 0; 0) x 0.3" _template="IgnitionSignalOrange">

                                </Flare>
                                <Flare Pos="(-4.586; 1.356; 1.278)" Size="0.1" Dir="(-1; 0; 0)" Color="g(255; 0; 0) x 0.3" _template="IgnitionSignalOrange">

                                </Flare>
                                <Flare Pos="(-4.586; 1.356; -1.278)" Size="0.1" Dir="(-1; 0; 0)" Color="g(255; 0; 0) x 0.3" _template="IgnitionSignalOrange">

                                </Flare>
                                <Flare Pos="(-4.522; 1.383; 1.489)" Size="0.2" Dir="(0; 0; 1)" Color="g(255; 140; 0) x 0.3" _template="IgnitionSignalOrange">

                                </Flare>
                                <Flare Pos="(-4.522; 1.383; -1.489)" Size="0.2" Dir="(0; 0; -1)" Color="g(255; 140; 0) x 0.3" _template="IgnitionSignalOrange">

                                </Flare>
                                <Flare Pos="(-0.605; 0.883; 1.628)" Size="0.1" Dir="(0; 0; 1)" Color="g(255; 140; 0) x 0.4" _template="IgnitionSignalOrange">

                                </Flare>
                                <Flare Pos="(-0.605; 0.883; -1.628)" Size="0.1" Dir="(0; 0; -1)" Color="g(255; 140; 0) x 0.4" _template="IgnitionSignalOrange">

                                </Flare>
                                <Flare Size="0.05" Dir="(0; 0; 1)" Pos="(0.603; 2.511; 1.269)" _template="IgnitionSignalOrange">

                                </Flare>
                                <Flare Size="0.05" Dir="(0; 0; 1)" Pos="(1.786; 1.54; 1.612)" _template="IgnitionSignalOrange">

                                </Flare>
                                <Flare Size="0.15" Dir="(0; 0; 1)" Pos="(4.493; 1.494; 1.599)" _template="IgnitionSignalOrange">

                                </Flare>
                                <Flare Size="0.05" Dir="(0; 0; -1)" Pos="(1.786; 1.54; -1.612)" _template="IgnitionSignalOrange">

                                </Flare>
                                <Flare Size="0.15" Dir="(0; 0; -1)" Pos="(4.493; 1.494; -1.599)" _template="IgnitionSignalOrange">

                                </Flare>
                                <Flare Size="0.1" Dir="(0; 0; 1)" Pos="(4.225; 3.509; 1.246)" _template="IgnitionSignalOrange">

                                </Flare>
                                <Flare Size="0.1" Dir="(0; 0; -1)" Pos="(4.225; 3.509; -1.246)" _template="IgnitionSignalOrange">

                                </Flare>
                                <Flare Size="0.2" _template="IgnitionSignalWhite" Pos="(4.733; 1.993; 1.008)">

                                </Flare>
                                <Flare Pos="(4.733; 1.993; 1.008)" Size="0.04" DirAngle="40" Color="g(255; 255; 255) x 0.6" _template="IgnitionSignalWhite">

                                </Flare>
                                <Flare Size="0.2" _template="IgnitionSignalWhite" Pos="(4.733; 1.993; -1.008)">

                                </Flare>
                                <Flare Pos="(4.733; 1.993; -1.008)" Size="0.04" DirAngle="40" Color="g(255; 255; 255) x 0.6" _template="IgnitionSignalWhite">

                                </Flare>
                                <Flare Size="0.2" _template="IgnitionSignalWhite" Pos="(4.83; 1.599; 1.124)">

                                </Flare>
                                <Flare Size="0.2" _template="IgnitionSignalWhite" Pos="(4.83; 1.599; -1.124)">

                                </Flare>
                                <Flare Size="0.05" Dir="(1; 0; 0)" Pos="(4.882; 1.449; 1.165)" _template="IgnitionSignalWhite">

                                </Flare>
                                <Flare Size="0.05" Dir="(1; 0; 0)" Pos="(4.882; 1.449; -1.165)" _template="IgnitionSignalWhite">

                                </Flare>
                                <Flare Pos="(4.83; 1.599; -1.286)" Size="0.2" Dir="(1; 0; 0)" Color="g(255; 140; 0) x 0.2" _template="IgnitionSignalOrange">

                                </Flare>
                                <Flare Size="0.15" _template="IgnitionSignalWhite" Pos="(4.846; 1.692; -1.297)">

                                </Flare>
                                <Flare Pos="(4.846; 1.692; -1.297)" Size="0.1" DirAngle="20" Color="g(255; 255; 255) x 0.4" _template="IgnitionSignalWhite">

                                </Flare>
                                <Flare Size="0.15" _template="IgnitionSignalWhite" Pos="(4.846; 1.692; 1.297)">

                                </Flare>
                                <Flare Pos="(4.846; 1.692; 1.297)" Size="0.1" DirAngle="20" Color="g(255; 255; 255) x 0.4" _template="IgnitionSignalWhite">

                                </Flare>
                                <Flare Size="0.15" _template="IgnitionSignalWhite" Pos="(4.846; 1.692; -1.122)">

                                </Flare>
                                <Flare Pos="(4.846; 1.692; -1.122)" Size="0.1" DirAngle="20" Color="g(255; 255; 255) x 0.4" _template="IgnitionSignalWhite">

                                </Flare>
                                <Flare Size="0.15" _template="IgnitionSignalWhite" Pos="(4.846; 1.692; 1.122)">

                                </Flare>
                                <Flare Pos="(4.846; 1.692; 1.122)" Size="0.1" DirAngle="20" Color="g(255; 255; 255) x 0.4" _template="IgnitionSignalWhite">

                                </Flare>
                                <Flare Pos="(4.83; 1.599; 1.286)" Size="0.2" Dir="(1; 0; 0)" Color="g(255; 140; 0) x 0.2" _template="IgnitionSignalOrange">

                                </Flare>
                                <Flare Pos="(4.405; 3.58; 0.151)" Size="0.15" Dir="(1; 0; 0)" Color="g(255; 140; 0) x 0.35" _template="IgnitionSignalOrange">

                                </Flare>
                                <Flare Pos="(4.405; 3.58; 0)" Size="0.15" Dir="(1; 0; 0)" Color="g(255; 140; 0) x 0.35" _template="IgnitionSignalOrange">

                                </Flare>
                                <Flare Pos="(4.405; 3.58; -0.151)" Size="0.15" Dir="(1; 0; 0)" Color="g(255; 140; 0) x 0.35" _template="IgnitionSignalOrange">

                                </Flare>
                      </Ignition>
                      <HeadLight>
                                <Model _template="HeadLightRay" Org="(4.846; 1.692; 1.297)">

                                </Model>
                                <Model _template="HeadLightRay" Org="(4.846; 1.692; -1.297)">

                                </Model>
                                  <Flare Size=".15" Pos="(4.846; 1.692; 1.297)" Color="g(255; 235; 200) x 0.8" _template="HeadLight">

                                  </Flare>
                                  <Flare Size=".15" Pos="(4.846; 1.692; -1.297)" Color="g(255; 235; 200) x 0.8" _template="HeadLight">

                                  </Flare>
                                  <Flare Pos="(4.846; 1.692; 1.297)" _template="BlueStreak">

                                  </Flare>
                                  <Flare Pos="(4.846; 1.692; -1.297)" _template="BlueStreak">

                                  </Flare>
                      </HeadLight>
                      <ReverseSignals>
                                <Light Pos="(-4.726; 1.2; 0.005)" _template="ReverseSignal">

                                </Light>
                                    <Flare Pos="(-4.586; 1.402; 1.209)" _template="ReverseSignal">

                                    </Flare>
                                    <Flare Pos="(-4.586; 1.356; 1.209)" _template="ReverseSignal">

                                    </Flare>
                                    <Flare Pos="(-4.586; 1.402; -1.209)" _template="ReverseSignal">

                                    </Flare>
                                    <Flare Pos="(-4.586; 1.356; -1.209)" _template="ReverseSignal">

                                    </Flare>
                                    <Flare Pos="(-4.586; 1.38; 1.209)" Size="0.4" Dir="(-1; 0; 0)" Color="g(220; 220; 255) x 0.05" _template="BlueStreak">

                                    </Flare>
                                    <Flare Pos="(-4.586; 1.38; -1.209)" Size="0.4" Dir="(-1; 0; 0)" Color="g(220; 220; 255) x 0.05" _template="BlueStreak">

                                    </Flare>
                      </ReverseSignals>
      </ModelAttachments>
  </Truck>
  <_templates Include="trucks">
        <Body>
            <Panel Mass="5" Collisions="None">
                <Constraint AxisLocal="(0; 1; 0)" MaxLimit="0.05" MinLimit="-0.1" Type="Prismatic">
                    <Motor Type="Spring" Spring="600" Damping="50">

                    </Motor>
                </Constraint>
            </Panel>
            <SideMirror Mass="5" Collisions="None">
                  <Constraint AxisLocal="(0; 1; 0)" MaxLimit="0.5" MinLimit="-0.5" Type="Hinge">
                      <Motor Type="Spring" Spring="150" Damping="5">

                      </Motor>
                  </Constraint>
            </SideMirror>
            <MudguardFrame Mass="30" Collisions="None">
                    <Constraint AxisLocal="(1; 0; 0)" MaxLimit="1" MinLimit="-1" Type="Hinge">
                        <Motor Type="Spring" Spring="5500" Damping="70">

                        </Motor>
                    </Constraint>
            </MudguardFrame>
        </Body>
        <Wheel>
              <RearAxle Torque="default" Location="front" ConnectedToHandbrake="true">

              </RearAxle>
              <FirstAxle SteeringCastor="12" Torque="default" Location="front" SteeringAngle="36">

              </FirstAxle>
              <SecondAxle SteeringCastor="4" _template="FirstAxle" SteeringAngle="24">

              </SecondAxle>
        </Wheel>
        <Flare>
                <IgnitionSignalOrange ColorMultAtDay="0.6" DirAngle="135" Size="0.1" Dir="(0; 1; 0)" Color="g(255; 140; 0) x 0.3" AspectRatio="1.4">

                </IgnitionSignalOrange>
                <MarkerBeacon Size="0.5" Color="g(117; 94; 72) x 0.7">

                </MarkerBeacon>
                <HeadLight Reflections="true" SizeMultAtDay="0.5" Size="2.0" Dir="(1; 0; 0)" Color="g(141; 133; 117) x .9" AspectRatio="1.4" ColorMultAtDay="0.7" DirAngle="90">

                </HeadLight>
                <IgnitionSignalWhite DirAngle="90" Size="0.4" Dir="(1; 0; 0)" Color="g(165; 149; 130) x 0.8" AspectRatio="1.4">

                </IgnitionSignalWhite>
        </Flare>
  </_templates>