  <Truck>
      <HeadLight Pos="(5.052; 1.103; 0)" _template="Default" ParentFrame="BoneChassis_cdt">

      </HeadLight>
      <GameData Price="92300" Country="RU,CAS" UnlockByExploration="false" ExcludeAddons="trailer_log_pole" UnlockByRank="1">
              <CraneSocket Pos="(4.777; 1.145; -0.842)">

              </CraneSocket>
              <CraneSocket Pos="(4.777; 1.145; 0.842)">

              </CraneSocket>
              <CraneSocket Pos="(-5.434; 0.912; 0)">

              </CraneSocket>
              <CraneSocket Pos="(-1.422; 0.688; -1.326)">

              </CraneSocket>
              <CraneSocket Pos="(-1.422; 0.688; 1.326)">

              </CraneSocket>
            <UiDesc UiIcon30x30="heavyVehicleImg30" UiName="UI_VEHICLE_KOLOB_74941_NAME" UiIcon328x458="shopImgMZKT" UiIconLogo="KolobLogo80" UiDesc="UI_VEHICLE_KOLOB_74941_DESC" UiIcon40x40="heavyVehicleImg">

            </UiDesc>
                  <AddonSockets>
                      <Socket Offset="(-5.502; 0.905; 0)" Names="Trailer">

                      </Socket>
                      <Socket Offset="(-3.136; 1.86; 0)" Names="LargeSemitrailer, LargeSemitrailerOiltank">

                      </Socket>
                  </AddonSockets>
                  <AddonSockets DefaultAddon="kolob_74941_diff_lock_default">
                    <Socket ParentFrame="BoneChassis_cdt" Offset="(0; 0; 0)" Names="kolob74135DiffLock">

                    </Socket>
                  </AddonSockets>
                  <AddonSockets>
                    <Socket Offset="(-3.136; 1.547; 0)" Names="SaddleHigh1">

                    </Socket>
                  </AddonSockets>
                  <AddonSockets DefaultAddon="kolob_74941_beacon_default">
                    <Socket Offset="(0; 0; 0)" Names="Kolob74941Beacon">

                    </Socket>
                  </AddonSockets>
                  <AddonSockets DefaultAddon="kolob_74941_exhaust_default">
                    <Socket Offset="(0; 0; 0)" Names="Kolob74941Exhaust">

                    </Socket>
                  </AddonSockets>
                  <AddonSockets>
                    <Socket Offset="(0; 0; 0)" Names="Kolob74941Snorkel">

                    </Socket>
                  </AddonSockets>
                  <AddonSockets>
                    <Socket Offset="(0; 0; 0)" Names="Kolob74941Gabarite">

                    </Socket>
                  </AddonSockets>
                  <AddonSockets>
                    <Socket Offset="(0; 0; 0)" NamesBlock="Kolob74941Spotlight, Kolob74941Spotlight2" Names="Kolob74941Horn">

                    </Socket>
                  </AddonSockets>
                  <AddonSockets>
                    <Socket Offset="(0; 0; 0)" Names="Kolob74941Spotlight">

                    </Socket>
                  </AddonSockets>
                  <AddonSockets>
                    <Socket Offset="(0; 0; 0)" NamesBlock="Kolob74941Spotlight, Kolob74941Beacon" Names="Kolob74941Spotlight2">

                    </Socket>
                  </AddonSockets>
                  <AddonSockets>
                    <Socket Offset="(0; 0; 0)" Names="Kolob74941Visor">

                    </Socket>
                  </AddonSockets>
                  <AddonSockets>
                    <Socket Offset="(0; 0; 0)" Names="Kolob74941Bumper">

                    </Socket>
                  </AddonSockets>
                  <AddonSockets>
                    <Socket Names="StuffDashboard" Offset="(2.479; 2.777; 0.266)" InCockpit="true">

                    </Socket>
                  </AddonSockets>
                  <AddonSockets>
                    <Socket Names="kolob74941Sticker_1x1_01" InCockpit="true">

                    </Socket>
                  </AddonSockets>
                  <AddonSockets>
                    <Socket Names="kolob74941Sticker_1x1_02" InCockpit="true">

                    </Socket>
                  </AddonSockets>
                  <AddonSockets>
                    <Socket Names="kolob74941Sticker_1x1_03" InCockpit="true">

                    </Socket>
                  </AddonSockets>
                  <AddonSockets>
                    <Socket Names="kolob74941Sticker_1x2_01" InCockpit="true">

                    </Socket>
                  </AddonSockets>
                  <AddonSockets>
                    <Socket Names="kolob74941Sticker_1x2_02" InCockpit="true">

                    </Socket>
                  </AddonSockets>
                  <AddonSockets>
                    <Socket Names="kolob74941Sticker_1x4_01" InCockpit="true">

                    </Socket>
                  </AddonSockets>
                  <AddonSockets>
                    <Socket Names="kolob74941Sticker_GlassTop" InCockpit="true">

                    </Socket>
                  </AddonSockets>
                  <AddonSockets>
                    <Socket Names="kolob74941Sticker_GlassBottom" InCockpit="true">

                    </Socket>
                  </AddonSockets>
                  <AddonSockets>
                    <Socket Names="kolob74941Sticker_Door_R">

                    </Socket>
                  </AddonSockets>
                  <AddonSockets>
                    <Socket Names="kolob74941Sticker_Door_L">

                    </Socket>
                  </AddonSockets>
                  <AddonSockets>
                    <Socket Names="kolob74941Sticker_Capote">

                    </Socket>
                  </AddonSockets>
                  <AddonSockets>
                    <Socket Names="kolob74941Sticker_Roof">

                    </Socket>
                  </AddonSockets>
                  <AddonSockets>
                    <Socket Names="StuffAirfreshener" Offset="(2.654; 3.505; 0.485)" InCockpit="true">

                    </Socket>
                  </AddonSockets>
            <CustomizationCameras>
                        <CameraPos Interior="true" Position="(6.831; 5.649; -1.387)" Name="roof_sticker" InterestPosition="(2.635; 1.307; -0.745)" FOV="32.0">

                        </CameraPos>
                        <CameraPos Interior="true" Position="(4.391; 3.487; -0.943)" Name="sticker_1" InterestPosition="(6.876; 0.781; 0.876)" FOV="32.0">

                        </CameraPos>
                        <CameraPos MaxZoom="2" MaxYRotation="360" Position="(-11.556; 4.444; 8.243)" MaxXRotation="360" Name="addon_1" InterestPosition="(-1.765; 1.692; -0)" FOV="32.0">

                        </CameraPos>
                        <CameraPos MaxZoom="2" MaxYRotation="360" Position="(-8.093; 2.337; -6.718)" MaxXRotation="360" Name="addon_2" InterestPosition="(3.194; 1.807; 0)" FOV="32.0">

                        </CameraPos>
                        <CameraPos Interior="true" Position="(3.839; 3.187; -0.833)" Name="mirror_mount" InterestPosition="(7.444; 3.324; 0.942)" FOV="32.0">

                        </CameraPos>
                        <CameraPos MaxZoom="2" MaxYRotation="360" Position="(-1.446; 4.761; -4.592)" MaxXRotation="360" Name="side_r" InterestPosition="(3.151; 2.581; -0)" FOV="32.0">

                        </CameraPos>
                        <CameraPos Interior="true" Position="(4.012; 3.396; -0.001)" Name="sticker" InterestPosition="(7.243; 0.781; 1.878)" FOV="32.0">

                        </CameraPos>
                        <CameraPos Interior="true" Position="(8.386; 3.765; 1.074)" Name="glass_sticker" InterestPosition="(4.073; 2.539; -1.191)" FOV="32.0">

                        </CameraPos>
                        <CameraPos Interior="true" Position="(1.936; 2.744; 3.161)" Name="door_r_sticker" InterestPosition="(4.185; 2.267; 1.957)" FOV="32.0">

                        </CameraPos>
                        <CameraPos MaxZoom="2" MaxYRotation="360" Position="(10.787; 4.806; -3.717)" MaxXRotation="360" Name="roof" InterestPosition="(4.758; 2.358; -0)" FOV="32.0">

                        </CameraPos>
                        <CameraPos Interior="true" Position="(9.711; 4.321; -0.916)" Name="capote_sticker" InterestPosition="(5.143; 1.217; -0.167)" FOV="32.0">

                        </CameraPos>
                        <CameraPos MaxZoom="2" MaxYRotation="360" Position="(13.576; 1.402; -3.863)" MaxXRotation="360" Name="hoods" InterestPosition="(5.716; 1.735; 0)" FOV="32.0">

                        </CameraPos>
                        <CameraPos Interior="true" Position="(5.221; 1.595; 0.03)" Name="sticker_2" InterestPosition="(6.662; 0.61; 1.935)" FOV="32.0">

                        </CameraPos>
                        <CameraPos MaxZoom="2" MaxYRotation="360" Position="(9.503; 4.502; 4.533)" MaxXRotation="360" Name="side_l" InterestPosition="(4.996; 2.278; 0)" FOV="32.0">

                        </CameraPos>
                        <CameraPos Interior="true" Position="(4.366; 3.198; -0.562)" Name="bubble_head" InterestPosition="(8.466; 0.731; 1.569)" FOV="32.0">

                        </CameraPos>
                        <CameraPos MaxZoom="2" MaxYRotation="360" Position="(6.058; 2.362; -6.974)" MaxXRotation="360" Name="wheels" InterestPosition="(3.407; 0.627; -0)" FOV="32.0">

                        </CameraPos>
                        <CameraPos MaxZoom="2" MaxYRotation="360" Position="(13.576; 1.402; -3.863)" MaxXRotation="360" Name="default" InterestPosition="(5.716; 1.735; 0)" FOV="32.0">

                        </CameraPos>
                        <CameraPos MaxZoom="2" MaxYRotation="360" Position="(-5.767; 1.805; 2.899)" MaxXRotation="360" Name="rear" InterestPosition="(0.479; 0.992; -0)" FOV="32.0">

                        </CameraPos>
                        <CameraPos Interior="true" Position="(2.237; 2.62; -3.149)" Name="door_l_sticker" InterestPosition="(3.456; 2.225; 0.304)" FOV="32.0">

                        </CameraPos>
            </CustomizationCameras>
                      <WinchSocket Pos="(4.777; 1.145; -0.842)">

                      </WinchSocket>
                      <WinchSocket Pos="(4.777; 1.145; 0.842)">

                      </WinchSocket>
                      <WinchSocket Pos="(-5.434; 0.912; 0)">

                      </WinchSocket>
                      <WinchSocket Pos="(-1.422; 0.688; -1.326)">

                      </WinchSocket>
                      <WinchSocket Pos="(-1.422; 0.688; 1.326)">

                      </WinchSocket>
      </GameData>
      <Landmark MaxScale="2.8" MinScale="1.8" Mesh="landmarks/kolob_74941_lmk">

      </Landmark>
      <TruckData BackSteerSpeed="0.025" DiffLockType="Installed" EngineIconScale="1.5" TruckType="HEAVY" FuelCapacity="340" EngineStartDelay="3.2" SteerSpeed="0.018" ExhaustStartTime="2.8" Responsiveness="0.15" TruckImage="KOLOBmchr" EngineIconMesh="env/engine_big">
                  <Steam Origin="(0.324; 1.902; 0)">

                  </Steam>
                  <Steam Scale="0.7" Origin="(1.29; 1.219; 0)">

                  </Steam>
                <Intake Size="0.8" Dir="(1; 0; 0)" Origin="(4.725; 1.763; 0)">

                </Intake>
                <GearboxSocket Default="g_special_default" Type="gearboxes_special, gearboxes_special_kolob">

                </GearboxSocket>
                <Wheels DefaultRim="rim_1" DefaultWheelType="wheels_superheavy_single" DefaultTire="mudtires_1">
                            <Wheel Pos="(2.199; 0.745; 1.265)" _template="FirstAxle">

                            </Wheel>
                            <Wheel Pos="(2.199; 0.745; 1.265)" _template="FirstAxle" RightSide="true">

                            </Wheel>
                            <Wheel Pos="(-0.001; 0.745; 1.265)" _template="SecondAxle">

                            </Wheel>
                            <Wheel Pos="(-0.001; 0.745; 1.265)" _template="SecondAxle" RightSide="true">

                            </Wheel>
                            <Wheel Pos="(-2.751; 0.745; 1.265)" _template="RearAxle">

                            </Wheel>
                            <Wheel Pos="(-2.751; 0.745; 1.265)" _template="RearAxle" RightSide="true">

                            </Wheel>
                            <Wheel Pos="(-4.451; 0.745; 1.265)" _template="RearAxle">

                            </Wheel>
                            <Wheel Pos="(-4.451; 0.745; 1.265)" _template="RearAxle" RightSide="true">

                            </Wheel>
                </Wheels>
                <WinchUpgradeSocket Default="w_heavy_trucks_default" Type="winches_heavy_trucks" IsUpgradable="true">

                </WinchUpgradeSocket>
                <SteeringWheel Frame="BoneSteering">

                </SteeringWheel>
                <Damage SensationMax="(2.622; 1.915; 1.225)" Capacity="800" ParentFrame="BoneChassis_cdt" SensationMin="(0.405; 3.593; -1.28)">
                                  <DamageArea Max="(4.700; 2.5; 0.7)" ParentFrame="BoneChassis_cdt" Min="(2.688; 0.95; -0.7)" Type="Engine">

                                  </DamageArea>
                                  <DamageArea Max="(-0.7; 1.6; 1.46)" ParentFrame="BoneChassis_cdt" Min="(-2.3; 0.6; -1.46)" Type="FuelTank">

                                  </DamageArea>
                </Damage>
                                <LimitedFluid Center="(-1.419; 1.113; 0.972)" Type="Box" SizeX="0.88" SizeZ="0.806" SizeY="0.612">

                                </LimitedFluid>
                                <LimitedFluid Center="(-1.419; 1.113; -0.978)" Type="Box" SizeX="0.88" SizeZ="0.806" SizeY="0.612">

                                </LimitedFluid>
                <EngineSocket Default="ru_special_engine_0" Type="e_ru_special">

                </EngineSocket>
                <SoundsDamage _template="Heavy">

                </SoundsDamage>
                <Camera Center="(-1.7; 0; 0)" ParentFrame="BoneChassis_cdt">
                                        <Cockpit WindshieldShadingTexture="trucks/kolob_74941_glass__sh_d.tga" WindshieldDiffuseTexture="trucks/kolob_74941_glass__d_a.tga" ViewPos="(1.65; 3.165; 0.664)" _template="Default">
                                              <Mirror MeshFrame="mirror_left" Pos="(2.073; 3.011; 1.739)" Size="(0.236; 0.436)" ReflectionDir="(-0.857; 0; -0.515)" FOVScale="1.8" ClipDir="(-0.857; 0; -0.515)">

                                              </Mirror>
                                              <Mirror Pos="(2.077; 3.011; -1.739)" MeshFrame="mirror_right" FOVScale="2.4" Size="(0.236; 0.436)" ReflectionDir="(-0.772; -0; 0.636)" ClipDir="(-0.772; -0; 0.636)" ClipOffset="0.2">

                                              </Mirror>
                                        </Cockpit>
                </Camera>
                <Shafts>
                                            <Shaft SocketPointA="Shaft1a" SocketPointB="Shaft1b">

                                            </Shaft>
                                            <Shaft SocketPointA="Shaft2a" SocketPointB="Shaft2b">

                                            </Shaft>
                                            <Shaft SocketPointA="Shaft3a" SocketPointB="Shaft3b">

                                            </Shaft>
                </Shafts>
                <FuelTank DamageCapacity="100">

                </FuelTank>
                <SoundsWheels _template="Default">

                </SoundsWheels>
                <SuspensionSocket Default="kolob_74941_suspension_default" MaxWheelRadiusWithoutSuspension="0.76" Type="s_kolob_74941">

                </SuspensionSocket>
                <Axles>
                                                    <Axle Frame="BoneAxleL1">

                                                    </Axle>
                                                    <Axle Frame="BoneAxleR1">

                                                    </Axle>
                                                    <Axle Frame="BoneAxleL2">

                                                    </Axle>
                                                    <Axle Frame="BoneAxleR2">

                                                    </Axle>
                                                    <Axle Frame="BoneAxleL3">

                                                    </Axle>
                                                    <Axle Frame="BoneAxleR3">

                                                    </Axle>
                                                    <Axle Frame="BoneAxleL4">

                                                    </Axle>
                                                    <Axle Frame="BoneAxleR4">

                                                    </Axle>
                </Axles>
                <CompatibleWheels Scale="0.745" Type="wheels_superheavy_single">

                </CompatibleWheels>
                <Sounds _template="Default" DisableReversePitch="true" Origin="(3.1; 1.95; 0)" MinDist="15.0">
                                                      <EngineHigh Sound="trucks/kolob_74941/kolob_74941_high">

                                                      </EngineHigh>
                                                      <ChassisStress Sound="trucks/common/truck_stress_rnd_set/truck_stress_rnd">

                                                      </ChassisStress>
                                                      <HandbrakeOff Sound="trucks/kolob_74941/kolob_74941_handbrake_off">

                                                      </HandbrakeOff>
                                                      <BrakesSqueal Sound="trucks/kolob_74941/kolob_74941_brakes_squeal">

                                                      </BrakesSqueal>
                                                      <EngineStart Sound="trucks/kolob_74941/kolob_74941_start">

                                                      </EngineStart>
                                                      <AbruptStop Sound="trucks/common/truck_swing_big_rnd_set/truck_swing_big_rnd">

                                                      </AbruptStop>
                                                      <EngineLow_2d IsSound2D="true" Sound="trucks/kolob_74941/kolob_74941_low_2d">

                                                      </EngineLow_2d>
                                                      <EngineHeavy_2d IsSound2D="true" Sound="trucks/kolob_74941/kolob_74941_heavy_2d">

                                                      </EngineHeavy_2d>
                                                      <EngineHeavy Sound="trucks/kolob_74941/kolob_74941_heavy">

                                                      </EngineHeavy>
                                                      <Honk Sound="trucks/kolob_74941/kolob_74941_honk">

                                                      </Honk>
                                                      <EngineHigh_2d IsSound2D="true" Sound="trucks/kolob_74941/kolob_74941_high_2d">

                                                      </EngineHigh_2d>
                                                      <EngineLow Sound="trucks/kolob_74941/kolob_74941_low">

                                                      </EngineLow>
                                                      <EngineIdle_2d IsSound2D="true" Sound="trucks/kolob_74941/kolob_74941_idle_2d">

                                                      </EngineIdle_2d>
                                                      <EngineStop Sound="trucks/kolob_74941/kolob_74941_stop">

                                                      </EngineStop>
                                                      <EngineIdle Sound="trucks/kolob_74941/kolob_74941_idle">

                                                      </EngineIdle>
                                                      <Reverse Sound="trucks/kolob_74941/kolob_74941_back_beeper">

                                                      </Reverse>
                                                      <BrakeRelease Sound="trucks/kolob_74760/kolob_74760_brake_release">

                                                      </BrakeRelease>
                                                      <EngineRev Sound="">

                                                      </EngineRev>
                                                      <EngineAccel Sound="trucks/kolob_74941/kolob_74941_rev">

                                                      </EngineAccel>
                                                      <Handbrake Sound="trucks/kolob_74941/kolob_74941_handbrake_on">

                                                      </Handbrake>
                </Sounds>
                <Driver Pos="(1.718; 2.349; 0.663)" AnimationSet="HeavyTruck" SteeringWheelPos="(2.105; 2.695; 0.664)">

                </Driver>
                <Dashboard>
                                                            <Gauge Mesh="trucks/arrows/kolob_74941_arrow_03" Org="(2.362; 2.605; 0.997)" OutputAngles="(-40;0)" InputType="engineEnabled" Dir="(-0.878; 0.151; -0.453)" InputRange="(0;1)" Damping="0.9">

                                                            </Gauge>
                                                            <Gauge Mesh="trucks/arrows/kolob_74941_arrow_03" Org="(2.352; 2.528; 0.992)" OutputAngles="(-40;0)" InputType="engineEnabled" Dir="(-0.878; 0.151; -0.453)" InputRange="(0;1)" Damping="0.9995">

                                                            </Gauge>
                                                            <Gauge Mesh="trucks/arrows/kolob_74941_arrow_03" Org="(2.417; 2.625; 0.84)" OutputAngles="(-40;0)" InputType="engineEnabled" Dir="(-0.985; 0.174; -0)" InputRange="(0;1)" Damping="0.9995">

                                                            </Gauge>
                                                            <Gauge Mesh="trucks/arrows/kolob_74941_arrow_02" Org="(2.415; 2.612; 0.744)" OutputAngles="(-135;0)" InputType="speed" Dir="(-0.985; 0.173; -0)" InputRange="(0;160)" Damping="0.9">

                                                            </Gauge>
                                                            <Gauge Mesh="trucks/arrows/kolob_74941_arrow_02" Org="(2.415; 2.612; 0.58)" OutputAngles="(135;-90)" InputType="rpm" Dir="(-0.985; 0.173; -0)" InputRange="(0;1)" Damping="0.9">

                                                            </Gauge>
                                                            <Gauge Mesh="trucks/arrows/kolob_74941_arrow_03" Org="(2.417; 2.626; 0.485)" OutputAngles="(-40;40)" InputType="fuel" Dir="(-0.985; 0.173; -0)" InputRange="(0;1)" Damping="0.9">

                                                            </Gauge>
                                                            <Gauge Mesh="trucks/arrows/kolob_74941_arrow_01" Org="(2.345; 2.669; 0.339)" OutputAngles="(-125;60)" InputType="engineEnabled" Dir="(-0.722; 0.145; 0.677)" InputRange="(0;1)" Damping="0.9">

                                                            </Gauge>
                                                            <Gauge Mesh="trucks/arrows/kolob_74941_arrow_01" Org="(2.304; 2.681; 0.292)" OutputAngles="(-125;60)" InputType="engineEnabled" Dir="(-0.722; 0.145; 0.677)" InputRange="(0;1)" Damping="0.9">

                                                            </Gauge>
                                                            <Gauge Mesh="trucks/arrows/kolob_74941_arrow_01" Org="(2.333; 2.605; 0.341)" OutputAngles="(-125;20)" InputType="engineEnabled" Dir="(-0.722; 0.145; 0.677)" InputRange="(0;1)" Damping="0.9">

                                                            </Gauge>
                </Dashboard>
                                                          <SteeringRack FrameSteerRight="BoneRackR2" Frame="BoneRack2" FrameSteerLeft="BoneRackL2" RackHalfSizeZ="1.025">

                                                          </SteeringRack>
                                                          <SteeringRack FrameSteerRight="BoneRackR1" Frame="BoneRack" FrameSteerLeft="BoneRackL1" RackHalfSizeZ="1.025">

                                                          </SteeringRack>
                <OcclusionMap MaxX="4.5" HalfSizeZ="2.932" MinX="-5.3">

                </OcclusionMap>
      </TruckData>
      <PhysicsModel Mesh="trucks/kolob_74941">
                  <NetSync Legacy="false">

                  </NetSync>
                  <Body ModelFrame="BoneChassis_cdt" ImpactType="Truck" Mass="26500" NetSync="pv" CenterOfMassOffset="(-1; -1.3; 0)">
                          <Body ModelFrame="BoneMirrorLeft_cdt" _template="SideMirror">

                          </Body>
                          <Body ModelFrame="BoneMirrorRight_cdt" _template="SideMirror">

                          </Body>
                          <Body ModelFrame="BoneLeftMudguard_cdt" _template="Mudguard">
                            <Constraint AxisLocal="(0; 0; -1)" MaxLimit="40" MinLimit="-10">

                            </Constraint>
                          </Body>
                          <Body ModelFrame="BoneRightMudguard_cdt" _template="Mudguard">
                            <Constraint AxisLocal="(0; 0; -1)" MaxLimit="40" MinLimit="-10">

                            </Constraint>
                          </Body>
                          <Body ModelFrame="BoneLeftPanel1_cdt" _template="Panel">

                          </Body>
                          <Body ModelFrame="BoneLeftPanel2_cdt" _template="Panel">

                          </Body>
                          <Body ModelFrame="BoneRightPanel1_cdt" _template="Panel">

                          </Body>
                          <Body ModelFrame="BoneRightPanel2_cdt" _template="Panel">

                          </Body>
                          <Body Mass="10" ModelFrame="BoneHandle_cdt">
                            <Constraint AxisLocal="(1; 0; 0)" MaxLimit="70" MinLimit="-70" PivotOffset="(0; 0; 0)" Type="Hinge">
                                <Motor Type="Spring" Spring="0.2" Damping="0.52">

                                </Motor>
                            </Constraint>
                          </Body>
                          <Body Mass="5" ModelFrame="BoneCable1_cdt">
                            <Constraint AxisLocal="(0; 0; 1)" MaxLimit="28" MinLimit="-7" PivotOffset="(0; 0; 0)" Type="Hinge">
                                <Motor Type="Spring" Spring="0.2" Damping="0.02">

                                </Motor>
                            </Constraint>
                            <Body Mass="0.02" ModelFrame="BoneCable1b_cdt">
                                  <Constraint AxisLocal="(0; 0; 1)" MaxLimit="0.2" MinLimit="-0.4" Type="Prismatic">
                                      <Motor Type="Spring" Spring="3" Damping="0.1">

                                      </Motor>
                                  </Constraint>
                            </Body>
                          </Body>
                          <Body Mass="5" ModelFrame="BoneCable2_cdt">
                            <Constraint AxisLocal="(0; 0; 1)" MaxLimit="70" MinLimit="-35" PivotOffset="(0; 0; 0)" Type="Hinge">
                                <Motor Type="Spring" Spring="0.2" Damping="0.02">

                                </Motor>
                            </Constraint>
                          </Body>
                          <Body Mass="5" ModelFrame="BoneCable3_cdt">
                            <Constraint AxisLocal="(0; 0; 1)" MaxLimit="90" MinLimit="-90" PivotOffset="(0; 0; 0)" Type="Hinge">
                                <Motor Type="Spring" Spring="0.05" Damping="0.08">

                                </Motor>
                            </Constraint>
                          </Body>
                          <Body Mass="5" Collisions="None" ModelFrame="BoneBox_cdt">
                            <Constraint LinearLimitsX="(-0.03;0.03)" LinearLimitsZ="(-0.03;0.03)" LinearLimitsY="(0;0.01)" Type="Fixed">
                                <Motor Type="Spring" Spring="150" Damping="400">

                                </Motor>
                            </Constraint>
                          </Body>
                          <Body Mass="5" ModelFrame="BoneCrane1_cdt">
                            <Constraint AxisLocal="(0; 1; 0)" MaxLimit="5" MinLimit="-95" PivotOffset="(0; 0; 0)" Type="Hinge">
                                <Motor Type="Spring" Spring="0.2" Damping="10">

                                </Motor>
                            </Constraint>
                            <Body Mass="5" ModelFrame="BoneCrane2_cdt">
                                  <Constraint AxisLocal="(0; 0; 1)" MaxLimit="50" MinLimit="-50" PivotOffset="(0; 0; 0)" Type="Hinge">
                                      <Motor Type="Spring" Spring="0.2" Damping="0.08">

                                      </Motor>
                                  </Constraint>
                            </Body>
                          </Body>
                          <Body Mass="25" ModelFrame="BoneRope1_cdt">
                            <Constraint AxisLocal="(1; 0; 0)" MaxLimit="15" MinLimit="-15" PivotOffset="(0; 0; 0)" Type="Hinge">
                                <Motor Type="Spring" Spring="5" Damping="10">

                                </Motor>
                            </Constraint>
                          </Body>
                          <Body Mass="5" ModelFrame="BoneRope2_cdt">
                            <Constraint AxisLocal="(0; 0; 1)" MaxLimit="0.05" MinLimit="-0.1" PivotOffset="(0; 0; 0)" Type="Prismatic">
                                <Motor Type="Spring" Spring="250" Damping="30">

                                </Motor>
                            </Constraint>
                          </Body>
                          <Body Mass="5" Collisions="None" ModelFrame="BoneCrane3_cdt">
                            <Constraint LinearLimitsX="(-0.03;0.03)" LinearLimitsZ="(-0.03;0.03)" LinearLimitsY="(0;0)" Type="Fixed">
                                <Motor Type="Spring" Spring="250" Damping="30">

                                </Motor>
                            </Constraint>
                          </Body>
                          <Body Mass="3" Collisions="None" ModelFrame="BoneLeftMudguardFrame_cdt">
                            <Constraint AxisLocal="(1; 0; 0)" MaxLimit="2" MinLimit="0" PivotOffset="(0; 0; 0)" Type="Hinge">
                                <Motor Type="Spring" Spring="100" Damping="1">

                                </Motor>
                            </Constraint>
                          </Body>
                          <Body Mass="3" Collisions="None" ModelFrame="BoneRightMudguardFrame_cdt">
                            <Constraint AxisLocal="(1; 0; 0)" MaxLimit="0" MinLimit="-2" PivotOffset="(0; 0; 0)" Type="Hinge">
                                <Motor Type="Spring" Spring="100" Damping="1">

                                </Motor>
                            </Constraint>
                          </Body>
                          <Body Mass="3" Collisions="None" ModelFrame="BoneLeftMudguardFrameFront_cdt">
                            <Constraint AxisLocal="(1; 0; 0)" MaxLimit="2" MinLimit="0" PivotOffset="(0; 0; 0)" Type="Hinge">
                                <Motor Type="Spring" Spring="100" Damping="1">

                                </Motor>
                            </Constraint>
                          </Body>
                          <Body Mass="3" Collisions="None" ModelFrame="BoneRightMudguardFrameFront_cdt">
                            <Constraint AxisLocal="(1; 0; 0)" MaxLimit="0" MinLimit="-2" PivotOffset="(0; 0; 0)" Type="Hinge">
                                <Motor Type="Spring" Spring="100" Damping="1">

                                </Motor>
                            </Constraint>
                          </Body>
                  </Body>
      </PhysicsModel>
      <ModelAttachments>
                    <StopSignals>
                        <Light Pos="(-5.305; 1.333; 0)" _template="StopSignal">

                        </Light>
                            <Flare Pos="(-5.305; 1.333; -1.236)" _template="StopSignal">

                            </Flare>
                            <Flare Pos="(-5.305; 1.333; 1.236)" _template="StopSignal">

                            </Flare>
                    </StopSignals>
                    <Ignition>
                            <Light Pos="(5; 1.013; 1.1)" _template="IgnitionSignalWhite">

                            </Light>
                            <Light Pos="(5; 1.013; -1.1)" _template="IgnitionSignalWhite">

                            </Light>
                            <Light Pos="(-5.8; 1.025; -0)" _template="IgnitionSignalRed">

                            </Light>
                              <Flare Size="0.4" _template="MarkerBeacon" Pos="(2.569; 3.653; -0.225)">

                              </Flare>
                              <Flare Size="0.4" _template="MarkerBeacon" Pos="(2.569; 3.653; 0)">

                              </Flare>
                              <Flare Size="0.4" _template="MarkerBeacon" Pos="(2.569; 3.653; 0.225)">

                              </Flare>
                              <Flare Pos="(4.667; 1.261; -1.176)" _template="IgnitionSignalWhite">

                              </Flare>
                              <Flare Pos="(4.667; 1.261; 1.176)" _template="IgnitionSignalWhite">

                              </Flare>
                              <Flare Size="0.12" Pos="(4.659; 1.186; -1.412)" Color="g(165; 149; 130) x 0.6" _template="IgnitionSignalWhite">

                              </Flare>
                              <Flare Size="0.12" Pos="(4.659; 1.186; 1.412)" Color="g(165; 149; 130) x 0.6" _template="IgnitionSignalWhite">

                              </Flare>
                              <Flare Size="0.12" Pos="(4.694; 1.298; -1.412)" Color="g(165; 149; 130) x 0.6" _template="IgnitionSignalWhite">

                              </Flare>
                              <Flare Size="0.12" Pos="(4.694; 1.298; 1.412)" Color="g(165; 149; 130) x 0.6" _template="IgnitionSignalWhite">

                              </Flare>
                              <Flare Pos="(4.601; 1.928; -0.831)" _template="IgnitionSignalWhite" Color="g(165; 149; 130) x 1">

                              </Flare>
                              <Flare Pos="(4.601; 1.928; 0.831)" _template="IgnitionSignalWhite" Color="g(165; 149; 130) x 1">

                              </Flare>
                              <Flare Pos="(3.617; 1.365; -1.576)" _template="IgnitionSignalOrange" Dir="(0; 0; -1)">

                              </Flare>
                              <Flare Pos="(3.617; 1.365; 1.576)" _template="IgnitionSignalOrange" Dir="(0; 0; 1)">

                              </Flare>
                              <Flare Pos="(4.586; 1.25; -1.627)" _template="MarkerBeacon" Dir="(0; 0; -1)">

                              </Flare>
                              <Flare Pos="(4.586; 1.25; 1.627)" _template="MarkerBeacon" Dir="(0; 0; 1)">

                              </Flare>
                              <Flare Pos="(-1.424; 0.936; -1.443)" _template="IgnitionSignalOrange" Dir="(0; 0; -1)">

                              </Flare>
                              <Flare Pos="(-1.424; 0.936; 1.443)" _template="IgnitionSignalOrange" Dir="(0; 0; 1)">

                              </Flare>
                              <Flare Pos="(-5.245; 1.33; -1.375)" _template="IgnitionSignalOrange" Dir="(0; 0; -1)">

                              </Flare>
                              <Flare Pos="(-5.245; 1.33; 1.375)" _template="IgnitionSignalOrange" Dir="(0; 0; 1)">

                              </Flare>
                              <Flare Pos="(-5.289; 1.328; -1.331)" _template="IgnitionSignalOrange" Dir="(-1; 0; 0)">

                              </Flare>
                              <Flare Pos="(-5.289; 1.328; 1.331)" _template="IgnitionSignalOrange" Dir="(-1; 0; 0)">

                              </Flare>
                              <Flare Pos="(-5.305; 1.333; -1.236)" _template="IgnitionSignalRed">

                              </Flare>
                              <Flare Pos="(-5.305; 1.333; 1.236)" _template="IgnitionSignalRed">

                              </Flare>
                    </Ignition>
                    <HeadLight>
                              <Model _template="HeadLightRay" Org="(4.634; 1.928; -0.831)" ParentFrame="BoneChassis_cdt">

                              </Model>
                              <Model _template="HeadLightRay" Org="(4.634; 1.928; 0.831)" ParentFrame="BoneChassis_cdt">

                              </Model>
                              <Model _template="HeadLightRay" Org="(4.896; 1.261; -1.176)" ParentFrame="BoneChassis_cdt">

                              </Model>
                              <Model _template="HeadLightRay" Org="(4.896; 1.261; 1.176)" ParentFrame="BoneChassis_cdt">

                              </Model>
                                <Flare ParentFrame="BoneChassis_cdt" Pos="(4.601; 1.928; -0.831)" Size=".4" _template="HeadLight">

                                </Flare>
                                <Flare ParentFrame="BoneChassis_cdt" Pos="(4.601; 1.928; 0.831)" Size=".4" _template="HeadLight">

                                </Flare>
                                <Flare ParentFrame="BoneChassis_cdt" Pos="(4.667; 1.261; -1.176)" Size=".5" _template="HeadLight">

                                </Flare>
                                <Flare ParentFrame="BoneChassis_cdt" Pos="(4.667; 1.261; 1.176)" Size=".5" _template="HeadLight">

                                </Flare>
                                <Flare Pos="(4.634; 1.928; -0.831)" _template="BlueStreak" ParentFrame="BoneChassis_cdt">

                                </Flare>
                                <Flare Pos="(4.634; 1.928; 0.831)" _template="BlueStreak" ParentFrame="BoneChassis_cdt">

                                </Flare>
                                <Flare Pos="(4.698; 1.261; -1.176)" _template="BlueStreak" ParentFrame="BoneChassis_cdt">

                                </Flare>
                                <Flare Pos="(4.698; 1.261; 1.176)" _template="BlueStreak" ParentFrame="BoneChassis_cdt">

                                </Flare>
                    </HeadLight>
                    <ReverseSignals>
                              <Light Pos="(-1.104; 3.451; 0.587)" _template="ReverseSignal">

                              </Light>
                                  <Flare Size="0.7" _template="ReverseSignal" Pos="(-1.088; 3.451; 0.724)">

                                  </Flare>
                                  <Flare Size="0.7" _template="ReverseSignal" Pos="(-1.088; 3.451; 0.451)">

                                  </Flare>
                                  <Flare Pos="(-1.088; 3.451; 0.587)" Size="0.4" Dir="(-1; 0; 0)" Color="g(220; 220; 255) x 0.05" _template="BlueStreak">

                                  </Flare>
                    </ReverseSignals>
      </ModelAttachments>
  </Truck>
  <_templates Include="trucks">
        <Body>
            <Panel Mass="0.1" Collisions="None">
                <Constraint AxisLocal="(0; 1; 0)" MaxLimit="0.15" MinLimit="-0.05" Type="Prismatic">
                    <Motor Type="Spring" Spring="35" Damping="2">

                    </Motor>
                </Constraint>
            </Panel>
            <SideMirror Mass="5" Collisions="None">
                  <Constraint AxisLocal="(0; 1; 0)" MaxLimit="15" MinLimit="-15" Type="Hinge">
                      <Motor Type="Spring" Spring="150" Damping="1">

                      </Motor>
                  </Constraint>
            </SideMirror>
        </Body>
        <Wheel>
              <RearAxle Torque="default" Location="rear" ConnectedToHandbrake="true">

              </RearAxle>
              <FirstAxle SteeringCastor="12" Torque="full" Location="front" SteeringAngle="36">

              </FirstAxle>
              <SecondAxle SteeringCastor="4" _template="FirstAxle" SteeringAngle="24">

              </SecondAxle>
        </Wheel>
        <Flare>
                <IgnitionSignalOrange ColorMultAtDay="0.6" DirAngle="135" Size="0.08" Dir="(0; 1; 0)" Color="g(255; 140; 0) x 0.22" AspectRatio="1.4">

                </IgnitionSignalOrange>
                <Beacon SizeMultAtDay="0.25" DirAngle="180" Size="1.8" ColorMultAtDay="0.3" Color="g(255; 174; 0) x 0.4" AspectRatio="1.4">

                </Beacon>
        </Flare>
  </_templates>