  <Truck>
      <PhysicsModel Mesh="trucks/pacific_p16">
          <NetSync Legacy="false">

          </NetSync>
          <Body ModelFrame="BoneChassis_cdt" ImpactType="Truck" Mass="10000" NetSync="pv" CenterOfMassOffset="(-1; 0; 0)">
                <Body ModelFrame="BoneCabin_cdt" ImpactType="Truck" Mass="15000" NetSync="pv" CenterOfMassOffset="(1; 0; 0)">
                    <Constraint AxisLocal="(1; 0; 0)" MaxLimit="22" MinLimit="-22" PivotOffset="(0; 0; 0)" Type="Hinge">
                        <Motor Type="Spring" Spring="4000000" Damping="0.001">

                        </Motor>
                    </Constraint>
                        <Body ModelFrame="SeatBelt_cdt" Mass="1" Collisions="None" CenterOfMassOffset="(0; 0; 0)">
                          <Constraint AxisLocal="(1; 0; 0)" MaxLimit="0.1" MinLimit="-0.05" Type="Prismatic">
                              <Motor Type="Spring" Spring="400" Damping="40">

                              </Motor>
                          </Constraint>
                        </Body>
                        <Body Mass="10" ImpactType="Truck" ModelFrame="BoneStickMirrorRight_cdt">
                          <Constraint Cone="3" PlaneMin="-3" Type="Ragdoll" TwistAxisLocal="(0; 1; 0)" PlaneMax="3" PlaneAxisLocal="(1; 0; 1)">
                              <AllMotor Type="Spring" Spring="9500" Damping="20">

                              </AllMotor>
                          </Constraint>
                        </Body>
                        <Body Mass="10" ImpactType="Truck" ModelFrame="BoneStickMirrorLeft_cdt">
                          <Constraint Cone="3" PlaneMin="-3" Type="Ragdoll" TwistAxisLocal="(0; 1; 0)" PlaneMax="3" PlaneAxisLocal="(1; 0; 1)">
                              <AllMotor Type="Spring" Spring="10000" Damping="20">

                              </AllMotor>
                          </Constraint>
                        </Body>
                        <Body ModelFrame="BoneRightMudguard_cdt" _template="Mudguard">
                          <Constraint AxisLocal="(0; 0; 1)" MaxLimit="45" MinLimit="-40">

                          </Constraint>
                        </Body>
                        <Body ModelFrame="BoneLeftMudguard_cdt" _template="Mudguard">
                          <Constraint AxisLocal="(0; 0; 1)" MaxLimit="45" MinLimit="-70">

                          </Constraint>
                        </Body>
                        <Body ModelFrame="BoneFireExtinguisher_cdt" _template="Mudguard">
                          <Constraint AxisLocal="(0; 0; 1)" MaxLimit="5" MinLimit="-40" Damping="10">

                          </Constraint>
                        </Body>
                        <Body ModelFrame="BoneShovel_cdt" _template="Mudguard">
                          <Constraint AxisLocal="(0; 0; 1)" MaxLimit="1" MinLimit="-3">

                          </Constraint>
                        </Body>
                        <Body ModelFrame="BoneCabineFan_cdt" ImpactType="Truck" Mass="10" CenterOfMassOffset="(0; 0; 0)">
                          <Constraint AxisLocal="(0; 0; 1)" MaxLimit="20" MinLimit="-20" PivotOffset="(0; 0; 0)" Type="Hinge">
                              <Motor Type="Spring" Spring="150" Damping="0.1">

                              </Motor>
                          </Constraint>
                        </Body>
                        <Body ModelFrame="BoneCabChain1_cdt" ImpactType="Truck" Mass="15" Collisions="None" CenterOfMassOffset="(0; 0; 0)">
                          <Constraint AxisLocal="(1; 0; 0)" MaxLimit="80" MinLimit="-80" PivotOffset="(0; 0; 0)" Type="Hinge">
                              <Motor Type="Spring" Spring="1" Damping="0.05">

                              </Motor>
                          </Constraint>
                          <Body Mass="5" Collisions="None" ModelFrame="BoneCabChain2_cdt">
                                <Constraint AxisLocal="(1; 0; 0)" MaxLimit="0.1" MinLimit="-0.1" Type="Prismatic">
                                    <Motor Type="Spring" Spring="500" Damping="10">

                                    </Motor>
                                </Constraint>
                          </Body>
                        </Body>
                </Body>
          </Body>
      </PhysicsModel>
      <TruckData BackSteerSpeed="0.01" DiffLockType="Always" EngineIconScale="1" TruckType="HEAVY" FuelCapacity="300" EngineStartDelay="0.8" SteerSpeed="0.02" ExhaustStartTime="0.9" Responsiveness="0.15" TruckImage="pacificp16mchr" EngineIconMesh="env/engine_pacific_p16">
            <Shakers>
                <Shaker MaxAngle="(0.7; 0.7; 0.7)" Frame="BoneEngine" MinAngle="(0.4; 0.4; 0.4)" MaxFrequency="10">

                </Shaker>
            </Shakers>
            <Intake Size="1.219" Dir="(1; 0; 0)" Origin="(4.486; 1.802; 0)">

            </Intake>
            <GearboxSocket Default="g_special_default" Type="gearboxes_special">

            </GearboxSocket>
            <Wheels DefaultRim="rim_p16" DefaultWheelType="wheels_heavy_double_p16" DefaultTire="offroad_1">
                        <Wheel Pos="(3.492; 0.702; 1.25)" _template="FrontWheel">

                        </Wheel>
                        <Wheel Pos="(3.492; 0.702; 1.25)" _template="FrontWheel" RightSide="true">

                        </Wheel>
                        <Wheel Pos="(-1.583; 0.702; 1.4)" _template="RearWheel">

                        </Wheel>
                        <Wheel Pos="(-1.583; 0.702; 1.4)" _template="RearWheel" RightSide="true">

                        </Wheel>
                        <Wheel Pos="(-3.366; 0.702; 1.4)" _template="RearWheel">

                        </Wheel>
                        <Wheel Pos="(-3.366; 0.702; 1.4)" _template="RearWheel" RightSide="true">

                        </Wheel>
            </Wheels>
            <Snorkel Origin="(2.379; 1.802; -0.878)">

            </Snorkel>
            <WinchUpgradeSocket Default="w_heavy_trucks_default" Type="winches_heavy_trucks" IsUpgradable="true">

            </WinchUpgradeSocket>
            <SteeringWheel Frame="BoneSteering">

            </SteeringWheel>
            <Damage SensationMax="(2.24; 2.945; 0.949)" Capacity="600" ParentFrame="BoneCabin_cdt" SensationMin="(0.412; 2.204; -0.949)">
                              <DamageArea Max="(4.5; 2.5; 0.8)" ParentFrame="BoneCabin_cdt" Min="(2; 0.5; -0.8)" Type="Engine">

                              </DamageArea>
            </Damage>
            <LimitedFluid Center="(0.675; 2.084; 0.264)" Type="Box" SizeX="0.256" SizeZ="1.866" SizeY="0.743">

            </LimitedFluid>
            <EngineSocket Default="us_truck_old_heavy_engine_0" Type="e_us_truck_old_heavy">

            </EngineSocket>
            <SoundsDamage _template="Heavy">

            </SoundsDamage>
            <Axles>
                                        <Axle Frame="BoneAxleFront">

                                        </Axle>
                                        <Axle Frame="BoneAxleRear1">

                                        </Axle>
                                        <Axle Frame="BoneAxleRear2">

                                        </Axle>
            </Axles>
            <Camera Center="(-1.5; 0; 0)" ParentFrame="BoneCabin_cdt">
                                        <Cockpit WindshieldShadingTexture="trucks/pacific_p16_glass__sh_d.tga" WindshieldDiffuseTexture="trucks/pacific_p16_glass__d_a.tga" ViewPos="(1.316; 2.814; 0.654)" _template="Default">
                                              <Mirror MeshFrame="mirror_left" Pos="(2.178; 2.686; 1.601)" Size="(0.158; 0.409)" FOVScale="2" ClipDir="(-0.939; -0.023; -0.344)" ClipOffset="0.1">
                                                  <SecondaryView MeshFrame="mirror_left_1" Pos="(2.155; 2.375; 1.564)" Size="(0.16; 0.16)" FOVScale="1.2" ClipDir="(-0.96; 0; -0.281)" CurveAngle="40">

                                                  </SecondaryView>
                                                  <SecondaryView MeshFrame="mirror_left_2" Pos="(2.198; 2.976; 1.544)" Size="(0.16; 0.16)" FOVScale="1.1" ClipDir="(-0.96; 0; -0.281)" CurveAngle="60">

                                                  </SecondaryView>
                                              </Mirror>
                                              <Mirror MeshFrame="mirror_right" Pos="(2.207; 2.686; -1.621)" Size="(0.158; 0.409)" FOVScale="2.5" ClipDir="(-0.85; -0; 0.527)" ClipOffset="0.1">
                                                  <SecondaryView MeshFrame="mirror_right_1" Pos="(2.227; 2.976; -1.556)" Size="(0.16; 0.16)" FOVScale="1.25" ClipDir="(-0.85; -0; 0.527)" CurveAngle="60">

                                                  </SecondaryView>
                                                  <SecondaryView MeshFrame="mirror_right_2" Pos="(2.182; 2.376; -1.582)" Size="(0.16; 0.16)" FOVScale="1.15" ClipDir="(-0.85; -0; 0.527)" CurveAngle="40">

                                                  </SecondaryView>
                                              </Mirror>
                                        </Cockpit>
            </Camera>
            <Shafts>
                                            <Shaft SocketPointA="Shaft1a" SocketPointB="Shaft1b">

                                            </Shaft>
                                            <Shaft SocketPointA="Shaft2a" SocketPointB="Shaft2b">

                                            </Shaft>
            </Shafts>
            <FuelTank DamageCapacity="50">

            </FuelTank>
            <CompatibleWheels Type="wheels_heavy_double_p16" Scale="0.73" OffsetZ="0.0">

            </CompatibleWheels>
            <SoundsWheels _template="Default">

            </SoundsWheels>
            <SuspensionSocket Default="pacific_p16_suspension_default" MaxWheelRadiusWithoutSuspension="0.8" Type="s_pacific_p16">

            </SuspensionSocket>
            <Dashboard>
                                                      <Gauge Mesh="trucks/arrows/pacific_p16_arrow_1" Org="(2.023; 2.431; 0.934)" OutputAngles="(-137; -17)" InputType="engineEnabled" Dir="(-0.9; 0.435; 0)" InputRange="(0;1)" Damping="0.99">

                                                      </Gauge>
                                                      <Gauge Mesh="trucks/arrows/pacific_p16_arrow_1" Org="(1.989; 2.362; 0.853)" OutputAngles="(-135; -111)" InputType="engineEnabled" Dir="(-0.9; 0.435; 0)" InputRange="(0;1)" Damping="0.99">

                                                      </Gauge>
                                                      <Gauge Mesh="trucks/arrows/pacific_p16_arrow_5" Org="(1.95; 2.279; 0.936)" OutputAngles="(-134; -26)" InputType="engineEnabled" Dir="(-0.901; 0.433; 0)" InputRange="(0;1)" Damping="0.99">

                                                      </Gauge>
                                                      <Gauge Mesh="trucks/arrows/pacific_p16_arrow_2" Org="(1.989; 2.362; 0.934)" OutputAngles="(-46; 12)" InputType="engineEnabled" Dir="(-0.9; 0.435; 0)" InputRange="(0;1)" Damping="0.99">

                                                      </Gauge>
                                                      <Gauge Mesh="trucks/arrows/pacific_p16_arrow_2" Org="(2.023; 2.431; 0.853)" OutputAngles="(-59; 58)" InputType="fuel" Dir="(-0.9; 0.435; 0)" InputRange="(0;1)" Damping="0.99">

                                                      </Gauge>
                                                      <Gauge Mesh="trucks/arrows/pacific_p16_arrow_3" Org="(2.006; 2.369; 0.72)" OutputAngles="(-130; 130)" InputType="rpm" Dir="(-0.9; 0.435; 0)" InputRange="(0;1)" Damping="0.99">

                                                      </Gauge>
                                                      <Gauge Org="(2.006; 2.369; 0.583)" OutputAngles="(-128; 131)" Mesh="trucks/arrows/pacific_p16_arrow_4" InputRange="(0;145)" Dir="(-0.9; 0.435; 0)" InputType="speed">

                                                      </Gauge>
                                                      <Gauge Mesh="trucks/arrows/pacific_p16_arrow_6" Org="(2.014; 2.413; 0.445)" OutputAngles="(-132; -99)" InputType="engineEnabled" Dir="(-0.9; 0.435; 0)" InputRange="(0;1)" Damping="0.99">

                                                      </Gauge>
                                                      <Gauge Mesh="trucks/arrows/pacific_p16_arrow_6" Org="(1.972; 2.327; 0.445)" OutputAngles="(-133; -28)" InputType="engineEnabled" Dir="(-0.9; 0.435; 0)" InputRange="(0;1)" Damping="0.99">

                                                      </Gauge>
                                                      <Gauge Mesh="trucks/arrows/pacific_p16_arrow_6" Org="(1.928; 2.237; 0.445)" OutputAngles="(-131; -120)" InputType="engineEnabled" Dir="(-0.9; 0.435; 0)" InputRange="(0;1)" Damping="0.99">

                                                      </Gauge>
                                                      <Gauge Mesh="trucks/arrows/pacific_p16_arrow_2" Org="(2.02; 2.427; 0.364)" OutputAngles="(-69; -39)" InputType="engineEnabled" Dir="(-0.9; 0.435; 0)" InputRange="(0;1)" Damping="0.99">

                                                      </Gauge>
                                                      <Gauge Mesh="trucks/arrows/pacific_p16_arrow_2" Org="(1.987; 2.358; 0.364)" OutputAngles="(-69; -54)" InputType="engineEnabled" Dir="(-0.9; 0.435; 0)" InputRange="(0;1)" Damping="0.99">

                                                      </Gauge>
                                                      <Gauge Mesh="trucks/arrows/pacific_p16_arrow_2" Org="(1.951; 2.282; 0.364)" OutputAngles="(-61; 27)" InputType="engineEnabled" Dir="(-0.9; 0.435; 0)" InputRange="(0;1)" Damping="0.99">

                                                      </Gauge>
                                                      <Gauge Mesh="trucks/arrows/pacific_p16_arrow_2" Org="(1.917; 2.212; 0.364)" OutputAngles="(-58; 8)" InputType="engineEnabled" Dir="(-0.9; 0.435; 0)" InputRange="(0;1)" Damping="0.99">

                                                      </Gauge>
                                                      <Gauge Mesh="trucks/arrows/pacific_p16_arrow_2" Org="(2.028; 2.435; 0.152)" OutputAngles="(-136; -87)" InputType="engineEnabled" Dir="(-0.9; 0.435; 0.001)" InputRange="(0;1)" Damping="0.99">

                                                      </Gauge>
                                                      <Gauge Mesh="trucks/arrows/pacific_p16_arrow_2" Org="(2.028; 2.435; 0.047)" OutputAngles="(-61; -17)" InputType="engineEnabled" Dir="(-0.9; 0.435; 0)" InputRange="(0;1)" Damping="0.99">

                                                      </Gauge>
                                                      <Gauge Org="(2.028; 2.435; -0.027)" OutputAngles="(25; 38)" Mesh="trucks/arrows/pacific_p16_arrow_2" InputRange="(0;1)" Dir="(-0.9; 0.435; 0)" InputType="none">

                                                      </Gauge>
                                                      <Gauge Mesh="trucks/arrows/pacific_p16_arrow_6" Org="(2.142; 2.56; 0.172)" OutputAngles="(-129; -11)" InputType="engineEnabled" Dir="(-0.803; 0.068; 0.591)" InputRange="(0;1)" Damping="0.99">

                                                      </Gauge>
            </Dashboard>
                                                    <Steam Origin="(-0.01; 1.32; 0)">

                                                    </Steam>
                                                    <Steam ParentFrame="BoneCabin_cdt" Scale="0.5" Origin="(3.517; 1.427; 0)">

                                                    </Steam>
            <Sounds DisableReversePitch="true" ParentFrame="BoneCabin_cdt" MinDist="15.0" AirHissInterval="12.0" _template="Default" Origin="(0.28; 1.45; 0)">
                                                        <BrakePull Sound="trucks/pacific_p16/pacific_p16_brake_pull">

                                                        </BrakePull>
                                                        <EngineHigh Sound="trucks/pacific_p16/pacific_p16_high">

                                                        </EngineHigh>
                                                        <AbruptStop Sound="trucks/common/truck_swing_big_rnd_set/truck_swing_big_rnd">

                                                        </AbruptStop>
                                                        <HandbrakeOff Sound="trucks/pacific_p16/pacific_p16_handbrake_off">

                                                        </HandbrakeOff>
                                                        <Honk Sound="trucks/pacific_p16/pacific_p16_honk">

                                                        </Honk>
                                                        <EngineStart Sound="trucks/pacific_p16/pacific_p16_start">

                                                        </EngineStart>
                                                        <EngineTurbo Sound="trucks/pacific_p16/pacific_p16_turbo">

                                                        </EngineTurbo>
                                                        <Reverse Sound="trucks/pacific_p16/pacific_p16_back_beeper">

                                                        </Reverse>
                                                        <EngineHeavy_2d IsSound2D="true" Sound="trucks/pacific_p16/pacific_p16_heavy_2d">

                                                        </EngineHeavy_2d>
                                                        <EngineHeavy Sound="trucks/pacific_p16/pacific_p16_heavy">

                                                        </EngineHeavy>
                                                        <EngineLow_2d IsSound2D="true" Sound="trucks/pacific_p16/pacific_p16_low_2d">

                                                        </EngineLow_2d>
                                                        <EngineHigh_2d IsSound2D="true" Sound="trucks/pacific_p16/pacific_p16_high_2d">

                                                        </EngineHigh_2d>
                                                        <EngineLow Sound="trucks/pacific_p16/pacific_p16_low">

                                                        </EngineLow>
                                                        <EngineIdle_2d IsSound2D="true" Sound="trucks/pacific_p16/pacific_p16_idle_2d">

                                                        </EngineIdle_2d>
                                                        <EngineStop Sound="trucks/pacific_p16/pacific_p16_stop">

                                                        </EngineStop>
                                                        <EngineIdle Sound="trucks/pacific_p16/pacific_p16_idle">

                                                        </EngineIdle>
                                                        <BrakeRelease Sound="trucks/pacific_p16/pacific_p16_brake_release">

                                                        </BrakeRelease>
                                                        <EngineRev Sound="trucks/pacific_p16/pacific_p16_rev">

                                                        </EngineRev>
                                                        <BrakesSqueal Sound="trucks/pacific_p16/pacific_p16_brakes_squeal">

                                                        </BrakesSqueal>
                                                        <EngineAccel Sound="trucks/pacific_p16/pacific_p16_acc">

                                                        </EngineAccel>
                                                        <Handbrake Sound="trucks/pacific_p16/pacific_p16_handbrake_on">

                                                        </Handbrake>
            </Sounds>
            <Driver SteeringWheelPos="(1.68; 2.428; 0.654)" Pos="(1.293; 2.083; 0.654)" ParentFrame="BoneCabin_cdt" AnimationSet="HeavyTruck">

            </Driver>
                                                          <Exhaust Speed="3.82" IsLight="true" Dir="(-0.429; -0.903; 0)" Origin="(-0.642; 1.226; 0.691)">

                                                          </Exhaust>
                                                          <Exhaust Speed="3.82" IsLight="true" Dir="(-0.429; -0.903; 0)" Origin="(-0.642; 1.226; -0.691)">

                                                          </Exhaust>
            <SteeringRack FrameSteerRight="BoneRackRight" Frame="BoneRack" FrameSteerLeft="BoneRackLeft" RackHalfSizeZ="0.797">

            </SteeringRack>
            <OcclusionMap MaxX="5" HalfSizeZ="2.2" MinX="-5">

            </OcclusionMap>
      </TruckData>
      <ModelAttachments>
              <StopSignals>
                  <Light Pos="(-4.656; 1.225; 0)" _template="StopSignal">

                  </Light>
                      <Flare Size="1" _template="StopSignal" Pos="(-4.656; 1.225; 0.545)">

                      </Flare>
                      <Flare Size="1" _template="StopSignal" Pos="(-4.656; 1.225; -0.545)">

                      </Flare>
              </StopSignals>
                  <Ignition>

                  </Ignition>
                  <Ignition>
                      <Light Pos="(4.55; 1.013; 1.1)" _template="IgnitionSignalWhite" Color="g(255; 196; 152) x 1">

                      </Light>
                      <Light Pos="(4.55; 1.013; -1.1)" _template="IgnitionSignalWhite" Color="g(255; 186; 112) x 1">

                      </Light>
                      <Light Pos="(-5; 1.025; -0)" _template="IgnitionSignalRed">

                      </Light>
                        <Flare ParentFrame="BoneCabin_cdt" Size="0.20" Pos="(4.522; 1.31; 0.879)" DirAngle="120" _template="IgnitionSignalWhite">

                        </Flare>
                        <Flare ParentFrame="BoneCabin_cdt" Size="0.20" Pos="(4.522; 1.31; -0.879)" DirAngle="120" _template="IgnitionSignalWhite">

                        </Flare>
                        <Flare ParentFrame="BoneCabin_cdt" Size="0.20" Pos="(4.522; 1.31; 1.122)" DirAngle="120" _template="IgnitionSignalWhite">

                        </Flare>
                        <Flare ParentFrame="BoneCabin_cdt" Size="0.20" Pos="(4.522; 1.31; -1.122)" DirAngle="120" _template="IgnitionSignalWhite">

                        </Flare>
                        <Flare Size="0.12" _template="IgnitionSignalRed" Pos="(-4.656; 1.225; 0.545)">

                        </Flare>
                        <Flare Size="0.12" _template="IgnitionSignalRed" Pos="(-4.656; 1.225; -0.545)">

                        </Flare>
                  </Ignition>
              <HeadLight>
                        <Model _template="HeadLightRay" Org="(4.474; 1.372; 1.074)" ParentFrame="BoneCabin_cdt">

                        </Model>
                        <Model _template="HeadLightRay" Org="(4.474; 1.372; -1.074)" ParentFrame="BoneCabin_cdt">

                        </Model>
                          <Flare ParentFrame="BoneCabin_cdt" Size="0.30" Pos="(4.522; 1.31; 0.879)" DirAngle="135" _template="HeadLight">

                          </Flare>
                          <Flare ParentFrame="BoneCabin_cdt" Size="0.30" Pos="(4.522; 1.31; -0.879)" DirAngle="135" _template="HeadLight">

                          </Flare>
                          <Flare ParentFrame="BoneCabin_cdt" Size="0.30" Pos="(4.522; 1.31; 1.122)" DirAngle="135" _template="HeadLight">

                          </Flare>
                          <Flare ParentFrame="BoneCabin_cdt" Size="0.30" Pos="(4.522; 1.31; -1.122)" DirAngle="135" _template="HeadLight">

                          </Flare>
                          <Flare Pos="(4.474; 1.372; 1.074)" _template="BlueStreak" ParentFrame="BoneCabin_cdt">

                          </Flare>
                          <Flare Pos="(4.474; 1.372; -1.074)" _template="BlueStreak" ParentFrame="BoneCabin_cdt">

                          </Flare>
              </HeadLight>
              <ReverseSignals>
                          <Light Pos="(0.312; 3.259; 1.345)" _template="ReverseSignal" ParentFrame="BoneCabin_cdt">

                          </Light>
                          <Light Pos="(0.312; 3.259; -1.345)" _template="ReverseSignal" ParentFrame="BoneCabin_cdt">

                          </Light>
                            <Flare ParentFrame="BoneCabin_cdt" Pos="(0.3; 3.259; 1.345)" Size="0.2" _template="ReverseSignal">

                            </Flare>
                            <Flare ParentFrame="BoneCabin_cdt" Pos="(0.3; 3.259; -1.345)" Size="0.2" _template="ReverseSignal">

                            </Flare>
                            <Flare ParentFrame="BoneCabin_cdt" Size="0.6" Dir="(-1; 0; 0)" Pos="(0.3; 3.259; 1.345)" _template="IgnitionSignalWhite">

                            </Flare>
                            <Flare ParentFrame="BoneCabin_cdt" Size="0.6" Dir="(-1; 0; 0)" Pos="(0.3; 3.259; -1.345)" _template="IgnitionSignalWhite">

                            </Flare>
                            <Flare Pos="(0.312; 3.259; 1.345)" ParentFrame="BoneCabin_cdt" Size="0.4" Dir="(-1; 0; 0)" Color="g(220; 220; 255) x 0.05" _template="BlueStreak">

                            </Flare>
                            <Flare Pos="(0.312; 3.259; -1.345)" ParentFrame="BoneCabin_cdt" Size="0.4" Dir="(-1; 0; 0)" Color="g(220; 220; 255) x 0.05" _template="BlueStreak">

                            </Flare>
              </ReverseSignals>
      </ModelAttachments>
      <HeadLight Pos="(3.65; 1.709; 0)" _template="Default" ParentFrame="BoneCabin_cdt">

      </HeadLight>
      <GameData Price="116000" ExcludeAddons="ford_clt9000_top_fender, semitrailer_m747" UnlockByExploration="true" UnlockByRank="1" Country="US">
                    <CraneSocket Pos="(4.842; 0.843; 0)" ParentFrame="BoneCabin_cdt">

                    </CraneSocket>
                    <CraneSocket Pos="(-4.844; 1.287; 0)">

                    </CraneSocket>
                    <CraneSocket Pos="(0.006; 1.625; 1.243)" ParentFrame="BoneCabin_cdt">

                    </CraneSocket>
                    <CraneSocket Pos="(0.006; 1.625; -1.243)" ParentFrame="BoneCabin_cdt">

                    </CraneSocket>
                  <UiDesc UiIcon30x30="heavyVehicleImg30" UiName="UI_VEHICLE_PACIFIC_P16_NAME" UiIcon328x458="shopImgPacificP16" UiIconLogo="PacificLogo80" UiDesc="UI_VEHICLE_PACIFIC_P16_DESC" UiIcon40x40="heavyVehicleImg">

                  </UiDesc>
                        <AddonSockets>
                            <Socket Offset="(-2.379; 2.26; 0)" Names="LargeSemitrailer, LargeSemitrailerOiltank">

                            </Socket>
                            <Socket Offset="(-4.959; 1.239; 0)" Names="Trailer">

                            </Socket>
                        </AddonSockets>
                        <AddonSockets DefaultAddon="pacific_p16_bumper_default">
                          <Socket ParentFrame="BoneCabin_cdt" Offset="(0; 0; 0)" Names="PacificP16Bumper">

                          </Socket>
                        </AddonSockets>
                        <AddonSockets DefaultAddon="pacific_p16_exhaust_default">
                          <Socket ParentFrame="BoneCabin_cdt" Offset="(0; 0; 0)" Names="PacificP16Exhaust">

                          </Socket>
                        </AddonSockets>
                        <AddonSockets>
                            <Socket Offset="(-5.896; 1.804; 0)" Names="BunkLog">

                            </Socket>
                            <Socket Offset="(-2.379; 1.798; 0)" Names="SaddlePacific">

                            </Socket>
                        </AddonSockets>
                        <AddonSockets>
                          <Socket Offset="(0; 0; 0)" Names="PacificP16GabariteFenderFront">

                          </Socket>
                        </AddonSockets>
                        <AddonSockets DefaultAddon="pacific_p16_gabarite_default">
                            <Socket ParentFrame="BoneCabin_cdt" Offset="(0; 0; 0)" Names="PacificP16Gabarite">

                            </Socket>
                            <Socket ParentFrame="BoneCabin_cdt" Offset="(0; 0; 0)" Names="PacificP16FenderFront">

                            </Socket>
                        </AddonSockets>
                        <AddonSockets DefaultAddon="pacific_p16_horn_default">
                          <Socket ParentFrame="BoneCabin_cdt" Offset="(0; 0; 0)" Names="PacificP16Horn">

                          </Socket>
                        </AddonSockets>
                        <AddonSockets DefaultAddon="pacific_p16_snorkel_default">
                          <Socket ParentFrame="BoneCabin_cdt" Offset="(0; 0; 0)" Names="PacificP16Snorkel">

                          </Socket>
                        </AddonSockets>
                        <AddonSockets>
                          <Socket Offset="(2.117; 2.489; 0.58)" ParentFrame="BoneCabin_cdt" Names="StuffDashboard" InCockpit="true">

                          </Socket>
                        </AddonSockets>
                        <AddonSockets>
                          <Socket ParentFrame="BoneCabin_cdt" Names="pacificP16Sticker_1x1_01" InCockpit="true">

                          </Socket>
                        </AddonSockets>
                        <AddonSockets>
                          <Socket ParentFrame="BoneCabin_cdt" Names="pacificP16Sticker_1x1_02" InCockpit="true">

                          </Socket>
                        </AddonSockets>
                        <AddonSockets>
                          <Socket ParentFrame="BoneCabin_cdt" Names="pacificP16Sticker_1x1_03" InCockpit="true">

                          </Socket>
                        </AddonSockets>
                        <AddonSockets>
                          <Socket ParentFrame="BoneCabin_cdt" Names="pacificP16Sticker_1x2_01" InCockpit="true">

                          </Socket>
                        </AddonSockets>
                        <AddonSockets>
                          <Socket ParentFrame="BoneCabin_cdt" Names="pacificP16Sticker_1x2_02" InCockpit="true">

                          </Socket>
                        </AddonSockets>
                        <AddonSockets>
                          <Socket ParentFrame="BoneCabin_cdt" Names="pacificP16Sticker_1x4_01" InCockpit="true">

                          </Socket>
                        </AddonSockets>
                        <AddonSockets>
                          <Socket ParentFrame="BoneCabin_cdt" Names="pacificP16Sticker_GlassTop" InCockpit="true">

                          </Socket>
                        </AddonSockets>
                        <AddonSockets>
                          <Socket ParentFrame="BoneCabin_cdt" Names="pacificP16Sticker_GlassBottom" InCockpit="true">

                          </Socket>
                        </AddonSockets>
                        <AddonSockets>
                          <Socket ParentFrame="BoneCabin_cdt" Names="pacificP16Sticker_Door_R">

                          </Socket>
                        </AddonSockets>
                        <AddonSockets>
                          <Socket ParentFrame="BoneCabin_cdt" Names="pacificP16Sticker_Door_L">

                          </Socket>
                        </AddonSockets>
                        <AddonSockets>
                          <Socket ParentFrame="BoneCabin_cdt" Names="pacificP16Sticker_Capote">

                          </Socket>
                        </AddonSockets>
                        <AddonSockets>
                          <Socket Offset="(1.984; 2.831; 0.116)" ParentFrame="BoneCabineFan_cdt" Names="StuffAirfreshener" InCockpit="true">

                          </Socket>
                        </AddonSockets>
                        <AddonSockets>
                          <Socket ParentFrame="BoneCabin_cdt" Names="StuffHoodPacificP16">

                          </Socket>
                        </AddonSockets>
                  <CustomizationCameras>
                              <CameraPos Interior="true" Position="(3.753; 2.779; -0.773)" Name="sticker_1" InterestPosition="(6.662; 1.615; 0.513)" FOV="32.0">

                              </CameraPos>
                              <CameraPos MaxZoom="2" MaxYRotation="360" Position="(-5.453; 3.694; 5.178)" MaxXRotation="360" Name="addon_1" InterestPosition="(-0.208; 1.88; -0)" FOV="32.0">

                              </CameraPos>
                              <CameraPos MaxZoom="2" MaxYRotation="360" Position="(-8.093; 2.337; -6.718)" MaxXRotation="360" Name="addon_2" InterestPosition="(3.194; 1.807; 0)" FOV="32.0">

                              </CameraPos>
                              <CameraPos Interior="true" Position="(3.497; 2.937; -0.602)" Name="mirror_mount" InterestPosition="(6.662; 1.915; 1.935)" FOV="32.0">

                              </CameraPos>
                              <CameraPos MaxZoom="2" MaxYRotation="360" Position="(9.116; 3.971; 3.907)" MaxXRotation="360" Name="side_r" InterestPosition="(4.464; 2.277; -0)" FOV="32.0">

                              </CameraPos>
                              <CameraPos Interior="true" Position="(3.708; 2.759; -0.234)" Name="sticker" InterestPosition="(6.662; 1.075; 1.942)" FOV="32.0">

                              </CameraPos>
                              <CameraPos Interior="true" Position="(8.466; 3.823; 0.498)" Name="glass_sticker" InterestPosition="(4.575; 2.8; -1.011)" FOV="32.0">

                              </CameraPos>
                              <CameraPos Interior="true" Position="(2.602; 2.672; 3.658)" Name="door_r_sticker" InterestPosition="(5.595; 1.549; -0.204)" FOV="32.0">

                              </CameraPos>
                              <CameraPos MaxZoom="2" MaxYRotation="360" Position="(7.903; 4.243; 4.348)" MaxXRotation="360" Name="roof" InterestPosition="(3.331; 2.358; -0)" FOV="32.0">

                              </CameraPos>
                              <CameraPos Interior="true" Position="(9.586; 5.539; -0.364)" Name="capote_sticker" InterestPosition="(6.025; 2.219; -0.725)" FOV="32.0">

                              </CameraPos>
                              <CameraPos MaxZoom="2" MaxYRotation="360" Position="(13.181; 1.445; -3.573)" MaxXRotation="360" Name="hoods" InterestPosition="(5.47; 1.623; 0)" FOV="32.0">

                              </CameraPos>
                              <CameraPos Interior="true" Position="(5.221; 1.595; 0.03)" Name="sticker_2" InterestPosition="(6.662; 0.61; 1.935)" FOV="32.0">

                              </CameraPos>
                              <CameraPos MaxZoom="2" MaxYRotation="360" Position="(8.623; 4.118; -2.927)" MaxXRotation="360" Name="side_l" InterestPosition="(3.468; 2.784; 0)" FOV="32.0">

                              </CameraPos>
                              <CameraPos Interior="true" Position="(3.96; 2.914; -0.813)" Name="bubble_head" InterestPosition="(7.085; 1.174; 1.097)" FOV="32.0">

                              </CameraPos>
                              <CameraPos MaxZoom="2" MaxYRotation="360" Position="(9.074; 2.258; -5.035)" MaxXRotation="360" Name="wheels" InterestPosition="(5.255; 0.755; -0)" FOV="32.0">

                              </CameraPos>
                              <CameraPos MaxZoom="2" MaxYRotation="360" Position="(13.181; 1.445; -3.573)" MaxXRotation="360" Name="default" InterestPosition="(5.47; 1.623; -0)" FOV="32.0">

                              </CameraPos>
                              <CameraPos MaxZoom="2" MaxYRotation="360" Position="(-5.767; 1.805; 2.899)" MaxXRotation="360" Name="rear" InterestPosition="(0.479; 0.992; -0)" FOV="32.0">

                              </CameraPos>
                              <CameraPos Interior="true" Position="(2.711; 2.689; -4.087)" Name="door_l_sticker" InterestPosition="(3.413; 1.842; -0.692)" FOV="32.0">

                              </CameraPos>
                              <CameraPos Interior="true" Position="(8.798; 2.986; -1.462)" Name="hood_ornament" InterestPosition="(7.506; 2.598; -1.462)" FOV="32.0">

                              </CameraPos>
                  </CustomizationCameras>
                            <WinchSocket Pos="(4.842; 0.843; 0)" ParentFrame="BoneCabin_cdt">

                            </WinchSocket>
                            <WinchSocket Pos="(-4.844; 1.287; 0)">

                            </WinchSocket>
                            <WinchSocket Pos="(0.006; 1.625; 1.243)" ParentFrame="BoneCabin_cdt">

                            </WinchSocket>
                            <WinchSocket Pos="(0.006; 1.625; -1.243)" ParentFrame="BoneCabin_cdt">

                            </WinchSocket>
      </GameData>
      <Landmark MaxScale="3.5" MinScale="1.8" Mesh="landmarks/pacific_p16_lmk">

      </Landmark>
      <Rotator EngineTorqueFactor="0.5" Frame="BoneEngineFan" RotationSpeed="-20">

      </Rotator>
      <AutomaticIK>
                          <IKBone ModelFrame="BoneRudderHingeFront" ParentFrame="BoneCabin_cdt">
                            <IKJoint AxisLocal="(0; 0; 1)" Type="Hinge">

                            </IKJoint>
                            <IKBone AttachOffset="(-0.94; 0; 0)" ModelFrame="BoneRudderSlideFront_1" AttachToFrame="BoneRackLeft">
                                  <IKJoint AxisLocal="(1; 0; 0)" Type="Hinge2">

                                  </IKJoint>
                            </IKBone>
                          </IKBone>
                          <IKBone ModelFrame="BoneRudderHingeBack" ParentFrame="BoneCabin_cdt">
                            <IKJoint AxisLocal="(0; 0; 1)" Type="Hinge">

                            </IKJoint>
                            <IKBone AttachOffset="(2.366; 0; 0)" ModelFrame="BoneRudderSlideBack_1" AttachToFrame="BoneRudderHingeFront">
                                  <IKJoint AxisLocal="(0; 0; 1)" Type="Hinge">

                                  </IKJoint>
                            </IKBone>
                          </IKBone>
                          <IKBone ModelFrame="BonePistonHinge" ParentFrame="BoneCabin_cdt">
                            <IKJoint AxisLocal="(0; 0; 1)" Type="Hinge">

                            </IKJoint>
                            <IKBone AttachOffset="(0.607; 0; 0)" ModelFrame="BonePistonSlide" AttachToFrame="BoneRudderSlideBack_1">
                                  <IKJoint AxisLocal="(1; 0; 0)" Type="Slider">

                                  </IKJoint>
                            </IKBone>
                          </IKBone>
      </AutomaticIK>
  </Truck>
  <_templates Include="trucks">
        <Wheel>
            <FrontWheel SteeringJointOffset="0.2" ParentFrame="BoneCabin_cdt" SteeringCastor="8" Torque="none" Location="front" SteeringAngle="30">

            </FrontWheel>
            <RearWheel Torque="default" Location="rear" ConnectedToHandbrake="true">

            </RearWheel>
        </Wheel>
        <Body>
              <Mudguard Mass="10" Collisions="None">
                  <Constraint Type="Hinge">
                      <Motor Type="Spring" Spring="10" Damping="1">

                      </Motor>
                  </Constraint>
              </Mudguard>
        </Body>
  </_templates>