  <Truck>
      <ControlledConstraints>
          <Constraint Name="TieRodSteer" IsLinkedSteering="true" Id="chassis_steer">

          </Constraint>
      </ControlledConstraints>
      <PhysicsModel Mesh="trucks/pacific_p12w">
            <NetSync Legacy="false">

            </NetSync>
            <Body ModelFrame="BoneChassis_cdt" ImpactType="Truck" Mass="15000" NetSync="pv" CenterOfMassOffset="(-0.5; 0; 0)">
                  <Body ModelFrame="BoneCabin_cdt" ImpactType="Truck" Mass="10000" NetSync="pv" CenterOfMassOffset="(0.8; -0.1; 0)">
                      <Constraint AxisLocal="(1; 0; 0)" MaxLimit="22" MinLimit="-22" PivotOffset="(0; 0; 0)" Type="Hinge">
                          <Motor Type="Spring" Spring="4000000" Damping="0.001">

                          </Motor>
                      </Constraint>
                          <Body Mass=".2" Collisions="None" ModelFrame="BoneRadioWireHinge_cdt">
                            <Constraint AxisLocal="(1; 0; 0)" MaxLimit="50" MinLimit="-50" Type="Hinge">
                                <Motor Type="Spring" Spring=".2" Damping=".5">

                                </Motor>
                            </Constraint>
                            <Body Mass=".2" Collisions="None" ModelFrame="BoneRadioWireFixed_cdt">
                                  <Constraint LinearLimitsX="(-.2;.2)" LinearLimitsZ="(0;0)" LinearLimitsY="(0;0)" Type="Fixed">
                                      <Motor Type="Spring" Spring="15" Damping=".3">

                                      </Motor>
                                  </Constraint>
                            </Body>
                          </Body>
                          <Body ModelFrame="BoneTieRod_cdt" _template="TieRod">
                            <Constraint AxisLocal="(0; 0; 1)" MaxLimit="25" Name="TieRodSteer" MinLimit="-25">

                            </Constraint>
                          </Body>
                          <Body Mass="10" ImpactType="Truck" ModelFrame="BoneStickMirrorLeft_cdt">
                            <Constraint Cone="4.5" PlaneMin="-15" Type="Ragdoll" TwistAxisLocal="(0; 1; 0)" PlaneMax="15" PlaneAxisLocal="(1; 0; 1)">
                                <AllMotor Type="Spring" Spring="500" Damping="4">

                                </AllMotor>
                            </Constraint>
                          </Body>
                          <Body Mass="10" ImpactType="Truck" ModelFrame="BoneStickMirrorRight_cdt">
                            <Constraint Cone="4.5" PlaneMin="-15" Type="Ragdoll" TwistAxisLocal="(0; 1; 0)" PlaneMax="15" PlaneAxisLocal="(1; 0; 1)">
                                <AllMotor Type="Spring" Spring="500" Damping="4">

                                </AllMotor>
                            </Constraint>
                          </Body>
                          <Body ModelFrame="BoneLeftMudguard_cdt" _template="Mudguard">
                            <Constraint AxisLocal="(0; 0; 1)" MaxLimit="10" MinLimit="-30">

                            </Constraint>
                          </Body>
                          <Body ModelFrame="BoneRightMudguard_cdt" _template="Mudguard">
                            <Constraint AxisLocal="(0; 0; 1)" MaxLimit="10" MinLimit="-70">

                            </Constraint>
                          </Body>
                  </Body>
            </Body>
      </PhysicsModel>
      <TruckData BackSteerSpeed="0.01" DiffLockType="Always" EngineIconScale="1.6" TruckType="HEAVY" FuelCapacity="350" EngineStartDelay="0.8" SteerSpeed="0.02" ExhaustStartTime="0.9" Responsiveness="0.15" TruckImage="pacificP1mchr" EngineIconMesh="env/engine_default">
                <Steam ParentFrame="BoneCabin_cdt" Origin="(0.62; 1.744; 0)">

                </Steam>
                <Steam ParentFrame="BoneCabin_cdt" Scale="0.5" Origin="(3.795; 2.221; 0)">

                </Steam>
              <Intake Size="1.2" Dir="(1; 0; 0)" Origin="(3.91; 2.13; 0)">

              </Intake>
              <GearboxSocket Default="g_special_default" Type="gearboxes_special">

              </GearboxSocket>
              <Wheels DefaultRim="rim" DefaultWheelType="wheels_heavy_offroad_p12" DefaultTire="allterrain">
                          <Wheel Pos="(2.72; 0.788; 1.25)" _template="FrontWheel">

                          </Wheel>
                          <Wheel Pos="(2.72; 0.788; 1.25)" _template="FrontWheel" RightSide="true">

                          </Wheel>
                          <Wheel Pos="(-3.678; 0.787; 1.15)" _template="RearWheel">

                          </Wheel>
                          <Wheel Pos="(-3.678; 0.787; 1.15)" _template="RearWheel" RightSide="true">

                          </Wheel>
                          <Wheel Pos="(-5.606; 0.787; 1.15)" _template="RearWheel">

                          </Wheel>
                          <Wheel Pos="(-5.606; 0.787; 1.15)" _template="RearWheel" RightSide="true">

                          </Wheel>
              </Wheels>
              <WinchUpgradeSocket Default="w_heavy_trucks_default" Type="winches_heavy_trucks" IsUpgradable="true">

              </WinchUpgradeSocket>
              <SteeringWheel Frame="BoneSteering">

              </SteeringWheel>
              <Damage SensationMax="(2.24; 2.945; 0.949)" Capacity="600" ParentFrame="BoneCabin_cdt" SensationMin="(0.412; 2.204; -0.949)">
                                <DamageArea Max="(3.9; 2.9; 0.9)" ParentFrame="BoneCabin_cdt" Min="(2; 1.5; -0.9)" Type="Engine">

                                </DamageArea>
                                <DamageArea Max="(1.4; 1.6; 1.4)" ParentFrame="BoneCabin_cdt" Min="(-1.2; 0.8; -1.4)" Type="FuelTank">

                                </DamageArea>
              </Damage>
                              <LimitedFluid Center="(0.603; 1.193; 1.065)" Type="Box" SizeX="1.522" SizeZ="0.620" SizeY="0.754">

                              </LimitedFluid>
                              <LimitedFluid Center="(-0.382; 1.193; -1.065)" Type="Box" SizeX="1.522" SizeZ="0.620" SizeY="0.754">

                              </LimitedFluid>
              <EngineSocket Default="us_truck_old_heavy_engine_0" Type="e_us_truck_old_heavy">

              </EngineSocket>
              <SoundsDamage _template="Heavy">

              </SoundsDamage>
              <Camera Center="(-2.5; 0; 0)" ParentFrame="BoneCabin_cdt">
                                      <Cockpit WindshieldShadingTexture="trucks/pacific_p12w_glass__sh_d.tga" WindshieldDiffuseTexture="trucks/pacific_p12w_glass__d_a.tga" ViewPos="(1; 3.3; 0.466)" _template="Default">
                                            <Mirror MeshFrame="mirror_left" Pos="(1.854; 3.149; 1.986)" Size="(0.184; 0.482)" FOVScale="2" ClipDir="(-0.864; -0.085; -0.496)" ClipOffset="0.1">

                                            </Mirror>
                                            <Mirror MeshFrame="mirror_right" Pos="(1.87; 3.149; -1.985)" Size="(0.184; 0.482)" FOVScale="2.4" ClipDir="(-0.806; -0.057; 0.589)" ClipOffset="0.1">

                                            </Mirror>
                                      </Cockpit>
              </Camera>
              <Shafts>
                                          <Shaft SocketPointA="Shaft1a" SocketPointB="Shaft1b">

                                          </Shaft>
                                          <Shaft SocketPointA="Shaft2a" SocketPointB="Shaft2b">

                                          </Shaft>
                                          <Shaft SocketPointA="Shaft3a" SocketPointB="Shaft3b">

                                          </Shaft>
                                          <Shaft SocketPointA="Shaft4a" SocketPointB="Shaft4b">

                                          </Shaft>
                                          <Shaft SocketPointA="Shaft5a" SocketPointB="Shaft5b">

                                          </Shaft>
                                          <Shaft SocketPointA="Shaft6a" SocketPointB="Shaft6b">

                                          </Shaft>
              </Shafts>
              <FuelTank DamageCapacity="50">

              </FuelTank>
              <SoundsWheels _template="Default">

              </SoundsWheels>
              <SuspensionSocket Default="pacific_p12w_suspension_default" MaxWheelRadiusWithoutSuspension="0.8" Type="s_pacific_p12w">

              </SuspensionSocket>
              <Axles>
                                                  <Axle Frame="BoneAxleFront">

                                                  </Axle>
                                                  <Axle Frame="BoneAxleRear1">

                                                  </Axle>
                                                  <Axle Frame="BoneAxleRear2">

                                                  </Axle>
              </Axles>
                                                <CompatibleWheels Type="wheels_heavy_offroad_p12" Scale="0.73" OffsetZ="0">

                                                </CompatibleWheels>
                                                <CompatibleWheels Type="wheels_heavy_double2" Scale="0.73" OffsetZ=".0">

                                                </CompatibleWheels>
                                                <CompatibleWheels Type="wheels_heavy_single" Scale="0.73" OffsetZ="-0.1">

                                                </CompatibleWheels>
              <Sounds DisableReversePitch="true" ParentFrame="BoneCabin_cdt" Origin="(2.55; 2.3; 0)" AirHissInterval="12.0" _template="Default" MinDist="15.0">
                                                    <BrakePull Sound="trucks/pacific_p12w/pacific_p12w_brake_pull">

                                                    </BrakePull>
                                                    <EngineHigh Sound="trucks/pacific_p12w/pacific_p12w_high">

                                                    </EngineHigh>
                                                    <AbruptStop Sound="trucks/common/truck_swing_big_rnd_set/truck_swing_big_rnd">

                                                    </AbruptStop>
                                                    <EngineRev Sound="trucks/pacific_p12w/pacific_p12w_rev">

                                                    </EngineRev>
                                                    <BrakesSqueal Sound="trucks/pacific_p12w/pacific_p12w_brakes_squeal">

                                                    </BrakesSqueal>
                                                    <EngineStart Sound="trucks/pacific_p12w/pacific_p12w_start">

                                                    </EngineStart>
                                                    <Reverse Sound="trucks/ws_6900xd_twin/ws_6900xd_twin_back_beeper">

                                                    </Reverse>
                                                    <EngineHeavy_2d IsSound2D="true" Sound="trucks/pacific_p12w/pacific_p12w_heavy_2d">

                                                    </EngineHeavy_2d>
                                                    <EngineHigh_2d IsSound2D="true" Sound="trucks/pacific_p12w/pacific_p12w_high_2d">

                                                    </EngineHigh_2d>
                                                    <EngineLow Sound="trucks/pacific_p12w/pacific_p12w_low">

                                                    </EngineLow>
                                                    <EngineIdle_2d IsSound2D="true" Sound="trucks/pacific_p12w/pacific_p12w_idle_2d">

                                                    </EngineIdle_2d>
                                                    <EngineStop Sound="trucks/pacific_p12w/pacific_p12w_stop">

                                                    </EngineStop>
                                                    <EngineIdle Sound="trucks/pacific_p12w/pacific_p12w_idle">

                                                    </EngineIdle>
                                                    <EngineHeavy Sound="trucks/pacific_p12w/pacific_p12w_heavy">

                                                    </EngineHeavy>
                                                    <Honk Sound="trucks/pacific_p12w/pacific_p12w_honk">

                                                    </Honk>
                                                    <EngineLow_2d IsSound2D="true" Sound="trucks/pacific_p12w/pacific_p12w_low_2d">

                                                    </EngineLow_2d>
                                                    <EngineAccel Sound="trucks/pacific_p12w/pacific_p12w_acc">

                                                    </EngineAccel>
                                                    <BrakeRelease Sound="trucks/pacific_p12w/pacific_p12w_brake_release">

                                                    </BrakeRelease>
              </Sounds>
              <Driver SteeringWheelPos="(1.413; 2.935; 0.467)" Pos="(1.027; 2.59; 0.466)" ParentFrame="BoneCabin_cdt" AnimationSet="HeavyTruck">

              </Driver>
              <Dashboard>
                                                          <Gauge Org="(1.639; 2.854; 0.396)" OutputAngles="(-120; 120)" Mesh="trucks/arrows/pacific_p12w_arrow_1" InputRange="(0;130)" Dir="(-0.966; 0.259; 0)" InputType="speed">

                                                          </Gauge>
                                                          <Gauge Mesh="trucks/arrows/pacific_p12w_arrow_1" Org="(1.639; 2.854; 0.536)" OutputAngles="(-120; 120)" InputType="rpm" Dir="(-0.966; 0.259; 0)" InputRange="(0;1)" Damping="0.99">

                                                          </Gauge>
                                                          <Gauge Mesh="trucks/arrows/pacific_p12w_arrow_2" Org="(1.641; 2.881; 0.666)" OutputAngles="(-130; -50)" InputType="engineEnabled" Dir="(-0.951; 0.255; -0.175)" InputRange="(0;1)" Damping="0.99">

                                                          </Gauge>
                                                          <Gauge Mesh="trucks/arrows/pacific_p12w_arrow_2" Org="(1.63; 2.884; 0.734)" OutputAngles="(-132; -90)" InputType="engineEnabled" Dir="(-0.951; 0.255; -0.175)" InputRange="(0;1)" Damping="0.99">

                                                          </Gauge>
                                                          <Gauge Mesh="trucks/arrows/pacific_p12w_arrow_5" Org="(1.648; 2.954; 0.735)" OutputAngles="(-114; 16)" InputType="engineEnabled" Dir="(-0.951; 0.255; -0.177)" InputRange="(0;1)" Damping="0.99">

                                                          </Gauge>
                                                          <Gauge Mesh="trucks/arrows/pacific_p12w_arrow_5" Org="(1.66; 2.951; 0.667)" OutputAngles="(-114; -7)" InputType="engineEnabled" Dir="(-0.951; 0.255; -0.177)" InputRange="(0;1)" Damping="0.99">

                                                          </Gauge>
                                                          <Gauge Mesh="trucks/arrows/pacific_p12w_arrow_4" Org="(1.666; 2.949; 0.590)" OutputAngles="(-149; 34)" InputType="engineEnabled" Dir="(-0.966; 0.258; -0.006)" InputRange="(0;1)" Damping="0.99">

                                                          </Gauge>
                                                          <Gauge Mesh="trucks/arrows/pacific_p12w_arrow_4" Org="(1.667; 2.949; 0.51)" OutputAngles="(-133; 10)" InputType="engineEnabled" Dir="(-0.966; 0.258; -0.006)" InputRange="(0;1)" Damping="0.99">

                                                          </Gauge>
                                                          <Gauge Mesh="trucks/arrows/pacific_p12w_arrow_4" Org="(1.667; 2.949; 0.417)" OutputAngles="(-133; 15)" InputType="engineEnabled" Dir="(-0.966; 0.258; -0.006)" InputRange="(0;1)" Damping="0.99">

                                                          </Gauge>
                                                          <Gauge Mesh="trucks/arrows/pacific_p12w_arrow_4" Org="(1.668; 2.949; 0.336)" OutputAngles="(-57; 54)" InputType="fuel" Dir="(-0.966; 0.258; -0.006)" InputRange="(0;1)" Damping="0.99">

                                                          </Gauge>
                                                          <Gauge Mesh="trucks/arrows/pacific_p12w_arrow_3" Org="(1.657; 2.952; 0.249)" OutputAngles="(-152; -44)" InputType="engineEnabled" Dir="(-0.941; 0.252; 0.227)" InputRange="(0;1)" Damping="0.99">

                                                          </Gauge>
                                                          <Gauge Mesh="trucks/arrows/pacific_p12w_arrow_3" Org="(1.642; 2.956; 0.18)" OutputAngles="(-152; -127)" InputType="engineEnabled" Dir="(-0.941; 0.252; 0.227)" InputRange="(0;1)" Damping="0.99">

                                                          </Gauge>
                                                          <Gauge Mesh="trucks/arrows/pacific_p12w_arrow_3" Org="(1.627; 2.96; 0.114)" OutputAngles="(-153; -101)" InputType="engineEnabled" Dir="(-0.941; 0.252; 0.227)" InputRange="(0;1)" Damping="0.99">

                                                          </Gauge>
                                                          <Gauge Mesh="trucks/arrows/pacific_p12w_arrow_3" Org="(1.611; 2.964; 0.046)" OutputAngles="(-153; -15)" InputType="engineEnabled" Dir="(-0.941; 0.252; 0.227)" InputRange="(0;1)" Damping="0.99">

                                                          </Gauge>
              </Dashboard>
              <SteeringRack FrameSteerRight="BoneRackRight" Frame="BoneRack" FrameSteerLeft="BoneRackLeft" RackHalfSizeZ="1.013">

              </SteeringRack>
              <OcclusionMap MaxX="4.5" HalfSizeZ="2" MinX="-7">

              </OcclusionMap>
      </TruckData>
      <ModelAttachments>
                <StopSignals>
                    <Light Pos="(-7.6; 1.142; 0)" _template="StopSignal">

                    </Light>
                        <Flare Size="1" _template="StopSignal" Pos="(-6.521; 1.142; -0.34)">

                        </Flare>
                        <Flare Size="1" _template="StopSignal" Pos="(-6.521; 1.142; 0.34)">

                        </Flare>
                </StopSignals>
                <Ignition>
                        <Light Pos="(4.55; 1.013; 1.1)" _template="IgnitionSignalWhite">

                        </Light>
                        <Light Pos="(4.55; 1.013; -1.1)" _template="IgnitionSignalWhite">

                        </Light>
                        <Light Pos="(-6.3; 1.025; -0)" _template="IgnitionSignalRed">

                        </Light>
                          <Flare ParentFrame="BoneCabin_cdt" Size="0.4" Pos="(3.789; 2.101; -1.457)" Color="g(255; 174; 0) x 0.22" _template="Beacon">

                          </Flare>
                          <Flare ParentFrame="BoneCabin_cdt" Size="0.4" Pos="(3.789; 2.101; 1.457)" Color="g(255; 174; 0) x 0.22" _template="Beacon">

                          </Flare>
                          <Flare ParentFrame="BoneCabin_cdt" Pos="(3.7; 1.711; 1.027)" DirAngle="90" _template="IgnitionSignalWhite">

                          </Flare>
                          <Flare ParentFrame="BoneCabin_cdt" Pos="(3.7; 1.711; -1.027)" DirAngle="90" _template="IgnitionSignalWhite">

                          </Flare>
                          <Flare ParentFrame="BoneCabin_cdt" Pos="(3.7; 1.709; 1.317)" DirAngle="90" _template="IgnitionSignalWhite">

                          </Flare>
                          <Flare ParentFrame="BoneCabin_cdt" Pos="(3.7; 1.709; -1.317)" DirAngle="90" _template="IgnitionSignalWhite">

                          </Flare>
                          <Flare Size="0.15" Pos="(-6.521; 1.142; -0.34)" Color="g(169; 0; 0) x 0.8" _template="IgnitionSignalRed">

                          </Flare>
                          <Flare Size="0.15" Pos="(-6.521; 1.142; 0.34)" Color="g(169; 0; 0) x 0.8" _template="IgnitionSignalRed">

                          </Flare>
                </Ignition>
                <HeadLight>
                          <Model _template="HeadLightRay" Org="(3.65; 1.709; 1.317)" ParentFrame="BoneCabin_cdt">

                          </Model>
                          <Model _template="HeadLightRay" Org="(3.65; 1.709; -1.317)" ParentFrame="BoneCabin_cdt">

                          </Model>
                            <Flare Pos="(3.65; 1.709; 1.317)" ParentFrame="BoneCabin_cdt" Size=".3" DirAngle="120" Color="g(255; 235; 200) x 0.7" _template="HeadLight">

                            </Flare>
                            <Flare Pos="(3.65; 1.709; -1.317)" ParentFrame="BoneCabin_cdt" Size=".3" DirAngle="120" Color="g(255; 235; 200) x 0.7" _template="HeadLight">

                            </Flare>
                            <Flare Pos="(3.711; 1.709; 1.317)" _template="BlueStreak" ParentFrame="BoneCabin_cdt">

                            </Flare>
                            <Flare Pos="(3.711; 1.709; -1.317)" _template="BlueStreak" ParentFrame="BoneCabin_cdt">

                            </Flare>
                </HeadLight>
                <ReverseSignals>
                          <Light Pos="(-7.6; 1.142; 0)" _template="ReverseSignal">

                          </Light>
                              <Flare Size="0.4" _template="ReverseSignal" Pos="(-6.521; 1.142; -0.34)">

                              </Flare>
                              <Flare Size="0.4" _template="ReverseSignal" Pos="(-6.521; 1.142; 0.34)">

                              </Flare>
                              <Flare Pos="(-6.521; 1.142; -0.34)" Size="0.4" Dir="(-1; 0; 0)" Color="g(220; 220; 255) x 0.05" _template="BlueStreak">

                              </Flare>
                              <Flare Pos="(-6.521; 1.142; 0.34)" Size="0.4" Dir="(-1; 0; 0)" Color="g(220; 220; 255) x 0.05" _template="BlueStreak">

                              </Flare>
                </ReverseSignals>
      </ModelAttachments>
      <HeadLight Pos="(3.65; 1.709; 0)" _template="Default" ParentFrame="BoneCabin_cdt">

      </HeadLight>
      <GameData Price="104400" Country="US" UnlockByExploration="false" UnlockByRank="1">
                      <CraneSocket Pos="(4.3; 1.097; 1.105)" ParentFrame="BoneCabin_cdt">

                      </CraneSocket>
                      <CraneSocket Pos="(4.3; 1.097; -1.105)" ParentFrame="BoneCabin_cdt">

                      </CraneSocket>
                      <CraneSocket Pos="(-6.875; 1.367; 0)">

                      </CraneSocket>
                      <CraneSocket Pos="(-0.827; 1.674; 0.534)">

                      </CraneSocket>
                      <CraneSocket Pos="(-0.827; 1.674; -0.534)">

                      </CraneSocket>
                    <UiDesc UiIcon30x30="heavyVehicleImg30" UiName="UI_VEHICLE_PACIFIC_P12W_NAME" UiIcon328x458="shopImgPacificP12w" UiIconLogo="PacificLogo80" UiDesc="UI_VEHICLE_PACIFIC_P12W_DESC" UiIcon40x40="heavyVehicleImg">

                    </UiDesc>
                          <AddonSockets>
                            <Socket Offset="(-0.1; 0; 0)" ParentFrame="BoneChassis_cdt" NamesBlock="PacificP12WCabinProtector" Names="PacificP12wSpareWheel">
                                <ExtraParent Frame="BoneCabin_cdt">

                                </ExtraParent>
                            </Socket>
                          </AddonSockets>
                          <AddonSockets>
                              <Socket Offset="(-4.641; 2.15; 0)" Names="LargeSemitrailer, LargeSemitrailerOiltank">

                              </Socket>
                              <Socket Offset="(-6.94; 1.35; 0)" Names="Trailer">

                              </Socket>
                          </AddonSockets>
                          <AddonSockets DefaultAddon="pacific_p12w_bumper_default">
                            <Socket ParentFrame="BoneCabin_cdt" Offset="(0; 0; 0)" Names="PacificP12Bumper">

                            </Socket>
                          </AddonSockets>
                          <AddonSockets>
                            <Socket Offset="(0.129; 1.821; 0)" NamesBlock="BigCraneUs, MetalDetector, FrameAddonTank, FrameAddonMaintainerBig, FrameAddonLogShort" Names="LogLift">
                                  <AddonsShift Offset="(-1.5; 0; 0)" Types="PacificP12wSpareWheel">

                                  </AddonsShift>
                                  <AddonsShift Offset="(-0.9; 0; 0)" Types="PacificP12WCabinProtector">

                                  </AddonsShift>
                            </Socket>
                          </AddonSockets>
                          <AddonSockets>
                              <Socket Offset="(-8.094; 1.825; 0)" Names="BunkLog">

                              </Socket>
                              <Socket Offset="(-3.7; 1.821; 0)" NamesBlock="MetalDetector" Names="FrameAddonLogShort">

                              </Socket>
                              <Socket Offset="(-2.7; 1.821; 0)" NamesBlock="MetalDetector, LogLift" Names="FrameAddonLogMedium">
                                  <AddonsShift Offset="(-0.43; 0; 0)" Types="PacificP12WCabinProtector">

                                  </AddonsShift>
                                  <AddonsShift Offset="(-1; 0; 0)" Types="PacificP12wSpareWheel">

                                  </AddonsShift>
                              </Socket>
                              <Socket Offset="(-4.641; 1.821; 0)" Names="SaddleHigh1">

                              </Socket>
                              <Socket Offset="(-4.36; 1.82; 0)" Names="FrameAddonTank">
                                <AddonsShift Offset="(-0.5; 0; 0)" Types="PacificP12wSpareWheel">

                                </AddonsShift>
                              </Socket>
                              <Socket Offset="(-2.8; 1.82; 0)" NamesBlock="LogLift, MetalDetector, PacificP12wSpareWheel, Trailer" Names="FrameAddonTowPlatform">

                              </Socket>
                              <Socket Offset="(0; 1.82; 0)" NamesBlock="PacificP12wSpareWheel, Trailer, PacificP12WCabinProtector" Names="FrameAddonMaintainerBig">

                              </Socket>
                              <Socket Offset="(-3.064; 1.921; 0)" NamesBlock="MetalDetector, PacificP12wSpareWheel, PacificP12WCabinProtector" Names="BigCraneUs">
                                  <ExtraParent Frame="BoneChassis_cdt" Offset="(0; -0.1; 0)">

                                  </ExtraParent>
                                  <ExtraParent Frame="BoneChassis_cdt" Offset="(0; -0.1; 0)">

                                  </ExtraParent>
                              </Socket>
                          </AddonSockets>
                          <AddonSockets DefaultAddon="pacific_p12w_horn_default">
                            <Socket Offset="(0; 0; 0)" ParentFrame="BoneCabin_cdt" NamesBlock="PacificP12WSpotLight" Names="PacificP12wHorn">

                            </Socket>
                          </AddonSockets>
                          <AddonSockets DefaultAddon="pacific_p12w_gabarite_default">
                            <Socket ParentFrame="BoneCabin_cdt" Offset="(0; 0; 0)" Names="PacificP12wGabarite">

                            </Socket>
                          </AddonSockets>
                          <AddonSockets DefaultAddon="pacific_p12w_exhaust_default">
                            <Socket ParentFrame="BoneCabin_cdt" Offset="(0; 0; 0)" Names="PacificP12wExhaust">

                            </Socket>
                          </AddonSockets>
                          <AddonSockets>
                            <Socket ParentFrame="BoneCabin_cdt" Offset="(0; 0; 0)" Names="PacificP12WCabinProtector">

                            </Socket>
                          </AddonSockets>
                          <AddonSockets>
                              <Socket ParentFrame="BoneCabin_cdt" Offset="(0; 0; 0)" Names="PacificP12WSpotLight">

                              </Socket>
                              <Socket ParentFrame="BoneCabin_cdt" Offset="(0; 0; 0)" Names="PacificP12WBeacon">

                              </Socket>
                          </AddonSockets>
                          <AddonSockets>
                            <Socket Offset="(-1.997; 0.768; 0)" ParentFrame="BoneChassis_cdt" NamesBlock="BunkLog, FrameAddonTank, FrameAddonMaintainerBig" Names="MetalDetector">

                            </Socket>
                          </AddonSockets>
                          <AddonSockets>
                            <Socket Offset="(1.817; 2.994; 0.141)" ParentFrame="BoneCabin_cdt" Names="StuffDashboard" InCockpit="true">

                            </Socket>
                          </AddonSockets>
                          <AddonSockets>
                            <Socket ParentFrame="BoneCabin_cdt" Names="pacificP12WSticker_1x1_01" InCockpit="true">

                            </Socket>
                          </AddonSockets>
                          <AddonSockets>
                            <Socket ParentFrame="BoneCabin_cdt" Names="pacificP12WSticker_1x1_02" InCockpit="true">

                            </Socket>
                          </AddonSockets>
                          <AddonSockets>
                            <Socket ParentFrame="BoneCabin_cdt" Names="pacificP12WSticker_1x1_03" InCockpit="true">

                            </Socket>
                          </AddonSockets>
                          <AddonSockets>
                            <Socket ParentFrame="BoneCabin_cdt" Names="pacificP12WSticker_1x2_01" InCockpit="true">

                            </Socket>
                          </AddonSockets>
                          <AddonSockets>
                            <Socket ParentFrame="BoneCabin_cdt" Names="pacificP12WSticker_1x2_02" InCockpit="true">

                            </Socket>
                          </AddonSockets>
                          <AddonSockets>
                            <Socket ParentFrame="BoneCabin_cdt" Names="pacificP12WSticker_1x2_03" InCockpit="true">

                            </Socket>
                          </AddonSockets>
                          <AddonSockets>
                            <Socket ParentFrame="BoneCabin_cdt" Names="pacificP12WSticker_GlassTop" InCockpit="true">

                            </Socket>
                          </AddonSockets>
                          <AddonSockets>
                            <Socket ParentFrame="BoneCabin_cdt" Names="pacificP12WSticker_GlassBottom" InCockpit="true">

                            </Socket>
                          </AddonSockets>
                          <AddonSockets>
                            <Socket ParentFrame="BoneCabin_cdt" Names="pacificP12WSticker_Door_R">

                            </Socket>
                          </AddonSockets>
                          <AddonSockets>
                            <Socket ParentFrame="BoneCabin_cdt" Names="pacificP12WSticker_Door_L">

                            </Socket>
                          </AddonSockets>
                          <AddonSockets>
                            <Socket ParentFrame="BoneCabin_cdt" Names="pacificP12WSticker_Roof">

                            </Socket>
                          </AddonSockets>
                          <AddonSockets>
                            <Socket ParentFrame="BoneCabin_cdt" Names="pacificP12WSticker_Capote">

                            </Socket>
                          </AddonSockets>
                          <AddonSockets>
                            <Socket Offset="(1.61; 3.65; 0.232)" ParentFrame="BoneCabin_cdt" Names="StuffAirfreshener" InCockpit="true">

                            </Socket>
                          </AddonSockets>
                          <AddonSockets>
                            <Socket ParentFrame="BoneCabin_cdt" Names="StuffHoodPacificP12W">

                            </Socket>
                          </AddonSockets>
                    <CustomizationCameras>
                                <CameraPos Interior="true" Position="(6.864; 6.697; -0.206)" Name="roof_sticker" InterestPosition="(4.198; 3.026; -0.711)" FOV="32.0">

                                </CameraPos>
                                <CameraPos Interior="true" Position="(4.272; 3.475; -0.306)" Name="sticker_1" InterestPosition="(5.837; 1.41; -0.13)" FOV="32.0">

                                </CameraPos>
                                <CameraPos MaxZoom="2" MaxYRotation="360" Position="(-10.159; 3.873; 4.75)" MaxXRotation="360" Name="addon_1" InterestPosition="(-1.197; 1.973; -0)" FOV="32.0">

                                </CameraPos>
                                <CameraPos MaxZoom="2" MaxYRotation="360" Position="(-8.093; 2.337; -6.718)" MaxXRotation="360" Name="addon_2" InterestPosition="(3.194; 1.807; 0)" FOV="32.0">

                                </CameraPos>
                                <CameraPos Interior="true" Position="(3.793; 3.494; -0.589)" Name="mirror_mount" InterestPosition="(6.909; 3.307; 1.585)" FOV="32.0">

                                </CameraPos>
                                <CameraPos MaxZoom="2" MaxYRotation="360" Position="(-0.456; 4.808; -4.392)" MaxXRotation="360" Name="side_r" InterestPosition="(4.162; 2.38; -0)" FOV="32.0">

                                </CameraPos>
                                <CameraPos Interior="true" Position="(4.019; 3.259; -0.073)" Name="sticker" InterestPosition="(6.813; 1.734; 2.098)" FOV="32.0">

                                </CameraPos>
                                <CameraPos Interior="true" Position="(7.967; 3.966; 0.691)" Name="glass_sticker" InterestPosition="(4.751; 3.289; -0.899)" FOV="32.0">

                                </CameraPos>
                                <CameraPos Interior="true" Position="(3.192; 3.123; 2.922)" Name="door_r_sticker" InterestPosition="(5.718; 2.217; 0.353)" FOV="32.0">

                                </CameraPos>
                                <CameraPos MaxZoom="2" MaxYRotation="360" Position="(10.787; 4.806; -3.717)" MaxXRotation="360" Name="roof" InterestPosition="(4.758; 2.358; -0)" FOV="32.0">

                                </CameraPos>
                                <CameraPos Interior="true" Position="(9.121; 5.87; -0.304)" Name="capote_sticker" InterestPosition="(6.381; 2.539; -0.773)" FOV="32.0">

                                </CameraPos>
                                <CameraPos MaxZoom="2" MaxYRotation="360" Position="(13.57; 1.44; -3.425)" MaxXRotation="360" Name="hoods" InterestPosition="(5.997; 1.735; 0)" FOV="32.0">

                                </CameraPos>
                                <CameraPos Interior="true" Position="(5.221; 1.595; 0.03)" Name="sticker_2" InterestPosition="(6.662; 0.61; 1.935)" FOV="32.0">

                                </CameraPos>
                                <CameraPos MaxZoom="2" MaxYRotation="360" Position="(11.866; 5.284; -4.55)" MaxXRotation="360" Name="side_l" InterestPosition="(6.27; 2.278; 0)" FOV="32.0">

                                </CameraPos>
                                <CameraPos Interior="true" Position="(4.212; 3.341; -0.485)" Name="bubble_head" InterestPosition="(6.909; 1.953; 1.748)" FOV="32.0">

                                </CameraPos>
                                <CameraPos MaxZoom="2" MaxYRotation="360" Position="(8.486; 2.14; -5.7)" MaxXRotation="360" Name="wheels" InterestPosition="(4.806; 0.522; -0)" FOV="32.0">

                                </CameraPos>
                                <CameraPos MaxZoom="2" MaxYRotation="360" Position="(13.57; 1.44; -3.425)" MaxXRotation="360" Name="default" InterestPosition="(5.997; 1.735; 0)" FOV="32.0">

                                </CameraPos>
                                <CameraPos MaxZoom="2" MaxYRotation="360" Position="(-1.114; 4.362; 3.504)" MaxXRotation="360" Name="rear" InterestPosition="(3.751; 2.322; 0)" FOV="32.0">

                                </CameraPos>
                                <CameraPos Interior="true" Position="(3.199; 3.144; -2.926)" Name="door_l_sticker" InterestPosition="(3.756; 2.364; -0.058)" FOV="32.0">

                                </CameraPos>
                                <CameraPos Interior="true" Position="(9.162; 3.553; -2.051)" Name="hood_ornament" InterestPosition="(8.111; 3.237; -2.051)" FOV="32.0">

                                </CameraPos>
                    </CustomizationCameras>
                              <WinchSocket Pos="(4.3; 1.097; 1.105)" ParentFrame="BoneCabin_cdt">

                              </WinchSocket>
                              <WinchSocket Pos="(4.3; 1.097; -1.105)" ParentFrame="BoneCabin_cdt">

                              </WinchSocket>
                              <WinchSocket Pos="(-6.875; 1.367; 0)">

                              </WinchSocket>
                              <WinchSocket Pos="(-0.827; 1.674; 0.534)">

                              </WinchSocket>
                              <WinchSocket Pos="(-0.827; 1.674; -0.534)">

                              </WinchSocket>
      </GameData>
      <Landmark MaxScale="3.5" MinScale="1.8" Mesh="landmarks/pacific_p12w_lmk">

      </Landmark>
                      <Snorkel Origin="(2.251; 2.619; 1.244)">

                      </Snorkel>
                      <Snorkel Origin="(2.251; 2.619; 1.244)">

                      </Snorkel>
      <AutomaticIK>
                          <IKBone ModelFrame="BoneTieRodHinge2" ParentFrame="BoneTieRod_cdt">
                              <IKJoint AxisLocal="(1; 0; 0)" Type="Hinge2">

                              </IKJoint>
                              <IKBone AttachOffset="(0; 0; 0)" ModelFrame="BoneTieRodPrismatic" AttachToFrame="BoneRackLeft">
                                    <IKJoint AxisLocal="(1; 0; 0)" Type="Slider">

                                    </IKJoint>
                              </IKBone>
                          </IKBone>
      </AutomaticIK>
  </Truck>
  <_templates Include="trucks">
        <Wheel>
            <FrontWheel ParentFrame="BoneCabin_cdt" SteeringCastor="8" Torque="full" Location="front" SteeringAngle="40">

            </FrontWheel>
            <RearWheel Torque="default" Location="rear" ConnectedToHandbrake="true">

            </RearWheel>
        </Wheel>
        <Body>
              <Mudguard Mass="10" Collisions="None">
                  <Constraint Type="Hinge">
                      <Motor Type="Spring" Spring="10" Damping="1">

                      </Motor>
                  </Constraint>
              </Mudguard>
        </Body>
  </_templates>