  <Truck>
      <ControlledConstraints>
          <Constraint Name="TieRodSteer" IsLinkedSteering="true" Id="chassis_steer">

          </Constraint>
      </ControlledConstraints>
      <PhysicsModel Mesh="trucks/royal_bm17">
            <NetSync Legacy="false">

            </NetSync>
            <Body ModelFrame="BoneChassis_cdt" ImpactType="Truck" Mass="5100" NetSync="pv" CenterOfMassOffset="(-0.5; 0; 0)">
                  <Body ModelFrame="BoneCabin_cdt" ImpactType="Truck" Mass="4360" NetSync="pv" CenterOfMassOffset="(0.3; 0; 0)">
                      <Constraint AxisLocal="(1; 0; 0)" MaxLimit="10" MinLimit="-10" PivotOffset="(0; 0; 0)" Type="Hinge">
                          <Motor Type="Spring" Spring="1800000" Damping="90000">

                          </Motor>
                      </Constraint>
                          <Body ModelFrame="BoneTieRod1_cdt" _template="TieRod">
                            <Constraint AxisLocal="(0; -1; 0)" MaxLimit="30" Name="TieRodSteer" MinLimit="-30">

                            </Constraint>
                          </Body>
                          <Body ModelFrame="BoneMirrorLeft_cdt" _template="SideMirror">

                          </Body>
                          <Body ModelFrame="BoneMirrorRight_cdt" _template="SideMirror">

                          </Body>
                          <Body ModelFrame="BoneSunshieldLeft_cdt" ImpactType="Truck" Mass="5" CenterOfMassOffset="(0; 0; 0)">
                            <Constraint AxisLocal="(0; 0; -1)" MaxLimit="1" MinLimit="-11" PivotOffset="(0; 0; 0)" Type="Hinge">
                                <Motor Type="Spring" Spring="40" Damping="0.004">

                                </Motor>
                            </Constraint>
                          </Body>
                          <Body ModelFrame="BoneSunshieldRight_cdt" ImpactType="Truck" Mass="5" CenterOfMassOffset="(0; 0; 0)">
                            <Constraint AxisLocal="(0; 0; -1)" MaxLimit="1" MinLimit="-15" PivotOffset="(0; 0; 0)" Type="Hinge">
                                <Motor Type="Spring" Spring="35" Damping="0.001">

                                </Motor>
                            </Constraint>
                          </Body>
                          <Body ModelFrame="BoneLeftFrontMudguard_cdt" _template="Mudguard">
                            <Constraint AxisLocal="(0; 0; 1)" MaxLimit="35" MinLimit="-50">

                            </Constraint>
                          </Body>
                          <Body ModelFrame="BoneRightFrontMudguard_cdt" _template="Mudguard">
                            <Constraint AxisLocal="(0; 0; 1)" MaxLimit="35" MinLimit="-50">

                            </Constraint>
                          </Body>
                          <Body ModelFrame="SeatBealt_cdt" Mass="1" Collisions="None" CenterOfMassOffset="(0; 0; 0)">
                            <Constraint AxisLocal="(1; 0; 0)" MaxLimit="0.015" MinLimit="-0.03" PivotOffset="(0; 0; 0)" Type="Prismatic">
                                <Motor Type="Spring" Spring="700" Damping="70">

                                </Motor>
                            </Constraint>
                          </Body>
                          <Body ModelFrame="CordLeft_cdt" Mass="1" Collisions="None" CenterOfMassOffset="(0; 0; 0)">
                            <Constraint AxisLocal="(1; 0; 0)" MaxLimit="0.02" MinLimit="-0.04" PivotOffset="(0; 0; 0)" Type="Prismatic">
                                <Motor Type="Spring" Spring="50" Damping="3">

                                </Motor>
                            </Constraint>
                          </Body>
                          <Body ModelFrame="CordRight_cdt" Mass="1" Collisions="None" CenterOfMassOffset="(0; 0; 0)">
                            <Constraint AxisLocal="(1; 0; 0)" MaxLimit="0.02" MinLimit="-0.04" PivotOffset="(0; 0; 0)" Type="Prismatic">
                                <Motor Type="Spring" Spring="40" Damping="4">

                                </Motor>
                            </Constraint>
                          </Body>
                  </Body>
            </Body>
      </PhysicsModel>
      <TruckData BackSteerSpeed="0.025" DiffLockType="Installed" EngineIconScale="1.3" TruckType="OFFROAD" FuelCapacity="280" EngineStartDelay="0.8" SteerSpeed="0.025" ExhaustStartTime="0.9" Responsiveness="0.15" TruckImage="royalbm17mchr" EngineIconMesh="env/engine_default">
                <Steam ParentFrame="BoneCabin_cdt" Origin="(2.578; 1.405; 0)">

                </Steam>
                <Steam ParentFrame="BoneCabin_cdt" Origin="(0.937; 1.315; 0)">

                </Steam>
              <Intake Size="1" Dir="(1; 0; 0)" Origin="(3.655; 1.617; 0)">

              </Intake>
              <GearboxSocket Default="g_truck_default" Type="gearboxes_trucks">

              </GearboxSocket>
              <Wheels DefaultRim="rim_1" DefaultWheelType="wheels_medium_double" DefaultTire="highway_1">
                          <Wheel Pos="(2.307; 0.63; 1.04)" _template="FrontWheel">

                          </Wheel>
                          <Wheel Pos="(2.307; 0.63; 1.04)" _template="FrontWheel" RightSide="true">

                          </Wheel>
                          <Wheel Pos="(-2.402; 0.63; 0.934)" _template="RearWheel">

                          </Wheel>
                          <Wheel Pos="(-2.402; 0.63; 0.934)" _template="RearWheel" RightSide="true">

                          </Wheel>
                          <Wheel Pos="(-3.798; 0.63; 0.934)" _template="RearWheel">

                          </Wheel>
                          <Wheel Pos="(-3.798; 0.63; 0.934)" _template="RearWheel" RightSide="true">

                          </Wheel>
              </Wheels>
              <WinchUpgradeSocket Default="w_medium_trucks_default" Type="winches_medium_trucks" IsUpgradable="true">

              </WinchUpgradeSocket>
              <SteeringWheel Frame="BoneSteering">

              </SteeringWheel>
              <Damage>
                                <DamageArea Max="(3.608; 2.314; 0.797)" ParentFrame="BoneCabin_cdt" Min="(2.01; 1.154; -0.797)" Type="Engine">

                                </DamageArea>
                                <DamageArea Max="(2.817; 1.452; 1.31)" ParentFrame="BoneChassis_cdt" Min="(0.345; 0.559; -1.31)" Type="FuelTank">

                                </DamageArea>
              </Damage>
                              <LimitedFluid RadiusY="0.30" Center="(0.978; 1; -0.781)" RadiusZ="0.30" LengthX="1.05" ParentFrame="BoneChassis_cdt" Type="Cylinder">

                              </LimitedFluid>
                              <LimitedFluid RadiusY="0.300" Center="(0.975; 1; 0.79)" RadiusZ="0.300" LengthX="1.05" ParentFrame="BoneChassis_cdt" Type="Cylinder">

                              </LimitedFluid>
              <EngineSocket Default="us_truck_modern_engine_cat_royal" Type="e_us_truck_modern, e_us_truck_modern_catroyal">

              </EngineSocket>
              <SoundsDamage _template="Heavy">

              </SoundsDamage>
              <Camera Center="(-1.7; 0; 0)" ParentFrame="BoneCabin_cdt">
                                      <Cockpit WindshieldShadingTexture="trucks/royal_bm17_glass__sh_d.tga" WindshieldDiffuseTexture="trucks/royal_bm17_glass__d_a.tga" ViewPos="(1.031; 2.786; 0.519)" _template="Default">
                                            <Mirror Pos="(1.576; 2.751; 1.44)" MeshFrame="mirror_left" FOVScale="2" Size="(0.2; 0.38)" ReflectionDir="(-0.897; -0.089; -0.433)" ClipDir="(-0.897; -0.089; -0.433)" ClipOffset="0.1">
                                              <SecondaryView MeshFrame="mirror_left_convex" Pos="(1.578; 2.442; 1.435)" Size="(0.24; 0.24)" FOVScale="1.5" ClipDir="(-0.897; -0.089; -0.433)" CurveAngle="7">

                                              </SecondaryView>
                                            </Mirror>
                                            <Mirror Pos="(1.577; 2.752; -1.438)" MeshFrame="mirror_right" FOVScale="2.5" Size="(0.2; 0.38)" ReflectionDir="(-0.795; -0.102; 0.598)" ClipDir="(-0.795; -0.102; 0.598)" ClipOffset="0.3">
                                              <SecondaryView Pos="(1.582; 2.444; -1.433)" MeshFrame="mirror_right_convex" FOVScale="1.75" Size="(0.24; 0.24)" CurveAngle="7" ClipDir="(-0.795; -0.102; 0.598)" ClipOffset="0.3">

                                              </SecondaryView>
                                            </Mirror>
                                      </Cockpit>
              </Camera>
              <Shafts>
                                          <Shaft SocketPointA="Shaft1a" SocketPointB="Shaft1b">

                                          </Shaft>
                                          <Shaft SocketPointA="Shaft2a" SocketPointB="Shaft2b">

                                          </Shaft>
                                          <Shaft SocketPointA="Shaft3a" SocketPointB="Shaft3b">

                                          </Shaft>
                                          <Shaft SocketPointA="Shaft4a" SocketPointB="Shaft4b">

                                          </Shaft>
              </Shafts>
              <FuelTank DamageCapacity="120">

              </FuelTank>
              <SoundsWheels _template="Default">

              </SoundsWheels>
              <SuspensionSocket Default="royal_bm17_suspension_default" MaxWheelRadiusWithoutSuspension="0.53" Type="s_royal_bm17">

              </SuspensionSocket>
              <Axles>
                                                  <Axle Frame="BoneAxle1">

                                                  </Axle>
                                                  <Axle Frame="BoneAxle2">

                                                  </Axle>
                                                  <Axle Frame="BoneAxle3">

                                                  </Axle>
              </Axles>
                                                <CompatibleWheels OffsetZ="0.04" Scale="0.6" RearOffsetZ="0.06" Type="wheels_medium_double">

                                                </CompatibleWheels>
                                                <CompatibleWheels Scale="0.65" RearOffsetZ="0.08" Type="wheels_medium_double">

                                                </CompatibleWheels>
              <Sounds DisableReversePitch="false" ParentFrame="BoneCabin_cdt" Origin="(2.417; 1.737; 0)" AirHissInterval="12.0" _template="Default" MinDist="15.0">
                                                    <EngineHigh Sound="trucks/royal_bm17/royal_bm17_high">

                                                    </EngineHigh>
                                                    <AbruptStop Sound="trucks/common/truck_swing_big_rnd_set/truck_swing_big_rnd">

                                                    </AbruptStop>
                                                    <EngineRev Sound="trucks/royal_bm17/royal_bm17_rev">

                                                    </EngineRev>
                                                    <BrakesSqueal Sound="trucks/royal_bm17/royal_bm17_brakes_squeal">

                                                    </BrakesSqueal>
                                                    <EngineTrans Sound="">

                                                    </EngineTrans>
                                                    <EngineLow_2d IsSound2D="true" Sound="trucks/royal_bm17/royal_bm17_low_2d">

                                                    </EngineLow_2d>
                                                    <EngineHeavy_2d IsSound2D="true" Sound="trucks/royal_bm17/royal_bm17_heavy_2d">

                                                    </EngineHeavy_2d>
                                                    <EngineHeavy Sound="trucks/royal_bm17/royal_bm17_heavy">

                                                    </EngineHeavy>
                                                    <EngineHigh_2d IsSound2D="true" Sound="trucks/royal_bm17/royal_bm17_high_2d">

                                                    </EngineHigh_2d>
                                                    <EngineLow Sound="trucks/royal_bm17/royal_bm17_low">

                                                    </EngineLow>
                                                    <EngineIdle_2d IsSound2D="true" Sound="trucks/royal_bm17/royal_bm17_idle_2d">

                                                    </EngineIdle_2d>
                                                    <EngineStop Sound="trucks/royal_bm17/royal_bm17_stop">

                                                    </EngineStop>
                                                    <EngineIdle Sound="trucks/royal_bm17/royal_bm17_idle">

                                                    </EngineIdle>
                                                    <EngineStart Sound="trucks/royal_bm17/royal_bm17_start">

                                                    </EngineStart>
                                                    <Reverse Sound="trucks/royal_bm17/royal_bm17_reverse">

                                                    </Reverse>
                                                    <BrakeRelease Sound="trucks/royal_bm17/royal_bm17_brake_release">

                                                    </BrakeRelease>
                                                    <EngineAccel Sound="trucks/royal_bm17/royal_bm17_acc">

                                                    </EngineAccel>
                                                    <Honk Sound="trucks/royal_bm17/royal_bm17_honk">

                                                    </Honk>
              </Sounds>
              <Driver SteeringWheelPos="(1.441; 2.392; 0.516)" Pos="(1.045; 2.062; 0.51)" ParentFrame="BoneCabin_cdt" AnimationSet="HeavyTruck">

              </Driver>
              <Dashboard>
                                                          <Gauge Mesh="trucks/arrows/royal_bm17_arrow1" Org="(1.794; 2.339; 0.743)" OutputAngles="(-125; 18)" InputType="engineEnabled" Dir="(-0.769; 0.64; 0)" InputRange="(0;1)" Damping="0.99">

                                                          </Gauge>
                                                          <Gauge Mesh="trucks/arrows/royal_bm17_arrow1" Org="(1.743; 2.277; 0.743)" OutputAngles="(-125; -19)" InputType="engineEnabled" Dir="(-0.768; 0.64; 0)" InputRange="(0;1)" Damping="0.99">

                                                          </Gauge>
                                                          <Gauge Mesh="trucks/arrows/royal_bm17_arrow2" Org="(1.76; 2.303; 0.639)" OutputAngles="(-128; 37)" InputType="engineEnabled" Dir="(-0.776; 0.631; 0)" InputRange="(0;1)" Damping="0.99">

                                                          </Gauge>
                                                          <Gauge Mesh="trucks/arrows/royal_bm17_arrow3" Org="(1.786; 2.327; 0.514)" OutputAngles="(-120; 121)" InputType="rpm" Dir="(-0.768; 0.64; 0)" InputRange="(0;1)" Damping="0.99">

                                                          </Gauge>
                                                          <Gauge Mesh="trucks/arrows/royal_bm17_arrow1" Org="(1.794; 2.339; 0.281)" OutputAngles="(-125; 77)" InputType="engineEnabled" Dir="(-0.768; 0.64; 0)" InputRange="(0;1)" Damping="0.99">

                                                          </Gauge>
                                                          <Gauge Org="(1.761; 2.304; 0.388)" OutputAngles="(-139; 116)" Mesh="trucks/arrows/royal_bm17_arrow4" InputRange="(0;130)" Dir="(-0.768; 0.64; 0)" InputType="speed">

                                                          </Gauge>
                                                          <Gauge Mesh="trucks/arrows/royal_bm17_arrow5" Org="(1.762; 2.303; 0.388)" OutputAngles="(107; 107)" InputType="none" Dir="(-0.768; 0.64; 0)" InputRange="(0;1)" Damping="0.99">

                                                          </Gauge>
                                                          <Gauge Mesh="trucks/arrows/royal_bm17_arrow6" Org="(1.763; 2.302; 0.388)" OutputAngles="(-28; -28)" InputType="none" Dir="(-0.768; 0.64; 0)" InputRange="(0;1)" Damping="0.99">

                                                          </Gauge>
                                                          <Gauge Mesh="trucks/arrows/royal_bm17_arrow7" Org="(1.741; 2.275; 0.639)" OutputAngles="(-152; -208)" InputType="fuel" Dir="(-0.79; 0.613; 0)" InputRange="(0;1)" Damping="0.99">

                                                          </Gauge>
              </Dashboard>
              <SteeringRack FrameSteerRight="BoneRackRight" Frame="BoneRack" FrameSteerLeft="BoneRackLeft" RackHalfSizeZ="0.750">

              </SteeringRack>
              <OcclusionMap MaxX="4.300" HalfSizeZ="1.7" MinX="-5.050">

              </OcclusionMap>
      </TruckData>
      <ModelAttachments>
                <StopSignals>
                    <Light Pos="(-4.712; 1.237; 0)" _template="StopSignal">

                    </Light>
                        <Flare Pos="(-4.675; 1.237; -0.85)" _template="StopSignal">

                        </Flare>
                        <Flare Pos="(-4.675; 1.237; 0.85)" _template="StopSignal">

                        </Flare>
                </StopSignals>
                <Ignition>
                        <Light Pos="(3.8; 1.056; 1.060)" _template="IgnitionSignalWhite" ParentFrame="BoneCabin_cdt">

                        </Light>
                        <Light Pos="(3.8; 1.056; -1.060)" _template="IgnitionSignalWhite" ParentFrame="BoneCabin_cdt">

                        </Light>
                        <Light Pos="(-4.712; 1.237; 0)" _template="IgnitionSignalRed">

                        </Light>
                          <Flare Size="0.1" Dir="(-1; 0; 0)" Pos="(-4.675; 1.234; 0.853)" _template="IgnitionSignalRed">

                          </Flare>
                          <Flare Size="0.1" Dir="(-1; 0; 0)" Pos="(-4.675; 1.234; -0.853)" _template="IgnitionSignalRed">

                          </Flare>
                          <Flare ParentFrame="BoneCabin_cdt" Pos="(1.625; 3.184; -0.273)" Color="g(255; 174; 0) x 0.3" _template="MarkerBeacon">

                          </Flare>
                          <Flare ParentFrame="BoneCabin_cdt" Pos="(1.625; 3.184; 0)" Color="g(255; 174; 0) x 0.3" _template="MarkerBeacon">

                          </Flare>
                          <Flare ParentFrame="BoneCabin_cdt" Pos="(1.625; 3.184; 0.273)" Color="g(255; 174; 0) x 0.3" _template="MarkerBeacon">

                          </Flare>
                          <Flare Pos="(3.54; 1.055; -1.199)" ParentFrame="BoneCabin_cdt" Size="0.1" Dir="(1; 0; 0)" Color="g(169; 0; 0) x 0.7" _template="IgnitionSignalRed">

                          </Flare>
                          <Flare Pos="(3.54; 1.055; 1.199)" ParentFrame="BoneCabin_cdt" Size="0.1" Dir="(1; 0; 0)" Color="g(169; 0; 0) x 0.7" _template="IgnitionSignalRed">

                          </Flare>
                          <Flare ParentFrame="BoneCabin_cdt" Pos="(1.952; 2.163; -0.999)" Dir="(0; 0; -1)" _template="IgnitionSignalOrange">

                          </Flare>
                          <Flare ParentFrame="BoneCabin_cdt" Pos="(1.952; 2.163; 0.999)" Dir="(0; 0; 1)" _template="IgnitionSignalOrange">

                          </Flare>
                          <Flare ParentFrame="BoneCabin_cdt" Pos="(1.64; 2.77; -1.471)" Dir="(1; 0; 0)" _template="IgnitionSignalOrange">

                          </Flare>
                          <Flare ParentFrame="BoneCabin_cdt" Pos="(1.64; 2.77; 1.471)" Dir="(1; 0; 0)" _template="IgnitionSignalOrange">

                          </Flare>
                          <Flare ParentFrame="BoneCabin_cdt" Size="0.2" Pos="(3.6; 1.056; -1.060)" DirAngle="120" _template="IgnitionSignalWhite">

                          </Flare>
                          <Flare ParentFrame="BoneCabin_cdt" Size="0.2" Pos="(3.6; 1.056; 1.060)" DirAngle="120" _template="IgnitionSignalWhite">

                          </Flare>
                          <Flare ParentFrame="BoneCabin_cdt" Size="0.2" Pos="(3.703; 1.056; -0.905)" DirAngle="120" _template="IgnitionSignalWhite">

                          </Flare>
                          <Flare ParentFrame="BoneCabin_cdt" Size="0.2" Pos="(3.703; 1.056; 0.905)" DirAngle="120" _template="IgnitionSignalWhite">

                          </Flare>
                </Ignition>
                <HeadLight>
                          <Model _template="HeadLightRay" Org="(3.709; 1.056; -0.896)" ParentFrame="BoneCabin_cdt">

                          </Model>
                          <Model _template="HeadLightRay" Org="(3.709; 1.056; 0.896)" ParentFrame="BoneCabin_cdt">

                          </Model>
                            <Flare ParentFrame="BoneCabin_cdt" Size="0.45" Pos="(3.709; 1.056; -0.896)" Color="g(245; 225; 180) x 0.5" _template="HeadLight">

                            </Flare>
                            <Flare ParentFrame="BoneCabin_cdt" Size="0.45" Pos="(3.709; 1.056; 0.896)" Color="g(245; 225; 180) x 0.5" _template="HeadLight">

                            </Flare>
                            <Flare Pos="(3.709; 1.056; -0.896)" _template="BlueStreak" ParentFrame="BoneCabin_cdt">

                            </Flare>
                            <Flare Pos="(3.709; 1.056; 0.896)" _template="BlueStreak" ParentFrame="BoneCabin_cdt">

                            </Flare>
                </HeadLight>
                <ReverseSignals>
                          <Light Pos="(-4.712; 1.237; 0)" _template="ReverseSignal">

                          </Light>
                              <Flare Size="0.7" _template="ReverseSignal" Pos="(-4.675; 1.237; -0.728)">

                              </Flare>
                              <Flare Size="0.7" _template="ReverseSignal" Pos="(-4.675; 1.237; 0.728)">

                              </Flare>
                              <Flare Pos="(-4.675; 1.237; -0.728)" Size="0.4" Dir="(-1; 0; 0)" Color="g(220; 220; 255) x 0.05" _template="BlueStreak">

                              </Flare>
                              <Flare Pos="(-4.675; 1.237; 0.728)" Size="0.4" Dir="(-1; 0; 0)" Color="g(220; 220; 255) x 0.05" _template="BlueStreak">

                              </Flare>
                </ReverseSignals>
      </ModelAttachments>
      <HeadLight Pos="(3.709; 1.056; 0)" _template="Default" ParentFrame="BoneCabin_cdt">

      </HeadLight>
      <GameData Price="104500" Country="US" UnlockByExploration="true" UnlockByRank="1">
                      <CraneSocket Pos="(-4.626; 0.933; 0)">

                      </CraneSocket>
                      <CraneSocket Pos="(-1.815; 1.229; -0.389)">

                      </CraneSocket>
                      <CraneSocket Pos="(-1.815; 1.229; 0.389)">

                      </CraneSocket>
                      <CraneSocket Pos="(3.792; 1.184; 0.641)" ParentFrame="BoneCabin_cdt">

                      </CraneSocket>
                      <CraneSocket Pos="(3.792; 1.184; -0.641)" ParentFrame="BoneCabin_cdt">

                      </CraneSocket>
                    <UiDesc UiIcon30x30="offroadVehicleImg30" UiName="UI_VEHICLE_ROYAL_BM17_NAME" UiIcon328x458="shopImgScammell" UiIconLogo="RoyalLogo80" UiDesc="UI_VEHICLE_ROYAL_BM17_DESC" UiIcon40x40="offroadVehicleImg">

                    </UiDesc>
                          <AddonSockets>
                            <Socket ParentFrame="BoneChassis_cdt" Offset="(0; 0; 0)" Names="RoyalBm17SpareWheel">
                                <ExtraParent Frame="BoneCabin_cdt">

                                </ExtraParent>
                            </Socket>
                          </AddonSockets>
                          <AddonSockets>
                              <Socket Offset="(-1.76; 1.84; 0)" Names="LargeSemitrailer">

                              </Socket>
                              <Socket Offset="(-1.76; 1.84; 0)" Names="LargeSemitrailer, LargeSemitrailerOiltank">

                              </Socket>
                              <Socket Offset="(-2.46; 1.67; 0)" Names="Semitrailer, SemitrailerOiltank">

                              </Socket>
                              <Socket Offset="(-4.638; 0.932; 0)" Names="Trailer">
                                <AddonsShift Types="MinicraneUS, FrameAddon" Offset="(0; 0; 0)" TrailerNamesBlock="Trailer">

                                </AddonsShift>
                              </Socket>
                          </AddonSockets>
                          <AddonSockets>
                              <Socket NamesBlock="MetalDetector, MinicraneUS" Offset="(-0.693; 1.345; 0)" Names="LogLift">

                              </Socket>
                              <Socket NamesBlock="MinicraneUS, MetalDetector" Offset="(-6.611; 1.344; 0)" Names="BunkLog">

                              </Socket>
                              <Socket Offset="(-2.18; 1.34; 0)" NamesBlock="MinicraneUS, MetalDetector, RoyalBM17CabinProtector" Names="FrameAddonLogShort">

                              </Socket>
                              <Socket Offset="(-2.18; 1.34; 0)" NamesBlock="MinicraneUS, MetalDetector, RoyalBM17CabinProtector, Trailer" Names="FrameAddonLogMedium">

                              </Socket>
                              <Socket Offset="(-3.095; 1.34; 0)" Names="SaddleLowRoyalBm17">
                                <ExtraParent Frame="BoneCabin_cdt">

                                </ExtraParent>
                              </Socket>
                              <Socket Offset="(-2.365; 1.34; 0)" Names="SaddleHighRoyalBm17">
                                <ExtraParent Frame="BoneCabin_cdt">

                                </ExtraParent>
                                <AddonsShift Types="MinicraneUS, RoyalBM17CabinProtector" Offset="(0; 0; 0)" TrailerNamesBlock="SaddleHighRoyalBm17">

                                </AddonsShift>
                              </Socket>
                              <Socket Offset="(-2.9; 1.339; 0)" ParentFrame="BoneChassis_cdt" NamesBlock="MinicraneUS, MetalDetector, Trailer" Names="FrameAddonTow">
                                <AddonsShift Offset="(-0.5; 0; 0)" Types="RoyalBM17CabinProtector">

                                </AddonsShift>
                              </Socket>
                              <Socket ParentFrame="BoneChassis_cdt" Offset="(-2.218; 1.339; 0)" Names="FrameAddon">
                                  <AddonsShift Offset="(-1.21; 0; 0)" Types="MinicraneUS">

                                  </AddonsShift>
                                  <AddonsShift Offset="(-0.545; 0; 0)" Types="RoyalBM17CabinProtector">

                                  </AddonsShift>
                                  <AddonsShift Types="MinicraneUS, RoyalBM17CabinProtector" Offset="(0; 0; 0)" TrailerNamesBlock="FrameAddon">

                                  </AddonsShift>
                              </Socket>
                              <Socket ParentFrame="BoneChassis_cdt" Offset="(-2.84; 1.413; 0)" Names="FrameAddonKung">
                                  <ExtraParent Frame="BoneChassis_cdt" Offset="(0; 0; -0.08)">

                                  </ExtraParent>
                                  <ExtraParent Frame="BoneChassis_cdt" Offset="(0; 0; 0.08)">

                                  </ExtraParent>
                              </Socket>
                              <Socket ParentFrame="BoneChassis_cdt" Offset="(-3.165; 1.339; 0)" Names="FrameAddonTank">
                                <AddonsShift Offset="(-0.588; 0; 0)" Types="RoyalBM17CabinProtector">

                                </AddonsShift>
                              </Socket>
                              <Socket Offset="(-2.85; 0.307; 0)" ParentFrame="BoneChassis_cdt" NamesBlock="Trailer, RoyalBM17CabinProtector" Names="FrameAddonMaintainer">

                              </Socket>
                              <Socket Offset="(-0.08; 1.341; 0)" ParentFrame="BoneChassis_cdt" NamesBlock="MinicraneUS, Trailer, RoyalBM17CabinProtector" Names="FrameAddonSeismicVibrator">

                              </Socket>
                              <Socket Offset="(-2.891; 1.442; 0)" NamesBlock="MetalDetector, MinicraneUS, Semitrailer, RoyalBM17CabinProtector" Names="BigCraneUs">
                                  <ExtraParent Frame="BoneChassis_cdt" Offset="(0; -0.1; 0)">

                                  </ExtraParent>
                                  <ExtraParent Frame="BoneChassis_cdt" Offset="(0; -0.1; 0)">

                                  </ExtraParent>
                              </Socket>
                          </AddonSockets>
                          <AddonSockets>
                              <Socket Offset="(-1.256; 0.287; 0)" ParentFrame="BoneChassis_cdt" NamesBlock="SaddleLowRoyalBm17, FrameAddonKung, FrameAddonTank, FrameAddonSeismicVibrator, FrameAddon, SaddleHighRoyalBm17, RoyalBm17SpareWheel" Names="MetalDetector">

                              </Socket>
                              <Socket Offset="(-0.48; 1.343; 0)" NamesBlock="SemitrailerOiltank, LargeSemitrailerOiltank, FrameAddonKung, FrameAddonTank, FrameAddonMaintainer" Names="MinicraneUS">
                                <AddonsShift Offset="(-0.588; 0; 0)" Types="RoyalBM17CabinProtector">

                                </AddonsShift>
                              </Socket>
                          </AddonSockets>
                          <AddonSockets>
                            <Socket ParentFrame="BoneCabin_cdt" Offset="(0; 0; 0)" Names="RoyalBM17Bumper">

                            </Socket>
                          </AddonSockets>
                          <AddonSockets>
                            <Socket ParentFrame="BoneCabin_cdt" NamesBlock="RoyalBM17Horn2, RoyalBM17SpotLight2" Names="RoyalBM17Horn">

                            </Socket>
                          </AddonSockets>
                          <AddonSockets>
                            <Socket ParentFrame="BoneCabin_cdt" Offset="(0; 0; 0)" Names="RoyalBM17Horn2">

                            </Socket>
                          </AddonSockets>
                          <AddonSockets DefaultAddon="royal_bm17_visor_default">
                            <Socket ParentFrame="BoneCabin_cdt" Offset="(0; 0; 0)" Names="RoyalBM17Visor">

                            </Socket>
                          </AddonSockets>
                          <AddonSockets>
                            <Socket ParentFrame="BoneCabin_cdt" Offset="(0; 0; 0)" Names="RoyalBM17Beacon">

                            </Socket>
                          </AddonSockets>
                          <AddonSockets>
                              <Socket ParentFrame="BoneCabin_cdt" NamesBlock="RoyalBM17Beacon" Names="RoyalBM17SpotLight2">

                              </Socket>
                              <Socket ParentFrame="BoneCabin_cdt" Names="RoyalBM17SpotLight">

                              </Socket>
                          </AddonSockets>
                          <AddonSockets>
                            <Socket ParentFrame="BoneCabin_cdt" Offset="(0; 0; 0)" Names="RoyalBM17Gabarite">

                            </Socket>
                          </AddonSockets>
                          <AddonSockets DefaultAddon="royal_bm17_air_conditioner_default">
                            <Socket ParentFrame="BoneCabin_cdt" Offset="(0; 0; 0)" Names="RoyalBM17Conditioner">

                            </Socket>
                          </AddonSockets>
                          <AddonSockets>
                            <Socket ParentFrame="BoneCabin_cdt" Offset="(-0.05; 0; 0)" Names="RoyalBM17CabinProtector">
                                <ExtraParent Frame="BoneChassis_cdt">

                                </ExtraParent>
                            </Socket>
                          </AddonSockets>
                          <AddonSockets DefaultAddon="royal_bm17_snorkel_default">
                            <Socket ParentFrame="BoneCabin_cdt" Offset="(0; 0; 0)" Names="RoyalBM17Snorkel">

                            </Socket>
                          </AddonSockets>
                          <AddonSockets DefaultAddon="royal_bm17_exhaust_default">
                            <Socket ParentFrame="BoneCabin_cdt" Offset="(0; 0; 0)" Names="RoyalBM17Exhaust">

                            </Socket>
                          </AddonSockets>
                          <AddonSockets>
                            <Socket Offset="(1.907; 2.428; 0.016)" ParentFrame="BoneCabin_cdt" Names="StuffDashboard" InCockpit="true">

                            </Socket>
                          </AddonSockets>
                          <AddonSockets>
                            <Socket ParentFrame="BoneCabin_cdt" Names="royalBm17Sticker_1x1_01" InCockpit="true">

                            </Socket>
                          </AddonSockets>
                          <AddonSockets>
                            <Socket ParentFrame="BoneCabin_cdt" Names="royalBm17Sticker_1x1_02" InCockpit="true">

                            </Socket>
                          </AddonSockets>
                          <AddonSockets>
                            <Socket ParentFrame="BoneCabin_cdt" Names="royalBm17Sticker_1x1_03" InCockpit="true">

                            </Socket>
                          </AddonSockets>
                          <AddonSockets>
                            <Socket ParentFrame="BoneCabin_cdt" Names="royalBm17Sticker_1x1_04" InCockpit="true">

                            </Socket>
                          </AddonSockets>
                          <AddonSockets>
                            <Socket ParentFrame="BoneCabin_cdt" Names="royalBm17Sticker_1x2_01" InCockpit="true">

                            </Socket>
                          </AddonSockets>
                          <AddonSockets>
                            <Socket ParentFrame="BoneCabin_cdt" Names="royalBm17Sticker_1x4_01" InCockpit="true">

                            </Socket>
                          </AddonSockets>
                          <AddonSockets>
                            <Socket ParentFrame="BoneCabin_cdt" Names="royalBm17Sticker_GlassTop" InCockpit="true">

                            </Socket>
                          </AddonSockets>
                          <AddonSockets>
                            <Socket ParentFrame="BoneCabin_cdt" Names="royalBm17Sticker_GlassBottom" InCockpit="true">

                            </Socket>
                          </AddonSockets>
                          <AddonSockets>
                            <Socket ParentFrame="BoneCabin_cdt" Names="royalBm17Sticker_Door_L">

                            </Socket>
                          </AddonSockets>
                          <AddonSockets>
                            <Socket ParentFrame="BoneCabin_cdt" Names="royalBm17Sticker_Door_R">

                            </Socket>
                          </AddonSockets>
                          <AddonSockets>
                            <Socket ParentFrame="BoneCabin_cdt" Names="royalBm17Sticker_Capote">

                            </Socket>
                          </AddonSockets>
                          <AddonSockets>
                            <Socket ParentFrame="BoneCabin_cdt" Names="royalBm17Sticker_Roof">

                            </Socket>
                          </AddonSockets>
                          <AddonSockets>
                              <Socket Offset="(1.758; 3.008; 0.044)" ParentFrame="BoneCabin_cdt" Names="StuffAirfreshener" InCockpit="true">

                              </Socket>
                              <Socket ParentFrame="BoneCabin_cdt" Names="StuffCurtainRoyalBm17" InCockpit="true">

                              </Socket>
                          </AddonSockets>
                          <AddonSockets>
                            <Socket ParentFrame="BoneCabin_cdt" Names="StuffHoodRoyalBm17">

                            </Socket>
                          </AddonSockets>
                          <AddonSockets DefaultAddon="zikz_5368_diff_lock_default">
                            <Socket Names="ZiKZ5368DiffLock" Offset="(0; 0; 0)" ParentFrame="BoneChassis_cdt">

                            </Socket>
                          </AddonSockets>
                    <CustomizationCameras>
                                <CameraPos Interior="true" Position="(6.453; 5.829; -0.285)" Name="roof_sticker" InterestPosition="(3.589; 0.674; -0.706)" FOV="32.0">

                                </CameraPos>
                                <CameraPos Interior="true" Position="(4.474; 2.728; -0.212)" Name="sticker_1" InterestPosition="(6.609; 1.277; 1.412)" FOV="32.0">

                                </CameraPos>
                                <CameraPos MaxZoom="2" MaxYRotation="360" Position="(-9.259; 3.714; 6.213)" MaxXRotation="360" Name="addon_1" InterestPosition="(-0.508; 2.026; -0)" FOV="32.0">

                                </CameraPos>
                                <CameraPos MaxZoom="2" MaxYRotation="360" Position="(-0.029; 4.180; 4.334)" MaxXRotation="360" Name="addon_2" InterestPosition="(3.496; 0.486; 0)" FOV="32.0">

                                </CameraPos>
                                <CameraPos Interior="true" Position="(4.104; 2.885; -0.632)" Name="mirror_mount" InterestPosition="(6.438; 2.587; 1.715)" FOV="32.0">

                                </CameraPos>
                                <CameraPos MaxZoom="2" MaxYRotation="360" Position="(-0.590; 4.639; 3.718)" MaxXRotation="360" Name="side_r" InterestPosition="(4.764; 2.196; -0)" FOV="32.0">

                                </CameraPos>
                                <CameraPos Interior="true" Position="(4.474; 2.728; -0.212)" Name="sticker" InterestPosition="(6.726; 1.277; 2.848)" FOV="32.0">

                                </CameraPos>
                                <CameraPos Interior="true" Position="(8.46; 3.409; 0.655)" Name="glass_sticker" InterestPosition="(4.613; 2.54; -0.956)" FOV="32.0">

                                </CameraPos>
                                <CameraPos Interior="true" Position="(3.984; 2.354; 3.093)" Name="door_r_sticker" InterestPosition="(6.471; 1.745; 0)" FOV="32.0">

                                </CameraPos>
                                <CameraPos MaxZoom="2" MaxYRotation="360" Position="(10.787; 4.806; -3.717)" MaxXRotation="360" Name="roof" InterestPosition="(4.758; 2.358; -0)" FOV="32.0">

                                </CameraPos>
                                <CameraPos Interior="true" Position="(9.190; 5.504; -0.312)" Name="capote_sticker" InterestPosition="(5.454; 0.713; -0.581)" FOV="32.0">

                                </CameraPos>
                                <CameraPos MaxZoom="2" MaxYRotation="360" Position="(13.576; 1.402; -3.863)" MaxXRotation="360" Name="hoods" InterestPosition="(5.716; 1.735; 0)" FOV="32.0">

                                </CameraPos>
                                <CameraPos Interior="true" Position="(4.651; 2.846; -0.267)" Name="sticker_2" InterestPosition="(6.062; 1.277; 0.322)" FOV="32.0">

                                </CameraPos>
                                <CameraPos MaxZoom="2" MaxYRotation="360" Position="(10.32; 4.555; 4.896)" MaxXRotation="360" Name="side_l" InterestPosition="(5.516; 1.36; 0)" FOV="32.0">

                                </CameraPos>
                                <CameraPos Interior="true" Position="(4.693; 2.899; -0.208)" Name="bubble_head" InterestPosition="(6.609; 1.268; 1.367)" FOV="32.0">

                                </CameraPos>
                                <CameraPos MaxZoom="2" MaxYRotation="360" Position="(8.037; 2.025; -5.492)" MaxXRotation="360" Name="wheels" InterestPosition="(4.925; 0.749; 0.052)" FOV="32.0">

                                </CameraPos>
                                <CameraPos MaxZoom="2" MaxYRotation="360" Position="(13.576; 1.402; -3.863)" MaxXRotation="360" Name="default" InterestPosition="(5.716; 1.735; 0)" FOV="32.0">

                                </CameraPos>
                                <CameraPos MaxZoom="2" MaxYRotation="360" Position="(-6.285; 2.053; 3.418)" MaxXRotation="360" Name="rear" InterestPosition="(-0.868; 1.09; -0)" FOV="32.0">

                                </CameraPos>
                                <CameraPos Interior="true" Position="(4.16; 2.415; -3.29)" Name="door_l_sticker" InterestPosition="(4.476; 1.822; -0)" FOV="32.0">

                                </CameraPos>
                                <CameraPos Interior="true" Position="(8.557; 2.677; -1.52)" Name="hood_ornament" InterestPosition="(7.506; 2.361; -1.52)" FOV="32.0">

                                </CameraPos>
                                <CameraPos Interior="true" Position="(4.104; 2.885; -0.632)" Name="curtain" InterestPosition="(6.438; 2.587; 1.715)" FOV="32.0">

                                </CameraPos>
                    </CustomizationCameras>
                              <WinchSocket Pos="(-4.626; 0.933; 0)">

                              </WinchSocket>
                              <WinchSocket Pos="(-1.815; 1.229; -0.389)">

                              </WinchSocket>
                              <WinchSocket Pos="(-1.815; 1.229; 0.389)">

                              </WinchSocket>
                              <WinchSocket Pos="(3.792; 1.184; 0.641)" ParentFrame="BoneCabin_cdt">

                              </WinchSocket>
                              <WinchSocket Pos="(3.792; 1.184; -0.641)" ParentFrame="BoneCabin_cdt">

                              </WinchSocket>
      </GameData>
      <Landmark MaxScale="2.5" MinScale="1.5" Mesh="landmarks/royal_bm17_lmk">

      </Landmark>
      <AutomaticIK>
                        <IKBone ModelFrame="BoneTieRod2" ParentFrame="BoneTieRod1_cdt">
                            <IKJoint AxisLocal="(1; 0; 0)" Type="Hinge2">

                            </IKJoint>
                            <IKBone AttachOffset="(0; 0; 0)" ModelFrame="BoneTieRod3" AttachToFrame="BoneRackLeft">
                                  <IKJoint AxisLocal="(1; 0; 0)" Type="Slider">

                                  </IKJoint>
                            </IKBone>
                        </IKBone>
      </AutomaticIK>
  </Truck>
  <_templates Include="trucks">
        <Body>
            <SideMirror Mass="5" Collisions="None">
                <Constraint AxisLocal="(0; 1; 0)" MaxLimit="35" MinLimit="-35" Type="Hinge">
                    <Motor Type="Spring" Spring="280" Damping="5">

                    </Motor>
                </Constraint>
            </SideMirror>
            <Mudguard Mass="10" Collisions="None">
                  <Constraint Type="Hinge">
                      <Motor Type="Spring" Spring="10" Damping="1">

                      </Motor>
                  </Constraint>
            </Mudguard>
        </Body>
        <Wheel>
              <FrontWheel SteeringJointOffset="0.2" ParentFrame="BoneCabin_cdt" SteeringCastor="8" Torque="full" Location="front" SteeringAngle="37">

              </FrontWheel>
              <RearWheel Torque="default" Location="rear" ConnectedToHandbrake="true">

              </RearWheel>
        </Wheel>
        <Flare>
                <IgnitionSignalOrange ColorMultAtDay="0.6" DirAngle="135" Size="0.1" Dir="(0; 1; 0)" Color="g(255; 140; 0) x 0.3" AspectRatio="1.4">

                </IgnitionSignalOrange>
        </Flare>
  </_templates>