  <Truck>
      <Landmark MaxScale="3.8" MinScale="1.8" Mesh="landmarks/tuz_166_lmk">

      </Landmark>
      <HeadLight Pos="(1.707; 0.928; 0)" _template="Default" ParentFrame="BoneChassis_cdt">

      </HeadLight>
      <GameData Price="7200" Country="RU,CAS" UnlockByExploration="true" UnlockByRank="1" Recallable="true">
                <CraneSocket Pos="(1.859; 0.738; -0.381)">

                </CraneSocket>
                <CraneSocket Pos="(1.859; 0.738; 0.381)">

                </CraneSocket>
                <CraneSocket Pos="(-1.872; 0.727; 0)">

                </CraneSocket>
                <CraneSocket Pos="(-0.2; 1.9; 0)">

                </CraneSocket>
                <CraneSocket Pos="(-0.119; 0.503; 0.854)">

                </CraneSocket>
                <CraneSocket Pos="(-0.119; 0.503; -0.854)">

                </CraneSocket>
              <UiDesc UiIcon30x30="scoutVehicleImg30" UiName="UI_VEHICLE_TUZ_166_NAME" UiIcon328x458="shopImgTUZ166" UiIconLogo="TUZLogo80" UiDesc="UI_VEHICLE_TUZ_166_DESC" UiIcon40x40="scoutVehicleImg">

              </UiDesc>
                    <AddonSockets DefaultAddon="tuz_166_bumper_default">
                      <Socket Offset="(0; 0; 0)" Names="Tuz166Bumper">

                      </Socket>
                    </AddonSockets>
                    <AddonSockets DefaultAddon="tuz_166_rear_bumper_default">
                      <Socket Offset="(0; 0; 0)" Names="Tuz166RearBumper, Tuz166RearBumperSpareWheel, Tuz166RearBumper1">

                      </Socket>
                    </AddonSockets>
                    <AddonSockets>
                      <Socket Offset="(0; 0; 0)" Names="Tuz166Horn">

                      </Socket>
                    </AddonSockets>
                    <AddonSockets>
                      <Socket Offset="(0; 0; 0)" Names="Tuz166Roofrack">

                      </Socket>
                    </AddonSockets>
                    <AddonSockets>
                      <Socket Offset="(0; 0; 0)" Names="Tuz166SpotLight">

                      </Socket>
                    </AddonSockets>
                    <AddonSockets>
                      <Socket Offset="(0; 0; 0)" NamesBlock="Tuz166Snorkel" Names="Tuz166Visor">

                      </Socket>
                    </AddonSockets>
                    <AddonSockets>
                      <Socket Offset="(0; 0; 0)" Names="Tuz166Threshold">

                      </Socket>
                    </AddonSockets>
                    <AddonSockets>
                      <Socket Offset="(0; 0; 0)" Names="Tuz166Snorkel, Tuz166Snorkel2">

                      </Socket>
                    </AddonSockets>
                    <AddonSockets>
                      <Socket Offset="(-1.87; 0.74; 0)" NamesBlock="Tuz166RearBumperSpareWheel" Names="ScautTrailer">
                          <AddonsShift Offset="(-0.122; 0; 0)" Types="Tuz166RearBumper1">

                          </AddonsShift>
                      </Socket>
                    </AddonSockets>
                    <AddonSockets>
                      <Socket Names="tuz166Sticker_1x1_01" Offset="(0; 0; 0)" InCockpit="true">

                      </Socket>
                    </AddonSockets>
                    <AddonSockets>
                      <Socket Names="tuz166Sticker_1x1_02" Offset="(0; 0; 0)" InCockpit="true">

                      </Socket>
                    </AddonSockets>
                    <AddonSockets>
                      <Socket Names="tuz166Sticker_1x1_03" Offset="(0; 0; 0)" InCockpit="true">

                      </Socket>
                    </AddonSockets>
                    <AddonSockets>
                      <Socket Names="tuz166Sticker_1x2_01" Offset="(0; 0; 0)" InCockpit="true">

                      </Socket>
                    </AddonSockets>
                    <AddonSockets>
                      <Socket Names="tuz166Sticker_1x2_02" Offset="(0; 0; 0)" InCockpit="true">

                      </Socket>
                    </AddonSockets>
                    <AddonSockets>
                      <Socket Names="tuz166Sticker_1x4_01" Offset="(0; 0; 0)" InCockpit="true">

                      </Socket>
                    </AddonSockets>
                    <AddonSockets>
                      <Socket Names="tuz166Sticker_GlassTop" InCockpit="true">

                      </Socket>
                    </AddonSockets>
                    <AddonSockets>
                      <Socket Names="tuz166Sticker_Door_L">

                      </Socket>
                    </AddonSockets>
                    <AddonSockets>
                      <Socket Names="tuz166Sticker_Door_R">

                      </Socket>
                    </AddonSockets>
                    <AddonSockets>
                      <Socket Names="tuz166Sticker_Capote">

                      </Socket>
                    </AddonSockets>
                    <AddonSockets>
                      <Socket Names="StuffHoodTuz166">

                      </Socket>
                    </AddonSockets>
                    <AddonSockets>
                      <Socket Names="StuffAirfreshener" Offset="(0.387; 1.686; -0.005)" InCockpit="true">

                      </Socket>
                    </AddonSockets>
              <CustomizationCameras>
                          <CameraPos Interior="true" Position="(5.502; 1.589; 0.07)" Name="sticker_1" InterestPosition="(7.669; 0.590; 1.361)" FOV="32.0">

                          </CameraPos>
                          <CameraPos MaxZoom="2" MaxYRotation="360" Position="(-6.923; 2.071; 10.147)" MaxXRotation="360" Name="addon_1" InterestPosition="(1.036; 1.692; -0)" FOV="32.0">

                          </CameraPos>
                          <CameraPos MaxZoom="2" MaxYRotation="360" Position="(10.328; 3.173; 3.632)" MaxXRotation="360" Name="addon_2" InterestPosition="(4.991; 1.77; 0)" FOV="32.0">

                          </CameraPos>
                          <CameraPos Interior="true" Position="(5.012; 1.587; -0.604)" Name="mirror_mount" InterestPosition="(7.736; 1.366; 2.214)" FOV="32.0">

                          </CameraPos>
                          <CameraPos MaxZoom="2" MaxYRotation="360" Position="(8.402; 2.059; -3.713)" MaxXRotation="360" Name="side_r" InterestPosition="(4.990; 0.759; -0)" FOV="32.0">

                          </CameraPos>
                          <CameraPos Interior="true" Position="(5.427; 1.532; -0.193)" Name="sticker" InterestPosition="(7.669; 0.818; 0.297)" FOV="32.0">

                          </CameraPos>
                          <CameraPos Interior="true" Position="(8.225; 2.090; 0.896)" Name="glass_sticker" InterestPosition="(6.227; 1.498; -0.788)" FOV="32.0">

                          </CameraPos>
                          <CameraPos Interior="true" Position="(4.938; 1.201; 2.296)" Name="door_r_sticker" InterestPosition="(7.368; 0.527; 0)" FOV="32.0">

                          </CameraPos>
                          <CameraPos MaxZoom="2" MaxYRotation="360" Position="(10.148; 3.473; -2.51)" MaxXRotation="360" Name="roof" InterestPosition="(5.474; 0.759; 0)" FOV="32.0">

                          </CameraPos>
                          <CameraPos Interior="true" Position="(8.658; 2.876; -0.262)" Name="capote_sticker" InterestPosition="(6.966; 0.662; -0.869)" FOV="32.0">

                          </CameraPos>
                          <CameraPos MaxZoom="2" MaxYRotation="360" Position="(10.78; 1.486; -3.957)" MaxXRotation="360" Name="hoods" InterestPosition="(5.735; 0.976; 0)" FOV="32.0">

                          </CameraPos>
                          <CameraPos Interior="true" Position="(5.221; 1.595; 0.03)" Name="sticker_2" InterestPosition="(6.662; 0.61; 1.935)" FOV="32.0">

                          </CameraPos>
                          <CameraPos MaxZoom="2" MaxYRotation="360" Position="(9.22; 3.041; 3.401)" MaxXRotation="360" Name="side_l" InterestPosition="(5.944; 0.759; 0)" FOV="32.0">

                          </CameraPos>
                          <CameraPos MaxZoom="2" MaxYRotation="360" Position="(8.421; 1.608; -3.51)" MaxXRotation="360" Name="wheels" InterestPosition="(6.02; 0.191; -0)" FOV="32.0">

                          </CameraPos>
                          <CameraPos MaxZoom="2" MaxYRotation="360" Position="(10.78; 1.486; -3.957)" MaxXRotation="360" Name="default" InterestPosition="(5.735; 0.976; 0)" FOV="32.0">

                          </CameraPos>
                          <CameraPos MaxZoom="2" MaxYRotation="360" Position="(-0.112; 1.595; 3.721)" MaxXRotation="360" Name="rear" InterestPosition="(5.141; 0.956; 0)" FOV="32.0">

                          </CameraPos>
                          <CameraPos Interior="true" Position="(5.008; 1.27; -2.246)" Name="door_l_sticker" InterestPosition="(5.443; 0.519; 0.685)" FOV="32.0">

                          </CameraPos>
                          <CameraPos Interior="true" Position="(8.271; 1.5; -0.812)" Name="hood_ornament" InterestPosition="(7.114; 1.152; -0.812)" FOV="32.0">

                          </CameraPos>
              </CustomizationCameras>
                        <WinchSocket Pos="(1.859; 0.738; -0.381)">

                        </WinchSocket>
                        <WinchSocket Pos="(1.859; 0.738; 0.381)">

                        </WinchSocket>
                        <WinchSocket Pos="(-1.872; 0.727; 0)">

                        </WinchSocket>
                        <WinchSocket Pos="(-0.119; 0.503; 0.854)">

                        </WinchSocket>
                        <WinchSocket Pos="(-0.119; 0.503; -0.854)">

                        </WinchSocket>
      </GameData>
      <PhysicsModel Mesh="trucks/tuz_166">
                <NetSync Legacy="false">

                </NetSync>
                <Body ImpactType="Truck" Mass="760" NetSync="pv" CenterOfMassOffset="(0; -0.4; 0)">
                        <Body ModelFrame="BoneCabin_cdt" ImpactType="Truck" Mass="760" NetSync="pv" CenterOfMassOffset="(0; 0; 0)">
                          <Constraint Type="Fixed">

                          </Constraint>
                        </Body>
                        <Body ModelFrame="BoneMirrorLeft_cdt" _template="SideMirror">

                        </Body>
                        <Body ModelFrame="BoneMirrorRight_cdt" _template="SideMirror">

                        </Body>
                        <Body Mass="5" Collisions="None" ModelFrame="BoneTent1_cdt">
                          <Constraint AxisLocal="(0; 1; 0)" MaxLimit="0.05" MinLimit="-0.05" Type="Prismatic">
                              <Motor Type="Spring" Spring="1000" Damping="100">

                              </Motor>
                          </Constraint>
                        </Body>
                        <Body Mass="5" Collisions="None" ModelFrame="BoneTent2_cdt">
                          <Constraint AxisLocal="(0; 1; 0)" MaxLimit="0.05" MinLimit="-0.05" Type="Prismatic">
                              <Motor Type="Spring" Spring="2000" Damping="100">

                              </Motor>
                          </Constraint>
                        </Body>
                        <Body Mass="5" Collisions="None" ModelFrame="BoneTent3_cdt">
                          <Constraint AxisLocal="(0; 1; 0)" MaxLimit="0.05" MinLimit="-0.05" Type="Prismatic">
                              <Motor Type="Spring" Spring="2000" Damping="100">

                              </Motor>
                          </Constraint>
                        </Body>
                        <Body Mass="5" Collisions="None" ModelFrame="BoneTentLeft_cdt">
                          <Constraint AxisLocal="(0; 0; -1)" MaxLimit="0.02" MinLimit="-0.1" Type="Prismatic">
                              <Motor Type="Spring" Spring="500" Damping="100">

                              </Motor>
                          </Constraint>
                        </Body>
                        <Body Mass="5" Collisions="None" ModelFrame="BoneTentRight_cdt">
                          <Constraint AxisLocal="(0; 0; 1)" MaxLimit="0.02" MinLimit="-0.1" Type="Prismatic">
                              <Motor Type="Spring" Spring="500" Damping="100">

                              </Motor>
                          </Constraint>
                        </Body>
                </Body>
      </PhysicsModel>
      <Snorkel Origin="(1.861; 0.919; 0)">

      </Snorkel>
      <TruckData BackSteerSpeed="0.058" DiffLockType="Always" EngineIconScale="1.15" TruckType="SCOUT" FuelCapacity="60" EngineStartDelay="1.7" SteerSpeed="0.03" ExhaustStartTime="1.6" Responsiveness="0.5" TruckImage="tuz166mchr" EngineIconMesh="env/engine_small">
                    <Shakers>
                        <Shaker MaxAngle="(1.5; 1.5; 1.5)" Frame="BoneExhaust" MaxFrequency="4">

                        </Shaker>
                    </Shakers>
                    <GearboxSocket Default="g_scout_tuz" Type="gearboxes_scouts_tuz, gearboxes_scouts">

                    </GearboxSocket>
                    <Wheels DefaultRim="rim_1" DefaultWheelType="wheels_scout1" DefaultTire="highway_1">
                              <Wheel Pos="(1.237; 0.355; 0.746)" _template="FrontWheel">

                              </Wheel>
                              <Wheel Pos="(1.237; 0.355; 0.746)" _template="FrontWheel" RightSide="true">

                              </Wheel>
                              <Wheel Pos="(-1.079; 0.355; 0.746)" _template="RearWheel">

                              </Wheel>
                              <Wheel Pos="(-1.079; 0.355; 0.746)" _template="RearWheel" RightSide="true">

                              </Wheel>
                    </Wheels>
                    <WinchUpgradeSocket Default="w_scout_default" Type="winches_scouts" IsUpgradable="true">

                    </WinchUpgradeSocket>
                    <SteeringWheel Frame="BoneSteering">

                    </SteeringWheel>
                    <Damage SensationMin="(-0.8; 1.2; -0.7)" Capacity="300" SensationMax="(0.6; 1.8; 0.7)">
                                    <DamageArea Max="(1.8; 1.3; 0.4)" ParentFrame="BoneChassis_cdt" Min="(0.6; 0.45; -0.4)" Type="Engine">

                                    </DamageArea>
                                    <DamageArea Max="(-0.7; 0.9; 0.8)" ParentFrame="BoneChassis_cdt" Min="(-1.85; 0.4; -0.8)" Type="FuelTank">

                                    </DamageArea>
                    </Damage>
                    <EngineSocket Default="ru_scout_old_engine_tuz" Type="e_ru_scout_old_tuz, e_ru_scout_old">

                    </EngineSocket>
                    <SoundsDamage _template="Scout">

                    </SoundsDamage>
                    <Axles>
                                          <Axle Frame="BoneAxleFront">

                                          </Axle>
                                          <Axle Frame="BoneAxleRear">

                                          </Axle>
                    </Axles>
                    <Camera Center="(-1.2; 0; 0)" RadiusMultiplier="0.8">
                                          <Cockpit WindshieldShadingTexture="trucks/tuz_166_glass__sh_d.tga" WindshieldDiffuseTexture="trucks/tuz_166_glass__d_a.tga" ViewPos="(-0.072; 1.599; 0.349)" _template="Default">
                                                <Mirror Pos="(0.378; 1.322; 0.921)" MeshFrame="mirror_left" LookAtOffset="(0; 0; 0.05)" Size="(0.2; 0.238)" ReflectionDir="(-0.951; 0; -0.309)" ClipDir="(-0.951; 0; -0.309)" FOVScale="1.5">

                                                </Mirror>
                                                <Mirror MeshFrame="mirror_right" Pos="(0.404; 1.322; -0.896)" Size="(0.2; 0.238)" ReflectionDir="(-0.857; 0; 0.515)" FOVScale="1.5" ClipDir="(-0.857; 0; 0.515)">

                                                </Mirror>
                                                <Mirror MeshFrame="hp_cab_mirror" Pos="(0.366; 1.655; 0.001)" Size="(0.174; 0.065)" ReflectionDir="(-0.948; -0.086; 0.306)" FOVScale="1" ClipDir="(-0.935; -0.192; 0.297)">

                                                </Mirror>
                                              <Rear HorTransitionStart="-1.1" HorTransitionEnd="-1.2" ViewPosOffset="(0.2; -0.1; 0.55)">

                                              </Rear>
                                          </Cockpit>
                    </Camera>
                    <Shafts>
                                              <Shaft SocketPointB="Shaft1b" SocketPointA="Shaft1a" Mesh="env/minishaft">

                                              </Shaft>
                                              <Shaft SocketPointB="Shaft2b" SocketPointA="Shaft2a" Mesh="env/minishaft">

                                              </Shaft>
                    </Shafts>
                    <FuelTank DamageCapacity="50">

                    </FuelTank>
                                              <CompatibleWheels Scale="0.40" Type="wheels_scout1">

                                              </CompatibleWheels>
                                              <CompatibleWheels Scale="0.40" Type="wheels_scout2">

                                              </CompatibleWheels>
                                              <CompatibleWheels Scale="0.45" Type="wheels_scout1">

                                              </CompatibleWheels>
                                              <CompatibleWheels Type="wheels_scout2" Scale="0.45" OffsetZ="0.03">

                                              </CompatibleWheels>
                                              <CompatibleWheels Type="wheels_scout2" Scale="0.50" OffsetZ="0.045">

                                              </CompatibleWheels>
                    <SoundsWheels _template="Default">

                    </SoundsWheels>
                    <SuspensionSocket Default="tuz_166_suspension_default" HardpointY="0.424" MaxWheelRadiusWithoutSuspension="0.3" Type="s_tuz_166">

                    </SuspensionSocket>
                    <Dashboard>
                                                        <Gauge Mesh="trucks/arrows/tuz_166_arrow_01" Org="(0.501; 1.227; 0.509)" OutputAngles="(-50;15)" InputType="engineEnabled" Dir="(-0.993; 0.12; 0.002)" InputRange="(0;1)" Damping="0.9">

                                                        </Gauge>
                                                        <Gauge Mesh="trucks/arrows/tuz_166_arrow_01" Org="(0.503; 1.236; 0.429)" OutputAngles="(-50;-5)" InputType="engineEnabled" Dir="(-0.993; 0.12; 0.002)" InputRange="(0;1)" Damping="0.9995">

                                                        </Gauge>
                                                        <Gauge Mesh="trucks/arrows/tuz_166_arrow_02" Org="(0.502; 1.237; 0.339)" OutputAngles="(-105;105)" InputType="speed" Dir="(-0.993; 0.12; 0.002)" InputRange="(0;160)" Damping="0.9">

                                                        </Gauge>
                                                        <Gauge Mesh="trucks/arrows/tuz_166_arrow_01" Org="(0.503; 1.235; 0.249)" OutputAngles="(-50;50)" InputType="fuel" Dir="(-0.993; 0.12; 0.002)" InputRange="(0;1)" Damping="0.9">

                                                        </Gauge>
                                                        <Gauge Mesh="trucks/arrows/tuz_166_arrow_01" Org="(0.502; 1.227; 0.17)" OutputAngles="(-50;25)" InputType="engineEnabled" Dir="(-0.993; 0.12; 0.002)" InputRange="(0;1)" Damping="0.9">

                                                        </Gauge>
                    </Dashboard>
                    <Steam Origin="(1.241; 0.866; 0)">

                    </Steam>
                    <Sounds _template="Default" DisableReversePitch="true" Origin="(1; 0.9; 0)" MinDist="8.0">
                                                          <DiffLock Sound="trucks/tuz_166/tuz_166_diff_lock">

                                                          </DiffLock>
                                                          <BrakePull Sound="">

                                                          </BrakePull>
                                                          <EngineHigh Sound="trucks/tuz_166/tuz_166_high">

                                                          </EngineHigh>
                                                          <GearFail Sound="trucks/common/truck_gear_wrong/truck_gear_wrong_small_old">

                                                          </GearFail>
                                                          <EngineRev Sound="trucks/tuz_166/tuz_166_rev">

                                                          </EngineRev>
                                                          <BrakesSqueal Sound="trucks/tuz_166/tuz_166_brakes_squeal">

                                                          </BrakesSqueal>
                                                          <EngineStart Sound="trucks/tuz_166/tuz_166_start">

                                                          </EngineStart>
                                                          <Reverse Sound="">

                                                          </Reverse>
                                                          <EngineHeavy_2d IsSound2D="true" Sound="">

                                                          </EngineHeavy_2d>
                                                          <EngineHeavy Sound="">

                                                          </EngineHeavy>
                                                          <EngineLow_2d IsSound2D="true" Sound="trucks/tuz_166/tuz_166_low_2d">

                                                          </EngineLow_2d>
                                                          <EngineHigh_2d IsSound2D="true" Sound="trucks/tuz_166/tuz_166_high_2d">

                                                          </EngineHigh_2d>
                                                          <EngineLow Sound="trucks/tuz_166/tuz_166_low">

                                                          </EngineLow>
                                                          <EngineIdle_2d IsSound2D="true" Sound="trucks/tuz_166/tuz_166_idle_2d">

                                                          </EngineIdle_2d>
                                                          <EngineStop Sound="trucks/tuz_166/tuz_166_stop">

                                                          </EngineStop>
                                                          <EngineIdle Sound="trucks/tuz_166/tuz_166_idle">

                                                          </EngineIdle>
                                                          <BrakeRelease Sound="trucks/tuz_166/tuz_166_brake_release">

                                                          </BrakeRelease>
                                                          <Honk Sound="trucks/tuz_166/tuz_166_honk">

                                                          </Honk>
                                                          <Handbrake Sound="trucks/tuz_166/tuz_166_handbrake_on">

                                                          </Handbrake>
                                                          <EngineAccel Sound="trucks/tuz_166/tuz_166_acc">

                                                          </EngineAccel>
                                                          <Gear Sound="trucks/tuz_166/tuz_166_gear_shift">

                                                          </Gear>
                    </Sounds>
                    <Driver Pos="(0.016; 0.887; 0.349)" AnimationSet="Scout" SteeringWheelPos="(0.322; 1.275; 0.342)">

                    </Driver>
                    <Exhaust Speed="2.0" IsLight="true" Dir="(-0.037; -0.575; -0.817)" Origin="(-0.28; 0.423; -0.638)">

                    </Exhaust>
                    <SteeringRack FrameSteerRight="BoneRackRight" Frame="BoneRack" FrameSteerLeft="BoneRackLeft" RackHalfSizeZ="0.636">

                    </SteeringRack>
                    <OcclusionMap HalfSizeZ="1.4" Texture="trucks/occlusion/chassis_small__s_d_a.tga" MaxX="2.2" MinX="-2.2">

                    </OcclusionMap>
      </TruckData>
      <ModelAttachments>
                      <HeadLight>
                            <Model _template="HeadLightRay" Org="(1.707; 0.928; -0.726)" ParentFrame="BoneChassis_cdt">

                            </Model>
                            <Model _template="HeadLightRay" Org="(1.707; 0.928; 0.726)" ParentFrame="BoneChassis_cdt">

                            </Model>
                              <Flare Pos="(1.707; 0.928; -0.726)" ParentFrame="BoneChassis_cdt" Size="0.3" DirAngle="135" Color="g(255; 235; 200) x 0.6" _template="HeadLight">

                              </Flare>
                              <Flare Pos="(1.707; 0.928; 0.726)" ParentFrame="BoneChassis_cdt" Size="0.3" DirAngle="135" Color="g(255; 235; 200) x 0.6" _template="HeadLight">

                              </Flare>
                              <Flare ParentFrame="BoneChassis_cdt" Size="0.4" Pos="(1.707; 0.928; -0.726)" Color="g(220; 220; 255) x 0.05" _template="BlueStreak">

                              </Flare>
                              <Flare ParentFrame="BoneChassis_cdt" Size="0.4" Pos="(1.707; 0.928; 0.726)" Color="g(220; 220; 255) x 0.05" _template="BlueStreak">

                              </Flare>
                      </HeadLight>
                      <StopSignals>
                            <Light Pos="(-2; 1.243; 0)" _template="StopSignal" ParentFrame="BoneChassis_cdt">

                            </Light>
                                <Flare ParentFrame="BoneChassis_cdt" Size="0.5" Pos="(-1.857; 1.1; -0.645)" DirAngle="135" _template="StopSignal">

                                </Flare>
                                <Flare ParentFrame="BoneChassis_cdt" Size="0.5" Pos="(-1.857; 1.1; 0.645)" DirAngle="135" _template="StopSignal">

                                </Flare>
                      </StopSignals>
                      <Ignition>
                                <Light Pos="(1.936; 0.805; 0.726)" _template="IgnitionSignalWhite" ParentFrame="BoneChassis_cdt">

                                </Light>
                                <Light Pos="(1.936; 0.805; -0.726)" _template="IgnitionSignalWhite" ParentFrame="BoneChassis_cdt">

                                </Light>
                                <Light Pos="(-1.95; 1; 0)" _template="IgnitionSignalRed" ParentFrame="BoneChassis_cdt">

                                </Light>
                                  <Flare Pos="(1.707; 0.928; 0.726)" _template="IgnitionSignalWhite" ParentFrame="BoneChassis_cdt">

                                  </Flare>
                                  <Flare Pos="(1.707; 0.928; -0.726)" _template="IgnitionSignalWhite" ParentFrame="BoneChassis_cdt">

                                  </Flare>
                                  <Flare ParentFrame="BoneChassis_cdt" Pos="(1.76; 0.805; 0.519)" Size="0.15" _template="IgnitionSignalWhite">

                                  </Flare>
                                  <Flare ParentFrame="BoneChassis_cdt" Pos="(1.76; 0.805; -0.519)" Size="0.15" _template="IgnitionSignalWhite">

                                  </Flare>
                                  <Flare ParentFrame="BoneChassis_cdt" Pos="(-1.857; 1.1; -0.645)" Size="0.25" _template="IgnitionSignalRed">

                                  </Flare>
                                  <Flare ParentFrame="BoneChassis_cdt" Pos="(-1.857; 1.1; 0.645)" Size="0.25" _template="IgnitionSignalRed">

                                  </Flare>
                      </Ignition>
      </ModelAttachments>
  </Truck>
  <_templates Include="trucks">
        <Wheel>
            <FrontWheel ParentFrame="BoneCabin_cdt" SteeringCastor="8" Torque="default" Location="front" SteeringAngle="40">

            </FrontWheel>
            <RearWheel Torque="default" Location="rear" ConnectedToHandbrake="true">

            </RearWheel>
        </Wheel>
        <Body>
              <SideMirror Mass="5" Collisions="None">
                  <Constraint AxisLocal="(0; 1; 0)" MaxLimit="15" MinLimit="-15" Type="Hinge">
                      <Motor Type="Spring" Spring="250" Damping="1">

                      </Motor>
                  </Constraint>
              </SideMirror>
        </Body>
  </_templates>