  <Truck>
      <ControlledConstraints>
          <Constraint Name="TieRodSteer" IsLinkedSteering="true" Id="chassis_steer">

          </Constraint>
      </ControlledConstraints>
      <PhysicsModel Mesh="trucks/voron_d53233">
            <NetSync Legacy="false">

            </NetSync>
            <Body ModelFrame="BoneChassis_cdt" ImpactType="Truck" Mass="4000" NetSync="pv" CenterOfMassOffset="(0.5; 0; 0)">
                  <Body ModelFrame="BoneCabin_cdt" ImpactType="Truck" Mass="6000" NetSync="pv" CenterOfMassOffset="(0.95; 0.7; 0)">
                      <Constraint AxisLocal="(1; 0; 0)" MaxLimit="10" MinLimit="-10" PivotOffset="(0; 0; 0)" Type="Hinge">
                          <Motor Type="Spring" Spring="1500000" Damping="10000">

                          </Motor>
                      </Constraint>
                          <Body Mass="1000" ImpactType="Truck" ModelFrame="BoneCabinDamper_cdt">
                            <Constraint AxisLocal="(0; 1; 0)" MaxLimit="0.5" MinLimit="-0.2" Type="Prismatic">
                                <Motor Type="Spring" Spring="200000" Damping="300000">

                                </Motor>
                            </Constraint>
                                <Body ModelFrame="BoneMudguardFrontLeft_cdt" _template="Mudguard">
                                  <Constraint AxisLocal="(0; 0; 1)" MaxLimit="10" MinLimit="-33">

                                  </Constraint>
                                </Body>
                                <Body ModelFrame="BoneMudguardFrontRight_cdt" _template="Mudguard">
                                  <Constraint AxisLocal="(0; 0; 1)" MaxLimit="10" MinLimit="-31">

                                  </Constraint>
                                </Body>
                                <Body ModelFrame="BoneMirrorLeft_cdt" _template="SideMirror">

                                </Body>
                                <Body ModelFrame="BoneMirrorRight_cdt" _template="SideMirror">

                                </Body>
                                <Body ModelFrame="BoneAntennaLeft_cdt" _template="Antenna">

                                </Body>
                                <Body ModelFrame="BoneAntennaRight_cdt" _template="Antenna">

                                </Body>
                                <Body ModelFrame="BoneSunshieldLeft_cdt" ImpactType="Truck" Mass="5" Collisions="None" CenterOfMassOffset="(0; 0; 0)">
                                  <Constraint AxisLocal="(0; 0; 1)" MaxLimit="15" MinLimit="0" PivotOffset="(0; 0; 0)" Type="Hinge">
                                      <Motor Type="Spring" Spring="30" Damping="0.65">

                                      </Motor>
                                  </Constraint>
                                </Body>
                                <Body ModelFrame="BoneSunshieldRight_cdt" ImpactType="Truck" Mass="3" Collisions="None" CenterOfMassOffset="(0; 0; 0)">
                                  <Constraint AxisLocal="(0; 0; 1)" MaxLimit="15" MinLimit="0" PivotOffset="(0; 0; 0)" Type="Hinge">
                                      <Motor Type="Spring" Spring="32" Damping="0.65">

                                      </Motor>
                                  </Constraint>
                                </Body>
                                <Body ModelFrame="BoneSeatbelt_cdt" Mass="1" Collisions="None" CenterOfMassOffset="(0; 0; 0)">
                                  <Constraint AxisLocal="(1; 0; 0)" MaxLimit="0.1" MinLimit="-0.1" PivotOffset="(0; 0; 0)" Type="Prismatic">
                                      <Motor Type="Spring" Spring="650" Damping="65">

                                      </Motor>
                                  </Constraint>
                                </Body>
                          </Body>
                          <Body ModelFrame="BoneTieRod_cdt" _template="TieRod">
                            <Constraint AxisLocal="(0; 0; 1)" MaxLimit="40" Name="TieRodSteer" MinLimit="-40">

                            </Constraint>
                          </Body>
                          <Body Mass="10" Collisions="None" ModelFrame="BoneWiggle5_cdt">
                            <Constraint LinearLimitsX="(0;0)" LinearLimitsZ="(0;0)" LinearLimitsY="(0;0.2)" Type="Fixed">
                                <Motor Type="Spring" Spring="0.1" Damping="2">

                                </Motor>
                            </Constraint>
                            <Body Mass="2" Collisions="None" ModelFrame="BoneWiggle6_cdt">
                                  <Constraint LinearLimitsX="(-0.2;0.01)" LinearLimitsZ="(-0.01;0.05)" LinearLimitsY="(0;0.1)" Type="Fixed">
                                      <Motor Type="Spring" Spring="100" Damping="25">

                                      </Motor>
                                  </Constraint>
                            </Body>
                          </Body>
                  </Body>
            </Body>
      </PhysicsModel>
      <TruckData BackSteerSpeed="0.02" DiffLockType="Always" EngineIconScale="1.3" TruckType="OFFROAD" FuelCapacity="270" EngineStartDelay="0.8" SteerSpeed="0.025" ExhaustStartTime="0.9" Responsiveness="0.2" TruckImage="voron55223mchr" EngineIconMesh="env/engine_default">
              <Shakers>
                  <Shaker MaxAngle="(3.3; 3.3; 3.3)" Frame="BoneExhaust" MinAngle="(0.9; 0.9; 0.9)" MaxFrequency="4">

                  </Shaker>
              </Shakers>
              <Intake Size="1.219" Dir="(1; 0; 0)" Origin="(3.503; 1.662; -0)">

              </Intake>
              <GearboxSocket Default="g_truck_unique_offroad" Type="gearboxes_trucks_unique_offroad">

              </GearboxSocket>
              <Wheels DefaultRim="rim_2" DefaultWheelType="wheels_heavy_double1" DefaultTire="highway_1">
                          <Wheel Pos="(2.441; 0.63; 1.1)" _template="FrontWheel">

                          </Wheel>
                          <Wheel Pos="(2.441; 0.63; 1.1)" _template="FrontWheel" RightSide="true">

                          </Wheel>
                          <Wheel Pos="(-2.114; 0.63; 0.897)" _template="RearWheel">

                          </Wheel>
                          <Wheel Pos="(-2.114; 0.63; 0.897)" _template="RearWheel" RightSide="true">

                          </Wheel>
                          <Wheel Pos="(-3.52; 0.63; 0.897)" _template="RearWheel">

                          </Wheel>
                          <Wheel Pos="(-3.52; 0.63; 0.897)" _template="RearWheel" RightSide="true">

                          </Wheel>
              </Wheels>
              <WinchUpgradeSocket Default="w_medium_trucks_default" Type="winches_medium_trucks" IsUpgradable="true">

              </WinchUpgradeSocket>
              <SteeringWheel Frame="BoneSteering">

              </SteeringWheel>
              <Damage SensationMax="(2.24; 2.945; 0.949)" Capacity="600" ParentFrame="BoneCabin_cdt" SensationMin="(0.412; 2.204; -0.949)">
                                <DamageArea Max="(3.5; 2.100; 0.8)" ParentFrame="BoneCabin_cdt" Min="(2.100; 0.9; -0.8)" Type="Engine">

                                </DamageArea>
                                <DamageArea Max="(0.9; 1.159; 1.3)" ParentFrame="BoneCabin_cdt" Min="(-0.35; 0.55; 0.2)" Type="FuelTank">

                                </DamageArea>
              </Damage>
              <LimitedFluid Center="(0.267; 0.891; 0.821)" ParentFrame="BoneCabin_cdt" Type="Box" SizeX="1.154" SizeZ="0.708" SizeY="0.516">

              </LimitedFluid>
              <EngineSocket Default="ru_truck_old_heavy_engine_0" Type="e_ru_truck_old_heavy">

              </EngineSocket>
              <SoundsDamage _template="Heavy">

              </SoundsDamage>
              <Axles>
                                        <Axle Frame="BoneAxle1">

                                        </Axle>
                                        <Axle Frame="BoneAxle2">

                                        </Axle>
                                        <Axle Frame="BoneAxle3">

                                        </Axle>
              </Axles>
              <Camera Center="(-1.95; 0; 0)" ParentFrame="BoneCabin_cdt">
                                        <Cockpit WindshieldShadingTexture="trucks/voron_d53233_glass__sh_d.tga" WindshieldDiffuseTexture="trucks/voron_d53233_glass__d_a.tga" ViewPos="(1.26; 2.48; 0.479)" _template="Default">
                                              <Mirror Pos="(1.719; 2.471; 1.349)" MeshFrame="mirror_left" LookAtOffset="(0; -0.05; 0)" Size="(0.14; 0.24)" ReflectionDir="(-0.892; -0.048; -0.45)" ClipDir="(-0.892; -0.048; -0.45)" FOVScale="2">
                                                <SecondaryView MeshFrame="mirror_left_1" Pos="(1.725; 2.266; 1.352)" Size="(0.14; 0.14)" FOVScale="1.6" ClipDir="(-0.892; -0.048; -0.45)" CurveAngle="5">

                                                </SecondaryView>
                                              </Mirror>
                                              <Mirror Pos="(1.845; 2.47; -1.308)" MeshFrame="mirror_right" FOVScale="2.5" Size="(0.14; 0.24)" ReflectionDir="(-0.819; -0.093; 0.566)" ClipDir="(-0.819; -0.093; 0.566)" ClipOffset=".1">
                                                <SecondaryView MeshFrame="mirror_right_1" Pos="(1.854; 2.262; -1.316)" Size="(0.14; 0.14)" FOVScale="1.8" ClipDir="(-0.819; -0.093; 0.566)" CurveAngle="30">

                                                </SecondaryView>
                                              </Mirror>
                                        </Cockpit>
              </Camera>
              <Shafts>
                                            <Shaft SocketPointA="Shaft1a" SocketPointB="Shaft1b">

                                            </Shaft>
                                            <Shaft SocketPointA="Shaft2a" SocketPointB="Shaft2b">

                                            </Shaft>
                                            <Shaft SocketPointA="Shaft3a" SocketPointB="Shaft3b">

                                            </Shaft>
                                            <Shaft SocketPointA="Shaft4a" SocketPointB="Shaft4b">

                                            </Shaft>
              </Shafts>
              <FuelTank DamageCapacity="50">

              </FuelTank>
                                            <CompatibleWheels Scale="0.55" RearOffsetZ=".16" Type="wheels_heavy_double1">

                                            </CompatibleWheels>
                                            <CompatibleWheels OffsetZ="-0.05" Scale="0.55" RearOffsetZ=".16" Type="wheels_heavy_double2">

                                            </CompatibleWheels>
                                            <CompatibleWheels Scale="0.55" RearOffsetZ=".13" Type="wheels_heavy_single">

                                            </CompatibleWheels>
                                            <CompatibleWheels OffsetZ="-0.03" Scale="0.55" RearOffsetZ=".08" Type="wheels_heavy_single2">

                                            </CompatibleWheels>
                                            <CompatibleWheels Scale="0.63" RearOffsetZ=".22" Type="wheels_heavy_double1">

                                            </CompatibleWheels>
                                            <CompatibleWheels OffsetZ="-0.05" Scale="0.63" RearOffsetZ=".22" Type="wheels_heavy_double2">

                                            </CompatibleWheels>
                                            <CompatibleWheels Scale="0.63" RearOffsetZ=".14" Type="wheels_heavy_single">

                                            </CompatibleWheels>
                                            <CompatibleWheels OffsetZ="-0.03" Scale="0.63" RearOffsetZ=".1" Type="wheels_heavy_single2">

                                            </CompatibleWheels>
              <SoundsWheels _template="Default">

              </SoundsWheels>
              <SuspensionSocket Default="voron_d53233_suspension_default" MaxWheelRadiusWithoutSuspension="0.45" Type="s_voron_d53233">

              </SuspensionSocket>
              <Dashboard>
                                                      <Gauge Mesh="trucks/arrows/voron_d53233_arrow_01" Org="(1.842; 2.045; 0.798)" OutputAngles="(-120;20)" InputType="engineEnabled" Dir="(-0.896; 0.444; 0)" InputRange="(0;1)" Damping="0.1">

                                                      </Gauge>
                                                      <Gauge Mesh="trucks/arrows/voron_d53233_arrow_02" Org="(1.836; 2.032; 0.7)" OutputAngles="(-45;10)" InputType="engineEnabled" Dir="(-0.896; 0.444; 0)" InputRange="(0;1)" Damping="0.1">

                                                      </Gauge>
                                                      <Gauge Mesh="trucks/arrows/voron_d53233_arrow_02" Org="(1.879; 2.118; 0.7)" OutputAngles="(-60;-5)" InputType="engineEnabled" Dir="(-0.896; 0.444; 0)" InputRange="(0;1)" Damping="0.1">

                                                      </Gauge>
                                                      <Gauge Mesh="trucks/arrows/voron_d53233_arrow_03" Org="(1.882; 2.128; 0.568)" OutputAngles="(-135;135)" InputType="rpm" Dir="(-0.896; 0.444; 0)" InputRange="(0;1)" Damping="0.1">

                                                      </Gauge>
                                                      <Gauge Mesh="trucks/arrows/voron_d53233_arrow_04" Org="(1.883; 2.127; 0.394)" OutputAngles="(-120;120)" InputType="speed" Dir="(-0.896; 0.444; 0)" InputRange="(0;120)" Damping="0.1">

                                                      </Gauge>
                                                      <Gauge Mesh="trucks/arrows/voron_d53233_arrow_01" Org="(1.885; 2.131; 0.259)" OutputAngles="(-120;20)" InputType="engineEnabled" Dir="(-0.896; 0.444; 0)" InputRange="(0;1)" Damping="0.1">

                                                      </Gauge>
                                                      <Gauge Mesh="trucks/arrows/voron_d53233_arrow_02" Org="(1.836; 2.032; 0.259)" OutputAngles="(-60;40)" InputType="engineEnabled" Dir="(-0.896; 0.444; 0)" InputRange="(0;1)" Damping="0.1">

                                                      </Gauge>
                                                      <Gauge Mesh="trucks/arrows/voron_d53233_arrow_02" Org="(1.836; 2.032; 0.163)" OutputAngles="(-55;55)" InputType="fuel" Dir="(-0.896; 0.444; 0)" InputRange="(0;1)" Damping="0.1">

                                                      </Gauge>
              </Dashboard>
                                                    <Steam Origin="(0.594; 1.406; 0)">

                                                    </Steam>
                                                    <Steam Origin="(2.238; 1.15; 0)">

                                                    </Steam>
              <Sounds DisableReversePitch="false" ParentFrame="BoneCabin_cdt" MinDist="11.0" AirHissInterval="12.0" _template="Default" Origin="(2.45; 1.55; 0)">
                                                        <EngineHigh Sound="trucks/voron_d53233/voron_d53233_high">

                                                        </EngineHigh>
                                                        <AbruptStop Sound="trucks/common/truck_swing_big_rnd_set/truck_swing_big_rnd">

                                                        </AbruptStop>
                                                        <HandbrakeOff Sound="trucks/voron_d53233/voron_d53233_handbrake_off">

                                                        </HandbrakeOff>
                                                        <BrakesSqueal Sound="trucks/voron_d53233/voron_d53233_brakes_squeal">

                                                        </BrakesSqueal>
                                                        <EngineStart Sound="trucks/voron_d53233/voron_d53233_start">

                                                        </EngineStart>
                                                        <EngineLow_2d IsSound2D="true" Sound="trucks/voron_d53233/voron_d53233_low_2d">

                                                        </EngineLow_2d>
                                                        <EngineHeavy_2d IsSound2D="true" Sound="trucks/voron_d53233/voron_d53233_heavy_2d">

                                                        </EngineHeavy_2d>
                                                        <EngineHeavy Sound="trucks/voron_d53233/voron_d53233_heavy">

                                                        </EngineHeavy>
                                                        <BrakeRelease Sound="trucks/voron_d53233/voron_d53233_brake_release">

                                                        </BrakeRelease>
                                                        <EngineHigh_2d IsSound2D="true" Sound="trucks/voron_d53233/voron_d53233_high_2d">

                                                        </EngineHigh_2d>
                                                        <EngineLow Sound="trucks/voron_d53233/voron_d53233_low">

                                                        </EngineLow>
                                                        <EngineIdle_2d IsSound2D="true" Sound="trucks/voron_d53233/voron_d53233_idle_2d">

                                                        </EngineIdle_2d>
                                                        <EngineStop Sound="trucks/voron_d53233/voron_d53233_stop">

                                                        </EngineStop>
                                                        <EngineIdle Sound="trucks/voron_d53233/voron_d53233_idle">

                                                        </EngineIdle>
                                                        <Reverse Sound="trucks/voron_d53233/voron_d53233_reverse">

                                                        </Reverse>
                                                        <Honk Sound="trucks/voron_d53233/voron_d53233_honk">

                                                        </Honk>
                                                        <EngineRev Sound="trucks/voron_d53233/voron_d53233_rev">

                                                        </EngineRev>
                                                        <EngineAccel Sound="trucks/voron_d53233/voron_d53233_acc">

                                                        </EngineAccel>
                                                        <Handbrake Sound="trucks/voron_d53233/voron_d53233_handbrake_on">

                                                        </Handbrake>
              </Sounds>
              <Driver SteeringWheelPos="(1.685; 2.167; 0.489)" Pos="(1.3; 1.8; 0.488)" ParentFrame="BoneCabin_cdt" AnimationSet="Truck">

              </Driver>
              <Exhaust Speed="3.82" IsLight="false" Dir="(-0.813; -0.58; -0.049)" Origin="(-0.159; 0.76; -0.278)">

              </Exhaust>
              <SteeringRack FrameSteerRight="BoneRackRight" Frame="BoneRack" FrameSteerLeft="BoneRackLeft" RackHalfSizeZ="0.756">

              </SteeringRack>
              <OcclusionMap MaxX="3.917" HalfSizeZ="1.9" MinX="-5.123">

              </OcclusionMap>
      </TruckData>
      <ModelAttachments>
                <StopSignals>
                    <Light Pos="(-4.892; 0.905; 0)" _template="StopSignal">

                    </Light>
                        <Flare Size="0.8" _template="StopSignal" Pos="(-4.81; 0.905; 0.508)">

                        </Flare>
                        <Flare Size="0.8" _template="StopSignal" Pos="(-4.81; 0.905; -0.508)">

                        </Flare>
                </StopSignals>
                <Ignition>
                        <Light Pos="(4; 1.013; 0.9)" _template="IgnitionSignalWhite" ParentFrame="BoneCabinDamper_cdt">

                        </Light>
                        <Light Pos="(4; 1.013; -0.9)" _template="IgnitionSignalWhite" ParentFrame="BoneCabinDamper_cdt">

                        </Light>
                        <Light Pos="(-4.932; 1.025; 0)" _template="IgnitionSignalRed">

                        </Light>
                          <Flare Pos="(1.774; 2.893; -0.176)" _template="MarkerBeacon" ParentFrame="BoneCabinDamper_cdt">

                          </Flare>
                          <Flare Pos="(1.774; 2.893; 0.176)" _template="MarkerBeacon" ParentFrame="BoneCabinDamper_cdt">

                          </Flare>
                          <Flare Pos="(1.774; 2.893; 0)" _template="MarkerBeacon" ParentFrame="BoneCabinDamper_cdt">

                          </Flare>
                          <Flare Size="0.15" Pos="(-4.81; 0.905; -0.57)" Color="g(169; 0; 0) x 0.8" _template="IgnitionSignalRed">

                          </Flare>
                          <Flare Size="0.15" Pos="(-4.81; 0.905; 0.57)" Color="g(169; 0; 0) x 0.8" _template="IgnitionSignalRed">

                          </Flare>
                          <Flare ParentFrame="BoneCabinDamper_cdt" Pos="(3.284; 1.4; -0.947)" DirAngle="120" _template="IgnitionSignalWhite">

                          </Flare>
                          <Flare ParentFrame="BoneCabinDamper_cdt" Pos="(3.284; 1.4; 0.947)" DirAngle="120" _template="IgnitionSignalWhite">

                          </Flare>
                </Ignition>
                <HeadLight>
                          <Model _template="HeadLightRay" Org="(3.284; 1.4; -0.977)" ParentFrame="BoneCabinDamper_cdt">

                          </Model>
                          <Model _template="HeadLightRay" Org="(3.284; 1.4; 0.977)" ParentFrame="BoneCabinDamper_cdt">

                          </Model>
                          <Model _template="HeadLightRay" Org="(1.641; 2.819; 1.15)" ParentFrame="BoneCabinDamper_cdt">

                          </Model>
                            <Flare Pos="(3.284; 1.4; -0.977)" _template="HeadLight" ParentFrame="BoneCabinDamper_cdt">

                            </Flare>
                            <Flare Pos="(3.284; 1.4; 0.977)" _template="HeadLight" ParentFrame="BoneCabinDamper_cdt">

                            </Flare>
                            <Flare ParentFrame="BoneCabinDamper_cdt" Size="0.4" Pos="(1.641; 2.819; 1.15)" Color="g(181; 163; 142) x 1.5" _template="HeadLight">

                            </Flare>
                            <Flare Pos="(3.284; 1.4; -0.977)" _template="BlueStreak" ParentFrame="BoneCabinDamper_cdt">

                            </Flare>
                            <Flare Pos="(3.284; 1.4; 0.977)" _template="BlueStreak" ParentFrame="BoneCabinDamper_cdt">

                            </Flare>
                            <Flare ParentFrame="BoneCabinDamper_cdt" Size="0.5" Pos="(1.641; 2.819; 1.15)" Color="g(220; 220; 255) x 0.05" _template="BlueStreak">

                            </Flare>
                </HeadLight>
                <ReverseSignals>
                            <Light Pos="(-4.81; 0.777; 0.57)" _template="ReverseSignal">

                            </Light>
                            <Light Pos="(-4.81; 0.777; -0.57)" _template="ReverseSignal">

                            </Light>
                              <Flare Size="0.7" _template="ReverseSignal" Pos="(-4.81; 0.777; 0.57)">

                              </Flare>
                              <Flare Size="0.7" _template="ReverseSignal" Pos="(-4.81; 0.777; -0.57)">

                              </Flare>
                              <Flare Pos="(-4.81; 0.777; 0.57)" Size="0.4" Dir="(-1; 0; 0)" Color="g(220; 220; 255) x 0.05" _template="BlueStreak">

                              </Flare>
                              <Flare Pos="(-4.81; 0.777; -0.57)" Size="0.4" Dir="(-1; 0; 0)" Color="g(220; 220; 255) x 0.05" _template="BlueStreak">

                              </Flare>
                </ReverseSignals>
      </ModelAttachments>
      <HeadLight Pos="(3.284; 1.4; 0)" _template="Default" ParentFrame="BoneCabinDamper_cdt">

      </HeadLight>
      <GameData Price="62600" Country="RU,CAS" UnlockByExploration="false" UnlockByRank="1">
                      <CraneSocket Pos="(3.799; 1.067; 0.346)" ParentFrame="BoneCabin_cdt">

                      </CraneSocket>
                      <CraneSocket Pos="(3.799; 1.067; -0.346)" ParentFrame="BoneCabin_cdt">

                      </CraneSocket>
                      <CraneSocket Pos="(-1.024; 1.111; 0.444)">

                      </CraneSocket>
                      <CraneSocket Pos="(-0.44; 0.899; -0.426)">

                      </CraneSocket>
                      <CraneSocket Pos="(-4.524; 1.111; 0.502)">

                      </CraneSocket>
                      <CraneSocket Pos="(-4.524; 1.111; -0.502)">

                      </CraneSocket>
                      <CraneSocket Pos="(-4.950; 0.817; 0)">

                      </CraneSocket>
                    <UiDesc UiIcon30x30="offroadVehicleImg30" UiName="UI_VEHICLE_VORON_D53233_NAME" UiIcon328x458="shopImgVoronD53233" UiIconLogo="VoronLogo80" UiDesc="UI_VEHICLE_VORON_D53233_DESC" UiIcon40x40="offroadVehicleImg">

                    </UiDesc>
                          <AddonSockets>
                              <Socket Offset="(-2.817; 1.485; -0.002)" Names="Semitrailer, SemitrailerOiltank">

                              </Socket>
                              <Socket Offset="(-2.100; 1.65; -0.002)" Names="LargeSemitrailer, LargeSemitrailerOiltank">
                                <AddonsShift Types="MinicraneRU, VoronD53233WheelAddon" Offset="(0; 0; 0)" TrailerNamesBlock="LargeSemitrailerOiltank">

                                </AddonsShift>
                              </Socket>
                              <Socket Offset="(-5; 0.81; 0)" Names="Trailer">

                              </Socket>
                          </AddonSockets>
                          <AddonSockets>
                              <Socket NamesBlock="Trailer, MetalDetector" Offset="(-2.4; 1.157; 0)" Names="FrameAddonTow">
                                  <AddonsShift Offset="(-0.35; 0; 0)" Types="VoronD53233WheelAddon">

                                  </AddonsShift>
                                  <AddonsShift Offset="(-1; 0; 0)" Types="MinicraneRU">

                                  </AddonsShift>
                                  <AddonsShift Types="MinicraneRU, VoronD53233WheelAddon" Offset="(0; 0; 0)" TrailerNamesBlock="FrameAddonTow">

                                  </AddonsShift>
                              </Socket>
                              <Socket Offset="(-0.24; 1.157; 0)" NamesBlock="MetalDetector, MinicraneRU" Names="LogLift">

                              </Socket>
                              <Socket Offset="(-6.339; 1.16; 0)" NamesBlock="MinicraneRU, MetalDetector" Names="BunkLog">

                              </Socket>
                              <Socket Offset="(-1.68; 1.157; 0)" NamesBlock="MinicraneRU, MetalDetector" Names="FrameAddonLogShort">
                                <AddonsShift Offset="(-0.44; 0; 0)" Types="VoronD53233WheelAddon">

                                </AddonsShift>
                              </Socket>
                              <Socket Offset="(-1.68; 1.157; 0)" NamesBlock="MinicraneRU, MetalDetector, VoronD53233WheelAddon" Names="FrameAddonLogMedium">

                              </Socket>
                              <Socket Offset="(-2.817; 1.16; -0.002)" Names="SaddleLow">
                                  <ExtraParent Frame="BoneChassis_cdt" Offset="(0; 0; 0.02)">

                                  </ExtraParent>
                                  <ExtraParent Frame="BoneChassis_cdt" Offset="(0; 0; -0.02)">

                                  </ExtraParent>
                              </Socket>
                              <Socket Offset="(-2.100; 1.16; -0.002)" Names="SaddleHigh">
                                  <ExtraParent Frame="BoneChassis_cdt" Offset="(0; 0; 0.015)">

                                  </ExtraParent>
                                  <ExtraParent Frame="BoneChassis_cdt" Offset="(0; 0; -0.015)">

                                  </ExtraParent>
                              </Socket>
                              <Socket ParentFrame="BoneChassis_cdt" Offset="(-2.090; 1.16; 0)" Names="FrameAddon">
                                  <AddonsShift Offset="(-0.85; 0; 0)" Types="MinicraneRU">

                                  </AddonsShift>
                                  <AddonsShift Types="MinicraneRU, VoronD53233WheelAddon" Offset="(0; 0; 0)" TrailerNamesBlock="FrameAddon">

                                  </AddonsShift>
                              </Socket>
                              <Socket ParentFrame="BoneChassis_cdt" Offset="(-2.33; 1.23; 0)" Names="FrameAddonKung">
                                  <ExtraParent Frame="BoneChassis_cdt" Offset="(0; 0; -0.08)">

                                  </ExtraParent>
                                  <ExtraParent Frame="BoneChassis_cdt" Offset="(0; 0; 0.08)">

                                  </ExtraParent>
                              </Socket>
                              <Socket ParentFrame="BoneChassis_cdt" Offset="(-3.05; 1.16; 0)" Names="FrameAddonTank">

                              </Socket>
                              <Socket Offset="(-2.75; 0.125; 0)" ParentFrame="BoneChassis_cdt" NamesBlock="MinicraneRU, Trailer" Names="FrameAddonMaintainer">

                              </Socket>
                              <Socket Offset="(-2.856; 1.257; 0)" ParentFrame="BoneChassis_cdt" NamesBlock="MetalDetector, MinicraneRU, VoronD53233WheelAddon" Names="BigCraneRu">
                                  <ExtraParent Frame="BoneChassis_cdt" Offset="(0; -0.1; 0)">

                                  </ExtraParent>
                                  <ExtraParent Frame="BoneChassis_cdt" Offset="(0; -0.1; 0)">

                                  </ExtraParent>
                              </Socket>
                          </AddonSockets>
                          <AddonSockets>
                              <Socket Offset="(-0.707; 0.104; 0)" ParentFrame="BoneChassis_cdt" NamesBlock="FrameAddonMaintainer, FrameAddonKung, FrameAddonTank, FrameAddon, SaddleHigh" Names="MetalDetector">

                              </Socket>
                              <Socket Offset="(0.3; 1.156; 0)" NamesBlock="FrameAddonKung, FrameAddonTank" Names="MinicraneRU">
                                  <ExtraParent Frame="BoneChassis_cdt" Offset="(0; 0; -0.01)">

                                  </ExtraParent>
                                  <ExtraParent Frame="BoneChassis_cdt" Offset="(0; 0; 0.01)">

                                  </ExtraParent>
                                <AddonsShift Offset="(-0.25; 0; 0)" Types="VoronD53233WheelAddon">

                                </AddonsShift>
                              </Socket>
                          </AddonSockets>
                          <AddonSockets DefaultAddon="voron_d53233_bumper_default">
                            <Socket ParentFrame="BoneCabin_cdt" Offset="(0; 0; 0)" Names="VoronD53233Bumper">

                            </Socket>
                          </AddonSockets>
                          <AddonSockets>
                            <Socket ParentFrame="BoneCabinDamper_cdt" Offset="(0; 0; 0)" Names="VoronD53233Horn">

                            </Socket>
                          </AddonSockets>
                          <AddonSockets>
                            <Socket ParentFrame="BoneCabinDamper_cdt" Offset="(0; 0; 0)" Names="VoronD53233Beacon">

                            </Socket>
                          </AddonSockets>
                          <AddonSockets>
                              <Socket ParentFrame="BoneCabinDamper_cdt" Offset="(0; 0; 0)" Names="VoronD53233SpotLight1">

                              </Socket>
                              <Socket Offset="(0; 0; 0)" ParentFrame="BoneCabinDamper_cdt" NamesBlock="VoronD53233Beacon" Names="VoronD53233SpotLight2">

                              </Socket>
                          </AddonSockets>
                          <AddonSockets>
                            <Socket ParentFrame="BoneCabinDamper_cdt" Offset="(0; 0; 0)" Names="VoronD53233Snorkel">

                            </Socket>
                          </AddonSockets>
                          <AddonSockets>
                            <Socket ParentFrame="BoneChassis_cdt" Offset="(0; 0; 0)" Names="VoronD53233WheelAddon">
                                <ExtraParent Frame="BoneCabin_cdt">

                                </ExtraParent>
                            </Socket>
                          </AddonSockets>
                          <AddonSockets>
                            <Socket ParentFrame="BoneCabinDamper_cdt" Names="voronD53233Sticker_1x1_01" InCockpit="true">

                            </Socket>
                          </AddonSockets>
                          <AddonSockets>
                            <Socket ParentFrame="BoneCabinDamper_cdt" Names="voronD53233Sticker_1x1_02" InCockpit="true">

                            </Socket>
                          </AddonSockets>
                          <AddonSockets>
                            <Socket ParentFrame="BoneCabinDamper_cdt" Names="voronD53233Sticker_1x1_03" InCockpit="true">

                            </Socket>
                          </AddonSockets>
                          <AddonSockets>
                            <Socket ParentFrame="BoneCabinDamper_cdt" Names="voronD53233Sticker_1x2_01" InCockpit="true">

                            </Socket>
                          </AddonSockets>
                          <AddonSockets>
                            <Socket ParentFrame="BoneCabinDamper_cdt" Names="voronD53233Sticker_1x2_02" InCockpit="true">

                            </Socket>
                          </AddonSockets>
                          <AddonSockets>
                            <Socket ParentFrame="BoneCabinDamper_cdt" Names="voronD53233Sticker_1x4_01" InCockpit="true">

                            </Socket>
                          </AddonSockets>
                          <AddonSockets>
                            <Socket ParentFrame="BoneCabinDamper_cdt" Names="voronD53233Sticker_GlassTop" InCockpit="true">

                            </Socket>
                          </AddonSockets>
                          <AddonSockets>
                            <Socket ParentFrame="BoneCabinDamper_cdt" Names="voronD53233Sticker_GlassBottom" InCockpit="true">

                            </Socket>
                          </AddonSockets>
                          <AddonSockets>
                            <Socket ParentFrame="BoneCabinDamper_cdt" Names="voronD53233Sticker_Door_L">

                            </Socket>
                          </AddonSockets>
                          <AddonSockets>
                            <Socket ParentFrame="BoneCabinDamper_cdt" Names="voronD53233Sticker_Door_R">

                            </Socket>
                          </AddonSockets>
                          <AddonSockets>
                            <Socket ParentFrame="BoneCabinDamper_cdt" Names="voronD53233Sticker_Roof">

                            </Socket>
                          </AddonSockets>
                          <AddonSockets>
                            <Socket ParentFrame="BoneCabinDamper_cdt" Names="voronD53233Sticker_Capote">

                            </Socket>
                          </AddonSockets>
                          <AddonSockets>
                              <Socket Offset="(1.681; 2.767; 0.239)" ParentFrame="BoneCabinDamper_cdt" Names="StuffAirfreshener" InCockpit="true">

                              </Socket>
                              <Socket ParentFrame="BoneCabinDamper_cdt" Names="StuffCurtainVoronD53233" InCockpit="true">

                              </Socket>
                          </AddonSockets>
                          <AddonSockets>
                            <Socket Offset="(1.977; 2.195; 0.037)" ParentFrame="BoneCabinDamper_cdt" Names="StuffDashboard" InCockpit="true">

                            </Socket>
                          </AddonSockets>
                          <AddonSockets>
                            <Socket ParentFrame="BoneCabinDamper_cdt" Names="StuffHoodVoronD53233">

                            </Socket>
                          </AddonSockets>
                    <CustomizationCameras>
                                <CameraPos Interior="true" Position="(6.636; 4.978; -0.223)" Name="roof_sticker" InterestPosition="(3.638; 0.674; -0.623)" FOV="32.0">

                                </CameraPos>
                                <CameraPos Interior="true" Position="(4.682; 2.264; -0.31)" Name="sticker_1" InterestPosition="(7.202; 3.678; 1.493)" FOV="32.0">

                                </CameraPos>
                                <CameraPos MaxZoom="2" MaxYRotation="360" Position="(-7.265; 3.31; 8.244)" MaxXRotation="360" Name="addon_1" InterestPosition="(0.697; 1.869; 0)" FOV="32.0">

                                </CameraPos>
                                <CameraPos MaxZoom="2" MaxYRotation="360" Position="(-8.093; 2.337; -6.718)" MaxXRotation="360" Name="addon_2" InterestPosition="(3.194; 1.807; 0)" FOV="32.0">

                                </CameraPos>
                                <CameraPos Interior="true" Position="(4.428; 2.51; -0.534)" Name="mirror_mount" InterestPosition="(6.976; 2.561; 1.274)" FOV="32.0">

                                </CameraPos>
                                <CameraPos MaxZoom="2" MaxYRotation="360" Position="(-0.226; 4.969; -4.508)" MaxXRotation="360" Name="side_r" InterestPosition="(4.764; 1.97; -0)" FOV="32.0">

                                </CameraPos>
                                <CameraPos Interior="true" Position="(4.69; 2.631; 0.094)" Name="sticker" InterestPosition="(6.662; 0.996; 1.798)" FOV="32.0">

                                </CameraPos>
                                <CameraPos Interior="true" Position="(8.234; 3.389; 0.975)" Name="glass_sticker" InterestPosition="(4.973; 2.05; -1.105)" FOV="32.0">

                                </CameraPos>
                                <CameraPos Interior="true" Position="(4.224; 1.975; 2.893)" Name="door_r_sticker" InterestPosition="(7.116; 1.291; 0.13)" FOV="32.0">

                                </CameraPos>
                                <CameraPos MaxZoom="2" MaxYRotation="360" Position="(9.203; 3.854; 5.047)" MaxXRotation="360" Name="roof" InterestPosition="(5.584; 1.615; -0)" FOV="32.0">

                                </CameraPos>
                                <CameraPos Interior="true" Position="(8.872; 4.406; -0.741)" Name="capote_sticker" InterestPosition="(5.647; 0.546; -0.444)" FOV="32.0">

                                </CameraPos>
                                <CameraPos MaxZoom="2" MaxYRotation="360" Position="(12.823; 1.44; -4.73)" MaxXRotation="360" Name="hoods" InterestPosition="(5.275; 1.623; 0)" FOV="32.0">

                                </CameraPos>
                                <CameraPos Interior="true" Position="(5.221; 1.595; 0.03)" Name="sticker_2" InterestPosition="(6.662; 0.61; 1.935)" FOV="32.0">

                                </CameraPos>
                                <CameraPos MaxZoom="2" MaxYRotation="360" Position="(9.507; 4.376; -3.37)" MaxXRotation="360" Name="side_l" InterestPosition="(4.737; 2.557; 0)" FOV="32.0">

                                </CameraPos>
                                <CameraPos Interior="true" Position="(4.549; 2.631; -0.513)" Name="bubble_head" InterestPosition="(6.662; 1.168; 1.935)" FOV="32.0">

                                </CameraPos>
                                <CameraPos MaxZoom="2" MaxYRotation="360" Position="(-4.539; 2.191; -5.755)" MaxXRotation="360" Name="wheels" InterestPosition="(4.756; 1.133; -0)" FOV="32.0">

                                </CameraPos>
                                <CameraPos MaxZoom="2" MaxYRotation="360" Position="(12.823; 1.44; -4.73)" MaxXRotation="360" Name="default" InterestPosition="(5.275; 1.623; 0)" FOV="32.0">

                                </CameraPos>
                                <CameraPos MaxZoom="2" MaxYRotation="360" Position="(0.811; 3.681; 4.794)" MaxXRotation="360" Name="rear" InterestPosition="(4.777; 1.589; 0)" FOV="32.0">

                                </CameraPos>
                                <CameraPos Interior="true" Position="(4.295; 1.918; -3.012)" Name="door_l_sticker" InterestPosition="(5.038; 1.458; 0)" FOV="32.0">

                                </CameraPos>
                                <CameraPos Interior="true" Position="(8.557; 2.364; -1.439)" Name="hood_ornament" InterestPosition="(7.506; 2.048; -1.439)" FOV="32.0">

                                </CameraPos>
                                <CameraPos Interior="true" Position="(4.428; 2.51; -0.534)" Name="curtain" InterestPosition="(6.976; 2.561; 1.274)" FOV="32.0">

                                </CameraPos>
                    </CustomizationCameras>
                              <WinchSocket Pos="(3.799; 1.067; 0.346)" ParentFrame="BoneCabin_cdt">

                              </WinchSocket>
                              <WinchSocket Pos="(3.799; 1.067; -0.346)" ParentFrame="BoneCabin_cdt">

                              </WinchSocket>
                              <WinchSocket Pos="(-1.024; 1.111; 0.444)">

                              </WinchSocket>
                              <WinchSocket Pos="(-0.44; 0.899; -0.426)">

                              </WinchSocket>
                              <WinchSocket Pos="(-4.524; 1.111; 0.502)">

                              </WinchSocket>
                              <WinchSocket Pos="(-4.524; 1.111; -0.502)">

                              </WinchSocket>
                              <WinchSocket Pos="(-4.950; 0.817; 0)">

                              </WinchSocket>
      </GameData>
      <Landmark MaxScale="3.8" MinScale="1.8" Mesh="landmarks/voron_d53233_lmk">

      </Landmark>
      <AutomaticIK>
                          <IKBone ModelFrame="BoneBeamHinge" ParentFrame="BoneTieRod_cdt">
                            <IKJoint AxisLocal="(1; 0; 0)" Type="Hinge2">

                            </IKJoint>
                            <IKBone AttachOffset="(0; 0; 0)" ModelFrame="BoneBeamSlider" AttachToFrame="BoneRackLeft">
                                  <IKJoint AxisLocal="(1; 0; 0)" Type="Slider">

                                  </IKJoint>
                            </IKBone>
                          </IKBone>
                          <IKBone ModelFrame="BonePiston1Hinge" ParentFrame="BoneCabin_cdt">
                            <IKJoint AxisLocal="(1; 0; 0)" Type="Hinge2">

                            </IKJoint>
                            <IKBone AttachOffset="(0; 0; 0)" ModelFrame="BonePiston1Slider" AttachToFrame="BoneAxle1">
                                  <IKJoint AxisLocal="(1; 0; 0)" Type="Slider">

                                  </IKJoint>
                            </IKBone>
                          </IKBone>
                          <IKBone ModelFrame="BonePiston2Hinge" ParentFrame="BoneCabin_cdt">
                            <IKJoint AxisLocal="(1; 0; 0)" Type="Hinge2">

                            </IKJoint>
                            <IKBone AttachOffset="(0; 0; 0)" ModelFrame="BonePiston2Slider" AttachToFrame="BoneAxle1">
                                  <IKJoint AxisLocal="(1; 0; 0)" Type="Slider">

                                  </IKJoint>
                            </IKBone>
                          </IKBone>
                          <IKBone ModelFrame="BonePiston3Hinge" ParentFrame="BoneCabin_cdt">
                            <IKJoint AxisLocal="(1; 0; 0)" Type="Hinge2">

                            </IKJoint>
                            <IKBone AttachOffset="(0; 0; 0)" ModelFrame="BonePiston3Slider" AttachToFrame="BoneRackLeft">
                                  <IKJoint AxisLocal="(1; 0; 0)" Type="Slider">

                                  </IKJoint>
                            </IKBone>
                          </IKBone>
      </AutomaticIK>
  </Truck>
  <_templates Include="trucks">
        <Wheel>
            <FrontWheel SteeringJointOffset="0.27" ParentFrame="BoneCabin_cdt" SteeringCastor="0" Torque="default" Location="front" SteeringAngle="35">

            </FrontWheel>
            <RearWheel Torque="default" Location="rear" ConnectedToHandbrake="true">

            </RearWheel>
        </Wheel>
        <Body>
              <WireWiggle Mass="1.5" Collisions="None">
                  <Constraint LinearLimitsX="(-0.1;0.1)" LinearLimitsZ="(-0.1;0.1)" LinearLimitsY="(-0.02;0.02)" Type="Fixed">
                      <Motor Type="Spring" Spring="250" Damping="2">

                      </Motor>
                  </Constraint>
              </WireWiggle>
              <Mudguard Mass="10" Collisions="None">
                    <Constraint Type="Hinge">
                        <Motor Type="Spring" Spring="10" Damping="1">

                        </Motor>
                    </Constraint>
              </Mudguard>
              <Antenna Mass="10" Collisions="None">
                      <Constraint Cone="20" PlaneMin="-20" Type="Ragdoll" TwistAxisLocal="(0; 1; 0)" PlaneMax="20" PlaneAxisLocal="(0; 0; 1)">
                          <ConeMotor Type="Spring" Spring="200" Damping="4">

                          </ConeMotor>
                          <PlaneMotor Type="Spring" Spring="200" Damping="4">

                          </PlaneMotor>
                      </Constraint>
              </Antenna>
              <SideMirror AngularDamping=".9" Collisions="None" Mass="5">
                        <Constraint AxisLocal="(0; 1; 0)" MaxLimit="25" MinLimit="-25" Type="Hinge">
                            <Motor Type="Spring" Spring="70" Damping=".3">

                            </Motor>
                        </Constraint>
              </SideMirror>
        </Body>
  </_templates>