  <Truck>
      <ControlledConstraints>
          <Constraint Name="TieRodSteer" IsLinkedSteering="true" Id="chassis_steer">

          </Constraint>
      </ControlledConstraints>
      <PhysicsModel Mesh="trucks/voron_ae4380">
            <NetSync Legacy="false">

            </NetSync>
            <Body ModelFrame="BoneChassis_cdt" ImpactType="Truck" Mass="2600" NetSync="pv" CenterOfMassOffset="(-0.5; 0; 0)">
                    <Body ModelFrame="BoneCabin_cdt" ImpactType="Truck" Mass="2500" NetSync="pv" CenterOfMassOffset="(-0.2; 0; 0)">
                      <Constraint AxisLocal="(1; 0; 0)" MaxLimit="10" MinLimit="-10" PivotOffset="(0; 0; 0)" Type="Hinge">
                          <Motor Type="Spring" Spring="600000" Damping="0.001">

                          </Motor>
                      </Constraint>
                          <Body ModelFrame="BoneCabinDamper_cdt" ImpactType="Truck" Mass="1500" CenterOfMassOffset="(-0.6; 0; 0)">
                            <Constraint Cone="2" PlaneMin="-2" Type="Ragdoll" TwistAxisLocal="(0; 1; 0)" PlaneMax="2" PlaneAxisLocal="(0; 0; 1)">
                                <ConeMotor Type="Spring" Spring="150000" Damping="70000">

                                </ConeMotor>
                                <PlaneMotor Type="Spring" Spring="300000" Damping="150000">

                                </PlaneMotor>
                            </Constraint>
                                <Body ModelFrame="BoneLeftMudguard_cdt" _template="Mudguard">

                                </Body>
                                <Body ModelFrame="BoneRightMudguard_cdt" _template="Mudguard">

                                </Body>
                                <Body ModelFrame="BoneMirrorLeft_cdt" _template="SideMirror">
                                  <Constraint AxisLocal="(0; 1; 0)">

                                  </Constraint>
                                </Body>
                                <Body ModelFrame="BoneMirrorRight_cdt" _template="SideMirror">
                                  <Constraint AxisLocal="(0; 1; 0)">

                                  </Constraint>
                                </Body>
                                <Body ModelFrame="BoneMirror_cdt" _template="SideMirror">
                                  <Constraint AxisLocal="(0; 0; 1)" MaxLimit="5" MinLimit="-5" Type="Hinge">
                                      <Motor Type="Spring" Spring="10" Damping="1">

                                      </Motor>
                                  </Constraint>
                                </Body>
                                <Body Mass="0.2" ModelFrame="BoneKeyFob_cdt">
                                  <Constraint AxisLocal="(0; 0; 1)" MaxLimit="50" MinLimit="-50" PivotOffset="(0; 0; 0)" Type="Hinge">
                                      <Motor Type="Spring" Spring="0.001" Damping="0.001">

                                      </Motor>
                                  </Constraint>
                                </Body>
                                <Body ModelFrame="BoneSunshieldLeft_cdt" _template="SunShield">

                                </Body>
                                <Body ModelFrame="BoneSunshieldRight_cdt" _template="SunShield">

                                </Body>
                                <Body ModelFrame="BoneBelt_cdt" ImpactType="Truck" Mass="1" Collisions="None">
                                  <Constraint AxisLocal="(0; 1; 0)" MaxLimit="43" MinLimit="-30" Type="Hinge">
                                      <Motor Type="Spring" Spring="2.5" Damping="25">

                                      </Motor>
                                  </Constraint>
                                </Body>
                                <Body ModelFrame="BoneBelt2_cdt" ImpactType="Truck" Mass="1" Collisions="None">
                                  <Constraint AxisLocal="(0; 0; 1)" MaxLimit="6" MinLimit="-6" Type="Hinge">
                                      <Motor Type="Spring" Spring="20" Damping="2">

                                      </Motor>
                                  </Constraint>
                                </Body>
                                <Body Mass="1" Collisions="None" ModelFrame="BoneCord1_cdt">
                                  <Constraint AxisLocal="(1; 0; 0)" MaxLimit="0.6" MinLimit="-0.2" Type="Prismatic">
                                      <Motor Type="Spring" Spring="70" Damping="7">

                                      </Motor>
                                  </Constraint>
                                </Body>
                          </Body>
                          <Body ModelFrame="BoneTieRod_cdt" _template="TieRod">
                            <Constraint AxisLocal="(0; 0; 1)" MaxLimit="30" Name="TieRodSteer" MinLimit="-30">

                            </Constraint>
                          </Body>
                    </Body>
                    <Body Mass="2000" Collisions="None" ModelFrame="BoneSuspension_cdt">
                      <Constraint AxisLocal="(0; 0; 1)" MaxLimit="6.5" MinLimit="-6.5" Type="Hinge">

                      </Constraint>
                    </Body>
                    <Body Mass="1" Collisions="None" ModelFrame="BoneCord2_cdt">
                      <Constraint AxisLocal="(0; 0; 1)" MaxLimit="0.4" MinLimit="-0.3" Type="Prismatic">
                          <Motor Type="Spring" Spring="30" Damping="5">

                          </Motor>
                      </Constraint>
                    </Body>
            </Body>
      </PhysicsModel>
      <TruckData BackSteerSpeed="0.02" DiffLockType="Always" EngineIconScale="1.3" TruckType="OFFROAD" FuelCapacity="250" EngineStartDelay="0.8" SteerSpeed="0.022" ExhaustStartTime="0.9" Responsiveness="0.15" TruckImage="voronAE4380mchr" EngineIconMesh="env/engine_default">
              <Shakers>
                  <Shaker MaxAngle="(2; 2; 2)" Frame="BoneGearstick" ParentFrame="BoneCabinDamper_cdt" MinAngle="(0.3; 0.3; 0.3)" MaxFrequency="0.1">

                  </Shaker>
              </Shakers>
              <Intake Size="1" Dir="(1; 0; 0)" Origin="(3.602; 1.543; 0)">

              </Intake>
              <GearboxSocket Default="g_truck_default" Type="gearboxes_trucks">

              </GearboxSocket>
              <Wheels DefaultRim="rim_2" DefaultWheelType="wheels_heavy_double1" DefaultTire="highway_1">
                          <Wheel Pos="(2.443; 0.63; 1.056)" _template="FrontWheel">

                          </Wheel>
                          <Wheel Pos="(2.443; 0.63; 1.056)" _template="FrontWheel" RightSide="true">

                          </Wheel>
                          <Wheel Pos="(-2.114; 0.643; 1.056)" _template="RearWheel">

                          </Wheel>
                          <Wheel Pos="(-2.114; 0.643; 1.056)" _template="RearWheel" RightSide="true">

                          </Wheel>
                          <Wheel Pos="(-3.519; 0.617; 1.056)" _template="RearWheel">

                          </Wheel>
                          <Wheel Pos="(-3.519; 0.617; 1.056)" _template="RearWheel" RightSide="true">

                          </Wheel>
              </Wheels>
              <WinchUpgradeSocket Default="w_medium_trucks_default" Type="winches_medium_trucks" IsUpgradable="true">

              </WinchUpgradeSocket>
              <SteeringWheel Frame="BoneSteering">

              </SteeringWheel>
              <Damage>
                                <DamageArea Max="(3.63; 2.120; 0.63)" ParentFrame="BoneCabin_cdt" Min="(2; 1.180; -0.63)" Type="Engine">

                                </DamageArea>
                                <DamageArea Max="(1; 1.23; 1.3)" ParentFrame="BoneChassis_cdt" Min="(-0.62; 0.64; -1.31)" Type="FuelTank">

                                </DamageArea>
              </Damage>
              <LimitedFluid Center="(-0.237; 0.914; -0.857)" Type="Box" SizeX="0.678" SizeZ="0.640" SizeY="0.429">

              </LimitedFluid>
              <EngineSocket Default="ru_truck_old_heavy_engine_0" Type="e_ru_truck_old_heavy">

              </EngineSocket>
              <SoundsDamage _template="Heavy">

              </SoundsDamage>
              <Camera Center="(-2; 0; 0)" ParentFrame="BoneCabin_cdt">
                                      <Cockpit WindshieldShadingTexture="trucks/voron_ae4380_glass__sh_d.tga" WindshieldDiffuseTexture="trucks/voron_ae4380_glass__d_a.tga" ViewPos="(1.252; 2.41; 0.517)" _template="Default">
                                            <Mirror MeshFrame="mirror_left" Pos="(1.574; 2.373; 1.194)" Size="(0.17; 0.36)" ReflectionDir="(-0.905; -0.082; -0.418)" FOVScale="1.8" ClipDir="(-0.905; -0.082; -0.418)">
                                              <SecondaryView MeshFrame="mirror_left_1" Pos="(1.613; 2.117; 1.214)" Size="(0.17; 0.12)" FOVScale="1.25" ClipDir="(-0.905; -0.082; -0.418)" CurveAngle="5">

                                              </SecondaryView>
                                            </Mirror>
                                            <Mirror Pos="(1.685; 2.378; -1.194)" MeshFrame="mirror_right" FOVScale="2.4" Size="(0.17; 0.36)" ReflectionDir="(-0.811; -0.07; 0.581)" ClipDir="(-0.811; -0.07; 0.581)" ClipOffset="0.1">
                                              <SecondaryView MeshFrame="mirror_right_1" Pos="(1.723; 2.118; -1.225)" Size="(0.17; 0.12)" FOVScale="1.4" ClipDir="(-0.811; -0.07; 0.581)" CurveAngle="5">

                                              </SecondaryView>
                                            </Mirror>
                                            <Mirror Pos="(1.769; 2.478; 0.004)" MeshFrame="hp_cab_mirror" FOVScale="1.75" Size="(0.27; 0.08)" ReflectionDir="(-0.93; -0.073; 0.36)" ClipDir="(-0.93; -0.073; 0.36)" ClipOffset="0.1">

                                            </Mirror>
                                          <Rear ViewPosOffset="(0; -0.1; 0.7)">

                                          </Rear>
                                      </Cockpit>
              </Camera>
              <Shafts>
                                          <Shaft SocketPointA="Shaft1a" SocketPointB="Shaft1b">

                                          </Shaft>
                                          <Shaft SocketPointA="Shaft2a" SocketPointB="Shaft2b">

                                          </Shaft>
                                          <Shaft SocketPointA="Shaft3a" SocketPointB="Shaft3b">

                                          </Shaft>
                                          <Shaft SocketPointA="Shaft4a" SocketPointB="Shaft4b">

                                          </Shaft>
              </Shafts>
              <FuelTank DamageCapacity="50">

              </FuelTank>
              <Axles>
                                              <Axle Frame="BoneAxle1">

                                              </Axle>
                                              <Axle Frame="BoneAxle2">

                                              </Axle>
                                              <Axle Frame="BoneAxle3">

                                              </Axle>
              </Axles>
              <SoundsWheels _template="Default">

              </SoundsWheels>
              <SuspensionSocket Default="voron_ae4380_suspension_default" MaxWheelRadiusWithoutSuspension="0.45" Type="s_voron_ae4380">

              </SuspensionSocket>
                                                <CompatibleWheels Scale="0.55" RearOffsetZ=".04" Type="wheels_heavy_double1">

                                                </CompatibleWheels>
                                                <CompatibleWheels Scale="0.55" RearOffsetZ=".04" Type="wheels_heavy_double2">

                                                </CompatibleWheels>
                                                <CompatibleWheels Scale="0.55" Type="wheels_heavy_single">

                                                </CompatibleWheels>
                                                <CompatibleWheels Type="wheels_heavy_single2" Scale="0.55" OffsetZ="-0.03">

                                                </CompatibleWheels>
                                                <CompatibleWheels Scale="0.63" RearOffsetZ=".08" Type="wheels_heavy_double1">

                                                </CompatibleWheels>
                                                <CompatibleWheels Scale="0.63" RearOffsetZ=".08" Type="wheels_heavy_double2">

                                                </CompatibleWheels>
                                                <CompatibleWheels Scale="0.63" Type="wheels_heavy_single">

                                                </CompatibleWheels>
                                                <CompatibleWheels Type="wheels_heavy_single2" Scale="0.63" OffsetZ="-0.03">

                                                </CompatibleWheels>
              <Dashboard>
                                                      <Gauge Mesh="trucks/arrows/voron_ae4380_arrow_03" Org="(1.819; 2.063; 0.772)" OutputAngles="(-65;-7)" InputType="engineEnabled" Dir="(-0.941; 0.339; -0.005)" InputRange="(0;1)" Damping="0">

                                                      </Gauge>
                                                      <Gauge Mesh="trucks/arrows/voron_ae4380_arrow_03" Org="(1.794; 1.993; 0.772)" OutputAngles="(-60;25)" InputType="engineEnabled" Dir="(-0.94; 0.343; 0.002)" InputRange="(0;1)" Damping="0">

                                                      </Gauge>
                                                      <Gauge Mesh="trucks/arrows/voron_ae4380_arrow_01" Org="(1.815; 2.045; 0.683)" OutputAngles="(-90;5)" InputType="engineEnabled" Dir="(-0.941; 0.339; -0.001)" InputRange="(0;1)" Damping="0">

                                                      </Gauge>
                                                      <Gauge Mesh="trucks/arrows/voron_ae4380_arrow_01" Org="(1.813; 2.039; 0.683)" OutputAngles="(-90;-220)" InputType="engineEnabled" Dir="(-0.941; 0.339; 0.002)" InputRange="(0;1)" Damping="0">

                                                      </Gauge>
                                                      <Gauge Mesh="trucks/arrows/voron_ae4380_arrow_02" Org="(1.818; 2.057; 0.575)" OutputAngles="(-100;110)" InputType="rpm" Dir="(-0.941; 0.338; 0.001)" InputRange="(0;1)" Damping="0">

                                                      </Gauge>
                                                      <Gauge Mesh="trucks/arrows/voron_ae4380_arrow_02" Org="(1.818; 2.057; 0.449)" OutputAngles="(-122;140)" InputType="speed" Dir="(-0.941; 0.338; 0)" InputRange="(0;160)" Damping="0">

                                                      </Gauge>
                                                      <Gauge Mesh="trucks/arrows/voron_ae4380_arrow_02" Org="(1.808; 2.03; 0.345)" OutputAngles="(-130;-36)" InputType="engineEnabled" Dir="(-0.94; 0.34; -0.009)" InputRange="(0;1)" Damping="0">

                                                      </Gauge>
                                                      <Gauge Mesh="trucks/arrows/voron_ae4380_arrow_03" Org="(1.817; 2.058; 0.248)" OutputAngles="(-55;55)" InputType="fuel" Dir="(-0.941; 0.339; -0.006)" InputRange="(0;1)" Damping="0">

                                                      </Gauge>
                                                      <Gauge Mesh="trucks/arrows/voron_ae4380_arrow_03" Org="(1.791; 1.986; 0.248)" OutputAngles="(0;23)" InputType="engineEnabled" Dir="(-0.94; 0.34; -0.005)" InputRange="(0;1)" Damping="0">

                                                      </Gauge>
              </Dashboard>
              <Sounds DisableReversePitch="false" ParentFrame="BoneCabin_cdt" MinDist="10.0" AirHissInterval="12.0" _template="Default" Origin="(2.45; 1.575; 0)">
                                                      <EngineHigh Sound="trucks/voron_ae4380/voron_ae4380_high">

                                                      </EngineHigh>
                                                      <AbruptStop Sound="trucks/common/truck_swing_big_rnd_set/truck_swing_big_rnd">

                                                      </AbruptStop>
                                                      <HandbrakeOff Sound="trucks/voron_ae4380/voron_ae4380_handbrake_off">

                                                      </HandbrakeOff>
                                                      <BrakesSqueal Sound="trucks/voron_ae4380/voron_ae4380_brakes_squeal">

                                                      </BrakesSqueal>
                                                      <EngineStart Sound="trucks/voron_ae4380/voron_ae4380_start">

                                                      </EngineStart>
                                                      <EngineLow_2d IsSound2D="true" Sound="trucks/voron_ae4380/voron_ae4380_low_2d">

                                                      </EngineLow_2d>
                                                      <EngineHeavy_2d IsSound2D="true" Sound="trucks/voron_ae4380/voron_ae4380_heavy_2d">

                                                      </EngineHeavy_2d>
                                                      <EngineHeavy Sound="trucks/voron_ae4380/voron_ae4380_heavy">

                                                      </EngineHeavy>
                                                      <Honk Sound="trucks/voron_ae4380/voron_ae4380_honk">

                                                      </Honk>
                                                      <EngineHigh_2d IsSound2D="true" Sound="trucks/voron_ae4380/voron_ae4380_high_2d">

                                                      </EngineHigh_2d>
                                                      <EngineLow Sound="trucks/voron_ae4380/voron_ae4380_low">

                                                      </EngineLow>
                                                      <EngineIdle_2d IsSound2D="true" Sound="trucks/voron_ae4380/voron_ae4380_idle_2d">

                                                      </EngineIdle_2d>
                                                      <EngineStop Sound="trucks/voron_ae4380/voron_ae4380_stop">

                                                      </EngineStop>
                                                      <EngineIdle Sound="trucks/voron_ae4380/voron_ae4380_idle">

                                                      </EngineIdle>
                                                      <Reverse Sound="trucks/voron_ae4380/voron_ae4380_reverse">

                                                      </Reverse>
                                                      <Handbrake Sound="trucks/voron_ae4380/voron_ae4380_handbrake_on">

                                                      </Handbrake>
                                                      <EngineRev Sound="trucks/voron_ae4380/voron_ae4380_rev">

                                                      </EngineRev>
                                                      <EngineAccel Sound="trucks/voron_ae4380/voron_ae4380_acc">

                                                      </EngineAccel>
                                                      <BrakeRelease Sound="trucks/common/truck_brake_release_alt2_rnd_set/truck_brake_release_alt2_rnd">

                                                      </BrakeRelease>
              </Sounds>
              <Driver SteeringWheelPos="(1.583; 2.098; 0.51)" Pos="(1.201; 1.77; 0.517)" ParentFrame="BoneCabin_cdt" LegsOffset="(0; 0.07; 0)">

              </Driver>
              <Steam Origin="(2.751; 1.458; 0)">

              </Steam>
              <SteeringRack FrameSteerRight="BoneRackR" Frame="BoneRack" FrameSteerLeft="BoneRackL" RackHalfSizeZ="0.756">

              </SteeringRack>
              <OcclusionMap MaxX="4" HalfSizeZ="2" MinX="-5">

              </OcclusionMap>
      </TruckData>
      <ModelAttachments>
                <StopSignals>
                      <Light Pos="(-4.813; 0.987; -0.909)" _template="StopSignal">

                      </Light>
                      <Light Pos="(-4.813; 0.987; 0.909)" _template="StopSignal">

                      </Light>
                        <Flare Pos="(-4.767; 0.987; -0.909)" _template="StopSignal">

                        </Flare>
                        <Flare Pos="(-4.767; 0.987; 0.909)" _template="StopSignal">

                        </Flare>
                </StopSignals>
                <Ignition>
                        <Light Pos="(4; 1.013; 0.7)" _template="IgnitionSignalWhite" ParentFrame="BoneCabinDamper_cdt">

                        </Light>
                        <Light Pos="(4; 1.013; -0.7)" _template="IgnitionSignalWhite" ParentFrame="BoneCabinDamper_cdt">

                        </Light>
                        <Light Pos="(-4.8; 1.025; -0)" _template="IgnitionSignalRed">

                        </Light>
                          <Flare ParentFrame="BoneCabinDamper_cdt" Pos="(1.736; 2.699; -0.833)" Dir="(0.342; 0.94; 0)" _template="MarkerBeacon">

                          </Flare>
                          <Flare ParentFrame="BoneCabinDamper_cdt" Pos="(1.736; 2.699; -0.245)" Dir="(0.342; 0.94; 0)" _template="MarkerBeacon">

                          </Flare>
                          <Flare ParentFrame="BoneCabinDamper_cdt" Pos="(1.736; 2.699; 0)" Dir="(0.342; 0.94; 0)" _template="MarkerBeacon">

                          </Flare>
                          <Flare ParentFrame="BoneCabinDamper_cdt" Pos="(1.736; 2.699; 0.245)" Dir="(0.342; 0.94; 0)" _template="MarkerBeacon">

                          </Flare>
                          <Flare ParentFrame="BoneCabinDamper_cdt" Pos="(1.736; 2.699; 0.833)" Dir="(0.342; 0.94; 0)" _template="MarkerBeacon">

                          </Flare>
                          <Flare Pos="(3.256; 1.456; -0.705)" ParentFrame="BoneCabinDamper_cdt" Size="0.25" DirAngle="120" Color="g(165; 149; 130) x 1.2" _template="IgnitionSignalWhite">

                          </Flare>
                          <Flare Pos="(3.256; 1.456; 0.705)" ParentFrame="BoneCabinDamper_cdt" Size="0.25" DirAngle="120" Color="g(165; 149; 130) x 1.2" _template="IgnitionSignalWhite">

                          </Flare>
                          <Flare Size="0.15" Pos="(-4.774; 0.987; -0.917)" _template="IgnitionSignalRed" AspectRatio="0.8">

                          </Flare>
                          <Flare Size="0.15" Pos="(-4.774; 0.987; 0.917)" _template="IgnitionSignalRed" AspectRatio="0.8">

                          </Flare>
                          <Flare Size="0.15" Pos="(-4.774; 0.987; -1.09)" _template="IgnitionSignalRed" AspectRatio="0.8">

                          </Flare>
                          <Flare Size="0.15" Pos="(-4.774; 0.987; 1.09)" _template="IgnitionSignalRed" AspectRatio="0.8">

                          </Flare>
                </Ignition>
                <HeadLight>
                          <Model _template="HeadLightRay" Org="(3.256; 1.456; -0.705)" ParentFrame="BoneCabinDamper_cdt">

                          </Model>
                          <Model _template="HeadLightRay" Org="(3.256; 1.456; 0.705)" ParentFrame="BoneCabinDamper_cdt">

                          </Model>
                            <Flare ParentFrame="BoneCabinDamper_cdt" Pos="(3.256; 1.456; -0.705)" Size="0.6" _template="HeadLight">

                            </Flare>
                            <Flare ParentFrame="BoneCabinDamper_cdt" Pos="(3.256; 1.456; 0.705)" Size="0.6" _template="HeadLight">

                            </Flare>
                            <Flare Pos="(3.256; 1.456; -0.705)" _template="BlueStreak" ParentFrame="BoneCabinDamper_cdt">

                            </Flare>
                            <Flare Pos="(3.256; 1.456; 0.705)" _template="BlueStreak" ParentFrame="BoneCabinDamper_cdt">

                            </Flare>
                </HeadLight>
                <ReverseSignals>
                            <Light ParentFrame="BoneCabinDamper_cdt" Pos="(0.718; 2.486; 0.718)" Color="g(245; 235; 220) x 0.9" _template="ReverseSignal">

                            </Light>
                            <Light Pos="(-4.774; 0.987; 0)" _template="ReverseSignal" Color="g(245; 235; 220) x 1.1">

                            </Light>
                              <Flare ParentFrame="BoneCabinDamper_cdt" Size="0.4" Pos="(0.718; 2.486; 0.718)" Color="g(245; 235; 220) x 0.6" _template="ReverseSignal">

                              </Flare>
                              <Flare Size="0.4" _template="ReverseSignal" Pos="(-4.774; 0.987; -0.813)">

                              </Flare>
                              <Flare Size="0.4" _template="ReverseSignal" Pos="(-4.774; 0.987; 0.813)">

                              </Flare>
                              <Flare Pos="(0.705; 2.486; 0.718)" ParentFrame="BoneCabinDamper_cdt" Size="0.4" Dir="(-1; 0; 0)" Color="g(220; 220; 255) x 0.05" _template="BlueStreak">

                              </Flare>
                              <Flare Pos="(-4.774; 0.987; -0.813)" Size="0.4" Dir="(-1; 0; 0)" Color="g(220; 220; 255) x 0.05" _template="BlueStreak">

                              </Flare>
                              <Flare Pos="(-4.774; 0.987; 0.813)" Size="0.4" Dir="(-1; 0; 0)" Color="g(220; 220; 255) x 0.05" _template="BlueStreak">

                              </Flare>
                </ReverseSignals>
      </ModelAttachments>
      <HeadLight Pos="(3.707; 1.456; 0)" _template="Default">

      </HeadLight>
      <GameData Price="64900" ExcludeAddons="stuff_hula_girl, stuff_masha, stuff_bobblehead_joker" UnlockByExploration="false" UnlockByRank="1" Country="RU,CAS">
                      <CraneSocket Pos="(3.638; 1.219; -0.509)" ParentFrame="BoneCabin_cdt">

                      </CraneSocket>
                      <CraneSocket Pos="(3.638; 1.219; 0.509)" ParentFrame="BoneCabin_cdt">

                      </CraneSocket>
                      <CraneSocket Pos="(-1.271; 1.03; -0.368)">

                      </CraneSocket>
                      <CraneSocket Pos="(-1.271; 1.03; 0.368)">

                      </CraneSocket>
                      <CraneSocket Pos="(-4.802; 1.002; -0.366)">

                      </CraneSocket>
                      <CraneSocket Pos="(-4.802; 1.002; 0.366)">

                      </CraneSocket>
                    <UiDesc UiIcon30x30="offroadVehicleImg30" UiName="UI_VEHICLE_VORON_AE4380_NAME" UiIcon328x458="shopImgVoronAE4380" UiIconLogo="VoronLogo80" UiDesc="UI_VEHICLE_VORON_AE4380_DESC" UiIcon40x40="offroadVehicleImg">

                    </UiDesc>
                          <AddonSockets>
                              <Socket Offset="(-2.2; 1.66; 0)" Names="LargeSemitrailer, LargeSemitrailerOiltank">

                              </Socket>
                              <Socket Offset="(-2.84; 1.45; 0)" Names="Semitrailer, SemitrailerOiltank">

                              </Socket>
                              <Socket Offset="(-4.996; 0.988; 0)" Names="Trailer">

                              </Socket>
                          </AddonSockets>
                          <AddonSockets>
                            <Socket ParentFrame="BoneCabin_cdt" Names="VoronAE4380WheelAddon">
                                <ExtraParent Frame="BoneChassis_cdt">

                                </ExtraParent>
                            </Socket>
                          </AddonSockets>
                          <AddonSockets>
                              <Socket Offset="(-6.339; 1.16; 0)" NamesBlock="MinicraneRU, MetalDetector" Names="BunkLog">

                              </Socket>
                              <Socket Offset="(-1.68; 1.157; 0)" NamesBlock="MinicraneRU, MetalDetector" Names="FrameAddonLogShort">
                                <AddonsShift Offset="(-0.48; 0; 0)" Types="VoronAE4380WheelAddon">

                                </AddonsShift>
                              </Socket>
                              <Socket Offset="(-1.68; 1.157; 0)" NamesBlock="MinicraneRU, MetalDetector, VoronAE4380WheelAddon" Names="FrameAddonLogMedium">

                              </Socket>
                              <Socket Offset="(-2.817; 1.156; 0)" Names="SaddleLow">
                                  <ExtraParent Frame="BoneChassis_cdt" Offset="(0; 0; 0.02)">

                                  </ExtraParent>
                                  <ExtraParent Frame="BoneChassis_cdt" Offset="(0; 0; -0.02)">

                                  </ExtraParent>
                              </Socket>
                              <Socket Offset="(-2.2; 1.156; 0)" Names="SaddleHigh">
                                  <ExtraParent Frame="BoneChassis_cdt" Offset="(0; 0; 0.015)">

                                  </ExtraParent>
                                  <ExtraParent Frame="BoneChassis_cdt" Offset="(0; 0; -0.015)">

                                  </ExtraParent>
                              </Socket>
                              <Socket ParentFrame="BoneChassis_cdt" Offset="(-1.82; 1.156; 0)" Names="FrameAddon">
                                  <AddonsShift Offset="(-0.5; 0; 0)" Types="VoronAE4380WheelAddon">

                                  </AddonsShift>
                                  <AddonsShift Offset="(-1; 0; 0)" Types="MinicraneRU">

                                  </AddonsShift>
                                  <AddonsShift Types="MinicraneRU, VoronAE4380WheelAddon" Offset="(0; 0; 0)" TrailerNamesBlock="FrameAddon">

                                  </AddonsShift>
                                  <AddonsShift Types="MinicraneRU, Trailer" Offset="(0; 0; 0)" TrailerNamesBlock="FrameAddon">

                                  </AddonsShift>
                              </Socket>
                              <Socket Offset="(-2.4; 1.15; 0.000)" ParentFrame="BoneChassis_cdt" NamesBlock="Trailer" Names="FrameAddonTow">
                                  <AddonsShift Offset="(-0.5; 0; 0)" Types="VoronAE4380WheelAddon">

                                  </AddonsShift>
                                  <AddonsShift Offset="(-1; 0; 0)" Types="MinicraneRU">

                                  </AddonsShift>
                                  <AddonsShift Types="MinicraneRU, VoronAE4380WheelAddon" Offset="(0; 0; 0)" TrailerNamesBlock="FrameAddonTow">

                                  </AddonsShift>
                              </Socket>
                              <Socket ParentFrame="BoneChassis_cdt" Offset="(-2.348; 1.242; 0)" Names="FrameAddonKung">
                                  <ExtraParent Frame="BoneChassis_cdt" Offset="(0; 0; -0.08)">

                                  </ExtraParent>
                                  <ExtraParent Frame="BoneChassis_cdt" Offset="(0; 0; 0.08)">

                                  </ExtraParent>
                                <AddonsShift Offset="(-0.2; 0; 0)" Types="VoronAE4380WheelAddon">

                                </AddonsShift>
                              </Socket>
                              <Socket ParentFrame="BoneChassis_cdt" Offset="(-2.741; 1.156; 0)" Names="FrameAddonTank">
                                <AddonsShift Offset="(-0.5; 0; 0)" Types="VoronAE4380WheelAddon">

                                </AddonsShift>
                              </Socket>
                              <Socket Offset="(-2.9; 1.261; 0)" ParentFrame="BoneChassis_cdt" NamesBlock="MinicraneRU, MetalDetector, VoronAE4380WheelAddon" Names="BigCraneRu">
                                  <ExtraParent Frame="BoneChassis_cdt" Offset="(0; -0.1; 0)">

                                  </ExtraParent>
                                  <ExtraParent Frame="BoneChassis_cdt" Offset="(0; -0.1; 0)">

                                  </ExtraParent>
                              </Socket>
                          </AddonSockets>
                          <AddonSockets>
                              <Socket Offset="(-1.014; 0.104; 0)" ParentFrame="BoneChassis_cdt" NamesBlock="SemitrailerOiltank, FrameAddonKung, FrameAddonTank, FrameAddon, SaddleHigh, FrameAddonTow" Names="MetalDetector">

                              </Socket>
                              <Socket Offset="(0.25; 1.156; 0)" NamesBlock="FrameAddonKung, FrameAddonTank" Names="MinicraneRU">
                                  <ExtraParent Frame="BoneChassis_cdt" Offset="(0; 0; 0.01)">

                                  </ExtraParent>
                                  <ExtraParent Frame="BoneChassis_cdt" Offset="(0; 0; -0.01)">

                                  </ExtraParent>
                                <AddonsShift Offset="(-0.35; 0; 0)" Types="VoronAE4380WheelAddon">

                                </AddonsShift>
                              </Socket>
                          </AddonSockets>
                          <AddonSockets DefaultAddon="voron_ae4380_bumper_default">
                            <Socket ParentFrame="BoneCabin_cdt" Names="VoronAE4380Bumper">

                            </Socket>
                          </AddonSockets>
                          <AddonSockets DefaultAddon="voron_ae4380_exhaust_default">
                              <Socket ParentFrame="BoneChassis_cdt" Names="VoronAE4380ExhaustDefault">
                                <ExtraParent Frame="BoneCabin_cdt">

                                </ExtraParent>
                              </Socket>
                              <Socket ParentFrame="BoneCabinDamper_cdt" Names="VoronAE4380Exhaust">
                                  <ExtraParent Frame="BoneCabin_cdt">

                                  </ExtraParent>
                                  <ExtraParent Frame="BoneChassis_cdt">

                                  </ExtraParent>
                              </Socket>
                          </AddonSockets>
                          <AddonSockets>
                            <Socket ParentFrame="BoneCabinDamper_cdt" Names="VoronAE4380Searchlight">

                            </Socket>
                          </AddonSockets>
                          <AddonSockets>
                              <Socket ParentFrame="BoneCabinDamper_cdt" NamesBlock="VoronAE4380Visor" Names="VoronAE4380Snorkel">

                              </Socket>
                              <Socket ParentFrame="BoneCabinDamper_cdt" Names="VoronAE4380Snorkel2">

                              </Socket>
                          </AddonSockets>
                          <AddonSockets>
                              <Socket ParentFrame="BoneCabinDamper_cdt" Names="VoronAE4380Spotlight1">

                              </Socket>
                              <Socket ParentFrame="BoneCabinDamper_cdt" NamesBlock="VoronAE4380Conditioner, VoronAE4380Beacon" Names="VoronAE4380Spotlight2">

                              </Socket>
                          </AddonSockets>
                          <AddonSockets>
                            <Socket ParentFrame="BoneCabinDamper_cdt" Names="VoronAE4380Beacon">

                            </Socket>
                          </AddonSockets>
                          <AddonSockets>
                            <Socket ParentFrame="BoneCabinDamper_cdt" Names="VoronAE4380Conditioner">

                            </Socket>
                          </AddonSockets>
                          <AddonSockets>
                            <Socket ParentFrame="BoneCabinDamper_cdt" Names="VoronAE4380Horn">

                            </Socket>
                          </AddonSockets>
                          <AddonSockets>
                            <Socket ParentFrame="BoneCabinDamper_cdt" Names="VoronAE4380Visor">

                            </Socket>
                          </AddonSockets>
                          <AddonSockets>
                            <Socket Offset="(1.905; 2.102; -0.043)" ParentFrame="BoneCabinDamper_cdt" Names="StuffDashboard" InCockpit="true">

                            </Socket>
                          </AddonSockets>
                          <AddonSockets>
                            <Socket Offset="(1.799; 2.493; 0)" ParentFrame="BoneCabinDamper_cdt" Names="StuffAirfreshener" InCockpit="true">

                            </Socket>
                          </AddonSockets>
                          <AddonSockets>
                            <Socket ParentFrame="BoneCabinDamper_cdt" Names="voronAe4380Sticker_1x1_01" InCockpit="true">

                            </Socket>
                          </AddonSockets>
                          <AddonSockets>
                            <Socket ParentFrame="BoneCabinDamper_cdt" Names="voronAe4380Sticker_1x1_02" InCockpit="true">

                            </Socket>
                          </AddonSockets>
                          <AddonSockets>
                            <Socket ParentFrame="BoneCabinDamper_cdt" Names="voronAe4380Sticker_1x1_03" InCockpit="true">

                            </Socket>
                          </AddonSockets>
                          <AddonSockets>
                            <Socket ParentFrame="BoneCabinDamper_cdt" Names="voronAe4380Sticker_1x1_04" InCockpit="true">

                            </Socket>
                          </AddonSockets>
                          <AddonSockets>
                            <Socket ParentFrame="BoneCabinDamper_cdt" Names="voronAe4380Sticker_1x2_01" InCockpit="true">

                            </Socket>
                          </AddonSockets>
                          <AddonSockets>
                            <Socket ParentFrame="BoneCabinDamper_cdt" Names="voronAe4380Sticker_1x4_01" InCockpit="true">

                            </Socket>
                          </AddonSockets>
                          <AddonSockets>
                            <Socket ParentFrame="BoneCabinDamper_cdt" Names="voronAe4380Sticker_GlassTop" InCockpit="true">

                            </Socket>
                          </AddonSockets>
                          <AddonSockets>
                            <Socket ParentFrame="BoneCabinDamper_cdt" Names="voronAe4380Sticker_GlassBottom" InCockpit="true">

                            </Socket>
                          </AddonSockets>
                          <AddonSockets>
                            <Socket ParentFrame="BoneCabinDamper_cdt" Names="voronAe4380Sticker_Door_L">

                            </Socket>
                          </AddonSockets>
                          <AddonSockets>
                            <Socket ParentFrame="BoneCabinDamper_cdt" Names="voronAe4380Sticker_Door_R">

                            </Socket>
                          </AddonSockets>
                          <AddonSockets>
                            <Socket ParentFrame="BoneCabinDamper_cdt" Names="voronAe4380Sticker_Capote">

                            </Socket>
                          </AddonSockets>
                          <AddonSockets>
                            <Socket ParentFrame="BoneCabinDamper_cdt" Names="voronAe4380Sticker_Roof">

                            </Socket>
                          </AddonSockets>
                          <AddonSockets>
                            <Socket ParentFrame="BoneCabinDamper_cdt" Names="StuffHoodVoronAE4380">

                            </Socket>
                          </AddonSockets>
                    <CustomizationCameras>
                                <CameraPos Interior="true" Position="(6.651; 4.868; -0.294)" Name="roof_sticker" InterestPosition="(4.185; 0.732; -0.587)" FOV="32.0">

                                </CameraPos>
                                <CameraPos Interior="true" Position="(4.987; 2.435; -0.335)" Name="sticker_1" InterestPosition="(7.805; 3.088; 2.145)" FOV="32.0">

                                </CameraPos>
                                <CameraPos MaxZoom="2" MaxYRotation="360" Position="(-7.265; 3.31; 8.244)" MaxXRotation="360" Name="addon_1" InterestPosition="(0.697; 1.869; 0)" FOV="32.0">

                                </CameraPos>
                                <CameraPos MaxZoom="2" MaxYRotation="360" Position="(-8.093; 2.337; -6.718)" MaxXRotation="360" Name="addon_2" InterestPosition="(3.194; 1.807; 0)" FOV="32.0">

                                </CameraPos>
                                <CameraPos Interior="true" Position="(4.63; 2.617; -0.765)" Name="mirror_mount" InterestPosition="(7.736; 1.436; 2.408)" FOV="32.0">

                                </CameraPos>
                                <CameraPos MaxZoom="2" MaxYRotation="360" Position="(0.756; 3.745; 3.905)" MaxXRotation="360" Name="side_r" InterestPosition="(5.477; 1.429; -0)" FOV="32.0">

                                </CameraPos>
                                <CameraPos Interior="true" Position="(4.775; 2.423; -0.212)" Name="sticker" InterestPosition="(7.805; 0.816; 2.536)" FOV="32.0">

                                </CameraPos>
                                <CameraPos Interior="true" Position="(8.33; 3.012; 0.726)" Name="glass_sticker" InterestPosition="(4.403; 1.987; -1.078)" FOV="32.0">

                                </CameraPos>
                                <CameraPos Interior="true" Position="(3.982; 1.798; 2.918)" Name="door_r_sticker" InterestPosition="(6.963; 1.244; 0)" FOV="32.0">

                                </CameraPos>
                                <CameraPos MaxZoom="2" MaxYRotation="360" Position="(9.83; 4.253; -2.466)" MaxXRotation="360" Name="roof" InterestPosition="(5.149; 1.833; -0)" FOV="32.0">

                                </CameraPos>
                                <CameraPos Interior="true" Position="(8.454; 4.353; -0.274)" Name="capote_sticker" InterestPosition="(6.452; 0.918; -0.776)" FOV="32.0">

                                </CameraPos>
                                <CameraPos MaxZoom="2" MaxYRotation="360" Position="(12.823; 1.44; -4.73)" MaxXRotation="360" Name="hoods" InterestPosition="(5.275; 1.623; 0)" FOV="32.0">

                                </CameraPos>
                                <CameraPos Interior="true" Position="(5.221; 1.595; 0.03)" Name="sticker_2" InterestPosition="(6.662; 0.61; 1.935)" FOV="32.0">

                                </CameraPos>
                                <CameraPos MaxZoom="2" MaxYRotation="360" Position="(9.507; 3.746; 3.761)" MaxXRotation="360" Name="side_l" InterestPosition="(5.663; 1.86; 0)" FOV="32.0">

                                </CameraPos>
                                <CameraPos Interior="true" Position="(4.987; 2.435; -0.335)" Name="bubble_head" InterestPosition="(7.805; 1.192; 2.145)" FOV="32.0">

                                </CameraPos>
                                <CameraPos MaxZoom="2" MaxYRotation="360" Position="(-4.539; 2.191; -5.755)" MaxXRotation="360" Name="wheels" InterestPosition="(4.756; 1.133; -0)" FOV="32.0">

                                </CameraPos>
                                <CameraPos MaxZoom="2" MaxYRotation="360" Position="(12.823; 1.44; -4.73)" MaxXRotation="360" Name="default" InterestPosition="(5.275; 1.623; 0)" FOV="32.0">

                                </CameraPos>
                                <CameraPos MaxZoom="2" MaxYRotation="360" Position="(0.811; 3.681; 4.794)" MaxXRotation="360" Name="rear" InterestPosition="(4.777; 1.589; 0)" FOV="32.0">

                                </CameraPos>
                                <CameraPos Interior="true" Position="(4.025; 1.632; -3.076)" Name="door_l_sticker" InterestPosition="(4.739; 1.444; 0)" FOV="32.0">

                                </CameraPos>
                                <CameraPos Interior="true" Position="(8.557; 2.314; -1.334)" Name="hood_ornament" InterestPosition="(7.506; 1.998; -1.334)" FOV="32.0">

                                </CameraPos>
                    </CustomizationCameras>
                              <WinchSocket Pos="(3.638; 1.219; -0.509)" ParentFrame="BoneCabin_cdt">

                              </WinchSocket>
                              <WinchSocket Pos="(3.638; 1.219; 0.509)" ParentFrame="BoneCabin_cdt">

                              </WinchSocket>
                              <WinchSocket Pos="(-1.271; 1.03; -0.368)">

                              </WinchSocket>
                              <WinchSocket Pos="(-1.271; 1.03; 0.368)">

                              </WinchSocket>
                              <WinchSocket Pos="(-4.802; 1.002; -0.366)">

                              </WinchSocket>
                              <WinchSocket Pos="(-4.802; 1.002; 0.366)">

                              </WinchSocket>
                              <WinchSocket Pos="(2.656; 0.562; 0.153)">

                              </WinchSocket>
      </GameData>
      <Landmark MaxScale="3.8" MinScale="1.8" Mesh="landmarks/voron_ae4380_lmk">

      </Landmark>
      <AutomaticIK>
                          <IKBone ModelFrame="BoneTieRodHinge2" ParentFrame="BoneTieRod_cdt">
                            <IKJoint AxisLocal="(1; 0; 0)" Type="Hinge2">

                            </IKJoint>
                            <IKBone AttachOffset="(0; 0; 0)" ModelFrame="BoneTieRodPrismatic" AttachToFrame="BoneRackL">
                                  <IKJoint AxisLocal="(0; 0; 1)" Type="Slider">

                                  </IKJoint>
                            </IKBone>
                          </IKBone>
                          <IKBone ModelFrame="BonePistonBase" ParentFrame="BoneCabin_cdt">
                            <IKJoint AxisLocal="(1; 0; 0)" Type="Hinge2">

                            </IKJoint>
                            <IKBone AttachOffset="(0; 0; 0)" ModelFrame="BonePiston" AttachToFrame="BoneRackL">
                                  <IKJoint AxisLocal="(1; 0; 0)" Type="Slider">

                                  </IKJoint>
                            </IKBone>
                          </IKBone>
      </AutomaticIK>
  </Truck>
  <_templates Include="trucks">
        <Body>
            <Mudguard Mass="10">
                <Constraint AxisLocal="(0; 0; 1)" MaxLimit="35" MinLimit="-65" Type="Hinge">
                    <Motor Type="Spring" Spring="10" Damping="1">

                    </Motor>
                </Constraint>
            </Mudguard>
            <SunShield Mass="2" Collisions="None">
                  <Constraint AxisLocal="(0; 0; 1)" MaxLimit="11" MinLimit="-1" Type="Hinge">
                      <Motor Type="Spring" Spring="30" Damping="0.03">

                      </Motor>
                  </Constraint>
            </SunShield>
        </Body>
        <Wheel>
              <FrontWheel ParentFrame="BoneCabin_cdt" SteeringCastor="8" Torque="default" Location="front" SteeringAngle="30">

              </FrontWheel>
              <RearWheel Location="rear" ParentFrame="BoneSuspension_cdt" Torque="default" ConnectedToHandbrake="true">

              </RearWheel>
        </Wheel>
        <Flare>
                <IgnitionSignalOrange ColorMultAtDay="0.6" DirAngle="180" Size="0.1" Dir="(0; 1; 0)" Color="g(255; 140; 0) x 0.4" AspectRatio="1.4">

                </IgnitionSignalOrange>
        </Flare>
  </_templates>