  <Truck>
      <ControlledConstraints>
            <Constraint Name="TieRodSteerR" IsLinkedSteering="true" Id="chassis_steer">

            </Constraint>
            <Constraint Name="TieRodSteerL" IsLinkedSteering="true" Id="chassis_steer">

            </Constraint>
            <Constraint Name="TieRodSteerR1" IsLinkedSteering="true" Id="chassis_steer">

            </Constraint>
            <Constraint Name="TieRodSteerL1" IsLinkedSteering="true" Id="chassis_steer">

            </Constraint>
      </ControlledConstraints>
      <PhysicsModel Mesh="trucks/ws_6900xd_twin">
            <NetSync Legacy="false">

            </NetSync>
            <Body ModelFrame="BoneChassis_cdt" ImpactType="Truck" Mass="10200" NetSync="pv" CenterOfMassOffset="(0; 0; 0)">
                    <Body Mass="2" Collisions="None" ModelFrame="BoneCord1_cdt">
                      <Constraint AxisLocal="(0; 0; 1)" MaxLimit="1.0" MinLimit="-0.1" Type="Prismatic">
                          <Motor Type="Spring" Spring="1.0" Damping="25">

                          </Motor>
                      </Constraint>
                    </Body>
                    <Body Mass="2" Collisions="None" ModelFrame="BoneCord2_cdt">
                      <Constraint AxisLocal="(0; 0; 1)" MaxLimit="0.4" MinLimit="-1.2" Type="Prismatic">
                          <Motor Type="Spring" Spring="1.0" Damping="25">

                          </Motor>
                      </Constraint>
                    </Body>
                    <Body ModelFrame="BoneLeftMudguard_cdt" _template="Mudguard">
                      <Constraint AxisLocal="(0; 0; 1)" MaxLimit="5" MinLimit="-45">
                          <Motor Type="Spring" Spring="30" Damping="0">

                          </Motor>
                      </Constraint>
                      <Body ModelFrame="BoneLeftMudguard2_cdt" _template="Mudguard">
                            <Constraint AxisLocal="(0; 0; 1)" MaxLimit="9" MinLimit="-35">
                                <Motor Type="Spring" Spring="10" Damping="0">

                                </Motor>
                            </Constraint>
                      </Body>
                    </Body>
                    <Body AngularDamping="1.0" _template="Mudguard" ModelFrame="BoneRightMudguard_cdt">
                      <Constraint AxisLocal="(0; 0; 1)" MaxLimit="5" MinLimit="-45">
                          <Motor Type="Spring" Spring="5" Damping="0">

                          </Motor>
                      </Constraint>
                      <Body ModelFrame="BoneRightMudguard2_cdt" _template="Mudguard">
                            <Constraint AxisLocal="(0; 0; 1)" MaxLimit="9" MinLimit="-35">
                                <Motor Type="Spring" Spring="10" Damping="0">

                                </Motor>
                            </Constraint>
                      </Body>
                    </Body>
                    <Body ModelFrame="BoneRightMudguard3_cdt" _template="Mudguard">
                      <Constraint AxisLocal="(0; 0; 1)" MaxLimit="45" MinLimit="-30">
                          <Motor Type="Spring" Spring="30" Damping="0">

                          </Motor>
                      </Constraint>
                    </Body>
                    <Body ModelFrame="BoneLeftMudguard3_cdt" _template="Mudguard">
                      <Constraint AxisLocal="(0; 0; 1)" MaxLimit="45" MinLimit="-30">
                          <Motor Type="Spring" Spring="30" Damping="0">

                          </Motor>
                      </Constraint>
                    </Body>
                    <Body ModelFrame="BoneFlapLeft1_cdt" _template="Mudguard">
                      <Constraint AxisLocal="(1; 0; 0)" MaxLimit="6" MinLimit="-35">

                      </Constraint>
                    </Body>
                    <Body ModelFrame="BoneFlapLeft2_cdt" _template="Mudguard">
                      <Constraint AxisLocal="(1; 0; 0)" MaxLimit="5" MinLimit="-25">

                      </Constraint>
                    </Body>
                    <Body ModelFrame="BoneFlapLeft3_cdt" _template="Mudguard">
                      <Constraint AxisLocal="(1; 0; 0)" MaxLimit="7" MinLimit="-30">

                      </Constraint>
                    </Body>
                    <Body ModelFrame="BoneFlapRight1_cdt" _template="Mudguard">
                      <Constraint AxisLocal="(-1; 0; 0)" MaxLimit="5" MinLimit="-40">

                      </Constraint>
                    </Body>
                    <Body ModelFrame="BoneFlapRight2_cdt" _template="Mudguard">
                      <Constraint AxisLocal="(-1; 0; 0)" MaxLimit="7" MinLimit="-27">

                      </Constraint>
                    </Body>
                    <Body ModelFrame="BoneFlapRight3_cdt" _template="Mudguard">
                      <Constraint AxisLocal="(-1; 0; 0)" MaxLimit="6" MinLimit="-33">

                      </Constraint>
                    </Body>
                    <Body ModelFrame="BoneFlapRight4_cdt" _template="Mudguard">
                      <Constraint AxisLocal="(-1; 0; 0)" MaxLimit="9" MinLimit="-38">

                      </Constraint>
                    </Body>
                    <Body ModelFrame="BoneFlapRight5_cdt" _template="Mudguard">
                      <Constraint AxisLocal="(-1; 0; 0)" MaxLimit="6" MinLimit="-25">

                      </Constraint>
                    </Body>
                    <Body ModelFrame="BoneChassis1_cdt" _template="Twist" NetSync="pv">
                      <Body ModelFrame="BoneChassis2_cdt" _template="Twist" NetSync="pv">
                          <Body ModelFrame="BoneCabin_cdt" NetSync="pv" _template="Twist" CenterOfMassOffset="(0.467; -0.3; 0)">
                                <Body ModelFrame="BoneRightMudguard4_cdt" _template="Mudguard">
                                  <Constraint AxisLocal="(0; 0; 1)" MaxLimit="17" MinLimit="-3">
                                      <Motor Type="Spring" Spring="30" Damping="0">

                                      </Motor>
                                  </Constraint>
                                </Body>
                                <Body ModelFrame="BoneLeftMudguard4_cdt" _template="Mudguard">
                                  <Constraint AxisLocal="(0; 0; 1)" MaxLimit="17" MinLimit="-3">
                                      <Motor Type="Spring" Spring="30" Damping="0">

                                      </Motor>
                                  </Constraint>
                                </Body>
                                <Body ModelFrame="BoneRightMudguard5_cdt" _template="Mudguard">
                                  <Constraint AxisLocal="(0; 0; 1)" MaxLimit="50" MinLimit="-50">
                                      <Motor Type="Spring" Spring="30" Damping="0">

                                      </Motor>
                                  </Constraint>
                                </Body>
                                <Body ModelFrame="BoneLeftMudguard5_cdt" _template="Mudguard">
                                  <Constraint AxisLocal="(0; 0; 1)" MaxLimit="50" MinLimit="-50">
                                      <Motor Type="Spring" Spring="30" Damping="0">

                                      </Motor>
                                  </Constraint>
                                </Body>
                                <Body ModelFrame="BoneSunshieldLeft_cdt" _template="SunShield">

                                </Body>
                                <Body ModelFrame="BoneSunshieldRight_cdt" _template="SunShield">

                                </Body>
                                <Body ModelFrame="BoneTieRod_Hinge_R" _template="TieRod">
                                  <Constraint Name="TieRodSteerR">

                                  </Constraint>
                                </Body>
                                <Body ModelFrame="BoneTieRod_Hinge_L" _template="TieRod">
                                  <Constraint AxisLocal="(0; 0; -1)" Name="TieRodSteerL">

                                  </Constraint>
                                </Body>
                                <Body ModelFrame="BoneTieRod_Hinge_L1" _template="TieRod">
                                  <Constraint AxisLocal="(0; 0; -1)" Name="TieRodSteerL1">

                                  </Constraint>
                                </Body>
                                <Body ModelFrame="BoneTieRod_Hinge_R1" _template="TieRod">
                                  <Constraint Name="TieRodSteerR1">

                                  </Constraint>
                                </Body>
                                <Body ModelFrame="BoneMirrorLeft_cdt" _template="SideMirror">

                                </Body>
                                <Body ModelFrame="BoneMirrorRight_cdt" _template="SideMirror">

                                </Body>
                                <Body Mass="0.2" ModelFrame="BoneKeyFob_cdt">
                                  <Constraint AxisLocal="(1; 0; 0)" MaxLimit="50" MinLimit="-50" PivotOffset="(0; 0; 0)" Type="Hinge">
                                      <Motor Type="Spring" Spring=".001" Damping="0.001">

                                      </Motor>
                                  </Constraint>
                                </Body>
                                <Body Mass="1" ModelFrame="BoneRadioWireHinge_cdt">
                                  <Constraint AxisLocal="(0; 0; 1)" MaxLimit="25" MinLimit="-40" Type="Hinge">
                                      <Motor Type="Spring" Spring=".0001" Damping="0.001">

                                      </Motor>
                                  </Constraint>
                                  <Body Mass="0.02" ModelFrame="BoneRadioWirePrismatic_cdt">
                                        <Constraint AxisLocal="(0; 1; 0)" MaxLimit="0.1" MinLimit="-0.1" Type="Prismatic">
                                            <Motor Type="Spring" Spring="5" Damping="0.1">

                                            </Motor>
                                        </Constraint>
                                  </Body>
                                </Body>
                                <Body Mass="5" ModelFrame="BoneSeat_cdt">
                                  <Constraint AxisLocal="(0; 1; 0)" MaxLimit="0.1" MinLimit="-0.2" Type="Prismatic">
                                      <Motor Type="Spring" Spring="2000" Damping="100">

                                      </Motor>
                                  </Constraint>
                                </Body>
                          </Body>
                      </Body>
                    </Body>
            </Body>
      </PhysicsModel>
      <TruckData BackSteerSpeed="0.016" DiffLockType="Installed" EngineIconScale="1.5" TruckType="HEAVY" FuelCapacity="1514" EngineStartDelay="3.2" SteerSpeed="0.024" ExhaustStartTime="2.8" Responsiveness="0.15" TruckImage="ws6900tweeensteermchr" EngineIconMesh="env/engine_big">
                <Steam Origin="(3.886; 1.856; 0)">

                </Steam>
                <Steam ParentFrame="BoneCabin_cdt" Scale="0.7" Origin="(5.79; 1.189; 0)">

                </Steam>
              <Intake Size="0.8" Dir="(1; 0; 0)" Origin="(7.534; 1.877; 0)">

              </Intake>
              <GearboxSocket Default="g_truck_default" Type="gearboxes_trucks">

              </GearboxSocket>
              <Wheels DefaultRim="rim_1" DefaultWheelType="wheels_heavy_single" DefaultTire="allterrain_1">
                          <Wheel Pos="(6.184; 0.658; 1.164)" _template="FirstAxle">

                          </Wheel>
                          <Wheel Pos="(6.184; 0.658; 1.164)" _template="FirstAxle" RightSide="true">

                          </Wheel>
                          <Wheel Pos="(4.355; 0.658; 1.164)" _template="SecondAxle">

                          </Wheel>
                          <Wheel Pos="(4.355; 0.658; 1.164)" _template="SecondAxle" RightSide="true">

                          </Wheel>
                          <Wheel Pos="(-5.334; 0.658; 1.055)" _template="RearAxle">

                          </Wheel>
                          <Wheel Pos="(-5.334; 0.658; 1.055)" _template="RearAxle" RightSide="true">

                          </Wheel>
                          <Wheel Pos="(-6.985; 0.658; 1.055)" _template="RearAxle">

                          </Wheel>
                          <Wheel Pos="(-6.985; 0.658; 1.055)" _template="RearAxle" RightSide="true">

                          </Wheel>
              </Wheels>
              <WinchUpgradeSocket Default="w_heavy_trucks_default" Type="winches_heavy_trucks" IsUpgradable="true">

              </WinchUpgradeSocket>
              <SteeringWheel Frame="BoneSteering">

              </SteeringWheel>
              <Damage>
                                <DamageArea Max="(7.5; 2.5; 0.8)" ParentFrame="BoneCabin_cdt" Min="(5.5; 1; -0.8)" Type="Engine">

                                </DamageArea>
                                <DamageArea Max="(1.8; 1.6; 1.4)" ParentFrame="BoneChassis_cdt" Min="(-3.75; 0.65; -1.4)" Type="FuelTank">

                                </DamageArea>
              </Damage>
                              <LimitedFluid RadiusY="0.39" Center="(0.995; 1.23; -0.891)" RadiusZ="0.39" LengthX="1.59" Type="Cylinder">

                              </LimitedFluid>
                              <LimitedFluid RadiusY="0.39" Center="(-2.596; 1.23; -0.891)" RadiusZ="0.39" LengthX="2.215" Type="Cylinder">

                              </LimitedFluid>
                              <LimitedFluid RadiusY="0.39" Center="(-2.596; 1.23; 0.891)" RadiusZ="0.39" LengthX="2.215" Type="Cylinder">

                              </LimitedFluid>
              <EngineSocket Default="us_special_engine_0" Type="e_us_special">

              </EngineSocket>
              <SoundsDamage _template="Heavy">

              </SoundsDamage>
              <Camera RadiusMultiplier="1.4" Center="(-2; 0; 0)" ParentFrame="BoneCabin_cdt">
                                      <Cockpit WindshieldShadingTexture="trucks/ws_6900_twinsteer_glass__sh_d.tga" WindshieldDiffuseTexture="trucks/ws_6900_twinsteer_glass__d_a.tga" ViewPos="(4.635; 2.942; 0.497)" _template="Default">
                                            <Mirror Pos="(5.111; 2.89; 1.389)" MeshFrame="mirror_left" FOVScale="1.9" Size="(0.16; 0.46)" ReflectionDir="(-0.895; 0; -0.445)" ClipDir="(-0.895; 0; -0.445)" ClipOffset=".2">
                                              <SecondaryView Pos="(5.04; 2.525; 1.35)" MeshFrame="mirror_left_convex" FOVScale="1.4" Size="(0.185; 0.185)" CurveAngle="7" ClipDir="(-0.895; 0; -0.445)" ClipOffset=".1">

                                              </SecondaryView>
                                            </Mirror>
                                            <Mirror Pos="(5.112; 2.89; -1.386)" MeshFrame="mirror_right" FOVScale="2.5" Size="(0.16; 0.46)" ReflectionDir="(-0.808; -0; 0.590)" ClipDir="(-0.808; -0; 0.590)" ClipOffset=".2">
                                              <SecondaryView Pos="(5.04; 2.525; -1.332)" MeshFrame="mirror_right_convex" FOVScale="1.6" Size="(0.185; 0.185)" CurveAngle="7" ClipDir="(-0.808; -0; 0.590)" ClipOffset=".1">

                                              </SecondaryView>
                                            </Mirror>
                                          <Rear ViewPosOffset="(0.15; -0.1; 0.7)">

                                          </Rear>
                                      </Cockpit>
              </Camera>
              <Shafts>
                                        <Shaft SocketPointA="ShaftWheel2WheelA" SocketPointB="ShaftWheel2WheelB">

                                        </Shaft>
              </Shafts>
              <FuelTank DamageCapacity="100">

              </FuelTank>
              <SoundsWheels _template="Default">

              </SoundsWheels>
              <SuspensionSocket Default="ws_6900xd_twin_suspension_default" MaxWheelRadiusWithoutSuspension="0.6" Type="s_ws_6900xd_twin">

              </SuspensionSocket>
              <Axles>
                                                  <Axle Frame="BoneAxle1">

                                                  </Axle>
                                                  <Axle Frame="BoneAxle2">

                                                  </Axle>
                                                  <Axle Frame="BoneAxle3">

                                                  </Axle>
                                                  <Axle Frame="BoneAxle4">

                                                  </Axle>
              </Axles>
                                                <CompatibleWheels Scale="0.7" Type="wheels_heavy_single">

                                                </CompatibleWheels>
                                                <CompatibleWheels Scale="0.8" Type="wheels_heavy_single">

                                                </CompatibleWheels>
                                                <CompatibleWheels Type="wheels_heavy_double1" Scale="0.7" OffsetZ="-0.1">

                                                </CompatibleWheels>
                                                <CompatibleWheels Type="wheels_heavy_double2" Scale="0.7" OffsetZ="-0.01">

                                                </CompatibleWheels>
              <Sounds _template="Default" DisableReversePitch="true" Origin="(5.9; 2.05; 0)" MinDist="15.0">
                                                    <EngineHigh Sound="trucks/ws_6900xd_twin/ws_6900xd_twin_high">

                                                    </EngineHigh>
                                                    <AbruptStop Sound="trucks/common/truck_swing_big_rnd_set/truck_swing_big_rnd">

                                                    </AbruptStop>
                                                    <HandbrakeOff Sound="trucks/ws_6900xd_twin/ws_6900xd_twin_handbrake_off">

                                                    </HandbrakeOff>
                                                    <Honk Sound="trucks/ws_6900xd_twin/ws_6900xd_twin_honk">

                                                    </Honk>
                                                    <EngineTrans Sound="trucks/common/truck_trans_forward_loop">

                                                    </EngineTrans>
                                                    <EngineLow_2d IsSound2D="true" Sound="trucks/ws_6900xd_twin/ws_6900xd_twin_low_2d">

                                                    </EngineLow_2d>
                                                    <EngineHeavy_2d IsSound2D="true" Sound="trucks/ws_6900xd_twin/ws_6900xd_twin_heavy_2d">

                                                    </EngineHeavy_2d>
                                                    <EngineHeavy Sound="trucks/ws_6900xd_twin/ws_6900xd_twin_heavy">

                                                    </EngineHeavy>
                                                    <BrakeRelease Sound="trucks/ws_6900xd_twin/ws_6900xd_twin_brake_release">

                                                    </BrakeRelease>
                                                    <EngineHigh_2d IsSound2D="true" Sound="trucks/ws_6900xd_twin/ws_6900xd_twin_high_2d">

                                                    </EngineHigh_2d>
                                                    <EngineLow Sound="trucks/ws_6900xd_twin/ws_6900xd_twin_low">

                                                    </EngineLow>
                                                    <EngineIdle_2d IsSound2D="true" Sound="trucks/ws_6900xd_twin/ws_6900xd_twin_idle_2d">

                                                    </EngineIdle_2d>
                                                    <EngineStop Sound="trucks/ws_6900xd_twin/ws_6900xd_twin_stop">

                                                    </EngineStop>
                                                    <EngineIdle Sound="trucks/ws_6900xd_twin/ws_6900xd_twin_idle">

                                                    </EngineIdle>
                                                    <Reverse Sound="trucks/ws_6900xd_twin/ws_6900xd_twin_back_beeper">

                                                    </Reverse>
                                                    <EngineStart Sound="trucks/ws_6900xd_twin/ws_6900xd_twin_start">

                                                    </EngineStart>
                                                    <EngineRev Sound="trucks/ws_6900xd_twin/ws_6900xd_twin_rev">

                                                    </EngineRev>
                                                    <EngineAccel Sound="trucks/ws_6900xd_twin/ws_6900xd_twin_acc">

                                                    </EngineAccel>
                                                    <Handbrake Sound="trucks/ws_6900xd_twin/ws_6900xd_twin_handbrake_on">

                                                    </Handbrake>
              </Sounds>
              <Driver SteeringWheelPos="(5.103; 2.594; 0.501)" Pos="(4.704; 2.255; 0.497)" ParentFrame="BoneSeat_cdt" AnimationSet="HeavyTruck">

              </Driver>
              <Dashboard>
                                                          <Gauge Mesh="trucks/arrows/ws_6900xd_twin_arrow_01" Org="(5.3; 2.46; 0.823)" OutputAngles="(-50;-5)" InputType="engineEnabled" Dir="(-0.879; 0.39; -0.274)" InputRange="(0;1)" Damping="0.9">

                                                          </Gauge>
                                                          <Gauge Mesh="trucks/arrows/ws_6900xd_twin_arrow_01" Org="(5.265; 2.381; 0.822)" OutputAngles="(-50;10)" InputType="engineEnabled" Dir="(-0.879; 0.39; -0.274)" InputRange="(0;1)" Damping="0.9">

                                                          </Gauge>
                                                          <Gauge Mesh="trucks/arrows/ws_6900xd_twin_arrow_01" Org="(5.334; 2.49; 0.759)" OutputAngles="(-50;0)" InputType="engineEnabled" Dir="(-0.879; 0.39; -0.274)" InputRange="(0;1)" Damping="0.9">

                                                          </Gauge>
                                                          <Gauge Mesh="trucks/arrows/ws_6900xd_twin_arrow_01" Org="(5.3; 2.413; 0.756)" OutputAngles="(-50;0)" InputType="engineEnabled" Dir="(-0.879; 0.39; -0.274)" InputRange="(0;1)" Damping="0.9994">

                                                          </Gauge>
                                                          <Gauge Mesh="trucks/arrows/ws_6900xd_twin_arrow_01" Org="(5.265; 2.335; 0.757)" OutputAngles="(-50;5)" InputType="engineEnabled" Dir="(-0.879; 0.39; -0.274)" InputRange="(0;1)" Damping="0.9996">

                                                          </Gauge>
                                                          <Gauge Mesh="trucks/arrows/ws_6900xd_twin_arrow_01" Org="(5.362; 2.523; 0.679)" OutputAngles="(-50;50)" InputType="fuel" Dir="(-0.913; 0.409; 0)" InputRange="(0;1)" Damping="0.9">

                                                          </Gauge>
                                                          <Gauge Mesh="trucks/arrows/ws_6900xd_twin_arrow_01" Org="(5.329; 2.451; 0.679)" OutputAngles="(-50;-5)" InputType="engineEnabled" Dir="(-0.913; 0.409; 0)" InputRange="(0;1)" Damping="0.9993">

                                                          </Gauge>
                                                          <Gauge Mesh="trucks/arrows/ws_6900xd_twin_arrow_01" Org="(5.297; 2.378; 0.679)" OutputAngles="(-50;140)" InputType="rpm" Dir="(-0.913; 0.409; 0)" InputRange="(0.2;1)" Damping="0.9">

                                                          </Gauge>
                                                          <Gauge Mesh="trucks/arrows/ws_6900xd_twin_arrow_02" Org="(5.348; 2.502; 0.582)" OutputAngles="(-120;120)" InputType="rpm" Dir="(-0.913; 0.409; 0)" InputRange="(0;1)" Damping="0.9">

                                                          </Gauge>
                                                          <Gauge Mesh="trucks/arrows/ws_6900xd_twin_arrow_02" Org="(5.348; 2.502; 0.449)" OutputAngles="(-120;120)" InputType="speed" Dir="(-0.913; 0.409; 0)" InputRange="(0;160)" Damping="0.9">

                                                          </Gauge>
                                                          <Gauge Mesh="trucks/arrows/ws_6900xd_twin_arrow_01" Org="(5.364; 2.528; 0.355)" OutputAngles="(-40;20)" InputType="engineEnabled" Dir="(-0.913; 0.409; 0)" InputRange="(0;1)" Damping="0.9">

                                                          </Gauge>
                                                          <Gauge Mesh="trucks/arrows/ws_6900xd_twin_arrow_01" Org="(5.326; 2.443; 0.354)" OutputAngles="(-50;-10)" InputType="engineEnabled" Dir="(-0.913; 0.409; 0)" InputRange="(0;1)" Damping="0.9994">

                                                          </Gauge>
                                                          <Gauge Mesh="trucks/arrows/ws_6900xd_twin_arrow_01" Org="(5.288; 2.358; 0.355)" OutputAngles="(-50;-5)" InputType="engineEnabled" Dir="(-0.913; 0.409; 0)" InputRange="(0;1)" Damping="0.9994">

                                                          </Gauge>
                                                          <Gauge Mesh="trucks/arrows/ws_6900xd_twin_arrow_01" Org="(5.383; 2.57; 0.293)" OutputAngles="(-40;20)" InputType="engineEnabled" Dir="(-0.913; 0.409; 0)" InputRange="(0;1)" Damping="0.9">

                                                          </Gauge>
                                                          <Gauge Mesh="trucks/arrows/ws_6900xd_twin_arrow_01" Org="(5.346; 2.487; 0.293)" OutputAngles="(-50;10)" InputType="engineEnabled" Dir="(-0.913; 0.409; 0)" InputRange="(0;1)" Damping="0.9">

                                                          </Gauge>
                                                          <Gauge Mesh="trucks/arrows/ws_6900xd_twin_arrow_01" Org="(5.307; 2.4; 0.294)" OutputAngles="(-50;0)" InputType="engineEnabled" Dir="(-0.913; 0.409; 0)" InputRange="(0;1)" Damping="0.9994">

                                                          </Gauge>
                                                          <Gauge Mesh="trucks/arrows/ws_6900xd_twin_arrow_01" Org="(5.364; 2.529; 0.23)" OutputAngles="(-50;20)" InputType="engineEnabled" Dir="(-0.913; 0.409; 0)" InputRange="(0;1)" Damping="0.9">

                                                          </Gauge>
                                                          <Gauge Mesh="trucks/arrows/ws_6900xd_twin_arrow_01" Org="(5.326; 2.443; 0.23)" OutputAngles="(-50;20)" InputType="engineEnabled" Dir="(-0.913; 0.409; 0)" InputRange="(0;1)" Damping="0.9">

                                                          </Gauge>
                                                          <Gauge Mesh="trucks/arrows/ws_6900xd_twin_arrow_01" Org="(5.288; 2.359; 0.23)" OutputAngles="(-50;20)" InputType="engineEnabled" Dir="(-0.913; 0.409; 0)" InputRange="(0;1)" Damping="0.9">

                                                          </Gauge>
              </Dashboard>
                                                        <SteeringRack FrameSteerRight="BoneRackR1" Frame="BoneRack1" FrameSteerLeft="BoneRackL1" RackHalfSizeZ="0.835">

                                                        </SteeringRack>
                                                        <SteeringRack FrameSteerRight="BoneRackR2" Frame="BoneRack2" FrameSteerLeft="BoneRackL2" RackHalfSizeZ="0.835">

                                                        </SteeringRack>
              <OcclusionMap MaxX="8.5" HalfSizeZ="2.5" MinX="-9">

              </OcclusionMap>
      </TruckData>
      <ModelAttachments>
                <StopSignals>
                    <Light Pos="(-8.079; 1.21; 0)" _template="StopSignal">

                    </Light>
                        <Flare Size="0.5" _template="StopSignal" Pos="(-7.894; 1.329; -0.319)">

                        </Flare>
                        <Flare Size="0.5" _template="StopSignal" Pos="(-7.894; 1.329; 0.319)">

                        </Flare>
                </StopSignals>
                <Ignition>
                        <Light ParentFrame="BoneCabin_cdt" Pos="(7.361; 1.437; -1.1)" Color="g(255; 205; 145) x 1" _template="IgnitionSignalWhite">

                        </Light>
                        <Light ParentFrame="BoneCabin_cdt" Pos="(7.361; 1.437; 1.1)" Color="g(255; 205; 145) x 1" _template="IgnitionSignalWhite">

                        </Light>
                        <Light Pos="(-8.25; 1.025; 0)" _template="IgnitionSignalRed" Color="g(255; 0; 0) x 1">

                        </Light>
                          <Flare Pos="(3.901; 3.35; 0)" _template="IgnitionSignalRedSmall" ParentFrame="BoneCabin_cdt">

                          </Flare>
                          <Flare Pos="(3.901; 3.35; -0.165)" _template="IgnitionSignalRedSmall" ParentFrame="BoneCabin_cdt">

                          </Flare>
                          <Flare Pos="(3.901; 3.35; 0.165)" _template="IgnitionSignalRedSmall" ParentFrame="BoneCabin_cdt">

                          </Flare>
                          <Flare ParentFrame="BoneCabin_cdt" Size="0.25" Pos="(7.206; 1.437; -0.972)" Color="g(225; 210; 190) x 0.5" _template="IgnitionSignalWhite">

                          </Flare>
                          <Flare ParentFrame="BoneCabin_cdt" Size="0.25" Pos="(7.206; 1.437; 0.972)" Color="g(225; 210; 190) x 0.5" _template="IgnitionSignalWhite">

                          </Flare>
                          <Flare ParentFrame="BoneCabin_cdt" Size="0.25" Pos="(7.206; 1.437; -1.156)" Color="g(235; 210; 185) x 0.5" _template="IgnitionSignalWhite">

                          </Flare>
                          <Flare ParentFrame="BoneCabin_cdt" Size="0.25" Pos="(7.206; 1.437; 1.156)" Color="g(235; 210; 185) x 0.5" _template="IgnitionSignalWhite">

                          </Flare>
                          <Flare ParentFrame="BoneCabin_cdt" Pos="(6.998; 1.593; -1.39)" Dir="(0; 0; -1)" _template="IgnitionSignalOrange">

                          </Flare>
                          <Flare ParentFrame="BoneCabin_cdt" Pos="(6.998; 1.593; 1.39)" Dir="(0; 0; 1)" _template="IgnitionSignalOrange">

                          </Flare>
                          <Flare Pos="(3.906; 3.35; -0.802)" _template="IgnitionSignalRedSmall" ParentFrame="BoneCabin_cdt">

                          </Flare>
                          <Flare Pos="(3.906; 3.349; -0.653)" _template="IgnitionSignalRedSmall" ParentFrame="BoneCabin_cdt">

                          </Flare>
                          <Flare Pos="(3.906; 3.349; -0.505)" _template="IgnitionSignalRedSmall" ParentFrame="BoneCabin_cdt">

                          </Flare>
                          <Flare Pos="(3.906; 3.349; 0.505)" _template="IgnitionSignalRedSmall" ParentFrame="BoneCabin_cdt">

                          </Flare>
                          <Flare Pos="(3.906; 3.349; 0.653)" _template="IgnitionSignalRedSmall" ParentFrame="BoneCabin_cdt">

                          </Flare>
                          <Flare Pos="(3.906; 3.35; 0.802)" _template="IgnitionSignalRedSmall" ParentFrame="BoneCabin_cdt">

                          </Flare>
                          <Flare ParentFrame="BoneCabin_cdt" Pos="(1.454; 1.578; 1.383)" Dir="(0.707; 0; 0.707)" _template="IgnitionSignalOrange">

                          </Flare>
                          <Flare ParentFrame="BoneCabin_cdt" Pos="(1.343; 1.578; 1.384)" Dir="(-0.707; 0; 0.707)" _template="IgnitionSignalOrange">

                          </Flare>
                          <Flare Pos="(-3.912; 1.578; 1.383)" _template="IgnitionSignalOrange" Dir="(0.707; 0; 0.707)">

                          </Flare>
                          <Flare Pos="(-4.024; 1.578; 1.384)" _template="IgnitionSignalOrange" Dir="(-0.707; 0; 0.707)">

                          </Flare>
                          <Flare Pos="(-3.912; 1.578; -1.383)" _template="IgnitionSignalOrange" Dir="(0.707; 0; -0.707)">

                          </Flare>
                          <Flare Pos="(-4.024; 1.578; -1.384)" _template="IgnitionSignalOrange" Dir="(-0.707; 0; -0.707)">

                          </Flare>
                          <Flare Pos="(-7.86; 1.498; -1.316)" _template="IgnitionSignalRedSmall">

                          </Flare>
                          <Flare Pos="(-7.837; 1.501; -0.159)" _template="IgnitionSignalRedSmall">

                          </Flare>
                          <Flare Pos="(-7.837; 1.501; 0)" _template="IgnitionSignalRedSmall">

                          </Flare>
                          <Flare Pos="(-7.837; 1.501; 0.159)" _template="IgnitionSignalRedSmall">

                          </Flare>
                          <Flare Pos="(-7.86; 1.498; 1.316)" _template="IgnitionSignalRedSmall">

                          </Flare>
                          <Flare Size="0.3" _template="IgnitionSignalRedSmall" Pos="(-7.894; 1.329; -0.319)">

                          </Flare>
                          <Flare Size="0.3" _template="IgnitionSignalRedSmall" Pos="(-7.894; 1.329; 0.319)">

                          </Flare>
                </Ignition>
                <HeadLight>
                          <Model _template="HeadLightRay" Org="(7.206; 1.437; -1.156)" ParentFrame="BoneCabin_cdt">

                          </Model>
                          <Model _template="HeadLightRay" Org="(7.206; 1.437; 1.156)" ParentFrame="BoneCabin_cdt">

                          </Model>
                            <Flare ParentFrame="BoneCabin_cdt" Size="0.4" Pos="(7.206; 1.437; -0.972)" DirAngle="135" _template="HeadLight">

                            </Flare>
                            <Flare ParentFrame="BoneCabin_cdt" Size="0.4" Pos="(7.206; 1.437; 0.972)" DirAngle="135" _template="HeadLight">

                            </Flare>
                            <Flare Pos="(7.192; 1.437; -1.067)" _template="BlueStreak" ParentFrame="BoneCabin_cdt">

                            </Flare>
                            <Flare Pos="(7.192; 1.437; 1.067)" _template="BlueStreak" ParentFrame="BoneCabin_cdt">

                            </Flare>
                </HeadLight>
                <ReverseSignals>
                            <Light Pos="(-7.904; 1.091; 0)" _template="ReverseSignal">

                            </Light>
                            <Light Pos="(3.922; 3.486; -1.035)" _template="ReverseSignal" ParentFrame="BoneCabin_cdt">

                            </Light>
                            <Light Pos="(3.922; 3.486; 1.035)" _template="ReverseSignal" ParentFrame="BoneCabin_cdt">

                            </Light>
                            <Light ParentFrame="BoneCabin_cdt" Pos="(3.814; 3.356; 0.307)" Dir="(-0.587; -0.652; -0.48)" _template="ReverseSignal">

                            </Light>
                              <Flare Size="0.7" _template="ReverseSignal" Pos="(-7.904; 1.091; -0.319)">

                              </Flare>
                              <Flare Size="0.7" _template="ReverseSignal" Pos="(-7.904; 1.091; 0.319)">

                              </Flare>
                              <Flare Pos="(-7.904; 1.091; -0.319)" Size="0.4" Dir="(-1; 0; 0)" Color="g(220; 220; 255) x 0.05" _template="BlueStreak">

                              </Flare>
                              <Flare Pos="(-7.904; 1.091; 0.319)" Size="0.4" Dir="(-1; 0; 0)" Color="g(220; 220; 255) x 0.05" _template="BlueStreak">

                              </Flare>
                              <Flare ParentFrame="BoneCabin_cdt" Pos="(3.922; 3.486; -1.035)" Size="0.2" _template="ReverseSignal">

                              </Flare>
                              <Flare ParentFrame="BoneCabin_cdt" Pos="(3.922; 3.486; 1.035)" Size="0.2" _template="ReverseSignal">

                              </Flare>
                              <Flare ParentFrame="BoneCabin_cdt" Size="0.6" Dir="(-1; 0; 0)" Pos="(3.922; 3.486; -1.035)" _template="IgnitionSignalWhite">

                              </Flare>
                              <Flare ParentFrame="BoneCabin_cdt" Size="0.6" Dir="(-1; 0; 0)" Pos="(3.922; 3.486; 1.035)" _template="IgnitionSignalWhite">

                              </Flare>
                              <Flare Pos="(3.922; 3.486; -1.035)" ParentFrame="BoneCabin_cdt" Size="0.4" Dir="(-1; 0; 0)" Color="g(220; 220; 255) x 0.05" _template="BlueStreak">

                              </Flare>
                              <Flare Pos="(3.922; 3.486; 1.035)" ParentFrame="BoneCabin_cdt" Size="0.4" Dir="(-1; 0; 0)" Color="g(220; 220; 255) x 0.05" _template="BlueStreak">

                              </Flare>
                              <Flare ParentFrame="BoneCabin_cdt" Size="0.2" Dir="(-0.587; -0.652; -0.48)" Pos="(3.814; 3.356; 0.307)" _template="ReverseSignal">

                              </Flare>
                              <Flare ParentFrame="BoneCabin_cdt" Size="0.6" Dir="(-0.587; -0.652; -0.48)" Pos="(3.814; 3.356; 0.307)" _template="IgnitionSignalWhite">

                              </Flare>
                              <Flare Pos="(3.814; 3.356; 0.307)" ParentFrame="BoneCabin_cdt" Size="0.4" Dir="(-0.587; -0.652; -0.48)" Color="g(220; 220; 255) x 0.05" _template="BlueStreak">

                              </Flare>
                </ReverseSignals>
      </ModelAttachments>
      <HeadLight Pos="(8.318; 1.103; 0)" _template="Default" ParentFrame="BoneCabin_cdt">

      </HeadLight>
      <GameData Price="90300" Country="US" UnlockByExploration="false" ExcludedCargoTypes="CargoPlane, CargoWing1, CargoWing2" UnlockByRank="1">
                      <WinchSocket Pos="(7.981; 1.048; -0.053)" ParentFrame="BoneCabin">

                      </WinchSocket>
                      <WinchSocket Pos="(-7.786; 0.732; 0)">

                      </WinchSocket>
                      <WinchSocket Pos="(1.616; 1.71; 1.45)">

                      </WinchSocket>
                      <WinchSocket Pos="(1.616; 1.71; -1.45)">

                      </WinchSocket>
                        <CraneSocket Pos="(7.981; 1.048; -0.053)" ParentFrame="BoneCabin">

                        </CraneSocket>
                        <CraneSocket Pos="(-7.786; 0.732; 0)">

                        </CraneSocket>
                        <CraneSocket Pos="(1.616; 1.71; 1.45)">

                        </CraneSocket>
                        <CraneSocket Pos="(1.616; 1.71; -1.45)">

                        </CraneSocket>
                    <UiDesc UiIcon30x30="heavyVehicleImg30" UiName="UI_VEHICLE_WS_6900XD_TWIN_NAME" UiIcon328x458="shopImgWStwinStar" UiIconLogo="WesternStarLogo80" UiDesc="UI_VEHICLE_WS_6900XD_TWIN_DESC" UiIcon40x40="heavyVehicleImg">

                    </UiDesc>
                            <AddonSockets>
                                <Socket Offset="(-7.8; 0.75; 0)" Names="Trailer">

                                </Socket>
                                <Socket Offset="(-7; 2.114; 0)" Names="Semitrailer, SemitrailerOiltank">

                                </Socket>
                            </AddonSockets>
                            <AddonSockets>
                              <Socket Offset="(-7.; 1.785; 0)" Names="SaddleLow">
                                    <ExtraParent Frame="BoneChassis_cdt" Offset="(0; 0; -0.05)">

                                    </ExtraParent>
                                    <ExtraParent Frame="BoneChassis_cdt" Offset="(0; 0; 0.05)">

                                    </ExtraParent>
                              </Socket>
                            </AddonSockets>
                            <AddonSockets>
                                <Socket Offset="(-1; 1.811; 0)" Names="FrameAddonTank">
                                    <ExtraParent Frame="BoneChassis_cdt" Offset="(0; -0.1; 0)">

                                    </ExtraParent>
                                    <ExtraParent Frame="BoneChassis_cdt" Offset="(0; -0.1; 0)">

                                    </ExtraParent>
                                </Socket>
                                <Socket Offset="(-1; 1.811; 0)" Names="BigCraneUs">
                                    <ExtraParent Frame="BoneChassis_cdt" Offset="(0; -0.1; 0)">

                                    </ExtraParent>
                                    <ExtraParent Frame="BoneChassis_cdt" Offset="(0; -0.1; 0)">

                                    </ExtraParent>
                                </Socket>
                            </AddonSockets>
                            <AddonSockets>
                              <Socket ParentFrame="BoneChassis_cdt" Offset="(0; 0; 0)" Names="Ws6900xdTwinSpareWheel">
                                  <ExtraParent Frame="BoneCabin_cdt">

                                  </ExtraParent>
                              </Socket>
                            </AddonSockets>
                            <AddonSockets DefaultAddon="ws_6900xd_twin_bumper_default">
                              <Socket ParentFrame="BoneCabin_cdt" Offset="(0; 0; 0)" Names="WS6900XDTwinBumper">

                              </Socket>
                            </AddonSockets>
                            <AddonSockets DefaultAddon="ws_6900xd_twin_visor_default">
                              <Socket ParentFrame="BoneCabin_cdt" Offset="(0; 0; 0)" Names="WS6900XDTwinVisor">

                              </Socket>
                            </AddonSockets>
                            <AddonSockets>
                                <Socket ParentFrame="BoneCabin_cdt" Offset="(0; 0; 0)" Names="WS6900XDTwinSpotLight1">

                                </Socket>
                                <Socket Offset="(0; 0; 0)" ParentFrame="BoneCabin_cdt" NamesBlock="WS6900XDTwinBeacon" Names="WS6900XDTwinSpotLight2">

                                </Socket>
                            </AddonSockets>
                            <AddonSockets DefaultAddon="ws_6900xd_twin_beacon_default">
                              <Socket ParentFrame="BoneCabin_cdt" Offset="(0; 0; 0)" Names="WS6900XDTwinBeacon">

                              </Socket>
                            </AddonSockets>
                            <AddonSockets DefaultAddon="ws_6900xd_twin_gabarite_default">
                              <Socket ParentFrame="BoneCabin_cdt" Offset="(0; 0; 0)" Names="WS6900XDTwinGabarite">

                              </Socket>
                            </AddonSockets>
                            <AddonSockets DefaultAddon="ws_6900xd_twin_exhaust_default">
                              <Socket ParentFrame="BoneCabin_cdt" Offset="(0; 0; 0)" Names="WS6900XDTwinExhaust">

                              </Socket>
                            </AddonSockets>
                            <AddonSockets DefaultAddon="ws_6900xd_twin_horn_default">
                              <Socket ParentFrame="BoneCabin_cdt" Offset="(0; 0; 0)" Names="WS6900XDTwinHorn">

                              </Socket>
                            </AddonSockets>
                            <AddonSockets DefaultAddon="ws_6900xd_twin_snorkel_default">
                              <Socket ParentFrame="BoneCabin_cdt" Offset="(0; 0; 0)" Names="WS6900XDTwinSnorkel">

                              </Socket>
                            </AddonSockets>
                            <AddonSockets DefaultAddon="ws_6900xd_twin_diff_lock_default">
                              <Socket ParentFrame="BoneChassis_cdt" Offset="(0; 0; 0)" Names="ws_6900xd_twinDiffLock">

                              </Socket>
                            </AddonSockets>
                            <AddonSockets>
                              <Socket Offset="(0; 0; 0)" ParentFrame="BoneSunshieldLeft_cdt" Names="WS6900XDTwinSticker_1x1_01" InCockpit="true">

                              </Socket>
                            </AddonSockets>
                            <AddonSockets>
                              <Socket Offset="(0; 0; 0)" ParentFrame="BoneCabin_cdt" Names="WS6900XDTwinSticker_1x1_02" InCockpit="true">

                              </Socket>
                            </AddonSockets>
                            <AddonSockets>
                              <Socket Offset="(0; 0; 0)" ParentFrame="BoneCabin_cdt" Names="WS6900XDTwinSticker_1x1_03" InCockpit="true">

                              </Socket>
                            </AddonSockets>
                            <AddonSockets>
                              <Socket Offset="(0; 0; 0)" ParentFrame="BoneCabin_cdt" Names="WS6900XDTwinSticker_1x2_01" InCockpit="true">

                              </Socket>
                            </AddonSockets>
                            <AddonSockets>
                              <Socket Offset="(0; 0; 0)" ParentFrame="BoneCabin_cdt" Names="WS6900XDTwinSticker_1x4_01" InCockpit="true">

                              </Socket>
                            </AddonSockets>
                            <AddonSockets>
                              <Socket Offset="(0; 0; 0)" ParentFrame="BoneCabin_cdt" Names="ws6900XdTwinSticker_GlassTop" InCockpit="true">

                              </Socket>
                            </AddonSockets>
                            <AddonSockets>
                              <Socket Offset="(0; 0; 0)" ParentFrame="BoneCabin_cdt" Names="ws6900XdTwinSticker_GlassBottom" InCockpit="true">

                              </Socket>
                            </AddonSockets>
                            <AddonSockets>
                              <Socket ParentFrame="BoneCabin_cdt" Offset="(0; 0; 0)" Names="ws6900XdTwinSticker_Door_L">

                              </Socket>
                            </AddonSockets>
                            <AddonSockets>
                              <Socket ParentFrame="BoneCabin_cdt" Offset="(0; 0; 0)" Names="ws6900XdTwinSticker_Door_R">

                              </Socket>
                            </AddonSockets>
                            <AddonSockets>
                              <Socket ParentFrame="BoneCabin_cdt" Offset="(0; 0; 0)" Names="ws6900XdTwinSticker_Roof">

                              </Socket>
                            </AddonSockets>
                            <AddonSockets>
                              <Socket ParentFrame="BoneCabin_cdt" Offset="(0; 0; 0)" Names="ws6900XdTwinSticker_Capote">

                              </Socket>
                            </AddonSockets>
                            <AddonSockets DefaultAddon="ws_6900xd_twin_transferbox_default">
                              <Socket ParentFrame="BoneChassis_cdt" Offset="(0; 0; 0)" Names="WS6900XDTwinTransferBox">
                                    <ExtraParent Frame="BoneChassis1_cdt">

                                    </ExtraParent>
                                    <ExtraParent Frame="BoneChassis2_cdt">

                                    </ExtraParent>
                                    <ExtraParent Frame="BoneCabin_cdt">

                                    </ExtraParent>
                                    <ExtraParent Frame="BoneAxle1">

                                    </ExtraParent>
                                    <ExtraParent Frame="BoneAxle2">

                                    </ExtraParent>
                                    <ExtraParent Frame="BoneRack1">

                                    </ExtraParent>
                                    <ExtraParent Frame="BoneRack2">

                                    </ExtraParent>
                              </Socket>
                            </AddonSockets>
                            <AddonSockets>
                              <Socket Offset="(5.397; 2.667; -0.131)" ParentFrame="BoneCabin_cdt" Names="StuffDashboard" InCockpit="true">

                              </Socket>
                            </AddonSockets>
                            <AddonSockets>
                                <Socket Offset="(5.282; 3.23; 0)" ParentFrame="BoneCabin_cdt" Names="StuffAirfreshener" InCockpit="true">

                                </Socket>
                                <Socket ParentFrame="BoneCabin_cdt" Names="StuffCurtainWS6900XDTwin" InCockpit="true">

                                </Socket>
                            </AddonSockets>
                            <AddonSockets>
                              <Socket ParentFrame="BoneCabin_cdt" Names="StuffHoodWS6900XDTwin">

                              </Socket>
                            </AddonSockets>
                    <CustomizationCameras>
                                  <CameraPos Interior="true" Position="(6.963; 6.154; 0.013)" Name="roof_sticker" InterestPosition="(4.152; 2.538; -0.812)" FOV="32.0">

                                  </CameraPos>
                                  <CameraPos Interior="true" Position="(4.539; 2.753; -0.547)" Name="sticker_1" InterestPosition="(6.888; 5.658; 2.147)" FOV="32.0">

                                  </CameraPos>
                                  <CameraPos MaxZoom="2" MaxYRotation="360" Position="(9.801; 5.301; -2.523)" MaxXRotation="360" Name="addon_1" InterestPosition="(4.314; 3.258; 0)" FOV="32.0">

                                  </CameraPos>
                                  <CameraPos MaxZoom="2" MaxYRotation="360" Position="(9.949; 3.893; -3.787)" MaxXRotation="360" Name="addon_2" InterestPosition="(4.591; 2.162; 0)" FOV="32.0">

                                  </CameraPos>
                                  <CameraPos Interior="true" Position="(3.878; 3.246; -0.366)" Name="mirror_mount" InterestPosition="(6.006; 2.657; 1.394)" FOV="32.0">

                                  </CameraPos>
                                  <CameraPos MaxZoom="2" MaxYRotation="360" Position="(3.352; 1.747; -7.216)" MaxXRotation="360" Name="side_r" InterestPosition="(5.601; 1.97; 0)" FOV="32.0">

                                  </CameraPos>
                                  <CameraPos Interior="true" Position="(4.431; 3.204; -0.187)" Name="sticker" InterestPosition="(6.006; 1.516; 1.742)" FOV="32.0">

                                  </CameraPos>
                                  <CameraPos Interior="true" Position="(8.755; 3.874; 0.771)" Name="glass_sticker" InterestPosition="(4.188; 2.739; -0.925)" FOV="32.0">

                                  </CameraPos>
                                  <CameraPos Interior="true" Position="(3.448; 2.703; 2.894)" Name="door_r_sticker" InterestPosition="(5.985; 2.115; 0.826)" FOV="32.0">

                                  </CameraPos>
                                  <CameraPos MaxZoom="2" MaxYRotation="360" Position="(-1.623; 5.6; -4.08)" MaxXRotation="360" Name="roof" InterestPosition="(4.44; 2.399; -0)" FOV="32.0">

                                  </CameraPos>
                                  <CameraPos Interior="true" Position="(9.710; 5.634; -0.279)" Name="capote_sticker" InterestPosition="(5.211; 0.662; -0.518)" FOV="32.0">

                                  </CameraPos>
                                  <CameraPos MaxZoom="2" MaxYRotation="360" Position="(14.108; 1.267; -4.602)" MaxXRotation="360" Name="hoods" InterestPosition="(5.028; 1.818; 0)" FOV="32.0">

                                  </CameraPos>
                                  <CameraPos Interior="true" Position="(4.642; 3.001; -0.596)" Name="sticker_2" InterestPosition="(3.255; 3.424; 3.219)" FOV="32.0">

                                  </CameraPos>
                                  <CameraPos MaxZoom="2" MaxYRotation="360" Position="(-0.932; 2.13; -4.911)" MaxXRotation="360" Name="side_l" InterestPosition="(5.426; 1.664; 0)" FOV="32.0">

                                  </CameraPos>
                                  <CameraPos Interior="true" Position="(4.48; 3.034; -0.203)" Name="bubble_head" InterestPosition="(6.006; 2.143; 1.603)" FOV="32.0">

                                  </CameraPos>
                                  <CameraPos MaxZoom="2" MaxYRotation="360" Position="(8.845; 1.705; -6.183)" MaxXRotation="360" Name="wheels" InterestPosition="(4.388; 1; -0)" FOV="32.0">

                                  </CameraPos>
                                  <CameraPos MaxZoom="2" MaxYRotation="360" Position="(14.108; 1.267; -4.602)" MaxXRotation="360" Name="default" InterestPosition="(5.028; 1.818; 0)" FOV="32.0">

                                  </CameraPos>
                                  <CameraPos MaxZoom="2" MaxYRotation="360" Position="(-0.701; 2.508; -4.833)" MaxXRotation="360" Name="rear" InterestPosition="(0.788; 1.117; -0)" FOV="32.0">

                                  </CameraPos>
                                  <CameraPos Interior="true" Position="(3.521; 2.549; -3.022)" Name="door_l_sticker" InterestPosition="(4.101; 2.223; -0.174)" FOV="32.0">

                                  </CameraPos>
                                  <CameraPos Interior="true" Position="(9.026; 2.923; -1.643)" Name="hood_ornament" InterestPosition="(7.974; 2.607; -1.643)" FOV="32.0">

                                  </CameraPos>
                                  <CameraPos Interior="true" Position="(3.878; 3.246; -0.366)" Name="curtain" InterestPosition="(6.006; 2.657; 1.394)" FOV="32.0">

                                  </CameraPos>
                    </CustomizationCameras>
                    <AddonSlots OffsetStep="(-2.559; 0; 0)" ParentFrames="BoneCabin_cdt,BoneChassis2_cdt,BoneChassis1_cdt,BoneChassis_cdt" Quantity="4" InitialOffset="(1.157; 1.86; 0)">

                    </AddonSlots>
      </GameData>
      <Landmark MaxScale="2.5" MinScale="1.5" Mesh="landmarks/ws_6900xd_twin_lmk">

      </Landmark>
      <AutomaticIK>
                          <IKBone ModelFrame="BoneRearSuspensionL" ParentFrame="BoneAxle3">
                            <IKJoint AxisLocal="(0; 0; 1)" Type="Hinge">

                            </IKJoint>
                            <IKBone AttachOffset="(0; 0; 0)" ModelFrame="BoneRearSuspensionL1" AttachToFrame="BoneAxle4">
                                  <IKJoint AxisLocal="(0; 1; 0)" Type="Slider">

                                  </IKJoint>
                            </IKBone>
                          </IKBone>
                          <IKBone ModelFrame="BoneRearSuspensionR" ParentFrame="BoneAxle3">
                            <IKJoint AxisLocal="(0; 0; 1)" Type="Hinge">

                            </IKJoint>
                            <IKBone AttachOffset="(0; 0; 0)" ModelFrame="BoneRearSuspensionR1" AttachToFrame="BoneAxle4">
                                  <IKJoint AxisLocal="(0; 1; 0)" Type="Slider">

                                  </IKJoint>
                            </IKBone>
                          </IKBone>
      </AutomaticIK>
  </Truck>
  <_templates Include="trucks">
        <Body>
            <Twist Mass="3300" ImpactType="Truck" CenterOfMassOffset="(0; 0; 0)">
                <Constraint AxisLocal="(1; 0; 0)" MaxLimit="7" MinLimit="-7" PivotOffset="(0; 0; 0)" Type="Hinge">
                    <Motor Type="Spring" Spring="6000000" Damping="100000">

                    </Motor>
                </Constraint>
            </Twist>
            <TieRod Mass="1">
                  <Constraint AxisLocal="(0; 0; 1)" MaxLimit="25" MinLimit="-25" Type="Hinge">
                      <Motor Type="Position" Tau="1" Force="6000" Damping="1.0">

                      </Motor>
                  </Constraint>
            </TieRod>
            <SunShield Mass="2" Collisions="None">
                    <Constraint AxisLocal="(0; 0; 1)" MaxLimit="10" MinLimit="-6" Type="Hinge">
                        <Motor Type="Spring" Spring="60" Damping="0.06">

                        </Motor>
                    </Constraint>
            </SunShield>
        </Body>
        <Wheel>
              <RearAxle Torque="default" Location="rear" ConnectedToHandbrake="true">

              </RearAxle>
              <FirstAxle SuspensionMin="-0.3" ParentFrame="BoneCabin_cdt" SteeringCastor="10" Torque="connectable" Location="front" SteeringAngle="40">

              </FirstAxle>
              <SecondAxle SteeringCastor="6" _template="FirstAxle" SteeringAngle="32">

              </SecondAxle>
        </Wheel>
        <Flare>
                <IgnitionSignalOrange ColorMultAtDay="0.6" DirAngle="135" Size="0.1" Dir="(0; 1; 0)" Color="g(255; 140; 0) x 0.3" AspectRatio="1.4">

                </IgnitionSignalOrange>
                <MarkerBeacon AttenStart="1" Size="0.175" ColorMultAtDay="0.5" Color="g(255; 174; 0) x 0.12" AttenEnd="200">

                </MarkerBeacon>
                <IgnitionSignalRedSmall ColorMultAtDay="0.3" DirAngle="90" Size="0.12" Dir="(-1; 0; 0)" Color="g(169; 0; 0) x 0.8" AspectRatio="1.4">

                </IgnitionSignalRedSmall>
        </Flare>
  </_templates>