  <Truck>
      <ControlledConstraints>
          <Constraint Name="TieRodSteer" IsLinkedSteering="true" Id="chassis_steer">

          </Constraint>
      </ControlledConstraints>
      <PhysicsModel Mesh="trucks/zikz_5368">
            <NetSync Legacy="false">

            </NetSync>
            <Body ModelFrame="BoneChassis_cdt" ImpactType="Truck" Mass="3150" NetSync="pv" CenterOfMassOffset="(-1.4; 0; 0)">
                  <Body ModelFrame="BoneCabin_cdt" ImpactType="Truck" Mass="3350" NetSync="pv" CenterOfMassOffset="(-0.4; 0; 0)">
                      <Constraint AxisLocal="(1; 0; 0)" MaxLimit="10" MinLimit="-10" PivotOffset="(0; 0; 0)" Type="Hinge">
                          <Motor Type="Spring" Spring="400000" Damping="30000">

                          </Motor>
                      </Constraint>
                          <Body ModelFrame="BoneTieRod_cdt" _template="TieRod">
                            <Constraint AxisLocal="(0; -1; 0)" MaxLimit="30" Name="TieRodSteer" MinLimit="-30">

                            </Constraint>
                          </Body>
                          <Body ModelFrame="BoneMirrorLeft_cdt" _template="SideMirror">

                          </Body>
                          <Body ModelFrame="BoneMirrorRight_cdt" _template="SideMirror">

                          </Body>
                          <Body ModelFrame="BoneSunshieldLeft_cdt" ImpactType="Truck" Mass="5" CenterOfMassOffset="(0; 0; 0)">
                            <Constraint AxisLocal="(0; 0; 1)" MaxLimit="40" MinLimit="-20" PivotOffset="(0; 0; 0)" Type="Hinge">
                                <Motor Type="Spring" Spring="2" Damping="0.2">

                                </Motor>
                            </Constraint>
                          </Body>
                          <Body ModelFrame="BoneSunshieldRight_cdt" ImpactType="Truck" Mass="5" CenterOfMassOffset="(0; 0; 0)">
                            <Constraint AxisLocal="(0; 0; 1)" MaxLimit="50" MinLimit="-30" PivotOffset="(0; 0; 0)" Type="Hinge">
                                <Motor Type="Spring" Spring="16" Damping="0.1">

                                </Motor>
                            </Constraint>
                          </Body>
                          <Body ModelFrame="BoneLeftFrontMudguard_cdt" _template="Mudguard">
                            <Constraint AxisLocal="(0; 0; 1)" MaxLimit="5" MinLimit="-40">

                            </Constraint>
                          </Body>
                          <Body ModelFrame="BoneRightFrontMudguard_cdt" _template="Mudguard">
                            <Constraint AxisLocal="(0; 0; 1)" MaxLimit="5" MinLimit="-40">

                            </Constraint>
                          </Body>
                  </Body>
            </Body>
      </PhysicsModel>
      <TruckData BackSteerSpeed="0.025" DiffLockType="Installed" EngineIconScale="1.3" TruckType="OFFROAD" FuelCapacity="190" EngineStartDelay="0.8" SteerSpeed="0.025" ExhaustStartTime="0.9" Responsiveness="0.15" TruckImage="ZIKZ5368mchr" EngineIconMesh="env/engine_default">
              <Shakers>
                  <Shaker MaxAngle="(1.5; 1.5; 1.5)" Frame="BoneExhaust" MaxFrequency="10">

                  </Shaker>
              </Shakers>
              <Intake Size="1.219" Dir="(1; 0; 0)" Origin="(3.008; 1.119; 0)">

              </Intake>
              <GearboxSocket Default="g_truck_default" Type="gearboxes_trucks">

              </GearboxSocket>
              <Wheels DefaultRim="rim_1" DefaultWheelType="wheels_medium_double" DefaultTire="highway_1">
                          <Wheel Pos="(1.784; 0.472; 0.977)" _template="FrontWheel">

                          </Wheel>
                          <Wheel Pos="(1.784; 0.472; 0.977)" _template="FrontWheel" RightSide="true">

                          </Wheel>
                          <Wheel Pos="(-2.126; 0.473; 0.906)" _template="RearWheel">

                          </Wheel>
                          <Wheel Pos="(-2.126; 0.473; 0.906)" _template="RearWheel" RightSide="true">

                          </Wheel>
              </Wheels>
              <WinchUpgradeSocket Default="w_medium_trucks_default" Type="winches_medium_trucks" IsUpgradable="true">

              </WinchUpgradeSocket>
              <SteeringWheel Frame="BoneSteering">

              </SteeringWheel>
              <Damage>
                                <DamageArea Max="(3.038; 1.584; 1.147)" ParentFrame="BoneCabin_cdt" Min="(1.611; 0.754; -1.147)" Type="Engine">

                                </DamageArea>
                                <DamageArea Max="(0.067; 1.032; 1.11)" ParentFrame="BoneChassis_cdt" Min="(-1.065; 0.619; -1.11)" Type="FuelTank">

                                </DamageArea>
              </Damage>
                              <LimitedFluid Center="(-0.498; 0.809; -0.782)" ParentFrame="BoneChassis_cdt" Type="Box" SizeX="1.055" SizeZ="0.576" SizeY="0.320">

                              </LimitedFluid>
                              <LimitedFluid Center="(-0.498; 0.809; 0.782)" ParentFrame="BoneChassis_cdt" Type="Box" SizeX="1.055" SizeZ="0.576" SizeY="0.320">

                              </LimitedFluid>
              <EngineSocket Default="ru_truck_old_engine_0" Type="e_ru_truck_old">

              </EngineSocket>
              <SoundsDamage _template="Heavy">

              </SoundsDamage>
              <Axles>
                                        <Axle Frame="BoneAxle1">

                                        </Axle>
                                        <Axle Frame="BoneAxle2">

                                        </Axle>
              </Axles>
              <Camera Center="(-1.2; 0; 0)" ParentFrame="BoneCabin_cdt">
                                        <Cockpit WindshieldShadingTexture="trucks/zikz_5368_glass__sh_d.tga" WindshieldDiffuseTexture="trucks/zikz_5368_glass__d_a.tga" ViewPos="(1.9; 2.298; 0.604)" _template="Default">
                                              <Mirror MeshFrame="mirror_left" Pos="(2.376; 2.235; 1.227)" Size="(0.16; 0.3)" ReflectionDir="(-0.934; 0; -0.358)" FOVScale="2" ClipDir="(-0.934; 0; -0.358)">

                                              </Mirror>
                                              <Mirror Pos="(2.398; 2.233; -1.159)" MeshFrame="mirror_right" FOVScale="2.5" Size="(0.16; 0.3)" ReflectionDir="(-0.815; -0.056; 0.576)" ClipDir="(-0.815; -0.056; 0.576)" ClipOffset="2.4">

                                              </Mirror>
                                              <Mirror Pos="(2.44; 2.424; 0.258)" MeshFrame="hp_cab_mirror" FOVScale="1.75" Size="(0.22; 0.08)" ReflectionDir="(-0.974; -0.139; 0.181)" ClipDir="(-0.974; -0.139; 0.181)" ClipOffset="1.5">

                                              </Mirror>
                                        </Cockpit>
              </Camera>
              <Shafts>
                                            <Shaft SocketPointA="Shaft1a" SocketPointB="Shaft1b">

                                            </Shaft>
                                            <Shaft SocketPointA="Shaft2a" SocketPointB="Shaft2b">

                                            </Shaft>
              </Shafts>
              <FuelTank DamageCapacity="50">

              </FuelTank>
                                            <CompatibleWheels Type="wheels_medium_double" Scale="0.53" OffsetZ="0.02">

                                            </CompatibleWheels>
                                            <CompatibleWheels OffsetZ="0.13" Scale="0.53" RearOffsetZ="0.08" Type="wheels_medium_mudtires_actaeon">

                                            </CompatibleWheels>
                                            <CompatibleWheels OffsetZ="0.04" Scale="0.6" RearOffsetZ="0.06" Type="wheels_medium_double">

                                            </CompatibleWheels>
                                            <CompatibleWheels OffsetZ="0.13" Scale="0.6" RearOffsetZ="0.08" Type="wheels_medium_mudtires_actaeon">

                                            </CompatibleWheels>
              <SoundsWheels _template="Default">

              </SoundsWheels>
              <SuspensionSocket Default="zikz_5368_suspension_default" MaxWheelRadiusWithoutSuspension="0.43" Type="s_zikz_5368">

              </SuspensionSocket>
              <Dashboard>
                                                      <Gauge Org="(2.503; 1.85; 0.602)" OutputAngles="(-100; 116)" Mesh="trucks/arrows/zikz_5368_arrow1" InputRange="(0;100)" Dir="(-0.961; 0.276; 0)" InputType="speed">

                                                      </Gauge>
                                                      <Gauge Mesh="trucks/arrows/zikz_5368_arrow2" Org="(2.51; 1.883; 0.771)" OutputAngles="(-30; 5)" InputType="engineEnabled" Dir="(-0.963; 0.27; 0)" InputRange="(0;1)" Damping="0.99">

                                                      </Gauge>
                                                      <Gauge Mesh="trucks/arrows/zikz_5368_arrow2" Org="(2.489; 1.811; 0.781)" OutputAngles="(-30; -2)" InputType="engineEnabled" Dir="(-0.963; 0.269; 0)" InputRange="(0;1)" Damping="0.99">

                                                      </Gauge>
                                                      <Gauge Mesh="trucks/arrows/zikz_5368_arrow2" Org="(2.47; 1.744; 0.793)" OutputAngles="(-30; 10)" InputType="engineEnabled" Dir="(-0.963; 0.269; 0)" InputRange="(0;1)" Damping="0.99">

                                                      </Gauge>
                                                      <Gauge Mesh="trucks/arrows/zikz_5368_arrow2" Org="(2.51; 1.883; 0.434)" OutputAngles="(-29; 23)" InputType="fuel" Dir="(-0.963; 0.269; 0)" InputRange="(0;1)" Damping="0.99">

                                                      </Gauge>
                                                      <Gauge Mesh="trucks/arrows/zikz_5368_arrow2" Org="(2.489; 1.811; 0.424)" OutputAngles="(-30; -7)" InputType="engineEnabled" Dir="(-0.963; 0.27; 0)" InputRange="(0;1)" Damping="0.99">

                                                      </Gauge>
                                                      <Gauge Mesh="trucks/arrows/zikz_5368_arrow2" Org="(2.47; 1.744; 0.412)" OutputAngles="(-30; 8)" InputType="engineEnabled" Dir="(-0.963; 0.269; 0)" InputRange="(0;1)" Damping="0.99">

                                                      </Gauge>
              </Dashboard>
                                                    <Steam ParentFrame="BoneCabin_cdt" Origin="(1.817; 1.077; 0)">

                                                    </Steam>
                                                    <Steam ParentFrame="BoneCabin_cdt" Origin="(0.713; 1.032; 0)">

                                                    </Steam>
              <Sounds DisableReversePitch="false" ParentFrame="BoneCabin_cdt" Origin="(1.517; 1.177; 0)" AirHissInterval="12.0" _template="Default" MinDist="10.0">
                                                        <EngineHigh Sound="trucks/ziks_5368/ziks_5368_high">

                                                        </EngineHigh>
                                                        <AbruptStop Sound="trucks/common/truck_swing_big_rnd_set/truck_swing_big_rnd">

                                                        </AbruptStop>
                                                        <HandbrakeOff Sound="trucks/ziks_5368/ziks_5368_handbrake_off">

                                                        </HandbrakeOff>
                                                        <BrakesSqueal Sound="trucks/ziks_5368/ziks_5368_brakes_squeal">

                                                        </BrakesSqueal>
                                                        <EngineStart Sound="trucks/ziks_5368/ziks_5368_start">

                                                        </EngineStart>
                                                        <EngineLow_2d IsSound2D="true" Sound="trucks/ziks_5368/ziks_5368_low_2d">

                                                        </EngineLow_2d>
                                                        <EngineHeavy_2d IsSound2D="true" Sound="trucks/ziks_5368/ziks_5368_heavy_2d">

                                                        </EngineHeavy_2d>
                                                        <EngineHeavy Sound="trucks/ziks_5368/ziks_5368_heavy">

                                                        </EngineHeavy>
                                                        <Honk Sound="trucks/ziks_5368/ziks_5368_honk">

                                                        </Honk>
                                                        <EngineHigh_2d IsSound2D="true" Sound="trucks/ziks_5368/ziks_5368_high_2d">

                                                        </EngineHigh_2d>
                                                        <EngineLow Sound="trucks/ziks_5368/ziks_5368_low">

                                                        </EngineLow>
                                                        <EngineIdle_2d IsSound2D="true" Sound="trucks/ziks_5368/ziks_5368_idle_2d">

                                                        </EngineIdle_2d>
                                                        <EngineStop Sound="trucks/ziks_5368/ziks_5368_stop">

                                                        </EngineStop>
                                                        <EngineIdle Sound="trucks/ziks_5368/ziks_5368_idle">

                                                        </EngineIdle>
                                                        <Reverse Sound="trucks/ziks_5368/ziks_5368_reverse">

                                                        </Reverse>
                                                        <Handbrake Sound="trucks/ziks_5368/ziks_5368_handbrake_on">

                                                        </Handbrake>
                                                        <EngineRev Sound="trucks/ziks_5368/ziks_5368_rev">

                                                        </EngineRev>
                                                        <EngineAccel Sound="trucks/ziks_5368/ziks_5368_acc">

                                                        </EngineAccel>
                                                        <BrakeRelease Sound="trucks/common/truck_brake_release_alt2_rnd_set/truck_brake_release_alt2_rnd">

                                                        </BrakeRelease>
              </Sounds>
              <Driver SteeringWheelPos="(2.218; 1.95; 0.602)" Pos="(1.856; 1.623; 0.604)" ParentFrame="BoneCabin_cdt" AnimationSet="Truck">

              </Driver>
              <Exhaust Speed="3.82" IsLight="false" Dir="(-1; 0; 0)" Origin="(-1.69; 0.546; -0.282)">

              </Exhaust>
              <SteeringRack FrameSteerRight="BoneRackRight" Frame="BoneRack" FrameSteerLeft="BoneRackLeft" RackHalfSizeZ="0.781">

              </SteeringRack>
              <OcclusionMap MaxX="3.050" HalfSizeZ="1.6" MinX="-3.350">

              </OcclusionMap>
      </TruckData>
      <ModelAttachments>
                <Ignition>
                      <Light ParentFrame="BoneCabin_cdt" Pos="(3.4; 1.013; 0.8)" Color="g(255; 205; 145) x 0.7" _template="IgnitionSignalWhite">

                      </Light>
                      <Light ParentFrame="BoneCabin_cdt" Pos="(3.4; 1.013; -0.8)" Color="g(255; 205; 145) x 0.7" _template="IgnitionSignalWhite">

                      </Light>
                      <Light Pos="(-3.7; 1.025; -0)" _template="IgnitionSignalRed">

                      </Light>
                        <Flare Pos="(2.932; 1.33; -0.991)" ParentFrame="BoneCabin_cdt" Size="0.07" Dir="(1; 0; 0)" Color="g(166; 161; 154) x 0.7" _template="IgnitionSignalWhite">

                        </Flare>
                        <Flare Pos="(2.932; 1.33; 0.991)" ParentFrame="BoneCabin_cdt" Size="0.07" Dir="(1; 0; 0)" Color="g(166; 161; 154) x 0.7" _template="IgnitionSignalWhite">

                        </Flare>
                        <Flare Pos="(2.969; 1.14; -0.981)" _template="IgnitionSignalWhite" ParentFrame="BoneCabin_cdt">

                        </Flare>
                        <Flare Pos="(2.969; 1.14; 0.981)" _template="IgnitionSignalWhite" ParentFrame="BoneCabin_cdt">

                        </Flare>
                        <Flare Pos="(2.392; 2.716; 0)" _template="MarkerBeacon" ParentFrame="BoneCabin_cdt">

                        </Flare>
                        <Flare Pos="(2.392; 2.716; -0.253)" _template="MarkerBeacon" ParentFrame="BoneCabin_cdt">

                        </Flare>
                        <Flare Pos="(2.392; 2.716; 0.253)" _template="MarkerBeacon" ParentFrame="BoneCabin_cdt">

                        </Flare>
                </Ignition>
                <HeadLight>
                        <Model _template="HeadLightRay" Org="(2.969; 1.14; -0.981)" ParentFrame="BoneCabin_cdt">

                        </Model>
                        <Model _template="HeadLightRay" Org="(2.969; 1.14; 0.981)" ParentFrame="BoneCabin_cdt">

                        </Model>
                          <Flare ParentFrame="BoneCabin_cdt" Pos="(2.969; 1.14; -0.981)" Size="0.5" _template="HeadLight">

                          </Flare>
                          <Flare ParentFrame="BoneCabin_cdt" Pos="(2.969; 1.14; 0.981)" Size="0.5" _template="HeadLight">

                          </Flare>
                          <Flare Pos="(2.969; 1.14; -0.981)" _template="BlueStreak" ParentFrame="BoneCabin_cdt">

                          </Flare>
                          <Flare Pos="(2.969; 1.14; 0.981)" _template="BlueStreak" ParentFrame="BoneCabin_cdt">

                          </Flare>
                </HeadLight>
      </ModelAttachments>
      <HeadLight Pos="(2.969; 1.14; 0)" _template="Default" ParentFrame="BoneCabin_cdt">

      </HeadLight>
      <GameData Price="17800" Country="RU,CAS" UnlockByExploration="false" UnlockByRank="1">
                      <CraneSocket Pos="(2.962; 0.819; -0.512)" ParentFrame="BoneCabin_cdt">

                      </CraneSocket>
                      <CraneSocket Pos="(2.962; 0.819; 0.512)" ParentFrame="BoneCabin_cdt">

                      </CraneSocket>
                      <CraneSocket Pos="(0.485; 0.889; 0.465)" ParentFrame="BoneCabin_cdt">

                      </CraneSocket>
                      <CraneSocket Pos="(0.485; 0.889; -0.465)" ParentFrame="BoneCabin_cdt">

                      </CraneSocket>
                      <CraneSocket Pos="(-3.263; 0.904; 0)">

                      </CraneSocket>
                    <UiDesc UiIcon30x30="offroadVehicleImg30" UiName="UI_VEHICLE_ZIKZ_5368_NAME" UiIcon328x458="shopImgMaz500" UiIconLogo="ZiKZLogo80" UiDesc="UI_VEHICLE_ZIKZ_5368_DESC" UiIcon40x40="offroadVehicleImg">

                    </UiDesc>
                          <AddonSockets>
                              <Socket Offset="(-1.835; 1.34; 0)" Names="Semitrailer, SemitrailerOiltank">

                              </Socket>
                              <Socket Offset="(-3.311; 0.9; 0)" Names="Trailer">

                              </Socket>
                          </AddonSockets>
                          <AddonSockets>
                              <Socket NamesBlock="MetalDetector, MinicraneRU, zikz_5368WheelAddon" Offset="(-4.600; 1.023; 0.000)" Names="BunkLog">

                              </Socket>
                              <Socket NamesBlock="MetalDetector, MinicraneRU, zikz_5368WheelAddon" Offset="(0.602; 1.023; 0)" Names="LogLift">

                              </Socket>
                              <Socket Offset="(-1.825; 1.017; 0)" Names="SaddleLow">
                                  <ExtraParent Frame="BoneChassis_cdt" Offset="(0; 0; -0.02)">

                                  </ExtraParent>
                                  <ExtraParent Frame="BoneChassis_cdt" Offset="(0; 0; 0.02)">

                                  </ExtraParent>
                              </Socket>
                              <Socket Offset="(-1.674; 1.021; 0)" ParentFrame="BoneChassis_cdt" NamesBlock="Trailer" Names="FrameAddon">

                              </Socket>
                              <Socket Offset="(-1.92; 1.093; 0)" ParentFrame="BoneChassis_cdt" NamesBlock="zikz_5368WheelAddon" Names="FrameAddonKung">
                                  <ExtraParent Frame="BoneChassis_cdt" Offset="(0; 0; -0.12)">

                                  </ExtraParent>
                                  <ExtraParent Frame="BoneChassis_cdt" Offset="(0; 0; 0.12)">

                                  </ExtraParent>
                              </Socket>
                              <Socket Offset="(-2.65; 1.018; 0)" ParentFrame="BoneChassis_cdt" NamesBlock="zikz_5368WheelAddon, Trailer" Names="FrameAddonTank">

                              </Socket>
                              <Socket ParentFrame="BoneChassis_cdt" Offset="(-1.762; 1.018; 0)" Names="FrameAddonSideboard1">

                              </Socket>
                              <Socket ParentFrame="BoneChassis_cdt" Offset="(-1.22; 1.018; 0)" Names="FrameAddonMaintainerSmall">

                              </Socket>
                              <Socket ParentFrame="BoneChassis_cdt" Offset="(-1.095; 1.018; 0)" Names="FrameAddonTankSmall">
                                <AddonsShift Offset="(-0.375; 0; 0)" Types="zikz_5368WheelAddon">

                                </AddonsShift>
                              </Socket>
                          </AddonSockets>
                          <AddonSockets>
                              <Socket Offset="(0.51; -0.035; 0)" ParentFrame="BoneCabin_cdt" NamesBlock="zikz_5368WheelAddon, FrameAddonKung, FrameAddonMaintainerSmall, FrameAddonTank, FrameAddonTankSmall, FrameAddon, SaddleLow" Names="MetalDetector">

                              </Socket>
                              <Socket Offset="(0.21; 1.018; 0)" NamesBlock="FrameAddonKung, FrameAddonMaintainerSmall, FrameAddonTank, FrameAddonTankSmall, FrameAddon, SemitrailerOiltank" Names="MinicraneRU">
                                  <ExtraParent Frame="BoneChassis_cdt" Offset="(0; 0; -0.04)">

                                  </ExtraParent>
                                  <ExtraParent Frame="BoneChassis_cdt" Offset="(0; 0; 0.04)">

                                  </ExtraParent>
                              </Socket>
                          </AddonSockets>
                          <AddonSockets DefaultAddon="zikz_5368_bumper_default">
                            <Socket ParentFrame="BoneCabin_cdt" Offset="(0; 0; 0)" Names="zikz5368Bumper">

                            </Socket>
                          </AddonSockets>
                          <AddonSockets>
                            <Socket _template="Cabin2Chassis" Offset="(0; 0; 0)" Names="zikz5368Snorkel">

                            </Socket>
                          </AddonSockets>
                          <AddonSockets>
                            <Socket _template="Cabin2Chassis" Offset="(0; 0; 0)" Names="zikz5368Visor">

                            </Socket>
                          </AddonSockets>
                          <AddonSockets>
                            <Socket _template="Cabin2Chassis" Offset="(0; 0; 0)" Names="zikz5368Horn">

                            </Socket>
                          </AddonSockets>
                          <AddonSockets>
                            <Socket _template="Cabin2Chassis" Offset="(0; 0; 0)" Names="zikz5368AirConditioner">

                            </Socket>
                          </AddonSockets>
                          <AddonSockets>
                            <Socket _template="Cabin2Chassis" Offset="(0; 0; 0)" Names="zikz5368Beacon">

                            </Socket>
                          </AddonSockets>
                          <AddonSockets>
                            <Socket _template="Cabin2Chassis" Offset="(0; 0; 0)" Names="zikz5368Sticker_Door_L">

                            </Socket>
                          </AddonSockets>
                          <AddonSockets>
                            <Socket _template="Cabin2Chassis" Offset="(0; 0; 0)" Names="zikz5368Sticker_Door_R">

                            </Socket>
                          </AddonSockets>
                          <AddonSockets>
                            <Socket _template="Cabin2Chassis" Offset="(0; 0; 0)" Names="zikz5368Sticker_Roof">

                            </Socket>
                          </AddonSockets>
                          <AddonSockets>
                            <Socket _template="Cabin2Chassis" Offset="(0; 0; 0)" NamesBlock="zikz5368Beacon" Names="zikz5368SpotLight">

                            </Socket>
                          </AddonSockets>
                          <AddonSockets>
                            <Socket _template="Cabin2Chassis" Offset="(0; 0; 0)" Names="zikz5368Gabarite">

                            </Socket>
                          </AddonSockets>
                          <AddonSockets>
                            <Socket Offset="(0; 0; 0)" ParentFrame="BoneCabin_cdt" NamesBlock="MinicraneRU, FrameAddon" Names="zikz_5368WheelAddon">
                                <ExtraParent Frame="BoneChassis_cdt">

                                </ExtraParent>
                            </Socket>
                          </AddonSockets>
                          <AddonSockets DefaultAddon="zikz_5368_fender_default">
                            <Socket ParentFrame="BoneChassis_cdt" Offset="(0; 0; 0)" Names="zikz_5368Fender">
                                <ExtraParent Frame="BoneCabin_cdt">

                                </ExtraParent>
                            </Socket>
                          </AddonSockets>
                          <AddonSockets DefaultAddon="zikz_5368_diff_lock_default">
                            <Socket ParentFrame="BoneChassis_cdt" Offset="(0; 0; 0)" Names="ZiKZ5368DiffLock">

                            </Socket>
                          </AddonSockets>
                          <AddonSockets>
                            <Socket Offset="(2.666; 1.962; 0)" ParentFrame="BoneCabin_cdt" Names="StuffDashboard" InCockpit="true">
                                <ExtraParent Frame="BoneChassis_cdt">

                                </ExtraParent>
                            </Socket>
                          </AddonSockets>
                          <AddonSockets>
                              <Socket Offset="(2.465; 2.418; 0.249)" Names="StuffAirfreshener" _template="Cabin2Chassis" InCockpit="true">

                              </Socket>
                              <Socket Names="StuffCurtainZikz5368" _template="Cabin2Chassis" InCockpit="true">

                              </Socket>
                          </AddonSockets>
                          <AddonSockets>
                            <Socket Offset="(0; 0; 0)" ParentFrame="BoneCabin_cdt" Names="Zikz5368Sticker_1x1_01" InCockpit="true">
                                <ExtraParent Frame="BoneChassis_cdt">

                                </ExtraParent>
                            </Socket>
                          </AddonSockets>
                          <AddonSockets>
                            <Socket Offset="(0; 0; 0)" ParentFrame="BoneCabin_cdt" Names="Zikz5368Sticker_1x1_02" InCockpit="true">
                                <ExtraParent Frame="BoneChassis_cdt">

                                </ExtraParent>
                            </Socket>
                          </AddonSockets>
                          <AddonSockets>
                            <Socket Offset="(0; 0; 0)" ParentFrame="BoneCabin_cdt" Names="Zikz5368Sticker_1x2_01" InCockpit="true">
                                <ExtraParent Frame="BoneChassis_cdt">

                                </ExtraParent>
                            </Socket>
                          </AddonSockets>
                          <AddonSockets>
                            <Socket Offset="(0; 0; 0)" ParentFrame="BoneCabin_cdt" Names="Zikz5368Sticker_1x4_01" InCockpit="true">
                                <ExtraParent Frame="BoneChassis_cdt">

                                </ExtraParent>
                            </Socket>
                          </AddonSockets>
                          <AddonSockets>
                            <Socket Names="zikz5368Sticker_GlassTop" _template="Cabin2Chassis" InCockpit="true">

                            </Socket>
                          </AddonSockets>
                          <AddonSockets>
                            <Socket Names="zikz5368Sticker_GlassBottom" _template="Cabin2Chassis" InCockpit="true">

                            </Socket>
                          </AddonSockets>
                          <AddonSockets>
                            <Socket _template="Cabin2Chassis" Names="StuffHoodZikz5368">

                            </Socket>
                          </AddonSockets>
                    <CustomizationCameras>
                                <CameraPos Interior="true" Position="(8.093; 5.239; -0.234)" Name="roof_sticker" InterestPosition="(4.922; 0.674; -0.601)" FOV="32.0">

                                </CameraPos>
                                <CameraPos Interior="true" Position="(5.023; 1.438; -0.484)" Name="sticker_1" InterestPosition="(6.603; 3.106; 2.078)" FOV="32.0">

                                </CameraPos>
                                <CameraPos MaxZoom="2" MaxYRotation="360" Position="(-5.756; 3.046; 5.583)" MaxXRotation="360" Name="addon_1" InterestPosition="(1.887; 1.717; -0)" FOV="32.0">

                                </CameraPos>
                                <CameraPos MaxZoom="2" MaxYRotation="360" Position="(1.023; 2.677; 2.072)" MaxXRotation="360" Name="addon_2" InterestPosition="(5.882; 1.525; 0)" FOV="32.0">

                                </CameraPos>
                                <CameraPos Interior="true" Position="(5.454; 2.512; -0.661)" Name="mirror_mount" InterestPosition="(7.984; 1.762; 1.36)" FOV="32.0">

                                </CameraPos>
                                <CameraPos MaxZoom="2" MaxYRotation="360" Position="(-0.226; 4.969; -4.508)" MaxXRotation="360" Name="side_r" InterestPosition="(4.764; 1.97; -0)" FOV="32.0">

                                </CameraPos>
                                <CameraPos Interior="true" Position="(5.902; 2.66; -0.407)" Name="sticker" InterestPosition="(8.029; 0.515; 1.719)" FOV="32.0">

                                </CameraPos>
                                <CameraPos Interior="true" Position="(4.874; 2.029; 3.116)" Name="door_r_sticker" InterestPosition="(8.437; 1.357; 0.623)" FOV="32.0">

                                </CameraPos>
                                <CameraPos MaxZoom="2" MaxYRotation="360" Position="(10.267; 4.218; -3.144)" MaxXRotation="360" Name="roof" InterestPosition="(5.183; 1.536; -0)" FOV="32.0">

                                </CameraPos>
                                <CameraPos Interior="true" Position="(9.801; 3.045; 1.012)" Name="glass_sticker" InterestPosition="(5.664; 1.827; -1.176)" FOV="32.0">

                                </CameraPos>
                                <CameraPos MaxZoom="2" MaxYRotation="360" Position="(12.564; 1.466; -3.599)" MaxXRotation="360" Name="hoods" InterestPosition="(5.798; 1.735; 0)" FOV="32.0">

                                </CameraPos>
                                <CameraPos Interior="true" Position="(5.221; 1.595; 0.03)" Name="sticker_2" InterestPosition="(6.662; 0.61; 1.935)" FOV="32.0">

                                </CameraPos>
                                <CameraPos MaxZoom="2" MaxYRotation="360" Position="(1.007; 3.744; -3.264)" MaxXRotation="360" Name="side_l" InterestPosition="(5.242; 1.8; 0)" FOV="32.0">

                                </CameraPos>
                                <CameraPos Interior="true" Position="(6.301; 2.145; -0.273)" Name="bubble_head" InterestPosition="(7.984; 1.556; 1.428)" FOV="32.0">

                                </CameraPos>
                                <CameraPos MaxZoom="2" MaxYRotation="360" Position="(-0.841; 1.829; -5.424)" MaxXRotation="360" Name="wheels" InterestPosition="(4.867; 1.133; -0)" FOV="32.0">

                                </CameraPos>
                                <CameraPos MaxZoom="2" MaxYRotation="360" Position="(12.564; 1.466; -3.599)" MaxXRotation="360" Name="default" InterestPosition="(5.798; 1.735; 0)" FOV="32.0">

                                </CameraPos>
                                <CameraPos MaxZoom="2" MaxYRotation="360" Position="(-3.271; 2.385; 3.031)" MaxXRotation="360" Name="rear" InterestPosition="(2.358; 0.992; 0)" FOV="32.0">

                                </CameraPos>
                                <CameraPos Interior="true" Position="(4.899; 2.043; -3.098)" Name="door_l_sticker" InterestPosition="(6.541; 1.462; 0)" FOV="32.0">

                                </CameraPos>
                                <CameraPos Interior="true" Position="(9.397; 2.545; -2.079)" Name="hood_ornament" InterestPosition="(8.346; 2.229; -2.079)" FOV="32.0">

                                </CameraPos>
                                <CameraPos Interior="true" Position="(5.454; 2.512; -0.661)" Name="curtain" InterestPosition="(7.984; 1.762; 1.36)" FOV="32.0">

                                </CameraPos>
                    </CustomizationCameras>
                              <WinchSocket Pos="(2.962; 0.819; -0.512)" ParentFrame="BoneCabin_cdt">

                              </WinchSocket>
                              <WinchSocket Pos="(2.962; 0.819; 0.512)" ParentFrame="BoneCabin_cdt">

                              </WinchSocket>
                              <WinchSocket Pos="(0.485; 0.889; -0.465)" ParentFrame="BoneCabin_cdt">

                              </WinchSocket>
                              <WinchSocket Pos="(0.485; 0.889; 0.465)" ParentFrame="BoneCabin_cdt">

                              </WinchSocket>
                              <WinchSocket Pos="(-3.263; 0.904; 0)">

                              </WinchSocket>
      </GameData>
      <Landmark MaxScale="2.5" MinScale="1.5" Mesh="landmarks/zikz_5368_lmk">

      </Landmark>
      <AutomaticIK>
                          <IKBone ModelFrame="BoneBeamHinge" ParentFrame="BoneTieRod_cdt">
                            <IKJoint AxisLocal="(1; 0; 0)" Type="Hinge2">

                            </IKJoint>
                            <IKBone AttachOffset="(0; 0; 0)" ModelFrame="BoneBeamSlider" AttachToFrame="BoneRackLeft">
                                  <IKJoint AxisLocal="(1; 0; 0)" Type="Slider">

                                  </IKJoint>
                            </IKBone>
                          </IKBone>
                          <IKBone ModelFrame="BonePistonHinge" ParentFrame="BoneCabin_cdt">
                            <IKJoint AxisLocal="(1; 0; 0)" Type="Hinge2">

                            </IKJoint>
                            <IKBone AttachOffset="(0; 0; 0)" ModelFrame="BonePistonSlider" AttachToFrame="BoneBeamHinge">
                                  <IKJoint AxisLocal="(1; 0; 0)" Type="Slider">

                                  </IKJoint>
                            </IKBone>
                          </IKBone>
      </AutomaticIK>
  </Truck>
  <_templates Include="trucks">
        <Socket>
            <Cabin2Chassis Offset="(0; 0; 0)" ParentFrame="BoneCabin_cdt">
                <ExtraParent Frame="BoneChassis_cdt">

                </ExtraParent>
            </Cabin2Chassis>
        </Socket>
        <Wheel>
              <FrontWheel ParentFrame="BoneCabin_cdt" SteeringCastor="8" Torque="full" Location="front" SteeringAngle="37">

              </FrontWheel>
              <RearWheel Torque="default" Location="rear" ConnectedToHandbrake="true">

              </RearWheel>
        </Wheel>
        <Flare>
                <MarkerBeacon AttenStart="1" Size="0.25" ColorMultAtDay="0.5" Color="g(255; 174; 0) x 0.2" AttenEnd="200">

                </MarkerBeacon>
        </Flare>
        <Body>
                  <SideMirror Mass="5" Collisions="None">
                      <Constraint AxisLocal="(0; 1; 0)" MaxLimit="15" MinLimit="-15" Type="Hinge">
                          <Motor Type="Spring" Spring="190" Damping="1">

                          </Motor>
                      </Constraint>
                  </SideMirror>
                  <Mudguard Mass="10" Collisions="None">
                        <Constraint Type="Hinge">
                            <Motor Type="Spring" Spring="10" Damping="1">

                            </Motor>
                        </Constraint>
                  </Mudguard>
                  <WireWiggle Mass="1.5" Collisions="None">
                          <Constraint LinearLimitsX="(-0.1;0.1)" LinearLimitsZ="(-0.1;0.1)" LinearLimitsY="(-0.02;0.02)" Type="Fixed">
                              <Motor Type="Spring" Spring="250" Damping="2">

                              </Motor>
                          </Constraint>
                  </WireWiggle>
        </Body>
  </_templates>