  <Truck>
      <ControlledConstraints>
          <Constraint Name="TieRodSteer" IsLinkedSteering="true" Id="chassis_steer">

          </Constraint>
      </ControlledConstraints>
      <PhysicsModel Mesh="trucks/khan_317_sentinel">
            <NetSync Legacy="false">

            </NetSync>
            <Body ImpactType="Truck" Mass="1135" NetSync="pv" CenterOfMassOffset="(0; 0; 0)">
                    <Body ModelFrame="BoneCabin_cdt" ImpactType="Truck" Mass="1000" NetSync="pv" CenterOfMassOffset="(0; 0; 0)">
                      <Constraint Type="Fixed">

                      </Constraint>
                          <Body ModelFrame="BoneMirrorLeft_cdt" _template="SideMirror">
                            <Constraint AxisLocal="(0; 1; 0)">

                            </Constraint>
                          </Body>
                          <Body ModelFrame="BoneMirrorRight_cdt" _template="SideMirror">
                            <Constraint AxisLocal="(0; 1; 0)">

                            </Constraint>
                          </Body>
                          <Body ModelFrame="BoneBelt1_cdt" _template="Belt">

                          </Body>
                          <Body ModelFrame="BoneBelt2_cdt" _template="Belt">

                          </Body>
                          <Body ModelFrame="BoneSunshieldL_cdt" _template="Sunshield">

                          </Body>
                          <Body ModelFrame="BoneSunshieldR_cdt" _template="Sunshield">

                          </Body>
                          <Body ModelFrame="BoneKey1_cdt" _template="Key">
                            <Body ModelFrame="BoneKey2_cdt" _template="Key">
                                <Constraint AxisLocal="(1; 0; 0)">

                                </Constraint>
                            </Body>
                          </Body>
                    </Body>
                    <Body ModelFrame="BoneTieRod1_cdt" _template="TieRod">
                      <Constraint AxisLocal="(0; 1; 0)" MaxLimit="30" Name="TieRodSteer" MinLimit="-30">

                      </Constraint>
                    </Body>
            </Body>
      </PhysicsModel>
      <TruckData BackSteerSpeed="0.15" DiffLockType="Uninstalled" EngineIconScale="1.15" TruckType="SCOUT" FuelCapacity="80" EngineStartDelay="1.8" SteerSpeed="0.032" ExhaustStartTime="1.6" Responsiveness="0.6" TruckImage="khansentinelmchr" EngineIconMesh="env/engine_small">
              <Shakers>
                    <Shaker MaxAngle="(1.1; 1.1; 1.1)" Frame="BoneExhaust" MaxFrequency="3">

                    </Shaker>
                    <Shaker MaxAngle="(2; 2; 2)" Frame="BoneGearstick" MaxFrequency="0.25">

                    </Shaker>
              </Shakers>
              <GearboxSocket Default="g_scout_default" Type="gearboxes_scouts">

              </GearboxSocket>
              <Wheels DefaultRim="rim_1" DefaultWheelType="wheels_scout1" DefaultTire="highway_1">
                        <Wheel Pos="(3.004; 0.428; 0.803)" _template="FrontWheel">

                        </Wheel>
                        <Wheel Pos="(3.004; 0.428; 0.803)" _template="FrontWheel" RightSide="true">

                        </Wheel>
                        <Wheel Pos="(0; 0.428; 0.803)" _template="RearWheel">

                        </Wheel>
                        <Wheel Pos="(0; 0.428; 0.803)" _template="RearWheel" RightSide="true">

                        </Wheel>
              </Wheels>
              <WinchUpgradeSocket Default="w_scout_default" Type="winches_scouts" IsUpgradable="true">

              </WinchUpgradeSocket>
              <SteeringWheel Frame="BoneSteering">

              </SteeringWheel>
              <Damage>
                              <DamageArea Max="(3.7; 1.497; 0.6)" ParentFrame="BoneChassis_cdt" Min="(2.599; 0.75; -0.6)" Type="Engine">

                              </DamageArea>
                              <DamageArea Max="(1.466; 1; 0.891)" ParentFrame="BoneChassis_cdt" Min="(0.457; 0.4; -0.891)" Type="FuelTank">

                              </DamageArea>
              </Damage>
              <EngineSocket Default="ru_scout_modern_engine_0" Type="e_ru_scout_modern">

              </EngineSocket>
              <SoundsDamage _template="Scout">

              </SoundsDamage>
              <Axles>
                                    <Axle Frame="BoneAxleRear">

                                    </Axle>
                                    <Axle Frame="BoneAxleFront">

                                    </Axle>
              </Axles>
              <Camera Center="(-0.3; 0; 0)" RadiusMultiplier="0.8">
                                    <Cockpit WindshieldShadingTexture="trucks/khan_317_sentinel_glass__sh_d.tga" WindshieldDiffuseTexture="trucks/khan_317_sentinel_glass__d_a.tga" ViewPos="(1.63; 1.845; 0.425)" _template="Default">
                                          <Mirror MeshFrame="mirror_left" Pos="(2.201; 1.599; 0.928)" Size="(0.235; 0.18)" ReflectionDir="(-0.95; 0.136; -0.28)" FOVScale="1.1" ClipDir="(-0.95; 0.136; -0.28)">

                                          </Mirror>
                                          <Mirror MeshFrame="mirror_right" Pos="(2.186; 1.599; -0.916)" Size="(0.235; 0.18)" ReflectionDir="(-0.848; 0.072; 0.524)" FOVScale="1.3" ClipDir="(-0.848; 0.072; 0.524)">

                                          </Mirror>
                                          <Mirror MeshFrame="mirror_cab" Pos="(2.085; 1.913; 0)" Size="(0.235; 0.09)" ReflectionDir="(-0.939; -0.079; 0.336)" FOVScale="2" ClipDir="(-0.939; -0.079; 0.336)">

                                          </Mirror>
                                        <Rear HorTransitionStart="-1.1" HorTransitionEnd="-1.2" ViewPosOffset="(0.2; -0.1; 0.55)">

                                        </Rear>
                                    </Cockpit>
              </Camera>
              <Shafts>
                                        <Shaft SocketPointB="Shaft1b" SocketPointA="Shaft1a" Mesh="env/minishaft">

                                        </Shaft>
                                        <Shaft SocketPointB="Shaft2b" SocketPointA="Shaft2a" Mesh="env/minishaft">

                                        </Shaft>
                                        <Shaft SocketPointB="Shaft3b" SocketPointA="Shaft3a" Mesh="env/minishaft">

                                        </Shaft>
              </Shafts>
              <FuelTank DamageCapacity="50">

              </FuelTank>
                                        <CompatibleWheels Type="wheels_scout1" Scale="0.42" OffsetZ="0.045">

                                        </CompatibleWheels>
                                        <CompatibleWheels Type="wheels_scout2" Scale="0.42" OffsetZ="0.045">

                                        </CompatibleWheels>
                                        <CompatibleWheels Type="wheels_scout1" Scale="0.47" OffsetZ="0.045">

                                        </CompatibleWheels>
                                        <CompatibleWheels Type="wheels_scout2" Scale="0.47" OffsetZ="0.055">

                                        </CompatibleWheels>
                                        <CompatibleWheels Type="wheels_scout2" Scale="0.52" OffsetZ="0.1">

                                        </CompatibleWheels>
              <SoundsWheels _template="Default">

              </SoundsWheels>
              <SuspensionSocket Default="khan_317_sentinel_suspension_default" MaxWheelRadiusWithoutSuspension="0.3" Type="s_khan_317_sentinel">

              </SuspensionSocket>
              <Dashboard>
                                                  <Gauge Mesh="trucks/arrows/khan_317_sentinel_arrows_1" Org="(2.368; 1.524; 0.509)" OutputAngles="(-115; 115)" InputType="rpm" Dir="(-0.989; 0.148; 0)" InputRange="(0;1)" Damping="0.99">

                                                  </Gauge>
                                                  <Gauge Org="(2.368; 1.524; 0.328)" OutputAngles="(-116; 116)" Mesh="trucks/arrows/khan_317_sentinel_arrows_1" InputRange="(0;200)" Dir="(-0.989; 0.148; 0)" InputType="speed">

                                                  </Gauge>
                                                  <Gauge Mesh="trucks/arrows/khan_317_sentinel_arrows_2" Org="(2.368; 1.499; 0.509)" OutputAngles="(-126; -186)" InputType="engineEnabled" Dir="(-0.989; 0.148; 0)" InputRange="(0;1)" Damping="0.99">

                                                  </Gauge>
                                                  <Gauge Mesh="trucks/arrows/khan_317_sentinel_arrows_2" Org="(2.368; 1.499; 0.328)" OutputAngles="(-127; -233)" InputType="fuel" Dir="(-0.989; 0.148; 0)" InputRange="(0;1)" Damping="0.99">

                                                  </Gauge>
              </Dashboard>
              <Steam Origin="(3.04; 1.154; 0)">

              </Steam>
              <Sounds _template="Default" DisableReversePitch="false" MinDist="8.0" Origin="(2.889; 1.071; 0)">
                                                    <BrakePull Sound="">

                                                    </BrakePull>
                                                    <EngineHigh Sound="trucks/khan_317_sentinel/khan_317_sentinel_high">

                                                    </EngineHigh>
                                                    <ChassisStress Sound="trucks/hummer_h2/hummer_h2_chassis">

                                                    </ChassisStress>
                                                    <GearFail Sound="trucks/common/truck_gear_wrong/truck_gear_wrong_small_modern">

                                                    </GearFail>
                                                    <HandbrakeOff Sound="trucks/khan_317_sentinel/khan_317_sentinel_handbrake_off">

                                                    </HandbrakeOff>
                                                    <AbruptStop Sound="">

                                                    </AbruptStop>
                                                    <BrakesSqueal Sound="trucks/khan_317_sentinel/khan_317_sentinel_brakes_squeal">

                                                    </BrakesSqueal>
                                                    <EngineHeavy_2d IsSound2D="true" Sound="">

                                                    </EngineHeavy_2d>
                                                    <EngineStart Sound="trucks/khan_317_sentinel/khan_317_sentinel_start">

                                                    </EngineStart>
                                                    <EngineHeavy Sound="">

                                                    </EngineHeavy>
                                                    <Reverse Sound="trucks/khan_317_sentinel/khan_317_sentinel_reverse">

                                                    </Reverse>
                                                    <EngineHigh_2d IsSound2D="true" Sound="trucks/khan_317_sentinel/khan_317_sentinel_high_2d">

                                                    </EngineHigh_2d>
                                                    <EngineLow_2d IsSound2D="true" Sound="trucks/khan_317_sentinel/khan_317_sentinel_low_2d">

                                                    </EngineLow_2d>
                                                    <Handbrake Sound="trucks/khan_317_sentinel/khan_317_sentinel_handbrake_on">

                                                    </Handbrake>
                                                    <AWD Sound="trucks/hummer_h2/hummer_h2_awd">

                                                    </AWD>
                                                    <EngineLow Sound="trucks/khan_317_sentinel/khan_317_sentinel_low">

                                                    </EngineLow>
                                                    <EngineIdle_2d IsSound2D="true" Sound="trucks/khan_317_sentinel/khan_317_sentinel_idle_2d">

                                                    </EngineIdle_2d>
                                                    <EngineStop Sound="trucks/khan_317_sentinel/khan_317_sentinel_stop">

                                                    </EngineStop>
                                                    <EngineIdle Sound="trucks/khan_317_sentinel/khan_317_sentinel_idle">

                                                    </EngineIdle>
                                                    <BrakeRelease Sound="">

                                                    </BrakeRelease>
                                                    <EngineRev Sound="">

                                                    </EngineRev>
                                                    <Honk Sound="trucks/khan_317_sentinel/khan_317_sentinel_honk">

                                                    </Honk>
                                                    <EngineAccel Sound="trucks/khan_317_sentinel/khan_317_sentinel_acc">

                                                    </EngineAccel>
                                                    <Gear Sound="trucks/khan_317_sentinel/khan_317_sentinel_gear_shift">

                                                    </Gear>
              </Sounds>
              <Driver Pos="(1.722; 1.144; 0.425)" AnimationSet="Scout" SteeringWheelPos="(2.057; 1.531; 0.418)">

              </Driver>
              <Exhaust Speed="2.0" IsLight="true" Dir="(-0.825; -0.293; -0.484)" Origin="(-1.075; 0.577; 0.395)">

              </Exhaust>
              <SteeringRack FrameSteerRight="BoneRackRight" Frame="BoneRack" FrameSteerLeft="BoneRackLeft" RackHalfSizeZ="0.706">

              </SteeringRack>
              <OcclusionMap HalfSizeZ="1.8" Texture="trucks/occlusion/chassis_small__s_d_a.tga" MaxX="4.3" MinX="-1.85">

              </OcclusionMap>
      </TruckData>
      <ModelAttachments>
                <StopSignals>
                    <Light Pos="(-1.384; 1.059; 0)" _template="StopSignal" Color="g(102; 1; 1) x 4">

                    </Light>
                        <Flare Pos="(-1.184; 1.246; 0.84)" _template="StopSignal">

                        </Flare>
                        <Flare Pos="(-1.184; 1.246; -0.84)" _template="StopSignal">

                        </Flare>
                        <Flare Size="0.4" _template="StopSignal" Pos="(-1.188; 1.064; 0.836)">

                        </Flare>
                        <Flare Size="0.4" _template="StopSignal" Pos="(-1.188; 1.064; -0.836)">

                        </Flare>
                </StopSignals>
                <Ignition>
                        <Light ParentFrame="BoneCabin_cdt" Pos="(3.95; 1.209; 0.528)" Color="g(255; 190; 100) x 0.4" _template="IgnitionSignalWhite">

                        </Light>
                        <Light ParentFrame="BoneCabin_cdt" Pos="(3.95; 1.209; -0.528)" Color="g(255; 190; 100) x 0.4" _template="IgnitionSignalWhite">

                        </Light>
                        <Light Pos="(-1.384; 1.059; 0)" _template="StopSignal" Color="g(102; 1; 1) x 4">

                        </Light>
                          <Flare Size="0.3" _template="IgnitionSignalWhite" Pos="(3.627; 1.209; 0.528)">

                          </Flare>
                          <Flare Size="0.3" _template="IgnitionSignalWhite" Pos="(3.627; 1.209; -0.528)">

                          </Flare>
                          <Flare ParentFrame="BoneCabin_cdt" Size="0.05" Pos="(3.677; 1.136; -0.572)" Color="g(255; 253; 246) x 0.4" _template="IgnitionSignalWhite">

                          </Flare>
                          <Flare ParentFrame="BoneCabin_cdt" Size="0.05" Pos="(3.684; 1.136; -0.544)" Color="g(255; 253; 246) x 0.4" _template="IgnitionSignalWhite">

                          </Flare>
                          <Flare ParentFrame="BoneCabin_cdt" Size="0.05" Pos="(3.692; 1.136; -0.517)" Color="g(255; 253; 246) x 0.4" _template="IgnitionSignalWhite">

                          </Flare>
                          <Flare ParentFrame="BoneCabin_cdt" Size="0.05" Pos="(3.701; 1.136; -0.489)" Color="g(255; 253; 246) x 0.4" _template="IgnitionSignalWhite">

                          </Flare>
                          <Flare ParentFrame="BoneCabin_cdt" Size="0.05" Pos="(3.71; 1.136; -0.462)" Color="g(255; 253; 246) x 0.4" _template="IgnitionSignalWhite">

                          </Flare>
                          <Flare ParentFrame="BoneCabin_cdt" Size="0.05" Pos="(3.677; 1.136; 0.572)" Color="g(255; 253; 246) x 0.4" _template="IgnitionSignalWhite">

                          </Flare>
                          <Flare ParentFrame="BoneCabin_cdt" Size="0.05" Pos="(3.684; 1.136; 0.544)" Color="g(255; 253; 246) x 0.4" _template="IgnitionSignalWhite">

                          </Flare>
                          <Flare ParentFrame="BoneCabin_cdt" Size="0.05" Pos="(3.692; 1.136; 0.517)" Color="g(255; 253; 246) x 0.4" _template="IgnitionSignalWhite">

                          </Flare>
                          <Flare ParentFrame="BoneCabin_cdt" Size="0.05" Pos="(3.701; 1.136; 0.489)" Color="g(255; 253; 246) x 0.4" _template="IgnitionSignalWhite">

                          </Flare>
                          <Flare ParentFrame="BoneCabin_cdt" Size="0.05" Pos="(3.71; 1.136; 0.462)" Color="g(255; 253; 246) x 0.4" _template="IgnitionSignalWhite">

                          </Flare>
                          <Flare Pos="(-1.184; 1.246; 0.84)" _template="IgnitionSignalRed">

                          </Flare>
                          <Flare Pos="(-1.184; 1.246; -0.84)" _template="IgnitionSignalRed">

                          </Flare>
                </Ignition>
                <HeadLight>
                          <Model _template="HeadLightRay" Org="(3.661; 1.187; 0.653)">

                          </Model>
                          <Model _template="HeadLightRay" Org="(3.661; 1.187; -0.653)">

                          </Model>
                            <Flare Size="0.3" Pos="(3.627; 1.209; 0.528)" Color="g(255; 235; 200) x 0.5" _template="HeadLight">

                            </Flare>
                            <Flare Size="0.3" Pos="(3.627; 1.209; -0.528)" Color="g(255; 235; 200) x 0.5" _template="HeadLight">

                            </Flare>
                            <Flare Size="0.2" Pos="(3.575; 1.185; 0.654)" Color="g(255; 253; 246) x 0.6" _template="HeadLight">

                            </Flare>
                            <Flare Size="0.2" Pos="(3.575; 1.185; -0.654)" Color="g(255; 253; 246) x 0.6" _template="HeadLight">

                            </Flare>
                            <Flare Size="0.7" Pos="(3.661; 1.187; 0.653)" Color="g(220; 220; 255) x 0.07" _template="BlueStreak">

                            </Flare>
                            <Flare Size="0.7" Pos="(3.661; 1.187; -0.653)" Color="g(220; 220; 255) x 0.07" _template="BlueStreak">

                            </Flare>
                </HeadLight>
                <ReverseSignals>
                            <Light Pos="(-1.186; 0.982; 0.823)" _template="ReverseSignal">

                            </Light>
                            <Light Pos="(-1.186; 0.982; -0.823)" _template="ReverseSignal">

                            </Light>
                              <Flare Size="0.3" _template="ReverseSignal" Pos="(-1.186; 0.982; 0.823)">

                              </Flare>
                              <Flare Size="0.3" _template="ReverseSignal" Pos="(-1.186; 0.982; -0.823)">

                              </Flare>
                              <Flare Pos="(-1.186; 0.982; 0.823)" Size="0.4" Dir="(-1; 0; 0)" Color="g(220; 220; 255) x 0.05" _template="BlueStreak">

                              </Flare>
                              <Flare Pos="(-1.186; 0.982; -0.823)" Size="0.4" Dir="(-1; 0; 0)" Color="g(220; 220; 255) x 0.05" _template="BlueStreak">

                              </Flare>
                </ReverseSignals>
      </ModelAttachments>
      <HeadLight Pos="(4.142; 0.963; 0)" _template="Default">

      </HeadLight>
      <GameData Price="28200" Country="RU,CAS" UnlockByExploration="false" UnlockByRank="1" Recallable="true">
                      <CraneSocket Pos="(3.792; 0.711; 0.307)">

                      </CraneSocket>
                      <CraneSocket Pos="(3.792; 0.711; -0.307)">

                      </CraneSocket>
                      <CraneSocket Pos="(-1.391; 0.51; 0)">

                      </CraneSocket>
                      <CraneSocket Pos="(1; 2.1; 0)">

                      </CraneSocket>
                      <CraneSocket Pos="(1.385; 0.604; -0.921)">

                      </CraneSocket>
                      <CraneSocket Pos="(1.385; 0.604; 0.921)">

                      </CraneSocket>
                    <UiDesc UiIcon30x30="scoutVehicleImg30" UiName="UI_VEHICLE_KHAN_317_SENTINEL_H2_NAME" UiIcon328x458="shopImgKhan317Sentinel" UiIconLogo="KhanLogo80" UiDesc="UI_VEHICLE_KHAN_317_SENTINEL_DESC" UiIcon40x40="scoutVehicleImg">

                    </UiDesc>
                          <AddonSockets DefaultAddon="khan_317_sentinel_diff_lock_default">
                            <Socket Names="Khan317SentinelDiffLock">

                            </Socket>
                          </AddonSockets>
                          <AddonSockets>
                              <Socket Names="Khan317Horn1">

                              </Socket>
                              <Socket Names="Khan317Horn2">

                              </Socket>
                          </AddonSockets>
                          <AddonSockets>
                            <Socket Names="Khan317Snorkel">

                            </Socket>
                          </AddonSockets>
                          <AddonSockets>
                            <Socket Names="Khan317SpotLight">

                            </Socket>
                          </AddonSockets>
                          <AddonSockets>
                              <Socket Names="Khan317Visor1">

                              </Socket>
                              <Socket Names="Khan317Visor2">

                              </Socket>
                          </AddonSockets>
                          <AddonSockets DefaultAddon="khan_317_sentinel_bumper_default">
                            <Socket Names="khan317sentinelBumper">

                            </Socket>
                          </AddonSockets>
                          <AddonSockets DefaultAddon="khan_317_sentinel_bumper_rear_default">
                              <Socket Names="khan317sentinelRearBumper">

                              </Socket>
                              <Socket Names="khan317sentinelRearBumper1">

                              </Socket>
                          </AddonSockets>
                          <AddonSockets>
                            <Socket Names="khan317sentinelSideBumper">

                            </Socket>
                          </AddonSockets>
                          <AddonSockets>
                            <Socket NamesBlock="Khan317Horn2, Khan317SpotLight" Names="khan317sentinelRoofRack">

                            </Socket>
                          </AddonSockets>
                          <AddonSockets>
                            <Socket Names="khan317sentinelTrunk">

                            </Socket>
                          </AddonSockets>
                          <AddonSockets>
                            <Socket Offset="(-1.392; 0.546; 0)" Names="ScautTrailer">
                                <AddonsShift Offset="(0; 0.08; 0)" Types="khan317sentinelRearBumper1">

                                </AddonsShift>
                            </Socket>
                          </AddonSockets>
                          <AddonSockets>
                            <Socket ParentFrame="BoneCabin_cdt" Names="khan317SentinelSticker_1x1_01" InCockpit="true">

                            </Socket>
                          </AddonSockets>
                          <AddonSockets>
                            <Socket ParentFrame="BoneCabin_cdt" Names="khan317SentinelSticker_1x1_02" InCockpit="true">

                            </Socket>
                          </AddonSockets>
                          <AddonSockets>
                            <Socket ParentFrame="BoneCabin_cdt" Names="khan317SentinelSticker_1x1_03" InCockpit="true">

                            </Socket>
                          </AddonSockets>
                          <AddonSockets>
                            <Socket ParentFrame="BoneSunshieldL_cdt" Names="khan317SentinelSticker_1x2_01" InCockpit="true">

                            </Socket>
                          </AddonSockets>
                          <AddonSockets>
                            <Socket ParentFrame="BoneSunshieldR_cdt" Names="khan317SentinelSticker_1x2_02" InCockpit="true">

                            </Socket>
                          </AddonSockets>
                          <AddonSockets>
                            <Socket ParentFrame="BoneCabin_cdt" Names="khan317SentinelSticker_1x4_01" InCockpit="true">

                            </Socket>
                          </AddonSockets>
                          <AddonSockets>
                            <Socket ParentFrame="BoneCabin_cdt" Names="khan317SentinelSticker_Roof">

                            </Socket>
                          </AddonSockets>
                          <AddonSockets>
                            <Socket ParentFrame="BoneCabin_cdt" Names="khan317SentinelSticker_Capote">

                            </Socket>
                          </AddonSockets>
                          <AddonSockets>
                            <Socket ParentFrame="BoneCabin_cdt" Names="khan317SentinelSticker_Door_L">

                            </Socket>
                          </AddonSockets>
                          <AddonSockets>
                            <Socket ParentFrame="BoneCabin_cdt" Names="khan317SentinelSticker_Door_R">

                            </Socket>
                          </AddonSockets>
                          <AddonSockets>
                            <Socket ParentFrame="BoneCabin_cdt" Names="khan317sentinel_GlassTop">

                            </Socket>
                          </AddonSockets>
                          <AddonSockets>
                            <Socket ParentFrame="BoneCabin_cdt" Names="stuffHoodKhan317Sentinel">

                            </Socket>
                          </AddonSockets>
                          <AddonSockets>
                            <Socket Offset="(2.111; 1.883; -0.009)" ParentFrame="BoneCabin_cdt" Names="StuffAirfreshener" InCockpit="true">

                            </Socket>
                          </AddonSockets>
                    <CustomizationCameras>
                                <CameraPos Position="(7.9131;5.9254;-0.3965)" InterestPosition="(4.8754;2.1673;-0.8001)" Name="roof_sticker" FOV="32.0">

                                </CameraPos>
                                <CameraPos Interior="true" Position="(4.7255;1.8225;-0.4275)" InterestPosition="(6.5798;2.2887;0.7548)" Name="sticker_1" FOV="32.0">

                                </CameraPos>
                                <CameraPos MaxZoom="2" MaxYRotation="360" Position="(-8.5502;4.2727;9.3153)" Name="addon_1" InterestPosition="(1.3316;1.6924;-0.0)" MaxXRotation="360" FOV="32.0">

                                </CameraPos>
                                <CameraPos MaxZoom="2" MaxYRotation="360" Position="(-0.6345;5.6148;2.5696)" Name="addon_2" InterestPosition="(4.6745;0.253;-0.3407)" MaxXRotation="360" FOV="32.0">

                                </CameraPos>
                                <CameraPos Interior="true" Position="(4.6678;1.7223;-0.0632)" InterestPosition="(6.5222;1.6401;1.1191)" Name="mirror_mount" FOV="32.0">

                                </CameraPos>
                                <CameraPos MaxZoom="2" MaxYRotation="360" Position="(0.7404;2.3868;4.9435)" Name="side_r" InterestPosition="(5.4317;1.5543;1.8221)" MaxXRotation="360" FOV="32.0">

                                </CameraPos>
                                <CameraPos MaxZoom="2" MaxYRotation="360" Position="(9.9007;2.0748;-1.3509)" Name="hood_ornament" InterestPosition="(6.2158;0.9343;-0.7837)" MaxXRotation="360" FOV="32.0">

                                </CameraPos>
                                <CameraPos Interior="true" Position="(5.0868;1.9011;-0.6413)" InterestPosition="(6.7573;0.9581;2.7993)" Name="sticker" FOV="32.0">

                                </CameraPos>
                                <CameraPos Position="(10.1433;2.9089;-2.0325)" InterestPosition="(6.6459;1.7622;-1.347)" Name="glass_sticker" FOV="32.0">

                                </CameraPos>
                                <CameraPos MaxZoom="2" MaxYRotation="360" Position="(3.5987;1.6689;3.824)" Name="door_r_sticker" InterestPosition="(7.0454;0.5763;0.1959)" MaxXRotation="360" FOV="32.0">

                                </CameraPos>
                                <CameraPos MaxZoom="2" MaxYRotation="360" Position="(11.8227;2.9804;1.9292)" Name="roof" InterestPosition="(7.5659;1.7741;-0.3443)" MaxXRotation="360" FOV="32.0">

                                </CameraPos>
                                <CameraPos Position="(10.8567;5.004;-0.9644)" InterestPosition="(6.0598;0.9166;-0.6826)" Name="capote_sticker" FOV="32.0">

                                </CameraPos>
                                <CameraPos MaxZoom="2" MaxYRotation="360" Position="(11.5146;1.8558;-3.6713)" Name="hoods" InterestPosition="(4.7683;0.6497;0.1947)" MaxXRotation="360" FOV="32.0">

                                </CameraPos>
                                <CameraPos Interior="true" Position="(4.7255;1.8225;0.2277)" InterestPosition="(6.5798;2.2887;1.41)" Name="sticker_2" FOV="32.0">

                                </CameraPos>
                                <CameraPos MaxZoom="2" MaxYRotation="360" Position="(11.1009;4.0109;-3.3519)" Name="side_l" InterestPosition="(5.1026;1.4194;-0.4712)" MaxXRotation="360" FOV="32.0">

                                </CameraPos>
                                <CameraPos Interior="true" Position="(4.7313;1.7223;-0.4913)" InterestPosition="(6.5222;1.3807;1.433)" Name="bubble_head" FOV="32.0">

                                </CameraPos>
                                <CameraPos MaxZoom="2" MaxYRotation="360" Position="(10.0945;0.9888;-3.7651)" Name="wheels" InterestPosition="(3.0383;0.1803;1.4418)" MaxXRotation="360" FOV="32.0">

                                </CameraPos>
                                <CameraPos MaxZoom="2" MaxYRotation="360" Position="(13.6412;2.6701;-4.4023)" Name="default" InterestPosition="(5.1967;0.6607;-0.096)" MaxXRotation="360" FOV="32.0">

                                </CameraPos>
                                <CameraPos MaxZoom="2" MaxYRotation="360" Position="(-1.3721;2.2188;2.556)" Name="rear" InterestPosition="(5.2399;0.253;-0.5935)" MaxXRotation="360" FOV="32.0">

                                </CameraPos>
                                <CameraPos Position="(3.8258;1.5295;-3.715)" InterestPosition="(5.2171;0.753;0.2633)" Name="door_l_sticker" FOV="32.0">

                                </CameraPos>
                    </CustomizationCameras>
                              <WinchSocket Pos="(3.792; 0.711; 0.307)">

                              </WinchSocket>
                              <WinchSocket Pos="(3.792; 0.711; -0.307)">

                              </WinchSocket>
                              <WinchSocket Pos="(-1.391; 0.51; 0)">

                              </WinchSocket>
                              <WinchSocket Pos="(1.385; 0.604; 0.921)">

                              </WinchSocket>
                              <WinchSocket Pos="(1.385; 0.604; -0.921)">

                              </WinchSocket>
      </GameData>
      <Landmark MaxScale="3.8" MinScale="1.8" Mesh="landmarks/khan_317_sentinel_lmk">

      </Landmark>
      <AutomaticIK>
                        <IKBone ModelFrame="BoneTieRod2" ParentFrame="BoneTieRod1_cdt">
                            <IKJoint AxisLocal="(0; 0; 1)" Type="Hinge2">

                            </IKJoint>
                            <IKBone AttachOffset="(0; 0; 0)" ModelFrame="BoneTieRod3" AttachToFrame="BoneRack">
                                  <IKJoint AxisLocal="(0; 0; 1)" Type="Slider">

                                  </IKJoint>
                            </IKBone>
                        </IKBone>
      </AutomaticIK>
  </Truck>
  <_templates Include="trucks">
        <Body>
            <Belt Mass="2" Collisions="None">
                <Constraint AxisLocal="(0; 0; 1)" MaxLimit="4" MinLimit="-4" Type="Hinge">
                    <Motor Type="Spring" Spring="10" Damping="10">

                    </Motor>
                </Constraint>
            </Belt>
            <Sunshield Mass="3" Collisions="None">
                  <Constraint AxisLocal="(0; 0; 1)" MaxLimit="5" MinLimit="-5" Type="Hinge">
                      <Motor Type="Spring" Spring="20" Damping="0.5">

                      </Motor>
                  </Constraint>
            </Sunshield>
            <Key Mass="1" Collisions="None">
                    <Constraint AxisLocal="(0; 0; 1)" MaxLimit="30" MinLimit="-30" Type="Hinge">
                        <Motor Type="Spring" Spring="0.005" Damping="0.005">

                        </Motor>
                    </Constraint>
            </Key>
            <SideMirror Mass="5" Collisions="None">
                      <Constraint AxisLocal="(0; 1; 0)" MaxLimit="4" MinLimit="-4" Type="Hinge">
                          <Motor Type="Spring" Spring="200" Damping="3">

                          </Motor>
                      </Constraint>
            </SideMirror>
        </Body>
        <Wheel>
              <FrontWheel SteeringCastor="8" Torque="full" Location="front" SteeringAngle="32">

              </FrontWheel>
              <RearWheel Torque="default" Location="rear" ConnectedToHandbrake="true">

              </RearWheel>
        </Wheel>
        <Flare>
                <Beacon SizeMultAtDay="0.5" DirAngle="180" Size="0.2" ColorMultAtDay="0.3" Color="g(169; 115; 0) x 0.6" AspectRatio="1.4">

                </Beacon>
        </Flare>
  </_templates>