  <_templates Include="trucks">
      <Wheel>
          <RearWheel Location="rear" ConnectedToHandbrake="true" Torque="default">

          </RearWheel>
          <FrontWheel SteeringAngle="35" Location="front" SteeringJointOffset="0.14" Torque="full" SteeringCastor="8">

          </FrontWheel>
      </Wheel>
      <Body>
            <SunShield Mass="1" Collisions="None">
                <Constraint Type="Hinge" MaxLimit="6" AxisLocal="(0; 0; 1)" MinLimit="-3">
                    <Motor Spring="6" Damping="0.3" Type="Spring">

                    </Motor>
                </Constraint>
            </SunShield>
      </Body>
  </_templates>
  <Truck>
        <HeadLight Pos="(1.49; 0.853; 0)" _template="Default">

        </HeadLight>
        <GameData Recallable="true" UnlockByExploration="false" Price="2500" UnlockByRank="1" Country="US">
              <CustomizationCameras>
                    <CameraPos Name="roof_sticker" InterestPosition="(3.9262;0.1992;-0.4071)" Position="(8.5081;6.0409;-1.2961)" FOV="32.0">

                    </CameraPos>
                    <CameraPos Name="sticker_1" InterestPosition="(6.0694;1.3383;0.1654)" Position="(4.8594;1.6492;0.0381)" Interior="true" FOV="32.0">

                    </CameraPos>
                    <CameraPos MaxZoom="2" Name="addon_1" MaxYRotation="360" InterestPosition="(2.6077;1.6924;-0.3039)" Position="(-1.8917;3.0092;-4.5453)" MaxXRotation="360" FOV="32.0">

                    </CameraPos>
                    <CameraPos MaxZoom="2" Name="addon_2" MaxYRotation="360" InterestPosition="(3.9168;2.3406;-1.1494)" Position="(9.6278;4.3308;1.4367)" MaxXRotation="360" FOV="32.0">

                    </CameraPos>
                    <CameraPos Name="mirror_mount" InterestPosition="(8.128;0.9619;1.4099)" Position="(4.5785;1.6818;-0.1197)" Interior="true" FOV="32.0">

                    </CameraPos>
                    <CameraPos MaxZoom="2" Name="side_r" MaxYRotation="360" InterestPosition="(7.1257;1.1426;-0.1672)" Position="(10.9365;2.033;2.7476)" MaxXRotation="360" FOV="32.0">

                    </CameraPos>
                    <CameraPos MaxZoom="2" Name="hood_ornament" MaxYRotation="360" InterestPosition="(3.1035;0.5016;1.1968)" Position="(9.0397;1.6562;-1.0536)" MaxXRotation="360" FOV="32.0">

                    </CameraPos>
                    <CameraPos Name="sticker" InterestPosition="(5.1315;1.2;1.6148)" Position="(4.6348;1.6192;-0.5205)" Interior="true" FOV="32.0">

                    </CameraPos>
                    <CameraPos Name="glass_sticker" InterestPosition="(6.1056;1.3034;-0.684)" Position="(10.3295;2.6477;1.3591)" FOV="32.0">

                    </CameraPos>
                    <CameraPos MaxZoom="2" Name="door_r_sticker" MaxYRotation="360" InterestPosition="(6.6624;0.9107;0.6143)" Position="(3.8799;1.5048;3.6583)" MaxXRotation="360" FOV="32.0">

                    </CameraPos>
                    <CameraPos MaxZoom="2" Name="roof" MaxYRotation="360" InterestPosition="(7.2527;1.8287;-0.0799)" Position="(11.5246;3.7589;2.7247)" MaxXRotation="360" FOV="32.0">

                    </CameraPos>
                    <CameraPos Name="capote_sticker" InterestPosition="(5.8229;0.8703;-0.4071)" Position="(10.9271;3.805;-1.2961)" FOV="32.0">

                    </CameraPos>
                    <CameraPos MaxZoom="2" Name="hoods" MaxYRotation="360" InterestPosition="(5.1701;0.7106;-0.0374)" Position="(11.9129;1.4341;-2.1432)" MaxXRotation="360" FOV="32.0">

                    </CameraPos>
                    <CameraPos MaxZoom="2" Name="side_l" MaxYRotation="360" InterestPosition="(5.8923;0.953;-1.0337)" Position="(10.1381;1.9411;-2.8692)" MaxXRotation="360" FOV="32.0">

                    </CameraPos>
                    <CameraPos Name="bubble_head" InterestPosition="(8.3157;0.8474;0.8802)" Position="(4.6679;1.5971;-0.2506)" Interior="true" FOV="32.0">

                    </CameraPos>
                    <CameraPos MaxZoom="2" Name="wheels" MaxYRotation="360" InterestPosition="(4.1263;0.1126;0.06)" Position="(8.8834;0.8234;-2.7337)" MaxXRotation="360" FOV="32.0">

                    </CameraPos>
                    <CameraPos MaxZoom="2" Name="default" MaxYRotation="360" InterestPosition="(5.871;1.018;-0.576)" Position="(12.482;1.848;-3.093)" MaxXRotation="360" FOV="32.0">

                    </CameraPos>
                    <CameraPos MaxZoom="2" Name="rear" MaxYRotation="360" InterestPosition="(5.9294;0.7922;-0.4685)" Position="(-0.6492;1.6047;1.9784)" MaxXRotation="360" FOV="32.0">

                    </CameraPos>
                    <CameraPos Name="door_l_sticker" InterestPosition="(5.1287;0.9909;-0.2061)" Position="(3.5705;1.413;-3.4531)" FOV="32.0">

                    </CameraPos>
              </CustomizationCameras>
              <UiDesc UiName="UI_VEHICLE_LAND_ROVER_DEFENDER_110_NAME" UiDesc="UI_VEHICLE_LAND_ROVER_DEFENDER_110_DESC" UiIconLogo="LandRoverLogo80" UiIcon40x40="scoutVehicleImg" UiIcon30x30="scoutVehicleImg30" UiIcon328x458="shopImgLandRoverDefender110">

              </UiDesc>
                    <AddonSockets>
                        <Socket Names="LandRoverDef110Bumper">

                        </Socket>
                        <Socket Names="LandRoverDef110BumperRope">

                        </Socket>
                    </AddonSockets>
                    <AddonSockets DefaultAddon="land_rover_defender_110_license_default">
                      <Socket Names="LandRoverDef110License" ParentFrame="BoneCabin_cdt">
                            <AddonsShift Offset="(-0.6; 0.2; 0)" Types="LandRoverDef110Bumper">

                            </AddonsShift>
                            <AddonsShift Offset="(-0.6; 0.2; 0)" Types="LandRoverDef110BumperRope">

                            </AddonsShift>
                      </Socket>
                    </AddonSockets>
                    <AddonSockets>
                      <Socket Names="LandRoverDef110Horn" ParentFrame="BoneCabin_cdt">

                      </Socket>
                    </AddonSockets>
                    <AddonSockets>
                        <Socket Names="LandRoverDef110Visor1" ParentFrame="BoneCabin_cdt">

                        </Socket>
                        <Socket NamesBlock="LandRoverDef110BumperRope" Names="LandRoverDef110Visor2" ParentFrame="BoneCabin_cdt">

                        </Socket>
                    </AddonSockets>
                    <AddonSockets>
                      <Socket Names="LandRoverDef110VisorSpotLight" ParentFrame="BoneCabin_cdt">

                      </Socket>
                    </AddonSockets>
                    <AddonSockets>
                      <Socket Names="LandRoverDef110Flasher" ParentFrame="BoneCabin_cdt">

                      </Socket>
                    </AddonSockets>
                    <AddonSockets>
                      <Socket Names="LandRoverDef110Roofrack" ParentFrame="BoneCabin_cdt">

                      </Socket>
                    </AddonSockets>
                    <AddonSockets>
                      <Socket Names="LandRoverDef110Snorkel" ParentFrame="BoneCabin_cdt">

                      </Socket>
                    </AddonSockets>
                    <AddonSockets DefaultAddon="land_rover_defender_110_wheel_addon">
                      <Socket Names="LandRoverDef110WheelAddon" ParentFrame="BoneCabin_cdt">

                      </Socket>
                    </AddonSockets>
                    <AddonSockets>
                      <Socket Offset="(-2.341; 0.542; 0)" Names="ScautTrailer">

                      </Socket>
                    </AddonSockets>
                    <AddonSockets>
                      <Socket ParentFrame="BoneCabin_cdt" Names="landRoverDefender110Sticker_1x1_01" InCockpit="true">

                      </Socket>
                    </AddonSockets>
                    <AddonSockets>
                      <Socket ParentFrame="BoneCabin_cdt" Names="landRoverDefender110Sticker_1x1_02" InCockpit="true">

                      </Socket>
                    </AddonSockets>
                    <AddonSockets>
                      <Socket ParentFrame="BoneCabin_cdt" Names="landRoverDefender110Sticker_1x2_01" InCockpit="true">

                      </Socket>
                    </AddonSockets>
                    <AddonSockets>
                      <Socket ParentFrame="BoneCabin_cdt" Names="landRoverDefender110Sticker_1x2_02" InCockpit="true">

                      </Socket>
                    </AddonSockets>
                    <AddonSockets>
                      <Socket ParentFrame="BoneCabin_cdt" Names="landRoverDefender110Sticker_1x4_01" InCockpit="true">

                      </Socket>
                    </AddonSockets>
                    <AddonSockets>
                      <Socket ParentFrame="BoneCabin_cdt" Names="landRoverDefender110Sticker_1x4_02" InCockpit="true">

                      </Socket>
                    </AddonSockets>
                    <AddonSockets>
                      <Socket Names="landRoverDefender110StickerDoorL" ParentFrame="BoneCabin_cdt">

                      </Socket>
                    </AddonSockets>
                    <AddonSockets>
                      <Socket Names="landRoverDefender110StickerDoorR" ParentFrame="BoneCabin_cdt">

                      </Socket>
                    </AddonSockets>
                    <AddonSockets>
                      <Socket Names="landRoverDefender110StickerCapote" ParentFrame="BoneCabin_cdt">

                      </Socket>
                    </AddonSockets>
                    <AddonSockets>
                      <Socket Names="landRoverDefender110StickerRoof" ParentFrame="BoneCabin_cdt">

                      </Socket>
                    </AddonSockets>
                    <AddonSockets>
                      <Socket Names="landRoverDefender110StickerGlassBot" ParentFrame="BoneCabin_cdt">

                      </Socket>
                    </AddonSockets>
                    <AddonSockets>
                      <Socket ParentFrame="BoneCabin_cdt" Offset="(0.478; 1.67; 0.012)" Names="StuffAirfreshener" InCockpit="true">

                      </Socket>
                    </AddonSockets>
                    <AddonSockets>
                      <Socket ParentFrame="BoneCabin_cdt" Offset="(0.78; 1.346; 0.187)" Names="StuffDashboard" InCockpit="true">

                      </Socket>
                    </AddonSockets>
                    <AddonSockets>
                      <Socket Names="StuffHoodLandRoverDef110" ParentFrame="BoneCabin_cdt">

                      </Socket>
                    </AddonSockets>
                    <AddonSockets DefaultAddon="land_rover_defender_110_diff_lock_default">
                      <Socket Offset="(0; 0; 0)" Names="LandRover_Defender_110_diff_lock" ParentFrame="BoneChassis_cdt">

                      </Socket>
                    </AddonSockets>
                      <CraneSocket Pos="(2.455; 0.62; 0)">

                      </CraneSocket>
                      <CraneSocket Pos="(0.062; 0.547; -0.925)">

                      </CraneSocket>
                      <CraneSocket Pos="(0.062; 0.547; 0.925)">

                      </CraneSocket>
                      <CraneSocket Pos="(-2.316; 0.697; 0.438)">

                      </CraneSocket>
                      <CraneSocket Pos="(-2.316; 0.697; -0.438)">

                      </CraneSocket>
                      <CraneSocket Pos="(-0.254; 1.935; 0)">

                      </CraneSocket>
                        <WinchSocket Pos="(2.455; 0.62; 0)">

                        </WinchSocket>
                        <WinchSocket Pos="(0.062; 0.547; -0.925)">

                        </WinchSocket>
                        <WinchSocket Pos="(0.062; 0.547; 0.925)">

                        </WinchSocket>
                        <WinchSocket Pos="(-2.316; 0.697; 0.438)">

                        </WinchSocket>
                        <WinchSocket Pos="(-2.316; 0.697; -0.438)">

                        </WinchSocket>
        </GameData>
        <PhysicsModel Mesh="trucks/land_rover_defender_110">
                <Body NetSync="pv" CenterOfMassOffset="(-0.8; 0.1; 0)" ModelFrame="BoneChassis_cdt" Mass="1350" ImpactType="Truck">
                    <Body NetSync="pv" CenterOfMassOffset="(0.8; 0; 0)" ModelFrame="BoneCabin_cdt" Mass="1000" ImpactType="Truck">
                        <Constraint Type="Fixed">

                        </Constraint>
                            <Body ModelFrame="BoneSunshieldLeft_cdt" _template="SunShield">

                            </Body>
                            <Body ModelFrame="BoneSunshieldRight_cdt" _template="SunShield">

                            </Body>
                    </Body>
                </Body>
                <NetSync Legacy="false">

                </NetSync>
        </PhysicsModel>
        <Snorkel Origin="(1.491; 0.839; 0)">

        </Snorkel>
        <Landmark MaxScale="3.8" Mesh="landmarks/land_rover_defender_110_lmk" MinScale="1.8">

        </Landmark>
        <AutomaticIK>
                        <IKBone ParentFrame="BoneChassis_cdt" ModelFrame="BoneAxle2L_IK_A">
                          <IKJoint Type="Hinge" AxisLocal="(1; 0; 0)">

                          </IKJoint>
                          <IKBone AttachToFrame="BoneAxle2L" AttachOffset="(0; 0; 0)" ModelFrame="BoneAxle2L_IK_B">
                                <IKJoint Type="Hinge" AxisLocal="(1; 0; 0)">

                                </IKJoint>
                          </IKBone>
                        </IKBone>
                        <IKBone ParentFrame="BoneChassis_cdt" ModelFrame="BoneAxle2R_IK_A">
                          <IKJoint Type="Hinge" AxisLocal="(1; 0; 0)">

                          </IKJoint>
                          <IKBone AttachToFrame="BoneAxle2R" AttachOffset="(0; 0; 0)" ModelFrame="BoneAxle2R_IK_B">
                                <IKJoint Type="Hinge" AxisLocal="(1; 0; 0)">

                                </IKJoint>
                          </IKBone>
                        </IKBone>
        </AutomaticIK>
        <ModelAttachments>
                        <HeadLight>
                              <Flare Pos="(2.227; 1.018; -0.622)" _template="HeadLight" Color="g(255; 235; 215) x 0.37" Size="0.4">

                              </Flare>
                              <Flare Pos="(2.227; 1.018; 0.622)" _template="HeadLight" Color="g(255; 235; 215) x 0.37" Size="0.4">

                              </Flare>
                              <Flare Pos="(2.227; 1.018; -0.622)" _template="HeadLight" Color="g(255; 235; 215) x 0.37" Size="0.1">

                              </Flare>
                              <Flare Pos="(2.227; 1.018; 0.622)" _template="HeadLight" Color="g(255; 235; 215) x 0.37" Size="0.1">

                              </Flare>
                              <Flare Pos="(2.227; 1.018; -0.622)" _template="BlueStreak" Color="g(220; 220; 255) x 0.07" Size="0.7">

                              </Flare>
                              <Flare Pos="(2.227; 1.018; 0.622)" _template="BlueStreak" Color="g(220; 220; 255) x 0.07" Size="0.7">

                              </Flare>
                                <Model Org="(2.227; 1.018; -0.622)" _template="HeadLightRay">

                                </Model>
                                <Model Org="(2.227; 1.018; 0.622)" _template="HeadLightRay">

                                </Model>
                        </HeadLight>
                        <StopSignals>
                              <Light Pos="(-2.433; 0.693; 0)" _template="StopSignal">

                              </Light>
                                  <Flare Pos="(-2.147; 1.181; 0.634)" Size="0.3" _template="StopSignal">

                                  </Flare>
                                  <Flare Pos="(-2.147; 1.181; -0.634)" Size="0.3" _template="StopSignal">

                                  </Flare>
                                  <Flare Pos="(-2.147; 0.99; 0.64)" Size="0.3" _template="StopSignal">

                                  </Flare>
                                  <Flare Pos="(-2.147; 0.99; -0.64)" Size="0.3" _template="StopSignal">

                                  </Flare>
                        </StopSignals>
                        <Ignition>
                                  <Light Pos="(-2.6; 0.5; 0)" _template="IgnitionSignalRed">

                                  </Light>
                                  <Light Pos="(2.227; 1.018; -0.622)" Color="g(240; 200; 165) x 1.0" _template="IgnitionSignalWhite">

                                  </Light>
                                  <Light Pos="(2.227; 1.018; 0.622)" Color="g(240; 200; 165) x 1.0" _template="IgnitionSignalWhite">

                                  </Light>
                                    <Flare Pos="(2.227; 1.018; -0.622)" _template="IgnitionSignalWhite" Color="g(255; 240; 230) x 0.5" Size="0.5">

                                    </Flare>
                                    <Flare Pos="(2.227; 1.018; 0.622)" _template="IgnitionSignalWhite" Color="g(255; 240; 230) x 0.5" Size="0.5">

                                    </Flare>
                                    <Flare Pos="(-2.147; 1.181; 0.634)" _template="IgnitionSignalRed" Color="g(255; 0; 0) x 0.1" Size="0.4">

                                    </Flare>
                                    <Flare Pos="(-2.147; 1.181; -0.634)" _template="IgnitionSignalRed" Color="g(255; 0; 0) x 0.1" Size="0.4">

                                    </Flare>
                                    <Flare Pos="(-2.147; 0.99; 0.64)" _template="IgnitionSignalRed" Color="g(255; 0; 0) x 0.1" Size="0.4">

                                    </Flare>
                                    <Flare Pos="(-2.147; 0.99; -0.64)" _template="IgnitionSignalRed" Color="g(255; 0; 0) x 0.1" Size="0.4">

                                    </Flare>
                        </Ignition>
                        <ReverseSignals>
                                  <Light Pos="(-2.415; 0.56; 0)" Color="g(255; 230; 215) x 0.8" _template="ReverseSignal">

                                  </Light>
                                      <Flare Pos="(-2.154; 1.089; 0.639)" Dir="(-1; 0; 0)" _template="ReverseSignal" Size="0.5">

                                      </Flare>
                                      <Flare Pos="(-2.154; 1.089; -0.639)" Dir="(-1; 0; 0)" _template="ReverseSignal" Size="0.5">

                                      </Flare>
                        </ReverseSignals>
        </ModelAttachments>
        <TruckData SteerSpeed="0.032" EngineStartDelay="1.8" EngineIconMesh="env/engine_small" TruckType="SCOUT" Responsiveness="0.6" BackSteerSpeed="0.06" TruckImage="landroverdefender110mchr" FuelCapacity="80" DiffLockType="Uninstalled" ExhaustStartTime="1.6" EngineIconScale="1.15">
                          <Driver Pos="(0.084; 0.852; 0.422)" AnimationSet="Scout" SteeringWheelPos="(0.397; 1.239; 0.418)">

                          </Driver>
                          <SoundsDamage _template="Scout">

                          </SoundsDamage>
                          <OcclusionMap MinX="-3.0" Texture="trucks/occlusion/chassis_small__s_d_a.tga" HalfSizeZ="1.8" MaxX="3.2">

                          </OcclusionMap>
                          <FuelTank DamageCapacity="50">

                          </FuelTank>
                                    <CompatibleWheels Type="wheels_land_rover_defender_110" Scale="0.39">

                                    </CompatibleWheels>
                                    <CompatibleWheels Type="wheels_scout1" Scale="0.39" OffsetZ="0.04">

                                    </CompatibleWheels>
                                    <CompatibleWheels Type="wheels_scout2" Scale="0.39" OffsetZ="0.04">

                                    </CompatibleWheels>
                                    <CompatibleWheels Type="wheels_scout2" Scale="0.41" OffsetZ="0.04">

                                    </CompatibleWheels>
                          <EngineSocket Type="e_us_scout_modern" Default="us_scout_modern_engine_0">

                          </EngineSocket>
                          <SuspensionSocket Type="s_land_rover_defender_110" MaxWheelRadiusWithoutSuspension="0.28" Default="land_rover_defender_110_suspension_default">

                          </SuspensionSocket>
                          <Dashboard>
                                              <Gauge InputType="speed" Dir="(-0.964; 0.264; 0.014)" Org="(0.706; 1.265; 0.505)" Mesh="trucks/arrows/land_rover_defender_110_arrow_1" InputRange="(0;240)" OutputAngles="(-134; 135)">

                                              </Gauge>
                                              <Gauge InputRange="(0;1)" Dir="(-0.964; 0.264; 0.014)" InputType="rpm" Org="(0.706; 1.265; 0.326)" Damping="0.99" Mesh="trucks/arrows/land_rover_defender_110_arrow_1" OutputAngles="(-131; 133)">

                                              </Gauge>
                          </Dashboard>
                          <Axles>
                                                <Axle Frame="BoneAxle1R" IsIndependent="true">

                                                </Axle>
                                                <Axle Frame="BoneAxle1L" IsIndependent="true">

                                                </Axle>
                                                <Axle Frame="BoneAxle2R" IsIndependent="true">

                                                </Axle>
                                                <Axle Frame="BoneAxle2L" IsIndependent="true">

                                                </Axle>
                          </Axles>
                                              <Exhaust IsLight="true" Dir="(-0.698; -0.716; 0)" Speed="2.0" Origin="(-2.067; 0.443; 0.497)">

                                              </Exhaust>
                                              <Exhaust IsLight="true" Dir="(-0.698; -0.716; 0)" Speed="2.0" Origin="(-2.067; 0.443; -0.497)">

                                              </Exhaust>
                          <GearboxSocket Type="gearboxes_scouts" Default="g_scout_default">

                          </GearboxSocket>
                          <Camera Center="(-1.2; 0; 0)" RadiusMultiplier="0.8">
                                                    <Cockpit WindshieldDiffuseTexture="trucks/land_rover_defender_110_glass__d_a.tga" _template="Default" WindshieldShadingTexture="trucks/land_rover_defender_110_glass__sh_d.tga" ViewPos="(0.047; 1.556; 0.421)">
                                                          <Mirror FOVScale="1.2" ClipDir="(-0.925; 0.084; -0.371)" MeshFrame="mirror_left" Pos="(0.514; 1.409; 0.977)" ReflectionDir="(-0.925; 0.084; -0.371)" Size="(0.18; 0.21)" ClipOffset="0.1">

                                                          </Mirror>
                                                          <Mirror FOVScale="1.5" ClipDir="(-0.822; 0.039; 0.568)" MeshFrame="mirror_right" Pos="(0.514; 1.409; -0.977)" ReflectionDir="(-0.822; 0.039; 0.568)" Size="(0.18; 0.21)" ClipOffset="0.1">

                                                          </Mirror>
                                                          <Mirror FOVScale="1.5" ClipDir="(-0.949; -0.152; 0.278)" MeshFrame="hp_cab_mirror" Pos="(0.458; 1.695; 0.018)" ReflectionDir="(-0.949; -0.152; 0.278)" Size="(0.27; 0.07)" ClipOffset="0.1">

                                                          </Mirror>
                                                    </Cockpit>
                          </Camera>
                          <Steam Origin="(1.82; 0.606; 0)">

                          </Steam>
                          <Wheels DefaultWheelType="wheels_land_rover_defender_110" DefaultTire="tire" DefaultRim="rim">
                                                          <Wheel Pos="(1.625; 0.414; 0.9)" _template="FrontWheel">

                                                          </Wheel>
                                                          <Wheel RightSide="true" Pos="(1.625; 0.414; 0.9)" _template="FrontWheel">

                                                          </Wheel>
                                                          <Wheel Pos="(-1.4; 0.414; 0.876)" _template="RearWheel">

                                                          </Wheel>
                                                          <Wheel RightSide="true" Pos="(-1.4; 0.414; 0.876)" _template="RearWheel">

                                                          </Wheel>
                          </Wheels>
                          <WinchUpgradeSocket Type="winches_scouts" Default="w_scout_default" IsUpgradable="true">

                          </WinchUpgradeSocket>
                                                          <SteeringRack Frame="BoneRackR" RackHalfSizeZ="0.667" FrameSteerLeft="BoneAxle1Rack_L" FrameSteerRight="BoneAxle1Rack_R">

                                                          </SteeringRack>
                                                          <SteeringRack Frame="BoneRackL" RackHalfSizeZ="0.667" FrameSteerLeft="BoneAxle1Rack_L" FrameSteerRight="BoneAxle1Rack_R">

                                                          </SteeringRack>
                          <SteeringWheel Frame="BoneSteering">

                          </SteeringWheel>
                          <SoundsWheels _template="Default">

                          </SoundsWheels>
                          <Damage>
                                                                    <DamageArea Type="Engine" Max="(2.275; 1.033; 0.752)" Min="(1.117; 0.351; -0.752)">

                                                                    </DamageArea>
                                                                    <DamageArea Type="FuelTank" Max="(-1.309; 1.177; -0.117)" Min="(-2.091; 0.404; -0.838)">

                                                                    </DamageArea>
                          </Damage>
                          <Sounds _template="Default" Origin="(1.541; 0.928; 0)" MinDist="8.0" DisableReversePitch="false">
                                                                    <Reverse Sound="">

                                                                    </Reverse>
                                                                    <EngineHeavy_2d IsSound2D="true" Sound="trucks/land_rover_defender_110/land_rover_defender_110_heavy_2d">

                                                                    </EngineHeavy_2d>
                                                                    <EngineLow Sound="trucks/land_rover_defender_110/land_rover_defender_110_low">

                                                                    </EngineLow>
                                                                    <BrakePull Sound="">

                                                                    </BrakePull>
                                                                    <EngineHigh Sound="trucks/land_rover_defender_110/land_rover_defender_110_high">

                                                                    </EngineHigh>
                                                                    <HandbrakeOff Sound="trucks/land_rover_defender_110/land_rover_defender_110_handbrake_off">

                                                                    </HandbrakeOff>
                                                                    <Gear Sound="trucks/land_rover_defender_110/land_rover_defender_110_gear_shift">

                                                                    </Gear>
                                                                    <ChassisStress Sound="trucks/hummer_h2/hummer_h2_chassis">

                                                                    </ChassisStress>
                                                                    <AbruptStop Sound="">

                                                                    </AbruptStop>
                                                                    <EngineRev Sound="trucks/land_rover_defender_110/land_rover_defender_110_rev">

                                                                    </EngineRev>
                                                                    <EngineHeavy Sound="trucks/land_rover_defender_110/land_rover_defender_110_heavy">

                                                                    </EngineHeavy>
                                                                    <EngineLow_2d IsSound2D="true" Sound="trucks/land_rover_defender_110/land_rover_defender_110_low_2d">

                                                                    </EngineLow_2d>
                                                                    <EngineHigh_2d IsSound2D="true" Sound="trucks/land_rover_defender_110/land_rover_defender_110_high_2d">

                                                                    </EngineHigh_2d>
                                                                    <EngineAccel Sound="trucks/land_rover_defender_110/land_rover_defender_110_acc">

                                                                    </EngineAccel>
                                                                    <EngineIdle_2d IsSound2D="true" Sound="trucks/land_rover_defender_110/land_rover_defender_110_idle_2d">

                                                                    </EngineIdle_2d>
                                                                    <EngineStart Sound="trucks/land_rover_defender_110/land_rover_defender_110_start">

                                                                    </EngineStart>
                                                                    <Handbrake Sound="trucks/land_rover_defender_110/land_rover_defender_110_handbrake_on">

                                                                    </Handbrake>
                                                                    <BrakeRelease Sound="">

                                                                    </BrakeRelease>
                                                                    <GearFail Sound="trucks/common/truck_gear_wrong/truck_gear_wrong_small_modern">

                                                                    </GearFail>
                                                                    <EngineIdle Sound="trucks/land_rover_defender_110/land_rover_defender_110_idle">

                                                                    </EngineIdle>
                                                                    <EngineStop Sound="trucks/land_rover_defender_110/land_rover_defender_110_stop">

                                                                    </EngineStop>
                                                                    <BrakesSqueal Sound="trucks/land_rover_defender_110/land_rover_defender_110_brakes_squeal">

                                                                    </BrakesSqueal>
                                                                    <Honk Sound="trucks/land_rover_defender_110/land_rover_defender_110_honk">

                                                                    </Honk>
                          </Sounds>
        </TruckData>
  </Truck>