  <_templates Include="trucks">
      <Wheel>
          <RearWheel Location="rear" ConnectedToHandbrake="true" Torque="default">

          </RearWheel>
          <FrontWheel SteeringAngle="35" Location="front" Torque="full" SteeringCastor="8">

          </FrontWheel>
      </Wheel>
      <Body>
            <SideMirror Mass="5" Collisions="None">
                <Constraint Type="Hinge" MaxLimit="2" AxisLocal="(0; 1; 0)" MinLimit="-2">
                    <Motor Spring="250" Damping="7.5" Type="Spring">

                    </Motor>
                </Constraint>
            </SideMirror>
            <SunShield Mass="3" Collisions="None">
                  <Constraint Type="Hinge" MaxLimit="6" AxisLocal="(0; 0; 1)" MinLimit="-6">
                      <Motor Spring="30" Damping="1" Type="Spring">

                      </Motor>
                  </Constraint>
            </SunShield>
            <Mudguard Mass="2" Collisions="None">
                    <Constraint Type="Hinge" MaxLimit="40" AxisLocal="(0; 0; 1)" MinLimit="-40">
                        <Motor Spring="2.5" Damping="0.25" Type="Spring">

                        </Motor>
                    </Constraint>
            </Mudguard>
      </Body>
  </_templates>
  <Truck>
        <HeadLight Pos="(1.49; 0.853; 0)" _template="Default">

        </HeadLight>
        <GameData Recallable="true" UnlockByExploration="false" Price="2500" UnlockByRank="1" Country="US">
              <CustomizationCameras>
                    <CameraPos Name="roof_sticker" InterestPosition="(4.581;0.1992;-0.4071)" Position="(9.599;5.9558;-1.2961)" FOV="32.0">

                    </CameraPos>
                    <CameraPos Name="sticker_1" InterestPosition="(5.3503;0.8562;0.9219)" Position="(4.9068;1.9559;-0.4972)" Interior="true" FOV="32.0">

                    </CameraPos>
                    <CameraPos MaxZoom="2" Name="addon_1" MaxYRotation="360" InterestPosition="(4.0195;1.6924;-0.3039)" Position="(9.8613;2.3627;5.4165)" MaxXRotation="360" FOV="32.0">

                    </CameraPos>
                    <CameraPos MaxZoom="2" Name="addon_2" MaxYRotation="360" InterestPosition="(3.9168;2.3406;-1.1494)" Position="(9.6278;4.3308;1.4367)" MaxXRotation="360" FOV="32.0">

                    </CameraPos>
                    <CameraPos Name="mirror_mount" InterestPosition="(8.128;0.9619;1.5392)" Position="(4.5785;1.8266;-0.2378)" Interior="true" FOV="32.0">

                    </CameraPos>
                    <CameraPos MaxZoom="2" Name="side_r" MaxYRotation="360" InterestPosition="(7.1257;1.1426;-0.1672)" Position="(10.9365;2.033;2.7476)" MaxXRotation="360" FOV="32.0">

                    </CameraPos>
                    <CameraPos MaxZoom="2" Name="hood_ornament" MaxYRotation="360" InterestPosition="(3.1035;0.5016;1.1968)" Position="(8.9979;1.6562;-1.1952)" MaxXRotation="360" FOV="32.0">

                    </CameraPos>
                    <CameraPos Name="sticker" InterestPosition="(5.0939;0.926;1.1292)" Position="(4.9534;1.9559;-0.2898)" Interior="true" FOV="32.0">

                    </CameraPos>
                    <CameraPos Name="glass_sticker" InterestPosition="(6.1056;1.3034;-0.684)" Position="(10.515;2.6477;1.6487)" FOV="32.0">

                    </CameraPos>
                    <CameraPos MaxZoom="2" Name="door_r_sticker" MaxYRotation="360" InterestPosition="(6.6624;0.9107;0.6143)" Position="(3.8799;1.5048;3.6583)" MaxXRotation="360" FOV="32.0">

                    </CameraPos>
                    <CameraPos MaxZoom="2" Name="roof" MaxYRotation="360" InterestPosition="(6.8329;1.8979;-0.074)" Position="(10.798;3.557;2.6366)" MaxXRotation="360" FOV="32.0">

                    </CameraPos>
                    <CameraPos Name="capote_sticker" InterestPosition="(5.8229;0.8703;-0.4071)" Position="(10.9271;3.805;-1.2961)" FOV="32.0">

                    </CameraPos>
                    <CameraPos MaxZoom="2" Name="hoods" MaxYRotation="360" InterestPosition="(5.1701;0.7106;-0.0374)" Position="(11.9129;1.4341;-2.1432)" MaxXRotation="360" FOV="32.0">

                    </CameraPos>
                    <CameraPos MaxZoom="2" Name="side_l" MaxYRotation="360" InterestPosition="(6.4091;1.4974;-0.536)" Position="(-0.3354;4.1567;4.1608)" MaxXRotation="360" FOV="32.0">

                    </CameraPos>
                    <CameraPos Name="bubble_head" InterestPosition="(8.128;0.786;2.6892)" Position="(4.9937;1.7121;-0.1654)" Interior="true" FOV="32.0">

                    </CameraPos>
                    <CameraPos MaxZoom="2" Name="wheels" MaxYRotation="360" InterestPosition="(3.8847;0.4191;1.7965)" Position="(8.5928;0.7552;-3.2119)" MaxXRotation="360" FOV="32.0">

                    </CameraPos>
                    <CameraPos MaxZoom="2" Name="default" MaxYRotation="360" InterestPosition="(5.8715;1.0183;-0.5759)" Position="(12.4819;1.8482;-3.0931)" MaxXRotation="360" FOV="32.0">

                    </CameraPos>
                    <CameraPos MaxZoom="2" Name="rear" MaxYRotation="360" InterestPosition="(5.9294;0.7922;0.099)" Position="(-0.4953;1.6047;2.6866)" MaxXRotation="360" FOV="32.0">

                    </CameraPos>
                    <CameraPos Name="door_l_sticker" InterestPosition="(5.1287;0.9909;-0.2061)" Position="(3.5705;1.413;-3.4531)" FOV="32.0">

                    </CameraPos>
              </CustomizationCameras>
              <UiDesc UiName="UI_VEHICLE_LAND_ROVER_DEFENDER_90_NAME" UiDesc="UI_VEHICLE_LAND_ROVER_DEFENDER_90_DESC" UiIconLogo="LandRoverLogo80" UiIcon40x40="scoutVehicleImg" UiIcon30x30="scoutVehicleImg30" UiIcon328x458="shopImgLandRoverDefender90">

              </UiDesc>
                    <AddonSockets DefaultAddon="land_rover_defender_90_bumper_default">
                      <Socket Names="LandRoverDef90Bumper">

                      </Socket>
                    </AddonSockets>
                    <AddonSockets DefaultAddon="land_rover_defender_90_bumper_rear_default">
                        <Socket Names="LandRoverDef90RearBumper">

                        </Socket>
                        <Socket Names="LandRoverDef90RearBumper1">

                        </Socket>
                        <Socket Names="LandRoverDef90RearBumper2">

                        </Socket>
                    </AddonSockets>
                    <AddonSockets>
                      <Socket Names="LandRoverDef90Visor" ParentFrame="BoneCabin_cdt">

                      </Socket>
                    </AddonSockets>
                    <AddonSockets>
                      <Socket Names="LandRoverDef90Snorkel" ParentFrame="BoneCabin_cdt">

                      </Socket>
                    </AddonSockets>
                    <AddonSockets>
                      <Socket Names="LandRoverDef90Roof" ParentFrame="BoneCabin_cdt">

                      </Socket>
                    </AddonSockets>
                    <AddonSockets>
                      <Socket Names="LandRoverDef90Roofrack" ParentFrame="BoneCabin_cdt">

                      </Socket>
                    </AddonSockets>
                    <AddonSockets DefaultAddon="land_rover_defender_90_wheel_addon">
                      <Socket Names="LandRoverDef90WheelAddon" ParentFrame="BoneCabin_cdt">

                      </Socket>
                    </AddonSockets>
                    <AddonSockets>
                      <Socket Offset="(-1.883; 0.439; 0)" Names="ScautTrailer">
                            <AddonsShift Offset="(-0.074; 0; 0)" Types="LandRoverDef90RearBumper1">

                            </AddonsShift>
                            <AddonsShift Offset="(-0.158; 0; 0)" Types="LandRoverDef90RearBumper2">

                            </AddonsShift>
                      </Socket>
                    </AddonSockets>
                    <AddonSockets>
                      <Socket ParentFrame="BoneCabin_cdt" Names="landRoverDefenderSticker_1x1_01" InCockpit="true">

                      </Socket>
                    </AddonSockets>
                    <AddonSockets>
                      <Socket ParentFrame="BoneCabin_cdt" Names="landRoverDefenderSticker_1x1_02" InCockpit="true">

                      </Socket>
                    </AddonSockets>
                    <AddonSockets>
                      <Socket ParentFrame="BoneCabin_cdt" Names="landRoverDefenderSticker_1x2_01" InCockpit="true">

                      </Socket>
                    </AddonSockets>
                    <AddonSockets>
                      <Socket ParentFrame="BoneCabin_cdt" Names="landRoverDefenderSticker_1x2_02" InCockpit="true">

                      </Socket>
                    </AddonSockets>
                    <AddonSockets>
                      <Socket ParentFrame="BoneCabin_cdt" Names="landRoverDefenderSticker_1x2_03" InCockpit="true">

                      </Socket>
                    </AddonSockets>
                    <AddonSockets>
                      <Socket ParentFrame="BoneCabin_cdt" Names="landRoverDefenderSticker_1x4_01" InCockpit="true">

                      </Socket>
                    </AddonSockets>
                    <AddonSockets>
                      <Socket Names="landRoverDefenderStickerDoorL" ParentFrame="BoneCabin_cdt">

                      </Socket>
                    </AddonSockets>
                    <AddonSockets>
                      <Socket Names="landRoverDefenderStickerDoorR" ParentFrame="BoneCabin_cdt">

                      </Socket>
                    </AddonSockets>
                    <AddonSockets>
                      <Socket Names="landRoverDefenderStickerCapote" ParentFrame="BoneCabin_cdt">

                      </Socket>
                    </AddonSockets>
                    <AddonSockets>
                      <Socket Names="landRoverDefenderStickerRoof" ParentFrame="BoneCabin_cdt">

                      </Socket>
                    </AddonSockets>
                    <AddonSockets>
                      <Socket Names="landRoverDefenderStickerGlassTop" ParentFrame="BoneCabin_cdt">

                      </Socket>
                    </AddonSockets>
                    <AddonSockets>
                      <Socket ParentFrame="BoneCabin_cdt" Offset="(0.439; 1.72; -0.007)" Names="StuffAirfreshener" InCockpit="true">

                      </Socket>
                    </AddonSockets>
                    <AddonSockets>
                      <Socket ParentFrame="BoneCabin_cdt" Offset="(0.541; 1.454; -0.45)" Names="StuffDashboard" InCockpit="true">

                      </Socket>
                    </AddonSockets>
                    <AddonSockets>
                      <Socket Names="StuffHoodLandRoverDef90" ParentFrame="BoneCabin_cdt">

                      </Socket>
                    </AddonSockets>
                    <AddonSockets DefaultAddon="land_rover_defender_90_diff_lock_default">
                      <Socket Offset="(0; 0; 0)" Names="LandRover_Defender_90_diff_lock" ParentFrame="BoneChassis_cdt">

                      </Socket>
                    </AddonSockets>
                      <CraneSocket Pos="(1.971; 0.485; -0.354)">

                      </CraneSocket>
                      <CraneSocket Pos="(1.971; 0.485; 0.354)">

                      </CraneSocket>
                      <CraneSocket Pos="(-0.27; 0.537; -0.824)">

                      </CraneSocket>
                      <CraneSocket Pos="(-0.27; 0.537; 0.824)">

                      </CraneSocket>
                      <CraneSocket Pos="(-1.883; 0.447; 0)">

                      </CraneSocket>
                      <CraneSocket Pos="(-0.466; 1.991; 0)">

                      </CraneSocket>
                        <WinchSocket Pos="(1.971; 0.485; -0.354)">

                        </WinchSocket>
                        <WinchSocket Pos="(1.971; 0.485; 0.354)">

                        </WinchSocket>
                        <WinchSocket Pos="(-0.27; 0.537; -0.824)">

                        </WinchSocket>
                        <WinchSocket Pos="(-0.27; 0.537; 0.824)">

                        </WinchSocket>
                        <WinchSocket Pos="(-1.883; 0.447; 0)">

                        </WinchSocket>
        </GameData>
        <PhysicsModel Mesh="trucks/land_rover_defender_90">
                <Body NetSync="pv" CenterOfMassOffset="(-1; 0; 0)" ModelFrame="BoneChassis_cdt" Mass="1000" ImpactType="Truck">
                      <Body NetSync="pv" CenterOfMassOffset="(0.9; -0.3; 0)" ModelFrame="BoneCabin_cdt" Mass="750" ImpactType="Truck">
                        <Constraint Type="Fixed">

                        </Constraint>
                            <Body ModelFrame="BoneMirrorLeft_cdt" _template="SideMirror">

                            </Body>
                            <Body ModelFrame="BoneMirrorRight_cdt" _template="SideMirror">

                            </Body>
                            <Body ModelFrame="BoneSunshieldLeft_cdt" _template="SunShield">

                            </Body>
                            <Body ModelFrame="BoneSunshieldRight_cdt" _template="SunShield">

                            </Body>
                            <Body ModelFrame="BoneMudguardRearRight_cdt" _template="Mudguard">

                            </Body>
                            <Body ModelFrame="BoneMudguardRearLeft_cdt" _template="Mudguard">

                            </Body>
                            <Body ModelFrame="BoneBelt_cdt" Mass="1" Collisions="None">
                              <Constraint Type="Hinge" MaxLimit="3" AxisLocal="(0; 0; 1)" MinLimit="-3">
                                  <Motor Spring="10" Damping="1" Type="Spring">

                                  </Motor>
                              </Constraint>
                            </Body>
                      </Body>
                      <Body ModelFrame="BoneMudguardFrontRight_cdt" _template="Mudguard">

                      </Body>
                      <Body ModelFrame="BoneMudguardFrontLeft_cdt" _template="Mudguard">

                      </Body>
                      <Body ModelFrame="BoneTieRod1_cdt" _template="TieRod">
                        <Constraint MaxLimit="30" AxisLocal="(0; -1; 0)" MinLimit="-30" Name="TieRodSteer">

                        </Constraint>
                      </Body>
                </Body>
                <NetSync Legacy="false">

                </NetSync>
        </PhysicsModel>
        <ControlledConstraints>
                  <Constraint IsLinkedSteering="true" Id="chassis_steer" Name="TieRodSteer">

                  </Constraint>
        </ControlledConstraints>
        <Snorkel Origin="(1.491; 0.839; 0)">

        </Snorkel>
        <AutomaticIK>
                      <IKBone ParentFrame="BoneTieRod1_cdt" ModelFrame="BoneTieRod2">
                          <IKJoint Type="Hinge2" AxisLocal="(0; 0; 1)">

                          </IKJoint>
                          <IKBone AttachToFrame="BoneRackRight" AttachOffset="(0; 0; 0)" ModelFrame="BoneTieRod3">
                                <IKJoint Type="Slider" AxisLocal="(0; 1; 0)">

                                </IKJoint>
                          </IKBone>
                      </IKBone>
        </AutomaticIK>
        <Landmark MaxScale="3.8" Mesh="landmarks/land_rover_defender_90_lmk" MinScale="1.8">

        </Landmark>
        <ModelAttachments>
                          <HeadLight>
                                <Flare Pos="(1.893; 0.92; -0.537)" _template="HeadLight" Color="g(255; 235; 215) x 0.37" Size="0.4">

                                </Flare>
                                <Flare Pos="(1.893; 0.92; 0.537)" _template="HeadLight" Color="g(255; 235; 215) x 0.37" Size="0.4">

                                </Flare>
                                <Flare Pos="(1.893; 0.92; -0.537)" _template="HeadLight" Color="g(255; 235; 215) x 0.37" Size="0.1">

                                </Flare>
                                <Flare Pos="(1.893; 0.92; 0.537)" _template="HeadLight" Color="g(255; 235; 215) x 0.37" Size="0.1">

                                </Flare>
                                <Flare Pos="(1.893; 0.92; -0.537)" _template="BlueStreak" Color="g(220; 220; 255) x 0.07" Size="0.7">

                                </Flare>
                                <Flare Pos="(1.893; 0.92; 0.537)" _template="BlueStreak" Color="g(220; 220; 255) x 0.07" Size="0.7">

                                </Flare>
                                  <Model Org="(1.893; 0.92; -0.537)" _template="HeadLightRay">

                                  </Model>
                                  <Model Org="(1.893; 0.92; 0.537)" _template="HeadLightRay">

                                  </Model>
                          </HeadLight>
                          <StopSignals>
                                <Light Pos="(-1.904; 1.001; 0)" _template="StopSignal">

                                </Light>
                                    <Flare Pos="(-1.767; 1.119; -0.754)" Size="0.4" _template="StopSignal">

                                    </Flare>
                                    <Flare Pos="(-1.767; 1.119; 0.754)" Size="0.4" _template="StopSignal">

                                    </Flare>
                          </StopSignals>
                          <Ignition>
                                    <Light Pos="(1.893; 0.92; -0.537)" Color="g(240; 200; 165) x 1.0" _template="IgnitionSignalWhite">

                                    </Light>
                                    <Light Pos="(1.893; 0.92; 0.537)" Color="g(240; 200; 165) x 1.0" _template="IgnitionSignalWhite">

                                    </Light>
                                      <Flare Pos="(-1.767; 1.119; -0.754)" Size="0.4" _template="IgnitionSignalRed">

                                      </Flare>
                                      <Flare Pos="(-1.767; 1.119; 0.754)" Size="0.4" _template="IgnitionSignalRed">

                                      </Flare>
                                      <Flare Pos="(1.891; 0.92; -0.537)" _template="IgnitionSignalWhite" Color="g(255; 240; 230) x 0.5" Size="0.5">

                                      </Flare>
                                      <Flare Pos="(1.891; 0.92; 0.537)" _template="IgnitionSignalWhite" Color="g(255; 240; 230) x 0.5" Size="0.5">

                                      </Flare>
                                      <Flare Pos="(1.927; 1.021; -0.697)" _template="IgnitionSignalWhite" Color="g(255; 225; 200) x 0.3" Size=".2">

                                      </Flare>
                                      <Flare Pos="(1.927; 1.021; 0.697)" _template="IgnitionSignalWhite" Color="g(255; 225; 200) x 0.3" Size=".2">

                                      </Flare>
                                      <Flare Pos="(1.931; 0.854; -0.697)" _template="IgnitionSignalWhite" Color="g(255; 225; 200) x 0.3" Size=".2">

                                      </Flare>
                                      <Flare Pos="(1.931; 0.854; 0.697)" _template="IgnitionSignalWhite" Color="g(255; 225; 200) x 0.3" Size=".2">

                                      </Flare>
                          </Ignition>
                          <ReverseSignals>
                                    <Light Pos="(-1.819; 0.645; 0.646)" Color="g(255; 230; 215) x 0.8" _template="ReverseSignal">

                                    </Light>
                                    <Flare Pos="(-1.766; 0.766; 0.646)" Dir="(-1; 0; 0)" _template="ReverseSignal" Size="0.5">

                                    </Flare>
                          </ReverseSignals>
        </ModelAttachments>
        <TruckData SteerSpeed="0.032" EngineStartDelay="1.8" EngineIconMesh="env/engine_small" TruckType="SCOUT" Responsiveness="0.6" BackSteerSpeed="0.06" TruckImage="landroverdefender90mchr" FuelCapacity="80" DiffLockType="Uninstalled" ExhaustStartTime="1.6" EngineIconScale="1.15">
                            <Driver Pos="(-0.053; 0.963; 0.376)" AnimationSet="Scout" SteeringWheelPos="(0.235; 1.342; 0.431)">

                            </Driver>
                            <SoundsDamage _template="Scout">

                            </SoundsDamage>
                            <Shakers>
                                      <Shaker MaxFrequency="6" Frame="BoneExhaust" MinAngle="(0.3; 0.3; 0.3)" MaxAngle="(1.2; 1.2; 1.2)">

                                      </Shaker>
                                      <Shaker MaxFrequency="0.6" Frame="BoneGearbox" MinAngle="(0.6; 0.6; 0.6)" MaxAngle="(0.8; 0.8; 0.8)">

                                      </Shaker>
                                      <Shaker MaxFrequency="0.6" Frame="BoneShaker1" MinAngle="(0.5; 0.5; 0.5)" MaxAngle="(0.7; 0.7; 0.7)">

                                      </Shaker>
                            </Shakers>
                            <OcclusionMap MinX="-2.3" Texture="trucks/occlusion/chassis_small__s_d_a.tga" HalfSizeZ="1.6" MaxX="2.7">

                            </OcclusionMap>
                            <FuelTank DamageCapacity="50">

                            </FuelTank>
                                        <CompatibleWheels Type="wheels_land_rover_defender_90" Scale="0.4">

                                        </CompatibleWheels>
                                        <CompatibleWheels Type="wheels_scout1" Scale="0.4" OffsetZ="0.04">

                                        </CompatibleWheels>
                                        <CompatibleWheels Type="wheels_scout2" Scale="0.4" OffsetZ="0.04">

                                        </CompatibleWheels>
                                        <CompatibleWheels Type="wheels_scout2" Scale="0.42" OffsetZ="0.04">

                                        </CompatibleWheels>
                            <EngineSocket Type="e_us_scout_modern" Default="us_scout_modern_engine_0">

                            </EngineSocket>
                            <SuspensionSocket Type="s_land_rover_defender_90" MaxWheelRadiusWithoutSuspension="0.37" Default="land_rover_defender_90_suspension_default">

                            </SuspensionSocket>
                            <Dashboard>
                                                  <Gauge InputType="speed" Dir="(-0.945; 0.326; 0)" Org="(0.486; 1.362; 0.329)" Mesh="trucks/arrows/land_rover_defender_90_arrows_arrow_1" InputRange="(0;200)" OutputAngles="(-114; 111)">

                                                  </Gauge>
                                                  <Gauge InputRange="(0;1)" Dir="(-0.945; 0.326; 0)" InputType="rpm" Org="(0.486; 1.362; 0.534)" Damping="0.99" Mesh="trucks/arrows/land_rover_defender_90_arrows_arrow_1" OutputAngles="(-110; 111)">

                                                  </Gauge>
                                                  <Gauge InputRange="(0;1)" Dir="(-0.945; 0.326; 0)" InputType="engineEnabled" Org="(0.498; 1.396; 0.456)" Damping="0.99" Mesh="trucks/arrows/land_rover_defender_90_arrows_arrow_2" OutputAngles="(131; 76)">

                                                  </Gauge>
                                                  <Gauge InputRange="(0;1)" Dir="(-0.945; 0.326; 0)" InputType="fuel" Org="(0.498; 1.396; 0.406)" Damping="0.99" Mesh="trucks/arrows/land_rover_defender_90_arrows_arrow_2" OutputAngles="(-129; -49)">

                                                  </Gauge>
                                                  <Gauge InputRange="(0;1)" Dir="(-0.793; 0.609; 0)" InputType="none" Org="(0.469; 1.416; 0)" Damping="0.99" Mesh="trucks/arrows/land_rover_defender_90_arrows_arrow_3" OutputAngles="(-74; -74)">

                                                  </Gauge>
                                                  <Gauge InputRange="(0;1)" Dir="(-0.793; 0.609; 0)" InputType="none" Org="(0.469; 1.416; 0)" Damping="0.99" Mesh="trucks/arrows/land_rover_defender_90_arrows_arrow_4" OutputAngles="(-221; -221)">

                                                  </Gauge>
                            </Dashboard>
                            <Axles>
                                                    <Axle Frame="BoneAxle1">

                                                    </Axle>
                                                    <Axle Frame="BoneAxle2">

                                                    </Axle>
                            </Axles>
                            <Camera Center="(-1.2; 0; 0)" RadiusMultiplier="0.8">
                                                    <Cockpit WindshieldDiffuseTexture="trucks/land_rover_defender_90_glass__d_a.tga" _template="Default" WindshieldShadingTexture="trucks/land_rover_defender_90_glass__sh_d.tga" ViewPos="(-0.089; 1.665; 0.439)">
                                                          <Mirror FOVScale="1" ClipDir="(-0.952; 0.128; -0.277)" MeshFrame="mirror_left" Pos="(0.586; 1.427; 0.931)" ReflectionDir="(-0.952; 0.128; -0.277)" Size="(0.15; 0.21)" ClipOffset="0.1">

                                                          </Mirror>
                                                          <Mirror FOVScale="1.4" ClipDir="(-0.848; 0.082; 0.524)" MeshFrame="mirror_right" Pos="(0.563; 1.427; -0.91)" ReflectionDir="(-0.848; 0.082; 0.524)" Size="(0.15; 0.21)" ClipOffset="0.1">

                                                          </Mirror>
                                                          <Mirror FOVScale="1.5" ClipDir="(-0.943; -0.054; 0.328)" MeshFrame="hp_cab_mirror" Pos="(0.408; 1.722; 0.005)" ReflectionDir="(-0.943; -0.054; 0.328)" Size="(0.18; 0.06)" ClipOffset="0.1">

                                                          </Mirror>
                                                    </Cockpit>
                            </Camera>
                            <Exhaust IsLight="true" Dir="(-0.676; 0; 0.737)" Speed="2.0" Origin="(-1.682; 0.42; 0.846)">

                            </Exhaust>
                            <Sounds _template="Default" Origin="(1.180; 0.928; 0)" MinDist="8.0" DisableReversePitch="false">
                                                        <Reverse Sound="">

                                                        </Reverse>
                                                        <EngineHeavy_2d IsSound2D="true" Sound="">

                                                        </EngineHeavy_2d>
                                                        <EngineLow Sound="trucks/land_rover_defender_90/land_rover_defender_90_low">

                                                        </EngineLow>
                                                        <BrakePull Sound="">

                                                        </BrakePull>
                                                        <EngineHigh Sound="trucks/land_rover_defender_90/land_rover_defender_90_high">

                                                        </EngineHigh>
                                                        <HandbrakeOff Sound="trucks/land_rover_defender_110/land_rover_defender_110_handbrake_off">

                                                        </HandbrakeOff>
                                                        <Gear Sound="trucks/land_rover_defender_110/land_rover_defender_110_gear_shift">

                                                        </Gear>
                                                        <ChassisStress Sound="trucks/hummer_h2/hummer_h2_chassis">

                                                        </ChassisStress>
                                                        <AbruptStop Sound="">

                                                        </AbruptStop>
                                                        <EngineRev Sound="trucks/land_rover_defender_90/land_rover_defender_90_rev">

                                                        </EngineRev>
                                                        <EngineHeavy Sound="">

                                                        </EngineHeavy>
                                                        <EngineLow_2d IsSound2D="true" Sound="trucks/land_rover_defender_90/land_rover_defender_90_low_2d">

                                                        </EngineLow_2d>
                                                        <EngineHigh_2d IsSound2D="true" Sound="trucks/land_rover_defender_90/land_rover_defender_90_high_2d">

                                                        </EngineHigh_2d>
                                                        <EngineAccel Sound="trucks/land_rover_defender_90/land_rover_defender_90_acc">

                                                        </EngineAccel>
                                                        <EngineIdle_2d IsSound2D="true" Sound="trucks/land_rover_defender_90/land_rover_defender_90_idle_2d">

                                                        </EngineIdle_2d>
                                                        <EngineStart Sound="trucks/land_rover_defender_90/land_rover_defender_90_start">

                                                        </EngineStart>
                                                        <Handbrake Sound="trucks/land_rover_defender_110/land_rover_defender_110_handbrake_on">

                                                        </Handbrake>
                                                        <BrakeRelease Sound="">

                                                        </BrakeRelease>
                                                        <GearFail Sound="trucks/common/truck_gear_wrong/truck_gear_wrong_small_modern">

                                                        </GearFail>
                                                        <EngineIdle Sound="trucks/land_rover_defender_90/land_rover_defender_90_idle">

                                                        </EngineIdle>
                                                        <EngineStop Sound="trucks/land_rover_defender_90/land_rover_defender_90_stop">

                                                        </EngineStop>
                                                        <BrakesSqueal Sound="trucks/land_rover_defender_110/land_rover_defender_110_brakes_squeal">

                                                        </BrakesSqueal>
                                                        <Honk Sound="trucks/land_rover_defender_90/land_rover_defender_90_honk">

                                                        </Honk>
                            </Sounds>
                            <GearboxSocket Type="gearboxes_scouts" Default="g_scout_default">

                            </GearboxSocket>
                            <Steam Origin="(1.093; 0.816; 0)">

                            </Steam>
                            <Wheels DefaultWheelType="wheels_land_rover_defender_90" DefaultTire="tire" DefaultRim="rim">
                                                                <Wheel Pos="(1.319; 0.362; 0.773)" _template="FrontWheel">

                                                                </Wheel>
                                                                <Wheel RightSide="true" Pos="(1.319; 0.362; 0.773)" _template="FrontWheel">

                                                                </Wheel>
                                                                <Wheel Pos="(-1.047; 0.362; 0.773)" _template="RearWheel">

                                                                </Wheel>
                                                                <Wheel RightSide="true" Pos="(-1.047; 0.362; 0.773)" _template="RearWheel">

                                                                </Wheel>
                            </Wheels>
                            <WinchUpgradeSocket Type="winches_scouts" Default="w_scout_default" IsUpgradable="true">

                            </WinchUpgradeSocket>
                            <SteeringRack Frame="BoneRack" RackHalfSizeZ="0.57" FrameSteerLeft="BoneRackLeft" FrameSteerRight="BoneRackRight">

                            </SteeringRack>
                            <SteeringWheel Frame="BoneSteering">

                            </SteeringWheel>
                            <SoundsWheels _template="Default">

                            </SoundsWheels>
                            <Damage>
                                                                          <DamageArea Type="Engine" Max="(1.899; 1.137; 0.762)" Min="(0.724; 0.512; -0.762)">

                                                                          </DamageArea>
                                                                          <DamageArea Type="FuelTank" Max="(-1.137; 1.13; -0.087)" Min="(-1.727; 0.541; -0.824)">

                                                                          </DamageArea>
                            </Damage>
                            <Shafts>
                                                                            <Shaft SocketPointA="Shaft1a" Mesh="env/minishaft" SocketPointB="Shaft1b">

                                                                            </Shaft>
                                                                            <Shaft SocketPointA="Shaft2a" Mesh="env/minishaft" SocketPointB="Shaft2b">

                                                                            </Shaft>
                            </Shafts>
        </TruckData>
  </Truck>