  <_templates Include="trucks">
      <Wheel>
          <RearWheel Location="rear" ConnectedToHandbrake="true" Torque="default">

          </RearWheel>
          <FrontWheel ParentFrame="BoneCabin_cdt" SteeringAngle="30" Location="front" SteeringJointOffset="0.08" Torque="default" SteeringCastor="0">

          </FrontWheel>
      </Wheel>
      <Body>
            <SideMirror Mass="5" Collisions="None">
                <Constraint Type="Hinge" MaxLimit="3" AxisLocal="(0; 1; 0)" MinLimit="-3">
                    <Motor Spring="150" Damping="2.4" Type="Spring">

                    </Motor>
                </Constraint>
            </SideMirror>
            <Sunshield Mass="3" Collisions="None">
                  <Constraint Type="Hinge" MaxLimit="5" AxisLocal="(0; 0; 1)" MinLimit="-5">
                      <Motor Spring="9" Damping="0.3" Type="Spring">

                      </Motor>
                  </Constraint>
            </Sunshield>
      </Body>
      <Socket>
              <Cabin2Chassis Offset="(0; 0; 0)" ParentFrame="BoneCabinDamper_cdt">
                  <ExtraParent Frame="BoneChassis_cdt">

                  </ExtraParent>
              </Cabin2Chassis>
      </Socket>
  </_templates>
  <Truck>
        <Landmark MaxScale="3.8" Mesh="landmarks/step_3364_crocodile_lmk" MinScale="1.8">

        </Landmark>
        <GameData UnlockByRank="1" Price="1" Country="RU,CAS">
              <CustomizationCameras>
                    <CameraPos Name="roof_sticker" InterestPosition="(4.132; 0.199; -0.535)" Position="(8.594; 5.974; -0.63)" FOV="32.0">

                    </CameraPos>
                    <CameraPos Name="sticker_1" InterestPosition="(5.132; 1.824; 0.886)" Position="(4.524; 1.997; -0.654)" Interior="true" FOV="32.0">

                    </CameraPos>
                    <CameraPos MaxYRotation="360" MaxZoom="2" Name="addon_1" InterestPosition="(3.428; 1.213; 0.579)" Position="(-3.577; 2.742; 7.179)" MaxXRotation="360" FOV="32.0">

                    </CameraPos>
                    <CameraPos MaxYRotation="360" MaxZoom="2" Name="addon_2" InterestPosition="(4.066; 0.523; -0.192)" Position="(8.434; 2.902; 5.717)" MaxXRotation="360" FOV="32.0">

                    </CameraPos>
                    <CameraPos Name="mirror_mount" InterestPosition="(8.187; 1.529; 1.028)" Position="(4.637; 2.008; -0.258)" Interior="true" FOV="32.0">

                    </CameraPos>
                    <CameraPos MaxYRotation="360" MaxZoom="2" Name="side_r" InterestPosition="(4.728; 1.454; -0.64)" Position="(9.705; 1.637; 4.844)" MaxXRotation="360" FOV="32.0">

                    </CameraPos>
                    <CameraPos MaxYRotation="360" MaxZoom="2" Name="hood_ornament" InterestPosition="(3.103; 0.502; 1.197)" Position="(9.04; 1.656; -1.054)" MaxXRotation="360" FOV="32.0">

                    </CameraPos>
                    <CameraPos Name="sticker" InterestPosition="(5.416; 1.344; 0.756)" Position="(4.919; 2.012; -0.132)" Interior="true" FOV="32.0">

                    </CameraPos>
                    <CameraPos Name="glass_sticker" InterestPosition="(5.602; 1.31; -0.767)" Position="(9.826; 2.823; 0.846)" FOV="32.0">

                    </CameraPos>
                    <CameraPos MaxYRotation="360" MaxZoom="2" Name="door_r_sticker" InterestPosition="(6.356; 0.911; 0.614)" Position="(3.008; 1.317; 3.895)" MaxXRotation="360" FOV="32.0">

                    </CameraPos>
                    <CameraPos MaxYRotation="360" MaxZoom="2" Name="roof" InterestPosition="(7.253; 1.607; -0.08)" Position="(12.521; 3.38; 3.017)" MaxXRotation="360" FOV="32.0">

                    </CameraPos>
                    <CameraPos Name="capote_sticker" InterestPosition="(5.823; 0.87; -0.407)" Position="(10.927; 3.805; -1.296)" FOV="32.0">

                    </CameraPos>
                    <CameraPos MaxYRotation="360" MaxZoom="2" Name="hoods" InterestPosition="(6.507; 0.995; -0.954)" Position="(12.171; 1.377; -1.669)" MaxXRotation="360" FOV="32.0">

                    </CameraPos>
                    <CameraPos MaxYRotation="360" MaxZoom="2" Name="side_l" InterestPosition="(5.304; 0.8; -0.817)" Position="(11.014; 2.008; 3.127)" MaxXRotation="360" FOV="32.0">

                    </CameraPos>
                    <CameraPos Name="bubble_head" InterestPosition="(8.316; 1.53; 1.22)" Position="(4.668; 2.024; -0.25)" Interior="true" FOV="32.0">

                    </CameraPos>
                    <CameraPos MaxYRotation="360" MaxZoom="2" Name="wheels" InterestPosition="(4.983; 0.419; -0.465)" Position="(9.772; 0.755; -3.365)" MaxXRotation="360" FOV="32.0">

                    </CameraPos>
                    <CameraPos MaxYRotation="360" MaxZoom="2" Name="default" InterestPosition="(3.576; 0.544; 0.337)" Position="(12.728; 2.221; -2.176)" MaxXRotation="360" FOV="32.0">

                    </CameraPos>
                    <CameraPos MaxYRotation="360" MaxZoom="2" Name="rear" InterestPosition="(5.929; 0.792; -0.468)" Position="(-0.649; 1.605; 1.978)" MaxXRotation="360" FOV="32.0">

                    </CameraPos>
                    <CameraPos Name="door_l_sticker" InterestPosition="(4.688; 0.964; -0.206)" Position="(3.303; 1.414; -3.775)" FOV="32.0">

                    </CameraPos>
              </CustomizationCameras>
              <UiDesc UiName="UI_VEHICLE_STEP_3364_CROCODILE_NAME" UiDesc="UI_VEHICLE_STEP_3364_CROCODILE_DESC" UiIconLogo="StepLogo80" UiIcon40x40="offroadVehicleImg" UiIcon30x30="offroadVehicleImg30" UiIcon328x458="shopImgStep3364Crocodile">

              </UiDesc>
                    <AddonSockets>
                        <Socket Offset="(-2; 1.156; 0)" Names="Semitrailer, SemitrailerOiltank" NamesBlock="SaddleHigh, MinicraneRU">

                        </Socket>
                        <Socket Offset="(-2; 1.325; 0)" Names="LargeSemitrailer, LargeSemitrailerOiltank" NamesBlock="SaddleLow, MinicraneRU">

                        </Socket>
                        <Socket Offset="(-3.63; 0.793; 0)" Names="Trailer">

                        </Socket>
                    </AddonSockets>
                    <AddonSockets>
                        <Socket Offset="(-2; 0.86; 0)" Names="SaddleLow">
                            <ExtraParent Offset="(0; 0; -0.015)" Frame="BoneChassis_cdt">

                            </ExtraParent>
                            <ExtraParent Offset="(0; 0; 0.015)" Frame="BoneChassis_cdt">

                            </ExtraParent>
                        </Socket>
                        <Socket Offset="(-2; 0.86; 0)" Names="SaddleHigh">
                            <ExtraParent Offset="(0; 0; 0.06)" Frame="BoneChassis_cdt">

                            </ExtraParent>
                            <ExtraParent Offset="(0; 0; -0.06)" Frame="BoneChassis_cdt">

                            </ExtraParent>
                        </Socket>
                        <Socket Names="Step3364CrocodileSideboard">

                        </Socket>
                        <Socket Names="Step3364CrocodileTank">

                        </Socket>
                        <Socket Names="Step3364CrocodileKung">

                        </Socket>
                    </AddonSockets>
                    <AddonSockets DefaultAddon="step_3364_crocodile_bumper_default">
                      <Socket Names="Step3364CrocodileBumper" ParentFrame="BoneCabin_cdt">

                      </Socket>
                    </AddonSockets>
                    <AddonSockets DefaultAddon="step_3364_crocodile_exhaust_default">
                        <Socket Names="Step3364CrocodileExhaustDefault" ParentFrame="BoneCabin_cdt">
                          <ExtraParent Frame="BoneChassis_cdt">

                          </ExtraParent>
                        </Socket>
                        <Socket Names="Step3364CrocodileExhaust" ParentFrame="BoneCabinDamper_cdt">
                            <ExtraParent Frame="BoneCabin_cdt">

                            </ExtraParent>
                            <ExtraParent Frame="BoneChassis_cdt">

                            </ExtraParent>
                        </Socket>
                    </AddonSockets>
                    <AddonSockets>
                      <Socket NamesBlock="Step3364CrocodileBeacon" Names="Step3364CrocodileRoofrack" _template="Cabin2Chassis">

                      </Socket>
                    </AddonSockets>
                    <AddonSockets>
                      <Socket Names="Step3364CrocodileWheelAddon" ParentFrame="BoneChassis_cdt">
                          <ExtraParent Frame="BoneCabin_cdt">

                          </ExtraParent>
                      </Socket>
                    </AddonSockets>
                    <AddonSockets>
                      <Socket Names="Step3364CrocodileSnorkel" _template="Cabin2Chassis">

                      </Socket>
                    </AddonSockets>
                    <AddonSockets>
                      <Socket Names="Step3364CrocodileSpotLight" _template="Cabin2Chassis">

                      </Socket>
                    </AddonSockets>
                    <AddonSockets>
                      <Socket Names="Step3364CrocodileSpotLight2" _template="Cabin2Chassis">

                      </Socket>
                    </AddonSockets>
                    <AddonSockets>
                      <Socket Names="Step3364CrocodileBeacon" _template="Cabin2Chassis">

                      </Socket>
                    </AddonSockets>
                    <AddonSockets>
                      <Socket Names="Step3364CrocodileGabarite" _template="Cabin2Chassis">

                      </Socket>
                    </AddonSockets>
                    <AddonSockets>
                      <Socket Names="Step3364CrocodileVisor" _template="Cabin2Chassis">

                      </Socket>
                    </AddonSockets>
                    <AddonSockets>
                      <Socket Names="Step3364CrocodileHorn" _template="Cabin2Chassis">

                      </Socket>
                    </AddonSockets>
                    <AddonSockets>
                      <Socket InCockpit="true" Names="step3364CrocodileSticker_1x1_01" _template="Cabin2Chassis">

                      </Socket>
                    </AddonSockets>
                    <AddonSockets>
                      <Socket InCockpit="true" Names="step3364CrocodileSticker_1x1_02" _template="Cabin2Chassis">

                      </Socket>
                    </AddonSockets>
                    <AddonSockets>
                      <Socket InCockpit="true" Names="step3364CrocodileSticker_1x2_01" _template="Cabin2Chassis">

                      </Socket>
                    </AddonSockets>
                    <AddonSockets>
                      <Socket InCockpit="true" Names="step3364CrocodileSticker_1x2_02" _template="Cabin2Chassis">

                      </Socket>
                    </AddonSockets>
                    <AddonSockets>
                      <Socket InCockpit="true" Names="step3364CrocodileSticker_1x4_01" _template="Cabin2Chassis">

                      </Socket>
                    </AddonSockets>
                    <AddonSockets>
                      <Socket InCockpit="true" Names="step3364CrocodileSticker_1x4_02" _template="Cabin2Chassis">

                      </Socket>
                    </AddonSockets>
                    <AddonSockets>
                      <Socket Names="step3364CrocodileSticker_door_r" _template="Cabin2Chassis">

                      </Socket>
                    </AddonSockets>
                    <AddonSockets>
                      <Socket Names="step3364CrocodileSticker_door_l" _template="Cabin2Chassis">

                      </Socket>
                    </AddonSockets>
                    <AddonSockets>
                      <Socket Names="step3364CrocodileSticker_roof" _template="Cabin2Chassis">

                      </Socket>
                    </AddonSockets>
                    <AddonSockets>
                      <Socket InCockpit="true" Names="step3364CrocodileSticker_glassTop" _template="Cabin2Chassis">

                      </Socket>
                    </AddonSockets>
                    <AddonSockets>
                      <Socket InCockpit="true" Names="step3364CrocodileSticker_glassBottom" _template="Cabin2Chassis">

                      </Socket>
                    </AddonSockets>
                    <AddonSockets>
                      <Socket _template="Cabin2Chassis" Offset="(0.848; 2.156; 0.178)" Names="StuffAirfreshener" InCockpit="true">

                      </Socket>
                    </AddonSockets>
                      <CraneSocket Pos="(2.881; 0.925; -0.438)" ParentFrame="BoneCabin_cdt">

                      </CraneSocket>
                      <CraneSocket Pos="(2.881; 0.925; 0.438)" ParentFrame="BoneCabin_cdt">

                      </CraneSocket>
                      <CraneSocket Pos="(-1.21; 0.748; -0.426)">

                      </CraneSocket>
                      <CraneSocket Pos="(-1.21; 0.748; 0.426)">

                      </CraneSocket>
                      <CraneSocket Pos="(-3.061; 0.794; -0.427)">

                      </CraneSocket>
                      <CraneSocket Pos="(-3.061; 0.794; 0.427)">

                      </CraneSocket>
                        <WinchSocket Pos="(2.881; 0.925; -0.438)" ParentFrame="BoneCabin_cdt">

                        </WinchSocket>
                        <WinchSocket Pos="(2.881; 0.925; 0.438)" ParentFrame="BoneCabin_cdt">

                        </WinchSocket>
                        <WinchSocket Pos="(-1.21; 0.748; -0.426)">

                        </WinchSocket>
                        <WinchSocket Pos="(-1.21; 0.748; 0.426)">

                        </WinchSocket>
                        <WinchSocket Pos="(-3.061; 0.794; -0.427)">

                        </WinchSocket>
                        <WinchSocket Pos="(-3.061; 0.794; 0.427)">

                        </WinchSocket>
        </GameData>
        <PhysicsModel Mesh="trucks/step_3364_crocodile">
                <Body NetSync="pv" CenterOfMassOffset="(-0.2; 0; -0.2)" ModelFrame="BoneChassis_cdt" Mass="2000" ImpactType="Truck">
                    <Body NetSync="pv" CenterOfMassOffset="(-0.5; 0; 0)" ModelFrame="BoneCabin_cdt" Mass="1500" ImpactType="Truck">
                        <Constraint Type="Hinge" MaxLimit="10" AxisLocal="(1; 0; 0)" MinLimit="-10" PivotOffset="(0; 0; 0)">
                            <Motor Spring="300000" Damping="15000" Type="Spring">

                            </Motor>
                        </Constraint>
                        <Body CenterOfMassOffset="(0; 0; 0)" ModelFrame="BoneCabinDamper_cdt" Mass="1000" ImpactType="Truck">
                              <Constraint Type="Hinge" MaxLimit="8" AxisLocal="(1; 0; 0)" MinLimit="-8">
                                  <Motor Spring="48000" Damping="12000" Type="Spring">

                                  </Motor>
                              </Constraint>
                                  <Body ModelFrame="BoneCord_cdt" Mass="1" Collisions="None">
                                    <Constraint Type="Hinge" MaxLimit="2" AxisLocal="(0; 0; 1)" MinLimit="-20" Collisions="None">
                                        <Motor Spring="1" Damping="0.1" Type="Spring">

                                        </Motor>
                                    </Constraint>
                                  </Body>
                                  <Body ModelFrame="BoneMirrorLeft_cdt" _template="SideMirror">

                                  </Body>
                                  <Body ModelFrame="BoneMirrorRight_cdt" _template="SideMirror">

                                  </Body>
                                  <Body ModelFrame="BoneSunshield_cdt" _template="Sunshield">

                                  </Body>
                        </Body>
                    </Body>
                </Body>
                <NetSync Legacy="false">

                </NetSync>
        </PhysicsModel>
        <HeadLight Pos="(3.2; 0.8; 0)" _template="Default">

        </HeadLight>
        <ModelAttachments>
                    <Ignition>
                          <Light Pos="(-3.8; 0.8; 0)" _template="IgnitionSignalRed">

                          </Light>
                          <Light Pos="(3.2; 0.8; 0)" _template="IgnitionSignalWhite" Color="g(240; 200; 165) x 1.0" ParentFrame="BoneCabin_cdt">

                          </Light>
                            <Flare Pos="(-3.578; 0.792; -0.631)" Size="0.4" _template="IgnitionSignalRed">

                            </Flare>
                            <Flare Pos="(-3.578; 0.792; 0.631)" Size="0.4" _template="IgnitionSignalRed">

                            </Flare>
                            <Flare Pos="(2.662; 1.212; -0.865)" _template="IgnitionSignalWhite" Color="g(255; 235; 215) x 0.5" Size="0.5" ParentFrame="BoneCabin_cdt">

                            </Flare>
                            <Flare Pos="(2.662; 1.212; 0.865)" _template="IgnitionSignalWhite" Color="g(255; 235; 215) x 0.5" Size="0.5" ParentFrame="BoneCabin_cdt">

                            </Flare>
                    </Ignition>
                    <HeadLight>
                            <Flare Pos="(2.662; 1.212; -0.865)" _template="HeadLight" Color="g(255; 235; 215) x 0.5" Size="0.5" ParentFrame="BoneCabin_cdt">

                            </Flare>
                            <Flare Pos="(2.662; 1.212; 0.865)" _template="HeadLight" Color="g(255; 235; 215) x 0.5" Size="0.5" ParentFrame="BoneCabin_cdt">

                            </Flare>
                            <Flare Pos="(2.662; 1.212; -0.865)" ParentFrame="BoneCabin_cdt" _template="BlueStreak">

                            </Flare>
                            <Flare Pos="(2.662; 1.212; 0.865)" ParentFrame="BoneCabin_cdt" _template="BlueStreak">

                            </Flare>
                              <Model Org="(2.662; 1.212; -0.865)" ParentFrame="BoneCabin_cdt" _template="HeadLightRay">

                              </Model>
                              <Model Org="(2.662; 1.212; 0.865)" ParentFrame="BoneCabin_cdt" _template="HeadLightRay">

                              </Model>
                    </HeadLight>
                    <StopSignals>
                            <Light Pos="(-3.8; 0.8; 0)" _template="StopSignal">

                            </Light>
                                <Flare Pos="(-3.578; 0.792; -0.631)" _template="StopSignal" Color="g(255; 0; 0) x 0.7" Size="0.4">

                                </Flare>
                                <Flare Pos="(-3.578; 0.792; 0.631)" _template="StopSignal" Color="g(255; 0; 0) x 0.7" Size="0.4">

                                </Flare>
                    </StopSignals>
        </ModelAttachments>
        <TruckData SteerSpeed="0.03" EngineStartDelay="0.8" EngineIconMesh="env/engine_default" TruckType="OFFROAD" Responsiveness="0.15" BackSteerSpeed="0.03" TruckImage="step3364crocodilemchr" FuelCapacity="150" DiffLockType="Always" ExhaustStartTime="0.9" EngineIconScale="1.3">
                      <Driver Pos="(0.556; 1.34; 0.31)" ParentFrame="BoneCabinDamper_cdt" AnimationSet="Truck" SteeringWheelPos="(0.838; 1.668; 0.374)">

                      </Driver>
                      <SoundsDamage _template="Heavy">

                      </SoundsDamage>
                      <OcclusionMap HalfSizeZ="1.8" MinX="-4" MaxX="3.5">

                      </OcclusionMap>
                      <FuelTank DamageCapacity="50">

                      </FuelTank>
                      <Intake Size="1" Dir="(1; 0; 0)" Origin="(2.75; 1.145; 0)">

                      </Intake>
                      <EngineSocket Type="e_ru_truck_old" Default="ru_truck_old_engine_0">

                      </EngineSocket>
                      <SuspensionSocket Type="s_step_3364_crocodile" MaxWheelRadiusWithoutSuspension="0.32" Default="step_3364_crocodile_suspension_default">

                      </SuspensionSocket>
                      <Dashboard>
                                          <Gauge InputType="speed" Dir="(0.961; -0.277; 0)" Org="(1.086; 1.618; 0.335)" Mesh="trucks/arrows/step_3364_crocodile_arrow_1" InputRange="(0;80)" OutputAngles="(-42; -318)">

                                          </Gauge>
                                          <Gauge InputRange="(0;1)" Dir="(0.964; -0.267; 0)" InputType="engineEnabled" Org="(1.103; 1.665; 0.062)" Damping="0.99" Mesh="trucks/arrows/step_3364_crocodile_arrow_2" OutputAngles="(-90; -220)">

                                          </Gauge>
                                          <Gauge InputRange="(0;1)" Dir="(0.962; -0.274; 0)" InputType="engineEnabled" Org="(1.103; 1.665; -0.062)" Damping="0.99" Mesh="trucks/arrows/step_3364_crocodile_arrow_2" OutputAngles="(-60; -145)">

                                          </Gauge>
                                          <Gauge InputRange="(0;1)" Dir="(0.964; -0.267; 0)" InputType="engineEnabled" Org="(1.098; 1.658; 0.469)" Damping="0.99" Mesh="trucks/arrows/step_3364_crocodile_arrow_3" OutputAngles="(-20; 5)">

                                          </Gauge>
                                          <Gauge InputRange="(0;1)" Dir="(-0.956; 0.294; 0)" InputType="fuel" Org="(1.074; 1.578; 0.421)" Damping="0.99" Mesh="trucks/arrows/step_3364_crocodile_arrow_3" OutputAngles="(-20; 25)">

                                          </Gauge>
                                          <Gauge InputRange="(0;1)" Dir="(-0.963; 0.271; 0)" InputType="engineEnabled" Org="(1.074; 1.578; 0.25)" Damping="0.99" Mesh="trucks/arrows/step_3364_crocodile_arrow_3" OutputAngles="(-13; 0)">

                                          </Gauge>
                                          <Gauge InputRange="(0;1)" Dir="(0.954; -0.3; 0)" InputType="engineEnabled" Org="(1.098; 1.657; 0.202)" Damping="0.99" Mesh="trucks/arrows/step_3364_crocodile_arrow_3" OutputAngles="(0; 8)">

                                          </Gauge>
                      </Dashboard>
                      <Axles>
                                            <Axle Frame="BoneAxle1">

                                            </Axle>
                                            <Axle Frame="BoneAxle2">

                                            </Axle>
                      </Axles>
                      <Camera Center="(-1; 0; 0)" ParentFrame="BoneCabinDamper_cdt">
                                            <Cockpit WindshieldDiffuseTexture="trucks/step_3364_crocodile_glass__d_a.tga" _template="Default" WindshieldShadingTexture="trucks/step_3364_crocodile_glass__sh_d.tga" ViewPos="(0.5; 1.98; 0.35)">
                                                  <Mirror ClipDir="(-0.814; 0.037; -0.579)" CurveAngle="10" Size="(0.18; 0.18)" FOVScale="2" ReflectionDir="(-0.814; 0.037; -0.579)" Pos="(0.784; 1.804; 1.267)" MeshFrame="mirror_left" ClipOffset="0.1">

                                                  </Mirror>
                                                  <Mirror ClipDir="(-0.768; -0.014; 0.641)" CurveAngle="10" Size="(0.18; 0.18)" FOVScale="2.5" ReflectionDir="(-0.768; -0.014; 0.641)" Pos="(0.825; 1.843; -1.236)" MeshFrame="mirror_right" ClipOffset="0.1">

                                                  </Mirror>
                                            </Cockpit>
                      </Camera>
                                            <CompatibleWheels Type="wheels_step_3364_crocodile" Scale="0.5">

                                            </CompatibleWheels>
                                            <CompatibleWheels Type="wheels_heavy_mudtires_tayga" Scale="0.52" RearOffsetZ="0.13" OffsetZ="0.16">

                                            </CompatibleWheels>
                                            <CompatibleWheels Type="wheels_medium_double" Scale="0.5" RearOffsetZ="0.03" OffsetZ="0.1">

                                            </CompatibleWheels>
                                            <CompatibleWheels Type="wheels_medium_double" Scale="0.53" RearOffsetZ="0.03" OffsetZ="0.1">

                                            </CompatibleWheels>
                      <LimitedFluid SizeX="0.773" Center="(-0.672; 0.756; 0.718)" Type="Box" SizeZ="0.443" SizeY="0.336">

                      </LimitedFluid>
                      <Sounds ParentFrame="BoneCabin_cdt" _template="Default" AirHissInterval="12.0" MinDist="10.0" Origin="(1.6; 1.2; 0)" DisableReversePitch="false">
                                                  <Reverse Sound="">

                                                  </Reverse>
                                                  <EngineTrans Sound="">

                                                  </EngineTrans>
                                                  <EngineLow Sound="trucks/step_3364_crocodile/step_3364_crocodile_low">

                                                  </EngineLow>
                                                  <BrakePull Sound="trucks/step_3364_crocodile/step_3364_crocodile_brake_pull">

                                                  </BrakePull>
                                                  <EngineHigh Sound="trucks/step_3364_crocodile/step_3364_crocodile_high">

                                                  </EngineHigh>
                                                  <HandbrakeOff Sound="trucks/step_3364_crocodile/step_3364_crocodile_handbrake_off">

                                                  </HandbrakeOff>
                                                  <AbruptStop Sound="trucks/common/truck_swing_big_rnd_set/truck_swing_big_rnd">

                                                  </AbruptStop>
                                                  <EngineRev Sound="trucks/step_3364_crocodile/step_3364_crocodile_rev">

                                                  </EngineRev>
                                                  <EngineHeavy_2d IsSound2D="true" Sound="">

                                                  </EngineHeavy_2d>
                                                  <EngineHeavy Sound="">

                                                  </EngineHeavy>
                                                  <EngineHigh_2d IsSound2D="true" Sound="trucks/step_3364_crocodile/step_3364_crocodile_high_2d">

                                                  </EngineHigh_2d>
                                                  <EngineLow_2d IsSound2D="true" Sound="trucks/step_3364_crocodile/step_3364_crocodile_low_2d">

                                                  </EngineLow_2d>
                                                  <EngineIdle_2d IsSound2D="true" Sound="trucks/step_3364_crocodile/step_3364_crocodile_idle_2d">

                                                  </EngineIdle_2d>
                                                  <EngineStart Sound="trucks/step_3364_crocodile/step_3364_crocodile_start">

                                                  </EngineStart>
                                                  <Handbrake Sound="trucks/step_3364_crocodile/step_3364_crocodile_handbrake_on">

                                                  </Handbrake>
                                                  <BrakeRelease Sound="trucks/step_3364_crocodile/step_3364_crocodile_brake_release">

                                                  </BrakeRelease>
                                                  <Honk Sound="trucks/step_3364_crocodile/step_3364_crocodile_honk">

                                                  </Honk>
                                                  <EngineIdle Sound="trucks/step_3364_crocodile/step_3364_crocodile_idle">

                                                  </EngineIdle>
                                                  <EngineStop Sound="trucks/step_3364_crocodile/step_3364_crocodile_stop">

                                                  </EngineStop>
                                                  <BrakesSqueal Sound="trucks/step_3364_crocodile/step_3364_crocodile_brakes_squeal">

                                                  </BrakesSqueal>
                                                  <EngineAccel Sound="trucks/step_3364_crocodile/step_3364_crocodile_acc">

                                                  </EngineAccel>
                      </Sounds>
                      <Wheels DefaultWheelType="wheels_step_3364_crocodile" DefaultTire="tire_1" DefaultRim="rim_1">
                                                      <Wheel Pos="(2.058; 0.512; 0.85)" _template="FrontWheel">

                                                      </Wheel>
                                                      <Wheel RightSide="true" Pos="(2.058; 0.512; 0.85)" _template="FrontWheel">

                                                      </Wheel>
                                                      <Wheel Pos="(-2; 0.512; 0.87)" _template="RearWheel">

                                                      </Wheel>
                                                      <Wheel RightSide="true" Pos="(-2; 0.512; 0.87)" _template="RearWheel">

                                                      </Wheel>
                      </Wheels>
                      <Steam Origin="(0; 0.9; 0)">

                      </Steam>
                      <GearboxSocket Type="gearboxes_trucks" Default="g_truck_default">

                      </GearboxSocket>
                      <WinchUpgradeSocket Type="winches_medium_trucks" Default="w_medium_trucks_default" IsUpgradable="true">

                      </WinchUpgradeSocket>
                      <SteeringRack Frame="BoneRack" RackHalfSizeZ="0.685" FrameSteerLeft="BoneRackLeft" FrameSteerRight="BoneRackRight">

                      </SteeringRack>
                      <SteeringWheel Frame="BoneSteering">

                      </SteeringWheel>
                      <SoundsWheels _template="Default">

                      </SoundsWheels>
                      <Damage>
                                                                    <DamageArea Min="(1.2; 0.85; -0.35)" ParentFrame="BoneCabin_cdt" Max="(2.75; 1.6; 0.35)" Type="Engine">

                                                                    </DamageArea>
                                                                    <DamageArea Min="(-1.15; 0.55; -1)" ParentFrame="BoneChassis_cdt" Max="(-0.1; 0.95; 1)" Type="FuelTank">

                                                                    </DamageArea>
                      </Damage>
                      <Shafts>
                                                                      <Shaft SocketPointA="Shaft1a" SocketPointB="Shaft1b">

                                                                      </Shaft>
                                                                      <Shaft SocketPointA="Shaft2a" SocketPointB="Shaft2b">

                                                                      </Shaft>
                                                                      <Shaft SocketPointA="Shaft3a" SocketPointB="Shaft3b">

                                                                      </Shaft>
                      </Shafts>
        </TruckData>
  </Truck>