  <_templates Include="trucks">
      <Wheel>
          <RearWheel Location="rear" ConnectedToHandbrake="true" Torque="default">

          </RearWheel>
          <FrontWheel ParentFrame="BoneCabin_cdt" SteeringAngle="30" Location="front" SteeringJointOffset="0.08" Torque="default" SteeringCastor="0">

          </FrontWheel>
      </Wheel>
      <Body>
            <SideMirror Mass="5" Collisions="None">
                <Constraint Type="Hinge" MaxLimit="15" AxisLocal="(0; 1; 0)" MinLimit="-15">
                    <Motor Spring="50" Damping="0.5" Type="Spring">

                    </Motor>
                </Constraint>
            </SideMirror>
            <Antenna Mass="5" Collisions="None">
                  <Constraint Type="Ragdoll" PlaneMin="-20" PlaneMax="20" TwistAxisLocal="(0; 1; 0)" Cone="20" PlaneAxisLocal="(0; 0; 1)">
                      <ConeMotor Spring="60" Damping="0.1" Type="Spring">

                      </ConeMotor>
                      <PlaneMotor Spring="60" Damping="0.1" Type="Spring">

                      </PlaneMotor>
                  </Constraint>
            </Antenna>
      </Body>
      <Socket>
              <Cabin2Chassis Offset="(0; 0; 0)" ParentFrame="BoneCabinDamper_cdt">
                  <ExtraParent Frame="BoneChassis_cdt">

                  </ExtraParent>
              </Cabin2Chassis>
      </Socket>
  </_templates>
  <Truck>
        <HeadLight Pos="(4.5; 1.5; 0)" _template="Default">

        </HeadLight>
        <GameData UnlockByObjective="US_06_01_MILL_LOGS" Price="70200" UnlockByRank="1" Country="RU,CAS">
              <CustomizationCameras>
                    <CameraPos Name="roof_sticker" InterestPosition="(2.574; 0.363; -0.12)" Position="(7.518; 6.659; -0.663)" Interior="true" FOV="32.0">

                    </CameraPos>
                    <CameraPos MaxYRotation="360" MaxZoom="2" Name="addon_1" InterestPosition="(0.697; 1.869; 0)" Position="(-7.265; 3.31; 8.244)" MaxXRotation="360" FOV="32.0">

                    </CameraPos>
                    <CameraPos MaxYRotation="360" MaxZoom="2" Name="addon_2" InterestPosition="(0.697; 1.869; 1.5)" Position="(-4.265; 3.31; 4.794)" MaxXRotation="360" FOV="32.0">

                    </CameraPos>
                    <CameraPos Name="mirror_mount" InterestPosition="(6.729; 2.666; -0.34)" Position="(4.147; 2.501; -0.111)" Interior="true" FOV="32.0">

                    </CameraPos>
                    <CameraPos MaxYRotation="360" MaxZoom="2" Name="side_r" InterestPosition="(4.764; 1.97; -0)" Position="(-0.226; 4.969; -4.508)" MaxXRotation="360" FOV="32.0">

                    </CameraPos>
                    <CameraPos Name="sticker" InterestPosition="(6.729; 1.044; 1.759)" Position="(4.199; 2.517; -0.369)" Interior="true" FOV="32.0">

                    </CameraPos>
                    <CameraPos Name="sticker_1" InterestPosition="(6.729; 1.95; 0.266)" Position="(4.38; 2.55; -0.529)" Interior="true" FOV="32.0">

                    </CameraPos>
                    <CameraPos Name="glass_sticker" InterestPosition="(4.252; 2.181; -0.988)" Position="(8.71; 3.42; 1.018)" Interior="true" FOV="32.0">

                    </CameraPos>
                    <CameraPos Name="door_r_sticker" InterestPosition="(6.426; 0.918; 0)" Position="(3.929; 2.715; 3.395)" Interior="true" FOV="32.0">

                    </CameraPos>
                    <CameraPos MaxYRotation="360" MaxZoom="2" Name="roof" InterestPosition="(5.584; 1.615; -0)" Position="(9.203; 3.854; 5.047)" MaxXRotation="360" FOV="32.0">

                    </CameraPos>
                    <CameraPos Name="capote_sticker" InterestPosition="(4.348; 0.1; 0.007)" Position="(8.161; 4.17; -0.723)" Interior="true" FOV="32.0">

                    </CameraPos>
                    <CameraPos MaxYRotation="360" MaxZoom="2" Name="hoods" InterestPosition="(5.275; 1.623; 0)" Position="(12.823; 1.44; -4.73)" MaxXRotation="360" FOV="32.0">

                    </CameraPos>
                    <CameraPos MaxYRotation="360" MaxZoom="2" Name="side_l" InterestPosition="(4.737; 2.557; 0)" Position="(9.507; 4.376; -3.37)" MaxXRotation="360" FOV="32.0">

                    </CameraPos>
                    <CameraPos Name="bubble_head" InterestPosition="(6.3; 2.108; 1.201)" Position="(4.200; 2.407; -0.249)" Interior="true" FOV="32.0">

                    </CameraPos>
                    <CameraPos MaxYRotation="360" MaxZoom="2" Name="wheels" InterestPosition="(2.46; 1.133; 0)" Position="(-4.539; 1.488; -5.755)" MaxXRotation="360" FOV="32.0">

                    </CameraPos>
                    <CameraPos MaxYRotation="360" MaxZoom="2" Name="default" InterestPosition="(5.275; 1.623; 0)" Position="(12.823; 1.44; -4.73)" MaxXRotation="360" FOV="32.0">

                    </CameraPos>
                    <CameraPos MaxYRotation="360" MaxZoom="2" Name="rear" InterestPosition="(0.733; 0.896; -0)" Position="(-4.606; 3.102; 2.778)" MaxXRotation="360" FOV="32.0">

                    </CameraPos>
                    <CameraPos Name="door_l_sticker" InterestPosition="(4.595; 1.16; 0)" Position="(3.968; 2.793; -3.391)" Interior="true" FOV="32.0">

                    </CameraPos>
              </CustomizationCameras>
              <UiDesc UiName="UI_VEHICLE_TAYGA_6455b_NAME" UiDesc="UI_VEHICLE_TAYGA_6455b_DESC" UiIconLogo="TaygaLogo80" UiIcon40x40="offroadVehicleImg" UiIcon30x30="offroadVehicleImg30" UiIcon328x458="shopImgTayga6455b">

              </UiDesc>
                    <AddonSockets>
                        <Socket Offset="(-3.185; 1.65; 0)" Names="Semitrailer, SemitrailerOiltank" NamesBlock="SaddleHigh">

                        </Socket>
                        <Socket Offset="(-3.185; 1.808; 0)" Names="LargeSemitrailer, LargeSemitrailerOiltank" NamesBlock="SaddleLow">

                        </Socket>
                        <Socket Offset="(-4.766; 0.902; 0)" Names="Trailer">

                        </Socket>
                    </AddonSockets>
                    <AddonSockets>
                        <Socket Offset="(-6.681; 1.357; 0)" Names="BunkLog">

                        </Socket>
                        <Socket Offset="(-1.6; 1.345; 0)" Names="FrameAddonLogShort">
                          <AddonsShift Offset="(-0.5; 0; 0)" Types="Tayga6455bWheelAddon">

                          </AddonsShift>
                        </Socket>
                        <Socket Offset="(-1.6; 1.345; 0)" Names="FrameAddonLogMedium" NamesBlock="Tayga6455bWheelAddon">

                        </Socket>
                        <Socket Offset="(-3.182; 1.355; 0)" Names="SaddleLow">

                        </Socket>
                        <Socket Offset="(-3.182; 1.343; 0)" Names="SaddleHigh">
                            <ExtraParent Offset="(0; 0; -0.039)" Frame="BoneChassis_cdt">

                            </ExtraParent>
                            <ExtraParent Offset="(0; 0; 0.039)" Frame="BoneChassis_cdt">

                            </ExtraParent>
                        </Socket>
                        <Socket Offset="(-1.68; 1.345; 0)" Names="FrameAddon">
                            <AddonsShift Offset="(-0.65; 0; 0)" Types="MinicraneRU">

                            </AddonsShift>
                            <AddonsShift Offset="(-0.45; 0; 0)" Types="Tayga6455bWheelAddon">

                            </AddonsShift>
                            <AddonsShift Offset="(0; 0; 0)" Types="Tayga6455bWheelAddon, MinicraneRU" TrailerNamesBlock="FrameAddon">

                            </AddonsShift>
                        </Socket>
                        <Socket Offset="(-2.350; 1.43; 0)" Names="FrameAddonKung">
                            <ExtraParent Offset="(0; 0; -0.117)" Frame="BoneChassis_cdt">

                            </ExtraParent>
                            <ExtraParent Offset="(0; 0; 0.117)" Frame="BoneChassis_cdt">

                            </ExtraParent>
                        </Socket>
                        <Socket Offset="(-2.404; 1.345; 0)" Names="FrameAddonTank">

                        </Socket>
                        <Socket Offset="(0.094; 1.345; 0)" Names="FrameAddonSeismicVibrator" NamesBlock="Trailer">

                        </Socket>
                        <Socket Offset="(-3.05; 1.44; 0)" Names="BigCraneRu" NamesBlock="MinicraneRU">
                            <ExtraParent Offset="(0; -0.1; 0.01)" Frame="BoneChassis_cdt">

                            </ExtraParent>
                            <ExtraParent Offset="(0; -0.1; -0.01)" Frame="BoneChassis_cdt">

                            </ExtraParent>
                        </Socket>
                    </AddonSockets>
                    <AddonSockets>
                      <Socket Offset="(0.6; 1.341; 0)" Names="MinicraneRU" NamesBlock=" FrameAddonLogShort, FrameAddonLogMedium, FrameAddonKung, FrameAddonTank, FrameAddonSeismicVibrator">
                          <AddonsShift Offset="(-0.7; 0; 0)" Types="Tayga6455bWheelAddon">

                          </AddonsShift>
                      </Socket>
                    </AddonSockets>
                    <AddonSockets DefaultAddon="tayga_6455b_bumper_default">
                      <Socket Names="Tayga6455bBumper" ParentFrame="BoneCabin_cdt">

                      </Socket>
                    </AddonSockets>
                    <AddonSockets DefaultAddon="tayga_6455b_exhaust_default">
                        <Socket Names="Tayga6455bExhaustDefault" ParentFrame="BoneCabin_cdt">
                          <ExtraParent Frame="BoneChassis_cdt">

                          </ExtraParent>
                        </Socket>
                        <Socket Names="Tayga6455bExhaust" ParentFrame="BoneCabinDamper_cdt">
                            <ExtraParent Frame="BoneCabin_cdt">

                            </ExtraParent>
                            <ExtraParent Frame="BoneChassis_cdt">

                            </ExtraParent>
                        </Socket>
                    </AddonSockets>
                    <AddonSockets>
                      <Socket NamesBlock="FrameAddonTank" Names="Tayga6455bWheelAddon" ParentFrame="BoneChassis_cdt">
                          <ExtraParent Frame="BoneCabin_cdt">

                          </ExtraParent>
                      </Socket>
                    </AddonSockets>
                    <AddonSockets>
                      <Socket NamesBlock="Tayga6455bSpotLight, Tayga6455bBeacon" Names="Tayga6455bRoofrack" ParentFrame="BoneCabinDamper_cdt">
                            <ExtraParent Frame="BoneCabin_cdt">

                            </ExtraParent>
                            <ExtraParent Frame="BoneChassis_cdt">

                            </ExtraParent>
                      </Socket>
                    </AddonSockets>
                    <AddonSockets>
                      <Socket Names="Tayga6455bSnorkel" _template="Cabin2Chassis">

                      </Socket>
                    </AddonSockets>
                    <AddonSockets>
                      <Socket Names="Tayga6455bSpotLight" _template="Cabin2Chassis">

                      </Socket>
                    </AddonSockets>
                    <AddonSockets>
                      <Socket Names="Tayga6455bBeacon" _template="Cabin2Chassis">

                      </Socket>
                    </AddonSockets>
                    <AddonSockets>
                      <Socket Names="Tayga6455bVisor" _template="Cabin2Chassis">

                      </Socket>
                    </AddonSockets>
                    <AddonSockets>
                      <Socket Names="Tayga6455bHorn" _template="Cabin2Chassis">

                      </Socket>
                    </AddonSockets>
                    <AddonSockets>
                      <Socket InCockpit="true" Names="Tayga6455bSticker_1x1_01" _template="Cabin2Chassis">

                      </Socket>
                    </AddonSockets>
                    <AddonSockets>
                      <Socket InCockpit="true" Names="Tayga6455bSticker_1x1_02" _template="Cabin2Chassis">

                      </Socket>
                    </AddonSockets>
                    <AddonSockets>
                      <Socket InCockpit="true" Names="Tayga6455bSticker_1x1_03" _template="Cabin2Chassis">

                      </Socket>
                    </AddonSockets>
                    <AddonSockets>
                      <Socket InCockpit="true" Names="Tayga6455bSticker_1x2_01" _template="Cabin2Chassis">

                      </Socket>
                    </AddonSockets>
                    <AddonSockets>
                      <Socket InCockpit="true" Names="Tayga6455bSticker_1x2_02" _template="Cabin2Chassis">

                      </Socket>
                    </AddonSockets>
                    <AddonSockets>
                      <Socket InCockpit="true" Names="Tayga6455bSticker_1x4_01" _template="Cabin2Chassis">

                      </Socket>
                    </AddonSockets>
                    <AddonSockets>
                      <Socket InCockpit="true" Names="Tayga6455bSticker_GlassTop" _template="Cabin2Chassis">

                      </Socket>
                    </AddonSockets>
                    <AddonSockets>
                      <Socket InCockpit="true" Names="Tayga6455bSticker_GlassBottom" _template="Cabin2Chassis">

                      </Socket>
                    </AddonSockets>
                    <AddonSockets>
                      <Socket Names="Tayga6455bSticker_Door_L" _template="Cabin2Chassis">

                      </Socket>
                    </AddonSockets>
                    <AddonSockets>
                      <Socket Names="Tayga6455bSticker_Door_R" _template="Cabin2Chassis">

                      </Socket>
                    </AddonSockets>
                    <AddonSockets>
                      <Socket Names="Tayga6455bSticker_Capote" _template="Cabin2Chassis">

                      </Socket>
                    </AddonSockets>
                    <AddonSockets>
                      <Socket _template="Cabin2Chassis" Offset="(2.124; 2.286; 0)" Names="StuffDashboard" InCockpit="true">

                      </Socket>
                    </AddonSockets>
                    <AddonSockets>
                      <Socket _template="Cabin2Chassis" Offset="(2.044; 2.789; 0.5)" Names="StuffAirfreshener" InCockpit="true">

                      </Socket>
                    </AddonSockets>
                      <CraneSocket Pos="(4.220; 0.913; 0)" ParentFrame="BoneCabin_cdt">

                      </CraneSocket>
                      <CraneSocket Pos="(-1.056; 1.194; -0.463)">

                      </CraneSocket>
                      <CraneSocket Pos="(-1.056; 1.194; 0.463)">

                      </CraneSocket>
                      <CraneSocket Pos="(-4.525; 1.194; -0.463)">

                      </CraneSocket>
                      <CraneSocket Pos="(-4.525; 1.194; 0.463)">

                      </CraneSocket>
                        <WinchSocket Pos="(4.220; 0.913; 0)" ParentFrame="BoneCabin_cdt">

                        </WinchSocket>
                        <WinchSocket Pos="(-1.056; 1.194; -0.463)">

                        </WinchSocket>
                        <WinchSocket Pos="(-1.056; 1.194; 0.463)">

                        </WinchSocket>
                        <WinchSocket Pos="(-4.525; 1.194; -0.463)">

                        </WinchSocket>
                        <WinchSocket Pos="(-4.525; 1.194; 0.463)">

                        </WinchSocket>
        </GameData>
        <PhysicsModel Mesh="trucks/tayga_6455b">
                <Body NetSync="pv" CenterOfMassOffset="(-2.4; 0; 0)" ModelFrame="BoneChassis_cdt" Mass="5500" ImpactType="Truck">
                    <Body NetSync="pv" CenterOfMassOffset="(0.5; 0; 0)" ModelFrame="BoneCabin_cdt" Mass="4500" ImpactType="Truck">
                        <Constraint Type="Hinge" MaxLimit="22" AxisLocal="(1; 0; 0)" MinLimit="-22" PivotOffset="(0; 0; 0)">
                            <Motor Spring="600000" Damping=".001" Type="Spring">

                            </Motor>
                        </Constraint>
                            <Body ModelFrame="BoneCabinDamper_cdt" Mass="2000" ImpactType="Truck">
                              <Constraint Type="Ragdoll" PlaneMin="-3" PlaneMax="3" TwistAxisLocal="(0; 1; 0)" Cone="4.5" PlaneAxisLocal="(0; 0; 1)">
                                  <ConeMotor Spring="1500000" Damping="700000" Type="Spring">

                                  </ConeMotor>
                                  <PlaneMotor Spring="3000000" Damping="1500000" Type="Spring">

                                  </PlaneMotor>
                              </Constraint>
                                  <Body ModelFrame="BoneAntennaLeft_cdt" _template="Antenna">

                                  </Body>
                                  <Body ModelFrame="BoneAntennaRight_cdt" _template="Antenna">

                                  </Body>
                                  <Body ModelFrame="BoneMirrorLeft_cdt" _template="SideMirror">

                                  </Body>
                                  <Body ModelFrame="BoneMirrorRight_cdt" _template="SideMirror">

                                  </Body>
                                  <Body AngularDamping="10.0" Mass="1" ModelFrame="BoneRadioHinge_cdt">
                                    <Constraint Type="Hinge" MaxLimit="45" AxisLocal="(0; 0; 1)" MinLimit="-45">

                                    </Constraint>
                                    <Body Mass="0.1" ModelFrame="BoneRadioPrismatic_cdt">
                                          <Constraint Type="Prismatic" MaxLimit="0.05" AxisLocal="(0; 1; 0)" MinLimit="-0.05">
                                              <Motor Spring="5" Damping="0.1" Type="Spring">

                                              </Motor>
                                          </Constraint>
                                    </Body>
                                  </Body>
                            </Body>
                            <Body ModelFrame="BoneTieRod_cdt" _template="TieRod">
                              <Constraint MaxLimit="25" AxisLocal="(0; 0; 1)" MinLimit="-25" Name="TieRodSteer">

                              </Constraint>
                            </Body>
                    </Body>
                </Body>
                <NetSync Legacy="false">

                </NetSync>
        </PhysicsModel>
        <ControlledConstraints>
                  <Constraint IsLinkedSteering="true" Id="chassis_steer" Name="TieRodSteer">

                  </Constraint>
        </ControlledConstraints>
        <ModelAttachments>
                    <Ignition>
                          <Light Pos="(-4.915; 1.097; 0)" _template="IgnitionSignalRed">

                          </Light>
                          <Light Pos="(4.5; 1.5; 0)" _template="IgnitionSignalWhite" Color="g(240; 200; 165) x 1.0" ParentFrame="BoneCabin_cdt">

                          </Light>
                            <Flare Pos="(-4.515; 1.284; -0.614)" Size="0.4" _template="IgnitionSignalRed">

                            </Flare>
                            <Flare Pos="(-4.515; 1.284; 0.614)" Size="0.4" _template="IgnitionSignalRed">

                            </Flare>
                            <Flare Pos="(1.937; 2.978; -0.169)" _template="MarkerBeacon" Size="0.4" ParentFrame="BoneCabin_cdt">

                            </Flare>
                            <Flare Pos="(1.98; 2.978; 0)" _template="MarkerBeacon" Size="0.4" ParentFrame="BoneCabin_cdt">

                            </Flare>
                            <Flare Pos="(1.937; 2.978; 0.169)" _template="MarkerBeacon" Size="0.4" ParentFrame="BoneCabin_cdt">

                            </Flare>
                            <Flare Pos="(3.924; 1.62; -0.811)" _template="IgnitionSignalWhite" Color="g(255; 235; 215) x 0.5" Size="0.5" ParentFrame="BoneCabin_cdt">

                            </Flare>
                            <Flare Pos="(3.924; 1.62; 0.811)" _template="IgnitionSignalWhite" Color="g(255; 235; 215) x 0.5" Size="0.5" ParentFrame="BoneCabin_cdt">

                            </Flare>
                            <Flare Pos="(3.896; 1.638; -1.078)" _template="IgnitionSignalWhite" Color="g(255; 235; 225) x 0.3" Size="0.2" ParentFrame="BoneCabin_cdt">

                            </Flare>
                            <Flare Pos="(3.896; 1.638; 1.078)" _template="IgnitionSignalWhite" Color="g(255; 235; 225) x 0.3" Size="0.2" ParentFrame="BoneCabin_cdt">

                            </Flare>
                    </Ignition>
                    <HeadLight>
                            <Flare Pos="(3.924; 1.62; -0.811)" _template="HeadLight" Color="g(255; 235; 215) x 0.5" Size="0.5" ParentFrame="BoneCabin_cdt">

                            </Flare>
                            <Flare Pos="(3.924; 1.62; 0.811)" _template="HeadLight" Color="g(255; 235; 215) x 0.5" Size="0.5" ParentFrame="BoneCabin_cdt">

                            </Flare>
                            <Flare Pos="(3.946; 1.62; -0.811)" ParentFrame="BoneCabin_cdt" _template="BlueStreak">

                            </Flare>
                            <Flare Pos="(3.946; 1.62; 0.811)" ParentFrame="BoneCabin_cdt" _template="BlueStreak">

                            </Flare>
                              <Model Org="(3.924; 1.62; -0.811)" ParentFrame="BoneCabin_cdt" _template="HeadLightRay">

                              </Model>
                              <Model Org="(3.924; 1.62; 0.811)" ParentFrame="BoneCabin_cdt" _template="HeadLightRay">

                              </Model>
                    </HeadLight>
                    <StopSignals>
                            <Light Pos="(-4.915; 1.097; 0)" _template="StopSignal">

                            </Light>
                                <Flare Pos="(-4.515; 1.284; -0.682)" _template="StopSignal" Color="g(255; 0; 0) x 0.7" Size="0.4">

                                </Flare>
                                <Flare Pos="(-4.515; 1.284; 0.682)" _template="StopSignal" Color="g(255; 0; 0) x 0.7" Size="0.4">

                                </Flare>
                    </StopSignals>
        </ModelAttachments>
        <Landmark MaxScale="3.8" Mesh="landmarks/tayga_6455b_lmk" MinScale="1.8">

        </Landmark>
        <AutomaticIK>
                          <IKBone ParentFrame="BoneTieRod_cdt" ModelFrame="BoneTieRodHinge2">
                            <IKJoint Type="Hinge2" AxisLocal="(1; 0; 0)">

                            </IKJoint>
                            <IKBone AttachToFrame="BoneRackLeft" AttachOffset="(0; 0; 0)" ModelFrame="BoneTieRodPrismatic">
                                  <IKJoint Type="Slider" AxisLocal="(1; 0; 0)">

                                  </IKJoint>
                            </IKBone>
                          </IKBone>
                          <IKBone ParentFrame="BoneCabin_cdt" ModelFrame="BoneTieRodPistonBase">
                            <IKJoint Type="Hinge" AxisLocal="(0; 0; 1)">

                            </IKJoint>
                            <IKBone AttachToFrame="BoneTieRodHinge2" AttachOffset="(0; 0; 0)" ModelFrame="BoneTieRodPiston">
                                  <IKJoint Type="Slider" AxisLocal="(1; 0; 0)">

                                  </IKJoint>
                            </IKBone>
                          </IKBone>
        </AutomaticIK>
        <TruckData SteerSpeed="0.03" EngineStartDelay="0.8" EngineIconMesh="env/engine_default" TruckType="OFFROAD" Responsiveness="0.15" BackSteerSpeed="0.03" TruckImage="tayga6455mchr" FuelCapacity="330" DiffLockType="Always" ExhaustStartTime="0.9" EngineIconScale="1.3">
                          <Driver Pos="(1.423; 1.934; 0.5)" ParentFrame="BoneCabinDamper_cdt" AnimationSet="Truck" SteeringWheelPos="(1.805; 2.262; 0.493)">

                          </Driver>
                          <SoundsDamage _template="Heavy">

                          </SoundsDamage>
                          <Shakers>
                                  <Shaker MaxFrequency="0.1" Frame="BoneGearstick" ParentFrame="BoneCabinDamper_cdt" MinAngle="(0.5; 0.5; 0.5)" MaxAngle="(1; 1; 1)">

                                  </Shaker>
                          </Shakers>
                          <OcclusionMap HalfSizeZ="2.1" MinX="-5" MaxX="5">

                          </OcclusionMap>
                          <FuelTank DamageCapacity="50">

                          </FuelTank>
                          <Intake Size="1" Dir="(1; 0; 0)" Origin="(4.201; 1.677; 0)">

                          </Intake>
                          <EngineSocket Type="e_ru_truck_old_heavy" Default="ru_truck_old_heavy_engine_0">

                          </EngineSocket>
                          <SuspensionSocket Type="s_tayga_6455b" MaxWheelRadiusWithoutSuspension="0.5" Default="tayga_6455b_suspension_default">

                          </SuspensionSocket>
                          <Dashboard>
                                                <Gauge InputRange="(0;120)" Dir="(-0.977; 0.212; 0)" InputType="speed" Org="(2.042; 2.178; 0.432)" Damping="0.99" Mesh="trucks/arrows/tayga_6455b_arrow_1" OutputAngles="(-120; 140)">

                                                </Gauge>
                                                <Gauge InputRange="(0;1)" Dir="(-0.977; 0.212; 0)" InputType="engineEnabled" Org="(2.04; 2.169; 0.652)" Damping="0.99" Mesh="trucks/arrows/tayga_6455b_arrow_1" OutputAngles="(-130; -30)">

                                                </Gauge>
                                                <Gauge InputRange="(0;1)" Dir="(-0.977; 0.212; 0)" InputType="engineEnabled" Org="(2.027; 2.109; 0.268)" Damping="0.99" Mesh="trucks/arrows/tayga_6455b_arrow_1" OutputAngles="(-110; -80)">

                                                </Gauge>
                                                <Gauge InputRange="(0;1)" Dir="(-0.977; 0.212; 0)" InputType="engineEnabled" Org="(2.043; 2.181; 0.553)" Damping="0.99" Mesh="trucks/arrows/tayga_6455b_arrow_2" OutputAngles="(-87; 20)">

                                                </Gauge>
                                                <Gauge InputRange="(0;1)" Dir="(-0.977; 0.212; 0)" InputType="engineEnabled" Org="(2.042; 2.175; 0.553)" Damping="0.99" Mesh="trucks/arrows/tayga_6455b_arrow_2" OutputAngles="(-92; -190)">

                                                </Gauge>
                                                <Gauge InputRange="(0;1)" Dir="(-0.977; 0.212; 0)" InputType="engineEnabled" Org="(2.04; 2.163; 0.334)" Damping="0.99" Mesh="trucks/arrows/tayga_6455b_arrow_3" OutputAngles="(-38; -14)">

                                                </Gauge>
                                                <Gauge InputRange="(0;1)" Dir="(-0.977; 0.213; 0)" InputType="engineEnabled" Org="(2.024; 2.091; 0.611)" Damping="0.99" Mesh="trucks/arrows/tayga_6455b_arrow_4" OutputAngles="(-38; 10)">

                                                </Gauge>
                          </Dashboard>
                          <Axles>
                                                  <Axle Frame="BoneAxle1">

                                                  </Axle>
                                                  <Axle Frame="BoneAxle2">

                                                  </Axle>
                                                  <Axle Frame="BoneAxle3">

                                                  </Axle>
                          </Axles>
                          <Camera Center="(-1.5; 0; 0)" ParentFrame="BoneCabinDamper_cdt">
                                                  <Cockpit WindshieldDiffuseTexture="trucks/tayga_6455b_glass__d_a.tga" _template="Default" WindshieldShadingTexture="trucks/tayga_6455b_glass__sh_d.tga" ViewPos="(1.45; 2.55; 0.5)">
                                                        <Mirror FOVScale="2" ClipDir="(-0.866; 0; -0.5)" MeshFrame="mirror_left" Pos="(2.006; 2.375; 1.454)" ReflectionDir="(-0.866; 0; -0.5)" Size="(0.16; 0.3)" ClipOffset="0.1">

                                                        </Mirror>
                                                        <Mirror FOVScale="2" ClipDir="(-0.788; 0; 0.616)" MeshFrame="mirror_right" Pos="(2.095; 2.375; -1.439)" ReflectionDir="(-0.788; 0; 0.616)" Size="(0.16; 0.3)" ClipOffset="0.1">

                                                        </Mirror>
                                                  </Cockpit>
                          </Camera>
                                                  <CompatibleWheels Type="wheels_heavy_single" Scale="0.61">

                                                  </CompatibleWheels>
                                                  <CompatibleWheels Type="wheels_heavy_single" Scale="0.64">

                                                  </CompatibleWheels>
                                                  <CompatibleWheels Type="wheels_heavy_single2" Scale="0.64" RearOffsetZ="0.05" OffsetZ="0.055">

                                                  </CompatibleWheels>
                                                  <CompatibleWheels Type="wheels_heavy_mudtires_tayga" Scale="0.61" RearOffsetZ="0.05" Off8setZ="0.1">

                                                  </CompatibleWheels>
                                                  <CompatibleWheels Type="wheels_heavy_mudtires_tayga" Scale="0.64" RearOffsetZ="0.05" OffsetZ="0.1">

                                                  </CompatibleWheels>
                                                    <LimitedFluid Type="Cylinder" Center="(-0.026; 0.998; 0.83)" RadiusY="0.27" LengthX="0.9" RadiusZ="0.27">

                                                    </LimitedFluid>
                                                    <LimitedFluid Type="Cylinder" Center="(-0.026; 0.998; -0.83)" RadiusY="0.27" LengthX="0.9" RadiusZ="0.27">

                                                    </LimitedFluid>
                          <Sounds ParentFrame="BoneCabin_cdt" _template="Default" AirHissInterval="12.0" MinDist="10.0" Origin="(3; 1.75; 0)" DisableReversePitch="false">
                                                        <Reverse Sound="trucks/tayga_6455b/tayga_6455b_reverse">

                                                        </Reverse>
                                                        <EngineTrans Sound="">

                                                        </EngineTrans>
                                                        <EngineLow Sound="trucks/tayga_6455b/tayga_6455b_low">

                                                        </EngineLow>
                                                        <EngineHigh Sound="trucks/tayga_6455b/tayga_6455b_high">

                                                        </EngineHigh>
                                                        <HandbrakeOff Sound="trucks/tayga_6436/tayga_6436_handbrake_off">

                                                        </HandbrakeOff>
                                                        <AbruptStop Sound="trucks/common/truck_swing_big_rnd_set/truck_swing_big_rnd">

                                                        </AbruptStop>
                                                        <EngineRev Sound="trucks/tayga_6455b/tayga_6455b_rev">

                                                        </EngineRev>
                                                        <EngineHeavy_2d IsSound2D="true" Sound="trucks/tayga_6455b/tayga_6455b_heavy_2d">

                                                        </EngineHeavy_2d>
                                                        <EngineHeavy Sound="trucks/tayga_6455b/tayga_6455b_heavy">

                                                        </EngineHeavy>
                                                        <EngineHigh_2d IsSound2D="true" Sound="trucks/tayga_6455b/tayga_6455b_high_2d">

                                                        </EngineHigh_2d>
                                                        <EngineLow_2d IsSound2D="true" Sound="trucks/tayga_6455b/tayga_6455b_low_2d">

                                                        </EngineLow_2d>
                                                        <EngineIdle_2d IsSound2D="true" Sound="trucks/tayga_6455b/tayga_6455b_idle_2d">

                                                        </EngineIdle_2d>
                                                        <EngineStart Sound="trucks/tayga_6455b/tayga_6455b_start">

                                                        </EngineStart>
                                                        <Handbrake Sound="trucks/tayga_6436/tayga_6436_handbrake_on">

                                                        </Handbrake>
                                                        <Honk Sound="trucks/tayga_6455b/tayga_6455b_honk">

                                                        </Honk>
                                                        <EngineIdle Sound="trucks/tayga_6455b/tayga_6455b_idle">

                                                        </EngineIdle>
                                                        <BrakesSqueal Sound="trucks/tayga_6436/tayga_6436_brakes_squeal">

                                                        </BrakesSqueal>
                                                        <EngineStop Sound="trucks/tayga_6455b/tayga_6455b_stop">

                                                        </EngineStop>
                                                        <BrakeRelease Sound="trucks/common/truck_brake_release_alt2_rnd_set/truck_brake_release_alt2_rnd">

                                                        </BrakeRelease>
                                                        <EngineAccel Sound="trucks/tayga_6455b/tayga_6455b_acc">

                                                        </EngineAccel>
                          </Sounds>
                          <GearboxSocket Type="gearboxes_trucks" Default="g_truck_default">

                          </GearboxSocket>
                                                          <Steam Origin="(3; 1.5; 0)">

                                                          </Steam>
                                                          <Steam Origin="(1; 1.4; 0)">

                                                          </Steam>
                          <Wheels DefaultWheelType="wheels_heavy_single" DefaultTire="offroad_2" DefaultRim="rim_1">
                                                                <Wheel Pos="(3.221; 0.64; 1.060)" _template="FrontWheel">

                                                                </Wheel>
                                                                <Wheel RightSide="true" Pos="(3.221; 0.64; 1.027)" _template="FrontWheel">

                                                                </Wheel>
                                                                <Wheel Pos="(-2.477; 0.645; 1.060)" _template="RearWheel">

                                                                </Wheel>
                                                                <Wheel RightSide="true" Pos="(-2.477; 0.645; 1.060)" _template="RearWheel">

                                                                </Wheel>
                                                                <Wheel Pos="(-3.885; 0.645; 1.060)" _template="RearWheel">

                                                                </Wheel>
                                                                <Wheel RightSide="true" Pos="(-3.885; 0.645; 1.060)" _template="RearWheel">

                                                                </Wheel>
                          </Wheels>
                          <WinchUpgradeSocket Type="winches_medium_trucks" Default="w_medium_trucks_default" IsUpgradable="true">

                          </WinchUpgradeSocket>
                          <SteeringRack Frame="BoneRack" RackHalfSizeZ="0.838" FrameSteerLeft="BoneRackLeft" FrameSteerRight="BoneRackRight">

                          </SteeringRack>
                          <SteeringWheel Frame="BoneSteering">

                          </SteeringWheel>
                          <SoundsWheels _template="Default">

                          </SoundsWheels>
                          <Damage>
                                                                          <DamageArea Min="(2.4; 1; -0.5)" ParentFrame="BoneCabin_cdt" Max="(4.200; 2.100; 0.5)" Type="Engine">

                                                                          </DamageArea>
                                                                          <DamageArea Min="(-0.5; 0.7; -1.1)" ParentFrame="BoneChassis_cdt" Max="(0.5; 1.3; 1.1)" Type="FuelTank">

                                                                          </DamageArea>
                          </Damage>
                          <Shafts>
                                                                            <Shaft SocketPointA="Shaft1a" SocketPointB="Shaft1b">

                                                                            </Shaft>
                                                                            <Shaft SocketPointA="Shaft2a" SocketPointB="Shaft2b">

                                                                            </Shaft>
                                                                            <Shaft SocketPointA="Shaft3a" SocketPointB="Shaft3b">

                                                                            </Shaft>
                                                                            <Shaft SocketPointA="Shaft4a" SocketPointB="Shaft4b">

                                                                            </Shaft>
                                                                            <Shaft SocketPointA="Shaft5a" SocketPointB="Shaft5b">

                                                                            </Shaft>
                          </Shafts>
        </TruckData>
  </Truck>