  <_templates Include="trucks">
      <Wheel>
          <RearWheel Location="rear" ConnectedToHandbrake="true" Torque="default">

          </RearWheel>
          <FrontWheel ParentFrame="BoneCabin_cdt" SteeringAngle="37" Location="front" SteeringJointOffset="0.2" Torque="full" SteeringCastor="8">

          </FrontWheel>
      </Wheel>
      <Body>
            <SideMirror Mass="5" Collisions="None">
                <Constraint Type="Hinge" MaxLimit="5" AxisLocal="(0; 1; 0)" MinLimit="-5">
                    <Motor Spring="300" Damping="5" Type="Spring">

                    </Motor>
                </Constraint>
            </SideMirror>
      </Body>
      <Flare>
              <IgnitionSignalOrange ColorMultAtDay="0.6" Dir="(0; 1; 0)" DirAngle="135" Color="g(255; 140; 0) x 0.3" Size="0.1" AspectRatio="1.4">

              </IgnitionSignalOrange>
      </Flare>
  </_templates>
  <Truck>
        <HeadLight Pos="(4.5; 1.343; 0)" ParentFrame="BoneCabin_cdt" _template="Default">

        </HeadLight>
        <GameData UnlockByExploration="false" Price="155800" UnlockByRank="1" Country="RU,CAS">
              <CustomizationCameras>
                    <CameraPos MaxXRotation="360" InterestPosition="(4.289; 1.675; 1.339)" FOV="32.0" MaxYRotation="360" Name="sticker_1" MaxZoom="2" Position="(3.559; 4.005; -0.378)" Interior="true">

                    </CameraPos>
                    <CameraPos MaxYRotation="360" MaxZoom="2" Name="addon_1" InterestPosition="(-0.014; 1.692; -0)" Position="(-8.717; 4.556; 8.243)" MaxXRotation="360" FOV="32.0">

                    </CameraPos>
                    <CameraPos MaxYRotation="360" MaxZoom="2" Name="addon_2" InterestPosition="(3.194; 1.807; 0)" Position="(-8.093; 2.337; -6.718)" MaxXRotation="360" FOV="32.0">

                    </CameraPos>
                    <CameraPos Name="mirror_mount" InterestPosition="(6.729; 3.065; 0.909)" Position="(3.497; 3.68; -0.138)" Interior="true" FOV="32.0">

                    </CameraPos>
                    <CameraPos MaxYRotation="360" MaxZoom="2" Name="side_r" InterestPosition="(4.063; 2.883; 0.986)" Position="(-3.064; 3.942; 4.021)" MaxXRotation="360" FOV="32.0">

                    </CameraPos>
                    <CameraPos MaxXRotation="360" InterestPosition="(7.717; 2.874; -1.766)" FOV="32.0" MaxYRotation="360" Name="hood_ornament" MaxZoom="2" Position="(8.769; 3.19; -1.766)" Interior="true">

                    </CameraPos>
                    <CameraPos Name="sticker" InterestPosition="(6.025; 1.129; 0.321)" Position="(3.422; 3.885; -0.528)" Interior="true" FOV="32.0">

                    </CameraPos>
                    <CameraPos Name="glass_sticker" InterestPosition="(3.877; 3.28; -0.871)" Position="(8.429; 4.276; 0.711)" Interior="true" FOV="32.0">

                    </CameraPos>
                    <CameraPos MaxXRotation="360" InterestPosition="(5.285; 2.147; 0.378)" FOV="32.0" MaxYRotation="360" Name="door_r_sticker" MaxZoom="2" Position="(2.046; 3.039; 3.839)" Interior="true">

                    </CameraPos>
                    <CameraPos MaxYRotation="360" MaxZoom="2" Name="roof" InterestPosition="(3.961; 3.673; -0.761)" Position="(8.162; 6.118; -1.689)" MaxXRotation="360" FOV="32.0">

                    </CameraPos>
                    <CameraPos Name="capote_sticker" InterestPosition="(6.203; 2.413; -0.817)" Position="(8.868; 5.94; -0.414)" Interior="true" FOV="32.0">

                    </CameraPos>
                    <CameraPos MaxYRotation="360" MaxZoom="2" Name="hoods" InterestPosition="(5.735; 1.735; -0)" Position="(13.57; 2.201; -2.971)" MaxXRotation="360" FOV="32.0">

                    </CameraPos>
                    <CameraPos MaxYRotation="360" MaxZoom="2" Name="side_l" InterestPosition="(5.602; 1.899; 0)" Position="(10.257; 4.018; 6.384)" MaxXRotation="360" FOV="32.0">

                    </CameraPos>
                    <CameraPos Name="bubble_head" InterestPosition="(6.58; 2; 1.444)" Position="(3.307; 3.498; -0.317)" Interior="true" FOV="32.0">

                    </CameraPos>
                    <CameraPos MaxYRotation="360" MaxZoom="2" Name="wheels" InterestPosition="(3.931; 0.362; -0.077)" Position="(7.574; 1.74; -7.505)" MaxXRotation="360" FOV="32.0">

                    </CameraPos>
                    <CameraPos MaxYRotation="360" MaxZoom="2" Name="default" InterestPosition="(5.197; 1.735; -0)" Position="(13.641; 1.384; -4.536)" MaxXRotation="360" FOV="32.0">

                    </CameraPos>
                    <CameraPos MaxYRotation="360" MaxZoom="2" Name="rear" InterestPosition="(0.479; 0.992; -0)" Position="(-5.767; 1.805; 2.899)" MaxXRotation="360" FOV="32.0">

                    </CameraPos>
                    <CameraPos Name="door_l_sticker" InterestPosition="(3.066; 2.362; -0.591)" Position="(2.29; 3.182; -3.81)" Interior="true" FOV="32.0">

                    </CameraPos>
                    <CameraPos Name="curtain" InterestPosition="(6.729; 3.065; 0.909)" Position="(3.497; 3.68; -0.138)" Interior="true" FOV="32.0">

                    </CameraPos>
              </CustomizationCameras>
              <UiDesc UiName="UI_VEHICLE_BOAR_45318_NAME" UiDesc="UI_VEHICLE_BOAR_45318_DESC" UiIconLogo="BoarLogo80" UiIcon40x40="offroadVehicleImg" UiIcon30x30="offroadVehicleImg30" UiIcon328x458="shopImgBoar">

              </UiDesc>
                    <AddonSockets>
                        <Socket Offset="(-2.517; 2.068; 0)" Names="LargeSemitrailer">

                        </Socket>
                        <Socket Offset="(-2.517; 2.068; 0)" Names="LargeSemitrailer, LargeSemitrailerOiltank">

                        </Socket>
                        <Socket Offset="(-4.653; 1.228; 0)" Names="Trailer">

                        </Socket>
                    </AddonSockets>
                    <AddonSockets>
                        <Socket Offset="(-6.3; 1.568; 0)" Names="BunkLog">

                        </Socket>
                        <Socket Offset="(-2.498; 1.568; 0)" Names="SaddleHigh">
                            <ExtraParent Offset="(0; 0; -0.134)" Frame="BoneChassis_cdt">

                            </ExtraParent>
                            <ExtraParent Offset="(0; 0; 0.134)" Frame="BoneChassis_cdt">

                            </ExtraParent>
                        </Socket>
                        <Socket ParentFrame="BoneChassis_cdt" Offset="(-0.08; 1.341; 0)" Names="FrameAddonSeismicVibrator" NamesBlock="Trailer">

                        </Socket>
                        <Socket Offset="(-3; 1.65; 0)" Names="FrameAddonKung" ParentFrame="BoneChassis_cdt">
                            <ExtraParent Offset="(0; 0; -0.3)" Frame="BoneChassis_cdt">

                            </ExtraParent>
                            <ExtraParent Offset="(0; 0; 0.3)" Frame="BoneChassis_cdt">

                            </ExtraParent>
                        </Socket>
                    </AddonSockets>
                    <AddonSockets>
                      <Socket Names="boar45318Bumper" ParentFrame="BoneCabin_cdt">

                      </Socket>
                    </AddonSockets>
                    <AddonSockets DefaultAddon="boar_45318_snorkel_default">
                      <Socket Names="boar45318Snorkel" ParentFrame="BoneCabin_cdt">

                      </Socket>
                    </AddonSockets>
                    <AddonSockets>
                      <Socket Names="boar45318Horn" ParentFrame="BoneCabin_cdt">

                      </Socket>
                    </AddonSockets>
                    <AddonSockets>
                        <Socket Names="boar45318Gabarite1" ParentFrame="BoneCabin_cdt">

                        </Socket>
                        <Socket Names="boar45318Gabarite2" ParentFrame="BoneCabin_cdt">

                        </Socket>
                    </AddonSockets>
                    <AddonSockets>
                        <Socket Names="boar45318DoubleBeacon" ParentFrame="BoneCabin_cdt">

                        </Socket>
                        <Socket Names="boar45318Beacon" ParentFrame="BoneCabin_cdt">

                        </Socket>
                    </AddonSockets>
                    <AddonSockets DefaultAddon="boar_45318_visor_default">
                      <Socket Names="boar45318Visor" ParentFrame="BoneCabin_cdt">

                      </Socket>
                    </AddonSockets>
                    <AddonSockets DefaultAddon="boar_45318_air_conditioner_default">
                      <Socket NamesBlock="boar45318Beacon, boar45318Gabarite1" Names="boar45318AirConditioner" ParentFrame="BoneCabin_cdt">

                      </Socket>
                    </AddonSockets>
                    <AddonSockets>
                      <Socket Names="boar45318SpotLight" ParentFrame="BoneCabin_cdt">

                      </Socket>
                    </AddonSockets>
                    <AddonSockets DefaultAddon="boar_45318_exhaust_default">
                      <Socket Names="boar45318Exhaust" ParentFrame="BoneCabin_cdt">

                      </Socket>
                    </AddonSockets>
                    <AddonSockets>
                      <Socket ParentFrame="BoneCabin_cdt" Offset="(1.679; 3.024; 0.059)" Names="StuffDashboard" InCockpit="true">

                      </Socket>
                    </AddonSockets>
                    <AddonSockets>
                        <Socket ParentFrame="BoneCabin_cdt" Offset="(1.776; 3.678; 0.091)" Names="StuffAirfreshener" InCockpit="true">

                        </Socket>
                        <Socket ParentFrame="BoneCabin_cdt" Names="StuffCurtainBoar45318" InCockpit="true">

                        </Socket>
                    </AddonSockets>
                    <AddonSockets>
                      <Socket ParentFrame="BoneCabin_cdt" Names="boar45318Sticker_1x1_01" InCockpit="true">

                      </Socket>
                    </AddonSockets>
                    <AddonSockets>
                      <Socket ParentFrame="BoneCabin_cdt" Names="boar45318Sticker_1x1_02" InCockpit="true">

                      </Socket>
                    </AddonSockets>
                    <AddonSockets>
                      <Socket ParentFrame="BoneCabin_cdt" Names="boar45318Sticker_1x2_01" InCockpit="true">

                      </Socket>
                    </AddonSockets>
                    <AddonSockets>
                      <Socket ParentFrame="BoneCabin_cdt" Names="boar45318Sticker_1x2_02" InCockpit="true">

                      </Socket>
                    </AddonSockets>
                    <AddonSockets>
                      <Socket ParentFrame="BoneCabin_cdt" Names="boar45318Sticker_1x2_03" InCockpit="true">

                      </Socket>
                    </AddonSockets>
                    <AddonSockets>
                      <Socket ParentFrame="BoneCabin_cdt" Names="boar45318Sticker_1x4_01" InCockpit="true">

                      </Socket>
                    </AddonSockets>
                    <AddonSockets>
                      <Socket ParentFrame="BoneCabin_cdt" Names="boar45318Sticker_GlassTop" InCockpit="true">

                      </Socket>
                    </AddonSockets>
                    <AddonSockets>
                      <Socket ParentFrame="BoneCabin_cdt" Names="boar45318Sticker_GlassBottom" InCockpit="true">

                      </Socket>
                    </AddonSockets>
                    <AddonSockets>
                      <Socket Names="boar45318Sticker_Door_L" ParentFrame="BoneCabin_cdt">

                      </Socket>
                    </AddonSockets>
                    <AddonSockets>
                      <Socket Names="boar45318Sticker_Door_R" ParentFrame="BoneCabin_cdt">

                      </Socket>
                    </AddonSockets>
                    <AddonSockets>
                      <Socket Names="boar45318Sticker_Capote" ParentFrame="BoneCabin_cdt">

                      </Socket>
                    </AddonSockets>
                    <AddonSockets DefaultAddon="stuff_hood_default_boar_45318">
                      <Socket Names="StuffHoodBoar45318" ParentFrame="BoneCabin_cdt">

                      </Socket>
                    </AddonSockets>
                    <AddonSockets DefaultAddon="boar_45318_diff_lock_default">
                      <Socket Offset="(0; 0; 0)" Names="Boar45318DiffLock" ParentFrame="BoneChassis_cdt">

                      </Socket>
                    </AddonSockets>
                      <CraneSocket Pos="(4.706; 1.23; -0.786)" ParentFrame="BoneCabin_cdt">

                      </CraneSocket>
                      <CraneSocket Pos="(4.706; 1.23; 0.786)" ParentFrame="BoneCabin_cdt">

                      </CraneSocket>
                      <CraneSocket Pos="(-1.247; 1.274; -0.553)">

                      </CraneSocket>
                      <CraneSocket Pos="(-1.247; 1.274; 0.553)">

                      </CraneSocket>
                      <CraneSocket Pos="(-4.653; 1.232; 0)">

                      </CraneSocket>
                        <WinchSocket Pos="(4.706; 1.23; -0.786)" ParentFrame="BoneCabin_cdt">

                        </WinchSocket>
                        <WinchSocket Pos="(4.706; 1.23; 0.786)" ParentFrame="BoneCabin_cdt">

                        </WinchSocket>
                        <WinchSocket Pos="(-1.247; 1.274; -0.553)">

                        </WinchSocket>
                        <WinchSocket Pos="(-1.247; 1.274; 0.553)">

                        </WinchSocket>
                        <WinchSocket Pos="(-4.653; 1.232; 0)">

                        </WinchSocket>
        </GameData>
        <PhysicsModel Mesh="trucks/boar_45318">
                <Body NetSync="pv" CenterOfMassOffset="(-0.55; 0; 0)" ModelFrame="BoneChassis_cdt" Mass="10600" ImpactType="Truck">
                    <Body NetSync="pv" CenterOfMassOffset="(0.1; 0; 0)" ModelFrame="BoneCabin_cdt" Mass="9400" ImpactType="Truck">
                        <Constraint Type="Hinge" MaxLimit="10" AxisLocal="(1; 0; 0)" MinLimit="-10" PivotOffset="(0; 0; 0)">
                            <Motor Spring="2800000" Damping="160000" Type="Spring">

                            </Motor>
                        </Constraint>
                            <Body ModelFrame="BoneTieRod1_cdt" _template="TieRod">
                              <Constraint MaxLimit="30" AxisLocal="(0; 0; 1)" MinLimit="-30" Name="TieRodSteer">

                              </Constraint>
                            </Body>
                            <Body ModelFrame="BoneBelt_cdt" Mass="1" Collisions="None">
                              <Constraint Type="Prismatic" MaxLimit="0.06" AxisLocal="(0; 0; 1)" MinLimit="-0.02">
                                  <Motor Spring="200" Damping="30" Type="Spring">

                                  </Motor>
                              </Constraint>
                            </Body>
                            <Body ModelFrame="BoneMirrorLeft_cdt" _template="SideMirror">

                            </Body>
                            <Body ModelFrame="BoneMirrorRight_cdt" _template="SideMirror">

                            </Body>
                            <Body ModelFrame="BoneWire1_cdt" Mass="1" Collisions="None">
                              <Constraint Type="Hinge" MaxLimit="65" AxisLocal="(0; 0; 1)" MinLimit="-65">
                                  <Motor Spring="1" Damping="0.1" Type="Spring">

                                  </Motor>
                              </Constraint>
                              <Body ModelFrame="BoneWire2_cdt" Mass="1" Collisions="None">
                                    <Constraint Type="Prismatic" MaxLimit="0.1" AxisLocal="(0; 1; 0)" PivotOffset="(0; 0; 0)" MinLimit="-0.1" Collisions="None">
                                        <Motor Spring="500" Damping="2.5" Type="Spring">

                                        </Motor>
                                    </Constraint>
                              </Body>
                            </Body>
                    </Body>
                </Body>
                <NetSync Legacy="false">

                </NetSync>
        </PhysicsModel>
        <ControlledConstraints>
                  <Constraint IsLinkedSteering="true" Id="chassis_steer" Name="TieRodSteer">

                  </Constraint>
        </ControlledConstraints>
        <ModelAttachments>
                    <HeadLight>
                          <Flare Pos="(4.579; 1.386; 1.246)" _template="HeadLight" Color="g(235; 225; 190) x 0.65" Size="0.45" ParentFrame="BoneCabin_cdt">

                          </Flare>
                          <Flare Pos="(4.579; 1.386; -1.246)" _template="HeadLight" Color="g(235; 225; 190) x 0.65" Size="0.45" ParentFrame="BoneCabin_cdt">

                          </Flare>
                          <Flare Pos="(4.579; 1.386; 1.246)" ParentFrame="BoneCabin_cdt" _template="BlueStreak">

                          </Flare>
                          <Flare Pos="(4.579; 1.386; -1.246)" ParentFrame="BoneCabin_cdt" _template="BlueStreak">

                          </Flare>
                            <Model Org="(4.579; 1.386; 1.246)" ParentFrame="BoneCabin_cdt" _template="HeadLightRay">

                            </Model>
                            <Model Org="(4.579; 1.386; -1.246)" ParentFrame="BoneCabin_cdt" _template="HeadLightRay">

                            </Model>
                    </HeadLight>
                    <StopSignals>
                          <Light Pos="(-4.73; 1.222; 0)" _template="StopSignal">

                          </Light>
                              <Flare Pos="(-4.563; 1.222; 1.135)" Size="0.3" _template="StopSignal">

                              </Flare>
                              <Flare Pos="(-4.563; 1.222; -1.135)" Size="0.3" _template="StopSignal">

                              </Flare>
                    </StopSignals>
                    <Ignition>
                              <Light Pos="(4.9; 1.386; 1.246)" ParentFrame="BoneCabin_cdt" _template="IgnitionSignalWhite">

                              </Light>
                              <Light Pos="(4.9; 1.386; -1.246)" ParentFrame="BoneCabin_cdt" _template="IgnitionSignalWhite">

                              </Light>
                              <Light Pos="(-4.8; 1.22; -)" _template="IgnitionSignalRed">

                              </Light>
                                <Flare Pos="(4.6; 1.386; 1.246)" _template="IgnitionSignalWhite" Color="g(165; 149; 130) x 0.8" Size="0.4" ParentFrame="BoneCabin_cdt">

                                </Flare>
                                <Flare Pos="(4.6; 1.386; -1.246)" _template="IgnitionSignalWhite" Color="g(165; 149; 130) x 0.8" Size="0.4" ParentFrame="BoneCabin_cdt">

                                </Flare>
                                <Flare Pos="(-4.563; 1.222; -1.131)" _template="IgnitionSignalRed" Size="0.3" ParentFrame="BoneChassis_cdt">

                                </Flare>
                                <Flare Pos="(-4.563; 1.222; 1.131)" _template="IgnitionSignalRed" Size="0.3" ParentFrame="BoneChassis_cdt">

                                </Flare>
                                <Flare Pos="(4.466; 1.325; 1.414)" Dir="(1; 0; 0)" _template="IgnitionSignalWhite" Color="g(165; 149; 130) x 0.4" Size="0.2" ParentFrame="BoneCabin_cdt">

                                </Flare>
                                <Flare Pos="(4.466; 1.325; -1.414)" Dir="(1; 0; 0)" _template="IgnitionSignalWhite" Color="g(165; 149; 130) x 0.4" Size="0.2" ParentFrame="BoneCabin_cdt">

                                </Flare>
                    </Ignition>
                    <ReverseSignals>
                              <Light Pos="(-4.566; 1.222; 0)" _template="ReverseSignal">

                              </Light>
                                  <Flare Pos="(-4.563; 1.222; 0.893)" _template="ReverseSignal" Color="g(245; 235; 220) x 0.6" Size="0.4">

                                  </Flare>
                                  <Flare Pos="(-4.563; 1.222; -0.893)" _template="ReverseSignal" Color="g(245; 235; 220) x 0.6" Size="0.4">

                                  </Flare>
                                  <Flare Pos="(-4.563; 1.222; 0.893)" Dir="(-1; 0; 0)" _template="BlueStreak" Color="g(220; 220; 255) x 0.05" Size="0.4">

                                  </Flare>
                                  <Flare Pos="(-4.563; 1.222; -0.893)" Dir="(-1; 0; 0)" _template="BlueStreak" Color="g(220; 220; 255) x 0.05" Size="0.4">

                                  </Flare>
                    </ReverseSignals>
        </ModelAttachments>
        <Landmark MaxScale="2.5" Mesh="landmarks/boar_45318_lmk" MinScale="1.5">

        </Landmark>
        <AutomaticIK>
                          <IKBone ParentFrame="BoneTieRod1_cdt" ModelFrame="BoneTieRod2">
                            <IKJoint Type="Hinge2" AxisLocal="(1; 0; 0)">

                            </IKJoint>
                            <IKBone AttachToFrame="BoneRackLeft" AttachOffset="(0; 0; 0)" ModelFrame="BoneTieRod3">
                                  <IKJoint Type="Slider" AxisLocal="(1; 0; 0)">

                                  </IKJoint>
                            </IKBone>
                          </IKBone>
                          <IKBone ParentFrame="BoneAxle1" ModelFrame="BonePistonBaseLeft">
                            <IKJoint Type="Hinge2" AxisLocal="(0; 0; 1)">

                            </IKJoint>
                            <IKBone AttachToFrame="BoneRackLeft" AttachOffset="(0; 0; 0)" ModelFrame="BonePistonLeft">
                                  <IKJoint Type="Slider" AxisLocal="(0; 0; 1)">

                                  </IKJoint>
                            </IKBone>
                          </IKBone>
                          <IKBone ParentFrame="BoneAxle1" ModelFrame="BonePistonBaseRight">
                            <IKJoint Type="Hinge2" AxisLocal="(0; 0; -1)">

                            </IKJoint>
                            <IKBone AttachToFrame="BoneRackRight" AttachOffset="(0; 0; 0)" ModelFrame="BonePistonRight">
                                  <IKJoint Type="Slider" AxisLocal="(0; 0; 1)">

                                  </IKJoint>
                            </IKBone>
                          </IKBone>
        </AutomaticIK>
        <TruckData SteerSpeed="0.025" EngineStartDelay="0.8" EngineIconMesh="env/engine_big" TruckType="HEAVY" Responsiveness="0.15" BackSteerSpeed="0.025" TruckImage="Boar45318mchr" FuelCapacity="300" DiffLockType="Installed" ExhaustStartTime="0.9" EngineIconScale="1.3">
                          <Driver Pos="(0.912; 2.636; 0.51)" ParentFrame="BoneCabin_cdt" AnimationSet="Truck" SteeringWheelPos="(1.368; 2.961; 0.507)">

                          </Driver>
                          <SoundsDamage _template="Heavy">

                          </SoundsDamage>
                          <OcclusionMap HalfSizeZ="2.15" MinX="-5.25" MaxX="5.20">

                          </OcclusionMap>
                          <FuelTank DamageCapacity="120">

                          </FuelTank>
                          <Intake Size="1" Dir="(1; 0; 0)" Origin="(4.222; 1.83; 0)">

                          </Intake>
                          <EngineSocket Type="e_ru_special" Default="ru_special_engine_0">

                          </EngineSocket>
                          <SuspensionSocket Type="s_boar_45318" MaxWheelRadiusWithoutSuspension="0.75" Default="boar_45318_suspension_default">

                          </SuspensionSocket>
                          <Dashboard>
                                              <Gauge InputRange="(0;1)" Dir="(-0.937; 0.35; 0)" InputType="rpm" Org="(1.577; 2.913; 0.568)" Damping="0.99" Mesh="trucks/arrows/boar_45318_arrow_2" OutputAngles="(-121; 116)">

                                              </Gauge>
                                              <Gauge InputType="speed" Dir="(-0.936; 0.351; 0)" Org="(1.576; 2.914; 0.44)" Mesh="trucks/arrows/boar_45318_arrow_2" InputRange="(0;120)" OutputAngles="(-121; 117)">

                                              </Gauge>
                                              <Gauge InputRange="(0;1)" Dir="(-0.94; 0.342; -0.007)" InputType="engineEnabled" Org="(1.599; 2.975; 0.727)" Damping="0.99" Mesh="trucks/arrows/boar_45318_arrow_3" OutputAngles="(-49; 15)">

                                              </Gauge>
                                              <Gauge InputRange="(0;1)" Dir="(-0.94; 0.342; -0.007)" InputType="engineEnabled" Org="(1.598; 2.972; 0.654)" Damping="0.99" Mesh="trucks/arrows/boar_45318_arrow_3" OutputAngles="(-45; 8)">

                                              </Gauge>
                                              <Gauge InputRange="(0;1)" Dir="(-0.936; 0.351; -0.007)" InputType="fuel" Org="(1.57; 2.897; 0.697)" Damping="0.99" Mesh="trucks/arrows/boar_45318_arrow_3" OutputAngles="(-53; 54)">

                                              </Gauge>
                                              <Gauge InputRange="(0;1)" Dir="(-0.94; 0.342; -0.007)" InputType="engineEnabled" Org="(1.598; 2.973; 0.351)" Damping="0.99" Mesh="trucks/arrows/boar_45318_arrow_3" OutputAngles="(-47; -6)">

                                              </Gauge>
                                              <Gauge InputRange="(0;1)" Dir="(-0.94; 0.341; -0.007)" InputType="engineEnabled" Org="(1.598; 2.973; 0.277)" Damping="0.99" Mesh="trucks/arrows/boar_45318_arrow_3" OutputAngles="(-49; 7)">

                                              </Gauge>
                                              <Gauge InputRange="(0;1)" Dir="(-0.94; 0.342; -0.007)" InputType="engineEnabled" Org="(1.57; 2.898; 0.312)" Damping="0.99" Mesh="trucks/arrows/boar_45318_arrow_3" OutputAngles="(-51; 31)">

                                              </Gauge>
                                              <Gauge InputRange="(0;1)" Dir="(-0.937; 0.349; 0.004)" InputType="engineEnabled" Org="(1.515; 2.751; 0.654)" Damping="0.99" Mesh="trucks/arrows/boar_45318_arrow_1" OutputAngles="(-123; 69)">

                                              </Gauge>
                                              <Gauge InputRange="(0;1)" Dir="(-0.937; 0.35; 0.004)" InputType="engineEnabled" Org="(1.515; 2.751; 0.345)" Damping="0.99" Mesh="trucks/arrows/boar_45318_arrow_1" OutputAngles="(-124; 47)">

                                              </Gauge>
                          </Dashboard>
                          <Axles>
                                                <Axle Frame="BoneAxle1">

                                                </Axle>
                                                <Axle Frame="BoneAxle2">

                                                </Axle>
                                                <Axle Frame="BoneAxle3">

                                                </Axle>
                          </Axles>
                          <Camera Center="(-1.5; 0; 0)" ParentFrame="BoneCabin_cdt">
                                                <Cockpit WindshieldDiffuseTexture="trucks/boar_45318_glass__d_a.tga" _template="Default" WindshieldShadingTexture="trucks/boar_45318_glass__sh_d.tga" ViewPos="(0.95; 3.347; 0.513)">
                                                      <Mirror FOVScale="2.5" ClipDir="(-0.785; 0.007; -0.62)" MeshFrame="mirror_left" Pos="(1.742; 3.299; 1.938)" ReflectionDir="(-0.909; 0.007; -0.416)" Size="(0.29; 0.56)" ClipOffset="0.1">

                                                      </Mirror>
                                                      <Mirror FOVScale="2.5" ClipDir="(-0.653; 0.003; 0.757)" MeshFrame="mirror_right" Pos="(1.68; 3.299; -1.899)" ReflectionDir="(-0.793; 0.003; 0.61)" Size="(0.29; 0.56)" ClipOffset="0.1">

                                                      </Mirror>
                                                </Cockpit>
                          </Camera>
                                                <CompatibleWheels Type="wheels_medium_double" Scale="0.69" RearOffsetZ="0.06" OffsetZ="0.04">

                                                </CompatibleWheels>
                                                <CompatibleWheels Type="wheels_medium_double" Scale="0.74" RearOffsetZ="0.08">

                                                </CompatibleWheels>
                                                <CompatibleWheels Type="wheels_heavy_double2" Scale="0.74" RearOffsetZ="0.1">

                                                </CompatibleWheels>
                                                  <LimitedFluid SizeX="1.111" ParentFrame="BoneChassis_cdt" Center="(-0.554; 1.09; -1.152)" Type="Box" SizeZ="0.802" SizeY="0.848">

                                                  </LimitedFluid>
                                                  <LimitedFluid SizeX="1.111" ParentFrame="BoneChassis_cdt" Center="(-0.554; 1.09; 1.152)" Type="Box" SizeZ="0.802" SizeY="0.848">

                                                  </LimitedFluid>
                          <Sounds ParentFrame="BoneCabin_cdt" _template="Default" AirHissInterval="12.0" MinDist="15.0" Origin="(2.915; 2.15; 0)" DisableReversePitch="true">
                                                      <Reverse Sound="trucks/boar_45318/boar_45318_back_beeper">

                                                      </Reverse>
                                                      <EngineTrans Sound="">

                                                      </EngineTrans>
                                                      <EngineLow Sound="trucks/boar_45318/boar_45318_low">

                                                      </EngineLow>
                                                      <EngineHigh Sound="trucks/boar_45318/boar_45318_high">

                                                      </EngineHigh>
                                                      <HandbrakeOff Sound="trucks/boar_45318/boar_45318_handbrake_off">

                                                      </HandbrakeOff>
                                                      <ChassisStress Sound="trucks/common/truck_stress_rnd_set/truck_stress_rnd">

                                                      </ChassisStress>
                                                      <AbruptStop Sound="trucks/common/truck_swing_big_rnd_set/truck_swing_big_rnd">

                                                      </AbruptStop>
                                                      <EngineRev Sound="trucks/boar_45318/boar_45318_rev">

                                                      </EngineRev>
                                                      <EngineHeavy_2d IsSound2D="true" Sound="">

                                                      </EngineHeavy_2d>
                                                      <EngineHeavy Sound="">

                                                      </EngineHeavy>
                                                      <EngineHigh_2d IsSound2D="true" Sound="trucks/boar_45318/boar_45318_high_2d">

                                                      </EngineHigh_2d>
                                                      <EngineLow_2d IsSound2D="true" Sound="trucks/boar_45318/boar_45318_low_2d">

                                                      </EngineLow_2d>
                                                      <EngineIdle_2d IsSound2D="true" Sound="trucks/boar_45318/boar_45318_idle_2d">

                                                      </EngineIdle_2d>
                                                      <EngineStart Sound="trucks/boar_45318/boar_45318_start">

                                                      </EngineStart>
                                                      <Handbrake Sound="trucks/boar_45318/boar_45318_handbrake_on">

                                                      </Handbrake>
                                                      <Honk Sound="trucks/boar_45318/boar_45318_honk">

                                                      </Honk>
                                                      <EngineIdle Sound="trucks/boar_45318/boar_45318_idle">

                                                      </EngineIdle>
                                                      <BrakeRelease Sound="trucks/boar_45318/boar_45318_brake_release">

                                                      </BrakeRelease>
                                                      <EngineStop Sound="trucks/boar_45318/boar_45318_stop">

                                                      </EngineStop>
                                                      <BrakesSqueal Sound="trucks/boar_45318/boar_45318_brakes_squeal">

                                                      </BrakesSqueal>
                                                      <EngineAccel Sound="trucks/boar_45318/boar_45318_acc">

                                                      </EngineAccel>
                          </Sounds>
                          <Wheels DefaultWheelType="wheels_medium_double" DefaultTire="offroad_1" DefaultRim="rim_1">
                                                          <Wheel Pos="(2.52; 0.664; 1.332)" _template="FrontWheel">

                                                          </Wheel>
                                                          <Wheel RightSide="true" Pos="(2.52; 0.664; 1.332)" _template="FrontWheel">

                                                          </Wheel>
                                                          <Wheel Pos="(-2.269; 0.664; 1.069)" _template="RearWheel">

                                                          </Wheel>
                                                          <Wheel RightSide="true" Pos="(-2.269; 0.664; 1.069)" _template="RearWheel">

                                                          </Wheel>
                                                          <Wheel Pos="(-3.811; 0.664; 1.069)" _template="RearWheel">

                                                          </Wheel>
                                                          <Wheel RightSide="true" Pos="(-3.811; 0.664; 1.069)" _template="RearWheel">

                                                          </Wheel>
                          </Wheels>
                                                        <Steam Origin="(3.326; 2.044; 0)" ParentFrame="BoneCabin_cdt">

                                                        </Steam>
                                                        <Steam Origin="(0.029; 1.122; 0)" ParentFrame="BoneCabin_cdt">

                                                        </Steam>
                          <GearboxSocket Type="gearboxes_trucks" Default="g_truck_default">

                          </GearboxSocket>
                          <WinchUpgradeSocket Type="winches_heavy_trucks" Default="w_heavy_trucks_default" IsUpgradable="true">

                          </WinchUpgradeSocket>
                          <SteeringRack Frame="BoneRack" RackHalfSizeZ="1.009" FrameSteerLeft="BoneRackLeft" FrameSteerRight="BoneRackRight">

                          </SteeringRack>
                          <SteeringWheel Frame="BoneSteering">

                          </SteeringWheel>
                          <SoundsWheels _template="Default">

                          </SoundsWheels>
                          <Damage>
                                                                        <DamageArea Min="(1.916; 1.145; -0.932)" ParentFrame="BoneCabin_cdt" Max="(4.457; 2.73; 0.932)" Type="Engine">

                                                                        </DamageArea>
                                                                        <DamageArea Min="(-1.125; 0.56; -1.57)" ParentFrame="BoneChassis_cdt" Max="(0.014; 1.53; 1.57)" Type="FuelTank">

                                                                        </DamageArea>
                          </Damage>
                          <Shafts>
                                                                          <Shaft SocketPointA="Shaft1a" SocketPointB="Shaft1b">

                                                                          </Shaft>
                                                                          <Shaft SocketPointA="Shaft2a" SocketPointB="Shaft2b">

                                                                          </Shaft>
                                                                          <Shaft SocketPointA="Shaft3a" SocketPointB="Shaft3b">

                                                                          </Shaft>
                                                                          <Shaft SocketPointA="Shaft4a" SocketPointB="Shaft4b">

                                                                          </Shaft>
                          </Shafts>
        </TruckData>
  </Truck>