  <_templates Include="trucks">
      <Wheel>
          <RearWheel Location="rear" ConnectedToHandbrake="true" Torque="default">

          </RearWheel>
          <FrontWheel ParentFrame="BoneCabin_cdt" SteeringAngle="36" Location="front" SteeringJointOffset="0.25" Torque="connectable" SteeringCastor="5">

          </FrontWheel>
      </Wheel>
      <Body>
            <ChassisCord Mass="1" Collisions="None">
                <Constraint Type="Prismatic" MaxLimit="0.4" AxisLocal="(0; 0; 1)" MinLimit="-0.4">
                    <Motor Spring="0.1" Damping="1" Type="Spring">

                    </Motor>
                </Constraint>
            </ChassisCord>
            <MirrorCord Mass="1" Collisions="None">
                  <Constraint Type="Hinge" MaxLimit="35" AxisLocal="(0; 0; 1)" MinLimit="-35">
                      <Motor Spring="1" Damping="0.1" Type="Spring">

                      </Motor>
                  </Constraint>
            </MirrorCord>
            <Sunshield Mass="3" Collisions="None">
                    <Constraint Type="Hinge" MaxLimit="5" AxisLocal="(0; 0; 1)" MinLimit="-3">
                        <Motor Spring="25" Damping="0.5" Type="Spring">

                        </Motor>
                    </Constraint>
            </Sunshield>
            <Mirror Mass="1" Collisions="None">
                      <Constraint Type="Hinge" MaxLimit="25" AxisLocal="(0; 1; 0)" MinLimit="-25">
                          <Motor Spring="200" Damping=".1" Type="Spring">

                          </Motor>
                      </Constraint>
            </Mirror>
            <Mudguard Mass="10" AngularDamping="3.0" Collisions="None">
                        <Constraint Type="Hinge" MaxLimit="10" AxisLocal="(0; 0; 1)" MinLimit="-35">

                        </Constraint>
            </Mudguard>
      </Body>
  </_templates>
  <Truck>
        <HeadLight Pos="(5.292; 0.982; 0)" _template="Default">

        </HeadLight>
        <GameData UnlockByExploration="true" Price="108300" UnlockByRank="1" Country="US">
              <CustomizationCameras>
                    <CameraPos Name="roof_sticker" InterestPosition="(4.262; 2.356; -0.794)" Position="(7.238; 6.111; -0.596)" Interior="true" FOV="32.0">

                    </CameraPos>
                    <CameraPos MaxXRotation="360" InterestPosition="(5.056; 1.675; 1.297)" FOV="32.0" MaxYRotation="360" Name="sticker_1" MaxZoom="2" Position="(4.223; 2.817; -0.416)" Interior="true">

                    </CameraPos>
                    <CameraPos MaxYRotation="360" MaxZoom="2" Name="addon_1" InterestPosition="(-0.697; 2.256; 1.55)" Position="(-9.257; 5.579; 9.919)" MaxXRotation="360" FOV="32.0">

                    </CameraPos>
                    <CameraPos MaxYRotation="360" MaxZoom="2" Name="addon_2" InterestPosition="(3.194; 1.807; 0)" Position="(-8.093; 2.337; -6.718)" MaxXRotation="360" FOV="32.0">

                    </CameraPos>
                    <CameraPos Name="mirror_mount" InterestPosition="(6.067; 2.924; 1.03)" Position="(4.113; 2.917; -0.358)" Interior="true" FOV="32.0">

                    </CameraPos>
                    <CameraPos MaxYRotation="360" MaxZoom="2" Name="side_r" InterestPosition="(4.553; 2.114; 0.508)" Position="(-1.309; 3.85; 3.87)" MaxXRotation="360" FOV="32.0">

                    </CameraPos>
                    <CameraPos MaxXRotation="360" InterestPosition="(7.565; 2.313; -1.111)" FOV="32.0" MaxYRotation="360" Name="hood_ornament" MaxZoom="2" Position="(8.762; 2.755; -0.905)" Interior="true">

                    </CameraPos>
                    <CameraPos Name="sticker" InterestPosition="(6.135; 1.698; 0.398)" Position="(4.609; 3.157; 0.403)" Interior="true" FOV="32.0">

                    </CameraPos>
                    <CameraPos Name="glass_sticker" InterestPosition="(4.39; 2.625; -0.831)" Position="(8.867; 3.529; 0.71)" Interior="true" FOV="32.0">

                    </CameraPos>
                    <CameraPos MaxXRotation="360" InterestPosition="(5.655; 1.962; 0.862)" FOV="32.0" MaxYRotation="360" Name="door_r_sticker" MaxZoom="2" Position="(3.133; 2.711; 3.727)" Interior="true">

                    </CameraPos>
                    <CameraPos MaxYRotation="360" MaxZoom="2" Name="roof" InterestPosition="(4.917; 2.867; -1.1)" Position="(8.783; 4.714; -1.952)" MaxXRotation="360" FOV="32.0">

                    </CameraPos>
                    <CameraPos Name="capote_sticker" InterestPosition="(6.556; 2.022; -0.716)" Position="(10.359; 6.227; -0.719)" Interior="true" FOV="32.0">

                    </CameraPos>
                    <CameraPos MaxYRotation="360" MaxZoom="2" Name="hoods" InterestPosition="(6.557; 1.338; -0.466)" Position="(12.419; 1.899; -2.148)" MaxXRotation="360" FOV="32.0">

                    </CameraPos>
                    <CameraPos MaxYRotation="360" MaxZoom="2" Name="side_l" InterestPosition="(5.809; 1.905; -0.207)" Position="(10.150; 3.597; 3.415)" MaxXRotation="360" FOV="32.0">

                    </CameraPos>
                    <CameraPos Name="bubble_head" InterestPosition="(6.611; 1.914; 1.454)" Position="(4.217; 2.831; -0.39)" Interior="true" FOV="32.0">

                    </CameraPos>
                    <CameraPos MaxYRotation="360" MaxZoom="2" Name="wheels" InterestPosition="(5.394; 0.655; -0.801)" Position="(9.43; 1.241; -4.453)" MaxXRotation="360" FOV="32.0">

                    </CameraPos>
                    <CameraPos MaxYRotation="360" MaxZoom="2" Name="default" InterestPosition="(5.197; 1.735; -0)" Position="(13.641; 1.384; -4.536)" MaxXRotation="360" FOV="32.0">

                    </CameraPos>
                    <CameraPos MaxYRotation="360" MaxZoom="2" Name="rear" InterestPosition="(0.479; 0.992; -0)" Position="(-5.767; 1.805; 2.899)" MaxXRotation="360" FOV="32.0">

                    </CameraPos>
                    <CameraPos Name="door_l_sticker" InterestPosition="(4.113; 1.995; -0.56)" Position="(2.776; 2.655; -4.430)" Interior="true" FOV="32.0">

                    </CameraPos>
              </CustomizationCameras>
              <UiDesc UiName="UI_VEHICLE_PACIFIC_P512_NAME" UiDesc="UI_VEHICLE_PACIFIC_P512_DESC" UiIconLogo="PacificLogo80" UiIcon40x40="offroadVehicleImg" UiIcon30x30="offroadVehicleImg30" UiIcon328x458="shopImgPacificP512">

              </UiDesc>
                    <AddonSockets>
                        <Socket Offset="(-2.878; 1.81; 0)" Names="LargeSemitrailer, LargeSemitrailerOiltank">

                        </Socket>
                        <Socket Offset="(-2.878; 1.642; 0)" Names="Semitrailer, SemitrailerOiltank">

                        </Socket>
                        <Socket Offset="(-4.813; 1.189; 0)" Names="Trailer">
                          <AddonsShift Offset="(0; 0; 0)" Types="FrameAddonLogMedium, Pacific512CabinProtector" TrailerNamesBlock="Trailer">

                          </AddonsShift>
                        </Socket>
                    </AddonSockets>
                    <AddonSockets>
                      <Socket Offset="(0.6; 1.324; 0)" Names="LogLift" NamesBlock="FrameAddonKung, BigCraneUs, MinicraneUS, SaddleLow, SaddleHigh, FrameAddon, FrameAddonTank, FrameAddonMaintainer, FrameAddonSeismicVibrator, Pacific512SpareWheel">

                      </Socket>
                    </AddonSockets>
                    <AddonSockets>
                        <Socket ParentFrame="BoneChassis_cdt" Offset="(-2.4; 1.41; 0)" Names="FrameAddonKung" NamesBlock="MetalDetector, MinicraneUS">
                            <ExtraParent Offset="(0; 0; -0.07)" Frame="BoneChassis_cdt">

                            </ExtraParent>
                            <ExtraParent Offset="(0; 0; 0.07)" Frame="BoneChassis_cdt">

                            </ExtraParent>
                        </Socket>
                        <Socket Offset="(-6.5; 1.33; 0)" Names="BunkLog">

                        </Socket>
                        <Socket Offset="(-1.455; 1.324; 0)" Names="FrameAddonLogShort" NamesBlock="MinicraneUS, MetalDetector, LogLift, Pacific512SpareWheel">
                          <AddonsShift Offset="(-0.25; 0; 0)" Types="Pacific512CabinProtector">

                          </AddonsShift>
                        </Socket>
                        <Socket Offset="(-1.455; 1.324; 0)" Names="FrameAddonLogMedium" NamesBlock="MinicraneUS, MetalDetector, LogLift, Pacific512SpareWheel">
                          <AddonsShift Offset="(-0.25; 0; 0)" Types="Pacific512CabinProtector">

                          </AddonsShift>
                        </Socket>
                        <Socket Offset="(-3.07; 1.324; 0)" Names="BigCraneUs">
                            <ExtraParent Offset="(0; 0; 0.03)" Frame="BoneChassis_cdt">

                            </ExtraParent>
                            <ExtraParent Offset="(0; 0; -0.03)" Frame="BoneChassis_cdt">

                            </ExtraParent>
                        </Socket>
                        <Socket Offset="(-2.875; 1.324; 0)" Names="SaddleLow">
                            <ExtraParent Offset="(0; 0; 0.03)" Frame="BoneChassis_cdt">

                            </ExtraParent>
                            <ExtraParent Offset="(0; 0; -0.03)" Frame="BoneChassis_cdt">

                            </ExtraParent>
                        </Socket>
                        <Socket Offset="(-2.875; 1.324; 0)" Names="SaddleHigh">
                            <ExtraParent Offset="(0; 0; 0.015)" Frame="BoneChassis_cdt">

                            </ExtraParent>
                            <ExtraParent Offset="(0; 0; -0.015)" Frame="BoneChassis_cdt">

                            </ExtraParent>
                        </Socket>
                        <Socket Offset="(-0.82; 1.324; 0)" Names="FrameAddonTowPlatform" NamesBlock="Pacific512CabinProtector, LogLift, MetalDetector, MinicraneUS, Pacific512SpareWheel, Trailer">

                        </Socket>
                        <Socket Offset="(-1.87; 1.324; 0)" Names="FrameAddon" NamesBlock="Pacific512SpareWheel">
                          <AddonsShift Offset="(-0.48; 0; 0)" Types="MinicraneUS">

                          </AddonsShift>
                        </Socket>
                        <Socket Offset="(-2.38; 1.324; 0)" Names="FrameAddonTank" NamesBlock="Pacific512SpareWheel, Pacific512CabinProtector">

                        </Socket>
                        <Socket Offset="(-2; 0.298; 0)" Names="FrameAddonMaintainer" NamesBlock="Trailer, MinicraneUS, MetalDetector, Pacific512SpareWheel, Pacific512CabinProtector">

                        </Socket>
                        <Socket Offset="(0.174; 1.324; 0)" Names="FrameAddonSeismicVibrator" NamesBlock="Trailer, MinicraneUS, MetalDetector">

                        </Socket>
                    </AddonSockets>
                    <AddonSockets>
                        <Socket ParentFrame="BoneCabin_cdt" Offset="(0.657; 1.327; 0)" Names="MinicraneUS" NamesBlock="BigCraneUs, LogLift, FrameAddonTank, Pacific512SpareWheel, Pacific512CabinProtector">

                        </Socket>
                        <Socket Offset="(-0.52; 0.272; 0)" Names="MetalDetector" NamesBlock="BigCraneUs, LogLift, FrameAddonTank, FrameAddon">

                        </Socket>
                    </AddonSockets>
                    <AddonSockets DefaultAddon="pacific512_bumper_default">
                      <Socket Offset="(0; 0; 0)" Names="Pacific512Bumper" ParentFrame="BoneCabin_cdt">

                      </Socket>
                    </AddonSockets>
                    <AddonSockets DefaultAddon="pacific512_visor_default">
                      <Socket Offset="(0; 0; 0)" Names="Pacific512Visor" ParentFrame="BoneCabin_cdt">

                      </Socket>
                    </AddonSockets>
                    <AddonSockets DefaultAddon="pacific512_horn_default">
                      <Socket Offset="(0; 0; 0)" Names="Pacific512Horns" ParentFrame="BoneCabin_cdt">

                      </Socket>
                    </AddonSockets>
                    <AddonSockets DefaultAddon="pacific512_snorkel_default">
                      <Socket Offset="(0; 0; 0)" Names="Pacific512Snorkel" ParentFrame="BoneCabin_cdt">

                      </Socket>
                    </AddonSockets>
                    <AddonSockets DefaultAddon="pacific512_exhaust_default">
                      <Socket Offset="(0; 0; 0)" Names="Pacific512Exhaust" ParentFrame="BoneCabin_cdt">

                      </Socket>
                    </AddonSockets>
                    <AddonSockets DefaultAddon="pacific512_air_conditioner_default">
                      <Socket Offset="(0; 0; 0)" Names="Pacific512AirConditioner" ParentFrame="BoneCabin_cdt">

                      </Socket>
                    </AddonSockets>
                    <AddonSockets>
                      <Socket Offset="(0; 0; 0)" Names="Pacific512SpotLight" ParentFrame="BoneCabin_cdt">

                      </Socket>
                    </AddonSockets>
                    <AddonSockets>
                      <Socket Offset="(0; 0; 0)" Names="Pacific512Beacon" ParentFrame="BoneCabin_cdt">

                      </Socket>
                    </AddonSockets>
                    <AddonSockets>
                        <Socket Offset="(0; 0; 0)" Names="Pacific512CabinProtector" ParentFrame="BoneCabin_cdt">
                          <ExtraParent Offset="(0; 0; 0)" Frame="BoneChassis_cdt">

                          </ExtraParent>
                        </Socket>
                        <Socket Offset="(0; 0; 0)" Names="Pacific512SpareWheel" ParentFrame="BoneCabin_cdt">
                          <ExtraParent Offset="(0; 0; 0)" Frame="BoneChassis_cdt">

                          </ExtraParent>
                        </Socket>
                    </AddonSockets>
                    <AddonSockets>
                      <Socket ParentFrame="BoneCabin_cdt" Names="pacificP512Sticker_1x1_01" InCockpit="true">

                      </Socket>
                    </AddonSockets>
                    <AddonSockets>
                      <Socket ParentFrame="BoneCabin_cdt" Names="pacificP512Sticker_1x1_02" InCockpit="true">

                      </Socket>
                    </AddonSockets>
                    <AddonSockets>
                      <Socket ParentFrame="BoneCabin_cdt" Names="pacificP512Sticker_1x1_03" InCockpit="true">

                      </Socket>
                    </AddonSockets>
                    <AddonSockets>
                      <Socket ParentFrame="BoneCabin_cdt" Names="pacificP512Sticker_1x2_01" InCockpit="true">

                      </Socket>
                    </AddonSockets>
                    <AddonSockets>
                      <Socket ParentFrame="BoneCabin_cdt" Names="pacificP512Sticker_1x2_02" InCockpit="true">

                      </Socket>
                    </AddonSockets>
                    <AddonSockets>
                      <Socket ParentFrame="BoneCabin_cdt" Names="pacificP512Sticker_1x4_01" InCockpit="true">

                      </Socket>
                    </AddonSockets>
                    <AddonSockets>
                      <Socket ParentFrame="BoneCabin_cdt" Names="pacificP512Sticker_GlassTop" InCockpit="true">

                      </Socket>
                    </AddonSockets>
                    <AddonSockets>
                      <Socket ParentFrame="BoneCabin_cdt" Names="pacificP512Sticker_GlassBottom" InCockpit="true">

                      </Socket>
                    </AddonSockets>
                    <AddonSockets>
                      <Socket Names="pacificP512Sticker_Door_R" ParentFrame="BoneCabin_cdt">

                      </Socket>
                    </AddonSockets>
                    <AddonSockets>
                      <Socket Names="pacificP512Sticker_Door_L" ParentFrame="BoneCabin_cdt">

                      </Socket>
                    </AddonSockets>
                    <AddonSockets>
                      <Socket Names="pacificP512Sticker_Roof" ParentFrame="BoneCabin_cdt">

                      </Socket>
                    </AddonSockets>
                    <AddonSockets>
                      <Socket Names="pacificP512Sticker_Capote" ParentFrame="BoneCabin_cdt">

                      </Socket>
                    </AddonSockets>
                    <AddonSockets>
                      <Socket ParentFrame="BoneCabin_cdt" Offset="(2.423; 3.097; 0.153)" Names="StuffAirfreshener" InCockpit="true">

                      </Socket>
                    </AddonSockets>
                    <AddonSockets>
                      <Socket UpDir="(-0.061; 0.998; 0)" ParentFrame="BoneCabin_cdt" Offset="(2.656; 2.455; -0.057)" Names="StuffDashboard" InCockpit="true">

                      </Socket>
                    </AddonSockets>
                    <AddonSockets>
                      <Socket Names="StuffHoodPacificP512" ParentFrame="BoneCabin_cdt">

                      </Socket>
                    </AddonSockets>
                    <AddonSockets DefaultAddon="pacific512_diff_lock_default">
                      <Socket Offset="(0; 0; 0)" Names="PacificP512DiffLock" ParentFrame="BoneChassis_cdt">

                      </Socket>
                    </AddonSockets>
                      <CraneSocket Pos="(4.824; 1.103; 0)" ParentFrame="BoneCabin_cdt">

                      </CraneSocket>
                      <CraneSocket Pos="(-4.813; 1.185; 0)">

                      </CraneSocket>
                      <CraneSocket Pos="(0.012; 1.185; 0.425)">

                      </CraneSocket>
                      <CraneSocket Pos="(0.012; 1.185; -0.425)">

                      </CraneSocket>
                        <WinchSocket Pos="(4.824; 1.103; 0)" ParentFrame="BoneCabin_cdt">

                        </WinchSocket>
                        <WinchSocket Pos="(-4.813; 1.185; 0)">

                        </WinchSocket>
                        <WinchSocket Pos="(0.012; 1.185; 0.425)">

                        </WinchSocket>
                        <WinchSocket Pos="(0.012; 1.185; -0.425)">

                        </WinchSocket>
        </GameData>
        <PhysicsModel Mesh="trucks/pacific_p512">
                <Body NetSync="pv" CenterOfMassOffset="(-0.5; 0; 0)" ModelFrame="BoneChassis_cdt" Mass="7000" ImpactType="Truck">
                      <Body NetSync="pv" CenterOfMassOffset="(0.2; 0.7; 0)" ModelFrame="BoneCabin_cdt" Mass="4500" ImpactType="Truck">
                        <Constraint Type="Hinge" MaxLimit="32" AxisLocal="(1; 0; 0)" MinLimit="-32" PivotOffset="(0; 0; 0)">
                            <Motor Spring="500000" Damping="20000" Type="Spring">

                            </Motor>
                        </Constraint>
                            <Body ModelFrame="BoneAntenna_cdt" Mass="2" Collisions="None">
                              <Constraint Type="Ragdoll" PlaneMin="-10" PlaneMax="10" TwistAxisLocal="(0; 1; 0)" Cone="10" PlaneAxisLocal="(0; 0; 1)">
                                  <ConeMotor Spring="350" Damping="7" Type="Spring">

                                  </ConeMotor>
                                  <PlaneMotor Spring="350" Damping="7" Type="Spring">

                                  </PlaneMotor>
                              </Constraint>
                            </Body>
                            <Body ModelFrame="BoneMirrorL_cdt" _template="Mirror">
                              <Body ModelFrame="boneMirrorCordL_cdt" _template="MirrorCord">

                              </Body>
                            </Body>
                            <Body ModelFrame="BoneMirrorR_cdt" _template="Mirror">
                              <Body ModelFrame="boneMirrorCordR_cdt" _template="MirrorCord">

                              </Body>
                            </Body>
                            <Body ModelFrame="BoneChain_cdt" Mass="2" Collisions="None">
                              <Constraint Type="Hinge" MaxLimit="40" AxisLocal="(1; 0; 0)" MinLimit="-40">
                                  <Motor Spring="0.05" Damping="0.01" Type="Spring">

                                  </Motor>
                              </Constraint>
                            </Body>
                            <Body ModelFrame="BoneTieRod1_1_cdt" _template="TieRod">
                              <Constraint MaxLimit="27" AxisLocal="(0; 0; 1)" MinLimit="-27" Name="TieRodSteer">

                              </Constraint>
                            </Body>
                            <Body ModelFrame="BoneTieRod2_1_cdt" _template="TieRod">
                              <Constraint MaxLimit="20" AxisLocal="(0; 0; 1)" MinLimit="-20" Name="TieRodSteer2">

                              </Constraint>
                            </Body>
                            <Body ModelFrame="boneChassisCord1_cdt" _template="ChassisCord">

                            </Body>
                            <Body ModelFrame="BoneSunshieldR_cdt" _template="Sunshield">

                            </Body>
                            <Body ModelFrame="BoneSunshieldL_cdt" _template="Sunshield">

                            </Body>
                            <Body ModelFrame="boneMudguardL_cdt" _template="Mudguard">

                            </Body>
                            <Body ModelFrame="boneMudguardR_cdt" _template="Mudguard">

                            </Body>
                      </Body>
                      <Body ModelFrame="boneChassisCord2_cdt" _template="ChassisCord">
                        <Constraint MaxLimit="1" MinLimit="-0.8">

                        </Constraint>
                      </Body>
                      <Body ModelFrame="boneChassisCord3_cdt" _template="ChassisCord">
                        <Constraint MaxLimit="0.75" MinLimit="-0.75">

                        </Constraint>
                      </Body>
                </Body>
                <NetSync Legacy="false">

                </NetSync>
        </PhysicsModel>
        <ControlledConstraints>
                    <Constraint IsLinkedSteering="true" Id="chassis_steer" Name="TieRodSteer">

                    </Constraint>
                    <Constraint IsLinkedSteering="true" Id="chassis_steer" Name="TieRodSteer2">

                    </Constraint>
        </ControlledConstraints>
        <ModelAttachments>
                    <HeadLight>
                          <Flare Pos="(4.548; 1.579; -1.035)" _template="HeadLight" ParentFrame="BoneCabin_cdt" Color="g(255; 235; 205) x 0.7" Size=".15" DirAngle="135">

                          </Flare>
                          <Flare Pos="(4.548; 1.579; 1.035)" _template="HeadLight" ParentFrame="BoneCabin_cdt" Color="g(255; 235; 205) x 0.7" Size=".15" DirAngle="135">

                          </Flare>
                          <Flare Pos="(4.548; 1.579; -0.852)" _template="HeadLight" ParentFrame="BoneCabin_cdt" Color="g(255; 235; 205) x 0.7" Size=".15" DirAngle="135">

                          </Flare>
                          <Flare Pos="(4.548; 1.579; 0.852)" _template="HeadLight" ParentFrame="BoneCabin_cdt" Color="g(255; 235; 205) x 0.7" Size=".15" DirAngle="135">

                          </Flare>
                          <Flare Pos="(4.551; 1.581; -1.035)" ParentFrame="BoneCabin_cdt" _template="BlueStreak">

                          </Flare>
                          <Flare Pos="(4.551; 1.581; 1.035)" ParentFrame="BoneCabin_cdt" _template="BlueStreak">

                          </Flare>
                            <Model Org="(4.59; 1.579; -1.029)" ParentFrame="BoneCabin_cdt" _template="HeadLightRay">

                            </Model>
                            <Model Org="(4.59; 1.579; 1.029)" ParentFrame="BoneCabin_cdt" _template="HeadLightRay">

                            </Model>
                    </HeadLight>
                    <StopSignals>
                          <Light Pos="(-4.823; 1.126; 0)" _template="StopSignal">

                          </Light>
                              <Flare Pos="(-4.67; 1.176; -0.235)" Size="0.4" _template="StopSignal">

                              </Flare>
                              <Flare Pos="(-4.67; 1.176; 0.235)" Size="0.4" _template="StopSignal">

                              </Flare>
                    </StopSignals>
                    <Ignition>
                              <Light Pos="(5; 1.579; -1.029)" ParentFrame="BoneCabin_cdt" _template="IgnitionSignalWhite">

                              </Light>
                              <Light Pos="(5; 1.579; 1.029)" ParentFrame="BoneCabin_cdt" _template="IgnitionSignalWhite">

                              </Light>
                              <Light Pos="(-4.823; 1.126; 0)" _template="IgnitionSignalRed">

                              </Light>
                                <Flare Pos="(4.549; 1.579; -1.029)" _template="IgnitionSignalWhite" Size=".2" ParentFrame="BoneCabin_cdt">

                                </Flare>
                                <Flare Pos="(4.549; 1.579; 1.029)" _template="IgnitionSignalWhite" Size=".2" ParentFrame="BoneCabin_cdt">

                                </Flare>
                                <Flare Pos="(4.549; 1.579; -0.856)" _template="IgnitionSignalWhite" Size=".2" ParentFrame="BoneCabin_cdt">

                                </Flare>
                                <Flare Pos="(4.549; 1.579; 0.856)" _template="IgnitionSignalWhite" Size=".2" ParentFrame="BoneCabin_cdt">

                                </Flare>
                                <Flare Pos="(-4.67; 1.176; -0.235)" _template="IgnitionSignalRed">

                                </Flare>
                                <Flare Pos="(-4.67; 1.176; 0.235)" _template="IgnitionSignalRed">

                                </Flare>
                                <Flare Pos="(2.4; 3.248; -0.639)" ParentFrame="BoneCabin_cdt" _template="MarkerBeacon">

                                </Flare>
                                <Flare Pos="(2.4; 3.248; 0.639)" ParentFrame="BoneCabin_cdt" _template="MarkerBeacon">

                                </Flare>
                                <Flare Pos="(2.488; 3.248; -0.167)" ParentFrame="BoneCabin_cdt" _template="MarkerBeacon">

                                </Flare>
                                <Flare Pos="(2.488; 3.248; 0.167)" ParentFrame="BoneCabin_cdt" _template="MarkerBeacon">

                                </Flare>
                                <Flare Pos="(2.531; 3.245; 0)" ParentFrame="BoneCabin_cdt" _template="MarkerBeacon">

                                </Flare>
                                <Flare Pos="(4.518; 1.426; -0.941)" _template="IgnitionSignalOrange" Size="0.2" ParentFrame="BoneCabin_cdt">

                                </Flare>
                                <Flare Pos="(4.518; 1.426; 0.941)" _template="IgnitionSignalOrange" Size="0.2" ParentFrame="BoneCabin_cdt">

                                </Flare>
                                <Flare Pos="(2.291; 2.692; -1.41)" Dir="(0.5; 0; -0.5)" _template="IgnitionSignalOrange" Size="0.1" ParentFrame="BoneMirrorR_cdt">

                                </Flare>
                                <Flare Pos="(2.412; 2.698; 1.43)" Dir="(0.5; 0; 0.5)" _template="IgnitionSignalOrange" Size="0.1" ParentFrame="BoneMirrorL_cdt">

                                </Flare>
                                <Flare Pos="(2.292; 2.618; -1.409)" Dir="(0.5; 0; -0.5)" _template="IgnitionSignalOrange" Size="0.1" ParentFrame="BoneMirrorR_cdt">

                                </Flare>
                                <Flare Pos="(2.412; 2.618; 1.43)" Dir="(0.5; 0; 0.5)" _template="IgnitionSignalOrange" Size="0.1" ParentFrame="BoneMirrorL_cdt">

                                </Flare>
                                <Flare Pos="(4.196; 1.764; -0.946)" _template="Beacon" Size="0.5" ParentFrame="BoneCabin_cdt">

                                </Flare>
                                <Flare Pos="(4.196; 1.764; 0.946)" _template="Beacon" Size="0.5" ParentFrame="BoneCabin_cdt">

                                </Flare>
                    </Ignition>
                    <ReverseSignals>
                              <Light Pos="(-4.823; 1.234; 0)" _template="ReverseSignal">

                              </Light>
                                  <Flare Pos="(-4.67; 1.234; -0.235)" Size="0.4" _template="ReverseSignal">

                                  </Flare>
                                  <Flare Pos="(-4.67; 1.234; 0.235)" Size="0.4" _template="ReverseSignal">

                                  </Flare>
                                  <Flare Pos="(-4.67; 1.234; -0.235)" Dir="(-1; 0; 0)" _template="BlueStreak" Color="g(220; 220; 255) x 0.05" Size="0.4">

                                  </Flare>
                                  <Flare Pos="(-4.67; 1.234; 0.235)" Dir="(-1; 0; 0)" _template="BlueStreak" Color="g(220; 220; 255) x 0.05" Size="0.4">

                                  </Flare>
                    </ReverseSignals>
        </ModelAttachments>
        <AutomaticIK>
                        <IKBone ParentFrame="BoneTieRod1_1_cdt" ModelFrame="BoneTieRod1_2">
                          <IKJoint Type="Hinge2" AxisLocal="(1; 0; 0)">

                          </IKJoint>
                          <IKBone AttachToFrame="BoneRackL" AttachOffset="(0; 0; 0)" ModelFrame="BoneTieRod1_3">
                                <IKJoint Type="Slider" AxisLocal="(1; 0; 0)">

                                </IKJoint>
                          </IKBone>
                        </IKBone>
                        <IKBone ParentFrame="BoneTieRod2_1_cdt" ModelFrame="BoneTieRod2_2">
                          <IKJoint Type="Hinge2" AxisLocal="(1; 0; 0)">

                          </IKJoint>
                          <IKBone AttachToFrame="BoneTieRod1_1_cdt" AttachOffset="(0; 0; 0)" ModelFrame="BoneTieRod2_3">
                                <IKJoint Type="Slider" AxisLocal="(1; 0; 0)">

                                </IKJoint>
                          </IKBone>
                        </IKBone>
        </AutomaticIK>
        <Rotator Frame="BoneFan" RotationSpeed="15" EngineTorqueFactor="0" RotationAxis="(-1; 0; 0)">

        </Rotator>
        <Landmark MaxScale="2.5" Mesh="landmarks/pacific_p512_lmk" MinScale="1.5">

        </Landmark>
        <TruckData SteerSpeed="0.03" EngineStartDelay="0.8" EngineIconMesh="env/engine_default" TruckType="HEAVY" Responsiveness="0.15" BackSteerSpeed="0.015" TruckImage="pacificp512mchr" FuelCapacity="200" DiffLockType="Installed" ExhaustStartTime="0.9" EngineIconScale="1.2">
                            <Driver Pos="(1.876; 2.078; 0.37)" ParentFrame="BoneCabin_cdt" AnimationSet="HeavyTruck" SteeringWheelPos="(2.262; 2.424; 0.375)">

                            </Driver>
                            <SoundsDamage _template="Heavy">

                            </SoundsDamage>
                            <OcclusionMap HalfSizeZ="1.9" MinX="-5.2" MaxX="5.4">

                            </OcclusionMap>
                            <FuelTank DamageCapacity="50">

                            </FuelTank>
                            <Intake Size="1" Dir="(1; 0; 0)" Origin="(4.734; 1.792; 0)">

                            </Intake>
                            <EngineSocket Type="e_us_truck_old_heavy" Default="us_truck_old_heavy_engine_0">

                            </EngineSocket>
                            <SuspensionSocket Type="s_pacific_p512" MaxWheelRadiusWithoutSuspension="0.75" Default="pacific_p512_suspension_default">

                            </SuspensionSocket>
                            <Dashboard>
                                                <Gauge InputRange="(0;1)" Dir="(-0.92; 0.296; -0.256)" InputType="engineEnabled" Org="(2.485; 2.402; 0.665)" Damping="0.99" Mesh="trucks/arrows/pacific_p512_arrow_1" OutputAngles="(-51; 9)">

                                                </Gauge>
                                                <Gauge InputRange="(0;1)" Dir="(-0.92; 0.296; -0.256)" InputType="engineEnabled" Org="(2.501; 2.397; 0.603)" Damping="0.99" Mesh="trucks/arrows/pacific_p512_arrow_1" OutputAngles="(-54; -7)">

                                                </Gauge>
                                                <Gauge InputRange="(0;1)" Dir="(-0.92; 0.296; -0.256)" InputType="engineEnabled" Org="(2.465; 2.339; 0.663)" Damping="0.99" Mesh="trucks/arrows/pacific_p512_arrow_1" OutputAngles="(-55; 28)">

                                                </Gauge>
                                                <Gauge InputRange="(0;1)" Dir="(-0.92; 0.296; -0.256)" InputType="engineEnabled" Org="(2.481; 2.334; 0.601)" Damping="0.99" Mesh="trucks/arrows/pacific_p512_arrow_1" OutputAngles="(-55; 4)">

                                                </Gauge>
                                                <Gauge InputRange="(0;1)" Dir="(-0.92; 0.296; -0.256)" InputType="engineEnabled" Org="(2.441; 2.26; 0.66)" Damping="0.99" Mesh="trucks/arrows/pacific_p512_arrow_1" OutputAngles="(-44; -18)">

                                                </Gauge>
                                                <Gauge InputRange="(0;1)" Dir="(-0.92; 0.296; -0.256)" InputType="engineEnabled" Org="(2.456; 2.255; 0.598)" Damping="0.99" Mesh="trucks/arrows/pacific_p512_arrow_1" OutputAngles="(-139; 31)">

                                                </Gauge>
                                                <Gauge InputRange="(0;1)" Dir="(-0.952; 0.307; -0.003)" InputType="engineEnabled" Org="(2.512; 2.394; 0.518)" Damping="0.99" Mesh="trucks/arrows/pacific_p512_arrow_1" OutputAngles="(-136; 48)">

                                                </Gauge>
                                                <Gauge InputRange="(0;1)" Dir="(-0.952; 0.307; -0.003)" InputType="engineEnabled" Org="(2.512; 2.394; 0.44)" Damping="0.99" Mesh="trucks/arrows/pacific_p512_arrow_1" OutputAngles="(-38; 26)">

                                                </Gauge>
                                                <Gauge InputRange="(0;1)" Dir="(-0.952; 0.307; -0.003)" InputType="engineEnabled" Org="(2.512; 2.394; 0.324)" Damping="0.99" Mesh="trucks/arrows/pacific_p512_arrow_1" OutputAngles="(-59; 7)">

                                                </Gauge>
                                                <Gauge InputRange="(0;1)" Dir="(-0.952; 0.307; -0.003)" InputType="fuel" Org="(2.513; 2.394; 0.245)" Damping="0.99" Mesh="trucks/arrows/pacific_p512_arrow_1" OutputAngles="(-58; 56)">

                                                </Gauge>
                                                <Gauge InputRange="(0;1)" Dir="(-0.937; 0.291; 0.192)" InputType="engineEnabled" Org="(2.503; 2.396; 0.159)" Damping="0.99" Mesh="trucks/arrows/pacific_p512_arrow_1" OutputAngles="(-135; -13)">

                                                </Gauge>
                                                <Gauge InputRange="(0;1)" Dir="(-0.937; 0.291; 0.192)" InputType="engineEnabled" Org="(2.49; 2.4; 0.093)" Damping="0.99" Mesh="trucks/arrows/pacific_p512_arrow_1" OutputAngles="(-136; 39)">

                                                </Gauge>
                                                <Gauge InputRange="(0;1)" Dir="(-0.937; 0.291; 0.192)" InputType="engineEnabled" Org="(2.478; 2.404; 0.028)" Damping="0.99" Mesh="trucks/arrows/pacific_p512_arrow_1" OutputAngles="(-136; 7)">

                                                </Gauge>
                                                <Gauge InputRange="(0;1)" Dir="(-0.94; 0.292; 0.178)" InputType="engineEnabled" Org="(2.467; 2.408; -0.037)" Damping="0.99" Mesh="trucks/arrows/pacific_p512_arrow_1" OutputAngles="(-135; 59)">

                                                </Gauge>
                                                <Gauge InputRange="(0;1)" Dir="(-0.781; 0.249; 0.572)" InputType="engineEnabled" Org="(2.444; 2.469; -0.132)" Damping="0.99" Mesh="trucks/arrows/pacific_p512_arrow_1" OutputAngles="(-135; -17)">

                                                </Gauge>
                                                <Gauge InputRange="(0;1)" Dir="(-0.781; 0.249; 0.572)" InputType="engineEnabled" Org="(2.407; 2.481; -0.187)" Damping="0.99" Mesh="trucks/arrows/pacific_p512_arrow_1" OutputAngles="(-135; 7)">

                                                </Gauge>
                                                <Gauge InputRange="(0;1)" Dir="(-0.953; 0.302; -0.004)" InputType="rpm" Org="(2.481; 2.301; 0.456)" Damping="0.99" Mesh="trucks/arrows/pacific_p512_arrow_2" OutputAngles="(-125; 121)">

                                                </Gauge>
                                                <Gauge InputType="speed" Dir="(-0.953; 0.302; -0.004)" Org="(2.482; 2.301; 0.309)" Mesh="trucks/arrows/pacific_p512_arrow_2" InputRange="(0;140)" OutputAngles="(-125; 121)">

                                                </Gauge>
                            </Dashboard>
                            <Axles>
                                                  <Axle Frame="BoneAxle1">

                                                  </Axle>
                                                  <Axle Frame="BoneAxle2">

                                                  </Axle>
                                                  <Axle Frame="BoneAxle3">

                                                  </Axle>
                            </Axles>
                            <Camera Center="(-1.2; 0; 0)" ParentFrame="BoneCabin_cdt">
                                                  <Cockpit WindshieldDiffuseTexture="trucks\pacific_p512pf_glass__d_a.tga" _template="Default" WindshieldShadingTexture="trucks\pacific_p512pf_glass__sh_d.tga" ViewPos="(1.876; 2.777; 0.37)">
                                                        <Mirror FOVScale="2" ClipDir="(-0.882; -0.003; -0.471)" MeshFrame="mirror_l" Pos="(2.375; 2.663; 1.407)" ReflectionDir="(-0.882; -0.003; -0.471)" Size="(0.17; 0.39)" ClipOffset="0.2">

                                                        </Mirror>
                                                        <Mirror FOVScale="2" ClipDir="(-0.805; -0.013; 0.593)" MeshFrame="mirror_r" Pos="(2.26; 2.663; -1.381)" ReflectionDir="(-0.805; -0.013; 0.593)" Size="(0.17; 0.39)" ClipOffset="0.2">

                                                        </Mirror>
                                                  </Cockpit>
                            </Camera>
                            <CompatibleWheels Type="wheels_heavy_offroad_p512" Scale="0.646">

                            </CompatibleWheels>
                                                    <LimitedFluid Type="Cylinder" Center="(2.097; 1.054; -0.773)" RadiusY="0.311" LengthX="1.323" RadiusZ="0.310">

                                                    </LimitedFluid>
                                                    <LimitedFluid Type="Cylinder" Center="(2.097; 1.054; 0.773)" RadiusY="0.311" LengthX="1.323" RadiusZ="0.310">

                                                    </LimitedFluid>
                            <Sounds ParentFrame="BoneCabin_cdt" _template="Default" AirHissInterval="12.0" Origin="(3.699; 1.797; 0)" MinDist="12.0" DisableReversePitch="false">
                                                        <Reverse Sound="">

                                                        </Reverse>
                                                        <EngineTrans Sound="">

                                                        </EngineTrans>
                                                        <EngineLow Sound="trucks/pacific_p512/pacific_p512_low">

                                                        </EngineLow>
                                                        <EngineHigh Sound="trucks/pacific_p512/pacific_p512_high">

                                                        </EngineHigh>
                                                        <HandbrakeOff Sound="trucks/pacific_p512/pacific_p512_handbrake_off">

                                                        </HandbrakeOff>
                                                        <ChassisStress Sound="trucks/common/truck_stress_rnd_set/truck_stress_rnd">

                                                        </ChassisStress>
                                                        <AbruptStop Sound="trucks/common/truck_swing_big_rnd_set/truck_swing_big_rnd">

                                                        </AbruptStop>
                                                        <EngineRev Sound="trucks/pacific_p512/pacific_p512_rev">

                                                        </EngineRev>
                                                        <EngineHeavy_2d IsSound2D="true" Sound="trucks/pacific_p512/pacific_p512_heavy_2d">

                                                        </EngineHeavy_2d>
                                                        <EngineHeavy Sound="trucks/pacific_p512/pacific_p512_heavy">

                                                        </EngineHeavy>
                                                        <EngineHigh_2d IsSound2D="true" Sound="trucks/pacific_p512/pacific_p512_high_2d">

                                                        </EngineHigh_2d>
                                                        <EngineLow_2d IsSound2D="true" Sound="trucks/pacific_p512/pacific_p512_low_2d">

                                                        </EngineLow_2d>
                                                        <EngineIdle_2d IsSound2D="true" Sound="trucks/pacific_p512/pacific_p512_idle_2d">

                                                        </EngineIdle_2d>
                                                        <EngineStart Sound="trucks/pacific_p512/pacific_p512_start">

                                                        </EngineStart>
                                                        <Handbrake Sound="trucks/pacific_p512/pacific_p512_handbrake_on">

                                                        </Handbrake>
                                                        <Honk Sound="trucks/pacific_p512/pacific_p512_honk">

                                                        </Honk>
                                                        <EngineIdle Sound="trucks/pacific_p512/pacific_p512_idle">

                                                        </EngineIdle>
                                                        <BrakesSqueal Sound="trucks/pacific_p512/pacific_p512_brakes_squeal">

                                                        </BrakesSqueal>
                                                        <EngineStop Sound="trucks/pacific_p512/pacific_p512_stop">

                                                        </EngineStop>
                                                        <BrakeRelease Sound="trucks/common/truck_brake_release_alt2_rnd_set/truck_brake_release_alt2_rnd">

                                                        </BrakeRelease>
                                                        <EngineAccel Sound="trucks/pacific_p512/pacific_p512_acc">

                                                        </EngineAccel>
                            </Sounds>
                            <Wheels DefaultWheelType="wheels_heavy_offroad_p512" DefaultTire="offroad" DefaultRim="rim">
                                                            <Wheel Pos="(3.729; 0.638; 1.013)" _template="FrontWheel">

                                                            </Wheel>
                                                            <Wheel RightSide="true" Pos="(3.729; 0.638; 1.013)" _template="FrontWheel">

                                                            </Wheel>
                                                            <Wheel Pos="(-1.981; 0.638; 1.085)" _template="RearWheel">

                                                            </Wheel>
                                                            <Wheel RightSide="true" Pos="(-1.981; 0.638; 1.085)" _template="RearWheel">

                                                            </Wheel>
                                                            <Wheel Pos="(-3.768; 0.638; 1.085)" _template="RearWheel">

                                                            </Wheel>
                                                            <Wheel RightSide="true" Pos="(-3.768; 0.638; 1.085)" _template="RearWheel">

                                                            </Wheel>
                            </Wheels>
                                                          <Steam Origin="(1.556; 1.284; 0)">

                                                          </Steam>
                                                          <Steam Scale="0.5" Origin="(3.747; 1.284; 0)" ParentFrame="BoneCabin_cdt">

                                                          </Steam>
                            <GearboxSocket Type="gearboxes_trucks" Default="g_truck_default">

                            </GearboxSocket>
                            <WinchUpgradeSocket Type="winches_medium_trucks" Default="w_medium_trucks_default" IsUpgradable="true">

                            </WinchUpgradeSocket>
                            <SteeringRack Frame="BoneRack" RackHalfSizeZ="0.703" FrameSteerLeft="BoneRackL" FrameSteerRight="BoneRackR">

                            </SteeringRack>
                            <SteeringWheel Frame="BoneSteering">

                            </SteeringWheel>
                            <SoundsWheels _template="Default">

                            </SoundsWheels>
                            <Damage>
                                                                          <DamageArea Type="Engine" Max="(4.656; 2.27; 0.644)" Min="(3.263; 1.068; -0.644)">

                                                                          </DamageArea>
                                                                          <DamageArea Type="FuelTank" Max="(2.853; 1.37; 1.082)" Min="(1.353; 0.609; -1.082)">

                                                                          </DamageArea>
                            </Damage>
                            <Shafts>
                                                                            <Shaft SocketPointA="Shaft1a" SocketPointB="Shaft1b">

                                                                            </Shaft>
                                                                            <Shaft SocketPointA="Shaft2a" SocketPointB="Shaft2b">

                                                                            </Shaft>
                                                                            <Shaft SocketPointA="Shaft3a" SocketPointB="Shaft3b">

                                                                            </Shaft>
                            </Shafts>
        </TruckData>
  </Truck>