  <_templates Include="trucks">
      <Wheel>
          <RearAxle Location="rear" ConnectedToHandbrake="true" Torque="default">

          </RearAxle>
          <FirstAxle ParentFrame="BoneCabin_cdt" SuspensionMin="-0.3" SteeringAngle="35" Location="front" SteeringJointOffset="0.25" Torque="connectable" SteeringCastor="1">

          </FirstAxle>
          <SecondAxle SteeringCastor="4" SteeringAngle="28" _template="FirstAxle">

          </SecondAxle>
      </Wheel>
      <Body>
            <Antenna Mass="2" Collisions="None">
                <Constraint Type="Ragdoll" PlaneMin="-20" PlaneMax="20" TwistAxisLocal="(0; 1; 0)" Cone="20" PlaneAxisLocal="(0; 0; 1)">
                    <ConeMotor Spring="125" Damping="4" Type="Spring">

                    </ConeMotor>
                    <PlaneMotor Spring="125" Damping="4" Type="Spring">

                    </PlaneMotor>
                </Constraint>
            </Antenna>
            <TieRodL Mass="1" Collisions="None">
                  <Constraint Type="Hinge" MaxLimit="30" AxisLocal="(0; 0; 1)" MinLimit="-30">
                      <Motor Type="Position" Force="6000" Damping="1.0" Tau="1">

                      </Motor>
                  </Constraint>
            </TieRodL>
            <Twist ImpactType="Truck">
                    <Constraint Type="Hinge" MaxLimit="7" AxisLocal="(1; 0; 0)" MinLimit="-7" PivotOffset="(0; 0; 0)">
                        <Motor Spring="900000" Damping="10000" Type="Spring">

                        </Motor>
                    </Constraint>
            </Twist>
            <SideMirror Mass="50" Collisions="None">
                      <Constraint Type="Hinge" MaxLimit="1" AxisLocal="(0; 1; 0)" MinLimit="-1">
                          <Motor Spring="1000" Damping="10" Type="Spring">

                          </Motor>
                      </Constraint>
            </SideMirror>
            <TieRodR Mass="1" Collisions="None">
                        <Constraint Type="Hinge" MaxLimit="30" AxisLocal="(0; 0; -1)" MinLimit="-30">
                            <Motor Type="Position" Force="6000" Damping="1.0" Tau="1">

                            </Motor>
                        </Constraint>
            </TieRodR>
            <SunShield Mass="2" Collisions="None">
                          <Constraint Type="Hinge" MaxLimit="20" AxisLocal="(1; 0; 0)" MinLimit="-20">
                              <Motor Spring="20" Damping="0.5" Type="Spring">

                              </Motor>
                          </Constraint>
            </SunShield>
            <MirrorRagdoll Mass="3" Collisions="None">
                            <Constraint Type="Ragdoll" PlaneMin="-20" PlaneMax="20" TwistAxisLocal="(0; 1; 0)" Cone="20" PlaneAxisLocal="(0; 0; 1)">
                                <ConeMotor Spring="130" Damping="1" Type="Spring">

                                </ConeMotor>
                                <PlaneMotor Spring="130" Damping="1" Type="Spring">

                                </PlaneMotor>
                            </Constraint>
            </MirrorRagdoll>
      </Body>
      <Flare>
              <MarkerBeacon ColorMultAtDay="0.5" AttenStart="1" Color="g(255; 174; 0) x 0.12" Size="0.175" AttenEnd="200">

              </MarkerBeacon>
              <IgnitionSignalOrange ColorMultAtDay="0.6" Dir="(0; 1; 0)" DirAngle="135" Color="g(255; 140; 0) x 0.3" Size="0.1" AspectRatio="1.4">

              </IgnitionSignalOrange>
              <IgnitionSignalRedSmall ColorMultAtDay="0.3" Dir="(-1; 0; 0)" DirAngle="90" Color="g(169; 0; 0) x 0.8" Size="0.12" AspectRatio="1.4">

              </IgnitionSignalRedSmall>
      </Flare>
  </_templates>
  <Truck>
        <HeadLight Pos="(6.917; 0.94; 0)" ParentFrame="BoneCabinSusp_cdt" _template="Default">

        </HeadLight>
        <GameData ExcludeAddons="frame_addon_sideboard_2" UnlockByExploration="true" Price="102600" UnlockByRank="1" Country="US">
              <CustomizationCameras>
                    <CameraPos Name="roof_sticker" InterestPosition="(5.267; 2.724; -0.813)" Position="(7.274; 6.491; -0.228)" Interior="true" FOV="32.0">

                    </CameraPos>
                    <CameraPos Name="sticker_1" InterestPosition="(5.586; 1.912; 1.193)" Position="(4.576; 2.395; -0.542)" Interior="true" FOV="32.0">

                    </CameraPos>
                    <CameraPos MaxYRotation="360" MaxZoom="2" Name="addon_1" InterestPosition="(-2.629; 1.692; -0)" Position="(-11.556; 4.444; 8.243)" MaxXRotation="360" FOV="32.0">

                    </CameraPos>
                    <CameraPos MaxYRotation="360" MaxZoom="2" Name="addon_2" InterestPosition="(3.194; 1.807; 0)" Position="(-8.093; 2.337; -6.718)" MaxXRotation="360" FOV="32.0">

                    </CameraPos>
                    <CameraPos Name="mirror_mount" InterestPosition="(7.164; 2.597; 0.002)" Position="(4.19; 2.68; -0.513)" Interior="true" FOV="32.0">

                    </CameraPos>
                    <CameraPos MaxYRotation="360" MaxZoom="2" Name="side_r" InterestPosition="(5.613; 2.384; 0.246)" Position="(9.535; 3.452; 4.053)" MaxXRotation="360" FOV="32.0">

                    </CameraPos>
                    <CameraPos Name="sticker" InterestPosition="(6.581; 1.692; 2.100)" Position="(4.598; 2.413; 0.144)" Interior="true" FOV="32.0">

                    </CameraPos>
                    <CameraPos Name="glass_sticker" InterestPosition="(5.32; 2.634; -0.821)" Position="(9.104; 3.254; 0.614)" Interior="true" FOV="32.0">

                    </CameraPos>
                    <CameraPos Name="door_r_sticker" InterestPosition="(7.275; 1.4; -0.737)" Position="(3.874; 2.163; 2.761)" Interior="true" FOV="32.0">

                    </CameraPos>
                    <CameraPos MaxYRotation="360" MaxZoom="2" Name="roof" InterestPosition="(4.758; 2.358; -0)" Position="(10.787; 4.806; -3.717)" MaxXRotation="360" FOV="32.0">

                    </CameraPos>
                    <CameraPos Name="capote_sticker" InterestPosition="(5.501; 0.274; -0.49)" Position="(9.225; 5.807; -0.367)" Interior="true" FOV="32.0">

                    </CameraPos>
                    <CameraPos MaxYRotation="360" MaxZoom="2" Name="hoods" InterestPosition="(5.997; 1.735; 0)" Position="(13.57; 1.44; -3.425)" MaxXRotation="360" FOV="32.0">

                    </CameraPos>
                    <CameraPos Name="sticker_2" InterestPosition="(6.414; 2.642; 0.324)" Position="(4.332; 2.736; -0.615)" Interior="true" FOV="32.0">

                    </CameraPos>
                    <CameraPos MaxYRotation="360" MaxZoom="2" Name="side_l" InterestPosition="(6.27; 2.278; 0)" Position="(11.866; 5.284; -4.55)" MaxXRotation="360" FOV="32.0">

                    </CameraPos>
                    <CameraPos Name="bubble_head" InterestPosition="(10.038; 1.131; 1.086)" Position="(4.557; 2.664; -0.329)" Interior="true" FOV="32.0">

                    </CameraPos>
                    <CameraPos MaxYRotation="360" MaxZoom="2" Name="wheels" InterestPosition="(3.716; 0.535; 0.075)" Position="(9.423; 1.45; -4.393)" MaxXRotation="360" FOV="32.0">

                    </CameraPos>
                    <CameraPos MaxYRotation="360" MaxZoom="2" Name="default" InterestPosition="(5.197; 1.735; -0)" Position="(13.641; 1.384; -4.536)" MaxXRotation="360" FOV="32.0">

                    </CameraPos>
                    <CameraPos MaxYRotation="360" MaxZoom="2" Name="rear" InterestPosition="(0.479; 0.992; -0)" Position="(-5.767; 1.805; 2.899)" MaxXRotation="360" FOV="32.0">

                    </CameraPos>
                    <CameraPos Name="door_l_sticker" InterestPosition="(5.93; 1.335; 1.608)" Position="(3.906; 2.23; -2.734)" Interior="true" FOV="32.0">

                    </CameraPos>
                    <CameraPos Name="hood_ornament" InterestPosition="(7.921; 2.123; -1.708)" Position="(8.972; 2.439; -1.708)" Interior="true" FOV="32.0">

                    </CameraPos>
                    <CameraPos Name="curtain" InterestPosition="(7.164; 2.597; 0.002)" Position="(4.19; 2.68; -0.513)" Interior="true" FOV="32.0">

                    </CameraPos>
              </CustomizationCameras>
              <UiDesc UiName="UI_VEHICLE_INTERNATIONAL_PAYSTAR_5600TS_NAME" UiDesc="UI_VEHICLE_INTERNATIONAL_PAYSTAR_5600TS_DESC" UiIconLogo="InternationalNavistarLogo80" UiIcon40x40="heavyVehicleImg" UiIcon30x30="heavyVehicleImg30" UiIcon328x458="shopImgInternationalPaystar5600TS">

              </UiDesc>
                    <AddonSockets>
                      <Socket Offset="(1.9; 1.136; 0)" Names="LogLift" NamesBlock="FrameAddonLogMediumHigh, SemitrailerOiltank, BigCraneUs, MinicraneUS, FrameAddon3, FrameAddonSideboard3, FrameAddonTankLong, FrameAddonKung">

                      </Socket>
                    </AddonSockets>
                    <AddonSockets>
                        <Socket Offset="(-1.85; 1.14; 0)" Names="FrameAddonTowPlatform" NamesBlock="FrameAddonKung, Trailer">

                        </Socket>
                        <Socket Offset="(-6.097; 1.14; 0)" Names="BunkLog">

                        </Socket>
                        <Socket Offset="(-2.857; 1.136; 0)" Names="FrameAddonLogShort">

                        </Socket>
                        <Socket Offset="(-1.89; 1.136; 0)" Names="FrameAddonLogMediumHigh">

                        </Socket>
                        <Socket Offset="(-3.98; 1.135; 0)" Names="SaddleLow">
                            <ExtraParent Offset="(0; 0; -0.01)" Frame="BoneChassis_cdt">

                            </ExtraParent>
                            <ExtraParent Offset="(0; 0; 0.01)" Frame="BoneChassis_cdt">

                            </ExtraParent>
                        </Socket>
                        <Socket Offset="(-2.226; 1.135; 0)" Names="FrameAddon3" ParentFrame="BoneChassis_cdt">
                          <AddonsShift Offset="(-0.43; 0; 0)" Types="MinicraneUS">

                          </AddonsShift>
                        </Socket>
                        <Socket Offset="(-2.05; 1.135; 0)" Names="FrameAddonSideboard3" ParentFrame="BoneChassis_cdt">
                          <AddonsShift Offset="(-0.745; 0; 0)" Types="MinicraneUS">

                          </AddonsShift>
                        </Socket>
                        <Socket Offset="(-1.85; 1.135; 0)" Names="FrameAddonTankLong" ParentFrame="BoneChassis_cdt">
                          <ExtraParent Frame="BoneCabin_cdt">

                          </ExtraParent>
                        </Socket>
                        <Socket Offset="(-3.8; 1.215; 0)" Names="BigCraneUs">
                            <ExtraParent Offset="(0; -0.08; 0)" Frame="BoneChassis_cdt">

                            </ExtraParent>
                            <ExtraParent Offset="(0; -0.08; 0)" Frame="BoneChassis_cdt">

                            </ExtraParent>
                        </Socket>
                    </AddonSockets>
                    <AddonSockets>
                      <Socket ParentFrame="BoneCabin_cdt" Offset="(-0.15; 1.221; 0)" Names="FrameAddonKung" NamesBlock="FrameAddonLogMediumHigh, BunkLog, FrameAddonLogShort, FrameAddon3, FrameAddonSideboard3, FrameAddonTankLong, BigCraneUs, SemitrailerOiltank">
                            <ExtraParent Offset="(0; 0; -0.1)" Frame="BoneChassis_cdt">

                            </ExtraParent>
                            <ExtraParent Offset="(0; 0; 0.1)" Frame="BoneChassis_cdt">

                            </ExtraParent>
                      </Socket>
                    </AddonSockets>
                    <AddonSockets>
                      <Socket ParentFrame="BoneCabin_cdt" Offset="(1.8; 1.135; 0)" Names="MinicraneUS" NamesBlock="BigCraneUs, FrameAddonTankLong, FrameAddonKung">

                      </Socket>
                    </AddonSockets>
                    <AddonSockets>
                        <Socket Offset="(-3.98; 1.44; 0)" Names="Semitrailer, SemitrailerOiltank">

                        </Socket>
                        <Socket Offset="(-5.935; 0.98; 0)" Names="Trailer">

                        </Socket>
                    </AddonSockets>
                    <AddonSockets DefaultAddon="paystar_5600ts_bumper_default">
                      <Socket Names="paystar5600TsBumper" ParentFrame="BoneCabin_cdt">

                      </Socket>
                    </AddonSockets>
                    <AddonSockets DefaultAddon="paystar_5600ts_exhaust_default">
                      <Socket Names="paystar5600TsExhaust" ParentFrame="BoneCabin_cdt">

                      </Socket>
                    </AddonSockets>
                    <AddonSockets DefaultAddon="paystar_5600ts_gabarite_1">
                      <Socket Names="paystar5600TsGabarite1" ParentFrame="BoneCabinSusp_cdt">

                      </Socket>
                    </AddonSockets>
                    <AddonSockets DefaultAddon="paystar_5600ts_gabarite_2">
                      <Socket Names="paystar5600TsGabarite2" ParentFrame="BoneCabinSusp_cdt">

                      </Socket>
                    </AddonSockets>
                    <AddonSockets>
                      <Socket Names="paystar5600TsSnorkel" ParentFrame="BoneCabinSusp_cdt">

                      </Socket>
                    </AddonSockets>
                    <AddonSockets>
                      <Socket Names="paystar5600TsSpotlight" ParentFrame="BoneCabinSusp_cdt">

                      </Socket>
                    </AddonSockets>
                    <AddonSockets>
                        <Socket NamesBlock="paystar5600TsConditioner" Names="paystar5600TsBeacon1" ParentFrame="BoneCabinSusp_cdt">

                        </Socket>
                        <Socket Names="paystar5600TsBeacon2" ParentFrame="BoneCabinSusp_cdt">

                        </Socket>
                    </AddonSockets>
                    <AddonSockets>
                        <Socket Names="paystar5600TsVisor1" ParentFrame="BoneCabinSusp_cdt">

                        </Socket>
                        <Socket NamesBlock="paystar5600TsGabarite1, paystar5600TsGabarite2" Names="paystar5600TsVisor2" ParentFrame="BoneCabinSusp_cdt">

                        </Socket>
                    </AddonSockets>
                    <AddonSockets>
                      <Socket Names="paystar5600TsHorn" ParentFrame="BoneCabinSusp_cdt">

                      </Socket>
                    </AddonSockets>
                    <AddonSockets>
                      <Socket Names="paystar5600TsConditioner" ParentFrame="BoneCabinSusp_cdt">

                      </Socket>
                    </AddonSockets>
                    <AddonSockets>
                      <Socket ParentFrame="BoneCabinSusp_cdt" Offset="(4.549; 2.333; 0.217)" Names="StuffDashboard" InCockpit="true">

                      </Socket>
                    </AddonSockets>
                    <AddonSockets>
                      <Socket ParentFrame="BoneCabinSusp_cdt" Names="paystar5600TsSticker_1x1_01" InCockpit="true">

                      </Socket>
                    </AddonSockets>
                    <AddonSockets>
                      <Socket ParentFrame="BoneCabinSusp_cdt" Names="paystar5600TsSticker_1x1_02" InCockpit="true">

                      </Socket>
                    </AddonSockets>
                    <AddonSockets>
                      <Socket ParentFrame="BoneCabinSusp_cdt" Names="paystar5600TsSticker_1x1_03" InCockpit="true">

                      </Socket>
                    </AddonSockets>
                    <AddonSockets>
                      <Socket ParentFrame="BoneCabinSusp_cdt" Names="paystar5600TsSticker_1x1_04" InCockpit="true">

                      </Socket>
                    </AddonSockets>
                    <AddonSockets>
                      <Socket ParentFrame="BoneCabinSusp_cdt" Names="paystar5600TsSticker_1x2_01" InCockpit="true">

                      </Socket>
                    </AddonSockets>
                    <AddonSockets>
                      <Socket ParentFrame="BoneCabinSusp_cdt" Names="paystar5600TsSticker_1x2_02" InCockpit="true">

                      </Socket>
                    </AddonSockets>
                    <AddonSockets>
                      <Socket ParentFrame="BoneCabinSusp_cdt" Names="paystar5600TsSticker_GlassTop" InCockpit="true">

                      </Socket>
                    </AddonSockets>
                    <AddonSockets>
                      <Socket ParentFrame="BoneCabinSusp_cdt" Names="paystar5600TsSticker_GlassBottom" InCockpit="true">

                      </Socket>
                    </AddonSockets>
                    <AddonSockets>
                      <Socket Names="paystar5600TsSticker_Door_R" ParentFrame="BoneCabinSusp_cdt">

                      </Socket>
                    </AddonSockets>
                    <AddonSockets>
                      <Socket Names="paystar5600TsSticker_Door_L" ParentFrame="BoneCabinSusp_cdt">

                      </Socket>
                    </AddonSockets>
                    <AddonSockets>
                      <Socket Names="paystar5600TsSticker_Capote" ParentFrame="BoneCabinSusp_cdt">

                      </Socket>
                    </AddonSockets>
                    <AddonSockets>
                      <Socket Names="paystar5600TsSticker_Roof" ParentFrame="BoneCabinSusp_cdt">

                      </Socket>
                    </AddonSockets>
                    <AddonSockets>
                        <Socket ParentFrame="BoneCabinSusp_cdt" Offset="(4.326; 2.842; 0.733)" Names="StuffAirfreshener" InCockpit="true">

                        </Socket>
                        <Socket ParentFrame="BoneCabinSusp_cdt" Names="StuffCurtainPaystar5600ts" InCockpit="true">

                        </Socket>
                    </AddonSockets>
                    <AddonSockets>
                      <Socket Names="StuffHoodPaystar5600Ts" ParentFrame="BoneCabinSusp_cdt">

                      </Socket>
                    </AddonSockets>
                    <AddonSockets DefaultAddon="paystar_5600ts_diff_lock_default">
                      <Socket Offset="(0; 0; 0)" Names="Paystar5600TSDiffLock" ParentFrame="BoneChassis_cdt">

                      </Socket>
                    </AddonSockets>
                    <AddonSockets DefaultAddon="paystar_5600ts_transferbox_default">
                      <Socket Offset="(0; 0; 0)" Names="Paystar5600TsTransferBox" ParentFrame="BoneChassis_cdt">
                            <ExtraParent Frame="BoneCabin_cdt">

                            </ExtraParent>
                            <ExtraParent Frame="BoneTieRodL1_cdt">

                            </ExtraParent>
                            <ExtraParent Frame="BoneTieRodR1_cdt">

                            </ExtraParent>
                            <ExtraParent Frame="BoneTieRodL2_cdt">

                            </ExtraParent>
                            <ExtraParent Frame="BoneTieRodR2_cdt">

                            </ExtraParent>
                            <ExtraParent Frame="BoneTieRodL1_IK1">

                            </ExtraParent>
                            <ExtraParent Frame="BoneTieRodL1_IK1b">

                            </ExtraParent>
                            <ExtraParent Frame="BoneTieRod_L2_IK1">

                            </ExtraParent>
                            <ExtraParent Frame="BoneTieRod_L2_IK1b">

                            </ExtraParent>
                            <ExtraParent Frame="BoneTieRod_L2_IK2">

                            </ExtraParent>
                            <ExtraParent Frame="BoneTieRod_L2_IK2b">

                            </ExtraParent>
                            <ExtraParent Frame="BoneIKPistonFrontLa">

                            </ExtraParent>
                            <ExtraParent Frame="BoneIKPistonFrontLb">

                            </ExtraParent>
                            <ExtraParent Frame="BoneTieRod_R2_IK1">

                            </ExtraParent>
                            <ExtraParent Frame="BoneTieRod_R2_IK1b">

                            </ExtraParent>
                            <ExtraParent Frame="BoneTieRod_R2_IK2">

                            </ExtraParent>
                            <ExtraParent Frame="BoneTieRod_R2_IK2b">

                            </ExtraParent>
                            <ExtraParent Frame="BoneIKPistonFrontRa">

                            </ExtraParent>
                            <ExtraParent Frame="BoneIKPistonFrontRb">

                            </ExtraParent>
                            <ExtraParent Frame="BoneTieRodR1_IK1">

                            </ExtraParent>
                            <ExtraParent Frame="BoneTieRodR1_IK1b">

                            </ExtraParent>
                            <ExtraParent Frame="BoneAxleFront1">

                            </ExtraParent>
                            <ExtraParent Frame="BoneRackL1">

                            </ExtraParent>
                            <ExtraParent Frame="BoneRackR1">

                            </ExtraParent>
                            <ExtraParent Frame="BoneRack1">

                            </ExtraParent>
                            <ExtraParent Frame="BoneAxleFront2">

                            </ExtraParent>
                            <ExtraParent Frame="BoneRackL2">

                            </ExtraParent>
                            <ExtraParent Frame="BoneRackR2">

                            </ExtraParent>
                            <ExtraParent Frame="BoneRack2">

                            </ExtraParent>
                      </Socket>
                    </AddonSockets>
                      <CraneSocket Pos="(6.229; 0.997; 0)" ParentFrame="BoneCabin_cdt">

                      </CraneSocket>
                      <CraneSocket Pos="(-5.889; 0.978; 0)">

                      </CraneSocket>
                      <CraneSocket Pos="(0.385; 1.072; 0.469)">

                      </CraneSocket>
                      <CraneSocket Pos="(0.385; 1.072; -0.469)">

                      </CraneSocket>
                        <WinchSocket Pos="(6.229; 0.997; 0)" ParentFrame="BoneCabin_cdt">

                        </WinchSocket>
                        <WinchSocket Pos="(-5.889; 0.978; 0)">

                        </WinchSocket>
                        <WinchSocket Pos="(0.385; 1.072; 0.469)">

                        </WinchSocket>
                        <WinchSocket Pos="(0.385; 1.072; -0.469)">

                        </WinchSocket>
        </GameData>
        <PhysicsModel Mesh="trucks/paystar_5600ts">
                <Body NetSync="pv" CenterOfMassOffset="(0.5; 0; 0)" ModelFrame="BoneChassis_cdt" Mass="10200" ImpactType="Truck">
                      <Body ModelFrame="BoneMudguardRL_cdt" _template="Mudguard">
                        <Constraint MinLimit="-5" MaxLimit="5" AxisLocal="(1; 0; 0)">
                            <Motor Spring="3000" Damping="5" Type="Spring">

                            </Motor>
                        </Constraint>
                        <Body ModelFrame="BoneMudguardRL2_cdt" _template="Mudguard">
                              <Constraint MinLimit="-45" MaxLimit="13" AxisLocal="(0; 0; 1)">
                                  <Motor Spring="10" Damping="0" Type="Spring">

                                  </Motor>
                              </Constraint>
                        </Body>
                      </Body>
                      <Body ModelFrame="BoneMudguardRR_cdt" _template="Mudguard">
                        <Constraint MinLimit="-5" MaxLimit="5" AxisLocal="(1; 0; 0)">
                            <Motor Spring="3000" Damping="3" Type="Spring">

                            </Motor>
                        </Constraint>
                        <Body ModelFrame="BoneMudguardRR2_cdt" _template="Mudguard">
                              <Constraint MinLimit="-45" MaxLimit="13" AxisLocal="(0; 0; 1)">
                                  <Motor Spring="15" Damping="3" Type="Spring">

                                  </Motor>
                              </Constraint>
                        </Body>
                      </Body>
                      <Body _template="Twist" CenterOfMassOffset="(1; 0; 0)" NetSync="pv" Mass="4000" ModelFrame="BoneCabin_cdt">
                          <Body CenterOfMassOffset="(0.7; 0.5; 0)" Mass="5000" ModelFrame="BoneCabinSusp_cdt">
                            <Constraint Type="Prismatic" MaxLimit="0.06" AxisLocal="(0; 1; 0)" MinLimit="-0.03">
                                <Motor Spring="3500000" Damping="500000" Type="Spring">

                                </Motor>
                            </Constraint>
                                <Body ModelFrame="BoneMirrorFL_cdt" _template="MirrorRagdoll">

                                </Body>
                                <Body ModelFrame="BoneMirrorFR_cdt" _template="MirrorRagdoll">

                                </Body>
                                <Body ModelFrame="BoneSunshieldL_cdt" _template="SunShield">

                                </Body>
                                <Body ModelFrame="BoneSunshieldR_cdt" _template="SunShield">

                                </Body>
                                <Body ModelFrame="BoneMirrorLeft_cdt" _template="SideMirror">
                                    <Body ModelFrame="BoneMirrorWire1_cdt" CenterOfMassOffset="(0; 0; 0)" Mass="4" ImpactType="Truck" Collisions="None">
                                      <Constraint Type="Hinge" MaxLimit="86" AxisLocal="(0; 0; 1)" MinLimit="-20" PivotOffset="(0; 0; 0)">
                                          <Motor Spring="1.2" Damping=".1" Type="Spring">

                                          </Motor>
                                      </Constraint>
                                    </Body>
                                    <Body ModelFrame="BoneAntenna_cdt" _template="Antenna">

                                    </Body>
                                </Body>
                                <Body ModelFrame="BoneMirrorRight_cdt" _template="SideMirror">

                                </Body>
                                <Body ModelFrame="BoneKeyfob_cdt" Mass="0.05" Collisions="None">
                                  <Constraint Type="Ragdoll" PlaneMin="-20" PlaneMax="20" TwistAxisLocal="(0; 1; 0)" Cone="20" PlaneAxisLocal="(0; 0; 1)">
                                      <ConeMotor Spring="5" Damping=".1" Type="Spring">

                                      </ConeMotor>
                                      <PlaneMotor Spring="5" Damping=".1" Type="Spring">

                                      </PlaneMotor>
                                  </Constraint>
                                </Body>
                                <Body ModelFrame="BoneRadioWire1_cdt" CenterOfMassOffset="(0; 0; 0)" Mass="1" ImpactType="Truck" Collisions="None">
                                  <Constraint Type="Hinge" MaxLimit="80" AxisLocal="(0; 0; 1)" MinLimit="-80" PivotOffset="(0; 0; 0)">
                                      <Motor Spring="1" Damping=".5" Type="Spring">

                                      </Motor>
                                  </Constraint>
                                  <Body ModelFrame="BoneRadioWire2_cdt" Mass="1" Collisions="None">
                                        <Constraint Type="Fixed" LinearLimitsY="(-0.05;0.05)" LinearLimitsX="(-0.02;0.02)" LinearLimitsZ="(-0.1;0.1)">
                                            <Motor Spring="500" Damping="5" Type="Spring">

                                            </Motor>
                                        </Constraint>
                                  </Body>
                                </Body>
                          </Body>
                          <Body ModelFrame="BoneMudguardFL1_cdt" _template="Mudguard">
                            <Constraint MinLimit="-40" MaxLimit="3" AxisLocal="(0; 0; 1)">
                                <Motor Spring="30" Damping="0" Type="Spring">

                                </Motor>
                            </Constraint>
                          </Body>
                          <Body ModelFrame="BoneMudguardFL2_cdt" _template="Mudguard">
                            <Constraint MinLimit="-12" MaxLimit="11" AxisLocal="(0; 0; 1)">
                                <Motor Spring="30" Damping="0" Type="Spring">

                                </Motor>
                            </Constraint>
                          </Body>
                          <Body ModelFrame="BoneMudguardFR1_cdt" _template="Mudguard">
                            <Constraint MinLimit="-30" MaxLimit="3" AxisLocal="(0; 0; 1)">
                                <Motor Spring="30" Damping="0" Type="Spring">

                                </Motor>
                            </Constraint>
                          </Body>
                          <Body ModelFrame="BoneMudguardFR2_cdt" _template="Mudguard">
                            <Constraint MinLimit="-15" MaxLimit="11" AxisLocal="(0; 0; 1)">
                                <Motor Spring="30" Damping="0" Type="Spring">

                                </Motor>
                            </Constraint>
                          </Body>
                          <Body ModelFrame="BoneTieRodL1_cdt" _template="TieRodL">
                            <Constraint Name="TieRodSteerL1">

                            </Constraint>
                          </Body>
                          <Body ModelFrame="BoneTieRodR1_cdt" _template="TieRodR">
                            <Constraint Name="TieRodSteerR1">

                            </Constraint>
                          </Body>
                          <Body ModelFrame="BoneTieRodL2_cdt" _template="TieRodL">
                            <Constraint Name="TieRodSteerL2">

                            </Constraint>
                          </Body>
                          <Body ModelFrame="BoneTieRodR2_cdt" _template="TieRodR">
                            <Constraint Name="TieRodSteerR2">

                            </Constraint>
                          </Body>
                      </Body>
                </Body>
                <NetSync Legacy="false">

                </NetSync>
        </PhysicsModel>
        <ControlledConstraints>
                    <Constraint IsLinkedSteering="true" Id="chassis_steer" Name="TieRodSteerL1">

                    </Constraint>
                    <Constraint IsLinkedSteering="true" Id="chassis_steer" Name="TieRodSteerR1">

                    </Constraint>
                    <Constraint IsLinkedSteering="true" Id="chassis_steer" Name="TieRodSteerL2">

                    </Constraint>
                    <Constraint IsLinkedSteering="true" Id="chassis_steer" Name="TieRodSteerR2">

                    </Constraint>
        </ControlledConstraints>
        <ModelAttachments>
                    <HeadLight>
                          <Flare Pos="(5.579; 1.362; 0.979)" _template="HeadLight" ParentFrame="BoneCabinSusp_cdt" Size="0.4" DirAngle="135">

                          </Flare>
                          <Flare Pos="(5.579; 1.362; -0.979)" _template="HeadLight" ParentFrame="BoneCabinSusp_cdt" Size="0.4" DirAngle="135">

                          </Flare>
                          <Flare Pos="(5.579; 1.362; 0.979)" ParentFrame="BoneCabinSusp_cdt" _template="BlueStreak">

                          </Flare>
                          <Flare Pos="(5.579; 1.362; -0.979)" ParentFrame="BoneCabinSusp_cdt" _template="BlueStreak">

                          </Flare>
                            <Model Org="(5.579; 1.362; 0.979)" ParentFrame="BoneCabinSusp_cdt" _template="HeadLightRay">

                            </Model>
                            <Model Org="(5.579; 1.362; -0.979)" ParentFrame="BoneCabinSusp_cdt" _template="HeadLightRay">

                            </Model>
                    </HeadLight>
                    <StopSignals>
                          <Light Pos="(-6.206; 0.947; 0)" _template="StopSignal">

                          </Light>
                              <Flare Pos="(-6.039; 0.987; 0.346)" Size="0.5" _template="StopSignal">

                              </Flare>
                              <Flare Pos="(-6.039; 0.987; -0.346)" Size="0.5" _template="StopSignal">

                              </Flare>
                    </StopSignals>
                    <Ignition>
                              <Light Pos="(6; 1.362; -0.979)" _template="IgnitionSignalWhite" Color="g(255; 205; 145) x 1" ParentFrame="BoneCabin_cdt">

                              </Light>
                              <Light Pos="(6; 1.362; 0.979)" _template="IgnitionSignalWhite" Color="g(255; 205; 145) x 1" ParentFrame="BoneCabin_cdt">

                              </Light>
                              <Light Pos="(-5.7; 0.983; 0)" Dir="(-1; 0; 0)" _template="IgnitionSignalRed" Color="g(255; 0; 0) x 1">

                              </Light>
                                <Flare Pos="(-6.039; 0.934; 0.346)" ParentFrame="BoneCabin_cdt" _template="IgnitionSignalRed">

                                </Flare>
                                <Flare Pos="(-6.039; 0.934; -0.346)" ParentFrame="BoneCabin_cdt" _template="IgnitionSignalRed">

                                </Flare>
                                <Flare Pos="(5.601; 1.714; 1.01)" _template="MarkerBeacon" Color="g(255; 174; 0) x 0.4" Size="0.3" ParentFrame="BoneCabin_cdt">

                                </Flare>
                                <Flare Pos="(5.601; 1.714; -1.01)" _template="MarkerBeacon" Color="g(255; 174; 0) x 0.4" Size="0.3" ParentFrame="BoneCabin_cdt">

                                </Flare>
                                <Flare Pos="(4.506; 2.002; -1)" _template="MarkerBeacon" Color="g(255; 174; 0) x 0.3" Size="0.2" ParentFrame="BoneCabin_cdt">

                                </Flare>
                                <Flare Pos="(4.506; 2.002; 1)" _template="MarkerBeacon" Color="g(255; 174; 0) x 0.3" Size="0.2" ParentFrame="BoneCabin_cdt">

                                </Flare>
                                <Flare Pos="(5.579; 1.362; -0.979)" _template="IgnitionSignalWhite" Color="g(225; 210; 190) x 0.8" Size="0.3" ParentFrame="BoneCabinSusp_cdt">

                                </Flare>
                                <Flare Pos="(5.579; 1.362; 0.979)" _template="IgnitionSignalWhite" Color="g(225; 210; 190) x 0.8" Size="0.3" ParentFrame="BoneCabinSusp_cdt">

                                </Flare>
                    </Ignition>
                    <ReverseSignals>
                                <Light Pos="(-6.206; 0.947; 0)" _template="ReverseSignal">

                                </Light>
                                <Light Pos="(2.734; 1.278; 1.37)" ParentFrame="BoneCabin_cdt" _template="ReverseSignal">

                                </Light>
                                <Light Pos="(2.734; 1.278; -1.37)" ParentFrame="BoneCabin_cdt" _template="ReverseSignal">

                                </Light>
                                  <Flare Pos="(-6.039; 0.989; 0.346)" _template="ReverseSignal" Color="g(255; 255; 255) x 0.6" Size="0.2" ParentFrame="BoneCabin_cdt">

                                  </Flare>
                                  <Flare Pos="(-6.039; 0.989; -0.346)" _template="ReverseSignal" Color="g(255; 255; 255) x 0.6" Size="0.2" ParentFrame="BoneCabin_cdt">

                                  </Flare>
                                  <Flare Pos="(-6.039; 0.93; 0.346)" Dir="(-1; 0; 0)" _template="BlueStreak" Color="g(220; 220; 255) x 0.05" Size="0.4">

                                  </Flare>
                                  <Flare Pos="(-6.039; 0.93; -0.346)" Dir="(-1; 0; 0)" _template="BlueStreak" Color="g(220; 220; 255) x 0.05" Size="0.4">

                                  </Flare>
                                  <Flare Pos="(2.734; 1.278; 1.37)" _template="ReverseSignal" Color="g(255; 255; 255) x 0.6" Size="0.4" ParentFrame="BoneCabin_cdt">

                                  </Flare>
                                  <Flare Pos="(2.734; 1.278; -1.37)" _template="ReverseSignal" Color="g(255; 255; 255) x 0.6" Size="0.4" ParentFrame="BoneCabin_cdt">

                                  </Flare>
                                  <Flare Pos="(2.734; 1.278; -1.37)" Dir="(-1; 0; 0)" _template="BlueStreak" Color="g(220; 220; 255) x 0.05" Size="0.4" ParentFrame="BoneCabin_cdt">

                                  </Flare>
                                  <Flare Pos="(2.734; 1.278; 1.37)" Dir="(-1; 0; 0)" _template="BlueStreak" Color="g(220; 220; 255) x 0.05" Size="0.4" ParentFrame="BoneCabin_cdt">

                                  </Flare>
                    </ReverseSignals>
        </ModelAttachments>
        <Landmark MaxScale="2.5" Mesh="landmarks/paystar_5600ts_lmk" MinScale="1.5">

        </Landmark>
        <AutomaticIK>
                          <IKBone ParentFrame="BoneTieRodL1_cdt" ModelFrame="BoneTieRodL1_IK1">
                            <IKJoint Type="Hinge2" AxisLocal="(1; 0; 0)">

                            </IKJoint>
                            <IKBone AttachToFrame="BoneRackL1" AttachOffset="(0; 0; 0)" ModelFrame="BoneTieRodL1_IK1b">
                                  <IKJoint Type="Slider" AxisLocal="(1; 0; 0)">

                                  </IKJoint>
                            </IKBone>
                          </IKBone>
                          <IKBone ParentFrame="BoneTieRodL2_cdt" ModelFrame="BoneTieRod_L2_IK1">
                            <IKJoint Type="Hinge2" AxisLocal="(1; 0; 0)">

                            </IKJoint>
                            <IKBone AttachToFrame="BoneRackL1" AttachOffset="(0; 0; 0)" ModelFrame="BoneTieRod_L2_IK1b">
                                  <IKJoint Type="Slider" AxisLocal="(1; 0; 0)">

                                  </IKJoint>
                            </IKBone>
                          </IKBone>
                          <IKBone ParentFrame="BoneTieRodL2_cdt" ModelFrame="BoneTieRod_L2_IK2">
                            <IKJoint Type="Hinge2" AxisLocal="(1; 0; 0)">

                            </IKJoint>
                            <IKBone AttachToFrame="BoneRackL2" AttachOffset="(0; 0; 0)" ModelFrame="BoneTieRod_L2_IK2b">
                                  <IKJoint Type="Slider" AxisLocal="(1; 0; 0)">

                                  </IKJoint>
                            </IKBone>
                          </IKBone>
                          <IKBone ParentFrame="BoneCabin_cdt" ModelFrame="BoneIKPistonFrontLa">
                            <IKJoint Type="Hinge2" AxisLocal="(1; 0; 0)">

                            </IKJoint>
                            <IKBone AttachToFrame="BoneAxleFront2" AttachOffset="(0; 0; 0)" ModelFrame="BoneIKPistonFrontLb">
                                  <IKJoint Type="Slider" AxisLocal="(1; 0; 0)">

                                  </IKJoint>
                            </IKBone>
                          </IKBone>
                          <IKBone ParentFrame="BoneTieRodR2_cdt" ModelFrame="BoneTieRod_R2_IK1">
                            <IKJoint Type="Hinge2" AxisLocal="(1; 0; 0)">

                            </IKJoint>
                            <IKBone AttachToFrame="BoneRackR1" AttachOffset="(0; 0; 0)" ModelFrame="BoneTieRod_R2_IK1b">
                                  <IKJoint Type="Slider" AxisLocal="(1; 0; 0)">

                                  </IKJoint>
                            </IKBone>
                          </IKBone>
                          <IKBone ParentFrame="BoneTieRodR2_cdt" ModelFrame="BoneTieRod_R2_IK2">
                            <IKJoint Type="Hinge2" AxisLocal="(1; 0; 0)">

                            </IKJoint>
                            <IKBone AttachToFrame="BoneRackR2" AttachOffset="(0; 0; 0)" ModelFrame="BoneTieRod_R2_IK2b">
                                  <IKJoint Type="Slider" AxisLocal="(1; 0; 0)">

                                  </IKJoint>
                            </IKBone>
                          </IKBone>
                          <IKBone ParentFrame="BoneCabin_cdt" ModelFrame="BoneIKPistonFrontRa">
                            <IKJoint Type="Hinge2" AxisLocal="(1; 0; 0)">

                            </IKJoint>
                            <IKBone AttachToFrame="BoneAxleFront2" AttachOffset="(0; 0; 0)" ModelFrame="BoneIKPistonFrontRb">
                                  <IKJoint Type="Slider" AxisLocal="(1; 0; 0)">

                                  </IKJoint>
                            </IKBone>
                          </IKBone>
                          <IKBone ParentFrame="BoneChassis_cdt" ModelFrame="BoneIKSuspRear1La">
                            <IKJoint Type="Hinge2" AxisLocal="(1; 0; 0)">

                            </IKJoint>
                            <IKBone AttachToFrame="BoneAxleRear1" AttachOffset="(0; 0; 0)" ModelFrame="BoneIKSuspRear1Lb">
                                  <IKJoint Type="Slider" AxisLocal="(1; 0; 0)">

                                  </IKJoint>
                            </IKBone>
                          </IKBone>
                          <IKBone ParentFrame="BoneChassis_cdt" ModelFrame="BoneIKSuspRear2La">
                            <IKJoint Type="Hinge2" AxisLocal="(1; 0; 0)">

                            </IKJoint>
                            <IKBone AttachToFrame="BoneAxleRear2" AttachOffset="(0; 0; 0)" ModelFrame="BoneIKSuspRear2Lb">
                                  <IKJoint Type="Slider" AxisLocal="(1; 0; 0)">

                                  </IKJoint>
                            </IKBone>
                          </IKBone>
                          <IKBone ParentFrame="BoneChassis_cdt" ModelFrame="BoneIKSuspRear3La">
                            <IKJoint Type="Hinge2" AxisLocal="(1; 0; 0)">

                            </IKJoint>
                            <IKBone AttachToFrame="BoneAxleRear3" AttachOffset="(0; 0; 0)" ModelFrame="BoneIKSuspRear3Lb">
                                  <IKJoint Type="Slider" AxisLocal="(1; 0; 0)">

                                  </IKJoint>
                            </IKBone>
                          </IKBone>
                          <IKBone ParentFrame="BoneChassis_cdt" ModelFrame="BoneIKSuspRear1Ra">
                            <IKJoint Type="Hinge2" AxisLocal="(1; 0; 0)">

                            </IKJoint>
                            <IKBone AttachToFrame="BoneAxleRear1" AttachOffset="(0; 0; 0)" ModelFrame="BoneIKSuspRear1Rb">
                                  <IKJoint Type="Slider" AxisLocal="(1; 0; 0)">

                                  </IKJoint>
                            </IKBone>
                          </IKBone>
                          <IKBone ParentFrame="BoneChassis_cdt" ModelFrame="BoneIKSuspRear2Ra">
                            <IKJoint Type="Hinge2" AxisLocal="(1; 0; 0)">

                            </IKJoint>
                            <IKBone AttachToFrame="BoneAxleRear2" AttachOffset="(0; 0; 0)" ModelFrame="BoneIKSuspRear2Rb">
                                  <IKJoint Type="Slider" AxisLocal="(1; 0; 0)">

                                  </IKJoint>
                            </IKBone>
                          </IKBone>
                          <IKBone ParentFrame="BoneChassis_cdt" ModelFrame="BoneIKSuspRear3Ra">
                            <IKJoint Type="Hinge2" AxisLocal="(1; 0; 0)">

                            </IKJoint>
                            <IKBone AttachToFrame="BoneAxleRear3" AttachOffset="(0; 0; 0)" ModelFrame="BoneIKSuspRear3Rb">
                                  <IKJoint Type="Slider" AxisLocal="(1; 0; 0)">

                                  </IKJoint>
                            </IKBone>
                          </IKBone>
                          <IKBone ParentFrame="BoneTieRodR1_cdt" ModelFrame="BoneTieRodR1_IK1">
                            <IKJoint Type="Hinge2" AxisLocal="(1; 0; 0)">

                            </IKJoint>
                            <IKBone AttachToFrame="BoneRackR1" AttachOffset="(0; 0; 0)" ModelFrame="BoneTieRodR1_IK1b">
                                  <IKJoint Type="Slider" AxisLocal="(1; 0; 0)">

                                  </IKJoint>
                            </IKBone>
                          </IKBone>
        </AutomaticIK>
        <TruckData SteerSpeed="0.024" EngineStartDelay="3.2" EngineIconMesh="env/engine_pacific_p16" TruckType="HEAVY" Responsiveness="0.15" BackSteerSpeed="0.016" TruckImage="InternationalPaystar5600TSmchr" FuelCapacity="280" DiffLockType="Installed" ExhaustStartTime="2.8" EngineIconScale=".9">
                          <Driver Pos="(3.745; 1.907; 0.505)" ParentFrame="BoneCabinSusp_cdt" AnimationSet="Truck" SteeringWheelPos="(4.128; 2.235; 0.498)">

                          </Driver>
                          <SoundsDamage _template="Heavy">

                          </SoundsDamage>
                          <OcclusionMap HalfSizeZ="1.3" MinX="-6.4" MaxX="6.3">

                          </OcclusionMap>
                          <FuelTank DamageCapacity="100">

                          </FuelTank>
                          <Intake Size="0.8" Dir="(1; 0; 0)" Origin="(6.138; 1.589; 0)">

                          </Intake>
                          <EngineSocket Type="e_us_special" Default="us_special_engine_0">

                          </EngineSocket>
                          <SuspensionSocket Type="s_paystar_5600ts" MaxWheelRadiusWithoutSuspension="0.6" Default="paystar_5600ts_suspension_default">

                          </SuspensionSocket>
                          <Dashboard>
                                              <Gauge InputRange="(0;137)" Dir="(-0.962; 0.272; -0.001)" InputType="speed" Org="(4.401; 2.234; 0.415)" Damping="0.9" Mesh="trucks/arrows/paystar_5600ts_arrow_02" OutputAngles="(-130;130)">

                                              </Gauge>
                                              <Gauge InputRange="(0;1)" Dir="(-0.962; 0.272; -0.001)" InputType="rpm" Org="(4.401; 2.234; 0.566)" Damping="0.9" Mesh="trucks/arrows/paystar_5600ts_arrow_02" OutputAngles="(-135;135)">

                                              </Gauge>
                                              <Gauge InputRange="(0;1)" Dir="(-0.962; 0.272; -0.001)" InputType="fuel" Org="(4.372; 2.131; 0.282)" Damping="0.9" Mesh="trucks/arrows/paystar_5600ts_arrow_01" OutputAngles="(-120;120)">

                                              </Gauge>
                                              <Gauge InputRange="(0;1)" Dir="(-0.962; 0.272; -0.001)" InputType="engineEnabled" Org="(4.391; 2.196; 0.791)" Damping="0.9" Mesh="trucks/arrows/paystar_5600ts_arrow_01" OutputAngles="(-48;-6)">

                                              </Gauge>
                                              <Gauge InputRange="(0;1)" Dir="(-0.962; 0.272; -0.001)" InputType="engineEnabled" Org="(4.372; 2.131; 0.694)" Damping="0.9" Mesh="trucks/arrows/paystar_5600ts_arrow_01" OutputAngles="(-130;48)">

                                              </Gauge>
                                              <Gauge InputRange="(0;1)" Dir="(-0.962; 0.272; -0.001)" InputType="engineEnabled" Org="(4.409; 2.262; 0.694)" Damping="0.9" Mesh="trucks/arrows/paystar_5600ts_arrow_01" OutputAngles="(-135;10)">

                                              </Gauge>
                                              <Gauge InputRange="(0;1)" Dir="(-0.962; 0.272; -0.001)" InputType="engineEnabled" Org="(4.409; 2.262; 0.791)" Damping="0.9" Mesh="trucks/arrows/paystar_5600ts_arrow_01" OutputAngles="(-140;25)">

                                              </Gauge>
                                              <Gauge InputRange="(0;1)" Dir="(-0.962; 0.272; -0.001)" InputType="engineEnabled" Org="(4.388; 2.196; 0.694)" Damping="0.9" Mesh="trucks/arrows/paystar_5600ts_arrow_01" OutputAngles="(-130;32)">

                                              </Gauge>
                                              <Gauge InputRange="(0;1)" Dir="(-0.962; 0.272; -0.001)" InputType="engineEnabled" Org="(4.372; 2.131; 0.791)" Damping="0.9" Mesh="trucks/arrows/paystar_5600ts_arrow_01" OutputAngles="(-60;-)">

                                              </Gauge>
                                              <Gauge InputRange="(0;1)" Dir="(-0.962; 0.272; -0.001)" InputType="engineEnabled" Org="(4.409; 2.262; 0.282)" Damping="0.9" Mesh="trucks/arrows/paystar_5600ts_arrow_01" OutputAngles="(-140;60)">

                                              </Gauge>
                                              <Gauge InputRange="(0;1)" Dir="(-0.962; 0.272; -0.001)" InputType="engineEnabled" Org="(4.409; 2.262; 0.185)" Damping="0.9" Mesh="trucks/arrows/paystar_5600ts_arrow_01" OutputAngles="(-48;-5)">

                                              </Gauge>
                                              <Gauge InputRange="(0;1)" Dir="(-0.962; 0.272; -0.001)" InputType="engineEnabled" Org="(4.391; 2.196; 0.282)" Damping="0.9" Mesh="trucks/arrows/paystar_5600ts_arrow_01" OutputAngles="(-140;84)">

                                              </Gauge>
                                              <Gauge InputRange="(0;1)" Dir="(-0.962; 0.272; -0.001)" InputType="engineEnabled" Org="(4.391; 2.196; 0.185)" Damping="0.9" Mesh="trucks/arrows/paystar_5600ts_arrow_01" OutputAngles="(-48;3)">

                                              </Gauge>
                                              <Gauge InputRange="(0;1)" Dir="(-0.962; 0.272; -0.001)" InputType="engineEnabled" Org="(4.372; 2.131; 0.185)" Damping="0.9" Mesh="trucks/arrows/paystar_5600ts_arrow_01" OutputAngles="(-50;-12)">

                                              </Gauge>
                                              <Gauge InputRange="(0;1)" Dir="(-0.463; 0.116; 0.215)" InputType="engineEnabled" Org="(4.266; 2.196; -0.141)" Damping="0.9" Mesh="trucks/arrows/paystar_5600ts_arrow_01" OutputAngles="(-50;-17)">

                                              </Gauge>
                                              <Gauge InputRange="(0;1)" Dir="(-0.463; 0.116; 0.215)" InputType="engineEnabled" Org="(4.247; 2.262; -0.225)" Damping="0.9" Mesh="trucks/arrows/paystar_5600ts_arrow_01" OutputAngles="(-60;12)">

                                              </Gauge>
                          </Dashboard>
                          <Axles>
                                                <Axle Frame="BoneAxleFront1">

                                                </Axle>
                                                <Axle Frame="BoneAxleFront2">

                                                </Axle>
                                                <Axle Frame="BoneAxleRear1">

                                                </Axle>
                                                <Axle Frame="BoneAxleRear2">

                                                </Axle>
                                                <Axle Frame="BoneAxleRear3">

                                                </Axle>
                          </Axles>
                          <Camera Center="(-2; 0; 0)" RadiusMultiplier="1.4" ParentFrame="BoneCabin_cdt">
                                                <Cockpit WindshieldDiffuseTexture="trucks/paystar_5600ts_glass__d_a.tga" _template="Default" WindshieldShadingTexture="trucks/paystar_5600ts_glass__sh_d.tga" ViewPos="(3.605; 2.605; 0.498)">
                                                      <Mirror FOVScale="2.1" ClipDir="(-0.899; -0.037; -0.436)" MeshFrame="mirror_left" Pos="(3.981; 2.534; 1.282)" ReflectionDir="(-0.899; -0.037; -0.436)" Size="(0.16; 0.35)" ClipOffset="0.2">
                                                        <SecondaryView FOVScale="1.2" ClipDir="(-0.899; -0.037; -0.436)" MeshFrame="mirror_left_1" Size="(0.17; 0.17)" Pos="(3.979; 2.188; 1.238)">

                                                        </SecondaryView>
                                                      </Mirror>
                                                      <Mirror FOVScale="1.4" ClipDir="(-0.987; 0.002; 0.158)" MeshFrame="mirror_right_2" Pos="(6.017; 2.198; -0.823)" ReflectionDir="(-0.987; 0.002; 0.158)" Size="(0.14; 0.14)" ClipOffset="0.1">

                                                      </Mirror>
                                                      <Mirror FOVScale="2.1" ClipDir="(-0.803; -0.038; 0.595)" MeshFrame="mirror_right" Pos="(3.978; 2.534; -1.278)" ReflectionDir="(-0.803; -0.038; 0.595)" Size="(0.16; 0.35)" ClipOffset="0.2">
                                                        <SecondaryView FOVScale="1.2" ClipDir="(-0.803; -0.038; 0.595)" MeshFrame="mirror_right_1" Size="(0.17; 0.17)" Pos="(3.994; 2.186; -1.249)">

                                                        </SecondaryView>
                                                      </Mirror>
                                                      <Mirror FOVScale="1.4" ClipDir="(-0.999; 0.029; 0.013)" MeshFrame="mirror_left_2" Pos="(6.017; 2.198; 0.823)" ReflectionDir="(-0.999; 0.029; 0.013)" Size="(0.14; 0.14)" ClipOffset="0.1">

                                                      </Mirror>
                                                </Cockpit>
                          </Camera>
                                                <CompatibleWheels Type="wheels_heavy_double1" Scale="0.545" RearOffsetZ=".16">

                                                </CompatibleWheels>
                                                <CompatibleWheels Type="wheels_heavy_double2" Scale="0.545" RearOffsetZ=".16" OffsetZ="0.03">

                                                </CompatibleWheels>
                                                <CompatibleWheels Type="wheels_heavy_single" Scale="0.545">

                                                </CompatibleWheels>
                                                <CompatibleWheels Type="wheels_heavy_single2" Scale="0.545" RearOffsetZ=".08" OffsetZ="-0.03">

                                                </CompatibleWheels>
                                                <CompatibleWheels Type="wheels_heavy_double1" Scale="0.63" RearOffsetZ=".22">

                                                </CompatibleWheels>
                                                <CompatibleWheels Type="wheels_heavy_double2" Scale="0.63" RearOffsetZ=".22" OffsetZ="0.03">

                                                </CompatibleWheels>
                                                <CompatibleWheels Type="wheels_heavy_single" Scale="0.63">

                                                </CompatibleWheels>
                                                <CompatibleWheels Type="wheels_heavy_single2" Scale="0.63" RearOffsetZ=".1" OffsetZ="-0.03">

                                                </CompatibleWheels>
                          <LimitedFluid Type="Cylinder" Center="(1.851; 0.777; -0.81)" RadiusY="0.307" LengthX="1.149" RadiusZ="0.307">

                          </LimitedFluid>
                          <Sounds _template="Default" MinDist="15.0" Origin="(2.5; 1.25; 0)" DisableReversePitch="true">
                                                      <Reverse Sound="trucks/paystar_5600ts/int_paystar_5600ts_back_beeper">

                                                      </Reverse>
                                                      <EngineTrans Sound="trucks/common/truck_trans_forward_loop">

                                                      </EngineTrans>
                                                      <EngineLow Sound="trucks/paystar_5600ts/int_paystar_5600ts_low">

                                                      </EngineLow>
                                                      <EngineHigh Sound="trucks/paystar_5600ts/int_paystar_5600ts_high">

                                                      </EngineHigh>
                                                      <HandbrakeOff Sound="trucks/common/truck_handbrake_switch_off">

                                                      </HandbrakeOff>
                                                      <ChassisStress Sound="trucks/common/truck_stress_rnd_set/truck_stress_rnd">

                                                      </ChassisStress>
                                                      <AbruptStop Sound="trucks/common/truck_swing_big_rnd_set/truck_swing_big_rnd">

                                                      </AbruptStop>
                                                      <EngineRev Sound="trucks/paystar_5600ts/int_paystar_5600ts_rev">

                                                      </EngineRev>
                                                      <EngineHeavy_2d IsSound2D="true" Sound="">

                                                      </EngineHeavy_2d>
                                                      <EngineHeavy Sound="">

                                                      </EngineHeavy>
                                                      <EngineHigh_2d IsSound2D="true" Sound="trucks/paystar_5600ts/int_paystar_5600ts_high_2d">

                                                      </EngineHigh_2d>
                                                      <EngineLow_2d IsSound2D="true" Sound="trucks/paystar_5600ts/int_paystar_5600ts_low_2d">

                                                      </EngineLow_2d>
                                                      <EngineIdle_2d IsSound2D="true" Sound="trucks/paystar_5600ts/int_paystar_5600ts_idle_2d">

                                                      </EngineIdle_2d>
                                                      <EngineStart Sound="trucks/paystar_5600ts/int_paystar_5600ts_start">

                                                      </EngineStart>
                                                      <Handbrake Sound="trucks/common/truck_handbrake_switch_alt1">

                                                      </Handbrake>
                                                      <BrakeRelease Sound="trucks/common/truck_brake_release_alt2_rnd_set/truck_brake_release_alt2_rnd">

                                                      </BrakeRelease>
                                                      <EngineIdle Sound="trucks/paystar_5600ts/int_paystar_5600ts_idle">

                                                      </EngineIdle>
                                                      <BrakesSqueal Sound="trucks/int_paystar_5070/int_paystar_5070_brakes_squeal">

                                                      </BrakesSqueal>
                                                      <EngineStop Sound="trucks/paystar_5600ts/int_paystar_5600ts_stop">

                                                      </EngineStop>
                                                      <Honk Sound="trucks/paystar_5600ts/int_paystar_5600ts_honk">

                                                      </Honk>
                                                      <EngineAccel Sound="trucks/int_paystar_5070/int_paystar_5070_acc">

                                                      </EngineAccel>
                          </Sounds>
                          <Wheels DefaultWheelType="wheels_heavy_double1" DefaultTire="highway_1" DefaultRim="rim_2">
                                                          <Wheel Pos="(4.852; 0.548; 1.061)" _template="FirstAxle">

                                                          </Wheel>
                                                          <Wheel RightSide="true" Pos="(4.852; 0.548; 1.061)" _template="FirstAxle">

                                                          </Wheel>
                                                          <Wheel Pos="(3.232; 0.548; 1.061)" _template="SecondAxle">

                                                          </Wheel>
                                                          <Wheel RightSide="true" Pos="(3.232; 0.548; 1.061)" _template="SecondAxle">

                                                          </Wheel>
                                                          <Wheel Pos="(-1.861; 0.548; 0.9)" _template="RearAxle">

                                                          </Wheel>
                                                          <Wheel RightSide="true" Pos="(-1.861; 0.548; 0.9)" _template="RearAxle">

                                                          </Wheel>
                                                          <Wheel Pos="(-3.282; 0.548; 0.9)" _template="RearAxle">

                                                          </Wheel>
                                                          <Wheel RightSide="true" Pos="(-3.282; 0.548; 0.9)" _template="RearAxle">

                                                          </Wheel>
                                                          <Wheel Pos="(-4.678; 0.548; 0.9)" _template="RearAxle">

                                                          </Wheel>
                                                          <Wheel RightSide="true" Pos="(-4.678; 0.548; 0.9)" _template="RearAxle">

                                                          </Wheel>
                          </Wheels>
                                                        <Steam Origin="(3.122; 1.402; 0)">

                                                        </Steam>
                                                        <Steam Scale="0.7" Origin="(4.423; 0.666; 0)" ParentFrame="BoneCabin_cdt">

                                                        </Steam>
                          <GearboxSocket Type="gearboxes_trucks" Default="g_truck_default">

                          </GearboxSocket>
                          <WinchUpgradeSocket Type="winches_heavy_trucks" Default="w_heavy_trucks_default" IsUpgradable="true">

                          </WinchUpgradeSocket>
                                                              <SteeringRack Frame="BoneRack1" RackHalfSizeZ="0.822" FrameSteerLeft="BoneRackL1" FrameSteerRight="BoneRackR1">

                                                              </SteeringRack>
                                                              <SteeringRack Frame="BoneRack2" RackHalfSizeZ="0.822" FrameSteerLeft="BoneRackL2" FrameSteerRight="BoneRackR2">

                                                              </SteeringRack>
                          <SteeringWheel Frame="BoneSteering">

                          </SteeringWheel>
                          <SoundsWheels _template="Default">

                          </SoundsWheels>
                          <Damage>
                                                                        <DamageArea Min="(4.593; 1.136; -0.988)" ParentFrame="BoneCabin_cdt" Max="(6.157; 2.276; 0.988)" Type="Engine">

                                                                        </DamageArea>
                                                                        <DamageArea Min="(0.5; 0.4; -1.3)" ParentFrame="BoneCabin_cdt" Max="(2.5; 1.1; 1.3)" Type="FuelTank">

                                                                        </DamageArea>
                          </Damage>
                          <Shafts>
                                                                          <Shaft SocketPointA="ShaftRearWheel1RearWheel2" SocketPointB="ShaftRearWheel2RearWheel1">

                                                                          </Shaft>
                                                                          <Shaft SocketPointA="ShaftRearWheel2RearWheel3" SocketPointB="ShaftRearWheel3RearWheel2">

                                                                          </Shaft>
                          </Shafts>
        </TruckData>
  </Truck>