  <Truck>
      <ControlledConstraints>
          <Constraint Name="ChassisSteer" IsLinkedSteering="true" Id="chassis_steer">

          </Constraint>
      </ControlledConstraints>
      <PhysicsModel Mesh="trucks/kirovets_k700">
            <NetSync Legacy="false">

            </NetSync>
            <Body ModelFrame="BoneFront_cdt" ImpactType="Truck" Mass="4000" NetSync="pv" CenterOfMassOffset="(-0.5; -0.5; 0)">
                    <Body ModelFrame="BoneSteering_cdt" Mass="2000" NetSync="pv" Collisions="None" CenterOfMassOffset="(0; 0; 0)">
                      <Constraint AxisLocal="(0; 1; 0)" MaxLimit="25" Name="ChassisSteer" MinLimit="-25" Type="Hinge">
                          <Motor Type="Position" Tau="0.03" Force="135000" Damping="1.0">

                          </Motor>
                      </Constraint>
                      <Body ModelFrame="BoneBack_cdt" ImpactType="Truck" Mass="6000" NetSync="pv" CenterOfMassOffset="(-0.2; 0; 0)">
                            <Constraint AxisLocal="(1; 0; 0)" MaxLimit="12" MinLimit="-12" PivotOffset="(0; 0; 0)" Type="Hinge">
                                <Motor Type="Spring" Spring="10000" Damping="800000">

                                </Motor>
                            </Constraint>
                      </Body>
                    </Body>
                    <Body AngularDamping="1" Mass="3" Collisions="None" ModelFrame="BoneHandle_cdt">
                      <Constraint AxisLocal="(-1; 0; 0)" MaxLimit="90" MinLimit="0" Type="Hinge">

                      </Constraint>
                    </Body>
                    <Body ModelFrame="BoneSunshieldLeft_cdt" _template="Sunshield">

                    </Body>
                    <Body ModelFrame="BoneSunshieldRight_cdt" _template="Sunshield">
                      <Constraint>
                          <Motor Damping="1">

                          </Motor>
                      </Constraint>
                    </Body>
            </Body>
      </PhysicsModel>
      <TruckData BackSteerSpeed="0.02" DiffLockType="Always" EngineIconScale="1.6" TruckType="HEAVY" FuelCapacity="340" EngineStartDelay="0.6" SteerSpeed="0.015" ExhaustStartTime="0.6" Responsiveness="0.4" TruckImage="kirovets_k700_mchr" EngineIconMesh="env/engine_default">
              <Shakers>
                    <Shaker MaxAngle="(0.4; 0.4; 0.4)" Frame="BoneExhaust" MinAngle="(0.2; 0.2; 0.2)" MaxFrequency="5">

                    </Shaker>
                    <Shaker LimitDirectionY="Positive" Frame="BoneExhaustCap" ParentFrame="BoneExhaust" MinAngle="(0; 20; 0)" MaxFrequency="0.15" MaxAngle="(0; 130; 0)">

                    </Shaker>
              </Shakers>
              <GearboxSocket Default="g_special_default" Type="gearboxes_special">

              </GearboxSocket>
              <Wheels DefaultRim="rim" DefaultWheelType="wheels_kirovets_k700" DefaultTire="tire">
                        <Wheel Pos="(1.218; 0.811; 1)" _template="FrontWheel">

                        </Wheel>
                        <Wheel Pos="(1.218; 0.811; 1)" _template="FrontWheel" RightSide="true">

                        </Wheel>
                        <Wheel Pos="(-1.836; 0.811; 1)" _template="RearWheel">

                        </Wheel>
                        <Wheel Pos="(-1.836; 0.811; 1)" _template="RearWheel" RightSide="true">

                        </Wheel>
              </Wheels>
              <WinchUpgradeSocket Default="w_heavy_trucks_default" Type="winches_heavy_trucks" IsUpgradable="true">

              </WinchUpgradeSocket>
              <SteeringWheel Frame="BoneSteering">

              </SteeringWheel>
              <Damage>
                              <DamageArea Max="(3.4; 2.2; 0.6)" ParentFrame="BoneFront_cdt" Min="(1.25; 1.2; -0.6)" Type="Engine">

                              </DamageArea>
                              <DamageArea Max="(0.17; 1.35; 0.9)" ParentFrame="BoneFront_cdt" Min="(-0.48; 0.76; -0.9)" Type="FuelTank">

                              </DamageArea>
              </Damage>
                            <LimitedFluid Center="(-0.159; 1.059; -0.748)" ParentFrame="BoneFront_cdt" Type="Box" SizeX="0.605" SizeZ="0.262" SizeY="0.541">

                            </LimitedFluid>
                            <LimitedFluid Center="(-0.159; 1.059; 0.748)" ParentFrame="BoneFront_cdt" Type="Box" SizeX="0.605" SizeZ="0.262" SizeY="0.541">

                            </LimitedFluid>
                            <LimitedFluid Center="(-0.554; 1.948; -0.605)" ParentFrame="BoneFront_cdt" Type="Box" SizeX="0.682" SizeZ="0.300" SizeY="0.387">

                            </LimitedFluid>
              <EngineSocket Default="ru_kirovets_k700_engine_0" Type="e_ru_kirovets_k700_special">

              </EngineSocket>
              <OcclusionMap HalfSizeZ="2" ParentFrame="BoneBack_cdt" MaxX="3" MinX="-3">

              </OcclusionMap>
              <Camera RadiusMultiplier="1.1" Center="(-1; 0; 0)" ParentFrame="BoneFront_cdt">
                                    <Cockpit WindshieldShadingTexture="trucks/kirovets_k700_glass__sh_d.tga" WindshieldDiffuseTexture="trucks/kirovets_k700_glass__d_a.tga" ViewPos="(0.3; 2.919; -0.442)" _template="Default">
                                        <Mirror Pos="(1.193; 3.038; -0.006)" MeshFrame="hp_cab_mirror" FOVScale="2.2" Size="(0.23; 0.08)" ReflectionDir="(-0.957; -0.134; -0.259)" ClipDir="(-0.966; 0; -0.259)" ClipOffset="0.1">

                                        </Mirror>
                                        <Rear _inheritRemove="true">

                                        </Rear>
                                    </Cockpit>
              </Camera>
              <Shafts>
                                        <Shaft SocketPointA="Shaft1a" SocketPointB="Shaft1b">

                                        </Shaft>
                                        <Shaft SocketPointA="Shaft2a" SocketPointB="Shaft2b">

                                        </Shaft>
                                        <Shaft SocketPointA="Shaft3a" SocketPointB="Shaft3b">

                                        </Shaft>
                                        <Shaft SocketPointA="Shaft4a" SocketPointB="Shaft4b">

                                        </Shaft>
              </Shafts>
              <FuelTank DamageCapacity="50">

              </FuelTank>
              <Axles>
                                          <Axle Frame="BoneAxle1">

                                          </Axle>
              </Axles>
              <SoundsWheels _template="Default">

              </SoundsWheels>
              <SuspensionSocket Default="kirovets_k700_suspension_default" MaxWheelRadiusWithoutSuspension="1" Type="s_kirovets_k700">

              </SuspensionSocket>
                                              <CompatibleWheels Scale="0.8" Type="wheels_kirovets_k700">

                                              </CompatibleWheels>
                                              <CompatibleWheels Scale="0.8" Type="wheels_superheavy_single">

                                              </CompatibleWheels>
              <Dashboard>
                                                    <Gauge Mesh="trucks/arrows/kirovets_k700_arrow_1" Org="(1.124; 2.408; 0.113)" OutputAngles="(100; 265)" InputType="speed" Dir="(-0.701; 0.713; -0.001)" InputRange="(0;40)" Damping="0">

                                                    </Gauge>
                                                    <Gauge Mesh="trucks/arrows/kirovets_k700_arrow_1" Org="(1.124; 2.408; 0.113)" OutputAngles="(-82; 85)" InputType="rpm" Dir="(-0.701; 0.713; -0.001)" InputRange="(0;1)" Damping="0.99">

                                                    </Gauge>
                                                    <Gauge Mesh="trucks/arrows/kirovets_k700_arrow_2" Org="(1.108; 2.394; 0.313)" OutputAngles="(0; 10)" InputType="engineEnabled" Dir="(-0.702; 0.712; 0.004)" InputRange="(0;1)" Damping="0.99">

                                                    </Gauge>
                                                    <Gauge Mesh="trucks/arrows/kirovets_k700_arrow_2" Org="(1.108; 2.394; 0.217)" OutputAngles="(-35; -14)" InputType="engineEnabled" Dir="(-0.702; 0.712; 0.004)" InputRange="(0;1)" Damping="0.99">

                                                    </Gauge>
                                                    <Gauge Mesh="trucks/arrows/kirovets_k700_arrow_2" Org="(1.107; 2.395; 0.009)" OutputAngles="(-40; -20)" InputType="engineEnabled" Dir="(-0.702; 0.712; 0.004)" InputRange="(0;1)" Damping="0.99">

                                                    </Gauge>
                                                    <Gauge Mesh="trucks/arrows/kirovets_k700_arrow_2" Org="(1.107; 2.395; -0.087)" OutputAngles="(-40; -14)" InputType="engineEnabled" Dir="(-0.702; 0.712; 0.004)" InputRange="(0;1)" Damping="0.99">

                                                    </Gauge>
                                                    <Gauge Mesh="trucks/arrows/kirovets_k700_arrow_3" Org="(1.062; 2.347; 0.167)" OutputAngles="(-35; -14)" InputType="engineEnabled" Dir="(-0.704; 0.71; 0.003)" InputRange="(0;1)" Damping="0.99">

                                                    </Gauge>
                                                    <Gauge Mesh="trucks/arrows/kirovets_k700_arrow_3" Org="(1.062; 2.348; 0.059)" OutputAngles="(-35; -10)" InputType="engineEnabled" Dir="(-0.704; 0.71; 0.003)" InputRange="(0;1)" Damping="0.99">

                                                    </Gauge>
                                                    <Gauge Mesh="trucks/arrows/kirovets_k700_arrow_3" Org="(1.062; 2.347; -0.035)" OutputAngles="(-35; -10)" InputType="engineEnabled" Dir="(-0.704; 0.71; 0.003)" InputRange="(0;1)" Damping="0.99">

                                                    </Gauge>
              </Dashboard>
              <Sounds _template="Default" DisableReversePitch="true" ParentFrame="BoneFront_cdt" Origin="(1.8; 1.8; 0)" MinDist="15.0">
                                                    <EngineHigh Sound="trucks/kirovets_k700/kirovets_k700_high">

                                                    </EngineHigh>
                                                    <AbruptStop Sound="trucks/common/truck_swing_big_rnd_set/truck_swing_big_rnd">

                                                    </AbruptStop>
                                                    <HandbrakeOff Sound="trucks/kirovets_k700/kirovets_k700_handbrake_off">

                                                    </HandbrakeOff>
                                                    <BrakesSqueal Sound="trucks/kirovets_k700/kirovets_k700_brakes_squeal">

                                                    </BrakesSqueal>
                                                    <EngineTrans Sound="">

                                                    </EngineTrans>
                                                    <EngineHeavy_2d IsSound2D="true" Sound="">

                                                    </EngineHeavy_2d>
                                                                  <Reverse _inheritRemove="true">

                                                                  </Reverse>
                                                                  <Reverse Sound="trucks/kirovets_k700/kirovets_k700_back_beeper">

                                                                  </Reverse>
                                                    <EngineHeavy Sound="">

                                                    </EngineHeavy>
                                                    <EngineStart Sound="trucks/kirovets_k700/kirovets_k700_start">

                                                    </EngineStart>
                                                    <EngineLow_2d IsSound2D="true" Sound="trucks/kirovets_k700/kirovets_k700_low_2d">

                                                    </EngineLow_2d>
                                                    <EngineHigh_2d IsSound2D="true" Sound="trucks/kirovets_k700/kirovets_k700_high_2d">

                                                    </EngineHigh_2d>
                                                    <EngineLow Sound="trucks/kirovets_k700/kirovets_k700_low">

                                                    </EngineLow>
                                                    <EngineIdle_2d IsSound2D="true" Sound="trucks/kirovets_k700/kirovets_k700_idle_2d">

                                                    </EngineIdle_2d>
                                                    <EngineStop Sound="trucks/kirovets_k700/kirovets_k700_stop">

                                                    </EngineStop>
                                                    <EngineIdle Sound="trucks/kirovets_k700/kirovets_k700_idle">

                                                    </EngineIdle>
                                                    <Handbrake Sound="trucks/kirovets_k700/kirovets_k700_handbrake_on">

                                                    </Handbrake>
                                                    <Honk Sound="trucks/kirovets_k700/kirovets_k700_honk">

                                                    </Honk>
                                                    <EngineRev Sound="trucks/kirovets_k700/kirovets_k700_rev">

                                                    </EngineRev>
                                                    <EngineAccel Sound="trucks/kirovets_k700/kirovets_k700_acc">

                                                    </EngineAccel>
                                                    <BrakeRelease Sound="trucks/common/truck_brake_release_alt2_rnd_set/truck_brake_release_alt2_rnd">

                                                    </BrakeRelease>
              </Sounds>
              <Driver Pos="(0.335; 2.209; -0.443)" ParentFrame="BoneFront_cdt" SteeringWheelPos="(0.718; 2.537; -0.45)">

              </Driver>
              <Exhaust Speed="3.00" ParentFrame="BoneFront_cdt" IsLight="true" Dir="(0.665; 0.338; 0.665)" Origin="(1.476; 3.279; 0.851)">

              </Exhaust>
              <SoundsDamage _template="Heavy">

              </SoundsDamage>
              <Steam Origin="(-0.3; 1.65; 0)">

              </Steam>
      </TruckData>
      <ModelAttachments>
                <HeadLight>
                      <Model _template="HeadLightRay" Org="(3.38; 1.583; -0.69)" ParentFrame="BoneFront_cdt">

                      </Model>
                      <Model _template="HeadLightRay" Org="(3.38; 1.583; 0.69)" ParentFrame="BoneFront_cdt">

                      </Model>
                        <Flare Pos="(3.38; 1.583; -0.69)" _template="HeadLight" ParentFrame="BoneFront_cdt">

                        </Flare>
                        <Flare Pos="(3.38; 1.583; 0.69)" _template="HeadLight" ParentFrame="BoneFront_cdt">

                        </Flare>
                        <Flare Pos="(3.4; 1.583; -0.69)" _template="BlueStreak" ParentFrame="BoneFront_cdt">

                        </Flare>
                        <Flare Pos="(3.4; 1.583; 0.69)" _template="BlueStreak" ParentFrame="BoneFront_cdt">

                        </Flare>
                </HeadLight>
                <Ignition>
                        <Flare Pos="(3.38; 1.583; -0.69)" _template="IgnitionSignalWhite" ParentFrame="BoneFront_cdt">

                        </Flare>
                        <Flare Pos="(3.38; 1.583; 0.69)" _template="IgnitionSignalWhite" ParentFrame="BoneFront_cdt">

                        </Flare>
                </Ignition>
                <ReverseSignals>
                        <Light Pos="(-0.5; 0.7; 0)" _template="ReverseSignal" ParentFrame="BoneBack_cdt">

                        </Light>
                            <Flare ParentFrame="BoneFront_cdt" Pos="(-0.078; 3.03; -0.993)" Size="0.4" _template="ReverseSignal">

                            </Flare>
                            <Flare ParentFrame="BoneFront_cdt" Pos="(-0.078; 3.03; 0.993)" Size="0.4" _template="ReverseSignal">

                            </Flare>
                </ReverseSignals>
      </ModelAttachments>
      <HeadLight Pos="(3.6; 1.2; 0)" _template="Default" ParentFrame="BoneFront_cdt">

      </HeadLight>
      <GameData Price="126100" Country="RU,CAS" UnlockByExploration="true" UnlockByRank="1">
                      <CraneSocket Pos="(3.396; 1.162; -0.707)" ParentFrame="BoneFront_cdt">

                      </CraneSocket>
                      <CraneSocket Pos="(3.396; 1.162; 0.707)" ParentFrame="BoneFront_cdt">

                      </CraneSocket>
                      <CraneSocket Pos="(-0.039; 1.65; -0.55)" ParentFrame="BoneFront_cdt">

                      </CraneSocket>
                      <CraneSocket Pos="(-0.039; 1.65; 0.55)" ParentFrame="BoneFront_cdt">

                      </CraneSocket>
                      <CraneSocket Pos="(-2.370; 1.015; -0.498)" ParentFrame="BoneBack_cdt">

                      </CraneSocket>
                      <CraneSocket Pos="(-2.370; 1.015; 0.498)" ParentFrame="BoneBack_cdt">

                      </CraneSocket>
                    <UiDesc UiIcon30x30="heavyVehicleImg30" UiName="UI_VEHICLE_KIROVETS_K700_NAME" UiIcon328x458="shopImgKirovets_k700" UiIconLogo="KirovetsLogo80" UiDesc="UI_VEHICLE_KIROVETS_K700_DESC" UiIcon40x40="heavyVehicleImg">

                    </UiDesc>
                          <AddonSockets DefaultAddon="kirovets_k700_coupler" RequiredAddonIfNoConflicts="kirovets_k700_coupler">
                              <Socket ParentFrame="BoneBack_cdt" Names="KirovetsK700Kung">

                              </Socket>
                              <Socket ParentFrame="BoneBack_cdt" Offset="(0; 0; 0)" Names="K700Coupler">

                              </Socket>
                              <Socket ParentFrame="BoneBack_cdt" Names="KirovetsK700Manipulator">

                              </Socket>
                          </AddonSockets>
                          <AddonSockets DefaultAddon="kirovets_k700_fender">
                            <Socket ParentFrame="BoneBack_cdt" NamesBlock="KirovetsK700Manipulator" Names="KirovetsK700Fender">

                            </Socket>
                          </AddonSockets>
                          <AddonSockets>
                              <Socket ParentFrame="BoneBack_cdt" Offset="(-3.578; 1.033; 0)" Names="TrailerFarm">

                              </Socket>
                              <Socket Offset="(-3.578; 1.033; 0)" ParentFrame="BoneBack_cdt" NamesBlock="KirovetsK700Manipulator" Names="Trailer">
                                <AddonsShift Offset="(-1.035; 0.168; 0)" Types="KirovetsK700Kung">

                                </AddonsShift>
                              </Socket>
                          </AddonSockets>
                          <AddonSockets>
                            <Socket ParentFrame="BoneFront_cdt" Names="KirovetsK700Sticker_1x1_01" InCockpit="true">

                            </Socket>
                          </AddonSockets>
                          <AddonSockets>
                            <Socket ParentFrame="BoneFront_cdt" Names="KirovetsK700Sticker_1x1_02" InCockpit="true">

                            </Socket>
                          </AddonSockets>
                          <AddonSockets>
                            <Socket ParentFrame="BoneFront_cdt" Names="KirovetsK700Sticker_1x1_03" InCockpit="true">

                            </Socket>
                          </AddonSockets>
                          <AddonSockets>
                            <Socket ParentFrame="BoneFront_cdt" Names="KirovetsK700Sticker_1x2_01" InCockpit="true">

                            </Socket>
                          </AddonSockets>
                          <AddonSockets>
                            <Socket ParentFrame="BoneFront_cdt" Names="KirovetsK700Sticker_1x2_02" InCockpit="true">

                            </Socket>
                          </AddonSockets>
                          <AddonSockets>
                            <Socket ParentFrame="BoneFront_cdt" Names="KirovetsK700Sticker_1x4_01" InCockpit="true">

                            </Socket>
                          </AddonSockets>
                          <AddonSockets>
                            <Socket Offset="(1.236; 2.473; 0.381)" ParentFrame="BoneFront_cdt" Names="StuffDashboard" InCockpit="true">

                            </Socket>
                          </AddonSockets>
                          <AddonSockets>
                            <Socket Offset="(1.2; 3; 0)" ParentFrame="BoneFront_cdt" Names="StuffAirfreshener" InCockpit="true">

                            </Socket>
                          </AddonSockets>
                          <AddonSockets>
                            <Socket ParentFrame="BoneFront_cdt" Names="KirovetsK700Sticker_Capote" InCockpit="true">

                            </Socket>
                          </AddonSockets>
                          <AddonSockets>
                            <Socket ParentFrame="BoneFront_cdt" Names="KirovetsK700Sticker_Door_L" InCockpit="true">

                            </Socket>
                          </AddonSockets>
                          <AddonSockets>
                            <Socket ParentFrame="BoneFront_cdt" Names="KirovetsK700Sticker_Door_R" InCockpit="true">

                            </Socket>
                          </AddonSockets>
                          <AddonSockets>
                            <Socket ParentFrame="BoneFront_cdt" Names="KirovetsK700Sticker_GlassTop" InCockpit="true">

                            </Socket>
                          </AddonSockets>
                          <AddonSockets>
                            <Socket ParentFrame="BoneFront_cdt" Names="KirovetsK700Sticker_GlassBottom" InCockpit="true">

                            </Socket>
                          </AddonSockets>
                    <CustomizationCameras>
                                <CameraPos Interior="true" Position="(7.639; 8.289; -0.694)" Name="roof_sticker" InterestPosition="(3.212; 3.213; -0.647)" FOV="32.0">

                                </CameraPos>
                                <CameraPos MaxZoom="2" MaxYRotation="360" Position="(-7.271; 3.91; 6.234)" MaxXRotation="360" Name="addon_1" InterestPosition="(2.514; 1.31; -0.551)" FOV="32.0">

                                </CameraPos>
                                <CameraPos MaxZoom="2" MaxYRotation="360" Position="(10.793; 4.409; -3.424)" MaxXRotation="360" Name="addon_2" InterestPosition="(5.759; 2.49; 0)" FOV="32.0">

                                </CameraPos>
                                <CameraPos Interior="true" Position="(3.631; 3.057; -0.267)" Name="mirror_mount" InterestPosition="(6.388; 2.379; 1.159)" FOV="32.0">

                                </CameraPos>
                                <CameraPos MaxZoom="2" MaxYRotation="360" Position="(6.861; 5.817; -6.504)" MaxXRotation="360" Name="side_r" InterestPosition="(4.494; 3.503; -0)" FOV="32.0">

                                </CameraPos>
                                <CameraPos Interior="true" Position="(4.384; 2.942; 0)" Name="sticker" InterestPosition="(6.961; 0.994; 0.703)" FOV="32.0">

                                </CameraPos>
                                <CameraPos Interior="true" Position="(10.575; 3.974; 0.816)" Name="glass_sticker" InterestPosition="(6.321; 2.828; -0.786)" FOV="32.0">

                                </CameraPos>
                                <CameraPos Interior="true" Position="(4.617; 2.581; 2.916)" Name="door_r_sticker" InterestPosition="(5.745; 1.723; 0)" FOV="32.0">

                                </CameraPos>
                                <CameraPos MaxZoom="2" MaxYRotation="360" Position="(11.064; 5.516; -4.015)" MaxXRotation="360" Name="roof" InterestPosition="(5.118; 3.503; 0)" FOV="32.0">

                                </CameraPos>
                                <CameraPos Interior="true" Position="(8.674; 5.508; 0)" Name="capote_sticker" InterestPosition="(6.172; 1.809; -0.834)" FOV="32.0">

                                </CameraPos>
                                <CameraPos MaxZoom="2" MaxYRotation="360" Position="(13.951; 1.253; -5.017)" MaxXRotation="360" Name="hoods" InterestPosition="(5.451; 1.818; 0)" FOV="32.0">

                                </CameraPos>
                                <CameraPos MaxZoom="2" MaxYRotation="360" Position="(5.841; 5.84; 6.957)" MaxXRotation="360" Name="side_l" InterestPosition="(4.494; 3.503; 0)" FOV="32.0">

                                </CameraPos>
                                <CameraPos Interior="true" Position="(4.462; 2.763; -0.286)" Name="bubble_head" InterestPosition="(6.924; 1.845; 0.356)" FOV="32.0">

                                </CameraPos>
                                <CameraPos MaxZoom="2" MaxYRotation="360" Position="(7.632; 1.697; -6.129)" MaxXRotation="360" Name="wheels" InterestPosition="(3.874; 0.602; -0)" FOV="32.0">

                                </CameraPos>
                                <CameraPos MaxZoom="2" MaxYRotation="360" Position="(13.951; 1.253; -5.017)" MaxXRotation="360" Name="default" InterestPosition="(5.451; 1.818; 0)" FOV="32.0">

                                </CameraPos>
                                <CameraPos MaxZoom="2" MaxYRotation="360" Position="(-3.789; 2.434; 3.957)" MaxXRotation="360" Name="rear" InterestPosition="(2.457; 1.622; -1.058)" FOV="32.0">

                                </CameraPos>
                                <CameraPos Interior="true" Position="(5.584; 2.581; -2.916)" Name="door_l_sticker" InterestPosition="(3.082; 1.723; 0)" FOV="32.0">

                                </CameraPos>
                    </CustomizationCameras>
                              <WinchSocket Pos="(3.396; 1.162; -0.707)" ParentFrame="BoneFront_cdt">

                              </WinchSocket>
                              <WinchSocket Pos="(3.396; 1.162; 0.707)" ParentFrame="BoneFront_cdt">

                              </WinchSocket>
                              <WinchSocket Pos="(-0.039; 1.65; -0.55)" ParentFrame="BoneFront_cdt">

                              </WinchSocket>
                              <WinchSocket Pos="(-0.039; 1.65; 0.55)" ParentFrame="BoneFront_cdt">

                              </WinchSocket>
                              <WinchSocket Pos="(-2.370; 1.015; -0.498)" ParentFrame="BoneBack_cdt">

                              </WinchSocket>
                              <WinchSocket Pos="(-2.370; 1.015; 0.498)" ParentFrame="BoneBack_cdt">

                              </WinchSocket>
      </GameData>
      <Landmark MaxScale="2.8" MinScale="1.8" Mesh="landmarks/kirovets_k700_lmk">

      </Landmark>
      <Rotator Frame="BoneRotatorFan" RotationSpeed="12">

      </Rotator>
      <Snorkel ParentFrame="BoneFront_cdt" Origin="(1.452; 3.078; 0)">

      </Snorkel>
      <AutomaticIK>
                              <IKBone ModelFrame="BoneBackPistonLBase" ParentFrame="BoneFront_cdt">
                                <IKJoint AxisLocal="(0; 0; 1)" Type="Hinge">

                                </IKJoint>
                                <IKBone AttachOffset="(0; 0; 0)" ModelFrame="BoneBackPistonL" AttachToFrame="BoneSteering_cdt">
                                      <IKJoint AxisLocal="(1; 0; 0)" Type="Slider">

                                      </IKJoint>
                                </IKBone>
                              </IKBone>
                              <IKBone ModelFrame="BoneBackPistonRBase" ParentFrame="BoneFront_cdt">
                                <IKJoint AxisLocal="(0; 0; 1)" Type="Hinge">

                                </IKJoint>
                                <IKBone AttachOffset="(0; 0; 0)" ModelFrame="BoneBackPistonR" AttachToFrame="BoneSteering_cdt">
                                      <IKJoint AxisLocal="(1; 0; 0)" Type="Slider">

                                      </IKJoint>
                                </IKBone>
                              </IKBone>
      </AutomaticIK>
  </Truck>
  <_templates Include="trucks">
        <Wheel>
            <FrontWheel Location="front" ParentFrame="BoneFront_cdt" Torque="default" ConnectedToHandbrake="true">

            </FrontWheel>
            <RearWheel Location="rear" ParentFrame="BoneBack_cdt" Torque="default" ConnectedToHandbrake="true">

            </RearWheel>
        </Wheel>
        <Body>
              <Sunshield Mass="5" Collisions="None">
                  <Constraint AxisLocal="(0; 0; 1)" MaxLimit="10" MinLimit="-5" Type="Hinge">
                      <Motor Type="Spring" Spring="20" Damping="0.7">

                      </Motor>
                  </Constraint>
              </Sunshield>
        </Body>
  </_templates>