  <Truck>
      <ControlledConstraints>
          <Constraint Name="TieRodSteer" IsLinkedSteering="true" Id="chassis_steer">

          </Constraint>
      </ControlledConstraints>
      <PhysicsModel Mesh="trucks/western_star_nf1424">
            <NetSync Legacy="false">

            </NetSync>
            <Body ImpactType="Truck" Mass="3000" NetSync="pv" CenterOfMassOffset="(-0.9; 0; 0)">
                    <Body ModelFrame="BoneCabin_cdt" ImpactType="Truck" Mass="2150" NetSync="pv" CenterOfMassOffset="(1.5; 0.4; 0)">
                      <Constraint AxisLocal="(1; 0; 0)" MaxLimit="5" MinLimit="-5" Type="Hinge">
                          <Motor Type="Spring" Spring="600000" Damping="30000">

                          </Motor>
                      </Constraint>
                          <Body ModelFrame="BoneCabinDamper_cdt" ImpactType="Truck" Mass="2150" CenterOfMassOffset="(-1; 0; 0)">
                            <Constraint AxisLocal="(1; 0; 0)" MaxLimit="5" MinLimit="-5" Type="Hinge">
                                <Motor Type="Spring" Spring="225000" Damping="55000">

                                </Motor>
                            </Constraint>
                                <Body ModelFrame="BoneMirrorL_cdt" _template="Mirror">

                                </Body>
                                <Body ModelFrame="BoneMirrorR_cdt" _template="Mirror">

                                </Body>
                                <Body ModelFrame="BoneSunshieldL_cdt" _template="Sunshield">

                                </Body>
                                <Body ModelFrame="BoneSunshieldR_cdt" _template="Sunshield">

                                </Body>
                          </Body>
                          <Body ModelFrame="BoneTieRod1_cdt" _template="TieRod">
                            <Constraint AxisLocal="(0; 0; 1)" MaxLimit="30" Name="TieRodSteer" MinLimit="-30">

                            </Constraint>
                          </Body>
                    </Body>
                    <Body ModelFrame="BoneMudguardL_cdt" _template="Mudguard">
                      <Constraint AxisLocal="(0; 0; 1)" MaxLimit="20" MinLimit="-40">

                      </Constraint>
                    </Body>
                    <Body ModelFrame="BoneMudguardR_cdt" _template="Mudguard">
                      <Constraint AxisLocal="(0; 0; 1)" MaxLimit="20" MinLimit="-40">

                      </Constraint>
                    </Body>
            </Body>
      </PhysicsModel>
      <TruckData BackSteerSpeed="0.025" DiffLockType="Uninstalled" EngineIconScale="1.4" TruckType="HEAVY" FuelCapacity="290" EngineStartDelay="3.2" SteerSpeed="0.02" ExhaustStartTime="2.8" Responsiveness="0.3" TruckImage="ws1424mchr" EngineIconMesh="env/engine_default">
              <Steam ParentFrame="BoneCabin_cdt" Origin="(5.014; 1.085; 0)">

              </Steam>
              <Intake Size="0.8" Dir="(1; 0; 0)" Origin="(6.979; 1.413; 0)">

              </Intake>
              <GearboxSocket Default="g_truck_default" Type="gearboxes_trucks">

              </GearboxSocket>
              <Wheels DefaultRim="rim_2" DefaultWheelType="wheels_medium_double" DefaultTire="highway_1">
                          <Wheel Pos="(5.844; 0.577; 1.005)" _template="FrontWheel">

                          </Wheel>
                          <Wheel Pos="(5.844; 0.577; 0.994)" _template="FrontWheel" RightSide="true">

                          </Wheel>
                          <Wheel Pos="(1.115; 0.596; 0.852)" _template="RearWheel">

                          </Wheel>
                          <Wheel Pos="(1.115; 0.596; 0.852)" _template="RearWheel" RightSide="true">

                          </Wheel>
                          <Wheel Pos="(-0.185; 0.596; 0.852)" _template="RearWheel">

                          </Wheel>
                          <Wheel Pos="(-0.185; 0.596; 0.852)" _template="RearWheel" RightSide="true">

                          </Wheel>
              </Wheels>
              <WinchUpgradeSocket Default="w_heavy_trucks_default" Type="winches_heavy_trucks" IsUpgradable="true">

              </WinchUpgradeSocket>
              <SteeringWheel Frame="BoneSteering">

              </SteeringWheel>
              <Damage>
                                <DamageArea Max="(6.942; 1.818; 1.133)" ParentFrame="BoneCabinDamper_cdt" Min="(5.773; 0.988; -1.133)" Type="Engine">

                                </DamageArea>
                                <DamageArea Max="(3.88; 1.041; -0.486)" ParentFrame="BoneCabin_cdt" Min="(2.653; 0.401; -1.124)" Type="FuelTank">

                                </DamageArea>
                                <DamageArea Max="(3.621; 1.041; 1.125)" ParentFrame="BoneCabin_cdt" Min="(2.394; 0.401; 0.488)" Type="FuelTank">

                                </DamageArea>
              </Damage>
                              <LimitedFluid RadiusY="0.317" Center="(3.007; 0.721; 0.807)" RadiusZ="0.317" LengthX="1.126" Type="Cylinder">

                              </LimitedFluid>
                              <LimitedFluid RadiusY="0.317" Center="(3.266; 0.721; -0.805)" RadiusZ="0.317" LengthX="1.126" Type="Cylinder">

                              </LimitedFluid>
              <EngineSocket Default="us_truck_modern_engine_0" Type="e_us_truck_modern, e_us_truck_modern_ws_49x">

              </EngineSocket>
              <SoundsDamage _template="Heavy">

              </SoundsDamage>
              <Camera Center="(1.4; 0; 0)" ParentFrame="BoneCabin_cdt">
                                      <Cockpit WindshieldShadingTexture="trucks/westernstar_nf1424_glass__sh_d.tga" WindshieldDiffuseTexture="trucks/westernstar_nf1424_glass__d_a.tga" ViewPos="(4.752; 2.518; 0.595)" _template="Default">
                                            <Mirror Pos="(5.353; 2.402; 1.396)" MeshFrame="mirror_left" FOVScale="2" Size="(0.2; 0.32)" ReflectionDir="(-0.912; -0.015; -0.411)" ClipDir="(-0.912; -0.015; -0.411)" ClipOffset="0.25">
                                              <SecondaryView Pos="(5.333; 2.168; 1.386)" MeshFrame="mirror_left_convex" FOVScale="1.6" Size="(0.2; 0.13)" CurveAngle="20" ClipDir="(-0.972; -0.018; -0.235)" ClipOffset="0.1">

                                              </SecondaryView>
                                            </Mirror>
                                            <Mirror Pos="(5.306; 2.394; -1.415)" MeshFrame="mirror_right" FOVScale="2.4" Size="(0.2; 0.32)" ReflectionDir="(-0.801; -0.005; 0.599)" ClipDir="(-0.801; -0.005; 0.599)" ClipOffset="0.1">
                                              <SecondaryView Pos="(5.291; 2.163; -1.396)" MeshFrame="mirror_right_convex" FOVScale="2" Size="(0.2; 0.13)" CurveAngle="20" ClipDir="(-0.791; -0.062; 0.609)" ClipOffset="0.1">

                                              </SecondaryView>
                                            </Mirror>
                                            <Mirror ClipDir="(-0.136; -0.822; 0.553)" MeshFrame="mirror_additional" Size="(0.29; 0.18)" ClipOffset="0.1" FOVScale="2.5" Pos="(4.773; 2.622; -1.188)" ReflectionDir="(-0.136; -0.822; 0.553)" CurveAngle="10">

                                            </Mirror>
                                      </Cockpit>
              </Camera>
              <Shafts>
                                          <Shaft SocketPointA="Shaft1a" SocketPointB="Shaft1b">

                                          </Shaft>
                                          <Shaft SocketPointA="Shaft2a" SocketPointB="Shaft2b">

                                          </Shaft>
                                          <Shaft SocketPointA="Shaft3a" SocketPointB="Shaft3b">

                                          </Shaft>
                                          <Shaft SocketPointA="Shaft4a" SocketPointB="Shaft4b">

                                          </Shaft>
              </Shafts>
              <FuelTank DamageCapacity="100">

              </FuelTank>
              <SoundsWheels _template="Default">

              </SoundsWheels>
              <SuspensionSocket Default="western_star_nf1424_suspension_default" MaxWheelRadiusWithoutSuspension="0.4" Type="s_western_star_nf1424">

              </SuspensionSocket>
              <Axles>
                                                  <Axle Frame="BoneAxle1">

                                                  </Axle>
                                                  <Axle Frame="BoneAxle2">

                                                  </Axle>
                                                  <Axle Frame="BoneAxle3">

                                                  </Axle>
              </Axles>
                                                <CompatibleWheels Scale="0.56" RearOffsetZ="0.07" Type="wheels_medium_double">

                                                </CompatibleWheels>
                                                <CompatibleWheels Scale="0.61" RearOffsetZ="0.07" Type="wheels_medium_double">

                                                </CompatibleWheels>
              <Sounds _template="Default" DisableReversePitch="true" Origin="(5.822; 1.498; 0)" MinDist="15.0">
                                                    <BrakePull Sound="trucks/western_star_nf1424/western_star_nf1424_brake_pull">

                                                    </BrakePull>
                                                    <EngineHigh Sound="trucks/western_star_nf1424/western_star_nf1424_high">

                                                    </EngineHigh>
                                                    <AbruptStop Sound="trucks/common/truck_swing_big_rnd_set/truck_swing_big_rnd">

                                                    </AbruptStop>
                                                    <HandbrakeOff Sound="trucks/western_star_nf1424/western_star_nf1424_handbrake_off">

                                                    </HandbrakeOff>
                                                    <BrakesSqueal Sound="trucks/western_star_nf1424/western_star_nf1424_brakes_squeal">

                                                    </BrakesSqueal>
                                                    <EngineTrans Sound="trucks/common/truck_trans_forward_loop">

                                                    </EngineTrans>
                                                    <EngineHeavy_2d IsSound2D="true" Sound="trucks/western_star_nf1424/western_star_nf1424_heavy_2d">

                                                    </EngineHeavy_2d>
                                                    <Reverse Sound="trucks/western_star_nf1424/western_star_nf1424_back_beeper">

                                                    </Reverse>
                                                    <EngineHeavy Sound="trucks/western_star_nf1424/western_star_nf1424_heavy">

                                                    </EngineHeavy>
                                                    <BrakeRelease Sound="trucks/western_star_nf1424/western_star_nf1424_brake_release">

                                                    </BrakeRelease>
                                                    <EngineLow_2d IsSound2D="true" Sound="trucks/western_star_nf1424/western_star_nf1424_low_2d">

                                                    </EngineLow_2d>
                                                    <EngineHigh_2d IsSound2D="true" Sound="trucks/western_star_nf1424/western_star_nf1424_high_2d">

                                                    </EngineHigh_2d>
                                                    <EngineLow Sound="trucks/western_star_nf1424/western_star_nf1424_low">

                                                    </EngineLow>
                                                    <EngineIdle_2d IsSound2D="true" Sound="trucks/western_star_nf1424/western_star_nf1424_idle_2d">

                                                    </EngineIdle_2d>
                                                    <EngineStop Sound="trucks/western_star_nf1424/western_star_nf1424_stop">

                                                    </EngineStop>
                                                    <EngineIdle Sound="trucks/western_star_nf1424/western_star_nf1424_idle">

                                                    </EngineIdle>
                                                    <EngineRev Sound="trucks/western_star_nf1424/western_star_nf1424_rev">

                                                    </EngineRev>
                                                    <Honk Sound="trucks/western_star_nf1424/western_star_nf1424_honk">

                                                    </Honk>
                                                    <EngineStart Sound="trucks/western_star_nf1424/western_star_nf1424_start">

                                                    </EngineStart>
                                                    <EngineAccel Sound="trucks/western_star_nf1424/western_star_nf1424_acc">

                                                    </EngineAccel>
                                                    <Handbrake Sound="trucks/western_star_nf1424/western_star_nf1424_handbrake_on">

                                                    </Handbrake>
              </Sounds>
              <Driver Pos="(4.761; 1.824; 0.595)" SteeringWheelPos="(5.188; 2.172; 0.588)">

              </Driver>
              <Dashboard>
                                                          <Gauge Mesh="trucks/arrows/western_star_nf1424_arrow_01" Org="(5.575; 2.066; 0.706)" OutputAngles="(-92; 98)" InputType="rpm" Dir="(-0.889; 0.457; -0.006)" InputRange="(0;1)" Damping="0.99">

                                                          </Gauge>
                                                          <Gauge Org="(5.574; 2.066; 0.499)" OutputAngles="(-88; 106)" Mesh="trucks/arrows/western_star_nf1424_arrow_01" InputRange="(0;140)" Dir="(-0.889; 0.458; -0.005)" InputType="speed">

                                                          </Gauge>
                                                          <Gauge Mesh="trucks/arrows/western_star_nf1424_arrow_02" Org="(5.552; 2.026; 0.737)" OutputAngles="(-102; 11)" InputType="engineEnabled" Dir="(-0.888; 0.46; -0.004)" InputRange="(0;1)" Damping="0.99">

                                                          </Gauge>
                                                          <Gauge Mesh="trucks/arrows/western_star_nf1424_arrow_02" Org="(5.556; 2.034; 0.68)" OutputAngles="(-103; 112)" InputType="fuel" Dir="(-0.888; 0.46; -0.004)" InputRange="(0;1)" Damping="0.99">

                                                          </Gauge>
                                                          <Gauge Mesh="trucks/arrows/western_star_nf1424_arrow_02" Org="(5.556; 2.034; 0.525)" OutputAngles="(-104; 19)" InputType="engineEnabled" Dir="(-0.889; 0.458; -0.006)" InputRange="(0;1)" Damping="0.99">

                                                          </Gauge>
                                                          <Gauge Mesh="trucks/arrows/western_star_nf1424_arrow_02" Org="(5.553; 2.026; 0.468)" OutputAngles="(-105; -33)" InputType="engineEnabled" Dir="(-0.889; 0.458; -0.006)" InputRange="(0;1)" Damping="0.99">

                                                          </Gauge>
                                                          <Gauge Mesh="trucks/arrows/western_star_nf1424_arrow_03" Org="(5.555; 2.034; 0.524)" OutputAngles="(-105; 58)" InputType="engineEnabled" Dir="(-0.889; 0.458; -0.006)" InputRange="(0;1)" Damping="0.99">

                                                          </Gauge>
              </Dashboard>
              <SteeringRack FrameSteerRight="BoneRackR" Frame="BoneRack" FrameSteerLeft="BoneRackL" RackHalfSizeZ="0.875">

              </SteeringRack>
              <OcclusionMap HalfSizeZ="2" Texture="trucks/occlusion/chassis_small__s_d_a.tga" MaxX="8.2" MinX="-2.3">

              </OcclusionMap>
      </TruckData>
      <ModelAttachments>
                <StopSignals>
                    <Light Pos="(-1.023; 0.61; 0)" _template="StopSignal">

                    </Light>
                        <Flare Size="0.3" _template="StopSignal" Pos="(-0.965; 0.7; 0.261)">

                        </Flare>
                        <Flare Size="0.3" _template="StopSignal" Pos="(-0.965; 0.7; -0.261)">

                        </Flare>
                </StopSignals>
                <Ignition>
                        <Light ParentFrame="BoneCabinDamper_cdt" Pos="(7.4; 1.170; -1.106)" Color="g(255; 235; 215) x 1.0" _template="IgnitionSignalWhite">

                        </Light>
                        <Light ParentFrame="BoneCabinDamper_cdt" Pos="(7.4; 1.170; 1.106)" Color="g(255; 235; 215) x 1.0" _template="IgnitionSignalWhite">

                        </Light>
                        <Light Pos="(-1; 0.643; 0)" _template="IgnitionSignalRed" Color="g(255; 10; 10) x 0.5">

                        </Light>
                          <Flare _template="IgnitionSignalOrange" Pos="(6.66; 1.247; 1.064)" ParentFrame="BoneCabinDamper_cdt" Size="0.2" Dir="(1; 0; 0.8)" Color="g(255; 140; 0) x 0.5" AspectRatio="4">

                          </Flare>
                          <Flare _template="IgnitionSignalOrange" Pos="(6.66; 1.247; -1.064)" ParentFrame="BoneCabinDamper_cdt" Size="0.2" Dir="(1; 0; -0.8)" Color="g(255; 140; 0) x 0.5" AspectRatio="4">

                          </Flare>
                          <Flare _template="IgnitionSignalOrange" Pos="(6.13; 1.724; 1.050)" ParentFrame="BoneCabinDamper_cdt" Size="0.5" Dir="(1; 0; 0)" Color="g(255; 140; 0) x 0.5" AspectRatio="0.5">

                          </Flare>
                          <Flare _template="IgnitionSignalOrange" Pos="(6.13; 1.724; -1.050)" ParentFrame="BoneCabinDamper_cdt" Size="0.5" Dir="(1; 0; 0)" Color="g(255; 140; 0) x 0.5" AspectRatio="0.5">

                          </Flare>
                          <Flare _template="IgnitionSignalOrange" Pos="(6.312; 1.829; -0.971)" ParentFrame="BoneCabin_cdt" Size="0.3" Dir="(0.589; 0; -0.808)" Color="g(255; 140; 0) x 0.2" AspectRatio="3">

                          </Flare>
                          <Flare _template="IgnitionSignalOrange" Pos="(6.312; 1.829; 0.971)" ParentFrame="BoneCabin_cdt" Size="0.3" Dir="(0.589; 0; 0.808)" Color="g(255; 140; 0) x 0.2" AspectRatio="3">

                          </Flare>
                          <Flare _template="IgnitionSignalOrange" Pos="(6.312; 1.641 -0.971)" ParentFrame="BoneCabin_cdt" Size="0.3" Dir="(0.589; 0; -0.808)" Color="g(255; 140; 0) x 0.2" AspectRatio="3">

                          </Flare>
                          <Flare _template="IgnitionSignalOrange" Pos="(6.312; 1.641; 0.971)" ParentFrame="BoneCabin_cdt" Size="0.3" Dir="(0.589; 0; 0.808)" Color="g(255; 140; 0) x 0.2" AspectRatio="3">

                          </Flare>
                          <Flare Pos="(-0.965; 0.7; 0.261)" Dir="(-1; 0; 0)" _template="IgnitionSignalRed" AspectRatio="2">

                          </Flare>
                          <Flare Pos="(-0.965; 0.7; -0.261)" Dir="(-1; 0; 0)" _template="IgnitionSignalRed" AspectRatio="2">

                          </Flare>
                          <Flare ParentFrame="BoneCabinDamper_cdt" Size="0.4" Pos="(6.56; 1.170; -1.106)" Color="g(255; 235; 215) x 0.2" _template="IgnitionSignalWhite">

                          </Flare>
                          <Flare ParentFrame="BoneCabinDamper_cdt" Size="0.4" Pos="(6.56; 1.170; 1.106)" Color="g(255; 235; 215) x 0.2" _template="IgnitionSignalWhite">

                          </Flare>
                          <Flare ParentFrame="BoneCabinDamper_cdt" Size="0.4" Pos="(6.699; 1.170; -0.944)" Color="g(255; 235; 215) x 0.2" _template="IgnitionSignalWhite">

                          </Flare>
                          <Flare ParentFrame="BoneCabinDamper_cdt" Size="0.4" Pos="(6.699; 1.170; 0.944)" Color="g(255; 235; 215) x 0.2" _template="IgnitionSignalWhite">

                          </Flare>
                </Ignition>
                <HeadLight>
                          <Model _template="HeadLightRay" Org="(6.56; 1.170; -1.106)" ParentFrame="BoneCabinDamper_cdt">

                          </Model>
                          <Model _template="HeadLightRay" Org="(6.56; 1.170; 1.106)" ParentFrame="BoneCabinDamper_cdt">

                          </Model>
                            <Flare ParentFrame="BoneCabinDamper_cdt" Size="0.2" Pos="(6.56; 1.170; -1.106)" Color="g(255; 235; 215) x 1" _template="HeadLight">

                            </Flare>
                            <Flare ParentFrame="BoneCabinDamper_cdt" Size="0.2" Pos="(6.56; 1.170; 1.106)" Color="g(255; 235; 215) x 1" _template="HeadLight">

                            </Flare>
                            <Flare ParentFrame="BoneCabinDamper_cdt" Size="0.1" Pos="(6.699; 1.170; -0.944)" Color="g(255; 235; 215) x 1" _template="HeadLight">

                            </Flare>
                            <Flare ParentFrame="BoneCabinDamper_cdt" Size="0.1" Pos="(6.699; 1.170; 0.944)" Color="g(255; 235; 215) x 1" _template="HeadLight">

                            </Flare>
                            <Flare Pos="(6.56; 1.170; -1.106)" ParentFrame="BoneCabinDamper_cdt" Size="0.8" Dir="(1; 0; 0)" Color="g(220; 220; 255) x 0.1" _template="BlueStreak">

                            </Flare>
                            <Flare Pos="(6.56; 1.170; 1.106)" ParentFrame="BoneCabinDamper_cdt" Size="0.8" Dir="(1; 0; 0)" Color="g(220; 220; 255) x 0.1" _template="BlueStreak">

                            </Flare>
                </HeadLight>
                <ReverseSignals>
                          <Light Pos="(-0.827; 0.556; 0)" _template="ReverseSignal">

                          </Light>
                              <Flare Size="0.2" _template="ReverseSignal" Pos="(-0.977; 0.764; 0.261)">

                              </Flare>
                              <Flare Size="0.2" _template="ReverseSignal" Pos="(-0.977; 0.764; -0.261)">

                              </Flare>
                              <Flare Pos="(-0.977; 0.764; -0.26)" Size="0.3" Dir="(-1; 0; 0)" Color="g(220; 220; 255) x 0.1" _template="BlueStreak">

                              </Flare>
                </ReverseSignals>
      </ModelAttachments>
      <HeadLight Pos="(7.084; 1.180; 0)" _template="Default" ParentFrame="BoneCabinDamper_cdt">

      </HeadLight>
      <GameData Price="113500" Country="US" UnlockByExploration="false" UnlockByRank="1">
                      <CraneSocket Pos="(7.088; 0.844; 0)" ParentFrame="BoneCabin_cdt">

                      </CraneSocket>
                      <CraneSocket Pos="(7.011; 0.860; -0.598)" ParentFrame="BoneCabin_cdt">

                      </CraneSocket>
                      <CraneSocket Pos="(7.011; 0.860; 0.598)" ParentFrame="BoneCabin_cdt">

                      </CraneSocket>
                      <CraneSocket Pos="(2.169; 0.941; -0.426)">

                      </CraneSocket>
                      <CraneSocket Pos="(2.169; 0.941; 0.426)">

                      </CraneSocket>
                      <CraneSocket Pos="(-0.921; 0.883; -0.426)">

                      </CraneSocket>
                      <CraneSocket Pos="(-0.921; 0.883; 0.426)">

                      </CraneSocket>
                      <CraneSocket Pos="(-1.155; 0.847; 0)">

                      </CraneSocket>
                    <UiDesc UiIcon30x30="heavyVehicleImg30" UiName="UI_VEHICLE_WESTERN_STAR_NF1424_NAME" UiIcon328x458="shopImgWs1424" UiIconLogo="WesternStarLogo80" UiDesc="UI_VEHICLE_WESTERN_STAR_NF1424_DESC" UiIcon40x40="heavyVehicleImg">

                    </UiDesc>
                          <AddonSockets>
                              <Socket Offset="(1.08; 1.597; 0)" Names="LargeSemitrailer, LargeSemitrailerOiltank">

                              </Socket>
                              <Socket Offset="(0.715; 1.433; 0)" Names="Semitrailer, SemitrailerOiltank">

                              </Socket>
                              <Socket Offset="(-1.15; 0.838; 0)" Names="Trailer">
                                <AddonsShift Types="MinicraneUS, FrameAddon" Offset="(0; 0; 0)" TrailerNamesBlock="Trailer">

                                </AddonsShift>
                              </Socket>
                          </AddonSockets>
                          <AddonSockets DefaultAddon="western_star_nf1424_diff_lock_default">
                            <Socket Names="WesternStarNF1424DiffLock">

                            </Socket>
                          </AddonSockets>
                          <AddonSockets>
                              <Socket Offset="(-2.544; 1.068; 0)" Names="BunkLog">

                              </Socket>
                              <Socket Offset="(0.715; 1.077; 0)" Names="SaddleLow">

                              </Socket>
                              <Socket Offset="(1.08; 1.077; 0)" Names="SaddleHigh">
                                  <ExtraParent Frame="BoneChassis_cdt" Offset="(0; 0; 0.02)">

                                  </ExtraParent>
                                  <ExtraParent Frame="BoneChassis_cdt" Offset="(0; 0; -0.02)">

                                  </ExtraParent>
                              </Socket>
                              <Socket Offset="(0.3; 0.082; 0)" ParentFrame="BoneChassis_cdt" NamesBlock="Trailer" Names="FrameAddonMaintainer">

                              </Socket>
                              <Socket Offset="(0.9; 1.08; 0)" Names="FrameAddon">

                              </Socket>
                          </AddonSockets>
                          <AddonSockets DefaultAddon="western_star_nf1424_bumper_default">
                              <Socket ParentFrame="BoneCabin_cdt" Names="nf1424Bumper">

                              </Socket>
                              <Socket ParentFrame="BoneCabin_cdt" Names="nf1424Bumper2">
                                <ExtraParent Frame="BoneCabinDamper_cdt">

                                </ExtraParent>
                              </Socket>
                          </AddonSockets>
                          <AddonSockets DefaultAddon="western_star_nf1424_horns_default">
                            <Socket ParentFrame="BoneCabinDamper_cdt" Names="nf1424Horn">

                            </Socket>
                          </AddonSockets>
                          <AddonSockets DefaultAddon="western_star_nf1424_exhaust_default">
                            <Socket ParentFrame="BoneCabinDamper_cdt" Names="nf1424Exhaust">
                                <ExtraParent Frame="BoneCabin_cdt">

                                </ExtraParent>
                            </Socket>
                          </AddonSockets>
                          <AddonSockets DefaultAddon="western_star_nf1424_gabarite_default">
                            <Socket ParentFrame="BoneCabinDamper_cdt" Names="nf1424Gabarite">

                            </Socket>
                          </AddonSockets>
                          <AddonSockets>
                            <Socket ParentFrame="BoneCabinDamper_cdt" Names="nf1424Beacon">

                            </Socket>
                          </AddonSockets>
                          <AddonSockets>
                            <Socket ParentFrame="BoneCabinDamper_cdt" Names="nf1424AirConditioner">

                            </Socket>
                          </AddonSockets>
                          <AddonSockets>
                            <Socket ParentFrame="BoneCabinDamper_cdt" Names="nf1424Snorkel">

                            </Socket>
                          </AddonSockets>
                          <AddonSockets>
                            <Socket ParentFrame="BoneCabinDamper_cdt" NamesBlock="nf1424Bumper2" Names="nf1424Spotlight">

                            </Socket>
                          </AddonSockets>
                          <AddonSockets>
                            <Socket ParentFrame="BoneCabinDamper_cdt" Names="nf1424Visor">

                            </Socket>
                          </AddonSockets>
                          <AddonSockets>
                            <Socket ParentFrame="BoneCabinDamper_cdt" Names="nf1424Roofrack">

                            </Socket>
                          </AddonSockets>
                          <AddonSockets DefaultAddon="western_star_nf1424_transferbox_default">
                            <Socket ParentFrame="BoneChassis_cdt" Offset="(0; 0; 0)" Names="WSnf1424TransferBox">

                            </Socket>
                          </AddonSockets>
                          <AddonSockets>
                            <Socket ParentFrame="BoneCabinDamper_cdt" Names="westernStarNf1424Sticker_1x1_01" InCockpit="true">

                            </Socket>
                          </AddonSockets>
                          <AddonSockets>
                            <Socket ParentFrame="BoneCabinDamper_cdt" Names="westernStarNf1424Sticker_1x1_02" InCockpit="true">

                            </Socket>
                          </AddonSockets>
                          <AddonSockets>
                            <Socket ParentFrame="BoneCabinDamper_cdt" Names="westernStarNf1424Sticker_1x2_01" InCockpit="true">

                            </Socket>
                          </AddonSockets>
                          <AddonSockets>
                            <Socket ParentFrame="BoneCabinDamper_cdt" Names="westernStarNf1424Sticker_1x2_02" InCockpit="true">

                            </Socket>
                          </AddonSockets>
                          <AddonSockets>
                            <Socket ParentFrame="BoneCabinDamper_cdt" Names="westernStarNf1424Sticker_1x4_01" InCockpit="true">

                            </Socket>
                          </AddonSockets>
                          <AddonSockets>
                            <Socket ParentFrame="BoneCabinDamper_cdt" Names="westernStarNf1424Sticker_1x4_02" InCockpit="true">

                            </Socket>
                          </AddonSockets>
                          <AddonSockets>
                            <Socket ParentFrame="BoneCabinDamper_cdt" Names="westernStarNf1424Sticker_Door_R">

                            </Socket>
                          </AddonSockets>
                          <AddonSockets>
                            <Socket ParentFrame="BoneCabinDamper_cdt" Names="westernStarNf1424Sticker_Door_L">

                            </Socket>
                          </AddonSockets>
                          <AddonSockets>
                            <Socket ParentFrame="BoneCabinDamper_cdt" Names="westernStarNf1424Sticker_Roof">

                            </Socket>
                          </AddonSockets>
                          <AddonSockets>
                            <Socket ParentFrame="BoneCabinDamper_cdt" Names="westernStarNf1424Sticker_Capote">

                            </Socket>
                          </AddonSockets>
                          <AddonSockets>
                            <Socket ParentFrame="BoneCabinDamper_cdt" Names="westernStarNf1424Sticker_GlassBot">

                            </Socket>
                          </AddonSockets>
                          <AddonSockets>
                            <Socket Offset="(5.251; 2.713; 0)" ParentFrame="BoneCabinDamper_cdt" Names="StuffAirfreshener" InCockpit="true">

                            </Socket>
                          </AddonSockets>
                          <AddonSockets>
                            <Socket Offset="(5.455; 2.231; -0.159)" ParentFrame="BoneCabinDamper_cdt" Names="StuffDashboard" InCockpit="true">

                            </Socket>
                          </AddonSockets>
                          <AddonSockets>
                            <Socket ParentFrame="BoneCabinDamper_cdt" Names="StuffHoodNF1424">

                            </Socket>
                          </AddonSockets>
                          <AddonSockets>
                            <Socket ParentFrame="BoneCabinDamper_cdt" Names="StuffCurtainNF1424" InCockpit="true">

                            </Socket>
                          </AddonSockets>
                    <CustomizationCameras>
                                <CameraPos Position="(8.1671;5.8626;-0.8258)" InterestPosition="(2.6046;0.1992;-0.2077)" Name="roof_sticker" FOV="32.0">

                                </CameraPos>
                                <CameraPos Interior="true" Position="(4.5314;2.6541;-0.1067)" InterestPosition="(5.9013;2.4697;1.0819)" Name="sticker_1" FOV="32.0">

                                </CameraPos>
                                <CameraPos MaxZoom="2" MaxYRotation="360" Position="(-6.316;3.3053;-4.9618)" Name="addon_1" InterestPosition="(0.5466;1.8845;0.3445)" MaxXRotation="360" FOV="32.0">

                                </CameraPos>
                                <CameraPos MaxZoom="2" MaxYRotation="360" Position="(10.2762;3.817;4.3185)" Name="addon_2" InterestPosition="(4.5224;0.2354;-0.9034)" MaxXRotation="360" FOV="32.0">

                                </CameraPos>
                                <CameraPos Interior="true" Position="(4.4868;2.6778;0.0316)" InterestPosition="(8.2266;1.9061;1.0326)" Name="mirror_mount" FOV="32.0">

                                </CameraPos>
                                <CameraPos Interior="true" Position="(4.4868;2.6778;0.0316)" InterestPosition="(8.2266;1.9061;1.0326)" Name="curtain" FOV="32.0">

                                </CameraPos>
                                <CameraPos MaxZoom="2" MaxYRotation="360" Position="(-0.9184;3.1908;5.3884)" Name="side_r" InterestPosition="(6.1747;1.9965;-0.1672)" MaxXRotation="360" FOV="32.0">

                                </CameraPos>
                                <CameraPos MaxZoom="2" MaxYRotation="360" Position="(9.4264;2.5184;-1.3906)" Name="hood_ornament" InterestPosition="(6.7755;1.7628;-1.0293)" MaxXRotation="360" FOV="32.0">

                                </CameraPos>
                                <CameraPos Interior="true" Position="(4.9177;2.6401;-0.488)" InterestPosition="(5.0793;1.2141;1.2461)" Name="sticker" FOV="32.0">

                                </CameraPos>
                                <CameraPos Position="(10.5558;4.1465;1.2529)" InterestPosition="(6.0131;1.9068;-0.9389)" Name="glass_sticker" FOV="32.0">

                                </CameraPos>
                                <CameraPos MaxZoom="2" MaxYRotation="360" Position="(2.6318;2.5627;4.6067)" Name="door_r_sticker" InterestPosition="(7.1386;1.0165;0.4015)" MaxXRotation="360" FOV="32.0">

                                </CameraPos>
                                <CameraPos MaxZoom="2" MaxYRotation="360" Position="(11.5734;5.499;2.9506)" Name="roof" InterestPosition="(4.8075;1.7819;-0.5061)" MaxXRotation="360" FOV="32.0">

                                </CameraPos>
                                <CameraPos Position="(11.0771;4.3557;-1.4418)" InterestPosition="(3.9262;0.6606;-0.1333)" Name="capote_sticker" FOV="32.0">

                                </CameraPos>
                                <CameraPos MaxZoom="2" MaxYRotation="360" Position="(12.9344;2.3941;-2.4991)" Name="hoods" InterestPosition="(4.917;1.1805;0.0416)" MaxXRotation="360" FOV="32.0">

                                </CameraPos>
                                <CameraPos Interior="true" Position="(4.7823;2.4489;-0.2156)" InterestPosition="(5.8417;2.6435;1.9756)" Name="sticker_2" FOV="32.0">

                                </CameraPos>
                                <CameraPos MaxZoom="2" MaxYRotation="360" Position="(10.8325;2.844;-3.8938)" Name="side_l" InterestPosition="(5.352;1.5648;-0.6376)" MaxXRotation="360" FOV="32.0">

                                </CameraPos>
                                <CameraPos Interior="true" Position="(4.8637;2.6778;-0.3555)" InterestPosition="(8.2094;1.1294;2.4371)" Name="bubble_head" FOV="32.0">

                                </CameraPos>
                                <CameraPos MaxZoom="2" MaxYRotation="360" Position="(9.425;1.166;-3.8567)" Name="wheels" InterestPosition="(4.2563;0.1911;0.0743)" MaxXRotation="360" FOV="32.0">

                                </CameraPos>
                                <CameraPos MaxZoom="2" MaxYRotation="360" Position="(13.0777;2.6859;-3.2317)" Name="default" InterestPosition="(3.5757;0.9619;0.6485)" MaxXRotation="360" FOV="32.0">

                                </CameraPos>
                                <CameraPos MaxZoom="2" MaxYRotation="360" Position="(-2.7801;1.9549;2.0037)" Name="rear" InterestPosition="(4.0558;0.4434;0.0672)" MaxXRotation="360" FOV="32.0">

                                </CameraPos>
                                <CameraPos Position="(2.7108;2.5984;-4.668)" InterestPosition="(3.9846;1.6536;-1.3169)" Name="door_l_sticker" FOV="32.0">

                                </CameraPos>
                    </CustomizationCameras>
                              <WinchSocket Pos="(7.088; 0.844; 0)" ParentFrame="BoneCabin_cdt">

                              </WinchSocket>
                              <WinchSocket Pos="(7.011; 0.860; -0.598)" ParentFrame="BoneCabin_cdt">

                              </WinchSocket>
                              <WinchSocket Pos="(7.011; 0.860; 0.598)" ParentFrame="BoneCabin_cdt">

                              </WinchSocket>
                              <WinchSocket Pos="(2.169; 0.941; -0.426)">

                              </WinchSocket>
                              <WinchSocket Pos="(2.169; 0.941; 0.426)">

                              </WinchSocket>
                              <WinchSocket Pos="(-0.921; 0.883; -0.426)">

                              </WinchSocket>
                              <WinchSocket Pos="(-0.921; 0.883; 0.426)">

                              </WinchSocket>
                              <WinchSocket Pos="(-1.155; 0.847; 0)">

                              </WinchSocket>
      </GameData>
      <Landmark MaxScale="3.8" MinScale="1.8" Mesh="landmarks/western_star_nf1424_lmk">

      </Landmark>
      <Snorkel Origin="(3.854; 1.172; 0)">

      </Snorkel>
      <AutomaticIK>
                          <IKBone ModelFrame="BoneTieRod2" ParentFrame="BoneTieRod1_cdt">
                              <IKJoint AxisLocal="(1; 0; 0)" Type="Hinge2">

                              </IKJoint>
                              <IKBone AttachOffset="(0; 0; 0)" ModelFrame="BoneTieRod3" AttachToFrame="BoneRackL">
                                    <IKJoint AxisLocal="(1; 0; 0)" Type="Slider">

                                    </IKJoint>
                              </IKBone>
                          </IKBone>
      </AutomaticIK>
  </Truck>
  <_templates Include="trucks">
        <Wheel>
            <FrontWheel SteeringJointOffset="0.13" ParentFrame="BoneCabin_cdt" SteeringCastor="0" Torque="connectable" Location="front" SteeringAngle="36">

            </FrontWheel>
            <RearWheel Torque="default" Location="rear" ConnectedToHandbrake="true">

            </RearWheel>
        </Wheel>
        <Body>
              <Mirror Mass="10" Collisions="None">
                  <Constraint AxisLocal="(0; 1; 0)" MaxLimit="1" MinLimit="-1" Type="Hinge">
                      <Motor Type="Spring" Spring="300" Damping="10">

                      </Motor>
                  </Constraint>
              </Mirror>
              <Sunshield Mass="10" Collisions="None">
                    <Constraint AxisLocal="(0; 0; 1)" MaxLimit="3" MinLimit="-3" Type="Hinge">
                        <Motor Type="Spring" Spring="150" Damping="1.5">

                        </Motor>
                    </Constraint>
              </Sunshield>
        </Body>
  </_templates>