  <Truck>
      <ControlledConstraints>
          <Constraint Name="TieRodSteer" IsLinkedSteering="true" Id="chassis_steer">

          </Constraint>
      </ControlledConstraints>
      <PhysicsModel Mesh="trucks/azov_43_191_sprinter">
            <NetSync Legacy="false">

            </NetSync>
            <Body ImpactType="Truck" Mass="6000" NetSync="pv" CenterOfMassOffset="(0; 0; 0)">
                  <Body ModelFrame="BoneCabin_cdt" ImpactType="Truck" Mass="3500" NetSync="pv" CenterOfMassOffset="(0; 0; 0)">
                      <Constraint AxisLocal="(1; 0; 0)" MaxLimit="10" MinLimit="-10" Type="Hinge" CenterOfMassOffset="(0; 0; 0)">
                          <Motor Type="Spring" Spring="525000" Damping="52500">

                          </Motor>
                      </Constraint>
                          <Body ModelFrame="BoneMirrorRight_cdt" _template="SideMirror">

                          </Body>
                          <Body ModelFrame="BoneMirrorLeft_cdt" _template="SideMirror">

                          </Body>
                          <Body ModelFrame="BoneSunshield_cdt" _template="Sunshield">

                          </Body>
                          <Body Mass="1" Collisions="None" ModelFrame="BoneCord_cdt">
                            <Constraint AxisLocal="(1; 0; 0)" MaxLimit="3" MinLimit="-60" Collisions="None" Type="Hinge">
                                <Motor Type="Spring" Spring="1" Damping="0.1">

                                </Motor>
                            </Constraint>
                          </Body>
                          <Body Mass="1" Collisions="None" ModelFrame="BoneCord2_cdt">
                            <Constraint AxisLocal="(0; 0; 1)" MaxLimit="0" MinLimit="-60" Collisions="None" Type="Hinge">
                                <Motor Type="Spring" Spring="0.7" Damping="0.07">

                                </Motor>
                            </Constraint>
                          </Body>
                          <Body Mass="1" Collisions="None" ModelFrame="BoneNetLeft_cdt">
                            <Constraint AxisLocal="(1; 0; 0)" MaxLimit="4" MinLimit="-4" Collisions="None" Type="Hinge">
                                <Motor Type="Spring" Spring="4" Damping="0.4">

                                </Motor>
                            </Constraint>
                          </Body>
                          <Body Mass="1" Collisions="None" ModelFrame="BoneNetRight_cdt">
                            <Constraint AxisLocal="(1; 0; 0)" MaxLimit="4" MinLimit="-4" Collisions="None" Type="Hinge">
                                <Motor Type="Spring" Spring="4" Damping="0.4">

                                </Motor>
                            </Constraint>
                          </Body>
                          <Body ModelFrame="BoneTieRod1_cdt" _template="TieRod">
                            <Constraint AxisLocal="(0; 0; 1)" MaxLimit="26" Name="TieRodSteer" MinLimit="-26">

                            </Constraint>
                          </Body>
                          <Body Mass="0.5" Collisions="None" ModelFrame="BoneBelt1_cdt">
                            <Constraint AxisLocal="(0; 1; 0)" MaxLimit="10" MinLimit="-10" Type="Hinge">
                                <Motor Type="Spring" Spring="1.5" Damping="10">

                                </Motor>
                            </Constraint>
                          </Body>
                          <Body Mass="0.5" Collisions="None" ModelFrame="BoneBelt2_cdt">
                            <Constraint AxisLocal="(0; 1; 0)" MaxLimit="20" MinLimit="-10" Type="Hinge">
                                <Motor Type="Spring" Spring="2" Damping="10">

                                </Motor>
                            </Constraint>
                          </Body>
                  </Body>
            </Body>
      </PhysicsModel>
      <TruckData BackSteerSpeed="0.02" DiffLockType="Always" EngineIconScale="1.2" TruckType="OFFROAD" FuelCapacity="350" EngineStartDelay="0.6" SteerSpeed="0.02" ExhaustStartTime="0.6" Responsiveness="0.25" TruckImage="azovsprintermchr" EngineIconMesh="env/engine_big">
              <Shakers>
                  <Shaker MaxFrequency="0.1" Frame="BoneGearbox" ParentFrame="BoneCabin_cdt" MaxAngle="(3; 3; 3)">

                  </Shaker>
              </Shakers>
                  <Intake Size="1.219" Dir="(0.916; 0; -0.401)" Origin="(1.893; 1.791; -1.154)">

                  </Intake>
                  <Intake Size="1.219" Dir="(0.916; 0; 0.401)" Origin="(1.893; 1.791; 1.154)">

                  </Intake>
              <GearboxSocket Default="g_truck_default" Type="gearboxes_trucks, gearboxes_azov_sprinter">

              </GearboxSocket>
              <Wheels DefaultRim="rim" DefaultWheelType="wheels_azov_43_191_sprinter" DefaultTire="tire">
                          <Wheel Pos="(2.275; 0.604; 1.055)" _template="FrontWheel">

                          </Wheel>
                          <Wheel Pos="(2.275; 0.604; 1.055)" _template="FrontWheel" RightSide="true">

                          </Wheel>
                          <Wheel Pos="(-2.006; 0.604; 1.055)" _template="RearWheel">

                          </Wheel>
                          <Wheel Pos="(-2.006; 0.604; 1.055)" _template="RearWheel" RightSide="true">

                          </Wheel>
              </Wheels>
              <WinchUpgradeSocket Default="w_medium_trucks_default" Type="winches_medium_trucks" IsUpgradable="true">

              </WinchUpgradeSocket>
              <SteeringWheel Frame="BoneSteering">

              </SteeringWheel>
              <Damage>
                                <DamageArea Max="(3.352; 1.651; 0.574)" ParentFrame="BoneChassis_cdt" Min="(1.662; 0.869; -0.574)" Type="Engine">

                                </DamageArea>
                                <DamageArea Max="(1.287; 2.761; 1.107)" ParentFrame="BoneChassis_cdt" Min="(0.176; 1.807; -1.107)" Type="FuelTank">

                                </DamageArea>
              </Damage>
              <EngineSocket Default="ru_truck_modern_engine_0" Type="e_ru_truck_modern, e_ru_azov_sprinter">

              </EngineSocket>
              <SteeringRack FrameSteerRight="BoneRackRight" Frame="BoneRack" FrameSteerLeft="BoneRackLeft" RackHalfSizeZ="0.789">

              </SteeringRack>
              <Axles>
                                      <Axle Frame="BoneAxle1">

                                      </Axle>
                                      <Axle Frame="BoneAxle2">

                                      </Axle>
              </Axles>
              <Camera Center="(-1.5; 0; 0)" ParentFrame="BoneCabin_cdt">
                                      <Cockpit WindshieldShadingTexture="trucks/azov_43_191_glass__sh_d.tga" WindshieldDiffuseTexture="trucks/azov_43_191_glass__d_a.tga" ViewPos="(2.37; 2.49; 0.7)" _template="Default">
                                            <Mirror Pos="(2.976; 2.391; 1.273)" MeshFrame="mirror_left" FOVScale="1.5" Size="(0.19; 0.32)" ReflectionDir="(-0.95; 0.073; -0.305)" ClipDir="(-0.95; 0.073; -0.305)" ClipOffset="0.15">

                                            </Mirror>
                                            <Mirror Pos="(2.983; 2.391; -1.261)" MeshFrame="mirror_right" FOVScale="2" Size="(0.19; 0.32)" ReflectionDir="(-0.829; 0.044; 0.557)" ClipDir="(-0.829; 0.044; 0.557)" ClipOffset="0.15">

                                            </Mirror>
                                      </Cockpit>
              </Camera>
              <Shafts>
                                          <Shaft SocketPointA="Shaft1a" SocketPointB="Shaft1b">

                                          </Shaft>
                                          <Shaft SocketPointA="Shaft2a" SocketPointB="Shaft2b">

                                          </Shaft>
                                          <Shaft SocketPointA="Shaft3a" SocketPointB="Shaft3b">

                                          </Shaft>
                                          <Shaft SocketPointA="Shaft4a" SocketPointB="Shaft4b">

                                          </Shaft>
              </Shafts>
              <FuelTank DamageCapacity="100">

              </FuelTank>
                                          <CompatibleWheels Scale="0.6" Type="wheels_azov_43_191_sprinter">

                                          </CompatibleWheels>
                                          <CompatibleWheels Scale="0.6" Type="wheels_heavy_single">

                                          </CompatibleWheels>
              <SoundsWheels _template="Default">

              </SoundsWheels>
              <SuspensionSocket Default="azov_43_191_sprinter_suspension_default" MaxWheelRadiusWithoutSuspension="1" Type="s_azov_43_191_sprinter">

              </SuspensionSocket>
              <Dashboard>
                                                    <Gauge Mesh="trucks/arrows/azov_43_191_sprinter_arrow_1" Org="(2.934; 2.271; 0.935)" OutputAngles="(-129; 31)" InputType="engineEnabled" Dir="(-0.989; 0; -0.15)" InputRange="(0;1)" Damping="0.99">

                                                    </Gauge>
                                                    <Gauge Mesh="trucks/arrows/azov_43_191_sprinter_arrow_1" Org="(2.941; 2.271; 0.888)" OutputAngles="(-128; -13)" InputType="engineEnabled" Dir="(-0.989; -0.002; -0.15)" InputRange="(0;1)" Damping="0.99">

                                                    </Gauge>
                                                    <Gauge Mesh="trucks/arrows/azov_43_191_sprinter_arrow_1" Org="(2.934; 2.271; 0.495)" OutputAngles="(-129; -52)" InputType="engineEnabled" Dir="(-0.98; 0; 0.198)" InputRange="(0;1)" Damping="0.99">

                                                    </Gauge>
                                                    <Gauge Mesh="trucks/arrows/azov_43_191_sprinter_arrow_1" Org="(2.924; 2.271; 0.449)" OutputAngles="(-128; 5)" InputType="engineEnabled" Dir="(-0.98; 0; 0.198)" InputRange="(0;1)" Damping="0.99">

                                                    </Gauge>
                                                    <Gauge Mesh="trucks/arrows/azov_43_191_sprinter_arrow_3" Org="(2.915; 2.164; 0.862)" OutputAngles="(-57; 57)" InputType="fuel" Dir="(-0.963; 0.264; -0.053)" InputRange="(0;1)" Damping="0.99">

                                                    </Gauge>
                                                    <Gauge Mesh="trucks/arrows/azov_43_191_sprinter_arrow_3" Org="(2.903; 2.121; 0.862)" OutputAngles="(-56; 44)" InputType="engineEnabled" Dir="(-0.963; 0.264; -0.053)" InputRange="(0;1)" Damping="0.99">

                                                    </Gauge>
                                                    <Gauge Mesh="trucks/arrows/azov_43_191_sprinter_arrow_3" Org="(2.915; 2.164; 0.522)" OutputAngles="(-55; 35)" InputType="engineEnabled" Dir="(-0.963; 0.264; 0.052)" InputRange="(0;1)" Damping="0.99">

                                                    </Gauge>
                                                    <Gauge Mesh="trucks/arrows/azov_43_191_sprinter_arrow_3" Org="(2.903; 2.121; 0.523)" OutputAngles="(-56; 8)" InputType="engineEnabled" Dir="(-0.963; 0.264; 0.052)" InputRange="(0;1)" Damping="0.99">

                                                    </Gauge>
                                                    <Gauge Org="(2.902; 2.157; 0.643)" OutputAngles="(-117; 116)" Mesh="trucks/arrows/azov_43_191_sprinter_arrow_5" InputRange="(0;160)" Dir="(-0.964; 0.265; 0.001)" InputType="speed">

                                                    </Gauge>
                                                    <Gauge Mesh="trucks/arrows/azov_43_191_sprinter_arrow_4" Org="(2.904; 2.158; 0.747)" OutputAngles="(-130; 135)" InputType="rpm" Dir="(-0.968; 0.25; 0.002)" InputRange="(0;1)" Damping="0.99">

                                                    </Gauge>
                                                    <Gauge Mesh="trucks/arrows/azov_43_191_sprinter_arrow_2" Org="(2.637; 2.189; -0.095)" OutputAngles="(-56; 12)" InputType="engineEnabled" Dir="(-0.977; 0.211; 0)" InputRange="(0;1)" Damping="0.99">

                                                    </Gauge>
                                                    <Gauge Mesh="trucks/arrows/azov_43_191_sprinter_arrow_6" Org="(2.639; 2.201; -0.169)" OutputAngles="(-127; -38)" InputType="engineEnabled" Dir="(-0.974; 0.225; 0.003)" InputRange="(0;1)" Damping="0.99">

                                                    </Gauge>
              </Dashboard>
              <Steam Origin="(1.857; 1.036; -0)">

              </Steam>
              <Sounds _template="Default" DisableReversePitch="false" Origin="(0.669; 1.441; 0)" MinDist="15.0">
                                                      <BrakePull Sound="trucks/azov_43_191_sprinter/azov_43_191_sprinter_brake_pull">

                                                      </BrakePull>
                                                      <EngineHigh Sound="trucks/azov_43_191_sprinter/azov_43_191_sprinter_high">

                                                      </EngineHigh>
                                                      <AbruptStop Sound="trucks/common/truck_swing_big_rnd_set/truck_swing_big_rnd">

                                                      </AbruptStop>
                                                      <HandbrakeOff Sound="trucks/azov_43_191_sprinter/azov_43_191_sprinter_handbrake_off">

                                                      </HandbrakeOff>
                                                      <BrakesSqueal Sound="trucks/azov_43_191_sprinter/azov_43_191_sprinter_brakes_squeal">

                                                      </BrakesSqueal>
                                                      <EngineHeavy_2d IsSound2D="true" Sound="trucks/azov_43_191_sprinter/azov_43_191_sprinter_heavy_2d">

                                                      </EngineHeavy_2d>
                                                      <EngineTrans Sound="trucks/azov_43_191_sprinter/azov_43_191_sprinter_turbo">

                                                      </EngineTrans>
                                                      <EngineHeavy Sound="trucks/azov_43_191_sprinter/azov_43_191_sprinter_heavy">

                                                      </EngineHeavy>
                                                                        <Reverse _inheritRemove="true">

                                                                        </Reverse>
                                                                        <Reverse Sound="trucks/azov_43_191_sprinter/azov_43_191_sprinter_reverse">

                                                                        </Reverse>
                                                      <Honk Sound="trucks/azov_43_191_sprinter/azov_43_191_sprinter_honk">

                                                      </Honk>
                                                      <EngineLow_2d IsSound2D="true" Sound="trucks/azov_43_191_sprinter/azov_43_191_sprinter_low_2d">

                                                      </EngineLow_2d>
                                                      <Handbrake Sound="trucks/azov_43_191_sprinter/azov_43_191_sprinter_handbrake_on">

                                                      </Handbrake>
                                                      <EngineHigh_2d IsSound2D="true" Sound="trucks/azov_43_191_sprinter/azov_43_191_sprinter_high_2d">

                                                      </EngineHigh_2d>
                                                      <EngineLow Sound="trucks/azov_43_191_sprinter/azov_43_191_sprinter_low">

                                                      </EngineLow>
                                                      <EngineIdle_2d IsSound2D="true" Sound="trucks/azov_43_191_sprinter/azov_43_191_sprinter_idle_2d">

                                                      </EngineIdle_2d>
                                                      <EngineStop Sound="trucks/azov_43_191_sprinter/azov_43_191_sprinter_stop">

                                                      </EngineStop>
                                                      <EngineIdle Sound="trucks/azov_43_191_sprinter/azov_43_191_sprinter_idle">

                                                      </EngineIdle>
                                                      <EngineStart Sound="trucks/azov_43_191_sprinter/azov_43_191_sprinter_start">

                                                      </EngineStart>
                                                      <BrakeRelease Sound="trucks/azov_43_191_sprinter/azov_43_191_sprinter_brake_release">

                                                      </BrakeRelease>
                                                      <EngineRev Sound="trucks/azov_43_191_sprinter/azov_43_191_sprinter_rev">

                                                      </EngineRev>
                                                      <EngineAccel Sound="trucks/azov_43_191_sprinter/azov_43_191_sprinter_acc">

                                                      </EngineAccel>
                                                      <Gear Sound="trucks/azov_43_191_sprinter/azov_43_191_sprinter_gear_shift">

                                                      </Gear>
              </Sounds>
              <Driver Pos="(2.344; 1.813; 0.653)" ParentFrame="BoneCabin_cdt" SteeringWheelPos="(2.701; 2.141; 0.693)">

              </Driver>
                                                        <Exhaust Speed="3.82" IsLight="false" Dir="(0; -0.884; 0.468)" Origin="(-0.205; 0.808; 0.75)">

                                                        </Exhaust>
                                                        <Exhaust Speed="3.82" IsLight="false" Dir="(0; -0.884; -0.468)" Origin="(-0.205; 0.808; -0.75)">

                                                        </Exhaust>
              <OcclusionMap MaxX="4.5" HalfSizeZ="2" MinX="-4.8">

              </OcclusionMap>
              <SoundsDamage _template="Heavy">

              </SoundsDamage>
      </TruckData>
      <ModelAttachments>
                <StopSignals>
                    <Light Pos="(-3.782; 1.417; 0)" _template="StopSignal">

                    </Light>
                        <Flare Size="0.3" _template="StopSignal" Pos="(-3.68; 1.63; 0.99)">

                        </Flare>
                        <Flare Size="0.3" _template="StopSignal" Pos="(-3.68; 1.63; -0.99)">

                        </Flare>
                </StopSignals>
                <Ignition>
                        <Light Pos="(3.339; 1.541; -0.817)" _template="IgnitionSignalWhite" ParentFrame="BoneCabin_cdt">

                        </Light>
                        <Light Pos="(3.339; 1.541; 0.817)" _template="IgnitionSignalWhite" ParentFrame="BoneCabin_cdt">

                        </Light>
                          <Flare Pos="(3.339; 1.541; -0.817)" _template="IgnitionSignalWhite" ParentFrame="BoneCabin_cdt">

                          </Flare>
                          <Flare Pos="(3.339; 1.541; 0.817)" _template="IgnitionSignalWhite" ParentFrame="BoneCabin_cdt">

                          </Flare>
                          <Flare Size="0.2" Dir="(-1; 0; 0)" Pos="(-3.68; 1.63; 0.99)" _template="IgnitionSignalRed">

                          </Flare>
                          <Flare Size="0.2" Dir="(-1; 0; 0)" Pos="(-3.68; 1.63; -0.99)" _template="IgnitionSignalRed">

                          </Flare>
                          <Flare Size="0.2" Dir="(-1; 0; 0)" Pos="(-3.622; 2.763; 0.945)" _template="IgnitionSignalRed">

                          </Flare>
                          <Flare Size="0.2" Dir="(-1; 0; 0)" Pos="(-3.622; 2.763; -0.945)" _template="IgnitionSignalRed">

                          </Flare>
                          <Flare ParentFrame="BoneCabin_cdt" Pos="(1.9; 1.422; -1.248)" Size="0.3" _template="MarkerBeacon">

                          </Flare>
                          <Flare ParentFrame="BoneCabin_cdt" Pos="(1.9; 1.422; 1.248)" Size="0.3" _template="MarkerBeacon">

                          </Flare>
                </Ignition>
                <HeadLight>
                          <Model _template="HeadLightRay" Org="(3.339; 1.541; -0.817)" ParentFrame="BoneCabin_cdt">

                          </Model>
                          <Model _template="HeadLightRay" Org="(3.339; 1.541; 0.817)" ParentFrame="BoneCabin_cdt">

                          </Model>
                            <Flare DirAngle="140" _template="HeadLight" Pos="(3.339; 1.541; -0.817)" ParentFrame="BoneCabin_cdt" Size=".35" Color="g(255; 235; 200) x 0.6" AspectRatio="2">

                            </Flare>
                            <Flare DirAngle="140" _template="HeadLight" Pos="(3.339; 1.541; 0.817)" ParentFrame="BoneCabin_cdt" Size=".35" Color="g(255; 235; 200) x 0.6" AspectRatio="2">

                            </Flare>
                            <Flare Pos="(3.339; 1.541; -0.817)" _template="BlueStreak" ParentFrame="BoneCabin_cdt">

                            </Flare>
                            <Flare Pos="(3.339; 1.541; 0.817)" _template="BlueStreak" ParentFrame="BoneCabin_cdt">

                            </Flare>
                </HeadLight>
                <ReverseSignals>
                          <Light Pos="(-3.761; 1.562; 0)" _template="ReverseSignal">

                          </Light>
                              <Flare Size="0.3" _template="ReverseSignal" Pos="(-3.662; 1.465; 0.99)">

                              </Flare>
                              <Flare Size="0.3" _template="ReverseSignal" Pos="(-3.662; 1.465; -0.99)">

                              </Flare>
                              <Flare Pos="(-3.662; 1.465; -0.99)" Size="0.4" Dir="(-1; 0; 0)" Color="g(220; 220; 255) x 0.05" _template="BlueStreak">

                              </Flare>
                              <Flare Pos="(-3.662; 1.465; 0.99)" Size="0.4" Dir="(-1; 0; 0)" Color="g(220; 220; 255) x 0.05" _template="BlueStreak">

                              </Flare>
                </ReverseSignals>
      </ModelAttachments>
      <HeadLight Pos="(4.239; 1.202; 0)" _template="Default" ParentFrame="BoneCabin_cdt">

      </HeadLight>
      <GameData Price="58500" Country="RU,CAS" UnlockByExploration="true" UnlockByRank="1">
                      <CraneSocket Pos="(3.476; 1.155; 0.43)">

                      </CraneSocket>
                      <CraneSocket Pos="(3.476; 1.155; -0.43)">

                      </CraneSocket>
                      <CraneSocket Pos="(0.327; 1.238; 1.138)">

                      </CraneSocket>
                      <CraneSocket Pos="(0.327; 1.238; -1.138)">

                      </CraneSocket>
                      <CraneSocket Pos="(-3.625; 1.358; 0)">

                      </CraneSocket>
                    <UiDesc UiIcon30x30="offroadVehicleImg30" UiName="UI_VEHICLE_AZOV_42_191_SPRINTER__NAME" UiIcon328x458="shopImgAzovSprinter" UiIconLogo="AzovLogo80" UiDesc="UI_VEHICLE_AZOV_42_191_SPRINTER_DESC" UiIcon40x40="offroadVehicleImg">

                    </UiDesc>
                          <AddonSockets DefaultAddon="azov_43_191_sprinter_bumper_default">
                            <Socket ParentFrame="BoneCabin_cdt" Names="azovSprinterBumper">

                            </Socket>
                          </AddonSockets>
                          <AddonSockets DefaultAddon="azov_43_191_sprinter_snorkel_default">
                            <Socket ParentFrame="BoneCabin_cdt" _template="Cabin2Chassis" Names="azovSprinterSnorkel">

                            </Socket>
                          </AddonSockets>
                          <AddonSockets DefaultAddon="azov_43_191_sprinter_gabarite_default">
                            <Socket ParentFrame="BoneCabin_cdt" Names="azovSprinterGabarite">

                            </Socket>
                          </AddonSockets>
                          <AddonSockets>
                            <Socket ParentFrame="BoneCabin_cdt" Names="azovSprinterHorn">

                            </Socket>
                          </AddonSockets>
                          <AddonSockets>
                            <Socket ParentFrame="BoneCabin_cdt" Names="azovSprinterAirConditioner">

                            </Socket>
                          </AddonSockets>
                          <AddonSockets>
                            <Socket ParentFrame="BoneCabin_cdt" Names="azovSprinterSpotlight">

                            </Socket>
                          </AddonSockets>
                          <AddonSockets>
                            <Socket ParentFrame="BoneCabin_cdt" Names="azovSprinterBeacon">

                            </Socket>
                          </AddonSockets>
                          <AddonSockets>
                            <Socket ParentFrame="BoneCabin_cdt" Names="azovSprinterVisor">

                            </Socket>
                          </AddonSockets>
                          <AddonSockets DefaultAddon="azov_43_191_sprinter_supplies">
                            <Socket ParentFrame="BoneCabin_cdt" Names="azovSupplies">

                            </Socket>
                          </AddonSockets>
                          <AddonSockets>
                            <Socket ParentFrame="BoneCabin_cdt" Names="azov43191SprinterSticker_1x1_01" InCockpit="true">

                            </Socket>
                          </AddonSockets>
                          <AddonSockets>
                            <Socket ParentFrame="BoneCabin_cdt" Names="azov43191SprinterSticker_1x1_02" InCockpit="true">

                            </Socket>
                          </AddonSockets>
                          <AddonSockets>
                            <Socket ParentFrame="BoneCabin_cdt" Names="azov43191SprinterSticker_1x2_01" InCockpit="true">

                            </Socket>
                          </AddonSockets>
                          <AddonSockets>
                            <Socket ParentFrame="BoneCabin_cdt" Names="azov43191SprinterSticker_1x2_02" InCockpit="true">

                            </Socket>
                          </AddonSockets>
                          <AddonSockets>
                            <Socket ParentFrame="BoneCabin_cdt" Names="azov43191SprinterSticker_1x4_01" InCockpit="true">

                            </Socket>
                          </AddonSockets>
                          <AddonSockets>
                            <Socket ParentFrame="BoneCabin_cdt" Names="azov43191SprinterSticker_1x4_02" InCockpit="true">

                            </Socket>
                          </AddonSockets>
                          <AddonSockets>
                            <Socket ParentFrame="BoneCabin_cdt" Names="azov43191SprinterSticker_Door_R">

                            </Socket>
                          </AddonSockets>
                          <AddonSockets>
                            <Socket ParentFrame="BoneCabin_cdt" Names="azov43191SprinterSticker_Door_L">

                            </Socket>
                          </AddonSockets>
                          <AddonSockets>
                            <Socket ParentFrame="BoneCabin_cdt" Names="azov43191SprinterSticker_Roof">

                            </Socket>
                          </AddonSockets>
                          <AddonSockets>
                            <Socket ParentFrame="BoneCabin_cdt" Names="azov43191SprinterSticker_topGlass">

                            </Socket>
                          </AddonSockets>
                          <AddonSockets>
                            <Socket ParentFrame="BoneCabin_cdt" Names="azov43191SprinterSticker_botGlass">

                            </Socket>
                          </AddonSockets>
                          <AddonSockets>
                            <Socket Offset="(2.808; 2.758; 0)" ParentFrame="BoneCabin_cdt" Names="StuffAirfreshener" InCockpit="true">

                            </Socket>
                          </AddonSockets>
                          <AddonSockets>
                            <Socket Offset="(2.97; 2.245; 0.58)" ParentFrame="BoneCabin_cdt" Names="StuffDashboard" InCockpit="true">

                            </Socket>
                          </AddonSockets>
                    <CustomizationCameras>
                                <CameraPos Position="(8.653; 5.974; -0.086)" Name="roof_sticker" InterestPosition="(5.936; 2.017; -0.834)" FOV="32.0">

                                </CameraPos>
                                <CameraPos Interior="true" Position="(6.519; 2.599; -0.762)" Name="sticker_1" InterestPosition="(5.662; 2.263; 0.886)" FOV="32.0">

                                </CameraPos>
                                <CameraPos Interior="true" Position="(5.641; 2.647; -0.037)" Name="mirror_mount" InterestPosition="(9.044; 2.213; 0.906)" FOV="32.0">

                                </CameraPos>
                                <CameraPos MaxZoom="2" MaxYRotation="360" Position="(12.396; 5.813; 3.063)" MaxXRotation="360" Name="side_r" InterestPosition="(4.728; 1.342; -0.64)" FOV="32.0">

                                </CameraPos>
                                <CameraPos Position="(11.639; 3.197; 1.408)" Name="glass_sticker" InterestPosition="(5.602; 1.393; -0.767)" FOV="32.0">

                                </CameraPos>
                                <CameraPos MaxZoom="2" MaxYRotation="360" Position="(3.651; 2.084; 3.895)" MaxXRotation="360" Name="door_r_sticker" InterestPosition="(6.999; 1.678; 0.614)" FOV="32.0">

                                </CameraPos>
                                <CameraPos MaxZoom="2" MaxYRotation="360" Position="(11.885; 5.036; 2.752)" MaxXRotation="360" Name="roof" InterestPosition="(6.131; 1.803; -0.407)" FOV="32.0">

                                </CameraPos>
                                <CameraPos MaxZoom="2" MaxYRotation="360" Position="(11.41; 1.651; -2.083)" MaxXRotation="360" Name="hoods" InterestPosition="(6.764; 1.109; -0.954)" FOV="32.0">

                                </CameraPos>
                                <CameraPos Interior="true" Position="(5.873; 2.961; -0.613)" Name="sticker_2" InterestPosition="(5.86; 1.762; 0.153)" FOV="32.0">

                                </CameraPos>
                                <CameraPos MaxZoom="2" MaxYRotation="360" Position="(11.014; 2.008; 3.127)" MaxXRotation="360" Name="side_l" InterestPosition="(5.304; 0.8; -0.817)" FOV="32.0">

                                </CameraPos>
                                <CameraPos Interior="true" Position="(5.885; 2.717; -0.563)" Name="bubble_head" InterestPosition="(9.265; 1.211; 0.474)" FOV="32.0">

                                </CameraPos>
                                <CameraPos MaxZoom="2" MaxYRotation="360" Position="(9.818; 1.013; -4.063)" MaxXRotation="360" Name="wheels" InterestPosition="(5.161; 0.677; -1.163)" FOV="32.0">

                                </CameraPos>
                                <CameraPos MaxZoom="2" MaxYRotation="360" Position="(13.298; 2.215; -2.43)" MaxXRotation="360" Name="default" InterestPosition="(4.058; 1.206; 0.469)" FOV="32.0">

                                </CameraPos>
                                <CameraPos MaxZoom="2" MaxYRotation="360" Position="(-0.649; 1.605; 1.978)" MaxXRotation="360" Name="rear" InterestPosition="(5.929; 0.792; -0.468)" FOV="32.0">

                                </CameraPos>
                                <CameraPos Position="(3.738; 2.175; -3.775)" Name="door_l_sticker" InterestPosition="(5.124; 1.724; -0.206)" FOV="32.0">

                                </CameraPos>
                    </CustomizationCameras>
                              <WinchSocket Pos="(3.476; 1.155; 0.43)">

                              </WinchSocket>
                              <WinchSocket Pos="(3.476; 1.155; -0.43)">

                              </WinchSocket>
                              <WinchSocket Pos="(0.327; 1.238; 1.138)">

                              </WinchSocket>
                              <WinchSocket Pos="(0.327; 1.238; -1.138)">

                              </WinchSocket>
                              <WinchSocket Pos="(-3.625; 1.358; 0)">

                              </WinchSocket>
      </GameData>
      <Landmark MaxScale="2.5" MinScale="1.5" Mesh="landmarks/azov_43_191_sprinter_lmk">

      </Landmark>
                      <Rotator Frame="BoneFanRotator" RotationAxis="(0; -1; 0)" RotationSpeed="10" EngineTorqueFactor="0">

                      </Rotator>
                      <Rotator Frame="BoneFanRotator2" RotationAxis="(0; -1; 0)" RotationSpeed="10" EngineTorqueFactor="0">

                      </Rotator>
      <AutomaticIK>
                            <IKBone ModelFrame="BoneTieRod2" ParentFrame="BoneTieRod1_cdt">
                              <IKJoint AxisLocal="(0; 0; 1)" Type="Hinge">

                              </IKJoint>
                              <IKBone AttachOffset="(0; 0; 0)" ModelFrame="BoneTieRod3" AttachToFrame="BoneRackLeft">
                                    <IKJoint AxisLocal="(0; 0; 1)" Type="Slider">

                                    </IKJoint>
                              </IKBone>
                            </IKBone>
                            <IKBone ModelFrame="BonePiston1" ParentFrame="BoneAxle1">
                              <IKJoint AxisLocal="(0; 0; 1)" Type="Hinge">

                              </IKJoint>
                              <IKBone AttachOffset="(0; 0; 0)" ModelFrame="BonePiston2" AttachToFrame="BoneRackRight">
                                    <IKJoint AxisLocal="(1; 0; 0)" Type="Slider">

                                    </IKJoint>
                              </IKBone>
                            </IKBone>
                            <IKBone ModelFrame="BonePistonRight1" ParentFrame="BoneCabin_cdt">
                              <IKJoint AxisLocal="(1; 0; 0)" Type="Hinge2">

                              </IKJoint>
                              <IKBone AttachOffset="(0; 0; 0)" ModelFrame="BonePistonRight2" AttachToFrame="BoneRackRight">
                                    <IKJoint AxisLocal="(0; 1; 0)" Type="Slider">

                                    </IKJoint>
                              </IKBone>
                            </IKBone>
                            <IKBone ModelFrame="BonePistonLeft1" ParentFrame="BoneCabin_cdt">
                              <IKJoint AxisLocal="(1; 0; 0)" Type="Hinge2">

                              </IKJoint>
                              <IKBone AttachOffset="(0; 0; 0)" ModelFrame="BonePistonLeft2" AttachToFrame="BoneRackLeft">
                                    <IKJoint AxisLocal="(0; 1; 0)" Type="Slider">

                                    </IKJoint>
                              </IKBone>
                            </IKBone>
      </AutomaticIK>
  </Truck>
  <_templates Include="trucks">
        <Socket>
            <Cabin2Chassis Offset="(0; 0; 0)" ParentFrame="BoneCabin_cdt">
                <ExtraParent Frame="BoneChassis_cdt">

                </ExtraParent>
            </Cabin2Chassis>
        </Socket>
        <Wheel>
              <FrontWheel SteeringJointOffset="0.25" ParentFrame="BoneCabin_cdt" SteeringCastor="0" Torque="default" Location="front" SteeringAngle="30">

              </FrontWheel>
              <RearWheel Torque="default" Location="rear" ConnectedToHandbrake="true">

              </RearWheel>
        </Wheel>
        <Body>
                <SideMirror Mass="5" Collisions="None">
                    <Constraint AxisLocal="(0; 1; 0)" MaxLimit="5" MinLimit="-5" Type="Hinge">
                        <Motor Type="Spring" Spring="110" Damping="0.9">

                        </Motor>
                    </Constraint>
                </SideMirror>
                <Sunshield Mass="3" Collisions="None">
                      <Constraint AxisLocal="(0; 0; 1)" MaxLimit="10" MinLimit="-10" Type="Hinge">
                          <Motor Type="Spring" Spring="30" Damping="1">

                          </Motor>
                      </Constraint>
                </Sunshield>
        </Body>
  </_templates>