  <Truck>
      <ControlledConstraints>
          <Constraint Name="TieRodSteer" IsLinkedSteering="true" Id="chassis_steer">

          </Constraint>
      </ControlledConstraints>
      <PhysicsModel Mesh="trucks/jeep_cj7_renegade">
            <NetSync Legacy="false">

            </NetSync>
            <Body ModelFrame="BoneChassis_cdt" ImpactType="Truck" Mass="1000" NetSync="pv" CenterOfMassOffset="(0; 0; 0)">
                    <Body ModelFrame="BoneCabin_cdt" ImpactType="Truck" Mass="700" NetSync="pv" CenterOfMassOffset="(0; 0; 0)">
                      <Constraint Type="Fixed">

                      </Constraint>
                          <Body ModelFrame="BoneMirrorLeft_cdt" _template="SideMirror">

                          </Body>
                          <Body ModelFrame="BoneMirrorRight_cdt" _template="SideMirror">

                          </Body>
                          <Body ModelFrame="BoneSunshieldLeft_cdt" _template="SunShield">

                          </Body>
                          <Body ModelFrame="BoneSunshieldRight_cdt" _template="SunShield">

                          </Body>
                          <Body ModelFrame="BoneAntenna_cdt" _template="Antenna">

                          </Body>
                    </Body>
                    <Body ModelFrame="BoneTieRod1_cdt" _template="TieRod">
                      <Constraint AxisLocal="(0; 1; 0)" MaxLimit="30" Name="TieRodSteer" MinLimit="-30">

                      </Constraint>
                    </Body>
            </Body>
      </PhysicsModel>
      <TruckData BackSteerSpeed="0.06" DiffLockType="Uninstalled" EngineIconScale="1.15" TruckType="SCOUT" FuelCapacity="75" EngineStartDelay="1.8" SteerSpeed="0.032" ExhaustStartTime="1.6" Responsiveness="0.6" TruckImage="jeeprenegatemchr" EngineIconMesh="env/engine_small">
              <Shakers>
                    <Shaker MaxAngle="(1.2; 1.2; 1.2)" Frame="BoneExhaust" MinAngle="(0.3; 0.3; 0.3)" MaxFrequency="6">

                    </Shaker>
                    <Shaker MaxAngle="(0.8; 0.8; 0.8)" Frame="BoneGearbox" MinAngle="(0.6; 0.6; 0.6)" MaxFrequency="0.6">

                    </Shaker>
                    <Shaker MaxAngle="(0.7; 0.7; 0.7)" Frame="BoneShaker1" MinAngle="(0.5; 0.5; 0.5)" MaxFrequency="0.6">

                    </Shaker>
              </Shakers>
              <GearboxSocket Default="g_scout_default" Type="gearboxes_scouts">

              </GearboxSocket>
              <Wheels DefaultRim="rim_1" DefaultWheelType="wheels_scout1" DefaultTire="highway_1">
                        <Wheel Pos="(1.187; 0.297; 0.655)" _template="FrontWheel">

                        </Wheel>
                        <Wheel Pos="(1.187; 0.297; 0.655)" _template="FrontWheel" RightSide="true">

                        </Wheel>
                        <Wheel Pos="(-1.186; 0.299; 0.655)" _template="RearWheel">

                        </Wheel>
                        <Wheel Pos="(-1.186; 0.299; 0.655)" _template="RearWheel" RightSide="true">

                        </Wheel>
              </Wheels>
              <WinchUpgradeSocket Default="w_scout_default" Type="winches_scouts" IsUpgradable="true">

              </WinchUpgradeSocket>
              <SteeringWheel Frame="BoneSteering">

              </SteeringWheel>
              <Damage>
                              <DamageArea Min="(0.75; 0.512; -0.471)" Max="(1.491; 0.963; 0.471)" Type="Engine">

                              </DamageArea>
                              <DamageArea Max="(0.7; 0.64; 0.6)" ParentFrame="BoneChassis_cdt" Min="(-0.8; 0.34; -0.6)" Type="FuelTank">

                              </DamageArea>
              </Damage>
              <EngineSocket Default="us_scout_old_engine_0" Type="e_us_scout_old">

              </EngineSocket>
              <SoundsDamage _template="Scout">

              </SoundsDamage>
              <Axles>
                                    <Axle Frame="BoneAxle1">

                                    </Axle>
                                    <Axle Frame="BoneAxle2">

                                    </Axle>
              </Axles>
              <Camera Center="(-1.2; 0; 0)" RadiusMultiplier="0.8">
                                    <Cockpit WindshieldShadingTexture="trucks/jeep_cj7_renegade_glass__sh_d.tga" WindshieldDiffuseTexture="trucks/jeep_cj7_renegade_glass__d_a.tga" ViewPos="(-0.439; 1.416; 0.389)" _template="Default">
                                          <Mirror Pos="(0.181; 1.289; 0.942)" MeshFrame="mirror_left" FOVScale="1" Size="(0.22; 0.22)" ReflectionDir="(-0.926; 0.012; -0.377)" ClipDir="(-0.926; 0.012; -0.377)" ClipOffset="0.1">

                                          </Mirror>
                                          <Mirror Pos="(0.162; 1.261; -0.898)" MeshFrame="mirror_right" FOVScale="1" Size="(0.22; 0.22)" ReflectionDir="(-0.826; 0.098; 0.555)" ClipDir="(-0.826; 0.098; 0.555)" ClipOffset="0.1">

                                          </Mirror>
                                          <Mirror Pos="(0.028; 1.443; 0.017)" MeshFrame="hp_cab_mirror" FOVScale="1.5" Size="(0.20; 0.06)" ReflectionDir="(-0.946; -0.094; 0.311)" ClipDir="(-0.946; -0.094; 0.311)" ClipOffset="0.1">

                                          </Mirror>
                                    </Cockpit>
              </Camera>
              <Shafts>
                                        <Shaft SocketPointB="Shaft1b" SocketPointA="Shaft1a" Mesh="env/minishaft">

                                        </Shaft>
                                        <Shaft SocketPointB="Shaft2b" SocketPointA="Shaft2a" Mesh="env/minishaft">

                                        </Shaft>
              </Shafts>
              <FuelTank DamageCapacity="50">

              </FuelTank>
                                        <CompatibleWheels Type="wheels_scout_offroad2_jeep_wrangler" Scale="0.35" OffsetZ="0.02">

                                        </CompatibleWheels>
                                        <CompatibleWheels Type="wheels_scout1" Scale="0.35" OffsetZ="0.04">

                                        </CompatibleWheels>
                                        <CompatibleWheels Type="wheels_scout2" Scale="0.35" OffsetZ="0.04">

                                        </CompatibleWheels>
                                        <CompatibleWheels Type="wheels_scout2" Scale="0.4" OffsetZ="0.05">

                                        </CompatibleWheels>
              <SoundsWheels _template="Default">

              </SoundsWheels>
              <SuspensionSocket Default="jeep_cj7_renegade_suspension_default" MaxWheelRadiusWithoutSuspension="0.27" Type="s_jeep_cj7_renegade">

              </SuspensionSocket>
              <Dashboard>
                                                  <Gauge Mesh="trucks/arrows/jeep_cj7_renegade_arrow_01" Org="(0.216; 0.972; 0.038)" OutputAngles="(-95; 95)" InputType="speed" Dir="(-1; 0; 0)" InputRange="(0;120)" Damping="0.99">

                                                  </Gauge>
                                                  <Gauge Mesh="trucks/arrows/jeep_cj7_renegade_arrow_02" Org="(0.222; 1.002; 0.231)" OutputAngles="(-135; 135)" InputType="rpm" Dir="(-1; 0; 0)" InputRange="(0;1)" Damping="0.99">

                                                  </Gauge>
                                                  <Gauge Mesh="trucks/arrows/jeep_cj7_renegade_arrow_04" Org="(0.216; 0.95; 0.02)" OutputAngles="(165; 125)" InputType="fuel" Dir="(-1; 0; 0)" InputRange="(0;1)" Damping="0.99">

                                                  </Gauge>
                                                  <Gauge Mesh="trucks/arrows/jeep_cj7_renegade_arrow_03" Org="(0.217; 0.955; -0.074)" OutputAngles="(-32; -12)" InputType="engineEnabled" Dir="(-1; 0; 0)" InputRange="(0;1)" Damping="0.99">

                                                  </Gauge>
                                                  <Gauge Mesh="trucks/arrows/jeep_cj7_renegade_arrow_03" Org="(0.217; 0.955; -0.145)" OutputAngles="(-32; 5)" InputType="engineEnabled" Dir="(-1; 0; 0)" InputRange="(0;1)" Damping="0.99">

                                                  </Gauge>
                                                  <Gauge Mesh="trucks/arrows/jeep_cj7_renegade_arrow_04" Org="(0.216; 0.948; 0.056)" OutputAngles="(-120; -145)" InputType="engineEnabled" Dir="(-1; 0; 0)" InputRange="(0;1)" Damping="0.99">

                                                  </Gauge>
              </Dashboard>
              <Steam Origin="(0.83; 0.91; 0)">

              </Steam>
              <Sounds _template="Default" DisableReversePitch="false" MinDist="8.0" Origin="(0.81; 0.779; -0.2)">
                                                    <BrakePull Sound="">

                                                    </BrakePull>
                                                    <EngineHigh Sound="trucks/jeep_cj7/jeep_cj7_high">

                                                    </EngineHigh>
                                                    <ChassisStress Sound="trucks/hummer_h2/hummer_h2_chassis">

                                                    </ChassisStress>
                                                    <GearFail Sound="trucks/common/truck_gear_wrong/truck_gear_wrong_small_modern">

                                                    </GearFail>
                                                    <HandbrakeOff Sound="trucks/jeep_cj7/jeep_cj7_handbrake_off">

                                                    </HandbrakeOff>
                                                    <BrakesSqueal Sound="trucks/jeep_cj7/jeep_cj7_brakes_squeal">

                                                    </BrakesSqueal>
                                                    <AbruptStop Sound="">

                                                    </AbruptStop>
                                                    <EngineStart Sound="trucks/jeep_cj7/jeep_cj7_start">

                                                    </EngineStart>
                                                    <EngineHeavy_2d IsSound2D="true" Sound="trucks/jeep_cj7/jeep_cj7_heavy_2d">

                                                    </EngineHeavy_2d>
                                                    <Reverse Sound="">

                                                    </Reverse>
                                                    <EngineHeavy Sound="trucks/jeep_cj7/jeep_cj7_heavy">

                                                    </EngineHeavy>
                                                    <Honk Sound="trucks/jeep_cj7/jeep_cj7_honk">

                                                    </Honk>
                                                    <EngineLow_2d IsSound2D="true" Sound="trucks/jeep_cj7/jeep_cj7_low_2d">

                                                    </EngineLow_2d>
                                                    <EngineHigh_2d IsSound2D="true" Sound="trucks/jeep_cj7/jeep_cj7_high_2d">

                                                    </EngineHigh_2d>
                                                    <EngineLow Sound="trucks/jeep_cj7/jeep_cj7_low">

                                                    </EngineLow>
                                                    <EngineIdle_2d IsSound2D="true" Sound="trucks/jeep_cj7/jeep_cj7_idle_2d">

                                                    </EngineIdle_2d>
                                                    <EngineStop Sound="trucks/jeep_cj7/jeep_cj7_stop">

                                                    </EngineStop>
                                                    <EngineIdle Sound="trucks/jeep_cj7/jeep_cj7_idle">

                                                    </EngineIdle>
                                                    <Handbrake Sound="trucks/jeep_cj7/jeep_cj7_handbrake_on">

                                                    </Handbrake>
                                                    <BrakeRelease Sound="">

                                                    </BrakeRelease>
                                                    <EngineRev Sound="trucks/jeep_cj7/jeep_cj7_rev">

                                                    </EngineRev>
                                                    <EngineAccel Sound="trucks/jeep_cj7/jeep_cj7_acc">

                                                    </EngineAccel>
                                                    <Gear Sound="trucks/jeep_cj7/jeep_cj7_gear_shift">

                                                    </Gear>
              </Sounds>
              <Driver Pos="(-0.38; 0.737; 0.31)" AnimationSet="Scout" SteeringWheelPos="(-0.074; 1.124; 0.369)">

              </Driver>
              <Exhaust Speed="2.0" IsLight="true" Dir="(-0.711; 0; 0.703)" Origin="(-1.745; 0.376; 0.644)">

              </Exhaust>
              <SteeringRack FrameSteerRight="BoneRackRight" Frame="BoneRack" FrameSteerLeft="BoneRackLeft" RackHalfSizeZ="0.589">

              </SteeringRack>
              <OcclusionMap HalfSizeZ="1.5" Texture="trucks/occlusion/chassis_small__s_d_a.tga" MaxX="2.5" MinX="-2.4">

              </OcclusionMap>
      </TruckData>
      <ModelAttachments>
                <StopSignals>
                    <Light Pos="(-1.929; 0.628; 0)" _template="StopSignal">

                    </Light>
                        <Flare Size="0.4" _template="StopSignal" Pos="(-1.877; 0.77; -0.594)">

                        </Flare>
                        <Flare Size="0.4" _template="StopSignal" Pos="(-1.877; 0.77; 0.594)">

                        </Flare>
                </StopSignals>
                <Ignition>
                        <Light Pos="(1.513; 0.853; -0.317)" _template="IgnitionSignalWhite" Color="g(240; 200; 165) x 1.0">

                        </Light>
                        <Light Pos="(1.513; 0.853; 0.317)" _template="IgnitionSignalWhite" Color="g(240; 200; 165) x 1.0">

                        </Light>
                        <Light Pos="(-1.877; 0.77; 0)" _template="IgnitionSignalRed">

                        </Light>
                          <Flare Pos="(-1.877; 0.77; -0.594)" _template="IgnitionSignalRed">

                          </Flare>
                          <Flare Pos="(-1.877; 0.77; 0.594)" _template="IgnitionSignalRed">

                          </Flare>
                          <Flare Size=".3" Pos="(1.513; 0.853; -0.317)" Color="g(255; 235; 215) x 0.5" _template="IgnitionSignalWhite">

                          </Flare>
                          <Flare Size=".3" Pos="(1.513; 0.853; 0.317)" Color="g(255; 235; 215) x 0.5" _template="IgnitionSignalWhite">

                          </Flare>
                          <Flare Size=".3" Pos="(1.513; 0.67; -0.281)" Color="g(255; 215; 105) x 0.3" _template="IgnitionSignalOrange">

                          </Flare>
                          <Flare Size=".3" Pos="(1.513; 0.67; 0.281)" Color="g(255; 215; 105) x 0.3" _template="IgnitionSignalOrange">

                          </Flare>
                          <Flare Size=".2" _template="IgnitionSignalOrange" Pos="(1.451; 0.787; -0.723)">

                          </Flare>
                          <Flare Size=".2" _template="IgnitionSignalOrange" Pos="(1.451; 0.787; 0.723)">

                          </Flare>
                          <Flare Size=".2" _template="IgnitionSignalOrange" Pos="(-1.702; 0.787; -0.723)">

                          </Flare>
                          <Flare Size=".2" _template="IgnitionSignalOrange" Pos="(-1.702; 0.787; 0.723)">

                          </Flare>
                </Ignition>
                <HeadLight>
                          <Model _template="HeadLightRay" Org="(1.513; 0.853; -0.317)">

                          </Model>
                          <Model _template="HeadLightRay" Org="(1.513; 0.853; 0.317)">

                          </Model>
                            <Flare Size="0.4" Pos="(1.513; 0.853; -0.317)" Color="g(255; 235; 215) x 0.37" _template="HeadLight">

                            </Flare>
                            <Flare Size="0.4" Pos="(1.513; 0.853; 0.317)" Color="g(255; 235; 215) x 0.37" _template="HeadLight">

                            </Flare>
                            <Flare Size="0.1" Pos="(1.513; 0.853; -0.317)" Color="g(255; 235; 215) x 0.37" _template="HeadLight">

                            </Flare>
                            <Flare Size="0.1" Pos="(1.513; 0.853; 0.317)" Color="g(255; 235; 215) x 0.37" _template="HeadLight">

                            </Flare>
                            <Flare Size="0.7" Pos="(1.513; 0.853; -0.317)" Color="g(220; 220; 255) x 0.07" _template="BlueStreak">

                            </Flare>
                            <Flare Size="0.7" Pos="(1.513; 0.853; 0.317)" Color="g(220; 220; 255) x 0.07" _template="BlueStreak">

                            </Flare>
                </HeadLight>
                <ReverseSignals>
                          <Light Pos="(-1.877; 0.628; 0)" _template="ReverseSignal" Color="g(255; 230; 215) x 0.8">

                          </Light>
                              <Flare Size="0.5" Dir="(-1; 0; 0)" Pos="(-1.877; 0.825; -0.594)" _template="ReverseSignal">

                              </Flare>
                              <Flare Size="0.5" Dir="(-1; 0; 0)" Pos="(-1.877; 0.825; 0.594)" _template="ReverseSignal">

                              </Flare>
                </ReverseSignals>
      </ModelAttachments>
      <HeadLight Pos="(1.49; 0.853; 0)" _template="Default">

      </HeadLight>
      <GameData Price="2500" Country="US" UnlockByExploration="false" UnlockByRank="1" Recallable="true">
                      <CraneSocket Pos="(1.786; 0.464; 0.373)">

                      </CraneSocket>
                      <CraneSocket Pos="(1.786; 0.464; -0.373)">

                      </CraneSocket>
                      <CraneSocket Pos="(-0.5; 1.65; 0)">

                      </CraneSocket>
                      <CraneSocket Pos="(-0.072; 0.499; 0.814)">

                      </CraneSocket>
                      <CraneSocket Pos="(-0.072; 0.499; -0.814)">

                      </CraneSocket>
                      <CraneSocket Pos="(-1.9; 0.568; 0)">

                      </CraneSocket>
                    <UiDesc UiIcon30x30="scoutVehicleImg30" UiName="UI_VEHICLE_JEEP_CJ7_RENEGADE_NAME" UiIcon328x458="shopImgJeepRenegade" UiIconLogo="JeepLogo80" UiDesc="UI_VEHICLE_JEEP_CJ7_RENEGADE_DESC" UiIcon40x40="scoutVehicleImg">

                    </UiDesc>
                          <AddonSockets DefaultAddon="jeep_cj7_renegade_bumper_default">
                            <Socket Names="CJ7FrontBumper">

                            </Socket>
                          </AddonSockets>
                          <AddonSockets DefaultAddon="jeep_cj7_renegade_rear_bumper_default">
                            <Socket ParentFrame="BoneCabin_cdt" Names="CJ7RearBumper">

                            </Socket>
                          </AddonSockets>
                          <AddonSockets DefaultAddon="jeep_cj7_renegade_threshold_default">
                            <Socket ParentFrame="BoneCabin_cdt" Names="CJ7Threshold">

                            </Socket>
                          </AddonSockets>
                          <AddonSockets DefaultAddon="jeep_cj7_renegade_diff_lock_default">
                            <Socket ParentFrame="BoneChassis_cdt" Offset="(0; 0; 0)" Names="JeepCJ7RenegadeDiffLock">

                            </Socket>
                          </AddonSockets>
                          <AddonSockets>
                            <Socket ParentFrame="BoneCabin_cdt" Names="JeepCJ7RenegadeSpotlight">

                            </Socket>
                          </AddonSockets>
                          <AddonSockets>
                            <Socket ParentFrame="BoneCabin_cdt" NamesBlock="JeepCJ7RenegadeHorn1" Names="JeepCJ7RenegadeFlasher">

                            </Socket>
                          </AddonSockets>
                          <AddonSockets>
                            <Socket ParentFrame="BoneCabin_cdt" Names="JeepCJ7RenegadeVisor">

                            </Socket>
                          </AddonSockets>
                          <AddonSockets>
                            <Socket ParentFrame="BoneCabin_cdt" NamesBlock="JeepCJ7RenegadeVisor" Names="CJ7RenegadeRoofrack">

                            </Socket>
                          </AddonSockets>
                          <AddonSockets>
                              <Socket ParentFrame="BoneCabin_cdt" Names="JeepCJ7RenegadeHorn1">

                              </Socket>
                              <Socket ParentFrame="BoneCabin_cdt" Names="JeepCJ7RenegadeHorn2">

                              </Socket>
                          </AddonSockets>
                          <AddonSockets>
                            <Socket Names="CJ7RenegadeSnorkel">

                            </Socket>
                          </AddonSockets>
                          <AddonSockets>
                            <Socket Offset="(0.069; 1.470; 0.014)" ParentFrame="BoneCabin_cdt" Names="StuffAirfreshener" InCockpit="true">

                            </Socket>
                          </AddonSockets>
                          <AddonSockets>
                            <Socket Offset="(0.14; 1.211; 0.157)" ParentFrame="BoneCabin_cdt" Names="StuffDashboard" InCockpit="true">

                            </Socket>
                          </AddonSockets>
                          <AddonSockets>
                            <Socket ParentFrame="BoneCabin_cdt" Names="StuffHoodJeepCJ7Renegade" InCockpit="true">

                            </Socket>
                          </AddonSockets>
                          <AddonSockets>
                            <Socket ParentFrame="BoneCabin_cdt" Names="JeepCJ7RenegadeSticker_1x1_01" InCockpit="true">

                            </Socket>
                          </AddonSockets>
                          <AddonSockets>
                            <Socket ParentFrame="BoneCabin_cdt" Names="JeepCJ7RenegadeSticker_1x1_02" InCockpit="true">

                            </Socket>
                          </AddonSockets>
                          <AddonSockets>
                            <Socket ParentFrame="BoneCabin_cdt" Names="JeepCJ7RenegadeSticker_1x1_03" InCockpit="true">

                            </Socket>
                          </AddonSockets>
                          <AddonSockets>
                            <Socket ParentFrame="BoneCabin_cdt" Names="JeepCJ7RenegadeSticker_1x2_01" InCockpit="true">

                            </Socket>
                          </AddonSockets>
                          <AddonSockets>
                            <Socket ParentFrame="BoneCabin_cdt" Names="JeepCJ7RenegadeSticker_1x2_02" InCockpit="true">

                            </Socket>
                          </AddonSockets>
                          <AddonSockets>
                            <Socket ParentFrame="BoneCabin_cdt" Names="JeepCJ7RenegadeSticker_1x4_01" InCockpit="true">

                            </Socket>
                          </AddonSockets>
                          <AddonSockets>
                            <Socket ParentFrame="BoneCabin_cdt" Names="JeepCJ7RenegadeSticker_Roof" InCockpit="true">

                            </Socket>
                          </AddonSockets>
                          <AddonSockets>
                            <Socket ParentFrame="BoneCabin_cdt" Names="JeepCJ7RenegadeSticker_Capote" InCockpit="true">

                            </Socket>
                          </AddonSockets>
                          <AddonSockets>
                            <Socket ParentFrame="BoneCabin_cdt" Names="JeepCJ7RenegadeSticker_Door_L" InCockpit="true">

                            </Socket>
                          </AddonSockets>
                          <AddonSockets>
                            <Socket ParentFrame="BoneCabin_cdt" Names="JeepCJ7RenegadeSticker_Door_R" InCockpit="true">

                            </Socket>
                          </AddonSockets>
                          <AddonSockets>
                            <Socket ParentFrame="BoneCabin_cdt" Names="JeepCJ7RenegadeSticker_GlassTop" InCockpit="true">

                            </Socket>
                          </AddonSockets>
                    <CustomizationCameras>
                                <CameraPos Interior="true" Position="(5.4; 1.5; -0.5)" Name="sticker" InterestPosition="(6.6; 0.2; 1.1)" FOV="32.0">

                                </CameraPos>
                                <CameraPos Interior="true" Position="(5.25; 1.55; -0.4)" Name="sticker_1" InterestPosition="(6.6; 0.2; 1.7)" FOV="32.0">

                                </CameraPos>
                                <CameraPos MaxZoom="2" MaxYRotation="360" Position="(0.912; 4.08; 2.215)" MaxXRotation="360" Name="addon_1" InterestPosition="(3.896; 0.774; 0)" FOV="32.0">

                                </CameraPos>
                                <CameraPos MaxZoom="2" MaxYRotation="360" Position="(0; 3; -4)" MaxXRotation="360" Name="addon_2" InterestPosition="(4.5; 1.5; 0)" FOV="32.0">

                                </CameraPos>
                                <CameraPos Interior="true" Position="(5; 1.5; -0.4)" Name="mirror_mount" InterestPosition="(7.1; 0.7; 1.2)" FOV="32.0">

                                </CameraPos>
                                <CameraPos MaxZoom="2" MaxYRotation="360" Position="(9.22; 3; -2.085)" MaxXRotation="360" Name="side_r" InterestPosition="(4.679; 0.759; -0)" FOV="32.0">

                                </CameraPos>
                                <CameraPos MaxZoom="2" MaxYRotation="360" Position="(8.5; 3; 4)" MaxXRotation="360" Name="side_l" InterestPosition="(6.5; 1; 0)" FOV="32.0">

                                </CameraPos>
                                <CameraPos MaxZoom="2" MaxYRotation="360" Position="(10; 3.473; -2.51)" MaxXRotation="360" Name="roof" InterestPosition="(5; 1; 0)" FOV="32.0">

                                </CameraPos>
                                <CameraPos Interior="true" Position="(8.821; 2.615; 0.877)" Name="glass_sticker" InterestPosition="(6.517; 1.5; -0.706)" FOV="32.0">

                                </CameraPos>
                                <CameraPos MaxZoom="2" MaxYRotation="360" Position="(11.332; 1.526; -4.276)" MaxXRotation="360" Name="hoods" InterestPosition="(5.569; 0.976; 0)" FOV="32.0">

                                </CameraPos>
                                <CameraPos Interior="true" Position="(5; 1.5; -0.4)" Name="bubble_head" InterestPosition="(7.1; 0.7; 1.2)" FOV="32.0">

                                </CameraPos>
                                <CameraPos MaxZoom="2" MaxYRotation="360" Position="(8.421; 0.885; -3.51)" MaxXRotation="360" Name="wheels" InterestPosition="(5.421; 0.413; -0)" FOV="32.0">

                                </CameraPos>
                                <CameraPos MaxZoom="2" MaxYRotation="360" Position="(11.332; 1.526; -4.276)" MaxXRotation="360" Name="default" InterestPosition="(5.569; 0.976; 0)" FOV="32.0">

                                </CameraPos>
                                <CameraPos MaxZoom="2" MaxYRotation="360" Position="(1; 1.683; 3.899)" MaxXRotation="360" Name="rear" InterestPosition="(5; 0.956; 0)" FOV="32.0">

                                </CameraPos>
                                <CameraPos Interior="true" Position="(9.299; 3.937; -0.485)" Name="capote_sticker" InterestPosition="(6.708; 0.662; -0.826)" FOV="32.0">

                                </CameraPos>
                                <CameraPos Interior="true" Position="(7.692; 4.063; -0.578)" Name="roof_sticker" InterestPosition="(4.34; 0.363; -0.479)" FOV="32.0">

                                </CameraPos>
                                <CameraPos Interior="true" Position="(4.358; 1.478; 2.92)" Name="door_r_sticker" InterestPosition="(6.582; 0.793; 1.174)" FOV="32.0">

                                </CameraPos>
                                <CameraPos Interior="true" Position="(4.296; 1.361; -2.777)" Name="door_l_sticker" InterestPosition="(5.384; 0.765; 0.362)" FOV="32.0">

                                </CameraPos>
                                <CameraPos Interior="true" Position="(8; 1.3; -0.812)" Name="hood_ornament" InterestPosition="(6.9; 0.95; -0.812)" FOV="32.0">

                                </CameraPos>
                    </CustomizationCameras>
                              <WinchSocket Pos="(1.786; 0.464; 0.373)">

                              </WinchSocket>
                              <WinchSocket Pos="(1.786; 0.464; -0.373)">

                              </WinchSocket>
                              <WinchSocket Pos="(-0.072; 0.499; 0.814)">

                              </WinchSocket>
                              <WinchSocket Pos="(-0.072; 0.499; -0.814)">

                              </WinchSocket>
                              <WinchSocket Pos="(-1.9; 0.568; 0)">

                              </WinchSocket>
      </GameData>
      <Landmark MaxScale="3.8" MinScale="1.8" Mesh="landmarks/jeep_cj7_renegade_lmk">

      </Landmark>
      <Snorkel Origin="(1.491; 0.839; 0)">

      </Snorkel>
      <AutomaticIK>
                          <IKBone ModelFrame="BoneTieRod2" ParentFrame="BoneTieRod1_cdt">
                              <IKJoint AxisLocal="(0; 0; 1)" Type="Hinge2">

                              </IKJoint>
                              <IKBone AttachOffset="(0; 0; 0)" ModelFrame="BoneTieRod3" AttachToFrame="BoneRackRight">
                                    <IKJoint AxisLocal="(0; 0; 1)" Type="Slider">

                                    </IKJoint>
                              </IKBone>
                          </IKBone>
      </AutomaticIK>
  </Truck>
  <_templates Include="trucks">
        <Wheel>
            <FrontWheel SteeringCastor="8" Torque="full" Location="front" SteeringAngle="35">

            </FrontWheel>
            <RearWheel Torque="default" Location="rear" ConnectedToHandbrake="true">

            </RearWheel>
        </Wheel>
        <Body>
              <SideMirror Mass="5" Collisions="None">
                  <Constraint AxisLocal="(0; 1; 0)" MaxLimit="2" MinLimit="-2" Type="Hinge">
                      <Motor Type="Spring" Spring="250" Damping="7.5">

                      </Motor>
                  </Constraint>
              </SideMirror>
              <Antenna Mass="2" Collisions="None">
                    <Constraint Cone="7" PlaneMin="-7" Type="Ragdoll" TwistAxisLocal="(0; 1; 0)" PlaneMax="7" PlaneAxisLocal="(0; 0; 1)">
                        <ConeMotor Type="Spring" Spring="60" Damping=".1">

                        </ConeMotor>
                        <PlaneMotor Type="Spring" Spring="60" Damping=".1">

                        </PlaneMotor>
                    </Constraint>
              </Antenna>
              <SunShield Mass="2" Collisions="None">
                      <Constraint AxisLocal="(0; 1; 0)" MaxLimit="3" MinLimit="-3" Type="Hinge">
                          <Motor Type="Spring" Spring="5" Damping="0.1">

                          </Motor>
                      </Constraint>
              </SunShield>
        </Body>
  </_templates>