  <Truck>
      <ControlledConstraints>
            <Constraint Name="TieRodSteer1" IsLinkedSteering="true" Id="chassis_steer">

            </Constraint>
            <Constraint Name="TieRodSteer2" IsLinkedSteering="true" Id="chassis_steer">

            </Constraint>
            <Constraint Name="TieRodSteer3" IsLinkedSteering="true" Id="chassis_steer">

            </Constraint>
            <Constraint Name="TieRodSteer4" IsLinkedSteering="true" Id="chassis_steer">

            </Constraint>
            <Constraint Name="TieRodSteer5" IsLinkedSteering="true" Id="chassis_steer">

            </Constraint>
      </ControlledConstraints>
      <PhysicsModel Mesh="trucks/tatra_force_t815_7">
            <NetSync Legacy="false">

            </NetSync>
            <Body ModelFrame="BoneChassis_cdt" ImpactType="Truck" Mass="12000" NetSync="pv" CenterOfMassOffset="(1; 0; 0)">
                    <Body ModelFrame="BoneAddonAttachment_cdt" ImpactType="Truck" Mass="2000" NetSync="pv" CenterOfMassOffset="(0; 0; 0)">
                      <Constraint AxisLocal="(1; 0; 0)" MaxLimit="5" MinLimit="-5" Type="Hinge">
                          <Motor Type="Spring" Spring="4500000" Damping="100000">

                          </Motor>
                      </Constraint>
                    </Body>
                    <Body ModelFrame="BoneMirrorL_cdt" _template="SideMirror">

                    </Body>
                    <Body ModelFrame="BoneMirrorR_cdt" _template="SideMirror">

                    </Body>
                    <Body ModelFrame="Sunshield1_cdt" _template="SunShield">

                    </Body>
                    <Body ModelFrame="Sunshield2_cdt" _template="SunShield2">

                    </Body>
                    <Body ModelFrame="Sunshield3_cdt" _template="SunShield">

                    </Body>
                    <Body ModelFrame="BoneMudguardL1_cdt" _template="Mudguard">

                    </Body>
                    <Body ModelFrame="BoneMudguardR1_cdt" _template="Mudguard">

                    </Body>
                    <Body ModelFrame="BoneMudguardL3_cdt" _template="Mudguard">

                    </Body>
                    <Body ModelFrame="BoneMudguardR3_cdt" _template="Mudguard">

                    </Body>
                    <Body ModelFrame="BoneMudguardL4_cdt" _template="Mudguard">

                    </Body>
                    <Body ModelFrame="BoneMudguardR4_cdt" _template="Mudguard">

                    </Body>
                    <Body Mass="2" Collisions="None" ModelFrame="BoneWire_cdt">
                      <Constraint AxisLocal="(0; 0; 1)" MaxLimit="50" MinLimit="-50" Type="Hinge">
                          <Motor Type="Spring" Spring="0.4" Damping="0.04">

                          </Motor>
                      </Constraint>
                    </Body>
                    <Body Mass="2" Collisions="None" ModelFrame="BoneRadio_cdt">
                      <Constraint AxisLocal="(1; 0; 0)" MaxLimit="6" MinLimit="-6" Type="Hinge">
                          <Motor Type="Spring" Spring="1" Damping="0.1">

                          </Motor>
                      </Constraint>
                    </Body>
                    <Body Mass="20" Collisions="None" ModelFrame="BoneHook1_cdt">
                      <Constraint AxisLocal="(0; 1; 0)" MaxLimit="6" MinLimit="-6" Type="Hinge">
                          <Motor Type="Spring" Spring="800" Damping="80">

                          </Motor>
                      </Constraint>
                      <Body Mass="2" Collisions="None" ModelFrame="BoneHook2_cdt">
                            <Constraint Cone="7" PlaneMin="-20" Type="Ragdoll" TwistAxisLocal="(0; 1; 0)" PlaneMax="20" PlaneAxisLocal="(1; 0; 0)">
                                <Motor Type="Spring" Spring="100" Damping="10">

                                </Motor>
                            </Constraint>
                      </Body>
                    </Body>
                    <Body ModelFrame="BoneTieRod1_cdt" _template="TieRod">
                      <Constraint AxisLocal="(0; 1; 0)" MaxLimit="16" Name="TieRodSteer1" MinLimit="-16">

                      </Constraint>
                    </Body>
                    <Body ModelFrame="BoneTieRod2_cdt" _template="TieRod">
                      <Constraint AxisLocal="(0; 1; 0)" MaxLimit="16" Name="TieRodSteer2" MinLimit="-16">

                      </Constraint>
                    </Body>
                    <Body ModelFrame="BoneTieRod3_cdt" _template="TieRod">
                      <Constraint AxisLocal="(0; 1; 0)" MaxLimit="26" Name="TieRodSteer3" MinLimit="-26">

                      </Constraint>
                    </Body>
                    <Body ModelFrame="BoneTieRod4_cdt" _template="TieRod">
                      <Constraint AxisLocal="(0; 1; 0)" MaxLimit="26" Name="TieRodSteer4" MinLimit="-26">

                      </Constraint>
                    </Body>
                    <Body ModelFrame="BoneTieRod5_cdt" _template="TieRod">
                      <Constraint AxisLocal="(0; 1; 0)" MaxLimit="26" Name="TieRodSteer5" MinLimit="-26">

                      </Constraint>
                    </Body>
            </Body>
      </PhysicsModel>
      <TruckData BackSteerSpeed="0.015" DiffLockType="Installed" EngineIconScale="0.8" TruckType="HEAVY" SetHandbrakeOnWinchRelease="false" FuelCapacity="380" EngineStartDelay="3.2" SteerSpeed="0.022" ExhaustStartTime="2.8" Responsiveness="0.2" TruckImage="tatraforcemchr" EngineIconMesh="env/engine_pacific_p16">
              <Shakers>
                    <Shaker MaxAngle="(0.7; 0.7; 0.7)" Frame="BoneStickShaker1" MinAngle="(0.2; 0.2; 0.2)" MaxFrequency="3">

                    </Shaker>
                    <Shaker MaxAngle="(0.7; 0.7; 0.7)" Frame="BoneStickShaker2" MinAngle="(0.2; 0.2; 0.2)" MaxFrequency="3">

                    </Shaker>
              </Shakers>
              <Intake Size="0.75" Dir="(1; 0; 0)" Origin="(4.507; 0.975; 0)">

              </Intake>
              <GearboxSocket Default="g_special_default" Type="gearboxes_special, gearboxes_special_kolob">

              </GearboxSocket>
              <Wheels DefaultRim="rim" DefaultWheelType="wheels_tatra_force_815_7" DefaultTire="tire">
                          <Wheel Pos="(2.929; 0.609; 1.047)" _template="FirstAxle">

                          </Wheel>
                          <Wheel Pos="(2.981; 0.609; 1.047)" _template="FirstAxle" RightSide="true">

                          </Wheel>
                          <Wheel Pos="(0.779; 0.609; 1.047)" _template="SecondAxle">

                          </Wheel>
                          <Wheel Pos="(0.83; 0.609; 1.047)" _template="SecondAxle" RightSide="true">

                          </Wheel>
                          <Wheel Pos="(-2.88; 0.609; 1.047)" _template="RearAxle">

                          </Wheel>
                          <Wheel Pos="(-2.829; 0.609; 1.047)" _template="RearAxle" RightSide="true">

                          </Wheel>
                          <Wheel Pos="(-4.331; 0.609; 1.047)" _template="RearAxle">

                          </Wheel>
                          <Wheel Pos="(-4.28; 0.609; 1.047)" _template="RearAxle" RightSide="true">

                          </Wheel>
              </Wheels>
              <WinchUpgradeSocket Default="w_heavy_trucks_default" Type="winches_heavy_trucks" IsUpgradable="true">

              </WinchUpgradeSocket>
              <SteeringWheel Frame="BoneSteering">

              </SteeringWheel>
              <Damage>
                                <DamageArea Min="(3.275; 0.813; -0.65)" Max="(4.408; 1.689; 0.65)" Type="Engine">

                                </DamageArea>
                                <DamageArea Min="(-1.9; 0.5; 0.5)" Max="(-0.56; 1.21; 1.25)" Type="FuelTank">

                                </DamageArea>
              </Damage>
              <LimitedFluid Center="(-1.208; 0.905; 0.863)" Type="Box" SizeX="1.262" SizeZ="0.622" SizeY="0.572">

              </LimitedFluid>
              <EngineSocket Default="ru_special_engine_0" Type="e_ru_special">

              </EngineSocket>
              <SoundsDamage _template="Heavy">

              </SoundsDamage>
              <Camera Center="(-1.7; 0; 0)" ParentFrame="BoneChassis_cdt">
                                      <Cockpit WindshieldShadingTexture="trucks\tatra_force_t815_7_glass__sh_d.tga" WindshieldDiffuseTexture="trucks\tatra_force_t815_7_glass__d_a.tga" ViewPos="(3.521; 2.328; 0.801)" _template="Default">
                                            <Mirror MeshFrame="mirror_left" Pos="(3.998; 2.181; 1.396)" Size="(0.25; 0.45)" ReflectionDir="(-0.942; 0; -0.337)" FOVScale="1.8" ClipDir="(-0.942; 0; -0.337)">

                                            </Mirror>
                                            <Mirror ClipDir="(-0.795; -0.005; 0.606)" MeshFrame="mirror_right" Size="(0.25; 0.45)" ClipOffset="0.05" FOVScale="2" Pos="(4.008; 2.181; -1.385)" ReflectionDir="(-0.795; -0.005; 0.606)" CurveAngle="10">

                                            </Mirror>
                                      </Cockpit>
              </Camera>
              <Shafts>
                                        <Shaft SocketPointA="Shaft1a" SocketPointB="Shaft1b">

                                        </Shaft>
              </Shafts>
              <FuelTank DamageCapacity="100">

              </FuelTank>
              <Axles>
                                              <Axle Frame="BoneAxle1L" IsIndependent="true">

                                              </Axle>
                                              <Axle Frame="BoneAxle1R" IsIndependent="true">

                                              </Axle>
                                              <Axle Frame="BoneAxle2L" IsIndependent="true">

                                              </Axle>
                                              <Axle Frame="BoneAxle2R" IsIndependent="true">

                                              </Axle>
                                              <Axle Frame="BoneAxle3L" IsIndependent="true">

                                              </Axle>
                                              <Axle Frame="BoneAxle3R" IsIndependent="true">

                                              </Axle>
                                              <Axle Frame="BoneAxle4L" IsIndependent="true">

                                              </Axle>
                                              <Axle Frame="BoneAxle4R" IsIndependent="true">

                                              </Axle>
              </Axles>
              <SoundsWheels _template="Default">

              </SoundsWheels>
              <SuspensionSocket Default="tatra_force_t815_7_suspension_default" MaxWheelRadiusWithoutSuspension="0.76" Type="s_tatra_force_t815_7">

              </SuspensionSocket>
                                                <CompatibleWheels Scale="0.64" RearOffsetZ="0.04" Type="wheels_tatra_force_815_7">

                                                </CompatibleWheels>
                                                <CompatibleWheels Scale="0.64" RearOffsetZ="0.04" Type="wheels_heavy_single">

                                                </CompatibleWheels>
              <Dashboard>
                                                      <Gauge Mesh="trucks/arrows/tatra_force_t815_7_arrow_1" Org="(4.180; 1.834; 0.754)" OutputAngles="(-126; 126)" InputType="speed" Dir="(-0.883; 0.469; 0.001)" InputRange="(0;120)" Damping="0.99">

                                                      </Gauge>
                                                      <Gauge Mesh="trucks/arrows/tatra_force_t815_7_arrow_1" Org="(4.171; 1.792; 0.895)" OutputAngles="(-134; 132)" InputType="rpm" Dir="(-0.873; 0.488; -0.006)" InputRange="(0;1)" Damping="0.99">

                                                      </Gauge>
                                                      <Gauge Mesh="trucks/arrows/tatra_force_t815_7_arrow_2" Org="(4.202; 1.858; 0.933)" OutputAngles="(-48; 8)" InputType="engineEnabled" Dir="(-0.884; 0.468; 0)" InputRange="(0;1)" Damping="0.99">

                                                      </Gauge>
                                                      <Gauge Mesh="trucks/arrows/tatra_force_t815_7_arrow_2" Org="(4.202; 1.858; 0.864)" OutputAngles="(-45; -10)" InputType="engineEnabled" Dir="(-0.884; 0.468; 0)" InputRange="(0;1)" Damping="0.99">

                                                      </Gauge>
                                                      <Gauge Mesh="trucks/arrows/tatra_force_t815_7_arrow_2" Org="(4.207; 1.868; 0.654)" OutputAngles="(-140; -35)" InputType="engineEnabled" Dir="(-0.884; 0.468; 0)" InputRange="(0;1)" Damping="0.99">

                                                      </Gauge>
                                                      <Gauge Mesh="trucks/arrows/tatra_force_t815_7_arrow_2" Org="(4.201; 1.855; 0.588)" OutputAngles="(-42; 42)" InputType="fuel" Dir="(-0.884; 0.468; 0)" InputRange="(0;1)" Damping="0.99">

                                                      </Gauge>
                                                      <Gauge Mesh="trucks/arrows/tatra_force_t815_7_arrow_2" Org="(4.183; 1.82; 0.62)" OutputAngles="(-128; -29)" InputType="engineEnabled" Dir="(-0.884; 0.468; 0)" InputRange="(0;1)" Damping="0.99">

                                                      </Gauge>
              </Dashboard>
              <Sounds _template="Default" DisableReversePitch="true" MinDist="15.0" Origin="(0.028; 1.347; 0)">
                                                      <EngineHigh Sound="trucks/tatra_force/tatra_force_high">

                                                      </EngineHigh>
                                                      <ChassisStress Sound="trucks/common/truck_stress_rnd_set/truck_stress_rnd">

                                                      </ChassisStress>
                                                      <HandbrakeOff Sound="trucks/tatra_force/tatra_force_handbrake_off">

                                                      </HandbrakeOff>
                                                      <BrakesSqueal Sound="trucks/tatra_force/tatra_force_brakes_squeal">

                                                      </BrakesSqueal>
                                                      <EngineStart Sound="trucks/tatra_force/tatra_force_start">

                                                      </EngineStart>
                                                      <AbruptStop Sound="trucks/common/truck_swing_big_rnd_set/truck_swing_big_rnd">

                                                      </AbruptStop>
                                                      <EngineLow_2d IsSound2D="true" Sound="trucks/tatra_force/tatra_force_low_2d">

                                                      </EngineLow_2d>
                                                      <EngineHeavy_2d IsSound2D="true" Sound="trucks/tatra_force/tatra_force_heavy_2d">

                                                      </EngineHeavy_2d>
                                                      <EngineHeavy Sound="trucks/tatra_force/tatra_force_heavy">

                                                      </EngineHeavy>
                                                      <BrakeRelease Sound="trucks/common/truck_brake_release_alt2_rnd_set/truck_brake_release_alt2_rnd">

                                                      </BrakeRelease>
                                                      <EngineHigh_2d IsSound2D="true" Sound="trucks/tatra_force/tatra_force_high_2d">

                                                      </EngineHigh_2d>
                                                      <EngineLow Sound="trucks/tatra_force/tatra_force_low">

                                                      </EngineLow>
                                                      <EngineIdle_2d IsSound2D="true" Sound="trucks/tatra_force/tatra_force_idle_2d">

                                                      </EngineIdle_2d>
                                                      <EngineStop Sound="trucks/tatra_force/tatra_force_stop">

                                                      </EngineStop>
                                                      <EngineIdle Sound="trucks/tatra_force/tatra_force_idle">

                                                      </EngineIdle>
                                                      <Reverse Sound="trucks/tatra_force/tatra_force_back_beeper">

                                                      </Reverse>
                                                      <Honk Sound="trucks/tatra_force/tatra_force_honk">

                                                      </Honk>
                                                      <EngineRev Sound="trucks/tatra_force/tatra_force_rev">

                                                      </EngineRev>
                                                      <EngineAccel Sound="trucks/tatra_force/tatra_force_acc">

                                                      </EngineAccel>
                                                      <Handbrake Sound="trucks/tatra_force/tatra_force_handbrake_on">

                                                      </Handbrake>
              </Sounds>
              <Driver Pos="(3.512; 1.617; 0.793)" AnimationSet="HeavyTruck" SteeringWheelPos="(3.93; 1.956; 0.794)">

              </Driver>
                                                        <Steam Origin="(-0.134; 1.62; 0)">

                                                        </Steam>
                                                        <Steam Scale="0.5" Origin="(2.292; 0.867; 0)">

                                                        </Steam>
                                                          <SteeringRack FrameSteerRight="BoneAxle1Rack_R" Frame="BoneRack1" FrameSteerLeft="BoneAxle1Rack_L" RackHalfSizeZ="0.709">

                                                          </SteeringRack>
                                                          <SteeringRack FrameSteerRight="BoneAxle2Rack_R" Frame="BoneRack2" FrameSteerLeft="BoneAxle2Rack_L" RackHalfSizeZ="0.709">

                                                          </SteeringRack>
              <OcclusionMap MaxX="5.1" HalfSizeZ="2.3" MinX="-6.2">

              </OcclusionMap>
      </TruckData>
      <ModelAttachments>
                <StopSignals>
                    <Light Pos="(-5.467; 0.854; 0)" _template="StopSignal">

                    </Light>
                        <Flare Size="0.2" Pos="(-5.449; 0.88; 0.848)" Color="g(255; 0; 0) x 0.7" _template="StopSignal">

                        </Flare>
                        <Flare Size="0.2" Pos="(-5.449; 0.88; -0.848)" Color="g(255; 0; 0) x 0.7" _template="StopSignal">

                        </Flare>
                        <Flare Size="0.2" Pos="(-5.449; 0.88; 0.729)" Color="g(255; 0; 0) x 0.7" _template="StopSignal">

                        </Flare>
                        <Flare Size="0.2" Pos="(-5.449; 0.88; -0.729)" Color="g(255; 0; 0) x 0.7" _template="StopSignal">

                        </Flare>
                        <Flare Size="0.2" Pos="(-5.449; 0.88; 0.906)" Color="g(255; 0; 0) x 0.7" _template="StopSignal">

                        </Flare>
                        <Flare Size="0.2" Pos="(-5.449; 0.88; -0.906)" Color="g(255; 0; 0) x 0.7" _template="StopSignal">

                        </Flare>
                </StopSignals>
                <Ignition>
                      <Light Pos="(-5.451; 0.882; 0)" _template="IgnitionSignalRed" Color="g(255; 0; 0)x 0.3">

                      </Light>
                          <Flare Size="0.2" _template="IgnitionSignalRed" Pos="(-5.449; 0.88; 0.848)">

                          </Flare>
                          <Flare Size="0.2" _template="IgnitionSignalRed" Pos="(-5.449; 0.88; -0.848)">

                          </Flare>
                          <Flare Size="0.15" Dir="(0; 0; 1)" Pos="(-2.197; 1.248; 1.21)" _template="IgnitionSignalOrange">

                          </Flare>
                          <Flare Size="0.15" Dir="(0; 0; 1)" Pos="(3.048; 1.417; 1.279)" _template="IgnitionSignalOrange">

                          </Flare>
                          <Flare Size="0.15" Dir="(0; 0; -1)" Pos="(3.048; 1.417; -1.279)" _template="IgnitionSignalOrange">

                          </Flare>
                          <Flare Size="0.2" Dir="(1; 0; 0)" Pos="(4.174; 2.614; 1.045)" _template="IgnitionSignalOrange">

                          </Flare>
                          <Flare Size="0.2" Dir="(1; 0; 0)" Pos="(4.174; 2.614; -1.045)" _template="IgnitionSignalOrange">

                          </Flare>
                </Ignition>
                <ReverseSignals>
                        <Light Pos="(-5.451; 0.882; 0)" InnerCone="90" OuterCone="120" Color="g(255; 230; 215) x 2" _template="ReverseSignal">

                        </Light>
                            <Flare Size="0.2" Dir="(-1; 0; 0)" Pos="(-5.449; 0.88; 0.789)" _template="ReverseSignal">

                            </Flare>
                            <Flare Size="0.2" Dir="(-1; 0; 0)" Pos="(-5.449; 0.88; -0.789)" _template="ReverseSignal">

                            </Flare>
                            <Flare Pos="(-5.449; 0.88; 0.789)" Size="0.4" Dir="(-1; 0; 0)" Color="g(220; 220; 255) x 0.05" _template="BlueStreak">

                            </Flare>
                            <Flare Pos="(-5.449; 0.88; -0.789)" Size="0.4" Dir="(-1; 0; 0)" Color="g(220; 220; 255) x 0.05" _template="BlueStreak">

                            </Flare>
                </ReverseSignals>
      </ModelAttachments>
      <HeadLight Pos="(4.541; 1.196; 0)" _template="Default">

      </HeadLight>
      <GameData Price="182600" ExcludeAddons="trailer_log_pole" UnlockByExploration="true" UnlockByRank="1" Country="RU,CAS">
                      <CraneSocket Pos="(4.391; 0.997; 0.41)">

                      </CraneSocket>
                      <CraneSocket Pos="(4.391; 0.997; -0.41)">

                      </CraneSocket>
                      <CraneSocket Pos="(-0.301; 1.04; 0.464)">

                      </CraneSocket>
                      <CraneSocket Pos="(-1.657; 1.04; -0.465)">

                      </CraneSocket>
                      <CraneSocket Pos="(-5.546; 1.002; 0)">

                      </CraneSocket>
                    <UiDesc UiIcon30x30="heavyVehicleImg30" UiName="UI_VEHICLE_TATRA_FORCE_T815_7_NAME" UiIcon328x458="shopImgTatraForce" UiIconLogo="TatraLogo80" UiDesc="UI_VEHICLE_TATRA_FORCE_T815_7_DESC" UiIcon40x40="heavyVehicleImg">

                    </UiDesc>
                          <AddonSockets>
                              <Socket Offset="(-5.546; 1.002; 0)" Names="Trailer">

                              </Socket>
                              <Socket Offset="(-3.452; 1.746; 0)" Names="LargeSemitrailer, LargeSemitrailerOiltank">

                              </Socket>
                          </AddonSockets>
                          <AddonSockets>
                              <Socket Offset="(-1.2; 0.04; 0)" Names="TatraFrameAddonTank">

                              </Socket>
                              <Socket Offset="(-1.060; 0.021; 0)" Names="TatraSideboard">
                                <AddonsShift Offset="(-0.33; 0; 0)" Types="TatraCrane">

                                </AddonsShift>
                              </Socket>
                              <Socket Offset="(-3.437; 1.207; 0)" Names="SaddleHigh">
                                  <ExtraParent Frame="BoneChassis_cdt" Offset="(0; 0; -0.015)">

                                  </ExtraParent>
                                  <ExtraParent Frame="BoneChassis_cdt" Offset="(0; 0; 0.015)">

                                  </ExtraParent>
                              </Socket>
                              <Socket NamesBlock="TatraFrameAddonTow, Trailer, LargeSemitrailerOiltank" Names="TatraFrameAddonTow">

                              </Socket>
                          </AddonSockets>
                          <AddonSockets>
                            <Socket NamesBlock="TatraForceT8157Fender, TatraFrameAddonTank" Names="TatraCrane">

                            </Socket>
                          </AddonSockets>
                          <AddonSockets DefaultAddon="tatra_force_t815_7_bumper_default">
                            <Socket Names="TatraForceT8157Bumper">

                            </Socket>
                          </AddonSockets>
                          <AddonSockets DefaultAddon="tatra_force_t815_7_fender_default">
                            <Socket Names="TatraForceT8157Fender">

                            </Socket>
                          </AddonSockets>
                          <AddonSockets>
                            <Socket Names="TatraForceT8157Horn">

                            </Socket>
                          </AddonSockets>
                          <AddonSockets>
                              <Socket Names="TatraForceT8157Spotlight">

                              </Socket>
                              <Socket Names="TatraForceT8157Beacon">

                              </Socket>
                          </AddonSockets>
                          <AddonSockets>
                            <Socket Names="TatraForceT8157AirConditioner">

                            </Socket>
                          </AddonSockets>
                          <AddonSockets>
                            <Socket Names="TatraForceT8157Visor">

                            </Socket>
                          </AddonSockets>
                          <AddonSockets DefaultAddon="tatra_force_t815_7_exhaust_default">
                            <Socket Names="TatraForceT8157Exhaust">

                            </Socket>
                          </AddonSockets>
                          <AddonSockets DefaultAddon="tatra_force_t815_7_snorkel_default">
                            <Socket Names="TatraForceT8157Snorkel">

                            </Socket>
                          </AddonSockets>
                          <AddonSockets>
                            <Socket NamesBlock="TatraForceT8157AirConditioner, TatraForceT8157Beacon" Names="TatraForceT8157Roofrack">

                            </Socket>
                          </AddonSockets>
                          <AddonSockets>
                            <Socket Names="tatraForSticker_1x1_01" InCockpit="true">

                            </Socket>
                          </AddonSockets>
                          <AddonSockets>
                            <Socket Names="tatraForSticker_1x1_02" InCockpit="true">

                            </Socket>
                          </AddonSockets>
                          <AddonSockets>
                            <Socket Names="tatraForSticker_1x2_01" InCockpit="true">

                            </Socket>
                          </AddonSockets>
                          <AddonSockets>
                            <Socket Names="tatraForSticker_1x2_02" InCockpit="true">

                            </Socket>
                          </AddonSockets>
                          <AddonSockets>
                            <Socket Names="tatraForSticker_1x4_01" InCockpit="true">

                            </Socket>
                          </AddonSockets>
                          <AddonSockets>
                            <Socket Names="tatraForSticker_doorR">

                            </Socket>
                          </AddonSockets>
                          <AddonSockets>
                            <Socket Names="tatraForSticker_doorL">

                            </Socket>
                          </AddonSockets>
                          <AddonSockets>
                            <Socket Names="tatraForSticker_roof">

                            </Socket>
                          </AddonSockets>
                          <AddonSockets>
                            <Socket Names="tatraForSticker_GlassTop" InCockpit="true">

                            </Socket>
                          </AddonSockets>
                          <AddonSockets>
                            <Socket Names="tatraForSticker_GlassBot" InCockpit="true">

                            </Socket>
                          </AddonSockets>
                          <AddonSockets>
                            <Socket Names="StuffAirfreshener" Offset="(3.888; 2.527; 0.016)" InCockpit="true">

                            </Socket>
                          </AddonSockets>
                          <AddonSockets>
                            <Socket Names="StuffDashboard" Offset="(4.265; 1.821; 0.002)" InCockpit="true">

                            </Socket>
                          </AddonSockets>
                          <AddonSockets DefaultAddon="tatra_force_t815_7_diff_lock_default">
                            <Socket ParentFrame="BoneChassis_cdt" Offset="(0; 0; 0)" Names="TatraForceT8157DiffLock">

                            </Socket>
                          </AddonSockets>
                    <CustomizationCameras>
                                <CameraPos Interior="true" Position="(8.8; 5.7; -1.7)" Name="roof_sticker" InterestPosition="(4.6; 1.3; -1)" FOV="32.0">

                                </CameraPos>
                                <CameraPos MaxZoom="2" MaxYRotation="360" Position="(-7.274; 4.273; 9.012)" MaxXRotation="360" Name="addon_1" InterestPosition="(2.608; 1.692; -0.304)" FOV="32.0">

                                </CameraPos>
                                <CameraPos MaxZoom="2" MaxYRotation="360" Position="(9.628; 4.331; 1.437)" MaxXRotation="360" Name="addon_2" InterestPosition="(3.917; 2.341; -1.149)" FOV="32.0">

                                </CameraPos>
                                <CameraPos Interior="true" Position="(5.8; 2.4; -0.1)" Name="mirror_mount" InterestPosition="(8.400; 2.3; 1)" FOV="32.0">

                                </CameraPos>
                                <CameraPos MaxZoom="2" MaxYRotation="360" Position="(0.375; 2.349; -5.941)" MaxXRotation="360" Name="side_r" InterestPosition="(4.38; 1.459; 1.201)" FOV="32.0">

                                </CameraPos>
                                <CameraPos Interior="true" Position="(6; 2.5; -0.3)" Name="sticker" InterestPosition="(9; 1; 1.4)" FOV="32.0">

                                </CameraPos>
                                <CameraPos Interior="true" Position="(5; 2.350; 4)" Name="door_r_sticker" InterestPosition="(8; 1.15; 1)" FOV="32.0">

                                </CameraPos>
                                <CameraPos MaxZoom="2" MaxYRotation="360" Position="(12.239; 3.484; 2.419)" MaxXRotation="360" Name="roof" InterestPosition="(7.013; 1.785; -0.523)" FOV="32.0">

                                </CameraPos>
                                <CameraPos Interior="true" Position="(11.526; 2.689; 1.541)" Name="glass_sticker" InterestPosition="(6.954; 1.622; -0.849)" FOV="32.0">

                                </CameraPos>
                                <CameraPos MaxZoom="2" MaxYRotation="360" Position="(12.724; 2.120; -1.717)" MaxXRotation="360" Name="hoods" InterestPosition="(5.461; 1.397; -0.216)" FOV="32.0">

                                </CameraPos>
                                <CameraPos MaxZoom="2" MaxYRotation="360" Position="(-0.335; 4.157; 4.161)" MaxXRotation="360" Name="side_l" InterestPosition="(6.409; 1.497; -0.536)" FOV="32.0">

                                </CameraPos>
                                <CameraPos Interior="true" Position="(6; 2.5; -0.3)" Name="bubble_head" InterestPosition="(9; 1; 1.4)" FOV="32.0">

                                </CameraPos>
                                <CameraPos MaxZoom="2" MaxYRotation="360" Position="(8.844; 0.97; -4.882)" MaxXRotation="360" Name="wheels" InterestPosition="(4.136; 0.634; 0.126)" FOV="32.0">

                                </CameraPos>
                                <CameraPos MaxZoom="2" MaxYRotation="360" Position="(13.641; 2.738; -4.536)" MaxXRotation="360" Name="default" InterestPosition="(5.197; 1.735; -0.23)" FOV="32.0">

                                </CameraPos>
                                <CameraPos MaxZoom="2" MaxYRotation="360" Position="(-5.767; 1.805; 2.899)" MaxXRotation="360" Name="rear" InterestPosition="(0.479; 0.992; -0)" FOV="32.0">

                                </CameraPos>
                                <CameraPos Interior="true" Position="(4.9; 2.7; -4)" Name="door_l_sticker" InterestPosition="(5.8; 1.4; -1)" FOV="32.0">

                                </CameraPos>
                    </CustomizationCameras>
                              <WinchSocket Pos="(4.391; 0.997; 0.41)">

                              </WinchSocket>
                              <WinchSocket Pos="(4.391; 0.997; -0.41)">

                              </WinchSocket>
                              <WinchSocket Pos="(-0.301; 1.04; 0.464)">

                              </WinchSocket>
                              <WinchSocket Pos="(-1.657; 1.04; -0.465)">

                              </WinchSocket>
                              <WinchSocket Pos="(-5.546; 1.002; 0)">

                              </WinchSocket>
      </GameData>
      <Landmark MaxScale="2.8" MinScale="1.8" Mesh="landmarks/tatra_force_t815_7_lmk">

      </Landmark>
      <AutomaticIK>
                          <IKBone ModelFrame="BoneTieRodRack1" ParentFrame="BoneTieRod2_cdt">
                            <IKJoint AxisLocal="(1; 0; 0)" Type="Hinge2">

                            </IKJoint>
                            <IKBone AttachOffset="(0; 0; 0)" ModelFrame="BoneTieRodRack1_2" AttachToFrame="BoneTieRod1_cdt">
                                  <IKJoint AxisLocal="(1; 0; 0)" Type="Slider">

                                  </IKJoint>
                            </IKBone>
                          </IKBone>
                          <IKBone ModelFrame="BoneTieRod4_2" ParentFrame="BoneTieRod4_cdt">
                            <IKJoint AxisLocal="(1; 0; 0)" Type="Hinge2">

                            </IKJoint>
                            <IKBone AttachOffset="(0; 0; 0)" ModelFrame="BoneTieRod4_3" AttachToFrame="BoneTieRod5_cdt">
                                  <IKJoint AxisLocal="(1; 0; 0)" Type="Slider">

                                  </IKJoint>
                            </IKBone>
                          </IKBone>
                          <IKBone ModelFrame="BoneTieRodRack2" ParentFrame="BoneTieRod5_cdt">
                            <IKJoint AxisLocal="(1; 0; 0)" Type="Hinge2">

                            </IKJoint>
                            <IKBone AttachOffset="(0; 0; 0)" ModelFrame="BoneTieRodRack2_2" AttachToFrame="BoneTieRod3_cdt">
                                  <IKJoint AxisLocal="(1; 0; 0)" Type="Slider">

                                  </IKJoint>
                            </IKBone>
                          </IKBone>
                          <IKBone ModelFrame="BoneAxle1L_IK_A" ParentFrame="BoneChassis_cdt">
                            <IKJoint AxisLocal="(1; 0; 0)" Type="Hinge">

                            </IKJoint>
                            <IKBone AttachOffset="(0; 0; 0)" ModelFrame="BoneAxle1L_IK_B" AttachToFrame="BoneAxle1L">
                                  <IKJoint AxisLocal="(1; 0; 0)" Type="Hinge">

                                  </IKJoint>
                            </IKBone>
                          </IKBone>
                          <IKBone ModelFrame="BoneAxle1R_IK_A" ParentFrame="BoneChassis_cdt">
                            <IKJoint AxisLocal="(1; 0; 0)" Type="Hinge">

                            </IKJoint>
                            <IKBone AttachOffset="(0; 0; 0)" ModelFrame="BoneAxle1R_IK_B" AttachToFrame="BoneAxle1R">
                                  <IKJoint AxisLocal="(1; 0; 0)" Type="Hinge">

                                  </IKJoint>
                            </IKBone>
                          </IKBone>
                          <IKBone ModelFrame="BoneAxle2L_IK_A" ParentFrame="BoneChassis_cdt">
                            <IKJoint AxisLocal="(1; 0; 0)" Type="Hinge">

                            </IKJoint>
                            <IKBone AttachOffset="(0; 0; 0)" ModelFrame="BoneAxle2L_IK_B" AttachToFrame="BoneAxle2L">
                                  <IKJoint AxisLocal="(1; 0; 0)" Type="Hinge">

                                  </IKJoint>
                            </IKBone>
                          </IKBone>
                          <IKBone ModelFrame="BoneAxle2R_IK_A" ParentFrame="BoneChassis_cdt">
                            <IKJoint AxisLocal="(1; 0; 0)" Type="Hinge">

                            </IKJoint>
                            <IKBone AttachOffset="(0; 0; 0)" ModelFrame="BoneAxle2R_IK_B" AttachToFrame="BoneAxle2R">
                                  <IKJoint AxisLocal="(1; 0; 0)" Type="Hinge">

                                  </IKJoint>
                            </IKBone>
                          </IKBone>
                          <IKBone ModelFrame="BoneAxle3L_IK_A" ParentFrame="BoneChassis_cdt">
                            <IKJoint AxisLocal="(1; 0; 0)" Type="Hinge">

                            </IKJoint>
                            <IKBone AttachOffset="(0; 0; 0)" ModelFrame="BoneAxle3L_IK_B" AttachToFrame="BoneAxle3L">
                                  <IKJoint AxisLocal="(1; 0; 0)" Type="Hinge">

                                  </IKJoint>
                            </IKBone>
                          </IKBone>
                          <IKBone ModelFrame="BoneAxle3R_IK_A" ParentFrame="BoneChassis_cdt">
                            <IKJoint AxisLocal="(1; 0; 0)" Type="Hinge">

                            </IKJoint>
                            <IKBone AttachOffset="(0; 0; 0)" ModelFrame="BoneAxle3R_IK_B" AttachToFrame="BoneAxle3R">
                                  <IKJoint AxisLocal="(1; 0; 0)" Type="Hinge">

                                  </IKJoint>
                            </IKBone>
                          </IKBone>
                          <IKBone ModelFrame="BoneAxle4L_IK_A" ParentFrame="BoneChassis_cdt">
                            <IKJoint AxisLocal="(1; 0; 0)" Type="Hinge">

                            </IKJoint>
                            <IKBone AttachOffset="(0; 0; 0)" ModelFrame="BoneAxle4L_IK_B" AttachToFrame="BoneAxle4L">
                                  <IKJoint AxisLocal="(1; 0; 0)" Type="Hinge">

                                  </IKJoint>
                            </IKBone>
                          </IKBone>
                          <IKBone ModelFrame="BoneAxle4R_IK_A" ParentFrame="BoneChassis_cdt">
                            <IKJoint AxisLocal="(1; 0; 0)" Type="Hinge">

                            </IKJoint>
                            <IKBone AttachOffset="(0; 0; 0)" ModelFrame="BoneAxle4R_IK_B" AttachToFrame="BoneAxle4R">
                                  <IKJoint AxisLocal="(1; 0; 0)" Type="Hinge">

                                  </IKJoint>
                            </IKBone>
                          </IKBone>
                          <IKBone ModelFrame="BonePistonIKR" ParentFrame="BoneAxle4R_IK_A">
                            <IKJoint AxisLocal="(1; 0; 0)" Type="Hinge">

                            </IKJoint>
                            <IKBone AttachOffset="(0; 0; 0)" ModelFrame="BonePistonIKRend" AttachToFrame="BoneChassis_cdt">
                                  <IKJoint AxisLocal="(0; 1; 0)" Type="Slider">

                                  </IKJoint>
                            </IKBone>
                          </IKBone>
                          <IKBone ModelFrame="BonePistonIKL" ParentFrame="BoneAxle4L_IK_A">
                            <IKJoint AxisLocal="(1; 0; 0)" Type="Hinge">

                            </IKJoint>
                            <IKBone AttachOffset="(0; 0; 0)" ModelFrame="BonePistonIKLend" AttachToFrame="BoneChassis_cdt">
                                  <IKJoint AxisLocal="(0; 1; 0)" Type="Slider">

                                  </IKJoint>
                            </IKBone>
                          </IKBone>
      </AutomaticIK>
  </Truck>
  <_templates Include="trucks">
        <Wheel>
            <RearAxle CamberAnglePhysics="0" Torque="default" CamberSuspensionMultiplier="1.8" CamberAngleRender="6" Location="rear" ConnectedToHandbrake="true">

            </RearAxle>
            <FirstAxle SteeringJointOffset="0.3" Location="front" CamberSuspensionMultiplier="1.8" Torque="full" CamberAnglePhysics="0" SteeringCastor="12" CamberAngleRender="6" SteeringAngle="24">

            </FirstAxle>
            <SecondAxle SteeringJointOffset="0.3" SteeringCastor="4" _template="FirstAxle" SteeringAngle="18">

            </SecondAxle>
        </Wheel>
        <Body>
              <Mudguard Mass="2" Collisions="None">
                  <Constraint AxisLocal="(0; 0; 1)" MaxLimit="40" MinLimit="-40" Type="Hinge">
                      <Motor Type="Spring" Spring="2.5" Damping="0.25">

                      </Motor>
                  </Constraint>
              </Mudguard>
              <SideMirror Mass="5" Collisions="None">
                    <Constraint AxisLocal="(0; 1; 0)" MaxLimit="1" MinLimit="-1" Type="Hinge">
                        <Motor Type="Spring" Spring="250" Damping="7.5">

                        </Motor>
                    </Constraint>
              </SideMirror>
              <SunShield2 Mass="1" Collisions="None">
                      <Constraint AxisLocal="(0; 0; 1)" MaxLimit="4" MinLimit="-4" Type="Hinge">
                          <Motor Type="Spring" Spring="30" Damping="0.3">

                          </Motor>
                      </Constraint>
              </SunShield2>
              <SunShield Mass="1" Collisions="None">
                        <Constraint AxisLocal="(0; 0; 1)" MaxLimit="3" MinLimit="-3" Type="Hinge">
                            <Motor Type="Spring" Spring="60" Damping="0.6">

                            </Motor>
                        </Constraint>
              </SunShield>
        </Body>
  </_templates>