  <Truck>
      <PhysicsModel Mesh="trucks/western_star_49x">
          <NetSync Legacy="false">

          </NetSync>
          <Body CenterOfMassOffset="(0; -0; 0)" ImpactType="Truck" NetSync="pv" ModelFrame="BoneChassis_cdt" Mass="4000">
                <Body CenterOfMassOffset="(0.5; 0; 0)" ImpactType="Truck" NetSync="pv" ModelFrame="BoneCabin_cdt" Mass="4000">
                    <Constraint Type="Hinge" MaxLimit="5" PivotOffset="(0; 0; 0)" AxisLocal="(1; 0; 0)" MinLimit="-5">
                        <Motor Spring="400000" Type="Spring" Damping="100000">

                        </Motor>
                    </Constraint>
                        <Body _template="Mirror" ModelFrame="BoneMirrorLeft_cdt">

                        </Body>
                        <Body _template="Mirror" ModelFrame="BoneMirrorRight_cdt">

                        </Body>
                        <Body Collisions="None" ModelFrame="BoneMirrorSide_cdt" Mass="20">
                          <Constraint MinLimit="-10" Type="Hinge" MaxLimit="10" AxisLocal="(1; 0; 0)">
                              <Motor Spring="90" Type="Spring" Damping="1">

                              </Motor>
                          </Constraint>
                        </Body>
                        <Body _template="Sunshield" ModelFrame="BoneSunshieldL_cdt">

                        </Body>
                        <Body _template="Sunshield" ModelFrame="BoneSunshieldR_cdt">

                        </Body>
                        <Body _template="TieRod" ModelFrame="BoneTieRodL_cdt">
                          <Constraint MinLimit="-28" Name="TieRodSteer" MaxLimit="28" AxisLocal="(0; 0; -1)">

                          </Constraint>
                        </Body>
                        <Body _template="TieRod" ModelFrame="BoneTieRodR_cdt">
                          <Constraint MinLimit="-28" Name="TieRodSteer2" MaxLimit="28" AxisLocal="(0; 0; 1)">

                          </Constraint>
                        </Body>
                </Body>
          </Body>
      </PhysicsModel>
      <GameData Country="US" Price="121500" UnlockByRank="1" UnlockByExploration="false">
            <CustomizationCameras>
                  <CameraPos Interior="true" Position="(7.586; 6.491; -0.239)" FOV="32.0" InterestPosition="(5.579; 2.724; -0.823)" Name="roof_sticker">

                  </CameraPos>
                  <CameraPos Interior="true" Position="(4.671; 2.49; -0.421)" FOV="32.0" InterestPosition="(6.161; 2.836; 1.333)" Name="sticker">

                  </CameraPos>
                  <CameraPos Interior="true" Position="(4.774; 2.658; -0.448)" FOV="32.0" InterestPosition="(6.154; 1.493; 1)" Name="sticker_1">

                  </CameraPos>
                  <CameraPos Interior="true" Position="(4.781; 2.495; -0.674)" FOV="32.0" InterestPosition="(6.154; 3.193; 0.395)" Name="sticker_2">

                  </CameraPos>
                  <CameraPos InterestPosition="(0.561; 1.684; -0)" Name="addon_1" MaxXRotation="360" Position="(-7.975; 4.814; 6.571)" MaxZoom="2" FOV="32.0" MaxYRotation="360">

                  </CameraPos>
                  <CameraPos InterestPosition="(5.759; 2.49; 0)" Name="addon_2" MaxXRotation="360" Position="(10.793; 4.409; -3.424)" MaxZoom="2" FOV="32.0" MaxYRotation="360">

                  </CameraPos>
                  <CameraPos Interior="true" Position="(4.797; 2.528; -0.397)" FOV="32.0" InterestPosition="(6.161; 2.63; 1.333)" Name="mirror_mount">

                  </CameraPos>
                  <CameraPos InterestPosition="(5.924; 1.654; 0)" Name="side_r" MaxXRotation="360" Position="(9.992; 4.09; 5.732)" MaxZoom="2" FOV="32.0" MaxYRotation="360">

                  </CameraPos>
                  <CameraPos Interior="true" Position="(9.617; 2.63; 0.784)" FOV="32.0" InterestPosition="(5.32; 2.542; -0.827)" Name="glass_sticker">

                  </CameraPos>
                  <CameraPos Interior="true" Position="(3.77; 2.322; 3.892)" FOV="32.0" InterestPosition="(6.848; 1.255; -0.31)" Name="door_r_sticker">

                  </CameraPos>
                  <CameraPos InterestPosition="(5.118; 2.383; 0)" Name="roof" MaxXRotation="360" Position="(11.064; 4.396; -4.015)" MaxZoom="2" FOV="32.0" MaxYRotation="360">

                  </CameraPos>
                  <CameraPos Interior="true" Position="(9.796; 5.807; -0.371)" FOV="32.0" InterestPosition="(6.071; 0.274; -0.493)" Name="capote_sticker">

                  </CameraPos>
                  <CameraPos InterestPosition="(5.187; 1.818; 0)" Name="hoods" MaxXRotation="360" Position="(13.18; 1.275; -5.377)" MaxZoom="2" FOV="32.0" MaxYRotation="360">

                  </CameraPos>
                  <CameraPos InterestPosition="(5.232; 2.207; 0)" Name="side_l" MaxXRotation="360" Position="(-0.015; 4.489; 5.666)" MaxZoom="2" FOV="32.0" MaxYRotation="360">

                  </CameraPos>
                  <CameraPos Interior="true" Position="(4.733; 2.472; -0.2)" FOV="32.0" InterestPosition="(6.154; 1.833; 1.183)" Name="bubble_head">

                  </CameraPos>
                  <CameraPos InterestPosition="(5.548; 0.545; -0)" Name="wheels" MaxXRotation="360" Position="(7.631; 1.733; -6.123)" MaxZoom="2" FOV="32.0" MaxYRotation="360">

                  </CameraPos>
                  <CameraPos InterestPosition="(5.187; 1.818; 0)" Name="default" MaxXRotation="360" Position="(13.18; 1.275; -5.377)" MaxZoom="2" FOV="32.0" MaxYRotation="360">

                  </CameraPos>
                  <CameraPos InterestPosition="(-1.423; 1.831; -0)" Name="rear" MaxXRotation="360" Position="(-10.631; 2.524; 6.535)" MaxZoom="2" FOV="32.0" MaxYRotation="360">

                  </CameraPos>
                  <CameraPos Interior="true" Position="(3.919; 2.245; -3.915)" FOV="32.0" InterestPosition="(5.4; 1.35; 0.903)" Name="door_l_sticker">

                  </CameraPos>
                  <CameraPos Interior="true" Position="(8.878; 2.296; -1.633)" FOV="32.0" InterestPosition="(7.827; 1.98; -1.633)" Name="hood_ornament">

                  </CameraPos>
                  <CameraPos Interior="true" Position="(4.797; 2.528; -0.397)" FOV="32.0" InterestPosition="(6.161; 2.63; 1.333)" Name="curtain">

                  </CameraPos>
            </CustomizationCameras>
                <CraneSocket Pos="(3.845; 0.723; -0.52)" ParentFrame="BoneCabin_cdt">

                </CraneSocket>
                <CraneSocket Pos="(3.845; 0.723; 0.52)" ParentFrame="BoneCabin_cdt">

                </CraneSocket>
                <CraneSocket Pos="(-5.1; 0.786; 0)">

                </CraneSocket>
                <CraneSocket Pos="(-0.161; 1.032; -0.436)">

                </CraneSocket>
                <CraneSocket Pos="(-0.161; 1.032; 0.436)">

                </CraneSocket>
                  <AddonSockets>
                      <Socket Offset="(-1.3; 1.093; 0)" NamesBlock="MetalDetector, MinicraneUS,Trailer" Names="FrameAddonTowPlatform">

                      </Socket>
                      <Socket Offset="(0.5; 1.093; 0)" NamesBlock="MetalDetector, MinicraneUS" Names="LogLift">

                      </Socket>
                      <Socket Offset="(-6.926; 1.094; 0)" NamesBlock="MinicraneUS, MetalDetector" Names="BunkLog">

                      </Socket>
                      <Socket Offset="(-2.2; 1.09; 0)" NamesBlock="MinicraneUS, MetalDetector" Names="FrameAddonLogShort">

                      </Socket>
                      <Socket Offset="(-1.9; 1.09; 0)" NamesBlock="MinicraneUS, MetalDetector" Names="FrameAddonLogMedium">

                      </Socket>
                      <Socket Offset="(-3.425; 1.087; 0)" Names="SaddleLow">
                          <ExtraParent Offset="(0; 0; 0.02)" Frame="BoneChassis_cdt">

                          </ExtraParent>
                          <ExtraParent Offset="(0; 0; -0.02)" Frame="BoneChassis_cdt">

                          </ExtraParent>
                      </Socket>
                      <Socket Offset="(-3.425; 1.087; 0)" Names="SaddleHigh">
                          <ExtraParent Offset="(0; 0; 0.02)" Frame="BoneChassis_cdt">

                          </ExtraParent>
                          <ExtraParent Offset="(0; 0; -0.02)" Frame="BoneChassis_cdt">

                          </ExtraParent>
                      </Socket>
                      <Socket Offset="(-2.100; 1.087; 0)" Names="FrameAddon">
                          <AddonsShift Types="MinicraneUS" Offset="(-1.037; 0; 0)">

                          </AddonsShift>
                          <AddonsShift Types="MetalDetector" Offset="(-0.743; 0; 0)">

                          </AddonsShift>
                      </Socket>
                      <Socket Offset="(-2.7; 1.087; 0)" Names="FrameAddonTank">

                      </Socket>
                      <Socket NamesBlock="Trailer, MinicraneUS" Names="FrameAddonSeismicVibrator" ParentFrame="BoneChassis_cdt" Offset="(-0.2; 1.087; 0)">

                      </Socket>
                      <Socket NamesBlock="Trailer, MinicraneUS" Names="FrameAddonMaintainer" ParentFrame="BoneChassis_cdt" Offset="(-2.55; 0.055; 0)">

                      </Socket>
                  </AddonSockets>
                  <AddonSockets>
                    <Socket NamesBlock="MinicraneUS, FrameAddonSeismicVibrator, FrameAddonKung, FrameAddonTank, FrameAddonMaintainer," Names="MetalDetector" ParentFrame="BoneChassis_cdt" Offset="(0.075; 0.038; 0)">

                    </Socket>
                  </AddonSockets>
                  <AddonSockets>
                    <Socket Offset="(-0.147; 1.09; 0)" NamesBlock="FrameAddonTank, FrameAddonMaintainer, FrameAddonSeismicVibrator, FrameAddonKung" Names="MinicraneUS">

                    </Socket>
                  </AddonSockets>
                  <AddonSockets>
                      <Socket Offset="(-3.425; 1.39; 0)" Names="Semitrailer, SemitrailerOiltank">

                      </Socket>
                      <Socket Offset="(-3.44; 1.6; 0)" Names="LargeSemitrailer, LargeSemitrailerOiltank">

                      </Socket>
                      <Socket Offset="(-5.16; 0.786; 0)" Names="Trailer">

                      </Socket>
                  </AddonSockets>
                  <AddonSockets>
                    <Socket Names="StuffDashboard" InCockpit="true" _template="Cabin2Chassis" Offset="(2.061; 2.22; -0.131)">

                    </Socket>
                  </AddonSockets>
                  <AddonSockets DefaultAddon="western_star_49x_bumper_default">
                    <Socket _template="Cabin2Chassis" Names="WS49XBumper">

                    </Socket>
                  </AddonSockets>
                  <AddonSockets DefaultAddon="western_star_49x_exhaust_default">
                    <Socket _template="Cabin2Chassis" Names="WS49XExhaust">

                    </Socket>
                  </AddonSockets>
                  <AddonSockets DefaultAddon="western_star_49x_visor_default">
                      <Socket _template="Cabin2Chassis" Names="WS49XVisor">

                      </Socket>
                      <Socket NamesBlock="WS49XSpotlight" _template="Cabin2Chassis" Names="WS49XVisor1">

                      </Socket>
                  </AddonSockets>
                  <AddonSockets DefaultAddon="western_star_49x_horn_default">
                    <Socket _template="Cabin2Chassis" Names="WS49XHorn">

                    </Socket>
                  </AddonSockets>
                  <AddonSockets>
                    <Socket _template="Cabin2Chassis" Names="WS49XSnorkel">

                    </Socket>
                  </AddonSockets>
                  <AddonSockets>
                    <Socket _template="Cabin2Chassis" Names="WS49XSpotlight">

                    </Socket>
                  </AddonSockets>
                  <AddonSockets>
                      <Socket _template="Cabin2Chassis" Names="WS49XBeacon1">

                      </Socket>
                      <Socket NamesBlock="WS49XConditioner" _template="Cabin2Chassis" Names="WS49XBeacon2">

                      </Socket>
                  </AddonSockets>
                  <AddonSockets>
                    <Socket NamesBlock="WS49XSpotlight" _template="Cabin2Chassis" Names="WS49XGabarite1">

                    </Socket>
                  </AddonSockets>
                  <AddonSockets>
                    <Socket _template="Cabin2Chassis" Names="WS49XGabarite2">

                    </Socket>
                  </AddonSockets>
                  <AddonSockets>
                    <Socket _template="Cabin2Chassis" Names="WS49XConditioner">

                    </Socket>
                  </AddonSockets>
                  <AddonSockets DefaultAddon="western_star_49x_diff_lock_default">
                    <Socket ParentFrame="BoneChassis_cdt" Offset="(0; 0; 0)" Names="WS49XDiffLock">

                    </Socket>
                  </AddonSockets>
                  <AddonSockets DefaultAddon="western_star_49x_transferbox_default">
                    <Socket ParentFrame="BoneChassis_cdt" Offset="(0; 0; 0)" Names="WesternStar49XTransferBox">
                          <ExtraParent Frame="BoneCabin_cdt">

                          </ExtraParent>
                          <ExtraParent Frame="BoneTieRodL_cdt">

                          </ExtraParent>
                          <ExtraParent Frame="BoneTieRodR_cdt">

                          </ExtraParent>
                          <ExtraParent Frame="BoneAxleFront">

                          </ExtraParent>
                          <ExtraParent Frame="BoneRackLeft">

                          </ExtraParent>
                          <ExtraParent Frame="BoneRackRight">

                          </ExtraParent>
                    </Socket>
                  </AddonSockets>
                  <AddonSockets>
                      <Socket Names="StuffAirfreshener" InCockpit="true" _template="Cabin2Chassis" Offset="(1.818; 2.727; 0)">

                      </Socket>
                      <Socket InCockpit="true" _template="Cabin2Chassis" Names="StuffCurtainWesternStar49X">

                      </Socket>
                  </AddonSockets>
                  <AddonSockets>
                    <Socket Names="WesternStar49xSticker_1x1_01" InCockpit="true" ParentFrame="BoneCabin_cdt" Offset="(0; 0; 0)">
                        <ExtraParent Frame="BoneChassis_cdt">

                        </ExtraParent>
                    </Socket>
                  </AddonSockets>
                  <AddonSockets>
                    <Socket Names="WesternStar49xSticker_1x1_02" InCockpit="true" ParentFrame="BoneCabin_cdt" Offset="(0; 0; 0)">
                        <ExtraParent Frame="BoneChassis_cdt">

                        </ExtraParent>
                    </Socket>
                  </AddonSockets>
                  <AddonSockets>
                    <Socket Names="WesternStar49xSticker_1x2_01" InCockpit="true" ParentFrame="BoneCabin_cdt" Offset="(0; 0; 0)">
                        <ExtraParent Frame="BoneChassis_cdt">

                        </ExtraParent>
                    </Socket>
                  </AddonSockets>
                  <AddonSockets>
                    <Socket Names="WesternStar49xSticker_1x2_02" InCockpit="true" ParentFrame="BoneCabin_cdt" Offset="(0; 0; 0)">
                        <ExtraParent Frame="BoneChassis_cdt">

                        </ExtraParent>
                    </Socket>
                  </AddonSockets>
                  <AddonSockets>
                    <Socket Names="WesternStar49xSticker_1x4_01" InCockpit="true" ParentFrame="BoneCabin_cdt" Offset="(0; 0; 0)">
                        <ExtraParent Frame="BoneChassis_cdt">

                        </ExtraParent>
                    </Socket>
                  </AddonSockets>
                  <AddonSockets>
                    <Socket Names="westernStar49XSticker_GlassTop" InCockpit="true" ParentFrame="BoneCabin_cdt" Offset="(0; 0; 0)">
                        <ExtraParent Frame="BoneChassis_cdt">

                        </ExtraParent>
                    </Socket>
                  </AddonSockets>
                  <AddonSockets>
                    <Socket Names="westernStar49XSticker_GlassBottom" InCockpit="true" ParentFrame="BoneCabin_cdt" Offset="(0; 0; 0)">
                        <ExtraParent Frame="BoneChassis_cdt">

                        </ExtraParent>
                    </Socket>
                  </AddonSockets>
                  <AddonSockets>
                    <Socket ParentFrame="BoneCabin_cdt" Offset="(0; 0; 0)" Names="westernStar49XSticker_Door_L">
                        <ExtraParent Frame="BoneChassis_cdt">

                        </ExtraParent>
                    </Socket>
                  </AddonSockets>
                  <AddonSockets>
                    <Socket ParentFrame="BoneCabin_cdt" Offset="(0; 0; 0)" Names="westernStar49XSticker_Door_R">
                        <ExtraParent Frame="BoneChassis_cdt">

                        </ExtraParent>
                    </Socket>
                  </AddonSockets>
                  <AddonSockets>
                    <Socket ParentFrame="BoneCabin_cdt" Offset="(0; 0; 0)" Names="westernStar49XSticker_Capote">
                        <ExtraParent Frame="BoneChassis_cdt">

                        </ExtraParent>
                    </Socket>
                  </AddonSockets>
                  <AddonSockets>
                    <Socket ParentFrame="BoneCabin_cdt" Offset="(0; 0; 0)" Names="westernStar49XSticker_Roof">
                        <ExtraParent Frame="BoneChassis_cdt">

                        </ExtraParent>
                    </Socket>
                  </AddonSockets>
                  <AddonSockets>
                    <Socket Names="WesternStar49xSticker_1x4_02" InCockpit="true" ParentFrame="BoneCabin_cdt" Offset="(0; 0; 0)">
                        <ExtraParent Frame="BoneChassis_cdt">

                        </ExtraParent>
                    </Socket>
                  </AddonSockets>
                  <AddonSockets>
                    <Socket _template="Cabin2Chassis" Names="StuffHoodWesternStar49X">

                    </Socket>
                  </AddonSockets>
                    <WinchSocket Pos="(3.89; 0.839; -0)" ParentFrame="BoneCabin_cdt">

                    </WinchSocket>
                    <WinchSocket Pos="(-5.1; 0.786; 0)">

                    </WinchSocket>
                    <WinchSocket Pos="(-0.161; 1.032; -0.436)">

                    </WinchSocket>
                    <WinchSocket Pos="(-0.161; 1.032; 0.436)">

                    </WinchSocket>
            <UiDesc UiDesc="UI_VEHICLE_WESTERN_STAR_49X_DESC" UiIcon30x30="heavyVehicleImg30" UiName="UI_VEHICLE_WESTERN_STAR_49X_NAME" UiIconLogo="WesternStarLogo80" UiIcon40x40="heavyVehicleImg" UiIcon328x458="shopImgWS49line">

            </UiDesc>
      </GameData>
      <ControlledConstraints>
                <Constraint Name="TieRodSteer" IsLinkedSteering="true" Id="chassis_steer">

                </Constraint>
                <Constraint Name="TieRodSteer2" IsLinkedSteering="true" Id="chassis_steer">

                </Constraint>
      </ControlledConstraints>
      <HeadLight ParentFrame="BoneCabin_cdt" _template="Default" Pos="(4.576; 1.033; 0)">

      </HeadLight>
      <Landmark Mesh="landmarks/western_star_49x_lmk" MaxScale="3.8" MinScale="1.8">

      </Landmark>
      <AutomaticIK>
                      <IKBone ParentFrame="BoneChassis_cdt" ModelFrame="BoneTorqueRod1">
                        <IKBone AttachToFrame="BoneAxleRear2" AttachOffset="(0; 0; 0)" ModelFrame="BoneTorqueRod1_end">
                            <IKJoint AxisLocal="(1; 0; 0)" Type="Slider">

                            </IKJoint>
                        </IKBone>
                        <IKJoint AxisLocal="(1; 0; 0)" Type="Hinge2">

                        </IKJoint>
                      </IKBone>
                      <IKBone ParentFrame="BoneChassis_cdt" ModelFrame="BoneTorqueRod2">
                        <IKBone AttachToFrame="BoneAxleRear3" AttachOffset="(0; 0; 0)" ModelFrame="BoneTorqueRod2_end">
                            <IKJoint AxisLocal="(1; 0; 0)" Type="Slider">

                            </IKJoint>
                        </IKBone>
                        <IKJoint AxisLocal="(1; 0; 0)" Type="Hinge2">

                        </IKJoint>
                      </IKBone>
                      <IKBone ParentFrame="BoneChassis_cdt" ModelFrame="BoneIK1">
                        <IKBone AttachToFrame="BoneAxleRear3" AttachOffset="(0; 0; 0)" ModelFrame="BoneIK1_end">
                            <IKJoint AxisLocal="(1; 0; 0)" Type="Slider">

                            </IKJoint>
                        </IKBone>
                        <IKJoint AxisLocal="(1; 0; 0)" Type="Hinge2">

                        </IKJoint>
                      </IKBone>
                      <IKBone ParentFrame="BoneChassis_cdt" ModelFrame="BoneIK2">
                        <IKBone AttachToFrame="BoneAxleRear3" AttachOffset="(0; 0; 0)" ModelFrame="BoneIK2_end">
                            <IKJoint AxisLocal="(1; 0; 0)" Type="Slider">

                            </IKJoint>
                        </IKBone>
                        <IKJoint AxisLocal="(1; 0; 0)" Type="Hinge2">

                        </IKJoint>
                      </IKBone>
                      <IKBone ParentFrame="BoneChassis_cdt" ModelFrame="BoneIK3">
                        <IKBone AttachToFrame="BoneAxleRear3" AttachOffset="(0; 0; 0)" ModelFrame="BoneIK3_end">
                            <IKJoint AxisLocal="(1; 0; 0)" Type="Slider">

                            </IKJoint>
                        </IKBone>
                        <IKJoint AxisLocal="(1; 0; 0)" Type="Hinge2">

                        </IKJoint>
                      </IKBone>
                      <IKBone ParentFrame="BoneChassis_cdt" ModelFrame="BoneIK4">
                        <IKBone AttachToFrame="BoneAxleRear3" AttachOffset="(0; 0; 0)" ModelFrame="BoneIK4_end">
                            <IKJoint AxisLocal="(1; 0; 0)" Type="Slider">

                            </IKJoint>
                        </IKBone>
                        <IKJoint AxisLocal="(1; 0; 0)" Type="Hinge2">

                        </IKJoint>
                      </IKBone>
                      <IKBone ParentFrame="BoneChassis_cdt" ModelFrame="BoneIK5">
                        <IKBone AttachToFrame="BoneAxleRear3" AttachOffset="(0; 0; 0)" ModelFrame="BoneIK5_end">
                            <IKJoint AxisLocal="(1; 0; 0)" Type="Slider">

                            </IKJoint>
                        </IKBone>
                        <IKJoint AxisLocal="(1; 0; 0)" Type="Hinge2">

                        </IKJoint>
                      </IKBone>
                      <IKBone ParentFrame="BoneChassis_cdt" ModelFrame="BoneIK6">
                        <IKBone AttachToFrame="BoneAxleRear3" AttachOffset="(0; 0; 0)" ModelFrame="BoneIK6_end">
                            <IKJoint AxisLocal="(1; 0; 0)" Type="Slider">

                            </IKJoint>
                        </IKBone>
                        <IKJoint AxisLocal="(1; 0; 0)" Type="Hinge2">

                        </IKJoint>
                      </IKBone>
                      <IKBone ParentFrame="BoneChassis_cdt" ModelFrame="BoneIK7">
                        <IKBone AttachToFrame="BoneAxleRear3" AttachOffset="(0; 0; 0)" ModelFrame="BoneIK7_end">
                            <IKJoint AxisLocal="(1; 0; 0)" Type="Slider">

                            </IKJoint>
                        </IKBone>
                        <IKJoint AxisLocal="(1; 0; 0)" Type="Hinge2">

                        </IKJoint>
                      </IKBone>
                      <IKBone ParentFrame="BoneChassis_cdt" ModelFrame="BoneIK8">
                        <IKBone AttachToFrame="BoneAxleRear3" AttachOffset="(0; 0; 0)" ModelFrame="BoneIK8_end">
                            <IKJoint AxisLocal="(1; 0; 0)" Type="Slider">

                            </IKJoint>
                        </IKBone>
                        <IKJoint AxisLocal="(1; 0; 0)" Type="Hinge2">

                        </IKJoint>
                      </IKBone>
                      <IKBone ParentFrame="BoneChassis_cdt" ModelFrame="BoneAxleRear1_IK_L">
                        <IKBone AttachToFrame="BoneAxleRear1" AttachOffset="(0; 0; 0)" ModelFrame="BoneAxleRear1_IK_L_end">
                            <IKJoint AxisLocal="(1; 0; 0)" Type="Slider">

                            </IKJoint>
                        </IKBone>
                        <IKJoint AxisLocal="(1; 0; 0)" Type="Hinge2">

                        </IKJoint>
                      </IKBone>
                      <IKBone ParentFrame="BoneChassis_cdt" ModelFrame="BoneAxleRear1_IK_R">
                        <IKBone AttachToFrame="BoneAxleRear1" AttachOffset="(0; 0; 0)" ModelFrame="BoneAxleRear1_IK_R_end">
                            <IKJoint AxisLocal="(1; 0; 0)" Type="Slider">

                            </IKJoint>
                        </IKBone>
                        <IKJoint AxisLocal="(1; 0; 0)" Type="Hinge2">

                        </IKJoint>
                      </IKBone>
      </AutomaticIK>
      <ModelAttachments>
                      <StopSignals>
                            <Flare Size="0.3" _template="StopSignal" Pos="(-4.894; 0.699; -0.383)">

                            </Flare>
                            <Flare Size="0.3" _template="StopSignal" Pos="(-4.894; 0.699; 0.383)">

                            </Flare>
                          <Light _template="StopSignal" Pos="(-5.214; 0.659; 0)">

                          </Light>
                      </StopSignals>
                      <Ignition>
                              <Flare Size="0.2" _template="IgnitionSignalRed" Pos="(-4.889; 0.643; 0.388)">

                              </Flare>
                              <Flare Size="0.2" _template="IgnitionSignalRed" Pos="(-4.889; 0.643; -0.388)">

                              </Flare>
                              <Flare Color="g(255; 140; 0) x 0.5" ParentFrame="BoneCabin_cdt" Pos="(3.069; 1.352; 1.248)" Dir="(0; 0; 1)" Size="0.2" _template="IgnitionSignalOrange">

                              </Flare>
                              <Flare Color="g(255; 140; 0) x 0.5" ParentFrame="BoneCabin_cdt" Pos="(3.069; 1.352; -1.248)" Dir="(0; 0; -1)" Size="0.2" _template="IgnitionSignalOrange">

                              </Flare>
                              <Flare Color="g(255; 140; 0) x 0.3" AspectRatio="0.5" ParentFrame="BoneCabin_cdt" Pos="(2.69; 1.724; 1.060)" Dir="(1; 0; 0)" Size="0.8" _template="IgnitionSignalOrange">

                              </Flare>
                              <Flare Color="g(255; 140; 0) x 0.3" AspectRatio="0.5" ParentFrame="BoneCabin_cdt" Pos="(2.69; 1.724; -1.060)" Dir="(1; 0; 0)" Size="0.8" _template="IgnitionSignalOrange">

                              </Flare>
                              <Flare Color="g(255; 140; 0) x 0.2" AspectRatio="3" ParentFrame="BoneCabin_cdt" Pos="(2.803; 1.823; -0.995)" Dir="(0.589; 0; -0.808)" Size="0.3" _template="IgnitionSignalOrange">

                              </Flare>
                              <Flare Color="g(255; 140; 0) x 0.2" AspectRatio="3" ParentFrame="BoneCabin_cdt" Pos="(2.807; 1.623; -1.005)" Dir="(0.589; 0; -0.808)" Size="0.3" _template="IgnitionSignalOrange">

                              </Flare>
                              <Flare Color="g(255; 140; 0) x 0.2" AspectRatio="3" ParentFrame="BoneCabin_cdt" Pos="(2.803; 1.823; 0.995)" Dir="(0.589; 0; 0.808)" Size="0.3" _template="IgnitionSignalOrange">

                              </Flare>
                              <Flare Color="g(255; 140; 0) x 0.2" AspectRatio="3" ParentFrame="BoneCabin_cdt" Pos="(2.807; 1.623; 1.005)" Dir="(0.589; 0; 0.808)" Size="0.3" _template="IgnitionSignalOrange">

                              </Flare>
                              <Flare Color="g(255; 140; 0) x 0.4" AspectRatio="3" ParentFrame="BoneCabin_cdt" Pos="(3.729; 1.237; 1.017)" Dir="(1; 0; 0)" Size="0.4" _template="IgnitionSignalOrange">

                              </Flare>
                              <Flare Color="g(255; 140; 0) x 0.4" AspectRatio="3" ParentFrame="BoneCabin_cdt" Pos="(3.729; 1.237; -1.017)" Dir="(1; 0; 0)" Size="0.4" _template="IgnitionSignalOrange">

                              </Flare>
                              <Flare Color="g(255; 235; 215) x 0.3" Pos="(3.714; 1.173; -0.955)" ParentFrame="BoneCabin_cdt" Size="0.2" _template="IgnitionSignalWhite">

                              </Flare>
                              <Flare Color="g(255; 235; 215) x 0.3" Pos="(3.695; 1.176; -1.109)" ParentFrame="BoneCabin_cdt" Size="0.2" _template="IgnitionSignalWhite">

                              </Flare>
                              <Flare Color="g(255; 235; 215) x 0.3" Pos="(3.714; 1.173; 0.955)" ParentFrame="BoneCabin_cdt" Size="0.2" _template="IgnitionSignalWhite">

                              </Flare>
                              <Flare Color="g(255; 235; 215) x 0.3" Pos="(3.695; 1.176; 1.109)" ParentFrame="BoneCabin_cdt" Size="0.2" _template="IgnitionSignalWhite">

                              </Flare>
                                <Light Pos="(4.5; 1.013; 0.8)" _template="IgnitionSignalWhite" Color="g(255; 235; 215) x 1.0">

                                </Light>
                                <Light Pos="(4.5; 1.013; -0.8)" _template="IgnitionSignalWhite" Color="g(255; 235; 215) x 1.0">

                                </Light>
                                <Light Pos="(-5; 0.643; 0)" _template="IgnitionSignalRed" Color="g(255; 10; 10) x 0.4">

                                </Light>
                      </Ignition>
                      <HeadLight>
                                <Flare Color="g(255; 235; 215) x 1" Pos="(3.714; 1.173; 0.955)" ParentFrame="BoneCabin_cdt" Size=".1" _template="HeadLight">

                                </Flare>
                                <Flare Color="g(255; 235; 215) x 1" Pos="(3.695; 1.176; 1.109)" ParentFrame="BoneCabin_cdt" Size=".1" _template="HeadLight">

                                </Flare>
                                <Flare Color="g(255; 235; 215) x 1" Pos="(3.714; 1.173; -0.955)" ParentFrame="BoneCabin_cdt" Size=".1" _template="HeadLight">

                                </Flare>
                                <Flare Color="g(255; 235; 215) x 1" Pos="(3.695; 1.176; -1.109)" ParentFrame="BoneCabin_cdt" Size=".1" _template="HeadLight">

                                </Flare>
                                <Flare ParentFrame="BoneCabin_cdt" _template="BlueStreak" Pos="(3.714; 1.173; 1.04)">

                                </Flare>
                                <Flare ParentFrame="BoneCabin_cdt" _template="BlueStreak" Pos="(3.714; 1.173; -1.04)">

                                </Flare>
                                  <Model Org="(3.714; 1.173; 1.04)" _template="HeadLightRay" ParentFrame="BoneCabin_cdt">

                                  </Model>
                                  <Model Org="(3.714; 1.173; -1.04)" _template="HeadLightRay" ParentFrame="BoneCabin_cdt">

                                  </Model>
                      </HeadLight>
                      <ReverseSignals>
                                  <Flare AspectRatio="1.4" DirAngle="90" Pos="(-4.894; 0.72; 0.383)" Color="g(200; 200; 200) x 0.6" Dir="(-1; 0; 0)" Size="0.4" Reflections="true" ColorMultAtDay="0.6">

                                  </Flare>
                                  <Flare AspectRatio="1.4" DirAngle="90" Pos="(-4.894; 0.72; -0.383)" Color="g(200; 200; 200) x 0.6" Dir="(-1; 0; 0)" Size="0.4" Reflections="true" ColorMultAtDay="0.6">

                                  </Flare>
                                  <Flare Color="g(220; 220; 255) x 0.05" Pos="(-4.894; 0.72; 0.383)" Dir="(-1; 0; 0)" Size="0.4" _template="BlueStreak">

                                  </Flare>
                                  <Flare Color="g(220; 220; 255) x 0.05" Pos="(-4.894; 0.72; -0.383)" Dir="(-1; 0; 0)" Size="0.4" _template="BlueStreak">

                                  </Flare>
                                <Light AttenEnd="2.0" OuterCone="160" Dir="(-1; -0.2; 0)" InnerCone="120" Pos="(-4.941; 0.555; -0.388)" Color="(80; 80; 80)">

                                </Light>
                      </ReverseSignals>
      </ModelAttachments>
      <TruckData EngineIconMesh="env/engine_default" EngineStartDelay="3.2" TruckType="HEAVY" ExhaustStartTime="2.8" SteerSpeed="0.02" TruckImage="ws49xmchr" DiffLockType="Installed" Responsiveness="0.3" FuelCapacity="290" EngineIconScale="1.4" BackSteerSpeed="0.025">
                        <Driver SteeringWheelPos="(1.752; 2.182; 0.595)" Pos="(1.369; 1.854; 0.602)" AnimationSet="Truck">

                        </Driver>
                        <Shafts>
                                <Shaft SocketPointB="ShaftRearWheel" SocketPointA="ShaftRearGimbal2RearWheel">

                                </Shaft>
                                <Shaft SocketPointB="ShaftWheel2WheelB" SocketPointA="ShaftWheel2WheelA">

                                </Shaft>
                        </Shafts>
                        <FuelTank DamageCapacity="100">

                        </FuelTank>
                        <Dashboard>
                                    <Gauge Org="(2.133; 2.068; 0.704)" OutputAngles="(-99; 99)" Mesh="trucks/arrows/western_star_49x_arrow_02" Damping="0.99" InputRange="(0;1)" InputType="rpm" Dir="(-0.889; 0.458; -0.006)">

                                    </Gauge>
                                    <Gauge Org="(2.134; 2.067; 0.499)" OutputAngles="(-99; 99)" Dir="(-0.889; 0.458; -0.006)" InputType="speed" Mesh="trucks/arrows/western_star_49x_arrow_02" InputRange="(0;140)">

                                    </Gauge>
                                    <Gauge Org="(2.116; 2.034; 0.678)" OutputAngles="(-113; 113)" Mesh="trucks/arrows/western_star_49x_arrow_01" Damping="0.99" InputRange="(0;1)" InputType="fuel" Dir="(-0.889; 0.458; -0.006)">

                                    </Gauge>
                                    <Gauge Org="(2.112; 2.027; 0.735)" OutputAngles="(-113; 17)" Mesh="trucks/arrows/western_star_49x_arrow_01" Damping="0.99" InputRange="(0;1)" InputType="engineEnabled" Dir="(-0.889; 0.458; -0.006)">

                                    </Gauge>
                                    <Gauge Org="(2.117; 2.034; 0.525)" OutputAngles="(-113; 55)" Mesh="trucks/arrows/western_star_49x_arrow_01" Damping="0.99" InputRange="(0;1)" InputType="engineEnabled" Dir="(-0.889; 0.458; -0.006)">

                                    </Gauge>
                                    <Gauge Org="(2.114; 2.027; 0.468)" OutputAngles="(-113; -10)" Mesh="trucks/arrows/western_star_49x_arrow_01" Damping="0.99" InputRange="(0;1)" InputType="engineEnabled" Dir="(-0.889; 0.458; -0.006)">

                                    </Gauge>
                                    <Gauge Org="(1.729; 2.092; -0.075)" OutputAngles="(-95;17)" Mesh="trucks/arrows/western_star_49x_arrow_01" Damping="0.99" InputRange="(0;1)" InputType="engineEnabled" Dir="(-0.759; 0.355; 0.545)">

                                    </Gauge>
                        </Dashboard>
                        <SoundsWheels _template="Default">

                        </SoundsWheels>
                        <GearboxSocket Default="g_truck_default" Type="gearboxes_trucks">

                        </GearboxSocket>
                                      <Steam Origin="(0.899; 1.081; 0)">

                                      </Steam>
                                      <Steam ParentFrame="BoneCabin_cdt" Origin="(3.029; 0.847; 0)" Scale="0.7">

                                      </Steam>
                        <Sounds DisableReversePitch="true" MinDist="15.0" _template="Default" Origin="(2.7; 1.5; 0)">
                                          <BrakesSqueal Sound="trucks/western_star_49x/western_star_49x_brakes_squeal">

                                          </BrakesSqueal>
                                          <AbruptStop Sound="trucks/common/truck_swing_big_rnd_set/truck_swing_big_rnd">

                                          </AbruptStop>
                                          <EngineLow Sound="trucks/western_star_49x/western_star_49x_low">

                                          </EngineLow>
                                          <EngineRev Sound="trucks/western_star_49x/western_star_49x_rev">

                                          </EngineRev>
                                          <EngineAccel Sound="trucks/western_star_49x/western_star_49x_acc">

                                          </EngineAccel>
                                          <Honk Sound="trucks/western_star_49x/western_star_49x_honk">

                                          </Honk>
                                          <EngineStop Sound="trucks/western_star_49x/western_star_49x_stop">

                                          </EngineStop>
                                          <Handbrake Sound="trucks/western_star_49x/western_star_49x_handbrake_on">

                                          </Handbrake>
                                          <EngineIdle_2d IsSound2D="true" Sound="trucks/western_star_49x/western_star_49x_idle_2d">

                                          </EngineIdle_2d>
                                          <HandbrakeOff Sound="trucks/western_star_49x/western_star_49x_handbrake_off">

                                          </HandbrakeOff>
                                          <EngineHeavy_2d IsSound2D="true" Sound="trucks/ws_6900xd_twin/ws_6900xd_twin_heavy_2d">

                                          </EngineHeavy_2d>
                                          <Reverse Sound="trucks/western_star_49x/western_star_49x_back_beeper">

                                          </Reverse>
                                          <EngineHigh_2d IsSound2D="true" Sound="trucks/western_star_49x/western_star_49x_high_2d">

                                          </EngineHigh_2d>
                                          <EngineIdle Sound="trucks/western_star_49x/western_star_49x_idle">

                                          </EngineIdle>
                                          <EngineStart Sound="trucks/western_star_49x/western_star_49x_start">

                                          </EngineStart>
                                          <EngineHigh Sound="trucks/western_star_49x/western_star_49x_high">

                                          </EngineHigh>
                                          <BrakePull Sound="trucks/western_star_49x/western_star_49x_brake_pull">

                                          </BrakePull>
                                          <EngineLow_2d IsSound2D="true" Sound="trucks/western_star_49x/western_star_49x_low_2d">

                                          </EngineLow_2d>
                                          <EngineHeavy Sound="trucks/ws_6900xd_twin/ws_6900xd_twin_heavy">

                                          </EngineHeavy>
                                          <BrakeRelease Sound="trucks/western_star_49x/western_star_49x_brake_release">

                                          </BrakeRelease>
                                          <EngineTrans Sound="trucks/common/truck_trans_forward_loop">

                                          </EngineTrans>
                        </Sounds>
                        <Intake Size="0.8" Origin="(3.792; 1.352; 0)" Dir="(1; 0; 0)">

                        </Intake>
                        <SoundsDamage _template="Heavy">

                        </SoundsDamage>
                        <LimitedFluid Type="Cylinder" Center="(1.322; 0.727; 0.803)" LengthX="1.227" RadiusZ="0.319" RadiusY="0.320">

                        </LimitedFluid>
                        <ExtraWheels Rim="rim_2" Tire="highway_2" Scale="0.6" WheelType="wheels_medium_double">
                                                    <Wheel _template="MiddleAxle" Pos="(-1.356; 0.556; 0.9)">

                                                    </Wheel>
                                                    <Wheel Pos="(-1.356; 0.556; 0.9)" _template="MiddleAxle" RightSide="true">

                                                    </Wheel>
                        </ExtraWheels>
                        <Camera ParentFrame="BoneCabin_cdt" Center="(-1.5; 0; 0)">
                                                    <Cockpit WindshieldShadingTexture="trucks/ws_49x_glass__sh_d.tga" WindshieldDiffuseTexture="trucks/ws_49x_glass__d_a.tga" _template="Default" ViewPos="(1.25; 2.561; 0.602)">
                                                          <Mirror FOVScale="2" Pos="(1.917; 2.402; 1.402)" ClipDir="(-0.921; 0; -0.391)" ReflectionDir="(-0.921; 0; -0.391)" Size="(0.2; 0.34)" ClipOffset="0.2" MeshFrame="mirror_left">
                                                            <SecondaryView FOVScale="1.5" ClipDir="(-0.928; 0; -0.371)" Pos="(1.891; 2.17; 1.392)" CurveAngle="10" MeshFrame="mirror_left_convex" Size="(0.2; 0.14)">

                                                            </SecondaryView>
                                                          </Mirror>
                                                          <Mirror FOVScale="2" Pos="(1.849; 2.402; -1.396)" ClipDir="(-0.819; 0; 0.574)" ReflectionDir="(-0.819; 0; 0.574)" Size="(0.2; 0.34)" ClipOffset="0.1" MeshFrame="mirror_right">
                                                            <SecondaryView FOVScale="1.5" ClipDir="(-0.838; 0; 0.546)" Pos="(1.842; 2.169; -1.393)" CurveAngle="10" MeshFrame="mirror_right_convex" Size="(0.2; 0.14)">

                                                            </SecondaryView>
                                                          </Mirror>
                                                          <Mirror FOVScale="2.5" Pos="(1.349; 2.636; -1.201)" ClipDir="(0.279; -0.868; 0.412)" ReflectionDir="(0.279; -0.868; 0.412)" Size="(0.32; 0.27)" ClipOffset="0.1" MeshFrame="mirror_right_1">

                                                          </Mirror>
                                                    </Cockpit>
                        </Camera>
                        <SuspensionSocket Default="western_star_49x_suspension_default" Type="s_western_star_49x" MaxWheelRadiusWithoutSuspension="0.85">

                        </SuspensionSocket>
                        <Wheels DefaultTire="highway_1" DefaultWheelType="wheels_medium_double" DefaultRim="rim_2">
                                                          <Wheel _template="FirstAxle" Pos="(3.07; 0.558; 1.025)">

                                                          </Wheel>
                                                          <Wheel Pos="(3.07; 0.558; 1.025)" _template="FirstAxle" RightSide="true">

                                                          </Wheel>
                                                          <Wheel _template="RearAxle" Pos="(-2.721; 0.556; 0.9)">

                                                          </Wheel>
                                                          <Wheel Pos="(-2.721; 0.556; 0.9)" _template="RearAxle" RightSide="true">

                                                          </Wheel>
                                                          <Wheel _template="RearAxle" Pos="(-4.119; 0.556; 0.9)">

                                                          </Wheel>
                                                          <Wheel Pos="(-4.119; 0.556; 0.9)" _template="RearAxle" RightSide="true">

                                                          </Wheel>
                        </Wheels>
                        <Axles>
                                                            <Axle Frame="BoneAxleFront">

                                                            </Axle>
                                                            <Axle Frame="BoneAxleRear1">

                                                            </Axle>
                                                            <Axle Frame="BoneAxleRear2">

                                                            </Axle>
                                                            <Axle Frame="BoneAxleRear3">

                                                            </Axle>
                        </Axles>
                        <Damage>
                                                              <DamageArea Max="(3.767; 1.855; 0.728)" Type="Engine" ParentFrame="BoneCabin_cdt" Min="(2.47; 0.8; -0.6)">

                                                              </DamageArea>
                                                              <DamageArea Max="(2.316; 1.132; 1.212)" Type="FuelTank" ParentFrame="BoneCabin_cdt" Min="(0.783; 0.404; -1.217)">

                                                              </DamageArea>
                        </Damage>
                        <OcclusionMap HalfSizeZ="1.8" MinX="-5" MaxX="4">

                        </OcclusionMap>
                        <EngineSocket Default="us_truck_modern_engine_0" Type="e_us_truck_modern, e_us_truck_modern_ws_49x">

                        </EngineSocket>
                        <WinchUpgradeSocket Default="w_heavy_trucks_default" IsUpgradable="true" Type="winches_heavy_trucks">

                        </WinchUpgradeSocket>
                        <SteeringWheel Frame="BoneSteering">

                        </SteeringWheel>
                        <CompatibleWheels Type="wheels_medium_double" RearOffsetZ="0.07" Scale="0.60">

                        </CompatibleWheels>
                        <SteeringRack RackHalfSizeZ="1.009" Frame="BoneRack" FrameSteerLeft="BoneRackLeft" FrameSteerRight="BoneRackRight">

                        </SteeringRack>
      </TruckData>
  </Truck>
  <_templates Include="trucks">
        <Socket>
            <Cabin2Chassis ParentFrame="BoneCabin_cdt" Offset="(0; 0; 0)">
                <ExtraParent Frame="BoneChassis_cdt">

                </ExtraParent>
            </Cabin2Chassis>
        </Socket>
        <Flare>
              <IgnitionSignalOrangeSmall Color="g(255; 140; 0) x 0.25" AspectRatio="1.4" DirAngle="60" Dir="(1; 0; 0)" Size="0.1" ColorMultAtDay="0.6">

              </IgnitionSignalOrangeSmall>
              <IgnitionSignalOrange Color="g(255; 140; 0) x 0.3" AspectRatio="1.4" DirAngle="135" Dir="(0; 1; 0)" Size="0.1" ColorMultAtDay="0.6">

              </IgnitionSignalOrange>
        </Flare>
        <Body>
                <Mirror Collisions="None" Mass="10">
                    <Constraint Type="Hinge" MaxLimit=".5" PivotOffset="(0; 0; 0)" AxisLocal="(1; 0; 0)" MinLimit="-.5">
                        <Motor Spring="300" Type="Spring" Damping="10">

                        </Motor>
                    </Constraint>
                </Mirror>
                <Sunshield Collisions="None" Mass="10">
                      <Constraint Type="Hinge" MaxLimit="10" PivotOffset="(0; 0; 0)" AxisLocal="(1; 0; 0)" MinLimit="-10">
                          <Motor Spring="100" Type="Spring" Damping="1">

                          </Motor>
                      </Constraint>
                </Sunshield>
        </Body>
        <Wheel>
                  <RearAxle Torque="default" Location="rear" ConnectedToHandbrake="true">

                  </RearAxle>
                  <MiddleAxle Torque="none" Location="middle" MeshType="rear">

                  </MiddleAxle>
                  <FirstAxle SteeringCastor="0" Torque="connectable" ParentFrame="BoneCabin_cdt" SteeringJointOffset="0.23" SteeringAngle="36" Location="front">

                  </FirstAxle>
        </Wheel>
  </_templates>