<GearboxVariants>
	<Gearbox
		AWDConsumptionModifier="1.1"
		CriticalDamageThreshold="0.5"
		DamageCapacity="120"
		DamagedConsumptionModifier="1.4"
		FuelConsumption="1.8"
		IdleFuelModifier="0.2"
		Name="g_scout_default"
		MinBreakFreq="0.0"
		MaxBreakFreq="15.0"
	>
		<ReverseGear AngVel="2.0" FuelModifier="0.9" />
		<HighGear AngVel="10.0" FuelModifier="1.5" />
		<Gear AngVel="3.0" FuelModifier="1.5" />
		<Gear AngVel="6.0" FuelModifier="1.3" />
		<Gear AngVel="8.0" FuelModifier="1.1" />
		<Gear AngVel="14.0" FuelModifier="1.0" />
		<Gear AngVel="20.0" FuelModifier="0.9" />
		<GameData
			Price="1500"
			UnlockByExploration="false"
			UnlockByRank="1"
		>
			<GearboxParams 
				IsHighGearExists="false" 
				IsLowerGearExists="true" 
				IsLowerPlusGearExists="false" 
				IsLowerMinusGearExists="false"
			/>
			<UiDesc
				UiDesc="UI_GEARBOX_SCOUT_DEFAULT_DESC"
				UiIcon30x30=""
				UiIcon40x40=""
				UiName="UI_GEARBOX_SCOUT_DEFAULT_NAME"
			/>
		</GameData>
	</Gearbox>
	<Gearbox
		AWDConsumptionModifier="1.1"
		CriticalDamageThreshold="0.4"
		DamageCapacity="100"
		DamagedConsumptionModifier="1.7"
		FuelConsumption="1.4"
		IdleFuelModifier="0.2"
		Name="g_scout_highway"
		MinBreakFreq="0.0"
		MaxBreakFreq="20.0"
	>
		<ReverseGear AngVel="3.0" FuelModifier="0.9" />
		<HighGear AngVel="15.0" FuelModifier="1.5" />
		<Gear AngVel="1.5" FuelModifier="1.7" />
		<Gear AngVel="3.0" FuelModifier="1.5" />
		<Gear AngVel="6.0" FuelModifier="1.3" />
		<Gear AngVel="10.0" FuelModifier="1.1" />
		<Gear AngVel="18.0" FuelModifier="1.0" />
		<Gear AngVel="24.0" FuelModifier="0.9" />
		<GameData
			Price="1900"
			UnlockByExploration="true"
			UnlockByRank="1"
		>
			<GearboxParams 
				IsHighGearExists="true" 
				IsLowerGearExists="true" 
				IsLowerPlusGearExists="false" 
				IsLowerMinusGearExists="false"
			/>
			<UiDesc
				UiDesc="UI_GEARBOX_SCOUT_HIGHWAY_DESC"
				UiIcon30x30=""
				UiIcon40x40=""
				UiName="UI_GEARBOX_SCOUT_HIGHWAY_NAME"
			/>
		</GameData>
	</Gearbox>
	<Gearbox
		AWDConsumptionModifier="1.1"
		CriticalDamageThreshold="0.6"
		DamageCapacity="150"
		DamagedConsumptionModifier="1.5"
		FuelConsumption="2.2"
		IdleFuelModifier="0.2"
		Name="g_scout_offroad"
		MinBreakFreq="0.0"
		MaxBreakFreq="25.0"
	>
		<ReverseGear AngVel="1.5" FuelModifier="0.9" />
		<HighGear AngVel="12.0" FuelModifier="1.5" />
		<Gear AngVel="3.0" FuelModifier="1.5" />
		<Gear AngVel="6.0" FuelModifier="1.3" />
		<Gear AngVel="12.0" FuelModifier="1.1" />
		<Gear AngVel="16.0" FuelModifier="1.0" />
		<GameData
			Price="2100"
			UnlockByExploration="true"
			UnlockByRank="1"
		>
			<GearboxParams 
				IsHighGearExists="true" 
				IsLowerGearExists="true" 
				IsLowerPlusGearExists="true" 
				IsLowerMinusGearExists="true"
			/>
			<UiDesc
				UiDesc="UI_GEARBOX_SCOUT_OFFROAD_DESC"
				UiIcon30x30=""
				UiIcon40x40=""
				UiName="UI_GEARBOX_SCOUT_OFFROAD_NAME"
			/>
		</GameData>
	</Gearbox>
	<Gearbox
		AWDConsumptionModifier="1.1"
		CriticalDamageThreshold="0.5"
		DamageCapacity="110"
		DamagedConsumptionModifier="1.5"
		FuelConsumption="2.2"
		IdleFuelModifier="0.2"
		Name="g_scout_finetune"
		MinBreakFreq="0.0"
		MaxBreakFreq="35.0"
	>
		<ReverseGear AngVel="1.5" FuelModifier="0.9" />
		<HighGear AngVel="11.0" FuelModifier="1.5" />
		<Gear AngVel="2.5" FuelModifier="1.5" />
		<Gear AngVel="5.0" FuelModifier="1.3" />
		<Gear AngVel="10.0" FuelModifier="1.1" />
		<Gear AngVel="13.0" FuelModifier="1.0" />
		<GameData
			Price="1900"
			UnlockByExploration="true"
			UnlockByRank="1"
		>
			<GearboxParams 
				IsHighGearExists="true" 
				IsLowerGearExists="true" 
				IsLowerPlusGearExists="true" 
				IsLowerMinusGearExists="true"
				IsManualLowGear="true"
			/>
			<UiDesc
				UiDesc="UI_GEARBOX_SCOUT_FINETUNE_DESC"
				UiIcon30x30=""
				UiIcon40x40=""
				UiName="UI_GEARBOX_SCOUT_FINETUNE_NAME"
			/>
		</GameData>
	</Gearbox>
</GearboxVariants>
