  <Truck>
      <PhysicsModel Mesh="trucks/jeep_cj7_renegade">
          <NetSync Legacy="false">

          </NetSync>
          <Body CenterOfMassOffset="(0; 0; 0)" ImpactType="Truck" NetSync="pv" ModelFrame="BoneChassis_cdt" Mass="1000">
                  <Body CenterOfMassOffset="(0; 0; 0)" ImpactType="Truck" NetSync="pv" ModelFrame="BoneCabin_cdt" Mass="700">
                    <Constraint Type="Fixed">

                    </Constraint>
                        <Body _template="SideMirror" ModelFrame="BoneMirrorLeft_cdt">

                        </Body>
                        <Body _template="SideMirror" ModelFrame="BoneMirrorRight_cdt">

                        </Body>
                        <Body _template="SunShield" ModelFrame="BoneSunshieldLeft_cdt">

                        </Body>
                        <Body _template="SunShield" ModelFrame="BoneSunshieldRight_cdt">

                        </Body>
                        <Body _template="Antenna" ModelFrame="BoneAntenna_cdt">

                        </Body>
                  </Body>
                  <Body _template="TieRod" ModelFrame="BoneTieRod1_cdt">
                    <Constraint MinLimit="-30" Name="TieRodSteer" MaxLimit="30" AxisLocal="(0; 1; 0)">

                    </Constraint>
                  </Body>
          </Body>
      </PhysicsModel>
      <GameData Country="US" Price="2500" Recallable="true" UnlockByRank="1" UnlockByExploration="false">
            <CustomizationCameras>
                  <CameraPos Interior="true" Position="(5.4; 1.5; -0.5)" FOV="32.0" InterestPosition="(6.6; 0.2; 1.1)" Name="sticker">

                  </CameraPos>
                  <CameraPos Interior="true" Position="(5.25; 1.55; -0.4)" FOV="32.0" InterestPosition="(6.6; 0.2; 1.7)" Name="sticker_1">

                  </CameraPos>
                  <CameraPos InterestPosition="(3.896; 0.774; 0)" Name="addon_1" MaxXRotation="360" Position="(0.912; 4.08; 2.215)" MaxZoom="2" FOV="32.0" MaxYRotation="360">

                  </CameraPos>
                  <CameraPos InterestPosition="(4.5; 1.5; 0)" Name="addon_2" MaxXRotation="360" Position="(0; 3; -4)" MaxZoom="2" FOV="32.0" MaxYRotation="360">

                  </CameraPos>
                  <CameraPos Interior="true" Position="(5; 1.5; -0.4)" FOV="32.0" InterestPosition="(7.1; 0.7; 1.2)" Name="mirror_mount">

                  </CameraPos>
                  <CameraPos InterestPosition="(4.679; 0.759; -0)" Name="side_r" MaxXRotation="360" Position="(9.22; 3; -2.085)" MaxZoom="2" FOV="32.0" MaxYRotation="360">

                  </CameraPos>
                  <CameraPos InterestPosition="(6.5; 1; 0)" Name="side_l" MaxXRotation="360" Position="(8.5; 3; 4)" MaxZoom="2" FOV="32.0" MaxYRotation="360">

                  </CameraPos>
                  <CameraPos InterestPosition="(5; 1; 0)" Name="roof" MaxXRotation="360" Position="(10; 3.473; -2.51)" MaxZoom="2" FOV="32.0" MaxYRotation="360">

                  </CameraPos>
                  <CameraPos Interior="true" Position="(8.821; 2.615; 0.877)" FOV="32.0" InterestPosition="(6.517; 1.5; -0.706)" Name="glass_sticker">

                  </CameraPos>
                  <CameraPos InterestPosition="(5.569; 0.976; 0)" Name="hoods" MaxXRotation="360" Position="(11.332; 1.526; -4.276)" MaxZoom="2" FOV="32.0" MaxYRotation="360">

                  </CameraPos>
                  <CameraPos Interior="true" Position="(5; 1.5; -0.4)" FOV="32.0" InterestPosition="(7.1; 0.7; 1.2)" Name="bubble_head">

                  </CameraPos>
                  <CameraPos InterestPosition="(5.421; 0.413; -0)" Name="wheels" MaxXRotation="360" Position="(8.421; 0.885; -3.51)" MaxZoom="2" FOV="32.0" MaxYRotation="360">

                  </CameraPos>
                  <CameraPos InterestPosition="(5.569; 0.976; 0)" Name="default" MaxXRotation="360" Position="(11.332; 1.526; -4.276)" MaxZoom="2" FOV="32.0" MaxYRotation="360">

                  </CameraPos>
                  <CameraPos InterestPosition="(5; 0.956; 0)" Name="rear" MaxXRotation="360" Position="(1; 1.683; 3.899)" MaxZoom="2" FOV="32.0" MaxYRotation="360">

                  </CameraPos>
                  <CameraPos Interior="true" Position="(9.299; 3.937; -0.485)" FOV="32.0" InterestPosition="(6.708; 0.662; -0.826)" Name="capote_sticker">

                  </CameraPos>
                  <CameraPos Interior="true" Position="(7.692; 4.063; -0.578)" FOV="32.0" InterestPosition="(4.34; 0.363; -0.479)" Name="roof_sticker">

                  </CameraPos>
                  <CameraPos Interior="true" Position="(4.358; 1.478; 2.92)" FOV="32.0" InterestPosition="(6.582; 0.793; 1.174)" Name="door_r_sticker">

                  </CameraPos>
                  <CameraPos Interior="true" Position="(4.296; 1.361; -2.777)" FOV="32.0" InterestPosition="(5.384; 0.765; 0.362)" Name="door_l_sticker">

                  </CameraPos>
                  <CameraPos Interior="true" Position="(8; 1.3; -0.812)" FOV="32.0" InterestPosition="(6.9; 0.95; -0.812)" Name="hood_ornament">

                  </CameraPos>
            </CustomizationCameras>
                <CraneSocket Pos="(1.786; 0.464; 0.373)">

                </CraneSocket>
                <CraneSocket Pos="(1.786; 0.464; -0.373)">

                </CraneSocket>
                <CraneSocket Pos="(-0.5; 1.65; 0)">

                </CraneSocket>
                <CraneSocket Pos="(-0.072; 0.499; 0.814)">

                </CraneSocket>
                <CraneSocket Pos="(-0.072; 0.499; -0.814)">

                </CraneSocket>
                <CraneSocket Pos="(-1.9; 0.568; 0)">

                </CraneSocket>
                  <AddonSockets DefaultAddon="jeep_cj7_renegade_bumper_default">
                    <Socket Names="CJ7FrontBumper">

                    </Socket>
                  </AddonSockets>
                  <AddonSockets DefaultAddon="jeep_cj7_renegade_rear_bumper_default">
                    <Socket ParentFrame="BoneCabin_cdt" Names="CJ7RearBumper">

                    </Socket>
                  </AddonSockets>
                  <AddonSockets DefaultAddon="jeep_cj7_renegade_threshold_default">
                    <Socket ParentFrame="BoneCabin_cdt" Names="CJ7Threshold">

                    </Socket>
                  </AddonSockets>
                  <AddonSockets DefaultAddon="jeep_cj7_renegade_diff_lock_default">
                    <Socket ParentFrame="BoneChassis_cdt" Offset="(0; 0; 0)" Names="JeepCJ7RenegadeDiffLock">

                    </Socket>
                  </AddonSockets>
                  <AddonSockets>
                    <Socket ParentFrame="BoneCabin_cdt" Names="JeepCJ7RenegadeSpotlight">

                    </Socket>
                  </AddonSockets>
                  <AddonSockets>
                    <Socket ParentFrame="BoneCabin_cdt" NamesBlock="JeepCJ7RenegadeHorn1" Names="JeepCJ7RenegadeFlasher">

                    </Socket>
                  </AddonSockets>
                  <AddonSockets>
                    <Socket ParentFrame="BoneCabin_cdt" Names="JeepCJ7RenegadeVisor">

                    </Socket>
                  </AddonSockets>
                  <AddonSockets>
                    <Socket ParentFrame="BoneCabin_cdt" NamesBlock="JeepCJ7RenegadeVisor" Names="CJ7RenegadeRoofrack">

                    </Socket>
                  </AddonSockets>
                  <AddonSockets>
                      <Socket ParentFrame="BoneCabin_cdt" Names="JeepCJ7RenegadeHorn1">

                      </Socket>
                      <Socket ParentFrame="BoneCabin_cdt" Names="JeepCJ7RenegadeHorn2">

                      </Socket>
                  </AddonSockets>
                  <AddonSockets>
                    <Socket Names="CJ7RenegadeSnorkel">

                    </Socket>
                  </AddonSockets>
                  <AddonSockets>
                    <Socket Names="StuffAirfreshener" InCockpit="true" ParentFrame="BoneCabin_cdt" Offset="(0.069; 1.470; 0.014)">

                    </Socket>
                  </AddonSockets>
                  <AddonSockets>
                    <Socket Names="StuffDashboard" InCockpit="true" ParentFrame="BoneCabin_cdt" Offset="(0.14; 1.211; 0.157)">

                    </Socket>
                  </AddonSockets>
                  <AddonSockets>
                    <Socket ParentFrame="BoneCabin_cdt" InCockpit="true" Names="StuffHoodJeepCJ7Renegade">

                    </Socket>
                  </AddonSockets>
                  <AddonSockets>
                    <Socket ParentFrame="BoneCabin_cdt" InCockpit="true" Names="JeepCJ7RenegadeSticker_1x1_01">

                    </Socket>
                  </AddonSockets>
                  <AddonSockets>
                    <Socket ParentFrame="BoneCabin_cdt" InCockpit="true" Names="JeepCJ7RenegadeSticker_1x1_02">

                    </Socket>
                  </AddonSockets>
                  <AddonSockets>
                    <Socket ParentFrame="BoneCabin_cdt" InCockpit="true" Names="JeepCJ7RenegadeSticker_1x1_03">

                    </Socket>
                  </AddonSockets>
                  <AddonSockets>
                    <Socket ParentFrame="BoneCabin_cdt" InCockpit="true" Names="JeepCJ7RenegadeSticker_1x2_01">

                    </Socket>
                  </AddonSockets>
                  <AddonSockets>
                    <Socket ParentFrame="BoneCabin_cdt" InCockpit="true" Names="JeepCJ7RenegadeSticker_1x2_02">

                    </Socket>
                  </AddonSockets>
                  <AddonSockets>
                    <Socket ParentFrame="BoneCabin_cdt" InCockpit="true" Names="JeepCJ7RenegadeSticker_1x4_01">

                    </Socket>
                  </AddonSockets>
                  <AddonSockets>
                    <Socket ParentFrame="BoneCabin_cdt" InCockpit="true" Names="JeepCJ7RenegadeSticker_Roof">

                    </Socket>
                  </AddonSockets>
                  <AddonSockets>
                    <Socket ParentFrame="BoneCabin_cdt" InCockpit="true" Names="JeepCJ7RenegadeSticker_Capote">

                    </Socket>
                  </AddonSockets>
                  <AddonSockets>
                    <Socket ParentFrame="BoneCabin_cdt" InCockpit="true" Names="JeepCJ7RenegadeSticker_Door_L">

                    </Socket>
                  </AddonSockets>
                  <AddonSockets>
                    <Socket ParentFrame="BoneCabin_cdt" InCockpit="true" Names="JeepCJ7RenegadeSticker_Door_R">

                    </Socket>
                  </AddonSockets>
                  <AddonSockets>
                    <Socket ParentFrame="BoneCabin_cdt" InCockpit="true" Names="JeepCJ7RenegadeSticker_GlassTop">

                    </Socket>
                  </AddonSockets>
                    <WinchSocket Pos="(1.786; 0.464; 0.373)">

                    </WinchSocket>
                    <WinchSocket Pos="(1.786; 0.464; -0.373)">

                    </WinchSocket>
                    <WinchSocket Pos="(-0.072; 0.499; 0.814)">

                    </WinchSocket>
                    <WinchSocket Pos="(-0.072; 0.499; -0.814)">

                    </WinchSocket>
                    <WinchSocket Pos="(-1.9; 0.568; 0)">

                    </WinchSocket>
            <UiDesc UiDesc="UI_VEHICLE_JEEP_CJ7_RENEGADE_DESC" UiIcon30x30="scoutVehicleImg30" UiName="UI_VEHICLE_JEEP_CJ7_RENEGADE_NAME" UiIconLogo="JeepLogo80" UiIcon40x40="scoutVehicleImg" UiIcon328x458="shopImgJeepRenegade">

            </UiDesc>
      </GameData>
      <ControlledConstraints>
              <Constraint Name="TieRodSteer" IsLinkedSteering="true" Id="chassis_steer">

              </Constraint>
      </ControlledConstraints>
      <HeadLight _template="Default" Pos="(1.49; 0.853; 0)">

      </HeadLight>
      <TruckData EngineIconMesh="env/engine_small" EngineStartDelay="1.8" TruckType="SCOUT" ExhaustStartTime="1.6" SteerSpeed="0.032" TruckImage="jeeprenegatemchr" DiffLockType="Uninstalled" Responsiveness="0.6" FuelCapacity="75" EngineIconScale="1.15" BackSteerSpeed="0.06">
                  <Driver SteeringWheelPos="(-0.074; 1.124; 0.369)" Pos="(-0.38; 0.737; 0.31)" AnimationSet="Scout">

                  </Driver>
                  <Shafts>
                          <Shaft Mesh="env/minishaft" SocketPointB="Shaft1b" SocketPointA="Shaft1a">

                          </Shaft>
                          <Shaft Mesh="env/minishaft" SocketPointB="Shaft2b" SocketPointA="Shaft2a">

                          </Shaft>
                  </Shafts>
                  <FuelTank DamageCapacity="50">

                  </FuelTank>
                  <Dashboard>
                              <Gauge Org="(0.216; 0.972; 0.038)" OutputAngles="(-95; 95)" Mesh="trucks/arrows/jeep_cj7_renegade_arrow_01" Damping="0.99" InputRange="(0;120)" InputType="speed" Dir="(-1; 0; 0)">

                              </Gauge>
                              <Gauge Org="(0.222; 1.002; 0.231)" OutputAngles="(-135; 135)" Mesh="trucks/arrows/jeep_cj7_renegade_arrow_02" Damping="0.99" InputRange="(0;1)" InputType="rpm" Dir="(-1; 0; 0)">

                              </Gauge>
                              <Gauge Org="(0.216; 0.95; 0.02)" OutputAngles="(165; 125)" Mesh="trucks/arrows/jeep_cj7_renegade_arrow_04" Damping="0.99" InputRange="(0;1)" InputType="fuel" Dir="(-1; 0; 0)">

                              </Gauge>
                              <Gauge Org="(0.217; 0.955; -0.074)" OutputAngles="(-32; -12)" Mesh="trucks/arrows/jeep_cj7_renegade_arrow_03" Damping="0.99" InputRange="(0;1)" InputType="engineEnabled" Dir="(-1; 0; 0)">

                              </Gauge>
                              <Gauge Org="(0.217; 0.955; -0.145)" OutputAngles="(-32; 5)" Mesh="trucks/arrows/jeep_cj7_renegade_arrow_03" Damping="0.99" InputRange="(0;1)" InputType="engineEnabled" Dir="(-1; 0; 0)">

                              </Gauge>
                              <Gauge Org="(0.216; 0.948; 0.056)" OutputAngles="(-120; -145)" Mesh="trucks/arrows/jeep_cj7_renegade_arrow_04" Damping="0.99" InputRange="(0;1)" InputType="engineEnabled" Dir="(-1; 0; 0)">

                              </Gauge>
                  </Dashboard>
                  <SoundsWheels _template="Default">

                  </SoundsWheels>
                  <GearboxSocket Default="g_scout_default" Type="gearboxes_scouts">

                  </GearboxSocket>
                  <Steam Origin="(0.83; 0.91; 0)">

                  </Steam>
                  <Sounds DisableReversePitch="false" MinDist="8.0" _template="Default" Origin="(0.81; 0.779; -0.2)">
                                    <BrakesSqueal Sound="trucks/jeep_cj7/jeep_cj7_brakes_squeal">

                                    </BrakesSqueal>
                                    <AbruptStop Sound="">

                                    </AbruptStop>
                                    <EngineLow Sound="trucks/jeep_cj7/jeep_cj7_low">

                                    </EngineLow>
                                    <EngineRev Sound="trucks/jeep_cj7/jeep_cj7_rev">

                                    </EngineRev>
                                    <EngineAccel Sound="trucks/jeep_cj7/jeep_cj7_acc">

                                    </EngineAccel>
                                    <Honk Sound="trucks/jeep_cj7/jeep_cj7_honk">

                                    </Honk>
                                    <EngineStop Sound="trucks/jeep_cj7/jeep_cj7_stop">

                                    </EngineStop>
                                    <Handbrake Sound="trucks/jeep_cj7/jeep_cj7_handbrake_on">

                                    </Handbrake>
                                    <Gear Sound="trucks/jeep_cj7/jeep_cj7_gear_shift">

                                    </Gear>
                                    <EngineIdle_2d IsSound2D="true" Sound="trucks/jeep_cj7/jeep_cj7_idle_2d">

                                    </EngineIdle_2d>
                                    <HandbrakeOff Sound="trucks/jeep_cj7/jeep_cj7_handbrake_off">

                                    </HandbrakeOff>
                                    <EngineHeavy_2d IsSound2D="true" Sound="trucks/jeep_cj7/jeep_cj7_heavy_2d">

                                    </EngineHeavy_2d>
                                    <ChassisStress Sound="trucks/hummer_h2/hummer_h2_chassis">

                                    </ChassisStress>
                                    <Reverse Sound="">

                                    </Reverse>
                                    <EngineHigh_2d IsSound2D="true" Sound="trucks/jeep_cj7/jeep_cj7_high_2d">

                                    </EngineHigh_2d>
                                    <EngineIdle Sound="trucks/jeep_cj7/jeep_cj7_idle">

                                    </EngineIdle>
                                    <EngineStart Sound="trucks/jeep_cj7/jeep_cj7_start">

                                    </EngineStart>
                                    <EngineHigh Sound="trucks/jeep_cj7/jeep_cj7_high">

                                    </EngineHigh>
                                    <BrakePull Sound="">

                                    </BrakePull>
                                    <EngineLow_2d IsSound2D="true" Sound="trucks/jeep_cj7/jeep_cj7_low_2d">

                                    </EngineLow_2d>
                                    <EngineHeavy Sound="trucks/jeep_cj7/jeep_cj7_heavy">

                                    </EngineHeavy>
                                    <BrakeRelease Sound="">

                                    </BrakeRelease>
                                    <GearFail Sound="trucks/common/truck_gear_wrong/truck_gear_wrong_small_modern">

                                    </GearFail>
                  </Sounds>
                  <Exhaust IsLight="true" Dir="(-0.711; 0; 0.703)" Origin="(-1.745; 0.376; 0.644)" Speed="2.0">

                  </Exhaust>
                  <SoundsDamage _template="Scout">

                  </SoundsDamage>
                  <Shakers>
                                            <Shaker MinAngle="(0.3; 0.3; 0.3)" Frame="BoneExhaust" MaxAngle="(1.2; 1.2; 1.2)" MaxFrequency="6">

                                            </Shaker>
                                            <Shaker MinAngle="(0.6; 0.6; 0.6)" Frame="BoneGearbox" MaxAngle="(0.8; 0.8; 0.8)" MaxFrequency="0.6">

                                            </Shaker>
                                            <Shaker MinAngle="(0.5; 0.5; 0.5)" Frame="BoneShaker1" MaxAngle="(0.7; 0.7; 0.7)" MaxFrequency="0.6">

                                            </Shaker>
                  </Shakers>
                  <Camera Center="(-1.2; 0; 0)" RadiusMultiplier="0.8">
                                            <Cockpit WindshieldShadingTexture="trucks/jeep_cj7_renegade_glass__sh_d.tga" WindshieldDiffuseTexture="trucks/jeep_cj7_renegade_glass__d_a.tga" _template="Default" ViewPos="(-0.439; 1.416; 0.389)">
                                                  <Mirror FOVScale="1" Pos="(0.181; 1.289; 0.942)" ClipDir="(-0.926; 0.012; -0.377)" ReflectionDir="(-0.926; 0.012; -0.377)" Size="(0.22; 0.22)" ClipOffset="0.1" MeshFrame="mirror_left">

                                                  </Mirror>
                                                  <Mirror FOVScale="1" Pos="(0.162; 1.261; -0.898)" ClipDir="(-0.826; 0.098; 0.555)" ReflectionDir="(-0.826; 0.098; 0.555)" Size="(0.22; 0.22)" ClipOffset="0.1" MeshFrame="mirror_right">

                                                  </Mirror>
                                                  <Mirror FOVScale="1.5" Pos="(0.028; 1.443; 0.017)" ClipDir="(-0.946; -0.094; 0.311)" ReflectionDir="(-0.946; -0.094; 0.311)" Size="(0.20; 0.06)" ClipOffset="0.1" MeshFrame="hp_cab_mirror">

                                                  </Mirror>
                                            </Cockpit>
                  </Camera>
                  <SuspensionSocket Default="jeep_cj7_renegade_suspension_default" Type="s_jeep_cj7_renegade" MaxWheelRadiusWithoutSuspension="0.27">

                  </SuspensionSocket>
                  <Wheels DefaultTire="highway_1" DefaultWheelType="wheels_scout1" DefaultRim="rim_1">
                                                  <Wheel _template="FrontWheel" Pos="(1.187; 0.297; 0.655)">

                                                  </Wheel>
                                                  <Wheel Pos="(1.187; 0.297; 0.655)" _template="FrontWheel" RightSide="true">

                                                  </Wheel>
                                                  <Wheel _template="RearWheel" Pos="(-1.186; 0.299; 0.655)">

                                                  </Wheel>
                                                  <Wheel Pos="(-1.186; 0.299; 0.655)" _template="RearWheel" RightSide="true">

                                                  </Wheel>
                  </Wheels>
                  <Axles>
                                                    <Axle Frame="BoneAxle1">

                                                    </Axle>
                                                    <Axle Frame="BoneAxle2">

                                                    </Axle>
                  </Axles>
                  <Damage>
                                                      <DamageArea Max="(1.491; 0.963; 0.471)" Type="Engine" Min="(0.75; 0.512; -0.471)">

                                                      </DamageArea>
                                                      <DamageArea Max="(0.7; 0.64; 0.6)" Type="FuelTank" ParentFrame="BoneChassis_cdt" Min="(-0.8; 0.34; -0.6)">

                                                      </DamageArea>
                  </Damage>
                  <OcclusionMap Texture="trucks/occlusion/chassis_small__s_d_a.tga" MaxX="2.5" MinX="-2.4" HalfSizeZ="1.5">

                  </OcclusionMap>
                  <EngineSocket Default="us_scout_old_engine_0" Type="e_us_scout_old">

                  </EngineSocket>
                  <WinchUpgradeSocket Default="w_scout_default" IsUpgradable="true" Type="winches_scouts">

                  </WinchUpgradeSocket>
                  <SteeringWheel Frame="BoneSteering">

                  </SteeringWheel>
                                                            <CompatibleWheels OffsetZ="0.02" Scale="0.35" Type="wheels_scout_offroad2_jeep_wrangler">

                                                            </CompatibleWheels>
                                                            <CompatibleWheels OffsetZ="0.04" Scale="0.35" Type="wheels_scout1">

                                                            </CompatibleWheels>
                                                            <CompatibleWheels OffsetZ="0.04" Scale="0.35" Type="wheels_scout2">

                                                            </CompatibleWheels>
                                                            <CompatibleWheels OffsetZ="0.05" Scale="0.4" Type="wheels_scout2">

                                                            </CompatibleWheels>
                  <SteeringRack RackHalfSizeZ="0.589" Frame="BoneRack" FrameSteerLeft="BoneRackLeft" FrameSteerRight="BoneRackRight">

                  </SteeringRack>
      </TruckData>
      <Landmark Mesh="landmarks/jeep_cj7_renegade_lmk" MaxScale="3.8" MinScale="1.8">

      </Landmark>
      <AutomaticIK>
                      <IKBone ParentFrame="BoneTieRod1_cdt" ModelFrame="BoneTieRod2">
                          <IKBone AttachToFrame="BoneRackRight" AttachOffset="(0; 0; 0)" ModelFrame="BoneTieRod3">
                              <IKJoint AxisLocal="(0; 0; 1)" Type="Slider">

                              </IKJoint>
                          </IKBone>
                          <IKJoint AxisLocal="(0; 0; 1)" Type="Hinge2">

                          </IKJoint>
                      </IKBone>
      </AutomaticIK>
      <Snorkel Origin="(1.491; 0.839; 0)">

      </Snorkel>
      <ModelAttachments>
                          <StopSignals>
                                <Flare Size="0.4" _template="StopSignal" Pos="(-1.877; 0.77; -0.594)">

                                </Flare>
                                <Flare Size="0.4" _template="StopSignal" Pos="(-1.877; 0.77; 0.594)">

                                </Flare>
                              <Light _template="StopSignal" Pos="(-1.929; 0.628; 0)">

                              </Light>
                          </StopSignals>
                          <Ignition>
                                  <Flare _template="IgnitionSignalRed" Pos="(-1.877; 0.77; -0.594)">

                                  </Flare>
                                  <Flare _template="IgnitionSignalRed" Pos="(-1.877; 0.77; 0.594)">

                                  </Flare>
                                  <Flare Color="g(255; 235; 215) x 0.5" Pos="(1.513; 0.853; -0.317)" Size=".3" _template="IgnitionSignalWhite">

                                  </Flare>
                                  <Flare Color="g(255; 235; 215) x 0.5" Pos="(1.513; 0.853; 0.317)" Size=".3" _template="IgnitionSignalWhite">

                                  </Flare>
                                  <Flare Color="g(255; 215; 105) x 0.3" Pos="(1.513; 0.67; -0.281)" Size=".3" _template="IgnitionSignalOrange">

                                  </Flare>
                                  <Flare Color="g(255; 215; 105) x 0.3" Pos="(1.513; 0.67; 0.281)" Size=".3" _template="IgnitionSignalOrange">

                                  </Flare>
                                  <Flare Size=".2" _template="IgnitionSignalOrange" Pos="(1.451; 0.787; -0.723)">

                                  </Flare>
                                  <Flare Size=".2" _template="IgnitionSignalOrange" Pos="(1.451; 0.787; 0.723)">

                                  </Flare>
                                  <Flare Size=".2" _template="IgnitionSignalOrange" Pos="(-1.702; 0.787; -0.723)">

                                  </Flare>
                                  <Flare Size=".2" _template="IgnitionSignalOrange" Pos="(-1.702; 0.787; 0.723)">

                                  </Flare>
                                    <Light Pos="(1.513; 0.853; -0.317)" _template="IgnitionSignalWhite" Color="g(240; 200; 165) x 1.0">

                                    </Light>
                                    <Light Pos="(1.513; 0.853; 0.317)" _template="IgnitionSignalWhite" Color="g(240; 200; 165) x 1.0">

                                    </Light>
                                    <Light _template="IgnitionSignalRed" Pos="(-1.877; 0.77; 0)">

                                    </Light>
                          </Ignition>
                          <HeadLight>
                                    <Flare Color="g(255; 235; 215) x 0.37" Pos="(1.513; 0.853; -0.317)" Size="0.4" _template="HeadLight">

                                    </Flare>
                                    <Flare Color="g(255; 235; 215) x 0.37" Pos="(1.513; 0.853; 0.317)" Size="0.4" _template="HeadLight">

                                    </Flare>
                                    <Flare Color="g(255; 235; 215) x 0.37" Pos="(1.513; 0.853; -0.317)" Size="0.1" _template="HeadLight">

                                    </Flare>
                                    <Flare Color="g(255; 235; 215) x 0.37" Pos="(1.513; 0.853; 0.317)" Size="0.1" _template="HeadLight">

                                    </Flare>
                                    <Flare Color="g(220; 220; 255) x 0.07" Pos="(1.513; 0.853; -0.317)" Size="0.7" _template="BlueStreak">

                                    </Flare>
                                    <Flare Color="g(220; 220; 255) x 0.07" Pos="(1.513; 0.853; 0.317)" Size="0.7" _template="BlueStreak">

                                    </Flare>
                                      <Model Org="(1.513; 0.853; -0.317)" _template="HeadLightRay">

                                      </Model>
                                      <Model Org="(1.513; 0.853; 0.317)" _template="HeadLightRay">

                                      </Model>
                          </HeadLight>
                          <ReverseSignals>
                                      <Flare Dir="(-1; 0; 0)" Size="0.5" _template="ReverseSignal" Pos="(-1.877; 0.825; -0.594)">

                                      </Flare>
                                      <Flare Dir="(-1; 0; 0)" Size="0.5" _template="ReverseSignal" Pos="(-1.877; 0.825; 0.594)">

                                      </Flare>
                                    <Light Pos="(-1.877; 0.628; 0)" _template="ReverseSignal" Color="g(255; 230; 215) x 0.8">

                                    </Light>
                          </ReverseSignals>
      </ModelAttachments>
  </Truck>
  <_templates Include="trucks">
        <Wheel>
            <RearWheel Torque="default" Location="rear" ConnectedToHandbrake="true">

            </RearWheel>
            <FrontWheel SteeringCastor="8" Torque="full" SteeringAngle="35" Location="front">

            </FrontWheel>
        </Wheel>
        <Body>
              <SideMirror Collisions="None" Mass="5">
                  <Constraint MinLimit="-2" Type="Hinge" MaxLimit="2" AxisLocal="(0; 1; 0)">
                      <Motor Spring="250" Type="Spring" Damping="7.5">

                      </Motor>
                  </Constraint>
              </SideMirror>
              <Antenna Collisions="None" Mass="2">
                    <Constraint Type="Ragdoll" PlaneAxisLocal="(0; 0; 1)" PlaneMax="7" PlaneMin="-7" Cone="7" TwistAxisLocal="(0; 1; 0)">
                        <PlaneMotor Spring="60" Type="Spring" Damping=".1">

                        </PlaneMotor>
                        <ConeMotor Spring="60" Type="Spring" Damping=".1">

                        </ConeMotor>
                    </Constraint>
              </Antenna>
              <SunShield Collisions="None" Mass="2">
                      <Constraint MinLimit="-3" Type="Hinge" MaxLimit="3" AxisLocal="(0; 1; 0)">
                          <Motor Spring="5" Type="Spring" Damping="0.1">

                          </Motor>
                      </Constraint>
              </SunShield>
        </Body>
  </_templates>