  <Truck>
      <PhysicsModel Mesh="trucks/jeep_wrangler">
          <NetSync Legacy="false">

          </NetSync>
          <Body CenterOfMassOffset="(1; -0.5; 0)" ImpactType="Truck" NetSync="pv" Mass="1000">
                  <Body CenterOfMassOffset="(0; -0.5; 0)" ImpactType="Truck" NetSync="pv" ModelFrame="BoneEngine_cdt" Mass="1000">
                    <Constraint Type="Fixed">

                    </Constraint>
                        <Body _template="SideMirror" ModelFrame="BoneMirrorLeft_cdt">
                          <Constraint AxisLocal="(0; 1; 0)">

                          </Constraint>
                        </Body>
                        <Body _template="SideMirror" ModelFrame="BoneMirrorRight_cdt">
                          <Constraint AxisLocal="(0; 1; 0)">

                          </Constraint>
                        </Body>
                        <Body _template="Sunshield" ModelFrame="BoneSunshieldLeft_cdt">

                        </Body>
                        <Body _template="Sunshield" ModelFrame="BoneSunshieldRight_cdt">

                        </Body>
                        <Body _template="Antenna" ModelFrame="BoneAntenna_cdt">

                        </Body>
                        <Body ModelFrame="BoneKeyFob_cdt" Mass="0.2">
                          <Constraint MinLimit="-50" Type="Hinge" MaxLimit="50" AxisLocal="(1; 0; 0)">
                              <Motor Spring="0.001" Type="Spring" Damping="0.001">

                              </Motor>
                          </Constraint>
                        </Body>
                  </Body>
                  <Body _template="TieRod" ModelFrame="BoneTieRod1_cdt">
                    <Constraint MinLimit="-30" Name="TieRodSteer" MaxLimit="30" AxisLocal="(0; 1; 0)">

                    </Constraint>
                  </Body>
          </Body>
      </PhysicsModel>
      <GameData Country="US" Price="2900" Recallable="true" UnlockByRank="1" UnlockByExploration="false">
            <CustomizationCameras>
                  <CameraPos Interior="true" Position="(4.7; 1.651; -0.5)" FOV="32.0" InterestPosition="(6.662; 0.61; 2.3)" Name="sticker">

                  </CameraPos>
                  <CameraPos Interior="true" Position="(5.3; 1.568; -0.7)" FOV="32.0" InterestPosition="(4.611; 1; 2.078)" Name="sticker_1">

                  </CameraPos>
                  <CameraPos Interior="true" Position="(5.221; 1.595; 0.03)" FOV="32.0" InterestPosition="(6.662; 0.61; 1.935)" Name="sticker_2">

                  </CameraPos>
                  <CameraPos InterestPosition="(3.896; 0.774; 0)" Name="addon_1" MaxXRotation="360" Position="(0.912; 4.08; 2.215)" MaxZoom="2" FOV="32.0" MaxYRotation="360">

                  </CameraPos>
                  <CameraPos InterestPosition="(4.5; 1.5; 0)" Name="addon_2" MaxXRotation="360" Position="(0; 3; -4)" MaxZoom="2" FOV="32.0" MaxYRotation="360">

                  </CameraPos>
                  <CameraPos Interior="true" Position="(4.737; 1.631; -0.715)" FOV="32.0" InterestPosition="(7.736; 1.436; 2.408)" Name="mirror_mount">

                  </CameraPos>
                  <CameraPos InterestPosition="(4.679; 0.759; -0)" Name="side_r" MaxXRotation="360" Position="(9.22; 3; -2.085)" MaxZoom="2" FOV="32.0" MaxYRotation="360">

                  </CameraPos>
                  <CameraPos InterestPosition="(6.5; 1; 0)" Name="side_l" MaxXRotation="360" Position="(8.5; 3; 4)" MaxZoom="2" FOV="32.0" MaxYRotation="360">

                  </CameraPos>
                  <CameraPos InterestPosition="(5; 1; 0)" Name="roof" MaxXRotation="360" Position="(10; 3.473; -2.51)" MaxZoom="2" FOV="32.0" MaxYRotation="360">

                  </CameraPos>
                  <CameraPos Interior="true" Position="(8.821; 2.615; 0.877)" FOV="32.0" InterestPosition="(6.517; 1.5; -0.706)" Name="glass_sticker">

                  </CameraPos>
                  <CameraPos InterestPosition="(5.569; 0.976; 0)" Name="hoods" MaxXRotation="360" Position="(11.332; 1.526; -4.276)" MaxZoom="2" FOV="32.0" MaxYRotation="360">

                  </CameraPos>
                  <CameraPos Interior="true" Position="(5; 1.648; -0.5)" FOV="32.0" InterestPosition="(6.662; 1.073; 1.935)" Name="bubble_head">

                  </CameraPos>
                  <CameraPos InterestPosition="(5.421; 0.413; -0)" Name="wheels" MaxXRotation="360" Position="(8.421; 0.885; -3.51)" MaxZoom="2" FOV="32.0" MaxYRotation="360">

                  </CameraPos>
                  <CameraPos InterestPosition="(5.569; 0.976; 0)" Name="default" MaxXRotation="360" Position="(11.332; 1.526; -4.276)" MaxZoom="2" FOV="32.0" MaxYRotation="360">

                  </CameraPos>
                  <CameraPos InterestPosition="(5; 0.956; 0)" Name="rear" MaxXRotation="360" Position="(1; 1.683; 3.899)" MaxZoom="2" FOV="32.0" MaxYRotation="360">

                  </CameraPos>
                  <CameraPos Interior="true" Position="(9.299; 3.937; -0.485)" FOV="32.0" InterestPosition="(6.708; 0.662; -0.826)" Name="capote_sticker">

                  </CameraPos>
                  <CameraPos Interior="true" Position="(4.358; 1.478; 2.92)" FOV="32.0" InterestPosition="(6.582; 0.793; 1.174)" Name="door_r_sticker">

                  </CameraPos>
                  <CameraPos Interior="true" Position="(4.296; 1.361; -2.777)" FOV="32.0" InterestPosition="(5.384; 0.765; 0.362)" Name="door_l_sticker">

                  </CameraPos>
                  <CameraPos Interior="true" Position="(8.6; 1.567; -0.5)" FOV="32.0" InterestPosition="(7.387; 1.219; -0.964)" Name="hood_ornament">

                  </CameraPos>
            </CustomizationCameras>
                <CraneSocket Pos="(2.51; 0.66; -0.398)">

                </CraneSocket>
                <CraneSocket Pos="(2.51; 0.66; 0.398)">

                </CraneSocket>
                <CraneSocket Pos="(0; 1.85; 0)">

                </CraneSocket>
                <CraneSocket Pos="(-2.365; 0.661; -0.532)">

                </CraneSocket>
                <CraneSocket Pos="(-2.365; 0.661; 0.532)">

                </CraneSocket>
                <CraneSocket Pos="(0.189; 0.505; 1.025)">

                </CraneSocket>
                <CraneSocket Pos="(0.189; 0.505; -1.025)">

                </CraneSocket>
                  <AddonSockets DefaultAddon="jeep_wrangler_bumper_front_default">
                    <Socket ParentFrame="BoneEngine_cdt" Offset="(0; 0; 0)" Names="JeepWranglerFrontBumper">

                    </Socket>
                  </AddonSockets>
                  <AddonSockets DefaultAddon="jeep_wrangler_bumper_rear_default" ParentFrame="BoneChassis_cdt">
                      <Socket Names="JeepWranglerRearBumper">

                      </Socket>
                      <Socket Names="JeepWranglerRearBumper1">

                      </Socket>
                      <Socket Names="JeepWranglerRearBumper2">

                      </Socket>
                  </AddonSockets>
                  <AddonSockets DefaultAddon="jeep_wrangler_treshhold_default">
                    <Socket ParentFrame="BoneEngine_cdt" Offset="(0; 0; 0)" Names="JeepWranglerThreshold">

                    </Socket>
                  </AddonSockets>
                  <AddonSockets DefaultAddon="jeep_wrangler_wheel_addon_default">
                    <Socket ParentFrame="BoneChassis_cdt" NamesBlock="JeepWranglerRearBumper1" Names="JeepWranglerSpareWheel">

                    </Socket>
                  </AddonSockets>
                  <AddonSockets>
                    <Socket ParentFrame="BoneChassis_cdt" Offset="(0; 0; 0)" Names="JeepWranglerTrunkRoof">

                    </Socket>
                  </AddonSockets>
                  <AddonSockets>
                    <Socket NamesBlock="JeepWranglerFlasher" Names="JeepWranglerRoofrack" ParentFrame="BoneChassis_cdt" Offset="(0; 0; 0)">

                    </Socket>
                  </AddonSockets>
                  <AddonSockets>
                    <Socket ParentFrame="BoneChassis_cdt" Offset="(0; 0; 0)" Names="JeepWranglerSpotlight">

                    </Socket>
                  </AddonSockets>
                  <AddonSockets>
                    <Socket Offset="(0; 0; 0)" NamesBlock="JeepWranglerRoofrack" Names="JeepWranglerFlasher">

                    </Socket>
                  </AddonSockets>
                  <AddonSockets>
                    <Socket NamesBlock="JeepWranglerBeacon2" Names="JeepWranglerBeacon" ParentFrame="BoneChassis_cdt" Offset="(0; 0; 0)">

                    </Socket>
                  </AddonSockets>
                  <AddonSockets>
                    <Socket ParentFrame="BoneChassis_cdt" Offset="(0; 0; 0)" Names="JeepWranglerBeacon2">

                    </Socket>
                  </AddonSockets>
                  <AddonSockets>
                    <Socket ParentFrame="BoneChassis_cdt" Offset="(0; 0; 0)" Names="JeepWranglerSnorkel">

                    </Socket>
                  </AddonSockets>
                  <AddonSockets>
                    <Socket ParentFrame="BoneChassis_cdt" Offset="(0; 0; 0)" Names="JeepWranglerVisor">

                    </Socket>
                  </AddonSockets>
                  <AddonSockets>
                    <Socket NamesBlock="JeepWranglerSpotlight" Names="JeepWranglerHorn1" ParentFrame="BoneChassis_cdt" Offset="(0; 0; 0)">

                    </Socket>
                  </AddonSockets>
                  <AddonSockets>
                    <Socket NamesBlock="" Names="JeepWranglerHorn2" ParentFrame="BoneChassis_cdt" Offset="(0; 0; 0)">

                    </Socket>
                  </AddonSockets>
                  <AddonSockets>
                    <Socket Offset="(-1.85; 0.56; 0)" Names="ScautTrailer">
                          <AddonsShift Types="JeepWranglerRearBumper1" Offset="(-0.02; 0.01; 0)">

                          </AddonsShift>
                          <AddonsShift Types="JeepWranglerRearBumper2" Offset="(0.045; -0.04; 0)">

                          </AddonsShift>
                    </Socket>
                  </AddonSockets>
                  <AddonSockets DefaultAddon="jeep_wrangler_diff_lock_default">
                    <Socket ParentFrame="BoneChassis_cdt" Offset="(0; 0; 0)" Names="JeepWranglerDiffLock">

                    </Socket>
                  </AddonSockets>
                  <AddonSockets>
                    <Socket Names="StuffDashboard" InCockpit="true" ParentFrame="BoneEngine_cdt" Offset="(0.749; 1.356; -0.24)">

                    </Socket>
                  </AddonSockets>
                  <AddonSockets>
                    <Socket Names="JeepWranglerSticker_1x1_01" InCockpit="true" ParentFrame="BoneEngine_cdt" Offset="(0; 0; 0)">

                    </Socket>
                  </AddonSockets>
                  <AddonSockets>
                    <Socket Names="JeepWranglerSticker_1x1_02" InCockpit="true" ParentFrame="BoneEngine_cdt" Offset="(0; 0; 0)">

                    </Socket>
                  </AddonSockets>
                  <AddonSockets>
                    <Socket Names="JeepWranglerSticker_1x1_03" InCockpit="true" ParentFrame="BoneEngine_cdt" Offset="(0; 0; 0)">

                    </Socket>
                  </AddonSockets>
                  <AddonSockets>
                    <Socket Names="JeepWranglerSticker_1x2_01" InCockpit="true" ParentFrame="BoneEngine_cdt" Offset="(0; 0; 0)">

                    </Socket>
                  </AddonSockets>
                  <AddonSockets>
                    <Socket Names="JeepWranglerSticker_1x2_02" InCockpit="true" ParentFrame="BoneEngine_cdt" Offset="(0; 0; 0)">

                    </Socket>
                  </AddonSockets>
                  <AddonSockets>
                    <Socket Names="JeepWranglerSticker_1x4_01" InCockpit="true" ParentFrame="BoneEngine_cdt" Offset="(0; 0; 0)">

                    </Socket>
                  </AddonSockets>
                  <AddonSockets>
                    <Socket Names="StuffAirfreshener" InCockpit="true" ParentFrame="BoneEngine_cdt" Offset="(0.665; 1.674; 0)">

                    </Socket>
                  </AddonSockets>
                  <AddonSockets>
                    <Socket ParentFrame="BoneEngine_cdt" InCockpit="true" Names="JeepWranglerSticker_GlassTop">

                    </Socket>
                  </AddonSockets>
                  <AddonSockets>
                    <Socket ParentFrame="BoneEngine_cdt" Names="JeepWranglerSticker_Door_L">

                    </Socket>
                  </AddonSockets>
                  <AddonSockets>
                    <Socket ParentFrame="BoneEngine_cdt" Names="JeepWranglerSticker_Door_R">

                    </Socket>
                  </AddonSockets>
                  <AddonSockets>
                    <Socket ParentFrame="BoneEngine_cdt" Names="JeepWranglerSticker_Capote">

                    </Socket>
                  </AddonSockets>
                  <AddonSockets>
                    <Socket ParentFrame="BoneEngine_cdt" Names="StuffHoodJeepWrangler">

                    </Socket>
                  </AddonSockets>
                    <WinchSocket Pos="(2.356; 0.612; 0.389)">

                    </WinchSocket>
                    <WinchSocket Pos="(2.356; 0.612; -0.389)">

                    </WinchSocket>
                    <WinchSocket Pos="(-1.651; 0.566; 0.512)">

                    </WinchSocket>
                    <WinchSocket Pos="(-1.651; 0.566; -0.512)">

                    </WinchSocket>
                    <WinchSocket Pos="(0.422; 0.529; 0.649)">

                    </WinchSocket>
                    <WinchSocket Pos="(0.422; 0.529; -0.649)">

                    </WinchSocket>
            <UiDesc UiDesc="UI_VEHICLE_JEEP_WRANGLER_DESC" UiIcon30x30="scoutVehicleImg30" UiName="UI_VEHICLE_JEEP_WRANGLER_NAME" UiIconLogo="JeepLogo80" UiIcon40x40="scoutVehicleImg" UiIcon328x458="shopImgJeepWrangler">

            </UiDesc>
      </GameData>
      <ControlledConstraints>
              <Constraint Name="TieRodSteer" IsLinkedSteering="true" Id="chassis_steer">

              </Constraint>
      </ControlledConstraints>
      <HeadLight _template="Default" Pos="(2.5; 0.979; 0)">

      </HeadLight>
      <TruckData EngineIconMesh="env/engine_small" EngineStartDelay="1.8" TruckType="SCOUT" ExhaustStartTime="1.6" SteerSpeed="0.032" TruckImage="JeepWranglermchr" DiffLockType="Uninstalled" Responsiveness="0.6" FuelCapacity="80" EngineIconScale="1.15" BackSteerSpeed="0.1">
                  <Driver SteeringWheelPos="(0.446; 1.285; 0.357)" Pos="(0.141; 0.89; 0.357)" AnimationSet="Scout">

                  </Driver>
                  <Shafts>
                          <Shaft Mesh="env/minishaft" SocketPointB="Shaft1b" SocketPointA="Shaft1a">

                          </Shaft>
                          <Shaft Mesh="env/minishaft" SocketPointB="Shaft2b" SocketPointA="Shaft2a">

                          </Shaft>
                  </Shafts>
                  <FuelTank DamageCapacity="50">

                  </FuelTank>
                  <Dashboard>></Dashboard>
                  <SoundsWheels _template="Default">

                  </SoundsWheels>
                  <GearboxSocket Default="g_scout_default" Type="gearboxes_scouts">

                  </GearboxSocket>
                  <Steam Origin="(1.753; 0.9; 0)">

                  </Steam>
                  <Sounds DisableReversePitch="false" MinDist="8.0" _template="Default" Origin="(1.35 ; 0.870; 0)">
                                  <BrakesSqueal Sound="trucks/jeep_wrangler/jeep_wrangler_brakes_squeal">

                                  </BrakesSqueal>
                                  <AbruptStop Sound="">

                                  </AbruptStop>
                                  <EngineLow Sound="trucks/jeep_wrangler/jeep_wrangler_low">

                                  </EngineLow>
                                  <EngineRev Sound="trucks/jeep_wrangler/jeep_wrangler_rev">

                                  </EngineRev>
                                  <GearFail Sound="trucks/common/truck_gear_wrong/truck_gear_wrong_small_modern">

                                  </GearFail>
                                  <Honk Sound="trucks/jeep_wrangler/jeep_wrangler_honk">

                                  </Honk>
                                  <EngineStop Sound="trucks/jeep_wrangler/jeep_wrangler_stop">

                                  </EngineStop>
                                  <Handbrake Sound="trucks/jeep_wrangler/jeep_wrangler_handbrake_on">

                                  </Handbrake>
                                  <AWD Sound="trucks/jeep_wrangler/jeep_wrangler_awd">

                                  </AWD>
                                  <Gear Sound="trucks/jeep_wrangler/jeep_wrangler_gear_shift">

                                  </Gear>
                                  <EngineIdle_2d IsSound2D="true" Sound="trucks/jeep_wrangler/jeep_wrangler_idle_2d">

                                  </EngineIdle_2d>
                                  <HandbrakeOff Sound="trucks/jeep_wrangler/jeep_wrangler_handbrake_off">

                                  </HandbrakeOff>
                                  <EngineHeavy_2d IsSound2D="true" Sound="trucks/jeep_wrangler/jeep_wrangler_heavy_2d">

                                  </EngineHeavy_2d>
                                  <ChassisStress Sound="trucks/hummer_h2/hummer_h2_chassis">

                                  </ChassisStress>
                                  <Reverse Sound="trucks/jeep_wrangler/jeep_wrangler_reverse">

                                  </Reverse>
                                  <EngineHigh_2d IsSound2D="true" Sound="trucks/jeep_wrangler/jeep_wrangler_high_2d">

                                  </EngineHigh_2d>
                                  <EngineIdle Sound="trucks/jeep_wrangler/jeep_wrangler_idle">

                                  </EngineIdle>
                                  <EngineAccel Sound="trucks/jeep_wrangler/jeep_wrangler_acc">

                                  </EngineAccel>
                                  <EngineHigh Sound="trucks/jeep_wrangler/jeep_wrangler_high">

                                  </EngineHigh>
                                  <BrakePull Sound="">

                                  </BrakePull>
                                  <EngineLow_2d IsSound2D="true" Sound="trucks/jeep_wrangler/jeep_wrangler_low_2d">

                                  </EngineLow_2d>
                                  <EngineHeavy Sound="trucks/jeep_wrangler/jeep_wrangler_heavy">

                                  </EngineHeavy>
                                  <BrakeRelease Sound="">

                                  </BrakeRelease>
                                  <EngineStart Sound="trucks/jeep_wrangler/jeep_wrangler_start">

                                  </EngineStart>
                  </Sounds>
                  <Exhaust IsLight="true" Dir="(-0.5; -0.87; 0)" Origin="(-1.612; 0.393; -0.51)" Speed="2.0">

                  </Exhaust>
                  <SoundsDamage _template="Scout">

                  </SoundsDamage>
                  <Shakers>
                                          <Shaker MaxFrequency="3" MaxAngle="(1.1; 1.1; 1.1)" Frame="BoneExhaust">

                                          </Shaker>
                                          <Shaker MaxFrequency="0.25" MaxAngle="(2; 2; 2)" Frame="BoneGearstick">

                                          </Shaker>
                  </Shakers>
                  <Camera Center="(-1.2; 0; 0)" RadiusMultiplier="0.8">
                                          <Cockpit WindshieldShadingTexture="trucks/jeep_wrangler_glass__sh_d.tga" WindshieldDiffuseTexture="trucks/jeep_wrangler_glass__d_a.tga" _template="Default" ViewPos="(0.088; 1.575; 0.364)">
                                                <Mirror FOVScale="1.5" ClipDir="(-0.90; 0; -0.44)" Pos="(0.586; 1.39; 0.867)" Size="(0.185; 0.180)" MeshFrame="mirror_left" ReflectionDir="(-0.95; 0.05; -0.31)">

                                                </Mirror>
                                                <Mirror FOVScale="1.5" ClipDir="(-0.90; 0; 0.44)" Pos="(0.586; 1.39; -0.867)" Size="(0.185; 0.180)" MeshFrame="mirror_right" ReflectionDir="(-0.85; 0.05; 0.53)">

                                                </Mirror>
                                                <Mirror FOVScale="1.5" Pos="(0.609; 1.627; 0)" ClipDir="(-0.94; -0.33; 0)" ReflectionDir="(-0.96; -0.07; 0.26)" Size="(0.253; 0.064)	" ClipOffset="0.1" MeshFrame="hp_mirror">

                                                </Mirror>
                                              <Rear HorTransitionEnd="-1.2" ViewPosOffset="(0.2; -0.1; 0.55)" HorTransitionStart="-1.1">

                                              </Rear>
                                          </Cockpit>
                  </Camera>
                  <SuspensionSocket Default="jeep_wrangler_suspension_default" Type="s_jeep_wrangler" MaxWheelRadiusWithoutSuspension="0.38">

                  </SuspensionSocket>
                  <Wheels DefaultTire="tire1" DefaultWheelType="wheels_scout_offroad2_jeep_wrangler" DefaultRim="rim1">
                                                <Wheel _template="FrontWheel" Pos="(1.736; 0.319; 0.72)">

                                                </Wheel>
                                                <Wheel Pos="(1.736; 0.319; 0.72)" _template="FrontWheel" RightSide="true">

                                                </Wheel>
                                                <Wheel _template="RearWheel" Pos="(-0.89; 0.319; 0.72)">

                                                </Wheel>
                                                <Wheel Pos="(-0.89; 0.319; 0.72)" _template="RearWheel" RightSide="true">

                                                </Wheel>
                  </Wheels>
                  <Axles>
                                                  <Axle Frame="BoneAxleRear">

                                                  </Axle>
                                                  <Axle Frame="BoneAxleFront">

                                                  </Axle>
                  </Axles>
                  <Damage>
                                                    <DamageArea Max="(2.2; 1.2; -0.4)" Type="Engine" ParentFrame="BoneEngine_cdt" Min="(1.15; 0.433; 0.4)">

                                                    </DamageArea>
                                                    <DamageArea Max="(1; 0.64; 0.6)" Type="FuelTank" ParentFrame="BoneChassis_cdt" Min="(-0.5; 0.34; -0.6)">

                                                    </DamageArea>
                  </Damage>
                  <OcclusionMap Texture="trucks/occlusion/chassis_small__s_d_a.tga" MaxX="2.65" MinX="-2.57" HalfSizeZ="1.5">

                  </OcclusionMap>
                  <EngineSocket Default="us_scout_modern_engine_0" Type="e_us_scout_modern">

                  </EngineSocket>
                  <WinchUpgradeSocket Default="w_scout_default" IsUpgradable="true" Type="winches_scouts">

                  </WinchUpgradeSocket>
                  <SteeringWheel Frame="BoneSteering">

                  </SteeringWheel>
                                                          <CompatibleWheels Scale="0.41" Type="wheels_scout_offroad2_jeep_wrangler">

                                                          </CompatibleWheels>
                                                          <CompatibleWheels OffsetZ="0.05" Scale="0.41" Type="wheels_scout1">

                                                          </CompatibleWheels>
                                                          <CompatibleWheels OffsetZ="0.05" Scale="0.41" Type="wheels_scout2">

                                                          </CompatibleWheels>
                                                          <CompatibleWheels OffsetZ="0.05" Scale="0.46" Type="wheels_scout2">

                                                          </CompatibleWheels>
                  <SteeringRack RackHalfSizeZ="0.698" Frame="BoneRack" FrameSteerLeft="BoneRackLeft" FrameSteerRight="BoneRackRight">

                  </SteeringRack>
      </TruckData>
      <Landmark Mesh="landmarks/jeep_wrangler_lmk" MaxScale="3.8" MinScale="1.8">

      </Landmark>
      <AutomaticIK>
                      <IKBone ParentFrame="BoneTieRod1_cdt" ModelFrame="BoneTieRod2">
                          <IKBone AttachToFrame="BoneRack" AttachOffset="(0; 0; 0)" ModelFrame="BoneTieRod3">
                              <IKJoint AxisLocal="(0; 0; 1)" Type="Slider">

                              </IKJoint>
                          </IKBone>
                          <IKJoint AxisLocal="(0; 0; 1)" Type="Hinge2">

                          </IKJoint>
                      </IKBone>
      </AutomaticIK>
      <Snorkel Origin="(1.754; 1.063; -0.38)">

      </Snorkel>
      <ModelAttachments>
                          <StopSignals>
                                <Flare _template="StopSignal" Pos="(-1.718; 0.899; -0.575)">

                                </Flare>
                                <Flare _template="StopSignal" Pos="(-1.718; 0.899; 0.575)">

                                </Flare>
                              <Light _template="StopSignal" Pos="(-2.049; 0.916; 0)">

                              </Light>
                          </StopSignals>
                          <Ignition>
                                  <Flare Pos="(2.15; 0.979; 0.406)" _template="IgnitionSignalWhite" Color="g(255; 253; 246) x 0.37">

                                  </Flare>
                                  <Flare Pos="(2.15; 0.979; -0.406)" _template="IgnitionSignalWhite" Color="g(255; 253; 246) x 0.37">

                                  </Flare>
                                  <Flare Size="0.27" _template="IgnitionSignalRed" Pos="(-1.718; 0.899; 0.575)">

                                  </Flare>
                                  <Flare Size="0.27" _template="IgnitionSignalRed" Pos="(-1.718; 0.899; -0.575)">

                                  </Flare>
                                  <Flare Dir="(0; 0; -1)" Size="0.3" _template="Beacon" Pos="(2.141; 0.894; -0.862)">

                                  </Flare>
                                  <Flare Dir="(0; 0; 1)" Size="0.3" _template="Beacon" Pos="(2.141; 0.894; 0.862)">

                                  </Flare>
                                  <Flare Size="0.3" _template="Beacon" Pos="(2.238; 0.91; -0.658)">

                                  </Flare>
                                  <Flare Size="0.3" _template="Beacon" Pos="(2.238; 0.91; 0.658)">

                                  </Flare>
                                    <Light Pos="(2.717; 0.342; 0.425)" _template="IgnitionSignalWhite" Color="g(240; 200; 165) x 1.0">

                                    </Light>
                                    <Light Pos="(2.717; 0.342; -0.425)" _template="IgnitionSignalWhite" Color="g(240; 200; 165) x 1.0">

                                    </Light>
                                    <Light _template="IgnitionSignalRed" Pos="(-2.049; 0.916; 0.575)">

                                    </Light>
                                    <Light _template="IgnitionSignalRed" Pos="(-2.049; 0.916; -0.575)">

                                    </Light>
                          </Ignition>
                          <HeadLight>
                                    <Flare Color="g(255; 240; 225) x 0.37" Pos="(2.15; 0.979; -0.406)" Size="0.4" _template="HeadLight">

                                    </Flare>
                                    <Flare Color="g(255; 240; 225) x 0.37" Pos="(2.15; 0.979; 0.406)" Size="0.4" _template="HeadLight">

                                    </Flare>
                                    <Flare Color="g(220; 220; 255) x 0.07" Pos="(2.15; 0.979; -0.406)" Size="0.7" _template="BlueStreak">

                                    </Flare>
                                    <Flare Color="g(220; 220; 255) x 0.07" Pos="(2.15; 0.979; 0.406)" Size="0.7" _template="BlueStreak">

                                    </Flare>
                                      <Model Org="(2.15; 0.979; -0.406)" _template="HeadLightRay">

                                      </Model>
                                      <Model Org="(2.15; 0.979; 0.406)" _template="HeadLightRay">

                                      </Model>
                          </HeadLight>
                          <ReverseSignals>
                                      <Flare AspectRatio="1.4" DirAngle="90" Pos="(-1.718; 0.969; -0.575)" Color="g(200; 200; 200) x 0.4" Dir="(-1; 0; 0)" Size="1.2" Reflections="true" ColorMultAtDay="0.6">

                                      </Flare>
                                      <Flare Color="g(220; 220; 255) x 0.05" Pos="(-1.718; 0.969; -0.575)" Dir="(-1; 0; 0)" Size="0.4" _template="BlueStreak">

                                      </Flare>
                                      <Flare AspectRatio="1.4" DirAngle="90" Pos="(-1.718; 0.969; 0.575)" Color="g(200; 200; 200) x 0.4" Dir="(-1; 0; 0)" Size="1.2" Reflections="true" ColorMultAtDay="0.6">

                                      </Flare>
                                      <Flare Color="g(220; 220; 255) x 0.05" Pos="(-1.718; 0.969; 0.575)" Dir="(-1; 0; 0)" Size="0.4" _template="BlueStreak">

                                      </Flare>
                                        <Light AttenEnd="2.0" OuterCone="160" Dir="(-1; -0.2; 0)" InnerCone="120" Pos="(-1.718; 0.969; -0.575)" Color="(80; 80; 80)">

                                        </Light>
                                        <Light AttenEnd="2.0" OuterCone="160" Dir="(-1; -0.2; 0)" InnerCone="120" Pos="(-1.718; 0.969; 0.575)" Color="(80; 80; 80)">

                                        </Light>
                          </ReverseSignals>
      </ModelAttachments>
  </Truck>
  <_templates Include="trucks">
        <Wheel>
            <RearWheel Torque="default" Location="rear" ConnectedToHandbrake="true">

            </RearWheel>
            <FrontWheel SteeringCastor="8" Torque="full" SteeringAngle="32" Location="front">

            </FrontWheel>
        </Wheel>
        <Body>
              <SideMirror Collisions="None" Mass="5">
                  <Constraint MinLimit="-4" Type="Hinge" MaxLimit="4" AxisLocal="(0; 1; 0)">
                      <Motor Spring="200" Type="Spring" Damping="3">

                      </Motor>
                  </Constraint>
              </SideMirror>
              <Sunshield Collisions="None" Mass="3">
                    <Constraint MinLimit="-5" Type="Hinge" MaxLimit="5" AxisLocal="(0; 0; 1)">
                        <Motor Spring="20" Type="Spring" Damping="0.5">

                        </Motor>
                    </Constraint>
              </Sunshield>
              <Key Collisions="None" Mass="1">
                      <Constraint MinLimit="-30" Type="Hinge" MaxLimit="30" AxisLocal="(0; 0; 1)">
                          <Motor Spring="0.005" Type="Spring" Damping="0.005">

                          </Motor>
                      </Constraint>
              </Key>
              <Antenna Collisions="None" Mass="2">
                        <Constraint Type="Ragdoll" PlaneAxisLocal="(0; 0; 1)" PlaneMax="10" PlaneMin="-10" Cone="10" TwistAxisLocal="(0; 1; 0)">
                            <PlaneMotor Spring="120" Type="Spring" Damping="0.1">

                            </PlaneMotor>
                            <ConeMotor Spring="120" Type="Spring" Damping="0.1">

                            </ConeMotor>
                        </Constraint>
              </Antenna>
        </Body>
        <Flare>
                <Beacon Color="g(169; 115; 0) x 0.6" AspectRatio="1.4" SizeMultAtDay="0.5" DirAngle="180" Size="0.2" ColorMultAtDay="0.3">

                </Beacon>
        </Flare>
  </_templates>