  <Truck>
      <PhysicsModel Mesh="trucks/tatra_force_t815_7">
          <NetSync Legacy="false">

          </NetSync>
          <Body CenterOfMassOffset="(1; 0; 0)" ImpactType="Truck" NetSync="pv" ModelFrame="BoneChassis_cdt" Mass="12000">
                  <Body CenterOfMassOffset="(0; 0; 0)" ImpactType="Truck" NetSync="pv" ModelFrame="BoneAddonAttachment_cdt" Mass="2000">
                    <Constraint MinLimit="-5" Type="Hinge" MaxLimit="5" AxisLocal="(1; 0; 0)">
                        <Motor Spring="4500000" Type="Spring" Damping="100000">

                        </Motor>
                    </Constraint>
                  </Body>
                  <Body _template="SideMirror" ModelFrame="BoneMirrorL_cdt">

                  </Body>
                  <Body _template="SideMirror" ModelFrame="BoneMirrorR_cdt">

                  </Body>
                  <Body _template="SunShield" ModelFrame="Sunshield1_cdt">

                  </Body>
                  <Body _template="SunShield2" ModelFrame="Sunshield2_cdt">

                  </Body>
                  <Body _template="SunShield" ModelFrame="Sunshield3_cdt">

                  </Body>
                  <Body _template="Mudguard" ModelFrame="BoneMudguardL1_cdt">

                  </Body>
                  <Body _template="Mudguard" ModelFrame="BoneMudguardR1_cdt">

                  </Body>
                  <Body _template="Mudguard" ModelFrame="BoneMudguardL3_cdt">

                  </Body>
                  <Body _template="Mudguard" ModelFrame="BoneMudguardR3_cdt">

                  </Body>
                  <Body _template="Mudguard" ModelFrame="BoneMudguardL4_cdt">

                  </Body>
                  <Body _template="Mudguard" ModelFrame="BoneMudguardR4_cdt">

                  </Body>
                  <Body Collisions="None" ModelFrame="BoneWire_cdt" Mass="2">
                    <Constraint MinLimit="-50" Type="Hinge" MaxLimit="50" AxisLocal="(0; 0; 1)">
                        <Motor Spring="0.4" Type="Spring" Damping="0.04">

                        </Motor>
                    </Constraint>
                  </Body>
                  <Body Collisions="None" ModelFrame="BoneRadio_cdt" Mass="2">
                    <Constraint MinLimit="-6" Type="Hinge" MaxLimit="6" AxisLocal="(1; 0; 0)">
                        <Motor Spring="1" Type="Spring" Damping="0.1">

                        </Motor>
                    </Constraint>
                  </Body>
                  <Body Collisions="None" ModelFrame="BoneHook1_cdt" Mass="20">
                    <Constraint MinLimit="-6" Type="Hinge" MaxLimit="6" AxisLocal="(0; 1; 0)">
                        <Motor Spring="800" Type="Spring" Damping="80">

                        </Motor>
                    </Constraint>
                    <Body Collisions="None" ModelFrame="BoneHook2_cdt" Mass="2">
                          <Constraint Type="Ragdoll" PlaneAxisLocal="(1; 0; 0)" PlaneMax="20" PlaneMin="-20" Cone="7" TwistAxisLocal="(0; 1; 0)">
                              <Motor Spring="100" Type="Spring" Damping="10">

                              </Motor>
                          </Constraint>
                    </Body>
                  </Body>
                  <Body _template="TieRod" ModelFrame="BoneTieRod1_cdt">
                    <Constraint MinLimit="-16" Name="TieRodSteer1" MaxLimit="16" AxisLocal="(0; 1; 0)">

                    </Constraint>
                  </Body>
                  <Body _template="TieRod" ModelFrame="BoneTieRod2_cdt">
                    <Constraint MinLimit="-16" Name="TieRodSteer2" MaxLimit="16" AxisLocal="(0; 1; 0)">

                    </Constraint>
                  </Body>
                  <Body _template="TieRod" ModelFrame="BoneTieRod3_cdt">
                    <Constraint MinLimit="-26" Name="TieRodSteer3" MaxLimit="26" AxisLocal="(0; 1; 0)">

                    </Constraint>
                  </Body>
                  <Body _template="TieRod" ModelFrame="BoneTieRod4_cdt">
                    <Constraint MinLimit="-26" Name="TieRodSteer4" MaxLimit="26" AxisLocal="(0; 1; 0)">

                    </Constraint>
                  </Body>
                  <Body _template="TieRod" ModelFrame="BoneTieRod5_cdt">
                    <Constraint MinLimit="-26" Name="TieRodSteer5" MaxLimit="26" AxisLocal="(0; 1; 0)">

                    </Constraint>
                  </Body>
          </Body>
      </PhysicsModel>
      <GameData Country="RU,CAS" ExcludeAddons="trailer_log_pole" Price="182600" UnlockByRank="1" UnlockByExploration="true">
            <CustomizationCameras>
                  <CameraPos Interior="true" Position="(8.8; 5.7; -1.7)" FOV="32.0" InterestPosition="(4.6; 1.3; -1)" Name="roof_sticker">

                  </CameraPos>
                  <CameraPos InterestPosition="(2.608; 1.692; -0.304)" Name="addon_1" MaxXRotation="360" Position="(-7.274; 4.273; 9.012)" MaxZoom="2" FOV="32.0" MaxYRotation="360">

                  </CameraPos>
                  <CameraPos InterestPosition="(3.917; 2.341; -1.149)" Name="addon_2" MaxXRotation="360" Position="(9.628; 4.331; 1.437)" MaxZoom="2" FOV="32.0" MaxYRotation="360">

                  </CameraPos>
                  <CameraPos Interior="true" Position="(5.8; 2.4; -0.1)" FOV="32.0" InterestPosition="(8.400; 2.3; 1)" Name="mirror_mount">

                  </CameraPos>
                  <CameraPos InterestPosition="(4.38; 1.459; 1.201)" Name="side_r" MaxXRotation="360" Position="(0.375; 2.349; -5.941)" MaxZoom="2" FOV="32.0" MaxYRotation="360">

                  </CameraPos>
                  <CameraPos Interior="true" Position="(6; 2.5; -0.3)" FOV="32.0" InterestPosition="(9; 1; 1.4)" Name="sticker">

                  </CameraPos>
                  <CameraPos Interior="true" Position="(5; 2.350; 4)" FOV="32.0" InterestPosition="(8; 1.15; 1)" Name="door_r_sticker">

                  </CameraPos>
                  <CameraPos InterestPosition="(7.013; 1.785; -0.523)" Name="roof" MaxXRotation="360" Position="(12.239; 3.484; 2.419)" MaxZoom="2" FOV="32.0" MaxYRotation="360">

                  </CameraPos>
                  <CameraPos Interior="true" Position="(11.526; 2.689; 1.541)" FOV="32.0" InterestPosition="(6.954; 1.622; -0.849)" Name="glass_sticker">

                  </CameraPos>
                  <CameraPos InterestPosition="(5.461; 1.397; -0.216)" Name="hoods" MaxXRotation="360" Position="(12.724; 2.120; -1.717)" MaxZoom="2" FOV="32.0" MaxYRotation="360">

                  </CameraPos>
                  <CameraPos InterestPosition="(6.409; 1.497; -0.536)" Name="side_l" MaxXRotation="360" Position="(-0.335; 4.157; 4.161)" MaxZoom="2" FOV="32.0" MaxYRotation="360">

                  </CameraPos>
                  <CameraPos Interior="true" Position="(6; 2.5; -0.3)" FOV="32.0" InterestPosition="(9; 1; 1.4)" Name="bubble_head">

                  </CameraPos>
                  <CameraPos InterestPosition="(4.136; 0.634; 0.126)" Name="wheels" MaxXRotation="360" Position="(8.844; 0.97; -4.882)" MaxZoom="2" FOV="32.0" MaxYRotation="360">

                  </CameraPos>
                  <CameraPos InterestPosition="(5.197; 1.735; -0.23)" Name="default" MaxXRotation="360" Position="(13.641; 2.738; -4.536)" MaxZoom="2" FOV="32.0" MaxYRotation="360">

                  </CameraPos>
                  <CameraPos InterestPosition="(0.479; 0.992; -0)" Name="rear" MaxXRotation="360" Position="(-5.767; 1.805; 2.899)" MaxZoom="2" FOV="32.0" MaxYRotation="360">

                  </CameraPos>
                  <CameraPos Interior="true" Position="(4.9; 2.7; -4)" FOV="32.0" InterestPosition="(5.8; 1.4; -1)" Name="door_l_sticker">

                  </CameraPos>
            </CustomizationCameras>
                <CraneSocket Pos="(4.391; 0.997; 0.41)">

                </CraneSocket>
                <CraneSocket Pos="(4.391; 0.997; -0.41)">

                </CraneSocket>
                <CraneSocket Pos="(-0.301; 1.04; 0.464)">

                </CraneSocket>
                <CraneSocket Pos="(-1.657; 1.04; -0.465)">

                </CraneSocket>
                <CraneSocket Pos="(-5.546; 1.002; 0)">

                </CraneSocket>
                  <AddonSockets>
                      <Socket Offset="(-5.546; 1.002; 0)" Names="Trailer">

                      </Socket>
                      <Socket Offset="(-3.452; 1.746; 0)" Names="LargeSemitrailer, LargeSemitrailerOiltank">

                      </Socket>
                  </AddonSockets>
                  <AddonSockets>
                      <Socket Offset="(-1.2; 0.04; 0)" Names="TatraFrameAddonTank">

                      </Socket>
                      <Socket Offset="(-1.060; 0.021; 0)" Names="TatraSideboard">
                        <AddonsShift Types="TatraCrane" Offset="(-0.33; 0; 0)">

                        </AddonsShift>
                      </Socket>
                      <Socket Offset="(-3.437; 1.207; 0)" Names="SaddleHigh">
                          <ExtraParent Offset="(0; 0; -0.015)" Frame="BoneChassis_cdt">

                          </ExtraParent>
                          <ExtraParent Offset="(0; 0; 0.015)" Frame="BoneChassis_cdt">

                          </ExtraParent>
                      </Socket>
                      <Socket NamesBlock="TatraFrameAddonTow, Trailer, LargeSemitrailerOiltank" Names="TatraFrameAddonTow">

                      </Socket>
                  </AddonSockets>
                  <AddonSockets>
                    <Socket NamesBlock="TatraForceT8157Fender, TatraFrameAddonTank" Names="TatraCrane">

                    </Socket>
                  </AddonSockets>
                  <AddonSockets DefaultAddon="tatra_force_t815_7_bumper_default">
                    <Socket Names="TatraForceT8157Bumper">

                    </Socket>
                  </AddonSockets>
                  <AddonSockets DefaultAddon="tatra_force_t815_7_fender_default">
                    <Socket Names="TatraForceT8157Fender">

                    </Socket>
                  </AddonSockets>
                  <AddonSockets>
                    <Socket Names="TatraForceT8157Horn">

                    </Socket>
                  </AddonSockets>
                  <AddonSockets>
                      <Socket Names="TatraForceT8157Spotlight">

                      </Socket>
                      <Socket Names="TatraForceT8157Beacon">

                      </Socket>
                  </AddonSockets>
                  <AddonSockets>
                    <Socket Names="TatraForceT8157AirConditioner">

                    </Socket>
                  </AddonSockets>
                  <AddonSockets>
                    <Socket Names="TatraForceT8157Visor">

                    </Socket>
                  </AddonSockets>
                  <AddonSockets DefaultAddon="tatra_force_t815_7_exhaust_default">
                    <Socket Names="TatraForceT8157Exhaust">

                    </Socket>
                  </AddonSockets>
                  <AddonSockets DefaultAddon="tatra_force_t815_7_snorkel_default">
                    <Socket Names="TatraForceT8157Snorkel">

                    </Socket>
                  </AddonSockets>
                  <AddonSockets>
                    <Socket NamesBlock="TatraForceT8157AirConditioner, TatraForceT8157Beacon" Names="TatraForceT8157Roofrack">

                    </Socket>
                  </AddonSockets>
                  <AddonSockets>
                    <Socket InCockpit="true" Names="tatraForSticker_1x1_01">

                    </Socket>
                  </AddonSockets>
                  <AddonSockets>
                    <Socket InCockpit="true" Names="tatraForSticker_1x1_02">

                    </Socket>
                  </AddonSockets>
                  <AddonSockets>
                    <Socket InCockpit="true" Names="tatraForSticker_1x2_01">

                    </Socket>
                  </AddonSockets>
                  <AddonSockets>
                    <Socket InCockpit="true" Names="tatraForSticker_1x2_02">

                    </Socket>
                  </AddonSockets>
                  <AddonSockets>
                    <Socket InCockpit="true" Names="tatraForSticker_1x4_01">

                    </Socket>
                  </AddonSockets>
                  <AddonSockets>
                    <Socket Names="tatraForSticker_doorR">

                    </Socket>
                  </AddonSockets>
                  <AddonSockets>
                    <Socket Names="tatraForSticker_doorL">

                    </Socket>
                  </AddonSockets>
                  <AddonSockets>
                    <Socket Names="tatraForSticker_roof">

                    </Socket>
                  </AddonSockets>
                  <AddonSockets>
                    <Socket InCockpit="true" Names="tatraForSticker_GlassTop">

                    </Socket>
                  </AddonSockets>
                  <AddonSockets>
                    <Socket InCockpit="true" Names="tatraForSticker_GlassBot">

                    </Socket>
                  </AddonSockets>
                  <AddonSockets>
                    <Socket Offset="(3.888; 2.527; 0.016)" InCockpit="true" Names="StuffAirfreshener">

                    </Socket>
                  </AddonSockets>
                  <AddonSockets>
                    <Socket Offset="(4.265; 1.821; 0.002)" InCockpit="true" Names="StuffDashboard">

                    </Socket>
                  </AddonSockets>
                  <AddonSockets DefaultAddon="tatra_force_t815_7_diff_lock_default">
                    <Socket ParentFrame="BoneChassis_cdt" Offset="(0; 0; 0)" Names="TatraForceT8157DiffLock">

                    </Socket>
                  </AddonSockets>
                    <WinchSocket Pos="(4.391; 0.997; 0.41)">

                    </WinchSocket>
                    <WinchSocket Pos="(4.391; 0.997; -0.41)">

                    </WinchSocket>
                    <WinchSocket Pos="(-0.301; 1.04; 0.464)">

                    </WinchSocket>
                    <WinchSocket Pos="(-1.657; 1.04; -0.465)">

                    </WinchSocket>
                    <WinchSocket Pos="(-5.546; 1.002; 0)">

                    </WinchSocket>
            <UiDesc UiDesc="UI_VEHICLE_TATRA_FORCE_T815_7_DESC" UiIcon30x30="heavyVehicleImg30" UiName="UI_VEHICLE_TATRA_FORCE_T815_7_NAME" UiIconLogo="TatraLogo80" UiIcon40x40="heavyVehicleImg" UiIcon328x458="shopImgTatraForce">

            </UiDesc>
      </GameData>
      <ControlledConstraints>
                <Constraint Name="TieRodSteer1" IsLinkedSteering="true" Id="chassis_steer">

                </Constraint>
                <Constraint Name="TieRodSteer2" IsLinkedSteering="true" Id="chassis_steer">

                </Constraint>
                <Constraint Name="TieRodSteer3" IsLinkedSteering="true" Id="chassis_steer">

                </Constraint>
                <Constraint Name="TieRodSteer4" IsLinkedSteering="true" Id="chassis_steer">

                </Constraint>
                <Constraint Name="TieRodSteer5" IsLinkedSteering="true" Id="chassis_steer">

                </Constraint>
      </ControlledConstraints>
      <HeadLight _template="Default" Pos="(4.541; 1.196; 0)">

      </HeadLight>
      <Landmark Mesh="landmarks/tatra_force_t815_7_lmk" MaxScale="2.8" MinScale="1.8">

      </Landmark>
      <AutomaticIK>
                      <IKBone ParentFrame="BoneTieRod2_cdt" ModelFrame="BoneTieRodRack1">
                        <IKBone AttachToFrame="BoneTieRod1_cdt" AttachOffset="(0; 0; 0)" ModelFrame="BoneTieRodRack1_2">
                            <IKJoint AxisLocal="(1; 0; 0)" Type="Slider">

                            </IKJoint>
                        </IKBone>
                        <IKJoint AxisLocal="(1; 0; 0)" Type="Hinge2">

                        </IKJoint>
                      </IKBone>
                      <IKBone ParentFrame="BoneTieRod4_cdt" ModelFrame="BoneTieRod4_2">
                        <IKBone AttachToFrame="BoneTieRod5_cdt" AttachOffset="(0; 0; 0)" ModelFrame="BoneTieRod4_3">
                            <IKJoint AxisLocal="(1; 0; 0)" Type="Slider">

                            </IKJoint>
                        </IKBone>
                        <IKJoint AxisLocal="(1; 0; 0)" Type="Hinge2">

                        </IKJoint>
                      </IKBone>
                      <IKBone ParentFrame="BoneTieRod5_cdt" ModelFrame="BoneTieRodRack2">
                        <IKBone AttachToFrame="BoneTieRod3_cdt" AttachOffset="(0; 0; 0)" ModelFrame="BoneTieRodRack2_2">
                            <IKJoint AxisLocal="(1; 0; 0)" Type="Slider">

                            </IKJoint>
                        </IKBone>
                        <IKJoint AxisLocal="(1; 0; 0)" Type="Hinge2">

                        </IKJoint>
                      </IKBone>
                      <IKBone ParentFrame="BoneChassis_cdt" ModelFrame="BoneAxle1L_IK_A">
                        <IKBone AttachToFrame="BoneAxle1L" AttachOffset="(0; 0; 0)" ModelFrame="BoneAxle1L_IK_B">
                            <IKJoint AxisLocal="(1; 0; 0)" Type="Hinge">

                            </IKJoint>
                        </IKBone>
                        <IKJoint AxisLocal="(1; 0; 0)" Type="Hinge">

                        </IKJoint>
                      </IKBone>
                      <IKBone ParentFrame="BoneChassis_cdt" ModelFrame="BoneAxle1R_IK_A">
                        <IKBone AttachToFrame="BoneAxle1R" AttachOffset="(0; 0; 0)" ModelFrame="BoneAxle1R_IK_B">
                            <IKJoint AxisLocal="(1; 0; 0)" Type="Hinge">

                            </IKJoint>
                        </IKBone>
                        <IKJoint AxisLocal="(1; 0; 0)" Type="Hinge">

                        </IKJoint>
                      </IKBone>
                      <IKBone ParentFrame="BoneChassis_cdt" ModelFrame="BoneAxle2L_IK_A">
                        <IKBone AttachToFrame="BoneAxle2L" AttachOffset="(0; 0; 0)" ModelFrame="BoneAxle2L_IK_B">
                            <IKJoint AxisLocal="(1; 0; 0)" Type="Hinge">

                            </IKJoint>
                        </IKBone>
                        <IKJoint AxisLocal="(1; 0; 0)" Type="Hinge">

                        </IKJoint>
                      </IKBone>
                      <IKBone ParentFrame="BoneChassis_cdt" ModelFrame="BoneAxle2R_IK_A">
                        <IKBone AttachToFrame="BoneAxle2R" AttachOffset="(0; 0; 0)" ModelFrame="BoneAxle2R_IK_B">
                            <IKJoint AxisLocal="(1; 0; 0)" Type="Hinge">

                            </IKJoint>
                        </IKBone>
                        <IKJoint AxisLocal="(1; 0; 0)" Type="Hinge">

                        </IKJoint>
                      </IKBone>
                      <IKBone ParentFrame="BoneChassis_cdt" ModelFrame="BoneAxle3L_IK_A">
                        <IKBone AttachToFrame="BoneAxle3L" AttachOffset="(0; 0; 0)" ModelFrame="BoneAxle3L_IK_B">
                            <IKJoint AxisLocal="(1; 0; 0)" Type="Hinge">

                            </IKJoint>
                        </IKBone>
                        <IKJoint AxisLocal="(1; 0; 0)" Type="Hinge">

                        </IKJoint>
                      </IKBone>
                      <IKBone ParentFrame="BoneChassis_cdt" ModelFrame="BoneAxle3R_IK_A">
                        <IKBone AttachToFrame="BoneAxle3R" AttachOffset="(0; 0; 0)" ModelFrame="BoneAxle3R_IK_B">
                            <IKJoint AxisLocal="(1; 0; 0)" Type="Hinge">

                            </IKJoint>
                        </IKBone>
                        <IKJoint AxisLocal="(1; 0; 0)" Type="Hinge">

                        </IKJoint>
                      </IKBone>
                      <IKBone ParentFrame="BoneChassis_cdt" ModelFrame="BoneAxle4L_IK_A">
                        <IKBone AttachToFrame="BoneAxle4L" AttachOffset="(0; 0; 0)" ModelFrame="BoneAxle4L_IK_B">
                            <IKJoint AxisLocal="(1; 0; 0)" Type="Hinge">

                            </IKJoint>
                        </IKBone>
                        <IKJoint AxisLocal="(1; 0; 0)" Type="Hinge">

                        </IKJoint>
                      </IKBone>
                      <IKBone ParentFrame="BoneChassis_cdt" ModelFrame="BoneAxle4R_IK_A">
                        <IKBone AttachToFrame="BoneAxle4R" AttachOffset="(0; 0; 0)" ModelFrame="BoneAxle4R_IK_B">
                            <IKJoint AxisLocal="(1; 0; 0)" Type="Hinge">

                            </IKJoint>
                        </IKBone>
                        <IKJoint AxisLocal="(1; 0; 0)" Type="Hinge">

                        </IKJoint>
                      </IKBone>
                      <IKBone ParentFrame="BoneAxle4R_IK_A" ModelFrame="BonePistonIKR">
                        <IKBone AttachToFrame="BoneChassis_cdt" AttachOffset="(0; 0; 0)" ModelFrame="BonePistonIKRend">
                            <IKJoint AxisLocal="(0; 1; 0)" Type="Slider">

                            </IKJoint>
                        </IKBone>
                        <IKJoint AxisLocal="(1; 0; 0)" Type="Hinge">

                        </IKJoint>
                      </IKBone>
                      <IKBone ParentFrame="BoneAxle4L_IK_A" ModelFrame="BonePistonIKL">
                        <IKBone AttachToFrame="BoneChassis_cdt" AttachOffset="(0; 0; 0)" ModelFrame="BonePistonIKLend">
                            <IKJoint AxisLocal="(0; 1; 0)" Type="Slider">

                            </IKJoint>
                        </IKBone>
                        <IKJoint AxisLocal="(1; 0; 0)" Type="Hinge">

                        </IKJoint>
                      </IKBone>
      </AutomaticIK>
      <ModelAttachments>
                      <ReverseSignals>
                            <Flare Dir="(-1; 0; 0)" Size="0.2" _template="ReverseSignal" Pos="(-5.449; 0.88; 0.789)">

                            </Flare>
                            <Flare Dir="(-1; 0; 0)" Size="0.2" _template="ReverseSignal" Pos="(-5.449; 0.88; -0.789)">

                            </Flare>
                            <Flare Color="g(220; 220; 255) x 0.05" Pos="(-5.449; 0.88; 0.789)" Dir="(-1; 0; 0)" Size="0.4" _template="BlueStreak">

                            </Flare>
                            <Flare Color="g(220; 220; 255) x 0.05" Pos="(-5.449; 0.88; -0.789)" Dir="(-1; 0; 0)" Size="0.4" _template="BlueStreak">

                            </Flare>
                          <Light Color="g(255; 230; 215) x 2" OuterCone="120" InnerCone="90" Pos="(-5.451; 0.882; 0)" _template="ReverseSignal">

                          </Light>
                      </ReverseSignals>
                      <Ignition>
                              <Flare Size="0.2" _template="IgnitionSignalRed" Pos="(-5.449; 0.88; 0.848)">

                              </Flare>
                              <Flare Size="0.2" _template="IgnitionSignalRed" Pos="(-5.449; 0.88; -0.848)">

                              </Flare>
                              <Flare Dir="(0; 0; 1)" Size="0.15" _template="IgnitionSignalOrange" Pos="(-2.197; 1.248; 1.21)">

                              </Flare>
                              <Flare Dir="(0; 0; 1)" Size="0.15" _template="IgnitionSignalOrange" Pos="(3.048; 1.417; 1.279)">

                              </Flare>
                              <Flare Dir="(0; 0; -1)" Size="0.15" _template="IgnitionSignalOrange" Pos="(3.048; 1.417; -1.279)">

                              </Flare>
                              <Flare Dir="(1; 0; 0)" Size="0.2" _template="IgnitionSignalOrange" Pos="(4.174; 2.614; 1.045)">

                              </Flare>
                              <Flare Dir="(1; 0; 0)" Size="0.2" _template="IgnitionSignalOrange" Pos="(4.174; 2.614; -1.045)">

                              </Flare>
                            <Light Pos="(-5.451; 0.882; 0)" _template="IgnitionSignalRed" Color="g(255; 0; 0)x 0.3">

                            </Light>
                      </Ignition>
                      <StopSignals>
                                <Flare Color="g(255; 0; 0) x 0.7" Pos="(-5.449; 0.88; 0.848)" Size="0.2" _template="StopSignal">

                                </Flare>
                                <Flare Color="g(255; 0; 0) x 0.7" Pos="(-5.449; 0.88; -0.848)" Size="0.2" _template="StopSignal">

                                </Flare>
                                <Flare Color="g(255; 0; 0) x 0.7" Pos="(-5.449; 0.88; 0.729)" Size="0.2" _template="StopSignal">

                                </Flare>
                                <Flare Color="g(255; 0; 0) x 0.7" Pos="(-5.449; 0.88; -0.729)" Size="0.2" _template="StopSignal">

                                </Flare>
                                <Flare Color="g(255; 0; 0) x 0.7" Pos="(-5.449; 0.88; 0.906)" Size="0.2" _template="StopSignal">

                                </Flare>
                                <Flare Color="g(255; 0; 0) x 0.7" Pos="(-5.449; 0.88; -0.906)" Size="0.2" _template="StopSignal">

                                </Flare>
                              <Light _template="StopSignal" Pos="(-5.467; 0.854; 0)">

                              </Light>
                      </StopSignals>
      </ModelAttachments>
      <TruckData EngineIconMesh="env/engine_pacific_p16" EngineStartDelay="3.2" TruckType="HEAVY" ExhaustStartTime="2.8" SteerSpeed="0.022" TruckImage="tatraforcemchr" DiffLockType="Installed" FuelCapacity="380" Responsiveness="0.2" SetHandbrakeOnWinchRelease="false" EngineIconScale="0.8" BackSteerSpeed="0.015">
                        <Driver SteeringWheelPos="(3.93; 1.956; 0.794)" Pos="(3.512; 1.617; 0.793)" AnimationSet="HeavyTruck">

                        </Driver>
                        <Shafts>
                              <Shaft SocketPointB="Shaft1b" SocketPointA="Shaft1a">

                              </Shaft>
                        </Shafts>
                        <FuelTank DamageCapacity="100">

                        </FuelTank>
                        <Dashboard>
                                    <Gauge Org="(4.180; 1.834; 0.754)" OutputAngles="(-126; 126)" Mesh="trucks/arrows/tatra_force_t815_7_arrow_1" Damping="0.99" InputRange="(0;120)" InputType="speed" Dir="(-0.883; 0.469; 0.001)">

                                    </Gauge>
                                    <Gauge Org="(4.171; 1.792; 0.895)" OutputAngles="(-134; 132)" Mesh="trucks/arrows/tatra_force_t815_7_arrow_1" Damping="0.99" InputRange="(0;1)" InputType="rpm" Dir="(-0.873; 0.488; -0.006)">

                                    </Gauge>
                                    <Gauge Org="(4.202; 1.858; 0.933)" OutputAngles="(-48; 8)" Mesh="trucks/arrows/tatra_force_t815_7_arrow_2" Damping="0.99" InputRange="(0;1)" InputType="engineEnabled" Dir="(-0.884; 0.468; 0)">

                                    </Gauge>
                                    <Gauge Org="(4.202; 1.858; 0.864)" OutputAngles="(-45; -10)" Mesh="trucks/arrows/tatra_force_t815_7_arrow_2" Damping="0.99" InputRange="(0;1)" InputType="engineEnabled" Dir="(-0.884; 0.468; 0)">

                                    </Gauge>
                                    <Gauge Org="(4.207; 1.868; 0.654)" OutputAngles="(-140; -35)" Mesh="trucks/arrows/tatra_force_t815_7_arrow_2" Damping="0.99" InputRange="(0;1)" InputType="engineEnabled" Dir="(-0.884; 0.468; 0)">

                                    </Gauge>
                                    <Gauge Org="(4.201; 1.855; 0.588)" OutputAngles="(-42; 42)" Mesh="trucks/arrows/tatra_force_t815_7_arrow_2" Damping="0.99" InputRange="(0;1)" InputType="fuel" Dir="(-0.884; 0.468; 0)">

                                    </Gauge>
                                    <Gauge Org="(4.183; 1.82; 0.62)" OutputAngles="(-128; -29)" Mesh="trucks/arrows/tatra_force_t815_7_arrow_2" Damping="0.99" InputRange="(0;1)" InputType="engineEnabled" Dir="(-0.884; 0.468; 0)">

                                    </Gauge>
                        </Dashboard>
                        <SoundsWheels _template="Default">

                        </SoundsWheels>
                        <GearboxSocket Default="g_special_default" Type="gearboxes_special, gearboxes_special_kolob">

                        </GearboxSocket>
                                      <Steam Origin="(-0.134; 1.62; 0)">

                                      </Steam>
                                      <Steam Origin="(2.292; 0.867; 0)" Scale="0.5">

                                      </Steam>
                        <Sounds DisableReversePitch="true" MinDist="15.0" _template="Default" Origin="(0.028; 1.347; 0)">
                                          <BrakesSqueal Sound="trucks/tatra_force/tatra_force_brakes_squeal">

                                          </BrakesSqueal>
                                          <AbruptStop Sound="trucks/common/truck_swing_big_rnd_set/truck_swing_big_rnd">

                                          </AbruptStop>
                                          <EngineLow Sound="trucks/tatra_force/tatra_force_low">

                                          </EngineLow>
                                          <EngineRev Sound="trucks/tatra_force/tatra_force_rev">

                                          </EngineRev>
                                          <EngineAccel Sound="trucks/tatra_force/tatra_force_acc">

                                          </EngineAccel>
                                          <Honk Sound="trucks/tatra_force/tatra_force_honk">

                                          </Honk>
                                          <EngineStop Sound="trucks/tatra_force/tatra_force_stop">

                                          </EngineStop>
                                          <Handbrake Sound="trucks/tatra_force/tatra_force_handbrake_on">

                                          </Handbrake>
                                          <EngineIdle_2d IsSound2D="true" Sound="trucks/tatra_force/tatra_force_idle_2d">

                                          </EngineIdle_2d>
                                          <HandbrakeOff Sound="trucks/tatra_force/tatra_force_handbrake_off">

                                          </HandbrakeOff>
                                          <EngineHeavy_2d IsSound2D="true" Sound="trucks/tatra_force/tatra_force_heavy_2d">

                                          </EngineHeavy_2d>
                                          <ChassisStress Sound="trucks/common/truck_stress_rnd_set/truck_stress_rnd">

                                          </ChassisStress>
                                          <Reverse Sound="trucks/tatra_force/tatra_force_back_beeper">

                                          </Reverse>
                                          <EngineHigh_2d IsSound2D="true" Sound="trucks/tatra_force/tatra_force_high_2d">

                                          </EngineHigh_2d>
                                          <EngineIdle Sound="trucks/tatra_force/tatra_force_idle">

                                          </EngineIdle>
                                          <EngineLow_2d IsSound2D="true" Sound="trucks/tatra_force/tatra_force_low_2d">

                                          </EngineLow_2d>
                                          <EngineHigh Sound="trucks/tatra_force/tatra_force_high">

                                          </EngineHigh>
                                          <EngineHeavy Sound="trucks/tatra_force/tatra_force_heavy">

                                          </EngineHeavy>
                                          <BrakeRelease Sound="trucks/common/truck_brake_release_alt2_rnd_set/truck_brake_release_alt2_rnd">

                                          </BrakeRelease>
                                          <EngineStart Sound="trucks/tatra_force/tatra_force_start">

                                          </EngineStart>
                        </Sounds>
                        <Intake Size="0.75" Origin="(4.507; 0.975; 0)" Dir="(1; 0; 0)">

                        </Intake>
                        <SoundsDamage _template="Heavy">

                        </SoundsDamage>
                        <Damage>
                                                  <DamageArea Max="(4.408; 1.689; 0.65)" Type="Engine" Min="(3.275; 0.813; -0.65)">

                                                  </DamageArea>
                                                  <DamageArea Max="(-0.56; 1.21; 1.25)" Type="FuelTank" Min="(-1.9; 0.5; 0.5)">

                                                  </DamageArea>
                        </Damage>
                        <Camera ParentFrame="BoneChassis_cdt" Center="(-1.7; 0; 0)">
                                                  <Cockpit WindshieldShadingTexture="trucks\tatra_force_t815_7_glass__sh_d.tga" WindshieldDiffuseTexture="trucks\tatra_force_t815_7_glass__d_a.tga" _template="Default" ViewPos="(3.521; 2.328; 0.801)">
                                                        <Mirror FOVScale="1.8" ClipDir="(-0.942; 0; -0.337)" Pos="(3.998; 2.181; 1.396)" Size="(0.25; 0.45)" MeshFrame="mirror_left" ReflectionDir="(-0.942; 0; -0.337)">

                                                        </Mirror>
                                                        <Mirror ClipDir="(-0.795; -0.005; 0.606)" CurveAngle="10" ClipOffset="0.05" FOVScale="2" ReflectionDir="(-0.795; -0.005; 0.606)" Size="(0.25; 0.45)" MeshFrame="mirror_right" Pos="(4.008; 2.181; -1.385)">

                                                        </Mirror>
                                                  </Cockpit>
                        </Camera>
                        <Shakers>
                                                      <Shaker MinAngle="(0.2; 0.2; 0.2)" Frame="BoneStickShaker1" MaxAngle="(0.7; 0.7; 0.7)" MaxFrequency="3">

                                                      </Shaker>
                                                      <Shaker MinAngle="(0.2; 0.2; 0.2)" Frame="BoneStickShaker2" MaxAngle="(0.7; 0.7; 0.7)" MaxFrequency="3">

                                                      </Shaker>
                        </Shakers>
                        <SuspensionSocket Default="tatra_force_t815_7_suspension_default" Type="s_tatra_force_t815_7" MaxWheelRadiusWithoutSuspension="0.76">

                        </SuspensionSocket>
                        <Wheels DefaultTire="tire" DefaultWheelType="wheels_tatra_force_815_7" DefaultRim="rim">
                                                          <Wheel _template="FirstAxle" Pos="(2.929; 0.609; 1.047)">

                                                          </Wheel>
                                                          <Wheel Pos="(2.981; 0.609; 1.047)" _template="FirstAxle" RightSide="true">

                                                          </Wheel>
                                                          <Wheel _template="SecondAxle" Pos="(0.779; 0.609; 1.047)">

                                                          </Wheel>
                                                          <Wheel Pos="(0.83; 0.609; 1.047)" _template="SecondAxle" RightSide="true">

                                                          </Wheel>
                                                          <Wheel _template="RearAxle" Pos="(-2.88; 0.609; 1.047)">

                                                          </Wheel>
                                                          <Wheel Pos="(-2.829; 0.609; 1.047)" _template="RearAxle" RightSide="true">

                                                          </Wheel>
                                                          <Wheel _template="RearAxle" Pos="(-4.331; 0.609; 1.047)">

                                                          </Wheel>
                                                          <Wheel Pos="(-4.28; 0.609; 1.047)" _template="RearAxle" RightSide="true">

                                                          </Wheel>
                        </Wheels>
                        <Axles>
                                                            <Axle IsIndependent="true" Frame="BoneAxle1L">

                                                            </Axle>
                                                            <Axle IsIndependent="true" Frame="BoneAxle1R">

                                                            </Axle>
                                                            <Axle IsIndependent="true" Frame="BoneAxle2L">

                                                            </Axle>
                                                            <Axle IsIndependent="true" Frame="BoneAxle2R">

                                                            </Axle>
                                                            <Axle IsIndependent="true" Frame="BoneAxle3L">

                                                            </Axle>
                                                            <Axle IsIndependent="true" Frame="BoneAxle3R">

                                                            </Axle>
                                                            <Axle IsIndependent="true" Frame="BoneAxle4L">

                                                            </Axle>
                                                            <Axle IsIndependent="true" Frame="BoneAxle4R">

                                                            </Axle>
                        </Axles>
                        <EngineSocket Default="ru_special_engine_0" Type="e_ru_special">

                        </EngineSocket>
                        <OcclusionMap HalfSizeZ="2.3" MinX="-6.2" MaxX="5.1">

                        </OcclusionMap>
                        <LimitedFluid Type="Box" SizeX="1.262" Center="(-1.208; 0.905; 0.863)" SizeY="0.572" SizeZ="0.622">

                        </LimitedFluid>
                        <WinchUpgradeSocket Default="w_heavy_trucks_default" IsUpgradable="true" Type="winches_heavy_trucks">

                        </WinchUpgradeSocket>
                        <SteeringWheel Frame="BoneSteering">

                        </SteeringWheel>
                                                                    <CompatibleWheels Type="wheels_tatra_force_815_7" RearOffsetZ="0.04" Scale="0.64">

                                                                    </CompatibleWheels>
                                                                    <CompatibleWheels Type="wheels_heavy_single" RearOffsetZ="0.04" Scale="0.64">

                                                                    </CompatibleWheels>
                                                                      <SteeringRack RackHalfSizeZ="0.709" Frame="BoneRack1" FrameSteerLeft="BoneAxle1Rack_L" FrameSteerRight="BoneAxle1Rack_R">

                                                                      </SteeringRack>
                                                                      <SteeringRack RackHalfSizeZ="0.709" Frame="BoneRack2" FrameSteerLeft="BoneAxle2Rack_L" FrameSteerRight="BoneAxle2Rack_R">

                                                                      </SteeringRack>
      </TruckData>
  </Truck>
  <_templates Include="trucks">
        <Wheel>
            <RearAxle CamberSuspensionMultiplier="1.8" Torque="default" Location="rear" CamberAnglePhysics="0" ConnectedToHandbrake="true" CamberAngleRender="6">

            </RearAxle>
            <SecondAxle SteeringCastor="4" SteeringJointOffset="0.3" SteeringAngle="18" _template="FirstAxle">

            </SecondAxle>
            <FirstAxle CamberSuspensionMultiplier="1.8" SteeringCastor="12" CamberAngleRender="6" Torque="full" CamberAnglePhysics="0" SteeringJointOffset="0.3" SteeringAngle="24" Location="front">

            </FirstAxle>
        </Wheel>
        <Body>
              <SideMirror Collisions="None" Mass="5">
                  <Constraint MinLimit="-1" Type="Hinge" MaxLimit="1" AxisLocal="(0; 1; 0)">
                      <Motor Spring="250" Type="Spring" Damping="7.5">

                      </Motor>
                  </Constraint>
              </SideMirror>
              <Mudguard Collisions="None" Mass="2">
                    <Constraint MinLimit="-40" Type="Hinge" MaxLimit="40" AxisLocal="(0; 0; 1)">
                        <Motor Spring="2.5" Type="Spring" Damping="0.25">

                        </Motor>
                    </Constraint>
              </Mudguard>
              <SunShield Collisions="None" Mass="1">
                      <Constraint MinLimit="-3" Type="Hinge" MaxLimit="3" AxisLocal="(0; 0; 1)">
                          <Motor Spring="60" Type="Spring" Damping="0.6">

                          </Motor>
                      </Constraint>
              </SunShield>
              <SunShield2 Collisions="None" Mass="1">
                        <Constraint MinLimit="-4" Type="Hinge" MaxLimit="4" AxisLocal="(0; 0; 1)">
                            <Motor Spring="30" Type="Spring" Damping="0.3">

                            </Motor>
                        </Constraint>
              </SunShield2>
        </Body>
  </_templates>