  <_templates Include="trucks">
      <Wheel>
          <RearWheel Location="rear" ConnectedToHandbrake="true" Torque="default">

          </RearWheel>
          <FrontWheel ParentFrame="BoneCabin_cdt" SteeringAngle="40" Location="front" SteeringJointOffset="0.2" Torque="connectable" SteeringCastor="8">

          </FrontWheel>
      </Wheel>
      <Body>
            <SideMirror Mass="5" Collisions="None">
                <Constraint Type="Hinge" MaxLimit="15" AxisLocal="(0; 1; 0)" MinLimit="-15">
                    <Motor Spring="250" Damping="1" Type="Spring">

                    </Motor>
                </Constraint>
            </SideMirror>
            <Sunshield Mass="3" Collisions="None">
                  <Constraint Type="Hinge" MaxLimit="8" AxisLocal="(0; 0; 1)" MinLimit="-5">
                      <Motor Spring="10" Damping=".1" Type="Spring">

                      </Motor>
                  </Constraint>
            </Sunshield>
      </Body>
  </_templates>
  <Truck>
        <HeadLight Pos="(2.513; 1.167; 0)" _template="Default">

        </HeadLight>
        <GameData UnlockByExploration="false" Price="90000" UnlockByRank="1" Country="US">
              <CustomizationCameras>
                    <CameraPos Name="roof_sticker" InterestPosition="(3.6; 0.363; -0.642)" Position="(7.6; 4.352; -0.303)" Interior="true" FOV="32.0">

                    </CameraPos>
                    <CameraPos MaxYRotation="360" MaxZoom="2" Name="addon_1" InterestPosition="(2; 1.563; -0)" Position="(-7; 3.802; 4.913)" MaxXRotation="360" FOV="32.0">

                    </CameraPos>
                    <CameraPos MaxYRotation="360" MaxZoom="2" Name="addon_2" InterestPosition="(2.9; 0.525; -0.002)" Position="(5.258; 2.509; 4.431)" MaxXRotation="360" FOV="32.0">

                    </CameraPos>
                    <CameraPos Name="mirror_mount" InterestPosition="(6.942; 2.145; 1.677)" Position="(5; 2.2; -0.72)" Interior="true" FOV="32.0">

                    </CameraPos>
                    <CameraPos MaxYRotation="360" MaxZoom="2" Name="side_r" InterestPosition="(4.764; 1.865; -0)" Position="(-0.317; 4.306; -4.556)" MaxXRotation="360" FOV="32.0">

                    </CameraPos>
                    <CameraPos Name="sticker" InterestPosition="(6.729; 1.3; 1.4)" Position="(5.3; 2.412; -0.5)" Interior="true" FOV="32.0">

                    </CameraPos>
                    <CameraPos Name="sticker_1" InterestPosition="(7.3; 3.196; 1.5)" Position="(5; 2.094; -0.4)" Interior="true" FOV="32.0">

                    </CameraPos>
                    <CameraPos Name="sticker_2" InterestPosition="(6.8; 1.3; 1.9)" Position="(5.2; 2.212; 0)" Interior="true" FOV="32.0">

                    </CameraPos>
                    <CameraPos Name="glass_sticker" InterestPosition="(4.545; 1.5; -1.3)" Position="(8.384; 2.7; 0.6)" Interior="true" FOV="32.0">

                    </CameraPos>
                    <CameraPos Name="door_r_sticker" InterestPosition="(7; 1.203; 0.54)" Position="(4; 1.862; 3.197)" Interior="true" FOV="32.0">

                    </CameraPos>
                    <CameraPos MaxYRotation="360" MaxZoom="2" Name="roof" InterestPosition="(5.165; 1.74; -0)" Position="(10.418; 3.866; -3.312)" MaxXRotation="360" FOV="32.0">

                    </CameraPos>
                    <CameraPos Name="capote_sticker" InterestPosition="(5.918; 0.655; -0.737)" Position="(9.116; 4.392; -0.492)" Interior="true" FOV="32.0">

                    </CameraPos>
                    <CameraPos MaxYRotation="360" MaxZoom="2" Name="hoods" InterestPosition="(5.997; 1.735; 0)" Position="(13.57; 1.44; -3.425)" MaxXRotation="360" FOV="32.0">

                    </CameraPos>
                    <CameraPos MaxYRotation="360" MaxZoom="2" Name="side_l" InterestPosition="(5.111; 1.443; 0)" Position="(10.666; 3.491; 4.263)" MaxXRotation="360" FOV="32.0">

                    </CameraPos>
                    <CameraPos Name="bubble_head" InterestPosition="(6.729; 1.3; 1.4)" Position="(5.3; 2.412; -0.5)" Interior="true" FOV="32.0">

                    </CameraPos>
                    <CameraPos MaxYRotation="360" MaxZoom="2" Name="wheels" InterestPosition="(4.213; 1.133; 0.3)" Position="(-3.583; 1.9; -4.3)" MaxXRotation="360" FOV="32.0">

                    </CameraPos>
                    <CameraPos MaxYRotation="360" MaxZoom="2" Name="default" InterestPosition="(5.997; 1.735; 0)" Position="(13.57; 1.44; -3.425)" MaxXRotation="360" FOV="32.0">

                    </CameraPos>
                    <CameraPos MaxYRotation="360" MaxZoom="2" Name="rear" InterestPosition="(0.612; 0.86; -0)" Position="(-5.27; 2.54; 3.142)" MaxXRotation="360" FOV="32.0">

                    </CameraPos>
                    <CameraPos Name="door_l_sticker" InterestPosition="(5.3; 1.225; 0.224)" Position="(4.3; 1.835; -3.217)" Interior="true" FOV="32.0">

                    </CameraPos>
                    <CameraPos Name="hood_ornament" InterestPosition="(7.878; 1.915; -1.556)" Position="(9.091; 2.279; -1.556)" Interior="true" FOV="32.0">

                    </CameraPos>
                    <CameraPos Name="curtain" InterestPosition="(6.942; 2.145; 1.677)" Position="(5; 2.2; -0.72)" Interior="true" FOV="32.0">

                    </CameraPos>
              </CustomizationCameras>
              <UiDesc UiName="UI_VEHICLE_GMC_8000_NAME" UiDesc="UI_VEHICLE_GMC_8000_DESC" UiIconLogo="GMLogoAlt80" UiIcon40x40="highwayVehicleImg" UiIcon30x30="highwayVehicleImg30" UiIcon328x458="shopImgGmcBrigadier">

              </UiDesc>
                    <AddonSockets>
                      <Socket ParentFrame="BoneChassis_cdt" Offset="(0; 0; 0)" Names="Gmc8000SpareWheel" NamesBlock="MetalDetector">
                          <ExtraParent Frame="BoneCabin_cdt">

                          </ExtraParent>
                      </Socket>
                    </AddonSockets>
                    <AddonSockets>
                        <Socket Offset="(-3.814; 1.47; 0)" Names="Semitrailer, SemitrailerOiltank">

                        </Socket>
                        <Socket Offset="(-3.188; 1.47; 0)" Names="LargeSemitrailer, LargeSemitrailerOiltank">

                        </Socket>
                        <Socket Offset="(-5.921; 0.828; 0)" Names="Trailer">

                        </Socket>
                    </AddonSockets>
                    <AddonSockets>
                      <Socket Offset="(-0.509; 0.992; 0)" Names="LogLift" NamesBlock="SaddleLow1, SaddleHigh, BigCraneUs, MinicraneUS, MetalDetector, FrameAddonLogShort, FrameAddon, FrameAddonKung, FrameAddonTank, FrameAddonSeismicVibrator, FrameAddonMaintainer, FrameAddonTow">

                      </Socket>
                    </AddonSockets>
                    <AddonSockets>
                        <Socket Offset="(-7.317; 0.992; 0)" Names="BunkLog" NamesBlock="MinicraneUS, MetalDetector, Gmc8000FenderLarge, Gmc8000FenderSmall">

                        </Socket>
                        <Socket Offset="(-3.06; 0.987; 0)" Names="FrameAddonLogShort" NamesBlock="MinicraneUS, MetalDetector, Gmc8000FenderLarge, Gmc8000FenderSmall">

                        </Socket>
                        <Socket Offset="(-3.811; 0.987; 0)" Names="SaddleLow1">
                            <ExtraParent Offset="(0; 0; 0.03)" Frame="BoneChassis_cdt">

                            </ExtraParent>
                            <ExtraParent Offset="(0; 0; -0.03)" Frame="BoneChassis_cdt">

                            </ExtraParent>
                        </Socket>
                        <Socket Offset="(-3.185; 0.987; 0)" Names="SaddleHigh">
                            <ExtraParent Offset="(0; 0; 0.03)" Frame="BoneChassis_cdt">

                            </ExtraParent>
                            <ExtraParent Offset="(0; 0; -0.03)" Frame="BoneChassis_cdt">

                            </ExtraParent>
                        </Socket>
                        <Socket Offset="(-3.05; 0.987; 0)" Names="FrameAddon">
                            <AddonsShift Offset="(-0.95; 0; 0)" Types="MinicraneUS">

                            </AddonsShift>
                            <AddonsShift Offset="(-0.9; 0; 0)" Types="MetalDetector">

                            </AddonsShift>
                              <ExtraParent Offset="(0; 0; 0.06)" Frame="BoneChassis_cdt">

                              </ExtraParent>
                              <ExtraParent Offset="(0; 0; -0.06)" Frame="BoneChassis_cdt">

                              </ExtraParent>
                        </Socket>
                        <Socket Offset="(-3.5; 0.987; 0)" Names="FrameAddonTow" NamesBlock="MinicraneUS, MetalDetector, Trailer">

                        </Socket>
                        <Socket Offset="(-3.35; 1.073; 0)" Names="FrameAddonKung" ParentFrame="BoneChassis_cdt">
                            <ExtraParent Offset="(0; 0; -0.06)" Frame="BoneChassis_cdt">

                            </ExtraParent>
                            <ExtraParent Offset="(0; 0; 0.06)" Frame="BoneChassis_cdt">

                            </ExtraParent>
                        </Socket>
                        <Socket Offset="(-3.74; 0.987; 0)" Names="FrameAddonTank" NamesBlock="Gmc8000FenderLarge">
                            <ExtraParent Offset="(0; 0; 0.11)" Frame="BoneChassis_cdt">

                            </ExtraParent>
                            <ExtraParent Offset="(0; 0; -0.11)" Frame="BoneChassis_cdt">

                            </ExtraParent>
                        </Socket>
                        <Socket Offset="(-3.4; 0.998; 0)" Names="BigCraneUs" NamesBlock="MetalDetector, MinicraneUS, Gmc8000FenderLarge, Gmc8000FenderSmall">
                            <ExtraParent Offset="(0; -0.01; 0.057)" Frame="BoneChassis_cdt">

                            </ExtraParent>
                            <ExtraParent Offset="(0; -0.01; -0.057)" Frame="BoneChassis_cdt">

                            </ExtraParent>
                        </Socket>
                        <Socket ParentFrame="BoneChassis_cdt" Offset="(-0.887; 0.987; 0)" Names="FrameAddonSeismicVibrator" NamesBlock="MetalDetector, MinicraneUS">

                        </Socket>
                        <Socket ParentFrame="BoneChassis_cdt" Offset="(-3.55; -0.042; 0)" Names="FrameAddonMaintainer" NamesBlock="MetalDetector, MinicraneUS, Trailer">

                        </Socket>
                    </AddonSockets>
                    <AddonSockets>
                        <Socket ParentFrame="BoneChassis_cdt" Offset="(-1.124; -0.06; 0)" Names="MetalDetector" NamesBlock="FrameAddonKung, FrameAddonTank">

                        </Socket>
                        <Socket Offset="(-1.1; 0.99; 0)" Names="MinicraneUS" NamesBlock="FrameAddonKung, FrameAddonTank">
                            <ExtraParent Offset="(0; 0; 0.045)" Frame="BoneChassis_cdt">

                            </ExtraParent>
                            <ExtraParent Offset="(0; 0; -0.045)" Frame="BoneChassis_cdt">

                            </ExtraParent>
                        </Socket>
                    </AddonSockets>
                    <AddonSockets DefaultAddon="gmc_8000_transferbox_default">
                      <Socket Offset="(0; 0; 0)" Names="Gmc8000TransferBox" ParentFrame="BoneCabin_cdt">
                            <ExtraParent Frame="BoneChassis_cdt">

                            </ExtraParent>
                            <ExtraParent Frame="BoneAxle1">

                            </ExtraParent>
                      </Socket>
                    </AddonSockets>
                    <AddonSockets DefaultAddon="gmc_8000_exhaust_default">
                      <Socket Offset="(0; 0; 0)" Names="Gmc8000Exhaust" ParentFrame="BoneCabin_cdt">

                      </Socket>
                    </AddonSockets>
                    <AddonSockets DefaultAddon="gmc_8000_bumper_default">
                      <Socket Offset="(0; 0; 0)" Names="Gmc8000Bumper" ParentFrame="BoneCabinRagdoll_cdt">

                      </Socket>
                    </AddonSockets>
                    <AddonSockets DefaultAddon="gmc_8000_diff_lock_default">
                      <Socket Offset="(0; 0; 0)" Names="GMC8000DiffLock" ParentFrame="BoneChassis_cdt">

                      </Socket>
                    </AddonSockets>
                    <AddonSockets DefaultAddon="gmc_8000_horn_default">
                      <Socket Offset="(0; 0; 0)" Names="Gmc8000Horn" ParentFrame="BoneCabinRagdoll_cdt">

                      </Socket>
                    </AddonSockets>
                    <AddonSockets DefaultAddon="gmc_8000_gabarite_default">
                      <Socket Offset="(0; 0; 0)" Names="Gmc8000Gabarite" ParentFrame="BoneCabinRagdoll_cdt">

                      </Socket>
                    </AddonSockets>
                    <AddonSockets>
                      <Socket Offset="(0; 0; 0)" Names="Gmc8000Spotlight" ParentFrame="BoneCabinRagdoll_cdt">

                      </Socket>
                    </AddonSockets>
                    <AddonSockets>
                      <Socket Offset="(0; 0; 0)" Names="Gmc8000Visor" ParentFrame="BoneCabinRagdoll_cdt">

                      </Socket>
                    </AddonSockets>
                    <AddonSockets>
                      <Socket Offset="(0; 0; 0)" Names="Gmc8000Snorkel" ParentFrame="BoneCabinRagdoll_cdt">

                      </Socket>
                    </AddonSockets>
                    <AddonSockets>
                      <Socket ParentFrame="BoneChassis_cdt" Offset="(0; 0; 0)" Names="Gmc8000FenderLarge" NamesBlock="Gmc8000FenderSmall">

                      </Socket>
                    </AddonSockets>
                    <AddonSockets>
                      <Socket ParentFrame="BoneChassis_cdt" Offset="(0; 0; 0)" Names="Gmc8000FenderSmall" NamesBlock="Gmc8000FenderLarge">

                      </Socket>
                    </AddonSockets>
                    <AddonSockets>
                      <Socket ParentFrame="BoneCabinRagdoll_cdt" Names="gmc8000Sticker_1x1_01" InCockpit="true">

                      </Socket>
                    </AddonSockets>
                    <AddonSockets>
                      <Socket ParentFrame="BoneCabinRagdoll_cdt" Names="gmc8000Sticker_1x1_02" InCockpit="true">

                      </Socket>
                    </AddonSockets>
                    <AddonSockets>
                      <Socket ParentFrame="BoneCabinRagdoll_cdt" Names="gmc8000Sticker_1x1_03" InCockpit="true">

                      </Socket>
                    </AddonSockets>
                    <AddonSockets>
                      <Socket ParentFrame="BoneSunshieldLeft_cdt" Names="gmc8000Sticker_1x2_01" InCockpit="true">

                      </Socket>
                    </AddonSockets>
                    <AddonSockets>
                      <Socket ParentFrame="BoneSunshieldRight_cdt" Names="gmc8000Sticker_1x2_02" InCockpit="true">

                      </Socket>
                    </AddonSockets>
                    <AddonSockets>
                      <Socket ParentFrame="BoneCabinRagdoll_cdt" Names="gmc8000Sticker_1x4_01" InCockpit="true">

                      </Socket>
                    </AddonSockets>
                    <AddonSockets>
                      <Socket ParentFrame="BoneCabinRagdoll_cdt" Names="gmc8000Sticker_GlassTop" InCockpit="true">

                      </Socket>
                    </AddonSockets>
                    <AddonSockets>
                      <Socket ParentFrame="BoneCabinRagdoll_cdt" Names="gmc8000Sticker_GlassBottom" InCockpit="true">

                      </Socket>
                    </AddonSockets>
                    <AddonSockets>
                      <Socket Names="gmc8000Sticker_Door_L" ParentFrame="BoneCabinRagdoll_cdt">

                      </Socket>
                    </AddonSockets>
                    <AddonSockets>
                      <Socket Names="gmc8000Sticker_Door_R" ParentFrame="BoneCabinRagdoll_cdt">

                      </Socket>
                    </AddonSockets>
                    <AddonSockets>
                      <Socket Names="gmc8000Sticker_Roof" ParentFrame="BoneCabinRagdoll_cdt">

                      </Socket>
                    </AddonSockets>
                    <AddonSockets>
                      <Socket Names="gmc8000Sticker_Capote" ParentFrame="BoneCabinRagdoll_cdt">

                      </Socket>
                    </AddonSockets>
                    <AddonSockets>
                      <Socket ParentFrame="BoneCabinRagdoll_cdt" Offset="(1.13; 1.903; -0.16)" Names="StuffDashboard" InCockpit="true">

                      </Socket>
                    </AddonSockets>
                    <AddonSockets>
                        <Socket ParentFrame="BoneCabinRagdoll_cdt" Offset="(0.885; 2.411; 0.203)" Names="StuffAirfreshener" InCockpit="true">

                        </Socket>
                        <Socket ParentFrame="BoneCabinRagdoll_cdt" Names="StuffCurtainGmc8000" InCockpit="true">

                        </Socket>
                    </AddonSockets>
                    <AddonSockets>
                      <Socket Names="StuffHoodGmc8000" ParentFrame="BoneCabinRagdoll_cdt">

                      </Socket>
                    </AddonSockets>
                      <CraneSocket Pos="(2.383; 0.712; 0.496)" ParentFrame="BoneCabin_cdt">

                      </CraneSocket>
                      <CraneSocket Pos="(2.383; 0.712; -0.496)" ParentFrame="BoneCabin_cdt">

                      </CraneSocket>
                      <CraneSocket Pos="(-5.889; 0.816; 0)">

                      </CraneSocket>
                      <CraneSocket Pos="(-1.85; 0.767; 0.42)">

                      </CraneSocket>
                      <CraneSocket Pos="(-1.85; 0.767; -0.42)">

                      </CraneSocket>
                        <WinchSocket Pos="(2.383; 0.712; 0.496)" ParentFrame="BoneCabin_cdt">

                        </WinchSocket>
                        <WinchSocket Pos="(2.383; 0.712; -0.496)" ParentFrame="BoneCabin_cdt">

                        </WinchSocket>
                        <WinchSocket Pos="(-5.889; 0.816; 0)">

                        </WinchSocket>
                        <WinchSocket Pos="(-1.85; 0.767; 0.42)">

                        </WinchSocket>
                        <WinchSocket Pos="(-1.85; 0.767; -0.42)">

                        </WinchSocket>
        </GameData>
        <PhysicsModel Mesh="trucks/gmc_8000">
                <Body NetSync="pv" CenterOfMassOffset="(-2.2; 0; 0)" ModelFrame="BoneChassis_cdt" Mass="4000" ImpactType="Truck">
                    <Body NetSync="pv" CenterOfMassOffset="(-0.3; 0; 0)" ModelFrame="BoneCabin_cdt" Mass="1500" ImpactType="Truck">
                        <Constraint Type="Hinge" MaxLimit="1.5" AxisLocal="(1; 0; 0)" MinLimit="-1.5">
                            <Motor Spring="240000" Damping="24000" Type="Spring">

                            </Motor>
                        </Constraint>
                            <Body CenterOfMassOffset="(-0.5; -0.5; 0)" ModelFrame="BoneCabinRagdoll_cdt" Mass="1500" ImpactType="Truck">
                              <Constraint Type="Ragdoll" PlaneMin="-1.5" PlaneMax="1.5" TwistAxisLocal="(0; 1; 0)" Cone="2.5" PlaneAxisLocal="(1; 0; 0)">
                                  <ConeMotor Spring="1500000" Damping="700000" Type="Spring">

                                  </ConeMotor>
                                  <PlaneMotor Spring="3500000" Damping="200000" Type="Spring">

                                  </PlaneMotor>
                              </Constraint>
                                  <Body ModelFrame="BoneBelt1_cdt" Mass="2" Collisions="None">
                                    <Constraint Type="Hinge" MaxLimit="10" AxisLocal="(0; 1; 0)" MinLimit="-20" PivotOffset="(0; 0; 0)">
                                        <Motor Spring="10" Damping="10" Type="Spring">

                                        </Motor>
                                    </Constraint>
                                  </Body>
                                  <Body ModelFrame="BoneBelt2_cdt" Mass="1" Collisions="None">
                                    <Constraint Type="Hinge" MaxLimit="5" AxisLocal="(0; 1; 0)" MinLimit="-15" PivotOffset="(0; 0; 0)">
                                        <Motor Spring="2" Damping="2" Type="Spring">

                                        </Motor>
                                    </Constraint>
                                  </Body>
                                  <Body ModelFrame="BoneSunshieldRight_cdt" _template="Sunshield">

                                  </Body>
                                  <Body ModelFrame="BoneSunshieldLeft_cdt" _template="Sunshield">

                                  </Body>
                                  <Body Mass="0.2" ModelFrame="BoneKeyFob_cdt">
                                    <Constraint Type="Hinge" MaxLimit="50" AxisLocal="(1; 0; 0)" MinLimit="-50" PivotOffset="(0; 0; 0)">
                                        <Motor Spring="0.001" Damping="0.001" Type="Spring">

                                        </Motor>
                                    </Constraint>
                                  </Body>
                                  <Body ModelFrame="BoneMirrorLeft_cdt" _template="SideMirror">

                                  </Body>
                                  <Body ModelFrame="BoneMirrorRight_cdt" _template="SideMirror">

                                  </Body>
                            </Body>
                            <Body ModelFrame="BoneTieRod_cdt" _template="TieRod">
                              <Constraint MaxLimit="25" AxisLocal="(0; 0; 1)" MinLimit="-25" Name="TieRodSteer">

                              </Constraint>
                            </Body>
                    </Body>
                </Body>
                <NetSync Legacy="false">

                </NetSync>
        </PhysicsModel>
        <ControlledConstraints>
                  <Constraint IsLinkedSteering="true" Id="chassis_steer" Name="TieRodSteer">

                  </Constraint>
        </ControlledConstraints>
        <ModelAttachments>
                    <HeadLight>
                          <Flare Pos="(2.32; 1.161; -1.050)" _template="HeadLight" ParentFrame="BoneCabinRagdoll_cdt" Size="0.5" DirAngle="135">

                          </Flare>
                          <Flare Pos="(2.32; 1.161; 1.050)" _template="HeadLight" ParentFrame="BoneCabinRagdoll_cdt" Size="0.5" DirAngle="135">

                          </Flare>
                          <Flare Pos="(2.32; 1.161; -1.050)" ParentFrame="BoneCabinRagdoll_cdt" _template="BlueStreak">

                          </Flare>
                          <Flare Pos="(2.32; 1.161; 1.050)" ParentFrame="BoneCabinRagdoll_cdt" _template="BlueStreak">

                          </Flare>
                            <Model Org="(2.32; 1.161; -1.050)" ParentFrame="BoneCabinRagdoll_cdt" _template="HeadLightRay">

                            </Model>
                            <Model Org="(2.32; 1.161; 1.050)" ParentFrame="BoneCabinRagdoll_cdt" _template="HeadLightRay">

                            </Model>
                    </HeadLight>
                    <StopSignals>
                          <Light Pos="(-5.951; 0.71; 0)" _template="StopSignal">

                          </Light>
                              <Flare Pos="(-5.851; 0.779; 0.276)" Size=".6" _template="StopSignal">

                              </Flare>
                              <Flare Pos="(-5.851; 0.779; -0.276)" Size=".6" _template="StopSignal">

                              </Flare>
                    </StopSignals>
                          <Ignition>
                              <Flare Pos="(2.24; 1.339; 1.050)" _template="Beacon" Color="g(255; 192; 0) x 0.17" Size="0.5" ParentFrame="BoneCabinRagdoll_cdt">

                              </Flare>
                              <Flare Pos="(2.24; 1.339; -1.050)" _template="Beacon" Color="g(255; 192; 0) x 0.17" Size="0.5" ParentFrame="BoneCabinRagdoll_cdt">

                              </Flare>
                              <Flare Pos="(-5.851; 0.779; 0.276)" _template="IgnitionSignalRed">

                              </Flare>
                              <Flare Pos="(-5.851; 0.779; -0.276)" _template="IgnitionSignalRed">

                              </Flare>
                          </Ignition>
                          <Ignition>
                              <Light Pos="(-5.95; 0.88; 0)" _template="IgnitionSignalRed">

                              </Light>
                              <Light Pos="(2.615; 0.945; 1.050)" _template="IgnitionSignalWhite" Color="g(255; 205; 145) x 0.8" ParentFrame="BoneCabinRagdoll_cdt">

                              </Light>
                              <Light Pos="(2.615; 0.945; -1.050)" _template="IgnitionSignalWhite" Color="g(255; 205; 145) x 0.8" ParentFrame="BoneCabinRagdoll_cdt">

                              </Light>
                                <Flare Pos="(2.32; 1.161; -1.050)" _template="IgnitionSignalWhite" Color="g(165; 149; 130) x 0.85" ParentFrame="BoneCabinRagdoll_cdt" DirAngle="180">

                                </Flare>
                                <Flare Pos="(2.32; 1.161; 1.050)" _template="IgnitionSignalWhite" Color="g(165; 149; 130) x 0.85" ParentFrame="BoneCabinRagdoll_cdt" DirAngle="180">

                                </Flare>
                          </Ignition>
                    <ReverseSignals>
                              <Light Pos="(-5.851; 0.85; 0)" _template="ReverseSignal">

                              </Light>
                                  <Flare Pos="(-5.851; 0.85; -0.276)" Size="0.4" _template="ReverseSignal">

                                  </Flare>
                                  <Flare Pos="(-5.851; 0.85; 0.276)" Size="0.4" _template="ReverseSignal">

                                  </Flare>
                                  <Flare Pos="(-5.851; 0.85; -0.276)" Dir="(-1; 0; 0)" _template="BlueStreak" Color="g(220; 220; 255) x 0.05" Size="0.4">

                                  </Flare>
                                  <Flare Pos="(-5.851; 0.85; 0.276)" Dir="(-1; 0; 0)" _template="BlueStreak" Color="g(220; 220; 255) x 0.05" Size="0.4">

                                  </Flare>
                    </ReverseSignals>
        </ModelAttachments>
        <Landmark MaxScale="3.8" Mesh="landmarks/gmc_8000_lmk" MinScale="1.8">

        </Landmark>
        <AutomaticIK>
                          <IKBone ParentFrame="BoneCabin_cdt" ModelFrame="BonePistonBase">
                            <IKJoint Type="Hinge" AxisLocal="(0; 0; 1)">

                            </IKJoint>
                            <IKBone AttachToFrame="BoneTieRod_cdt" AttachOffset="(0; 0; 0)" ModelFrame="BonePiston">
                                  <IKJoint Type="Slider" AxisLocal="(1; 0; 0)">

                                  </IKJoint>
                            </IKBone>
                          </IKBone>
                          <IKBone ParentFrame="BoneTieRod_cdt" ModelFrame="BoneTieRodHinge2">
                            <IKJoint Type="Hinge2" AxisLocal="(1; 0; 0)">

                            </IKJoint>
                            <IKBone AttachToFrame="BoneRackLeft" AttachOffset="(0; 0; 0)" ModelFrame="BoneTieRodPrismatic">
                                  <IKJoint Type="Slider" AxisLocal="(1; 0; 0)">

                                  </IKJoint>
                            </IKBone>
                          </IKBone>
        </AutomaticIK>
        <TruckData SteerSpeed="0.02" EngineStartDelay="0.8" EngineIconMesh="env/engine_default" TruckType="HEAVY_DUTY" Responsiveness="0.25" BackSteerSpeed="0.01" TruckImage="gmcBrigadier8000mchr" FuelCapacity="285" DiffLockType="None" ExhaustStartTime="0.9" EngineIconScale="1.2">
                          <Driver Pos="(0.45; 1.5; 0.495)" ParentFrame="BoneCabin_cdt" AnimationSet="HeavyTruck" SteeringWheelPos="(0.826; 1.816; 0.497)">

                          </Driver>
                          <SoundsDamage _template="Heavy">

                          </SoundsDamage>
                          <OcclusionMap HalfSizeZ="1.8" MinX="-5.944" MaxX="3.048">

                          </OcclusionMap>
                          <FuelTank DamageCapacity="50">

                          </FuelTank>
                          <Intake Size="1" Dir="(1; 0; 0)" Origin="(2.377; 1.39; 0)">

                          </Intake>
                          <EngineSocket Type="e_us_truck_old, e_us_truck_old_gmc8000" Default="us_truck_old_engine_0">

                          </EngineSocket>
                          <SuspensionSocket Type="s_gmc8000" MaxWheelRadiusWithoutSuspension="0.4" Default="gmc8000_suspension_default">

                          </SuspensionSocket>
                          <Dashboard>
                                              <Gauge InputRange="(0;1)" Dir="(-0.998; 0.058; -0.009)" InputType="none" Org="(1.117; 1.725; 0.672)" Damping="0.99" Mesh="trucks/arrows/gmc_8000_arrow_01" OutputAngles="(-138;60)">

                                              </Gauge>
                                              <Gauge InputRange="(0;1)" Dir="(-0.998; 0.008; 0.059)" InputType="engineEnabled" Org="(1.122; 1.802; 0.673)" Damping="0.9" Mesh="trucks/arrows/gmc_8000_arrow_01" OutputAngles="(-138;67)">

                                              </Gauge>
                                              <Gauge InputType="speed" Dir="(-0.707; 0.022; 0.021)" Org="(1.12; 1.777; 0.564)" Mesh="trucks/arrows/gmc_8000_arrow_02" InputRange="(0;160)" OutputAngles="(-135;100)">

                                              </Gauge>
                                              <Gauge InputRange="(0;1)" Dir="(-0.707; 0.017; 0.026)" InputType="rpm" Org="(1.118; 1.777; 0.431)" Damping="0.9" Mesh="trucks/arrows/gmc_8000_arrow_02" OutputAngles="(-135;100)">

                                              </Gauge>
                                              <Gauge InputRange="(0;1)" Dir="(-0.7; -0.003; 0.03)" InputType="engineEnabled" Org="(1.116; 1.797; 0.32)" Damping="0.9996" Mesh="trucks/arrows/gmc_8000_arrow_01" OutputAngles="(-42;5)">

                                              </Gauge>
                                              <Gauge InputRange="(0;1)" Dir="(-0.997; 0.049; 0.056)" InputType="fuel" Org="(1.111; 1.72; 0.32)" Damping="0.9" Mesh="trucks/arrows/gmc_8000_arrow_01" OutputAngles="(-39;39)">

                                              </Gauge>
                                              <Gauge InputRange="(0;1)" Dir="(-0.707; -0; 0.03)" InputType="engineEnabled" Org="(1.11; 1.798; 0.238)" Damping="0.9" Mesh="trucks/arrows/gmc_8000_arrow_01" OutputAngles="(-41;22)">

                                              </Gauge>
                                              <Gauge InputRange="(0;1)" Dir="(-0.708; -0; 0.03)" InputType="engineEnabled" Org="(1.106; 1.72; 0.238)" Damping="0.9" Mesh="trucks/arrows/gmc_8000_arrow_01" OutputAngles="(-43;10)">

                                              </Gauge>
                                              <Gauge InputRange="(0;1)" Dir="(-0.998; 0.008; 0.059)" InputType="none" Org="(1.12; 1.803; 0.747)" Damping="0.9" Mesh="trucks/arrows/gmc_8000_arrow_01" OutputAngles="(-139;65)">

                                              </Gauge>
                          </Dashboard>
                          <Axles>
                                                <Axle Frame="BoneAxle1">

                                                </Axle>
                                                <Axle Frame="BoneAxle2">

                                                </Axle>
                                                <Axle Frame="BoneAxle3">

                                                </Axle>
                          </Axles>
                          <Camera Center="(-2.3; 0; 0)" ParentFrame="BoneCabin_cdt">
                                                <Cockpit WindshieldDiffuseTexture="trucks/gmc8000_glass__d_a.tga" _template="Default" WindshieldShadingTexture="trucks/gmc8000_glass__sh_d.tga" ViewPos="(0.43; 2.193; 0.496)">
                                                    <Rear ViewPosOffset="(-0.05; -0.1; 0.7)">

                                                    </Rear>
                                                        <Mirror LookAtOffset="(0; 0; 0.05)" Size="(0.251; 0.553)" FOVScale="2" ReflectionDir="(-0.854; 0; -0.52)" Pos="(0.82; 2.095; 1.363)" ClipDir="(-0.94; 0; -0.342)" MeshFrame="mirror_left" ClipOffset="0.18">

                                                        </Mirror>
                                                        <Mirror FOVScale="2" ClipDir="(-0.714; 0; 0.7)" MeshFrame="mirror_right" Pos="(0.82; 2.095; -1.363)" ReflectionDir="(-0.714; 0; 0.6)" Size="(0.251; 0.553)" ClipOffset="0.1">

                                                        </Mirror>
                                                </Cockpit>
                          </Camera>
                                                <CompatibleWheels Type="wheels_medium_double" Scale="0.5">

                                                </CompatibleWheels>
                                                <CompatibleWheels Type="wheels_medium_double" Scale="0.55">

                                                </CompatibleWheels>
                                                <CompatibleWheels Type="wheels_medium_double" Scale="0.58" RearOffsetZ="0.02">

                                                </CompatibleWheels>
                                                  <LimitedFluid Type="Cylinder" Center="(-0.3; 0.612; 0.815)" RadiusY="0.33" LengthX="0.806" RadiusZ="0.33">

                                                  </LimitedFluid>
                                                  <LimitedFluid Type="Cylinder" Center="(0.104; 0.612; -0.815)" RadiusY="0.33" LengthX="1.61" RadiusZ="0.33">

                                                  </LimitedFluid>
                          <Sounds ParentFrame="BoneCabin_cdt" _template="Default" AirHissInterval="12.0" Origin="(1.38; 1.426; 0)" MinDist="10.0" DisableReversePitch="false">
                                                      <Reverse Sound="">

                                                      </Reverse>
                                                      <EngineTrans Sound="">

                                                      </EngineTrans>
                                                      <EngineHeavy Sound="trucks/gmc_8000/gmc_8000_heavy">

                                                      </EngineHeavy>
                                                      <EngineHigh Sound="trucks/gmc_8000/gmc_8000_high">

                                                      </EngineHigh>
                                                      <ChassisStress Sound="trucks/common/truck_stress_rnd_set/truck_stress_rnd">

                                                      </ChassisStress>
                                                      <EngineRev Sound="trucks/gmc_8000/gmc_8000_rev">

                                                      </EngineRev>
                                                      <EngineHigh_2d IsSound2D="true" Sound="trucks/gmc_8000/gmc_8000_high_2d">

                                                      </EngineHigh_2d>
                                                      <AbruptStop Sound="trucks/common/truck_swing_big_old_rnd_set/truck_swing_big_old_rnd">

                                                      </AbruptStop>
                                                      <EngineIdle_2d IsSound2D="true" Sound="trucks/gmc_8000/gmc_8000_idle_2d">

                                                      </EngineIdle_2d>
                                                      <EngineIdle Sound="trucks/gmc_8000/gmc_8000_idle">

                                                      </EngineIdle>
                                                      <EngineHeavy_2d IsSound2D="true" Sound="trucks/gmc_8000/gmc_8000_heavy_2d">

                                                      </EngineHeavy_2d>
                                                      <Honk Sound="trucks/gmc_8000/gmc_8000_honk">

                                                      </Honk>
                                                      <EngineLow Sound="trucks/gmc_8000/gmc_8000_low">

                                                      </EngineLow>
                                                      <EngineStart Sound="trucks/gmc_8000/gmc_8000_start">

                                                      </EngineStart>
                                                      <EngineStop Sound="trucks/gmc_8000/gmc_8000_stop">

                                                      </EngineStop>
                                                      <EngineAccel Sound="trucks/gmc_8000/gmc_8000_acc">

                                                      </EngineAccel>
                                                      <EngineLow_2d IsSound2D="true" Sound="trucks/gmc_8000/gmc_8000_low_2d">

                                                      </EngineLow_2d>
                          </Sounds>
                          <Wheels DefaultWheelType="wheels_medium_double" DefaultTire="highway_1" DefaultRim="rim_1">
                                                          <Wheel Pos="(-4.536; 0.491; 0.893)" _template="RearWheel">

                                                          </Wheel>
                                                          <Wheel RightSide="true" Pos="(-4.536; 0.491; 0.893)" _template="RearWheel">

                                                          </Wheel>
                                                          <Wheel Pos="(-3.095; 0.491; 0.893)" _template="RearWheel">

                                                          </Wheel>
                                                          <Wheel RightSide="true" Pos="(-3.095; 0.491; 0.893)" _template="RearWheel">

                                                          </Wheel>
                                                          <Wheel Pos="(1.715; 0.49; 1.02)" _template="FrontWheel">

                                                          </Wheel>
                                                          <Wheel RightSide="true" Pos="(1.715; 0.49; 1.02)" _template="FrontWheel">

                                                          </Wheel>
                          </Wheels>
                                                        <Steam Origin="(0.144; 0.961; 0)">

                                                        </Steam>
                                                        <Steam Scale="0.5" Origin="(1.568; 1.171; 0)" ParentFrame="BoneCabin_cdt">

                                                        </Steam>
                          <GearboxSocket Type="gearboxes_trucks" Default="g_truck_default">

                          </GearboxSocket>
                          <WinchUpgradeSocket Type="winches_medium_trucks" Default="w_medium_trucks_default" IsUpgradable="true">

                          </WinchUpgradeSocket>
                          <SteeringRack Frame="BoneRack" RackHalfSizeZ="0.831" FrameSteerLeft="BoneRackLeft" FrameSteerRight="BoneRackRight">

                          </SteeringRack>
                          <SteeringWheel Frame="BoneSteering">

                          </SteeringWheel>
                          <SoundsWheels _template="Default">

                          </SoundsWheels>
                          <Damage ParentFrame="BoneCabin_cdt" SensationMax="(1.222; 2.489; 0.988)" Capacity="600" SensationMin="(-0.023; 1.818; -0.988)">
                                                                        <DamageArea Min="(1.1; 0.62; -0.6)" ParentFrame="BoneCabin_cdt" Max="(2.100; 1.9; 0.6)" Type="Engine">

                                                                        </DamageArea>
                                                                        <DamageArea Min="(-0.71; 0.24; -1.12)" ParentFrame="BoneCabin_cdt" Max="(0.93; 0.93; 1.12)" Type="FuelTank">

                                                                        </DamageArea>
                          </Damage>
                          <Shafts>
                                                                        <Shaft SocketPointA="ShaftWheel2WheelA" SocketPointB="ShaftWheel2WheelB">

                                                                        </Shaft>
                          </Shafts>
        </TruckData>
  </Truck>