  <Truck>
      <TruckData EngineIconMesh="env/engine_default" EngineStartDelay="0.6" TruckType="HEAVY" ExhaustStartTime="0.6" SteerSpeed="0.03" TruckImage="Azov4220Antarcticmchr" DiffLockType="Installed" Responsiveness="0.4" FuelCapacity="340" EngineIconScale="1.7" BackSteerSpeed="0.02">
          <Driver ParentFrame="BoneCabinRagdoll_cdt" Pos="(4.08; 2.32; 0.729)" SteeringWheelPos="(4.467; 2.647; 0.726)">

          </Driver>
          <Shafts>
                  <Shaft SocketPointB="Shaft1b" SocketPointA="Shaft1a">

                  </Shaft>
                  <Shaft SocketPointB="Shaft2b" SocketPointA="Shaft2a">

                  </Shaft>
                  <Shaft SocketPointB="Shaft3b" SocketPointA="Shaft3a">

                  </Shaft>
          </Shafts>
          <FuelTank DamageCapacity="50">

          </FuelTank>
          <Messages Pos="(4.405; 2.804; 0)" ParentFrame="BoneCabinRagdoll_cdt">

          </Messages>
          <SoundsWheels _template="Default">

          </SoundsWheels>
          <GearboxSocket Default="g_special_default" Type="gearboxes_special">

          </GearboxSocket>
                        <Steam Origin="(2.7; 1.53; 0)">

                        </Steam>
                        <Steam Origin="(1.317; 1.74; 0)" Scale="0.5">

                        </Steam>
          <Sounds DisableReversePitch="true" MinDist="15.0" Origin="(3.8; 1.85; 0)" _template="Default">
                            <BrakesSqueal Sound="trucks/azov_4220_antarctic/azov_4220_antarctic_brakes_squeal">

                            </BrakesSqueal>
                            <AbruptStop Sound="trucks/common/truck_swing_big_rnd_set/truck_swing_big_rnd">

                            </AbruptStop>
                            <EngineLow Sound="trucks/azov_4220_antarctic/azov_4220_antarctic_low">

                            </EngineLow>
                            <EngineRev Sound="trucks/azov_4220_antarctic/azov_4220_antarctic_rev">

                            </EngineRev>
                            <EngineAccel Sound="trucks/azov_4220_antarctic/azov_4220_antarctic_acc">

                            </EngineAccel>
                            <Honk Sound="trucks/azov_4220_antarctic/azov_4220_antarctic_honk">

                            </Honk>
                            <EngineStop Sound="trucks/azov_4220_antarctic/azov_4220_antarctic_stop">

                            </EngineStop>
                            <Handbrake Sound="trucks/chevrolet_kodiakc70/chevrolet_kodiakc70_handbrake_on">

                            </Handbrake>
                            <EngineIdle_2d IsSound2D="true" Sound="trucks/azov_4220_antarctic/azov_4220_antarctic_idle_2d">

                            </EngineIdle_2d>
                            <EngineTrans Sound="trucks/azov_4220_antarctic/azov_4220_antarctic_turbo">

                            </EngineTrans>
                            <EngineHeavy_2d IsSound2D="true" Sound="trucks/azov_4220_antarctic/azov_4220_antarctic_heavy_2d">

                            </EngineHeavy_2d>
                                                    <Reverse _inheritRemove="true">

                                                    </Reverse>
                                                    <Reverse Sound="trucks/cat_ct680/cat_ct680_back_beeper">

                                                    </Reverse>
                            <EngineHigh_2d IsSound2D="true" Sound="trucks/azov_4220_antarctic/azov_4220_antarctic_high_2d">

                            </EngineHigh_2d>
                            <EngineIdle Sound="trucks/azov_4220_antarctic/azov_4220_antarctic_idle">

                            </EngineIdle>
                            <HandbrakeOff Sound="trucks/chevrolet_kodiakc70/chevrolet_kodiakc70_handbrake_off">

                            </HandbrakeOff>
                            <EngineHigh Sound="trucks/azov_4220_antarctic/azov_4220_antarctic_high">

                            </EngineHigh>
                            <EngineLow_2d IsSound2D="true" Sound="trucks/azov_4220_antarctic/azov_4220_antarctic_low_2d">

                            </EngineLow_2d>
                            <EngineHeavy Sound="trucks/azov_4220_antarctic/azov_4220_antarctic_heavy">

                            </EngineHeavy>
                            <BrakeRelease Sound="trucks/cat_ct680/cat_ct680_brake_release">

                            </BrakeRelease>
                            <EngineStart Sound="trucks/azov_4220_antarctic/azov_4220_antarctic_start">

                            </EngineStart>
          </Sounds>
          <Intake Size="1.2" Origin="(5.432; 2.075; 0)" Dir="(1; 0; 0)">

          </Intake>
          <SoundsDamage _template="Heavy">

          </SoundsDamage>
          <Damage>
                                    <DamageArea Max="(5.55; 2.564; 0.6)" Type="Engine" ParentFrame="BoneFront_cdt" Min="(3.234; 1.057; -0.6)">

                                    </DamageArea>
                                    <DamageArea Max="(1.2; 1.5; 1.25)" Type="FuelTank" ParentFrame="BoneFront_cdt" Min="(-0.4; 0.65; -1.25)">

                                    </DamageArea>
          </Damage>
          <Camera Center="(-1.5; 0; 0)" RadiusMultiplier="1.1">
                                    <Cockpit WindshieldShadingTexture="trucks/azov_4220_antarctic_glass__sh_d.tga" WindshieldDiffuseTexture="trucks/azov_4220_antarctic_glass__d_a.tga" _template="Default" ViewPos="(4.089; 3.024; 0.729)">
                                          <Mirror FOVScale="1.9" Pos="(4.641; 2.979; 1.394)" ClipDir="(-0.935; -0; -0.354)" ReflectionDir="(-0.935; -0; -0.354)" Size="(0.2; 0.404)" ClipOffset="0.1" MeshFrame="mirror_left">

                                          </Mirror>
                                          <Mirror FOVScale="2.4" Pos="(4.651; 2.978; -1.378)" ClipDir="(-0.816; -0.032; 0.578)" ReflectionDir="(-0.816; -0.032; 0.578)" Size="(0.189; 0.404)" ClipOffset="0.1" MeshFrame="mirror_right">

                                          </Mirror>
                                          <Mirror FOVScale="2" Pos="(5.176; 3.156; -0.985)" ClipDir="(-0.148; -0.55; 0.822)" ReflectionDir="(-0.148; -0.55; 0.822)" Size="(0.145; 0.198)" ClipOffset="0.1" MeshFrame="mirror_right_1">

                                          </Mirror>
                                          <Mirror FOVScale="2" Pos="(4.218; 3.085; -1.161)" ClipDir="(0.005; -0.8; 0.6)" ReflectionDir="(0.005; -0.8; 0.6)" Size="(0.194; 0.15)" ClipOffset="0.1" MeshFrame="mirror_right_2">

                                          </Mirror>
                                        <Rear ViewPosOffset="(0.325; -0.1; 0.7)">

                                        </Rear>
                                    </Cockpit>
          </Camera>
                                    <LimitedFluid Type="Box" SizeX="1.089" Center="(0.222; 1.105; 0.859)" ParentFrame="BoneBack_cdt" SizeY="0.693" SizeZ="0.705">

                                    </LimitedFluid>
                                    <LimitedFluid Type="Box" SizeX="1.089" Center="(0.222; 1.105; -0.859)" ParentFrame="BoneBack_cdt" SizeY="0.693" SizeZ="0.705">

                                    </LimitedFluid>
          <SuspensionSocket Default="azov_4220_antarctic_suspension_default" Type="s_azov_4220_antarctic" MaxWheelRadiusWithoutSuspension="1.2">

          </SuspensionSocket>
          <Wheels DefaultTire="mudtires_1" DefaultWheelType="wheels_superheavy_single" DefaultRim="rim_1">
                                            <Wheel _template="FrontWheel" Pos="(2.557; 0.955; 0.92)">

                                            </Wheel>
                                            <Wheel Pos="(2.557; 0.955; 0.92)" _template="FrontWheel" RightSide="true">

                                            </Wheel>
                                            <Wheel _template="RearWheel" Pos="(-1.41; 0.955; 0.92)">

                                            </Wheel>
                                            <Wheel Pos="(-1.41; 0.955; 0.92)" _template="RearWheel" RightSide="true">

                                            </Wheel>
                                            <Wheel _template="RearWheel" Pos="(-3.693; 0.955; 0.92)">

                                            </Wheel>
                                            <Wheel Pos="(-3.693; 0.955; 0.92)" _template="RearWheel" RightSide="true">

                                            </Wheel>
          </Wheels>
          <Axles>
                                              <Axle Frame="BoneAxle1">

                                              </Axle>
                                              <Axle Frame="BoneAxle2">

                                              </Axle>
                                              <Axle Frame="BoneAxle3">

                                              </Axle>
          </Axles>
          <Dashboard>
                                                <Gauge Org="(4.814; 2.607; 0.833)" OutputAngles="(-130;130)" Mesh="trucks/arrows/azov_4220_antarctic_arrow_02" Damping="0.9" InputRange="(0;1)" InputType="rpm" Dir="(-0.952; 0.305; 0)">

                                                </Gauge>
                                                <Gauge Org="(4.809; 2.596; 0.737)" OutputAngles="(-85;10)" Mesh="trucks/arrows/azov_4220_antarctic_arrow_01" Damping="0.9995" InputRange="(0;1)" InputType="engineEnabled" Dir="(-0.952; 0.305; 0)">

                                                </Gauge>
                                                <Gauge Org="(4.791; 2.539; 0.737)" OutputAngles="(-70;35)" Mesh="trucks/arrows/azov_4220_antarctic_arrow_01" Damping="0.9" InputRange="(0;1)" InputType="engineEnabled" Dir="(-0.952; 0.305; 0)">

                                                </Gauge>
                                                <Gauge Org="(4.809; 2.596; 0.677)" OutputAngles="(-70;70)" Mesh="trucks/arrows/azov_4220_antarctic_arrow_01" Damping="0.9" InputRange="(0;1)" InputType="fuel" Dir="(-0.952; 0.305; 0)">

                                                </Gauge>
                                                <Gauge Org="(4.791; 2.539; 0.677)" OutputAngles="(-70;-10)" Mesh="trucks/arrows/azov_4220_antarctic_arrow_01" Damping="0.9" InputRange="(0;1)" InputType="engineEnabled" Dir="(-0.952; 0.305; 0)">

                                                </Gauge>
                                                <Gauge Org="(4.814; 2.607; 0.581)" OutputAngles="(-130;130)" Mesh="trucks/arrows/azov_4220_antarctic_arrow_02" Damping="0.9" InputRange="(0;160)" InputType="speed" Dir="(-0.952; 0.305; 0)">

                                                </Gauge>
          </Dashboard>
          <OcclusionMap HalfSizeZ="2" ParentFrame="BoneBack_cdt" MaxX="6" MinX="-6">

          </OcclusionMap>
          <EngineSocket Default="ru_special_engine_0" Type="e_ru_special">

          </EngineSocket>
          <WinchUpgradeSocket Default="w_heavy_trucks_default" IsUpgradable="true" Type="winches_heavy_trucks">

          </WinchUpgradeSocket>
          <SteeringWheel Frame="BoneSteering">

          </SteeringWheel>
          <CompatibleWheels Scale=".9" Type="wheels_superheavy_single">

          </CompatibleWheels>
          <Shakers>
                                                          <Shaker Frame="BoneGearstick" ParentFrame="BoneCabinRagdoll_cdt" MaxAngle="(3; 3; 3)" MaxFrequency="0.1">

                                                          </Shaker>
          </Shakers>
      </TruckData>
      <GameData Country="RU,CAS" Price="111600" UnlockByRank="26" UnlockByExploration="false">
            <CustomizationCameras>
                  <CameraPos Interior="true" Position="(7.639; 8.289; -0.694)" FOV="32.0" InterestPosition="(3.212; 3.213; -0.647)" Name="roof_sticker">

                  </CameraPos>
                  <CameraPos Interior="true" Position="(5.828; 3.28; -0.605)" FOV="32.0" InterestPosition="(7.981; 1.584; 1.455)" Name="sticker_1">

                  </CameraPos>
                  <CameraPos InterestPosition="(-1.861; 2.144; -0)" Name="addon_1" MaxXRotation="360" Position="(-9.987; 5.301; 6.377)" MaxZoom="2" FOV="32.0" MaxYRotation="360">

                  </CameraPos>
                  <CameraPos InterestPosition="(5.759; 2.49; 0)" Name="addon_2" MaxXRotation="360" Position="(10.793; 4.409; -3.424)" MaxZoom="2" FOV="32.0" MaxYRotation="360">

                  </CameraPos>
                  <CameraPos Interior="true" Position="(5.607; 3.018; -0.836)" FOV="32.0" InterestPosition="(8.207; 3.032; 0.833)" Name="mirror_mount">

                  </CameraPos>
                  <CameraPos InterestPosition="(4.494; 3.503; -0)" Name="side_r" MaxXRotation="360" Position="(6.861; 5.817; -6.504)" MaxZoom="2" FOV="32.0" MaxYRotation="360">

                  </CameraPos>
                  <CameraPos Interior="true" Position="(5.818; 2.907; -0.826)" FOV="32.0" InterestPosition="(8.805; 4.243; 1.788)" Name="sticker">

                  </CameraPos>
                  <CameraPos Interior="true" Position="(10.575; 3.974; 0.816)" FOV="32.0" InterestPosition="(6.321; 2.828; -0.786)" Name="glass_sticker">

                  </CameraPos>
                  <CameraPos Interior="true" Position="(2.223; 3.236; 3.932)" FOV="32.0" InterestPosition="(5.489; 2.872; 1.354)" Name="door_r_sticker">

                  </CameraPos>
                  <CameraPos InterestPosition="(5.118; 3.503; 0)" Name="roof" MaxXRotation="360" Position="(11.064; 5.516; -4.015)" MaxZoom="2" FOV="32.0" MaxYRotation="360">

                  </CameraPos>
                  <CameraPos Interior="true" Position="(10.225; 3.221; -0.597)" FOV="32.0" InterestPosition="(3.864; 1.093; 0.059)" Name="capote_sticker">

                  </CameraPos>
                  <CameraPos InterestPosition="(5.451; 1.818; 0)" Name="hoods" MaxXRotation="360" Position="(13.951; 1.253; -5.017)" MaxZoom="2" FOV="32.0" MaxYRotation="360">

                  </CameraPos>
                  <CameraPos Interior="true" Position="(5.828; 3.28; -0.605)" FOV="32.0" InterestPosition="(7.887; 1.584; -0.19)" Name="sticker_2">

                  </CameraPos>
                  <CameraPos InterestPosition="(4.494; 3.503; 0)" Name="side_l" MaxXRotation="360" Position="(5.841; 5.84; 6.957)" MaxZoom="2" FOV="32.0" MaxYRotation="360">

                  </CameraPos>
                  <CameraPos Interior="true" Position="(6.106; 3.098; -0.536)" FOV="32.0" InterestPosition="(8.207; 1.584; 0.873)" Name="bubble_head">

                  </CameraPos>
                  <CameraPos InterestPosition="(3.874; 0.602; -0)" Name="wheels" MaxXRotation="360" Position="(7.632; 1.697; -6.129)" MaxZoom="2" FOV="32.0" MaxYRotation="360">

                  </CameraPos>
                  <CameraPos InterestPosition="(5.451; 1.818; 0)" Name="default" MaxXRotation="360" Position="(13.951; 1.253; -5.017)" MaxZoom="2" FOV="32.0" MaxYRotation="360">

                  </CameraPos>
                  <CameraPos InterestPosition="(-1.423; 1.831; -0)" Name="rear" MaxXRotation="360" Position="(-10.631; 2.524; 6.535)" MaxZoom="2" FOV="32.0" MaxYRotation="360">

                  </CameraPos>
                  <CameraPos Interior="true" Position="(1.135; 3.23; -4.172)" FOV="32.0" InterestPosition="(2.76; 2.445; -0.72)" Name="door_l_sticker">

                  </CameraPos>
                  <CameraPos Interior="true" Position="(5.607; 3.018; -0.836)" FOV="32.0" InterestPosition="(8.207; 3.032; 0.833)" Name="curtain">

                  </CameraPos>
            </CustomizationCameras>
                <CraneSocket Pos="(5.372; 1.521; -0.393)">

                </CraneSocket>
                <CraneSocket Pos="(5.372; 1.521; 0.393)">

                </CraneSocket>
                <CraneSocket Pos="(-5.207; 1.279; -0)" ParentFrame="BoneBack_cdt">

                </CraneSocket>
                <CraneSocket Pos="(-0.647; 1.743; -0.341)" ParentFrame="BoneBack_cdt">

                </CraneSocket>
                <CraneSocket Pos="(-0.647; 1.743; 0.341)" ParentFrame="BoneBack_cdt">

                </CraneSocket>
                  <AddonSockets>
                      <Socket ParentFrame="BoneBack_cdt" Offset="(-6.038; 1.891; 0)" Names="BunkLog">

                      </Socket>
                      <Socket ParentFrame="BoneBack_cdt" Offset="(-1.840; 1.885; 0)" Names="LogLift">

                      </Socket>
                      <Socket ParentFrame="BoneBack_cdt" Offset="(-2.47; 1.865; 0)" Names="FrameAddon">

                      </Socket>
                      <Socket NamesBlock="MinicraneUS, MetalDetector, Trailer" Names="FrameAddonTowPlatform" ParentFrame="BoneBack_cdt" Offset="(-1.92; 1.891; 0)">

                      </Socket>
                  </AddonSockets>
                  <AddonSockets>
                    <Socket ParentFrame="BoneBack_cdt" Offset="(-5.23; 1.265; 0)" Names="Trailer">

                    </Socket>
                  </AddonSockets>
                  <AddonSockets DefaultAddon="azov_4220_antarctic_diff_lock_default">
                    <Socket ParentFrame="BoneFront_cdt" Offset="(0; 0; 0)" Names="azov4220antarcticDiffLock">

                    </Socket>
                  </AddonSockets>
                  <AddonSockets DefaultAddon="azov_4220_antarctic_exhaust_default">
                    <Socket ParentFrame="BoneFront_cdt" Offset="(0; 0; 0)" Names="Azov4220AntarcticExhaust">

                    </Socket>
                  </AddonSockets>
                  <AddonSockets DefaultAddon="azov_4220_antarctic_beacon_default">
                    <Socket ParentFrame="BoneCabinRagdoll_cdt" Offset="(0; 0; 0)" Names="Azov4220AntarcticBeacon">

                    </Socket>
                  </AddonSockets>
                  <AddonSockets DefaultAddon="azov_4220_antarctic_fender_default">
                    <Socket ParentFrame="BoneBack_cdt" Offset="(0; 0; 0)" Names="Azov4220AntarcticFender">

                    </Socket>
                  </AddonSockets>
                  <AddonSockets>
                    <Socket ParentFrame="BoneFront_cdt" Offset="(0; 0; 0)" Names="Azov4220AntarcticBumper">

                    </Socket>
                  </AddonSockets>
                  <AddonSockets>
                    <Socket ParentFrame="BoneCabinRagdoll_cdt" Offset="(0; 0; 0)" Names="Azov4220AntarcticVisor">

                    </Socket>
                  </AddonSockets>
                  <AddonSockets>
                    <Socket ParentFrame="BoneCabinRagdoll_cdt" Offset="(0; 0; 0)" Names="Azov4220AntarcticHorn">

                    </Socket>
                  </AddonSockets>
                  <AddonSockets>
                    <Socket ParentFrame="BoneCabinRagdoll_cdt" Offset="(0; 0; 0)" Names="Azov4220AntarcticGabarite">

                    </Socket>
                  </AddonSockets>
                  <AddonSockets>
                    <Socket ParentFrame="BoneCabinRagdoll_cdt" Offset="(0; 0; 0)" Names="Azov4220AntarcticSpotLight">

                    </Socket>
                  </AddonSockets>
                  <AddonSockets DefaultAddon="azov_4220_antarctic_snorkel_default">
                      <Socket ParentFrame="BoneCabinRagdoll_cdt" Offset="(0; 0; 0)" Names="Azov4220AntarcticSnorkelDefault">
                        <ExtraParent Frame="BoneFront_cdt">

                        </ExtraParent>
                      </Socket>
                      <Socket ParentFrame="BoneFront_cdt" Offset="(0; 0; 0)" Names="Azov4220AntarcticSnorkel">

                      </Socket>
                  </AddonSockets>
                  <AddonSockets>
                    <Socket Names="StuffDashboard" InCockpit="true" ParentFrame="BoneCabinRagdoll_cdt" Offset="(4.893; 2.761; 0.399)">

                    </Socket>
                  </AddonSockets>
                  <AddonSockets>
                    <Socket Names="Azov4220AntarcticSticker_1x1_01" InCockpit="true" ParentFrame="BoneCabinRagdoll_cdt" Offset="(0; 0; 0)">

                    </Socket>
                  </AddonSockets>
                  <AddonSockets>
                    <Socket Names="Azov4220AntarcticSticker_1x1_02" InCockpit="true" ParentFrame="BoneCabinRagdoll_cdt" Offset="(0; 0; 0)">

                    </Socket>
                  </AddonSockets>
                  <AddonSockets>
                    <Socket Names="Azov4220AntarcticSticker_1x1_03" InCockpit="true" ParentFrame="BoneSunshieldLeft_cdt" Offset="(0; 0; 0)">

                    </Socket>
                  </AddonSockets>
                  <AddonSockets>
                    <Socket Names="Azov4220AntarcticSticker_1x4_01" InCockpit="true" ParentFrame="BoneCabinRagdoll_cdt" Offset="(0; 0; 0)">

                    </Socket>
                  </AddonSockets>
                  <AddonSockets>
                    <Socket Names="Azov4220AntarcticSticker_1x4_02" InCockpit="true" ParentFrame="BoneSunshieldMiddle_cdt" Offset="(0; 0; 0)">

                    </Socket>
                  </AddonSockets>
                  <AddonSockets>
                    <Socket Names="StuffAirfreshener" InCockpit="true" ParentFrame="BoneCabinRagdoll_cdt" Offset="(4.613; 3.282; 0.399)">

                    </Socket>
                  </AddonSockets>
                  <AddonSockets>
                    <Socket ParentFrame="BoneCabinRagdoll_cdt" InCockpit="true" Names="StuffCurtainAzov4220Antarctic">

                    </Socket>
                  </AddonSockets>
                  <AddonSockets>
                    <Socket ParentFrame="BoneCabinRagdoll_cdt" InCockpit="true" Names="Azov4220AntarcticSticker_GlassTop">

                    </Socket>
                  </AddonSockets>
                  <AddonSockets>
                    <Socket ParentFrame="BoneCabinRagdoll_cdt" InCockpit="true" Names="Azov4220AntarcticSticker_GlassBottom">

                    </Socket>
                  </AddonSockets>
                  <AddonSockets>
                    <Socket ParentFrame="BoneCabinRagdoll_cdt" InCockpit="true" Names="Azov4220AntarcticSticker_Capote">

                    </Socket>
                  </AddonSockets>
                  <AddonSockets>
                    <Socket ParentFrame="BoneFront_cdt" Names="Azov4220AntarcticSticker_Roof">

                    </Socket>
                  </AddonSockets>
                  <AddonSockets>
                    <Socket ParentFrame="BoneFront_cdt" Names="Azov4220AntarcticSticker_Door_R">

                    </Socket>
                  </AddonSockets>
                  <AddonSockets>
                    <Socket ParentFrame="BoneFront_cdt" InCockpit="true" Names="Azov4220AntarcticSticker_Door_L">

                    </Socket>
                  </AddonSockets>
                    <WinchSocket Pos="(5.372; 1.521; -0.393)">

                    </WinchSocket>
                    <WinchSocket Pos="(5.372; 1.521; 0.393)">

                    </WinchSocket>
                    <WinchSocket Pos="(-5.207; 1.279; -0)" ParentFrame="BoneBack_cdt">

                    </WinchSocket>
                    <WinchSocket Pos="(-0.647; 1.743; -0.341)" ParentFrame="BoneBack_cdt">

                    </WinchSocket>
                    <WinchSocket Pos="(-0.647; 1.743; 0.341)" ParentFrame="BoneBack_cdt">

                    </WinchSocket>
            <UiDesc UiDesc="UI_VEHICLE_AZOV_4220_ANTARCTIC_DESC" UiIcon30x30="heavyVehicleImg30" UiName="UI_VEHICLE_AZOV_4220_ANTARCTIC_NAME" UiIconLogo="AzovLogo80" UiIcon40x40="heavyVehicleImg" UiIcon328x458="shopImgAzov4220Antarctic">

            </UiDesc>
      </GameData>
      <ControlledConstraints>
              <Constraint Name="ChassisSteer" IsLinkedSteering="true" Id="chassis_steer">

              </Constraint>
      </ControlledConstraints>
      <Landmark Mesh="landmarks/azov_4220_antarctic_lmk" MaxScale="2.8" MinScale="1.8">

      </Landmark>
      <HeadLight AttenEnd="40" OuterCone="130" AttenStart="1" Dir="(1; 0; 0)" InnerCone="0" Pos="(5.738; 1.265; 0)" Color="g(255; 212; 154) x 8.5">

      </HeadLight>
                  <Rotator RotationSpeed="4" Frame="BoneRotatorL" EngineTorqueFactor="0">

                  </Rotator>
                  <Rotator RotationSpeed="4.1" Frame="BoneRotatorR" EngineTorqueFactor="0">

                  </Rotator>
      <AutomaticIK>
                        <IKBone ParentFrame="BoneFront_cdt" ModelFrame="BoneBackPistonLBase">
                          <IKBone AttachToFrame="BoneBack_cdt" AttachOffset="(0; 0; 0)" ModelFrame="BoneBackPistonL">
                              <IKJoint AxisLocal="(1; 0; 0)" Type="Slider">

                              </IKJoint>
                          </IKBone>
                          <IKJoint AxisLocal="(0; 1; 0)" Type="Hinge">

                          </IKJoint>
                        </IKBone>
                        <IKBone ParentFrame="BoneFront_cdt" ModelFrame="BoneBackPistonRBase">
                          <IKBone AttachToFrame="BoneBack_cdt" AttachOffset="(0; 0; 0)" ModelFrame="BoneBackPistonR">
                              <IKJoint AxisLocal="(1; 0; 0)" Type="Slider">

                              </IKJoint>
                          </IKBone>
                          <IKJoint AxisLocal="(0; 1; 0)" Type="Hinge">

                          </IKJoint>
                        </IKBone>
                        <IKBone ParentFrame="BoneFront_cdt" ModelFrame="BoneFrontBalancerHingeBase">
                          <IKBone AttachToFrame="BoneAxle1" AttachOffset="(0; 0.324; 0)" ModelFrame="BoneFrontBalancerHinge">
                              <IKJoint AxisLocal="(0; 0; 1)" Type="Hinge">

                              </IKJoint>
                          </IKBone>
                          <IKJoint AxisLocal="(0; 0; 1)" Type="Hinge">

                          </IKJoint>
                        </IKBone>
                        <IKBone ParentFrame="BoneBack_cdt" ModelFrame="BoneBack1BalancerHingeBase">
                          <IKBone AttachToFrame="BoneAxle2" AttachOffset="(0; 0.435; 0)" ModelFrame="BoneBack1BalancerHinge">
                              <IKJoint AxisLocal="(0; 0; 1)" Type="Hinge">

                              </IKJoint>
                          </IKBone>
                          <IKJoint AxisLocal="(0; 0; 1)" Type="Hinge">

                          </IKJoint>
                        </IKBone>
                        <IKBone ParentFrame="BoneBack_cdt" ModelFrame="BoneBack2BalancerHingeBase">
                          <IKBone AttachToFrame="BoneAxle3" AttachOffset="(0; 0.299; 0)" ModelFrame="BoneBack2BalancerHinge">
                              <IKJoint AxisLocal="(0; 0; 1)" Type="Hinge">

                              </IKJoint>
                          </IKBone>
                          <IKJoint AxisLocal="(0; 0; 1)" Type="Hinge">

                          </IKJoint>
                        </IKBone>
      </AutomaticIK>
      <ModelAttachments>
                        <StopSignals>
                              <Flare Color="g(255; 0; 0) x 0.3" AspectRatio="3" Pos="(-5.214; 1.13; -0.894)" ParentFrame="BoneBack_cdt" Size="0.3" _template="StopSignal">

                              </Flare>
                              <Flare Color="g(255; 0; 0) x 0.3" AspectRatio="3" Pos="(-5.214; 1.13; 0.894)" ParentFrame="BoneBack_cdt" Size="0.3" _template="StopSignal">

                              </Flare>
                            <Light ParentFrame="BoneBack_cdt" _template="StopSignal" Pos="(-5.38; 1.13; 0)">

                            </Light>
                        </StopSignals>
                            <Ignition>
                                <Flare AspectRatio="3" ParentFrame="BoneBack_cdt" Size="0.32" _template="IgnitionSignalRed" Pos="(-5.214; 1.13; -0.894)">

                                </Flare>
                                <Flare AspectRatio="3" ParentFrame="BoneBack_cdt" Size="0.32" _template="IgnitionSignalRed" Pos="(-5.214; 1.13; 0.894)">

                                </Flare>
                                <Flare Color="g(165; 149; 130) x 0.8" Pos="(5.166; 1.573; -0.951)" DirAngle="135" Dir="(0.752; 0; -0.659)" Size=".25" _template="IgnitionSignalWhite">

                                </Flare>
                                <Flare Color="g(165; 149; 130) x 0.8" Pos="(5.166; 1.573; 0.951)" DirAngle="135" Dir="(0.752; 0; 0.659)" Size=".25" _template="IgnitionSignalWhite">

                                </Flare>
                                <Flare Color="g(165; 149; 130) x 0.8" Pos="(5.305; 1.573; -0.795)" DirAngle="135" Dir="(0.752; 0; -0.659)" Size=".25" _template="IgnitionSignalWhite">

                                </Flare>
                                <Flare Color="g(165; 149; 130) x 0.8" Pos="(5.305; 1.573; 0.795)" DirAngle="135" Dir="(0.752; 0; 0.659)" Size=".25" _template="IgnitionSignalWhite">

                                </Flare>
                                  <Light _template="IgnitionSignalWhite" Pos="(5.706; 1.513; 0)">

                                  </Light>
                                  <Light _template="IgnitionSignalRed" Pos="(-5.554; 1.513; 0)">

                                  </Light>
                            </Ignition>
                            <Ignition _template="Flasher">
                              <Model Org="(0.339; 3.776; 0.835)" ParentFrame="BoneRotatorL" Dir="(-0.796; 0.222; 0.563)">

                              </Model>
                                  <Flare ParentFrame="BoneRotatorL" Pos="(0.339; 3.776; 0.835)" Dir="(-0.796; 0.222; 0.563)">

                                  </Flare>
                                  <Flare ParentFrame="BoneRotatorL" Pos="(0.339; 3.776; 0.835)" Dir="(-0.796; 0.222; 0.563)">

                                  </Flare>
                                  <Flare Pos="(0.358; 3.771; 0.822)">

                                  </Flare>
                              <Light ParentFrame="BoneRotatorL" Pos="(0.339; 3.776; 0.835)" Dir="(-0.796; 0.222; 0.563)">

                              </Light>
                            </Ignition>
                            <Ignition _template="Flasher">
                              <Model Org="(0.352; 3.776; -0.853)" ParentFrame="BoneRotatorR" Dir="(-0.18; 0.149; -0.972)">

                              </Model>
                                  <Flare ParentFrame="BoneRotatorR" Pos="(0.352; 3.776; -0.853)" Dir="(-0.18; 0.149; -0.972)">

                                  </Flare>
                                  <Flare ParentFrame="BoneRotatorR" Pos="(0.352; 3.776; -0.853)" Dir="(-0.18; 0.149; -0.972)">

                                  </Flare>
                                  <Flare Pos="(0.358; 3.771; -0.822)">

                                  </Flare>
                              <Light ParentFrame="BoneRotatorR" Pos="(0.352; 3.776; -0.853)" Dir="(-0.18; 0.149; -0.972)">

                              </Light>
                            </Ignition>
                        <HeadLight>
                                  <Flare Color="g(245; 225; 195) x 0.8" Pos="(5.353; 1.573; -0.836)" DirAngle="135" Dir="(0.752; 0; -0.659)" Size=".2" _template="HeadLight">

                                  </Flare>
                                  <Flare Color="g(245; 225; 195) x 0.8" Pos="(5.353; 1.573; 0.836)" DirAngle="135" Dir="(0.752; 0; 0.659)" Size=".2" _template="HeadLight">

                                  </Flare>
                                  <Flare Pos="(5.353; 1.573; -0.836)" _template="BlueStreak" Dir="(0.752; 0; -0.659)">

                                  </Flare>
                                  <Flare Pos="(5.353; 1.573; 0.836)" _template="BlueStreak" Dir="(0.752; 0; 0.659)">

                                  </Flare>
                                  <Flare Color="g(225; 225; 225) x 0.4" AspectRatio="2" Pos="(5.325; 2.48; -0.582)" Size=".8" _template="HeadLight">

                                  </Flare>
                                  <Flare Color="g(225; 225; 225) x 0.4" AspectRatio="2" Pos="(5.325; 2.48; 0.582)" Size=".8" _template="HeadLight">

                                  </Flare>
                                  <Flare Color="g(225; 225; 225) x 0.4" AspectRatio="3" Pos="(5.068; 1.412; -0.903)" Size=".4" _template="HeadLight">

                                  </Flare>
                                  <Flare Color="g(225; 225; 225) x 0.4" AspectRatio="3" Pos="(5.068; 1.412; 0.903)" Size=".4" _template="HeadLight">

                                  </Flare>
                                  <Flare ParentFrame="BoneCabinRagdoll_cdt" _template="LED01" Pos="(5.322; 2.521; -0.67)">

                                  </Flare>
                                  <Flare ParentFrame="BoneCabinRagdoll_cdt" _template="LED01" Pos="(5.322; 2.521; -0.635)">

                                  </Flare>
                                  <Flare ParentFrame="BoneCabinRagdoll_cdt" _template="LED01" Pos="(5.322; 2.521; -0.6)">

                                  </Flare>
                                  <Flare ParentFrame="BoneCabinRagdoll_cdt" _template="LED01" Pos="(5.322; 2.521; -0.564)">

                                  </Flare>
                                  <Flare ParentFrame="BoneCabinRagdoll_cdt" _template="LED01" Pos="(5.322; 2.521; -0.529)">

                                  </Flare>
                                  <Flare ParentFrame="BoneCabinRagdoll_cdt" _template="LED01" Pos="(5.322; 2.521; -0.494)">

                                  </Flare>
                                  <Flare ParentFrame="BoneCabinRagdoll_cdt" _template="LED01" Pos="(5.322; 2.486; -0.67)">

                                  </Flare>
                                  <Flare ParentFrame="BoneCabinRagdoll_cdt" _template="LED01" Pos="(5.322; 2.486; -0.635)">

                                  </Flare>
                                  <Flare ParentFrame="BoneCabinRagdoll_cdt" _template="LED01" Pos="(5.322; 2.486; -0.6)">

                                  </Flare>
                                  <Flare ParentFrame="BoneCabinRagdoll_cdt" _template="LED01" Pos="(5.322; 2.486; -0.564)">

                                  </Flare>
                                  <Flare ParentFrame="BoneCabinRagdoll_cdt" _template="LED01" Pos="(5.322; 2.486; -0.529)">

                                  </Flare>
                                  <Flare ParentFrame="BoneCabinRagdoll_cdt" _template="LED01" Pos="(5.322; 2.486; -0.494)">

                                  </Flare>
                                  <Flare ParentFrame="BoneCabinRagdoll_cdt" _template="LED01" Pos="(5.322; 2.521; 0.67)">

                                  </Flare>
                                  <Flare ParentFrame="BoneCabinRagdoll_cdt" _template="LED01" Pos="(5.322; 2.521; 0.635)">

                                  </Flare>
                                  <Flare ParentFrame="BoneCabinRagdoll_cdt" _template="LED01" Pos="(5.322; 2.521; 0.6)">

                                  </Flare>
                                  <Flare ParentFrame="BoneCabinRagdoll_cdt" _template="LED01" Pos="(5.322; 2.521; 0.564)">

                                  </Flare>
                                  <Flare ParentFrame="BoneCabinRagdoll_cdt" _template="LED01" Pos="(5.322; 2.521; 0.529)">

                                  </Flare>
                                  <Flare ParentFrame="BoneCabinRagdoll_cdt" _template="LED01" Pos="(5.322; 2.521; 0.494)">

                                  </Flare>
                                  <Flare ParentFrame="BoneCabinRagdoll_cdt" _template="LED01" Pos="(5.322; 2.486; 0.67)">

                                  </Flare>
                                  <Flare ParentFrame="BoneCabinRagdoll_cdt" _template="LED01" Pos="(5.322; 2.486; 0.635)">

                                  </Flare>
                                  <Flare ParentFrame="BoneCabinRagdoll_cdt" _template="LED01" Pos="(5.322; 2.486; 0.6)">

                                  </Flare>
                                  <Flare ParentFrame="BoneCabinRagdoll_cdt" _template="LED01" Pos="(5.322; 2.486; 0.564)">

                                  </Flare>
                                  <Flare ParentFrame="BoneCabinRagdoll_cdt" _template="LED01" Pos="(5.322; 2.486; 0.529)">

                                  </Flare>
                                  <Flare ParentFrame="BoneCabinRagdoll_cdt" _template="LED01" Pos="(5.322; 2.486; 0.494)">

                                  </Flare>
                                  <Flare ParentFrame="BoneFront_cdt" _template="LED02" Pos="(5.116; 1.42; -0.831)">

                                  </Flare>
                                  <Flare ParentFrame="BoneFront_cdt" _template="LED02" Pos="(5.118; 1.369; -0.831)">

                                  </Flare>
                                  <Flare ParentFrame="BoneFront_cdt" _template="LED02" Pos="(5.08; 1.42; -0.878)">

                                  </Flare>
                                  <Flare ParentFrame="BoneFront_cdt" _template="LED02" Pos="(5.083; 1.369; -0.878)">

                                  </Flare>
                                  <Flare ParentFrame="BoneFront_cdt" _template="LED02" Pos="(5.049; 1.42; -0.926)">

                                  </Flare>
                                  <Flare ParentFrame="BoneFront_cdt" _template="LED02" Pos="(5.052; 1.369; -0.926)">

                                  </Flare>
                                  <Flare ParentFrame="BoneFront_cdt" _template="LED02" Pos="(5.016; 1.42; -0.975)">

                                  </Flare>
                                  <Flare ParentFrame="BoneFront_cdt" _template="LED02" Pos="(5.019; 1.369; -0.975)">

                                  </Flare>
                                  <Flare ParentFrame="BoneFront_cdt" _template="LED02" Pos="(5.116; 1.42; 0.831)">

                                  </Flare>
                                  <Flare ParentFrame="BoneFront_cdt" _template="LED02" Pos="(5.118; 1.369; 0.831)">

                                  </Flare>
                                  <Flare ParentFrame="BoneFront_cdt" _template="LED02" Pos="(5.08; 1.42; 0.878)">

                                  </Flare>
                                  <Flare ParentFrame="BoneFront_cdt" _template="LED02" Pos="(5.083; 1.369; 0.878)">

                                  </Flare>
                                  <Flare ParentFrame="BoneFront_cdt" _template="LED02" Pos="(5.049; 1.42; 0.926)">

                                  </Flare>
                                  <Flare ParentFrame="BoneFront_cdt" _template="LED02" Pos="(5.052; 1.369; 0.926)">

                                  </Flare>
                                  <Flare ParentFrame="BoneFront_cdt" _template="LED02" Pos="(5.016; 1.42; 0.975)">

                                  </Flare>
                                  <Flare ParentFrame="BoneFront_cdt" _template="LED02" Pos="(5.019; 1.369; 0.975)">

                                  </Flare>
                                    <Model Org="(5.353; 1.573; -0.836)" _template="HeadLightRay" Dir="(0.752; 0; -0.659)">

                                    </Model>
                                    <Model Org="(5.353; 1.573; 0.836)" _template="HeadLightRay" Dir="(0.752; 0; 0.659)">

                                    </Model>
                                    <Model Org="(5.327; 2.503; 0.582)" _template="HeadLightRay" ParentFrame="BoneCabinRagdoll_cdt">

                                    </Model>
                                    <Model Org="(5.327; 2.503; -0.582)" _template="HeadLightRay" ParentFrame="BoneCabinRagdoll_cdt">

                                    </Model>
                        </HeadLight>
                        <ReverseSignals>
                                    <Flare Color="g(220; 220; 225) x 0.3" Pos="(-5.214; 1.184; -0.894)" ParentFrame="BoneBack_cdt" Size="0.2" _template="ReverseSignal">

                                    </Flare>
                                    <Flare Color="g(220; 220; 225) x 0.3" Pos="(-5.214; 1.076; -0.894)" ParentFrame="BoneBack_cdt" Size="0.2" _template="ReverseSignal">

                                    </Flare>
                                    <Flare Color="g(220; 220; 225) x 0.3" Pos="(-5.214; 1.184; 0.894)" ParentFrame="BoneBack_cdt" Size="0.2" _template="ReverseSignal">

                                    </Flare>
                                    <Flare Color="g(220; 220; 225) x 0.3" Pos="(-5.214; 1.076; 0.894)" ParentFrame="BoneBack_cdt" Size="0.2" _template="ReverseSignal">

                                    </Flare>
                                    <Flare Color="g(220; 220; 255) x 0.15" ParentFrame="BoneBack_cdt" Pos="(-5.214; 1.184; -0.894)" Dir="(-1; 0; 0)" Size="0.2" _template="BlueStreak">

                                    </Flare>
                                    <Flare Color="g(220; 220; 255) x 0.15" ParentFrame="BoneBack_cdt" Pos="(-5.214; 1.184; 0.894)" Dir="(-1; 0; 0)" Size="0.2" _template="BlueStreak">

                                    </Flare>
                                    <Flare Color="g(220; 220; 255) x 0.15" ParentFrame="BoneBack_cdt" Pos="(-5.214; 1.076; -0.894)" Dir="(-1; 0; 0)" Size="0.2" _template="BlueStreak">

                                    </Flare>
                                    <Flare Color="g(220; 220; 255) x 0.15" ParentFrame="BoneBack_cdt" Pos="(-5.214; 1.076; 0.894)" Dir="(-1; 0; 0)" Size="0.2" _template="BlueStreak">

                                    </Flare>
                                  <Light ParentFrame="BoneBack_cdt" _template="ReverseSignal" Pos="(-5.542; 0.934; 0)">

                                  </Light>
                        </ReverseSignals>
      </ModelAttachments>
      <PhysicsModel Mesh="trucks/azov_4220_antarctic">
                          <NetSync Legacy="false">

                          </NetSync>
                          <Body CenterOfMassOffset="(1; -1; 0)" ImpactType="Truck" NetSync="pv" Mass="10000">
                                  <Body CenterOfMassOffset="(0.25; 0; 0)" ImpactType="Truck" ModelFrame="BoneCabinRagdoll_cdt" Mass="3000">
                                    <Constraint Type="Ragdoll" PlaneAxisLocal="(1; 0; 0)" PlaneMax="1" PlaneMin="-0.1" Cone="2" TwistAxisLocal="(0; 1; 0)">
                                        <PlaneMotor Spring="300000" Type="Spring" Damping="150000">

                                        </PlaneMotor>
                                        <ConeMotor Spring="300000" Type="Spring" Damping="150000">

                                        </ConeMotor>
                                    </Constraint>
                                        <Body Collisions="None" ModelFrame="BoneBelt_cdt" Mass="1">
                                          <Constraint MinLimit="-0.01" Type="Prismatic" MaxLimit="0.01" AxisLocal="(1; 0; 0)">
                                              <Motor Spring="500" Type="Spring" Damping="30">

                                              </Motor>
                                          </Constraint>
                                        </Body>
                                        <Body _template="SideMirror" ModelFrame="BoneMirrorLeft_cdt">

                                        </Body>
                                        <Body _template="SideMirror" ModelFrame="BoneMirrorRight1_cdt">

                                        </Body>
                                        <Body _template="SideMirror" ModelFrame="BoneMirrorRight2_cdt">

                                        </Body>
                                        <Body _template="Sunshield" ModelFrame="BoneSunshieldLeft_cdt">

                                        </Body>
                                        <Body _template="Sunshield" ModelFrame="BoneSunshieldMiddle_cdt">
                                          <Constraint>
                                              <Motor Damping="0.3">

                                              </Motor>
                                          </Constraint>
                                        </Body>
                                        <Body _template="Sunshield" ModelFrame="BoneSunshieldRight_cdt">
                                          <Constraint>
                                              <Motor Damping="1">

                                              </Motor>
                                          </Constraint>
                                        </Body>
                                        <Body _template="StairsPrismatic" ModelFrame="BoneStairsPrismaticLeft_cdt">

                                        </Body>
                                        <Body _template="StairsPrismatic" ModelFrame="BoneStairsPrismaticRight_cdt">

                                        </Body>
                                        <Body ModelFrame="BoneKeyFobRing_cdt" Mass="0.2">
                                          <Constraint Type="Hinge" MaxLimit="50" PivotOffset="(0; 0; 0)" AxisLocal="(0; 0; 1)" MinLimit="-50">
                                              <Motor Spring="0.001" Type="Spring" Damping="0.001">

                                              </Motor>
                                          </Constraint>
                                          <Body ModelFrame="BoneKeyFob_cdt" Mass="0.2">
                                                <Constraint Type="Hinge" MaxLimit="50" PivotOffset="(0; 0; 0)" AxisLocal="(1; 0; 0)" MinLimit="-50">
                                                    <Motor Spring="0.001" Type="Spring" Damping="0.001">

                                                    </Motor>
                                                </Constraint>
                                          </Body>
                                        </Body>
                                        <Body ModelFrame="BoneRadioHinge_cdt" Mass="1">
                                          <Constraint MinLimit="-10" Type="Hinge" MaxLimit="10" AxisLocal="(0; 0; 1)">
                                              <Motor Spring="0.1" Type="Spring" Damping="0.001">

                                              </Motor>
                                          </Constraint>
                                          <Body ModelFrame="BoneRadioPrismatic_cdt" Mass="0.02">
                                                <Constraint MinLimit="-0.4" Type="Prismatic" MaxLimit="0.4" AxisLocal="(0; 1; 0)">
                                                    <Motor Spring="5" Type="Spring" Damping="0.1">

                                                    </Motor>
                                                </Constraint>
                                          </Body>
                                        </Body>
                                  </Body>
                                  <Body NetSync="pv" ModelFrame="BoneBack_cdt" Mass="10000">
                                    <Constraint Name="ChassisSteer" Type="Hinge" MaxLimit="35" AxisLocal="(0; 1; 0)" MinLimit="-35">
                                        <Motor Type="Position" Damping="1.0" Tau="0.03" Force="135000">

                                        </Motor>
                                    </Constraint>
                                    <Body Collisions="None" ModelFrame="BoneSuspension_cdt" Mass="4000">
                                          <Constraint Type="Hinge" MaxLimit="8" PivotOffset="(0; 0; 0)" AxisLocal="(0; 0; 1)" MinLimit="-8">

                                          </Constraint>
                                    </Body>
                                  </Body>
                          </Body>
      </PhysicsModel>
  </Truck>
  <_templates Include="trucks">
        <Wheel>
            <RearWheel Torque="default" ConnectedToHandbrake="true" ParentFrame="BoneSuspension_cdt" Location="front">

            </RearWheel>
            <FrontWheel Location="front" Torque="default">

            </FrontWheel>
        </Wheel>
        <Body>
              <SideMirror Collisions="None" Mass="5">
                  <Constraint MinLimit="-15" Type="Hinge" MaxLimit="15" AxisLocal="(0; 1; 0)">
                      <Motor Spring="200" Type="Spring" Damping="3">

                      </Motor>
                  </Constraint>
              </SideMirror>
              <StairsPrismatic Mass="10">
                    <Constraint MinLimit="-0.01" Type="Prismatic" MaxLimit="0.01" AxisLocal="(1; 0; 0)">
                        <Motor Spring="100" Type="Spring" Damping="10">

                        </Motor>
                    </Constraint>
              </StairsPrismatic>
              <Sunshield Collisions="None" Mass="5">
                      <Constraint MinLimit="-2" Type="Hinge" MaxLimit="10" AxisLocal="(0; 0; 1)">
                          <Motor Spring="20" Type="Spring" Damping="0.7">

                          </Motor>
                      </Constraint>
              </Sunshield>
        </Body>
        <Flare>
                <LED02 Color="g(126; 137; 141) x 0.7" AspectRatio="1.4" DirAngle="135" Dir="(1; 0; 0)" Size="0.05" ColorMultAtDay="0.6">

                </LED02>
                <ReverseSignal Color="g(255; 255; 255) x 0.2" AspectRatio="4" DirAngle="135" Reflections="true" Dir="(-1; 0; 0)" Size="0.3" ColorMultAtDay="0.6">

                </ReverseSignal>
                <LED01 Color="g(126; 137; 141) x 0.7" AspectRatio="1.4" DirAngle="135" Dir="(1; 0; 0)" Size="0.05" ColorMultAtDay="0.6">

                </LED01>
        </Flare>
  </_templates>