  <Truck>
      <PhysicsModel Mesh="trucks/azov_5319">
          <NetSync Legacy="false">

          </NetSync>
          <Body CenterOfMassOffset="(-0.5; 0; 0)" ImpactType="Truck" NetSync="pv" Mass="9100">
                  <Body CenterOfMassOffset="(0.3; 0.4; 0)" ImpactType="Truck" NetSync="pv" ModelFrame="BoneCabin_cdt" Mass="5300">
                    <Constraint CenterOfMassOffset="(0; 0; 0)" Type="Hinge" MaxLimit="10" MinLimit="-10" AxisLocal="(1; 0; 0)">
                        <Motor Spring="550000" Type="Spring" Damping="55000">

                        </Motor>
                    </Constraint>
                        <Body _template="SideMirror" ModelFrame="BoneMirrorRight_cdt">

                        </Body>
                        <Body _template="SideMirror" ModelFrame="BoneMirrorLeft_cdt">

                        </Body>
                        <Body CenterOfMassOffset="(0; 0; 0)" ModelFrame="BoneHook_cdt" Collisions="None" Mass="0.1">
                          <Constraint Type="Hinge" MaxLimit="80" PivotOffset="(0; 0; 0)" AxisLocal="(1; 0; 0)" MinLimit="-50">
                              <Motor Spring="0.01" Type="Spring" Damping="0.001">

                              </Motor>
                          </Constraint>
                        </Body>
                        <Body CenterOfMassOffset="(0; 0; 0)" ModelFrame="BoneSeatBelt_cdt" Collisions="None" Mass="0.1">
                          <Constraint Type="Prismatic" MaxLimit="0.035" PivotOffset="(0; 0; 0)" AxisLocal="(1; 0; 0)" MinLimit="-0.02">
                              <Motor Spring="25" Type="Spring" Damping="3">

                              </Motor>
                          </Constraint>
                        </Body>
                        <Body _template="Sunshield" ModelFrame="BoneSunShield2_cdt">
                          <Constraint>
                              <Motor Spring="30" Damping="0.05">

                              </Motor>
                          </Constraint>
                        </Body>
                        <Body _template="Mudguard" ModelFrame="BoneLeftMudguard_cdt">

                        </Body>
                        <Body _template="Mudguard" ModelFrame="BoneRightMudguard_cdt">

                        </Body>
                  </Body>
                  <Body _template="TieRod" ModelFrame="BoneTieRod1_1_cdt">
                    <Constraint MinLimit="-26" Name="TieRod1Rocker" MaxLimit="26" AxisLocal="(0; 0; 1)">

                    </Constraint>
                  </Body>
                  <Body _template="TieRod" ModelFrame="BoneTieRod2_1_cdt">
                    <Constraint MinLimit="-13" Name="TieRod2Rocker" MaxLimit="13" AxisLocal="(0; 0; 1)">

                    </Constraint>
                  </Body>
          </Body>
      </PhysicsModel>
      <GameData Country="RU,CAS" Price="64600" UnlockByRank="14" UnlockByExploration="false">
            <CustomizationCameras>
                  <CameraPos Interior="true" Position="(8.755; 5.842; -0.226)" FOV="32.0" InterestPosition="(4.883; 1.627; -0.618)" Name="roof_sticker">

                  </CameraPos>
                  <CameraPos Interior="true" Position="(6.018; 2.56; -0.852)" FOV="32.0" InterestPosition="(7.493; 3.231; 0.438)" Name="sticker_1">

                  </CameraPos>
                  <CameraPos InterestPosition="(-0.626; 1.669; -0)" Name="addon_1" MaxXRotation="360" Position="(-9.245; 3.812; 6.199)" MaxZoom="2" FOV="32.0" MaxYRotation="360">

                  </CameraPos>
                  <CameraPos InterestPosition="(5.835; 1.807; 0)" Name="addon_2" MaxXRotation="360" Position="(-0.131; 3.944; 2.185)" MaxZoom="2" FOV="32.0" MaxYRotation="360">

                  </CameraPos>
                  <CameraPos Interior="true" Position="(5.907; 2.641; -0.388)" FOV="32.0" InterestPosition="(7.493; 2.587; 0.808)" Name="mirror_mount">

                  </CameraPos>
                  <CameraPos InterestPosition="(4.764; 1.97; -0)" Name="side_r" MaxXRotation="360" Position="(-0.226; 4.969; -4.508)" MaxZoom="2" FOV="32.0" MaxYRotation="360">

                  </CameraPos>
                  <CameraPos Interior="true" Position="(6.018; 2.56; -0.852)" FOV="32.0" InterestPosition="(7.493; 1.973; 0.917)" Name="sticker">

                  </CameraPos>
                  <CameraPos Interior="true" Position="(2.858; 2.806; 3.786)" FOV="32.0" InterestPosition="(6.403; 1.559; 0.407)" Name="door_r_sticker">

                  </CameraPos>
                  <CameraPos InterestPosition="(4.758; 2.358; -0)" Name="roof" MaxXRotation="360" Position="(10.787; 4.806; -3.717)" MaxZoom="2" FOV="32.0" MaxYRotation="360">

                  </CameraPos>
                  <CameraPos Interior="true" Position="(10.247; 3.421; 0.971)" FOV="32.0" InterestPosition="(6.374; 2.385; -0.957)" Name="glass_sticker">

                  </CameraPos>
                  <CameraPos InterestPosition="(5.716; 1.735; 0)" Name="hoods" MaxXRotation="360" Position="(13.576; 1.402; -3.863)" MaxZoom="2" FOV="32.0" MaxYRotation="360">

                  </CameraPos>
                  <CameraPos Interior="true" Position="(6.018; 2.56; -0.187)" FOV="32.0" InterestPosition="(7.493; 3.234; 1.054)" Name="sticker_2">

                  </CameraPos>
                  <CameraPos InterestPosition="(6.27; 2.278; 0)" Name="side_l" MaxXRotation="360" Position="(11.866; 5.284; -4.55)" MaxZoom="2" FOV="32.0" MaxYRotation="360">

                  </CameraPos>
                  <CameraPos Interior="true" Position="(5.907; 2.641; -0.388)" FOV="32.0" InterestPosition="(7.493; 1.973; 0.917)" Name="bubble_head">

                  </CameraPos>
                  <CameraPos InterestPosition="(4.029; 0.711; 0.052)" Name="wheels" MaxXRotation="360" Position="(8.028; 2.02; -5.47)" MaxZoom="2" FOV="32.0" MaxYRotation="360">

                  </CameraPos>
                  <CameraPos InterestPosition="(5.716; 1.735; 0)" Name="default" MaxXRotation="360" Position="(13.576; 1.402; -3.863)" MaxZoom="2" FOV="32.0" MaxYRotation="360">

                  </CameraPos>
                  <CameraPos InterestPosition="(-0.868; 1.09; -0)" Name="rear" MaxXRotation="360" Position="(-6.285; 2.053; 3.418)" MaxZoom="2" FOV="32.0" MaxYRotation="360">

                  </CameraPos>
                  <CameraPos Interior="true" Position="(2.87; 2.902; -3.665)" FOV="32.0" InterestPosition="(3.975; 1.948; -0.804)" Name="door_l_sticker">

                  </CameraPos>
                  <CameraPos Interior="true" Position="(5.907; 2.641; -0.388)" FOV="32.0" InterestPosition="(7.493; 2.587; 0.808)" Name="curtain">

                  </CameraPos>
            </CustomizationCameras>
                <CraneSocket Pos="(4.73; 1.057; -0.404)">

                </CraneSocket>
                <CraneSocket Pos="(4.73; 1.057; 0.404)">

                </CraneSocket>
                <CraneSocket Pos="(-1.747; 1.180; -0.482)">

                </CraneSocket>
                <CraneSocket Pos="(-1.747; 1.180; 0.482)">

                </CraneSocket>
                <CraneSocket Pos="(-4.602; 1.154; 0)">

                </CraneSocket>
                  <AddonSockets>
                      <Socket Offset="(-4.618; 1.156; 0)" Names="Trailer">
                        <AddonsShift TrailerNamesBlock="Trailer" Types="MinicraneRU, FrameAddon" Offset="(0; 0; 0)">

                        </AddonsShift>
                      </Socket>
                      <Socket Offset="(-3.185; 1.655; 0)" NamesBlock="SaddleHigh" Names="Semitrailer, SemitrailerOiltank">

                      </Socket>
                      <Socket Offset="(-1.879; 1.835; 0)" NamesBlock="SaddleLow" Names="LargeSemitrailer, LargeSemitrailerOiltank">

                      </Socket>
                  </AddonSockets>
                  <AddonSockets>
                      <Socket Offset="(-6.4; 1.329; 0)" Names="BunkLog">

                      </Socket>
                      <Socket Offset="(-1.4; 1.334; 0)" NamesBlock="MinicraneRU, Azov5319Fender" Names="FrameAddonLogShort">

                      </Socket>
                      <Socket Offset="(-1.125; 1.334; 0)" NamesBlock="MinicraneRU, Azov5319Fender" Names="FrameAddonLogMedium">

                      </Socket>
                      <Socket Offset="(-3.171; 1.329; 0)" Names="SaddleLow">
                          <ExtraParent Offset="(0; 0; -0.05)" Frame="BoneChassis_cdt">

                          </ExtraParent>
                          <ExtraParent Offset="(0; 0; 0.05)" Frame="BoneChassis_cdt">

                          </ExtraParent>
                      </Socket>
                      <Socket Offset="(-1.874; 1.332; 0)" Names="SaddleHigh">
                          <ExtraParent Offset="(0; 0; -0.055)" Frame="BoneChassis_cdt">

                          </ExtraParent>
                          <ExtraParent Offset="(0; 0; 0.055)" Frame="BoneChassis_cdt">

                          </ExtraParent>
                      </Socket>
                      <Socket Offset="(-1.725; 1.333; 0)" Names="FrameAddon">
                        <AddonsShift Types="MinicraneRU" Offset="(-1.35; 0; 0)">

                        </AddonsShift>
                      </Socket>
                      <Socket NamesBlock="MinicraneRU, MetalDetector, Trailer" Offset="(-1; 1.333; 0)" Names="FrameAddonTowPlatform">

                      </Socket>
                      <Socket Offset="(-2.28; 1.337; 0)" Names="FrameAddonTank">

                      </Socket>
                      <Socket NamesBlock="Trailer" Names="FrameAddonMaintainer" ParentFrame="BoneChassis_cdt" Offset="(-2.341; 0.304; 0)">

                      </Socket>
                      <Socket Offset="(-0.05; 1.335; 0)" NamesBlock="Trailer" Names="FrameAddonSeismicVibrator">

                      </Socket>
                      <Socket ParentFrame="BoneChassis_cdt" Offset="(-2.69; 1.415; 0)" Names="FrameAddonKung">
                          <ExtraParent Offset="(0; 0; -0.14)" Frame="BoneChassis_cdt">

                          </ExtraParent>
                          <ExtraParent Offset="(0; 0; 0.14)" Frame="BoneChassis_cdt">

                          </ExtraParent>
                      </Socket>
                      <Socket ParentFrame="BoneChassis_cdt" Offset="(-2.625; 1.43; 0)" Names="BigCraneRu">
                          <ExtraParent Offset="(0; -0.095; -0.05)" Frame="BoneChassis_cdt">

                          </ExtraParent>
                          <ExtraParent Offset="(0; -0.095; 0.05)" Frame="BoneChassis_cdt">

                          </ExtraParent>
                      </Socket>
                      <Socket ParentFrame="BoneChassis_cdt" Offset="(0.212; 1.340; 0)" Names="LogLift">

                      </Socket>
                  </AddonSockets>
                  <AddonSockets>
                    <Socket Offset="(-0.184; 1.336; 0)" NamesBlock="LogLift, BunkLog, FrameAddonTank, FrameAddonKung, BigCraneRu, FrameAddonMaintainer, FrameAddonSeismicVibrator, LargeSemitrailerOiltank" Names="MinicraneRU">
                          <ExtraParent Offset="(0; 0; -0.07)" Frame="BoneChassis_cdt">

                          </ExtraParent>
                          <ExtraParent Offset="(0; 0; 0.07)" Frame="BoneChassis_cdt">

                          </ExtraParent>
                    </Socket>
                  </AddonSockets>
                  <AddonSockets DefaultAddon="azov_5319_fender_default">
                    <Socket ParentFrame="BoneChassis_cdt" Offset="(0; 0; 0)" Names="Azov5319Fender">
                        <ExtraParent Frame="BoneCabin_cdt">

                        </ExtraParent>
                    </Socket>
                  </AddonSockets>
                  <AddonSockets>
                    <Socket ParentFrame="BoneCabin_cdt" Offset="(0; 0; 0)" Names="Azov5319Horn">

                    </Socket>
                  </AddonSockets>
                  <AddonSockets>
                    <Socket ParentFrame="BoneCabin_cdt" Offset="(0; 0; 0)" Names="Azov5319Snorkel">

                    </Socket>
                  </AddonSockets>
                  <AddonSockets>
                    <Socket ParentFrame="BoneCabin_cdt" Offset="(0; 0; 0)" Names="Azov5319Visor">

                    </Socket>
                  </AddonSockets>
                  <AddonSockets>
                    <Socket ParentFrame="BoneCabin_cdt" Offset="(0; 0; 0)" Names="Azov5319AirConditioner">

                    </Socket>
                  </AddonSockets>
                  <AddonSockets>
                    <Socket ParentFrame="BoneCabin_cdt" Offset="(0; 0; 0)" Names="Azov5319Gabarite">

                    </Socket>
                  </AddonSockets>
                  <AddonSockets DefaultAddon="azov_5319_gabarite_default">
                    <Socket NamesBlock="Azov5319Visor" Names="Azov5319GabariteDefault" ParentFrame="BoneCabin_cdt" Offset="(0; 0; 0)">

                    </Socket>
                  </AddonSockets>
                  <AddonSockets>
                    <Socket ParentFrame="BoneCabin_cdt" Offset="(0; 0; 0)" Names="Azov5319Beacon">

                    </Socket>
                  </AddonSockets>
                  <AddonSockets>
                      <Socket ParentFrame="BoneCabin_cdt" Offset="(0; 0; 0)" Names="Azov5319SpotLight">

                      </Socket>
                      <Socket NamesBlock="Azov5319Beacon" Names="Azov5319SpotLightBeacon" ParentFrame="BoneCabin_cdt" Offset="(0; 0; 0)">

                      </Socket>
                  </AddonSockets>
                  <AddonSockets>
                    <Socket ParentFrame="BoneCabin_cdt" Offset="(0; 0; 0)" Names="Azov5319Bumper">

                    </Socket>
                  </AddonSockets>
                  <AddonSockets>
                    <Socket ParentFrame="BoneCabin_cdt" Offset="(0; 0; 0)" Names="Azov5319WheelAddon">

                    </Socket>
                  </AddonSockets>
                  <AddonSockets>
                    <Socket Names="StuffDashboard" InCockpit="true" ParentFrame="BoneCabin_cdt" Offset="(4.055; 2.317; 0.162)">

                    </Socket>
                  </AddonSockets>
                  <AddonSockets>
                    <Socket Names="Azov5319Sticker_1x1_01" InCockpit="true" ParentFrame="BoneCabin_cdt" Offset="(0; 0; 0)">

                    </Socket>
                  </AddonSockets>
                  <AddonSockets>
                    <Socket Names="Azov5319Sticker_1x1_02" InCockpit="true" ParentFrame="BoneSunShield2_cdt" Offset="(0; 0; 0)">

                    </Socket>
                  </AddonSockets>
                  <AddonSockets>
                    <Socket Names="Azov5319Sticker_1x1_03" InCockpit="true" ParentFrame="BoneSunShield2_cdt" Offset="(0; 0; 0)">

                    </Socket>
                  </AddonSockets>
                  <AddonSockets>
                    <Socket Names="Azov5319Sticker_1x1_04" InCockpit="true" ParentFrame="BoneSunShield2_cdt" Offset="(0; 0; 0)">

                    </Socket>
                  </AddonSockets>
                  <AddonSockets>
                    <Socket Names="Azov5319Sticker_1x2_01" InCockpit="true" ParentFrame="BoneSunShield2_cdt" Offset="(0; 0; 0)">

                    </Socket>
                  </AddonSockets>
                  <AddonSockets>
                    <Socket Names="Azov5319Sticker_1x4_01" InCockpit="true" ParentFrame="BoneSunShield2_cdt" Offset="(0; 0; 0)">

                    </Socket>
                  </AddonSockets>
                  <AddonSockets>
                      <Socket Names="StuffAirfreshener" InCockpit="true" ParentFrame="BoneCabin_cdt" Offset="(4.180; 2.767; 0.262)">

                      </Socket>
                      <Socket ParentFrame="BoneCabin_cdt" InCockpit="true" Names="StuffCurtainAzov5319">

                      </Socket>
                  </AddonSockets>
                  <AddonSockets>
                    <Socket ParentFrame="BoneCabin_cdt" Offset="(0; 0; 0)" Names="azov5319Sticker_Door_L">

                    </Socket>
                  </AddonSockets>
                  <AddonSockets>
                    <Socket ParentFrame="BoneCabin_cdt" Offset="(0; 0; 0)" Names="azov5319Sticker_Door_R">

                    </Socket>
                  </AddonSockets>
                  <AddonSockets>
                    <Socket ParentFrame="BoneCabin_cdt" Offset="(0; 0; 0)" Names="azov5319Sticker_Roof">

                    </Socket>
                  </AddonSockets>
                  <AddonSockets>
                    <Socket Names="azov5319Sticker_GlassTop" InCockpit="true" ParentFrame="BoneCabin_cdt" Offset="(0; 0; 0)">

                    </Socket>
                  </AddonSockets>
                  <AddonSockets>
                    <Socket Names="azov5319Sticker_GlassBottom" InCockpit="true" ParentFrame="BoneCabin_cdt" Offset="(0; 0; 0)">

                    </Socket>
                  </AddonSockets>
                    <WinchSocket Pos="(4.73; 1.057; -0.404)">

                    </WinchSocket>
                    <WinchSocket Pos="(4.73; 1.057; 0.404)">

                    </WinchSocket>
                    <WinchSocket Pos="(-1.747; 1.180; -0.482)">

                    </WinchSocket>
                    <WinchSocket Pos="(-1.747; 1.180; 0.482)">

                    </WinchSocket>
                    <WinchSocket Pos="(-4.602; 1.154; 0)">

                    </WinchSocket>
            <UiDesc UiDesc="UI_VEHICLE_AZOV_5319_DESC" UiIcon30x30="offroadVehicleImg30" UiName="UI_VEHICLE_AZOV_5319_NAME" UiIconLogo="AzovLogo80" UiIcon40x40="offroadVehicleImg" UiIcon328x458="shopImgAzov5319">

            </UiDesc>
      </GameData>
      <ControlledConstraints>
                <Constraint Name="TieRod1Rocker" IsLinkedSteering="true" Id="chassis_steer">

                </Constraint>
                <Constraint Name="TieRod2Rocker" IsLinkedSteering="true" Id="chassis_steer">

                </Constraint>
      </ControlledConstraints>
      <HeadLight ParentFrame="BoneCabin_cdt" _template="Default" Pos="(4.447; 1.042; 0)">

      </HeadLight>
      <Landmark Mesh="landmarks/azov_5319_lmk" MaxScale="2.5" MinScale="1.5">

      </Landmark>
      <AutomaticIK>
                      <IKBone ParentFrame="BoneTieRod1_1_cdt" ModelFrame="BoneTieRod1_2">
                        <IKBone AttachToFrame="BoneRackLeft1" AttachOffset="(0; 0; 0)" ModelFrame="BoneTieRod1_3">
                            <IKJoint AxisLocal="(1; 0; 0)" Type="Slider">

                            </IKJoint>
                        </IKBone>
                        <IKJoint AxisLocal="(1; 0; 0)" Type="Hinge2">

                        </IKJoint>
                      </IKBone>
                      <IKBone ParentFrame="BoneTieRod2_1_cdt" ModelFrame="BoneTieRod2_2">
                        <IKBone AttachToFrame="BoneRackLeft2" AttachOffset="(0; 0; 0)" ModelFrame="BoneTieRod2_3">
                            <IKJoint AxisLocal="(1; 0; 0)" Type="Slider">

                            </IKJoint>
                        </IKBone>
                        <IKJoint AxisLocal="(1; 0; 0)" Type="Hinge2">

                        </IKJoint>
                      </IKBone>
                      <IKBone ParentFrame="BoneTieRod2_1_cdt" ModelFrame="BoneTieRod2_4">
                        <IKBone AttachToFrame="BoneTieRod1_1_cdt" AttachOffset="(0; 0; 0)" ModelFrame="BoneTieRod2_5">
                            <IKJoint AxisLocal="(1; 0; 0)" Type="Slider">

                            </IKJoint>
                        </IKBone>
                        <IKJoint AxisLocal="(1; 0; 0)" Type="Hinge2">

                        </IKJoint>
                      </IKBone>
      </AutomaticIK>
      <ModelAttachments>
                      <HeadLight>
                            <Flare Color="g(255; 235; 200) x 0.6" Pos="(4.447; 1.042; -1.053)" ParentFrame="BoneCabin_cdt" Size=".2" _template="HeadLight">

                            </Flare>
                            <Flare Color="g(255; 235; 200) x 0.6" Pos="(4.447; 1.042; 1.053)" ParentFrame="BoneCabin_cdt" Size=".2" _template="HeadLight">

                            </Flare>
                            <Flare ParentFrame="BoneCabin_cdt" _template="BlueStreak" Pos="(4.447; 1.042; -1.053)">

                            </Flare>
                            <Flare ParentFrame="BoneCabin_cdt" _template="BlueStreak" Pos="(4.447; 1.042; 1.053)">

                            </Flare>
                              <Model Org="(4.447; 1.042; -1.053)" _template="HeadLightRay" ParentFrame="BoneCabin_cdt">

                              </Model>
                              <Model Org="(4.447; 1.042; 1.053)" _template="HeadLightRay" ParentFrame="BoneCabin_cdt">

                              </Model>
                      </HeadLight>
                      <Ignition>
                              <Flare ParentFrame="BoneCabin_cdt" Size="0.2" Pos="(4.447; 1.042; -1.053)" _template="IgnitionSignalWhite">

                              </Flare>
                              <Flare ParentFrame="BoneCabin_cdt" Size="0.2" Pos="(4.447; 1.042; 1.053)" _template="IgnitionSignalWhite">

                              </Flare>
                              <Flare ParentFrame="BoneCabin_cdt" Size="0.2" Pos="(4.447; 1.042; -0.929)" _template="IgnitionSignalWhite">

                              </Flare>
                              <Flare ParentFrame="BoneCabin_cdt" Size="0.2" Pos="(4.447; 1.042; 0.929)" _template="IgnitionSignalWhite">

                              </Flare>
                              <Flare ParentFrame="BoneCabin_cdt" _template="MarkerBeacon" Pos="(4.521; 1.01; -0.784)">

                              </Flare>
                              <Flare ParentFrame="BoneCabin_cdt" _template="MarkerBeacon" Pos="(4.521; 1.01; 0.784)">

                              </Flare>
                              <Flare Color="g(255; 160; 2) x .4" ParentFrame="BoneCabin_cdt" Pos="(4.188; 1.187; 1.247)" Dir="(0; 1; 0)" Size="0.2" _template="IgnitionSignalOrange">

                              </Flare>
                              <Flare Color="g(255; 160; 2) x .4" ParentFrame="BoneCabin_cdt" Pos="(4.188; 1.187; -1.247)" Dir="(0; 1; 0)" Size="0.2" _template="IgnitionSignalOrange">

                              </Flare>
                              <Flare Color="g(255; 160; 2) x .4" ParentFrame="BoneCabin_cdt" Pos="(2.133; 1.145; 1.262)" Dir="(0; 1; 0)" Size="0.2" _template="IgnitionSignalOrange">

                              </Flare>
                              <Flare Color="g(255; 160; 2) x .4" ParentFrame="BoneCabin_cdt" Pos="(2.133; 1.145; -1.262)" Dir="(0; 1; 0)" Size="0.2" _template="IgnitionSignalOrange">

                              </Flare>
                                <Light ParentFrame="BoneCabin_cdt" _template="IgnitionSignalWhite" Pos="(4.55; 1.013; 0.7)">

                                </Light>
                                <Light ParentFrame="BoneCabin_cdt" _template="IgnitionSignalWhite" Pos="(4.55; 1.013; -0.7)">

                                </Light>
                                <Light _template="IgnitionSignalRed" Pos="(-5.5; 1.025; -0)">

                                </Light>
                      </Ignition>
      </ModelAttachments>
      <TruckData EngineIconMesh="env/engine_big" EngineStartDelay="0.6" TruckType="OFFROAD" EngineMarkerOffset="(6; 0.7; 0)" ExhaustStartTime="0.6" SteerSpeed="0.017" TruckImage="azov5319mchr" DiffLockType="Always" Responsiveness="0.2" FuelCapacity="200" EngineIconScale="1.2" BackSteerSpeed="0.02">
                        <Driver ParentFrame="BoneCabin_cdt" Pos="(3.497; 1.844; 0.661)" SteeringWheelPos="(3.897; 2.164; 0.654)">

                        </Driver>
                        <Shafts>
                                <Shaft SocketPointB="Shaft1b" SocketPointA="Shaft1a">

                                </Shaft>
                                <Shaft SocketPointB="Shaft2b" SocketPointA="Shaft2a">

                                </Shaft>
                                <Shaft SocketPointB="Shaft3b" SocketPointA="Shaft3a">

                                </Shaft>
                                <Shaft SocketPointB="Shaft4b" SocketPointA="Shaft4a">

                                </Shaft>
                        </Shafts>
                        <FuelTank DamageCapacity="100">

                        </FuelTank>
                        <Dashboard>
                                    <Gauge Org="(4.128; 2.172; 0.858)" OutputAngles="(-111; 21)" Mesh="trucks/arrows/azov_5319_arrows_1" Damping="0.99" InputRange="(0;1)" InputType="engineEnabled" Dir="(-0.947; 0.32; 0.004)">

                                    </Gauge>
                                    <Gauge Org="(4.124; 2.174; 0.486)" OutputAngles="(-113; 114)" Mesh="trucks/arrows/azov_5319_arrows_1" Damping="0.99" InputRange="(0;1)" InputType="rpm" Dir="(-0.947; 0.32; 0.004)">

                                    </Gauge>
                                    <Gauge Org="(4.142; 2.195; 0.671)" OutputAngles="(-122; 123)" Dir="(-0.945; 0.326; 0.001)" InputType="speed" Mesh="trucks/arrows/azov_5319_arrows_2" InputRange="(0;140)">

                                    </Gauge>
                                    <Gauge Org="(4.126; 2.149; 0.761)" OutputAngles="(95; 36)" Dir="(-0.945; 0.326; 0.001)" InputType="engineEnabled" Mesh="trucks/arrows/azov_5319_arrows_3" InputRange="(0;1)">

                                    </Gauge>
                                    <Gauge Org="(4.125; 2.149; 0.589)" OutputAngles="(-95; -52)" Dir="(-0.945; 0.326; 0.001)" InputType="engineEnabled" Mesh="trucks/arrows/azov_5319_arrows_3" InputRange="(0;1)">

                                    </Gauge>
                                    <Gauge Org="(4.156; 2.237; 0.734)" OutputAngles="(-129; -50)" Dir="(-0.945; 0.326; 0.001)" InputType="engineEnabled" Mesh="trucks/arrows/azov_5319_arrows_5" InputRange="(0;1)">

                                    </Gauge>
                                    <Gauge Org="(4.156; 2.237; 0.634)" OutputAngles="(90; 0)" Dir="(-0.945; 0.326; 0.001)" InputType="fuel" Mesh="trucks/arrows/azov_5319_arrows_4" InputRange="(0;1)">

                                    </Gauge>
                                    <Gauge Org="(4.156; 2.237; 0.58)" OutputAngles="(-91; 0)" Dir="(-0.945; 0.326; 0.001)" InputType="fuel" Mesh="trucks/arrows/azov_5319_arrows_4" InputRange="(0;1)">

                                    </Gauge>
                        </Dashboard>
                        <SoundsWheels _template="Default">

                        </SoundsWheels>
                        <GearboxSocket Default="g_truck_default" Type="gearboxes_trucks">

                        </GearboxSocket>
                                      <Steam Origin="(1.72; 1.354; 0)">

                                      </Steam>
                                      <Steam Origin="(3.654; 1.056; 0)">

                                      </Steam>
                        <Sounds DisableReversePitch="false" MinDist="15.0" Origin="(3.074; 1.488; 0)" _template="Default">
                                          <BrakesSqueal Sound="trucks/azov_5319/azov_5319_brakes_squeal">

                                          </BrakesSqueal>
                                          <AbruptStop Sound="trucks/common/truck_swing_big_rnd_set/truck_swing_big_rnd">

                                          </AbruptStop>
                                          <EngineLow Sound="trucks/azov_5319/azov_5319_low">

                                          </EngineLow>
                                          <EngineRev Sound="trucks/azov_5319/azov_5319_rev">

                                          </EngineRev>
                                          <EngineAccel Sound="trucks/azov_5319/azov_5319_acc">

                                          </EngineAccel>
                                          <Honk Sound="trucks/azov_5319/azov_5319_honk">

                                          </Honk>
                                          <EngineStop Sound="trucks/azov_5319/azov_5319_stop">

                                          </EngineStop>
                                          <Handbrake Sound="trucks/chevrolet_kodiakc70/chevrolet_kodiakc70_handbrake_on">

                                          </Handbrake>
                                          <EngineIdle_2d IsSound2D="true" Sound="trucks/azov_5319/azov_5319_idle_2d">

                                          </EngineIdle_2d>
                                          <EngineTrans Sound="trucks/azov_5319/azov_5319_turbo">

                                          </EngineTrans>
                                          <EngineHeavy_2d IsSound2D="true" Sound="">

                                          </EngineHeavy_2d>
                                          <ChassisStress Sound="trucks/common/truck_stress_rnd_set/truck_stress_rnd">

                                          </ChassisStress>
                                                                    <Reverse _inheritRemove="true">

                                                                    </Reverse>
                                                                    <Reverse Sound="trucks/azov_5319/azov_5319_reverse">

                                                                    </Reverse>
                                          <EngineHigh_2d IsSound2D="true" Sound="trucks/azov_5319/azov_5319_high_2d">

                                          </EngineHigh_2d>
                                          <EngineIdle Sound="trucks/azov_5319/azov_5319_idle">

                                          </EngineIdle>
                                          <HandbrakeOff Sound="trucks/chevrolet_kodiakc70/chevrolet_kodiakc70_handbrake_off">

                                          </HandbrakeOff>
                                          <EngineHigh Sound="trucks/azov_5319/azov_5319_high">

                                          </EngineHigh>
                                          <EngineLow_2d IsSound2D="true" Sound="trucks/azov_5319/azov_5319_low_2d">

                                          </EngineLow_2d>
                                          <EngineHeavy Sound="">

                                          </EngineHeavy>
                                          <BrakeRelease Sound="trucks/cat_ct680/cat_ct680_brake_release">

                                          </BrakeRelease>
                                          <EngineStart Sound="trucks/azov_5319/azov_5319_start">

                                          </EngineStart>
                        </Sounds>
                        <EngineSocket Default="ru_truck_modern_engine_0" Type="e_ru_truck_modern">

                        </EngineSocket>
                        <Intake Size="1.219" Origin="(4.655; 1.545; 0)" Dir="(1; 0; 0)">

                        </Intake>
                        <SoundsDamage _template="Heavy">

                        </SoundsDamage>
                        <Camera ParentFrame="BoneCabin_cdt" Center="(-1.5; 0; 0)">
                                                  <Cockpit WindshieldShadingTexture="trucks/azov_5319_glass__sh_d.tga" WindshieldDiffuseTexture="trucks/azov_5319_glass__d_a.tga" _template="Default" ViewPos="(3.437; 2.599; 0.661)">
                                                        <Mirror FOVScale="2" Pos="(3.841; 2.462; 1.374)" ClipDir="(-0.898; -0.033; -0.44)" ReflectionDir="(-0.898; -0.033; -0.44)" Size="(0.181; 0.384)" ClipOffset="0.1" MeshFrame="mirror_left">
                                                          <SecondaryView FOVScale="1" Pos="(3.85; 2.193; 1.375)" ClipDir="(-0.898; -0.033; -0.44)" Size="(0.181; 0.147)" CurveAngle="20" ClipOffset="0.1" MeshFrame="mirror_left_1">

                                                          </SecondaryView>
                                                        </Mirror>
                                                        <Mirror FOVScale="2" Pos="(4.053; 2.524; -1.389)" ClipDir="(-0.788; 0; 0.616)" ReflectionDir="(-0.788; 0; 0.616)" Size="(0.181; 0.384)" ClipOffset="0.1" MeshFrame="mirror_right">
                                                          <SecondaryView ClipDir="(-0.788; 0; 0.616)" CurveAngle="10" ClipOffset="0.1" FOVScale="1.5" ReflectionDir="(-0.788; 0; 0.616)" Size="(0.181; 0.147)" MeshFrame="mirror_right_1" Pos="(4.039; 2.259; -1.379)">

                                                          </SecondaryView>
                                                        </Mirror>
                                                      <Rear ViewPosOffset="(0.05; -0.1; 0.7)">

                                                      </Rear>
                                                  </Cockpit>
                        </Camera>
                        <Shakers>
                                                    <Shaker Frame="BoneExhaust" ParentFrame="BoneCabin_cdt" MaxAngle="(1.5; 1.5; 1.5)" MaxFrequency="3.9">

                                                    </Shaker>
                        </Shakers>
                        <Damage>
                                                      <DamageArea Max="(-0.533; 1.367; 1.175)" Type="FuelTank" ParentFrame="BoneChassis_cdt" Min="(-1.545; 0.694; -1.175)">

                                                      </DamageArea>
                        </Damage>
                        <SuspensionSocket Default="azov_5319_suspension_default" Type="s_azov_5319" MaxWheelRadiusWithoutSuspension="1">

                        </SuspensionSocket>
                        <Wheels DefaultTire="allterrain_1" DefaultWheelType="wheels_heavy_single" DefaultRim="rim_1">
                                                            <Wheel _template="FirstAxle" Pos="(2.835; 0.633; 1.01)">

                                                            </Wheel>
                                                            <Wheel Pos="(2.835; 0.633; 1.01)" _template="FirstAxle" RightSide="true">

                                                            </Wheel>
                                                            <Wheel _template="SecondAxle" Pos="(1.052; 0.633; 1.01)">

                                                            </Wheel>
                                                            <Wheel Pos="(1.052; 0.633; 1.01)" _template="SecondAxle" RightSide="true">

                                                            </Wheel>
                                                            <Wheel _template="MiddleAxle" Pos="(-2.516; 0.633; 1.01)">

                                                            </Wheel>
                                                            <Wheel Pos="(-2.516; 0.633; 1.01)" _template="MiddleAxle" RightSide="true">

                                                            </Wheel>
                                                            <Wheel _template="MiddleAxle" Pos="(-3.832; 0.633; 1.01)">

                                                            </Wheel>
                                                            <Wheel Pos="(-3.832; 0.633; 1.01)" _template="MiddleAxle" RightSide="true">

                                                            </Wheel>
                        </Wheels>
                        <Axles>
                                                              <Axle Frame="BoneAxle1">

                                                              </Axle>
                                                              <Axle Frame="BoneAxle2">

                                                              </Axle>
                                                              <Axle Frame="BoneAxle3">

                                                              </Axle>
                                                              <Axle Frame="BoneAxle4">

                                                              </Axle>
                        </Axles>
                        <Exhaust Dir="(0; 0; 1)" Origin="(1.955; 0.829; 0.557)" Speed="2.0">

                        </Exhaust>
                        <OcclusionMap HalfSizeZ="1.7" MinX="-5.1" MaxX="5.1">

                        </OcclusionMap>
                                                                <LimitedFluid Type="Box" SizeX="0.95" Center="(-1.035; 1.023; 0.867)" SizeY="0.53" SizeZ="0.55">

                                                                </LimitedFluid>
                                                                <LimitedFluid Type="Box" SizeX="0.95" Center="(-1.035; 1.023; -0.867)" SizeY="0.53" SizeZ="0.55">

                                                                </LimitedFluid>
                        <WinchUpgradeSocket Default="w_medium_trucks_default" IsUpgradable="true" Type="winches_medium_trucks">

                        </WinchUpgradeSocket>
                        <SteeringWheel Frame="BoneSteering">

                        </SteeringWheel>
                        <CompatibleWheels Scale="0.63" Type="wheels_heavy_single">

                        </CompatibleWheels>
                                                                        <SteeringRack RackHalfSizeZ="0.752" Frame="BoneRack1" FrameSteerLeft="BoneRackLeft1" FrameSteerRight="BoneRackRight1">

                                                                        </SteeringRack>
                                                                        <SteeringRack RackHalfSizeZ="0.752" Frame="BoneRack2" FrameSteerLeft="BoneRackLeft2" FrameSteerRight="BoneRackRight2">

                                                                        </SteeringRack>
      </TruckData>
  </Truck>
  <_templates Include="trucks">
        <Wheel>
            <SecondAxle SteeringCastor="0" Torque="default" ParentFrame="BoneCabin_cdt" SteeringJointOffset="0.25" SteeringAngle="20" Location="front">

            </SecondAxle>
            <MiddleAxle Torque="default" Location="rear" ConnectedToHandbrake="true">

            </MiddleAxle>
            <FirstAxle SteeringCastor="0" Torque="default" ParentFrame="BoneCabin_cdt" SteeringJointOffset="0.25" SteeringAngle="30" Location="front">

            </FirstAxle>
        </Wheel>
        <Body>
              <SideMirror Collisions="None" Mass="5">
                  <Constraint MinLimit="-15" Type="Hinge" MaxLimit="15" AxisLocal="(0; 0; 1)">
                      <Motor Spring="200" Type="Spring" Damping="0.7">

                      </Motor>
                  </Constraint>
              </SideMirror>
              <Mudguard Collisions="None" AngularDamping="3.0" Mass="10">
                    <Constraint MinLimit="-35" Type="Hinge" MaxLimit="25" AxisLocal="(0; 0; 1)">

                    </Constraint>
              </Mudguard>
              <Sunshield Collisions="None" Mass="3">
                      <Constraint MinLimit="-5" Type="Hinge" MaxLimit="5" AxisLocal="(0; 0; 1)">
                          <Motor Spring="1.5" Type="Spring" Damping="0.65">

                          </Motor>
                      </Constraint>
              </Sunshield>
        </Body>
  </_templates>