  <Truck>
      <TruckData EngineIconMesh="env/engine_default" EngineStartDelay="0.6" TruckType="HEAVY" ExhaustStartTime="0.6" SteerSpeed="0.017" TruckImage="cat745Cv2mchr" DiffLockType="Uninstalled" Responsiveness="0.05" FuelCapacity="340" EngineIconScale="1.7" BackSteerSpeed="0.015">
          <Driver Pos="(2.346; 2.905; -0.055)" SteeringWheelPos="(2.729; 3.233; -0.062)">

          </Driver>
          <Shafts>
                  <Shaft SocketPointB="Shaft1b" SocketPointA="Shaft1a">

                  </Shaft>
                  <Shaft SocketPointB="Shaft2b" SocketPointA="Shaft2a">

                  </Shaft>
                  <Shaft SocketPointB="Shaft3b" SocketPointA="Shaft3a">

                  </Shaft>
                  <Shaft SocketPointB="Shaft4b" SocketPointA="Shaft4a">

                  </Shaft>
          </Shafts>
          <FuelTank DamageCapacity="100">

          </FuelTank>
          <Dashboard>
                      <Gauge Org="(3.018; 3.164; 0.008)" OutputAngles="(-40;10)" Mesh="trucks/arrows/cat_745c_arrow_03" Damping="0.99" InputRange="(0;1)" InputType="engineEnabled" Dir="(-0.99; 0.143; 0)">

                      </Gauge>
                      <Gauge Org="(3.022; 3.19; -0.011)" OutputAngles="(-40;10)" Mesh="trucks/arrows/cat_745c_arrow_03" Damping="0.9995" InputRange="(0;1)" InputType="engineEnabled" Dir="(-0.99; 0.143; 0)">

                      </Gauge>
                      <Gauge Org="(3.02; 3.175; -0.059)" OutputAngles="(-105;105)" Mesh="trucks/arrows/cat_745c_arrow_02" Damping="0.9" InputRange="(0;1)" InputType="rpm" Dir="(-0.99; 0.143; 0)">

                      </Gauge>
                      <Gauge Org="(3.023; 3.198; -0.101)" OutputAngles="(140;40)" Mesh="trucks/arrows/cat_745c_arrow_01" Damping="0.9" InputRange="(0;1)" InputType="fuel" Dir="(-0.99; 0.143; 0)">

                      </Gauge>
                      <Gauge Org="(3.023; 3.199; -0.126)" OutputAngles="(100;40)" Mesh="trucks/arrows/cat_745c_arrow_01" Damping="0.99" InputRange="(0;1)" InputType="engineEnabled" Dir="(-0.99; 0.143; 0)">

                      </Gauge>
                      <Gauge Org="(3.018; 3.164; -0.128)" OutputAngles="(-40;10)" Mesh="trucks/arrows/cat_745c_arrow_03" Damping="0.9995" InputRange="(0;1)" InputType="engineEnabled" Dir="(-0.99; 0.143; 0)">

                      </Gauge>
          </Dashboard>
          <SoundsWheels _template="Default">

          </SoundsWheels>
          <GearboxSocket Default="g_special_default" Type="gearboxes_special">

          </GearboxSocket>
                        <Steam Origin="(2.7; 1.53; 0)">

                        </Steam>
                        <Steam Origin="(1.317; 1.74; 0)" Scale="0.5">

                        </Steam>
          <Sounds DisableReversePitch="true" MinDist="15.0" Origin="(4.1; 2.3; 0)" _template="Default">
                            <AbruptStop Sound="trucks/common/truck_swing_big_rnd_set/truck_swing_big_rnd">

                            </AbruptStop>
                            <EngineLow Sound="trucks/cat745c/cat745c_low">

                            </EngineLow>
                            <EngineRev Sound="trucks/cat745c/cat745c_rev">

                            </EngineRev>
                            <EngineAccel Sound="trucks/cat745c/cat745c_acc">

                            </EngineAccel>
                            <Honk Sound="trucks/cat745c/cat745c_honk">

                            </Honk>
                            <EngineStop Sound="trucks/cat745c/cat745c_stop">

                            </EngineStop>
                            <Handbrake Sound="trucks/cat745c/cat745c_handbrake_on">

                            </Handbrake>
                            <EngineLow_2d IsSound2D="true" Sound="trucks/cat745c/cat745c_low_2d">

                            </EngineLow_2d>
                            <EngineTrans Sound="trucks/cat745c/cat745c_turbo">

                            </EngineTrans>
                            <EngineHeavy_2d IsSound2D="true" Sound="trucks/cat745c/cat745c_heavy_2d">

                            </EngineHeavy_2d>
                                                  <Reverse _inheritRemove="true">

                                                  </Reverse>
                                                  <Reverse Sound="trucks/cat745c/cat745c_back_beeper">

                                                  </Reverse>
                            <EngineHigh_2d IsSound2D="true" Sound="trucks/cat745c/cat745c_high_2d">

                            </EngineHigh_2d>
                            <EngineIdle Sound="trucks/cat745c/cat745c_idle">

                            </EngineIdle>
                            <HandbrakeOff Sound="trucks/cat745c/cat745c_handbrake_off">

                            </HandbrakeOff>
                            <EngineIdle_2d IsSound2D="true" Sound="trucks/cat745c/cat745c_idle_2d">

                            </EngineIdle_2d>
                            <EngineHeavy Sound="trucks/cat745c/cat745c_heavy">

                            </EngineHeavy>
                            <EngineStart Sound="trucks/cat745c/cat745c_start">

                            </EngineStart>
                            <EngineHigh Sound="trucks/cat745c/cat745c_high">

                            </EngineHigh>
          </Sounds>
                            <Intake Size="0.8" Origin="(5.438; 2.221; 0)" Dir="(1; 0; 0)">

                            </Intake>
                            <Intake Size="0.3" Origin="(5.318; 2.055; -0.963)" Dir="(0.978; 0; -0.209)">

                            </Intake>
          <SoundsDamage _template="Heavy">

          </SoundsDamage>
          <Exhaust IsLight="true" Dir="(-0.855; 0.515; -0.059)" Origin="(1.276; 4.174; -0.475)" Speed="3.00">

          </Exhaust>
          <Camera Center="(-1.5; 0; 0)" RadiusMultiplier="1.1">
                                    <Cockpit WindshieldShadingTexture="trucks/cat_745c_glass__sh_d.tga" WindshieldDiffuseTexture="trucks/cat_745c_glass__d_a.tga" _template="Default" ViewPos="(2.257; 3.592; -0.061)">
                                          <Mirror FOVScale="2.5" Pos="(3.031; 3.499; 2.024)" ClipDir="(-0.836; -0.087; -0.543)" ReflectionDir="(-0.836; -0.087; -0.543)" Size="(0.245; 0.41)" ClipOffset="0.1" MeshFrame="mirror_left2">
                                            <SecondaryView FOVScale="2.2" ClipDir="(-0.836; -0.087; -0.543)" Pos="(2.995; 3.899; 2.026)" CurveAngle="20" MeshFrame="mirror_left1" Size="(0.36; 0.23)">

                                            </SecondaryView>
                                          </Mirror>
                                          <Mirror FOVScale="3" Pos="(3.037; 3.499; -2.017)" ClipDir="(-0.844; -0.069; 0.531)" ReflectionDir="(-0.844; -0.069; 0.531)" Size="(0.22; 0.41)" ClipOffset="0.5" MeshFrame="mirror_right2">
                                            <SecondaryView FOVScale="2.75" ClipDir="(-0.844; -0.069; 0.531)" Pos="(3.01; 3.908; -2.03)" CurveAngle="20" MeshFrame="mirror_right1" Size="(0.349; 0.23)">

                                            </SecondaryView>
                                          </Mirror>
                                          <Mirror ClipDir="(-0.074; -0.352; 0.933)" CurveAngle="20" ClipOffset="0.1" FOVScale="2.5" ReflectionDir="(-0.074; -0.352; 0.933)" Size="(0.349; 0.255)" MeshFrame="mirror_right3" Pos="(3.608; 4.05; -1.523)">

                                          </Mirror>
                                          <Mirror ClipDir="(-0.067; -0.232; -0.97)" CurveAngle="20" ClipOffset="0.2" FOVScale="2.5" ReflectionDir="(-0.067; -0.232; -0.97)" Size="(0.349; 0.255)" MeshFrame="mirror_left4" Pos="(3.534; 3.591; 1.61)">

                                          </Mirror>
                                          <Mirror ClipDir="(0.135; -0.36; -0.923)" CurveAngle="20" ClipOffset="0.1" FOVScale="2.5" ReflectionDir="(0.135; -0.36; -0.923)" Size="(0.349; 0.255)" MeshFrame="mirror_left3" Pos="(3.292; 4.047; 1.488)">

                                          </Mirror>
                                        <Rear _inheritRemove="true">

                                        </Rear>
                                    </Cockpit>
          </Camera>
          <SuspensionSocket Default="cat_745c_suspension_default" Type="s_cat_745c" MaxWheelRadiusWithoutSuspension=".95">

          </SuspensionSocket>
          <Wheels DefaultTire="mudtires_cat745" DefaultWheelType="wheels_superheavy_cat745_single" DefaultRim="rim_cat745">
                                          <Wheel _template="FrontWheel" Pos="(2.081; 1.128; 1.334)">

                                          </Wheel>
                                          <Wheel Pos="(2.081; 1.128; 1.334)" _template="FrontWheel" RightSide="true">

                                          </Wheel>
                                          <Wheel ParentFrame="BoneSuspension_cdt" _template="RearWheel" Pos="(-2.505; 0.988; 1.334)">

                                          </Wheel>
                                          <Wheel RightSide="true" ParentFrame="BoneSuspension_cdt" _template="RearWheel" Pos="(-2.505; 0.988; 1.334)">

                                          </Wheel>
                                          <Wheel ParentFrame="BoneSuspension_cdt" _template="RearWheel" Pos="(-4.472; 0.928; 1.334)">

                                          </Wheel>
                                          <Wheel RightSide="true" ParentFrame="BoneSuspension_cdt" _template="RearWheel" Pos="(-4.472; 0.928; 1.334)">

                                          </Wheel>
          </Wheels>
          <Axles>
                                            <Axle Frame="BoneAxle1">

                                            </Axle>
                                            <Axle Frame="BoneAxle2">

                                            </Axle>
                                            <Axle Frame="BoneAxle3">

                                            </Axle>
          </Axles>
          <Damage SensationMax="(3.236; 3.522; 0.673)" SensationMin="(1.68; 2.625; -0.797)" Capacity="600">
                                              <DamageArea Max="(5.55; 3; 0.6)" Type="Engine" ParentFrame="BoneFront_cdt" Min="(3.5; 1.5; -0.6)">

                                              </DamageArea>
                                              <DamageArea Max="(2.5; 1.15; 0.75)" Type="Suspension" ParentFrame="BoneFront_cdt" Min="(0.5; 0.75; -0.75)">

                                              </DamageArea>
          </Damage>
          <OcclusionMap HalfSizeZ="2.7" ParentFrame="BoneBackRot_cdt" MaxX="6" MinX="-6">

          </OcclusionMap>
          <EngineSocket Default="us_special_engine_0" Type="e_us_special">

          </EngineSocket>
          <WinchUpgradeSocket Default="w_heavy_trucks_default" IsUpgradable="true" Type="winches_heavy_trucks">

          </WinchUpgradeSocket>
          <SteeringWheel Frame="BoneSteering">

          </SteeringWheel>
          <CompatibleWheels Scale="0.9" Type="wheels_superheavy_cat745_single">

          </CompatibleWheels>
          <Shakers>
                                                        <Shaker MaxFrequency="10" MaxAngle="(1; 0; 1)" Frame="BoneExhaust">

                                                        </Shaker>
          </Shakers>
      </TruckData>
      <GameData Country="US" Price="100500" UnlockByRank="1" UnlockByExploration="true">
            <CustomizationCameras>
                  <CameraPos Interior="true" Position="(6.686; 6.96; -0.292)" FOV="32.0" InterestPosition="(3.628; 2.648; -0.717)" Name="roof_sticker">

                  </CameraPos>
                  <CameraPos Interior="true" Position="(3.780; 3.699; -0.021)" FOV="32.0" InterestPosition="(6.729; 3.697; 1.015)" Name="sticker_1">

                  </CameraPos>
                  <CameraPos InterestPosition="(-2.629; 1.692; -0)" Name="addon_1" MaxXRotation="360" Position="(-11.556; 4.444; 8.243)" MaxZoom="2" FOV="32.0" MaxYRotation="360">

                  </CameraPos>
                  <CameraPos InterestPosition="(3.194; 1.807; 0)" Name="addon_2" MaxXRotation="360" Position="(-8.093; 2.337; -6.718)" MaxZoom="2" FOV="32.0" MaxYRotation="360">

                  </CameraPos>
                  <CameraPos Interior="true" Position="(3.865; 3.699; -0.056)" FOV="32.0" InterestPosition="(6.729; 3.499; 1.37)" Name="mirror_mount">

                  </CameraPos>
                  <CameraPos InterestPosition="(4.764; 1.97; -0)" Name="side_r" MaxXRotation="360" Position="(-0.226; 4.969; -4.508)" MaxZoom="2" FOV="32.0" MaxYRotation="360">

                  </CameraPos>
                  <CameraPos Interior="true" Position="(4.049; 3.563; -0.005)" FOV="32.0" InterestPosition="(6.729; 0.431; 3.412)" Name="sticker">

                  </CameraPos>
                  <CameraPos Interior="true" Position="(7.957; 4.333; 0.659)" FOV="32.0" InterestPosition="(3.877; 3.21; -1.087)" Name="glass_sticker">

                  </CameraPos>
                  <CameraPos Interior="true" Position="(3.896; 2.266; 4.82)" FOV="32.0" InterestPosition="(7.153; 1.378; 0.659)" Name="door_r_sticker">

                  </CameraPos>
                  <CameraPos InterestPosition="(4.758; 2.358; -0)" Name="roof" MaxXRotation="360" Position="(10.787; 4.806; -3.717)" MaxZoom="2" FOV="32.0" MaxYRotation="360">

                  </CameraPos>
                  <CameraPos Interior="true" Position="(9.175; 5.444; -0.674)" FOV="32.0" InterestPosition="(5.096; 0.687; -0.295)" Name="capote_sticker">

                  </CameraPos>
                  <CameraPos InterestPosition="(5.997; 1.735; 0)" Name="hoods" MaxXRotation="360" Position="(13.57; 1.44; -3.425)" MaxZoom="2" FOV="32.0" MaxYRotation="360">

                  </CameraPos>
                  <CameraPos Interior="true" Position="(4.317; 3.539; -0.148)" FOV="32.0" InterestPosition="(6.729; 1.949; 0.4)" Name="sticker_2">

                  </CameraPos>
                  <CameraPos InterestPosition="(6.27; 2.278; 0)" Name="side_l" MaxXRotation="360" Position="(11.866; 5.284; -4.55)" MaxZoom="2" FOV="32.0" MaxYRotation="360">

                  </CameraPos>
                  <CameraPos Interior="true" Position="(4.317; 3.539; -0.148)" FOV="32.0" InterestPosition="(6.729; 1.949; 0.4)" Name="bubble_head">

                  </CameraPos>
                  <CameraPos InterestPosition="(3.237; 1.133; -0)" Name="wheels" MaxXRotation="360" Position="(5.939; 2.217; -6.255)" MaxZoom="2" FOV="32.0" MaxYRotation="360">

                  </CameraPos>
                  <CameraPos InterestPosition="(5.197; 1.735; -0)" Name="default" MaxXRotation="360" Position="(13.641; 1.384; -4.536)" MaxZoom="2" FOV="32.0" MaxYRotation="360">

                  </CameraPos>
                  <CameraPos InterestPosition="(0.479; 0.992; -0)" Name="rear" MaxXRotation="360" Position="(-5.767; 1.805; 2.899)" MaxZoom="2" FOV="32.0" MaxYRotation="360">

                  </CameraPos>
                  <CameraPos Interior="true" Position="(3.945; 2.286; -4.845)" FOV="32.0" InterestPosition="(5.687; 1.390; -0.027)" Name="door_l_sticker">

                  </CameraPos>
            </CustomizationCameras>
                <CraneSocket Pos="(5.523; 1.54; 0.634)">

                </CraneSocket>
                <CraneSocket Pos="(5.523; 1.54; -0.634)">

                </CraneSocket>
                <CraneSocket Pos="(-5.01; 1.301; -0.415)" ParentFrame="BoneBackRot_cdt">

                </CraneSocket>
                <CraneSocket Pos="(-5.01; 1.301; 0.415)" ParentFrame="BoneBackRot_cdt">

                </CraneSocket>
                <CraneSocket Pos="(0.131; 1.597; -0.577)" ParentFrame="BoneBackRot_cdt">

                </CraneSocket>
                <CraneSocket Pos="(0.131; 1.597; 0.577)" ParentFrame="BoneBackRot_cdt">

                </CraneSocket>
                  <AddonSockets>
                    <Socket ParentFrame="BoneBackRot_cdt" Offset="(0; 0; 0)" Names="Cat745CWires">
                        <ExtraParent Frame="BoneFront_cdt">

                        </ExtraParent>
                    </Socket>
                  </AddonSockets>
                  <AddonSockets DefaultAddon="cat_745c_diff_lock_default">
                    <Socket ParentFrame="BoneChassis_cdt" Offset="(0; 0; 0)" Names="Cat745CDiffLock">

                    </Socket>
                  </AddonSockets>
                  <AddonSockets DefaultAddon="cat_745c_wires" RequiredAddonIfNoConflicts="cat_745c_wires">
                      <Socket ParentFrame="BoneBackRot_cdt" Offset="(0; 0; 0)" Names="Cat745CFuelTank">

                      </Socket>
                      <Socket NamesBlock="Cat745CWires" Names="Cat745CLogBunk" ParentFrame="BoneBackRot_cdt" Offset="(0; 0; 0)">

                      </Socket>
                      <Socket NamesBlock="Cat745CWires" Names="Cat745CContainerCarrier" ParentFrame="BoneBackRot_cdt" Offset="(0; 0; 0)">
                        <ExtraParent Frame="BoneFront_cdt">

                        </ExtraParent>
                      </Socket>
                  </AddonSockets>
                  <AddonSockets>
                    <Socket Names="StuffDashboard" InCockpit="true" ParentFrame="BoneFront_cdt" Offset="(3.23; 3.08; 0.43)">

                    </Socket>
                  </AddonSockets>
                  <AddonSockets>
                    <Socket Names="Cat745cSticker_1x1_01" InCockpit="true" ParentFrame="BoneFront_cdt" Offset="(0; 0; 0)">

                    </Socket>
                  </AddonSockets>
                  <AddonSockets>
                    <Socket Names="Cat745cSticker_1x1_02" InCockpit="true" ParentFrame="BoneFront_cdt" Offset="(0; 0; 0)">

                    </Socket>
                  </AddonSockets>
                  <AddonSockets>
                    <Socket Names="Cat745cSticker_1x2_01" InCockpit="true" ParentFrame="BoneFront_cdt" Offset="(0; 0; 0)">

                    </Socket>
                  </AddonSockets>
                  <AddonSockets>
                    <Socket Names="Cat745cSticker_1x4_01" InCockpit="true" ParentFrame="BoneFront_cdt" Offset="(0; 0; 0)">

                    </Socket>
                  </AddonSockets>
                  <AddonSockets>
                    <Socket Names="Cat745cSticker_GlassTop" InCockpit="true" ParentFrame="BoneFront_cdt" Offset="(0; 0; 0)">

                    </Socket>
                  </AddonSockets>
                  <AddonSockets>
                    <Socket Names="Cat745cSticker_GlassBottom" InCockpit="true" ParentFrame="BoneFront_cdt" Offset="(0; 0; 0)">

                    </Socket>
                  </AddonSockets>
                  <AddonSockets>
                    <Socket ParentFrame="BoneFront_cdt" Offset="(0; 0; 0)" Names="cat745CSticker_Door_L">

                    </Socket>
                  </AddonSockets>
                  <AddonSockets>
                    <Socket ParentFrame="BoneFront_cdt" Offset="(0; 0; 0)" Names="cat745CSticker_Door_R">

                    </Socket>
                  </AddonSockets>
                  <AddonSockets>
                    <Socket ParentFrame="BoneFront_cdt" Offset="(0; 0; 0)" Names="cat745CSticker_Roof">

                    </Socket>
                  </AddonSockets>
                  <AddonSockets>
                    <Socket ParentFrame="BoneFront_cdt" Offset="(0; 0; 0)" Names="cat745CSticker_Capote">

                    </Socket>
                  </AddonSockets>
                  <AddonSockets>
                    <Socket Names="StuffAirfreshener" InCockpit="true" ParentFrame="BoneFront_cdt" Offset="(2.719; 3.863; -0.101)">

                    </Socket>
                  </AddonSockets>
                    <WinchSocket Pos="(5.523; 1.54; 0.634)">

                    </WinchSocket>
                    <WinchSocket Pos="(5.523; 1.54; -0.634)">

                    </WinchSocket>
                    <WinchSocket Pos="(-5.01; 1.301; -0.415)" ParentFrame="BoneBackRot_cdt">

                    </WinchSocket>
                    <WinchSocket Pos="(-5.01; 1.301; 0.415)" ParentFrame="BoneBackRot_cdt">

                    </WinchSocket>
                    <WinchSocket Pos="(0.131; 1.597; -0.577)" ParentFrame="BoneBackRot_cdt">

                    </WinchSocket>
                    <WinchSocket Pos="(0.131; 1.597; 0.577)" ParentFrame="BoneBackRot_cdt">

                    </WinchSocket>
            <UiDesc UiDesc="UI_VEHICLE_CAT_745C_DESC" UiIcon30x30="heavyVehicleImg30" UiName="UI_VEHICLE_CAT_745C_NAME" UiIconLogo="CatterpillarLogo80" UiIcon40x40="heavyVehicleImg" UiIcon328x458="shopImgCaterpillar745C">

            </UiDesc>
      </GameData>
      <ControlledConstraints>
              <Constraint Name="ChassisSteer" IsLinkedSteering="true" Id="chassis_steer">

              </Constraint>
      </ControlledConstraints>
      <Landmark Mesh="landmarks/cat_745c_lmk" MaxScale="3.8" MinScale="1.8">

      </Landmark>
      <HeadLight AttenEnd="40" OuterCone="130" AttenStart="1" Dir="(1; -0.2; 0)" InnerCone="0" Pos="(6.5; 1.927; 0)" Color="g(255; 212; 154) x 8.5">

      </HeadLight>
      <Rotator RotationSpeed="4" Frame="BoneRotator" EngineTorqueFactor="0">

      </Rotator>
      <AutomaticIK>
                        <IKBone ParentFrame="BoneFront_cdt" ModelFrame="BoneBackPistonLBase">
                          <IKBone AttachToFrame="BoneBack_cdt" AttachOffset="(0; 0; 0)" ModelFrame="BoneBackPistonL">
                              <IKJoint AxisLocal="(1; 0; 0)" Type="Slider">

                              </IKJoint>
                          </IKBone>
                          <IKJoint AxisLocal="(0; 1; 0)" Type="Hinge">

                          </IKJoint>
                        </IKBone>
                        <IKBone ParentFrame="BoneFront_cdt" ModelFrame="BoneBackPistonRBase">
                          <IKBone AttachToFrame="BoneBack_cdt" AttachOffset="(0; 0; 0)" ModelFrame="BoneBackPistonR">
                              <IKJoint AxisLocal="(1; 0; 0)" Type="Slider">

                              </IKJoint>
                          </IKBone>
                          <IKJoint AxisLocal="(0; 1; 0)" Type="Hinge">

                          </IKJoint>
                        </IKBone>
                        <IKBone ParentFrame="BoneBackRot_cdt" ModelFrame="BoneBeam1">
                          <IKBone AttachToFrame="BoneAxle3" AttachOffset="(0; 0; 0)" ModelFrame="BoneBeam2">
                              <IKJoint AxisLocal="(1; 0; 0)" Type="Slider">

                              </IKJoint>
                          </IKBone>
                          <IKJoint AxisLocal="(0; 0; 1)" Type="Hinge2">

                          </IKJoint>
                        </IKBone>
      </AutomaticIK>
      <ModelAttachments>
                        <StopSignals>
                              <Flare ParentFrame="BoneBackRot_cdt" _template="StopSignal" Pos="(-4.9; 1.494; -0.225)">

                              </Flare>
                              <Flare ParentFrame="BoneBackRot_cdt" _template="StopSignal" Pos="(-4.9; 1.494; 0.225)">

                              </Flare>
                            <Light ParentFrame="BoneBackRot_cdt" _template="StopSignal" Pos="(-4.98; 1.388; 0)">

                            </Light>
                        </StopSignals>
                            <Ignition>
                                <Flare Color="g(235; 165; 10) x 0.8" Pos="(5.204; 2.383; -1.128)" Size="0.15" _template="IgnitionSignalOrange">

                                </Flare>
                                <Flare Color="g(235; 165; 10) x 0.8" Pos="(5.204; 2.383; 1.128)" Size="0.15" _template="IgnitionSignalOrange">

                                </Flare>
                                <Flare Size="0.15" _template="IgnitionSignalWhite" Pos="(5.232; 2.384; -1.029)">

                                </Flare>
                                <Flare Size="0.15" _template="IgnitionSignalWhite" Pos="(5.232; 2.384; 1.029)">

                                </Flare>
                                <Flare Size="0.2" _template="IgnitionSignalWhite" Pos="(5.269; 2.387; -0.904)">

                                </Flare>
                                <Flare Size="0.2" _template="IgnitionSignalWhite" Pos="(5.269; 2.387; 0.904)">

                                </Flare>
                                <Flare ParentFrame="BoneBackRot_cdt" _template="IgnitionSignalRedSmall" Pos="(-4.9; 1.494; -0.225)">

                                </Flare>
                                <Flare ParentFrame="BoneBackRot_cdt" _template="IgnitionSignalRedSmall" Pos="(-4.9; 1.494; 0.225)">

                                </Flare>
                                  <Light _template="IgnitionSignalWhite" Pos="(6.5; 2.3; 1)">

                                  </Light>
                                  <Light _template="IgnitionSignalWhite" Pos="(6.5; 2.3; -1)">

                                  </Light>
                                  <Light _template="IgnitionSignalRed" Pos="(-4.8; 1.025; -0)">

                                  </Light>
                            </Ignition>
                            <Ignition _template="Flasher">
                              <Model Org="(1.454; 4.09; 0.062)" ParentFrame="BoneRotator" Dir="(0.971; 0.24; 0)">

                              </Model>
                                  <Flare ParentFrame="BoneRotator" Pos="(1.454; 4.09; 0.062)" Dir="(0.971; 0.24; 0)">

                                  </Flare>
                                  <Flare ParentFrame="BoneRotator" Pos="(1.454; 4.09; 0.062)" Dir="(0.971; 0.24; 0)">

                                  </Flare>
                                  <Flare Pos="(1.425; 4.083; 0.062)">

                                  </Flare>
                              <Light ParentFrame="BoneRotator" Pos="(1.454; 4.09; 0.062)" Dir="(0.971; 0.24; 0)">

                              </Light>
                            </Ignition>
                        <HeadLight>
                                  <Flare Color="g(255; 235; 205) x 0.7" Pos="(5.269; 2.387; -0.904)" Size="0.2" _template="HeadLight">

                                  </Flare>
                                  <Flare Color="g(255; 235; 205) x 0.7" Pos="(5.269; 2.387; 0.904)" Size="0.2" _template="HeadLight">

                                  </Flare>
                                  <Flare Color="g(255; 235; 205) x 0.7" Pos="(3.02; 4.049; -0.521)" Size=".15" _template="HeadLight">

                                  </Flare>
                                  <Flare Color="g(255; 235; 205) x 0.7" Pos="(3.02; 4.049; 0.521)" Size=".15" _template="HeadLight">

                                  </Flare>
                                  <Flare _template="BlueStreak" Pos="(5.269; 2.387; -0.904)">

                                  </Flare>
                                  <Flare _template="BlueStreak" Pos="(5.269; 2.387; 0.904)">

                                  </Flare>
                                    <Model Org="(5.269; 2.387; -0.904)" _template="HeadLightRay">

                                    </Model>
                                    <Model Org="(5.269; 2.387; 0.904)" _template="HeadLightRay">

                                    </Model>
                                    <Model Org="(3.02; 4.049; -0.521)" _template="HeadLightRay" Scale="(1; 1; 2.5)">

                                    </Model>
                                    <Model Org="(3.02; 4.049; 0.521)" _template="HeadLightRay" Scale="(1; 1; 2.5)">

                                    </Model>
                        </HeadLight>
                        <ReverseSignals>
                                    <Flare ParentFrame="BoneBackRot_cdt" Size="0.3" Pos="(-4.92; 1.488; 0.11)" _template="ReverseSignal">

                                    </Flare>
                                    <Flare ParentFrame="BoneBackRot_cdt" Size="0.3" Pos="(-4.92; 1.488; -0.11)" _template="ReverseSignal">

                                    </Flare>
                                    <Flare Color="g(220; 220; 255) x 0.05" ParentFrame="BoneBackRot_cdt" Pos="(-4.92; 1.488; 0)" Dir="(-1; 0; 0)" Size="0.4" _template="BlueStreak">

                                    </Flare>
                                    <Flare Size="0.2" _template="ReverseSignal" Pos="(1.457; 3.722; 0.43)">

                                    </Flare>
                                    <Flare Dir="(-1; 0; 0)" Size="0.6" _template="IgnitionSignalWhite" Pos="(1.457; 3.722; 0.43)">

                                    </Flare>
                                    <Flare Color="g(220; 220; 255) x 0.05" Pos="(1.457; 3.722; 0.43)" Dir="(-1; 0; 0)" Size="0.4" _template="BlueStreak">

                                    </Flare>
                                      <Light ParentFrame="BoneBackRot_cdt" _template="ReverseSignal" Pos="(-5; 1.488; 0)">

                                      </Light>
                                      <Light Pos="(1.457; 3.722; 0.43)" _template="ReverseSignal" Color="g(235; 220; 205) x 1.5">

                                      </Light>
                        </ReverseSignals>
      </ModelAttachments>
      <PhysicsModel Mesh="trucks/cat_745c">
                          <NetSync Legacy="false">

                          </NetSync>
                          <Body CenterOfMassOffset="(0; -0.5; 0)" ImpactType="Truck" NetSync="pv" Mass="7000">
                                  <Body NetSync="pv" ModelFrame="BoneBack_cdt" Mass="7000">
                                    <Constraint Name="ChassisSteer" Type="Hinge" MaxLimit="30" AxisLocal="(0; 1; 0)" MinLimit="-30">
                                        <Motor Type="Position" Damping="1.0" Tau="0.04" Force="135000">

                                        </Motor>
                                    </Constraint>
                                    <Body NetSync="pv" ModelFrame="BoneBackRot_cdt" Mass="6000">
                                          <Constraint MinLimit="-15" Type="Hinge" MaxLimit="15" AxisLocal="(1; 0; 0)">
                                              <Motor Spring="1400" Type="Spring" Damping="800.0">

                                              </Motor>
                                          </Constraint>
                                          <Body Collisions="None" ModelFrame="BoneSuspension_cdt" Mass="5000">
                                                <Constraint Type="Fixed">

                                                </Constraint>
                                          </Body>
                                    </Body>
                                  </Body>
                                  <Body _template="SideMirror" ModelFrame="BoneMirrorLeft_cdt">

                                  </Body>
                                  <Body _template="SideMirror" ModelFrame="BoneMirrorRight1_cdt">

                                  </Body>
                                  <Body _template="SideMirror" ModelFrame="BoneMirrorRight2_cdt">

                                  </Body>
                          </Body>
      </PhysicsModel>
  </Truck>
  <_templates Include="trucks">
        <Wheel>
            <RearWheel Torque="full" Location="rear" ConnectedToHandbrake="true">

            </RearWheel>
            <FrontWheel Location="front" Torque="default">

            </FrontWheel>
        </Wheel>
        <Body>
              <SideMirror Collisions="None" Mass="5">
                  <Constraint MinLimit="-15" Type="Hinge" MaxLimit="15" AxisLocal="(0; 1; 0)">
                      <Motor Spring="350" Type="Spring" Damping="3">

                      </Motor>
                  </Constraint>
              </SideMirror>
        </Body>
  </_templates>