  <Truck>
      <PhysicsModel Mesh="trucks/dan_96320">
          <NetSync Legacy="false">

          </NetSync>
          <Body CenterOfMassOffset="(2; 0; 0)" ImpactType="Truck" NetSync="pv" Mass="12000">
                <Body CenterOfMassOffset="(0; 0; 0)" ImpactType="Truck" NetSync="pv" ModelFrame="BoneCabin_cdt" Mass="3400">
                    <Constraint Type="Hinge" MaxLimit="15" PivotOffset="(0; 0; 0)" AxisLocal="(1; 0; 0)" MinLimit="-15">
                        <Motor Spring="240000" Type="Spring" Damping="24000">

                        </Motor>
                    </Constraint>
                        <Body _template="TieRod" ModelFrame="BoneTieRod_L_Hinge">
                          <Constraint Name="TieRodSteer1">

                          </Constraint>
                        </Body>
                        <Body _template="TieRod" ModelFrame="BoneTieRod_R_Hinge">
                          <Constraint Name="TieRodSteer2">

                          </Constraint>
                        </Body>
                        <Body _template="SideMirror" ModelFrame="BoneMirrorLeft_cdt">

                        </Body>
                        <Body _template="SideMirror" ModelFrame="BoneMirrorRight_cdt">

                        </Body>
                </Body>
          </Body>
      </PhysicsModel>
      <GameData Country="RU,CAS" ExcludeAddons="frame_addon_flatbed_2" Price="106800" UnlockByRank="1" UnlockByExploration="true">
            <CustomizationCameras>
                  <CameraPos Interior="true" Position="(8.242; 5.816; -0.742)" FOV="32.0" InterestPosition="(6.744; 2.69; -1.173)" Name="roof_sticker">

                  </CameraPos>
                  <CameraPos Interior="true" Position="(5.743; 2.129; -0.975)" FOV="32.0" InterestPosition="(8.97; 4.556; 2.113)" Name="sticker_1">

                  </CameraPos>
                  <CameraPos InterestPosition="(-0.993; 1.706; -0)" Name="addon_1" MaxXRotation="360" Position="(-9.636; 4.936; 4.823)" MaxZoom="2" FOV="32.0" MaxYRotation="360">

                  </CameraPos>
                  <CameraPos InterestPosition="(5.759; 2.49; 0)" Name="addon_2" MaxXRotation="360" Position="(10.793; 4.409; -3.424)" MaxZoom="2" FOV="32.0" MaxYRotation="360">

                  </CameraPos>
                  <CameraPos Interior="true" Position="(5.656; 2.342; -0.976)" FOV="32.0" InterestPosition="(9.707; 2.54; 1.939)" Name="mirror_mount">

                  </CameraPos>
                  <CameraPos InterestPosition="(5.601; 1.97; 0)" Name="side_r" MaxXRotation="360" Position="(3.352; 1.747; -7.216)" MaxZoom="2" FOV="32.0" MaxYRotation="360">

                  </CameraPos>
                  <CameraPos Interior="true" Position="(5.986; 2.463; -0.201)" FOV="32.0" InterestPosition="(8.668; 0.201; 1.837)" Name="sticker">

                  </CameraPos>
                  <CameraPos Interior="true" Position="(4.572; 2.066; 4.197)" FOV="32.0" InterestPosition="(7.658; 1.311; 0.792)" Name="door_r_sticker">

                  </CameraPos>
                  <CameraPos InterestPosition="(5.118; 1.554; 0)" Name="roof" MaxXRotation="360" Position="(-1.07; 4.773; -3.89)" MaxZoom="2" FOV="32.0" MaxYRotation="360">

                  </CameraPos>
                  <CameraPos Interior="true" Position="(11.268; 4.289; 0.903)" FOV="32.0" InterestPosition="(6.708; 2.133; -0.75)" Name="glass_sticker">

                  </CameraPos>
                  <CameraPos InterestPosition="(5.838; 1.818; 0)" Name="hoods" MaxXRotation="360" Position="(13.87; 1.285; -4.407)" MaxZoom="2" FOV="32.0" MaxYRotation="360">

                  </CameraPos>
                  <CameraPos Interior="true" Position="(5.221; 1.595; 0.03)" FOV="32.0" InterestPosition="(6.662; 0.61; 1.935)" Name="sticker_2">

                  </CameraPos>
                  <CameraPos InterestPosition="(2.672; 1.664; -0)" Name="side_l" MaxXRotation="360" Position="(0.252; 2.13; -5.376)" MaxZoom="2" FOV="32.0" MaxYRotation="360">

                  </CameraPos>
                  <CameraPos Interior="true" Position="(5.962; 2.361; -0.437)" FOV="32.0" InterestPosition="(9.442; 0.897; 1.844)" Name="bubble_head">

                  </CameraPos>
                  <CameraPos InterestPosition="(4.133; 0.669; -0)" Name="wheels" MaxXRotation="360" Position="(7.893; 1.697; -5.834)" MaxZoom="2" FOV="32.0" MaxYRotation="360">

                  </CameraPos>
                  <CameraPos InterestPosition="(5.838; 1.818; 0)" Name="default" MaxXRotation="360" Position="(13.87; 1.285; -4.407)" MaxZoom="2" FOV="32.0" MaxYRotation="360">

                  </CameraPos>
                  <CameraPos InterestPosition="(2.057; 1.117; 0)" Name="rear" MaxXRotation="360" Position="(-5.216; 1.658; 2.478)" MaxZoom="2" FOV="32.0" MaxYRotation="360">

                  </CameraPos>
                  <CameraPos Interior="true" Position="(4.484; 2.07; -4.234)" FOV="32.0" InterestPosition="(5.983; 1.426; -0.471)" Name="door_l_sticker">

                  </CameraPos>
                  <CameraPos Interior="true" Position="(8.767; 2.329; -1.466)" FOV="32.0" InterestPosition="(7.716; 2.014; -1.466)" Name="hood_ornament">

                  </CameraPos>
                  <CameraPos Interior="true" Position="(5.656; 2.342; -0.976)" FOV="32.0" InterestPosition="(9.707; 2.54; 1.939)" Name="curtain">

                  </CameraPos>
            </CustomizationCameras>
                <CraneSocket Pos="(6.916; 1.172; -0.543)" ParentFrame="BoneCabin_cdt">

                </CraneSocket>
                <CraneSocket Pos="(6.916; 1.172; 0.543)" ParentFrame="BoneCabin_cdt">

                </CraneSocket>
                <CraneSocket Pos="(3.392; 0.494; -0.339)" ParentFrame="BoneCabin_cdt">

                </CraneSocket>
                <CraneSocket Pos="(3.392; 0.494; 0.339)" ParentFrame="BoneCabin_cdt">

                </CraneSocket>
                <CraneSocket Pos="(-0.06; 0.494; -0.339)">

                </CraneSocket>
                <CraneSocket Pos="(-0.06; 0.494; 0.339)">

                </CraneSocket>
                <CraneSocket Pos="(-4.12; 1.019; -0.339)">

                </CraneSocket>
                <CraneSocket Pos="(-4.12; 1.019; 0.339)">

                </CraneSocket>
                  <AddonSockets>
                      <Socket Offset="(-2.63; 1.5; 0)" Names="Semitrailer, SemitrailerOiltank">

                      </Socket>
                      <Socket Offset="(-1.5; 1.7; 0)" Names="LargeSemitrailer, LargeSemitrailerOiltank">

                      </Socket>
                      <Socket Offset="(-4.21; 1; -0)" Names="Trailer">

                      </Socket>
                  </AddonSockets>
                  <AddonSockets>
                      <Socket Offset="(-5.; 1.184; 0)" Names="BunkLog">

                      </Socket>
                      <Socket Offset="(-2.63; 1.184; 0)" Names="SaddleLow">
                          <ExtraParent Offset="(0; 0; -0.03)" Frame="BoneChassis_cdt">

                          </ExtraParent>
                          <ExtraParent Offset="(0; 0; 0.03)" Frame="BoneChassis_cdt">

                          </ExtraParent>
                      </Socket>
                      <Socket Offset="(-1.5; 1.184; 0)" Names="SaddleHigh">
                          <ExtraParent Offset="(0; 0; -0.03)" Frame="BoneChassis_cdt">

                          </ExtraParent>
                          <ExtraParent Offset="(0; 0; 0.03)" Frame="BoneChassis_cdt">

                          </ExtraParent>
                      </Socket>
                      <Socket ParentFrame="BoneChassis_cdt" Offset="(-1.1; 1.42; 0)" Names="FrameAddonFlatbedDan96320">

                      </Socket>
                      <Socket ParentFrame="BoneChassis_cdt" Offset="(-1.1; 1.185; 0)" Names="FrameAddon">

                      </Socket>
                      <Socket ParentFrame="BoneChassis_cdt" Offset="(-2; 1.254; 0)" Names="FrameAddonTankDan96320">

                      </Socket>
                      <Socket ParentFrame="BoneChassis_cdt" Offset="(-1.2; 1.185; 0)" Names="FrameAddonKungDan96320">

                      </Socket>
                      <Socket NamesBlock="Dan96320WheelAddon" Names="BigCraneRu" ParentFrame="BoneChassis_cdt" Offset="(-1.9; 1.21; 0)">
                          <ExtraParent Offset="(0; -0.033; -0.03)" Frame="BoneChassis_cdt">

                          </ExtraParent>
                          <ExtraParent Offset="(0; -0.033; 0.03)" Frame="BoneChassis_cdt">

                          </ExtraParent>
                      </Socket>
                  </AddonSockets>
                  <AddonSockets>
                    <Socket ParentFrame="BoneCabin_cdt" Offset="(0; 0; 0)" Names="Dan96320WheelAddon">
                        <ExtraParent Frame="BoneChassis_cdt">

                        </ExtraParent>
                    </Socket>
                  </AddonSockets>
                  <AddonSockets DefaultAddon="dan_96320_beacon_default">
                    <Socket ParentFrame="BoneCabin_cdt" Offset="(0; 0; 0)" Names="Dan96320Beacon">

                    </Socket>
                  </AddonSockets>
                  <AddonSockets>
                    <Socket ParentFrame="BoneCabin_cdt" Offset="(0; 0; 0)" Names="Dan96320Bumper">

                    </Socket>
                  </AddonSockets>
                  <AddonSockets>
                    <Socket ParentFrame="BoneCabin_cdt" Offset="(0; 0; 0)" Names="Dan96320AirConditioner">

                    </Socket>
                  </AddonSockets>
                  <AddonSockets>
                    <Socket ParentFrame="BoneCabin_cdt" Offset="(0; 0; 0)" Names="Dan96320SpotLight">

                    </Socket>
                  </AddonSockets>
                  <AddonSockets>
                    <Socket ParentFrame="BoneCabin_cdt" Offset="(0; 0; 0)" Names="Dan96320Horn">

                    </Socket>
                  </AddonSockets>
                  <AddonSockets DefaultAddon="dan_96320_exhaust_default">
                    <Socket ParentFrame="BoneCabin_cdt" Offset="(0; 0; 0)" Names="Dan96320Exhaust">
                        <ExtraParent Frame="BoneChassis_cdt">

                        </ExtraParent>
                    </Socket>
                  </AddonSockets>
                  <AddonSockets>
                    <Socket Names="StuffDashboard" InCockpit="true" ParentFrame="BoneCabin_cdt" Offset="(6.409; 2.01; 0.13)">

                    </Socket>
                  </AddonSockets>
                  <AddonSockets>
                    <Socket ParentFrame="BoneCabin_cdt" InCockpit="true" Names="Dan96320Sticker_1x1_01">

                    </Socket>
                  </AddonSockets>
                  <AddonSockets>
                    <Socket ParentFrame="BoneCabin_cdt" InCockpit="true" Names="Dan96320Sticker_1x1_02">

                    </Socket>
                  </AddonSockets>
                  <AddonSockets>
                    <Socket ParentFrame="BoneCabin_cdt" InCockpit="true" Names="Dan96320Sticker_1x1_03">

                    </Socket>
                  </AddonSockets>
                  <AddonSockets>
                    <Socket ParentFrame="BoneCabin_cdt" InCockpit="true" Names="Dan96320Sticker_1x2_01">

                    </Socket>
                  </AddonSockets>
                  <AddonSockets>
                    <Socket ParentFrame="BoneCabin_cdt" InCockpit="true" Names="Dan96320Sticker_1x2_02">

                    </Socket>
                  </AddonSockets>
                  <AddonSockets>
                    <Socket ParentFrame="BoneCabin_cdt" InCockpit="true" Names="Dan96320Sticker_1x4_01">

                    </Socket>
                  </AddonSockets>
                  <AddonSockets>
                      <Socket Names="StuffAirfreshener" InCockpit="true" ParentFrame="BoneCabin_cdt" Offset="(6.216; 2.602; 0.507)">

                      </Socket>
                      <Socket ParentFrame="BoneCabin_cdt" InCockpit="true" Names="StuffCurtainDan96320">

                      </Socket>
                  </AddonSockets>
                  <AddonSockets>
                    <Socket ParentFrame="BoneCabin_cdt" InCockpit="true" Names="Dan96320Sticker_GlassTop">

                    </Socket>
                  </AddonSockets>
                  <AddonSockets>
                    <Socket ParentFrame="BoneCabin_cdt" InCockpit="true" Names="Dan96320Sticker_GlassBottom">

                    </Socket>
                  </AddonSockets>
                  <AddonSockets>
                    <Socket ParentFrame="BoneCabin_cdt" Names="Dan96320Sticker_Roof">

                    </Socket>
                  </AddonSockets>
                  <AddonSockets>
                    <Socket ParentFrame="BoneCabin_cdt" Names="Dan96320Sticker_Door_R">

                    </Socket>
                  </AddonSockets>
                  <AddonSockets>
                    <Socket ParentFrame="BoneCabin_cdt" InCockpit="true" Names="Dan96320Sticker_Door_L">

                    </Socket>
                  </AddonSockets>
                  <AddonSockets>
                    <Socket ParentFrame="BoneCabin_cdt" Names="StuffHoodDan96320">

                    </Socket>
                  </AddonSockets>
                    <WinchSocket Pos="(6.916; 1.172; -0.543)" ParentFrame="BoneCabin_cdt">

                    </WinchSocket>
                    <WinchSocket Pos="(6.916; 1.172; 0.543)" ParentFrame="BoneCabin_cdt">

                    </WinchSocket>
                    <WinchSocket Pos="(3.392; 0.494; -0.339)" ParentFrame="BoneCabin_cdt">

                    </WinchSocket>
                    <WinchSocket Pos="(3.392; 0.494; 0.339)" ParentFrame="BoneCabin_cdt">

                    </WinchSocket>
                    <WinchSocket Pos="(-0.06; 0.494; -0.339)">

                    </WinchSocket>
                    <WinchSocket Pos="(-0.06; 0.494; 0.339)">

                    </WinchSocket>
                    <WinchSocket Pos="(-4.12; 1.019; -0.339)">

                    </WinchSocket>
                    <WinchSocket Pos="(-4.12; 1.019; 0.339)">

                    </WinchSocket>
            <UiDesc UiDesc="UI_VEHICLE_DAN_96320_DESC" UiIcon30x30="heavyVehicleImg30" UiName="UI_VEHICLE_DAN_96320_NAME" UiIconLogo="DANLogo80" UiIcon40x40="heavyVehicleImg" UiIcon328x458="shopImgDan96320">

            </UiDesc>
      </GameData>
      <ControlledConstraints>
                <Constraint Name="TieRodSteer1" IsLinkedSteering="true" Id="chassis_steer">

                </Constraint>
                <Constraint Name="TieRodSteer2" IsLinkedSteering="true" Id="chassis_steer">

                </Constraint>
      </ControlledConstraints>
      <HeadLight _template="Default" Pos="(6.922; 1.131; 0)">

      </HeadLight>
      <TruckData EngineIconMesh="env/engine_big" EngineStartDelay="3.2" TruckType="HEAVY" ExhaustStartTime="2.8" SteerSpeed="0.018" TruckImage="DANmchr" DiffLockType="Always" Responsiveness="0.15" FuelCapacity="350" EngineIconScale="1" BackSteerSpeed="0.01">
                  <Driver ParentFrame="BoneCabin_cdt" SteeringWheelPos="(6.033; 2.045; 0.615)" Pos="(5.637; 1.716; 0.613)" AnimationSet="HeavyTruck">

                  </Driver>
                  <Shafts>
                          <Shaft SocketPointB="Shaft1b" SocketPointA="Shaft1a">

                          </Shaft>
                          <Shaft SocketPointB="Shaft2b" SocketPointA="Shaft2a">

                          </Shaft>
                          <Shaft SocketPointB="Shaft3b" SocketPointA="Shaft3a">

                          </Shaft>
                          <Shaft SocketPointB="Shaft4b" SocketPointA="Shaft4a">

                          </Shaft>
                  </Shafts>
                  <FuelTank DamageCapacity="100">

                  </FuelTank>
                  <Dashboard>
                              <Gauge Org="(6.258; 1.937; 0.876)" OutputAngles="(-70;0)" Mesh="trucks/arrows/dan_96320_arrow_03" Damping="0.9" InputRange="(0;1)" InputType="engineEnabled" Dir="(-0.522; 0.853; -0.003)">

                              </Gauge>
                              <Gauge Org="(6.209; 1.908; 0.876)" OutputAngles="(-145;-30)" Mesh="trucks/arrows/dan_96320_arrow_03" Damping="0.9" InputRange="(0;1)" InputType="engineEnabled" Dir="(-0.51; 0.86; 0.003)">

                              </Gauge>
                              <Gauge Org="(6.263; 1.946; 0.739)" OutputAngles="(-90;112)" Mesh="trucks/arrows/dan_96320_arrow_01" Damping="0.99" InputRange="(0;1)" InputType="rpm" Dir="(-0.51; 0.86; -0.001)">

                              </Gauge>
                              <Gauge Org="(6.263; 1.946; 0.539)" OutputAngles="(-140;135)" Mesh="trucks/arrows/dan_96320_arrow_01" Damping="0.9" InputRange="(0;160)" InputType="speed" Dir="(-0.51; 0.86; -0.001)">

                              </Gauge>
                              <Gauge Org="(6.235; 1.925; 0.25)" OutputAngles="(-143;-40)" Mesh="trucks/arrows/dan_96320_arrow_02" Damping="0.9" InputRange="(0;1)" InputType="engineEnabled" Dir="(-0.517; 0.856; 0.001)">

                              </Gauge>
                              <Gauge Org="(5.257; 2.386; 0.097)" OutputAngles="(140;150)" Mesh="trucks/arrows/dan_96320_arrow_04" Damping="0.9" InputRange="(0;1)" InputType="engineEnabled" Dir="(1; -0; 0)">

                              </Gauge>
                  </Dashboard>
                  <SoundsWheels _template="Default">

                  </SoundsWheels>
                  <GearboxSocket Default="g_special_default" Type="gearboxes_special">

                  </GearboxSocket>
                  <Steam Origin="(2.8; 1.4; 0)">

                  </Steam>
                  <Sounds DisableReversePitch="true" MinDist="15.0" _template="Default" Origin="(3.3; 1.5; 0)">
                                    <BrakesSqueal Sound="trucks/kolob_74760/kolob_74760_brakes_squeal">

                                    </BrakesSqueal>
                                    <AbruptStop Sound="trucks/common/truck_swing_big_rnd_set/truck_swing_big_rnd">

                                    </AbruptStop>
                                    <EngineLow Sound="trucks/dan_96320/dan_96320_low">

                                    </EngineLow>
                                    <EngineRev Sound="trucks/dan_96320/dan_96320_rev">

                                    </EngineRev>
                                    <EngineAccel Sound="trucks/dan_96320/dan_96320_acc">

                                    </EngineAccel>
                                    <Honk Sound="trucks/dan_96320/dan_96320_honk">

                                    </Honk>
                                    <EngineStop Sound="trucks/dan_96320/dan_96320_stop">

                                    </EngineStop>
                                    <Handbrake Sound="trucks/kolob_74760/kolob_74760_handbrake_on">

                                    </Handbrake>
                                    <EngineIdle_2d IsSound2D="true" Sound="trucks/dan_96320/dan_96320_idle_2d">

                                    </EngineIdle_2d>
                                    <EngineTrans Sound="trucks/dan_96320/dan_96320_turbo">

                                    </EngineTrans>
                                    <EngineHeavy_2d IsSound2D="true" Sound="trucks/dan_96320/dan_96320_heavy_2d">

                                    </EngineHeavy_2d>
                                                            <Reverse _inheritRemove="true">

                                                            </Reverse>
                                                            <Reverse Sound="trucks/cat_ct680/cat_ct680_back_beeper">

                                                            </Reverse>
                                    <EngineHigh_2d IsSound2D="true" Sound="trucks/dan_96320/dan_96320_high_2d">

                                    </EngineHigh_2d>
                                    <EngineIdle Sound="trucks/dan_96320/dan_96320_idle">

                                    </EngineIdle>
                                    <HandbrakeOff Sound="trucks/kolob_74760/kolob_74760_handbrake_off">

                                    </HandbrakeOff>
                                    <EngineHigh Sound="trucks/dan_96320/dan_96320_high">

                                    </EngineHigh>
                                    <EngineLow_2d IsSound2D="true" Sound="trucks/dan_96320/dan_96320_low_2d">

                                    </EngineLow_2d>
                                    <EngineHeavy Sound="trucks/dan_96320/dan_96320_heavy">

                                    </EngineHeavy>
                                    <BrakeRelease Sound="trucks/common/truck_brake_release_alt2_rnd_set/truck_brake_release_alt2_rnd">

                                    </BrakeRelease>
                                    <EngineStart Sound="trucks/dan_96320/dan_96320_start">

                                    </EngineStart>
                  </Sounds>
                                    <LimitedFluid Type="Box" SizeX="0.827" Center="(4.598; 1.936; -1.014)" SizeY="0.853" SizeZ="0.575">

                                    </LimitedFluid>
                                    <LimitedFluid Type="Box" SizeX="0.936" Center="(1.394; 0.862; -0.919)" SizeY="0.478" SizeZ="0.984">

                                    </LimitedFluid>
                  <SoundsDamage _template="Heavy">

                  </SoundsDamage>
                  <Shakers>
                                          <Shaker Frame="BoneGearstick" ParentFrame="BoneCabin_cdt" MaxAngle="(1; 1; 1)" MaxFrequency="0.1">

                                          </Shaker>
                  </Shakers>
                  <Camera Radius="1.2" Center="(0; 0; 0)">
                                            <Cockpit WindshieldShadingTexture="trucks/dan_96320_glass__sh_d.tga" WindshieldDiffuseTexture="trucks/dan_96320_glass__d_a.tga" _template="Default" ViewPos="(5.564; 2.447; 0.613)">
                                                  <Mirror FOVScale="2" Pos="(6.245; 2.277; 1.557)" ClipDir="(-0.908; -0.045; -0.418)" ReflectionDir="(-0.908; -0.045; -0.418)" Size="(0.22; 0.419)" ClipOffset="0.1" MeshFrame="mirror_left">

                                                  </Mirror>
                                                  <Mirror FOVScale="2" Pos="(6.313; 2.008; 1.571)" ClipDir="(-0.905; 0.089; -0.416)" ReflectionDir="(-0.905; 0.089; -0.416)" Size="(0.176; 0.176)" ClipOffset="0.1" MeshFrame="mirror_left_1">

                                                  </Mirror>
                                                  <Mirror FOVScale="2.5" Pos="(6.253; 2.296; -1.552)" ClipDir="(-0.809; -0.068; 0.584)" ReflectionDir="(-0.809; -0.068; 0.584)" Size="(0.22; 0.419)" ClipOffset="0.1" MeshFrame="mirror_right">

                                                  </Mirror>
                                                  <Mirror FOVScale="2.5" Pos="(6.317; 2.003; -1.563)" ClipDir="(-0.821; 0.035; 0.57)" ReflectionDir="(-0.821; 0.035; 0.57)" Size="(0.176; 0.176)" ClipOffset="0.1" MeshFrame="mirror_right_1">

                                                  </Mirror>
                                                <Rear ViewPosOffset="(0; -0.15; 0.7)">

                                                </Rear>
                                            </Cockpit>
                  </Camera>
                  <SuspensionSocket Default="dan_96320_suspension_default" Type="s_dan_96320" MaxWheelRadiusWithoutSuspension="1.62">

                  </SuspensionSocket>
                  <Wheels DefaultTire="allterrain_1" DefaultWheelType="wheels_heavy_single" DefaultRim="rim_2">
                                                  <Wheel _template="FrontWheel" Pos="(4.346; 0.612; 1.15)">

                                                  </Wheel>
                                                  <Wheel Pos="(4.346; 0.612; 1.15)" _template="FrontWheel" RightSide="true">

                                                  </Wheel>
                                                  <Wheel _template="RearWheel" Pos="(-0.806; 0.612; 1.15)">

                                                  </Wheel>
                                                  <Wheel Pos="(-0.806; 0.612; 1.15)" _template="RearWheel" RightSide="true">

                                                  </Wheel>
                                                  <Wheel _template="RearWheel" Pos="(-2.234; 0.612; 1.15)">

                                                  </Wheel>
                                                  <Wheel Pos="(-2.234; 0.612; 1.15)" _template="RearWheel" RightSide="true">

                                                  </Wheel>
                  </Wheels>
                  <Axles>
                                                    <Axle IsIndependent="true" Frame="BoneAxleL1">

                                                    </Axle>
                                                    <Axle IsIndependent="true" Frame="BoneAxleR1">

                                                    </Axle>
                                                    <Axle IsIndependent="true" Frame="BoneAxleL2">

                                                    </Axle>
                                                    <Axle IsIndependent="true" Frame="BoneAxleR2">

                                                    </Axle>
                                                    <Axle IsIndependent="true" Frame="BoneAxleL3">

                                                    </Axle>
                                                    <Axle IsIndependent="true" Frame="BoneAxleR3">

                                                    </Axle>
                  </Axles>
                  <Damage>
                                                      <DamageArea Max="(6; 1.74; 0.3)" Type="Engine" ParentFrame="BoneChassis_cdt" Min="(2.23; 0.93; -0.3)">

                                                      </DamageArea>
                                                      <DamageArea Max="(4; 0.9; 1.425)" Type="FuelTank" ParentFrame="BoneChassis_cdt" Min="(0.908; 0.4; -1.425)">

                                                      </DamageArea>
                  </Damage>
                  <OcclusionMap HalfSizeZ="2" MinX="-4.7" MaxX="7.5">

                  </OcclusionMap>
                  <EngineSocket Default="ru_special_engine_0" Type="e_ru_special">

                  </EngineSocket>
                  <WinchUpgradeSocket Default="w_heavy_trucks_default" IsUpgradable="true" Type="winches_heavy_trucks">

                  </WinchUpgradeSocket>
                  <SteeringWheel Frame="BoneSteering">

                  </SteeringWheel>
                  <CompatibleWheels Scale="0.65" Type="wheels_heavy_single">

                  </CompatibleWheels>
                  <SteeringRack RackHalfSizeZ="0.594" Frame="BoneRack" FrameSteerLeft="BoneRackL" FrameSteerRight="BoneRackR">

                  </SteeringRack>
      </TruckData>
      <Landmark Mesh="landmarks/dan_96320_01_lmk" MaxScale="3.8" MinScale="1.8">

      </Landmark>
      <AutomaticIK>
                        <IKBone ParentFrame="BoneCabin_cdt" ModelFrame="BoneBalancerTop1_R1">
                          <IKBone AttachToFrame="BoneAxleR1" AttachOffset="(0; 0; 0)" ModelFrame="BoneBalancerTop2_R1">
                              <IKJoint AxisLocal="(0; 0; 1)" Type="Hinge">

                              </IKJoint>
                          </IKBone>
                          <IKJoint AxisLocal="(0; 0; 1)" Type="Hinge">

                          </IKJoint>
                        </IKBone>
                        <IKBone ParentFrame="BoneCabin_cdt" ModelFrame="BoneBalancerTop1_L1">
                          <IKBone AttachToFrame="BoneAxleL1" AttachOffset="(0; 0; 0)" ModelFrame="BoneBalancerTop2_L1">
                              <IKJoint AxisLocal="(0; 0; 1)" Type="Hinge">

                              </IKJoint>
                          </IKBone>
                          <IKJoint AxisLocal="(0; 0; 1)" Type="Hinge">

                          </IKJoint>
                        </IKBone>
                        <IKBone ParentFrame="BoneChassis_cdt" ModelFrame="BoneBalancerTop1_R2">
                          <IKBone AttachToFrame="BoneAxleR2" AttachOffset="(0; 0; 0)" ModelFrame="BoneBalancerTop2_R2">
                              <IKJoint AxisLocal="(0; 0; 1)" Type="Hinge">

                              </IKJoint>
                          </IKBone>
                          <IKJoint AxisLocal="(0; 0; 1)" Type="Hinge">

                          </IKJoint>
                        </IKBone>
                        <IKBone ParentFrame="BoneChassis_cdt" ModelFrame="BoneBalancerTop1_L2">
                          <IKBone AttachToFrame="BoneAxleL2" AttachOffset="(0; 0; 0)" ModelFrame="BoneBalancerTop2_L2">
                              <IKJoint AxisLocal="(0; 0; 1)" Type="Hinge">

                              </IKJoint>
                          </IKBone>
                          <IKJoint AxisLocal="(0; 0; 1)" Type="Hinge">

                          </IKJoint>
                        </IKBone>
                        <IKBone ParentFrame="BoneChassis_cdt" ModelFrame="BoneBalancerTop1_R3">
                          <IKBone AttachToFrame="BoneAxleR3" AttachOffset="(0; 0; 0)" ModelFrame="BoneBalancerTop2_R3">
                              <IKJoint AxisLocal="(0; 0; 1)" Type="Hinge">

                              </IKJoint>
                          </IKBone>
                          <IKJoint AxisLocal="(0; 0; 1)" Type="Hinge">

                          </IKJoint>
                        </IKBone>
                        <IKBone ParentFrame="BoneChassis_cdt" ModelFrame="BoneBalancerTop1_L3">
                          <IKBone AttachToFrame="BoneAxleL3" AttachOffset="(0; 0; 0)" ModelFrame="BoneBalancerTop2_L3">
                              <IKJoint AxisLocal="(0; 0; 1)" Type="Hinge">

                              </IKJoint>
                          </IKBone>
                          <IKJoint AxisLocal="(0; 0; 1)" Type="Hinge">

                          </IKJoint>
                        </IKBone>
      </AutomaticIK>
                      <Snorkel Origin="(3.352; 2.679; -0.682)">

                      </Snorkel>
                      <Snorkel Origin="(2.862; 2.679; -0.682)">

                      </Snorkel>
      <ModelAttachments>
                          <StopSignals>
                                <Flare _template="StopSignal" Pos="(-3.577; 1.022; -1.078)">

                                </Flare>
                                <Flare _template="StopSignal" Pos="(-3.577; 1.022; 1.078)">

                                </Flare>
                                <Flare DirAngle="180" Size="0.3" _template="StopSignal" Pos="(-3.602; 1.023; -1.011)">

                                </Flare>
                                <Flare DirAngle="180" Size="0.3" _template="StopSignal" Pos="(-3.602; 1.023; 1.011)">

                                </Flare>
                                  <Light _template="StopSignal" Pos="(-3.685; 1.022; -1.078)">

                                  </Light>
                                  <Light _template="StopSignal" Pos="(-3.685; 1.022; 1.078)">

                                  </Light>
                          </StopSignals>
                          <Ignition>
                                  <Flare Color="g(255; 90; 0) x 0.5" ParentFrame="BoneCabin_cdt" Pos="(6.255; 2.717; -0.175)" DirAngle="180" Size="0.2" _template="MarkerBeacon">

                                  </Flare>
                                  <Flare Color="g(255; 0; 90) x 0.5" ParentFrame="BoneCabin_cdt" Pos="(6.255; 2.717; 0)" DirAngle="180" Size="0.2" _template="MarkerBeacon">

                                  </Flare>
                                  <Flare Color="g(255; 90; 0) x 0.5" ParentFrame="BoneCabin_cdt" Pos="(6.255; 2.717; 0.175)" DirAngle="180" Size="0.2" _template="MarkerBeacon">

                                  </Flare>
                                  <Flare ParentFrame="BoneCabin_cdt" _template="MarkerBeacon" Pos="(6.189; 2.823; -1.145)">

                                  </Flare>
                                  <Flare ParentFrame="BoneCabin_cdt" _template="MarkerBeacon" Pos="(6.189; 2.823; 1.145)">

                                  </Flare>
                                  <Flare ParentFrame="BoneCabin_cdt" Size=".4" Pos="(6.713; 1.131; -0.944)" _template="IgnitionSignalWhite">

                                  </Flare>
                                  <Flare ParentFrame="BoneCabin_cdt" Size=".4" Pos="(6.713; 1.131; 0.944)" _template="IgnitionSignalWhite">

                                  </Flare>
                                  <Flare ParentFrame="BoneCabin_cdt" Size=".1" Pos="(6.674; 1.068; -1.254)" _template="IgnitionSignalWhite">

                                  </Flare>
                                  <Flare ParentFrame="BoneCabin_cdt" Size=".1" Pos="(6.674; 1.068; 1.254)" _template="IgnitionSignalWhite">

                                  </Flare>
                                  <Flare ParentFrame="BoneCabin_cdt" DirAngle="180" Size="0.1" _template="IgnitionSignalOrange" Pos="(3.006; 1.42; -1.383)">

                                  </Flare>
                                  <Flare ParentFrame="BoneCabin_cdt" DirAngle="180" Size="0.1" _template="IgnitionSignalOrange" Pos="(3.006; 1.42; 1.383)">

                                  </Flare>
                                  <Flare _template="IgnitionSignalRed" Pos="(-3.577; 1.022; -1.078)">

                                  </Flare>
                                  <Flare _template="IgnitionSignalRed" Pos="(-3.577; 1.022; 1.078)">

                                  </Flare>
                                    <Light Color="g(253; 220; 186) x 1" ParentFrame="BoneCabin_cdt" _template="IgnitionSignalWhite" Pos="(6.7; 2.717; 1)">

                                    </Light>
                                    <Light Color="g(253; 220; 186) x 1" ParentFrame="BoneCabin_cdt" _template="IgnitionSignalWhite" Pos="(6.7; 2.717; -1)">

                                    </Light>
                                    <Light _template="IgnitionSignalRed" Pos="(-3.7; 1.022; 0)">

                                    </Light>
                          </Ignition>
                          <HeadLight>
                                    <Flare Color="g(225; 225; 225) x 0.6" AspectRatio="3" Pos="(6.323; 2.718; 0.768)" ParentFrame="BoneCabin_cdt" Size=".5" _template="HeadLight">

                                    </Flare>
                                    <Flare Color="g(225; 225; 225) x 0.6" AspectRatio="3" Pos="(6.323; 2.718; -0.768)" ParentFrame="BoneCabin_cdt" Size=".5" _template="HeadLight">

                                    </Flare>
                                    <Flare ParentFrame="BoneCabin_cdt" _template="LED" Pos="(6.323; 2.749; -0.879)">

                                    </Flare>
                                    <Flare ParentFrame="BoneCabin_cdt" _template="LED" Pos="(6.323; 2.749; -0.837)">

                                    </Flare>
                                    <Flare ParentFrame="BoneCabin_cdt" _template="LED" Pos="(6.323; 2.749; -0.79)">

                                    </Flare>
                                    <Flare ParentFrame="BoneCabin_cdt" _template="LED" Pos="(6.323; 2.749; -0.746)">

                                    </Flare>
                                    <Flare ParentFrame="BoneCabin_cdt" _template="LED" Pos="(6.323; 2.749; -0.697)">

                                    </Flare>
                                    <Flare ParentFrame="BoneCabin_cdt" _template="LED" Pos="(6.323; 2.749; -0.651)">

                                    </Flare>
                                    <Flare ParentFrame="BoneCabin_cdt" _template="LED" Pos="(6.323; 2.693; -0.879)">

                                    </Flare>
                                    <Flare ParentFrame="BoneCabin_cdt" _template="LED" Pos="(6.323; 2.693; -0.837)">

                                    </Flare>
                                    <Flare ParentFrame="BoneCabin_cdt" _template="LED" Pos="(6.323; 2.693; -0.79)">

                                    </Flare>
                                    <Flare ParentFrame="BoneCabin_cdt" _template="LED" Pos="(6.323; 2.693; -0.746)">

                                    </Flare>
                                    <Flare ParentFrame="BoneCabin_cdt" _template="LED" Pos="(6.323; 2.693; -0.697)">

                                    </Flare>
                                    <Flare ParentFrame="BoneCabin_cdt" _template="LED" Pos="(6.323; 2.693; -0.651)">

                                    </Flare>
                                    <Flare ParentFrame="BoneCabin_cdt" _template="LED" Pos="(6.323; 2.749; 0.879)">

                                    </Flare>
                                    <Flare ParentFrame="BoneCabin_cdt" _template="LED" Pos="(6.323; 2.749; 0.837)">

                                    </Flare>
                                    <Flare ParentFrame="BoneCabin_cdt" _template="LED" Pos="(6.323; 2.749; 0.79)">

                                    </Flare>
                                    <Flare ParentFrame="BoneCabin_cdt" _template="LED" Pos="(6.323; 2.749; 0.746)">

                                    </Flare>
                                    <Flare ParentFrame="BoneCabin_cdt" _template="LED" Pos="(6.323; 2.749; 0.697)">

                                    </Flare>
                                    <Flare ParentFrame="BoneCabin_cdt" _template="LED" Pos="(6.323; 2.749; 0.651)">

                                    </Flare>
                                    <Flare ParentFrame="BoneCabin_cdt" _template="LED" Pos="(6.323; 2.693; 0.879)">

                                    </Flare>
                                    <Flare ParentFrame="BoneCabin_cdt" _template="LED" Pos="(6.323; 2.693; 0.837)">

                                    </Flare>
                                    <Flare ParentFrame="BoneCabin_cdt" _template="LED" Pos="(6.323; 2.693; 0.79)">

                                    </Flare>
                                    <Flare ParentFrame="BoneCabin_cdt" _template="LED" Pos="(6.323; 2.693; 0.746)">

                                    </Flare>
                                    <Flare ParentFrame="BoneCabin_cdt" _template="LED" Pos="(6.323; 2.693; 0.697)">

                                    </Flare>
                                    <Flare ParentFrame="BoneCabin_cdt" _template="LED" Pos="(6.323; 2.693; 0.651)">

                                    </Flare>
                                    <Flare Color="g(255; 235; 200) x 0.7" AspectRatio="2" Pos="(6.713; 1.131; -0.944)" ParentFrame="BoneCabin_cdt" Size=".5" _template="HeadLight">

                                    </Flare>
                                    <Flare Color="g(255; 235; 200) x 0.7" AspectRatio="2" Pos="(6.713; 1.131; 0.944)" ParentFrame="BoneCabin_cdt" Size=".5" _template="HeadLight">

                                    </Flare>
                                    <Flare ParentFrame="BoneCabin_cdt" _template="BlueStreak" Pos="(6.713; 1.131; -0.944)">

                                    </Flare>
                                    <Flare ParentFrame="BoneCabin_cdt" _template="BlueStreak" Pos="(6.713; 1.131; 0.944)">

                                    </Flare>
                                      <Model Org="(6.713; 1.131; -0.944)" _template="HeadLightRay" ParentFrame="BoneCabin_cdt">

                                      </Model>
                                      <Model Org="(6.713; 1.131; 0.944)" _template="HeadLightRay" ParentFrame="BoneCabin_cdt">

                                      </Model>
                                      <Model Org="(6.323; 2.718; -0.768)" _template="HeadLightRay" ParentFrame="BoneCabin_cdt">

                                      </Model>
                                      <Model Org="(6.323; 2.718; 0.768)" _template="HeadLightRay" ParentFrame="BoneCabin_cdt">

                                      </Model>
                          </HeadLight>
                          <ReverseSignals>
                                      <Flare Size="0.3" _template="ReverseSignal" Pos="(-3.577; 1.022; -0.835)">

                                      </Flare>
                                      <Flare Size="0.3" _template="ReverseSignal" Pos="(-3.577; 1.022; 0.835)">

                                      </Flare>
                                      <Flare Color="g(220; 220; 255) x 0.05" Pos="(-3.577; 1.022; -0.835)" Dir="(-1; 0; 0)" Size="0.4" _template="BlueStreak">

                                      </Flare>
                                      <Flare Color="g(220; 220; 255) x 0.05" Pos="(-3.577; 1.022; 0.835)" Dir="(-1; 0; 0)" Size="0.4" _template="BlueStreak">

                                      </Flare>
                                    <Light _template="ReverseSignal" Pos="(-4.05; 0.796; 0)">

                                    </Light>
                          </ReverseSignals>
      </ModelAttachments>
  </Truck>
  <_templates Include="trucks">
        <Wheel>
            <RearWheel Torque="default" Location="rear" ConnectedToHandbrake="true">

            </RearWheel>
            <FrontWheel SteeringCastor="12" ParentFrame="BoneCabin_cdt" Torque="default" SteeringAngle="28" Location="front">

            </FrontWheel>
        </Wheel>
        <Body>
              <SideMirror Collisions="None" Mass="5">
                  <Constraint MinLimit="-15" Type="Hinge" MaxLimit="15" AxisLocal="(1; 0; 0)">
                      <Motor Spring="250" Type="Spring" Damping="5">

                      </Motor>
                  </Constraint>
              </SideMirror>
              <TieRod Mass="1">
                    <Constraint MinLimit="-15" Type="Hinge" MaxLimit="15" AxisLocal="(0; 1; 0)">
                        <Motor Type="Position" Damping="1.0" Tau="1" Force="6000">

                        </Motor>
                    </Constraint>
              </TieRod>
        </Body>
  </_templates>