  <Truck>
      <Landmark Mesh="landmarks/ford_clt9000_lmk" MaxScale="3.8" MinScale="1.8">

      </Landmark>
      <TruckData EngineIconMesh="env/engine_default" EngineStartDelay="0.8" TruckType="HIGHWAY" ExhaustStartTime="0.9" SteerSpeed="0.017" TruckImage="fordclt9000v2mchr" DiffLockType="Uninstalled" Responsiveness="0.2" FuelCapacity="280" EngineIconScale="1.3" BackSteerSpeed="0.01">
            <Driver ParentFrame="BoneCabinPrismatic_cdt" Pos="(3.166; 2.072; 0.793)" SteeringWheelPos="(3.551; 2.396; 0.788)">

            </Driver>
            <Shafts>
                    <Shaft SocketPointB="Shaft1b" SocketPointA="Shaft1a">

                    </Shaft>
                    <Shaft SocketPointB="Shaft2b" SocketPointA="Shaft2a">

                    </Shaft>
            </Shafts>
            <FuelTank DamageCapacity="50">

            </FuelTank>
            <Dashboard>
                        <Gauge Org="(3.822; 2.437; 1.031)" OutputAngles="(-50;90)" Mesh="trucks/arrows/ford_clt9000_arrow_01" Damping="0.9" InputRange="(0;1)" InputType="engineEnabled" Dir="(-2; 1; 0)">

                        </Gauge>
                        <Gauge Org="(3.822; 2.437; 0.963)" OutputAngles="(-120;80)" Mesh="trucks/arrows/ford_clt9000_arrow_01" Damping="0.9996" InputRange="(0;1)" InputType="engineEnabled" Dir="(-2; 1; 0)">

                        </Gauge>
                        <Gauge Org="(3.822; 2.437; 0.893)" OutputAngles="(-40;70)" Mesh="trucks/arrows/ford_clt9000_arrow_01" Damping="0.9" InputRange="(0;1)" InputType="engineEnabled" Dir="(-2; 1; 0)">

                        </Gauge>
                        <Gauge Org="(3.822; 2.437; 0.822)" OutputAngles="(-135;100)" Mesh="trucks/arrows/ford_clt9000_arrow_01" Damping="0.9" InputRange="(0;1)" InputType="engineEnabled" Dir="(-2; 1; 0)">

                        </Gauge>
                        <Gauge Org="(3.822; 2.437; 0.753)" OutputAngles="(-120;95)" Mesh="trucks/arrows/ford_clt9000_arrow_01" Damping="0.9997" InputRange="(0;1)" InputType="engineEnabled" Dir="(-2; 1; 0)">

                        </Gauge>
                        <Gauge Org="(3.822; 2.437; 0.683)" OutputAngles="(20;150)" Dir="(-2; 1; 0)" InputType="fuel" Mesh="trucks/arrows/ford_clt9000_arrow_01" InputRange="(0;1)">

                        </Gauge>
                        <Gauge Org="(3.822; 2.437; 0.613)" OutputAngles="(-85;100)" Dir="(-2; 1; 0)" InputType="none" Mesh="trucks/arrows/ford_clt9000_arrow_01" InputRange="(0;1)">

                        </Gauge>
                        <Gauge Org="(3.822; 2.438; 0.613)" OutputAngles="(-85;100)" Dir="(-2; 1; 0)" InputType="none" Mesh="trucks/arrows/ford_clt9000_arrow_01" InputRange="(0;1)">

                        </Gauge>
                        <Gauge Org="(3.822; 2.437; 0.545)" OutputAngles="(-85;100)" Dir="(-2; 1; 0)" InputType="none" Mesh="trucks/arrows/ford_clt9000_arrow_01" InputRange="(0;1)">

                        </Gauge>
                        <Gauge Org="(3.822; 2.438; 0.545)" OutputAngles="(-85;100)" Dir="(-2; 1; 0)" InputType="none" Mesh="trucks/arrows/ford_clt9000_arrow_01" InputRange="(0;1)">

                        </Gauge>
                        <Gauge Org="(3.791; 2.354; 0.859)" OutputAngles="(-135;100)" Mesh="trucks/arrows/ford_clt9000_arrow_02" Damping="0.5" InputRange="(0;1)" InputType="rpm" Dir="(-2; 1; 0)">

                        </Gauge>
                        <Gauge Org="(3.791; 2.354; 0.717)" OutputAngles="(-135;100)" Dir="(-2; 1; 0)" InputType="speed" Mesh="trucks/arrows/ford_clt9000_arrow_02" InputRange="(0;160)">

                        </Gauge>
                        <Gauge Org="(3.722; 2.438; 0.283)" OutputAngles="(-90;100)" Mesh="trucks/arrows/ford_clt9000_arrow_01" Damping="0.9994" InputRange="(0;1)" InputType="engineEnabled" Dir="(-0.626; 0.359; 0.692)">

                        </Gauge>
                        <Gauge Org="(3.666; 2.438; 0.233)" OutputAngles="(-90;100)" Mesh="trucks/arrows/ford_clt9000_arrow_01" Damping="0.9992" InputRange="(0;1)" InputType="engineEnabled" Dir="(-0.626; 0.359; 0.692)">

                        </Gauge>
                        <Gauge Org="(3.612; 2.438; 0.184)" OutputAngles="(20;110)" Mesh="trucks/arrows/ford_clt9000_arrow_01" Damping="0.9992" InputRange="(0;1)" InputType="engineEnabled" Dir="(-0.626; 0.359; 0.692)">

                        </Gauge>
            </Dashboard>
            <SoundsWheels _template="Default">

            </SoundsWheels>
            <GearboxSocket Default="g_truck_default" Type="gearboxes_trucks">

            </GearboxSocket>
                          <Steam Origin="(2.206; 0.946; 0)" ParentFrame="BoneCabin_cdt">

                          </Steam>
                          <Steam ParentFrame="BoneCabin_cdt" Origin="(3.753; 1.221; 0)" Scale="0.5">

                          </Steam>
            <Sounds DisableReversePitch="true" MinDist="10.0" Origin="(3.1; 1.55; 0)" ParentFrame="BoneCabin_cdt" AirHissInterval="12.0" _template="Default">
                              <AbruptStop Sound="trucks/common/truck_swing_big_rnd_set/truck_swing_big_rnd">

                              </AbruptStop>
                              <EngineLow Sound="trucks/ford_clt9000/ford_clt9000_low">

                              </EngineLow>
                              <EngineRev Sound="trucks/ford_clt9000/ford_clt9000_rev">

                              </EngineRev>
                              <EngineAccel Sound="trucks/ford_clt9000/ford_clt9000_acc">

                              </EngineAccel>
                              <Honk Sound="trucks/ford_clt9000/ford_clt9000_horn">

                              </Honk>
                              <EngineStop Sound="trucks/ford_clt9000/ford_clt9000_stop">

                              </EngineStop>
                              <EngineLow_2d IsSound2D="true" Sound="trucks/ford_clt9000/ford_clt9000_low_2d">

                              </EngineLow_2d>
                              <EngineHigh Sound="trucks/ford_clt9000/ford_clt9000_high">

                              </EngineHigh>
                              <EngineHeavy_2d IsSound2D="true" Sound="trucks/ford_clt9000/ford_clt9000_heavy_2d">

                              </EngineHeavy_2d>
                              <Reverse Sound="trucks/ws_6900xd_twin/ws_6900xd_twin_back_beeper">

                              </Reverse>
                              <EngineHigh_2d IsSound2D="true" Sound="trucks/ford_clt9000/ford_clt9000_high_2d">

                              </EngineHigh_2d>
                              <EngineIdle Sound="trucks/ford_clt9000/ford_clt9000_idle">

                              </EngineIdle>
                              <EngineStart Sound="trucks/ford_clt9000/ford_clt9000_start">

                              </EngineStart>
                              <EngineIdle_2d IsSound2D="true" Sound="trucks/ford_clt9000/ford_clt9000_idle_2d">

                              </EngineIdle_2d>
                              <EngineHeavy Sound="trucks/ford_clt9000/ford_clt9000_heavy">

                              </EngineHeavy>
                              <BrakeRelease Sound="trucks/ford_clt9000/ford_clt9000_brake_release">

                              </BrakeRelease>
                              <EngineTrans Sound="">

                              </EngineTrans>
            </Sounds>
            <Intake Size="1" Origin="(4.203; 1.441; 0)" Dir="(1; 0; 0)">

            </Intake>
            <SoundsDamage _template="Heavy">

            </SoundsDamage>
                                  <LimitedFluid Type="Cylinder" Center="(1.527; 0.579; 0.818)" LengthX="1.58" RadiusZ="0.37" RadiusY="0.37">

                                  </LimitedFluid>
                                  <LimitedFluid Type="Cylinder" Center="(1.527; 0.579; -0.818)" LengthX="1.58" RadiusZ="0.37" RadiusY="0.37">

                                  </LimitedFluid>
            <Camera ParentFrame="BoneCabin_cdt" Center="(-1.5; 0; 0)">
                                      <Cockpit WindshieldShadingTexture="trucks/ford_clt9000_glass__sh_d.tga" WindshieldDiffuseTexture="trucks/ford_clt9000_glass__d_a.tga" _template="Default" ViewPos="(3.069; 2.799; 0.752)">
                                            <Mirror FOVScale="2" Pos="(3.472; 2.726; 1.466)" ClipDir="(-0.902; 0; -0.431)" ReflectionDir="(-0.902; 0; -0.431)" Size="(0.193; 0.462)" ClipOffset="0.12" MeshFrame="mirror_left">
                                              <SecondaryView FOVScale="1" Pos="(3.397; 2.434; 1.478)" ClipDir="(-0.902; 0; -0.431)" Size="(0.219; 0.219)" CurveAngle="10" ClipOffset="0.1" MeshFrame="mirror_left_1">

                                              </SecondaryView>
                                            </Mirror>
                                            <Mirror FOVScale="2.5" Pos="(3.354; 2.726; -1.456)" ClipDir="(-0.764; 0; 0.645)" ReflectionDir="(-0.764; 0; 0.645)" Size="(0.193; 0.462)" ClipOffset="0.2" MeshFrame="mirror_right">
                                              <SecondaryView FOVScale="1.2" Pos="(3.265; 2.435; -1.427)" ClipDir="(-0.764; 0; 0.645)" Size="(0.219; 0.219)" CurveAngle="10" ClipOffset="0.2" MeshFrame="mirror_right_1">

                                              </SecondaryView>
                                            </Mirror>
                                          <Rear ViewPosOffset="(0.1; -0.1; 0.575)">

                                          </Rear>
                                      </Cockpit>
            </Camera>
            <SuspensionSocket Default="ford_clt_suspension_default" Type="s_ford_clt9000" MaxWheelRadiusWithoutSuspension="0.7">

            </SuspensionSocket>
            <Wheels DefaultTire="highway_1" DefaultWheelType="wheels_medium_double" DefaultRim="rim_1">
                                            <Wheel _template="FrontWheel" Pos="(3.529; 0.55; 1.007)">

                                            </Wheel>
                                            <Wheel Pos="(3.529; 0.55; 1.007)" _template="FrontWheel" RightSide="true">

                                            </Wheel>
                                            <Wheel _template="RearWheel" Pos="(-2.062; 0.55; 0.905)">

                                            </Wheel>
                                            <Wheel Pos="(-2.062; 0.55; 0.905)" _template="RearWheel" RightSide="true">

                                            </Wheel>
                                            <Wheel _template="RearWheel" Pos="(-3.381; 0.55; 0.905)">

                                            </Wheel>
                                            <Wheel Pos="(-3.381; 0.55; 0.905)" _template="RearWheel" RightSide="true">

                                            </Wheel>
            </Wheels>
            <Axles>
                                              <Axle Frame="BoneAxle1">

                                              </Axle>
                                              <Axle Frame="BoneAxle2">

                                              </Axle>
                                              <Axle Frame="BoneAxle3">

                                              </Axle>
            </Axles>
            <Damage>
                                                <DamageArea Max="(4.200; 2; 0.6)" Type="Engine" ParentFrame="BoneCabin_cdt" Min="(2.5; 0.52; -0.6)">

                                                </DamageArea>
                                                <DamageArea Max="(2.4; 1; 1.21)" Type="FuelTank" ParentFrame="BoneChassis_cdt" Min="(0.7; 0.2; -1.21)">

                                                </DamageArea>
            </Damage>
            <OcclusionMap HalfSizeZ="2" MinX="-4.462" MaxX="4.809">

            </OcclusionMap>
            <EngineSocket Default="us_truck_old_engine_0" Type="e_us_truck_old, e_us_truck_old_clt">

            </EngineSocket>
            <WinchUpgradeSocket Default="w_medium_trucks_default" IsUpgradable="true" Type="winches_medium_trucks">

            </WinchUpgradeSocket>
            <SteeringWheel Frame="BoneSteering">

            </SteeringWheel>
                                                      <CompatibleWheels Scale="0.50" Type="wheels_medium_double">

                                                      </CompatibleWheels>
                                                      <CompatibleWheels Scale="0.55" Type="wheels_medium_double">

                                                      </CompatibleWheels>
            <SteeringRack RackHalfSizeZ="0.8" Frame="BoneRack" FrameSteerLeft="BoneRackLeft" FrameSteerRight="BoneRackRight">

            </SteeringRack>
      </TruckData>
      <GameData Country="US" Price="26300" UnlockByRank="1" UnlockByExploration="false">
              <CustomizationCameras>
                    <CameraPos Interior="true" Position="(8.408; 5.903; -0.116)" FOV="32.0" InterestPosition="(3.371; -0.191; -0.371)" Name="roof_sticker">

                    </CameraPos>
                    <CameraPos Interior="true" Position="(5.997; 2.486; -1.060)" FOV="32.0" InterestPosition="(8.932; 4.601; 2.01)" Name="sticker_1">

                    </CameraPos>
                    <CameraPos InterestPosition="(1.007; 1.843; -0)" Name="addon_1" MaxXRotation="360" Position="(-7.665; 3.779; 7.017)" MaxZoom="2" FOV="32.0" MaxYRotation="360">

                    </CameraPos>
                    <CameraPos InterestPosition="(2.092; 0.416; -0)" Name="addon_2" MaxXRotation="360" Position="(0.323; 3.025; -4.631)" MaxZoom="2" FOV="32.0" MaxYRotation="360">

                    </CameraPos>
                    <CameraPos Interior="true" Position="(5.807; 3.045; -0.987)" FOV="32.0" InterestPosition="(10.18; 2.167; 2.615)" Name="mirror_mount">

                    </CameraPos>
                    <CameraPos InterestPosition="(5.601; 1.97; 0)" Name="side_r" MaxXRotation="360" Position="(3.352; 1.747; -7.216)" MaxZoom="2" FOV="32.0" MaxYRotation="360">

                    </CameraPos>
                    <CameraPos Interior="true" Position="(6.142; 3.001; 0.309)" FOV="32.0" InterestPosition="(10.18; 0.023; 2.76)" Name="sticker">

                    </CameraPos>
                    <CameraPos Interior="true" Position="(4.019; 2.313; 3.299)" FOV="32.0" InterestPosition="(7.103; 1.582; 0.665)" Name="door_r_sticker">

                    </CameraPos>
                    <CameraPos InterestPosition="(5.727; 2.091; 0)" Name="roof" MaxXRotation="360" Position="(0.191; 5.142; -4.634)" MaxZoom="2" FOV="32.0" MaxYRotation="360">

                    </CameraPos>
                    <CameraPos Interior="true" Position="(10.93; 3.574; 0.962)" FOV="32.0" InterestPosition="(7.351; 2.774; -0.758)" Name="glass_sticker">

                    </CameraPos>
                    <CameraPos InterestPosition="(5.997; 1.735; 0)" Name="hoods" MaxXRotation="360" Position="(13.57; 1.44; -3.425)" MaxZoom="2" FOV="32.0" MaxYRotation="360">

                    </CameraPos>
                    <CameraPos Interior="true" Position="(6.171; 2.697; -0.585)" FOV="32.0" InterestPosition="(10.261; 0.023; 3.221)" Name="sticker_3">

                    </CameraPos>
                    <CameraPos Interior="true" Position="(6.137; 2.424; -0.378)" FOV="32.0" InterestPosition="(8.504; 4.57; 3.021)" Name="sticker_2">

                    </CameraPos>
                    <CameraPos InterestPosition="(6.27; 2.279; 0)" Name="side_l" MaxXRotation="360" Position="(11.866; 5.284; -4.55)" MaxZoom="2" FOV="32.0" MaxYRotation="360">

                    </CameraPos>
                    <CameraPos Interior="true" Position="(6.149; 2.681; -0.009)" FOV="32.0" InterestPosition="(10.18; 1.238; 1.973)" Name="bubble_head">

                    </CameraPos>
                    <CameraPos InterestPosition="(5.855; 0.77; 0)" Name="wheels" MaxXRotation="360" Position="(8.851; 0.966; -4.483)" MaxZoom="2" FOV="32.0" MaxYRotation="360">

                    </CameraPos>
                    <CameraPos InterestPosition="(5.997; 1.735; 0)" Name="default" MaxXRotation="360" Position="(13.57; 1.44; -3.425)" MaxZoom="2" FOV="32.0" MaxYRotation="360">

                    </CameraPos>
                    <CameraPos InterestPosition="(0.479; 0.992; -0)" Name="rear" MaxXRotation="360" Position="(-5.767; 1.805; 2.899)" MaxZoom="2" FOV="32.0" MaxYRotation="360">

                    </CameraPos>
                    <CameraPos Interior="true" Position="(3.961; 2.295; -3.332)" FOV="32.0" InterestPosition="(5.338; 1.639; 0)" Name="door_l_sticker">

                    </CameraPos>
                    <CameraPos Interior="true" Position="(5.807; 3.045; -0.987)" FOV="32.0" InterestPosition="(10.18; 2.167; 2.615)" Name="curtain">

                    </CameraPos>
              </CustomizationCameras>
                  <CraneSocket Pos="(4.200; 0.757; 0.469)" ParentFrame="BoneCabin_cdt">

                  </CraneSocket>
                  <CraneSocket Pos="(4.200; 0.757; -0.469)" ParentFrame="BoneCabin_cdt">

                  </CraneSocket>
                  <CraneSocket Pos="(-4.181; 0.5; 0)">

                  </CraneSocket>
                  <CraneSocket Pos="(0.462; 0.655; 0.431)">

                  </CraneSocket>
                  <CraneSocket Pos="(0.462; 0.655; -0.431)">

                  </CraneSocket>
                    <AddonSockets>
                      <Socket ParentFrame="BoneChassis_cdt" Offset="(0; 0; 0)" Names="FordClt9000SpareWheel">
                          <ExtraParent Frame="BoneCabin_cdt">

                          </ExtraParent>
                      </Socket>
                    </AddonSockets>
                    <AddonSockets>
                        <Socket Offset="(-1.713; 1.479; 0)" Names="LargeSemitrailer, LargeSemitrailerOiltank">

                        </Socket>
                        <Socket Offset="(-2.713; 1.479; 0)" Names="Semitrailer, SemitrailerOiltank">

                        </Socket>
                        <Socket Offset="(-4.23; 0.51; 0.009)" Names="Trailer">

                        </Socket>
                    </AddonSockets>
                    <AddonSockets>
                        <Socket NamesBlock="FrameAddonKung, FrameAddonTank, FrameAddonMaintainer, FrameAddon, BigCraneUs, BigCraneRu" Names="MetalDetector" ParentFrame="BoneChassis_cdt" Offset="(0.385; -0.081; 0)">

                        </Socket>
                        <Socket Offset="(0.95; 0.97; 0)" NamesBlock="FrameAddonKung, FrameAddonTank" Names="MinicraneUS">

                        </Socket>
                    </AddonSockets>
                    <AddonSockets>
                        <Socket NamesBlock="MinicraneUS, MetalDetector, Trailer" Offset="(-0.45; 0.971; 0)" Names="FrameAddonTowPlatform">

                        </Socket>
                        <Socket Offset="(0.836; 0.976; 0)" NamesBlock="MetalDetector, MinicraneUS" Names="LogLift">

                        </Socket>
                        <Socket Offset="(-4.229; 0.976; 0)" NamesBlock="MinicraneUS, MetalDetector" Names="BunkLog">

                        </Socket>
                        <Socket Offset="(-0.874; 0.972; 0)" NamesBlock="MinicraneUS, MetalDetector" Names="FrameAddonLogShort">

                        </Socket>
                        <Socket Offset="(-2.71; 0.972; 0)" Names="SaddleLow1">
                            <ExtraParent Offset="(0; 0; 0.02)" Frame="BoneChassis_cdt">

                            </ExtraParent>
                            <ExtraParent Offset="(0; 0; -0.02)" Frame="BoneChassis_cdt">

                            </ExtraParent>
                        </Socket>
                        <Socket Offset="(-1.71; 0.972; 0)" Names="SaddleHigh">
                            <ExtraParent Offset="(0; 0; 0.02)" Frame="BoneChassis_cdt">

                            </ExtraParent>
                            <ExtraParent Offset="(0; 0; -0.02)" Frame="BoneChassis_cdt">

                            </ExtraParent>
                        </Socket>
                        <Socket ParentFrame="BoneChassis_cdt" Offset="(-0.95; 0.971; 0)" Names="FrameAddon">
                          <AddonsShift Types="MinicraneUS" Offset="(-1; 0; 0)">

                          </AddonsShift>
                        </Socket>
                        <Socket ParentFrame="BoneChassis_cdt" Offset="(-2.15; 1.050; 0)" Names="FrameAddonKung">
                            <ExtraParent Offset="(0; 0; -0.08)" Frame="BoneChassis_cdt">

                            </ExtraParent>
                            <ExtraParent Offset="(0; 0; 0.08)" Frame="BoneChassis_cdt">

                            </ExtraParent>
                        </Socket>
                        <Socket ParentFrame="BoneChassis_cdt" Offset="(-2; 0.971; 0)" Names="FrameAddonTank">

                        </Socket>
                        <Socket NamesBlock="MinicraneUS, Trailer" Names="FrameAddonMaintainer" ParentFrame="BoneChassis_cdt" Offset="(-1.81; -0.06; 0)">

                        </Socket>
                        <Socket Offset="(-2; 1.072; 0)" NamesBlock="MinicraneUS, FordClt9000Top" Names="BigCraneUs">
                            <ExtraParent Offset="(0; -0.1; 0)" Frame="BoneChassis_cdt">

                            </ExtraParent>
                            <ExtraParent Offset="(0; -0.1; 0)" Frame="BoneChassis_cdt">

                            </ExtraParent>
                        </Socket>
                    </AddonSockets>
                    <AddonSockets>
                        <Socket Offset="(0.5; -0.23 0)" Names="UsLoadLogsShort">

                        </Socket>
                        <Socket Offset="(0.5; -0.23 0)" Names="UsLoadLogsShortLoaderA">

                        </Socket>
                    </AddonSockets>
                    <AddonSockets DefaultAddon="ford_clt9000_bumper_default">
                      <Socket ParentFrame="BoneCabin_cdt" Offset="(0; 0; 0)" Names="FordClt9000Bumper">

                      </Socket>
                    </AddonSockets>
                    <AddonSockets DefaultAddon="ford_clt9000_front_default">
                      <Socket ParentFrame="BoneCabinPrismatic_cdt" Offset="(0; 0; 0)" Names="FordClt9000Front">

                      </Socket>
                    </AddonSockets>
                    <AddonSockets DefaultAddon="ford_clt9000_fender_front_default">
                      <Socket ParentFrame="BoneCabinPrismatic_cdt" Offset="(0; 0; 0)" Names="FordClt9000FenderFront">

                      </Socket>
                    </AddonSockets>
                    <AddonSockets DefaultAddon="ford_clt9000_exhaust_default">
                      <Socket ParentFrame="BoneCabin_cdt" Offset="(0; 0; 0)" Names="FordClt9000Exhaust">

                      </Socket>
                    </AddonSockets>
                    <AddonSockets DefaultAddon="ford_clt9000_rear_default">
                      <Socket ParentFrame="BoneChassis_cdt" Offset="(0; 0; 0)" Names="FordClt9000Rear">

                      </Socket>
                    </AddonSockets>
                    <AddonSockets>
                      <Socket ParentFrame="BoneCabinPrismatic_cdt" Offset="(0; 0; 0)" Names="FordClt9000Top">

                      </Socket>
                    </AddonSockets>
                    <AddonSockets>
                      <Socket ParentFrame="BoneCabinPrismatic_cdt" Offset="(0; 0; 0)" Names="FordClt9000FenderSide">

                      </Socket>
                    </AddonSockets>
                    <AddonSockets>
                      <Socket ParentFrame="BoneCabin_cdt" Offset="(0; 0; 0)" Names="FordClt9000Snorkel">

                      </Socket>
                    </AddonSockets>
                    <AddonSockets>
                      <Socket ParentFrame="BoneCabinPrismatic_cdt" Offset="(0; 0; 0)" Names="fordClt9000Sticker_Door_L">

                      </Socket>
                    </AddonSockets>
                    <AddonSockets>
                      <Socket ParentFrame="BoneCabinPrismatic_cdt" Offset="(0; 0; 0)" Names="fordClt9000Sticker_Door_R">

                      </Socket>
                    </AddonSockets>
                    <AddonSockets>
                      <Socket ParentFrame="BoneCabinPrismatic_cdt" Offset="(0; 0; 0)" Names="fordClt9000Sticker_Roof">

                      </Socket>
                    </AddonSockets>
                    <AddonSockets DefaultAddon="ford_clt9000_horn">
                      <Socket ParentFrame="BoneCabinPrismatic_cdt" Offset="(0; 0; 0)" Names="Ford_Clt9000Horn">

                      </Socket>
                    </AddonSockets>
                    <AddonSockets>
                      <Socket Names="StuffDashboard" InCockpit="true" ParentFrame="BoneCabinPrismatic_cdt" Offset="(3.944; 2.349; -0.172)">

                      </Socket>
                    </AddonSockets>
                    <AddonSockets>
                      <Socket Names="fordClt9000Sticker_1x1_01" InCockpit="true" ParentFrame="BoneCabinPrismatic_cdt" Offset="(0; 0; 0)">

                      </Socket>
                    </AddonSockets>
                    <AddonSockets>
                      <Socket Names="fordClt9000Sticker_1x1_02" InCockpit="true" ParentFrame="BoneCabinPrismatic_cdt" Offset="(0; 0; 0)">

                      </Socket>
                    </AddonSockets>
                    <AddonSockets>
                      <Socket Names="fordClt9000Sticker_1x1_03" InCockpit="true" ParentFrame="BoneCabinPrismatic_cdt" Offset="(0; 0; 0)">

                      </Socket>
                    </AddonSockets>
                    <AddonSockets>
                      <Socket Names="fordClt9000Sticker_1x2_01" InCockpit="true" ParentFrame="BoneSunshieldLeft_cdt" Offset="(0; 0; 0)">

                      </Socket>
                    </AddonSockets>
                    <AddonSockets>
                      <Socket Names="fordClt9000Sticker_1x2_02" InCockpit="true" ParentFrame="BoneSunshieldRight_cdt" Offset="(0; 0; 0)">

                      </Socket>
                    </AddonSockets>
                    <AddonSockets>
                      <Socket Names="fordClt9000Sticker_1x4_01" InCockpit="true" ParentFrame="BoneCabinPrismatic_cdt" Offset="(0; 0; 0)">

                      </Socket>
                    </AddonSockets>
                    <AddonSockets>
                      <Socket Names="fordClt9000Sticker_GlassTop" InCockpit="true" ParentFrame="BoneCabinPrismatic_cdt" Offset="(0; 0; 0)">

                      </Socket>
                    </AddonSockets>
                    <AddonSockets>
                      <Socket Names="fordClt9000Sticker_GlassBottom" InCockpit="true" ParentFrame="BoneCabinPrismatic_cdt" Offset="(0; 0; 0)">

                      </Socket>
                    </AddonSockets>
                    <AddonSockets>
                      <Socket Names="StuffAirfreshener" InCockpit="true" ParentFrame="BoneCabinPrismatic_cdt" Offset="(3.648; 3.081; 0.368)">

                      </Socket>
                    </AddonSockets>
                    <AddonSockets>
                      <Socket ParentFrame="BoneCabinPrismatic_cdt" InCockpit="true" Names="StuffCurtainFordClt9000">

                      </Socket>
                    </AddonSockets>
                    <AddonSockets DefaultAddon="zikz_5368_diff_lock_default">
                      <Socket ParentFrame="BoneChassis_cdt" Names="ZiKZ5368DiffLock" Offset="(0; 0; 0)">

                      </Socket>
                    </AddonSockets>
                      <WinchSocket Pos="(4.200; 0.757; 0.469)" ParentFrame="BoneCabin_cdt">

                      </WinchSocket>
                      <WinchSocket Pos="(4.200; 0.757; -0.469)" ParentFrame="BoneCabin_cdt">

                      </WinchSocket>
                      <WinchSocket Pos="(-4.181; 0.5; 0)">

                      </WinchSocket>
                      <WinchSocket Pos="(0.462; 0.655; 0.431)">

                      </WinchSocket>
                      <WinchSocket Pos="(0.462; 0.655; -0.431)">

                      </WinchSocket>
              <UiDesc UiDesc="UI_VEHICLE_FORD_CLT9000_DESC" UiIcon30x30="highwayVehicleImg30" UiName="UI_VEHICLE_FORD_CLT9000_NAME" UiIconLogo="FordLogoAlt80" UiIcon40x40="highwayVehicleImg" UiIcon328x458="shopImgFordCLT9000">

              </UiDesc>
      </GameData>
      <PhysicsModel Mesh="trucks/ford_clt9000">
                <NetSync Legacy="false">

                </NetSync>
                <Body CenterOfMassOffset="(-0.8; 0; 0)" ImpactType="Truck" NetSync="pv" ModelFrame="BoneChassis_cdt" Mass="4000">
                      <Body CenterOfMassOffset="(0.4; 0.7; 0)" ModelFrame="BoneCabin_cdt" ForceBodyParams="true" NetSync="pv" ImpactType="Truck" Mass="3000">
                          <Constraint Type="Hinge" MaxLimit="22" PivotOffset="(0; 0; 0)" AxisLocal="(1; 0; 0)" MinLimit="-22">
                              <Motor Spring="240000" Type="Spring" Damping="24000">

                              </Motor>
                          </Constraint>
                          <Body ModelFrame="BoneCabinPrismatic_cdt" Mass="150">
                                <Constraint MinLimit="-0.1" Type="Prismatic" MaxLimit="0.02" AxisLocal="(0; 1; 0)">
                                    <Motor Spring="80000" Type="Spring" Damping="3500">

                                    </Motor>
                                </Constraint>
                                    <Body LinearDamping="20" ModelFrame="BoneBeltPrismatic_cdt" Collisions="None" Mass=".3">
                                      <Constraint Type="Prismatic" MaxLimit="0.20" PivotOffset="(0; 0; 0)" AxisLocal="(1; 0; 0)" MinLimit="-0.07">
                                          <Motor Spring="500" Type="Spring" Damping="500">

                                          </Motor>
                                      </Constraint>
                                      <Body Collisions="None" ModelFrame="BoneBeltHinge_cdt" Mass="1">
                                            <Constraint Type="Hinge" MaxLimit="-2" PivotOffset="(0; 0; 0)" AxisLocal="(0; 1; 0)" MinLimit="-15">
                                                <Motor Spring="1" Type="Spring" Damping="1">

                                                </Motor>
                                            </Constraint>
                                      </Body>
                                    </Body>
                                    <Body _template="SideMirror" ModelFrame="BoneMirrorLeft_cdt">

                                    </Body>
                                    <Body _template="SideMirror" ModelFrame="BoneMirrorRight_cdt">

                                    </Body>
                                    <Body _template="Mudguard" ModelFrame="BoneLeftMudguard_cdt">
                                      <Constraint MaxLimit="22" AxisLocal="(1; 0; 0)" MinLimit="-5">

                                      </Constraint>
                                    </Body>
                                    <Body _template="Mudguard" ModelFrame="BoneRightMudguard_cdt">
                                      <Constraint MaxLimit="22" AxisLocal="(1; 0; 0)" MinLimit="-5">

                                      </Constraint>
                                    </Body>
                                    <Body _template="Mudguard" ModelFrame="BoneCabinTrinket01_cdt">
                                      <Constraint MaxLimit="50" AxisLocal="(0; 0; 1)" MinLimit="-50">

                                      </Constraint>
                                    </Body>
                                    <Body CenterOfMassOffset="(0; 0; 0)" ImpactType="Truck" ModelFrame="BoneSunshieldLeft_cdt" Mass="5">
                                      <Constraint Type="Hinge" MaxLimit="11" PivotOffset="(0; 0; 0)" AxisLocal="(0; 0; -1)" MinLimit="-11">
                                          <Motor Spring="100" Type="Spring" Damping="0.010">

                                          </Motor>
                                      </Constraint>
                                    </Body>
                                    <Body CenterOfMassOffset="(0; 0; 0)" ImpactType="Truck" ModelFrame="BoneSunshieldRight_cdt" Mass="5">
                                      <Constraint Type="Hinge" MaxLimit="11" PivotOffset="(0; 0; 0)" AxisLocal="(0; 0; -1)" MinLimit="-11">
                                          <Motor Spring="110" Type="Spring" Damping="0.011">

                                          </Motor>
                                      </Constraint>
                                    </Body>
                          </Body>
                      </Body>
                </Body>
      </PhysicsModel>
      <HeadLight ParentFrame="BoneCabin_cdt" _template="Default" Pos="(4.21; 0.864; 0)">

      </HeadLight>
      <ModelAttachments>
                    <HeadLight>
                          <Flare Color="g(255; 235; 205) x 0.6" Pos="(4.164; 1.255; 1.083)" ParentFrame="BoneCabin_cdt" Size=".3" _template="HeadLight">

                          </Flare>
                          <Flare Color="g(255; 235; 205) x 0.6" Pos="(4.164; 1.255; -1.083)" ParentFrame="BoneCabin_cdt" Size=".3" _template="HeadLight">

                          </Flare>
                          <Flare ParentFrame="BoneCabin_cdt" _template="BlueStreak" Pos="(4.164; 1.255; 1.083)">

                          </Flare>
                          <Flare ParentFrame="BoneCabin_cdt" _template="BlueStreak" Pos="(4.164; 1.255; -1.083)">

                          </Flare>
                            <Model Org="(4.164; 1.255; 1.083)" _template="HeadLightRay" ParentFrame="BoneCabin_cdt">

                            </Model>
                            <Model Org="(4.164; 1.255; -1.083)" _template="HeadLightRay" ParentFrame="BoneCabin_cdt">

                            </Model>
                    </HeadLight>
                    <Ignition>
                            <Flare Color="g(255; 165; 0) x 0.3" Pos="(3.835; 3.261; 0.22)" ParentFrame="BoneCabinPrismatic_cdt" Size="0.3" _template="MarkerBeacon">

                            </Flare>
                            <Flare Color="g(255; 165; 0) x 0.3" Pos="(3.835; 3.261; 0)" ParentFrame="BoneCabinPrismatic_cdt" Size="0.3" _template="MarkerBeacon">

                            </Flare>
                            <Flare Color="g(255; 165; 0) x 0.3" Pos="(3.835; 3.261; -0.218)" ParentFrame="BoneCabinPrismatic_cdt" Size="0.3" _template="MarkerBeacon">

                            </Flare>
                            <Flare Color="g(255; 165; 0) x 0.3" Pos="(3.768; 3.228; 1.053)" ParentFrame="BoneCabinPrismatic_cdt" Size="0.3" _template="MarkerBeacon">

                            </Flare>
                            <Flare Color="g(255; 165; 0) x 0.3" Pos="(3.768; 3.228; -1.052)" ParentFrame="BoneCabinPrismatic_cdt" Size="0.3" _template="MarkerBeacon">

                            </Flare>
                            <Flare ParentFrame="BoneCabin_cdt" Size=".25" Pos="(4.164; 1.255; 1.083)" _template="IgnitionSignalWhite">

                            </Flare>
                            <Flare ParentFrame="BoneCabin_cdt" Size=".25" Pos="(4.164; 1.255; -1.083)" _template="IgnitionSignalWhite">

                            </Flare>
                            <Flare ParentFrame="BoneCabin_cdt" Size=".25" Pos="(4.164; 1.121; 1.083)" _template="IgnitionSignalWhite">

                            </Flare>
                            <Flare ParentFrame="BoneCabin_cdt" Size=".25" Pos="(4.164; 1.121; -1.083)" _template="IgnitionSignalWhite">

                            </Flare>
                              <Light ParentFrame="BoneCabin_cdt" _template="IgnitionSignalWhite" Pos="(4.5; 1.013; 1.1)">

                              </Light>
                              <Light ParentFrame="BoneCabin_cdt" _template="IgnitionSignalWhite" Pos="(4.5; 1.013; -1.1)">

                              </Light>
                              <Light Pos="(-4.4; 1.025; -0)" _template="IgnitionSignalRed" Color="g(255; 10; 10) x 0.5">

                              </Light>
                    </Ignition>
      </ModelAttachments>
  </Truck>
  <_templates Include="trucks">
        <Wheel>
            <RearWheel Torque="default" Location="rear" ConnectedToHandbrake="true">

            </RearWheel>
            <FrontWheel SteeringCastor="8" ParentFrame="BoneCabin_cdt" Torque="none" SteeringAngle="40" Location="front">

            </FrontWheel>
        </Wheel>
        <Body>
              <SideMirror Collisions="None" Mass="5">
                  <Constraint MinLimit="-15" Type="Hinge" MaxLimit="15" AxisLocal="(0; 1; 0)">
                      <Motor Spring="250" Type="Spring" Damping="1">

                      </Motor>
                  </Constraint>
              </SideMirror>
        </Body>
  </_templates>