  <Truck>
      <PhysicsModel Mesh="trucks/freightliner_114sd">
          <NetSync Legacy="false">

          </NetSync>
          <Body CenterOfMassOffset="(0,0,0)" ImpactType="Truck" NetSync="pv" ModelFrame="BoneChassis_cdt" Mass="6000">
                <Body ImpactType="Truck" NetSync="pv" ModelFrame="BoneCabin_cdt" Mass="2000">
                    <Constraint CenterOfMassOffset="(.8,0,0)" Type="Hinge" MaxLimit="35" MinLimit="-35" AxisLocal="(1; 0; 0)">
                        <Motor Spring="250000" Type="Spring" Damping="25000">

                        </Motor>
                    </Constraint>
                        <Body _template="SideMirror" ModelFrame="BoneMirrorLeft_cdt">

                        </Body>
                        <Body _template="SideMirror" ModelFrame="BoneMirrorRight_cdt">

                        </Body>
                        <Body _template="Antenna" ModelFrame="BoneAntenna_cdt">

                        </Body>
                        <Body _template="BoneSunshield" ModelFrame="BoneSunshieldL_cdt">

                        </Body>
                        <Body _template="BoneSunshield" ModelFrame="BoneSunshieldR_cdt">

                        </Body>
                        <Body Collisions="None" ModelFrame="BoneRadioHinge_cdt" Mass="2">
                          <Constraint MinLimit="-50" Type="Hinge" MaxLimit="50" AxisLocal="(0; 0; 1)">
                              <Motor Spring=".7" Type="Spring" Damping="0.06">

                              </Motor>
                          </Constraint>
                          <Body Collisions="None" ModelFrame="BoneRadioPrismatic_cdt" Mass=".2">
                                <Constraint LinearLimitsZ="(-.05;0.05)" Type="Fixed" LinearLimitsY="(-.2;0.1)" LinearLimitsX="(-.01;0.01)">
                                    <Motor Spring="120" Type="Spring" Damping=".8">

                                    </Motor>
                                </Constraint>
                          </Body>
                        </Body>
                        <Body Collisions="None" ModelFrame="BoneWire_cdt" Mass="1">
                          <Constraint MinLimit="-30" Type="Hinge" MaxLimit="30" AxisLocal="(1; 0; 0)">
                              <Motor Spring="1" Type="Spring" Damping="0.02">

                              </Motor>
                          </Constraint>
                        </Body>
                        <Body _template="TieRod" ModelFrame="BoneTieRod_cdt">
                          <Constraint MinLimit="-25" Name="TieRodSteer" MaxLimit="25" AxisLocal="(0; 0; 1)">

                          </Constraint>
                        </Body>
                </Body>
          </Body>
      </PhysicsModel>
      <GameData Country="US" Price="76600" UnlockByRank="20" UnlockByExploration="false">
            <CustomizationCameras>
                  <CameraPos Interior="true" Position="(7.136; 5.531; -0.143)" FOV="32.0" InterestPosition="(3.659; 0.674; -0.675)" Name="roof_sticker">

                  </CameraPos>
                  <CameraPos Interior="true" Position="(5.073; 2.677; -0.63)" FOV="32.0" InterestPosition="(7.542; 0.795; 0.714)" Name="sticker_1">

                  </CameraPos>
                  <CameraPos InterestPosition="(-0.12; 1.869; -0)" Name="addon_1" MaxXRotation="360" Position="(-8.85; 3.855; 6.145)" MaxZoom="2" FOV="32.0" MaxYRotation="360">

                  </CameraPos>
                  <CameraPos InterestPosition="(3.476; 0.656; 0)" Name="addon_2" MaxXRotation="360" Position="(0.209; 2.865; -4.125)" MaxZoom="2" FOV="32.0" MaxYRotation="360">

                  </CameraPos>
                  <CameraPos Interior="true" Position="(4.704; 2.53; -0.81)" FOV="32.0" InterestPosition="(7.736; 2.817; 2.239)" Name="mirror_mount">

                  </CameraPos>
                  <CameraPos InterestPosition="(5.372; 1.621; 0)" Name="side_r" MaxXRotation="360" Position="(-1.007; 4.298; 3.905)" MaxZoom="2" FOV="32.0" MaxYRotation="360">

                  </CameraPos>
                  <CameraPos Interior="true" Position="(4.725; 2.4; 0.067)" FOV="32.0" InterestPosition="(8.303; 0.991; 2.893)" Name="sticker">

                  </CameraPos>
                  <CameraPos Interior="true" Position="(8.764; 2.82; 0.836)" FOV="32.0" InterestPosition="(5.023; 2.658; -0.916)" Name="glass_sticker">

                  </CameraPos>
                  <CameraPos Interior="true" Position="(4.069; 2.277; 3.068)" FOV="32.0" InterestPosition="(6.913; 1.068; 0)" Name="door_r_sticker">

                  </CameraPos>
                  <CameraPos InterestPosition="(5.115; 2.649; 0)" Name="roof" MaxXRotation="360" Position="(9.753; 4.835; -3.648)" MaxZoom="2" FOV="32.0" MaxYRotation="360">

                  </CameraPos>
                  <CameraPos Interior="true" Position="(8.686; 4.023; -0.748)" FOV="32.0" InterestPosition="(6.168; 1.291; -0.752)" Name="capote_sticker">

                  </CameraPos>
                  <CameraPos InterestPosition="(5.085; 1.623; 0)" Name="hoods" MaxXRotation="360" Position="(12.823; 1.44; -4.73)" MaxZoom="2" FOV="32.0" MaxYRotation="360">

                  </CameraPos>
                  <CameraPos Interior="true" Position="(5.221; 1.595; 0.03)" FOV="32.0" InterestPosition="(6.662; 0.61; 1.935)" Name="sticker_2">

                  </CameraPos>
                  <CameraPos InterestPosition="(5.851; 1.91; 0)" Name="side_l" MaxXRotation="360" Position="(8.807; 3.415; 4.942)" MaxZoom="2" FOV="32.0" MaxYRotation="360">

                  </CameraPos>
                  <CameraPos Interior="true" Position="(4.493; 2.935; -0.266)" FOV="32.0" InterestPosition="(6.729; 1.443; 1.343)" Name="bubble_head">

                  </CameraPos>
                  <CameraPos InterestPosition="(3.95; 1.133; -0)" Name="wheels" MaxXRotation="360" Position="(-4.774; 2.216; -5.854)" MaxZoom="2" FOV="32.0" MaxYRotation="360">

                  </CameraPos>
                  <CameraPos InterestPosition="(5.085; 1.623; 0)" Name="default" MaxXRotation="360" Position="(12.823; 1.44; -4.73)" MaxZoom="2" FOV="32.0" MaxYRotation="360">

                  </CameraPos>
                  <CameraPos InterestPosition="(0.479; 0.992; -0)" Name="rear" MaxXRotation="360" Position="(-5.767; 1.805; 2.899)" MaxZoom="2" FOV="32.0" MaxYRotation="360">

                  </CameraPos>
                  <CameraPos Interior="true" Position="(4.076; 2.159; -3.081)" FOV="32.0" InterestPosition="(4.856; 1.388; 0)" Name="door_l_sticker">

                  </CameraPos>
                  <CameraPos Interior="true" Position="(8.557; 2.245; -1.231)" FOV="32.0" InterestPosition="(7.506; 1.929; -1.231)" Name="hood_ornament">

                  </CameraPos>
                  <CameraPos Interior="true" Position="(4.704; 2.53; -0.81)" FOV="32.0" InterestPosition="(7.736; 2.817; 2.239)" Name="curtain">

                  </CameraPos>
            </CustomizationCameras>
                <CraneSocket Pos="(4.427; 0.882; 0.544)" ParentFrame="BoneCabin_cdt">

                </CraneSocket>
                <CraneSocket Pos="(4.427; 0.882; -0.544)" ParentFrame="BoneCabin_cdt">

                </CraneSocket>
                <CraneSocket Pos="(0.719; 1.005; 0.46)">

                </CraneSocket>
                <CraneSocket Pos="(0.719; 1.005; -0.46)">

                </CraneSocket>
                <CraneSocket Pos="(-4.201; 0.968; 0)">

                </CraneSocket>
                  <AddonSockets>
                    <Socket ParentFrame="BoneChassis_cdt" Offset="(0; 0; 0)" Names="Freightliner114sdSpareWheel">
                        <ExtraParent Frame="BoneCabin_cdt">

                        </ExtraParent>
                    </Socket>
                  </AddonSockets>
                  <AddonSockets>
                      <Socket Offset="(-2.55; 1.46; 0)" Names="Semitrailer, SemitrailerOiltank">

                      </Socket>
                      <Socket Offset="(-1.55; 1.66; 0)" Names="LargeSemitrailer, LargeSemitrailerOiltank">

                      </Socket>
                      <Socket Offset="(-4.268; 0.968; 0)" NamesBlock="FrameAddonSeismicVibrator" Names="Trailer">

                      </Socket>
                  </AddonSockets>
                  <AddonSockets>
                      <Socket NamesBlock="MinicraneUS, MetalDetector" Offset="(-5.304; 1.124; 0)" Names="BunkLog">

                      </Socket>
                      <Socket Offset="(-1; 1.144; 0)" NamesBlock="MinicraneUS, MetalDetector" Names="FrameAddonLogShort">

                      </Socket>
                      <Socket Offset="(-1.06; 1.144; 0)" NamesBlock="MinicraneUS, MetalDetector" Names="FrameAddonLogMedium">

                      </Socket>
                      <Socket Offset="(-2.55; 1.14; 0)" Names="SaddleLow">
                          <ExtraParent Offset="(0; 0; -0.01)" Frame="BoneChassis_cdt">

                          </ExtraParent>
                          <ExtraParent Offset="(0; 0; 0.01)" Frame="BoneChassis_cdt">

                          </ExtraParent>
                      </Socket>
                      <Socket Offset="(-1.55; 1.14; 0)" Names="SaddleHigh">
                          <ExtraParent Offset="(0; 0; -0.01)" Frame="BoneChassis_cdt">

                          </ExtraParent>
                          <ExtraParent Offset="(0; 0; 0.01)" Frame="BoneChassis_cdt">

                          </ExtraParent>
                      </Socket>
                      <Socket Offset="(-1.25; 1.14; 0)" Names="FrameAddon">
                        <AddonsShift Types="MinicraneUS" Offset="(-0.85; 0; 0)">

                        </AddonsShift>
                      </Socket>
                      <Socket Offset="(-0.6; 1.14; 0)" NamesBlock="MinicraneUS, MetalDetector, Trailer" Names="FrameAddonTowPlatform">

                      </Socket>
                      <Socket ParentFrame="BoneChassis_cdt" Offset="(-2; 1.22; 0)" Names="FrameAddonKung">
                          <ExtraParent Offset="(0; 0; -0.08)" Frame="BoneChassis_cdt">

                          </ExtraParent>
                          <ExtraParent Offset="(0; 0; 0.08)" Frame="BoneChassis_cdt">

                          </ExtraParent>
                      </Socket>
                      <Socket Offset="(-2.05; 1.149; 0)" Names="FrameAddonTank">

                      </Socket>
                      <Socket NamesBlock="Trailer" Names="FrameAddonSeismicVibrator" ParentFrame="BoneChassis_cdt" Offset="(0.578; 1.149; 0)">

                      </Socket>
                      <Socket Offset="(-1.7; 1.25; 0)" NamesBlock="Freightliner114sdSpareWheel" Names="BigCraneUs">
                          <ExtraParent Offset="(0; -0.1; 0)" Frame="BoneChassis_cdt">

                          </ExtraParent>
                          <ExtraParent Offset="(0; -0.1; 0)" Frame="BoneChassis_cdt">

                          </ExtraParent>
                      </Socket>
                      <Socket NamesBlock="MetalDetector, MinicraneUS, Freightliner114sdSpareWheel" Offset="(0.934; 1.144; 0)" Names="LogLift">

                      </Socket>
                      <Socket NamesBlock="Trailer, MinicraneUS" Names="FrameAddonMaintainer" ParentFrame="BoneChassis_cdt" Offset="(-2.05; 0.115; 0)">

                      </Socket>
                  </AddonSockets>
                  <AddonSockets>
                      <Socket NamesBlock="SemitrailerOiltank, FrameAddonSeismicVibrator, FrameAddonKung, FrameAddonTank, FrameAddonMaintainer, FrameAddon, BigCraneUs, BigCraneRu, SaddleHigh" Names="MetalDetector" ParentFrame="BoneChassis_cdt" Offset="(-0.632; 0.092; 0)">

                      </Socket>
                      <Socket Offset="(0.8; 1.15; 0)" NamesBlock="BigCraneUs, FrameAddonKung, FrameAddonTank, FrameAddonSeismicVibrator" Names="MinicraneUS">
                          <ExtraParent Offset="(0; 0; -0.03)" Frame="BoneChassis_cdt">

                          </ExtraParent>
                          <ExtraParent Offset="(0; 0; 0.03)" Frame="BoneChassis_cdt">

                          </ExtraParent>
                      </Socket>
                  </AddonSockets>
                  <AddonSockets DefaultAddon="freightliner_114sd_transferbox_default">
                    <Socket ParentFrame="BoneCabin_cdt" Offset="(0; 0; 0)" Names="Freightliner114SdTransferBox">
                          <ExtraParent Frame="BoneAxle1">

                          </ExtraParent>
                          <ExtraParent Frame="BoneRack">

                          </ExtraParent>
                          <ExtraParent Frame="BoneChassis_cdt">

                          </ExtraParent>
                    </Socket>
                  </AddonSockets>
                  <AddonSockets DefaultAddon="freightliner_114sd_horn_default">
                    <Socket _template="Cabin2Chassis" Names="Freightliner114SdHorn">

                    </Socket>
                  </AddonSockets>
                  <AddonSockets DefaultAddon="freightliner_114sd_visor_default">
                    <Socket _template="Cabin2Chassis" Names="Freightliner114SdVisor">

                    </Socket>
                  </AddonSockets>
                  <AddonSockets DefaultAddon="freightliner_114sd_bumper_default">
                    <Socket ParentFrame="BoneCabin_cdt" Offset="(0; 0; 0)" Names="Freightliner114SdBumper">

                    </Socket>
                  </AddonSockets>
                  <AddonSockets>
                      <Socket _template="Cabin2Chassis" Names="Freightliner114SdSpotlight1">

                      </Socket>
                      <Socket _template="Cabin2Chassis" Names="Freightliner114SdSpotlight2">

                      </Socket>
                  </AddonSockets>
                  <AddonSockets>
                    <Socket _template="Cabin2Chassis" Names="Freightliner114SdConditioner">

                    </Socket>
                  </AddonSockets>
                  <AddonSockets>
                      <Socket NamesBlock="Freightliner114SdSpotlight1" _template="Cabin2Chassis" Names="Freightliner114SdBeacon1">

                      </Socket>
                      <Socket NamesBlock="Freightliner114SdConditioner, Freightliner114SdSpotlight1, Freightliner114SdSpotlight2" _template="Cabin2Chassis" Names="Freightliner114SdBeacon2">

                      </Socket>
                  </AddonSockets>
                  <AddonSockets>
                    <Socket _template="Cabin2Chassis" Names="Freightliner114SdSnorkel">

                    </Socket>
                  </AddonSockets>
                  <AddonSockets DefaultAddon="freightliner_114sd_exhaust_default">
                    <Socket _template="Cabin2Chassis" Names="Freightliner114SdExhaust">

                    </Socket>
                  </AddonSockets>
                  <AddonSockets DefaultAddon="freightliner_114sd_diff_lock_default">
                    <Socket ParentFrame="BoneChassis_cdt" Offset="(0; 0; 0)" Names="Freightliner114SDDiffLock">

                    </Socket>
                  </AddonSockets>
                  <AddonSockets>
                    <Socket InCockpit="true" _template="Cabin2Chassis" Names="freightliner114SdSticker_1x1_01">

                    </Socket>
                  </AddonSockets>
                  <AddonSockets>
                    <Socket InCockpit="true" _template="Cabin2Chassis" Names="freightliner114SdSticker_1x1_02">

                    </Socket>
                  </AddonSockets>
                  <AddonSockets>
                    <Socket InCockpit="true" _template="Cabin2Chassis" Names="freightliner114SdSticker_1x1_03">

                    </Socket>
                  </AddonSockets>
                  <AddonSockets>
                    <Socket InCockpit="true" _template="Cabin2Chassis" Names="freightliner114SdSticker_1x2_01">

                    </Socket>
                  </AddonSockets>
                  <AddonSockets>
                    <Socket InCockpit="true" _template="Cabin2Chassis" Names="freightliner114SdSticker_1x2_02">

                    </Socket>
                  </AddonSockets>
                  <AddonSockets>
                    <Socket InCockpit="true" _template="Cabin2Chassis" Names="freightliner114SdSticker_1x4_01">

                    </Socket>
                  </AddonSockets>
                  <AddonSockets>
                    <Socket InCockpit="true" _template="Cabin2Chassis" Names="freightliner114SdSticker_GlassTop">

                    </Socket>
                  </AddonSockets>
                  <AddonSockets>
                    <Socket InCockpit="true" _template="Cabin2Chassis" Names="freightliner114SdSticker_GlassBottom">

                    </Socket>
                  </AddonSockets>
                  <AddonSockets>
                    <Socket _template="Cabin2Chassis" Names="freightliner114SdSticker_Door_L">

                    </Socket>
                  </AddonSockets>
                  <AddonSockets>
                    <Socket _template="Cabin2Chassis" Names="freightliner114SdSticker_Door_R">

                    </Socket>
                  </AddonSockets>
                  <AddonSockets>
                    <Socket _template="Cabin2Chassis" Names="freightliner114SdSticker_Roof">

                    </Socket>
                  </AddonSockets>
                  <AddonSockets>
                    <Socket _template="Cabin2Chassis" Names="freightliner114SdSticker_Capote">

                    </Socket>
                  </AddonSockets>
                  <AddonSockets>
                      <Socket Names="StuffAirfreshener" InCockpit="true" _template="Cabin2Chassis" Offset="(2.613; 2.803; 0.179)">

                      </Socket>
                      <Socket InCockpit="true" _template="Cabin2Chassis" Names="StuffCurtainFreightliner114Sd">

                      </Socket>
                  </AddonSockets>
                  <AddonSockets>
                    <Socket _template="Cabin2Chassis" Names="StuffHoodFreightliner114Sd">

                    </Socket>
                  </AddonSockets>
                  <AddonSockets>
                    <Socket UpDir="(0.281; 0.947; -0.155)" Names="StuffDashboard" InCockpit="true" Dir="(0.492; -0.003; 0.871)" _template="Cabin2Chassis" Offset="(2.641; 2.298; -0.089)">

                    </Socket>
                  </AddonSockets>
                    <WinchSocket Pos="(4.427; 0.882; 0.544)" ParentFrame="BoneCabin_cdt">

                    </WinchSocket>
                    <WinchSocket Pos="(4.427; 0.882; -0.544)" ParentFrame="BoneCabin_cdt">

                    </WinchSocket>
                    <WinchSocket Pos="(0.719; 1.005; 0.46)">

                    </WinchSocket>
                    <WinchSocket Pos="(0.719; 1.005; -0.46)">

                    </WinchSocket>
                    <WinchSocket Pos="(-4.201; 0.968; 0)">

                    </WinchSocket>
            <UiDesc UiDesc="UI_VEHICLE_FREIGHTLINER_114SD_DESC" UiIcon30x30="offroadVehicleImg30" UiName="UI_VEHICLE_FREIGHTLINER_114SD_NAME" UiIconLogo="FreightlinerLogo80" UiIcon40x40="offroadVehicleImg" UiIcon328x458="shopImgFreightliner114sd">

            </UiDesc>
      </GameData>
      <ControlledConstraints>
              <Constraint Name="TieRodSteer" IsLinkedSteering="true" Id="chassis_steer">

              </Constraint>
      </ControlledConstraints>
      <HeadLight ParentFrame="BoneCabin_cdt" _template="Default" Pos="(4.1; 1.339; 0)">

      </HeadLight>
      <Landmark Mesh="landmarks/freightliner_114sd_01_lmk" MaxScale="3.8" MinScale="1.8">

      </Landmark>
      <AutomaticIK>
                    <IKBone ParentFrame="BoneTieRod_cdt" ModelFrame="BoneTieRodHinge2">
                        <IKBone AttachToFrame="BoneRackLeft" AttachOffset="(0; 0; 0)" ModelFrame="BoneTieRodPrismatic">
                            <IKJoint AxisLocal="(1; 0; 0)" Type="Slider">

                            </IKJoint>
                        </IKBone>
                        <IKJoint AxisLocal="(1; 0; 0)" Type="Hinge2">

                        </IKJoint>
                    </IKBone>
      </AutomaticIK>
      <ModelAttachments>
                      <StopSignals>
                            <Flare _template="StopSignal" Pos="(-4.007; 0.743; 0.404)">

                            </Flare>
                            <Flare _template="StopSignal" Pos="(-4.007; 0.743; -0.404)">

                            </Flare>
                          <Light _template="StopSignal" Pos="(-4.05; 0.743; 0)">

                          </Light>
                      </StopSignals>
                      <Ignition>
                              <Flare ParentFrame="BoneCabin_cdt" Size="0.3" Pos="(3.978; 1.361; -1.14)" _template="Beacon">

                              </Flare>
                              <Flare ParentFrame="BoneCabin_cdt" Size="0.3" Pos="(3.978; 1.361; 1.14)" _template="Beacon">

                              </Flare>
                              <Flare ParentFrame="BoneCabin_cdt" Size="0.4" Pos="(2.482; 2.944; -0.682)" _template="MarkerBeacon">

                              </Flare>
                              <Flare ParentFrame="BoneCabin_cdt" Size="0.4" Pos="(2.482; 2.944; 0.682)" _template="MarkerBeacon">

                              </Flare>
                              <Flare ParentFrame="BoneCabin_cdt" Size="0.4" Pos="(2.529; 2.944; -0.28)" _template="MarkerBeacon">

                              </Flare>
                              <Flare ParentFrame="BoneCabin_cdt" Size="0.4" Pos="(2.529; 2.944; 0.28)" _template="MarkerBeacon">

                              </Flare>
                              <Flare ParentFrame="BoneCabin_cdt" Size="0.4" Pos="(2.529; 2.944; 0)" _template="MarkerBeacon">

                              </Flare>
                              <Flare ParentFrame="BoneCabin_cdt" Size="0.5" Pos="(3.261; 1.478; -1.257)" _template="MarkerBeacon">

                              </Flare>
                              <Flare ParentFrame="BoneCabin_cdt" Size="0.5" Pos="(3.261; 1.478; 1.257)" _template="MarkerBeacon">

                              </Flare>
                              <Flare ParentFrame="BoneCabin_cdt" Size=".25" Pos="(3.988; 1.339; 1.027)" _template="IgnitionSignalWhite">

                              </Flare>
                              <Flare ParentFrame="BoneCabin_cdt" Size=".25" Pos="(3.988; 1.339; -1.027)" _template="IgnitionSignalWhite">

                              </Flare>
                              <Flare _template="IgnitionSignalRed" Pos="(-4.007; 0.743; 0.404)">

                              </Flare>
                              <Flare _template="IgnitionSignalRed" Pos="(-4.007; 0.743; -0.404)">

                              </Flare>
                                <Light ParentFrame="BoneCabin_cdt" _template="IgnitionSignalWhite" Pos="(5.156; 1.013; 0.9)">

                                </Light>
                                <Light ParentFrame="BoneCabin_cdt" _template="IgnitionSignalWhite" Pos="(5.156; 1.013; -0.9)">

                                </Light>
                                <Light _template="IgnitionSignalRed" Pos="(-4.35; 0.743; 0)">

                                </Light>
                      </Ignition>
                      <HeadLight>
                                <Flare Color="g(255; 235; 200) x 0.6" Pos="(3.988; 1.339; -1.027)" ParentFrame="BoneCabin_cdt" Size=".4" _template="HeadLight">

                                </Flare>
                                <Flare Color="g(255; 235; 200) x 0.6" Pos="(3.988; 1.339; 1.027)" ParentFrame="BoneCabin_cdt" Size=".4" _template="HeadLight">

                                </Flare>
                                <Flare ParentFrame="BoneCabin_cdt" _template="BlueStreak" Pos="(3.988; 1.339; -1.027)">

                                </Flare>
                                <Flare ParentFrame="BoneCabin_cdt" _template="BlueStreak" Pos="(3.988; 1.339; 1.027)">

                                </Flare>
                                  <Model Org="(3.988; 1.339; -1.027)" _template="HeadLightRay" ParentFrame="BoneCabin_cdt">

                                  </Model>
                                  <Model Org="(3.988; 1.339; 1.027)" _template="HeadLightRay" ParentFrame="BoneCabin_cdt">

                                  </Model>
                      </HeadLight>
                      <ReverseSignals>
                                  <Flare Size="0.4" _template="ReverseSignal" Pos="(-4.002; 0.796; 0.408)">

                                  </Flare>
                                  <Flare Size="0.4" _template="ReverseSignal" Pos="(-4.002; 0.796; -0.408)">

                                  </Flare>
                                  <Flare Color="g(220; 220; 255) x 0.05" Pos="(-4.002; 0.796; 0.408)" Dir="(-1; 0; 0)" Size="0.4" _template="BlueStreak">

                                  </Flare>
                                  <Flare Color="g(220; 220; 255) x 0.05" Pos="(-4.002; 0.796; -0.408)" Dir="(-1; 0; 0)" Size="0.4" _template="BlueStreak">

                                  </Flare>
                                <Light _template="ReverseSignal" Pos="(-4.05; 0.796; 0)">

                                </Light>
                      </ReverseSignals>
      </ModelAttachments>
      <TruckData EngineIconMesh="env/engine_default" EngineStartDelay="0.8" TruckType="OFFROAD" ExhaustStartTime="0.9" SteerSpeed="0.025" TruckImage="freightliner114SDmchr" DiffLockType="Installed" Responsiveness="0.25" FuelCapacity="300" EngineIconScale="1.3" BackSteerSpeed="0.02">
                        <Driver ParentFrame="BoneCabin_cdt" Pos="(2.061; 1.939; 0.548)" SteeringWheelPos="(2.444; 2.267; 0.545)">

                        </Driver>
                        <Shafts>
                              <Shaft SocketPointB="ShaftWheel2WheelB" SocketPointA="ShaftWheel2WheelA">

                              </Shaft>
                        </Shafts>
                        <FuelTank DamageCapacity="50">

                        </FuelTank>
                        <Dashboard>
                                    <Gauge Org="(2.759; 2.128; 0.583)" OutputAngles="(-137;44)" Mesh="trucks/arrows/freightliner_114sd_arrow_01" Damping="0.99" InputRange="(0;1)" InputType="rpm" Dir="(-0.902; 0.431; -0.028)">

                                    </Gauge>
                                    <Gauge Org="(2.761; 2.128; 0.51)" OutputAngles="(-135;135)" Dir="(-0.902; 0.431; -0.028)" InputType="speed" Mesh="trucks/arrows/freightliner_114sd_arrow_01" InputRange="(0;160)">

                                    </Gauge>
                                    <Gauge Org="(2.754; 2.214; 0.726)" OutputAngles="(-136;-75)" Mesh="trucks/arrows/freightliner_114sd_arrow_02" Damping="0.99" InputRange="(0;1)" InputType="engineEnabled" Dir="(-0.902; 0.431; -0.028)">

                                    </Gauge>
                                    <Gauge Org="(2.728; 2.161; 0.726)" OutputAngles="(-136;-115)" Mesh="trucks/arrows/freightliner_114sd_arrow_02" Damping="0.99" InputRange="(0;1)" InputType="engineEnabled" Dir="(-0.902; 0.431; -0.028)">

                                    </Gauge>
                                    <Gauge Org="(2.763; 2.21; 0.367)" OutputAngles="(-145;-140)" Mesh="trucks/arrows/freightliner_114sd_arrow_02" Damping="0.99" InputRange="(0;1)" InputType="engineEnabled" Dir="(-0.902; 0.431; -0.028)">

                                    </Gauge>
                                    <Gauge Org="(2.737; 2.156; 0.368)" OutputAngles="(-135;-130)" Mesh="trucks/arrows/freightliner_114sd_arrow_02" Damping="0.99" InputRange="(0;1)" InputType="engineEnabled" Dir="(-0.902; 0.431; -0.028)">

                                    </Gauge>
                                    <Gauge Org="(2.788; 2.195; 0.653)" OutputAngles="(-136;-75)" Mesh="trucks/arrows/freightliner_114sd_arrow_03" Damping="0.99" InputRange="(0;1)" InputType="engineEnabled" Dir="(-0.902; 0.431; -0.028)">

                                    </Gauge>
                                    <Gauge Org="(2.768; 2.153; 0.653)" OutputAngles="(-133;-110)" Mesh="trucks/arrows/freightliner_114sd_arrow_03" Damping="0.99" InputRange="(0;1)" InputType="engineEnabled" Dir="(-0.902; 0.431; -0.028)">

                                    </Gauge>
                                    <Gauge Org="(2.748; 2.112; 0.653)" OutputAngles="(-133;-125)" Mesh="trucks/arrows/freightliner_114sd_arrow_03" Damping="0.99" InputRange="(0;1)" InputType="engineEnabled" Dir="(-0.902; 0.431; -0.028)">

                                    </Gauge>
                                    <Gauge Org="(2.793; 2.192; 0.44)" OutputAngles="(-90;90)" Mesh="trucks/arrows/freightliner_114sd_arrow_03" Damping="0.9" InputRange="(0;1)" InputType="fuel" Dir="(-0.902; 0.431; -0.028)">

                                    </Gauge>
                                    <Gauge Org="(2.773; 2.151; 0.44)" OutputAngles="(-133;65)" Mesh="trucks/arrows/freightliner_114sd_arrow_03" Damping="0.99" InputRange="(0;1)" InputType="engineEnabled" Dir="(-0.902; 0.431; -0.028)">

                                    </Gauge>
                                    <Gauge Org="(2.753; 2.109; 0.44)" OutputAngles="(-133;75)" Mesh="trucks/arrows/freightliner_114sd_arrow_03" Damping="0.99" InputRange="(0;1)" InputType="engineEnabled" Dir="(-0.902; 0.431; -0.028)">

                                    </Gauge>
                        </Dashboard>
                        <SoundsWheels _template="Default">

                        </SoundsWheels>
                        <GearboxSocket Default="g_truck_default" Type="gearboxes_trucks">

                        </GearboxSocket>
                                      <Steam Origin="(1.821; 1.257; 0)">

                                      </Steam>
                                      <Steam ParentFrame="BoneCabin_cdt" Origin="(3.386; 1.164; 0)" Scale="0.5">

                                      </Steam>
                        <Sounds DisableReversePitch="true" MinDist="15.0" Origin="(3.3; 1.55; 0)" ParentFrame="BoneCabin_cdt" AirHissInterval="12.0" _template="Default">
                                          <BrakesSqueal Sound="trucks/freightliner_114sd/freightliner_114sd_brakes_squeal">

                                          </BrakesSqueal>
                                          <AbruptStop Sound="trucks/common/truck_swing_big_rnd_set/truck_swing_big_rnd">

                                          </AbruptStop>
                                          <EngineLow Sound="trucks/freightliner_114sd/freightliner_114sd_low">

                                          </EngineLow>
                                          <EngineRev Sound="trucks/freightliner_114sd/freightliner_114sd_rev">

                                          </EngineRev>
                                          <EngineAccel Sound="trucks/freightliner_114sd/freightliner_114sd_acc">

                                          </EngineAccel>
                                          <Honk Sound="trucks/freightliner_114sd/freightliner_114sd_honk">

                                          </Honk>
                                          <EngineStop Sound="trucks/freightliner_114sd/freightliner_114sd_stop">

                                          </EngineStop>
                                          <EngineIdle_2d IsSound2D="true" Sound="trucks/freightliner_114sd/freightliner_114sd_idle_2d">

                                          </EngineIdle_2d>
                                          <EngineHigh Sound="trucks/freightliner_114sd/freightliner_114sd_high">

                                          </EngineHigh>
                                          <EngineHeavy_2d IsSound2D="true" Sound="">

                                          </EngineHeavy_2d>
                                          <Reverse Sound="trucks/freightliner_114sd/freightliner_114sd_back_beeper">

                                          </Reverse>
                                          <EngineHigh_2d IsSound2D="true" Sound="trucks/freightliner_114sd/freightliner_114sd_high_2d">

                                          </EngineHigh_2d>
                                          <EngineIdle Sound="trucks/freightliner_114sd/freightliner_114sd_idle">

                                          </EngineIdle>
                                          <EngineLow_2d IsSound2D="true" Sound="trucks/freightliner_114sd/freightliner_114sd_low_2d">

                                          </EngineLow_2d>
                                          <EngineTrans Sound="">

                                          </EngineTrans>
                                          <EngineHeavy Sound="">

                                          </EngineHeavy>
                                          <BrakeRelease Sound="trucks/common/truck_brake_release_alt2_rnd_set/truck_brake_release_alt2_rnd">

                                          </BrakeRelease>
                                          <EngineStart Sound="trucks/freightliner_114sd/freightliner_114sd_start">

                                          </EngineStart>
                        </Sounds>
                        <Intake Size="1" Origin="(4.409; 1.469; -0)" Dir="(1; 0; 0)">

                        </Intake>
                        <SoundsDamage _template="Heavy">

                        </SoundsDamage>
                                              <LimitedFluid Type="Cylinder" Center="(1.525; 0.807; 0.826)" LengthX="1.182" RadiusZ="0.314" RadiusY="0.298">

                                              </LimitedFluid>
                                              <LimitedFluid Type="Box" SizeX="0.858" Center="(1.932; 0.763; -0.795)" SizeY="0.550" SizeZ="0.554">

                                              </LimitedFluid>
                        <Camera ParentFrame="BoneCabin_cdt" Center="(-1.3; 0; 0)">
                                                  <Cockpit WindshieldShadingTexture="trucks/freightliner_114sd_glass__sh_d.tga" WindshieldDiffuseTexture="trucks/freightliner_114sd_glass__d_a.tga" _template="Default" ViewPos="(1.94; 2.622; 0.548)">
                                                        <Mirror FOVScale="2" Pos="(2.394; 2.565; 1.325)" ClipDir="(-0.891; 0; -0.454)" ReflectionDir="(-0.891; 0; -0.454)" Size="(0.21; 0.416)" ClipOffset="0.1" MeshFrame="mirror_left">

                                                        </Mirror>
                                                        <Mirror FOVScale="2" Pos="(2.394; 2.212; 1.325)" ClipDir="(-0.891; 0; -0.454)" ReflectionDir="(-0.891; 0; -0.454)" Size="(0.176; 0.176)" ClipOffset="0.1" MeshFrame="mirror_left_1">

                                                        </Mirror>
                                                        <Mirror FOVScale="2" Pos="(2.344; 2.565; -1.313)" ClipDir="(-0.799; 0; 0.602)" ReflectionDir="(-0.799; 0; 0.602)" Size="(0.21; 0.416)" ClipOffset="0.1" MeshFrame="mirror_right">

                                                        </Mirror>
                                                        <Mirror FOVScale="2" Pos="(2.346; 2.212; -1.312)" ClipDir="(-0.799; 0; 0.602)" ReflectionDir="(-0.799; 0; 0.602)" Size="(0.176; 0.176)" ClipOffset="0.1" MeshFrame="mirror_right_1">

                                                        </Mirror>
                                                      <Rear ViewPosOffset="(0; -0.1; 0.7)">

                                                      </Rear>
                                                  </Cockpit>
                        </Camera>
                        <SuspensionSocket Default="freightliner_114sd_suspension_default" Type="s_freightliner_114sd" MaxWheelRadiusWithoutSuspension="0.4">

                        </SuspensionSocket>
                        <Wheels DefaultTire="highway_1" DefaultWheelType="wheels_medium_double" DefaultRim="rim_1">
                                                        <Wheel _template="FrontWheel" Pos="(3.212; 0.551; 1.079)">

                                                        </Wheel>
                                                        <Wheel Pos="(3.212; 0.551; 1.079)" _template="FrontWheel" RightSide="true">

                                                        </Wheel>
                                                        <Wheel _template="RearWheel" Pos="(-1.77; 0.551; 0.982)">

                                                        </Wheel>
                                                        <Wheel Pos="(-1.77; 0.551; 0.982)" _template="RearWheel" RightSide="true">

                                                        </Wheel>
                                                        <Wheel _template="RearWheel" Pos="(-3.192; 0.551; 0.982)">

                                                        </Wheel>
                                                        <Wheel Pos="(-3.192; 0.551; 0.982)" _template="RearWheel" RightSide="true">

                                                        </Wheel>
                        </Wheels>
                        <Axles>
                                                          <Axle Frame="BoneAxle1">

                                                          </Axle>
                                                          <Axle Frame="BoneAxle2">

                                                          </Axle>
                                                          <Axle Frame="BoneAxle3">

                                                          </Axle>
                        </Axles>
                        <Damage>
                                                            <DamageArea Max="(4.409; 1.84; 0.5)" Type="Engine" ParentFrame="BoneCabin_cdt" Min="(2.324; 0.453; -0.5)">

                                                            </DamageArea>
                                                            <DamageArea Max="(4.306; 1.185; 1.198)" Type="FuelTank" ParentFrame="BoneCabin_cdt" Min="(0.854; 0.421; -1.198)">

                                                            </DamageArea>
                        </Damage>
                        <OcclusionMap HalfSizeZ="1.666" MinX="-4.794" MaxX="4.794">

                        </OcclusionMap>
                        <EngineSocket Default="us_truck_old_engine_0" Type="e_us_truck_old">

                        </EngineSocket>
                        <WinchUpgradeSocket Default="w_medium_trucks_default" IsUpgradable="true" Type="winches_medium_trucks">

                        </WinchUpgradeSocket>
                        <SteeringWheel Frame="BoneSteering">

                        </SteeringWheel>
                                                                  <CompatibleWheels Scale="0.55" Type="wheels_medium_double">

                                                                  </CompatibleWheels>
                                                                  <CompatibleWheels Scale="0.60" Type="wheels_medium_double">

                                                                  </CompatibleWheels>
                        <SteeringRack RackHalfSizeZ="0.883" Frame="BoneRack" FrameSteerLeft="BoneRackLeft" FrameSteerRight="BoneRackRight">

                        </SteeringRack>
      </TruckData>
  </Truck>
  <_templates Include="trucks">
        <Wheel>
            <RearWheel Torque="default" Location="rear" ConnectedToHandbrake="true">

            </RearWheel>
            <FrontWheel SteeringCastor="8" ParentFrame="BoneCabin_cdt" Torque="connectable" SteeringAngle="40" Location="front">

            </FrontWheel>
        </Wheel>
        <Body>
              <SideMirror Collisions="None" Mass="5">
                  <Constraint MinLimit="-15" Type="Hinge" MaxLimit="15" AxisLocal="(0; 1; 0)">
                      <Motor Spring="250" Type="Spring" Damping="1">

                      </Motor>
                  </Constraint>
              </SideMirror>
              <Antenna Collisions="None" Mass="2">
                    <Constraint Type="Ragdoll" PlaneAxisLocal="(0; 0; 1)" PlaneMax="7" PlaneMin="-7" Cone="7" TwistAxisLocal="(0; 1; 0)">
                        <AllMotor Spring="60" Type="Spring" Damping=".1">

                        </AllMotor>
                    </Constraint>
              </Antenna>
              <BoneSunshield Collisions="None" Mass="1">
                      <Constraint MinLimit="-1" Type="Hinge" MaxLimit="30" AxisLocal="(0; 0; 1)">
                          <Motor Spring="15" Type="Spring" Damping="0.04">

                          </Motor>
                      </Constraint>
              </BoneSunshield>
        </Body>
        <Socket>
                <Cabin2Chassis ParentFrame="BoneCabin_cdt" Offset="(0; 0; 0)">
                    <ExtraParent Frame="BoneChassis_cdt">

                    </ExtraParent>
                </Cabin2Chassis>
        </Socket>
  </_templates>