  <Truck>
      <PhysicsModel Mesh="trucks/gmc_9500">
          <NetSync Legacy="false">

          </NetSync>
          <Body CenterOfMassOffset="(-1.5; 0; 0)" ImpactType="Truck" NetSync="pv" ModelFrame="BoneChassis_cdt" Mass="4000">
                <Body CenterOfMassOffset="(0; 0.3; 0)" ImpactType="Truck" NetSync="pv" ModelFrame="BoneCabin_cdt" Mass="1500">
                    <Constraint MinLimit="-1.5" Type="Hinge" MaxLimit="1.5" AxisLocal="(1; 0; 0)">
                        <Motor Spring="240000" Type="Spring" Damping="24000">

                        </Motor>
                    </Constraint>
                        <Body CenterOfMassOffset="(0; 0; 0)" ImpactType="Truck" ModelFrame="BoneCabinRagdoll_cdt" Mass="1500">
                          <Constraint Type="Ragdoll" PlaneAxisLocal="(1; 0; 0)" PlaneMax="1.5" PlaneMin="-1.5" Cone="2.5" TwistAxisLocal="(0; 1; 0)">
                              <PlaneMotor Spring="3500000" Type="Spring" Damping="200000">

                              </PlaneMotor>
                              <ConeMotor Spring="1500000" Type="Spring" Damping="700000">

                              </ConeMotor>
                          </Constraint>
                              <Body Collisions="None" ModelFrame="BoneBelt1_cdt" Mass="2">
                                <Constraint Type="Hinge" MaxLimit="10" PivotOffset="(0; 0; 0)" AxisLocal="(0; 1; 0)" MinLimit="-20">
                                    <Motor Spring="10" Type="Spring" Damping="10">

                                    </Motor>
                                </Constraint>
                              </Body>
                              <Body Collisions="None" ModelFrame="BoneBelt2_cdt" Mass="1">
                                <Constraint Type="Hinge" MaxLimit="5" PivotOffset="(0; 0; 0)" AxisLocal="(0; 1; 0)" MinLimit="-15">
                                    <Motor Spring="2" Type="Spring" Damping="2">

                                    </Motor>
                                </Constraint>
                              </Body>
                              <Body _template="Sunshield" ModelFrame="BoneSunshieldRight_cdt">

                              </Body>
                              <Body _template="Sunshield" ModelFrame="BoneSunshieldLeft_cdt">

                              </Body>
                              <Body ModelFrame="BoneKeyFob_cdt" Mass="0.2">
                                <Constraint Type="Hinge" MaxLimit="50" PivotOffset="(0; 0; 0)" AxisLocal="(1; 0; 0)" MinLimit="-50">
                                    <Motor Spring="0.001" Type="Spring" Damping="0.001">

                                    </Motor>
                                </Constraint>
                              </Body>
                              <Body ModelFrame="BoneRadioHinge_cdt" AngularDamping="10.0" Mass="1">
                                <Constraint MinLimit="-25" Type="Hinge" MaxLimit="25" AxisLocal="(0; 0; 1)">

                                </Constraint>
                                <Body ModelFrame="BoneRadioPrismatic_cdt" Mass="0.04">
                                      <Constraint MinLimit="-0.4" Type="Prismatic" MaxLimit="0.4" AxisLocal="(0; 1; 0)">
                                          <Motor Spring="5" Type="Spring" Damping="0.1">

                                          </Motor>
                                      </Constraint>
                                </Body>
                              </Body>
                              <Body _template="SideMirror" ModelFrame="BoneMirrorLeft_cdt">

                              </Body>
                              <Body _template="SideMirror" ModelFrame="BoneMirrorRight_cdt">

                              </Body>
                              <Body _template="Mudguard" ModelFrame="BoneLeftMudguard_cdt">
                                <Constraint MaxLimit="40" AxisLocal="(1; 0; 0)" MinLimit="-20">

                                </Constraint>
                              </Body>
                              <Body _template="Mudguard" ModelFrame="BoneRightMudguard_cdt">
                                <Constraint MaxLimit="40" AxisLocal="(1; 0; 0)" MinLimit="-20">

                                </Constraint>
                              </Body>
                        </Body>
                        <Body _template="TieRod" ModelFrame="BoneTieRod_cdt">
                          <Constraint MinLimit="-25" Name="TieRodSteer" MaxLimit="25" AxisLocal="(0; 0; 1)">

                          </Constraint>
                        </Body>
                </Body>
          </Body>
      </PhysicsModel>
      <GameData Country="US" Price="10600" UnlockByRank="1" UnlockByExploration="true">
            <CustomizationCameras>
                  <CameraPos Interior="true" Position="(6.419; 4.352; -0.303)" FOV="32.0" InterestPosition="(3.673; 0.363; -0.642)" Name="roof_sticker">

                  </CameraPos>
                  <CameraPos InterestPosition="(0.154; 1.563; -0)" Name="addon_1" MaxXRotation="360" Position="(-7.808; 3.802; 4.913)" MaxZoom="2" FOV="32.0" MaxYRotation="360">

                  </CameraPos>
                  <CameraPos InterestPosition="(2.924; 0.525; -0.002)" Name="addon_2" MaxXRotation="360" Position="(5.258; 2.509; 4.431)" MaxZoom="2" FOV="32.0" MaxYRotation="360">

                  </CameraPos>
                  <CameraPos Interior="true" Position="(4.716; 2.334; -0.582)" FOV="32.0" InterestPosition="(6.942; 2.145; 1.677)" Name="mirror_mount">

                  </CameraPos>
                  <CameraPos InterestPosition="(4.764; 1.865; -0)" Name="side_r" MaxXRotation="360" Position="(-0.317; 4.306; -4.556)" MaxZoom="2" FOV="32.0" MaxYRotation="360">

                  </CameraPos>
                  <CameraPos Interior="true" Position="(5.008; 2.516; -0.518)" FOV="32.0" InterestPosition="(6.942; 0.593; 1.298)" Name="sticker">

                  </CameraPos>
                  <CameraPos Interior="true" Position="(4.716; 2.094; -0.452)" FOV="32.0" InterestPosition="(6.942; 3.196; 1.807)" Name="sticker_1">

                  </CameraPos>
                  <CameraPos Interior="true" Position="(4.966; 2.212; 0.139)" FOV="32.0" InterestPosition="(6.729; 1.059; 2.14)" Name="sticker_2">

                  </CameraPos>
                  <CameraPos Interior="true" Position="(8.384; 3.137; 0.623)" FOV="32.0" InterestPosition="(4.545; 1.878; -1.032)" Name="glass_sticker">

                  </CameraPos>
                  <CameraPos Interior="true" Position="(3.842; 1.862; 3.197)" FOV="32.0" InterestPosition="(6.504; 1.203; 0.54)" Name="door_r_sticker">

                  </CameraPos>
                  <CameraPos InterestPosition="(5.165; 1.74; -0)" Name="roof" MaxXRotation="360" Position="(10.418; 3.866; -3.312)" MaxZoom="2" FOV="32.0" MaxYRotation="360">

                  </CameraPos>
                  <CameraPos Interior="true" Position="(9.116; 4.392; -0.492)" FOV="32.0" InterestPosition="(5.918; 0.655; -0.737)" Name="capote_sticker">

                  </CameraPos>
                  <CameraPos InterestPosition="(5.997; 1.735; 0)" Name="hoods" MaxXRotation="360" Position="(13.57; 1.44; -3.425)" MaxZoom="2" FOV="32.0" MaxYRotation="360">

                  </CameraPos>
                  <CameraPos InterestPosition="(5.111; 1.443; 0)" Name="side_l" MaxXRotation="360" Position="(10.666; 3.491; 4.263)" MaxZoom="2" FOV="32.0" MaxYRotation="360">

                  </CameraPos>
                  <CameraPos Interior="true" Position="(4.966; 2.412; -0.281)" FOV="32.0" InterestPosition="(6.729; 1.259; 1.72)" Name="bubble_head">

                  </CameraPos>
                  <CameraPos InterestPosition="(4.213; 1.133; -0)" Name="wheels" MaxXRotation="360" Position="(-3.583; 2.119; -4.813)" MaxZoom="2" FOV="32.0" MaxYRotation="360">

                  </CameraPos>
                  <CameraPos InterestPosition="(5.997; 1.735; 0)" Name="default" MaxXRotation="360" Position="(13.57; 1.44; -3.425)" MaxZoom="2" FOV="32.0" MaxYRotation="360">

                  </CameraPos>
                  <CameraPos InterestPosition="(0.612; 0.86; -0)" Name="rear" MaxXRotation="360" Position="(-5.27; 2.54; 3.142)" MaxZoom="2" FOV="32.0" MaxYRotation="360">

                  </CameraPos>
                  <CameraPos Interior="true" Position="(3.929; 1.835; -3.217)" FOV="32.0" InterestPosition="(4.827; 1.225; 0.224)" Name="door_l_sticker">

                  </CameraPos>
                  <CameraPos Interior="true" Position="(9.091; 2.279; -1.556)" FOV="32.0" InterestPosition="(7.878; 1.915; -1.556)" Name="hood_ornament">

                  </CameraPos>
                  <CameraPos Interior="true" Position="(4.716; 2.334; -0.582)" FOV="32.0" InterestPosition="(6.942; 2.145; 1.677)" Name="curtain">

                  </CameraPos>
            </CustomizationCameras>
                <CraneSocket Pos="(4.393; 0.77; 0.7)" ParentFrame="BoneCabin_cdt">

                </CraneSocket>
                <CraneSocket Pos="(4.393; 0.77; -0.7)" ParentFrame="BoneCabin_cdt">

                </CraneSocket>
                <CraneSocket Pos="(-4.353; 0.689; 0)">

                </CraneSocket>
                <CraneSocket Pos="(0.071; 0.767; 0.457)">

                </CraneSocket>
                <CraneSocket Pos="(0.071; 0.767; -0.457)">

                </CraneSocket>
                  <AddonSockets>
                    <Socket ParentFrame="BoneChassis_cdt" Offset="(0; 0; 0)" Names="Gmc9500SpareWheel">
                        <ExtraParent Frame="BoneCabin_cdt">

                        </ExtraParent>
                    </Socket>
                  </AddonSockets>
                  <AddonSockets>
                      <Socket Offset="(-2.309; 1.55; 0)" Names="Semitrailer, SemitrailerOiltank">

                      </Socket>
                      <Socket Offset="(-1.5; 1.55; 0)" Names="LargeSemitrailer, LargeSemitrailerOiltank">

                      </Socket>
                      <Socket Offset="(-4.396; 0.685; 0)" Names="Trailer">

                      </Socket>
                  </AddonSockets>
                  <AddonSockets>
                      <Socket NamesBlock="MinicraneUS, MetalDetector" Offset="(-5.363; 1.105; 0)" Names="BunkLog">
                        <ExtraParent Offset="(0; -0.05; 0)" Frame="BoneChassis_cdt">

                        </ExtraParent>
                      </Socket>
                      <Socket Offset="(-1.46; 1.052; 0)" NamesBlock="MinicraneUS, MetalDetector, Gmc9500Fender" Names="FrameAddonLogShort">

                      </Socket>
                      <Socket Offset="(-1.46; 1.052; 0)" NamesBlock="MinicraneUS, MetalDetector, Gmc9500Fender, Trailer" Names="FrameAddonLogMedium">

                      </Socket>
                      <Socket Offset="(-2.291; 1.057; 0)" Names="SaddleLow1">
                          <ExtraParent Offset="(0; 0; -0.025)" Frame="BoneChassis_cdt">

                          </ExtraParent>
                          <ExtraParent Offset="(0; 0; 0.025)" Frame="BoneChassis_cdt">

                          </ExtraParent>
                      </Socket>
                      <Socket Offset="(-1.5; 1.057; 0)" Names="SaddleHigh">
                          <ExtraParent Offset="(0; 0; -0.025)" Frame="BoneChassis_cdt">

                          </ExtraParent>
                          <ExtraParent Offset="(0; 0; 0.025)" Frame="BoneChassis_cdt">

                          </ExtraParent>
                      </Socket>
                      <Socket Offset="(-1.45; 1.065; 0)" Names="FrameAddon">
                          <AddonsShift Types="MinicraneUS" Offset="(-1; 0; 0)">

                          </AddonsShift>
                          <AddonsShift Types="MetalDetector" Offset="(-1; 0; 0)">

                          </AddonsShift>
                      </Socket>
                      <Socket NamesBlock="MinicraneUS, MetalDetector, Trailer" Offset="(-2.2; 1.065; 0)" Names="FrameAddonTow">

                      </Socket>
                      <Socket ParentFrame="BoneChassis_cdt" Offset="(-1.75; 1.133; 0)" Names="FrameAddonKung">
                          <ExtraParent Offset="(0; 0; -0.1)" Frame="BoneChassis_cdt">

                          </ExtraParent>
                          <ExtraParent Offset="(0; 0; 0.1)" Frame="BoneChassis_cdt">

                          </ExtraParent>
                      </Socket>
                      <Socket Offset="(-2.340; 1.065; 0)" Names="FrameAddonTank">

                      </Socket>
                      <Socket Offset="(-2; 1.058; 0)" NamesBlock="MetalDetector, MinicraneUS, Semitrailer, Gmc9500SpareWheel" Names="BigCraneUs">
                          <ExtraParent Offset="(0; -0.01; 0)" Frame="BoneChassis_cdt">

                          </ExtraParent>
                          <ExtraParent Offset="(0; -0.01; 0)" Frame="BoneChassis_cdt">

                          </ExtraParent>
                      </Socket>
                      <Socket NamesBlock="MetalDetector, MinicraneUS" Offset="(0.809; 1.052; 0)" Names="LogLift">

                      </Socket>
                      <Socket NamesBlock="MetalDetector, MinicraneUS, Trailer" Names="FrameAddonSeismicVibrator" ParentFrame="BoneChassis_cdt" Offset="(0.28; 1.051; 0)">

                      </Socket>
                      <Socket NamesBlock="MetalDetector, Trailer, MinicraneUS" Names="FrameAddonMaintainer" ParentFrame="BoneChassis_cdt" Offset="(-2.15; 0.022; 0)">

                      </Socket>
                  </AddonSockets>
                  <AddonSockets>
                      <Socket NamesBlock="FrameAddonKung, FrameAddonTank" Names="MetalDetector" ParentFrame="BoneCabin_cdt" Offset="(0.7; 0; 0)">

                      </Socket>
                      <Socket Offset="(0.43; 1.050; 0)" NamesBlock="FrameAddonKung, FrameAddonTank" Names="MinicraneUS">
                          <ExtraParent Offset="(0; 0; -0.02)" Frame="BoneChassis_cdt">

                          </ExtraParent>
                          <ExtraParent Offset="(0; 0; 0.02)" Frame="BoneChassis_cdt">

                          </ExtraParent>
                      </Socket>
                  </AddonSockets>
                  <AddonSockets>
                      <Socket Offset="(0; 0.2; 0)" Names="UsLoadLogsShort">

                      </Socket>
                      <Socket Offset="(0; 0.2; 0)" Names="UsLoadLogsShortLoaderA">

                      </Socket>
                  </AddonSockets>
                  <AddonSockets DefaultAddon="gmc_9500_bumper_default">
                    <Socket ParentFrame="BoneCabin_cdt" Offset="(0; 0; 0)" Names="Gmc9500Bumper">

                    </Socket>
                  </AddonSockets>
                  <AddonSockets DefaultAddon="gmc_9500_fender_default">
                    <Socket ParentFrame="BoneChassis_cdt" Offset="(0; 0; 0)" Names="Gmc9500Fender">
                        <ExtraParent Frame="BoneCabin_cdt">

                        </ExtraParent>
                    </Socket>
                  </AddonSockets>
                  <AddonSockets>
                    <Socket ParentFrame="BoneCabinRagdoll_cdt" Offset="(0; 0; 0)" Names="Gmc9500Snorkel">

                    </Socket>
                  </AddonSockets>
                  <AddonSockets DefaultAddon="gmc_9500_exhaust_default">
                    <Socket ParentFrame="BoneCabin_cdt" Offset="(0; 0; 0)" Names="Gmc9500Exhaust">

                    </Socket>
                  </AddonSockets>
                  <AddonSockets DefaultAddon="gmc_9500_diff_lock_default">
                    <Socket ParentFrame="BoneChassis_cdt" Offset="(0; 0; 0)" Names="GMC9500DiffLock">

                    </Socket>
                  </AddonSockets>
                  <AddonSockets DefaultAddon="gmc_9500_horn_default">
                    <Socket ParentFrame="BoneCabinRagdoll_cdt" Offset="(0; 0; 0)" Names="Gmc9500Horn">

                    </Socket>
                  </AddonSockets>
                  <AddonSockets DefaultAddon="gmc_9500_gabarite_default">
                    <Socket ParentFrame="BoneCabinRagdoll_cdt" Offset="(0; 0; 0)" Names="Gmc9500Gabarite">

                    </Socket>
                  </AddonSockets>
                  <AddonSockets>
                    <Socket ParentFrame="BoneCabinRagdoll_cdt" Offset="(0; 0; 0)" Names="Gmc9500Spotlight">

                    </Socket>
                  </AddonSockets>
                  <AddonSockets>
                    <Socket ParentFrame="BoneCabinRagdoll_cdt" Offset="(0; 0; 0)" Names="Gmc9500Visor">

                    </Socket>
                  </AddonSockets>
                  <AddonSockets DefaultAddon="gmc_9500_transferbox_default">
                    <Socket ParentFrame="BoneCabin_cdt" Offset="(0; 0; 0)" Names="Gmc9500TransferBox">
                          <ExtraParent Frame="BoneChassis_cdt">

                          </ExtraParent>
                          <ExtraParent Frame="BoneAxle1">

                          </ExtraParent>
                    </Socket>
                  </AddonSockets>
                  <AddonSockets>
                    <Socket ParentFrame="BoneCabinRagdoll_cdt" InCockpit="true" Names="gmc9500Sticker_1x1_01">

                    </Socket>
                  </AddonSockets>
                  <AddonSockets>
                    <Socket ParentFrame="BoneCabinRagdoll_cdt" InCockpit="true" Names="gmc9500Sticker_1x1_02">

                    </Socket>
                  </AddonSockets>
                  <AddonSockets>
                    <Socket ParentFrame="BoneCabinRagdoll_cdt" InCockpit="true" Names="gmc9500Sticker_1x1_03">

                    </Socket>
                  </AddonSockets>
                  <AddonSockets>
                    <Socket ParentFrame="BoneSunshieldLeft_cdt" InCockpit="true" Names="gmc9500Sticker_1x2_01">

                    </Socket>
                  </AddonSockets>
                  <AddonSockets>
                    <Socket ParentFrame="BoneSunshieldRight_cdt" InCockpit="true" Names="gmc9500Sticker_1x2_02">

                    </Socket>
                  </AddonSockets>
                  <AddonSockets>
                    <Socket ParentFrame="BoneCabinRagdoll_cdt" InCockpit="true" Names="gmc9500Sticker_1x4_01">

                    </Socket>
                  </AddonSockets>
                  <AddonSockets>
                    <Socket ParentFrame="BoneCabinRagdoll_cdt" InCockpit="true" Names="gmc9500Sticker_GlassTop">

                    </Socket>
                  </AddonSockets>
                  <AddonSockets>
                    <Socket ParentFrame="BoneCabinRagdoll_cdt" InCockpit="true" Names="gmc9500Sticker_GlassBottom">

                    </Socket>
                  </AddonSockets>
                  <AddonSockets>
                    <Socket ParentFrame="BoneCabinRagdoll_cdt" Names="gmc9500Sticker_Door_L">

                    </Socket>
                  </AddonSockets>
                  <AddonSockets>
                    <Socket ParentFrame="BoneCabinRagdoll_cdt" Names="gmc9500Sticker_Door_R">

                    </Socket>
                  </AddonSockets>
                  <AddonSockets>
                    <Socket ParentFrame="BoneCabinRagdoll_cdt" Names="gmc9500Sticker_Roof">

                    </Socket>
                  </AddonSockets>
                  <AddonSockets>
                    <Socket ParentFrame="BoneCabinRagdoll_cdt" Names="gmc9500Sticker_Capote">

                    </Socket>
                  </AddonSockets>
                  <AddonSockets>
                    <Socket Names="StuffDashboard" InCockpit="true" ParentFrame="BoneCabinRagdoll_cdt" Offset="(2.555; 2.005; -0.093)">

                    </Socket>
                  </AddonSockets>
                  <AddonSockets>
                      <Socket Names="StuffAirfreshener" InCockpit="true" ParentFrame="BoneCabinRagdoll_cdt" Offset="(2.331; 2.482; 0.225)">

                      </Socket>
                      <Socket ParentFrame="BoneCabinRagdoll_cdt" InCockpit="true" Names="StuffCurtainGmc9500">

                      </Socket>
                  </AddonSockets>
                  <AddonSockets>
                    <Socket ParentFrame="BoneCabinRagdoll_cdt" Names="StuffHoodGmc9500">

                    </Socket>
                  </AddonSockets>
                    <WinchSocket Pos="(4.393; 0.77; 0.7)" ParentFrame="BoneCabin_cdt">

                    </WinchSocket>
                    <WinchSocket Pos="(4.393; 0.77; -0.7)" ParentFrame="BoneCabin_cdt">

                    </WinchSocket>
                    <WinchSocket Pos="(-4.353; 0.689; 0)">

                    </WinchSocket>
                    <WinchSocket Pos="(0.071; 0.767; 0.457)">

                    </WinchSocket>
                    <WinchSocket Pos="(0.071; 0.767; -0.457)">

                    </WinchSocket>
            <UiDesc UiDesc="UI_VEHICLE_GMC_9500_DESC" UiIcon30x30="highwayVehicleImg30" UiName="UI_VEHICLE_GMC_9500_NAME" UiIconLogo="GMLogoAlt80" UiIcon40x40="highwayVehicleImg" UiIcon328x458="shopImgGMC9500">

            </UiDesc>
      </GameData>
      <ControlledConstraints>
              <Constraint Name="TieRodSteer" IsLinkedSteering="true" Id="chassis_steer">

              </Constraint>
      </ControlledConstraints>
      <HeadLight _template="Default" Pos="(4.523; 1.275; 0)">

      </HeadLight>
      <Landmark Mesh="landmarks/gmc_9500_lmk" MaxScale="3.8" MinScale="1.8">

      </Landmark>
      <AutomaticIK>
                      <IKBone ParentFrame="BoneCabin_cdt" ModelFrame="BonePistonBase">
                        <IKBone AttachToFrame="BoneTieRod_cdt" AttachOffset="(0; 0; 0)" ModelFrame="BonePiston">
                            <IKJoint AxisLocal="(1; 0; 0)" Type="Slider">

                            </IKJoint>
                        </IKBone>
                        <IKJoint AxisLocal="(0; 0; 1)" Type="Hinge">

                        </IKJoint>
                      </IKBone>
                      <IKBone ParentFrame="BoneTieRod_cdt" ModelFrame="BoneTieRodHinge2">
                        <IKBone AttachToFrame="BoneRackLeft" AttachOffset="(0; 0; 0)" ModelFrame="BoneTieRodPrismatic">
                            <IKJoint AxisLocal="(1; 0; 0)" Type="Slider">

                            </IKJoint>
                        </IKBone>
                        <IKJoint AxisLocal="(1; 0; 0)" Type="Hinge2">

                        </IKJoint>
                      </IKBone>
      </AutomaticIK>
      <ModelAttachments>
                      <StopSignals>
                            <Flare Size=".6" _template="StopSignal" Pos="(-4.367; 0.791; 0.272)">

                            </Flare>
                            <Flare Size=".6" _template="StopSignal" Pos="(-4.367; 0.791; -0.272)">

                            </Flare>
                          <Light _template="StopSignal" Pos="(-4.476; 0.81; 0)">

                          </Light>
                      </StopSignals>
                          <Ignition>
                              <Flare ParentFrame="BoneCabinRagdoll_cdt" Dir="(0; 0; 1)" Pos="(4.234; 1.415; 0.908)" _template="IgnitionSignalOrange" DirAngle="90">

                              </Flare>
                              <Flare ParentFrame="BoneCabinRagdoll_cdt" Dir="(0; 0; -1)" Pos="(4.234; 1.415; -0.908)" _template="IgnitionSignalOrange" DirAngle="90">

                              </Flare>
                              <Flare Color="g(255; 192; 0) x 0.17" Pos="(4.319; 1.58; 0.934)" ParentFrame="BoneCabinRagdoll_cdt" Size="0.5" _template="Beacon">

                              </Flare>
                              <Flare Color="g(255; 192; 0) x 0.17" Pos="(4.319; 1.58; -0.934)" ParentFrame="BoneCabinRagdoll_cdt" Size="0.5" _template="Beacon">

                              </Flare>
                              <Flare _template="IgnitionSignalRed" Pos="(-4.367; 0.779; 0.272)">

                              </Flare>
                              <Flare _template="IgnitionSignalRed" Pos="(-4.367; 0.779; -0.272)">

                              </Flare>
                          </Ignition>
                          <Ignition>
                              <Flare Color="g(165; 149; 130) x 0.85" ParentFrame="BoneCabinRagdoll_cdt" DirAngle="180" Pos="(4.327; 1.298; -0.613)" _template="IgnitionSignalWhite">

                              </Flare>
                              <Flare Color="g(165; 149; 130) x 0.85" ParentFrame="BoneCabinRagdoll_cdt" DirAngle="180" Pos="(4.327; 1.298; 0.613)" _template="IgnitionSignalWhite">

                              </Flare>
                                <Light _template="IgnitionSignalRed" Pos="(-4.5; 1; 0)">

                                </Light>
                                <Light Color="g(255; 205; 145) x 0.8" ParentFrame="BoneCabinRagdoll_cdt" _template="IgnitionSignalWhite" Pos="(4.618; 1.127; 0.61)">

                                </Light>
                                <Light Color="g(255; 205; 145) x 0.8" ParentFrame="BoneCabinRagdoll_cdt" _template="IgnitionSignalWhite" Pos="(4.618; 1.127; -0.61)">

                                </Light>
                          </Ignition>
                      <HeadLight>
                                <Flare ParentFrame="BoneCabinRagdoll_cdt" DirAngle="135" Size="0.5" _template="HeadLight" Pos="(4.321; 1.298; -0.613)">

                                </Flare>
                                <Flare ParentFrame="BoneCabinRagdoll_cdt" DirAngle="135" Size="0.5" _template="HeadLight" Pos="(4.321; 1.298; 0.613)">

                                </Flare>
                                <Flare ParentFrame="BoneCabinRagdoll_cdt" _template="BlueStreak" Pos="(4.321; 1.298; -0.613)">

                                </Flare>
                                <Flare ParentFrame="BoneCabinRagdoll_cdt" _template="BlueStreak" Pos="(4.321; 1.298; 0.613)">

                                </Flare>
                                  <Model Org="(4.321; 1.298; -0.613)" _template="HeadLightRay" ParentFrame="BoneCabinRagdoll_cdt">

                                  </Model>
                                  <Model Org="(4.321; 1.298; 0.613)" _template="HeadLightRay" ParentFrame="BoneCabinRagdoll_cdt">

                                  </Model>
                      </HeadLight>
                      <ReverseSignals>
                                  <Flare Size="0.4" _template="ReverseSignal" Pos="(-4.367; 0.855; -0.272)">

                                  </Flare>
                                  <Flare Size="0.4" _template="ReverseSignal" Pos="(-4.367; 0.855; 0.272)">

                                  </Flare>
                                  <Flare Color="g(220; 220; 255) x 0.05" Pos="(-4.367; 0.855; -0.272)" Dir="(-1; 0; 0)" Size="0.4" _template="BlueStreak">

                                  </Flare>
                                  <Flare Color="g(220; 220; 255) x 0.05" Pos="(-4.367; 0.855; 0.272)" Dir="(-1; 0; 0)" Size="0.4" _template="BlueStreak">

                                  </Flare>
                                <Light _template="ReverseSignal" Pos="(-4.367; 0.855; 0)">

                                </Light>
                      </ReverseSignals>
      </ModelAttachments>
      <TruckData EngineIconMesh="env/engine_default" EngineStartDelay="0.8" TruckType="HIGHWAY" ExhaustStartTime="0.9" SteerSpeed="0.02" TruckImage="gmc9500mchr" DiffLockType="None" Responsiveness="0.25" FuelCapacity="240" EngineIconScale="1.2" BackSteerSpeed="0.01">
                        <Driver ParentFrame="BoneCabinRagdoll_cdt" Pos="(1.88; 1.562; 0.428)" SteeringWheelPos="(2.262; 1.89; 0.421)">

                        </Driver>
                        <Shafts>
                              <Shaft SocketPointB="ShaftWheel2WheelB" SocketPointA="ShaftWheel2WheelA">

                              </Shaft>
                        </Shafts>
                        <FuelTank DamageCapacity="50">

                        </FuelTank>
                        <Dashboard>
                                    <Gauge Org="(2.533; 1.806; 0.63)" OutputAngles="(-130;60)" Mesh="trucks/arrows/gmc_9500_arrow_01" Damping="0.99" InputRange="(0;1)" InputType="none" Dir="(-0.995; 0.1; -0.015)">

                                    </Gauge>
                                    <Gauge Org="(2.542; 1.888; 0.634)" OutputAngles="(-130;47)" Mesh="trucks/arrows/gmc_9500_arrow_01" Damping="0.9" InputRange="(0;1)" InputType="engineEnabled" Dir="(-0.995; 0.1; -0.015)">

                                    </Gauge>
                                    <Gauge Org="(2.544; 1.865; 0.531)" OutputAngles="(-135;100)" Dir="(-0.996; 0.084; 0.003)" InputType="speed" Mesh="trucks/arrows/gmc_9500_arrow_02" InputRange="(0;160)">

                                    </Gauge>
                                    <Gauge Org="(2.543; 1.865; 0.398)" OutputAngles="(-135;100)" Mesh="trucks/arrows/gmc_9500_arrow_02" Damping="0.9" InputRange="(0;1)" InputType="rpm" Dir="(-0.994; 0.1; 0.034)">

                                    </Gauge>
                                    <Gauge Org="(2.538; 1.897; 0.301)" OutputAngles="(-70;-5)" Mesh="trucks/arrows/gmc_9500_arrow_01" Damping="0.9996" InputRange="(0;1)" InputType="engineEnabled" Dir="(-0.994; 0.093; 0.064)">

                                    </Gauge>
                                    <Gauge Org="(2.531; 1.823; 0.3)" OutputAngles="(-70;70)" Mesh="trucks/arrows/gmc_9500_arrow_01" Damping="0.9" InputRange="(0;1)" InputType="fuel" Dir="(-0.994; 0.093; 0.064)">

                                    </Gauge>
                                    <Gauge Org="(2.534; 1.897; 0.226)" OutputAngles="(-70;35)" Mesh="trucks/arrows/gmc_9500_arrow_01" Damping="0.9" InputRange="(0;1)" InputType="engineEnabled" Dir="(-0.992; 0.095; 0.077)">

                                    </Gauge>
                                    <Gauge Org="(2.527; 1.823; 0.225)" OutputAngles="(-70;15)" Mesh="trucks/arrows/gmc_9500_arrow_01" Damping="0.9" InputRange="(0;1)" InputType="engineEnabled" Dir="(-0.992; 0.095; 0.077)">

                                    </Gauge>
                        </Dashboard>
                        <SoundsWheels _template="Default">

                        </SoundsWheels>
                        <GearboxSocket Default="g_truck_default" Type="gearboxes_trucks">

                        </GearboxSocket>
                                      <Steam Origin="(1.419; 1.041; 0)">

                                      </Steam>
                                      <Steam ParentFrame="BoneCabin_cdt" Origin="(3.55; 1.221; 0)" Scale="0.5">

                                      </Steam>
                        <Sounds DisableReversePitch="false" MinDist="10.0" Origin="(3.32; 1.512; 0)" ParentFrame="BoneCabin_cdt" AirHissInterval="12.0" _template="Default">
                                          <AbruptStop Sound="trucks/common/truck_swing_big_old_rnd_set/truck_swing_big_old_rnd">

                                          </AbruptStop>
                                          <EngineLow Sound="trucks/gmc_9500/gmc_9500_low">

                                          </EngineLow>
                                          <EngineRev Sound="trucks/gmc_9500/gmc_9500_rev">

                                          </EngineRev>
                                          <EngineAccel Sound="trucks/gmc_9500/gmc_9500_acc">

                                          </EngineAccel>
                                          <Honk Sound="trucks/gmc_9500/gmc_9500_honk">

                                          </Honk>
                                          <EngineStop Sound="trucks/gmc_9500/gmc_9500_stop">

                                          </EngineStop>
                                          <EngineLow_2d IsSound2D="true" Sound="trucks/gmc_9500/gmc_9500_low_2d">

                                          </EngineLow_2d>
                                          <EngineHigh Sound="trucks/gmc_9500/gmc_9500_high">

                                          </EngineHigh>
                                          <EngineHeavy_2d IsSound2D="true" Sound="trucks/gmc_9500/gmc_9500_heavy_2d">

                                          </EngineHeavy_2d>
                                          <ChassisStress Sound="trucks/common/truck_stress_rnd_set/truck_stress_rnd">

                                          </ChassisStress>
                                          <Reverse Sound="trucks/gmc_9500/gmc_9500_reverse">

                                          </Reverse>
                                          <EngineHigh_2d IsSound2D="true" Sound="trucks/gmc_9500/gmc_9500_high_2d">

                                          </EngineHigh_2d>
                                          <EngineIdle Sound="trucks/gmc_9500/gmc_9500_idle">

                                          </EngineIdle>
                                          <EngineStart Sound="trucks/gmc_9500/gmc_9500_start">

                                          </EngineStart>
                                          <EngineIdle_2d IsSound2D="true" Sound="trucks/gmc_9500/gmc_9500_idle_2d">

                                          </EngineIdle_2d>
                                          <EngineHeavy Sound="trucks/gmc_9500/gmc_9500_heavy">

                                          </EngineHeavy>
                                          <BrakeRelease Sound="trucks/gmc_9500/gmc_9500_brake_release">

                                          </BrakeRelease>
                                          <EngineTrans Sound="trucks/gmc_9500/gmc_9500_turbo">

                                          </EngineTrans>
                        </Sounds>
                        <Intake Size="1" Origin="(4.35; 1.395; 0)" Dir="(1; 0; 0)">

                        </Intake>
                        <SoundsDamage _template="Heavy">

                        </SoundsDamage>
                                              <LimitedFluid Type="Cylinder" Center="(1.791; 0.684; 0.837)" LengthX="1.18" RadiusZ="0.33" RadiusY="0.33">

                                              </LimitedFluid>
                                              <LimitedFluid Type="Cylinder" Center="(1.791; 0.684; -0.837)" LengthX="1.18" RadiusZ="0.33" RadiusY="0.33">

                                              </LimitedFluid>
                        <Camera ParentFrame="BoneCabin_cdt" Center="(-1.4; 0; 0)">
                                                  <Cockpit WindshieldShadingTexture="trucks/GMC9500_glass__sh_d.tga" WindshieldDiffuseTexture="trucks/GMC9500_glass__d_a.tga" _template="Default" ViewPos="(1.857; 2.257; 0.428)">
                                                        <Mirror LookAtOffset="(0; 0; 0.05)" ClipDir="(-0.858; 0; -0.514)" ClipOffset="0.18" FOVScale="2" ReflectionDir="(-0.858; 0; -0.514)" Size="(0.251; 0.553)" MeshFrame="mirror_left" Pos="(2.19; 2.139; 1.307)">

                                                        </Mirror>
                                                        <Mirror FOVScale="2" Pos="(2.185; 2.139; -1.304)" ClipDir="(-0.799; 0; 0.602)" ReflectionDir="(-0.799; 0; 0.602)" Size="(0.251; 0.553)" ClipOffset="0.1" MeshFrame="mirror_right">

                                                        </Mirror>
                                                      <Rear ViewPosOffset="(-0.05; -0.1; 0.7)">

                                                      </Rear>
                                                  </Cockpit>
                        </Camera>
                        <SuspensionSocket Default="gmc9500_suspension_default" Type="s_gmc9500" MaxWheelRadiusWithoutSuspension="0.55">

                        </SuspensionSocket>
                        <Wheels DefaultTire="highway_1" DefaultWheelType="wheels_medium_double" DefaultRim="rim_1">
                                                        <Wheel _template="RearWheel" Pos="(-2.936; 0.515; 1.017)">

                                                        </Wheel>
                                                        <Wheel Pos="(-2.936; 0.515; 1.017)" _template="RearWheel" RightSide="true">

                                                        </Wheel>
                                                        <Wheel _template="RearWheel" Pos="(-1.646; 0.507; 1.017)">

                                                        </Wheel>
                                                        <Wheel Pos="(-1.646; 0.507; 1.017)" _template="RearWheel" RightSide="true">

                                                        </Wheel>
                                                        <Wheel _template="FrontWheel" Pos="(3.675; 0.507; 1.027)">

                                                        </Wheel>
                                                        <Wheel Pos="(3.675; 0.507; 1.027)" _template="FrontWheel" RightSide="true">

                                                        </Wheel>
                        </Wheels>
                        <Axles>
                                                          <Axle Frame="BoneAxle1">

                                                          </Axle>
                                                          <Axle Frame="BoneAxle2">

                                                          </Axle>
                                                          <Axle Frame="BoneAxle3">

                                                          </Axle>
                        </Axles>
                        <Damage SensationMin="(1.362; 1.931; -0.897)" Capacity="600" ParentFrame="BoneCabin_cdt" SensationMax="(2.608; 2.471; 0.897)">
                                                            <DamageArea Max="(4.3; 2; 0.6)" Type="Engine" ParentFrame="BoneCabin_cdt" Min="(2.6; 0.75; -0.6)">

                                                            </DamageArea>
                                                            <DamageArea Max="(2.9; 1.1; 1.2)" Type="FuelTank" ParentFrame="BoneCabin_cdt" Min="(1.15; 0.35; -1.2)">

                                                            </DamageArea>
                        </Damage>
                        <OcclusionMap HalfSizeZ="1.8" MinX="-4.462" MaxX="4.809">

                        </OcclusionMap>
                        <EngineSocket Default="us_truck_old_engine_gmc9500" Type="e_us_truck_old_gmc9500, e_us_truck_old">

                        </EngineSocket>
                        <WinchUpgradeSocket Default="w_medium_trucks_default" IsUpgradable="true" Type="winches_medium_trucks">

                        </WinchUpgradeSocket>
                        <SteeringWheel Frame="BoneSteering">

                        </SteeringWheel>
                                                                  <CompatibleWheels Scale="0.55" Type="wheels_medium_double">

                                                                  </CompatibleWheels>
                                                                  <CompatibleWheels Scale="0.60" Type="wheels_medium_double">

                                                                  </CompatibleWheels>
                        <SteeringRack RackHalfSizeZ="0.829" Frame="BoneRack" FrameSteerLeft="BoneRackLeft" FrameSteerRight="BoneRackRight">

                        </SteeringRack>
      </TruckData>
  </Truck>
  <_templates Include="trucks">
        <Wheel>
            <RearWheel Torque="default" Location="rear" ConnectedToHandbrake="true">

            </RearWheel>
            <FrontWheel SteeringCastor="8" ParentFrame="BoneCabin_cdt" Torque="connectable" SteeringAngle="40" Location="front">

            </FrontWheel>
        </Wheel>
        <Body>
              <SideMirror Collisions="None" Mass="5">
                  <Constraint MinLimit="-15" Type="Hinge" MaxLimit="15" AxisLocal="(0; 1; 0)">
                      <Motor Spring="250" Type="Spring" Damping="1">

                      </Motor>
                  </Constraint>
              </SideMirror>
              <Sunshield Collisions="None" Mass="3">
                    <Constraint MinLimit="-5" Type="Hinge" MaxLimit="8" AxisLocal="(0; 0; 1)">
                        <Motor Spring="10" Type="Spring" Damping=".1">

                        </Motor>
                    </Constraint>
              </Sunshield>
        </Body>
  </_templates>