  <Truck>
      <PhysicsModel Mesh="trucks/international_fleetstar_f2070a">
          <NetSync Legacy="false">

          </NetSync>
          <Body CenterOfMassOffset="(-.6,0,0)" ImpactType="Truck" NetSync="pv" ModelFrame="BoneChassis_cdt" Mass="3500">
                <Body ForceBodyParams="true" NetSync="pv" ModelFrame="BoneCabin_cdt" ImpactType="Truck" Mass="1500">
                    <Constraint MinLimit="-1.5" Type="Hinge" MaxLimit="1.5" AxisLocal="(1; 0; 0)">
                        <Motor Spring="240000" Type="Spring" Damping="24000">

                        </Motor>
                    </Constraint>
                        <Body ImpactType="Truck" Collisions="None" ModelFrame="BoneLugL_cdt" Mass="1">
                          <Constraint MinLimit="0" Type="Hinge" MaxLimit="60" AxisLocal="(0; 0; 1)">

                          </Constraint>
                        </Body>
                        <Body ImpactType="Truck" Collisions="None" ModelFrame="BoneLugR_cdt" Mass="1">
                          <Constraint MinLimit="0" Type="Hinge" MaxLimit="60" AxisLocal="(0; 0; 1)">

                          </Constraint>
                        </Body>
                        <Body CenterOfMassOffset="(-1.2; 0; 0)" ImpactType="Truck" ModelFrame="BoneCabinRagdoll_cdt" Mass="1300">
                          <Constraint Type="Ragdoll" PlaneAxisLocal="(1; 0; 0)" PlaneMax="2.5" PlaneMin="-2.5" Cone="2.5" TwistAxisLocal="(0; 1; 0)">
                              <PlaneMotor Spring="450000" Type="Spring" Damping="20000">

                              </PlaneMotor>
                              <ConeMotor Spring="1500000" Type="Spring" Damping="20000">

                              </ConeMotor>
                          </Constraint>
                              <Body ModelFrame="BoneKeyFob_cdt" Mass="0.2">
                                <Constraint Type="Hinge" MaxLimit="50" PivotOffset="(0; 0; 0)" AxisLocal="(1; 0; 0)" MinLimit="-50">
                                    <Motor Spring="0.001" Type="Spring" Damping="0.001">

                                    </Motor>
                                </Constraint>
                              </Body>
                              <Body ModelFrame="BoneWire_cdt" Mass="1">
                                <Constraint MinLimit="-12" Type="Hinge" MaxLimit="30" AxisLocal="(1; 0; 0)">
                                    <Motor Spring=".25" Type="Spring" Damping=".25">

                                    </Motor>
                                </Constraint>
                              </Body>
                              <Body _template="SideMirror" ModelFrame="BoneMirrorLeft_cdt">

                              </Body>
                              <Body _template="SideMirror" ModelFrame="BoneMirrorRight_cdt">

                              </Body>
                        </Body>
                        <Body _template="TieRod" ModelFrame="BoneTieRod_cdt">
                          <Constraint MinLimit="-40" Name="TieRodSteer" MaxLimit="40" AxisLocal="(0; 0; 1)">

                          </Constraint>
                        </Body>
                </Body>
          </Body>
      </PhysicsModel>
      <GameData Country="US" ExcludeAddons="semitrailer_stepdeck_5, semitrailer_gooseneck_4" Price="13800" UnlockByRank="1" UnlockByExploration="false">
            <CustomizationCameras>
                  <CameraPos Interior="true" Position="(6.51; 3.927; -0.632)" FOV="32.0" InterestPosition="(3.893; 0.209; 0.091)" Name="roof_sticker">

                  </CameraPos>
                  <CameraPos Interior="true" Position="(5.273; 2.205; -0.496)" FOV="32.0" InterestPosition="(6.729; 3.04; 1.651)" Name="sticker_1">

                  </CameraPos>
                  <CameraPos InterestPosition="(0.576; 1.567; -0)" Name="addon_1" MaxXRotation="360" Position="(-6.817; 2.946; 3.742)" MaxZoom="2" FOV="32.0" MaxYRotation="360">

                  </CameraPos>
                  <CameraPos InterestPosition="(5.211; 0.421; 0)" Name="addon_2" MaxXRotation="360" Position="(3.547; 1.82; -4.118)" MaxZoom="2" FOV="32.0" MaxYRotation="360">

                  </CameraPos>
                  <CameraPos Interior="true" Position="(5.156; 2.203; -0.533)" FOV="32.0" InterestPosition="(6.729; 2.245; 1.407)" Name="mirror_mount">

                  </CameraPos>
                  <CameraPos InterestPosition="(4.947; 1.897; 0)" Name="side_r" MaxXRotation="360" Position="(2.294; 3.12; -3.71)" MaxZoom="2" FOV="32.0" MaxYRotation="360">

                  </CameraPos>
                  <CameraPos Interior="true" Position="(5.39; 2.273; 0.057)" FOV="32.0" InterestPosition="(6.729; 1.105; 1.741)" Name="sticker">

                  </CameraPos>
                  <CameraPos Interior="true" Position="(7.58; 2.856; 1.025)" FOV="32.0" InterestPosition="(5.823; 1.916; -1.032)" Name="glass_sticker">

                  </CameraPos>
                  <CameraPos Interior="true" Position="(4.53; 1.614; 2.466)" FOV="32.0" InterestPosition="(5.675; 1.565; 2.281)" Name="door_r_sticker">

                  </CameraPos>
                  <CameraPos InterestPosition="(5.345; 1.757; -0)" Name="roof" MaxXRotation="360" Position="(9.483; 3.825; -2.677)" MaxZoom="2" FOV="32.0" MaxYRotation="360">

                  </CameraPos>
                  <CameraPos Interior="true" Position="(8.408; 3.471; -1.141)" FOV="32.0" InterestPosition="(6.91; 1.652; -1.069)" Name="capote_sticker">

                  </CameraPos>
                  <CameraPos InterestPosition="(6.163; 1.735; 0)" Name="hoods" MaxXRotation="360" Position="(13.255; 1.454; -3.191)" MaxZoom="2" FOV="32.0" MaxYRotation="360">

                  </CameraPos>
                  <CameraPos InterestPosition="(3.895; 0.106; -0)" Name="spare_wheel" MaxXRotation="360" Position="(2.812; 2.512; -3.826)" MaxZoom="2" FOV="32.0" MaxYRotation="360">

                  </CameraPos>
                  <CameraPos Interior="true" Position="(5.221; 1.595; 0.03)" FOV="32.0" InterestPosition="(6.662; 0.61; 1.935)" Name="sticker_2">

                  </CameraPos>
                  <CameraPos InterestPosition="(6.246; 1.487; 0)" Name="side_l" MaxXRotation="360" Position="(9.395; 2.957; 3.542)" MaxZoom="2" FOV="32.0" MaxYRotation="360">

                  </CameraPos>
                  <CameraPos Interior="true" Position="(5.393; 2.352; -0.373)" FOV="32.0" InterestPosition="(6.729; 1.295; 1.028)" Name="bubble_head">

                  </CameraPos>
                  <CameraPos InterestPosition="(5.808; 0.77; 0)" Name="wheels" MaxXRotation="360" Position="(8.851; 0.966; -4.483)" MaxZoom="2" FOV="32.0" MaxYRotation="360">

                  </CameraPos>
                  <CameraPos InterestPosition="(6.163; 1.735; 0)" Name="default" MaxXRotation="360" Position="(13.255; 1.454; -3.191)" MaxZoom="2" FOV="32.0" MaxYRotation="360">

                  </CameraPos>
                  <CameraPos InterestPosition="(1.652; 0.953; -0)" Name="rear" MaxXRotation="360" Position="(-4.96; 2.298; 2.315)" MaxZoom="2" FOV="32.0" MaxYRotation="360">

                  </CameraPos>
                  <CameraPos Interior="true" Position="(4.57; 1.614; -2.46)" FOV="32.0" InterestPosition="(5.368; 1.565; 0.057)" Name="door_l_sticker">

                  </CameraPos>
                  <CameraPos Interior="true" Position="(8.557; 2.245; -1.231)" FOV="32.0" InterestPosition="(7.506; 1.929; -1.231)" Name="hood_ornament">

                  </CameraPos>
                  <CameraPos Interior="true" Position="(5.156; 2.203; -0.533)" FOV="32.0" InterestPosition="(6.729; 2.245; 1.407)" Name="curtain">

                  </CameraPos>
            </CustomizationCameras>
                <CraneSocket Pos="(4.247; 0.887; -0.465)" ParentFrame="BoneCabin_cdt">

                </CraneSocket>
                <CraneSocket Pos="(4.247; 0.887; 0.465)" ParentFrame="BoneCabin_cdt">

                </CraneSocket>
                <CraneSocket Pos="(-4.156; 0.841; 0)">

                </CraneSocket>
                <CraneSocket Pos="(1.181; 0.887; 0.445)">

                </CraneSocket>
                <CraneSocket Pos="(0.895; 0.887; -0.445)">

                </CraneSocket>
                  <AddonSockets>
                    <Socket ParentFrame="BoneChassis_cdt" Offset="(0; 0; 0)" Names="InternationalFleetstarF2070aSpareWheel">
                        <ExtraParent Frame="BoneCabin_cdt">

                        </ExtraParent>
                    </Socket>
                  </AddonSockets>
                  <AddonSockets DefaultAddon="international_fleetstar_f2070a_bumper_default">
                    <Socket ParentFrame="BoneCabin_cdt" Offset="(0; 0; 0)" Names="InternationalFleetstarF2070aBumper">

                    </Socket>
                  </AddonSockets>
                  <AddonSockets>
                    <Socket ParentFrame="BoneCabinRagdoll_cdt" Offset="(0; 0; 0)" Names="InternationalFleetstarF2070aSnorkel">

                    </Socket>
                  </AddonSockets>
                  <AddonSockets>
                    <Socket ParentFrame="BoneCabin_cdt" Offset="(0; 0; 0)" Names="InternationalFleetstarF2070aCabinProtector">

                    </Socket>
                  </AddonSockets>
                  <AddonSockets>
                    <Socket ParentFrame="BoneCabinRagdoll_cdt" Offset="(0; 0; 0)" Names="InternationalFleetstarF2070aHorn">

                    </Socket>
                  </AddonSockets>
                  <AddonSockets>
                    <Socket ParentFrame="BoneCabinRagdoll_cdt" Offset="(0; 0; 0)" Names="InternationalFleetstarF2070aVisor">

                    </Socket>
                  </AddonSockets>
                  <AddonSockets>
                    <Socket ParentFrame="BoneCabinRagdoll_cdt" Offset="(0; 0; 0)" Names="InternationalFleetstarF2070aBeacon">

                    </Socket>
                  </AddonSockets>
                  <AddonSockets>
                    <Socket ParentFrame="BoneCabin_cdt" Offset="(0; 0; 0)" Names="InternationalFleetstarF2070aThreshold">

                    </Socket>
                  </AddonSockets>
                  <AddonSockets DefaultAddon="international_fleetstar_f2070a_exhaust_default">
                    <Socket ParentFrame="BoneCabin_cdt" Offset="(0; 0; 0)" Names="InternationalFleetstarF2070aExhaust">
                        <ExtraParent Frame="BoneChassis_cdt">

                        </ExtraParent>
                    </Socket>
                  </AddonSockets>
                  <AddonSockets DefaultAddon="international_fleetstar_f2070a_fender_default">
                    <Socket ParentFrame="BoneChassis_cdt" Offset="(0; 0; 0)" Names="InternationalFleetstarF2070aFender">
                        <ExtraParent Frame="BoneCabin_cdt">

                        </ExtraParent>
                    </Socket>
                  </AddonSockets>
                  <AddonSockets>
                      <Socket NamesBlock="InternationalFleetstarF2070aSpareWheel, LargeSemitrailerOiltank, FrameAddonKung, FrameAddonTank, FrameAddonMaintainer, FrameAddon, BigCraneUs, BigCraneRu" Names="MetalDetector" ParentFrame="BoneChassis_cdt" Offset="(0.622; -0.043; 0)">

                      </Socket>
                      <Socket Offset="(1.050; 1.01; 0)" NamesBlock="FrameAddonKung, FrameAddonTank" Names="MinicraneUS">
                        <AddonsShift Types="InternationalFleetstarF2070aCabinProtector" Offset="(-0.25; 0; 0)">

                        </AddonsShift>
                      </Socket>
                  </AddonSockets>
                  <AddonSockets>
                      <Socket Offset="(-1.2; 1.5; 0)" Names="LargeSemitrailer">

                      </Socket>
                      <Socket Offset="(-1.2; 1.5; 0)" Names="LargeSemitrailerOiltank">
                        <AddonsShift TrailerNamesBlock="LargeSemitrailerOiltank" Types="MinicraneUS, InternationalFleetstarF2070aCabinProtector" Offset="(0; 0; 0)">

                        </AddonsShift>
                      </Socket>
                      <Socket Offset="(-1.5; 1.5; 0)" Names="Semitrailer, SemitrailerOiltank">

                      </Socket>
                      <Socket Offset="(-4.205; 0.841; 0)" Names="Trailer">

                      </Socket>
                  </AddonSockets>
                  <AddonSockets>
                      <Socket NamesBlock="MinicraneUS, MetalDetector" Offset="(-5.060; 1.015; 0)" Names="BunkLog">

                      </Socket>
                      <Socket Offset="(-0.86; 1.01; 0)" NamesBlock="MinicraneUS, MetalDetector, InternationalFleetstarF2070aFender, InternationalFleetstarF2070aCabinProtector" Names="FrameAddonLogShort">

                      </Socket>
                      <Socket Offset="(-1.5; 1.01; 0)" Names="SaddleLow1">

                      </Socket>
                      <Socket Offset="(-1.2; 1.01; 0)" Names="SaddleHigh">

                      </Socket>
                      <Socket ParentFrame="BoneChassis_cdt" Offset="(-0.95; 1.008; 0)" Names="FrameAddon">
                          <AddonsShift Types="MinicraneUS" Offset="(-1; 0; 0)">

                          </AddonsShift>
                          <AddonsShift Types="InternationalFleetstarF2070aCabinProtector" Offset="(-0.26; 0; 0)">

                          </AddonsShift>
                      </Socket>
                      <Socket NamesBlock="MinicraneUS, MetalDetector, Trailer" Names="FrameAddonTow" ParentFrame="BoneChassis_cdt" Offset="(-1.45; 1.008; 0)">
                        <AddonsShift Types="InternationalFleetstarF2070aCabinProtector" Offset="(-.15; 0; 0)">

                        </AddonsShift>
                      </Socket>
                      <Socket ParentFrame="BoneChassis_cdt" Offset="(-1.1; 1.08; 0)" Names="FrameAddonKung">
                          <ExtraParent Offset="(0; 0; -0.1)" Frame="BoneChassis_cdt">

                          </ExtraParent>
                          <ExtraParent Offset="(0; 0; 0.1)" Frame="BoneChassis_cdt">

                          </ExtraParent>
                      </Socket>
                      <Socket ParentFrame="BoneChassis_cdt" Offset="(-1.91; 1.02; 0)" Names="FrameAddonTank">

                      </Socket>
                      <Socket Offset="(-1.754; 1.015; 0)" NamesBlock="MinicraneUS" Names="BigCraneUs">

                      </Socket>
                      <Socket NamesBlock="MetalDetector, MinicraneUS" Offset="(0.998; 1.011; 0)" Names="LogLift">

                      </Socket>
                      <Socket NamesBlock="Trailer, MinicraneUS" Names="FrameAddonMaintainer" ParentFrame="BoneChassis_cdt" Offset="(-1.95; -0.022; 0)">

                      </Socket>
                  </AddonSockets>
                  <AddonSockets DefaultAddon="international_fleetstar_f2070a_diff_lock_default">
                    <Socket ParentFrame="BoneChassis_cdt" Offset="(0; 0; 0)" Names="FleetstarF2070ADiffLock">

                    </Socket>
                  </AddonSockets>
                  <AddonSockets DefaultAddon="international_fleetstar_f2070a_transferbox_default">
                    <Socket ParentFrame="BoneChassis_cdt" Offset="(0; 0; 0)" Names="FleetstarF2070aTransferBox">
                          <ExtraParent Frame="BoneCabin_cdt">

                          </ExtraParent>
                          <ExtraParent Frame="BoneAxle1">

                          </ExtraParent>
                          <ExtraParent Frame="BoneRack">

                          </ExtraParent>
                    </Socket>
                  </AddonSockets>
                  <AddonSockets>
                    <Socket Names="StuffDashboard" InCockpit="true" ParentFrame="BoneCabinRagdoll_cdt" Offset="(2.933; 2.047; 0.166)">

                    </Socket>
                  </AddonSockets>
                  <AddonSockets>
                    <Socket ParentFrame="BoneCabinRagdoll_cdt" InCockpit="true" Names="internationalFleetstarF2070aSticker_1x1_01">

                    </Socket>
                  </AddonSockets>
                  <AddonSockets>
                    <Socket ParentFrame="BoneCabinRagdoll_cdt" InCockpit="true" Names="internationalFleetstarF2070aSticker_1x1_02">

                    </Socket>
                  </AddonSockets>
                  <AddonSockets>
                    <Socket ParentFrame="BoneCabinRagdoll_cdt" InCockpit="true" Names="internationalFleetstarF2070aSticker_1x1_03">

                    </Socket>
                  </AddonSockets>
                  <AddonSockets>
                    <Socket ParentFrame="BoneCabinRagdoll_cdt" InCockpit="true" Names="internationalFleetstarF2070aSticker_1x1_04">

                    </Socket>
                  </AddonSockets>
                  <AddonSockets>
                    <Socket ParentFrame="BoneSunshieldL_cdt" InCockpit="true" Names="internationalFleetstarF2070aSticker_1x2_01">

                    </Socket>
                  </AddonSockets>
                  <AddonSockets>
                    <Socket ParentFrame="BoneSunshieldR_cdt" InCockpit="true" Names="internationalFleetstarF2070aSticker_1x2_02">

                    </Socket>
                  </AddonSockets>
                  <AddonSockets>
                      <Socket Names="StuffAirfreshener" InCockpit="true" ParentFrame="BoneCabinRagdoll_cdt" Offset="(2.794; 2.447; 0.098)">

                      </Socket>
                      <Socket ParentFrame="BoneCabinRagdoll_cdt" InCockpit="true" Names="StuffCurtainInternationalFleetstarF2070a">

                      </Socket>
                  </AddonSockets>
                  <AddonSockets>
                    <Socket ParentFrame="BoneCabinRagdoll_cdt" InCockpit="true" Names="internationalFleetstarF2070ASticker_GlassTop">

                    </Socket>
                  </AddonSockets>
                  <AddonSockets>
                    <Socket ParentFrame="BoneCabinRagdoll_cdt" InCockpit="true" Names="internationalFleetstarF2070ASticker_GlassBottom">

                    </Socket>
                  </AddonSockets>
                  <AddonSockets>
                    <Socket ParentFrame="BoneCabinRagdoll_cdt" Names="internationalFleetstarF2070ASticker_Door_R">

                    </Socket>
                  </AddonSockets>
                  <AddonSockets>
                    <Socket ParentFrame="BoneCabinRagdoll_cdt" Names="internationalFleetstarF2070ASticker_Door_L">

                    </Socket>
                  </AddonSockets>
                  <AddonSockets>
                    <Socket ParentFrame="BoneCabinRagdoll_cdt" Names="internationalFleetstarF2070ASticker_Roof">

                    </Socket>
                  </AddonSockets>
                  <AddonSockets>
                    <Socket ParentFrame="BoneCabinRagdoll_cdt" Names="internationalFleetstarF2070ASticker_Capote">

                    </Socket>
                  </AddonSockets>
                  <AddonSockets>
                    <Socket ParentFrame="BoneCabinRagdoll_cdt" Names="StuffHoodInternationalFleetstarF2070A">

                    </Socket>
                  </AddonSockets>
                    <WinchSocket Pos="(4.247; 0.887; -0.465)" ParentFrame="BoneCabin_cdt">

                    </WinchSocket>
                    <WinchSocket Pos="(4.247; 0.887; 0.465)" ParentFrame="BoneCabin_cdt">

                    </WinchSocket>
                    <WinchSocket Pos="(-4.156; 0.841; 0)">

                    </WinchSocket>
                    <WinchSocket Pos="(1.181; 0.887; 0.445)">

                    </WinchSocket>
                    <WinchSocket Pos="(0.895; 0.887; -0.445)">

                    </WinchSocket>
            <UiDesc UiDesc="UI_VEHICLE_FLEETSTAR_F2070A_DESC" UiIcon30x30="heavyDutyVehicleImg30" UiName="UI_VEHICLE_FLEETSTAR_F2070A_NAME" UiIconLogo="InternationalNavistarLogo80" UiIcon40x40="heavyDutyVehicleImg" UiIcon328x458="shopImgInternationalF2070">

            </UiDesc>
      </GameData>
      <ControlledConstraints>
              <Constraint Name="TieRodSteer" IsLinkedSteering="true" Id="chassis_steer">

              </Constraint>
      </ControlledConstraints>
      <HeadLight _template="Default" Pos="(4.200; 1.283; 0.949)">

      </HeadLight>
      <Landmark Mesh="landmarks/international_fleetstar_f2070a_lmk" MaxScale="3.8" MinScale="1.8">

      </Landmark>
      <AutomaticIK>
                    <IKBone ParentFrame="BoneTieRod_cdt" ModelFrame="BoneTieRodHinge2">
                        <IKBone AttachToFrame="BoneRackLeft" AttachOffset="(0; 0; 0)" ModelFrame="BoneTieRodPrismatic">
                            <IKJoint AxisLocal="(1; 0; 0)" Type="Slider">

                            </IKJoint>
                        </IKBone>
                        <IKJoint AxisLocal="(1; 0; 0)" Type="Hinge2">

                        </IKJoint>
                    </IKBone>
      </AutomaticIK>
      <ModelAttachments>
                      <StopSignals>
                            <Flare Size=".4" _template="StopSignal" Pos="(-3.987; 0.671; -0.265)">

                            </Flare>
                            <Flare Size=".4" _template="StopSignal" Pos="(-3.987; 0.671; 0.265)">

                            </Flare>
                          <Light _template="StopSignal" Pos="(-4.1; 0.671; 0)">

                          </Light>
                      </StopSignals>
                      <Ignition>
                              <Flare ParentFrame="BoneCabinRagdoll_cdt" _template="MarkerBeacon" Pos="(2.671; 2.586; -0.603)">

                              </Flare>
                              <Flare ParentFrame="BoneCabinRagdoll_cdt" _template="MarkerBeacon" Pos="(2.671; 2.586; 0.603)">

                              </Flare>
                              <Flare ParentFrame="BoneCabinRagdoll_cdt" _template="MarkerBeacon" Pos="(2.727; 2.618; 0)">

                              </Flare>
                              <Flare ParentFrame="BoneCabinRagdoll_cdt" _template="MarkerBeacon" Pos="(2.727; 2.614; -0.174)">

                              </Flare>
                              <Flare ParentFrame="BoneCabinRagdoll_cdt" _template="MarkerBeacon" Pos="(2.727; 2.614; 0.174)">

                              </Flare>
                              <Flare DirAngle="120" ParentFrame="BoneCabinRagdoll_cdt" _template="IgnitionSignalWhite" Pos="(4.162; 1.283; -0.949)">

                              </Flare>
                              <Flare DirAngle="120" ParentFrame="BoneCabinRagdoll_cdt" _template="IgnitionSignalWhite" Pos="(4.162; 1.283; 0.949)">

                              </Flare>
                              <Flare _template="IgnitionSignalRed" Pos="(-3.987; 0.671; -0.265)">

                              </Flare>
                              <Flare _template="IgnitionSignalRed" Pos="(-3.987; 0.671; 0.265)">

                              </Flare>
                              <Flare Color="g(255; 192; 0) x 0.17" Pos="(3.621; 1.322; -1.218)" Size="0.2" _template="Beacon">

                              </Flare>
                              <Flare Color="g(255; 192; 0) x 0.17" Pos="(3.621; 1.322; 1.218)" Size="0.2" _template="Beacon">

                              </Flare>
                              <Flare Size="0.4" _template="Beacon" Pos="(3.994; 1.57; -1.042)">

                              </Flare>
                              <Flare Size="0.4" _template="Beacon" Pos="(3.994; 1.57; 1.042)">

                              </Flare>
                                <Light _template="IgnitionSignalWhite" Pos="(4.55; 1.013; 0.9)">

                                </Light>
                                <Light _template="IgnitionSignalWhite" Pos="(4.55; 1.013; -0.9)">

                                </Light>
                                <Light _template="IgnitionSignalRed" Pos="(-4.3; 1.025; -0)">

                                </Light>
                      </Ignition>
                      <HeadLight>
                                <Flare ParentFrame="BoneCabin_cdt" _template="HeadLight" Pos="(4.162; 1.283; -0.949)">

                                </Flare>
                                <Flare ParentFrame="BoneCabin_cdt" _template="HeadLight" Pos="(4.162; 1.283; 0.949)">

                                </Flare>
                                <Flare ParentFrame="BoneCabin_cdt" _template="BlueStreak" Pos="(4.162; 1.283; -0.949)">

                                </Flare>
                                <Flare ParentFrame="BoneCabin_cdt" _template="BlueStreak" Pos="(4.162; 1.283; 0.949)">

                                </Flare>
                                  <Model Org="(4.162; 1.283; -0.949)" _template="HeadLightRay" ParentFrame="BoneCabin_cdt">

                                  </Model>
                                  <Model Org="(4.162; 1.283; 0.949)" _template="HeadLightRay" ParentFrame="BoneCabin_cdt">

                                  </Model>
                      </HeadLight>
                      <ReverseSignals>
                                  <Flare Size="0.25" _template="ReverseSignal" Pos="(-3.987; 0.71; -0.265)">

                                  </Flare>
                                  <Flare Size="0.25" _template="ReverseSignal" Pos="(-3.987; 0.71; 0.265)">

                                  </Flare>
                                  <Flare Color="g(220; 220; 255) x 0.05" Pos="(-3.987; 0.71; -0.265)" Dir="(-1; 0; 0)" Size="0.3" _template="BlueStreak">

                                  </Flare>
                                  <Flare Color="g(220; 220; 255) x 0.05" Pos="(-3.987; 0.71; 0.265)" Dir="(-1; 0; 0)" Size="0.3" _template="BlueStreak">

                                  </Flare>
                                <Light _template="ReverseSignal" Pos="(-4.4; 0.71; 0)">

                                </Light>
                      </ReverseSignals>
      </ModelAttachments>
      <TruckData EngineIconMesh="env/engine_default" EngineStartDelay="0.8" TruckType="HEAVY_DUTY" ExhaustStartTime="0.9" SteerSpeed="0.033" TruckImage="fleetstarF2070A1mchr" DiffLockType="Installed" Responsiveness="0.1" FuelCapacity="240" EngineIconScale="1.2" BackSteerSpeed="0.025">
                        <Driver ParentFrame="BoneCabinRagdoll_cdt" Pos="(2.285; 1.643; 0.436)" SteeringWheelPos="(2.667; 1.971; 0.433)">

                        </Driver>
                        <Shafts>
                              <Shaft SocketPointB="ShaftWheel2WheelB" SocketPointA="ShaftWheel2WheelA">

                              </Shaft>
                        </Shafts>
                        <FuelTank DamageCapacity="50">

                        </FuelTank>
                        <Dashboard>
                                    <Gauge Org="(2.862; 1.961; 0.569)" OutputAngles="(-54;-5)" Mesh="trucks/arrows/international_fleetstar_f2070a_arrow_01" Damping="0.99" InputRange="(0;1)" InputType="engineEnabled" Dir="(-0.972; 0.235; 0.008)">

                                    </Gauge>
                                    <Gauge Org="(2.862; 1.963; 0.51)" OutputAngles="(-133;23)" Mesh="trucks/arrows/international_fleetstar_f2070a_arrow_01" Damping="0.99" InputRange="(0;1)" InputType="engineEnabled" Dir="(-0.972; 0.235; 0.008)">

                                    </Gauge>
                                    <Gauge Org="(2.849; 1.91; 0.539)" OutputAngles="(-54;-28)" Mesh="trucks/arrows/international_fleetstar_f2070a_arrow_01" Damping="0.99" InputRange="(0;1)" InputType="engineEnabled" Dir="(-0.972; 0.235; 0.008)">

                                    </Gauge>
                                    <Gauge Org="(2.86; 1.943; 0.431)" OutputAngles="(-135;135)" Mesh="trucks/arrows/international_fleetstar_f2070a_arrow_02" Damping="0.9" InputRange="(0;1)" InputType="rpm" Dir="(-0.972; 0.235; 0.008)">

                                    </Gauge>
                                    <Gauge Org="(2.861; 1.946; 0.339)" OutputAngles="(-121;122)" Mesh="trucks/arrows/international_fleetstar_f2070a_arrow_02" Damping="0" InputRange="(0;120)" InputType="speed" Dir="(-0.972; 0.235; 0.008)">

                                    </Gauge>
                                    <Gauge Org="(2.862; 1.968; 0.261)" OutputAngles="(-61;61)" Mesh="trucks/arrows/international_fleetstar_f2070a_arrow_01" Damping="0.9" InputRange="(0;1)" InputType="fuel" Dir="(-0.972; 0.235; 0.008)">

                                    </Gauge>
                                    <Gauge Org="(2.862; 1.968; 0.2)" OutputAngles="(-135;75)" Mesh="trucks/arrows/international_fleetstar_f2070a_arrow_01" Damping="0.99" InputRange="(0;1)" InputType="engineEnabled" Dir="(-0.972; 0.235; 0.008)">

                                    </Gauge>
                        </Dashboard>
                        <SoundsWheels _template="Default">

                        </SoundsWheels>
                        <GearboxSocket Default="g_truck_default" Type="gearboxes_trucks">

                        </GearboxSocket>
                                      <Steam Origin="(1.984; 1; 0)">

                                      </Steam>
                                      <Steam ParentFrame="BoneCabin_cdt" Origin="(3.55; 1.2; 0)" Scale="0.5">

                                      </Steam>
                        <Sounds DisableReversePitch="false" MinDist="10.0" Origin="(3.2; 1.5; 0)" ParentFrame="BoneChassis_cdt" AirHissInterval="12.0" _template="Default">
                                          <BrakesSqueal Sound="trucks/int_fleetstar_f2070a/int_fleetstar_f2070a_brakes_squeal">

                                          </BrakesSqueal>
                                          <AbruptStop Sound="trucks/common/truck_swing_big_old_rnd_set/truck_swing_big_old_rnd">

                                          </AbruptStop>
                                          <EngineLow Sound="trucks/int_fleetstar_f2070a/int_fleetstar_f2070a_low">

                                          </EngineLow>
                                          <EngineRev Sound="trucks/int_fleetstar_f2070a/int_fleetstar_f2070a_rev">

                                          </EngineRev>
                                          <EngineAccel Sound="trucks/int_fleetstar_f2070a/int_fleetstar_f2070a_acc">

                                          </EngineAccel>
                                          <Honk Sound="trucks/int_fleetstar_f2070a/int_fleetstar_f2070a_honk">

                                          </Honk>
                                          <EngineStop Sound="trucks/int_fleetstar_f2070a/int_fleetstar_f2070a_stop">

                                          </EngineStop>
                                          <EngineIdle_2d IsSound2D="true" Sound="trucks/int_fleetstar_f2070a/int_fleetstar_f2070a_idle_2d">

                                          </EngineIdle_2d>
                                          <EngineTrans Sound="">

                                          </EngineTrans>
                                          <EngineHeavy_2d IsSound2D="true" Sound="trucks/int_fleetstar_f2070a/int_fleetstar_f2070a_heavy_2d">

                                          </EngineHeavy_2d>
                                          <ChassisStress Sound="trucks/common/truck_swing_big_rnd_set/truck_swing_big_rnd">

                                          </ChassisStress>
                                          <Reverse Sound="trucks/int_fleetstar_f2070a/int_fleetstar_f2070a_reverse">

                                          </Reverse>
                                          <EngineHigh_2d IsSound2D="true" Sound="trucks/int_fleetstar_f2070a/int_fleetstar_f2070a_high_2d">

                                          </EngineHigh_2d>
                                          <EngineIdle Sound="trucks/int_fleetstar_f2070a/int_fleetstar_f2070a_idle">

                                          </EngineIdle>
                                          <EngineLow_2d IsSound2D="true" Sound="trucks/int_fleetstar_f2070a/int_fleetstar_f2070a_low_2d">

                                          </EngineLow_2d>
                                          <BrakePull Sound="trucks/int_fleetstar_f2070a/int_fleetstar_f2070a_brake_pull">

                                          </BrakePull>
                                          <EngineHigh Sound="trucks/int_fleetstar_f2070a/int_fleetstar_f2070a_high">

                                          </EngineHigh>
                                          <EngineHeavy Sound="trucks/int_fleetstar_f2070a/int_fleetstar_f2070a_heavy">

                                          </EngineHeavy>
                                          <BrakeRelease Sound="trucks/gmc_9500/gmc_9500_brake_release">

                                          </BrakeRelease>
                                          <EngineStart Sound="trucks/int_fleetstar_f2070a/int_fleetstar_f2070a_start">

                                          </EngineStart>
                        </Sounds>
                        <Intake Size="1" Origin="(4.207; 1.281; 0)" Dir="(1; 0; 0)">

                        </Intake>
                        <SoundsDamage _template="Heavy">

                        </SoundsDamage>
                                              <LimitedFluid Type="Box" SizeX="0.958" Center="(2.307; 0.681; -0.825)" SizeY="0.463" SizeZ="0.584">

                                              </LimitedFluid>
                                              <LimitedFluid Type="Box" SizeX="1.077" Center="(1.945; 0.68; 0.823)" SizeY="0.466" SizeZ="0.589">

                                              </LimitedFluid>
                        <Camera ParentFrame="BoneCabin_cdt" Center="(-1.2; 0; 0)">
                                                  <Cockpit WindshieldShadingTexture="trucks/international_fleetstar_f2070a_glass__sh_d.tga" WindshieldDiffuseTexture="trucks/international_fleetstar_f2070a_glass__d_a.tga" _template="Default" ViewPos="(2.21; 2.3; 0.436)">
                                                        <Mirror LookAtOffset="(0.05; 0; 0.125)" ClipDir="(-0.897; -0.055; -0.438)" ClipOffset="0.125" FOVScale="2" ReflectionDir="(-0.897; -0.055; -0.438)" Size="(0.175; 0.42)" MeshFrame="mirror_left" Pos="(2.508; 2.167; 1.041)">
                                                          <SecondaryView FOVScale="1" Pos="(2.505; 1.856; 1.034)" ClipDir="(-0.897; -0.055; -0.438)" Size="(0.219; 0.219)" CurveAngle="10" ClipOffset="0.1" MeshFrame="mirror_left_1">

                                                          </SecondaryView>
                                                        </Mirror>
                                                        <Mirror FOVScale="2.5" Pos="(2.495; 2.165; -1.03)" ClipDir="(-0.797; -0.043; 0.603)" ReflectionDir="(-0.797; -0.043; 0.603)" Size="(0.157; 0.409)" ClipOffset="0.1" MeshFrame="mirror_right">
                                                          <SecondaryView FOVScale="1.2" Pos="(2.481; 1.859; -1.032)" ClipDir="(-0.797; -0.043; 0.603)" Size="(0.219; 0.219)" CurveAngle="10" ClipOffset="0.1" MeshFrame="mirror_right_1">

                                                          </SecondaryView>
                                                        </Mirror>
                                                      <Rear ViewPosOffset="(0.05; -0.15; 0.7)">

                                                      </Rear>
                                                  </Cockpit>
                        </Camera>
                        <SuspensionSocket Default="fleetstar_f2070a_suspension_default" Type="s_fleetstar_f2070a" MaxWheelRadiusWithoutSuspension="0.48">

                        </SuspensionSocket>
                        <Wheels DefaultTire="highway_1" DefaultWheelType="wheels_medium_double" DefaultRim="rim_1">
                                                        <Wheel _template="FrontWheel" Pos="(3.527; 0.523; 1.027)">

                                                        </Wheel>
                                                        <Wheel Pos="(3.527; 0.523; 1.027)" _template="FrontWheel" RightSide="true">

                                                        </Wheel>
                                                        <Wheel _template="RearWheel" Pos="(-0.984; 0.523; 0.894)">

                                                        </Wheel>
                                                        <Wheel Pos="(-0.984; 0.523; 0.894)" _template="RearWheel" RightSide="true">

                                                        </Wheel>
                                                        <Wheel _template="RearWheel" Pos="(-2.204; 0.523; 0.894)">

                                                        </Wheel>
                                                        <Wheel Pos="(-2.204; 0.523; 0.894)" _template="RearWheel" RightSide="true">

                                                        </Wheel>
                        </Wheels>
                        <Axles>
                                                          <Axle Frame="BoneAxle1">

                                                          </Axle>
                                                          <Axle Frame="BoneAxle2">

                                                          </Axle>
                                                          <Axle Frame="BoneAxle3">

                                                          </Axle>
                        </Axles>
                        <Damage>
                                                            <DamageArea Max="(4.15; 2; 0.6)" Type="Engine" ParentFrame="BoneCabin_cdt" Min="(3; 0.9; -0.6)">

                                                            </DamageArea>
                                                            <DamageArea Max="(2.892; 0.972; 1.219)" Type="FuelTank" ParentFrame="BoneCabin_cdt" Min="(1.35; 0.358; -1.219)">

                                                            </DamageArea>
                        </Damage>
                        <OcclusionMap HalfSizeZ="2" MinX="-3.8" MaxX="4.809">

                        </OcclusionMap>
                        <EngineSocket Default="us_truck_old_engine_0" Type="e_us_truck_old, e_us_truck_old_top">

                        </EngineSocket>
                        <WinchUpgradeSocket Default="w_medium_trucks_default" IsUpgradable="true" Type="winches_medium_trucks">

                        </WinchUpgradeSocket>
                        <SteeringWheel Frame="BoneSteering">

                        </SteeringWheel>
                                                                  <CompatibleWheels Scale="0.53" Type="wheels_medium_double">

                                                                  </CompatibleWheels>
                                                                  <CompatibleWheels Scale="0.57" Type="wheels_medium_double">

                                                                  </CompatibleWheels>
                        <SteeringRack RackHalfSizeZ="0.828" Frame="BoneRack" FrameSteerLeft="BoneRackLeft" FrameSteerRight="BoneRackRight">

                        </SteeringRack>
      </TruckData>
  </Truck>
  <_templates Include="trucks">
        <Wheel>
            <RearWheel Torque="default" Location="rear" ConnectedToHandbrake="true">

            </RearWheel>
            <FrontWheel SteeringCastor="8" ParentFrame="BoneCabin_cdt" Torque="connectable" SteeringAngle="40" Location="front">

            </FrontWheel>
        </Wheel>
        <Body>
              <SideMirror Collisions="None" Mass="5">
                  <Constraint MinLimit="-15" Type="Hinge" MaxLimit="15" AxisLocal="(0; 1; 0)">
                      <Motor Spring="250" Type="Spring" Damping="1">

                      </Motor>
                  </Constraint>
              </SideMirror>
        </Body>
  </_templates>