  <Truck>
      <PhysicsModel Mesh="trucks/international_transtar_4070a">
          <NetSync Legacy="false">

          </NetSync>
          <Body CenterOfMassOffset="(-1; 0; 0)" ImpactType="Truck" NetSync="pv" ModelFrame="BoneChassis_cdt" Mass="3500">
                <Body CenterOfMassOffset="(1; 0; 0)" ImpactType="Truck" NetSync="pv" ModelFrame="BoneCabin_cdt" Mass="2000">
                    <Constraint Type="Hinge" MaxLimit="10" PivotOffset="(0; 0; 0)" AxisLocal="(1; 0; 0)" MinLimit="-10">
                        <Motor Spring="200000" Type="Spring" Damping="24000">

                        </Motor>
                    </Constraint>
                        <Body ModelFrame="BoneCabinPrismatic_cdt" Mass="500">
                          <Constraint MinLimit="-0.1" Type="Prismatic" MaxLimit="0.1" AxisLocal="(0; 1; 0)">
                              <Motor Spring="200000" Type="Spring" Damping="10000">

                              </Motor>
                          </Constraint>
                              <Body _template="SideMirror" ModelFrame="BoneMirrorLeft_cdt">

                              </Body>
                              <Body _template="SideMirror" ModelFrame="BoneMirrorRight_cdt">

                              </Body>
                              <Body ModelFrame="BoneKeyFob_cdt" Mass="0.2">
                                <Constraint Type="Hinge" MaxLimit="50" PivotOffset="(0; 0; 0)" AxisLocal="(1; 0; 0)" MinLimit="-50">
                                    <Motor Spring="0.001" Type="Spring" Damping="0.001">

                                    </Motor>
                                </Constraint>
                              </Body>
                              <Body ModelFrame="BoneVisor_cdt" Mass="10">
                                <Constraint Type="Hinge" MaxLimit="10" PivotOffset="(0; 0; 0)" AxisLocal="(1; 0; 0)" MinLimit="-5">
                                    <Motor Spring="5" Type="Spring" Damping="1">

                                    </Motor>
                                </Constraint>
                              </Body>
                              <Body ModelFrame="BoneWire2Hinge_cdt" Mass="2">
                                <Constraint MinLimit="-50" Type="Hinge" MaxLimit="20" AxisLocal="(1; 0; 0)">
                                    <Motor Spring="0.2" Type="Spring" Damping="0.2">

                                    </Motor>
                                </Constraint>
                              </Body>
                        </Body>
                        <Body ModelFrame="BoneWire1Hinge_cdt" Mass="2">
                          <Constraint MinLimit="-20" Type="Hinge" MaxLimit="20" AxisLocal="(1; 0; 0)">
                              <Motor Spring="0.2" Type="Spring" Damping="0.2">

                              </Motor>
                          </Constraint>
                        </Body>
                        <Body ModelFrame="BoneWire3_cdt" Mass="10">
                          <Constraint MinLimit="-0.1" Type="Prismatic" MaxLimit="0.1" AxisLocal="(0; 1; 0)">
                              <Motor Spring="3000" Type="Spring" Damping="15">

                              </Motor>
                          </Constraint>
                        </Body>
                        <Body ModelFrame="BoneWire4_cdt" Mass="2">
                          <Constraint MinLimit="-0.3" Type="Prismatic" MaxLimit="0.3" AxisLocal="(0; 0; 1)">
                              <Motor Spring="500" Type="Spring" Damping="10">

                              </Motor>
                          </Constraint>
                        </Body>
                        <Body ModelFrame="BoneWire5_cdt" Mass="5">
                          <Constraint MinLimit="-0.1" Type="Prismatic" MaxLimit="0.2" AxisLocal="(0; 1; 0)">
                              <Motor Spring="1000" Type="Spring" Damping="20">

                              </Motor>
                          </Constraint>
                        </Body>
                        <Body ModelFrame="BoneWire6_cdt" Mass="6">
                          <Constraint MinLimit="-0.1" Type="Prismatic" MaxLimit="0.1" AxisLocal="(0; 0; 1)">
                              <Motor Spring="1000" Type="Spring" Damping="20">

                              </Motor>
                          </Constraint>
                        </Body>
                        <Body _template="TieRod" ModelFrame="BoneTieRod_cdt">
                          <Constraint MinLimit="-40" Name="TieRodSteer" MaxLimit="40" AxisLocal="(0; 0; 1)">

                          </Constraint>
                        </Body>
                </Body>
          </Body>
      </PhysicsModel>
      <GameData Country="US" Price="17900" UnlockByRank="6" UnlockByExploration="false">
            <CustomizationCameras>
                  <CameraPos Interior="true" Position="(8.076; 4.463; -0.333)" FOV="32.0" InterestPosition="(5.503; 0.94; -0.62)" Name="roof_sticker">

                  </CameraPos>
                  <CameraPos Interior="true" Position="(6.339; 2.377; -0.793)" FOV="32.0" InterestPosition="(6.177; -0.045; 2.232)" Name="sticker_1">

                  </CameraPos>
                  <CameraPos InterestPosition="(2.488; 1.994; -0)" Name="addon_1" MaxXRotation="360" Position="(-5.538; 3.78; 6.364)" MaxZoom="2" FOV="32.0" MaxYRotation="360">

                  </CameraPos>
                  <CameraPos InterestPosition="(6.094; 1.716; 0)" Name="addon_2" MaxXRotation="360" Position="(10.936; 4.516; -3.212)" MaxZoom="2" FOV="32.0" MaxYRotation="360">

                  </CameraPos>
                  <CameraPos Interior="true" Position="(6.015; 2.377; -0.793)" FOV="32.0" InterestPosition="(10.134; 2.791; 2.414)" Name="mirror_mount">

                  </CameraPos>
                  <CameraPos InterestPosition="(5.601; 1.97; 0)" Name="side_r" MaxXRotation="360" Position="(3.352; 1.747; -7.216)" MaxZoom="2" FOV="32.0" MaxYRotation="360">

                  </CameraPos>
                  <CameraPos Interior="true" Position="(6.274; 2.642; -0.04)" FOV="32.0" InterestPosition="(8.263; -0.08; 2.447)" Name="sticker">

                  </CameraPos>
                  <CameraPos Interior="true" Position="(5.762; 1.878; 2.639)" FOV="32.0" InterestPosition="(8.615; 1.383; 0)" Name="door_r_sticker">

                  </CameraPos>
                  <CameraPos InterestPosition="(5.735; 2.091; 0)" Name="roof" MaxXRotation="360" Position="(0.191; 4.643; 4.422)" MaxZoom="2" FOV="32.0" MaxYRotation="360">

                  </CameraPos>
                  <CameraPos Interior="true" Position="(9.552; 3.16; 1.193)" FOV="32.0" InterestPosition="(6.058; 1.99; -1.29)" Name="glass_sticker">

                  </CameraPos>
                  <CameraPos InterestPosition="(5.997; 1.735; 0)" Name="hoods" MaxXRotation="360" Position="(13.213; 1.446; -3.663)" MaxZoom="2" FOV="32.0" MaxYRotation="360">

                  </CameraPos>
                  <CameraPos Interior="true" Position="(6.4; 2.197; -0.509)" FOV="32.0" InterestPosition="(8.153; 4.391; 1.898)" Name="sticker_2">

                  </CameraPos>
                  <CameraPos InterestPosition="(4.104; 0.673; 0)" Name="side_l" MaxXRotation="360" Position="(2.058; 3.425; -3.441)" MaxZoom="2" FOV="32.0" MaxYRotation="360">

                  </CameraPos>
                  <CameraPos Interior="true" Position="(6.398; 2.350; -0.905)" FOV="32.0" InterestPosition="(9.879; 1.04; 1.374)" Name="bubble_head">

                  </CameraPos>
                  <CameraPos InterestPosition="(5.855; 0.77; 0)" Name="wheels" MaxXRotation="360" Position="(8.851; 0.966; -4.483)" MaxZoom="2" FOV="32.0" MaxYRotation="360">

                  </CameraPos>
                  <CameraPos InterestPosition="(5.997; 1.735; 0)" Name="default" MaxXRotation="360" Position="(13.213; 1.446; -3.663)" MaxZoom="2" FOV="32.0" MaxYRotation="360">

                  </CameraPos>
                  <CameraPos InterestPosition="(0.479; 0.992; -0)" Name="rear" MaxXRotation="360" Position="(-5.767; 1.805; 2.899)" MaxZoom="2" FOV="32.0" MaxYRotation="360">

                  </CameraPos>
                  <CameraPos Interior="true" Position="(5.659; 1.806; -2.543)" FOV="32.0" InterestPosition="(6.502; 1.49; 0)" Name="door_l_sticker">

                  </CameraPos>
                  <CameraPos Interior="true" Position="(6.015; 2.377; -0.793)" FOV="32.0" InterestPosition="(10.134; 2.791; 2.414)" Name="curtain">

                  </CameraPos>
            </CustomizationCameras>
                <CraneSocket Pos="(3.287; 0.7; -0.45)" ParentFrame="BoneCabin_cdt">

                </CraneSocket>
                <CraneSocket Pos="(3.287; 0.7; 0.45)" ParentFrame="BoneCabin_cdt">

                </CraneSocket>
                <CraneSocket Pos="(-0.42; 0.94; -0.44)">

                </CraneSocket>
                <CraneSocket Pos="(-0.42; 0.94; 0.44)">

                </CraneSocket>
                <CraneSocket Pos="(-3.285; 0.89; 0)">

                </CraneSocket>
                  <AddonSockets>
                    <Socket ParentFrame="BoneChassis_cdt" Offset="(0; 0; 0)" Names="InternationalTranstar4070aSpareWheel">
                        <ExtraParent Frame="BoneCabin_cdt">

                        </ExtraParent>
                    </Socket>
                  </AddonSockets>
                  <AddonSockets>
                      <Socket Offset="(-1.2; 1.58; 0)" Names="LargeSemitrailer, LargeSemitrailerOiltank">

                      </Socket>
                      <Socket Offset="(-2.084; 1.58; 0)" Names="Semitrailer, SemitrailerOiltank">

                      </Socket>
                      <Socket Offset="(-3.49; 0.886; 0)" Names="Trailer">
                        <AddonsShift TrailerNamesBlock="Trailer" Types="MinicraneUS, FrameAddon" Offset="(0; 0; 0)">

                        </AddonsShift>
                      </Socket>
                  </AddonSockets>
                  <AddonSockets>
                      <Socket NamesBlock="MetalDetector, MinicraneUS, InternationalTranstar4070aSpareWheel" Offset="(0.695; 1.065; 0)" Names="LogLift">

                      </Socket>
                      <Socket NamesBlock="MinicraneUS, MetalDetector" Offset="(-4.962; 1.068; 0)" Names="BunkLog">

                      </Socket>
                      <Socket Offset="(-2.084; 1.064; 0)" Names="SaddleLow1">
                          <ExtraParent Offset="(0; 0; 0.01)" Frame="BoneChassis_cdt">

                          </ExtraParent>
                          <ExtraParent Offset="(0; 0; -0.01)" Frame="BoneChassis_cdt">

                          </ExtraParent>
                      </Socket>
                      <Socket Offset="(-1.2; 1.064; 0)" Names="SaddleHigh">
                          <ExtraParent Offset="(0; 0; 0.01)" Frame="BoneChassis_cdt">

                          </ExtraParent>
                          <ExtraParent Offset="(0; 0; -0.01)" Frame="BoneChassis_cdt">

                          </ExtraParent>
                      </Socket>
                      <Socket Offset="(-1; 1.063; 0)" Names="FrameAddon">
                        <AddonsShift Types="MinicraneUS" Offset="(-1; 0; 0)">

                        </AddonsShift>
                      </Socket>
                      <Socket NamesBlock="MinicraneUS, MetalDetector, Trailer" Offset="(-0.5; 1.068; 0)" Names="FrameAddonTowPlatform">

                      </Socket>
                      <Socket ParentFrame="BoneChassis_cdt" Offset="(-1.62; 1.14; 0)" Names="FrameAddonKung">
                          <ExtraParent Offset="(0; 0; -0.12)" Frame="BoneChassis_cdt">

                          </ExtraParent>
                          <ExtraParent Offset="(0; 0; 0.12)" Frame="BoneChassis_cdt">

                          </ExtraParent>
                      </Socket>
                      <Socket ParentFrame="BoneChassis_cdt" Offset="(-2; 1.063; 0)" Names="FrameAddonTank">

                      </Socket>
                      <Socket Offset="(-1.682; 1.065; 0)" NamesBlock="MinicraneUS, Semitrailer" Names="BigCraneUs">

                      </Socket>
                  </AddonSockets>
                  <AddonSockets>
                      <Socket NamesBlock="InternationalTranstar4070aSpareWheel, FrameAddonKung, FrameAddonTank, FrameAddon, BigCraneUs, BigCraneRu, SaddleHigh" Names="MetalDetector" ParentFrame="BoneChassis_cdt" Offset="(0.048; 0.011; 0)">

                      </Socket>
                      <Socket Offset="(0.9; 1.07; 0)" NamesBlock="FrameAddonKung, FrameAddonTank" Names="MinicraneUS">
                          <ExtraParent Offset="(0; 0; -0.025)" Frame="BoneChassis_cdt">

                          </ExtraParent>
                          <ExtraParent Offset="(0; 0; 0.025)" Frame="BoneChassis_cdt">

                          </ExtraParent>
                      </Socket>
                  </AddonSockets>
                  <AddonSockets DefaultAddon="international_transtar_4070a_bumper_default">
                    <Socket ParentFrame="BoneCabin_cdt" Offset="(0; 0; 0)" Names="InternationalTranstar4070Bumper">

                    </Socket>
                  </AddonSockets>
                  <AddonSockets DefaultAddon="international_transtar_4070a_exhaust">
                    <Socket ParentFrame="BoneChassis_cdt" Offset="(0; 0; 0)" Names="InternationalTranstar4070Exhaust">
                          <ExtraParent Frame="BoneCabin_cdt">

                          </ExtraParent>
                          <ExtraParent Frame="BoneRightExhaust">

                          </ExtraParent>
                    </Socket>
                  </AddonSockets>
                  <AddonSockets>
                    <Socket ParentFrame="BoneChassis_cdt" Offset="(0; 0; 0)" Names="InternationalTranstar4070Snorkel">
                          <ExtraParent Frame="BoneCabin_cdt">

                          </ExtraParent>
                          <ExtraParent Frame="BoneRightExhaust">

                          </ExtraParent>
                    </Socket>
                  </AddonSockets>
                  <AddonSockets DefaultAddon="international_transtar_4070a_horn_default">
                    <Socket ParentFrame="BoneCabinPrismatic_cdt" Offset="(0; 0; 0)" Names="InternationalTranstar4070Horn">

                    </Socket>
                  </AddonSockets>
                  <AddonSockets DefaultAddon="international_transtar_4070a_gabarite_default">
                    <Socket ParentFrame="BoneCabinPrismatic_cdt" Offset="(0; 0; 0)" Names="InternationalTranstar4070Gabarite">

                    </Socket>
                  </AddonSockets>
                  <AddonSockets>
                      <Socket ParentFrame="BoneCabinPrismatic_cdt" Offset="(0; 0; 0)" Names="InternationalTranstar4070Beacon">

                      </Socket>
                      <Socket ParentFrame="BoneCabinPrismatic_cdt" Offset="(0; 0; 0)" Names="InternationalTranstar4070AirConditioner">

                      </Socket>
                  </AddonSockets>
                  <AddonSockets>
                    <Socket ParentFrame="BoneCabinPrismatic_cdt" Offset="(0; 0; 0)" Names="InternationalTranstar4070Visor">

                    </Socket>
                  </AddonSockets>
                  <AddonSockets DefaultAddon="international_transtar_4070a_fender_default">
                    <Socket ParentFrame="BoneChassis_cdt" Offset="(0; 0; 0)" Names="InternationalTranstar4070Fender">
                        <ExtraParent Frame="BoneCabin_cdt">

                        </ExtraParent>
                    </Socket>
                  </AddonSockets>
                  <AddonSockets>
                    <Socket Names="StuffDashboard" InCockpit="true" ParentFrame="BoneCabinPrismatic_cdt" Offset="(3.126; 2.037; 0.508)">

                    </Socket>
                  </AddonSockets>
                  <AddonSockets>
                    <Socket ParentFrame="BoneCabinPrismatic_cdt" InCockpit="true" Names="internationalTranstar4070aSticker_1x1_01">

                    </Socket>
                  </AddonSockets>
                  <AddonSockets>
                    <Socket ParentFrame="BoneCabinPrismatic_cdt" InCockpit="true" Names="internationalTranstar4070aSticker_1x1_02">

                    </Socket>
                  </AddonSockets>
                  <AddonSockets>
                    <Socket ParentFrame="BoneCabinPrismatic_cdt" InCockpit="true" Names="internationalTranstar4070aSticker_1x1_03">

                    </Socket>
                  </AddonSockets>
                  <AddonSockets>
                    <Socket ParentFrame="BoneCabinPrismatic_cdt" InCockpit="true" Names="internationalTranstar4070aSticker_1x2_01">

                    </Socket>
                  </AddonSockets>
                  <AddonSockets>
                    <Socket ParentFrame="BoneVisor_cdt" InCockpit="true" Names="internationalTranstar4070aSticker_1x2_02">

                    </Socket>
                  </AddonSockets>
                  <AddonSockets>
                    <Socket ParentFrame="BoneCabinPrismatic_cdt" InCockpit="true" Names="internationalTranstar4070aSticker_1x2_03">

                    </Socket>
                  </AddonSockets>
                  <AddonSockets>
                    <Socket ParentFrame="BoneCabinPrismatic_cdt" InCockpit="true" Names="internationalTranstar4070ASticker_GlassTop">

                    </Socket>
                  </AddonSockets>
                  <AddonSockets>
                    <Socket ParentFrame="BoneCabinPrismatic_cdt" InCockpit="true" Names="internationalTranstar4070ASticker_GlassBottom">

                    </Socket>
                  </AddonSockets>
                  <AddonSockets>
                    <Socket ParentFrame="BoneCabinPrismatic_cdt" Names="internationalTranstar4070ASticker_Door_R">

                    </Socket>
                  </AddonSockets>
                  <AddonSockets>
                    <Socket ParentFrame="BoneCabinPrismatic_cdt" Names="internationalTranstar4070ASticker_Door_L">

                    </Socket>
                  </AddonSockets>
                  <AddonSockets>
                    <Socket ParentFrame="BoneCabinPrismatic_cdt" Names="internationalTranstar4070ASticker_Roof">

                    </Socket>
                  </AddonSockets>
                  <AddonSockets>
                      <Socket Names="StuffAirfreshener" InCockpit="true" ParentFrame="BoneCabinPrismatic_cdt" Offset="(2.95; 2.76; 0.129)">

                      </Socket>
                      <Socket ParentFrame="BoneCabinPrismatic_cdt" InCockpit="true" Names="StuffCurtainInternationalTranstar4070a">

                      </Socket>
                  </AddonSockets>
                  <AddonSockets DefaultAddon="zikz_5368_diff_lock_default">
                    <Socket ParentFrame="BoneChassis_cdt" Names="ZiKZ5368DiffLock" Offset="(0; 0; 0)">

                    </Socket>
                  </AddonSockets>
                    <WinchSocket Pos="(3.287; 0.7; -0.45)" ParentFrame="BoneCabin_cdt">

                    </WinchSocket>
                    <WinchSocket Pos="(3.287; 0.7; 0.45)" ParentFrame="BoneCabin_cdt">

                    </WinchSocket>
                    <WinchSocket Pos="(-0.42; 0.94; -0.44)">

                    </WinchSocket>
                    <WinchSocket Pos="(-0.42; 0.94; 0.44)">

                    </WinchSocket>
                    <WinchSocket Pos="(-3.285; 0.89; 0)">

                    </WinchSocket>
            <UiDesc UiDesc="UI_VEHICLE_INTERNATIONAL_TRANSTAR_4070A_DESC" UiIcon30x30="highwayVehicleImg30" UiName="UI_VEHICLE_INTERNATIONAL_TRANSTAR_4070A_NAME" UiIconLogo="InternationalNavistarLogo80" UiIcon40x40="highwayVehicleImg" UiIcon328x458="shopImgTranstar4070">

            </UiDesc>
      </GameData>
      <ControlledConstraints>
              <Constraint Name="TieRodSteer" IsLinkedSteering="true" Id="chassis_steer">

              </Constraint>
      </ControlledConstraints>
      <HeadLight ParentFrame="BoneCabinPrismatic_cdt" _template="Default" Pos="(3.357; 0.832; 0)">

      </HeadLight>
      <Landmark Mesh="landmarks/international_transtar_4070a_lmk" MaxScale="3.8" MinScale="1.8">

      </Landmark>
      <AutomaticIK>
                    <IKBone ParentFrame="BoneTieRod_cdt" ModelFrame="BoneTieRodHinge2">
                        <IKBone AttachToFrame="BoneRackL" AttachOffset="(0; 0; 0)" ModelFrame="BoneTieRodPrismatic">
                            <IKJoint AxisLocal="(1; 0; 0)" Type="Slider">

                            </IKJoint>
                        </IKBone>
                        <IKJoint AxisLocal="(1; 0; 0)" Type="Hinge2">

                        </IKJoint>
                    </IKBone>
      </AutomaticIK>
      <ModelAttachments>
                      <StopSignals>
                            <Flare _template="StopSignal" Pos="(-3.312; 0.742; -0.273)">

                            </Flare>
                            <Flare _template="StopSignal" Pos="(-3.312; 0.742; 0.273)">

                            </Flare>
                          <Light _template="StopSignal" Pos="(-3.376; 0.635; 0)">

                          </Light>
                      </StopSignals>
                      <Ignition>
                              <Flare Color="g(165; 149; 130) x 0.9" ParentFrame="BoneCabinPrismatic_cdt" Pos="(3.2; 1.017; -0.904)" DirAngle="120" Size="0.4" _template="IgnitionSignalWhite">

                              </Flare>
                              <Flare Color="g(165; 149; 130) x 0.9" ParentFrame="BoneCabinPrismatic_cdt" Pos="(3.2; 1.017; 0.904)" DirAngle="120" Size="0.4" _template="IgnitionSignalWhite">

                              </Flare>
                              <Flare Color="g(165; 149; 130) x 0.45" Pos="(3.26; 1.422; -0.788)" ParentFrame="BoneCabinPrismatic_cdt" Size="0.2" _template="IgnitionSignalWhite">

                              </Flare>
                              <Flare Color="g(165; 149; 130) x 0.45" Pos="(3.26; 1.422; 0.788)" ParentFrame="BoneCabinPrismatic_cdt" Size="0.2" _template="IgnitionSignalWhite">

                              </Flare>
                              <Flare ParentFrame="BoneCabinPrismatic_cdt" Size="0.3" Pos="(2.993; 1.666; -1.232)" _template="Beacon">

                              </Flare>
                              <Flare ParentFrame="BoneCabinPrismatic_cdt" Size="0.3" Pos="(2.993; 1.666; 1.232)" _template="Beacon">

                              </Flare>
                              <Flare Size="0.12" _template="IgnitionSignalRed" Pos="(-3.312; 0.742; -0.273)">

                              </Flare>
                              <Flare Size="0.12" _template="IgnitionSignalRed" Pos="(-3.312; 0.742; 0.273)">

                              </Flare>
                                <Light _template="IgnitionSignalWhite" Pos="(3.8; 1.013; 0.8)">

                                </Light>
                                <Light _template="IgnitionSignalWhite" Pos="(3.8; 1.013; -0.8)">

                                </Light>
                                <Light _template="IgnitionSignalRed" Pos="(-3.7; 1.025; -0)">

                                </Light>
                      </Ignition>
                      <HeadLight>
                                <Flare ParentFrame="BoneCabinPrismatic_cdt" _template="HeadLight" Pos="(3.182; 1.017; -0.904)">

                                </Flare>
                                <Flare ParentFrame="BoneCabinPrismatic_cdt" _template="HeadLight" Pos="(3.182; 1.017; 0.904)">

                                </Flare>
                                <Flare ParentFrame="BoneCabinPrismatic_cdt" _template="BlueStreak" Pos="(3.182; 1.017; -0.904)">

                                </Flare>
                                <Flare ParentFrame="BoneCabinPrismatic_cdt" _template="BlueStreak" Pos="(3.182; 1.017; 0.904)">

                                </Flare>
                                  <Model Org="(3.182; 1.017; -0.904)" _template="HeadLightRay" ParentFrame="BoneCabinPrismatic_cdt">

                                  </Model>
                                  <Model Org="(3.182; 1.017; 0.904)" _template="HeadLightRay" ParentFrame="BoneCabinPrismatic_cdt">

                                  </Model>
                      </HeadLight>
                      <ReverseSignals>
                                  <Flare Size="0.4" _template="ReverseSignal" Pos="(-3.312; 0.742; -0.273)">

                                  </Flare>
                                  <Flare Size="0.4" _template="ReverseSignal" Pos="(-3.312; 0.742; 0.273)">

                                  </Flare>
                                  <Flare Color="g(220; 220; 255) x 0.05" Pos="(-3.312; 0.742; -0.273)" Dir="(-1; 0; 0)" Size="0.4" _template="BlueStreak">

                                  </Flare>
                                  <Flare Color="g(220; 220; 255) x 0.05" Pos="(-3.312; 0.742; 0.273)" Dir="(-1; 0; 0)" Size="0.4" _template="BlueStreak">

                                  </Flare>
                                <Light _template="ReverseSignal" Pos="(-3.376; 0.635; 0)">

                                </Light>
                      </ReverseSignals>
      </ModelAttachments>
      <TruckData EngineIconMesh="env/engine_default" EngineStartDelay="0.8" TruckType="HIGHWAY" ExhaustStartTime="0.9" SteerSpeed="0.03" TruckImage="intertranstarmchr" DiffLockType="Uninstalled" Responsiveness="0.15" FuelCapacity="265" EngineIconScale="1.3" BackSteerSpeed="0.02">
                        <Driver ParentFrame="BoneCabinPrismatic_cdt" SteeringWheelPos="(2.793; 2.126; 0.718)" Pos="(2.406; 1.781; 0.718)" AnimationSet="HeavyTruck">

                        </Driver>
                        <Shafts>
                                <Shaft SocketPointB="Shaft1b" SocketPointA="Shaft1a">

                                </Shaft>
                                <Shaft SocketPointB="Shaft2b" SocketPointA="Shaft2a">

                                </Shaft>
                        </Shafts>
                        <FuelTank DamageCapacity="50">

                        </FuelTank>
                        <Dashboard>
                                    <Gauge Org="(2.968; 2.04; 0.803)" OutputAngles="(-120;120)" Mesh="trucks/arrows/international_transtar_4070a_arrow_01" Damping="0.9" InputRange="(0;160)" InputType="speed" Dir="(-0.795; 0.607; 0.001)">

                                    </Gauge>
                                    <Gauge Org="(2.967; 2.04; 0.63)" OutputAngles="(-130;130)" Mesh="trucks/arrows/international_transtar_4070a_arrow_01" Damping="0.9" InputRange="(0;1)" InputType="rpm" Dir="(-0.795; 0.607; 0.001)">

                                    </Gauge>
                                    <Gauge Org="(2.851; 1.948; 0.244)" OutputAngles="(-41;44)" Mesh="trucks/arrows/international_transtar_4070a_arrow_02" Damping="0.9" InputRange="(0;1)" InputType="fuel" Dir="(-0.901; 0.375; 0.219)">

                                    </Gauge>
                                    <Gauge Org="(2.851; 1.948; 0.173)" OutputAngles="(-32;5)" Mesh="trucks/arrows/international_transtar_4070a_arrow_02" Damping="0.9" InputRange="(0;1)" InputType="engineEnabled" Dir="(-0.901; 0.375; 0.219)">

                                    </Gauge>
                                    <Gauge Org="(2.855; 1.958; 0.106)" OutputAngles="(-130;-100)" Mesh="trucks/arrows/international_transtar_4070a_arrow_02" Damping="0.9" InputRange="(0;1)" InputType="engineEnabled" Dir="(-0.901; 0.375; 0.219)">

                                    </Gauge>
                                    <Gauge Org="(2.881; 2.019; 0.245)" OutputAngles="(-131;-30)" Mesh="trucks/arrows/international_transtar_4070a_arrow_02" Damping="0.9" InputRange="(0;1)" InputType="engineEnabled" Dir="(-0.901; 0.375; 0.219)">

                                    </Gauge>
                                    <Gauge Org="(2.881; 2.019; 0.174)" OutputAngles="(-150;90)" Mesh="trucks/arrows/international_transtar_4070a_arrow_02" Damping="0.9" InputRange="(0;1)" InputType="engineEnabled" Dir="(-0.901; 0.375; 0.219)">

                                    </Gauge>
                                    <Gauge Org="(2.968; 2.04; 0.63)" OutputAngles="(-130;45)" Mesh="trucks/arrows/international_transtar_4070a_arrow_03" Damping="0.9" InputRange="(0;1)" InputType="engineEnabled" Dir="(-0.795; 0.607; 0.001)">

                                    </Gauge>
                                    <Gauge Org="(2.969; 2.039; 0.63)" OutputAngles="(-130;85)" Mesh="trucks/arrows/international_transtar_4070a_arrow_03" Damping="0.9" InputRange="(0;1)" InputType="engineEnabled" Dir="(-0.795; 0.607; 0.001)">

                                    </Gauge>
                        </Dashboard>
                        <SoundsWheels _template="Default">

                        </SoundsWheels>
                        <GearboxSocket Default="g_truck_default" Type="gearboxes_trucks">

                        </GearboxSocket>
                                      <Steam Origin="(1.949; 1.274; 0)">

                                      </Steam>
                                      <Steam ParentFrame="BoneCabin_cdt" Origin="(2.617; 0.926; 0)" Scale="0.5">

                                      </Steam>
                        <Sounds DisableReversePitch="false" MinDist="10.0" Origin="(2.2; 1.25; 0)" ParentFrame="BoneCabin_cdt" AirHissInterval="12.0" _template="Default">
                                          <BrakesSqueal Sound="trucks/int_transtar_4070a/int_transtar_4070a_brakes_squeal">

                                          </BrakesSqueal>
                                          <AbruptStop Sound="trucks/common/truck_swing_big_rnd_set/truck_swing_big_rnd">

                                          </AbruptStop>
                                          <EngineLow Sound="trucks/int_transtar_4070a/int_transtar_4070a_low">

                                          </EngineLow>
                                          <EngineRev Sound="trucks/int_transtar_4070a/int_transtar_4070a_rev">

                                          </EngineRev>
                                          <EngineAccel Sound="trucks/int_transtar_4070a/int_transtar_4070a_acc">

                                          </EngineAccel>
                                          <Honk Sound="trucks/int_transtar_4070a/int_transtar_4070a_honk">

                                          </Honk>
                                          <EngineStop Sound="trucks/int_transtar_4070a/int_transtar_4070a_stop">

                                          </EngineStop>
                                          <Handbrake Sound="trucks/int_transtar_4070a/int_transtar_4070a_handbrake_on">

                                          </Handbrake>
                                          <EngineIdle_2d IsSound2D="true" Sound="trucks/int_transtar_4070a/int_transtar_4070a_idle_2d">

                                          </EngineIdle_2d>
                                          <HandbrakeOff Sound="trucks/int_transtar_4070a/int_transtar_4070a_handbrake_off">

                                          </HandbrakeOff>
                                          <EngineTurbo Sound="">

                                          </EngineTurbo>
                                          <EngineHigh_2d IsSound2D="true" Sound="trucks/int_transtar_4070a/int_transtar_4070a_high_2d">

                                          </EngineHigh_2d>
                                          <EngineIdle Sound="trucks/int_transtar_4070a/int_transtar_4070a_idle">

                                          </EngineIdle>
                                          <EngineStart Sound="trucks/int_transtar_4070a/int_transtar_4070a_start">

                                          </EngineStart>
                                          <EngineHigh Sound="trucks/int_transtar_4070a/int_transtar_4070a_high">

                                          </EngineHigh>
                                          <BrakePull Sound="trucks/int_transtar_4070a/int_transtar_4070a_brake_pull">

                                          </BrakePull>
                                          <EngineLow_2d IsSound2D="true" Sound="trucks/int_transtar_4070a/int_transtar_4070a_low_2d">

                                          </EngineLow_2d>
                                          <EngineHeavy Sound="">

                                          </EngineHeavy>
                                          <BrakeRelease Sound="trucks/int_transtar_4070a/int_transtar_4070a_brake_release">

                                          </BrakeRelease>
                                          <Reverse Sound="trucks/int_transtar_4070a/int_transtar_4070a_reverse">

                                          </Reverse>
                        </Sounds>
                        <Intake Size="1" Origin="(3.335; 1.221; 0)" Dir="(1; 0; 0)">

                        </Intake>
                        <SoundsDamage _template="Heavy">

                        </SoundsDamage>
                        <Damage>
                                                  <DamageArea Max="(3.3; 1.9; 0.6)" Type="Engine" ParentFrame="BoneCabin_cdt" Min="(1.9; 0.55; -0.6)">

                                                  </DamageArea>
                                                  <DamageArea Max="(1.7; 1.1; 1.25)" Type="FuelTank" ParentFrame="BoneChassis_cdt" Min="(0.6; 0.37; -1.25)">

                                                  </DamageArea>
                        </Damage>
                        <Camera ParentFrame="BoneCabin_cdt" Center="(-1.5; 0; 0)">
                                                  <Cockpit WindshieldShadingTexture="trucks/international_transtar_4070a_glass__sh_d.tga" WindshieldDiffuseTexture="trucks/international_transtar_4070a_glass__d_a.tga" _template="Default" ViewPos="(2.245; 2.482; 0.718)">
                                                        <Mirror LookAtOffset="(0; 0; 0.05)" ClipDir="(-0.9; -0.006; -0.436)" ClipOffset="0.075" FOVScale="1.8" ReflectionDir="(-0.9; -0.006; -0.436)" Size="(0.185; 0.397)" MeshFrame="mirror_left" Pos="(2.652; 2.385; 1.402)">

                                                        </Mirror>
                                                        <Mirror FOVScale="2.4" Pos="(2.648; 2.382; -1.404)" ClipDir="(-0.783; 0.007; 0.622)" ReflectionDir="(-0.783; 0.007; 0.622)" Size="(0.185; 0.397)" ClipOffset="0.1" MeshFrame="mirror_right">

                                                        </Mirror>
                                                      <Rear ViewPosOffset="(0.1; -0.1; 0.7)">

                                                      </Rear>
                                                  </Cockpit>
                        </Camera>
                        <Shakers>
                                                      <Shaker Frame="BoneRightExhaust" ParentFrame="BoneCabin_cdt" MaxAngle="(0.5; 0.5; 0.5)" MaxFrequency="1">

                                                      </Shaker>
                                                      <Shaker Frame="BoneGearstick" ParentFrame="BoneCabinPrismatic_cdt" MaxAngle="(1; 1; 1)" MaxFrequency="0.1">

                                                      </Shaker>
                                                      <Shaker Frame="BoneHandle" ParentFrame="BoneCabinPrismatic_cdt" MaxAngle="(0; 0; 1)" MaxFrequency="0.1">

                                                      </Shaker>
                        </Shakers>
                        <SuspensionSocket Default="transtar_4070a_suspension_default" Type="s_international_transtar_4070a" MaxWheelRadiusWithoutSuspension="0.27">

                        </SuspensionSocket>
                        <Wheels DefaultTire="highway_1" DefaultWheelType="wheels_medium_double" DefaultRim="rim_1">
                                                          <Wheel _template="FrontWheel" Pos="(2.59; 0.561; 1)">

                                                          </Wheel>
                                                          <Wheel Pos="(2.59; 0.561; 1)" _template="FrontWheel" RightSide="true">

                                                          </Wheel>
                                                          <Wheel _template="RearWheel" Pos="(-1.456; 0.559; 0.913)">

                                                          </Wheel>
                                                          <Wheel Pos="(-1.456; 0.559; 0.913)" _template="RearWheel" RightSide="true">

                                                          </Wheel>
                                                          <Wheel _template="RearWheel" Pos="(-2.716; 0.559; 0.913)">

                                                          </Wheel>
                                                          <Wheel Pos="(-2.716; 0.559; 0.913)" _template="RearWheel" RightSide="true">

                                                          </Wheel>
                        </Wheels>
                        <Axles>
                                                            <Axle Frame="BoneAxle1">

                                                            </Axle>
                                                            <Axle Frame="BoneAxle2">

                                                            </Axle>
                                                            <Axle Frame="BoneAxle3">

                                                            </Axle>
                        </Axles>
                        <EngineSocket Default="us_truck_old_engine_0" Type="e_us_truck_old, e_us_truck_old_4070">

                        </EngineSocket>
                        <OcclusionMap HalfSizeZ="1.7" MinX="-3.5" MaxX="3.8">

                        </OcclusionMap>
                                                              <LimitedFluid Type="Cylinder" Center="(1.064; 0.735; -0.88)" LengthX="0.765" RadiusZ="0.349" RadiusY="0.349">

                                                              </LimitedFluid>
                                                              <LimitedFluid Type="Cylinder" Center="(1.064; 0.735; 0.88)" LengthX="0.765" RadiusZ="0.349" RadiusY="0.349">

                                                              </LimitedFluid>
                        <WinchUpgradeSocket Default="w_medium_trucks_default" IsUpgradable="true" Type="winches_medium_trucks">

                        </WinchUpgradeSocket>
                        <SteeringWheel Frame="BoneSteering">

                        </SteeringWheel>
                                                                    <CompatibleWheels Scale="0.5" Type="wheels_medium_double">

                                                                    </CompatibleWheels>
                                                                    <CompatibleWheels Scale="0.53" Type="wheels_medium_double">

                                                                    </CompatibleWheels>
                        <SteeringRack RackHalfSizeZ="0.756" Frame="BoneRack" FrameSteerLeft="BoneRackL" FrameSteerRight="BoneRackR">

                        </SteeringRack>
      </TruckData>
  </Truck>
  <_templates Include="trucks">
        <Wheel>
            <RearWheel Torque="default" Location="rear" ConnectedToHandbrake="true">

            </RearWheel>
            <FrontWheel SteeringCastor="2" Torque="none" ParentFrame="BoneCabin_cdt" SteeringJointOffset="0.16" SteeringAngle="40" Location="front">

            </FrontWheel>
        </Wheel>
        <Body>
              <SideMirror Collisions="None" Mass="5">
                  <Constraint MinLimit="-15" Type="Hinge" MaxLimit="15" AxisLocal="(0; 1; 0)">
                      <Motor Spring="250" Type="Spring" Damping="5">

                      </Motor>
                  </Constraint>
              </SideMirror>
        </Body>
  </_templates>