  <Truck>
      <PhysicsModel Mesh="trucks/international_paystar_5070">
          <NetSync Legacy="false">

          </NetSync>
          <Body CenterOfMassOffset="(-0.3; 0; 0)" ImpactType="Truck" NetSync="pv" ModelFrame="BoneChassis_cdt" Mass="5000">
                <Body CenterOfMassOffset="(-0.5; 0; 0)" ImpactType="Truck" NetSync="pv" ModelFrame="BoneCabin_cdt" Mass="4000">
                    <Constraint Type="Hinge" MaxLimit="22" PivotOffset="(0; 0; 0)" AxisLocal="(1; 0; 0)" MinLimit="-22">
                        <Motor Spring="600000" Type="Spring" Damping="0.001">

                        </Motor>
                    </Constraint>
                        <Body _template="TieRod" ModelFrame="BoneTieRod_L_cdt">
                          <Constraint MinLimit="-30" Name="TieRodSteerL" MaxLimit="30" AxisLocal="(0; 0; 1)">

                          </Constraint>
                        </Body>
                        <Body _template="TieRod" ModelFrame="BoneTieRod_R_cdt">
                          <Constraint MinLimit="-30" Name="TieRodSteerR" MaxLimit="30" AxisLocal="(0; 0; 1)">

                          </Constraint>
                        </Body>
                        <Body _template="Mudguard" ModelFrame="BoneLeftMudguard_cdt">
                          <Constraint MaxLimit="15" AxisLocal="(0; 0; 1)" MinLimit="-20">

                          </Constraint>
                        </Body>
                        <Body _template="Mudguard" ModelFrame="BoneRightMudguard_cdt">
                          <Constraint MaxLimit="15" AxisLocal="(0; 0; 1)" MinLimit="-6">

                          </Constraint>
                        </Body>
                        <Body _template="SideMirror" ModelFrame="BoneMirrorLeft_cdt">
                          <Constraint MaxLimit="10" AxisLocal="(0; 1; 0)" MinLimit="-10">
                              <Motor Spring="40" Type="Spring" Damping="0.5">

                              </Motor>
                          </Constraint>
                        </Body>
                        <Body _template="SideMirror" ModelFrame="BoneMirrorRight_cdt">
                          <Constraint MaxLimit="10" AxisLocal="(0; 1; 0)" MinLimit="-10">
                              <Motor Spring="40" Type="Spring" Damping="0.5">

                              </Motor>
                          </Constraint>
                        </Body>
                        <Body AngularDamping="2" _template="BoneSunshield" ModelFrame="BoneSunshieldLeft_cdt">

                        </Body>
                        <Body AngularDamping="2" _template="BoneSunshield" ModelFrame="BoneSunshieldRight_cdt">
                          <Constraint MaxLimit="5" MinLimit="-5">

                          </Constraint>
                        </Body>
                </Body>
          </Body>
      </PhysicsModel>
      <GameData Country="US" Price="63400" UnlockByRank="1" UnlockByExploration="false">
            <CustomizationCameras>
                  <CameraPos Interior="true" Position="(6.369; 4.756; -0.739)" FOV="32.0" InterestPosition="(3.063; 0.409; 0.035)" Name="roof_sticker">

                  </CameraPos>
                  <CameraPos Interior="true" Position="(4.468; 2.525; -0.512)" FOV="32.0" InterestPosition="(5.888; 3.28; 1.296)" Name="sticker_1">

                  </CameraPos>
                  <CameraPos InterestPosition="(-0.405; 2.05; -0)" Name="addon_1" MaxXRotation="360" Position="(-9.463; 4.013; 6.741)" MaxZoom="2" FOV="32.0" MaxYRotation="360">

                  </CameraPos>
                  <CameraPos InterestPosition="(5.849; 1.487; 0)" Name="addon_2" MaxXRotation="360" Position="(8.761; 3.371; 3.758)" MaxZoom="2" FOV="32.0" MaxYRotation="360">

                  </CameraPos>
                  <CameraPos Interior="true" Position="(4.223; 2.608; -0.586)" FOV="32.0" InterestPosition="(5.888; 2.576; 1.435)" Name="mirror_mount">

                  </CameraPos>
                  <CameraPos InterestPosition="(4.764; 1.644; -0)" Name="side_r" MaxXRotation="360" Position="(-0.24; 4.055; -4.516)" MaxZoom="2" FOV="32.0" MaxYRotation="360">

                  </CameraPos>
                  <CameraPos Interior="true" Position="(4.462; 2.484; 0.065)" FOV="32.0" InterestPosition="(5.888; 1.519; 2.064)" Name="sticker">

                  </CameraPos>
                  <CameraPos Interior="true" Position="(7.707; 3.387; 1.273)" FOV="32.0" InterestPosition="(4.065; 1.994; -1.299)" Name="glass_sticker">

                  </CameraPos>
                  <CameraPos InterestPosition="(4.213; 2.014; -0)" Name="roof" MaxXRotation="360" Position="(9.246; 4.096; -2.065)" MaxZoom="2" FOV="32.0" MaxYRotation="360">

                  </CameraPos>
                  <CameraPos Interior="true" Position="(8.565; 4.067; -1.164)" FOV="32.0" InterestPosition="(3.864; -0.093; 0.579)" Name="capote_sticker">

                  </CameraPos>
                  <CameraPos InterestPosition="(5.275; 1.623; 0)" Name="hoods" MaxXRotation="360" Position="(12.823; 1.44; -4.73)" MaxZoom="2" FOV="32.0" MaxYRotation="360">

                  </CameraPos>
                  <CameraPos Interior="true" Position="(4.742; 2.656; -0.595)" FOV="32.0" InterestPosition="(5.888; 1.041; 0.893)" Name="sticker_2">

                  </CameraPos>
                  <CameraPos InterestPosition="(3.034; 0.721; 0)" Name="side_l" MaxXRotation="360" Position="(1.229; 2.648; -3.37)" MaxZoom="2" FOV="32.0" MaxYRotation="360">

                  </CameraPos>
                  <CameraPos Interior="true" Position="(4.517; 2.537; -0.189)" FOV="32.0" InterestPosition="(5.888; 1.947; 1.435)" Name="bubble_head">

                  </CameraPos>
                  <CameraPos InterestPosition="(4.756; 1.133; -0)" Name="wheels" MaxXRotation="360" Position="(-4.539; 2.191; -5.755)" MaxZoom="2" FOV="32.0" MaxYRotation="360">

                  </CameraPos>
                  <CameraPos InterestPosition="(5.275; 1.623; 0)" Name="default" MaxXRotation="360" Position="(12.823; 1.44; -4.73)" MaxZoom="2" FOV="32.0" MaxYRotation="360">

                  </CameraPos>
                  <CameraPos InterestPosition="(-0.074; 1.102; -0)" Name="rear" MaxXRotation="360" Position="(-5.876; 2.065; 4.05)" MaxZoom="2" FOV="32.0" MaxYRotation="360">

                  </CameraPos>
                  <CameraPos Interior="true" Position="(3.593; 1.99; -2.661)" FOV="32.0" InterestPosition="(8.039; 1.412; 3.363)" Name="door_l_sticker">

                  </CameraPos>
            </CustomizationCameras>
                <CraneSocket Pos="(3.067; 1.022; 0)" ParentFrame="BoneCabin_cdt">

                </CraneSocket>
                <CraneSocket Pos="(-5.288; 0.9; 0)">

                </CraneSocket>
                <CraneSocket Pos="(-0.894; 1.076; -0.483)">

                </CraneSocket>
                <CraneSocket Pos="(-0.894; 1.076; 0.483)">

                </CraneSocket>
                  <AddonSockets>
                    <Socket ParentFrame="BoneChassis_cdt" Offset="(0; 0; 0)" Names="InternationalPaystar5070SpareWheel">
                        <ExtraParent Frame="BoneCabin_cdt">

                        </ExtraParent>
                    </Socket>
                  </AddonSockets>
                  <AddonSockets>
                      <Socket Offset="(-2.9; 1.7; 0)" Names="LargeSemitrailer, LargeSemitrailerOiltank">

                      </Socket>
                      <Socket Offset="(-3.734; 1.53; 0)" Names="Semitrailer, SemitrailerOiltank">

                      </Socket>
                      <Socket Offset="(-5.35; 0.9; 0)" Names="Trailer">

                      </Socket>
                  </AddonSockets>
                  <AddonSockets>
                      <Socket Offset="(-0.433; 1.235; 0)" NamesBlock="MetalDetector, MinicraneUS" Names="LogLift">
                          <AddonsShift Types="InternationalPaystar5070CabinProtector" Offset="(-0.7; 0; 0)">

                          </AddonsShift>
                          <AddonsShift Types="InternationalPaystar5070SpareWheel" Offset="(-0.7; 0; 0)">

                          </AddonsShift>
                          <AddonsShift Types="InternationalPaystar5070SpareWheel, InternationalPaystar5070CabinProtector" Offset="(0.7; 0; 0)">

                          </AddonsShift>
                      </Socket>
                      <Socket Offset="(-6.86; 1.234; 0)" NamesBlock="MinicraneUS, MetalDetector" Names="BunkLog">

                      </Socket>
                      <Socket Offset="(-2.76; 1.231; 0)" NamesBlock="MinicraneUS, MetalDetector, InternationalPaystar5070CabinProtector" Names="FrameAddonLogShort">

                      </Socket>
                      <Socket Offset="(-2.76; 1.231; 0)" NamesBlock="MinicraneUS, MetalDetector, InternationalPaystar5070CabinProtector" Names="FrameAddonLogMedium">

                      </Socket>
                      <Socket Offset="(-3.734; 1.21; 0)" Names="SaddleLow">

                      </Socket>
                      <Socket Offset="(-2.9; 1.21; 0)" Names="SaddleHigh">

                      </Socket>
                      <Socket NamesBlock="MinicraneUS, MetalDetector, InternationalPaystar5070CabinProtector, Trailer" Offset="(-2.05; 1.23; 0)" Names="FrameAddonTowPlatform">

                      </Socket>
                      <Socket ParentFrame="BoneChassis_cdt" Offset="(-2.7; 1.23; 0)" Names="FrameAddon">
                          <AddonsShift Types="MinicraneUS" Offset="(-0.93; 0; 0)">

                          </AddonsShift>
                          <AddonsShift Types="InternationalPaystar5070CabinProtector" Offset="(-0.91; 0; 0)">

                          </AddonsShift>
                      </Socket>
                      <Socket NamesBlock="InternationalPaystar5070CabinProtector" Names="FrameAddonKung" ParentFrame="BoneChassis_cdt" Offset="(-3.3; 1.3; 0)">
                          <ExtraParent Offset="(0; 0; -0.1)" Frame="BoneChassis_cdt">

                          </ExtraParent>
                          <ExtraParent Offset="(0; 0; 0.1)" Frame="BoneChassis_cdt">

                          </ExtraParent>
                      </Socket>
                      <Socket NamesBlock="InternationalPaystar5070CabinProtector" Names="FrameAddonTank" ParentFrame="BoneChassis_cdt" Offset="(-3.46; 1.23; 0)">

                      </Socket>
                      <Socket Offset="(-3.182; 1.247; 0)" NamesBlock="MinicraneUS, Semitrailer, InternationalPaystar5070CabinProtector" Names="BigCraneUs">

                      </Socket>
                      <Socket NamesBlock="MinicraneUS, Trailer, InternationalPaystar5070CabinProtector" Names="FrameAddonSeismicVibrator" ParentFrame="BoneChassis_cdt" Offset="(-0.68; 1.231; 0)">

                      </Socket>
                      <Socket NamesBlock="Trailer, MinicraneUS, InternationalPaystar5070CabinProtector" Names="FrameAddonMaintainer" ParentFrame="BoneChassis_cdt" Offset="(-3.4; 0.2; 0)">

                      </Socket>
                    <AddonSockets>

                    </AddonSockets>
                  </AddonSockets>
                  <AddonSockets>
                      <Socket NamesBlock="SemitrailerOiltank, InternationalPaystar5070SpareWheel, FrameAddonKung, FrameAddonTank, FrameAddonSeismicVibrator, FrameAddonMaintainer, FrameAddon, BigCraneUs, BigCraneRu, SaddleHigh" Names="MetalDetector" ParentFrame="BoneChassis_cdt" Offset="(-1.864; 0.178; 0)">

                      </Socket>
                      <Socket Offset="(-0.73; 1.23; 0)" NamesBlock="FrameAddonKung, FrameAddonTank, InternationalPaystar5070CabinProtector" Names="MinicraneUS">
                          <ExtraParent Offset="(0; 0; -0.025)" Frame="BoneChassis_cdt">

                          </ExtraParent>
                          <ExtraParent Offset="(0; 0; 0.025)" Frame="BoneChassis_cdt">

                          </ExtraParent>
                      </Socket>
                  </AddonSockets>
                  <AddonSockets DefaultAddon="international_paystar_5070_bumper_default">
                    <Socket ParentFrame="BoneCabin_cdt" Offset="(0; 0; 0)" Names="InternationalPaystar5070Bumper">

                    </Socket>
                  </AddonSockets>
                  <AddonSockets DefaultAddon="international_paystar_5070_exhaust_default">
                    <Socket ParentFrame="BoneCabin_cdt" Offset="(0; 0; 0)" Names="InternationalPaystar5070Exhaust">

                    </Socket>
                  </AddonSockets>
                  <AddonSockets DefaultAddon="international_paystar_5070_fender_default">
                    <Socket ParentFrame="BoneChassis_cdt" Offset="(0; 0; 0)" Names="InternationalPaystar5070Fender">

                    </Socket>
                  </AddonSockets>
                  <AddonSockets DefaultAddon="international_paystar_5070_diff_lock_default">
                    <Socket ParentFrame="BoneChassis_cdt" Offset="(0; 0; 0)" Names="international_paystar_5070DiffLock">

                    </Socket>
                  </AddonSockets>
                  <AddonSockets DefaultAddon="international_paystar_5070_horn_default">
                    <Socket ParentFrame="BoneCabin_cdt" Offset="(0; 0; 0)" Names="InternationalPaystar5070Horn">

                    </Socket>
                  </AddonSockets>
                  <AddonSockets DefaultAddon="international_paystar_5070_gabarite_default">
                    <Socket ParentFrame="BoneCabin_cdt" Offset="(0; 0; 0)" Names="InternationalPaystar5070Gabarite">

                    </Socket>
                  </AddonSockets>
                  <AddonSockets>
                    <Socket ParentFrame="BoneCabin_cdt" Offset="(0; 0; 0)" Names="InternationalPaystar5070Visor">

                    </Socket>
                  </AddonSockets>
                  <AddonSockets>
                    <Socket ParentFrame="BoneCabin_cdt" Offset="(0; 0; 0)" Names="InternationalPaystar5070Beacon">

                    </Socket>
                  </AddonSockets>
                  <AddonSockets>
                    <Socket ParentFrame="BoneCabin_cdt" Offset="(0; 0; 0)" Names="InternationalPaystar5070CabinProtector">

                    </Socket>
                  </AddonSockets>
                  <AddonSockets>
                    <Socket ParentFrame="BoneCabin_cdt" Offset="(0; 0; 0)" Names="InternationalPaystar5070Snorkel">

                    </Socket>
                  </AddonSockets>
                  <AddonSockets>
                    <Socket Names="StuffDashboard" InCockpit="true" ParentFrame="BoneCabin_cdt" Offset="(1.118; 2.278; -0.138)">

                    </Socket>
                  </AddonSockets>
                  <AddonSockets>
                    <Socket ParentFrame="BoneCabin_cdt" InCockpit="true" Names="internationalPaystar5070Sticker_1x1_01">

                    </Socket>
                  </AddonSockets>
                  <AddonSockets>
                    <Socket ParentFrame="BoneCabin_cdt" InCockpit="true" Names="internationalPaystar5070Sticker_1x1_02">

                    </Socket>
                  </AddonSockets>
                  <AddonSockets>
                    <Socket ParentFrame="BoneCabin_cdt" InCockpit="true" Names="internationalPaystar5070Sticker_1x1_03">

                    </Socket>
                  </AddonSockets>
                  <AddonSockets>
                    <Socket ParentFrame="BoneCabin_cdt" InCockpit="true" Names="internationalPaystar5070Sticker_1x2_01">

                    </Socket>
                  </AddonSockets>
                  <AddonSockets>
                    <Socket ParentFrame="BoneCabin_cdt" InCockpit="true" Names="internationalPaystar5070Sticker_1x2_02">

                    </Socket>
                  </AddonSockets>
                  <AddonSockets>
                    <Socket ParentFrame="BoneCabin_cdt" InCockpit="true" Names="internationalPaystar5070Sticker_1x2_03">

                    </Socket>
                  </AddonSockets>
                  <AddonSockets>
                    <Socket ParentFrame="BoneCabin_cdt" InCockpit="true" Names="internationalPaystar5070Sticker_GlassTop">

                    </Socket>
                  </AddonSockets>
                  <AddonSockets>
                    <Socket ParentFrame="BoneCabin_cdt" InCockpit="true" Names="internationalPaystar5070Sticker_GlassBottom">

                    </Socket>
                  </AddonSockets>
                  <AddonSockets>
                    <Socket ParentFrame="BoneCabin_cdt" Names="internationalPaystar5070Sticker_Door_L">

                    </Socket>
                  </AddonSockets>
                  <AddonSockets>
                    <Socket ParentFrame="BoneCabin_cdt" Names="internationalPaystar5070Sticker_Roof">

                    </Socket>
                  </AddonSockets>
                  <AddonSockets>
                    <Socket ParentFrame="BoneCabin_cdt" Names="internationalPaystar5070Sticker_Capote">

                    </Socket>
                  </AddonSockets>
                  <AddonSockets>
                    <Socket Names="StuffAirfreshener" InCockpit="true" ParentFrame="BoneCabin_cdt" Offset="(1.092; 2.789; 0.038)">

                    </Socket>
                  </AddonSockets>
                    <WinchSocket Pos="(3.067; 1.022; 0)" ParentFrame="BoneCabin_cdt">

                    </WinchSocket>
                    <WinchSocket Pos="(-5.288; 0.9; 0)">

                    </WinchSocket>
                    <WinchSocket Pos="(-0.894; 1.076; -0.483)">

                    </WinchSocket>
                    <WinchSocket Pos="(-0.894; 1.076; 0.483)">

                    </WinchSocket>
            <UiDesc UiDesc="UI_VEHICLE_INTERNATIONAL_PAYSTAR_5070_DESC" UiIcon30x30="offroadVehicleImg30" UiName="UI_VEHICLE_INTERNATIONAL_PAYSTAR_5070_NAME" UiIconLogo="InternationalNavistarLogo80" UiIcon40x40="offroadVehicleImg" UiIcon328x458="shopImgInternationalPaystar5070">

            </UiDesc>
      </GameData>
      <ControlledConstraints>
                <Constraint Name="TieRodSteerL" IsLinkedSteering="true" Id="chassis_steer">

                </Constraint>
                <Constraint Name="TieRodSteerR" IsLinkedSteering="true" Id="chassis_steer">

                </Constraint>
      </ControlledConstraints>
      <HeadLight ParentFrame="BoneCabin_cdt" _template="Default" Pos="(3.25; 0.535; 0)">

      </HeadLight>
      <Landmark Mesh="landmarks/international_paystar_5070_lmk" MaxScale="3.8" MinScale="1.8">

      </Landmark>
      <AutomaticIK>
                      <IKBone ParentFrame="BoneTieRod_L_cdt" ModelFrame="BoneTieRodHinge2_L">
                        <IKBone AttachToFrame="BoneRackLeft" AttachOffset="(0; 0; 0)" ModelFrame="BoneTieRodPrismatic_L">
                            <IKJoint AxisLocal="(1; 0; 0)" Type="Slider">

                            </IKJoint>
                        </IKBone>
                        <IKJoint AxisLocal="(1; 0; 0)" Type="Hinge2">

                        </IKJoint>
                      </IKBone>
                      <IKBone ParentFrame="BoneTieRod_R_cdt" ModelFrame="BoneTieRodHinge2_R">
                        <IKBone AttachToFrame="BoneRackRight" AttachOffset="(0; 0; 0)" ModelFrame="BoneTieRodPrismatic_R">
                            <IKJoint AxisLocal="(1; 0; 0)" Type="Slider">

                            </IKJoint>
                        </IKBone>
                        <IKJoint AxisLocal="(1; 0; 0)" Type="Hinge2">

                        </IKJoint>
                      </IKBone>
      </AutomaticIK>
      <ModelAttachments>
                      <StopSignals>
                            <Flare Size="0.8" _template="StopSignal" Pos="(-5.204; 1.1; -0.697)">

                            </Flare>
                            <Flare Size="0.8" _template="StopSignal" Pos="(-5.204; 1.1; 0.697)">

                            </Flare>
                          <Light _template="StopSignal" Pos="(-5.283; 1.076; 0)">

                          </Light>
                      </StopSignals>
                      <Ignition>
                              <Flare ParentFrame="BoneCabin_cdt" Size="0.6" Pos="(2.39; 1.681; 1.005)" _template="Beacon">

                              </Flare>
                              <Flare ParentFrame="BoneCabin_cdt" Size="0.6" Pos="(2.39; 1.681; -1.005)" _template="Beacon">

                              </Flare>
                              <Flare ParentFrame="BoneCabin_cdt" Size="0.2" Pos="(2.395; 1.171; -1.198)" _template="Beacon">

                              </Flare>
                              <Flare ParentFrame="BoneCabin_cdt" Size="0.2" Pos="(2.395; 1.171; 1.198)" _template="Beacon">

                              </Flare>
                              <Flare _template="IgnitionSignalRed" Pos="(-5.206; 1.08; 0.697)">

                              </Flare>
                              <Flare _template="IgnitionSignalRed" Pos="(-5.206; 1.08; -0.697)">

                              </Flare>
                              <Flare DirAngle="120" ParentFrame="BoneCabin_cdt" _template="IgnitionSignalWhite" Pos="(2.532; 1.406; -0.912)">

                              </Flare>
                              <Flare DirAngle="120" ParentFrame="BoneCabin_cdt" _template="IgnitionSignalWhite" Pos="(2.532; 1.406; 0.912)">

                              </Flare>
                                <Light _template="IgnitionSignalWhite" Pos="(3.25; 1.013; 0.9)">

                                </Light>
                                <Light _template="IgnitionSignalWhite" Pos="(3.25; 1.013; -0.9)">

                                </Light>
                                <Light _template="IgnitionSignalRed" Pos="(-5.23; 1.050; 0)">

                                </Light>
                      </Ignition>
                      <HeadLight>
                                <Flare ParentFrame="BoneCabin_cdt" _template="HeadLight" Pos="(2.478; 1.406; 0.912)">

                                </Flare>
                                <Flare ParentFrame="BoneCabin_cdt" _template="HeadLight" Pos="(2.478; 1.406; -0.912)">

                                </Flare>
                                <Flare ParentFrame="BoneCabin_cdt" _template="BlueStreak" Pos="(2.478; 1.406; 0.912)">

                                </Flare>
                                <Flare ParentFrame="BoneCabin_cdt" _template="BlueStreak" Pos="(2.478; 1.406; -0.912)">

                                </Flare>
                                  <Model Org="(2.478; 1.406; 0.912)" _template="HeadLightRay" ParentFrame="BoneCabin_cdt">

                                  </Model>
                                  <Model Org="(2.478; 1.406; -0.912)" _template="HeadLightRay" ParentFrame="BoneCabin_cdt">

                                  </Model>
                      </HeadLight>
                      <ReverseSignals>
                                  <Flare Size="0.7" _template="ReverseSignal" Pos="(-5.204; 1.164; 0.697)">

                                  </Flare>
                                  <Flare Size="0.7" _template="ReverseSignal" Pos="(-5.204; 1.164; -0.697)">

                                  </Flare>
                                  <Flare Color="g(220; 220; 255) x 0.05" Pos="(-5.22; 1.164; 0.697)" Dir="(-1; 0; 0)" Size="0.4" _template="BlueStreak">

                                  </Flare>
                                  <Flare Color="g(220; 220; 255) x 0.05" Pos="(-5.22; 1.164; -0.697)" Dir="(-1; 0; 0)" Size="0.4" _template="BlueStreak">

                                  </Flare>
                                    <Light _template="ReverseSignal" Pos="(-5.204; 1.164; 0.697)">

                                    </Light>
                                    <Light _template="ReverseSignal" Pos="(-5.204; 1.164; -0.697)">

                                    </Light>
                      </ReverseSignals>
      </ModelAttachments>
      <TruckData EngineIconMesh="env/engine_default" EngineStartDelay="0.8" TruckType="OFFROAD" ExhaustStartTime="0.9" SteerSpeed="0.022" TruckImage="InternationalPaystar5070mchr" DiffLockType="Installed" Responsiveness="0.15" FuelCapacity="240" EngineIconScale="1.3" BackSteerSpeed="0.016">
                        <Driver ParentFrame="BoneCabin_cdt" SteeringWheelPos="(0.808; 2.235; 0.509)" Pos="(0.39; 1.872; 0.5)" AnimationSet="HeavyTruck">

                        </Driver>
                        <Shafts>
                                <Shaft SocketPointB="Shaft1b" SocketPointA="Shaft1a">

                                </Shaft>
                                <Shaft SocketPointB="Shaft2b" SocketPointA="Shaft2a">

                                </Shaft>
                                <Shaft SocketPointB="Shaft3b" SocketPointA="Shaft3a">

                                </Shaft>
                                <Shaft SocketPointB="Shaft4b" SocketPointA="Shaft4a">

                                </Shaft>
                        </Shafts>
                        <FuelTank DamageCapacity="50">

                        </FuelTank>
                        <Dashboard>
                                    <Gauge Org="(1.099; 2.104; 0.590)" OutputAngles="(-98; 101)" Mesh="trucks/arrows/international_paystar_5070_arrow_1" Damping="0.99" InputRange="(0;1)" InputType="rpm" Dir="(-0.98; 0.2; 0)">

                                    </Gauge>
                                    <Gauge Org="(1.099; 2.104; 0.427)" OutputAngles="(-118; 118)" Dir="(-0.98; 0.2; 0)" InputType="speed" Mesh="trucks/arrows/international_paystar_5070_arrow_1" InputRange="(0;85)">

                                    </Gauge>
                                    <Gauge Org="(1.098; 2.205; 0.65)" OutputAngles="(-39; 11)" Mesh="trucks/arrows/international_paystar_5070_arrow_2" Damping="0.99" InputRange="(0;1)" InputType="engineEnabled" Dir="(-0.978; 0.207; 0)">

                                    </Gauge>
                                    <Gauge Org="(1.1; 2.215; 0.577)" OutputAngles="(-134; -101)" Mesh="trucks/arrows/international_paystar_5070_arrow_2" Damping="0.99" InputRange="(0;1)" InputType="engineEnabled" Dir="(-0.978; 0.207; 0)">

                                    </Gauge>
                                    <Gauge Org="(1.1; 2.216; 0.508)" OutputAngles="(-137; 9)" Mesh="trucks/arrows/international_paystar_5070_arrow_2" Damping="0.99" InputRange="(0;1)" InputType="engineEnabled" Dir="(-0.978; 0.207; 0)">

                                    </Gauge>
                                    <Gauge Org="(1.098; 2.206; 0.365)" OutputAngles="(-37; 37)" Mesh="trucks/arrows/international_paystar_5070_arrow_2" Damping="0.99" InputRange="(0;1)" InputType="fuel" Dir="(-0.978; 0.207; 0)">

                                    </Gauge>
                                    <Gauge Org="(1.1; 2.216; 0.437)" OutputAngles="(-137; 82)" Mesh="trucks/arrows/international_paystar_5070_arrow_3" Damping="0.99" InputRange="(0;1)" InputType="engineEnabled" Dir="(-0.978; 0.207; 0)">

                                    </Gauge>
                                    <Gauge Org="(1.065; 2.151; 0.105)" OutputAngles="(-36; -27)" Mesh="trucks/arrows/international_paystar_5070_arrow_3" Damping="0.99" InputRange="(0;1)" InputType="engineEnabled" Dir="(-0.875; 0.179; 0.45)">

                                    </Gauge>
                                    <Gauge Org="(1.08; 2.22; 0.104)" OutputAngles="(-135; 114)" Mesh="trucks/arrows/international_paystar_5070_arrow_2" Damping="0.99" InputRange="(0;1)" InputType="engineEnabled" Dir="(-0.87; 0.183; 0.459)">

                                    </Gauge>
                                    <Gauge Org="(1.053; 2.223; 0.05)" OutputAngles="(-102; 37)" Mesh="trucks/arrows/international_paystar_5070_arrow_4" Damping="0.99" InputRange="(0;1)" InputType="engineEnabled" Dir="(-0.874; 0.187; 0.449)">

                                    </Gauge>
                                    <Gauge Org="(1.046; 2.04; 0.105)" OutputAngles="(0; 0)" Mesh="trucks/arrows/international_paystar_5070_arrow_5" Damping="0.99" InputRange="(0;1)" InputType="none" Dir="(-0.869; 0.172; 0.463)">

                                    </Gauge>
                        </Dashboard>
                        <SoundsWheels _template="Default">

                        </SoundsWheels>
                        <GearboxSocket Default="g_truck_default" Type="gearboxes_trucks">

                        </GearboxSocket>
                                      <Steam Origin="(0; 1.3; 0)">

                                      </Steam>
                                      <Steam ParentFrame="BoneCabin_cdt" Origin="(2; 1.35; 0)" Scale="0.5">

                                      </Steam>
                        <Sounds DisableReversePitch="false" MinDist="10.0" Origin="(1.8; 1.75; 0)" ParentFrame="BoneCabin_cdt" AirHissInterval="12.0" _template="Default">
                                          <BrakesSqueal Sound="trucks/int_paystar_5070/int_paystar_5070_brakes_squeal">

                                          </BrakesSqueal>
                                          <AbruptStop Sound="trucks/common/truck_swing_big_old_rnd_set/truck_swing_big_old_rnd">

                                          </AbruptStop>
                                          <EngineLow Sound="trucks/int_paystar_5070/int_paystar_5070_low">

                                          </EngineLow>
                                          <EngineRev Sound="trucks/int_paystar_5070/int_paystar_5070_rev">

                                          </EngineRev>
                                          <EngineAccel Sound="trucks/int_paystar_5070/int_paystar_5070_acc">

                                          </EngineAccel>
                                          <Honk Sound="trucks/int_paystar_5070/int_paystar_5070_honk">

                                          </Honk>
                                          <EngineStop Sound="trucks/int_paystar_5070/int_paystar_5070_stop">

                                          </EngineStop>
                                          <EngineLow_2d IsSound2D="true" Sound="trucks/int_paystar_5070/int_paystar_5070_low_2d">

                                          </EngineLow_2d>
                                          <EngineHigh Sound="trucks/int_paystar_5070/int_paystar_5070_high">

                                          </EngineHigh>
                                          <EngineHeavy_2d IsSound2D="true" Sound="trucks/int_paystar_5070/int_paystar_5070_heavy_2d">

                                          </EngineHeavy_2d>
                                          <ChassisStress Sound="trucks/common/truck_swing_big_rnd_set/truck_swing_big_rnd">

                                          </ChassisStress>
                                          <Reverse Sound="trucks/int_paystar_5070/int_paystar_5070_reverse">

                                          </Reverse>
                                          <EngineHigh_2d IsSound2D="true" Sound="trucks/int_paystar_5070/int_paystar_5070_high_2d">

                                          </EngineHigh_2d>
                                          <EngineIdle Sound="trucks/int_paystar_5070/int_paystar_5070_idle">

                                          </EngineIdle>
                                          <EngineHeavy Sound="trucks/int_paystar_5070/int_paystar_5070_heavy">

                                          </EngineHeavy>
                                          <EngineStart Sound="trucks/int_paystar_5070/int_paystar_5070_start">

                                          </EngineStart>
                                          <EngineIdle_2d IsSound2D="true" Sound="trucks/int_paystar_5070/int_paystar_5070_idle_2d">

                                          </EngineIdle_2d>
                        </Sounds>
                        <Intake Size="1.219" Origin="(2.83; 1.53; 0)" Dir="(1; 0; 0)">

                        </Intake>
                        <SoundsDamage _template="Heavy">

                        </SoundsDamage>
                        <LimitedFluid Type="Box" SizeX="0.928" Center="(0.397; 0.82; -0.841)" SizeY="0.366" SizeZ="0.572">

                        </LimitedFluid>
                        <Camera ParentFrame="BoneCabin_cdt" Center="(-2; 0; 0)">
                                                  <Cockpit WindshieldShadingTexture="trucks/international_paystar_5070_glass__sh_d.tga" WindshieldDiffuseTexture="trucks/international_paystar_5070_glass__d_a.tga" _template="Default" ViewPos="(0.4; 2.6; 0.488)">
                                                        <Mirror LookAtOffset="(0; -0.02; 0.1)" ClipDir="(-0.913; -0.041; -0.405)" ClipOffset="0.25" FOVScale="1.9" ReflectionDir="(-0.913; -0.041; -0.405)" Size="(0.175; 0.409)" MeshFrame="mirror_left" Pos="(0.801; 2.534; 1.208)">
                                                          <SecondaryView FOVScale="1.5" ClipDir="(-0.913; -0.041; -0.405)" Pos="(0.749; 2.275; 1.198)" CurveAngle="10" MeshFrame="mirror_left_1" Size="(0.19; 0.19)">

                                                          </SecondaryView>
                                                        </Mirror>
                                                        <Mirror FOVScale="2.4" Pos="(0.801; 2.534; -1.205)" ClipDir="(-0.783; -0.053; 0.619)" ReflectionDir="(-0.783; -0.053; 0.619)" Size="(0.175; 0.409)" ClipOffset="0.3" MeshFrame="mirror_right">
                                                          <SecondaryView FOVScale="1.6" ClipDir="(-0.783; -0.053; 0.619)" Pos="(0.756; 2.274; -1.189)" CurveAngle="10" MeshFrame="mirror_right_1" Size="(0.19; 0.19)">

                                                          </SecondaryView>
                                                        </Mirror>
                                                      <Rear ViewPosOffset="(0.05; -0.1; 0.7)">

                                                      </Rear>
                                                  </Cockpit>
                        </Camera>
                        <SuspensionSocket Default="international_paystar_5070_suspension_default" Type="s_international_paystar_5070" MaxWheelRadiusWithoutSuspension="0.28">

                        </SuspensionSocket>
                        <Wheels DefaultTire="highway_1" DefaultWheelType="wheels_heavy_double1" DefaultRim="rim_6">
                                                        <Wheel _template="FrontWheel" Pos="(1.652; 0.7; 1)">

                                                        </Wheel>
                                                        <Wheel Pos="(1.652; 0.7; 1)" _template="FrontWheel" RightSide="true">

                                                        </Wheel>
                                                        <Wheel _template="RearWheel" Pos="(-3.022; 0.585; 1)">

                                                        </Wheel>
                                                        <Wheel Pos="(-3.022; 0.585; 1)" _template="RearWheel" RightSide="true">

                                                        </Wheel>
                                                        <Wheel _template="RearWheel" Pos="(-4.442; 0.585; 1)">

                                                        </Wheel>
                                                        <Wheel Pos="(-4.442; 0.585; 1)" _template="RearWheel" RightSide="true">

                                                        </Wheel>
                        </Wheels>
                        <Axles>
                                                          <Axle Frame="BoneAxleFront">

                                                          </Axle>
                                                          <Axle Frame="BoneAxleRear2">

                                                          </Axle>
                                                          <Axle Frame="BoneAxleRear3">

                                                          </Axle>
                        </Axles>
                        <Damage>
                                                            <DamageArea Max="(2.8; 2.100; 0.6)" Type="Engine" ParentFrame="BoneCabin_cdt" Min="(1.5; 1.15; -0.6)">

                                                            </DamageArea>
                                                            <DamageArea Max="(0.87; 1.050; 1.2)" Type="FuelTank" ParentFrame="BoneCabin_cdt" Min="(-0.7; 0.6; -1.2)">

                                                            </DamageArea>
                        </Damage>
                        <OcclusionMap HalfSizeZ="2.6" MinX="-5.123" MaxX="3">

                        </OcclusionMap>
                        <EngineSocket Default="us_truck_old_paystar5070" Type="e_us_truck_old_paystar5070">

                        </EngineSocket>
                        <WinchUpgradeSocket Default="w_medium_trucks_default" IsUpgradable="true" Type="winches_medium_trucks">

                        </WinchUpgradeSocket>
                        <SteeringWheel Frame="BoneSteering">

                        </SteeringWheel>
                                                                  <CompatibleWheels Scale="0.58" Type="wheels_heavy_double1">

                                                                  </CompatibleWheels>
                                                                  <CompatibleWheels OffsetZ=".05" Scale="0.58" Type="wheels_heavy_double2">

                                                                  </CompatibleWheels>
                                                                  <CompatibleWheels OffsetZ="-0.03" Scale="0.58" Type="wheels_heavy_single">

                                                                  </CompatibleWheels>
                        <SteeringRack RackHalfSizeZ="0.732" Frame="BoneRack" FrameSteerLeft="BoneRackLeft" FrameSteerRight="BoneRackRight">

                        </SteeringRack>
      </TruckData>
  </Truck>
  <_templates Include="trucks">
        <Wheel>
            <RearWheel Torque="default" Location="rear" ConnectedToHandbrake="true">

            </RearWheel>
            <FrontWheel SteeringCastor="0" Torque="full" ParentFrame="BoneCabin_cdt" SteeringJointOffset="0.25" SteeringAngle="40" Location="front">

            </FrontWheel>
        </Wheel>
        <Body>
              <Mudguard Collisions="None" Mass="2.5">
                  <Constraint Type="Hinge">
                      <Motor Spring="10" Type="Spring" Damping="1">

                      </Motor>
                  </Constraint>
              </Mudguard>
              <BoneSunshield Collisions="None" Mass="2">
                    <Constraint MinLimit="-2" Type="Hinge" MaxLimit="5" AxisLocal="(0; 0; 1)">
                        <Motor Spring="20" Type="Spring" Damping="0.2">

                        </Motor>
                    </Constraint>
              </BoneSunshield>
        </Body>
  </_templates>