  <Truck>
      <PhysicsModel Mesh="trucks/khan_39_marshall">
          <NetSync Legacy="false">

          </NetSync>
          <Body CenterOfMassOffset="(-0.3; -0.3; 0)" ImpactType="Truck" NetSync="pv" ModelFrame="BoneChassis_cdt" Mass="1500">
                  <Body _template="TieRod" ModelFrame="BoneTieRod_cdt">
                    <Constraint Name="TieRodSteer">

                    </Constraint>
                  </Body>
                  <Body _template="SideMirror" ModelFrame="BoneMirrorRight_cdt">

                  </Body>
                  <Body _template="SideMirror" ModelFrame="BoneMirrorLeft_cdt">

                  </Body>
                  <Body _template="Sunshield" ModelFrame="BoneSunshieldRight_cdt">

                  </Body>
                  <Body _template="Sunshield" ModelFrame="BoneSunshieldLeft_cdt">

                  </Body>
                  <Body ModelFrame="BoneKey_cdt" Mass="0.2">
                    <Constraint MinLimit="-30" Type="Hinge" MaxLimit="50" AxisLocal="(1; 0; 0)">
                        <Motor Spring="0.001" Type="Spring" Damping="0.001">

                        </Motor>
                    </Constraint>
                  </Body>
                  <Body _template="Mudguard" ModelFrame="BoneMudguardLeftFront_cdt">
                    <Constraint MaxLimit="18" AxisLocal="(0; 0; 1)" MinLimit="-50">

                    </Constraint>
                  </Body>
                  <Body _template="Mudguard" ModelFrame="BoneMudguardRightFront_cdt">
                    <Constraint MaxLimit="18" AxisLocal="(0; 0; 1)" MinLimit="-50">

                    </Constraint>
                  </Body>
                  <Body _template="Mudguard" ModelFrame="BoneMudguardLeftRear_cdt">
                    <Constraint MaxLimit="15" AxisLocal="(0; 0; 1)" MinLimit="-50">

                    </Constraint>
                  </Body>
                  <Body _template="Mudguard" ModelFrame="BoneMudguardRightRear_cdt">
                    <Constraint MaxLimit="15" AxisLocal="(0; 0; 1)" MinLimit="-50">

                    </Constraint>
                  </Body>
                  <Body Collisions="None" ModelFrame="BoneBelt1_cdt" Mass="1">
                    <Constraint MinLimit="-0.01" Type="Prismatic" MaxLimit="0.03" AxisLocal="(0; 0; 1)">
                        <Motor Spring="200" Type="Spring" Damping="30">

                        </Motor>
                    </Constraint>
                  </Body>
                  <Body Collisions="None" ModelFrame="BoneBelt2_cdt" Mass="1">
                    <Constraint MinLimit="-0.01" Type="Prismatic" MaxLimit="0.03" AxisLocal="(0; 0; 1)">
                        <Motor Spring="200" Type="Spring" Damping="30">

                        </Motor>
                    </Constraint>
                  </Body>
                  <Body Collisions="None" ModelFrame="BoneBelt3_cdt" Mass="1">
                    <Constraint Type="Hinge" MaxLimit="3" PivotOffset="(0; 0; 0)" AxisLocal="(0; 1; 0)" MinLimit="-3">
                        <Motor Spring="1" Type="Spring" Damping="1">

                        </Motor>
                    </Constraint>
                  </Body>
          </Body>
      </PhysicsModel>
      <GameData Country="RU,CAS" Recallable="true" ExcludeAddons="scout_trailer_flatbed_1, scout_trailer_flatbed_2, scout_trailer_oiltank" Price="2700" UnlockByRank="1" UnlockByExploration="false">
            <CustomizationCameras>
                  <CameraPos InterestPosition="(4.616; 1.747; 0)" Name="addon_1" MaxXRotation="360" Position="(-0.75; 4.237; 5.28)" MaxZoom="2" FOV="32.0" MaxYRotation="360">

                  </CameraPos>
                  <CameraPos InterestPosition="(5.049; 0.753; -0)" Name="addon_2" MaxXRotation="360" Position="(9.986; 2.494; -3.936)" MaxZoom="2" FOV="32.0" MaxYRotation="360">

                  </CameraPos>
                  <CameraPos InterestPosition="(6.387; 1.501; 0)" Name="side_r" MaxXRotation="360" Position="(9.381; 2.79; 3.583)" MaxZoom="2" FOV="32.0" MaxYRotation="360">

                  </CameraPos>
                  <CameraPos InterestPosition="(3.76; 2.358; -0)" Name="roof" MaxXRotation="360" Position="(9.194; 4.675; 5.039)" MaxZoom="2" FOV="32.0" MaxYRotation="360">

                  </CameraPos>
                  <CameraPos InterestPosition="(5.274; 0.632; 0)" Name="side_l" MaxXRotation="360" Position="(0.952; 1.73; 2.678)" MaxZoom="2" FOV="32.0" MaxYRotation="360">

                  </CameraPos>
                  <CameraPos InterestPosition="(6.197; 1.39; 0)" Name="hoods" MaxXRotation="360" Position="(12.073; 1.463; -3.949)" MaxZoom="2" FOV="32.0" MaxYRotation="360">

                  </CameraPos>
                  <CameraPos InterestPosition="(6.041; 0.424; 0)" Name="wheels" MaxXRotation="360" Position="(9.302; 1.619; -3.565)" MaxZoom="2" FOV="32.0" MaxYRotation="360">

                  </CameraPos>
                  <CameraPos InterestPosition="(6.197; 1.39; 0)" Name="default" MaxXRotation="360" Position="(12.073; 1.463; -3.949)" MaxZoom="2" FOV="32.0" MaxYRotation="360">

                  </CameraPos>
                  <CameraPos InterestPosition="(4.646; 1.589; 0)" Name="rear" MaxXRotation="360" Position="(0.452; 2.566; 2.073)" MaxZoom="2" FOV="32.0" MaxYRotation="360">

                  </CameraPos>
                  <CameraPos Interior="true" Position="(5.336; 2.076; -0.461)" FOV="32.0" InterestPosition="(7.736; 0.802; 0.916)" Name="sticker_1">

                  </CameraPos>
                  <CameraPos Interior="true" Position="(8.557; 1.912; -1.231)" FOV="32.0" InterestPosition="(7.506; 1.596; -1.231)" Name="hood_ornament">

                  </CameraPos>
                  <CameraPos Interior="true" Position="(8.721; 2.485; 0.569)" FOV="32.0" InterestPosition="(6.015; 1.929; -0.893)" Name="glass_sticker">

                  </CameraPos>
                  <CameraPos Interior="true" Position="(6.817; 7.492; 0.032)" FOV="32.0" InterestPosition="(5.838; 2.705; -0.567)" Name="roof_sticker">

                  </CameraPos>
                  <CameraPos Interior="true" Position="(5.095; 1.925; -0.461)" FOV="32.0" InterestPosition="(7.736; 1.681; 1.811)" Name="mirror_mount">

                  </CameraPos>
                  <CameraPos Interior="true" Position="(5.095; 1.925; -0.461)" FOV="32.0" InterestPosition="(7.736; 2.894; 2.275)" Name="sticker">

                  </CameraPos>
                  <CameraPos Interior="true" Position="(4.916; 1.776; 2.909)" FOV="32.0" InterestPosition="(7.245; 0.895; -0.013)" Name="door_r_sticker">

                  </CameraPos>
                  <CameraPos Interior="true" Position="(8.860; 5.008; -0.202)" FOV="32.0" InterestPosition="(7.274; 1.476; -0.801)" Name="capote_sticker">

                  </CameraPos>
                  <CameraPos Interior="true" Position="(5.171; 1.988; 0.167)" FOV="32.0" InterestPosition="(7.736; 1.164; 1.98)" Name="sticker_2">

                  </CameraPos>
                  <CameraPos Interior="true" Position="(5.095; 1.925; -0.461)" FOV="32.0" InterestPosition="(7.736; 1.681; 1.811)" Name="bubble_head">

                  </CameraPos>
                  <CameraPos Interior="true" Position="(4.94; 1.829; -2.884)" FOV="32.0" InterestPosition="(4.929; 1.208; -0.761)" Name="door_l_sticker">

                  </CameraPos>
            </CustomizationCameras>
                <CraneSocket Pos="(-2.062; 1.043; 0)">

                </CraneSocket>
                <CraneSocket Pos="(-0.163; 0.845; 0.862)">

                </CraneSocket>
                <CraneSocket Pos="(-0.163; 0.845; -0.862)">

                </CraneSocket>
                <CraneSocket Pos="(-0.2; 2.3; 0)">

                </CraneSocket>
                <CraneSocket Pos="(2.120; 0.958; 0.315)">

                </CraneSocket>
                <CraneSocket Pos="(2.120; 0.958; -0.315)">

                </CraneSocket>
                  <AddonSockets DefaultAddon="khan_39_marshall_snorkel_default">
                    <Socket ParentFrame="BoneChassis_cdt" Offset="(0; 0; 0)" Names="KHAN39MarshallSnorkel">

                    </Socket>
                  </AddonSockets>
                  <AddonSockets DefaultAddon="khan_39_marshall_bumper_default">
                      <Socket ParentFrame="BoneChassis_cdt" Offset="(0; 0; 0)" Names="KHAN39MarshallBumper">

                      </Socket>
                      <Socket ParentFrame="BoneChassis_cdt" Offset="(0; 0; 0)" Names="KHAN39MarshallBumperCable">
                        <ExtraParent Frame="BoneChassis_cdt">

                        </ExtraParent>
                      </Socket>
                  </AddonSockets>
                  <AddonSockets DefaultAddon="khan_39_marshall_bumper_rear_default">
                      <Socket ParentFrame="BoneChassis_cdt" Offset="(0; 0; 0)" Names="KHAN39MarshallBumperRear">

                      </Socket>
                      <Socket ParentFrame="BoneChassis_cdt" Offset="(0; 0; 0)" Names="KHAN39MarshallBumperRear2">
                        <ExtraParent Frame="BoneChassis_cdt">

                        </ExtraParent>
                      </Socket>
                  </AddonSockets>
                  <AddonSockets DefaultAddon="khan_39_marshall_wheel_addon_default">
                    <Socket ParentFrame="BoneChassis_cdt" Offset="(0; 0; 0)" Names="KHAN39MarshallWheelAddon">
                        <ExtraParent Frame="BoneChassis_cdt">

                        </ExtraParent>
                    </Socket>
                  </AddonSockets>
                  <AddonSockets DefaultAddon="khan_39_marshall_diff_lock_default">
                    <Socket ParentFrame="BoneChassis_cdt" Offset="(0; 0; 0)" Names="KHAN39MarshallDiffLock">

                    </Socket>
                  </AddonSockets>
                  <AddonSockets>
                    <Socket ParentFrame="BoneChassis_cdt" Offset="(0; 0; 0)" Names="KHAN39MarshallExpander">

                    </Socket>
                  </AddonSockets>
                  <AddonSockets>
                    <Socket ParentFrame="BoneChassis_cdt" Offset="(0; 0; 0)" Names="KHAN39MarshallThreshold">

                    </Socket>
                  </AddonSockets>
                  <AddonSockets>
                    <Socket ParentFrame="BoneChassis_cdt" Offset="(0; 0; 0)" Names="KHAN39MarshallRooftopTrunk">

                    </Socket>
                  </AddonSockets>
                  <AddonSockets>
                    <Socket ParentFrame="BoneChassis_cdt" InCockpit="true" Names="khan39MarshallSticker_1x1_01">

                    </Socket>
                  </AddonSockets>
                  <AddonSockets>
                    <Socket ParentFrame="BoneChassis_cdt" InCockpit="true" Names="khan39MarshallSticker_1x1_02">

                    </Socket>
                  </AddonSockets>
                  <AddonSockets>
                    <Socket ParentFrame="BoneChassis_cdt" InCockpit="true" Names="khan39MarshallSticker_1x1_03">

                    </Socket>
                  </AddonSockets>
                  <AddonSockets>
                    <Socket ParentFrame="BoneChassis_cdt" InCockpit="true" Names="khan39MarshallSticker_1x2_01">

                    </Socket>
                  </AddonSockets>
                  <AddonSockets>
                    <Socket ParentFrame="BoneChassis_cdt" InCockpit="true" Names="khan39MarshallSticker_1x2_02">

                    </Socket>
                  </AddonSockets>
                  <AddonSockets>
                    <Socket ParentFrame="BoneChassis_cdt" InCockpit="true" Names="khan39MarshallSticker_1x4_01">

                    </Socket>
                  </AddonSockets>
                  <AddonSockets>
                    <Socket ParentFrame="BoneChassis_cdt" Names="khan39MarshallSticker_Roof">

                    </Socket>
                  </AddonSockets>
                  <AddonSockets>
                    <Socket ParentFrame="BoneChassis_cdt" InCockpit="true" Names="khan39MarshallSticker_Capote">

                    </Socket>
                  </AddonSockets>
                  <AddonSockets>
                    <Socket ParentFrame="BoneChassis_cdt" InCockpit="true" Names="khan39MarshallSticker_Door_L">

                    </Socket>
                  </AddonSockets>
                  <AddonSockets>
                    <Socket ParentFrame="BoneChassis_cdt" Names="khan39MarshallSticker_Door_R">

                    </Socket>
                  </AddonSockets>
                  <AddonSockets>
                    <Socket ParentFrame="BoneChassis_cdt" InCockpit="true" Names="khan39MarshallSticker_GlassTop">

                    </Socket>
                  </AddonSockets>
                  <AddonSockets>
                    <Socket Names="StuffAirfreshener" InCockpit="true" ParentFrame="BoneChassis_cdt" Offset="(0.473; 2.042; 0)">

                    </Socket>
                  </AddonSockets>
                  <AddonSockets>
                    <Socket ParentFrame="BoneChassis_cdt" Names="StuffHoodKhan39Marshall">

                    </Socket>
                  </AddonSockets>
                    <WinchSocket Pos="(-2.062; 1.043; 0)">

                    </WinchSocket>
                    <WinchSocket Pos="(-0.163; 0.845; 0.862)">

                    </WinchSocket>
                    <WinchSocket Pos="(-0.163; 0.845; -0.862)">

                    </WinchSocket>
                    <WinchSocket Pos="(2.120; 0.958; 0.315)">

                    </WinchSocket>
                    <WinchSocket Pos="(2.120; 0.958; -0.315)">

                    </WinchSocket>
            <UiDesc UiDesc="UI_VEHICLE_KHAN_39_MARSHALL_DESC" UiIcon30x30="scoutVehicleImg30" UiName="UI_VEHICLE_KHAN_39_MARSHALL_NAME" UiIconLogo="KhanLogo80" UiIcon40x40="scoutVehicleImg" UiIcon328x458="shopImgKhan39Marshal">

            </UiDesc>
      </GameData>
      <ControlledConstraints>
              <Constraint Name="TieRodSteer" IsLinkedSteering="true" Id="chassis_steer">

              </Constraint>
      </ControlledConstraints>
      <HeadLight _template="Default" Pos="(2.178; 1.377; 0)">

      </HeadLight>
      <Landmark Mesh="landmarks/khan_39_marshall_lmk" MaxScale="3.8" MinScale="1.8">

      </Landmark>
      <TruckData EngineIconMesh="env/engine_small" EngineStartDelay="1.7" TruckType="SCOUT" ExhaustStartTime="1.6" SteerSpeed="0.03" SuspensionMarkerOffset="(1; -0.3; 0)" TruckImage="khanMarshallmchr" DiffLockType="Installed" Responsiveness="0.6" FueltankMarkerOffset="(1; 0.4; 0)" FuelCapacity="40" EngineIconScale="1" BackSteerSpeed="0.06">
                    <Driver SteeringWheelPos="(0.371; 1.729; 0.417)" Pos="(0.099; 1.354; 0.414)" AnimationSet="Scout">

                    </Driver>
                    <Shafts>
                            <Shaft Mesh="env/minishaft" SocketPointB="Shaft1b" SocketPointA="Shaft1a">

                            </Shaft>
                            <Shaft Mesh="env/minishaft" SocketPointB="Shaft2b" SocketPointA="Shaft2a">

                            </Shaft>
                    </Shafts>
                    <FuelTank DamageCapacity="50">

                    </FuelTank>
                    <Dashboard>
                                <Gauge Org="(0.539; 1.628; 0.097)" OutputAngles="(-56; 56)" Mesh="trucks/arrows/khan_39_marshall_arrow_1" Damping="0.99" InputRange="(0;1)" InputType="fuel" Dir="(-0.884; 0.468; 0)">

                                </Gauge>
                                <Gauge Org="(0.539; 1.628; 0.03)" OutputAngles="(-56; 7)" Mesh="trucks/arrows/khan_39_marshall_arrow_1" Damping="0.99" InputRange="(0;1)" InputType="engineEnabled" Dir="(-0.884; 0.468; 0)">

                                </Gauge>
                                <Gauge Org="(0.539; 1.628; -0.03)" OutputAngles="(-52; -9)" Mesh="trucks/arrows/khan_39_marshall_arrow_1" Damping="0.99" InputRange="(0;1)" InputType="engineEnabled" Dir="(-0.884; 0.468; 0)">

                                </Gauge>
                                <Gauge Org="(0.539; 1.628; -0.097)" OutputAngles="(-50; 28)" Mesh="trucks/arrows/khan_39_marshall_arrow_1" Damping="0.99" InputRange="(0;1)" InputType="engineEnabled" Dir="(-0.884; 0.468; 0)">

                                </Gauge>
                                <Gauge Org="(0.553; 1.65; 0.191)" OutputAngles="(-121; 94)" Dir="(-0.881; 0.472; 0.008)" InputType="speed" Mesh="trucks/arrows/khan_39_marshall_arrow_2" InputRange="(0;160)">

                                </Gauge>
                                <Gauge Org="(0.553; 1.65; -0.191)" OutputAngles="(-120; 107)" Mesh="trucks/arrows/khan_39_marshall_arrow_2" Damping="0.99" InputRange="(0;1)" InputType="rpm" Dir="(-0.881; 0.472; 0.008)">

                                </Gauge>
                    </Dashboard>
                    <SoundsWheels _template="Default">

                    </SoundsWheels>
                    <GearboxSocket Default="g_scout_default" Type="gearboxes_scouts">

                    </GearboxSocket>
                    <Steam Origin="(1.402; 0.639; 0)">

                    </Steam>
                    <Sounds DisableReversePitch="true" MinDist="8.0" Origin="(1.28; 1.3; 0)" _template="Default">
                                      <BrakesSqueal Sound="trucks/khan_39_marshall/khan_39_marshall_brakes_squeal">

                                      </BrakesSqueal>
                                      <EngineLow Sound="trucks/khan_39_marshall/khan_39_marshall_low">

                                      </EngineLow>
                                      <EngineRev Sound="trucks/khan_39_marshall/khan_39_marshall_rev">

                                      </EngineRev>
                                      <EngineAccel Sound="trucks/khan_39_marshall/khan_39_marshall_acc">

                                      </EngineAccel>
                                      <Honk Sound="trucks/khan_39_marshall/khan_39_marshall_honk">

                                      </Honk>
                                      <EngineStop Sound="trucks/khan_39_marshall/khan_39_marshall_stop">

                                      </EngineStop>
                                      <Handbrake Sound="trucks/khan_39_marshall/khan_39_marshall_handbrake_on">

                                      </Handbrake>
                                      <Gear Sound="trucks/common/truck_gear_shift_light_rnd_set/truck_gear_shift_light_rnd">

                                      </Gear>
                                      <EngineIdle_2d IsSound2D="true" Sound="trucks/khan_39_marshall/khan_39_marshall_idle_2d">

                                      </EngineIdle_2d>
                                      <HandbrakeOff Sound="trucks/khan_39_marshall/khan_39_marshall_handbrake_off">

                                      </HandbrakeOff>
                                      <EngineHeavy_2d IsSound2D="true" Sound="">

                                      </EngineHeavy_2d>
                                      <Reverse Sound="">

                                      </Reverse>
                                      <EngineHigh_2d IsSound2D="true" Sound="trucks/khan_39_marshall/khan_39_marshall_high_2d">

                                      </EngineHigh_2d>
                                      <EngineIdle Sound="trucks/khan_39_marshall/khan_39_marshall_idle">

                                      </EngineIdle>
                                      <EngineStart Sound="trucks/khan_39_marshall/khan_39_marshall_start">

                                      </EngineStart>
                                      <EngineHigh Sound="trucks/khan_39_marshall/khan_39_marshall_high">

                                      </EngineHigh>
                                      <BrakePull Sound="">

                                      </BrakePull>
                                      <EngineLow_2d IsSound2D="true" Sound="trucks/khan_39_marshall/khan_39_marshall_low_2d">

                                      </EngineLow_2d>
                                      <EngineHeavy Sound="">

                                      </EngineHeavy>
                                      <BrakeRelease Sound="">

                                      </BrakeRelease>
                                      <GearFail Sound="trucks/common/truck_gear_wrong/truck_gear_wrong_small_old">

                                      </GearFail>
                    </Sounds>
                    <Exhaust IsLight="true" Dir="(-0.808; -0.589; 0)" Origin="(-1.971; 0.701; 0.315)" Speed="2.0">

                    </Exhaust>
                    <SoundsDamage _template="Scout">

                    </SoundsDamage>
                    <Shakers>
                                              <Shaker MinAngle="(0.5; 0.5; 0.5)" Frame="BoneExhaust" MaxAngle="(1.8; 1.8; 1.8)" MaxFrequency="3.8">

                                              </Shaker>
                                              <Shaker MinAngle="(0.6; 0.6; 0.6)" Frame="BoneGearstick" MaxAngle="(0.8; 0.8; 0.8)" MaxFrequency=".8">

                                              </Shaker>
                    </Shakers>
                    <Camera Center="(-1.2; 0; 0)" RadiusMultiplier="0.8">
                                              <Cockpit WindshieldShadingTexture="trucks/khan_39_marshall_glass__sh_d.tga" WindshieldDiffuseTexture="trucks/khan_39_marshall_glass__d_a.tga" _template="Default" ViewPos="(-0.03; 2; 0.421)">
                                                    <Mirror FOVScale="0.9" ClipDir="(-0.969; 0.066; -0.239)" Pos="(0.548; 1.759; 0.893)" Size="(0.17; 0.2)" MeshFrame="mirror_left" ReflectionDir="(-0.946; 0.137; -0.292)">

                                                    </Mirror>
                                                    <Mirror FOVScale="0.9" ClipDir="(-0.847; 0.02; 0.525)" Pos="(0.5; 1.759; -0.876)" Size="(0.17; 0.2)" MeshFrame="mirror_right" ReflectionDir="(-0.855; 0.088; 0.512)">

                                                    </Mirror>
                                                    <Mirror FOVScale="1.75" Pos="(0.435; 2.038; 0)" ClipDir="(-1; 0; 0)" ReflectionDir="(-0.937; -0.07; 0.342)" Size="(0.175; 0.08)" ClipOffset="0.1" MeshFrame="hp_cab_mirror">

                                                    </Mirror>
                                              </Cockpit>
                    </Camera>
                    <SuspensionSocket Default="khan_39_marshall_suspension_default" Type="s_khan_39_marshall" MaxWheelRadiusWithoutSuspension="1.2">

                    </SuspensionSocket>
                    <Wheels DefaultTire="mudtires_2" DefaultWheelType="wheels_scout_yar_871" DefaultRim="rim_1">
                                                    <Wheel _template="FrontWheel" Pos="(1.412; 0.56; 0.76)">

                                                    </Wheel>
                                                    <Wheel Pos="(1.412; 0.56; 0.76)" _template="FrontWheel" RightSide="true">

                                                    </Wheel>
                                                    <Wheel _template="RearWheel" Pos="(-1.166; 0.519; 0.76)">

                                                    </Wheel>
                                                    <Wheel Pos="(-1.166; 0.519; 0.76)" _template="RearWheel" RightSide="true">

                                                    </Wheel>
                    </Wheels>
                    <Axles>
                                                      <Axle Frame="BoneAxle1">

                                                      </Axle>
                                                      <Axle Frame="BoneAxle2">

                                                      </Axle>
                    </Axles>
                    <Damage>
                                                        <DamageArea Max="(1.9; 1.544; 0.68)" Type="Engine" ParentFrame="BoneChassis_cdt" Min="(0.6; 1; -0.68)">

                                                        </DamageArea>
                                                        <DamageArea Max="(1; 1; 0.85)" Type="FuelTank" ParentFrame="BoneChassis_cdt" Min="(-1; 0.7; -0.85)">

                                                        </DamageArea>
                    </Damage>
                    <OcclusionMap Texture="trucks/occlusion/chassis_small__s_d_a.tga" MaxX="2.35" MinX="-2.3" HalfSizeZ="1.4">

                    </OcclusionMap>
                    <EngineSocket Default="ru_scout_old_engine_0" Type="e_ru_scout_old, e_ru_scout_modern">

                    </EngineSocket>
                    <WinchUpgradeSocket Default="w_scout_default" IsUpgradable="true" Type="winches_scouts">

                    </WinchUpgradeSocket>
                    <SteeringWheel Frame="BoneSteering">

                    </SteeringWheel>
                    <CompatibleWheels OffsetZ=".1" Scale="0.56" Type="wheels_scout_yar_871">

                    </CompatibleWheels>
                    <SteeringRack RackHalfSizeZ="0.627" Frame="BoneRack" FrameSteerLeft="BoneRackLeft" FrameSteerRight="BoneRackRight">

                    </SteeringRack>
      </TruckData>
      <Snorkel Origin="(1.92; 1.279; 0)">

      </Snorkel>
      <ModelAttachments>
                        <StopSignals>
                              <Flare ParentFrame="BoneChassis_cdt" Size="0.2" Pos="(-1.843; 1.467; -0.717)" _template="StopSignal">

                              </Flare>
                              <Flare ParentFrame="BoneChassis_cdt" Size="0.2" Pos="(-1.843; 1.467; 0.717)" _template="StopSignal">

                              </Flare>
                            <Light ParentFrame="BoneChassis_cdt" _template="StopSignal" Pos="(-1.969; 1.286; 0)">

                            </Light>
                        </StopSignals>
                        <Ignition>
                                <Flare Color="g(165; 149; 130) x .7" ParentFrame="BoneChassis_cdt" Pos="(1.907; 1.392; 0.525)" DirAngle="120" Size="0.3" _template="IgnitionSignalWhite">

                                </Flare>
                                <Flare Color="g(165; 149; 130) x .7" ParentFrame="BoneChassis_cdt" Pos="(1.907; 1.392; -0.525)" DirAngle="120" Size="0.3" _template="IgnitionSignalWhite">

                                </Flare>
                                <Flare ParentFrame="BoneChassis_cdt" Size="0.2" Pos="(-1.843; 1.393; -0.716)" _template="IgnitionSignalRed">

                                </Flare>
                                <Flare ParentFrame="BoneChassis_cdt" Size="0.2" Pos="(-1.843; 1.393; 0.716)" _template="IgnitionSignalRed">

                                </Flare>
                                  <Light ParentFrame="BoneChassis_cdt" _template="IgnitionSignalWhite" Pos="(1.907; 1.392; -0.525)">

                                  </Light>
                                  <Light ParentFrame="BoneChassis_cdt" _template="IgnitionSignalWhite" Pos="(1.907; 1.392; 0.525)">

                                  </Light>
                                  <Light ParentFrame="BoneChassis_cdt" _template="IgnitionSignalRed" Pos="(-1.843; 1.395; -0.716)">

                                  </Light>
                                  <Light ParentFrame="BoneChassis_cdt" _template="IgnitionSignalRed" Pos="(-1.843; 1.395; 0.716)">

                                  </Light>
                        </Ignition>
                        <HeadLight>
                                  <Flare Color="g(255; 235; 195) x 0.5" Pos="(1.907; 1.392; -0.525)" Size="0.5" _template="HeadLight">

                                  </Flare>
                                  <Flare Color="g(255; 235; 195) x 0.5" Pos="(1.907; 1.392; 0.525)" Size="0.5" _template="HeadLight">

                                  </Flare>
                                  <Flare Color="g(220; 220; 255) x 0.05" Pos="(1.907; 1.392; -0.525)" Size="0.5" _template="BlueStreak">

                                  </Flare>
                                  <Flare Color="g(220; 220; 255) x 0.05" Pos="(1.907; 1.392; 0.525)" Size="0.5" _template="BlueStreak">

                                  </Flare>
                                    <Model Org="(1.907; 1.392; 0.525)" _template="HeadLightRay">

                                    </Model>
                                    <Model Org="(1.907; 1.392; -0.525)" _template="HeadLightRay">

                                    </Model>
                        </HeadLight>
                        <ReverseSignals>
                                    <Flare ParentFrame="BoneChassis_cdt" Size="0.25" Pos="(-1.843; 1.323; -0.717)" _template="ReverseSignal">

                                    </Flare>
                                    <Flare ParentFrame="BoneChassis_cdt" Size="0.25" Pos="(-1.843; 1.323; 0.717)" _template="ReverseSignal">

                                    </Flare>
                                    <Flare Color="g(220; 220; 255) x 0.05" ParentFrame="BoneChassis_cdt" Pos="(-1.843; 1.323; -0.717)" Dir="(-1; 0; 0)" Size="0.4" _template="BlueStreak">

                                    </Flare>
                                    <Flare Color="g(220; 220; 255) x 0.05" ParentFrame="BoneChassis_cdt" Pos="(-1.843; 1.323; 0.717)" Dir="(-1; 0; 0)" Size="0.4" _template="BlueStreak">

                                    </Flare>
                                  <Light ParentFrame="BoneChassis_cdt" _template="ReverseSignal" Pos="(-1.969; 1.323; 0)">

                                  </Light>
                        </ReverseSignals>
      </ModelAttachments>
  </Truck>
  <_templates Include="trucks">
        <Wheel>
            <RearWheel Torque="default" Location="rear" ConnectedToHandbrake="true">

            </RearWheel>
            <FrontWheel SteeringCastor="5" Torque="default" ParentFrame="BoneChassis_cdt" SteeringJointOffset="0.3" SteeringAngle="28" Location="front">

            </FrontWheel>
        </Wheel>
        <Body>
              <SideMirror Collisions="None" Mass="5">
                  <Constraint MinLimit="-15" Type="Hinge" MaxLimit="15" AxisLocal="(0; 1; 0)">
                      <Motor Spring="100" Type="Spring" Damping="0.1">

                      </Motor>
                  </Constraint>
              </SideMirror>
              <TieRod Mass="1">
                    <Constraint MinLimit="-80" Type="Hinge" MaxLimit="20" AxisLocal="(0; -1; 0)">
                        <Motor Type="Position" Damping="1.0" Tau="1" Force="6000">

                        </Motor>
                    </Constraint>
              </TieRod>
              <Sunshield CenterOfMassOffset="(0; 0; 0)" ImpactType="Truck" Collisions="None" Mass="2.5">
                      <Constraint MinLimit="-7" Type="Hinge" MaxLimit="7" AxisLocal="(0; 0; 1)">
                          <Motor Spring="10" Type="Spring" Damping=".05">

                          </Motor>
                      </Constraint>
              </Sunshield>
        </Body>
  </_templates>