  <Truck>
      <Landmark Mesh="landmarks/khan_lo4f_lmk" MaxScale="3.5" MinScale="1.8">

      </Landmark>
      <PhysicsModel Mesh="trucks/khan_lo4f">
            <NetSync Legacy="false">

            </NetSync>
            <Body CenterOfMassOffset="(0; -0.6; 0)" ImpactType="Truck" NetSync="pv" Mass="1800">
                  <Body CenterOfMassOffset="(0; -0.4; 0)" ImpactType="Truck" NetSync="pv" ModelFrame="BoneCabin_cdt" Mass="1500">
                      <Constraint Type="Fixed">

                      </Constraint>
                          <Body _template="SideMirror" ModelFrame="BoneMirrorLeft_cdt">
                            <Constraint AxisLocal="(0; 1; 0)">

                            </Constraint>
                          </Body>
                          <Body _template="SideMirror" ModelFrame="BoneMirrorRight_cdt">
                            <Constraint AxisLocal="(0; 1; 0)">

                            </Constraint>
                          </Body>
                          <Body _template="SunShield" ModelFrame="BoneSunshieldLeft_cdt">

                          </Body>
                          <Body _template="SunShield" ModelFrame="BoneSunshieldRight_cdt">

                          </Body>
                  </Body>
            </Body>
      </PhysicsModel>
      <TruckData EngineIconMesh="env/engine_small" EngineStartDelay="1.7" TruckType="SCOUT" ExhaustStartTime="1.6" SteerSpeed="0.04" TruckImage="KHANLo4Fmchr" DiffLockType="Always" Responsiveness="0.65" FuelCapacity="80" EngineIconScale="1.15" BackSteerSpeed="0.06">
              <Driver SteeringWheelPos="(1.478; 1.401; 0.558)" Pos="(1.172; 1.014; 0.565)" AnimationSet="Scout">

              </Driver>
              <Shafts>
                      <Shaft Mesh="env/minishaft" SocketPointB="Shaft1b" SocketPointA="Shaft1a">

                      </Shaft>
                      <Shaft Mesh="env/minishaft" SocketPointB="Shaft2b" SocketPointA="Shaft2a">

                      </Shaft>
              </Shafts>
              <FuelTank DamageCapacity="50">

              </FuelTank>
              <Dashboard>
                          <Gauge Org="(1.789; 1.312; 0.758)" OutputAngles="(-50;10)" Mesh="trucks/arrows/khan_lo4f_arrow_01" Damping="0.99" InputRange="(0;1)" InputType="engineEnabled" Dir="(-0.996; 0.088; 0)">

                          </Gauge>
                          <Gauge Org="(1.789; 1.312; 0.675)" OutputAngles="(-50;0)" Mesh="trucks/arrows/khan_lo4f_arrow_01" Damping="0.9" InputRange="(0;1)" InputType="engineEnabled" Dir="(-0.996; 0.085; -0.001)">

                          </Gauge>
                          <Gauge Org="(1.789; 1.312; 0.526)" OutputAngles="(-50;50)" Mesh="trucks/arrows/khan_lo4f_arrow_01" Damping="0.9" InputRange="(0;1)" InputType="fuel" Dir="(-0.996; 0.089; -0.001)">

                          </Gauge>
                          <Gauge Org="(1.789; 1.312; 0.443)" OutputAngles="(-50;10)" Mesh="trucks/arrows/khan_lo4f_arrow_01" Damping="0.9995" InputRange="(0;1)" InputType="engineEnabled" Dir="(-0.996; 0.086; -0)">

                          </Gauge>
                          <Gauge Org="(1.791; 1.338; 0.259)" OutputAngles="(-120;120)" Mesh="trucks/arrows/khan_lo4f_arrow_02" Damping="0.9" InputRange="(0;160)" InputType="speed" Dir="(-0.996; 0.087; -0)">

                          </Gauge>
              </Dashboard>
              <SoundsWheels _template="Default">

              </SoundsWheels>
              <GearboxSocket Default="g_scout_default" Type="gearboxes_scouts">

              </GearboxSocket>
              <Steam Origin="(1.245; 0.789; 0)">

              </Steam>
              <Sounds DisableReversePitch="false" MinDist="10.0" Origin="(1.375; 0.866; 0)" _template="Default">
                                <BrakesSqueal Sound="trucks/khan_lo4f/khan_lo4f_brakes_squeal">

                                </BrakesSqueal>
                                <EngineLow Sound="trucks/khan_lo4f/khan_lo4f_low">

                                </EngineLow>
                                <EngineRev Sound="trucks/khan_lo4f/khan_lo4f_rev">

                                </EngineRev>
                                <EngineAccel Sound="trucks/khan_lo4f/khan_lo4f_acc">

                                </EngineAccel>
                                <Honk Sound="trucks/khan_lo4f/khan_lo4f_honk">

                                </Honk>
                                <EngineStop Sound="trucks/khan_lo4f/khan_lo4f_stop">

                                </EngineStop>
                                <Handbrake Sound="trucks/int_scout_800/int_scout_800_handbrake_on">

                                </Handbrake>
                                <Gear Sound="trucks/int_scout_800/int_scout_800_gear_shift">

                                </Gear>
                                <EngineIdle_2d IsSound2D="true" Sound="trucks/khan_lo4f/khan_lo4f_idle_2d">

                                </EngineIdle_2d>
                                <EngineHigh Sound="trucks/khan_lo4f/khan_lo4f_high">

                                </EngineHigh>
                                <EngineHeavy_2d IsSound2D="true" Sound="trucks/khan_lo4f/khan_lo4f_heavy_2d">

                                </EngineHeavy_2d>
                                <Reverse Sound="trucks/khan_lo4f/khan_lo4f_reverse">

                                </Reverse>
                                <EngineHigh_2d IsSound2D="true" Sound="trucks/khan_lo4f/khan_lo4f_high_2d">

                                </EngineHigh_2d>
                                <EngineIdle Sound="trucks/khan_lo4f/khan_lo4f_idle">

                                </EngineIdle>
                                <EngineStart Sound="trucks/khan_lo4f/khan_lo4f_start">

                                </EngineStart>
                                <BrakePull Sound="">

                                </BrakePull>
                                <EngineLow_2d IsSound2D="true" Sound="trucks/khan_lo4f/khan_lo4f_low_2d">

                                </EngineLow_2d>
                                <EngineHeavy Sound="trucks/khan_lo4f/khan_lo4f_heavy">

                                </EngineHeavy>
                                <BrakeRelease Sound="trucks/khan_lo4f/khan_lo4f_brake_release">

                                </BrakeRelease>
                                <GearFail Sound="trucks/common/truck_gear_wrong/truck_gear_wrong_small_old">

                                </GearFail>
              </Sounds>
              <Exhaust IsLight="false" Dir="(-1; 0; 0)" Origin="(-2.165; 0.527; -0.393)" Speed="2.0">

              </Exhaust>
              <SoundsDamage _template="Scout">

              </SoundsDamage>
              <Shakers>
                                        <Shaker MinAngle="(0.3; 0.3; 0.3)" Frame="BoneExhaust" MaxAngle="(0.8; 0.8; 0.8)" MaxFrequency="4">

                                        </Shaker>
                                        <Shaker MinAngle="(0.8; 0.8; 0.8)" Frame="BoneGearstick" MaxAngle="(3; 3; 3)" MaxFrequency="0.1">

                                        </Shaker>
              </Shakers>
              <Camera Center="(-1.3; 0; 0)" RadiusMultiplier="0.8">
                                        <Cockpit WindshieldShadingTexture="trucks/khanlo4f_glass__sh_d.tga" WindshieldDiffuseTexture="trucks/khanlo4f_glass__d_a.tga" _template="Default" ViewPos="(1.143; 1.714; 0.565)">
                                              <Mirror FOVScale="1.5" ClipDir="(-0.956; 0; -0.292)" Pos="(1.598; 1.607; 0.999)" Size="(0.15; 0.23)" MeshFrame="mirror_left" ReflectionDir="(-0.956; 0; -0.292)">

                                              </Mirror>
                                              <Mirror FOVScale="1.5" ClipDir="(-0.809; 0; 0.588)" Pos="(1.555; 1.607; -0.991)" Size="(0.15; 0.23)" MeshFrame="mirror_right" ReflectionDir="(-0.809; 0; 0.588)">

                                              </Mirror>
                                              <Mirror FOVScale="1.75" Pos="(1.66; 1.818; 0)" ClipDir="(-1; 0; 0)" ReflectionDir="(-0.913; -0.186; 0.364)" Size="(0.22; 0.08)" ClipOffset="0.1" MeshFrame="hp_cab_mirror">

                                              </Mirror>
                                            <Rear HorTransitionEnd="-1.2" ViewPosOffset="(-0.1; -0.1; 0.55)" HorTransitionStart="-1.1">

                                            </Rear>
                                        </Cockpit>
              </Camera>
              <SuspensionSocket Default="khan_lo4f_suspension_default" Type="s_khan_lo4f" MaxWheelRadiusWithoutSuspension="0.22">

              </SuspensionSocket>
              <Wheels DefaultTire="highway_1" DefaultWheelType="wheels_scout1" DefaultRim="rim_1">
                                              <Wheel _template="FrontWheel" Pos="(1.248; 0.37; 0.789)">

                                              </Wheel>
                                              <Wheel Pos="(1.248; 0.37; 0.789)" _template="FrontWheel" RightSide="true">

                                              </Wheel>
                                              <Wheel _template="RearWheel" Pos="(-1.056; 0.37; 0.789)">

                                              </Wheel>
                                              <Wheel Pos="(-1.056; 0.37; 0.789)" _template="RearWheel" RightSide="true">

                                              </Wheel>
              </Wheels>
              <Axles>
                                                <Axle Frame="BoneAxleFront">

                                                </Axle>
                                                <Axle Frame="BoneAxleRear">

                                                </Axle>
              </Axles>
              <Damage>
                                                  <DamageArea Max="(2.2; 1.3; 0.5)" Type="Engine" ParentFrame="BoneChassis_cdt" Min="(1.5; 0.6; -0.5)">

                                                  </DamageArea>
                                                  <DamageArea Max="(0.8; 0.6; 0.9)" Type="FuelTank" ParentFrame="BoneChassis_cdt" Min="(-0.6; 0.35; -0.9)">

                                                  </DamageArea>
              </Damage>
              <OcclusionMap Texture="trucks/occlusion/chassis_small__s_d_a.tga" MaxX="2.6" MinX="-2.85" HalfSizeZ="1.4">

              </OcclusionMap>
              <EngineSocket Default="ru_scout_old_engine_0" Type="e_ru_scout_old">

              </EngineSocket>
              <WinchUpgradeSocket Default="w_scout_default" IsUpgradable="true" Type="winches_scouts">

              </WinchUpgradeSocket>
              <SteeringWheel Frame="BoneSteering">

              </SteeringWheel>
                                                        <CompatibleWheels Scale="0.38" Type="wheels_scout1">

                                                        </CompatibleWheels>
                                                        <CompatibleWheels Scale="0.38" Type="wheels_scout2">

                                                        </CompatibleWheels>
                                                        <CompatibleWheels Scale="0.42" Type="wheels_scout1">

                                                        </CompatibleWheels>
                                                        <CompatibleWheels Scale="0.42" Type="wheels_scout2">

                                                        </CompatibleWheels>
              <SteeringRack RackHalfSizeZ="0.672" Frame="BoneRack" FrameSteerLeft="BoneRackLeft" FrameSteerRight="BoneRackRight">

              </SteeringRack>
      </TruckData>
      <GameData Country="RU,CAS" Price="3400" Recallable="true" UnlockByRank="1" UnlockByExploration="false">
                <CustomizationCameras>
                      <CameraPos InterestPosition="(4.382; 0.363; -0.304)" Name="roof_sticker" Position="(7.768; 5.509; -1.155)" FOV="32.0">

                      </CameraPos>
                      <CameraPos InterestPosition="(1.036; 1.692; -0)" Name="addon_1" MaxXRotation="360" Position="(-6.923; 2.071; 10.147)" MaxZoom="2" FOV="32.0" MaxYRotation="360">

                      </CameraPos>
                      <CameraPos InterestPosition="(4.867; 1.185; 0)" Name="addon_2" MaxXRotation="360" Position="(10.328; 3.44; -2.861)" MaxZoom="2" FOV="32.0" MaxYRotation="360">

                      </CameraPos>
                      <CameraPos Interior="true" Position="(5.956; 1.621; -0.274)" FOV="32.0" InterestPosition="(8.323; 1.692; 1.299)" Name="mirror_mount">

                      </CameraPos>
                      <CameraPos InterestPosition="(5.339; 1.222; -0)" Name="side_r" MaxXRotation="360" Position="(9.396; 2.878; -2.281)" MaxZoom="2" FOV="32.0" MaxYRotation="360">

                      </CameraPos>
                      <CameraPos Interior="true" Position="(6.118; 1.417; -0.1)" FOV="32.0" InterestPosition="(7.059; 2.385; 0.8)" Name="sticker">

                      </CameraPos>
                      <CameraPos Interior="true" Position="(6.2; 2; -0.1)" FOV="32.0" InterestPosition="(7.059; 1.2; 0.8)" Name="sticker_1">

                      </CameraPos>
                      <CameraPos Interior="true" Position="(3.519; 1.358; 2.838)" FOV="32.0" InterestPosition="(6.646; 0.658; 0)" Name="door_r_sticker">

                      </CameraPos>
                      <CameraPos InterestPosition="(5.798; 0.713; 0)" Name="roof" MaxXRotation="360" Position="(10.212; 2.243; -3.182)" MaxZoom="2" FOV="32.0" MaxYRotation="360">

                      </CameraPos>
                      <CameraPos Interior="true" Position="(9.512; 2.290; 1.03)" FOV="32.0" InterestPosition="(6.809; 1.531; -0.952)" Name="glass_sticker">

                      </CameraPos>
                      <CameraPos InterestPosition="(5.624; 0.976; 0)" Name="hoods" MaxXRotation="360" Position="(11.091; 1.495; -3.925)" MaxZoom="2" FOV="32.0" MaxYRotation="360">

                      </CameraPos>
                      <CameraPos InterestPosition="(5.944; 0.759; 0)" Name="side_l" MaxXRotation="360" Position="(9.22; 3.041; 3.401)" MaxZoom="2" FOV="32.0" MaxYRotation="360">

                      </CameraPos>
                      <CameraPos Interior="true" Position="(6.2; 1.7; -0.1)" FOV="32.0" InterestPosition="(7.059; 1.2; 0.8)" Name="bubble_head">

                      </CameraPos>
                      <CameraPos InterestPosition="(5.826; 0.253; -0.046)" Name="wheels" MaxXRotation="360" Position="(7.585; 0.853; -3.686)" MaxZoom="2" FOV="32.0" MaxYRotation="360">

                      </CameraPos>
                      <CameraPos InterestPosition="(5.624; 0.976; 0)" Name="default" MaxXRotation="360" Position="(11.091; 1.495; -3.925)" MaxZoom="2" FOV="32.0" MaxYRotation="360">

                      </CameraPos>
                      <CameraPos InterestPosition="(4.857; 0.956; 0)" Name="rear" MaxXRotation="360" Position="(-0.612; 1.654; 4.180)" MaxZoom="2" FOV="32.0" MaxYRotation="360">

                      </CameraPos>
                      <CameraPos Interior="true" Position="(3.53; 1.295; -2.898)" FOV="32.0" InterestPosition="(4.794; 0.782; 0.486)" Name="door_l_sticker">

                      </CameraPos>
                </CustomizationCameras>
                    <CraneSocket Pos="(-2.17; 0.747; 0)">

                    </CraneSocket>
                    <CraneSocket Pos="(2.202; 0.661; 0.335)">

                    </CraneSocket>
                    <CraneSocket Pos="(2.202; 0.661; -0.335)">

                    </CraneSocket>
                    <CraneSocket Pos="(0; 2.100; 0)">

                    </CraneSocket>
                    <CraneSocket Pos="(0.064; 0.455; 0.896)">

                    </CraneSocket>
                    <CraneSocket Pos="(0.064; 0.455; -0.896)">

                    </CraneSocket>
                      <AddonSockets DefaultAddon="khan_lo4f_front_bumper">
                        <Socket Names="Khanlo4fFrontBumper">

                        </Socket>
                      </AddonSockets>
                      <AddonSockets DefaultAddon="khan_lo4f_rear_bumper">
                          <Socket Names="Khanlo4fRearBumper">

                          </Socket>
                          <Socket Names="Khanlo4fRearBumper1">

                          </Socket>
                      </AddonSockets>
                      <AddonSockets>
                        <Socket Names="Khanlo4fRoofrack">

                        </Socket>
                      </AddonSockets>
                      <AddonSockets>
                        <Socket Names="Khanlo4fRoofrack2">

                        </Socket>
                      </AddonSockets>
                      <AddonSockets>
                          <Socket NamesBlock="Khanlo4fGabarite" Names="Khanlo4fBeacon">

                          </Socket>
                          <Socket Names="Khanlo4fConditioner">

                          </Socket>
                      </AddonSockets>
                      <AddonSockets>
                          <Socket Names="Khanlo4fGabarite">

                          </Socket>
                          <Socket NamesBlock="Khanlo4fVisor" Names="Khanlo4fGabarite2">

                          </Socket>
                      </AddonSockets>
                      <AddonSockets>
                        <Socket Names="Khanlo4fSnorkel">

                        </Socket>
                      </AddonSockets>
                      <AddonSockets>
                        <Socket Names="Khanlo4fVisor">

                        </Socket>
                      </AddonSockets>
                      <AddonSockets>
                        <Socket Names="Khanlo4fHorn">

                        </Socket>
                      </AddonSockets>
                      <AddonSockets>
                        <Socket Names="Khanlo4fStairs">

                        </Socket>
                      </AddonSockets>
                      <AddonSockets>
                        <Socket Names="Khanlo4fWheelAddon">

                        </Socket>
                      </AddonSockets>
                      <AddonSockets>
                        <Socket Offset="(-2.17; 0.76; 0)" NamesBlock="Khanlo4fWheelAddon" Names="ScautTrailer">
                            <AddonsShift Types="Khanlo4fRearBumper1" Offset="(-0.109; 0; 0)">

                            </AddonsShift>
                        </Socket>
                      </AddonSockets>
                      <AddonSockets>
                        <Socket Offset="(1.682; 1.824; 0)" InCockpit="true" Names="StuffAirfreshener">

                        </Socket>
                      </AddonSockets>
                      <AddonSockets>
                        <Socket Names="StuffDashboard" InCockpit="true" Offset="(1.86; 1.42; -0.005)" UpDir="(0.151; 0.989; 0)" Dir="(0; 0; 1)">

                        </Socket>
                      </AddonSockets>
                      <AddonSockets>
                        <Socket InCockpit="true" Names="khanLo4FSticker_1x1_01">

                        </Socket>
                      </AddonSockets>
                      <AddonSockets>
                        <Socket InCockpit="true" Names="khanLo4FSticker_1x1_02">

                        </Socket>
                      </AddonSockets>
                      <AddonSockets>
                        <Socket InCockpit="true" Names="khanLo4FSticker_1x1_03">

                        </Socket>
                      </AddonSockets>
                      <AddonSockets>
                        <Socket InCockpit="true" Names="khanLo4FSticker_1x1_04">

                        </Socket>
                      </AddonSockets>
                      <AddonSockets>
                        <Socket InCockpit="true" Names="khanLo4FSticker_1x2_01">

                        </Socket>
                      </AddonSockets>
                      <AddonSockets>
                        <Socket InCockpit="true" Names="khanLo4FSticker_1x2_02">

                        </Socket>
                      </AddonSockets>
                      <AddonSockets>
                        <Socket InCockpit="true" Names="khanLo4FSticker_GlassTop">

                        </Socket>
                      </AddonSockets>
                      <AddonSockets>
                        <Socket Names="khanLo4FSticker_Door_R">

                        </Socket>
                      </AddonSockets>
                      <AddonSockets>
                        <Socket Names="khanLo4FSticker_Door_L">

                        </Socket>
                      </AddonSockets>
                      <AddonSockets>
                        <Socket Names="khanLo4FSticker_Roof">

                        </Socket>
                      </AddonSockets>
                        <WinchSocket Pos="(-2.17; 0.747; 0)">

                        </WinchSocket>
                        <WinchSocket Pos="(2.202; 0.661; 0.335)">

                        </WinchSocket>
                        <WinchSocket Pos="(2.202; 0.661; -0.335)">

                        </WinchSocket>
                        <WinchSocket Pos="(0.064; 0.455; 0.896)">

                        </WinchSocket>
                        <WinchSocket Pos="(0.064; 0.455; -0.896)">

                        </WinchSocket>
                <UiDesc UiDesc="UI_VEHICLE_KHAN_Lo4F_DESC" UiIcon30x30="scoutVehicleImg30" UiName="UI_VEHICLE_KHAN_Lo4F_NAME" UiIconLogo="KhanLogo80" UiIcon40x40="scoutVehicleImg" UiIcon328x458="shopImgKhanlo4f">

                </UiDesc>
      </GameData>
      <HeadLight _template="Default" Pos="(2.307; 0.985; 0)">

      </HeadLight>
      <ModelAttachments>
                    <StopSignals>
                          <Flare DirAngle="135" Size="0.5" _template="StopSignal" Pos="(-2.068; 0.968; -0.843)">

                          </Flare>
                          <Flare DirAngle="135" Size="0.5" _template="StopSignal" Pos="(-2.068; 0.968; 0.843)">

                          </Flare>
                        <Light _template="StopSignal" Pos="(-2.276; 0.968; 0)">

                        </Light>
                    </StopSignals>
                    <Ignition>
                            <Flare DirAngle="120" Size="0.3" _template="IgnitionSignalWhite" Pos="(2.223; 1.025; -0.531)">

                            </Flare>
                            <Flare DirAngle="120" Size="0.3" _template="IgnitionSignalWhite" Pos="(2.223; 1.025; 0.531)">

                            </Flare>
                            <Flare Color="g(165; 149; 130) x 0.7" Pos="(2.187; 0.815; -0.531)" Size="0.08" _template="IgnitionSignalWhite">

                            </Flare>
                            <Flare Color="g(165; 149; 130) x 0.7" Pos="(2.187; 0.815; 0.531)" Size="0.08" _template="IgnitionSignalWhite">

                            </Flare>
                            <Flare _template="IgnitionSignalOrange" Pos="(1.43; 2.008; -0.789)">

                            </Flare>
                            <Flare _template="IgnitionSignalOrange" Pos="(1.43; 2.008; 0.789)">

                            </Flare>
                            <Flare Size="0.09" _template="IgnitionSignalRed" Pos="(-2.068; 0.968; -0.843)">

                            </Flare>
                            <Flare Size="0.09" _template="IgnitionSignalRed" Pos="(-2.068; 0.968; 0.843)">

                            </Flare>
                              <Light _template="IgnitionSignalWhite" Pos="(2.25; 0.85; 0.5)">

                              </Light>
                              <Light _template="IgnitionSignalWhite" Pos="(2.25; 0.85; -0.5)">

                              </Light>
                              <Light _template="IgnitionSignalRed" Pos="(-1.8; 1.025; -0)">

                              </Light>
                    </Ignition>
                    <HeadLight>
                              <Flare Color="g(245; 225; 200) x 0.6" Pos="(2.223; 1.025; -0.531)" DirAngle="135" Size="0.4" _template="HeadLight">

                              </Flare>
                              <Flare Color="g(245; 225; 200) x 0.6" Pos="(2.223; 1.025; 0.531)" DirAngle="135" Size="0.4" _template="HeadLight">

                              </Flare>
                              <Flare Color="g(220; 220; 255) x 0.05" Pos="(2.244; 1.025; -0.531)" Size="0.5" _template="BlueStreak">

                              </Flare>
                              <Flare Color="g(220; 220; 255) x 0.05" Pos="(2.244; 1.025; 0.531)" Size="0.5" _template="BlueStreak">

                              </Flare>
                                <Model Org="(2.244; 1.025; -0.531)" _template="HeadLightRay">

                                </Model>
                                <Model Org="(2.244; 1.025; 0.531)" _template="HeadLightRay">

                                </Model>
                    </HeadLight>
                    <ReverseSignals>
                                <Flare DirAngle="135" Size="0.7" _template="ReverseSignal" Pos="(-2.068; 0.854; -0.843)">

                                </Flare>
                                <Flare DirAngle="135" Size="0.7" _template="ReverseSignal" Pos="(-2.068; 0.854; 0.843)">

                                </Flare>
                                <Flare Color="g(220; 220; 255) x 0.05" Pos="(-2.077; 0.854; -0.843)" Dir="(-1; 0; 0)" Size="0.4" _template="BlueStreak">

                                </Flare>
                                <Flare Color="g(220; 220; 255) x 0.05" Pos="(-2.077; 0.854; 0.843)" Dir="(-1; 0; 0)" Size="0.4" _template="BlueStreak">

                                </Flare>
                              <Light _template="ReverseSignal" Pos="(-2.276; 0.854; 0)">

                              </Light>
                    </ReverseSignals>
      </ModelAttachments>
      <Snorkel Origin="(2.208; 0.844; 0)">

      </Snorkel>
  </Truck>
  <_templates Include="trucks">
        <Wheel>
            <RearWheel Torque="default" Location="rear" ConnectedToHandbrake="true">

            </RearWheel>
            <FrontWheel SteeringCastor="8" ParentFrame="BoneCabin_cdt" ConnectedToHandbrake="true" Torque="default" Location="front" SteeringAngle="40">

            </FrontWheel>
        </Wheel>
        <Body>
              <SunShield Collisions="None" Mass="2">
                  <Constraint MinLimit="-6" Type="Hinge" MaxLimit="10" AxisLocal="(0; 0; 1)">
                      <Motor Spring="8" Type="Spring" Damping="0.008">

                      </Motor>
                  </Constraint>
              </SunShield>
        </Body>
  </_templates>