  <Truck>
      <Landmark Mesh="landmarks/kolob_74941_lmk" MaxScale="2.8" MinScale="1.8">

      </Landmark>
      <TruckData EngineIconMesh="env/engine_big" EngineStartDelay="3.2" TruckType="HEAVY" ExhaustStartTime="2.8" SteerSpeed="0.018" TruckImage="KOLOBmchr" DiffLockType="Installed" Responsiveness="0.15" FuelCapacity="340" EngineIconScale="1.5" BackSteerSpeed="0.025">
            <Driver SteeringWheelPos="(2.105; 2.695; 0.664)" Pos="(1.718; 2.349; 0.663)" AnimationSet="HeavyTruck">

            </Driver>
            <Shafts>
                    <Shaft SocketPointB="Shaft1b" SocketPointA="Shaft1a">

                    </Shaft>
                    <Shaft SocketPointB="Shaft2b" SocketPointA="Shaft2a">

                    </Shaft>
                    <Shaft SocketPointB="Shaft3b" SocketPointA="Shaft3a">

                    </Shaft>
            </Shafts>
            <FuelTank DamageCapacity="100">

            </FuelTank>
            <Dashboard>
                        <Gauge Org="(2.362; 2.605; 0.997)" OutputAngles="(-40;0)" Mesh="trucks/arrows/kolob_74941_arrow_03" Damping="0.9" InputRange="(0;1)" InputType="engineEnabled" Dir="(-0.878; 0.151; -0.453)">

                        </Gauge>
                        <Gauge Org="(2.352; 2.528; 0.992)" OutputAngles="(-40;0)" Mesh="trucks/arrows/kolob_74941_arrow_03" Damping="0.9995" InputRange="(0;1)" InputType="engineEnabled" Dir="(-0.878; 0.151; -0.453)">

                        </Gauge>
                        <Gauge Org="(2.417; 2.625; 0.84)" OutputAngles="(-40;0)" Mesh="trucks/arrows/kolob_74941_arrow_03" Damping="0.9995" InputRange="(0;1)" InputType="engineEnabled" Dir="(-0.985; 0.174; -0)">

                        </Gauge>
                        <Gauge Org="(2.415; 2.612; 0.744)" OutputAngles="(-135;0)" Mesh="trucks/arrows/kolob_74941_arrow_02" Damping="0.9" InputRange="(0;160)" InputType="speed" Dir="(-0.985; 0.173; -0)">

                        </Gauge>
                        <Gauge Org="(2.415; 2.612; 0.58)" OutputAngles="(135;-90)" Mesh="trucks/arrows/kolob_74941_arrow_02" Damping="0.9" InputRange="(0;1)" InputType="rpm" Dir="(-0.985; 0.173; -0)">

                        </Gauge>
                        <Gauge Org="(2.417; 2.626; 0.485)" OutputAngles="(-40;40)" Mesh="trucks/arrows/kolob_74941_arrow_03" Damping="0.9" InputRange="(0;1)" InputType="fuel" Dir="(-0.985; 0.173; -0)">

                        </Gauge>
                        <Gauge Org="(2.345; 2.669; 0.339)" OutputAngles="(-125;60)" Mesh="trucks/arrows/kolob_74941_arrow_01" Damping="0.9" InputRange="(0;1)" InputType="engineEnabled" Dir="(-0.722; 0.145; 0.677)">

                        </Gauge>
                        <Gauge Org="(2.304; 2.681; 0.292)" OutputAngles="(-125;60)" Mesh="trucks/arrows/kolob_74941_arrow_01" Damping="0.9" InputRange="(0;1)" InputType="engineEnabled" Dir="(-0.722; 0.145; 0.677)">

                        </Gauge>
                        <Gauge Org="(2.333; 2.605; 0.341)" OutputAngles="(-125;20)" Mesh="trucks/arrows/kolob_74941_arrow_01" Damping="0.9" InputRange="(0;1)" InputType="engineEnabled" Dir="(-0.722; 0.145; 0.677)">

                        </Gauge>
            </Dashboard>
            <SoundsWheels _template="Default">

            </SoundsWheels>
            <GearboxSocket Default="g_special_default" Type="gearboxes_special, gearboxes_special_kolob">

            </GearboxSocket>
                          <Steam Origin="(0.324; 1.902; 0)">

                          </Steam>
                          <Steam Origin="(1.29; 1.219; 0)" Scale="0.7">

                          </Steam>
            <Sounds DisableReversePitch="true" MinDist="15.0" Origin="(3.1; 1.95; 0)" _template="Default">
                              <BrakesSqueal Sound="trucks/kolob_74941/kolob_74941_brakes_squeal">

                              </BrakesSqueal>
                              <AbruptStop Sound="trucks/common/truck_swing_big_rnd_set/truck_swing_big_rnd">

                              </AbruptStop>
                              <EngineLow Sound="trucks/kolob_74941/kolob_74941_low">

                              </EngineLow>
                              <EngineRev Sound="">

                              </EngineRev>
                              <EngineAccel Sound="trucks/kolob_74941/kolob_74941_rev">

                              </EngineAccel>
                              <Honk Sound="trucks/kolob_74941/kolob_74941_honk">

                              </Honk>
                              <EngineStop Sound="trucks/kolob_74941/kolob_74941_stop">

                              </EngineStop>
                              <Handbrake Sound="trucks/kolob_74941/kolob_74941_handbrake_on">

                              </Handbrake>
                              <EngineIdle_2d IsSound2D="true" Sound="trucks/kolob_74941/kolob_74941_idle_2d">

                              </EngineIdle_2d>
                              <HandbrakeOff Sound="trucks/kolob_74941/kolob_74941_handbrake_off">

                              </HandbrakeOff>
                              <EngineHeavy_2d IsSound2D="true" Sound="trucks/kolob_74941/kolob_74941_heavy_2d">

                              </EngineHeavy_2d>
                              <ChassisStress Sound="trucks/common/truck_stress_rnd_set/truck_stress_rnd">

                              </ChassisStress>
                              <Reverse Sound="trucks/kolob_74941/kolob_74941_back_beeper">

                              </Reverse>
                              <EngineHigh_2d IsSound2D="true" Sound="trucks/kolob_74941/kolob_74941_high_2d">

                              </EngineHigh_2d>
                              <EngineIdle Sound="trucks/kolob_74941/kolob_74941_idle">

                              </EngineIdle>
                              <EngineLow_2d IsSound2D="true" Sound="trucks/kolob_74941/kolob_74941_low_2d">

                              </EngineLow_2d>
                              <EngineHigh Sound="trucks/kolob_74941/kolob_74941_high">

                              </EngineHigh>
                              <EngineHeavy Sound="trucks/kolob_74941/kolob_74941_heavy">

                              </EngineHeavy>
                              <BrakeRelease Sound="trucks/kolob_74760/kolob_74760_brake_release">

                              </BrakeRelease>
                              <EngineStart Sound="trucks/kolob_74941/kolob_74941_start">

                              </EngineStart>
            </Sounds>
            <Intake Size="0.8" Origin="(4.725; 1.763; 0)" Dir="(1; 0; 0)">

            </Intake>
            <SoundsDamage _template="Heavy">

            </SoundsDamage>
                                  <LimitedFluid Type="Box" SizeX="0.88" Center="(-1.419; 1.113; 0.972)" SizeY="0.612" SizeZ="0.806">

                                  </LimitedFluid>
                                  <LimitedFluid Type="Box" SizeX="0.88" Center="(-1.419; 1.113; -0.978)" SizeY="0.612" SizeZ="0.806">

                                  </LimitedFluid>
            <Camera ParentFrame="BoneChassis_cdt" Center="(-1.7; 0; 0)">
                                      <Cockpit WindshieldShadingTexture="trucks/kolob_74941_glass__sh_d.tga" WindshieldDiffuseTexture="trucks/kolob_74941_glass__d_a.tga" _template="Default" ViewPos="(1.65; 3.165; 0.664)">
                                            <Mirror FOVScale="1.8" ClipDir="(-0.857; 0; -0.515)" Pos="(2.073; 3.011; 1.739)" Size="(0.236; 0.436)" MeshFrame="mirror_left" ReflectionDir="(-0.857; 0; -0.515)">

                                            </Mirror>
                                            <Mirror FOVScale="2.4" Pos="(2.077; 3.011; -1.739)" ClipDir="(-0.772; -0; 0.636)" ReflectionDir="(-0.772; -0; 0.636)" Size="(0.236; 0.436)" ClipOffset="0.2" MeshFrame="mirror_right">

                                            </Mirror>
                                      </Cockpit>
            </Camera>
            <SuspensionSocket Default="kolob_74941_suspension_default" Type="s_kolob_74941" MaxWheelRadiusWithoutSuspension="0.76">

            </SuspensionSocket>
            <Wheels DefaultTire="mudtires_1" DefaultWheelType="wheels_superheavy_single" DefaultRim="rim_1">
                                            <Wheel _template="FirstAxle" Pos="(2.199; 0.745; 1.265)">

                                            </Wheel>
                                            <Wheel Pos="(2.199; 0.745; 1.265)" _template="FirstAxle" RightSide="true">

                                            </Wheel>
                                            <Wheel _template="SecondAxle" Pos="(-0.001; 0.745; 1.265)">

                                            </Wheel>
                                            <Wheel Pos="(-0.001; 0.745; 1.265)" _template="SecondAxle" RightSide="true">

                                            </Wheel>
                                            <Wheel _template="RearAxle" Pos="(-2.751; 0.745; 1.265)">

                                            </Wheel>
                                            <Wheel Pos="(-2.751; 0.745; 1.265)" _template="RearAxle" RightSide="true">

                                            </Wheel>
                                            <Wheel _template="RearAxle" Pos="(-4.451; 0.745; 1.265)">

                                            </Wheel>
                                            <Wheel Pos="(-4.451; 0.745; 1.265)" _template="RearAxle" RightSide="true">

                                            </Wheel>
            </Wheels>
            <Axles>
                                              <Axle Frame="BoneAxleL1">

                                              </Axle>
                                              <Axle Frame="BoneAxleR1">

                                              </Axle>
                                              <Axle Frame="BoneAxleL2">

                                              </Axle>
                                              <Axle Frame="BoneAxleR2">

                                              </Axle>
                                              <Axle Frame="BoneAxleL3">

                                              </Axle>
                                              <Axle Frame="BoneAxleR3">

                                              </Axle>
                                              <Axle Frame="BoneAxleL4">

                                              </Axle>
                                              <Axle Frame="BoneAxleR4">

                                              </Axle>
            </Axles>
            <Damage SensationMin="(0.405; 3.593; -1.28)" Capacity="800" ParentFrame="BoneChassis_cdt" SensationMax="(2.622; 1.915; 1.225)">
                                                <DamageArea Max="(4.700; 2.5; 0.7)" Type="Engine" ParentFrame="BoneChassis_cdt" Min="(2.688; 0.95; -0.7)">

                                                </DamageArea>
                                                <DamageArea Max="(-0.7; 1.6; 1.46)" Type="FuelTank" ParentFrame="BoneChassis_cdt" Min="(-2.3; 0.6; -1.46)">

                                                </DamageArea>
            </Damage>
            <OcclusionMap HalfSizeZ="2.932" MinX="-5.3" MaxX="4.5">

            </OcclusionMap>
            <EngineSocket Default="ru_special_engine_0" Type="e_ru_special">

            </EngineSocket>
            <WinchUpgradeSocket Default="w_heavy_trucks_default" IsUpgradable="true" Type="winches_heavy_trucks">

            </WinchUpgradeSocket>
            <SteeringWheel Frame="BoneSteering">

            </SteeringWheel>
            <CompatibleWheels Scale="0.745" Type="wheels_superheavy_single">

            </CompatibleWheels>
                                                        <SteeringRack RackHalfSizeZ="1.025" Frame="BoneRack2" FrameSteerLeft="BoneRackL2" FrameSteerRight="BoneRackR2">

                                                        </SteeringRack>
                                                        <SteeringRack RackHalfSizeZ="1.025" Frame="BoneRack" FrameSteerLeft="BoneRackL1" FrameSteerRight="BoneRackR1">

                                                        </SteeringRack>
      </TruckData>
      <GameData Country="RU,CAS" Price="92300" ExcludeAddons="trailer_log_pole" UnlockByRank="1" UnlockByExploration="false">
              <CustomizationCameras>
                    <CameraPos Interior="true" Position="(6.831; 5.649; -1.387)" FOV="32.0" InterestPosition="(2.635; 1.307; -0.745)" Name="roof_sticker">

                    </CameraPos>
                    <CameraPos Interior="true" Position="(4.391; 3.487; -0.943)" FOV="32.0" InterestPosition="(6.876; 0.781; 0.876)" Name="sticker_1">

                    </CameraPos>
                    <CameraPos InterestPosition="(-1.765; 1.692; -0)" Name="addon_1" MaxXRotation="360" Position="(-11.556; 4.444; 8.243)" MaxZoom="2" FOV="32.0" MaxYRotation="360">

                    </CameraPos>
                    <CameraPos InterestPosition="(3.194; 1.807; 0)" Name="addon_2" MaxXRotation="360" Position="(-8.093; 2.337; -6.718)" MaxZoom="2" FOV="32.0" MaxYRotation="360">

                    </CameraPos>
                    <CameraPos Interior="true" Position="(3.839; 3.187; -0.833)" FOV="32.0" InterestPosition="(7.444; 3.324; 0.942)" Name="mirror_mount">

                    </CameraPos>
                    <CameraPos InterestPosition="(3.151; 2.581; -0)" Name="side_r" MaxXRotation="360" Position="(-1.446; 4.761; -4.592)" MaxZoom="2" FOV="32.0" MaxYRotation="360">

                    </CameraPos>
                    <CameraPos Interior="true" Position="(4.012; 3.396; -0.001)" FOV="32.0" InterestPosition="(7.243; 0.781; 1.878)" Name="sticker">

                    </CameraPos>
                    <CameraPos Interior="true" Position="(8.386; 3.765; 1.074)" FOV="32.0" InterestPosition="(4.073; 2.539; -1.191)" Name="glass_sticker">

                    </CameraPos>
                    <CameraPos Interior="true" Position="(1.936; 2.744; 3.161)" FOV="32.0" InterestPosition="(4.185; 2.267; 1.957)" Name="door_r_sticker">

                    </CameraPos>
                    <CameraPos InterestPosition="(4.758; 2.358; -0)" Name="roof" MaxXRotation="360" Position="(10.787; 4.806; -3.717)" MaxZoom="2" FOV="32.0" MaxYRotation="360">

                    </CameraPos>
                    <CameraPos Interior="true" Position="(9.711; 4.321; -0.916)" FOV="32.0" InterestPosition="(5.143; 1.217; -0.167)" Name="capote_sticker">

                    </CameraPos>
                    <CameraPos InterestPosition="(5.716; 1.735; 0)" Name="hoods" MaxXRotation="360" Position="(13.576; 1.402; -3.863)" MaxZoom="2" FOV="32.0" MaxYRotation="360">

                    </CameraPos>
                    <CameraPos Interior="true" Position="(5.221; 1.595; 0.03)" FOV="32.0" InterestPosition="(6.662; 0.61; 1.935)" Name="sticker_2">

                    </CameraPos>
                    <CameraPos InterestPosition="(4.996; 2.278; 0)" Name="side_l" MaxXRotation="360" Position="(9.503; 4.502; 4.533)" MaxZoom="2" FOV="32.0" MaxYRotation="360">

                    </CameraPos>
                    <CameraPos Interior="true" Position="(4.366; 3.198; -0.562)" FOV="32.0" InterestPosition="(8.466; 0.731; 1.569)" Name="bubble_head">

                    </CameraPos>
                    <CameraPos InterestPosition="(3.407; 0.627; -0)" Name="wheels" MaxXRotation="360" Position="(6.058; 2.362; -6.974)" MaxZoom="2" FOV="32.0" MaxYRotation="360">

                    </CameraPos>
                    <CameraPos InterestPosition="(5.716; 1.735; 0)" Name="default" MaxXRotation="360" Position="(13.576; 1.402; -3.863)" MaxZoom="2" FOV="32.0" MaxYRotation="360">

                    </CameraPos>
                    <CameraPos InterestPosition="(0.479; 0.992; -0)" Name="rear" MaxXRotation="360" Position="(-5.767; 1.805; 2.899)" MaxZoom="2" FOV="32.0" MaxYRotation="360">

                    </CameraPos>
                    <CameraPos Interior="true" Position="(2.237; 2.62; -3.149)" FOV="32.0" InterestPosition="(3.456; 2.225; 0.304)" Name="door_l_sticker">

                    </CameraPos>
              </CustomizationCameras>
                  <CraneSocket Pos="(4.777; 1.145; -0.842)">

                  </CraneSocket>
                  <CraneSocket Pos="(4.777; 1.145; 0.842)">

                  </CraneSocket>
                  <CraneSocket Pos="(-5.434; 0.912; 0)">

                  </CraneSocket>
                  <CraneSocket Pos="(-1.422; 0.688; -1.326)">

                  </CraneSocket>
                  <CraneSocket Pos="(-1.422; 0.688; 1.326)">

                  </CraneSocket>
                    <AddonSockets>
                        <Socket Offset="(-5.502; 0.905; 0)" Names="Trailer">

                        </Socket>
                        <Socket Offset="(-3.136; 1.86; 0)" Names="LargeSemitrailer, LargeSemitrailerOiltank">

                        </Socket>
                    </AddonSockets>
                    <AddonSockets DefaultAddon="kolob_74941_diff_lock_default">
                      <Socket ParentFrame="BoneChassis_cdt" Offset="(0; 0; 0)" Names="kolob74135DiffLock">

                      </Socket>
                    </AddonSockets>
                    <AddonSockets>
                      <Socket Offset="(-3.136; 1.547; 0)" Names="SaddleHigh1">

                      </Socket>
                    </AddonSockets>
                    <AddonSockets DefaultAddon="kolob_74941_beacon_default">
                      <Socket Offset="(0; 0; 0)" Names="Kolob74941Beacon">

                      </Socket>
                    </AddonSockets>
                    <AddonSockets DefaultAddon="kolob_74941_exhaust_default">
                      <Socket Offset="(0; 0; 0)" Names="Kolob74941Exhaust">

                      </Socket>
                    </AddonSockets>
                    <AddonSockets>
                      <Socket Offset="(0; 0; 0)" Names="Kolob74941Snorkel">

                      </Socket>
                    </AddonSockets>
                    <AddonSockets>
                      <Socket Offset="(0; 0; 0)" Names="Kolob74941Gabarite">

                      </Socket>
                    </AddonSockets>
                    <AddonSockets>
                      <Socket Offset="(0; 0; 0)" NamesBlock="Kolob74941Spotlight, Kolob74941Spotlight2" Names="Kolob74941Horn">

                      </Socket>
                    </AddonSockets>
                    <AddonSockets>
                      <Socket Offset="(0; 0; 0)" Names="Kolob74941Spotlight">

                      </Socket>
                    </AddonSockets>
                    <AddonSockets>
                      <Socket Offset="(0; 0; 0)" NamesBlock="Kolob74941Spotlight, Kolob74941Beacon" Names="Kolob74941Spotlight2">

                      </Socket>
                    </AddonSockets>
                    <AddonSockets>
                      <Socket Offset="(0; 0; 0)" Names="Kolob74941Visor">

                      </Socket>
                    </AddonSockets>
                    <AddonSockets>
                      <Socket Offset="(0; 0; 0)" Names="Kolob74941Bumper">

                      </Socket>
                    </AddonSockets>
                    <AddonSockets>
                      <Socket Offset="(2.479; 2.777; 0.266)" InCockpit="true" Names="StuffDashboard">

                      </Socket>
                    </AddonSockets>
                    <AddonSockets>
                      <Socket InCockpit="true" Names="kolob74941Sticker_1x1_01">

                      </Socket>
                    </AddonSockets>
                    <AddonSockets>
                      <Socket InCockpit="true" Names="kolob74941Sticker_1x1_02">

                      </Socket>
                    </AddonSockets>
                    <AddonSockets>
                      <Socket InCockpit="true" Names="kolob74941Sticker_1x1_03">

                      </Socket>
                    </AddonSockets>
                    <AddonSockets>
                      <Socket InCockpit="true" Names="kolob74941Sticker_1x2_01">

                      </Socket>
                    </AddonSockets>
                    <AddonSockets>
                      <Socket InCockpit="true" Names="kolob74941Sticker_1x2_02">

                      </Socket>
                    </AddonSockets>
                    <AddonSockets>
                      <Socket InCockpit="true" Names="kolob74941Sticker_1x4_01">

                      </Socket>
                    </AddonSockets>
                    <AddonSockets>
                      <Socket InCockpit="true" Names="kolob74941Sticker_GlassTop">

                      </Socket>
                    </AddonSockets>
                    <AddonSockets>
                      <Socket InCockpit="true" Names="kolob74941Sticker_GlassBottom">

                      </Socket>
                    </AddonSockets>
                    <AddonSockets>
                      <Socket Names="kolob74941Sticker_Door_R">

                      </Socket>
                    </AddonSockets>
                    <AddonSockets>
                      <Socket Names="kolob74941Sticker_Door_L">

                      </Socket>
                    </AddonSockets>
                    <AddonSockets>
                      <Socket Names="kolob74941Sticker_Capote">

                      </Socket>
                    </AddonSockets>
                    <AddonSockets>
                      <Socket Names="kolob74941Sticker_Roof">

                      </Socket>
                    </AddonSockets>
                    <AddonSockets>
                      <Socket Offset="(2.654; 3.505; 0.485)" InCockpit="true" Names="StuffAirfreshener">

                      </Socket>
                    </AddonSockets>
                      <WinchSocket Pos="(4.777; 1.145; -0.842)">

                      </WinchSocket>
                      <WinchSocket Pos="(4.777; 1.145; 0.842)">

                      </WinchSocket>
                      <WinchSocket Pos="(-5.434; 0.912; 0)">

                      </WinchSocket>
                      <WinchSocket Pos="(-1.422; 0.688; -1.326)">

                      </WinchSocket>
                      <WinchSocket Pos="(-1.422; 0.688; 1.326)">

                      </WinchSocket>
              <UiDesc UiDesc="UI_VEHICLE_KOLOB_74941_DESC" UiIcon30x30="heavyVehicleImg30" UiName="UI_VEHICLE_KOLOB_74941_NAME" UiIconLogo="KolobLogo80" UiIcon40x40="heavyVehicleImg" UiIcon328x458="shopImgMZKT">

              </UiDesc>
      </GameData>
      <PhysicsModel Mesh="trucks/kolob_74941">
                <NetSync Legacy="false">

                </NetSync>
                <Body CenterOfMassOffset="(-1; -1.3; 0)" ImpactType="Truck" NetSync="pv" ModelFrame="BoneChassis_cdt" Mass="26500">
                        <Body _template="SideMirror" ModelFrame="BoneMirrorLeft_cdt">

                        </Body>
                        <Body _template="SideMirror" ModelFrame="BoneMirrorRight_cdt">

                        </Body>
                        <Body _template="Mudguard" ModelFrame="BoneLeftMudguard_cdt">
                          <Constraint MaxLimit="40" AxisLocal="(0; 0; -1)" MinLimit="-10">

                          </Constraint>
                        </Body>
                        <Body _template="Mudguard" ModelFrame="BoneRightMudguard_cdt">
                          <Constraint MaxLimit="40" AxisLocal="(0; 0; -1)" MinLimit="-10">

                          </Constraint>
                        </Body>
                        <Body _template="Panel" ModelFrame="BoneLeftPanel1_cdt">

                        </Body>
                        <Body _template="Panel" ModelFrame="BoneLeftPanel2_cdt">

                        </Body>
                        <Body _template="Panel" ModelFrame="BoneRightPanel1_cdt">

                        </Body>
                        <Body _template="Panel" ModelFrame="BoneRightPanel2_cdt">

                        </Body>
                        <Body ModelFrame="BoneHandle_cdt" Mass="10">
                          <Constraint Type="Hinge" MaxLimit="70" PivotOffset="(0; 0; 0)" AxisLocal="(1; 0; 0)" MinLimit="-70">
                              <Motor Spring="0.2" Type="Spring" Damping="0.52">

                              </Motor>
                          </Constraint>
                        </Body>
                        <Body ModelFrame="BoneCable1_cdt" Mass="5">
                          <Constraint Type="Hinge" MaxLimit="28" PivotOffset="(0; 0; 0)" AxisLocal="(0; 0; 1)" MinLimit="-7">
                              <Motor Spring="0.2" Type="Spring" Damping="0.02">

                              </Motor>
                          </Constraint>
                          <Body ModelFrame="BoneCable1b_cdt" Mass="0.02">
                                <Constraint MinLimit="-0.4" Type="Prismatic" MaxLimit="0.2" AxisLocal="(0; 0; 1)">
                                    <Motor Spring="3" Type="Spring" Damping="0.1">

                                    </Motor>
                                </Constraint>
                          </Body>
                        </Body>
                        <Body ModelFrame="BoneCable2_cdt" Mass="5">
                          <Constraint Type="Hinge" MaxLimit="70" PivotOffset="(0; 0; 0)" AxisLocal="(0; 0; 1)" MinLimit="-35">
                              <Motor Spring="0.2" Type="Spring" Damping="0.02">

                              </Motor>
                          </Constraint>
                        </Body>
                        <Body ModelFrame="BoneCable3_cdt" Mass="5">
                          <Constraint Type="Hinge" MaxLimit="90" PivotOffset="(0; 0; 0)" AxisLocal="(0; 0; 1)" MinLimit="-90">
                              <Motor Spring="0.05" Type="Spring" Damping="0.08">

                              </Motor>
                          </Constraint>
                        </Body>
                        <Body Collisions="None" ModelFrame="BoneBox_cdt" Mass="5">
                          <Constraint LinearLimitsZ="(-0.03;0.03)" Type="Fixed" LinearLimitsY="(0;0.01)" LinearLimitsX="(-0.03;0.03)">
                              <Motor Spring="150" Type="Spring" Damping="400">

                              </Motor>
                          </Constraint>
                        </Body>
                        <Body ModelFrame="BoneCrane1_cdt" Mass="5">
                          <Constraint Type="Hinge" MaxLimit="5" PivotOffset="(0; 0; 0)" AxisLocal="(0; 1; 0)" MinLimit="-95">
                              <Motor Spring="0.2" Type="Spring" Damping="10">

                              </Motor>
                          </Constraint>
                          <Body ModelFrame="BoneCrane2_cdt" Mass="5">
                                <Constraint Type="Hinge" MaxLimit="50" PivotOffset="(0; 0; 0)" AxisLocal="(0; 0; 1)" MinLimit="-50">
                                    <Motor Spring="0.2" Type="Spring" Damping="0.08">

                                    </Motor>
                                </Constraint>
                          </Body>
                        </Body>
                        <Body ModelFrame="BoneRope1_cdt" Mass="25">
                          <Constraint Type="Hinge" MaxLimit="15" PivotOffset="(0; 0; 0)" AxisLocal="(1; 0; 0)" MinLimit="-15">
                              <Motor Spring="5" Type="Spring" Damping="10">

                              </Motor>
                          </Constraint>
                        </Body>
                        <Body ModelFrame="BoneRope2_cdt" Mass="5">
                          <Constraint Type="Prismatic" MaxLimit="0.05" PivotOffset="(0; 0; 0)" AxisLocal="(0; 0; 1)" MinLimit="-0.1">
                              <Motor Spring="250" Type="Spring" Damping="30">

                              </Motor>
                          </Constraint>
                        </Body>
                        <Body Collisions="None" ModelFrame="BoneCrane3_cdt" Mass="5">
                          <Constraint LinearLimitsZ="(-0.03;0.03)" Type="Fixed" LinearLimitsY="(0;0)" LinearLimitsX="(-0.03;0.03)">
                              <Motor Spring="250" Type="Spring" Damping="30">

                              </Motor>
                          </Constraint>
                        </Body>
                        <Body Collisions="None" ModelFrame="BoneLeftMudguardFrame_cdt" Mass="3">
                          <Constraint Type="Hinge" MaxLimit="2" PivotOffset="(0; 0; 0)" AxisLocal="(1; 0; 0)" MinLimit="0">
                              <Motor Spring="100" Type="Spring" Damping="1">

                              </Motor>
                          </Constraint>
                        </Body>
                        <Body Collisions="None" ModelFrame="BoneRightMudguardFrame_cdt" Mass="3">
                          <Constraint Type="Hinge" MaxLimit="0" PivotOffset="(0; 0; 0)" AxisLocal="(1; 0; 0)" MinLimit="-2">
                              <Motor Spring="100" Type="Spring" Damping="1">

                              </Motor>
                          </Constraint>
                        </Body>
                        <Body Collisions="None" ModelFrame="BoneLeftMudguardFrameFront_cdt" Mass="3">
                          <Constraint Type="Hinge" MaxLimit="2" PivotOffset="(0; 0; 0)" AxisLocal="(1; 0; 0)" MinLimit="0">
                              <Motor Spring="100" Type="Spring" Damping="1">

                              </Motor>
                          </Constraint>
                        </Body>
                        <Body Collisions="None" ModelFrame="BoneRightMudguardFrameFront_cdt" Mass="3">
                          <Constraint Type="Hinge" MaxLimit="0" PivotOffset="(0; 0; 0)" AxisLocal="(1; 0; 0)" MinLimit="-2">
                              <Motor Spring="100" Type="Spring" Damping="1">

                              </Motor>
                          </Constraint>
                        </Body>
                </Body>
      </PhysicsModel>
      <HeadLight ParentFrame="BoneChassis_cdt" _template="Default" Pos="(5.052; 1.103; 0)">

      </HeadLight>
      <ModelAttachments>
                    <StopSignals>
                          <Flare _template="StopSignal" Pos="(-5.305; 1.333; -1.236)">

                          </Flare>
                          <Flare _template="StopSignal" Pos="(-5.305; 1.333; 1.236)">

                          </Flare>
                        <Light _template="StopSignal" Pos="(-5.305; 1.333; 0)">

                        </Light>
                    </StopSignals>
                    <Ignition>
                            <Flare Size="0.4" _template="MarkerBeacon" Pos="(2.569; 3.653; -0.225)">

                            </Flare>
                            <Flare Size="0.4" _template="MarkerBeacon" Pos="(2.569; 3.653; 0)">

                            </Flare>
                            <Flare Size="0.4" _template="MarkerBeacon" Pos="(2.569; 3.653; 0.225)">

                            </Flare>
                            <Flare _template="IgnitionSignalWhite" Pos="(4.667; 1.261; -1.176)">

                            </Flare>
                            <Flare _template="IgnitionSignalWhite" Pos="(4.667; 1.261; 1.176)">

                            </Flare>
                            <Flare Color="g(165; 149; 130) x 0.6" Pos="(4.659; 1.186; -1.412)" Size="0.12" _template="IgnitionSignalWhite">

                            </Flare>
                            <Flare Color="g(165; 149; 130) x 0.6" Pos="(4.659; 1.186; 1.412)" Size="0.12" _template="IgnitionSignalWhite">

                            </Flare>
                            <Flare Color="g(165; 149; 130) x 0.6" Pos="(4.694; 1.298; -1.412)" Size="0.12" _template="IgnitionSignalWhite">

                            </Flare>
                            <Flare Color="g(165; 149; 130) x 0.6" Pos="(4.694; 1.298; 1.412)" Size="0.12" _template="IgnitionSignalWhite">

                            </Flare>
                            <Flare Pos="(4.601; 1.928; -0.831)" _template="IgnitionSignalWhite" Color="g(165; 149; 130) x 1">

                            </Flare>
                            <Flare Pos="(4.601; 1.928; 0.831)" _template="IgnitionSignalWhite" Color="g(165; 149; 130) x 1">

                            </Flare>
                            <Flare Pos="(3.617; 1.365; -1.576)" _template="IgnitionSignalOrange" Dir="(0; 0; -1)">

                            </Flare>
                            <Flare Pos="(3.617; 1.365; 1.576)" _template="IgnitionSignalOrange" Dir="(0; 0; 1)">

                            </Flare>
                            <Flare Pos="(4.586; 1.25; -1.627)" _template="MarkerBeacon" Dir="(0; 0; -1)">

                            </Flare>
                            <Flare Pos="(4.586; 1.25; 1.627)" _template="MarkerBeacon" Dir="(0; 0; 1)">

                            </Flare>
                            <Flare Pos="(-1.424; 0.936; -1.443)" _template="IgnitionSignalOrange" Dir="(0; 0; -1)">

                            </Flare>
                            <Flare Pos="(-1.424; 0.936; 1.443)" _template="IgnitionSignalOrange" Dir="(0; 0; 1)">

                            </Flare>
                            <Flare Pos="(-5.245; 1.33; -1.375)" _template="IgnitionSignalOrange" Dir="(0; 0; -1)">

                            </Flare>
                            <Flare Pos="(-5.245; 1.33; 1.375)" _template="IgnitionSignalOrange" Dir="(0; 0; 1)">

                            </Flare>
                            <Flare Pos="(-5.289; 1.328; -1.331)" _template="IgnitionSignalOrange" Dir="(-1; 0; 0)">

                            </Flare>
                            <Flare Pos="(-5.289; 1.328; 1.331)" _template="IgnitionSignalOrange" Dir="(-1; 0; 0)">

                            </Flare>
                            <Flare _template="IgnitionSignalRed" Pos="(-5.305; 1.333; -1.236)">

                            </Flare>
                            <Flare _template="IgnitionSignalRed" Pos="(-5.305; 1.333; 1.236)">

                            </Flare>
                              <Light _template="IgnitionSignalWhite" Pos="(5; 1.013; 1.1)">

                              </Light>
                              <Light _template="IgnitionSignalWhite" Pos="(5; 1.013; -1.1)">

                              </Light>
                              <Light _template="IgnitionSignalRed" Pos="(-5.8; 1.025; -0)">

                              </Light>
                    </Ignition>
                    <HeadLight>
                              <Flare ParentFrame="BoneChassis_cdt" Size=".4" Pos="(4.601; 1.928; -0.831)" _template="HeadLight">

                              </Flare>
                              <Flare ParentFrame="BoneChassis_cdt" Size=".4" Pos="(4.601; 1.928; 0.831)" _template="HeadLight">

                              </Flare>
                              <Flare ParentFrame="BoneChassis_cdt" Size=".5" Pos="(4.667; 1.261; -1.176)" _template="HeadLight">

                              </Flare>
                              <Flare ParentFrame="BoneChassis_cdt" Size=".5" Pos="(4.667; 1.261; 1.176)" _template="HeadLight">

                              </Flare>
                              <Flare ParentFrame="BoneChassis_cdt" _template="BlueStreak" Pos="(4.634; 1.928; -0.831)">

                              </Flare>
                              <Flare ParentFrame="BoneChassis_cdt" _template="BlueStreak" Pos="(4.634; 1.928; 0.831)">

                              </Flare>
                              <Flare ParentFrame="BoneChassis_cdt" _template="BlueStreak" Pos="(4.698; 1.261; -1.176)">

                              </Flare>
                              <Flare ParentFrame="BoneChassis_cdt" _template="BlueStreak" Pos="(4.698; 1.261; 1.176)">

                              </Flare>
                                <Model Org="(4.634; 1.928; -0.831)" _template="HeadLightRay" ParentFrame="BoneChassis_cdt">

                                </Model>
                                <Model Org="(4.634; 1.928; 0.831)" _template="HeadLightRay" ParentFrame="BoneChassis_cdt">

                                </Model>
                                <Model Org="(4.896; 1.261; -1.176)" _template="HeadLightRay" ParentFrame="BoneChassis_cdt">

                                </Model>
                                <Model Org="(4.896; 1.261; 1.176)" _template="HeadLightRay" ParentFrame="BoneChassis_cdt">

                                </Model>
                    </HeadLight>
                    <ReverseSignals>
                                <Flare Size="0.7" _template="ReverseSignal" Pos="(-1.088; 3.451; 0.724)">

                                </Flare>
                                <Flare Size="0.7" _template="ReverseSignal" Pos="(-1.088; 3.451; 0.451)">

                                </Flare>
                                <Flare Color="g(220; 220; 255) x 0.05" Pos="(-1.088; 3.451; 0.587)" Dir="(-1; 0; 0)" Size="0.4" _template="BlueStreak">

                                </Flare>
                              <Light _template="ReverseSignal" Pos="(-1.104; 3.451; 0.587)">

                              </Light>
                    </ReverseSignals>
      </ModelAttachments>
  </Truck>
  <_templates Include="trucks">
        <Wheel>
            <RearAxle Torque="default" Location="rear" ConnectedToHandbrake="true">

            </RearAxle>
            <SecondAxle SteeringCastor="4" _template="FirstAxle" SteeringAngle="24">

            </SecondAxle>
            <FirstAxle SteeringCastor="12" Torque="full" SteeringAngle="36" Location="front">

            </FirstAxle>
        </Wheel>
        <Body>
              <Panel Collisions="None" Mass="0.1">
                  <Constraint MinLimit="-0.05" Type="Prismatic" MaxLimit="0.15" AxisLocal="(0; 1; 0)">
                      <Motor Spring="35" Type="Spring" Damping="2">

                      </Motor>
                  </Constraint>
              </Panel>
              <SideMirror Collisions="None" Mass="5">
                    <Constraint MinLimit="-15" Type="Hinge" MaxLimit="15" AxisLocal="(0; 1; 0)">
                        <Motor Spring="150" Type="Spring" Damping="1">

                        </Motor>
                    </Constraint>
              </SideMirror>
        </Body>
        <Flare>
                <Beacon Color="g(255; 174; 0) x 0.4" AspectRatio="1.4" SizeMultAtDay="0.25" DirAngle="180" Size="1.8" ColorMultAtDay="0.3">

                </Beacon>
                <IgnitionSignalOrange Color="g(255; 140; 0) x 0.22" AspectRatio="1.4" DirAngle="135" Dir="(0; 1; 0)" Size="0.08" ColorMultAtDay="0.6">

                </IgnitionSignalOrange>
        </Flare>
  </_templates>