  <Truck>
      <Landmark Mesh="landmarks/kolob_74760_lmk" MaxScale="2.8" MinScale="1.8">

      </Landmark>
      <PhysicsModel Mesh="trucks/kolob_74760">
            <NetSync Legacy="false">

            </NetSync>
            <Body CenterOfMassOffset="(-1; -0.3; 0)" ImpactType="Truck" NetSync="pv" ModelFrame="BoneChassis_cdt" Mass="28800">
                    <Body _template="SideMirror" ModelFrame="BoneMirrorLeft_cdt">

                    </Body>
                    <Body _template="SideMirror" ModelFrame="BoneMirrorRight_cdt">

                    </Body>
                    <Body _template="SideMirror" ModelFrame="BoneMirrorLeft2_cdt">

                    </Body>
                    <Body _template="SideMirror" ModelFrame="BoneMirrorRight2_cdt">

                    </Body>
                    <Body _template="MudguardFrame" ModelFrame="BoneLeftMudguardFrame1_cdt">

                    </Body>
                    <Body _template="MudguardFrame" ModelFrame="BoneLeftMudguardFrame2_cdt">

                    </Body>
                    <Body _template="MudguardFrame" ModelFrame="BoneRightMudguardFrame1_cdt">

                    </Body>
                    <Body _template="MudguardFrame" ModelFrame="BoneRightMudguardFrame2_cdt">

                    </Body>
                    <Body _template="Panel" ModelFrame="BoneLeftPanel1_cdt">

                    </Body>
                    <Body ModelFrame="BoneLeftPanel2_cdt" _template="Panel" Mass="4">
                      <Constraint>
                          <Motor Spring="700" Type="Spring" Damping="25">

                          </Motor>
                      </Constraint>
                    </Body>
                    <Body _template="Panel" ModelFrame="BoneRightPanel1_cdt">

                    </Body>
                    <Body ModelFrame="BoneRightPanel2_cdt" _template="Panel" Mass="6">
                      <Constraint>
                          <Motor Spring="800" Type="Spring" Damping="30">

                          </Motor>
                      </Constraint>
                    </Body>
                    <Body ModelFrame="BoneCrane1_cdt" Mass="5">
                      <Constraint Type="Hinge" MaxLimit="7" PivotOffset="(0; 0; 0)" AxisLocal="(0; 1; 0)" MinLimit="-5">
                          <Motor Spring="0.2" Type="Spring" Damping="10">

                          </Motor>
                      </Constraint>
                      <Body ModelFrame="BoneCrane2_cdt" Mass="5">
                            <Constraint Type="Hinge" MaxLimit="50" PivotOffset="(0; 0; 0)" AxisLocal="(0; 0; 1)" MinLimit="-50">
                                <Motor Spring="0.2" Type="Spring" Damping="0.1">

                                </Motor>
                            </Constraint>
                      </Body>
                    </Body>
            </Body>
      </PhysicsModel>
      <TruckData EngineIconMesh="env/engine_pacific_p16" EngineStartDelay="3.2" TruckType="HEAVY" ExhaustStartTime="2.8" SteerSpeed="0.016" TruckImage="KOLOB74760mchr" DiffLockType="Always" Responsiveness="0.2" FuelCapacity="380" EngineIconScale="0.8" BackSteerSpeed="0.01">
              <Driver SteeringWheelPos="(4.057; 2.715; 0.67)" Pos="(3.67; 2.370; 0.669)" AnimationSet="HeavyTruck">

              </Driver>
              <Shafts>
                      <Shaft SocketPointB="Shaft1b" SocketPointA="Shaft1a">

                      </Shaft>
                      <Shaft SocketPointB="Shaft2b" SocketPointA="Shaft2a">

                      </Shaft>
                      <Shaft SocketPointB="Shaft3b" SocketPointA="Shaft3a">

                      </Shaft>
                      <Shaft SocketPointB="Shaft4b" SocketPointA="Shaft4a">

                      </Shaft>
                      <Shaft SocketPointB="Shaft5b" SocketPointA="Shaft5a">

                      </Shaft>
              </Shafts>
              <FuelTank DamageCapacity="100">

              </FuelTank>
              <Dashboard>
                          <Gauge Org="(4.386; 2.685; 0.854)" OutputAngles="(-124;124)" Mesh="trucks/arrows/kolob_74760_arrow_03" Damping="0.9" InputRange="(0;1)" InputType="rpm" Dir="(-0.939; 0.344; 0)">

                          </Gauge>
                          <Gauge Org="(4.386; 2.685; 0.524)" OutputAngles="(-117;117)" Mesh="trucks/arrows/kolob_74760_arrow_03" Damping="0.9" InputRange="(0;120)" InputType="speed" Dir="(-0.939; 0.344; 0)">

                          </Gauge>
                          <Gauge Org="(4.355; 2.603; 0.911)" OutputAngles="(-30;5)" Mesh="trucks/arrows/kolob_74760_arrow_02" Damping="0.9" InputRange="(0;1)" InputType="engineEnabled" Dir="(-0.939; 0.344; 0)">

                          </Gauge>
                          <Gauge Org="(4.355; 2.603; 0.855)" OutputAngles="(-30;-5)" Mesh="trucks/arrows/kolob_74760_arrow_02" Damping="0.9" InputRange="(0;1)" InputType="engineEnabled" Dir="(-0.939; 0.344; 0)">

                          </Gauge>
                          <Gauge Org="(4.355; 2.603; 0.799)" OutputAngles="(-30;18)" Mesh="trucks/arrows/kolob_74760_arrow_02" Damping="0.9" InputRange="(0;1)" InputType="engineEnabled" Dir="(-0.939; 0.344; 0)">

                          </Gauge>
                          <Gauge Org="(4.355; 2.603; 0.577)" OutputAngles="(-30;30)" Mesh="trucks/arrows/kolob_74760_arrow_02" Damping="0.9" InputRange="(0;1)" InputType="fuel" Dir="(-0.939; 0.344; 0)">

                          </Gauge>
                          <Gauge Org="(4.355; 2.603; 0.522)" OutputAngles="(-30;4)" Mesh="trucks/arrows/kolob_74760_arrow_02" Damping="0.9" InputRange="(0;1)" InputType="engineEnabled" Dir="(-0.939; 0.344; 0)">

                          </Gauge>
                          <Gauge Org="(4.355; 2.603; 0.465)" OutputAngles="(-30;14)" Mesh="trucks/arrows/kolob_74760_arrow_02" Damping="0.9" InputRange="(0;1)" InputType="engineEnabled" Dir="(-0.939; 0.344; 0)">

                          </Gauge>
                          <Gauge Org="(4.162; 2.643; 0.043)" OutputAngles="(-134;-25)" Mesh="trucks/arrows/kolob_74760_arrow_01" Damping="0.95" InputRange="(0;1)" InputType="engineEnabled" Dir="(-0.939; 0.344; 0)">

                          </Gauge>
                          <Gauge Org="(4.162; 2.643; -0.033)" OutputAngles="(-134;5)" Mesh="trucks/arrows/kolob_74760_arrow_01" Damping="0.95" InputRange="(0;1)" InputType="engineEnabled" Dir="(-0.939; 0.344; 0)">

                          </Gauge>
                          <Gauge Org="(4.162; 2.643; -0.109)" OutputAngles="(-134;-35)" Mesh="trucks/arrows/kolob_74760_arrow_01" Damping="0.95" InputRange="(0;1)" InputType="engineEnabled" Dir="(-0.939; 0.344; 0)">

                          </Gauge>
                          <Gauge Org="(4.162; 2.643; -0.184)" OutputAngles="(-134;-93)" Mesh="trucks/arrows/kolob_74760_arrow_01" Damping="0.95" InputRange="(0;1)" InputType="engineEnabled" Dir="(-0.939; 0.344; 0)">

                          </Gauge>
              </Dashboard>
              <SoundsWheels _template="Default">

              </SoundsWheels>
              <GearboxSocket Default="g_special_default" Type="gearboxes_special, gearboxes_special_kolob">

              </GearboxSocket>
                            <Steam Origin="(0.324; 1.902; 0)">

                            </Steam>
                            <Steam ParentFrame="BoneChassis_cdt" Origin="(1.29; 1.219; 0)" Scale="0.7">

                            </Steam>
              <Sounds DisableReversePitch="true" MinDist="15.0" _template="Default" Origin="(0.95; 1.3; 0)">
                                <BrakesSqueal Sound="trucks/kolob_74760/kolob_74760_brakes_squeal">

                                </BrakesSqueal>
                                <AbruptStop Sound="trucks/common/truck_swing_big_rnd_set/truck_swing_big_rnd">

                                </AbruptStop>
                                <EngineLow Sound="trucks/kolob_74760/kolob_74760_low">

                                </EngineLow>
                                <EngineRev Sound="trucks/kolob_74760/kolob_74760_rev">

                                </EngineRev>
                                <EngineAccel Sound="trucks/kolob_74760/kolob_74760_acc">

                                </EngineAccel>
                                <Honk Sound="trucks/kolob_74760/kolob_74760_honk">

                                </Honk>
                                <EngineStop Sound="trucks/kolob_74760/kolob_74760_stop">

                                </EngineStop>
                                <Handbrake Sound="trucks/kolob_74760/kolob_74760_handbrake_on">

                                </Handbrake>
                                <EngineIdle_2d IsSound2D="true" Sound="trucks/kolob_74760/kolob_74760_idle_2d">

                                </EngineIdle_2d>
                                <HandbrakeOff Sound="trucks/kolob_74760/kolob_74760_handbrake_off">

                                </HandbrakeOff>
                                <EngineHeavy_2d IsSound2D="true" Sound="trucks/kolob_74760/kolob_74760_heavy_2d">

                                </EngineHeavy_2d>
                                <ChassisStress Sound="trucks/common/truck_stress_rnd_set/truck_stress_rnd">

                                </ChassisStress>
                                <Reverse Sound="trucks/kolob_74760/kolob_74760_back_beeper">

                                </Reverse>
                                <EngineHigh_2d IsSound2D="true" Sound="trucks/kolob_74760/kolob_74760_high_2d">

                                </EngineHigh_2d>
                                <EngineIdle Sound="trucks/kolob_74760/kolob_74760_idle">

                                </EngineIdle>
                                <EngineLow_2d IsSound2D="true" Sound="trucks/kolob_74760/kolob_74760_low_2d">

                                </EngineLow_2d>
                                <EngineHigh Sound="trucks/kolob_74760/kolob_74760_high">

                                </EngineHigh>
                                <EngineHeavy Sound="trucks/kolob_74760/kolob_74760_heavy">

                                </EngineHeavy>
                                <BrakeRelease Sound="trucks/kolob_74760/kolob_74760_brake_release">

                                </BrakeRelease>
                                <EngineStart Sound="trucks/kolob_74760/kolob_74760_start">

                                </EngineStart>
              </Sounds>
              <Intake Size="0.8" Origin="(4.971; 1.492; 0)" Dir="(1; 0; 0)">

              </Intake>
              <SoundsDamage _template="Heavy">

              </SoundsDamage>
                                    <LimitedFluid Type="Box" SizeX="0.787" Center="(-0.605; 1.147; 1.112)" SizeY="0.655" SizeZ="0.820">

                                    </LimitedFluid>
                                    <LimitedFluid Type="Box" SizeX="0.787" Center="(-0.605; 1.147; -1.112)" SizeY="0.655" SizeZ="0.820">

                                    </LimitedFluid>
              <Camera ParentFrame="BoneChassis_cdt" Center="(-0.5; 0; 0)">
                                        <Cockpit WindshieldShadingTexture="trucks/kolob_74760_glass__sh_d.tga" WindshieldDiffuseTexture="trucks/kolob_74760_glass__d_a.tga" _template="Default" ViewPos="(3.6; 3.072; 0.669)">
                                              <Mirror FOVScale="1.8" Pos="(4.266; 2.998; 1.585)" ClipDir="(-0.91; -0.019; -0.413)" ReflectionDir="(-0.91; -0.019; -0.413)" Size="(0.22; 0.451)" ClipOffset="0.1" MeshFrame="mirror_left">
                                                <SecondaryView FOVScale="1.5" Pos="(4.294; 2.645; 1.585)" ClipDir="(-0.91; -0.019; -0.413)" ReflectionDir="(-0.91; -0.019; -0.413)" Size="(0.236; 0.194)" ClipOffset=".1" MeshFrame="mirror_left_1">

                                                </SecondaryView>
                                              </Mirror>
                                              <Mirror FOVScale="2.5" Pos="(4.277; 3.115; -1.569)" ClipDir="(-0.813; -0.091; 0.576)" ReflectionDir="(-0.813; -0.091; 0.576)" Size="(0.22; 0.451)" ClipOffset="0.1" MeshFrame="mirror_right">
                                                <SecondaryView ClipDir="(-0.813; -0.091; 0.576)" CurveAngle="10" ClipOffset=".1" FOVScale="1.5" ReflectionDir="(-0.813; -0.091; 0.576)" Size="(0.236; 0.194)" MeshFrame="mirror_right_1" Pos="(4.306; 2.761; -1.569)">

                                                </SecondaryView>
                                              </Mirror>
                                        </Cockpit>
              </Camera>
              <SuspensionSocket Default="kolob_74760_suspension_default" Type="s_kolob_74760" MaxWheelRadiusWithoutSuspension="0.76">

              </SuspensionSocket>
              <Wheels DefaultTire="mudtires_1" DefaultWheelType="wheels_superheavy_single" DefaultRim="rim_1">
                                              <Wheel _template="FirstAxle" Pos="(2.603; 0.816; 1.35)">

                                              </Wheel>
                                              <Wheel Pos="(2.603; 0.816; 1.35)" _template="FirstAxle" RightSide="true">

                                              </Wheel>
                                              <Wheel _template="SecondAxle" Pos="(0.789; 0.816; 1.35)">

                                              </Wheel>
                                              <Wheel Pos="(0.789; 0.816; 1.35)" _template="SecondAxle" RightSide="true">

                                              </Wheel>
                                              <Wheel _template="RearAxle" Pos="(-1.961; 0.743; 1.35)">

                                              </Wheel>
                                              <Wheel Pos="(-1.961; 0.743; 1.35)" _template="RearAxle" RightSide="true">

                                              </Wheel>
                                              <Wheel _template="RearAxle" Pos="(-3.661; 0.743; 1.35)">

                                              </Wheel>
                                              <Wheel Pos="(-3.661; 0.743; 1.35)" _template="RearAxle" RightSide="true">

                                              </Wheel>
              </Wheels>
              <Axles>
                                                <Axle Frame="BoneAxleL1">

                                                </Axle>
                                                <Axle Frame="BoneAxleR1">

                                                </Axle>
                                                <Axle Frame="BoneAxleL2">

                                                </Axle>
                                                <Axle Frame="BoneAxleR2">

                                                </Axle>
                                                <Axle Frame="BoneAxleL3">

                                                </Axle>
                                                <Axle Frame="BoneAxleR3">

                                                </Axle>
                                                <Axle Frame="BoneAxleL4">

                                                </Axle>
                                                <Axle Frame="BoneAxleR4">

                                                </Axle>
              </Axles>
              <Damage>
                                                  <DamageArea Max="(4.6; 2.5; 1.1)" Type="Engine" ParentFrame="BoneChassis_cdt" Min="(2.688; 1.25; -1.1)">

                                                  </DamageArea>
                                                  <DamageArea Max="(0.5; 1.541; 1.6)" Type="FuelTank" ParentFrame="BoneChassis_cdt" Min="(-1.5; 0.753; -1.6)">

                                                  </DamageArea>
              </Damage>
              <OcclusionMap HalfSizeZ="2.932" MinX="-6.63" MaxX="4.88">

              </OcclusionMap>
              <EngineSocket Default="ru_special_engine_0" Type="e_ru_special">

              </EngineSocket>
              <WinchUpgradeSocket Default="w_heavy_trucks_default" IsUpgradable="true" Type="winches_heavy_trucks">

              </WinchUpgradeSocket>
              <SteeringWheel Frame="BoneSteering">

              </SteeringWheel>
              <CompatibleWheels Scale="0.745" Type="wheels_superheavy_single">

              </CompatibleWheels>
                                                          <SteeringRack RackHalfSizeZ="1.078" Frame="BoneRack2" FrameSteerLeft="BoneRackL2" FrameSteerRight="BoneRackR2">

                                                          </SteeringRack>
                                                          <SteeringRack RackHalfSizeZ="1.078" Frame="BoneRack" FrameSteerLeft="BoneRackL1" FrameSteerRight="BoneRackR1">

                                                          </SteeringRack>
      </TruckData>
      <GameData Country="RU,CAS" Price="107700" ExcludeAddons="trailer_log_pole" UnlockByRank="22" UnlockByExploration="false">
                <CustomizationCameras>
                      <CameraPos Interior="true" Position="(6.089; 6.363; -0.944)" FOV="32.0" InterestPosition="(2.004; 1.167; -0.342)" Name="roof_sticker">

                      </CameraPos>
                      <CameraPos Interior="true" Position="(5.608; 3.313; -0.554)" FOV="32.0" InterestPosition="(8.067; 3.057; 1.334)" Name="sticker_1">

                      </CameraPos>
                      <CameraPos InterestPosition="(-0.28; 1.903; -0)" Name="addon_1" MaxXRotation="360" Position="(-8.733; 4.067; 5.257)" MaxZoom="2" FOV="32.0" MaxYRotation="360">

                      </CameraPos>
                      <CameraPos InterestPosition="(3.5; 2.387; 0)" Name="addon_2" MaxXRotation="360" Position="(-1.534; 4.27; 3.527)" MaxZoom="2" FOV="32.0" MaxYRotation="360">

                      </CameraPos>
                      <CameraPos Interior="true" Position="(5.275; 3.338; -0.599)" FOV="32.0" InterestPosition="(8.067; 3.057; 1.334)" Name="mirror_mount">

                      </CameraPos>
                      <CameraPos InterestPosition="(4.764; 1.97; -0)" Name="side_r" MaxXRotation="360" Position="(-0.226; 4.969; -4.508)" MaxZoom="2" FOV="32.0" MaxYRotation="360">

                      </CameraPos>
                      <CameraPos Interior="true" Position="(5.914; 2.907; -0.241)" FOV="32.0" InterestPosition="(8.067; 1.461; 2.035)" Name="sticker">

                      </CameraPos>
                      <CameraPos Interior="true" Position="(3.239; 2.461; 3.59)" FOV="32.0" InterestPosition="(7.16; 2.03; -0.145)" Name="door_r_sticker">

                      </CameraPos>
                      <CameraPos InterestPosition="(4.758; 2.358; -0)" Name="roof" MaxXRotation="360" Position="(10.787; 4.806; -3.717)" MaxZoom="2" FOV="32.0" MaxYRotation="360">

                      </CameraPos>
                      <CameraPos Interior="true" Position="(9.682; 3.105; 1.439)" FOV="32.0" InterestPosition="(6.227; 3.233; -1.219)" Name="glass_sticker">

                      </CameraPos>
                      <CameraPos InterestPosition="(5.716; 1.735; 0)" Name="hoods" MaxXRotation="360" Position="(13.576; 1.402; -3.863)" MaxZoom="2" FOV="32.0" MaxYRotation="360">

                      </CameraPos>
                      <CameraPos Interior="true" Position="(6.193; 3.608; -0.463)" FOV="32.0" InterestPosition="(8.044; 0.68; 1.138)" Name="sticker_2">

                      </CameraPos>
                      <CameraPos InterestPosition="(6.27; 2.278; 0)" Name="side_l" MaxXRotation="360" Position="(11.866; 5.284; -4.55)" MaxZoom="2" FOV="32.0" MaxYRotation="360">

                      </CameraPos>
                      <CameraPos Interior="true" Position="(5.756; 3.132; -0.479)" FOV="32.0" InterestPosition="(8.067; 1.97; 1.534)" Name="bubble_head">

                      </CameraPos>
                      <CameraPos InterestPosition="(3.679; 0.627; -0)" Name="wheels" MaxXRotation="360" Position="(6.058; 2.362; -6.974)" MaxZoom="2" FOV="32.0" MaxYRotation="360">

                      </CameraPos>
                      <CameraPos InterestPosition="(5.716; 1.735; 0)" Name="default" MaxXRotation="360" Position="(13.576; 1.402; -3.863)" MaxZoom="2" FOV="32.0" MaxYRotation="360">

                      </CameraPos>
                      <CameraPos InterestPosition="(0.479; 0.992; -0)" Name="rear" MaxXRotation="360" Position="(-5.767; 1.805; 2.899)" MaxZoom="2" FOV="32.0" MaxYRotation="360">

                      </CameraPos>
                      <CameraPos Interior="true" Position="(3.255; 2.625; -3.526)" FOV="32.0" InterestPosition="(4.795; 2.061; 0.11)" Name="door_l_sticker">

                      </CameraPos>
                      <CameraPos Interior="true" Position="(5.275; 3.338; -0.599)" FOV="32.0" InterestPosition="(8.067; 3.057; 1.334)" Name="curtain">

                      </CameraPos>
                </CustomizationCameras>
                    <CraneSocket Pos="(4.986; 1.302; 0.446)">

                    </CraneSocket>
                    <CraneSocket Pos="(4.986; 1.302; -0.446)">

                    </CraneSocket>
                    <CraneSocket Pos="(-4.644; 0.832; 0)">

                    </CraneSocket>
                    <CraneSocket Pos="(-0.605; 0.717; 1.483)">

                    </CraneSocket>
                    <CraneSocket Pos="(-0.605; 0.717; -1.483)">

                    </CraneSocket>
                      <AddonSockets>
                          <Socket Offset="(-4.704; 0.838; 0)" Names="Trailer">

                          </Socket>
                          <Socket Offset="(-1.95; 2; 0)" Names="LargeSemitrailer, LargeSemitrailerOiltank">

                          </Socket>
                      </AddonSockets>
                      <AddonSockets>
                        <Socket Offset="(-1.95; 1.65; -0)" Names="SaddleHigh1">

                        </Socket>
                      </AddonSockets>
                      <AddonSockets DefaultAddon="kolob_74760_snorkel_default">
                        <Socket Offset="(0; 0; 0)" Names="Kolob74760Snorkel">

                        </Socket>
                      </AddonSockets>
                      <AddonSockets DefaultAddon="kolob_74760_exhaust_default">
                        <Socket Offset="(0; 0; 0)" Names="Kolob74760Exhaust">

                        </Socket>
                      </AddonSockets>
                      <AddonSockets DefaultAddon="kolob_74760_headlamp_default">
                        <Socket Offset="(0; 0; 0)" Names="Kolob74760Headlamp">

                        </Socket>
                      </AddonSockets>
                      <AddonSockets>
                        <Socket Offset="(0; 0; 0)" Names="Kolob74760Spotlight">

                        </Socket>
                      </AddonSockets>
                      <AddonSockets>
                        <Socket Offset="(0; 0; 0)" Names="Kolob74760BeaconFront">

                        </Socket>
                      </AddonSockets>
                      <AddonSockets>
                        <Socket Offset="(0; 0; 0)" Names="Kolob74760Beacon">

                        </Socket>
                      </AddonSockets>
                      <AddonSockets>
                        <Socket Offset="(0; 0; 0)" Names="Kolob74760Gabarite">

                        </Socket>
                      </AddonSockets>
                      <AddonSockets>
                        <Socket Offset="(0; 0; 0)" Names="Kolob74760Bumper">

                        </Socket>
                      </AddonSockets>
                      <AddonSockets>
                        <Socket Offset="(0; 0; 0)" Names="Kolob74760SpareWheel">

                        </Socket>
                      </AddonSockets>
                      <AddonSockets>
                        <Socket Offset="(4.307; 2.814; 0.059)" InCockpit="true" Names="StuffDashboard">

                        </Socket>
                      </AddonSockets>
                      <AddonSockets>
                        <Socket InCockpit="true" Names="kolob74760Sticker_1x1_01">

                        </Socket>
                      </AddonSockets>
                      <AddonSockets>
                        <Socket InCockpit="true" Names="kolob74760Sticker_1x1_02">

                        </Socket>
                      </AddonSockets>
                      <AddonSockets>
                        <Socket InCockpit="true" Names="kolob74760Sticker_1x2_01">

                        </Socket>
                      </AddonSockets>
                      <AddonSockets>
                        <Socket InCockpit="true" Names="kolob74760Sticker_1x2_02">

                        </Socket>
                      </AddonSockets>
                      <AddonSockets>
                        <Socket InCockpit="true" Names="kolob74760Sticker_1x2_03">

                        </Socket>
                      </AddonSockets>
                      <AddonSockets>
                        <Socket InCockpit="true" Names="kolob74760Sticker_1x4_01">

                        </Socket>
                      </AddonSockets>
                      <AddonSockets>
                        <Socket InCockpit="true" Names="kolob74760Sticker_GlassTop">

                        </Socket>
                      </AddonSockets>
                      <AddonSockets>
                        <Socket InCockpit="true" Names="kolob74760Sticker_GlassBottom">

                        </Socket>
                      </AddonSockets>
                      <AddonSockets>
                        <Socket Names="kolob74760Sticker_Door_R">

                        </Socket>
                      </AddonSockets>
                      <AddonSockets>
                        <Socket Names="kolob74760Sticker_Door_L">

                        </Socket>
                      </AddonSockets>
                      <AddonSockets>
                        <Socket Names="kolob74760Sticker_Roof">

                        </Socket>
                      </AddonSockets>
                      <AddonSockets>
                        <Socket Offset="(4.203; 3.507; 0.113)" InCockpit="true" Names="StuffAirfreshener">

                        </Socket>
                      </AddonSockets>
                      <AddonSockets>
                        <Socket InCockpit="true" Names="StuffCurtainKolob74760">

                        </Socket>
                      </AddonSockets>
                        <WinchSocket Pos="(4.986; 1.302; 0.446)">

                        </WinchSocket>
                        <WinchSocket Pos="(4.986; 1.302; -0.446)">

                        </WinchSocket>
                        <WinchSocket Pos="(-4.644; 0.832; 0)">

                        </WinchSocket>
                        <WinchSocket Pos="(-0.605; 0.717; 1.483)">

                        </WinchSocket>
                        <WinchSocket Pos="(-0.605; 0.717; -1.483)">

                        </WinchSocket>
                <UiDesc UiDesc="UI_VEHICLE_KOLOB_74760_DESC" UiIcon30x30="heavyVehicleImg30" UiName="UI_VEHICLE_KOLOB_74760_NAME" UiIconLogo="KolobLogo80" UiIcon40x40="heavyVehicleImg" UiIcon328x458="shopImgMZKTVolat">

                </UiDesc>
      </GameData>
      <HeadLight ParentFrame="BoneChassis_cdt" _template="Default" Pos="(5.052; 1.103; 0)">

      </HeadLight>
      <AutomaticIK>
                      <IKBone ParentFrame="BoneAxleL4" ModelFrame="BoneIKLeft1">
                        <IKBone AttachToFrame="BoneAxleL3" AttachOffset="(0; 0; 0)" ModelFrame="BoneIKLeft2">
                            <IKJoint AxisLocal="(1; 0; 0)" Type="Slider">

                            </IKJoint>
                        </IKBone>
                        <IKJoint AxisLocal="(1; 0; 0)" Type="Hinge2">

                        </IKJoint>
                      </IKBone>
                      <IKBone ParentFrame="BoneAxleR4" ModelFrame="BoneIKRight1">
                        <IKBone AttachToFrame="BoneAxleR3" AttachOffset="(0; 0; 0)" ModelFrame="BoneIKRight2">
                            <IKJoint AxisLocal="(1; 0; 0)" Type="Slider">

                            </IKJoint>
                        </IKBone>
                        <IKJoint AxisLocal="(1; 0; 0)" Type="Hinge2">

                        </IKJoint>
                      </IKBone>
      </AutomaticIK>
      <ModelAttachments>
                      <StopSignals>
                            <Flare _template="StopSignal" Pos="(-4.586; 1.402; 1.282)">

                            </Flare>
                            <Flare _template="StopSignal" Pos="(-4.586; 1.402; -1.282)">

                            </Flare>
                            <Flare _template="StopSignal" Pos="(-4.586; 1.356; 1.282)">

                            </Flare>
                            <Flare _template="StopSignal" Pos="(-4.586; 1.356; -1.282)">

                            </Flare>
                          <Light _template="StopSignal" Pos="(-4.726; 1.323; 0.005)">

                          </Light>
                      </StopSignals>
                      <Ignition>
                              <Flare Color="g(255; 0; 0) x 0.3" Pos="(-4.586; 1.402; 1.278)" Dir="(-1; 0; 0)" Size="0.1" _template="IgnitionSignalOrange">

                              </Flare>
                              <Flare Color="g(255; 0; 0) x 0.3" Pos="(-4.586; 1.402; -1.278)" Dir="(-1; 0; 0)" Size="0.1" _template="IgnitionSignalOrange">

                              </Flare>
                              <Flare Color="g(255; 0; 0) x 0.3" Pos="(-4.586; 1.356; 1.278)" Dir="(-1; 0; 0)" Size="0.1" _template="IgnitionSignalOrange">

                              </Flare>
                              <Flare Color="g(255; 0; 0) x 0.3" Pos="(-4.586; 1.356; -1.278)" Dir="(-1; 0; 0)" Size="0.1" _template="IgnitionSignalOrange">

                              </Flare>
                              <Flare Color="g(255; 140; 0) x 0.3" Pos="(-4.522; 1.383; 1.489)" Dir="(0; 0; 1)" Size="0.2" _template="IgnitionSignalOrange">

                              </Flare>
                              <Flare Color="g(255; 140; 0) x 0.3" Pos="(-4.522; 1.383; -1.489)" Dir="(0; 0; -1)" Size="0.2" _template="IgnitionSignalOrange">

                              </Flare>
                              <Flare Color="g(255; 140; 0) x 0.4" Pos="(-0.605; 0.883; 1.628)" Dir="(0; 0; 1)" Size="0.1" _template="IgnitionSignalOrange">

                              </Flare>
                              <Flare Color="g(255; 140; 0) x 0.4" Pos="(-0.605; 0.883; -1.628)" Dir="(0; 0; -1)" Size="0.1" _template="IgnitionSignalOrange">

                              </Flare>
                              <Flare Dir="(0; 0; 1)" Size="0.05" _template="IgnitionSignalOrange" Pos="(0.603; 2.511; 1.269)">

                              </Flare>
                              <Flare Dir="(0; 0; 1)" Size="0.05" _template="IgnitionSignalOrange" Pos="(1.786; 1.54; 1.612)">

                              </Flare>
                              <Flare Dir="(0; 0; 1)" Size="0.15" _template="IgnitionSignalOrange" Pos="(4.493; 1.494; 1.599)">

                              </Flare>
                              <Flare Dir="(0; 0; -1)" Size="0.05" _template="IgnitionSignalOrange" Pos="(1.786; 1.54; -1.612)">

                              </Flare>
                              <Flare Dir="(0; 0; -1)" Size="0.15" _template="IgnitionSignalOrange" Pos="(4.493; 1.494; -1.599)">

                              </Flare>
                              <Flare Dir="(0; 0; 1)" Size="0.1" _template="IgnitionSignalOrange" Pos="(4.225; 3.509; 1.246)">

                              </Flare>
                              <Flare Dir="(0; 0; -1)" Size="0.1" _template="IgnitionSignalOrange" Pos="(4.225; 3.509; -1.246)">

                              </Flare>
                              <Flare Size="0.2" _template="IgnitionSignalWhite" Pos="(4.733; 1.993; 1.008)">

                              </Flare>
                              <Flare Color="g(255; 255; 255) x 0.6" Pos="(4.733; 1.993; 1.008)" DirAngle="40" Size="0.04" _template="IgnitionSignalWhite">

                              </Flare>
                              <Flare Size="0.2" _template="IgnitionSignalWhite" Pos="(4.733; 1.993; -1.008)">

                              </Flare>
                              <Flare Color="g(255; 255; 255) x 0.6" Pos="(4.733; 1.993; -1.008)" DirAngle="40" Size="0.04" _template="IgnitionSignalWhite">

                              </Flare>
                              <Flare Size="0.2" _template="IgnitionSignalWhite" Pos="(4.83; 1.599; 1.124)">

                              </Flare>
                              <Flare Size="0.2" _template="IgnitionSignalWhite" Pos="(4.83; 1.599; -1.124)">

                              </Flare>
                              <Flare Dir="(1; 0; 0)" Size="0.05" _template="IgnitionSignalWhite" Pos="(4.882; 1.449; 1.165)">

                              </Flare>
                              <Flare Dir="(1; 0; 0)" Size="0.05" _template="IgnitionSignalWhite" Pos="(4.882; 1.449; -1.165)">

                              </Flare>
                              <Flare Color="g(255; 140; 0) x 0.2" Pos="(4.83; 1.599; -1.286)" Dir="(1; 0; 0)" Size="0.2" _template="IgnitionSignalOrange">

                              </Flare>
                              <Flare Size="0.15" _template="IgnitionSignalWhite" Pos="(4.846; 1.692; -1.297)">

                              </Flare>
                              <Flare Color="g(255; 255; 255) x 0.4" Pos="(4.846; 1.692; -1.297)" DirAngle="20" Size="0.1" _template="IgnitionSignalWhite">

                              </Flare>
                              <Flare Size="0.15" _template="IgnitionSignalWhite" Pos="(4.846; 1.692; 1.297)">

                              </Flare>
                              <Flare Color="g(255; 255; 255) x 0.4" Pos="(4.846; 1.692; 1.297)" DirAngle="20" Size="0.1" _template="IgnitionSignalWhite">

                              </Flare>
                              <Flare Size="0.15" _template="IgnitionSignalWhite" Pos="(4.846; 1.692; -1.122)">

                              </Flare>
                              <Flare Color="g(255; 255; 255) x 0.4" Pos="(4.846; 1.692; -1.122)" DirAngle="20" Size="0.1" _template="IgnitionSignalWhite">

                              </Flare>
                              <Flare Size="0.15" _template="IgnitionSignalWhite" Pos="(4.846; 1.692; 1.122)">

                              </Flare>
                              <Flare Color="g(255; 255; 255) x 0.4" Pos="(4.846; 1.692; 1.122)" DirAngle="20" Size="0.1" _template="IgnitionSignalWhite">

                              </Flare>
                              <Flare Color="g(255; 140; 0) x 0.2" Pos="(4.83; 1.599; 1.286)" Dir="(1; 0; 0)" Size="0.2" _template="IgnitionSignalOrange">

                              </Flare>
                              <Flare Color="g(255; 140; 0) x 0.35" Pos="(4.405; 3.58; 0.151)" Dir="(1; 0; 0)" Size="0.15" _template="IgnitionSignalOrange">

                              </Flare>
                              <Flare Color="g(255; 140; 0) x 0.35" Pos="(4.405; 3.58; 0)" Dir="(1; 0; 0)" Size="0.15" _template="IgnitionSignalOrange">

                              </Flare>
                              <Flare Color="g(255; 140; 0) x 0.35" Pos="(4.405; 3.58; -0.151)" Dir="(1; 0; 0)" Size="0.15" _template="IgnitionSignalOrange">

                              </Flare>
                                <Light Pos="(-4.726; 1.2; 0.005)" _template="IgnitionSignalRed" Color="g(168; 12; 0)">

                                </Light>
                                <Light Pos="(4.700; 1.2; 1.1)" _template="IgnitionSignalWhite" Dir="(1; 0; 0)">

                                </Light>
                                <Light Pos="(4.700; 1.2; -1.1)" _template="IgnitionSignalWhite" Dir="(1; 0; 0)">

                                </Light>
                                <Light Pos="(4.700; 1.2; 0.005)" _template="IgnitionSignalRed" Dir="(1; 0; 0)">

                                </Light>
                      </Ignition>
                      <HeadLight>
                                <Flare Color="g(255; 235; 200) x 0.8" Pos="(4.846; 1.692; 1.297)" Size=".15" _template="HeadLight">

                                </Flare>
                                <Flare Color="g(255; 235; 200) x 0.8" Pos="(4.846; 1.692; -1.297)" Size=".15" _template="HeadLight">

                                </Flare>
                                <Flare _template="BlueStreak" Pos="(4.846; 1.692; 1.297)">

                                </Flare>
                                <Flare _template="BlueStreak" Pos="(4.846; 1.692; -1.297)">

                                </Flare>
                                  <Model Org="(4.846; 1.692; 1.297)" _template="HeadLightRay">

                                  </Model>
                                  <Model Org="(4.846; 1.692; -1.297)" _template="HeadLightRay">

                                  </Model>
                      </HeadLight>
                      <ReverseSignals>
                                  <Flare _template="ReverseSignal" Pos="(-4.586; 1.402; 1.209)">

                                  </Flare>
                                  <Flare _template="ReverseSignal" Pos="(-4.586; 1.356; 1.209)">

                                  </Flare>
                                  <Flare _template="ReverseSignal" Pos="(-4.586; 1.402; -1.209)">

                                  </Flare>
                                  <Flare _template="ReverseSignal" Pos="(-4.586; 1.356; -1.209)">

                                  </Flare>
                                  <Flare Color="g(220; 220; 255) x 0.05" Pos="(-4.586; 1.38; 1.209)" Dir="(-1; 0; 0)" Size="0.4" _template="BlueStreak">

                                  </Flare>
                                  <Flare Color="g(220; 220; 255) x 0.05" Pos="(-4.586; 1.38; -1.209)" Dir="(-1; 0; 0)" Size="0.4" _template="BlueStreak">

                                  </Flare>
                                <Light _template="ReverseSignal" Pos="(-4.726; 1.2; 0.005)">

                                </Light>
                      </ReverseSignals>
      </ModelAttachments>
  </Truck>
  <_templates Include="trucks">
        <Wheel>
            <RearAxle Torque="default" Location="front" ConnectedToHandbrake="true">

            </RearAxle>
            <SecondAxle SteeringCastor="4" _template="FirstAxle" SteeringAngle="24">

            </SecondAxle>
            <FirstAxle SteeringCastor="12" Torque="default" SteeringAngle="36" Location="front">

            </FirstAxle>
        </Wheel>
        <Body>
              <Panel Collisions="None" Mass="5">
                  <Constraint MinLimit="-0.1" Type="Prismatic" MaxLimit="0.05" AxisLocal="(0; 1; 0)">
                      <Motor Spring="600" Type="Spring" Damping="50">

                      </Motor>
                  </Constraint>
              </Panel>
              <MudguardFrame Collisions="None" Mass="30">
                    <Constraint MinLimit="-1" Type="Hinge" MaxLimit="1" AxisLocal="(1; 0; 0)">
                        <Motor Spring="5500" Type="Spring" Damping="70">

                        </Motor>
                    </Constraint>
              </MudguardFrame>
              <SideMirror Collisions="None" Mass="5">
                      <Constraint MinLimit="-0.5" Type="Hinge" MaxLimit="0.5" AxisLocal="(0; 1; 0)">
                          <Motor Spring="150" Type="Spring" Damping="5">

                          </Motor>
                      </Constraint>
              </SideMirror>
        </Body>
        <Flare>
                <HeadLight AspectRatio="1.4" DirAngle="90" SizeMultAtDay="0.5" Color="g(141; 133; 117) x .9" Dir="(1; 0; 0)" Size="2.0" Reflections="true" ColorMultAtDay="0.7">

                </HeadLight>
                <MarkerBeacon Size="0.5" Color="g(117; 94; 72) x 0.7">

                </MarkerBeacon>
                <IgnitionSignalWhite Color="g(165; 149; 130) x 0.8" AspectRatio="1.4" Dir="(1; 0; 0)" Size="0.4" DirAngle="90">

                </IgnitionSignalWhite>
                <IgnitionSignalOrange Color="g(255; 140; 0) x 0.3" AspectRatio="1.4" DirAngle="135" Dir="(0; 1; 0)" Size="0.1" ColorMultAtDay="0.6">

                </IgnitionSignalOrange>
        </Flare>
  </_templates>