  <Truck>
      <PhysicsModel Mesh="trucks/navistar_5000mv">
          <NetSync Legacy="false">

          </NetSync>
          <Body CenterOfMassOffset="(-0.5; 0; 0)" ImpactType="Truck" NetSync="pv" ModelFrame="BoneChassis_cdt" Mass="7000">
                <Body CenterOfMassOffset="(0.5; -0.5; 0)" ImpactType="Truck" NetSync="pv" ModelFrame="BoneCabin_cdt" Mass="7000">
                    <Constraint MinLimit="-3" Type="Hinge" MaxLimit="3" AxisLocal="(1; 0; 0)">
                        <Motor Spring="400000" Type="Spring" Damping="10000">

                        </Motor>
                    </Constraint>
                        <Body _template="Mirror" ModelFrame="BoneMirrorL_cdt">
                          <Body _template="Antenna" ModelFrame="BoneAntenna_cdt">

                          </Body>
                        </Body>
                        <Body ModelFrame="BoneMirrorR_cdt" _template="Mirror" Mass="4.8">

                        </Body>
                        <Body _template="TieRod" ModelFrame="BoneTieRodL_cdt">
                          <Constraint MinLimit="-25" Name="TieRodSteerR" MaxLimit="25" AxisLocal="(0; 0; 1)">

                          </Constraint>
                        </Body>
                        <Body _template="TieRod" ModelFrame="BoneTieRodR_cdt">
                          <Constraint MinLimit="-25" Name="TieRodSteerL" MaxLimit="25" AxisLocal="(0; 0; 1)">

                          </Constraint>
                        </Body>
                        <Body ModelFrame="BoneWire1_cdt" Mass="4" ImpactType="Truck">
                          <Constraint MinLimit="-50" Type="Hinge" MaxLimit="50" AxisLocal="(0; 0; 1)">
                              <Motor Spring="1" Type="Spring" Damping="0.02">

                              </Motor>
                          </Constraint>
                          <Body Collisions="None" ModelFrame="BoneWire2_cdt" Mass="0.2">
                                <Constraint LinearLimitsZ="(0;0)" Type="Fixed" LinearLimitsY="(-.2;.1)" LinearLimitsX="(-.2;.2)">
                                    <Motor Spring="70" Type="Spring" Damping="3">

                                    </Motor>
                                </Constraint>
                          </Body>
                        </Body>
                        <Body Collisions="None" ModelFrame="BoneCurtain_cdt" Mass="1">
                          <Constraint LinearLimitsZ="(-.2;.2)" Type="Fixed" LinearLimitsY="(0;0)" LinearLimitsX="(-.2;.2)">
                              <Motor Spring="100" Type="Spring" Damping="5">

                              </Motor>
                          </Constraint>
                        </Body>
                </Body>
          </Body>
      </PhysicsModel>
      <GameData Country="US" Price="113600" UnlockByRank="1" UnlockByExploration="false">
            <CustomizationCameras>
                  <CameraPos Interior="true" Position="(6.352; 8.039; -0.024)" FOV="32.0" InterestPosition="(3.245; 1.667; -0.591)" Name="roof_sticker">

                  </CameraPos>
                  <CameraPos Interior="true" Position="(4.273; 2.614; -0.064)" FOV="32.0" InterestPosition="(6.912; 3.311; -1.324)" Name="sticker_1">

                  </CameraPos>
                  <CameraPos InterestPosition="(0.338; 1.675; -0)" Name="addon_1" MaxXRotation="360" Position="(-7.032; 2.99; 3.352)" MaxZoom="2" FOV="32.0" MaxYRotation="360">

                  </CameraPos>
                  <CameraPos InterestPosition="(4.991; 1.77; 0)" Name="addon_2" MaxXRotation="360" Position="(10.328; 3.173; 3.632)" MaxZoom="2" FOV="32.0" MaxYRotation="360">

                  </CameraPos>
                  <CameraPos Interior="true" Position="(4.267; 2.574; -0.656)" FOV="32.0" InterestPosition="(7.23; 2.74; 1.935)" Name="mirror_mount">

                  </CameraPos>
                  <CameraPos InterestPosition="(3.136; 1.986; -0)" Name="side_r" MaxXRotation="360" Position="(-2.522; 4.197; 2.717)" MaxZoom="2" FOV="32.0" MaxYRotation="360">

                  </CameraPos>
                  <CameraPos Interior="true" Position="(4.672; 2.683; -0.244)" FOV="32.0" InterestPosition="(6.912; 0.96; -0.108)" Name="sticker">

                  </CameraPos>
                  <CameraPos Interior="true" Position="(8.355; 3.56; 0.681)" FOV="32.0" InterestPosition="(5.509; 2.532; -0.841)" Name="glass_sticker">

                  </CameraPos>
                  <CameraPos Interior="true" Position="(0.737; 2.674; 5.054)" FOV="32.0" InterestPosition="(4.631; 2.07; 0.593)" Name="door_r_sticker">

                  </CameraPos>
                  <CameraPos InterestPosition="(5.282; 2.097; 0)" Name="roof" MaxXRotation="360" Position="(11.079; 3.805; -3.534)" MaxZoom="2" FOV="32.0" MaxYRotation="360">

                  </CameraPos>
                  <CameraPos Interior="true" Position="(8.352; 5.900; 0.052)" FOV="32.0" InterestPosition="(6.811; 2.242; -0.726)" Name="capote_sticker">

                  </CameraPos>
                  <CameraPos InterestPosition="(6.412; 1.711; 0)" Name="hoods" MaxXRotation="360" Position="(13.555; 1.659; -2.751)" MaxZoom="2" FOV="32.0" MaxYRotation="360">

                  </CameraPos>
                  <CameraPos Interior="true" Position="(5.221; 1.595; 0.03)" FOV="32.0" InterestPosition="(6.662; 0.61; 1.935)" Name="sticker_2">

                  </CameraPos>
                  <CameraPos InterestPosition="(5.028; 1.776; -0)" Name="side_l" MaxXRotation="360" Position="(10.515; 3.331; 3.554)" MaxZoom="2" FOV="32.0" MaxYRotation="360">

                  </CameraPos>
                  <CameraPos Interior="true" Position="(4.552; 2.688; -0.455)" FOV="32.0" InterestPosition="(6.759; 1.23; 1.505)" Name="bubble_head">

                  </CameraPos>
                  <CameraPos InterestPosition="(4.569; 0.741; 1.014)" Name="wheels" MaxXRotation="360" Position="(9.377; 1.28; -4.828)" MaxZoom="2" FOV="32.0" MaxYRotation="360">

                  </CameraPos>
                  <CameraPos InterestPosition="(6.412; 1.711; 0)" Name="default" MaxXRotation="360" Position="(13.555; 1.659; -2.751)" MaxZoom="2" FOV="32.0" MaxYRotation="360">

                  </CameraPos>
                  <CameraPos InterestPosition="(-0.391; 1.117; -0)" Name="rear" MaxXRotation="360" Position="(-6.509; 1.857; 2.371)" MaxZoom="2" FOV="32.0" MaxYRotation="360">

                  </CameraPos>
                  <CameraPos Interior="true" Position="(0.633; 2.99; -4.873)" FOV="32.0" InterestPosition="(2.79; 2.172; -0.794)" Name="door_l_sticker">

                  </CameraPos>
                  <CameraPos Interior="true" Position="(8.557; 2.961; -1.231)" FOV="32.0" InterestPosition="(7.506; 2.025; -1.231)" Name="hood_ornament">

                  </CameraPos>
                  <CameraPos Interior="true" Position="(4.267; 2.574; -0.656)" FOV="32.0" InterestPosition="(7.23; 2.74; 1.935)" Name="curtain">

                  </CameraPos>
            </CustomizationCameras>
                <CraneSocket Pos="(2.383; 0.623; -0.57)" ParentFrame="BoneCabin_cdt">

                </CraneSocket>
                <CraneSocket Pos="(2.383; 0.623; 0.57)" ParentFrame="BoneCabin_cdt">

                </CraneSocket>
                <CraneSocket Pos="(-6.356; 0.887; 0)">

                </CraneSocket>
                <CraneSocket Pos="(-1.025; 0.602; -1.115)" ParentFrame="BoneCabin_cdt">

                </CraneSocket>
                <CraneSocket Pos="(-0.601; 0.602; 1.133)" ParentFrame="BoneCabin_cdt">

                </CraneSocket>
                <CraneSocket Pos="(-1.747; 3.375; 1.188)" ParentFrame="BoneCabin_cdt">

                </CraneSocket>
                <CraneSocket Pos="(-1.747; 3.375; -1.188)" ParentFrame="BoneCabin_cdt">

                </CraneSocket>
                  <AddonSockets DefaultAddon="navistar_5000mv_window_mesh_default">
                    <Socket _template="Cabin2Chassis" Names="Navistar5000mvWindowMesh">

                    </Socket>
                  </AddonSockets>
                  <AddonSockets DefaultAddon="navistar_5000mv_snorkel_default">
                    <Socket _template="Cabin2Chassis" Names="Navistar5000mvSnorkel">

                    </Socket>
                  </AddonSockets>
                  <AddonSockets DefaultAddon="navistar_5000mv_fender_default">
                    <Socket _template="Chassis2Cabin" Names="Navistar5000mvFender">

                    </Socket>
                  </AddonSockets>
                  <AddonSockets DefaultAddon="navistar_5000mv_exhaust_default">
                    <Socket _template="Chassis2Cabin" Names="Navistar500mvExhaust">

                    </Socket>
                  </AddonSockets>
                  <AddonSockets DefaultAddon="navistar_5000mv_visor_default">
                    <Socket _template="Cabin2Chassis" Names="Navistar5000mvVisor">

                    </Socket>
                  </AddonSockets>
                  <AddonSockets>
                    <Socket _template="Cabin2Chassis" Names="Navistar5000mvLights">

                    </Socket>
                  </AddonSockets>
                  <AddonSockets>
                    <Socket _template="Chassis2Cabin" Names="Navistar5000mvSpareWheel">

                    </Socket>
                  </AddonSockets>
                  <AddonSockets DefaultAddon="navistar_5000mv_bumper_default">
                    <Socket ParentFrame="BoneCabin_cdt" Names="Navistar5000mvBumper">

                    </Socket>
                  </AddonSockets>
                  <AddonSockets>
                      <Socket Offset="(-6.356; 0.87; 0)" Names="Trailer">

                      </Socket>
                      <Socket Offset="(-4.747; 1.47; 0)" Names="Semitrailer, SemitrailerOiltank">

                      </Socket>
                      <Socket Offset="(-4.4; 1.64; 0)" Names="LargeSemitrailer, LargeSemitrailerOiltank">

                      </Socket>
                  </AddonSockets>
                  <AddonSockets>
                      <Socket NamesBlock="Navistar5000mvSpareWheel" Offset="(-7.993; 1.155; 0)" Names="BunkLog">

                      </Socket>
                      <Socket Offset="(-4.747; 1.15; 0)" Names="SaddleLow">

                      </Socket>
                      <Socket Offset="(-4.4; 1.15; 0)" Names="SaddleHigh">

                      </Socket>
                      <Socket Offset="(-3.6; 1.15; 0)" Names="MinicraneNavistar">

                      </Socket>
                  </AddonSockets>
                  <AddonSockets>
                    <Socket Names="StuffDashboard" InCockpit="true" _template="Cabin2Chassis" Offset="(0.158; 2.28; 0.174)">

                    </Socket>
                  </AddonSockets>
                  <AddonSockets>
                    <Socket InCockpit="true" _template="Cabin2Chassis" Names="Navistar5000MvSticker_1x1_01">

                    </Socket>
                  </AddonSockets>
                  <AddonSockets>
                    <Socket InCockpit="true" _template="Cabin2Chassis" Names="Navistar5000MvSticker_1x1_02">

                    </Socket>
                  </AddonSockets>
                  <AddonSockets>
                    <Socket InCockpit="true" _template="Cabin2Chassis" Names="Navistar5000MvSticker_1x1_03">

                    </Socket>
                  </AddonSockets>
                  <AddonSockets>
                    <Socket InCockpit="true" _template="Cabin2Chassis" Names="Navistar5000MvSticker_1x2_01">

                    </Socket>
                  </AddonSockets>
                  <AddonSockets>
                    <Socket InCockpit="true" _template="Cabin2Chassis" Names="Navistar5000MvSticker_1x2_02">

                    </Socket>
                  </AddonSockets>
                  <AddonSockets>
                    <Socket InCockpit="true" _template="Cabin2Chassis" Names="Navistar5000MvSticker_1x4_01">

                    </Socket>
                  </AddonSockets>
                  <AddonSockets>
                      <Socket Names="StuffAirfreshener" InCockpit="true" _template="Cabin2Chassis" Offset="(0.048; 2.788; 0.18)">

                      </Socket>
                      <Socket InCockpit="true" _template="Cabin2Chassis" Names="StuffCurtainNavistar5000Mv">

                      </Socket>
                  </AddonSockets>
                  <AddonSockets>
                    <Socket _template="Cabin2Chassis" Names="Navistar5000MvSticker_Roof">

                    </Socket>
                  </AddonSockets>
                  <AddonSockets>
                    <Socket InCockpit="true" _template="Cabin2Chassis" Names="Navistar5000MvSticker_Capote">

                    </Socket>
                  </AddonSockets>
                  <AddonSockets>
                    <Socket InCockpit="true" _template="Cabin2Chassis" Names="Navistar5000MvSticker_Door_L">

                    </Socket>
                  </AddonSockets>
                  <AddonSockets>
                    <Socket _template="Cabin2Chassis" Names="Navistar5000MvSticker_Door_R">

                    </Socket>
                  </AddonSockets>
                  <AddonSockets>
                    <Socket InCockpit="true" _template="Cabin2Chassis" Names="Navistar5000MvSticker_GlassTop">

                    </Socket>
                  </AddonSockets>
                  <AddonSockets>
                    <Socket InCockpit="true" _template="Cabin2Chassis" Names="Navistar5000MvSticker_GlassBottom">

                    </Socket>
                  </AddonSockets>
                  <AddonSockets>
                    <Socket _template="Cabin2Chassis" Names="StuffHoodNavistar5000Mv">

                    </Socket>
                  </AddonSockets>
                  <AddonSockets DefaultAddon="zikz_5368_diff_lock_default">
                    <Socket ParentFrame="BoneChassis_cdt" Names="ZiKZ5368DiffLock" Offset="(0; 0; 0)">

                    </Socket>
                  </AddonSockets>
                    <WinchSocket Pos="(2.383; 0.623; -0.57)" ParentFrame="BoneCabin_cdt">

                    </WinchSocket>
                    <WinchSocket Pos="(2.383; 0.623; 0.57)" ParentFrame="BoneCabin_cdt">

                    </WinchSocket>
                    <WinchSocket Pos="(-6.356; 0.887; 0)">

                    </WinchSocket>
                    <WinchSocket Pos="(-1.025; 0.602; -1.115)" ParentFrame="BoneCabin_cdt">

                    </WinchSocket>
                    <WinchSocket Pos="(-0.601; 0.602; 1.133)" ParentFrame="BoneCabin_cdt">

                    </WinchSocket>
                    <WinchSocket Pos="(-1.747; 3.375; 1.188)" ParentFrame="BoneCabin_cdt">

                    </WinchSocket>
                    <WinchSocket Pos="(-1.747; 3.375; -1.188)" ParentFrame="BoneCabin_cdt">

                    </WinchSocket>
            <UiDesc UiDesc="UI_VEHICLE_NAVISTAR_5000_DESC" UiIcon30x30="heavyVehicleImg30" UiName="UI_VEHICLE_NAVISTAR_5000_NAME" UiIconLogo="InternationalNavistarLogo80" UiIcon40x40="heavyVehicleImg" UiIcon328x458="shopImgNavi500">

            </UiDesc>
      </GameData>
      <ControlledConstraints>
                <Constraint Name="TieRodSteerR" IsLinkedSteering="true" Id="chassis_steer">

                </Constraint>
                <Constraint Name="TieRodSteerL" IsLinkedSteering="true" Id="chassis_steer">

                </Constraint>
      </ControlledConstraints>
      <HeadLight _template="Default" Pos="(2; 1.121; 0)">

      </HeadLight>
      <Landmark Mesh="landmarks/navistar_5000mv_lmk" MaxScale="3.8" MinScale="1.8">

      </Landmark>
      <AutomaticIK>
                      <IKBone ParentFrame="BoneTieRodR_cdt" ModelFrame="BoneTieRodHinge2R">
                        <IKBone AttachToFrame="BoneRackR" AttachOffset="(0; 0; 0)" ModelFrame="BoneTieRodPrismaticR">
                            <IKJoint AxisLocal="(1; 0; 0)" Type="Slider">

                            </IKJoint>
                        </IKBone>
                        <IKJoint AxisLocal="(1; 0; 0)" Type="Hinge2">

                        </IKJoint>
                      </IKBone>
                      <IKBone ParentFrame="BoneTieRodL_cdt" ModelFrame="BoneTieRodHinge2L">
                        <IKBone AttachToFrame="BoneRackL" AttachOffset="(0; 0; 0)" ModelFrame="BoneTieRodPrismaticL">
                            <IKJoint AxisLocal="(1; 0; 0)" Type="Slider">

                            </IKJoint>
                        </IKBone>
                        <IKJoint AxisLocal="(1; 0; 0)" Type="Hinge2">

                        </IKJoint>
                      </IKBone>
                      <IKBone ParentFrame="BoneCabin_cdt" ModelFrame="BoneMirrorL1">
                        <IKBone AttachToFrame="BoneMirrorL_cdt" AttachOffset="(0; 0; 0)" ModelFrame="BoneMirrorL2">
                            <IKJoint AxisLocal="(0; 1; 0)" Type="Hinge">

                            </IKJoint>
                        </IKBone>
                        <IKJoint AxisLocal="(0; 1; 0)" Type="Hinge">

                        </IKJoint>
                      </IKBone>
                      <IKBone ParentFrame="BoneCabin_cdt" ModelFrame="BoneMirrorR1">
                        <IKBone AttachToFrame="BoneMirrorR_cdt" AttachOffset="(0; 0; 0)" ModelFrame="BoneMirrorR2">
                            <IKJoint AxisLocal="(0; 1; 0)" Type="Hinge">

                            </IKJoint>
                        </IKBone>
                        <IKJoint AxisLocal="(0; 1; 0)" Type="Hinge">

                        </IKJoint>
                      </IKBone>
      </AutomaticIK>
      <ModelAttachments>
                      <StopSignals>
                            <Flare _template="StopSignal" Pos="(-6.188; 0.785; -0.268)">

                            </Flare>
                            <Flare _template="StopSignal" Pos="(-6.188; 0.785; 0.268)">

                            </Flare>
                              <Light _template="StopSignal" Pos="(-6.5; 0.785; -0.268)">

                              </Light>
                              <Light _template="StopSignal" Pos="(-6.5; 0.785; 0.268)">

                              </Light>
                      </StopSignals>
                      <Ignition>
                              <Flare Color="g(165; 149; 130) x 0.9" ParentFrame="BoneCabin_cdt" DirAngle="90" Pos="(1.978; 1.121; -0.943)" _template="IgnitionSignalWhite">

                              </Flare>
                              <Flare Color="g(165; 149; 130) x 0.9" ParentFrame="BoneCabin_cdt" DirAngle="90" Pos="(1.978; 1.121; 0.943)" _template="IgnitionSignalWhite">

                              </Flare>
                              <Flare Color="g(165; 149; 130) x 0.9" AspectRatio=".9" ParentFrame="BoneCabin_cdt" Pos="(1.945; 1.14; 1.134)" DirAngle="130" Size="0.2" _template="IgnitionSignalWhite">

                              </Flare>
                              <Flare Color="g(165; 149; 130) x 0.9" AspectRatio=".9" ParentFrame="BoneCabin_cdt" Pos="(1.945; 1.14; -1.134)" DirAngle="130" Size="0.2" _template="IgnitionSignalWhite">

                              </Flare>
                              <Flare _template="IgnitionSignalRed" Pos="(-6.188; 0.785; -0.268)">

                              </Flare>
                              <Flare _template="IgnitionSignalRed" Pos="(-6.188; 0.785; 0.268)">

                              </Flare>
                                <Light _template="IgnitionSignalWhite" Pos="(1.978; 1.121; -0.943)">

                                </Light>
                                <Light _template="IgnitionSignalWhite" Pos="(1.978; 1.121; 0.943)">

                                </Light>
                                <Light _template="IgnitionSignalRed" Pos="(-6.5; 0.785; 0)">

                                </Light>
                      </Ignition>
                      <HeadLight>
                                <Flare ParentFrame="BoneCabin_cdt" _template="HeadLight" Pos="(1.978; 1.121; -0.943)">

                                </Flare>
                                <Flare ParentFrame="BoneCabin_cdt" _template="HeadLight" Pos="(1.978; 1.121; 0.943)">

                                </Flare>
                                <Flare ParentFrame="BoneCabin_cdt" _template="BlueStreak" Pos="(1.978; 1.121; -0.943)">

                                </Flare>
                                <Flare ParentFrame="BoneCabin_cdt" _template="BlueStreak" Pos="(1.978; 1.121; 0.943)">

                                </Flare>
                                  <Model Org="(1.978; 1.121; -0.943)" _template="HeadLightRay" ParentFrame="BoneCabin_cdt">

                                  </Model>
                                  <Model Org="(1.978; 1.121; 0.943)" _template="HeadLightRay" ParentFrame="BoneCabin_cdt">

                                  </Model>
                      </HeadLight>
      </ModelAttachments>
      <TruckData EngineIconMesh="env/engine_default" EngineStartDelay="3.2" TruckType="HEAVY" ExhaustStartTime="2.8" SteerSpeed="0.025" TruckImage="navistar5000mchr" DiffLockType="Installed" Responsiveness="0.45" FuelCapacity="340" EngineIconScale="1.4" BackSteerSpeed="0.02">
                        <Driver ParentFrame="BoneCabin_cdt" Pos="(-0.57; 1.855; 0.505)" SteeringWheelPos="(-0.188; 2.183; 0.498)">

                        </Driver>
                        <Shafts>
                                <Shaft SocketPointB="ShaftBoxEngine" SocketPointA="ShaftEngine">

                                </Shaft>
                                <Shaft SocketPointB="ShaftFrontWheel" SocketPointA="ShaftBoxFrontWheel">

                                </Shaft>
                                <Shaft SocketPointB="ShaftRearWheel" SocketPointA="ShaftBoxRearWheel">

                                </Shaft>
                                <Shaft SocketPointB="ShaftWheel2WheelB" SocketPointA="ShaftWheel2WheelA">

                                </Shaft>
                        </Shafts>
                        <FuelTank DamageCapacity="100">

                        </FuelTank>
                        <Dashboard>
                                    <Gauge Org="(0.098; 2.203; 0.811)" OutputAngles="(-140; 17)" Mesh="trucks/arrows/navistar_5000mv_arrow1" Damping="0.99" InputRange="(0;1)" InputType="engineEnabled" Dir="(-0.963; 0.27; 0)">

                                    </Gauge>
                                    <Gauge Org="(0.08; 2.138; 0.811)" OutputAngles="(-55; 4)" Mesh="trucks/arrows/navistar_5000mv_arrow1" Damping="0.99" InputRange="(0;1)" InputType="engineEnabled" Dir="(-0.963; 0.27; 0)">

                                    </Gauge>
                                    <Gauge Org="(0.061; 2.072; 0.811)" OutputAngles="(-55; -4)" Mesh="trucks/arrows/navistar_5000mv_arrow1" Damping="0.99" InputRange="(0;1)" InputType="engineEnabled" Dir="(-0.963; 0.27; 0)">

                                    </Gauge>
                                    <Gauge Org="(0.098; 2.203; 0.713)" OutputAngles="(-140; -60)" Mesh="trucks/arrows/navistar_5000mv_arrow1" Damping="0.99" InputRange="(0;1)" InputType="engineEnabled" Dir="(-0.963; 0.27; 0)">

                                    </Gauge>
                                    <Gauge Org="(0.08; 2.138; 0.713)" OutputAngles="(-140; 60)" Mesh="trucks/arrows/navistar_5000mv_arrow1" Damping="0.99" InputRange="(0;1)" InputType="engineEnabled" Dir="(-0.963; 0.27; 0)">

                                    </Gauge>
                                    <Gauge Org="(0.061; 2.072; 0.713)" OutputAngles="(-140; 30)" Mesh="trucks/arrows/navistar_5000mv_arrow1" Damping="0.99" InputRange="(0;1)" InputType="engineEnabled" Dir="(-0.963; 0.27; 0)">

                                    </Gauge>
                                    <Gauge Org="(0.091; 2.175; 0.574)" OutputAngles="(-135;135)" Mesh="trucks/arrows/navistar_5000mv_arrow4" Damping="0.8" InputRange="(0;1)" InputType="rpm" Dir="(-0.963; 0.27; 0)">

                                    </Gauge>
                                    <Gauge Org="(0.091; 2.175; 0.423)" OutputAngles="(-130;130)" Dir="(-0.963; 0.27; 0)" InputType="speed" Mesh="trucks/arrows/navistar_5000mv_arrow4" InputRange="(0;85)">

                                    </Gauge>
                                    <Gauge Org="(0.098; 2.203; 0.282)" OutputAngles="(-140; 30)" Mesh="trucks/arrows/navistar_5000mv_arrow1" Damping="0.99" InputRange="(0;1)" InputType="engineEnabled" Dir="(-0.963; 0.27; 0)">

                                    </Gauge>
                                    <Gauge Org="(0.08; 2.138; 0.282)" OutputAngles="(-140; 30)" Mesh="trucks/arrows/navistar_5000mv_arrow1" Damping="0.99" InputRange="(0;1)" InputType="engineEnabled" Dir="(-0.963; 0.27; 0)">

                                    </Gauge>
                                    <Gauge Org="(0.061; 2.072; 0.282)" OutputAngles="(-140; 134)" Mesh="trucks/arrows/navistar_5000mv_arrow1" Damping="0.99" InputRange="(0;1)" InputType="fuel" Dir="(-0.963; 0.27; 0)">

                                    </Gauge>
                                    <Gauge Org="(0.098; 2.203; 0.185)" OutputAngles="(-55; -10)" Mesh="trucks/arrows/navistar_5000mv_arrow1" Damping="0.99" InputRange="(0;1)" InputType="engineEnabled" Dir="(-0.963; 0.27; 0)">

                                    </Gauge>
                                    <Gauge Org="(0.08; 2.138; 0.185)" OutputAngles="(-55; 10)" Mesh="trucks/arrows/navistar_5000mv_arrow1" Damping="0.99" InputRange="(0;1)" InputType="engineEnabled" Dir="(-0.963; 0.27; 0)">

                                    </Gauge>
                                    <Gauge Org="(0.061; 2.072; 0.185)" OutputAngles="(-55; 30)" Mesh="trucks/arrows/navistar_5000mv_arrow1" Damping="0.99" InputRange="(0;1)" InputType="engineEnabled" Dir="(-0.963; 0.27; 0)">

                                    </Gauge>
                                    <Gauge Org="(-0.045; 2.135; -0.142)" OutputAngles="(-140; 17)" Mesh="trucks/arrows/navistar_5000mv_arrow3" Damping="0.99" InputRange="(0;1)" InputType="engineEnabled" Dir="(-0.878; 0.248; 0.409)">

                                    </Gauge>
                                    <Gauge Org="(-0.064; 2.196; -0.224)" OutputAngles="(-50; -5)" Mesh="trucks/arrows/navistar_5000mv_arrow2" Damping="0.99" InputRange="(0;1)" InputType="engineEnabled" Dir="(-0.878; 0.248; 0.409)">

                                    </Gauge>
                        </Dashboard>
                        <SoundsWheels _template="Default">

                        </SoundsWheels>
                        <GearboxSocket Default="g_truck_default" Type="gearboxes_trucks">

                        </GearboxSocket>
                                      <Steam Origin="(-2.126; 1.048; 0)">

                                      </Steam>
                                      <Steam Origin="(1.243; 1.048; 0)">

                                      </Steam>
                        <Sounds DisableReversePitch="false" MinDist="15.0" _template="Default" Origin="(0.962; 1.636; 0)">
                                          <BrakesSqueal Sound="trucks/navistar_500mv/navistar_500mv_brakes_squeal">

                                          </BrakesSqueal>
                                          <AbruptStop Sound="trucks/common/truck_swing_big_rnd_set/truck_swing_big_rnd">

                                          </AbruptStop>
                                          <EngineLow Sound="trucks/navistar_500mv/navistar_500mv_low">

                                          </EngineLow>
                                          <EngineRev Sound="trucks/navistar_500mv/navistar_500mv_rev">

                                          </EngineRev>
                                          <EngineAccel Sound="trucks/navistar_500mv/navistar_500mv_acc">

                                          </EngineAccel>
                                          <Honk Sound="trucks/navistar_500mv/navistar_500mv_honk">

                                          </Honk>
                                          <EngineStop Sound="trucks/navistar_500mv/navistar_500mv_stop">

                                          </EngineStop>
                                          <Handbrake Sound="trucks/navistar_500mv/navistar_500mv_handbrake_on">

                                          </Handbrake>
                                          <EngineIdle_2d IsSound2D="true" Sound="trucks/navistar_500mv/navistar_500mv_idle_2d">

                                          </EngineIdle_2d>
                                          <HandbrakeOff Sound="trucks/navistar_500mv/navistar_500mv_handbrake_off">

                                          </HandbrakeOff>
                                          <EngineHeavy_2d IsSound2D="true" Sound="trucks/navistar_500mv/navistar_500mv_heavy_2d">

                                          </EngineHeavy_2d>
                                          <ChassisStress Sound="trucks/common/truck_stress_rnd_set/truck_stress_rnd">

                                          </ChassisStress>
                                          <Reverse Sound="trucks/navistar_500mv/navistar_500mv_reverse">

                                          </Reverse>
                                          <EngineHigh_2d IsSound2D="true" Sound="trucks/navistar_500mv/navistar_500mv_high_2d">

                                          </EngineHigh_2d>
                                          <EngineIdle Sound="trucks/navistar_500mv/navistar_500mv_idle">

                                          </EngineIdle>
                                          <EngineLow_2d IsSound2D="true" Sound="trucks/navistar_500mv/navistar_500mv_low_2d">

                                          </EngineLow_2d>
                                          <BrakePull Sound="trucks/navistar_500mv/navistar_500mv_brake_pull">

                                          </BrakePull>
                                          <EngineHigh Sound="trucks/navistar_500mv/navistar_500mv_high">

                                          </EngineHigh>
                                          <EngineHeavy Sound="trucks/navistar_500mv/navistar_500mv_heavy">

                                          </EngineHeavy>
                                          <BrakeRelease Sound="trucks/navistar_500mv/navistar_500mv_brake_release">

                                          </BrakeRelease>
                                          <EngineStart Sound="trucks/navistar_500mv/navistar_500mv_start">

                                          </EngineStart>
                        </Sounds>
                        <Intake Size="1" Origin="(2.07; 1.439; 0)" Dir="(1; 0; 0)">

                        </Intake>
                        <SoundsDamage _template="Heavy">

                        </SoundsDamage>
                                              <LimitedFluid Type="Cylinder" Center="(-1.493; 0.769; 0.8)" LengthX="1.416" RadiusZ="0.369" RadiusY="0.395">

                                              </LimitedFluid>
                                              <LimitedFluid Type="Cylinder" Center="(-1.863; 0.769; -0.775)" LengthX="1.416" RadiusZ="0.394" RadiusY="0.400">

                                              </LimitedFluid>
                        <Camera ParentFrame="BoneCabin_cdt" Center="(-3.4; 0; 0)">
                                                  <Cockpit WindshieldShadingTexture="trucks/navistar_5000mv_glass__sh_d.tga" WindshieldDiffuseTexture="trucks/navistar_5000mv_glass__d_a.tga" _template="Default" ViewPos="(-0.65; 2.572; 0.505)">
                                                        <Mirror LookAtOffset="(0; 0; 0.05)" ClipDir="(-0.883; 0; -0.469)" ClipOffset="0.25" FOVScale="2" ReflectionDir="(-0.883; 0; -0.469)" Size="(0.18; 0.37)" MeshFrame="mirror_left" Pos="(-0.279; 2.519; 1.299)">

                                                        </Mirror>
                                                        <Mirror FOVScale="2" Pos="(-0.28; 2.177; 1.26)" ClipDir="(-0.884; 0.18; -0.432)" Size="(0.155; 0.155)" CurveAngle="10" MeshFrame="mirror_left_convex" ReflectionDir="(-0.884; 0.18; -0.432)">

                                                        </Mirror>
                                                        <Mirror FOVScale="2" Pos="(-0.278; 2.519; -1.298)" ClipDir="(-0.788; 0; 0.616)" ReflectionDir="(-0.788; 0; 0.616)" Size="(0.18; 0.37)" ClipOffset="0.3" MeshFrame="mirror_right">
                                                          <SecondaryView FOVScale="2" ClipDir="(-0.788; 0; 0.616)" Pos="(-0.276; 2.174; -1.261)" CurveAngle="10" MeshFrame="mirror_right_convex" Size="(0.155; 0.155)">

                                                          </SecondaryView>
                                                        </Mirror>
                                                      <Rear ViewPosOffset="(0.1; -0.1; 0.7)">

                                                      </Rear>
                                                  </Cockpit>
                        </Camera>
                        <SuspensionSocket Default="navistar_5000mv_suspension_default" Type="s_navistar_5000mv" MaxWheelRadiusWithoutSuspension="0.36">

                        </SuspensionSocket>
                        <Wheels DefaultTire="highway_1" DefaultWheelType="wheels_heavy_double1" DefaultRim="rim_5">
                                                        <Wheel _template="Front" Pos="(1.351; 0.546; 1.03)">

                                                        </Wheel>
                                                        <Wheel Pos="(1.351; 0.546; 1.03)" _template="Front" RightSide="true">

                                                        </Wheel>
                                                        <Wheel _template="Rear" Pos="(-4.042; 0.546; 0.92)">

                                                        </Wheel>
                                                        <Wheel Pos="(-4.042; 0.546; 0.92)" _template="Rear" RightSide="true">

                                                        </Wheel>
                                                        <Wheel _template="Rear" Pos="(-5.451; 0.546; 0.92)">

                                                        </Wheel>
                                                        <Wheel Pos="(-5.451; 0.546; 0.92)" _template="Rear" RightSide="true">

                                                        </Wheel>
                        </Wheels>
                        <Axles>
                                                          <Axle Frame="BoneAxle1">

                                                          </Axle>
                                                          <Axle Frame="BoneAxle3">

                                                          </Axle>
                                                          <Axle Frame="BoneAxle4">

                                                          </Axle>
                        </Axles>
                        <Damage>
                                                            <DamageArea Max="(2.093; 2.076; 0.635)" Type="Engine" ParentFrame="BoneCabin_cdt" Min="(0.026; 0.806; -0.635)">

                                                            </DamageArea>
                                                            <DamageArea Max="(-0.78; 1.193; 1.173)" Type="FuelTank" ParentFrame="BoneChassis_cdt" Min="(-2.636; 0.322; -1.173)">

                                                            </DamageArea>
                        </Damage>
                        <OcclusionMap HalfSizeZ="1.8" MinX="-6.6" MaxX="2.8">

                        </OcclusionMap>
                        <EngineSocket Default="us_truck_military_navistar_0" Type="e_us_truck_military_navistar">

                        </EngineSocket>
                        <WinchUpgradeSocket Default="w_medium_trucks_default" IsUpgradable="true" Type="winches_medium_trucks">

                        </WinchUpgradeSocket>
                        <SteeringWheel Frame="BoneSteering">

                        </SteeringWheel>
                                                                  <CompatibleWheels Scale="0.56" Type="wheels_heavy_double1">

                                                                  </CompatibleWheels>
                                                                  <CompatibleWheels Scale="0.56" Type="wheels_heavy_double2">

                                                                  </CompatibleWheels>
                                                                  <CompatibleWheels Type="wheels_heavy_double1" RearOffsetZ=".02" Scale="0.62">

                                                                  </CompatibleWheels>
                                                                  <CompatibleWheels Scale="0.62" Type="wheels_heavy_double2">

                                                                  </CompatibleWheels>
                        <SteeringRack RackHalfSizeZ="0.785" Frame="BoneRack" FrameSteerLeft="BoneRackL" FrameSteerRight="BoneRackR">

                        </SteeringRack>
      </TruckData>
  </Truck>
  <_templates Include="trucks">
        <Wheel>
            <Front SteeringCastor="6" Torque="default" ParentFrame="BoneCabin_cdt" SteeringJointOffset="0.27" SteeringAngle="28" Location="front">

            </Front>
            <Rear Torque="default" Location="rear" ConnectedToHandbrake="true">

            </Rear>
        </Wheel>
        <Body>
              <Mirror Collisions="None" Mass="5">
                  <Constraint MinLimit="-45" Type="Hinge" MaxLimit="45" AxisLocal="(0; 1; 0)">
                      <Motor Spring="60" Type="Spring" Damping="1">

                      </Motor>
                  </Constraint>
              </Mirror>
              <Antenna Collisions="None" Mass=".1">
                    <Constraint Type="Ragdoll" PlaneAxisLocal="(0; 0; 1)" Cone="100" TwistAxisLocal="(0; 1; 0)">
                        <AllMotor Spring=".8" Type="Spring" Damping=".001">

                        </AllMotor>
                    </Constraint>
              </Antenna>
        </Body>
        <Socket>
                <Chassis2Cabin ParentFrame="BoneChassis_cdt" Offset="(0; 0; 0)">
                    <ExtraParent Frame="BoneCabin_cdt">

                    </ExtraParent>
                </Chassis2Cabin>
                <Cabin2Chassis ParentFrame="BoneCabin_cdt" Offset="(0; 0; 0)">
                      <ExtraParent Frame="BoneChassis_cdt">

                      </ExtraParent>
                </Cabin2Chassis>
        </Socket>
  </_templates>