  <Truck>
      <TruckData EngineIconMesh="env/engine_pacific_p16" EngineStartDelay="0.8" TruckType="HEAVY" ExhaustStartTime="0.9" SteerSpeed="0.02" TruckImage="pacificp16mchr" DiffLockType="Always" Responsiveness="0.15" FuelCapacity="300" EngineIconScale="1" BackSteerSpeed="0.01">
          <Driver ParentFrame="BoneCabin_cdt" SteeringWheelPos="(1.68; 2.428; 0.654)" Pos="(1.293; 2.083; 0.654)" AnimationSet="HeavyTruck">

          </Driver>
          <Shafts>
                  <Shaft SocketPointB="Shaft1b" SocketPointA="Shaft1a">

                  </Shaft>
                  <Shaft SocketPointB="Shaft2b" SocketPointA="Shaft2a">

                  </Shaft>
          </Shafts>
          <FuelTank DamageCapacity="50">

          </FuelTank>
          <Dashboard>
                      <Gauge Org="(2.023; 2.431; 0.934)" OutputAngles="(-137; -17)" Mesh="trucks/arrows/pacific_p16_arrow_1" Damping="0.99" InputRange="(0;1)" InputType="engineEnabled" Dir="(-0.9; 0.435; 0)">

                      </Gauge>
                      <Gauge Org="(1.989; 2.362; 0.853)" OutputAngles="(-135; -111)" Mesh="trucks/arrows/pacific_p16_arrow_1" Damping="0.99" InputRange="(0;1)" InputType="engineEnabled" Dir="(-0.9; 0.435; 0)">

                      </Gauge>
                      <Gauge Org="(1.95; 2.279; 0.936)" OutputAngles="(-134; -26)" Mesh="trucks/arrows/pacific_p16_arrow_5" Damping="0.99" InputRange="(0;1)" InputType="engineEnabled" Dir="(-0.901; 0.433; 0)">

                      </Gauge>
                      <Gauge Org="(1.989; 2.362; 0.934)" OutputAngles="(-46; 12)" Mesh="trucks/arrows/pacific_p16_arrow_2" Damping="0.99" InputRange="(0;1)" InputType="engineEnabled" Dir="(-0.9; 0.435; 0)">

                      </Gauge>
                      <Gauge Org="(2.023; 2.431; 0.853)" OutputAngles="(-59; 58)" Mesh="trucks/arrows/pacific_p16_arrow_2" Damping="0.99" InputRange="(0;1)" InputType="fuel" Dir="(-0.9; 0.435; 0)">

                      </Gauge>
                      <Gauge Org="(2.006; 2.369; 0.72)" OutputAngles="(-130; 130)" Mesh="trucks/arrows/pacific_p16_arrow_3" Damping="0.99" InputRange="(0;1)" InputType="rpm" Dir="(-0.9; 0.435; 0)">

                      </Gauge>
                      <Gauge Org="(2.006; 2.369; 0.583)" OutputAngles="(-128; 131)" Dir="(-0.9; 0.435; 0)" InputType="speed" Mesh="trucks/arrows/pacific_p16_arrow_4" InputRange="(0;145)">

                      </Gauge>
                      <Gauge Org="(2.014; 2.413; 0.445)" OutputAngles="(-132; -99)" Mesh="trucks/arrows/pacific_p16_arrow_6" Damping="0.99" InputRange="(0;1)" InputType="engineEnabled" Dir="(-0.9; 0.435; 0)">

                      </Gauge>
                      <Gauge Org="(1.972; 2.327; 0.445)" OutputAngles="(-133; -28)" Mesh="trucks/arrows/pacific_p16_arrow_6" Damping="0.99" InputRange="(0;1)" InputType="engineEnabled" Dir="(-0.9; 0.435; 0)">

                      </Gauge>
                      <Gauge Org="(1.928; 2.237; 0.445)" OutputAngles="(-131; -120)" Mesh="trucks/arrows/pacific_p16_arrow_6" Damping="0.99" InputRange="(0;1)" InputType="engineEnabled" Dir="(-0.9; 0.435; 0)">

                      </Gauge>
                      <Gauge Org="(2.02; 2.427; 0.364)" OutputAngles="(-69; -39)" Mesh="trucks/arrows/pacific_p16_arrow_2" Damping="0.99" InputRange="(0;1)" InputType="engineEnabled" Dir="(-0.9; 0.435; 0)">

                      </Gauge>
                      <Gauge Org="(1.987; 2.358; 0.364)" OutputAngles="(-69; -54)" Mesh="trucks/arrows/pacific_p16_arrow_2" Damping="0.99" InputRange="(0;1)" InputType="engineEnabled" Dir="(-0.9; 0.435; 0)">

                      </Gauge>
                      <Gauge Org="(1.951; 2.282; 0.364)" OutputAngles="(-61; 27)" Mesh="trucks/arrows/pacific_p16_arrow_2" Damping="0.99" InputRange="(0;1)" InputType="engineEnabled" Dir="(-0.9; 0.435; 0)">

                      </Gauge>
                      <Gauge Org="(1.917; 2.212; 0.364)" OutputAngles="(-58; 8)" Mesh="trucks/arrows/pacific_p16_arrow_2" Damping="0.99" InputRange="(0;1)" InputType="engineEnabled" Dir="(-0.9; 0.435; 0)">

                      </Gauge>
                      <Gauge Org="(2.028; 2.435; 0.152)" OutputAngles="(-136; -87)" Mesh="trucks/arrows/pacific_p16_arrow_2" Damping="0.99" InputRange="(0;1)" InputType="engineEnabled" Dir="(-0.9; 0.435; 0.001)">

                      </Gauge>
                      <Gauge Org="(2.028; 2.435; 0.047)" OutputAngles="(-61; -17)" Mesh="trucks/arrows/pacific_p16_arrow_2" Damping="0.99" InputRange="(0;1)" InputType="engineEnabled" Dir="(-0.9; 0.435; 0)">

                      </Gauge>
                      <Gauge Org="(2.028; 2.435; -0.027)" OutputAngles="(25; 38)" Dir="(-0.9; 0.435; 0)" InputType="none" Mesh="trucks/arrows/pacific_p16_arrow_2" InputRange="(0;1)">

                      </Gauge>
                      <Gauge Org="(2.142; 2.56; 0.172)" OutputAngles="(-129; -11)" Mesh="trucks/arrows/pacific_p16_arrow_6" Damping="0.99" InputRange="(0;1)" InputType="engineEnabled" Dir="(-0.803; 0.068; 0.591)">

                      </Gauge>
          </Dashboard>
          <SoundsWheels _template="Default">

          </SoundsWheels>
          <GearboxSocket Default="g_special_default" Type="gearboxes_special">

          </GearboxSocket>
                        <Steam Origin="(-0.01; 1.32; 0)">

                        </Steam>
                        <Steam ParentFrame="BoneCabin_cdt" Origin="(3.517; 1.427; 0)" Scale="0.5">

                        </Steam>
          <Snorkel Origin="(2.379; 1.802; -0.878)">

          </Snorkel>
          <Sounds DisableReversePitch="true" MinDist="15.0" Origin="(0.28; 1.45; 0)" ParentFrame="BoneCabin_cdt" AirHissInterval="12.0" _template="Default">
                              <BrakesSqueal Sound="trucks/pacific_p16/pacific_p16_brakes_squeal">

                              </BrakesSqueal>
                              <AbruptStop Sound="trucks/common/truck_swing_big_rnd_set/truck_swing_big_rnd">

                              </AbruptStop>
                              <EngineLow Sound="trucks/pacific_p16/pacific_p16_low">

                              </EngineLow>
                              <EngineRev Sound="trucks/pacific_p16/pacific_p16_rev">

                              </EngineRev>
                              <EngineAccel Sound="trucks/pacific_p16/pacific_p16_acc">

                              </EngineAccel>
                              <Honk Sound="trucks/pacific_p16/pacific_p16_honk">

                              </Honk>
                              <EngineStop Sound="trucks/pacific_p16/pacific_p16_stop">

                              </EngineStop>
                              <Handbrake Sound="trucks/pacific_p16/pacific_p16_handbrake_on">

                              </Handbrake>
                              <EngineIdle_2d IsSound2D="true" Sound="trucks/pacific_p16/pacific_p16_idle_2d">

                              </EngineIdle_2d>
                              <HandbrakeOff Sound="trucks/pacific_p16/pacific_p16_handbrake_off">

                              </HandbrakeOff>
                              <EngineHeavy_2d IsSound2D="true" Sound="trucks/pacific_p16/pacific_p16_heavy_2d">

                              </EngineHeavy_2d>
                              <Reverse Sound="trucks/pacific_p16/pacific_p16_back_beeper">

                              </Reverse>
                              <EngineHigh_2d IsSound2D="true" Sound="trucks/pacific_p16/pacific_p16_high_2d">

                              </EngineHigh_2d>
                              <EngineIdle Sound="trucks/pacific_p16/pacific_p16_idle">

                              </EngineIdle>
                              <EngineTurbo Sound="trucks/pacific_p16/pacific_p16_turbo">

                              </EngineTurbo>
                              <EngineLow_2d IsSound2D="true" Sound="trucks/pacific_p16/pacific_p16_low_2d">

                              </EngineLow_2d>
                              <BrakePull Sound="trucks/pacific_p16/pacific_p16_brake_pull">

                              </BrakePull>
                              <EngineHigh Sound="trucks/pacific_p16/pacific_p16_high">

                              </EngineHigh>
                              <EngineHeavy Sound="trucks/pacific_p16/pacific_p16_heavy">

                              </EngineHeavy>
                              <BrakeRelease Sound="trucks/pacific_p16/pacific_p16_brake_release">

                              </BrakeRelease>
                              <EngineStart Sound="trucks/pacific_p16/pacific_p16_start">

                              </EngineStart>
          </Sounds>
          <EngineSocket Default="us_truck_old_heavy_engine_0" Type="e_us_truck_old_heavy">

          </EngineSocket>
          <LimitedFluid Type="Box" SizeX="0.256" Center="(0.675; 2.084; 0.264)" SizeY="0.743" SizeZ="1.866">

          </LimitedFluid>
          <SoundsDamage _template="Heavy">

          </SoundsDamage>
          <Camera ParentFrame="BoneCabin_cdt" Center="(-1.5; 0; 0)">
                                      <Cockpit WindshieldShadingTexture="trucks/pacific_p16_glass__sh_d.tga" WindshieldDiffuseTexture="trucks/pacific_p16_glass__d_a.tga" _template="Default" ViewPos="(1.316; 2.814; 0.654)">
                                            <Mirror FOVScale="2" ClipDir="(-0.939; -0.023; -0.344)" Pos="(2.178; 2.686; 1.601)" Size="(0.158; 0.409)" ClipOffset="0.1" MeshFrame="mirror_left">
                                                <SecondaryView FOVScale="1.2" ClipDir="(-0.96; 0; -0.281)" Pos="(2.155; 2.375; 1.564)" CurveAngle="40" MeshFrame="mirror_left_1" Size="(0.16; 0.16)">

                                                </SecondaryView>
                                                <SecondaryView FOVScale="1.1" ClipDir="(-0.96; 0; -0.281)" Pos="(2.198; 2.976; 1.544)" CurveAngle="60" MeshFrame="mirror_left_2" Size="(0.16; 0.16)">

                                                </SecondaryView>
                                            </Mirror>
                                            <Mirror FOVScale="2.5" ClipDir="(-0.85; -0; 0.527)" Pos="(2.207; 2.686; -1.621)" Size="(0.158; 0.409)" ClipOffset="0.1" MeshFrame="mirror_right">
                                                <SecondaryView FOVScale="1.25" ClipDir="(-0.85; -0; 0.527)" Pos="(2.227; 2.976; -1.556)" CurveAngle="60" MeshFrame="mirror_right_1" Size="(0.16; 0.16)">

                                                </SecondaryView>
                                                <SecondaryView FOVScale="1.15" ClipDir="(-0.85; -0; 0.527)" Pos="(2.182; 2.376; -1.582)" CurveAngle="40" MeshFrame="mirror_right_2" Size="(0.16; 0.16)">

                                                </SecondaryView>
                                            </Mirror>
                                      </Cockpit>
          </Camera>
          <Shakers>
                                        <Shaker MinAngle="(0.4; 0.4; 0.4)" Frame="BoneEngine" MaxAngle="(0.7; 0.7; 0.7)" MaxFrequency="10">

                                        </Shaker>
          </Shakers>
          <Damage SensationMin="(0.412; 2.204; -0.949)" Capacity="600" ParentFrame="BoneCabin_cdt" SensationMax="(2.24; 2.945; 0.949)">
                                          <DamageArea Max="(4.5; 2.5; 0.8)" Type="Engine" ParentFrame="BoneCabin_cdt" Min="(2; 0.5; -0.8)">

                                          </DamageArea>
          </Damage>
          <SuspensionSocket Default="pacific_p16_suspension_default" Type="s_pacific_p16" MaxWheelRadiusWithoutSuspension="0.8">

          </SuspensionSocket>
          <Wheels DefaultTire="offroad_1" DefaultWheelType="wheels_heavy_double_p16" DefaultRim="rim_p16">
                                                <Wheel _template="FrontWheel" Pos="(3.492; 0.702; 1.25)">

                                                </Wheel>
                                                <Wheel Pos="(3.492; 0.702; 1.25)" _template="FrontWheel" RightSide="true">

                                                </Wheel>
                                                <Wheel _template="RearWheel" Pos="(-1.583; 0.702; 1.4)">

                                                </Wheel>
                                                <Wheel Pos="(-1.583; 0.702; 1.4)" _template="RearWheel" RightSide="true">

                                                </Wheel>
                                                <Wheel _template="RearWheel" Pos="(-3.366; 0.702; 1.4)">

                                                </Wheel>
                                                <Wheel Pos="(-3.366; 0.702; 1.4)" _template="RearWheel" RightSide="true">

                                                </Wheel>
          </Wheels>
          <Axles>
                                                  <Axle Frame="BoneAxleFront">

                                                  </Axle>
                                                  <Axle Frame="BoneAxleRear1">

                                                  </Axle>
                                                  <Axle Frame="BoneAxleRear2">

                                                  </Axle>
          </Axles>
                                                <Exhaust IsLight="true" Dir="(-0.429; -0.903; 0)" Origin="(-0.642; 1.226; 0.691)" Speed="3.82">

                                                </Exhaust>
                                                <Exhaust IsLight="true" Dir="(-0.429; -0.903; 0)" Origin="(-0.642; 1.226; -0.691)" Speed="3.82">

                                                </Exhaust>
          <OcclusionMap HalfSizeZ="2.2" MinX="-5" MaxX="5">

          </OcclusionMap>
          <Intake Size="1.219" Origin="(4.486; 1.802; 0)" Dir="(1; 0; 0)">

          </Intake>
          <WinchUpgradeSocket Default="w_heavy_trucks_default" IsUpgradable="true" Type="winches_heavy_trucks">

          </WinchUpgradeSocket>
          <SteeringWheel Frame="BoneSteering">

          </SteeringWheel>
          <CompatibleWheels OffsetZ="0.0" Scale="0.73" Type="wheels_heavy_double_p16">

          </CompatibleWheels>
          <SteeringRack RackHalfSizeZ="0.797" Frame="BoneRack" FrameSteerLeft="BoneRackLeft" FrameSteerRight="BoneRackRight">

          </SteeringRack>
      </TruckData>
      <GameData Country="US" ExcludeAddons="ford_clt9000_top_fender, semitrailer_m747" Price="116000" UnlockByRank="1" UnlockByExploration="true">
            <CustomizationCameras>
                  <CameraPos Interior="true" Position="(3.753; 2.779; -0.773)" FOV="32.0" InterestPosition="(6.662; 1.615; 0.513)" Name="sticker_1">

                  </CameraPos>
                  <CameraPos InterestPosition="(-0.208; 1.88; -0)" Name="addon_1" MaxXRotation="360" Position="(-5.453; 3.694; 5.178)" MaxZoom="2" FOV="32.0" MaxYRotation="360">

                  </CameraPos>
                  <CameraPos InterestPosition="(3.194; 1.807; 0)" Name="addon_2" MaxXRotation="360" Position="(-8.093; 2.337; -6.718)" MaxZoom="2" FOV="32.0" MaxYRotation="360">

                  </CameraPos>
                  <CameraPos Interior="true" Position="(3.497; 2.937; -0.602)" FOV="32.0" InterestPosition="(6.662; 1.915; 1.935)" Name="mirror_mount">

                  </CameraPos>
                  <CameraPos InterestPosition="(4.464; 2.277; -0)" Name="side_r" MaxXRotation="360" Position="(9.116; 3.971; 3.907)" MaxZoom="2" FOV="32.0" MaxYRotation="360">

                  </CameraPos>
                  <CameraPos Interior="true" Position="(3.708; 2.759; -0.234)" FOV="32.0" InterestPosition="(6.662; 1.075; 1.942)" Name="sticker">

                  </CameraPos>
                  <CameraPos Interior="true" Position="(8.466; 3.823; 0.498)" FOV="32.0" InterestPosition="(4.575; 2.8; -1.011)" Name="glass_sticker">

                  </CameraPos>
                  <CameraPos Interior="true" Position="(2.602; 2.672; 3.658)" FOV="32.0" InterestPosition="(5.595; 1.549; -0.204)" Name="door_r_sticker">

                  </CameraPos>
                  <CameraPos InterestPosition="(3.331; 2.358; -0)" Name="roof" MaxXRotation="360" Position="(7.903; 4.243; 4.348)" MaxZoom="2" FOV="32.0" MaxYRotation="360">

                  </CameraPos>
                  <CameraPos Interior="true" Position="(9.586; 5.539; -0.364)" FOV="32.0" InterestPosition="(6.025; 2.219; -0.725)" Name="capote_sticker">

                  </CameraPos>
                  <CameraPos InterestPosition="(5.47; 1.623; 0)" Name="hoods" MaxXRotation="360" Position="(13.181; 1.445; -3.573)" MaxZoom="2" FOV="32.0" MaxYRotation="360">

                  </CameraPos>
                  <CameraPos Interior="true" Position="(5.221; 1.595; 0.03)" FOV="32.0" InterestPosition="(6.662; 0.61; 1.935)" Name="sticker_2">

                  </CameraPos>
                  <CameraPos InterestPosition="(3.468; 2.784; 0)" Name="side_l" MaxXRotation="360" Position="(8.623; 4.118; -2.927)" MaxZoom="2" FOV="32.0" MaxYRotation="360">

                  </CameraPos>
                  <CameraPos Interior="true" Position="(3.96; 2.914; -0.813)" FOV="32.0" InterestPosition="(7.085; 1.174; 1.097)" Name="bubble_head">

                  </CameraPos>
                  <CameraPos InterestPosition="(5.255; 0.755; -0)" Name="wheels" MaxXRotation="360" Position="(9.074; 2.258; -5.035)" MaxZoom="2" FOV="32.0" MaxYRotation="360">

                  </CameraPos>
                  <CameraPos InterestPosition="(5.47; 1.623; -0)" Name="default" MaxXRotation="360" Position="(13.181; 1.445; -3.573)" MaxZoom="2" FOV="32.0" MaxYRotation="360">

                  </CameraPos>
                  <CameraPos InterestPosition="(0.479; 0.992; -0)" Name="rear" MaxXRotation="360" Position="(-5.767; 1.805; 2.899)" MaxZoom="2" FOV="32.0" MaxYRotation="360">

                  </CameraPos>
                  <CameraPos Interior="true" Position="(2.711; 2.689; -4.087)" FOV="32.0" InterestPosition="(3.413; 1.842; -0.692)" Name="door_l_sticker">

                  </CameraPos>
                  <CameraPos Interior="true" Position="(8.798; 2.986; -1.462)" FOV="32.0" InterestPosition="(7.506; 2.598; -1.462)" Name="hood_ornament">

                  </CameraPos>
            </CustomizationCameras>
                <CraneSocket Pos="(4.842; 0.843; 0)" ParentFrame="BoneCabin_cdt">

                </CraneSocket>
                <CraneSocket Pos="(-4.844; 1.287; 0)">

                </CraneSocket>
                <CraneSocket Pos="(0.006; 1.625; 1.243)" ParentFrame="BoneCabin_cdt">

                </CraneSocket>
                <CraneSocket Pos="(0.006; 1.625; -1.243)" ParentFrame="BoneCabin_cdt">

                </CraneSocket>
                  <AddonSockets>
                      <Socket Offset="(-2.379; 2.26; 0)" Names="LargeSemitrailer, LargeSemitrailerOiltank">

                      </Socket>
                      <Socket Offset="(-4.959; 1.239; 0)" Names="Trailer">

                      </Socket>
                  </AddonSockets>
                  <AddonSockets DefaultAddon="pacific_p16_bumper_default">
                    <Socket ParentFrame="BoneCabin_cdt" Offset="(0; 0; 0)" Names="PacificP16Bumper">

                    </Socket>
                  </AddonSockets>
                  <AddonSockets DefaultAddon="pacific_p16_exhaust_default">
                    <Socket ParentFrame="BoneCabin_cdt" Offset="(0; 0; 0)" Names="PacificP16Exhaust">

                    </Socket>
                  </AddonSockets>
                  <AddonSockets>
                      <Socket Offset="(-5.896; 1.804; 0)" Names="BunkLog">

                      </Socket>
                      <Socket Offset="(-2.379; 1.798; 0)" Names="SaddlePacific">

                      </Socket>
                  </AddonSockets>
                  <AddonSockets>
                    <Socket Offset="(0; 0; 0)" Names="PacificP16GabariteFenderFront">

                    </Socket>
                  </AddonSockets>
                  <AddonSockets DefaultAddon="pacific_p16_gabarite_default">
                      <Socket ParentFrame="BoneCabin_cdt" Offset="(0; 0; 0)" Names="PacificP16Gabarite">

                      </Socket>
                      <Socket ParentFrame="BoneCabin_cdt" Offset="(0; 0; 0)" Names="PacificP16FenderFront">

                      </Socket>
                  </AddonSockets>
                  <AddonSockets DefaultAddon="pacific_p16_horn_default">
                    <Socket ParentFrame="BoneCabin_cdt" Offset="(0; 0; 0)" Names="PacificP16Horn">

                    </Socket>
                  </AddonSockets>
                  <AddonSockets DefaultAddon="pacific_p16_snorkel_default">
                    <Socket ParentFrame="BoneCabin_cdt" Offset="(0; 0; 0)" Names="PacificP16Snorkel">

                    </Socket>
                  </AddonSockets>
                  <AddonSockets>
                    <Socket Names="StuffDashboard" InCockpit="true" ParentFrame="BoneCabin_cdt" Offset="(2.117; 2.489; 0.58)">

                    </Socket>
                  </AddonSockets>
                  <AddonSockets>
                    <Socket ParentFrame="BoneCabin_cdt" InCockpit="true" Names="pacificP16Sticker_1x1_01">

                    </Socket>
                  </AddonSockets>
                  <AddonSockets>
                    <Socket ParentFrame="BoneCabin_cdt" InCockpit="true" Names="pacificP16Sticker_1x1_02">

                    </Socket>
                  </AddonSockets>
                  <AddonSockets>
                    <Socket ParentFrame="BoneCabin_cdt" InCockpit="true" Names="pacificP16Sticker_1x1_03">

                    </Socket>
                  </AddonSockets>
                  <AddonSockets>
                    <Socket ParentFrame="BoneCabin_cdt" InCockpit="true" Names="pacificP16Sticker_1x2_01">

                    </Socket>
                  </AddonSockets>
                  <AddonSockets>
                    <Socket ParentFrame="BoneCabin_cdt" InCockpit="true" Names="pacificP16Sticker_1x2_02">

                    </Socket>
                  </AddonSockets>
                  <AddonSockets>
                    <Socket ParentFrame="BoneCabin_cdt" InCockpit="true" Names="pacificP16Sticker_1x4_01">

                    </Socket>
                  </AddonSockets>
                  <AddonSockets>
                    <Socket ParentFrame="BoneCabin_cdt" InCockpit="true" Names="pacificP16Sticker_GlassTop">

                    </Socket>
                  </AddonSockets>
                  <AddonSockets>
                    <Socket ParentFrame="BoneCabin_cdt" InCockpit="true" Names="pacificP16Sticker_GlassBottom">

                    </Socket>
                  </AddonSockets>
                  <AddonSockets>
                    <Socket ParentFrame="BoneCabin_cdt" Names="pacificP16Sticker_Door_R">

                    </Socket>
                  </AddonSockets>
                  <AddonSockets>
                    <Socket ParentFrame="BoneCabin_cdt" Names="pacificP16Sticker_Door_L">

                    </Socket>
                  </AddonSockets>
                  <AddonSockets>
                    <Socket ParentFrame="BoneCabin_cdt" Names="pacificP16Sticker_Capote">

                    </Socket>
                  </AddonSockets>
                  <AddonSockets>
                    <Socket Names="StuffAirfreshener" InCockpit="true" ParentFrame="BoneCabineFan_cdt" Offset="(1.984; 2.831; 0.116)">

                    </Socket>
                  </AddonSockets>
                  <AddonSockets>
                    <Socket ParentFrame="BoneCabin_cdt" Names="StuffHoodPacificP16">

                    </Socket>
                  </AddonSockets>
                    <WinchSocket Pos="(4.842; 0.843; 0)" ParentFrame="BoneCabin_cdt">

                    </WinchSocket>
                    <WinchSocket Pos="(-4.844; 1.287; 0)">

                    </WinchSocket>
                    <WinchSocket Pos="(0.006; 1.625; 1.243)" ParentFrame="BoneCabin_cdt">

                    </WinchSocket>
                    <WinchSocket Pos="(0.006; 1.625; -1.243)" ParentFrame="BoneCabin_cdt">

                    </WinchSocket>
            <UiDesc UiDesc="UI_VEHICLE_PACIFIC_P16_DESC" UiIcon30x30="heavyVehicleImg30" UiName="UI_VEHICLE_PACIFIC_P16_NAME" UiIconLogo="PacificLogo80" UiIcon40x40="heavyVehicleImg" UiIcon328x458="shopImgPacificP16">

            </UiDesc>
      </GameData>
      <HeadLight ParentFrame="BoneCabin_cdt" _template="Default" Pos="(3.65; 1.709; 0)">

      </HeadLight>
      <Rotator RotationSpeed="-20" Frame="BoneEngineFan" EngineTorqueFactor="0.5">

      </Rotator>
      <Landmark Mesh="landmarks/pacific_p16_lmk" MaxScale="3.5" MinScale="1.8">

      </Landmark>
      <AutomaticIK>
                      <IKBone ParentFrame="BoneCabin_cdt" ModelFrame="BoneRudderHingeFront">
                        <IKBone AttachToFrame="BoneRackLeft" AttachOffset="(-0.94; 0; 0)" ModelFrame="BoneRudderSlideFront_1">
                            <IKJoint AxisLocal="(1; 0; 0)" Type="Hinge2">

                            </IKJoint>
                        </IKBone>
                        <IKJoint AxisLocal="(0; 0; 1)" Type="Hinge">

                        </IKJoint>
                      </IKBone>
                      <IKBone ParentFrame="BoneCabin_cdt" ModelFrame="BoneRudderHingeBack">
                        <IKBone AttachToFrame="BoneRudderHingeFront" AttachOffset="(2.366; 0; 0)" ModelFrame="BoneRudderSlideBack_1">
                            <IKJoint AxisLocal="(0; 0; 1)" Type="Hinge">

                            </IKJoint>
                        </IKBone>
                        <IKJoint AxisLocal="(0; 0; 1)" Type="Hinge">

                        </IKJoint>
                      </IKBone>
                      <IKBone ParentFrame="BoneCabin_cdt" ModelFrame="BonePistonHinge">
                        <IKBone AttachToFrame="BoneRudderSlideBack_1" AttachOffset="(0.607; 0; 0)" ModelFrame="BonePistonSlide">
                            <IKJoint AxisLocal="(1; 0; 0)" Type="Slider">

                            </IKJoint>
                        </IKBone>
                        <IKJoint AxisLocal="(0; 0; 1)" Type="Hinge">

                        </IKJoint>
                      </IKBone>
      </AutomaticIK>
      <ModelAttachments>
                      <StopSignals>
                            <Flare Size="1" _template="StopSignal" Pos="(-4.656; 1.225; 0.545)">

                            </Flare>
                            <Flare Size="1" _template="StopSignal" Pos="(-4.656; 1.225; -0.545)">

                            </Flare>
                          <Light _template="StopSignal" Pos="(-4.656; 1.225; 0)">

                          </Light>
                      </StopSignals>
                          <Ignition>

                          </Ignition>
                          <Ignition>
                              <Flare ParentFrame="BoneCabin_cdt" DirAngle="120" Size="0.20" _template="IgnitionSignalWhite" Pos="(4.522; 1.31; 0.879)">

                              </Flare>
                              <Flare ParentFrame="BoneCabin_cdt" DirAngle="120" Size="0.20" _template="IgnitionSignalWhite" Pos="(4.522; 1.31; -0.879)">

                              </Flare>
                              <Flare ParentFrame="BoneCabin_cdt" DirAngle="120" Size="0.20" _template="IgnitionSignalWhite" Pos="(4.522; 1.31; 1.122)">

                              </Flare>
                              <Flare ParentFrame="BoneCabin_cdt" DirAngle="120" Size="0.20" _template="IgnitionSignalWhite" Pos="(4.522; 1.31; -1.122)">

                              </Flare>
                              <Flare Size="0.12" _template="IgnitionSignalRed" Pos="(-4.656; 1.225; 0.545)">

                              </Flare>
                              <Flare Size="0.12" _template="IgnitionSignalRed" Pos="(-4.656; 1.225; -0.545)">

                              </Flare>
                                <Light Pos="(4.55; 1.013; 1.1)" _template="IgnitionSignalWhite" Color="g(255; 196; 152) x 1">

                                </Light>
                                <Light Pos="(4.55; 1.013; -1.1)" _template="IgnitionSignalWhite" Color="g(255; 186; 112) x 1">

                                </Light>
                                <Light _template="IgnitionSignalRed" Pos="(-5; 1.025; -0)">

                                </Light>
                          </Ignition>
                      <HeadLight>
                                <Flare ParentFrame="BoneCabin_cdt" DirAngle="135" Size="0.30" _template="HeadLight" Pos="(4.522; 1.31; 0.879)">

                                </Flare>
                                <Flare ParentFrame="BoneCabin_cdt" DirAngle="135" Size="0.30" _template="HeadLight" Pos="(4.522; 1.31; -0.879)">

                                </Flare>
                                <Flare ParentFrame="BoneCabin_cdt" DirAngle="135" Size="0.30" _template="HeadLight" Pos="(4.522; 1.31; 1.122)">

                                </Flare>
                                <Flare ParentFrame="BoneCabin_cdt" DirAngle="135" Size="0.30" _template="HeadLight" Pos="(4.522; 1.31; -1.122)">

                                </Flare>
                                <Flare ParentFrame="BoneCabin_cdt" _template="BlueStreak" Pos="(4.474; 1.372; 1.074)">

                                </Flare>
                                <Flare ParentFrame="BoneCabin_cdt" _template="BlueStreak" Pos="(4.474; 1.372; -1.074)">

                                </Flare>
                                  <Model Org="(4.474; 1.372; 1.074)" _template="HeadLightRay" ParentFrame="BoneCabin_cdt">

                                  </Model>
                                  <Model Org="(4.474; 1.372; -1.074)" _template="HeadLightRay" ParentFrame="BoneCabin_cdt">

                                  </Model>
                      </HeadLight>
                      <ReverseSignals>
                                  <Flare ParentFrame="BoneCabin_cdt" Size="0.2" Pos="(0.3; 3.259; 1.345)" _template="ReverseSignal">

                                  </Flare>
                                  <Flare ParentFrame="BoneCabin_cdt" Size="0.2" Pos="(0.3; 3.259; -1.345)" _template="ReverseSignal">

                                  </Flare>
                                  <Flare ParentFrame="BoneCabin_cdt" Dir="(-1; 0; 0)" Size="0.6" _template="IgnitionSignalWhite" Pos="(0.3; 3.259; 1.345)">

                                  </Flare>
                                  <Flare ParentFrame="BoneCabin_cdt" Dir="(-1; 0; 0)" Size="0.6" _template="IgnitionSignalWhite" Pos="(0.3; 3.259; -1.345)">

                                  </Flare>
                                  <Flare Color="g(220; 220; 255) x 0.05" ParentFrame="BoneCabin_cdt" Pos="(0.312; 3.259; 1.345)" Dir="(-1; 0; 0)" Size="0.4" _template="BlueStreak">

                                  </Flare>
                                  <Flare Color="g(220; 220; 255) x 0.05" ParentFrame="BoneCabin_cdt" Pos="(0.312; 3.259; -1.345)" Dir="(-1; 0; 0)" Size="0.4" _template="BlueStreak">

                                  </Flare>
                                    <Light ParentFrame="BoneCabin_cdt" _template="ReverseSignal" Pos="(0.312; 3.259; 1.345)">

                                    </Light>
                                    <Light ParentFrame="BoneCabin_cdt" _template="ReverseSignal" Pos="(0.312; 3.259; -1.345)">

                                    </Light>
                      </ReverseSignals>
      </ModelAttachments>
      <PhysicsModel Mesh="trucks/pacific_p16">
                        <NetSync Legacy="false">

                        </NetSync>
                        <Body CenterOfMassOffset="(-1; 0; 0)" ImpactType="Truck" NetSync="pv" ModelFrame="BoneChassis_cdt" Mass="10000">
                              <Body CenterOfMassOffset="(1; 0; 0)" ImpactType="Truck" NetSync="pv" ModelFrame="BoneCabin_cdt" Mass="15000">
                                  <Constraint Type="Hinge" MaxLimit="22" PivotOffset="(0; 0; 0)" AxisLocal="(1; 0; 0)" MinLimit="-22">
                                      <Motor Spring="4000000" Type="Spring" Damping="0.001">

                                      </Motor>
                                  </Constraint>
                                      <Body CenterOfMassOffset="(0; 0; 0)" ModelFrame="SeatBelt_cdt" Collisions="None" Mass="1">
                                        <Constraint MinLimit="-0.05" Type="Prismatic" MaxLimit="0.1" AxisLocal="(1; 0; 0)">
                                            <Motor Spring="400" Type="Spring" Damping="40">

                                            </Motor>
                                        </Constraint>
                                      </Body>
                                      <Body ModelFrame="BoneStickMirrorRight_cdt" Mass="10" ImpactType="Truck">
                                        <Constraint Type="Ragdoll" PlaneAxisLocal="(1; 0; 1)" PlaneMax="3" PlaneMin="-3" Cone="3" TwistAxisLocal="(0; 1; 0)">
                                            <AllMotor Spring="9500" Type="Spring" Damping="20">

                                            </AllMotor>
                                        </Constraint>
                                      </Body>
                                      <Body ModelFrame="BoneStickMirrorLeft_cdt" Mass="10" ImpactType="Truck">
                                        <Constraint Type="Ragdoll" PlaneAxisLocal="(1; 0; 1)" PlaneMax="3" PlaneMin="-3" Cone="3" TwistAxisLocal="(0; 1; 0)">
                                            <AllMotor Spring="10000" Type="Spring" Damping="20">

                                            </AllMotor>
                                        </Constraint>
                                      </Body>
                                      <Body _template="Mudguard" ModelFrame="BoneRightMudguard_cdt">
                                        <Constraint MaxLimit="45" AxisLocal="(0; 0; 1)" MinLimit="-40">

                                        </Constraint>
                                      </Body>
                                      <Body _template="Mudguard" ModelFrame="BoneLeftMudguard_cdt">
                                        <Constraint MaxLimit="45" AxisLocal="(0; 0; 1)" MinLimit="-70">

                                        </Constraint>
                                      </Body>
                                      <Body _template="Mudguard" ModelFrame="BoneFireExtinguisher_cdt">
                                        <Constraint MinLimit="-40" Damping="10" MaxLimit="5" AxisLocal="(0; 0; 1)">

                                        </Constraint>
                                      </Body>
                                      <Body _template="Mudguard" ModelFrame="BoneShovel_cdt">
                                        <Constraint MaxLimit="1" AxisLocal="(0; 0; 1)" MinLimit="-3">

                                        </Constraint>
                                      </Body>
                                      <Body CenterOfMassOffset="(0; 0; 0)" ImpactType="Truck" ModelFrame="BoneCabineFan_cdt" Mass="10">
                                        <Constraint Type="Hinge" MaxLimit="20" PivotOffset="(0; 0; 0)" AxisLocal="(0; 0; 1)" MinLimit="-20">
                                            <Motor Spring="150" Type="Spring" Damping="0.1">

                                            </Motor>
                                        </Constraint>
                                      </Body>
                                      <Body CenterOfMassOffset="(0; 0; 0)" ImpactType="Truck" ModelFrame="BoneCabChain1_cdt" Collisions="None" Mass="15">
                                        <Constraint Type="Hinge" MaxLimit="80" PivotOffset="(0; 0; 0)" AxisLocal="(1; 0; 0)" MinLimit="-80">
                                            <Motor Spring="1" Type="Spring" Damping="0.05">

                                            </Motor>
                                        </Constraint>
                                        <Body Collisions="None" ModelFrame="BoneCabChain2_cdt" Mass="5">
                                              <Constraint MinLimit="-0.1" Type="Prismatic" MaxLimit="0.1" AxisLocal="(1; 0; 0)">
                                                  <Motor Spring="500" Type="Spring" Damping="10">

                                                  </Motor>
                                              </Constraint>
                                        </Body>
                                      </Body>
                              </Body>
                        </Body>
      </PhysicsModel>
  </Truck>
  <_templates Include="trucks">
        <Wheel>
            <RearWheel Torque="default" Location="rear" ConnectedToHandbrake="true">

            </RearWheel>
            <FrontWheel SteeringCastor="8" Torque="none" ParentFrame="BoneCabin_cdt" SteeringJointOffset="0.2" SteeringAngle="30" Location="front">

            </FrontWheel>
        </Wheel>
        <Body>
              <Mudguard Collisions="None" Mass="10">
                  <Constraint Type="Hinge">
                      <Motor Spring="10" Type="Spring" Damping="1">

                      </Motor>
                  </Constraint>
              </Mudguard>
        </Body>
  </_templates>