  <Truck>
      <PhysicsModel Mesh="trucks/royal_bm17">
          <NetSync Legacy="false">

          </NetSync>
          <Body CenterOfMassOffset="(-0.5; 0; 0)" ImpactType="Truck" NetSync="pv" ModelFrame="BoneChassis_cdt" Mass="5100">
                <Body CenterOfMassOffset="(0.3; 0; 0)" ImpactType="Truck" NetSync="pv" ModelFrame="BoneCabin_cdt" Mass="4360">
                    <Constraint Type="Hinge" MaxLimit="10" PivotOffset="(0; 0; 0)" AxisLocal="(1; 0; 0)" MinLimit="-10">
                        <Motor Spring="1800000" Type="Spring" Damping="90000">

                        </Motor>
                    </Constraint>
                        <Body _template="TieRod" ModelFrame="BoneTieRod1_cdt">
                          <Constraint MinLimit="-30" Name="TieRodSteer" MaxLimit="30" AxisLocal="(0; -1; 0)">

                          </Constraint>
                        </Body>
                        <Body _template="SideMirror" ModelFrame="BoneMirrorLeft_cdt">

                        </Body>
                        <Body _template="SideMirror" ModelFrame="BoneMirrorRight_cdt">

                        </Body>
                        <Body CenterOfMassOffset="(0; 0; 0)" ImpactType="Truck" ModelFrame="BoneSunshieldLeft_cdt" Mass="5">
                          <Constraint Type="Hinge" MaxLimit="1" PivotOffset="(0; 0; 0)" AxisLocal="(0; 0; -1)" MinLimit="-11">
                              <Motor Spring="40" Type="Spring" Damping="0.004">

                              </Motor>
                          </Constraint>
                        </Body>
                        <Body CenterOfMassOffset="(0; 0; 0)" ImpactType="Truck" ModelFrame="BoneSunshieldRight_cdt" Mass="5">
                          <Constraint Type="Hinge" MaxLimit="1" PivotOffset="(0; 0; 0)" AxisLocal="(0; 0; -1)" MinLimit="-15">
                              <Motor Spring="35" Type="Spring" Damping="0.001">

                              </Motor>
                          </Constraint>
                        </Body>
                        <Body _template="Mudguard" ModelFrame="BoneLeftFrontMudguard_cdt">
                          <Constraint MaxLimit="35" AxisLocal="(0; 0; 1)" MinLimit="-50">

                          </Constraint>
                        </Body>
                        <Body _template="Mudguard" ModelFrame="BoneRightFrontMudguard_cdt">
                          <Constraint MaxLimit="35" AxisLocal="(0; 0; 1)" MinLimit="-50">

                          </Constraint>
                        </Body>
                        <Body CenterOfMassOffset="(0; 0; 0)" ModelFrame="SeatBealt_cdt" Collisions="None" Mass="1">
                          <Constraint Type="Prismatic" MaxLimit="0.015" PivotOffset="(0; 0; 0)" AxisLocal="(1; 0; 0)" MinLimit="-0.03">
                              <Motor Spring="700" Type="Spring" Damping="70">

                              </Motor>
                          </Constraint>
                        </Body>
                        <Body CenterOfMassOffset="(0; 0; 0)" ModelFrame="CordLeft_cdt" Collisions="None" Mass="1">
                          <Constraint Type="Prismatic" MaxLimit="0.02" PivotOffset="(0; 0; 0)" AxisLocal="(1; 0; 0)" MinLimit="-0.04">
                              <Motor Spring="50" Type="Spring" Damping="3">

                              </Motor>
                          </Constraint>
                        </Body>
                        <Body CenterOfMassOffset="(0; 0; 0)" ModelFrame="CordRight_cdt" Collisions="None" Mass="1">
                          <Constraint Type="Prismatic" MaxLimit="0.02" PivotOffset="(0; 0; 0)" AxisLocal="(1; 0; 0)" MinLimit="-0.04">
                              <Motor Spring="40" Type="Spring" Damping="4">

                              </Motor>
                          </Constraint>
                        </Body>
                </Body>
          </Body>
      </PhysicsModel>
      <GameData Country="US" Price="104500" UnlockByRank="1" UnlockByExploration="true">
            <CustomizationCameras>
                  <CameraPos Interior="true" Position="(6.453; 5.829; -0.285)" FOV="32.0" InterestPosition="(3.589; 0.674; -0.706)" Name="roof_sticker">

                  </CameraPos>
                  <CameraPos Interior="true" Position="(4.474; 2.728; -0.212)" FOV="32.0" InterestPosition="(6.609; 1.277; 1.412)" Name="sticker_1">

                  </CameraPos>
                  <CameraPos InterestPosition="(-0.508; 2.026; -0)" Name="addon_1" MaxXRotation="360" Position="(-9.259; 3.714; 6.213)" MaxZoom="2" FOV="32.0" MaxYRotation="360">

                  </CameraPos>
                  <CameraPos InterestPosition="(3.496; 0.486; 0)" Name="addon_2" MaxXRotation="360" Position="(-0.029; 4.180; 4.334)" MaxZoom="2" FOV="32.0" MaxYRotation="360">

                  </CameraPos>
                  <CameraPos Interior="true" Position="(4.104; 2.885; -0.632)" FOV="32.0" InterestPosition="(6.438; 2.587; 1.715)" Name="mirror_mount">

                  </CameraPos>
                  <CameraPos InterestPosition="(4.764; 2.196; -0)" Name="side_r" MaxXRotation="360" Position="(-0.590; 4.639; 3.718)" MaxZoom="2" FOV="32.0" MaxYRotation="360">

                  </CameraPos>
                  <CameraPos Interior="true" Position="(4.474; 2.728; -0.212)" FOV="32.0" InterestPosition="(6.726; 1.277; 2.848)" Name="sticker">

                  </CameraPos>
                  <CameraPos Interior="true" Position="(8.46; 3.409; 0.655)" FOV="32.0" InterestPosition="(4.613; 2.54; -0.956)" Name="glass_sticker">

                  </CameraPos>
                  <CameraPos Interior="true" Position="(3.984; 2.354; 3.093)" FOV="32.0" InterestPosition="(6.471; 1.745; 0)" Name="door_r_sticker">

                  </CameraPos>
                  <CameraPos InterestPosition="(4.758; 2.358; -0)" Name="roof" MaxXRotation="360" Position="(10.787; 4.806; -3.717)" MaxZoom="2" FOV="32.0" MaxYRotation="360">

                  </CameraPos>
                  <CameraPos Interior="true" Position="(9.190; 5.504; -0.312)" FOV="32.0" InterestPosition="(5.454; 0.713; -0.581)" Name="capote_sticker">

                  </CameraPos>
                  <CameraPos InterestPosition="(5.716; 1.735; 0)" Name="hoods" MaxXRotation="360" Position="(13.576; 1.402; -3.863)" MaxZoom="2" FOV="32.0" MaxYRotation="360">

                  </CameraPos>
                  <CameraPos Interior="true" Position="(4.651; 2.846; -0.267)" FOV="32.0" InterestPosition="(6.062; 1.277; 0.322)" Name="sticker_2">

                  </CameraPos>
                  <CameraPos InterestPosition="(5.516; 1.36; 0)" Name="side_l" MaxXRotation="360" Position="(10.32; 4.555; 4.896)" MaxZoom="2" FOV="32.0" MaxYRotation="360">

                  </CameraPos>
                  <CameraPos Interior="true" Position="(4.693; 2.899; -0.208)" FOV="32.0" InterestPosition="(6.609; 1.268; 1.367)" Name="bubble_head">

                  </CameraPos>
                  <CameraPos InterestPosition="(4.925; 0.749; 0.052)" Name="wheels" MaxXRotation="360" Position="(8.037; 2.025; -5.492)" MaxZoom="2" FOV="32.0" MaxYRotation="360">

                  </CameraPos>
                  <CameraPos InterestPosition="(5.716; 1.735; 0)" Name="default" MaxXRotation="360" Position="(13.576; 1.402; -3.863)" MaxZoom="2" FOV="32.0" MaxYRotation="360">

                  </CameraPos>
                  <CameraPos InterestPosition="(-0.868; 1.09; -0)" Name="rear" MaxXRotation="360" Position="(-6.285; 2.053; 3.418)" MaxZoom="2" FOV="32.0" MaxYRotation="360">

                  </CameraPos>
                  <CameraPos Interior="true" Position="(4.16; 2.415; -3.29)" FOV="32.0" InterestPosition="(4.476; 1.822; -0)" Name="door_l_sticker">

                  </CameraPos>
                  <CameraPos Interior="true" Position="(8.557; 2.677; -1.52)" FOV="32.0" InterestPosition="(7.506; 2.361; -1.52)" Name="hood_ornament">

                  </CameraPos>
                  <CameraPos Interior="true" Position="(4.104; 2.885; -0.632)" FOV="32.0" InterestPosition="(6.438; 2.587; 1.715)" Name="curtain">

                  </CameraPos>
            </CustomizationCameras>
                <CraneSocket Pos="(-4.626; 0.933; 0)">

                </CraneSocket>
                <CraneSocket Pos="(-1.815; 1.229; -0.389)">

                </CraneSocket>
                <CraneSocket Pos="(-1.815; 1.229; 0.389)">

                </CraneSocket>
                <CraneSocket Pos="(3.792; 1.184; 0.641)" ParentFrame="BoneCabin_cdt">

                </CraneSocket>
                <CraneSocket Pos="(3.792; 1.184; -0.641)" ParentFrame="BoneCabin_cdt">

                </CraneSocket>
                  <AddonSockets>
                    <Socket ParentFrame="BoneChassis_cdt" Offset="(0; 0; 0)" Names="RoyalBm17SpareWheel">
                        <ExtraParent Frame="BoneCabin_cdt">

                        </ExtraParent>
                    </Socket>
                  </AddonSockets>
                  <AddonSockets>
                      <Socket Offset="(-1.76; 1.84; 0)" Names="LargeSemitrailer">

                      </Socket>
                      <Socket Offset="(-1.76; 1.84; 0)" Names="LargeSemitrailer, LargeSemitrailerOiltank">

                      </Socket>
                      <Socket Offset="(-2.46; 1.67; 0)" Names="Semitrailer, SemitrailerOiltank">

                      </Socket>
                      <Socket Offset="(-4.638; 0.932; 0)" Names="Trailer">
                        <AddonsShift TrailerNamesBlock="Trailer" Types="MinicraneUS, FrameAddon" Offset="(0; 0; 0)">

                        </AddonsShift>
                      </Socket>
                  </AddonSockets>
                  <AddonSockets>
                      <Socket NamesBlock="MetalDetector, MinicraneUS" Offset="(-0.693; 1.345; 0)" Names="LogLift">

                      </Socket>
                      <Socket NamesBlock="MinicraneUS, MetalDetector" Offset="(-6.611; 1.344; 0)" Names="BunkLog">

                      </Socket>
                      <Socket Offset="(-2.18; 1.34; 0)" NamesBlock="MinicraneUS, MetalDetector, RoyalBM17CabinProtector" Names="FrameAddonLogShort">

                      </Socket>
                      <Socket Offset="(-2.18; 1.34; 0)" NamesBlock="MinicraneUS, MetalDetector, RoyalBM17CabinProtector, Trailer" Names="FrameAddonLogMedium">

                      </Socket>
                      <Socket Offset="(-3.095; 1.34; 0)" Names="SaddleLowRoyalBm17">
                        <ExtraParent Frame="BoneCabin_cdt">

                        </ExtraParent>
                      </Socket>
                      <Socket Offset="(-2.365; 1.34; 0)" Names="SaddleHighRoyalBm17">
                        <ExtraParent Frame="BoneCabin_cdt">

                        </ExtraParent>
                        <AddonsShift TrailerNamesBlock="SaddleHighRoyalBm17" Types="MinicraneUS, RoyalBM17CabinProtector" Offset="(0; 0; 0)">

                        </AddonsShift>
                      </Socket>
                      <Socket Names="FrameAddonTow" ParentFrame="BoneChassis_cdt" NamesBlock="MinicraneUS, MetalDetector, Trailer" Offset="(-2.9; 1.339; 0)">
                        <AddonsShift Types="RoyalBM17CabinProtector" Offset="(-0.5; 0; 0)">

                        </AddonsShift>
                      </Socket>
                      <Socket ParentFrame="BoneChassis_cdt" Offset="(-2.218; 1.339; 0)" Names="FrameAddon">
                          <AddonsShift Types="MinicraneUS" Offset="(-1.21; 0; 0)">

                          </AddonsShift>
                          <AddonsShift Types="RoyalBM17CabinProtector" Offset="(-0.545; 0; 0)">

                          </AddonsShift>
                          <AddonsShift TrailerNamesBlock="FrameAddon" Types="MinicraneUS, RoyalBM17CabinProtector" Offset="(0; 0; 0)">

                          </AddonsShift>
                      </Socket>
                      <Socket ParentFrame="BoneChassis_cdt" Offset="(-2.84; 1.413; 0)" Names="FrameAddonKung">
                          <ExtraParent Offset="(0; 0; -0.08)" Frame="BoneChassis_cdt">

                          </ExtraParent>
                          <ExtraParent Offset="(0; 0; 0.08)" Frame="BoneChassis_cdt">

                          </ExtraParent>
                      </Socket>
                      <Socket ParentFrame="BoneChassis_cdt" Offset="(-3.165; 1.339; 0)" Names="FrameAddonTank">
                        <AddonsShift Types="RoyalBM17CabinProtector" Offset="(-0.588; 0; 0)">

                        </AddonsShift>
                      </Socket>
                      <Socket NamesBlock="Trailer, RoyalBM17CabinProtector" Names="FrameAddonMaintainer" ParentFrame="BoneChassis_cdt" Offset="(-2.85; 0.307; 0)">

                      </Socket>
                      <Socket NamesBlock="MinicraneUS, Trailer, RoyalBM17CabinProtector" Names="FrameAddonSeismicVibrator" ParentFrame="BoneChassis_cdt" Offset="(-0.08; 1.341; 0)">

                      </Socket>
                      <Socket Offset="(-2.891; 1.442; 0)" NamesBlock="MetalDetector, MinicraneUS, Semitrailer, RoyalBM17CabinProtector" Names="BigCraneUs">
                          <ExtraParent Offset="(0; -0.1; 0)" Frame="BoneChassis_cdt">

                          </ExtraParent>
                          <ExtraParent Offset="(0; -0.1; 0)" Frame="BoneChassis_cdt">

                          </ExtraParent>
                      </Socket>
                  </AddonSockets>
                  <AddonSockets>
                      <Socket NamesBlock="SaddleLowRoyalBm17, FrameAddonKung, FrameAddonTank, FrameAddonSeismicVibrator, FrameAddon, SaddleHighRoyalBm17, RoyalBm17SpareWheel" Names="MetalDetector" ParentFrame="BoneChassis_cdt" Offset="(-1.256; 0.287; 0)">

                      </Socket>
                      <Socket Offset="(-0.48; 1.343; 0)" NamesBlock="SemitrailerOiltank, LargeSemitrailerOiltank, FrameAddonKung, FrameAddonTank, FrameAddonMaintainer" Names="MinicraneUS">
                        <AddonsShift Types="RoyalBM17CabinProtector" Offset="(-0.588; 0; 0)">

                        </AddonsShift>
                      </Socket>
                  </AddonSockets>
                  <AddonSockets>
                    <Socket ParentFrame="BoneCabin_cdt" Offset="(0; 0; 0)" Names="RoyalBM17Bumper">

                    </Socket>
                  </AddonSockets>
                  <AddonSockets>
                    <Socket ParentFrame="BoneCabin_cdt" NamesBlock="RoyalBM17Horn2, RoyalBM17SpotLight2" Names="RoyalBM17Horn">

                    </Socket>
                  </AddonSockets>
                  <AddonSockets>
                    <Socket ParentFrame="BoneCabin_cdt" Offset="(0; 0; 0)" Names="RoyalBM17Horn2">

                    </Socket>
                  </AddonSockets>
                  <AddonSockets DefaultAddon="royal_bm17_visor_default">
                    <Socket ParentFrame="BoneCabin_cdt" Offset="(0; 0; 0)" Names="RoyalBM17Visor">

                    </Socket>
                  </AddonSockets>
                  <AddonSockets>
                    <Socket ParentFrame="BoneCabin_cdt" Offset="(0; 0; 0)" Names="RoyalBM17Beacon">

                    </Socket>
                  </AddonSockets>
                  <AddonSockets>
                      <Socket ParentFrame="BoneCabin_cdt" NamesBlock="RoyalBM17Beacon" Names="RoyalBM17SpotLight2">

                      </Socket>
                      <Socket ParentFrame="BoneCabin_cdt" Names="RoyalBM17SpotLight">

                      </Socket>
                  </AddonSockets>
                  <AddonSockets>
                    <Socket ParentFrame="BoneCabin_cdt" Offset="(0; 0; 0)" Names="RoyalBM17Gabarite">

                    </Socket>
                  </AddonSockets>
                  <AddonSockets DefaultAddon="royal_bm17_air_conditioner_default">
                    <Socket ParentFrame="BoneCabin_cdt" Offset="(0; 0; 0)" Names="RoyalBM17Conditioner">

                    </Socket>
                  </AddonSockets>
                  <AddonSockets>
                    <Socket ParentFrame="BoneCabin_cdt" Offset="(-0.05; 0; 0)" Names="RoyalBM17CabinProtector">
                        <ExtraParent Frame="BoneChassis_cdt">

                        </ExtraParent>
                    </Socket>
                  </AddonSockets>
                  <AddonSockets DefaultAddon="royal_bm17_snorkel_default">
                    <Socket ParentFrame="BoneCabin_cdt" Offset="(0; 0; 0)" Names="RoyalBM17Snorkel">

                    </Socket>
                  </AddonSockets>
                  <AddonSockets DefaultAddon="royal_bm17_exhaust_default">
                    <Socket ParentFrame="BoneCabin_cdt" Offset="(0; 0; 0)" Names="RoyalBM17Exhaust">

                    </Socket>
                  </AddonSockets>
                  <AddonSockets>
                    <Socket Names="StuffDashboard" InCockpit="true" ParentFrame="BoneCabin_cdt" Offset="(1.907; 2.428; 0.016)">

                    </Socket>
                  </AddonSockets>
                  <AddonSockets>
                    <Socket ParentFrame="BoneCabin_cdt" InCockpit="true" Names="royalBm17Sticker_1x1_01">

                    </Socket>
                  </AddonSockets>
                  <AddonSockets>
                    <Socket ParentFrame="BoneCabin_cdt" InCockpit="true" Names="royalBm17Sticker_1x1_02">

                    </Socket>
                  </AddonSockets>
                  <AddonSockets>
                    <Socket ParentFrame="BoneCabin_cdt" InCockpit="true" Names="royalBm17Sticker_1x1_03">

                    </Socket>
                  </AddonSockets>
                  <AddonSockets>
                    <Socket ParentFrame="BoneCabin_cdt" InCockpit="true" Names="royalBm17Sticker_1x1_04">

                    </Socket>
                  </AddonSockets>
                  <AddonSockets>
                    <Socket ParentFrame="BoneCabin_cdt" InCockpit="true" Names="royalBm17Sticker_1x2_01">

                    </Socket>
                  </AddonSockets>
                  <AddonSockets>
                    <Socket ParentFrame="BoneCabin_cdt" InCockpit="true" Names="royalBm17Sticker_1x4_01">

                    </Socket>
                  </AddonSockets>
                  <AddonSockets>
                    <Socket ParentFrame="BoneCabin_cdt" InCockpit="true" Names="royalBm17Sticker_GlassTop">

                    </Socket>
                  </AddonSockets>
                  <AddonSockets>
                    <Socket ParentFrame="BoneCabin_cdt" InCockpit="true" Names="royalBm17Sticker_GlassBottom">

                    </Socket>
                  </AddonSockets>
                  <AddonSockets>
                    <Socket ParentFrame="BoneCabin_cdt" Names="royalBm17Sticker_Door_L">

                    </Socket>
                  </AddonSockets>
                  <AddonSockets>
                    <Socket ParentFrame="BoneCabin_cdt" Names="royalBm17Sticker_Door_R">

                    </Socket>
                  </AddonSockets>
                  <AddonSockets>
                    <Socket ParentFrame="BoneCabin_cdt" Names="royalBm17Sticker_Capote">

                    </Socket>
                  </AddonSockets>
                  <AddonSockets>
                    <Socket ParentFrame="BoneCabin_cdt" Names="royalBm17Sticker_Roof">

                    </Socket>
                  </AddonSockets>
                  <AddonSockets>
                      <Socket Names="StuffAirfreshener" InCockpit="true" ParentFrame="BoneCabin_cdt" Offset="(1.758; 3.008; 0.044)">

                      </Socket>
                      <Socket ParentFrame="BoneCabin_cdt" InCockpit="true" Names="StuffCurtainRoyalBm17">

                      </Socket>
                  </AddonSockets>
                  <AddonSockets>
                    <Socket ParentFrame="BoneCabin_cdt" Names="StuffHoodRoyalBm17">

                    </Socket>
                  </AddonSockets>
                  <AddonSockets DefaultAddon="zikz_5368_diff_lock_default">
                    <Socket ParentFrame="BoneChassis_cdt" Names="ZiKZ5368DiffLock" Offset="(0; 0; 0)">

                    </Socket>
                  </AddonSockets>
                    <WinchSocket Pos="(-4.626; 0.933; 0)">

                    </WinchSocket>
                    <WinchSocket Pos="(-1.815; 1.229; -0.389)">

                    </WinchSocket>
                    <WinchSocket Pos="(-1.815; 1.229; 0.389)">

                    </WinchSocket>
                    <WinchSocket Pos="(3.792; 1.184; 0.641)" ParentFrame="BoneCabin_cdt">

                    </WinchSocket>
                    <WinchSocket Pos="(3.792; 1.184; -0.641)" ParentFrame="BoneCabin_cdt">

                    </WinchSocket>
            <UiDesc UiDesc="UI_VEHICLE_ROYAL_BM17_DESC" UiIcon30x30="offroadVehicleImg30" UiName="UI_VEHICLE_ROYAL_BM17_NAME" UiIconLogo="RoyalLogo80" UiIcon40x40="offroadVehicleImg" UiIcon328x458="shopImgScammell">

            </UiDesc>
      </GameData>
      <ControlledConstraints>
              <Constraint Name="TieRodSteer" IsLinkedSteering="true" Id="chassis_steer">

              </Constraint>
      </ControlledConstraints>
      <HeadLight ParentFrame="BoneCabin_cdt" _template="Default" Pos="(3.709; 1.056; 0)">

      </HeadLight>
      <Landmark Mesh="landmarks/royal_bm17_lmk" MaxScale="2.5" MinScale="1.5">

      </Landmark>
      <AutomaticIK>
                    <IKBone ParentFrame="BoneTieRod1_cdt" ModelFrame="BoneTieRod2">
                        <IKBone AttachToFrame="BoneRackLeft" AttachOffset="(0; 0; 0)" ModelFrame="BoneTieRod3">
                            <IKJoint AxisLocal="(1; 0; 0)" Type="Slider">

                            </IKJoint>
                        </IKBone>
                        <IKJoint AxisLocal="(1; 0; 0)" Type="Hinge2">

                        </IKJoint>
                    </IKBone>
      </AutomaticIK>
      <ModelAttachments>
                      <StopSignals>
                            <Flare _template="StopSignal" Pos="(-4.675; 1.237; -0.85)">

                            </Flare>
                            <Flare _template="StopSignal" Pos="(-4.675; 1.237; 0.85)">

                            </Flare>
                          <Light _template="StopSignal" Pos="(-4.712; 1.237; 0)">

                          </Light>
                      </StopSignals>
                      <Ignition>
                              <Flare Dir="(-1; 0; 0)" Size="0.1" _template="IgnitionSignalRed" Pos="(-4.675; 1.234; 0.853)">

                              </Flare>
                              <Flare Dir="(-1; 0; 0)" Size="0.1" _template="IgnitionSignalRed" Pos="(-4.675; 1.234; -0.853)">

                              </Flare>
                              <Flare Color="g(255; 174; 0) x 0.3" ParentFrame="BoneCabin_cdt" _template="MarkerBeacon" Pos="(1.625; 3.184; -0.273)">

                              </Flare>
                              <Flare Color="g(255; 174; 0) x 0.3" ParentFrame="BoneCabin_cdt" _template="MarkerBeacon" Pos="(1.625; 3.184; 0)">

                              </Flare>
                              <Flare Color="g(255; 174; 0) x 0.3" ParentFrame="BoneCabin_cdt" _template="MarkerBeacon" Pos="(1.625; 3.184; 0.273)">

                              </Flare>
                              <Flare Color="g(169; 0; 0) x 0.7" ParentFrame="BoneCabin_cdt" Pos="(3.54; 1.055; -1.199)" Dir="(1; 0; 0)" Size="0.1" _template="IgnitionSignalRed">

                              </Flare>
                              <Flare Color="g(169; 0; 0) x 0.7" ParentFrame="BoneCabin_cdt" Pos="(3.54; 1.055; 1.199)" Dir="(1; 0; 0)" Size="0.1" _template="IgnitionSignalRed">

                              </Flare>
                              <Flare Dir="(0; 0; -1)" ParentFrame="BoneCabin_cdt" _template="IgnitionSignalOrange" Pos="(1.952; 2.163; -0.999)">

                              </Flare>
                              <Flare Dir="(0; 0; 1)" ParentFrame="BoneCabin_cdt" _template="IgnitionSignalOrange" Pos="(1.952; 2.163; 0.999)">

                              </Flare>
                              <Flare Dir="(1; 0; 0)" ParentFrame="BoneCabin_cdt" _template="IgnitionSignalOrange" Pos="(1.64; 2.77; -1.471)">

                              </Flare>
                              <Flare Dir="(1; 0; 0)" ParentFrame="BoneCabin_cdt" _template="IgnitionSignalOrange" Pos="(1.64; 2.77; 1.471)">

                              </Flare>
                              <Flare ParentFrame="BoneCabin_cdt" DirAngle="120" Size="0.2" _template="IgnitionSignalWhite" Pos="(3.6; 1.056; -1.060)">

                              </Flare>
                              <Flare ParentFrame="BoneCabin_cdt" DirAngle="120" Size="0.2" _template="IgnitionSignalWhite" Pos="(3.6; 1.056; 1.060)">

                              </Flare>
                              <Flare ParentFrame="BoneCabin_cdt" DirAngle="120" Size="0.2" _template="IgnitionSignalWhite" Pos="(3.703; 1.056; -0.905)">

                              </Flare>
                              <Flare ParentFrame="BoneCabin_cdt" DirAngle="120" Size="0.2" _template="IgnitionSignalWhite" Pos="(3.703; 1.056; 0.905)">

                              </Flare>
                                <Light ParentFrame="BoneCabin_cdt" _template="IgnitionSignalWhite" Pos="(3.8; 1.056; 1.060)">

                                </Light>
                                <Light ParentFrame="BoneCabin_cdt" _template="IgnitionSignalWhite" Pos="(3.8; 1.056; -1.060)">

                                </Light>
                                <Light _template="IgnitionSignalRed" Pos="(-4.712; 1.237; 0)">

                                </Light>
                      </Ignition>
                      <HeadLight>
                                <Flare Color="g(245; 225; 180) x 0.5" Pos="(3.709; 1.056; -0.896)" ParentFrame="BoneCabin_cdt" Size="0.45" _template="HeadLight">

                                </Flare>
                                <Flare Color="g(245; 225; 180) x 0.5" Pos="(3.709; 1.056; 0.896)" ParentFrame="BoneCabin_cdt" Size="0.45" _template="HeadLight">

                                </Flare>
                                <Flare ParentFrame="BoneCabin_cdt" _template="BlueStreak" Pos="(3.709; 1.056; -0.896)">

                                </Flare>
                                <Flare ParentFrame="BoneCabin_cdt" _template="BlueStreak" Pos="(3.709; 1.056; 0.896)">

                                </Flare>
                                  <Model Org="(3.709; 1.056; -0.896)" _template="HeadLightRay" ParentFrame="BoneCabin_cdt">

                                  </Model>
                                  <Model Org="(3.709; 1.056; 0.896)" _template="HeadLightRay" ParentFrame="BoneCabin_cdt">

                                  </Model>
                      </HeadLight>
                      <ReverseSignals>
                                  <Flare Size="0.7" _template="ReverseSignal" Pos="(-4.675; 1.237; -0.728)">

                                  </Flare>
                                  <Flare Size="0.7" _template="ReverseSignal" Pos="(-4.675; 1.237; 0.728)">

                                  </Flare>
                                  <Flare Color="g(220; 220; 255) x 0.05" Pos="(-4.675; 1.237; -0.728)" Dir="(-1; 0; 0)" Size="0.4" _template="BlueStreak">

                                  </Flare>
                                  <Flare Color="g(220; 220; 255) x 0.05" Pos="(-4.675; 1.237; 0.728)" Dir="(-1; 0; 0)" Size="0.4" _template="BlueStreak">

                                  </Flare>
                                <Light _template="ReverseSignal" Pos="(-4.712; 1.237; 0)">

                                </Light>
                      </ReverseSignals>
      </ModelAttachments>
      <TruckData EngineIconMesh="env/engine_default" EngineStartDelay="0.8" TruckType="OFFROAD" ExhaustStartTime="0.9" SteerSpeed="0.025" TruckImage="royalbm17mchr" DiffLockType="Installed" Responsiveness="0.15" FuelCapacity="280" EngineIconScale="1.3" BackSteerSpeed="0.025">
                        <Driver ParentFrame="BoneCabin_cdt" SteeringWheelPos="(1.441; 2.392; 0.516)" Pos="(1.045; 2.062; 0.51)" AnimationSet="HeavyTruck">

                        </Driver>
                        <Shafts>
                                <Shaft SocketPointB="Shaft1b" SocketPointA="Shaft1a">

                                </Shaft>
                                <Shaft SocketPointB="Shaft2b" SocketPointA="Shaft2a">

                                </Shaft>
                                <Shaft SocketPointB="Shaft3b" SocketPointA="Shaft3a">

                                </Shaft>
                                <Shaft SocketPointB="Shaft4b" SocketPointA="Shaft4a">

                                </Shaft>
                        </Shafts>
                        <FuelTank DamageCapacity="120">

                        </FuelTank>
                        <Dashboard>
                                    <Gauge Org="(1.794; 2.339; 0.743)" OutputAngles="(-125; 18)" Mesh="trucks/arrows/royal_bm17_arrow1" Damping="0.99" InputRange="(0;1)" InputType="engineEnabled" Dir="(-0.769; 0.64; 0)">

                                    </Gauge>
                                    <Gauge Org="(1.743; 2.277; 0.743)" OutputAngles="(-125; -19)" Mesh="trucks/arrows/royal_bm17_arrow1" Damping="0.99" InputRange="(0;1)" InputType="engineEnabled" Dir="(-0.768; 0.64; 0)">

                                    </Gauge>
                                    <Gauge Org="(1.76; 2.303; 0.639)" OutputAngles="(-128; 37)" Mesh="trucks/arrows/royal_bm17_arrow2" Damping="0.99" InputRange="(0;1)" InputType="engineEnabled" Dir="(-0.776; 0.631; 0)">

                                    </Gauge>
                                    <Gauge Org="(1.786; 2.327; 0.514)" OutputAngles="(-120; 121)" Mesh="trucks/arrows/royal_bm17_arrow3" Damping="0.99" InputRange="(0;1)" InputType="rpm" Dir="(-0.768; 0.64; 0)">

                                    </Gauge>
                                    <Gauge Org="(1.794; 2.339; 0.281)" OutputAngles="(-125; 77)" Mesh="trucks/arrows/royal_bm17_arrow1" Damping="0.99" InputRange="(0;1)" InputType="engineEnabled" Dir="(-0.768; 0.64; 0)">

                                    </Gauge>
                                    <Gauge Org="(1.761; 2.304; 0.388)" OutputAngles="(-139; 116)" Dir="(-0.768; 0.64; 0)" InputType="speed" Mesh="trucks/arrows/royal_bm17_arrow4" InputRange="(0;130)">

                                    </Gauge>
                                    <Gauge Org="(1.762; 2.303; 0.388)" OutputAngles="(107; 107)" Mesh="trucks/arrows/royal_bm17_arrow5" Damping="0.99" InputRange="(0;1)" InputType="none" Dir="(-0.768; 0.64; 0)">

                                    </Gauge>
                                    <Gauge Org="(1.763; 2.302; 0.388)" OutputAngles="(-28; -28)" Mesh="trucks/arrows/royal_bm17_arrow6" Damping="0.99" InputRange="(0;1)" InputType="none" Dir="(-0.768; 0.64; 0)">

                                    </Gauge>
                                    <Gauge Org="(1.741; 2.275; 0.639)" OutputAngles="(-152; -208)" Mesh="trucks/arrows/royal_bm17_arrow7" Damping="0.99" InputRange="(0;1)" InputType="fuel" Dir="(-0.79; 0.613; 0)">

                                    </Gauge>
                        </Dashboard>
                        <SoundsWheels _template="Default">

                        </SoundsWheels>
                        <GearboxSocket Default="g_truck_default" Type="gearboxes_trucks">

                        </GearboxSocket>
                                      <Steam Origin="(2.578; 1.405; 0)" ParentFrame="BoneCabin_cdt">

                                      </Steam>
                                      <Steam Origin="(0.937; 1.315; 0)" ParentFrame="BoneCabin_cdt">

                                      </Steam>
                        <Sounds DisableReversePitch="false" MinDist="15.0" Origin="(2.417; 1.737; 0)" ParentFrame="BoneCabin_cdt" AirHissInterval="12.0" _template="Default">
                                          <BrakesSqueal Sound="trucks/royal_bm17/royal_bm17_brakes_squeal">

                                          </BrakesSqueal>
                                          <AbruptStop Sound="trucks/common/truck_swing_big_rnd_set/truck_swing_big_rnd">

                                          </AbruptStop>
                                          <EngineLow Sound="trucks/royal_bm17/royal_bm17_low">

                                          </EngineLow>
                                          <EngineRev Sound="trucks/royal_bm17/royal_bm17_rev">

                                          </EngineRev>
                                          <EngineAccel Sound="trucks/royal_bm17/royal_bm17_acc">

                                          </EngineAccel>
                                          <Honk Sound="trucks/royal_bm17/royal_bm17_honk">

                                          </Honk>
                                          <EngineStop Sound="trucks/royal_bm17/royal_bm17_stop">

                                          </EngineStop>
                                          <EngineIdle_2d IsSound2D="true" Sound="trucks/royal_bm17/royal_bm17_idle_2d">

                                          </EngineIdle_2d>
                                          <EngineHigh Sound="trucks/royal_bm17/royal_bm17_high">

                                          </EngineHigh>
                                          <EngineHeavy_2d IsSound2D="true" Sound="trucks/royal_bm17/royal_bm17_heavy_2d">

                                          </EngineHeavy_2d>
                                          <Reverse Sound="trucks/royal_bm17/royal_bm17_reverse">

                                          </Reverse>
                                          <EngineHigh_2d IsSound2D="true" Sound="trucks/royal_bm17/royal_bm17_high_2d">

                                          </EngineHigh_2d>
                                          <EngineIdle Sound="trucks/royal_bm17/royal_bm17_idle">

                                          </EngineIdle>
                                          <EngineLow_2d IsSound2D="true" Sound="trucks/royal_bm17/royal_bm17_low_2d">

                                          </EngineLow_2d>
                                          <EngineTrans Sound="">

                                          </EngineTrans>
                                          <EngineHeavy Sound="trucks/royal_bm17/royal_bm17_heavy">

                                          </EngineHeavy>
                                          <BrakeRelease Sound="trucks/royal_bm17/royal_bm17_brake_release">

                                          </BrakeRelease>
                                          <EngineStart Sound="trucks/royal_bm17/royal_bm17_start">

                                          </EngineStart>
                        </Sounds>
                        <Intake Size="1" Origin="(3.655; 1.617; 0)" Dir="(1; 0; 0)">

                        </Intake>
                        <SoundsDamage _template="Heavy">

                        </SoundsDamage>
                                              <LimitedFluid Type="Cylinder" ParentFrame="BoneChassis_cdt" Center="(0.978; 1; -0.781)" LengthX="1.05" RadiusZ="0.30" RadiusY="0.30">

                                              </LimitedFluid>
                                              <LimitedFluid Type="Cylinder" ParentFrame="BoneChassis_cdt" Center="(0.975; 1; 0.79)" LengthX="1.05" RadiusZ="0.300" RadiusY="0.300">

                                              </LimitedFluid>
                        <Camera ParentFrame="BoneCabin_cdt" Center="(-1.7; 0; 0)">
                                                  <Cockpit WindshieldShadingTexture="trucks/royal_bm17_glass__sh_d.tga" WindshieldDiffuseTexture="trucks/royal_bm17_glass__d_a.tga" _template="Default" ViewPos="(1.031; 2.786; 0.519)">
                                                        <Mirror FOVScale="2" Pos="(1.576; 2.751; 1.44)" ClipDir="(-0.897; -0.089; -0.433)" ReflectionDir="(-0.897; -0.089; -0.433)" Size="(0.2; 0.38)" ClipOffset="0.1" MeshFrame="mirror_left">
                                                          <SecondaryView FOVScale="1.5" ClipDir="(-0.897; -0.089; -0.433)" Pos="(1.578; 2.442; 1.435)" CurveAngle="7" MeshFrame="mirror_left_convex" Size="(0.24; 0.24)">

                                                          </SecondaryView>
                                                        </Mirror>
                                                        <Mirror FOVScale="2.5" Pos="(1.577; 2.752; -1.438)" ClipDir="(-0.795; -0.102; 0.598)" ReflectionDir="(-0.795; -0.102; 0.598)" Size="(0.2; 0.38)" ClipOffset="0.3" MeshFrame="mirror_right">
                                                          <SecondaryView FOVScale="1.75" Pos="(1.582; 2.444; -1.433)" ClipDir="(-0.795; -0.102; 0.598)" Size="(0.24; 0.24)" CurveAngle="7" ClipOffset="0.3" MeshFrame="mirror_right_convex">

                                                          </SecondaryView>
                                                        </Mirror>
                                                  </Cockpit>
                        </Camera>
                        <SuspensionSocket Default="royal_bm17_suspension_default" Type="s_royal_bm17" MaxWheelRadiusWithoutSuspension="0.53">

                        </SuspensionSocket>
                        <Wheels DefaultTire="highway_1" DefaultWheelType="wheels_medium_double" DefaultRim="rim_1">
                                                        <Wheel _template="FrontWheel" Pos="(2.307; 0.63; 1.04)">

                                                        </Wheel>
                                                        <Wheel Pos="(2.307; 0.63; 1.04)" _template="FrontWheel" RightSide="true">

                                                        </Wheel>
                                                        <Wheel _template="RearWheel" Pos="(-2.402; 0.63; 0.934)">

                                                        </Wheel>
                                                        <Wheel Pos="(-2.402; 0.63; 0.934)" _template="RearWheel" RightSide="true">

                                                        </Wheel>
                                                        <Wheel _template="RearWheel" Pos="(-3.798; 0.63; 0.934)">

                                                        </Wheel>
                                                        <Wheel Pos="(-3.798; 0.63; 0.934)" _template="RearWheel" RightSide="true">

                                                        </Wheel>
                        </Wheels>
                        <Axles>
                                                          <Axle Frame="BoneAxle1">

                                                          </Axle>
                                                          <Axle Frame="BoneAxle2">

                                                          </Axle>
                                                          <Axle Frame="BoneAxle3">

                                                          </Axle>
                        </Axles>
                        <Damage>
                                                            <DamageArea Max="(3.608; 2.314; 0.797)" Type="Engine" ParentFrame="BoneCabin_cdt" Min="(2.01; 1.154; -0.797)">

                                                            </DamageArea>
                                                            <DamageArea Max="(2.817; 1.452; 1.31)" Type="FuelTank" ParentFrame="BoneChassis_cdt" Min="(0.345; 0.559; -1.31)">

                                                            </DamageArea>
                        </Damage>
                        <OcclusionMap HalfSizeZ="1.7" MinX="-5.050" MaxX="4.300">

                        </OcclusionMap>
                        <EngineSocket Default="us_truck_modern_engine_cat_royal" Type="e_us_truck_modern, e_us_truck_modern_catroyal">

                        </EngineSocket>
                        <WinchUpgradeSocket Default="w_medium_trucks_default" IsUpgradable="true" Type="winches_medium_trucks">

                        </WinchUpgradeSocket>
                        <SteeringWheel Frame="BoneSteering">

                        </SteeringWheel>
                                                                  <CompatibleWheels OffsetZ="0.04" RearOffsetZ="0.06" Scale="0.6" Type="wheels_medium_double">

                                                                  </CompatibleWheels>
                                                                  <CompatibleWheels Type="wheels_medium_double" RearOffsetZ="0.08" Scale="0.65">

                                                                  </CompatibleWheels>
                        <SteeringRack RackHalfSizeZ="0.750" Frame="BoneRack" FrameSteerLeft="BoneRackLeft" FrameSteerRight="BoneRackRight">

                        </SteeringRack>
      </TruckData>
  </Truck>
  <_templates Include="trucks">
        <Wheel>
            <RearWheel Torque="default" Location="rear" ConnectedToHandbrake="true">

            </RearWheel>
            <FrontWheel SteeringCastor="8" Torque="full" ParentFrame="BoneCabin_cdt" SteeringJointOffset="0.2" SteeringAngle="37" Location="front">

            </FrontWheel>
        </Wheel>
        <Body>
              <Mudguard Collisions="None" Mass="10">
                  <Constraint Type="Hinge">
                      <Motor Spring="10" Type="Spring" Damping="1">

                      </Motor>
                  </Constraint>
              </Mudguard>
              <SideMirror Collisions="None" Mass="5">
                    <Constraint MinLimit="-35" Type="Hinge" MaxLimit="35" AxisLocal="(0; 1; 0)">
                        <Motor Spring="280" Type="Spring" Damping="5">

                        </Motor>
                    </Constraint>
              </SideMirror>
        </Body>
        <Flare>
                <IgnitionSignalOrange Color="g(255; 140; 0) x 0.3" AspectRatio="1.4" DirAngle="135" Dir="(0; 1; 0)" Size="0.1" ColorMultAtDay="0.6">

                </IgnitionSignalOrange>
        </Flare>
  </_templates>