  <Truck>
      <PhysicsModel Mesh="trucks/tayga_6436">
          <NetSync Legacy="false">

          </NetSync>
          <Body CenterOfMassOffset="(-0.3; 0; 0)" ImpactType="Truck" NetSync="pv" ModelFrame="BoneChassis_cdt" Mass="5000">
                <Body CenterOfMassOffset="(-0.5; 0; 0)" ImpactType="Truck" NetSync="pv" ModelFrame="BoneCabin_cdt" Mass="4000">
                    <Constraint Type="Hinge" MaxLimit="22" PivotOffset="(0; 0; 0)" AxisLocal="(1; 0; 0)" MinLimit="-22">
                        <Motor Spring="600000" Type="Spring" Damping=".001">

                        </Motor>
                    </Constraint>
                        <Body ModelFrame="BoneCabinDamper_cdt" Mass="2000" ImpactType="Truck">
                          <Constraint Type="Ragdoll" PlaneAxisLocal="(0; 0; 1)" PlaneMax="3" PlaneMin="-3" Cone="4.5" TwistAxisLocal="(0; 1; 0)">
                              <PlaneMotor Spring="3000000" Type="Spring" Damping="1500000">

                              </PlaneMotor>
                              <ConeMotor Spring="1500000" Type="Spring" Damping="700000">

                              </ConeMotor>
                          </Constraint>
                              <Body _template="Mudguard" ModelFrame="BoneLeftMudguard_cdt">
                                <Constraint MaxLimit="30" AxisLocal="(1; 0; 0)" MinLimit="-20">

                                </Constraint>
                              </Body>
                              <Body _template="Mudguard" ModelFrame="BoneRightMudguard_cdt">
                                <Constraint MaxLimit="30" AxisLocal="(1; 0; 0)" MinLimit="-20">

                                </Constraint>
                              </Body>
                              <Body _template="SideMirror" ModelFrame="BoneMirrorLeft_cdt">
                                <Constraint AxisLocal="(0; 1; 0)">

                                </Constraint>
                              </Body>
                              <Body _template="SideMirror" ModelFrame="BoneMirrorRight_cdt">
                                <Constraint AxisLocal="(0; 1; 0)">

                                </Constraint>
                              </Body>
                              <Body ModelFrame="BoneKeyRing_cdt" Mass="0.2">
                                <Constraint Type="Ragdoll" PlaneAxisLocal="(-1; 0; 0)" PlaneMax="5" PlaneMin="-15" Cone="15" TwistAxisLocal="(0; 1; 0)">
                                    <PlaneMotor Spring="0" Type="Spring" Damping="1">

                                    </PlaneMotor>
                                    <ConeMotor Spring="0" Type="Spring" Damping="1">

                                    </ConeMotor>
                                </Constraint>
                                <Body ModelFrame="BoneKeyChain_cdt" Mass="0.3">
                                      <Constraint Type="Ragdoll" PlaneAxisLocal="(-1; 0; 0)" PlaneMax="30" PlaneMin="-30" Cone="30" TwistAxisLocal="(0; 1; 0)">
                                          <PlaneMotor Spring="0" Type="Spring" Damping="1">

                                          </PlaneMotor>
                                          <ConeMotor Spring="0" Type="Spring" Damping="1">

                                          </ConeMotor>
                                      </Constraint>
                                </Body>
                              </Body>
                              <Body ModelFrame="BoneSeat_cdt" Mass="100">
                                <Constraint MinLimit="-0.2" Type="Prismatic" MaxLimit="0.1" AxisLocal="(0; 1; 0)">
                                    <Motor Spring="200000" Type="Spring" Damping="10000">

                                    </Motor>
                                </Constraint>
                              </Body>
                        </Body>
                        <Body _template="TieRod" ModelFrame="BoneTieRod_cdt">
                          <Constraint MinLimit="-25" Name="TieRodSteer" MaxLimit="25" AxisLocal="(0; 0; 1)">

                          </Constraint>
                        </Body>
                </Body>
          </Body>
      </PhysicsModel>
      <GameData Country="RU,CAS" Price="57100" UnlockByRank="1" UnlockByExploration="true">
            <CustomizationCameras>
                  <CameraPos Interior="true" Position="(7.518; 6.659; -0.663)" FOV="32.0" InterestPosition="(2.574; 0.363; -0.12)" Name="roof_sticker">

                  </CameraPos>
                  <CameraPos InterestPosition="(0.697; 1.869; 0)" Name="addon_1" MaxXRotation="360" Position="(-7.265; 3.31; 8.244)" MaxZoom="2" FOV="32.0" MaxYRotation="360">

                  </CameraPos>
                  <CameraPos InterestPosition="(4.777; 1.589; 0)" Name="addon_2" MaxXRotation="360" Position="(0.811; 3.681; 4.794)" MaxZoom="2" FOV="32.0" MaxYRotation="360">

                  </CameraPos>
                  <CameraPos Interior="true" Position="(4.147; 2.501; -0.111)" FOV="32.0" InterestPosition="(6.729; 2.666; -0.34)" Name="mirror_mount">

                  </CameraPos>
                  <CameraPos InterestPosition="(4.764; 1.97; -0)" Name="side_r" MaxXRotation="360" Position="(-0.226; 4.969; -4.508)" MaxZoom="2" FOV="32.0" MaxYRotation="360">

                  </CameraPos>
                  <CameraPos Interior="true" Position="(4.199; 2.517; -0.369)" FOV="32.0" InterestPosition="(6.729; 1.044; 1.759)" Name="sticker">

                  </CameraPos>
                  <CameraPos Interior="true" Position="(4.38; 2.452; -0.529)" FOV="32.0" InterestPosition="(6.729; 1.845; 0.266)" Name="sticker_1">

                  </CameraPos>
                  <CameraPos Interior="true" Position="(8.71; 3.42; 1.018)" FOV="32.0" InterestPosition="(4.252; 2.181; -0.988)" Name="glass_sticker">

                  </CameraPos>
                  <CameraPos Interior="true" Position="(3.929; 2.715; 3.395)" FOV="32.0" InterestPosition="(6.426; 0.918; 0)" Name="door_r_sticker">

                  </CameraPos>
                  <CameraPos InterestPosition="(5.584; 1.615; -0)" Name="roof" MaxXRotation="360" Position="(9.203; 3.854; 5.047)" MaxZoom="2" FOV="32.0" MaxYRotation="360">

                  </CameraPos>
                  <CameraPos Interior="true" Position="(8.161; 4.17; -0.723)" FOV="32.0" InterestPosition="(4.348; 0.1; 0.007)" Name="capote_sticker">

                  </CameraPos>
                  <CameraPos InterestPosition="(5.275; 1.623; 0)" Name="hoods" MaxXRotation="360" Position="(12.823; 1.44; -4.73)" MaxZoom="2" FOV="32.0" MaxYRotation="360">

                  </CameraPos>
                  <CameraPos InterestPosition="(4.737; 2.557; 0)" Name="side_l" MaxXRotation="360" Position="(9.507; 4.376; -3.37)" MaxZoom="2" FOV="32.0" MaxYRotation="360">

                  </CameraPos>
                  <CameraPos Interior="true" Position="(4.573; 2.407; -0.249)" FOV="32.0" InterestPosition="(6.729; 2.108; 1.201)" Name="bubble_head">

                  </CameraPos>
                  <CameraPos InterestPosition="(2.46; 1.133; 0)" Name="wheels" MaxXRotation="360" Position="(-4.539; 1.488; -5.755)" MaxZoom="2" FOV="32.0" MaxYRotation="360">

                  </CameraPos>
                  <CameraPos InterestPosition="(5.275; 1.623; 0)" Name="default" MaxXRotation="360" Position="(12.823; 1.44; -4.73)" MaxZoom="2" FOV="32.0" MaxYRotation="360">

                  </CameraPos>
                  <CameraPos InterestPosition="(0.733; 0.896; -0)" Name="rear" MaxXRotation="360" Position="(-4.606; 3.102; 2.778)" MaxZoom="2" FOV="32.0" MaxYRotation="360">

                  </CameraPos>
                  <CameraPos Interior="true" Position="(3.968; 2.793; -3.391)" FOV="32.0" InterestPosition="(4.595; 1.16; 0)" Name="door_l_sticker">

                  </CameraPos>
                  <CameraPos Interior="true" Position="(8.557; 2.355; -1.174)" FOV="32.0" InterestPosition="(7.506; 2.039; -1.174)" Name="hood_ornament">

                  </CameraPos>
                  <CameraPos Interior="true" Position="(4.147; 2.501; -0.111)" FOV="32.0" InterestPosition="(6.729; 2.666; -0.34)" Name="curtain">

                  </CameraPos>
            </CustomizationCameras>
                <CraneSocket Pos="(4.045; 1.064; -0.444)" ParentFrame="BoneCabin_cdt">

                </CraneSocket>
                <CraneSocket Pos="(4.045; 1.064; 0.444)" ParentFrame="BoneCabin_cdt">

                </CraneSocket>
                <CraneSocket Pos="(-4.197; 1.064; 0)">

                </CraneSocket>
                <CraneSocket Pos="(-0.728; 1.064; -0.445)">

                </CraneSocket>
                <CraneSocket Pos="(-0.728; 1.064; 0.445)">

                </CraneSocket>
                  <AddonSockets>
                      <Socket Offset="(-2; 1.75; 0)" Names="LargeSemitrailer">

                      </Socket>
                      <Socket Offset="(-2; 1.75; 0)" Names="LargeSemitrailerOiltank">
                        <AddonsShift TrailerNamesBlock="LargeSemitrailerOiltank" Types="MinicraneRU, Tayga6436WheelAddon" Offset="(0; 0; 0)">

                        </AddonsShift>
                      </Socket>
                      <Socket Offset="(-2.5; 1.53; 0)" Names="SemitrailerOiltank">
                        <AddonsShift TrailerNamesBlock="SemitrailerOiltank" Types="MinicraneRU, Tayga6436WheelAddon" Offset="(0; 0; 0)">

                        </AddonsShift>
                      </Socket>
                      <Socket Offset="(-2.5; 1.58; 0)" Names="Semitrailer">

                      </Socket>
                      <Socket Offset="(-4.23; 1.060; 0)" Names="Trailer">

                      </Socket>
                  </AddonSockets>
                  <AddonSockets>
                      <Socket Offset="(-5.958; 1.249; 0)" Names="BunkLog">

                      </Socket>
                      <Socket Offset="(-1.97; 1.244; 0)" NamesBlock="MinicraneRU, Tayga6436WheelAddon, Trailer" Names="FrameAddonLogShort">

                      </Socket>
                      <Socket Offset="(-2.5; 1.245; 0)" Names="SaddleLow">
                          <ExtraParent Offset="(0; 0; -0.04)" Frame="BoneChassis_cdt">

                          </ExtraParent>
                          <ExtraParent Offset="(0; 0; 0.04)" Frame="BoneChassis_cdt">

                          </ExtraParent>
                      </Socket>
                      <Socket Offset="(-2; 1.245; 0)" Names="SaddleHigh">
                          <ExtraParent Offset="(0; 0; -0.085)" Frame="BoneChassis_cdt">

                          </ExtraParent>
                          <ExtraParent Offset="(0; 0; 0.085)" Frame="BoneChassis_cdt">

                          </ExtraParent>
                      </Socket>
                      <Socket ParentFrame="BoneChassis_cdt" Offset="(-2; 1.344; 0)" Names="FrameAddon">
                          <ExtraParent Offset="(0; -0.1; 0)" Frame="BoneChassis_cdt">

                          </ExtraParent>
                          <ExtraParent Offset="(0; -0.1; 0)" Frame="BoneChassis_cdt">

                          </ExtraParent>
                            <AddonsShift Types="MinicraneRU" Offset="(-1.12; 0; 0)">

                            </AddonsShift>
                            <AddonsShift Types="Tayga6436WheelAddon" Offset="(-0.530; 0; 0)">

                            </AddonsShift>
                      </Socket>
                      <Socket ParentFrame="BoneChassis_cdt" Offset="(-2.100; 1.32; 0)" Names="FrameAddonKung">
                          <ExtraParent Offset="(0; 0; -0.11)" Frame="BoneChassis_cdt">

                          </ExtraParent>
                          <ExtraParent Offset="(0; 0; 0.11)" Frame="BoneChassis_cdt">

                          </ExtraParent>
                      </Socket>
                      <Socket ParentFrame="BoneChassis_cdt" Offset="(-3.1; 1.244; 0)" Names="FrameAddonTank">

                      </Socket>
                      <Socket NamesBlock="Trailer" Names="FrameAddonSeismicVibrator" ParentFrame="BoneChassis_cdt" Offset="(0.378; 1.244; 0)">

                      </Socket>
                      <Socket NamesBlock="MinicraneRU, Tayga6436WheelAddon, Trailer" Names="BigCraneRu" ParentFrame="BoneChassis_cdt" Offset="(-3.152; 1.348; 0)">
                          <ExtraParent Offset="(0; -0.1; 0)" Frame="BoneChassis_cdt">

                          </ExtraParent>
                          <ExtraParent Offset="(0; -0.1; 0)" Frame="BoneChassis_cdt">

                          </ExtraParent>
                      </Socket>
                  </AddonSockets>
                  <AddonSockets>
                    <Socket Offset="(-0.23; 1.243; 0)" NamesBlock="BunkLog, FrameAddon, FrameAddonTank, FrameAddonKung, FrameAddonSeismicVibrator" Names="MinicraneRU">
                          <ExtraParent Offset="(0; 0; -0.02)" Frame="BoneChassis_cdt">

                          </ExtraParent>
                          <ExtraParent Offset="(0; 0; 0.02)" Frame="BoneChassis_cdt">

                          </ExtraParent>
                        <AddonsShift Types="Tayga6436WheelAddon" Offset="(-0.42; 0; 0)">

                        </AddonsShift>
                    </Socket>
                  </AddonSockets>
                  <AddonSockets>
                    <Socket NamesBlock="FrameAddonKung, FrameAddonSeismicVibrator, FrameAddonTank" Names="Tayga6436WheelAddon" ParentFrame="BoneChassis_cdt" Offset="(0; 0; 0)">
                        <ExtraParent Frame="BoneCabin_cdt">

                        </ExtraParent>
                    </Socket>
                  </AddonSockets>
                  <AddonSockets DefaultAddon="tayga_6436_bumper_default">
                    <Socket ParentFrame="BoneCabin_cdt" Offset="(0; 0; 0)" Names="Tayga6436Bumper">

                    </Socket>
                  </AddonSockets>
                  <AddonSockets DefaultAddon="tayga_6436_exhaust_default">
                      <Socket ParentFrame="BoneCabin_cdt" Offset="(0; 0; 0)" Names="Tayga6436ExhaustDefault">
                        <ExtraParent Frame="BoneChassis_cdt">

                        </ExtraParent>
                      </Socket>
                      <Socket ParentFrame="BoneCabinDamper_cdt" Offset="(0; 0; 0)" Names="Tayga6436Exhaust">
                          <ExtraParent Frame="BoneCabin_cdt">

                          </ExtraParent>
                          <ExtraParent Frame="BoneChassis_cdt">

                          </ExtraParent>
                      </Socket>
                  </AddonSockets>
                  <AddonSockets DefaultAddon="tayga_6436_fender_default">
                    <Socket ParentFrame="BoneChassis_cdt" Offset="(0; 0; 0)" Names="Tayga6436Fender">
                        <ExtraParent Frame="BoneCabin_cdt">

                        </ExtraParent>
                    </Socket>
                  </AddonSockets>
                  <AddonSockets>
                    <Socket ParentFrame="BoneCabinDamper_cdt" Offset="(0; 0; 0)" Names="Tayga6436Horn">
                        <ExtraParent Frame="BoneChassis_cdt">

                        </ExtraParent>
                    </Socket>
                  </AddonSockets>
                  <AddonSockets>
                    <Socket NamesBlock="Tayga6436AirConditioner" Names="Tayga6436SpotLight" ParentFrame="BoneCabinDamper_cdt" Offset="(0; 0; 0)">
                        <ExtraParent Frame="BoneChassis_cdt">

                        </ExtraParent>
                    </Socket>
                  </AddonSockets>
                  <AddonSockets>
                    <Socket NamesBlock="Tayga6436SpotLight, Tayga6436Beacon" Names="Tayga6436SpotLight2" ParentFrame="BoneCabinDamper_cdt" Offset="(0; 0; 0)">
                        <ExtraParent Frame="BoneChassis_cdt">

                        </ExtraParent>
                    </Socket>
                  </AddonSockets>
                  <AddonSockets>
                    <Socket ParentFrame="BoneCabinDamper_cdt" Offset="(0; 0; 0)" Names="Tayga6436Beacon">
                        <ExtraParent Frame="BoneChassis_cdt">

                        </ExtraParent>
                    </Socket>
                  </AddonSockets>
                  <AddonSockets>
                    <Socket ParentFrame="BoneCabinDamper_cdt" Offset="(0; 0; 0)" Names="Tayga6436Visor">
                        <ExtraParent Frame="BoneChassis_cdt">

                        </ExtraParent>
                    </Socket>
                  </AddonSockets>
                  <AddonSockets>
                    <Socket ParentFrame="BoneCabinDamper_cdt" Offset="(0.18; 0; 0)" Names="Tayga6436AirConditioner">
                        <ExtraParent Frame="BoneChassis_cdt">

                        </ExtraParent>
                    </Socket>
                  </AddonSockets>
                  <AddonSockets>
                    <Socket ParentFrame="BoneCabinDamper_cdt" Offset="(0; 0; 0)" Names="Tayga6436Gabarite">
                        <ExtraParent Frame="BoneChassis_cdt">

                        </ExtraParent>
                    </Socket>
                  </AddonSockets>
                  <AddonSockets>
                    <Socket ParentFrame="BoneCabinDamper_cdt" Offset="(0; 0; 0)" Names="Tayga6436Snorkel">
                        <ExtraParent Frame="BoneChassis_cdt">

                        </ExtraParent>
                    </Socket>
                  </AddonSockets>
                  <AddonSockets>
                    <Socket Names="StuffDashboard" InCockpit="true" ParentFrame="BoneCabinDamper_cdt" Offset="(2.166; 2.299; 0.049)">
                        <ExtraParent Frame="BoneChassis_cdt">

                        </ExtraParent>
                    </Socket>
                  </AddonSockets>
                  <AddonSockets>
                    <Socket ParentFrame="BoneCabinDamper_cdt" InCockpit="true" Names="tayga6436Sticker_1x1_01">
                        <ExtraParent Frame="BoneChassis_cdt">

                        </ExtraParent>
                    </Socket>
                  </AddonSockets>
                  <AddonSockets>
                    <Socket ParentFrame="BoneCabinDamper_cdt" InCockpit="true" Names="tayga6436Sticker_1x1_02">
                        <ExtraParent Frame="BoneChassis_cdt">

                        </ExtraParent>
                    </Socket>
                  </AddonSockets>
                  <AddonSockets>
                    <Socket ParentFrame="BoneCabinDamper_cdt" InCockpit="true" Names="tayga6436Sticker_1x1_03">
                        <ExtraParent Frame="BoneChassis_cdt">

                        </ExtraParent>
                    </Socket>
                  </AddonSockets>
                  <AddonSockets>
                    <Socket ParentFrame="BoneCabinDamper_cdt" InCockpit="true" Names="tayga6436Sticker_1x1_04">
                        <ExtraParent Frame="BoneChassis_cdt">

                        </ExtraParent>
                    </Socket>
                  </AddonSockets>
                  <AddonSockets>
                    <Socket ParentFrame="BoneCabinDamper_cdt" InCockpit="true" Names="tayga6436Sticker_1x2_01">
                        <ExtraParent Frame="BoneChassis_cdt">

                        </ExtraParent>
                    </Socket>
                  </AddonSockets>
                  <AddonSockets>
                    <Socket ParentFrame="BoneCabinDamper_cdt" InCockpit="true" Names="tayga6436Sticker_1x2_02">
                        <ExtraParent Frame="BoneChassis_cdt">

                        </ExtraParent>
                    </Socket>
                  </AddonSockets>
                  <AddonSockets>
                    <Socket ParentFrame="BoneCabinDamper_cdt" InCockpit="true" Names="tayga6436Sticker_GlassTop">
                        <ExtraParent Frame="BoneChassis_cdt">

                        </ExtraParent>
                    </Socket>
                  </AddonSockets>
                  <AddonSockets>
                    <Socket ParentFrame="BoneCabinDamper_cdt" InCockpit="true" Names="tayga6436Sticker_GlassBottom">
                        <ExtraParent Frame="BoneChassis_cdt">

                        </ExtraParent>
                    </Socket>
                  </AddonSockets>
                  <AddonSockets>
                    <Socket ParentFrame="BoneCabinDamper_cdt" Names="tayga6436Sticker_Door_L">
                        <ExtraParent Frame="BoneChassis_cdt">

                        </ExtraParent>
                    </Socket>
                  </AddonSockets>
                  <AddonSockets>
                    <Socket ParentFrame="BoneCabinDamper_cdt" Names="tayga6436Sticker_Door_R">
                        <ExtraParent Frame="BoneChassis_cdt">

                        </ExtraParent>
                    </Socket>
                  </AddonSockets>
                  <AddonSockets>
                    <Socket ParentFrame="BoneCabinDamper_cdt" Names="tayga6436Sticker_Roof">
                        <ExtraParent Frame="BoneChassis_cdt">

                        </ExtraParent>
                    </Socket>
                  </AddonSockets>
                  <AddonSockets>
                    <Socket ParentFrame="BoneCabinDamper_cdt" Names="tayga6436Sticker_Capote">
                        <ExtraParent Frame="BoneChassis_cdt">

                        </ExtraParent>
                    </Socket>
                  </AddonSockets>
                  <AddonSockets>
                      <Socket Names="StuffAirfreshener" InCockpit="true" ParentFrame="BoneCabinDamper_cdt" Offset="(1.992; 2.763; 0.744)">
                        <ExtraParent Frame="BoneChassis_cdt">

                        </ExtraParent>
                      </Socket>
                      <Socket ParentFrame="BoneCabinDamper_cdt" InCockpit="true" Names="StuffCurtainTayga6436">
                        <ExtraParent Frame="BoneChassis_cdt">

                        </ExtraParent>
                      </Socket>
                  </AddonSockets>
                  <AddonSockets>
                    <Socket ParentFrame="BoneCabinDamper_cdt" Names="StuffHoodTayga6436">
                        <ExtraParent Frame="BoneChassis_cdt">

                        </ExtraParent>
                    </Socket>
                  </AddonSockets>
                    <WinchSocket Pos="(4.045; 1.064; -0.444)" ParentFrame="BoneCabin_cdt">

                    </WinchSocket>
                    <WinchSocket Pos="(4.045; 1.064; 0.444)" ParentFrame="BoneCabin_cdt">

                    </WinchSocket>
                    <WinchSocket Pos="(-4.197; 1.064; 0)">

                    </WinchSocket>
                    <WinchSocket Pos="(-0.728; 1.064; -0.445)">

                    </WinchSocket>
                    <WinchSocket Pos="(-0.728; 1.064; 0.445)">

                    </WinchSocket>
            <UiDesc UiDesc="UI_VEHICLE_TAYGA_6436_DESC" UiIcon30x30="offroadVehicleImg30" UiName="UI_VEHICLE_TAYGA_6436_NAME" UiIconLogo="TaygaLogo80" UiIcon40x40="offroadVehicleImg" UiIcon328x458="shopImgTayga6436">

            </UiDesc>
      </GameData>
      <ControlledConstraints>
              <Constraint Name="TieRodSteer" IsLinkedSteering="true" Id="chassis_steer">

              </Constraint>
      </ControlledConstraints>
      <HeadLight _template="Default" Pos="(5; 1.131; 0)">

      </HeadLight>
      <Landmark Mesh="landmarks/tayga_6436_lmk" MaxScale="3.8" MinScale="1.8">

      </Landmark>
      <AutomaticIK>
                    <IKBone ParentFrame="BoneTieRod_cdt" ModelFrame="BoneTieRodHinge2">
                        <IKBone AttachToFrame="BoneRackLeft" AttachOffset="(0; 0; 0)" ModelFrame="BoneTieRodPrismatic">
                            <IKJoint AxisLocal="(1; 0; 0)" Type="Slider">

                            </IKJoint>
                        </IKBone>
                        <IKJoint AxisLocal="(1; 0; 0)" Type="Hinge2">

                        </IKJoint>
                    </IKBone>
      </AutomaticIK>
      <ModelAttachments>
                      <Ignition>
                            <Flare Dir="(1; 0; 0)" ParentFrame="BoneCabin_cdt" _template="IgnitionSignalOrange" Pos="(2.227; 2.905; 0.005)">

                            </Flare>
                            <Flare Dir="(1; 0; 0)" ParentFrame="BoneCabin_cdt" _template="IgnitionSignalOrange" Pos="(2.227; 2.905; 0.114)">

                            </Flare>
                            <Flare Dir="(1; 0; 0)" ParentFrame="BoneCabin_cdt" _template="IgnitionSignalOrange" Pos="(2.227; 2.905; -0.114)">

                            </Flare>
                            <Flare Color="g(167; 153; 138) x 0.7" ParentFrame="BoneCabin_cdt" Pos="(2.108; 2.888; 0.826)" Dir="(1; 0; 0)" Size="0.12" _template="IgnitionSignalOrange">

                            </Flare>
                            <Flare Color="g(167; 153; 138) x 0.7" ParentFrame="BoneCabin_cdt" Pos="(2.108; 2.888; -0.826)" Dir="(1; 0; 0)" Size="0.12" _template="IgnitionSignalOrange">

                            </Flare>
                      </Ignition>
      </ModelAttachments>
      <TruckData EngineIconMesh="env/engine_default" EngineStartDelay="0.8" TruckType="OFFROAD" ExhaustStartTime="0.9" SteerSpeed="0.03" TruckImage="Tayga6436mchr" DiffLockType="Always" Responsiveness="0.15" FuelCapacity="330" EngineIconScale="1.3" BackSteerSpeed="0.03">
                        <Driver ParentFrame="BoneSeat_cdt" SteeringWheelPos="(1.736; 2.203; 0.45)" Pos="(1.35; 1.858; 0.449)" AnimationSet="HeavyTruck">

                        </Driver>
                        <Shafts>
                                <Shaft SocketPointB="Shaft1b" SocketPointA="Shaft1a">

                                </Shaft>
                                <Shaft SocketPointB="Shaft2b" SocketPointA="Shaft2a">

                                </Shaft>
                                <Shaft SocketPointB="Shaft3b" SocketPointA="Shaft3a">

                                </Shaft>
                                <Shaft SocketPointB="Shaft4b" SocketPointA="Shaft4a">

                                </Shaft>
                        </Shafts>
                        <FuelTank DamageCapacity="50">

                        </FuelTank>
                        <Dashboard>
                                    <Gauge Org="(1.921; 2.182; 0.644)" OutputAngles="(-50;10)" Mesh="trucks/arrows/tayga_6436_arrow_03" Damping="0.9995" InputRange="(0;1)" InputType="engineEnabled" Dir="(-0.84; 0.542; 0)">

                                    </Gauge>
                                    <Gauge Org="(1.86; 2.089; 0.613)" OutputAngles="(-60;0)" Mesh="trucks/arrows/tayga_6436_arrow_03" Damping="0.99" InputRange="(0;1)" InputType="engineEnabled" Dir="(-0.84; 0.542; 0)">

                                    </Gauge>
                                    <Gauge Org="(1.928; 2.194; 0.519)" OutputAngles="(-90;90)" Mesh="trucks/arrows/tayga_6436_arrow_02" Damping="0.9" InputRange="(0;1)" InputType="rpm" Dir="(-0.84; 0.542; 0)">

                                    </Gauge>
                                    <Gauge Org="(1.928; 2.194; 0.384)" OutputAngles="(-135;135)" Mesh="trucks/arrows/tayga_6436_arrow_02" Damping="0.9" InputRange="(0;160)" InputType="speed" Dir="(-0.84; 0.542; 0)">

                                    </Gauge>
                                    <Gauge Org="(1.92; 2.182; 0.266)" OutputAngles="(-50;50)" Mesh="trucks/arrows/tayga_6436_arrow_03" Damping="0.9" InputRange="(0;1)" InputType="fuel" Dir="(-0.84; 0.542; 0)">

                                    </Gauge>
                                    <Gauge Org="(1.861; 2.090; 0.293)" OutputAngles="(-50;0)" Mesh="trucks/arrows/tayga_6436_arrow_03" Damping="0.9" InputRange="(0;1)" InputType="engineEnabled" Dir="(-0.84; 0.542; 0)">

                                    </Gauge>
                                    <Gauge Org="(1.869; 2.101; 0.025)" OutputAngles="(-120;20)" Mesh="trucks/arrows/tayga_6436_arrow_01" Damping="0.9" InputRange="(0;1)" InputType="engineEnabled" Dir="(-0.84; 0.542; 0)">

                                    </Gauge>
                        </Dashboard>
                        <SoundsWheels _template="Default">

                        </SoundsWheels>
                        <GearboxSocket Default="g_truck_default" Type="gearboxes_trucks">

                        </GearboxSocket>
                                      <Steam Origin="(0.23; 1.307; 0)">

                                      </Steam>
                                      <Steam ParentFrame="BoneCabinDamper_cdt" Origin="(2.674; 1.307; 0)" Scale="0.5">

                                      </Steam>
                        <Sounds DisableReversePitch="false" MinDist="10.0" Origin="(2.86; 1.64; 0)" ParentFrame="BoneCabinDamper_cdt" AirHissInterval="12.0" _template="Default">
                                          <BrakesSqueal Sound="trucks/tayga_6436/tayga_6436_brakes_squeal">

                                          </BrakesSqueal>
                                          <AbruptStop Sound="trucks/common/truck_swing_big_rnd_set/truck_swing_big_rnd">

                                          </AbruptStop>
                                          <EngineLow Sound="trucks/tayga_6436/tayga_6436_low">

                                          </EngineLow>
                                          <EngineRev Sound="trucks/tayga_6436/tayga_6436_rev">

                                          </EngineRev>
                                          <EngineAccel Sound="trucks/tayga_6436/tayga_6436_rev">

                                          </EngineAccel>
                                          <Honk Sound="trucks/tayga_6436/tayga_6436_honk">

                                          </Honk>
                                          <EngineStop Sound="trucks/tayga_6436/tayga_6436_stop">

                                          </EngineStop>
                                          <Handbrake Sound="trucks/tayga_6436/tayga_6436_handbrake_on">

                                          </Handbrake>
                                          <EngineIdle_2d IsSound2D="true" Sound="trucks/tayga_6436/tayga_6436_idle_2d">

                                          </EngineIdle_2d>
                                          <EngineTrans Sound="">

                                          </EngineTrans>
                                          <EngineHeavy_2d IsSound2D="true" Sound="trucks/tayga_6436/tayga_6436_heavy_2d">

                                          </EngineHeavy_2d>
                                          <Reverse Sound="">

                                          </Reverse>
                                          <EngineHigh_2d IsSound2D="true" Sound="trucks/tayga_6436/tayga_6436_high_2d">

                                          </EngineHigh_2d>
                                          <EngineIdle Sound="trucks/tayga_6436/tayga_6436_idle">

                                          </EngineIdle>
                                          <HandbrakeOff Sound="trucks/tayga_6436/tayga_6436_handbrake_off">

                                          </HandbrakeOff>
                                          <EngineHigh Sound="trucks/tayga_6436/tayga_6436_high">

                                          </EngineHigh>
                                          <EngineLow_2d IsSound2D="true" Sound="trucks/tayga_6436/tayga_6436_low_2d">

                                          </EngineLow_2d>
                                          <EngineHeavy Sound="trucks/tayga_6436/tayga_6436_heavy">

                                          </EngineHeavy>
                                          <BrakeRelease Sound="trucks/common/truck_brake_release_alt2_rnd_set/truck_brake_release_alt2_rnd">

                                          </BrakeRelease>
                                          <EngineStart Sound="trucks/tayga_6436/tayga_6436_start">

                                          </EngineStart>
                        </Sounds>
                        <Intake Size="1.219" Origin="(3.986; 1.624; 0)" Dir="(1; 0; 0)">

                        </Intake>
                        <SoundsDamage _template="Heavy">

                        </SoundsDamage>
                                              <LimitedFluid Type="Box" SizeX="1.38" Center="(0.216; 0.911; -0.898)" SizeY="0.6" SizeZ="0.67">

                                              </LimitedFluid>
                                              <LimitedFluid Type="Box" SizeX="0.91" Center="(0.455; 0.911; 0.898)" SizeY="0.6" SizeZ="0.67">

                                              </LimitedFluid>
                        <Camera ParentFrame="BoneCabinDamper_cdt" Center="(-1.7; 0; 0)">
                                                  <Cockpit WindshieldShadingTexture="trucks/tayga_6436_glass__sh_d.tga" WindshieldDiffuseTexture="trucks/tayga_6436_glass__d_a.tga" _template="Default" ViewPos="(1.254; 2.6; 0.45)">
                                                        <Mirror FOVScale="2" Pos="(1.93; 2.495; 1.352)" ClipDir="(-0.927; 0; -0.375)" ReflectionDir="(-0.927; 0; -0.375)" Size="(0.229; 0.425)" ClipOffset="0.1" MeshFrame="mirror_left">

                                                        </Mirror>
                                                        <Mirror FOVScale="2" Pos="(1.941; 2.495; -1.347)" ClipDir="(-0.848; 0; 0.530)" ReflectionDir="(-0.848; 0; 0.530)" Size="(0.229; 0.425)" ClipOffset="0.1" MeshFrame="mirror_right">

                                                        </Mirror>
                                                  </Cockpit>
                        </Camera>
                        <SuspensionSocket Default="tayga_6436_suspension_default" Type="s_tayga_6436" MaxWheelRadiusWithoutSuspension="0.5">

                        </SuspensionSocket>
                        <Wheels DefaultTire="highway_1" DefaultWheelType="wheels_heavy_double1" DefaultRim="rim_6">
                                                        <Wheel _template="FrontWheel" Pos="(2.801; 0.615; 1.060)">

                                                        </Wheel>
                                                        <Wheel Pos="(2.801; 0.615; 1.060)" _template="FrontWheel" RightSide="true">

                                                        </Wheel>
                                                        <Wheel _template="RearWheel" Pos="(-1.789; 0.615; 1.060)">

                                                        </Wheel>
                                                        <Wheel Pos="(-1.789; 0.615; 1.060)" _template="RearWheel" RightSide="true">

                                                        </Wheel>
                                                        <Wheel _template="RearWheel" Pos="(-3.207; 0.615; 1.060)">

                                                        </Wheel>
                                                        <Wheel Pos="(-3.207; 0.615; 1.060)" _template="RearWheel" RightSide="true">

                                                        </Wheel>
                        </Wheels>
                        <Axles>
                                                          <Axle Frame="BoneAxle1">

                                                          </Axle>
                                                          <Axle Frame="BoneAxle2">

                                                          </Axle>
                                                          <Axle Frame="BoneAxle3">

                                                          </Axle>
                        </Axles>
                        <Damage>
                                                            <DamageArea Max="(4; 2.3; 0.6)" Type="Engine" ParentFrame="BoneCabin_cdt" Min="(2; 0.9; -0.6)">

                                                            </DamageArea>
                                                            <DamageArea Max="(0.95; 1.3; 1.3)" Type="FuelTank" ParentFrame="BoneChassis_cdt" Min="(-0.5; 0.5; -1.3)">

                                                            </DamageArea>
                        </Damage>
                        <OcclusionMap HalfSizeZ="2.1" MinX="-5" MaxX="4.7">

                        </OcclusionMap>
                        <EngineSocket Default="ru_truck_old_heavy_engine_0" Type="e_ru_truck_old_heavy">

                        </EngineSocket>
                        <WinchUpgradeSocket Default="w_medium_trucks_default" IsUpgradable="true" Type="winches_medium_trucks">

                        </WinchUpgradeSocket>
                        <SteeringWheel Frame="BoneSteering">

                        </SteeringWheel>
                                                                  <CompatibleWheels Type="wheels_heavy_double1" RearOffsetZ="-0.02" Scale="0.6">

                                                                  </CompatibleWheels>
                                                                  <CompatibleWheels Type="wheels_heavy_double2" RearOffsetZ="-0.02" Scale="0.6">

                                                                  </CompatibleWheels>
                                                                  <CompatibleWheels Scale="0.6" Type="wheels_heavy_single">

                                                                  </CompatibleWheels>
                                                                  <CompatibleWheels Scale="0.6" Type="wheels_heavy_single2">

                                                                  </CompatibleWheels>
                                                                  <CompatibleWheels Scale="0.6" Type="wheels_heavy_mudtires_tayga">

                                                                  </CompatibleWheels>
                                                                  <CompatibleWheels Type="wheels_heavy_double1" RearOffsetZ="0.08" Scale="0.65">

                                                                  </CompatibleWheels>
                                                                  <CompatibleWheels Type="wheels_heavy_double2" RearOffsetZ="0.08" Scale="0.65">

                                                                  </CompatibleWheels>
                                                                  <CompatibleWheels Scale="0.65" Type="wheels_heavy_single">

                                                                  </CompatibleWheels>
                                                                  <CompatibleWheels Scale="0.65" Type="wheels_heavy_single2">

                                                                  </CompatibleWheels>
                                                                  <CompatibleWheels Scale="0.65" Type="wheels_heavy_mudtires_tayga">

                                                                  </CompatibleWheels>
                        <SteeringRack RackHalfSizeZ="0.88" Frame="BoneRack" FrameSteerLeft="BoneRackLeft" FrameSteerRight="BoneRackRight">

                        </SteeringRack>
      </TruckData>
  </Truck>
  <_templates Include="trucks">
        <Wheel>
            <RearWheel Torque="default" Location="rear" ConnectedToHandbrake="true">

            </RearWheel>
            <FrontWheel SteeringCastor="0" Torque="default" ParentFrame="BoneCabin_cdt" SteeringJointOffset="0.08" SteeringAngle="40" Location="front">

            </FrontWheel>
        </Wheel>
        <Body>
              <Mudguard Collisions="None" Mass="10">
                  <Constraint Type="Hinge">
                      <Motor Spring="10" Type="Spring" Damping="1">

                      </Motor>
                  </Constraint>
              </Mudguard>
        </Body>
        <Flare>
                <ReverseSignal Color="g(255; 255; 255) x 0.4" AspectRatio="1.4" DirAngle="90" Reflections="true" Dir="(-1; 0; 0)" Size="0.01" ColorMultAtDay="0.6">

                </ReverseSignal>
        </Flare>
  </_templates>