  <Truck>
      <Landmark Mesh="landmarks/tuz_166_lmk" MaxScale="3.8" MinScale="1.8">

      </Landmark>
      <PhysicsModel Mesh="trucks/tuz_166">
            <NetSync Legacy="false">

            </NetSync>
            <Body CenterOfMassOffset="(0; -0.4; 0)" ImpactType="Truck" NetSync="pv" Mass="760">
                    <Body CenterOfMassOffset="(0; 0; 0)" ImpactType="Truck" NetSync="pv" ModelFrame="BoneCabin_cdt" Mass="760">
                      <Constraint Type="Fixed">

                      </Constraint>
                    </Body>
                    <Body _template="SideMirror" ModelFrame="BoneMirrorLeft_cdt">

                    </Body>
                    <Body _template="SideMirror" ModelFrame="BoneMirrorRight_cdt">

                    </Body>
                    <Body Collisions="None" ModelFrame="BoneTent1_cdt" Mass="5">
                      <Constraint MinLimit="-0.05" Type="Prismatic" MaxLimit="0.05" AxisLocal="(0; 1; 0)">
                          <Motor Spring="1000" Type="Spring" Damping="100">

                          </Motor>
                      </Constraint>
                    </Body>
                    <Body Collisions="None" ModelFrame="BoneTent2_cdt" Mass="5">
                      <Constraint MinLimit="-0.05" Type="Prismatic" MaxLimit="0.05" AxisLocal="(0; 1; 0)">
                          <Motor Spring="2000" Type="Spring" Damping="100">

                          </Motor>
                      </Constraint>
                    </Body>
                    <Body Collisions="None" ModelFrame="BoneTent3_cdt" Mass="5">
                      <Constraint MinLimit="-0.05" Type="Prismatic" MaxLimit="0.05" AxisLocal="(0; 1; 0)">
                          <Motor Spring="2000" Type="Spring" Damping="100">

                          </Motor>
                      </Constraint>
                    </Body>
                    <Body Collisions="None" ModelFrame="BoneTentLeft_cdt" Mass="5">
                      <Constraint MinLimit="-0.1" Type="Prismatic" MaxLimit="0.02" AxisLocal="(0; 0; -1)">
                          <Motor Spring="500" Type="Spring" Damping="100">

                          </Motor>
                      </Constraint>
                    </Body>
                    <Body Collisions="None" ModelFrame="BoneTentRight_cdt" Mass="5">
                      <Constraint MinLimit="-0.1" Type="Prismatic" MaxLimit="0.02" AxisLocal="(0; 0; 1)">
                          <Motor Spring="500" Type="Spring" Damping="100">

                          </Motor>
                      </Constraint>
                    </Body>
            </Body>
      </PhysicsModel>
      <TruckData EngineIconMesh="env/engine_small" EngineStartDelay="1.7" TruckType="SCOUT" ExhaustStartTime="1.6" SteerSpeed="0.03" TruckImage="tuz166mchr" DiffLockType="Always" Responsiveness="0.5" FuelCapacity="60" EngineIconScale="1.15" BackSteerSpeed="0.058">
              <Driver SteeringWheelPos="(0.322; 1.275; 0.342)" Pos="(0.016; 0.887; 0.349)" AnimationSet="Scout">

              </Driver>
              <Shafts>
                      <Shaft Mesh="env/minishaft" SocketPointB="Shaft1b" SocketPointA="Shaft1a">

                      </Shaft>
                      <Shaft Mesh="env/minishaft" SocketPointB="Shaft2b" SocketPointA="Shaft2a">

                      </Shaft>
              </Shafts>
              <FuelTank DamageCapacity="50">

              </FuelTank>
              <Dashboard>
                          <Gauge Org="(0.501; 1.227; 0.509)" OutputAngles="(-50;15)" Mesh="trucks/arrows/tuz_166_arrow_01" Damping="0.9" InputRange="(0;1)" InputType="engineEnabled" Dir="(-0.993; 0.12; 0.002)">

                          </Gauge>
                          <Gauge Org="(0.503; 1.236; 0.429)" OutputAngles="(-50;-5)" Mesh="trucks/arrows/tuz_166_arrow_01" Damping="0.9995" InputRange="(0;1)" InputType="engineEnabled" Dir="(-0.993; 0.12; 0.002)">

                          </Gauge>
                          <Gauge Org="(0.502; 1.237; 0.339)" OutputAngles="(-105;105)" Mesh="trucks/arrows/tuz_166_arrow_02" Damping="0.9" InputRange="(0;160)" InputType="speed" Dir="(-0.993; 0.12; 0.002)">

                          </Gauge>
                          <Gauge Org="(0.503; 1.235; 0.249)" OutputAngles="(-50;50)" Mesh="trucks/arrows/tuz_166_arrow_01" Damping="0.9" InputRange="(0;1)" InputType="fuel" Dir="(-0.993; 0.12; 0.002)">

                          </Gauge>
                          <Gauge Org="(0.502; 1.227; 0.17)" OutputAngles="(-50;25)" Mesh="trucks/arrows/tuz_166_arrow_01" Damping="0.9" InputRange="(0;1)" InputType="engineEnabled" Dir="(-0.993; 0.12; 0.002)">

                          </Gauge>
              </Dashboard>
              <SoundsWheels _template="Default">

              </SoundsWheels>
              <GearboxSocket Default="g_scout_tuz" Type="gearboxes_scouts_tuz, gearboxes_scouts">

              </GearboxSocket>
              <Steam Origin="(1.241; 0.866; 0)">

              </Steam>
              <Sounds DisableReversePitch="true" MinDist="8.0" Origin="(1; 0.9; 0)" _template="Default">
                                <BrakesSqueal Sound="trucks/tuz_166/tuz_166_brakes_squeal">

                                </BrakesSqueal>
                                <EngineLow Sound="trucks/tuz_166/tuz_166_low">

                                </EngineLow>
                                <EngineRev Sound="trucks/tuz_166/tuz_166_rev">

                                </EngineRev>
                                <GearFail Sound="trucks/common/truck_gear_wrong/truck_gear_wrong_small_old">

                                </GearFail>
                                <Honk Sound="trucks/tuz_166/tuz_166_honk">

                                </Honk>
                                <EngineStop Sound="trucks/tuz_166/tuz_166_stop">

                                </EngineStop>
                                <Handbrake Sound="trucks/tuz_166/tuz_166_handbrake_on">

                                </Handbrake>
                                <DiffLock Sound="trucks/tuz_166/tuz_166_diff_lock">

                                </DiffLock>
                                <Gear Sound="trucks/tuz_166/tuz_166_gear_shift">

                                </Gear>
                                <EngineIdle_2d IsSound2D="true" Sound="trucks/tuz_166/tuz_166_idle_2d">

                                </EngineIdle_2d>
                                <EngineHigh Sound="trucks/tuz_166/tuz_166_high">

                                </EngineHigh>
                                <EngineHeavy_2d IsSound2D="true" Sound="">

                                </EngineHeavy_2d>
                                <Reverse Sound="">

                                </Reverse>
                                <EngineHigh_2d IsSound2D="true" Sound="trucks/tuz_166/tuz_166_high_2d">

                                </EngineHigh_2d>
                                <EngineIdle Sound="trucks/tuz_166/tuz_166_idle">

                                </EngineIdle>
                                <EngineAccel Sound="trucks/tuz_166/tuz_166_acc">

                                </EngineAccel>
                                <BrakePull Sound="">

                                </BrakePull>
                                <EngineLow_2d IsSound2D="true" Sound="trucks/tuz_166/tuz_166_low_2d">

                                </EngineLow_2d>
                                <EngineHeavy Sound="">

                                </EngineHeavy>
                                <BrakeRelease Sound="trucks/tuz_166/tuz_166_brake_release">

                                </BrakeRelease>
                                <EngineStart Sound="trucks/tuz_166/tuz_166_start">

                                </EngineStart>
              </Sounds>
              <Exhaust IsLight="true" Dir="(-0.037; -0.575; -0.817)" Origin="(-0.28; 0.423; -0.638)" Speed="2.0">

              </Exhaust>
              <SoundsDamage _template="Scout">

              </SoundsDamage>
              <Shakers>
                                      <Shaker MaxFrequency="4" MaxAngle="(1.5; 1.5; 1.5)" Frame="BoneExhaust">

                                      </Shaker>
              </Shakers>
              <Camera Center="(-1.2; 0; 0)" RadiusMultiplier="0.8">
                                        <Cockpit WindshieldShadingTexture="trucks/tuz_166_glass__sh_d.tga" WindshieldDiffuseTexture="trucks/tuz_166_glass__d_a.tga" _template="Default" ViewPos="(-0.072; 1.599; 0.349)">
                                              <Mirror LookAtOffset="(0; 0; 0.05)" Pos="(0.378; 1.322; 0.921)" ClipDir="(-0.951; 0; -0.309)" ReflectionDir="(-0.951; 0; -0.309)" Size="(0.2; 0.238)" MeshFrame="mirror_left" FOVScale="1.5">

                                              </Mirror>
                                              <Mirror FOVScale="1.5" ClipDir="(-0.857; 0; 0.515)" Pos="(0.404; 1.322; -0.896)" Size="(0.2; 0.238)" MeshFrame="mirror_right" ReflectionDir="(-0.857; 0; 0.515)">

                                              </Mirror>
                                              <Mirror FOVScale="1" ClipDir="(-0.935; -0.192; 0.297)" Pos="(0.366; 1.655; 0.001)" Size="(0.174; 0.065)" MeshFrame="hp_cab_mirror" ReflectionDir="(-0.948; -0.086; 0.306)">

                                              </Mirror>
                                            <Rear HorTransitionEnd="-1.2" ViewPosOffset="(0.2; -0.1; 0.55)" HorTransitionStart="-1.1">

                                            </Rear>
                                        </Cockpit>
              </Camera>
              <SuspensionSocket Type="s_tuz_166" HardpointY="0.424" Default="tuz_166_suspension_default" MaxWheelRadiusWithoutSuspension="0.3">

              </SuspensionSocket>
              <Wheels DefaultTire="highway_1" DefaultWheelType="wheels_scout1" DefaultRim="rim_1">
                                              <Wheel _template="FrontWheel" Pos="(1.237; 0.355; 0.746)">

                                              </Wheel>
                                              <Wheel Pos="(1.237; 0.355; 0.746)" _template="FrontWheel" RightSide="true">

                                              </Wheel>
                                              <Wheel _template="RearWheel" Pos="(-1.079; 0.355; 0.746)">

                                              </Wheel>
                                              <Wheel Pos="(-1.079; 0.355; 0.746)" _template="RearWheel" RightSide="true">

                                              </Wheel>
              </Wheels>
              <Axles>
                                                <Axle Frame="BoneAxleFront">

                                                </Axle>
                                                <Axle Frame="BoneAxleRear">

                                                </Axle>
              </Axles>
              <Damage SensationMax="(0.6; 1.8; 0.7)" SensationMin="(-0.8; 1.2; -0.7)" Capacity="300">
                                                  <DamageArea Max="(1.8; 1.3; 0.4)" Type="Engine" ParentFrame="BoneChassis_cdt" Min="(0.6; 0.45; -0.4)">

                                                  </DamageArea>
                                                  <DamageArea Max="(-0.7; 0.9; 0.8)" Type="FuelTank" ParentFrame="BoneChassis_cdt" Min="(-1.85; 0.4; -0.8)">

                                                  </DamageArea>
              </Damage>
              <OcclusionMap Texture="trucks/occlusion/chassis_small__s_d_a.tga" MaxX="2.2" MinX="-2.2" HalfSizeZ="1.4">

              </OcclusionMap>
              <EngineSocket Default="ru_scout_old_engine_tuz" Type="e_ru_scout_old_tuz, e_ru_scout_old">

              </EngineSocket>
              <WinchUpgradeSocket Default="w_scout_default" IsUpgradable="true" Type="winches_scouts">

              </WinchUpgradeSocket>
              <SteeringWheel Frame="BoneSteering">

              </SteeringWheel>
                                                        <CompatibleWheels Scale="0.40" Type="wheels_scout1">

                                                        </CompatibleWheels>
                                                        <CompatibleWheels Scale="0.40" Type="wheels_scout2">

                                                        </CompatibleWheels>
                                                        <CompatibleWheels Scale="0.45" Type="wheels_scout1">

                                                        </CompatibleWheels>
                                                        <CompatibleWheels OffsetZ="0.03" Scale="0.45" Type="wheels_scout2">

                                                        </CompatibleWheels>
                                                        <CompatibleWheels OffsetZ="0.045" Scale="0.50" Type="wheels_scout2">

                                                        </CompatibleWheels>
              <SteeringRack RackHalfSizeZ="0.636" Frame="BoneRack" FrameSteerLeft="BoneRackLeft" FrameSteerRight="BoneRackRight">

              </SteeringRack>
      </TruckData>
      <GameData Country="RU,CAS" Price="7200" Recallable="true" UnlockByRank="1" UnlockByExploration="true">
                <CustomizationCameras>
                      <CameraPos Interior="true" Position="(5.502; 1.589; 0.07)" FOV="32.0" InterestPosition="(7.669; 0.590; 1.361)" Name="sticker_1">

                      </CameraPos>
                      <CameraPos InterestPosition="(1.036; 1.692; -0)" Name="addon_1" MaxXRotation="360" Position="(-6.923; 2.071; 10.147)" MaxZoom="2" FOV="32.0" MaxYRotation="360">

                      </CameraPos>
                      <CameraPos InterestPosition="(4.991; 1.77; 0)" Name="addon_2" MaxXRotation="360" Position="(10.328; 3.173; 3.632)" MaxZoom="2" FOV="32.0" MaxYRotation="360">

                      </CameraPos>
                      <CameraPos Interior="true" Position="(5.012; 1.587; -0.604)" FOV="32.0" InterestPosition="(7.736; 1.366; 2.214)" Name="mirror_mount">

                      </CameraPos>
                      <CameraPos InterestPosition="(4.990; 0.759; -0)" Name="side_r" MaxXRotation="360" Position="(8.402; 2.059; -3.713)" MaxZoom="2" FOV="32.0" MaxYRotation="360">

                      </CameraPos>
                      <CameraPos Interior="true" Position="(5.427; 1.532; -0.193)" FOV="32.0" InterestPosition="(7.669; 0.818; 0.297)" Name="sticker">

                      </CameraPos>
                      <CameraPos Interior="true" Position="(8.225; 2.090; 0.896)" FOV="32.0" InterestPosition="(6.227; 1.498; -0.788)" Name="glass_sticker">

                      </CameraPos>
                      <CameraPos Interior="true" Position="(4.938; 1.201; 2.296)" FOV="32.0" InterestPosition="(7.368; 0.527; 0)" Name="door_r_sticker">

                      </CameraPos>
                      <CameraPos InterestPosition="(5.474; 0.759; 0)" Name="roof" MaxXRotation="360" Position="(10.148; 3.473; -2.51)" MaxZoom="2" FOV="32.0" MaxYRotation="360">

                      </CameraPos>
                      <CameraPos Interior="true" Position="(8.658; 2.876; -0.262)" FOV="32.0" InterestPosition="(6.966; 0.662; -0.869)" Name="capote_sticker">

                      </CameraPos>
                      <CameraPos InterestPosition="(5.735; 0.976; 0)" Name="hoods" MaxXRotation="360" Position="(10.78; 1.486; -3.957)" MaxZoom="2" FOV="32.0" MaxYRotation="360">

                      </CameraPos>
                      <CameraPos Interior="true" Position="(5.221; 1.595; 0.03)" FOV="32.0" InterestPosition="(6.662; 0.61; 1.935)" Name="sticker_2">

                      </CameraPos>
                      <CameraPos InterestPosition="(5.944; 0.759; 0)" Name="side_l" MaxXRotation="360" Position="(9.22; 3.041; 3.401)" MaxZoom="2" FOV="32.0" MaxYRotation="360">

                      </CameraPos>
                      <CameraPos InterestPosition="(6.02; 0.191; -0)" Name="wheels" MaxXRotation="360" Position="(8.421; 1.608; -3.51)" MaxZoom="2" FOV="32.0" MaxYRotation="360">

                      </CameraPos>
                      <CameraPos InterestPosition="(5.735; 0.976; 0)" Name="default" MaxXRotation="360" Position="(10.78; 1.486; -3.957)" MaxZoom="2" FOV="32.0" MaxYRotation="360">

                      </CameraPos>
                      <CameraPos InterestPosition="(5.141; 0.956; 0)" Name="rear" MaxXRotation="360" Position="(-0.112; 1.595; 3.721)" MaxZoom="2" FOV="32.0" MaxYRotation="360">

                      </CameraPos>
                      <CameraPos Interior="true" Position="(5.008; 1.27; -2.246)" FOV="32.0" InterestPosition="(5.443; 0.519; 0.685)" Name="door_l_sticker">

                      </CameraPos>
                      <CameraPos Interior="true" Position="(8.271; 1.5; -0.812)" FOV="32.0" InterestPosition="(7.114; 1.152; -0.812)" Name="hood_ornament">

                      </CameraPos>
                </CustomizationCameras>
                    <CraneSocket Pos="(1.859; 0.738; -0.381)">

                    </CraneSocket>
                    <CraneSocket Pos="(1.859; 0.738; 0.381)">

                    </CraneSocket>
                    <CraneSocket Pos="(-1.872; 0.727; 0)">

                    </CraneSocket>
                    <CraneSocket Pos="(-0.2; 1.9; 0)">

                    </CraneSocket>
                    <CraneSocket Pos="(-0.119; 0.503; 0.854)">

                    </CraneSocket>
                    <CraneSocket Pos="(-0.119; 0.503; -0.854)">

                    </CraneSocket>
                      <AddonSockets DefaultAddon="tuz_166_bumper_default">
                        <Socket Offset="(0; 0; 0)" Names="Tuz166Bumper">

                        </Socket>
                      </AddonSockets>
                      <AddonSockets DefaultAddon="tuz_166_rear_bumper_default">
                        <Socket Offset="(0; 0; 0)" Names="Tuz166RearBumper, Tuz166RearBumperSpareWheel, Tuz166RearBumper1">

                        </Socket>
                      </AddonSockets>
                      <AddonSockets>
                        <Socket Offset="(0; 0; 0)" Names="Tuz166Horn">

                        </Socket>
                      </AddonSockets>
                      <AddonSockets>
                        <Socket Offset="(0; 0; 0)" Names="Tuz166Roofrack">

                        </Socket>
                      </AddonSockets>
                      <AddonSockets>
                        <Socket Offset="(0; 0; 0)" Names="Tuz166SpotLight">

                        </Socket>
                      </AddonSockets>
                      <AddonSockets>
                        <Socket Offset="(0; 0; 0)" NamesBlock="Tuz166Snorkel" Names="Tuz166Visor">

                        </Socket>
                      </AddonSockets>
                      <AddonSockets>
                        <Socket Offset="(0; 0; 0)" Names="Tuz166Threshold">

                        </Socket>
                      </AddonSockets>
                      <AddonSockets>
                        <Socket Offset="(0; 0; 0)" Names="Tuz166Snorkel, Tuz166Snorkel2">

                        </Socket>
                      </AddonSockets>
                      <AddonSockets>
                        <Socket Offset="(-1.87; 0.74; 0)" NamesBlock="Tuz166RearBumperSpareWheel" Names="ScautTrailer">
                            <AddonsShift Types="Tuz166RearBumper1" Offset="(-0.122; 0; 0)">

                            </AddonsShift>
                        </Socket>
                      </AddonSockets>
                      <AddonSockets>
                        <Socket Offset="(0; 0; 0)" InCockpit="true" Names="tuz166Sticker_1x1_01">

                        </Socket>
                      </AddonSockets>
                      <AddonSockets>
                        <Socket Offset="(0; 0; 0)" InCockpit="true" Names="tuz166Sticker_1x1_02">

                        </Socket>
                      </AddonSockets>
                      <AddonSockets>
                        <Socket Offset="(0; 0; 0)" InCockpit="true" Names="tuz166Sticker_1x1_03">

                        </Socket>
                      </AddonSockets>
                      <AddonSockets>
                        <Socket Offset="(0; 0; 0)" InCockpit="true" Names="tuz166Sticker_1x2_01">

                        </Socket>
                      </AddonSockets>
                      <AddonSockets>
                        <Socket Offset="(0; 0; 0)" InCockpit="true" Names="tuz166Sticker_1x2_02">

                        </Socket>
                      </AddonSockets>
                      <AddonSockets>
                        <Socket Offset="(0; 0; 0)" InCockpit="true" Names="tuz166Sticker_1x4_01">

                        </Socket>
                      </AddonSockets>
                      <AddonSockets>
                        <Socket InCockpit="true" Names="tuz166Sticker_GlassTop">

                        </Socket>
                      </AddonSockets>
                      <AddonSockets>
                        <Socket Names="tuz166Sticker_Door_L">

                        </Socket>
                      </AddonSockets>
                      <AddonSockets>
                        <Socket Names="tuz166Sticker_Door_R">

                        </Socket>
                      </AddonSockets>
                      <AddonSockets>
                        <Socket Names="tuz166Sticker_Capote">

                        </Socket>
                      </AddonSockets>
                      <AddonSockets>
                        <Socket Names="StuffHoodTuz166">

                        </Socket>
                      </AddonSockets>
                      <AddonSockets>
                        <Socket Offset="(0.387; 1.686; -0.005)" InCockpit="true" Names="StuffAirfreshener">

                        </Socket>
                      </AddonSockets>
                        <WinchSocket Pos="(1.859; 0.738; -0.381)">

                        </WinchSocket>
                        <WinchSocket Pos="(1.859; 0.738; 0.381)">

                        </WinchSocket>
                        <WinchSocket Pos="(-1.872; 0.727; 0)">

                        </WinchSocket>
                        <WinchSocket Pos="(-0.119; 0.503; 0.854)">

                        </WinchSocket>
                        <WinchSocket Pos="(-0.119; 0.503; -0.854)">

                        </WinchSocket>
                <UiDesc UiDesc="UI_VEHICLE_TUZ_166_DESC" UiIcon30x30="scoutVehicleImg30" UiName="UI_VEHICLE_TUZ_166_NAME" UiIconLogo="TUZLogo80" UiIcon40x40="scoutVehicleImg" UiIcon328x458="shopImgTUZ166">

                </UiDesc>
      </GameData>
      <HeadLight ParentFrame="BoneChassis_cdt" _template="Default" Pos="(1.707; 0.928; 0)">

      </HeadLight>
      <ModelAttachments>
                    <StopSignals>
                          <Flare ParentFrame="BoneChassis_cdt" DirAngle="135" Size="0.5" _template="StopSignal" Pos="(-1.857; 1.1; -0.645)">

                          </Flare>
                          <Flare ParentFrame="BoneChassis_cdt" DirAngle="135" Size="0.5" _template="StopSignal" Pos="(-1.857; 1.1; 0.645)">

                          </Flare>
                        <Light ParentFrame="BoneChassis_cdt" _template="StopSignal" Pos="(-2; 1.243; 0)">

                        </Light>
                    </StopSignals>
                    <Ignition>
                            <Flare ParentFrame="BoneChassis_cdt" _template="IgnitionSignalWhite" Pos="(1.707; 0.928; 0.726)">

                            </Flare>
                            <Flare ParentFrame="BoneChassis_cdt" _template="IgnitionSignalWhite" Pos="(1.707; 0.928; -0.726)">

                            </Flare>
                            <Flare ParentFrame="BoneChassis_cdt" Size="0.15" Pos="(1.76; 0.805; 0.519)" _template="IgnitionSignalWhite">

                            </Flare>
                            <Flare ParentFrame="BoneChassis_cdt" Size="0.15" Pos="(1.76; 0.805; -0.519)" _template="IgnitionSignalWhite">

                            </Flare>
                            <Flare ParentFrame="BoneChassis_cdt" Size="0.25" Pos="(-1.857; 1.1; -0.645)" _template="IgnitionSignalRed">

                            </Flare>
                            <Flare ParentFrame="BoneChassis_cdt" Size="0.25" Pos="(-1.857; 1.1; 0.645)" _template="IgnitionSignalRed">

                            </Flare>
                              <Light ParentFrame="BoneChassis_cdt" _template="IgnitionSignalWhite" Pos="(1.936; 0.805; 0.726)">

                              </Light>
                              <Light ParentFrame="BoneChassis_cdt" _template="IgnitionSignalWhite" Pos="(1.936; 0.805; -0.726)">

                              </Light>
                              <Light ParentFrame="BoneChassis_cdt" _template="IgnitionSignalRed" Pos="(-1.95; 1; 0)">

                              </Light>
                    </Ignition>
                    <HeadLight>
                              <Flare Color="g(255; 235; 200) x 0.6" ParentFrame="BoneChassis_cdt" Pos="(1.707; 0.928; -0.726)" DirAngle="135" Size="0.3" _template="HeadLight">

                              </Flare>
                              <Flare Color="g(255; 235; 200) x 0.6" ParentFrame="BoneChassis_cdt" Pos="(1.707; 0.928; 0.726)" DirAngle="135" Size="0.3" _template="HeadLight">

                              </Flare>
                              <Flare Color="g(220; 220; 255) x 0.05" Pos="(1.707; 0.928; -0.726)" ParentFrame="BoneChassis_cdt" Size="0.4" _template="BlueStreak">

                              </Flare>
                              <Flare Color="g(220; 220; 255) x 0.05" Pos="(1.707; 0.928; 0.726)" ParentFrame="BoneChassis_cdt" Size="0.4" _template="BlueStreak">

                              </Flare>
                                <Model Org="(1.707; 0.928; -0.726)" _template="HeadLightRay" ParentFrame="BoneChassis_cdt">

                                </Model>
                                <Model Org="(1.707; 0.928; 0.726)" _template="HeadLightRay" ParentFrame="BoneChassis_cdt">

                                </Model>
                    </HeadLight>
      </ModelAttachments>
      <Snorkel Origin="(1.861; 0.919; 0)">

      </Snorkel>
  </Truck>
  <_templates Include="trucks">
        <Wheel>
            <RearWheel Torque="default" Location="rear" ConnectedToHandbrake="true">

            </RearWheel>
            <FrontWheel SteeringCastor="8" ParentFrame="BoneCabin_cdt" Torque="default" SteeringAngle="40" Location="front">

            </FrontWheel>
        </Wheel>
        <Body>
              <SideMirror Collisions="None" Mass="5">
                  <Constraint MinLimit="-15" Type="Hinge" MaxLimit="15" AxisLocal="(0; 1; 0)">
                      <Motor Spring="250" Type="Spring" Damping="1">

                      </Motor>
                  </Constraint>
              </SideMirror>
        </Body>
  </_templates>