  <Truck>
      <PhysicsModel Mesh="trucks/voron_ae4380">
          <NetSync Legacy="false">

          </NetSync>
          <Body CenterOfMassOffset="(-0.5; 0; 0)" ImpactType="Truck" NetSync="pv" ModelFrame="BoneChassis_cdt" Mass="2600">
                  <Body CenterOfMassOffset="(-0.2; 0; 0)" ImpactType="Truck" NetSync="pv" ModelFrame="BoneCabin_cdt" Mass="2500">
                    <Constraint Type="Hinge" MaxLimit="10" PivotOffset="(0; 0; 0)" AxisLocal="(1; 0; 0)" MinLimit="-10">
                        <Motor Spring="600000" Type="Spring" Damping="0.001">

                        </Motor>
                    </Constraint>
                        <Body CenterOfMassOffset="(-0.6; 0; 0)" ImpactType="Truck" ModelFrame="BoneCabinDamper_cdt" Mass="1500">
                          <Constraint Type="Ragdoll" PlaneAxisLocal="(0; 0; 1)" PlaneMax="2" PlaneMin="-2" Cone="2" TwistAxisLocal="(0; 1; 0)">
                              <PlaneMotor Spring="300000" Type="Spring" Damping="150000">

                              </PlaneMotor>
                              <ConeMotor Spring="150000" Type="Spring" Damping="70000">

                              </ConeMotor>
                          </Constraint>
                              <Body _template="Mudguard" ModelFrame="BoneLeftMudguard_cdt">

                              </Body>
                              <Body _template="Mudguard" ModelFrame="BoneRightMudguard_cdt">

                              </Body>
                              <Body _template="SideMirror" ModelFrame="BoneMirrorLeft_cdt">
                                <Constraint AxisLocal="(0; 1; 0)">

                                </Constraint>
                              </Body>
                              <Body _template="SideMirror" ModelFrame="BoneMirrorRight_cdt">
                                <Constraint AxisLocal="(0; 1; 0)">

                                </Constraint>
                              </Body>
                              <Body _template="SideMirror" ModelFrame="BoneMirror_cdt">
                                <Constraint MinLimit="-5" Type="Hinge" MaxLimit="5" AxisLocal="(0; 0; 1)">
                                    <Motor Spring="10" Type="Spring" Damping="1">

                                    </Motor>
                                </Constraint>
                              </Body>
                              <Body ModelFrame="BoneKeyFob_cdt" Mass="0.2">
                                <Constraint Type="Hinge" MaxLimit="50" PivotOffset="(0; 0; 0)" AxisLocal="(0; 0; 1)" MinLimit="-50">
                                    <Motor Spring="0.001" Type="Spring" Damping="0.001">

                                    </Motor>
                                </Constraint>
                              </Body>
                              <Body _template="SunShield" ModelFrame="BoneSunshieldLeft_cdt">

                              </Body>
                              <Body _template="SunShield" ModelFrame="BoneSunshieldRight_cdt">

                              </Body>
                              <Body ImpactType="Truck" Collisions="None" ModelFrame="BoneBelt_cdt" Mass="1">
                                <Constraint MinLimit="-30" Type="Hinge" MaxLimit="43" AxisLocal="(0; 1; 0)">
                                    <Motor Spring="2.5" Type="Spring" Damping="25">

                                    </Motor>
                                </Constraint>
                              </Body>
                              <Body ImpactType="Truck" Collisions="None" ModelFrame="BoneBelt2_cdt" Mass="1">
                                <Constraint MinLimit="-6" Type="Hinge" MaxLimit="6" AxisLocal="(0; 0; 1)">
                                    <Motor Spring="20" Type="Spring" Damping="2">

                                    </Motor>
                                </Constraint>
                              </Body>
                              <Body Collisions="None" ModelFrame="BoneCord1_cdt" Mass="1">
                                <Constraint MinLimit="-0.2" Type="Prismatic" MaxLimit="0.6" AxisLocal="(1; 0; 0)">
                                    <Motor Spring="70" Type="Spring" Damping="7">

                                    </Motor>
                                </Constraint>
                              </Body>
                        </Body>
                        <Body _template="TieRod" ModelFrame="BoneTieRod_cdt">
                          <Constraint MinLimit="-30" Name="TieRodSteer" MaxLimit="30" AxisLocal="(0; 0; 1)">

                          </Constraint>
                        </Body>
                  </Body>
                  <Body Collisions="None" ModelFrame="BoneSuspension_cdt" Mass="2000">
                    <Constraint MinLimit="-6.5" Type="Hinge" MaxLimit="6.5" AxisLocal="(0; 0; 1)">

                    </Constraint>
                  </Body>
                  <Body Collisions="None" ModelFrame="BoneCord2_cdt" Mass="1">
                    <Constraint MinLimit="-0.3" Type="Prismatic" MaxLimit="0.4" AxisLocal="(0; 0; 1)">
                        <Motor Spring="30" Type="Spring" Damping="5">

                        </Motor>
                    </Constraint>
                  </Body>
          </Body>
      </PhysicsModel>
      <GameData Country="RU,CAS" ExcludeAddons="stuff_hula_girl, stuff_masha, stuff_bobblehead_joker" Price="64900" UnlockByRank="1" UnlockByExploration="false">
            <CustomizationCameras>
                  <CameraPos Interior="true" Position="(6.651; 4.868; -0.294)" FOV="32.0" InterestPosition="(4.185; 0.732; -0.587)" Name="roof_sticker">

                  </CameraPos>
                  <CameraPos Interior="true" Position="(4.987; 2.435; -0.335)" FOV="32.0" InterestPosition="(7.805; 3.088; 2.145)" Name="sticker_1">

                  </CameraPos>
                  <CameraPos InterestPosition="(0.697; 1.869; 0)" Name="addon_1" MaxXRotation="360" Position="(-7.265; 3.31; 8.244)" MaxZoom="2" FOV="32.0" MaxYRotation="360">

                  </CameraPos>
                  <CameraPos InterestPosition="(3.194; 1.807; 0)" Name="addon_2" MaxXRotation="360" Position="(-8.093; 2.337; -6.718)" MaxZoom="2" FOV="32.0" MaxYRotation="360">

                  </CameraPos>
                  <CameraPos Interior="true" Position="(4.63; 2.617; -0.765)" FOV="32.0" InterestPosition="(7.736; 1.436; 2.408)" Name="mirror_mount">

                  </CameraPos>
                  <CameraPos InterestPosition="(5.477; 1.429; -0)" Name="side_r" MaxXRotation="360" Position="(0.756; 3.745; 3.905)" MaxZoom="2" FOV="32.0" MaxYRotation="360">

                  </CameraPos>
                  <CameraPos Interior="true" Position="(4.775; 2.423; -0.212)" FOV="32.0" InterestPosition="(7.805; 0.816; 2.536)" Name="sticker">

                  </CameraPos>
                  <CameraPos Interior="true" Position="(8.33; 3.012; 0.726)" FOV="32.0" InterestPosition="(4.403; 1.987; -1.078)" Name="glass_sticker">

                  </CameraPos>
                  <CameraPos Interior="true" Position="(3.982; 1.798; 2.918)" FOV="32.0" InterestPosition="(6.963; 1.244; 0)" Name="door_r_sticker">

                  </CameraPos>
                  <CameraPos InterestPosition="(5.149; 1.833; -0)" Name="roof" MaxXRotation="360" Position="(9.83; 4.253; -2.466)" MaxZoom="2" FOV="32.0" MaxYRotation="360">

                  </CameraPos>
                  <CameraPos Interior="true" Position="(8.454; 4.353; -0.274)" FOV="32.0" InterestPosition="(6.452; 0.918; -0.776)" Name="capote_sticker">

                  </CameraPos>
                  <CameraPos InterestPosition="(5.275; 1.623; 0)" Name="hoods" MaxXRotation="360" Position="(12.823; 1.44; -4.73)" MaxZoom="2" FOV="32.0" MaxYRotation="360">

                  </CameraPos>
                  <CameraPos Interior="true" Position="(5.221; 1.595; 0.03)" FOV="32.0" InterestPosition="(6.662; 0.61; 1.935)" Name="sticker_2">

                  </CameraPos>
                  <CameraPos InterestPosition="(5.663; 1.86; 0)" Name="side_l" MaxXRotation="360" Position="(9.507; 3.746; 3.761)" MaxZoom="2" FOV="32.0" MaxYRotation="360">

                  </CameraPos>
                  <CameraPos Interior="true" Position="(4.987; 2.435; -0.335)" FOV="32.0" InterestPosition="(7.805; 1.192; 2.145)" Name="bubble_head">

                  </CameraPos>
                  <CameraPos InterestPosition="(4.756; 1.133; -0)" Name="wheels" MaxXRotation="360" Position="(-4.539; 2.191; -5.755)" MaxZoom="2" FOV="32.0" MaxYRotation="360">

                  </CameraPos>
                  <CameraPos InterestPosition="(5.275; 1.623; 0)" Name="default" MaxXRotation="360" Position="(12.823; 1.44; -4.73)" MaxZoom="2" FOV="32.0" MaxYRotation="360">

                  </CameraPos>
                  <CameraPos InterestPosition="(4.777; 1.589; 0)" Name="rear" MaxXRotation="360" Position="(0.811; 3.681; 4.794)" MaxZoom="2" FOV="32.0" MaxYRotation="360">

                  </CameraPos>
                  <CameraPos Interior="true" Position="(4.025; 1.632; -3.076)" FOV="32.0" InterestPosition="(4.739; 1.444; 0)" Name="door_l_sticker">

                  </CameraPos>
                  <CameraPos Interior="true" Position="(8.557; 2.314; -1.334)" FOV="32.0" InterestPosition="(7.506; 1.998; -1.334)" Name="hood_ornament">

                  </CameraPos>
            </CustomizationCameras>
                <CraneSocket Pos="(3.638; 1.219; -0.509)" ParentFrame="BoneCabin_cdt">

                </CraneSocket>
                <CraneSocket Pos="(3.638; 1.219; 0.509)" ParentFrame="BoneCabin_cdt">

                </CraneSocket>
                <CraneSocket Pos="(-1.271; 1.03; -0.368)">

                </CraneSocket>
                <CraneSocket Pos="(-1.271; 1.03; 0.368)">

                </CraneSocket>
                <CraneSocket Pos="(-4.802; 1.002; -0.366)">

                </CraneSocket>
                <CraneSocket Pos="(-4.802; 1.002; 0.366)">

                </CraneSocket>
                  <AddonSockets>
                      <Socket Offset="(-2.2; 1.66; 0)" Names="LargeSemitrailer, LargeSemitrailerOiltank">

                      </Socket>
                      <Socket Offset="(-2.84; 1.45; 0)" Names="Semitrailer, SemitrailerOiltank">

                      </Socket>
                      <Socket Offset="(-4.996; 0.988; 0)" Names="Trailer">

                      </Socket>
                  </AddonSockets>
                  <AddonSockets>
                    <Socket ParentFrame="BoneCabin_cdt" Names="VoronAE4380WheelAddon">
                        <ExtraParent Frame="BoneChassis_cdt">

                        </ExtraParent>
                    </Socket>
                  </AddonSockets>
                  <AddonSockets>
                      <Socket Offset="(-6.339; 1.16; 0)" NamesBlock="MinicraneRU, MetalDetector" Names="BunkLog">

                      </Socket>
                      <Socket Offset="(-1.68; 1.157; 0)" NamesBlock="MinicraneRU, MetalDetector" Names="FrameAddonLogShort">
                        <AddonsShift Types="VoronAE4380WheelAddon" Offset="(-0.48; 0; 0)">

                        </AddonsShift>
                      </Socket>
                      <Socket Offset="(-1.68; 1.157; 0)" NamesBlock="MinicraneRU, MetalDetector, VoronAE4380WheelAddon" Names="FrameAddonLogMedium">

                      </Socket>
                      <Socket Offset="(-2.817; 1.156; 0)" Names="SaddleLow">
                          <ExtraParent Offset="(0; 0; 0.02)" Frame="BoneChassis_cdt">

                          </ExtraParent>
                          <ExtraParent Offset="(0; 0; -0.02)" Frame="BoneChassis_cdt">

                          </ExtraParent>
                      </Socket>
                      <Socket Offset="(-2.2; 1.156; 0)" Names="SaddleHigh">
                          <ExtraParent Offset="(0; 0; 0.015)" Frame="BoneChassis_cdt">

                          </ExtraParent>
                          <ExtraParent Offset="(0; 0; -0.015)" Frame="BoneChassis_cdt">

                          </ExtraParent>
                      </Socket>
                      <Socket ParentFrame="BoneChassis_cdt" Offset="(-1.82; 1.156; 0)" Names="FrameAddon">
                          <AddonsShift Types="VoronAE4380WheelAddon" Offset="(-0.5; 0; 0)">

                          </AddonsShift>
                          <AddonsShift Types="MinicraneRU" Offset="(-1; 0; 0)">

                          </AddonsShift>
                          <AddonsShift TrailerNamesBlock="FrameAddon" Types="MinicraneRU, VoronAE4380WheelAddon" Offset="(0; 0; 0)">

                          </AddonsShift>
                          <AddonsShift TrailerNamesBlock="FrameAddon" Types="MinicraneRU, Trailer" Offset="(0; 0; 0)">

                          </AddonsShift>
                      </Socket>
                      <Socket NamesBlock="Trailer" Names="FrameAddonTow" ParentFrame="BoneChassis_cdt" Offset="(-2.4; 1.15; 0.000)">
                          <AddonsShift Types="VoronAE4380WheelAddon" Offset="(-0.5; 0; 0)">

                          </AddonsShift>
                          <AddonsShift Types="MinicraneRU" Offset="(-1; 0; 0)">

                          </AddonsShift>
                          <AddonsShift TrailerNamesBlock="FrameAddonTow" Types="MinicraneRU, VoronAE4380WheelAddon" Offset="(0; 0; 0)">

                          </AddonsShift>
                      </Socket>
                      <Socket ParentFrame="BoneChassis_cdt" Offset="(-2.348; 1.242; 0)" Names="FrameAddonKung">
                          <ExtraParent Offset="(0; 0; -0.08)" Frame="BoneChassis_cdt">

                          </ExtraParent>
                          <ExtraParent Offset="(0; 0; 0.08)" Frame="BoneChassis_cdt">

                          </ExtraParent>
                        <AddonsShift Types="VoronAE4380WheelAddon" Offset="(-0.2; 0; 0)">

                        </AddonsShift>
                      </Socket>
                      <Socket ParentFrame="BoneChassis_cdt" Offset="(-2.741; 1.156; 0)" Names="FrameAddonTank">
                        <AddonsShift Types="VoronAE4380WheelAddon" Offset="(-0.5; 0; 0)">

                        </AddonsShift>
                      </Socket>
                      <Socket NamesBlock="MinicraneRU, MetalDetector, VoronAE4380WheelAddon" Names="BigCraneRu" ParentFrame="BoneChassis_cdt" Offset="(-2.9; 1.261; 0)">
                          <ExtraParent Offset="(0; -0.1; 0)" Frame="BoneChassis_cdt">

                          </ExtraParent>
                          <ExtraParent Offset="(0; -0.1; 0)" Frame="BoneChassis_cdt">

                          </ExtraParent>
                      </Socket>
                  </AddonSockets>
                  <AddonSockets>
                      <Socket NamesBlock="SemitrailerOiltank, FrameAddonKung, FrameAddonTank, FrameAddon, SaddleHigh, FrameAddonTow" Names="MetalDetector" ParentFrame="BoneChassis_cdt" Offset="(-1.014; 0.104; 0)">

                      </Socket>
                      <Socket Offset="(0.25; 1.156; 0)" NamesBlock="FrameAddonKung, FrameAddonTank" Names="MinicraneRU">
                          <ExtraParent Offset="(0; 0; 0.01)" Frame="BoneChassis_cdt">

                          </ExtraParent>
                          <ExtraParent Offset="(0; 0; -0.01)" Frame="BoneChassis_cdt">

                          </ExtraParent>
                        <AddonsShift Types="VoronAE4380WheelAddon" Offset="(-0.35; 0; 0)">

                        </AddonsShift>
                      </Socket>
                  </AddonSockets>
                  <AddonSockets DefaultAddon="voron_ae4380_bumper_default">
                    <Socket ParentFrame="BoneCabin_cdt" Names="VoronAE4380Bumper">

                    </Socket>
                  </AddonSockets>
                  <AddonSockets DefaultAddon="voron_ae4380_exhaust_default">
                      <Socket ParentFrame="BoneChassis_cdt" Names="VoronAE4380ExhaustDefault">
                        <ExtraParent Frame="BoneCabin_cdt">

                        </ExtraParent>
                      </Socket>
                      <Socket ParentFrame="BoneCabinDamper_cdt" Names="VoronAE4380Exhaust">
                          <ExtraParent Frame="BoneCabin_cdt">

                          </ExtraParent>
                          <ExtraParent Frame="BoneChassis_cdt">

                          </ExtraParent>
                      </Socket>
                  </AddonSockets>
                  <AddonSockets>
                    <Socket ParentFrame="BoneCabinDamper_cdt" Names="VoronAE4380Searchlight">

                    </Socket>
                  </AddonSockets>
                  <AddonSockets>
                      <Socket ParentFrame="BoneCabinDamper_cdt" NamesBlock="VoronAE4380Visor" Names="VoronAE4380Snorkel">

                      </Socket>
                      <Socket ParentFrame="BoneCabinDamper_cdt" Names="VoronAE4380Snorkel2">

                      </Socket>
                  </AddonSockets>
                  <AddonSockets>
                      <Socket ParentFrame="BoneCabinDamper_cdt" Names="VoronAE4380Spotlight1">

                      </Socket>
                      <Socket ParentFrame="BoneCabinDamper_cdt" NamesBlock="VoronAE4380Conditioner, VoronAE4380Beacon" Names="VoronAE4380Spotlight2">

                      </Socket>
                  </AddonSockets>
                  <AddonSockets>
                    <Socket ParentFrame="BoneCabinDamper_cdt" Names="VoronAE4380Beacon">

                    </Socket>
                  </AddonSockets>
                  <AddonSockets>
                    <Socket ParentFrame="BoneCabinDamper_cdt" Names="VoronAE4380Conditioner">

                    </Socket>
                  </AddonSockets>
                  <AddonSockets>
                    <Socket ParentFrame="BoneCabinDamper_cdt" Names="VoronAE4380Horn">

                    </Socket>
                  </AddonSockets>
                  <AddonSockets>
                    <Socket ParentFrame="BoneCabinDamper_cdt" Names="VoronAE4380Visor">

                    </Socket>
                  </AddonSockets>
                  <AddonSockets>
                    <Socket Names="StuffDashboard" InCockpit="true" ParentFrame="BoneCabinDamper_cdt" Offset="(1.905; 2.102; -0.043)">

                    </Socket>
                  </AddonSockets>
                  <AddonSockets>
                    <Socket Names="StuffAirfreshener" InCockpit="true" ParentFrame="BoneCabinDamper_cdt" Offset="(1.799; 2.493; 0)">

                    </Socket>
                  </AddonSockets>
                  <AddonSockets>
                    <Socket ParentFrame="BoneCabinDamper_cdt" InCockpit="true" Names="voronAe4380Sticker_1x1_01">

                    </Socket>
                  </AddonSockets>
                  <AddonSockets>
                    <Socket ParentFrame="BoneCabinDamper_cdt" InCockpit="true" Names="voronAe4380Sticker_1x1_02">

                    </Socket>
                  </AddonSockets>
                  <AddonSockets>
                    <Socket ParentFrame="BoneCabinDamper_cdt" InCockpit="true" Names="voronAe4380Sticker_1x1_03">

                    </Socket>
                  </AddonSockets>
                  <AddonSockets>
                    <Socket ParentFrame="BoneCabinDamper_cdt" InCockpit="true" Names="voronAe4380Sticker_1x1_04">

                    </Socket>
                  </AddonSockets>
                  <AddonSockets>
                    <Socket ParentFrame="BoneCabinDamper_cdt" InCockpit="true" Names="voronAe4380Sticker_1x2_01">

                    </Socket>
                  </AddonSockets>
                  <AddonSockets>
                    <Socket ParentFrame="BoneCabinDamper_cdt" InCockpit="true" Names="voronAe4380Sticker_1x4_01">

                    </Socket>
                  </AddonSockets>
                  <AddonSockets>
                    <Socket ParentFrame="BoneCabinDamper_cdt" InCockpit="true" Names="voronAe4380Sticker_GlassTop">

                    </Socket>
                  </AddonSockets>
                  <AddonSockets>
                    <Socket ParentFrame="BoneCabinDamper_cdt" InCockpit="true" Names="voronAe4380Sticker_GlassBottom">

                    </Socket>
                  </AddonSockets>
                  <AddonSockets>
                    <Socket ParentFrame="BoneCabinDamper_cdt" Names="voronAe4380Sticker_Door_L">

                    </Socket>
                  </AddonSockets>
                  <AddonSockets>
                    <Socket ParentFrame="BoneCabinDamper_cdt" Names="voronAe4380Sticker_Door_R">

                    </Socket>
                  </AddonSockets>
                  <AddonSockets>
                    <Socket ParentFrame="BoneCabinDamper_cdt" Names="voronAe4380Sticker_Capote">

                    </Socket>
                  </AddonSockets>
                  <AddonSockets>
                    <Socket ParentFrame="BoneCabinDamper_cdt" Names="voronAe4380Sticker_Roof">

                    </Socket>
                  </AddonSockets>
                  <AddonSockets>
                    <Socket ParentFrame="BoneCabinDamper_cdt" Names="StuffHoodVoronAE4380">

                    </Socket>
                  </AddonSockets>
                    <WinchSocket Pos="(3.638; 1.219; -0.509)" ParentFrame="BoneCabin_cdt">

                    </WinchSocket>
                    <WinchSocket Pos="(3.638; 1.219; 0.509)" ParentFrame="BoneCabin_cdt">

                    </WinchSocket>
                    <WinchSocket Pos="(-1.271; 1.03; -0.368)">

                    </WinchSocket>
                    <WinchSocket Pos="(-1.271; 1.03; 0.368)">

                    </WinchSocket>
                    <WinchSocket Pos="(-4.802; 1.002; -0.366)">

                    </WinchSocket>
                    <WinchSocket Pos="(-4.802; 1.002; 0.366)">

                    </WinchSocket>
                    <WinchSocket Pos="(2.656; 0.562; 0.153)">

                    </WinchSocket>
            <UiDesc UiDesc="UI_VEHICLE_VORON_AE4380_DESC" UiIcon30x30="offroadVehicleImg30" UiName="UI_VEHICLE_VORON_AE4380_NAME" UiIconLogo="VoronLogo80" UiIcon40x40="offroadVehicleImg" UiIcon328x458="shopImgVoronAE4380">

            </UiDesc>
      </GameData>
      <ControlledConstraints>
              <Constraint Name="TieRodSteer" IsLinkedSteering="true" Id="chassis_steer">

              </Constraint>
      </ControlledConstraints>
      <HeadLight _template="Default" Pos="(3.707; 1.456; 0)">

      </HeadLight>
      <Landmark Mesh="landmarks/voron_ae4380_lmk" MaxScale="3.8" MinScale="1.8">

      </Landmark>
      <AutomaticIK>
                      <IKBone ParentFrame="BoneTieRod_cdt" ModelFrame="BoneTieRodHinge2">
                        <IKBone AttachToFrame="BoneRackL" AttachOffset="(0; 0; 0)" ModelFrame="BoneTieRodPrismatic">
                            <IKJoint AxisLocal="(0; 0; 1)" Type="Slider">

                            </IKJoint>
                        </IKBone>
                        <IKJoint AxisLocal="(1; 0; 0)" Type="Hinge2">

                        </IKJoint>
                      </IKBone>
                      <IKBone ParentFrame="BoneCabin_cdt" ModelFrame="BonePistonBase">
                        <IKBone AttachToFrame="BoneRackL" AttachOffset="(0; 0; 0)" ModelFrame="BonePiston">
                            <IKJoint AxisLocal="(1; 0; 0)" Type="Slider">

                            </IKJoint>
                        </IKBone>
                        <IKJoint AxisLocal="(1; 0; 0)" Type="Hinge2">

                        </IKJoint>
                      </IKBone>
      </AutomaticIK>
      <ModelAttachments>
                      <StopSignals>
                            <Flare _template="StopSignal" Pos="(-4.767; 0.987; -0.909)">

                            </Flare>
                            <Flare _template="StopSignal" Pos="(-4.767; 0.987; 0.909)">

                            </Flare>
                              <Light _template="StopSignal" Pos="(-4.813; 0.987; -0.909)">

                              </Light>
                              <Light _template="StopSignal" Pos="(-4.813; 0.987; 0.909)">

                              </Light>
                      </StopSignals>
                      <Ignition>
                              <Flare Dir="(0.342; 0.94; 0)" ParentFrame="BoneCabinDamper_cdt" _template="MarkerBeacon" Pos="(1.736; 2.699; -0.833)">

                              </Flare>
                              <Flare Dir="(0.342; 0.94; 0)" ParentFrame="BoneCabinDamper_cdt" _template="MarkerBeacon" Pos="(1.736; 2.699; -0.245)">

                              </Flare>
                              <Flare Dir="(0.342; 0.94; 0)" ParentFrame="BoneCabinDamper_cdt" _template="MarkerBeacon" Pos="(1.736; 2.699; 0)">

                              </Flare>
                              <Flare Dir="(0.342; 0.94; 0)" ParentFrame="BoneCabinDamper_cdt" _template="MarkerBeacon" Pos="(1.736; 2.699; 0.245)">

                              </Flare>
                              <Flare Dir="(0.342; 0.94; 0)" ParentFrame="BoneCabinDamper_cdt" _template="MarkerBeacon" Pos="(1.736; 2.699; 0.833)">

                              </Flare>
                              <Flare Color="g(165; 149; 130) x 1.2" ParentFrame="BoneCabinDamper_cdt" Pos="(3.256; 1.456; -0.705)" DirAngle="120" Size="0.25" _template="IgnitionSignalWhite">

                              </Flare>
                              <Flare Color="g(165; 149; 130) x 1.2" ParentFrame="BoneCabinDamper_cdt" Pos="(3.256; 1.456; 0.705)" DirAngle="120" Size="0.25" _template="IgnitionSignalWhite">

                              </Flare>
                              <Flare AspectRatio="0.8" Size="0.15" _template="IgnitionSignalRed" Pos="(-4.774; 0.987; -0.917)">

                              </Flare>
                              <Flare AspectRatio="0.8" Size="0.15" _template="IgnitionSignalRed" Pos="(-4.774; 0.987; 0.917)">

                              </Flare>
                              <Flare AspectRatio="0.8" Size="0.15" _template="IgnitionSignalRed" Pos="(-4.774; 0.987; -1.09)">

                              </Flare>
                              <Flare AspectRatio="0.8" Size="0.15" _template="IgnitionSignalRed" Pos="(-4.774; 0.987; 1.09)">

                              </Flare>
                                <Light ParentFrame="BoneCabinDamper_cdt" _template="IgnitionSignalWhite" Pos="(4; 1.013; 0.7)">

                                </Light>
                                <Light ParentFrame="BoneCabinDamper_cdt" _template="IgnitionSignalWhite" Pos="(4; 1.013; -0.7)">

                                </Light>
                                <Light _template="IgnitionSignalRed" Pos="(-4.8; 1.025; -0)">

                                </Light>
                      </Ignition>
                      <HeadLight>
                                <Flare ParentFrame="BoneCabinDamper_cdt" Size="0.6" Pos="(3.256; 1.456; -0.705)" _template="HeadLight">

                                </Flare>
                                <Flare ParentFrame="BoneCabinDamper_cdt" Size="0.6" Pos="(3.256; 1.456; 0.705)" _template="HeadLight">

                                </Flare>
                                <Flare ParentFrame="BoneCabinDamper_cdt" _template="BlueStreak" Pos="(3.256; 1.456; -0.705)">

                                </Flare>
                                <Flare ParentFrame="BoneCabinDamper_cdt" _template="BlueStreak" Pos="(3.256; 1.456; 0.705)">

                                </Flare>
                                  <Model Org="(3.256; 1.456; -0.705)" _template="HeadLightRay" ParentFrame="BoneCabinDamper_cdt">

                                  </Model>
                                  <Model Org="(3.256; 1.456; 0.705)" _template="HeadLightRay" ParentFrame="BoneCabinDamper_cdt">

                                  </Model>
                      </HeadLight>
                      <ReverseSignals>
                                  <Flare Color="g(245; 235; 220) x 0.6" Pos="(0.718; 2.486; 0.718)" ParentFrame="BoneCabinDamper_cdt" Size="0.4" _template="ReverseSignal">

                                  </Flare>
                                  <Flare Size="0.4" _template="ReverseSignal" Pos="(-4.774; 0.987; -0.813)">

                                  </Flare>
                                  <Flare Size="0.4" _template="ReverseSignal" Pos="(-4.774; 0.987; 0.813)">

                                  </Flare>
                                  <Flare Color="g(220; 220; 255) x 0.05" ParentFrame="BoneCabinDamper_cdt" Pos="(0.705; 2.486; 0.718)" Dir="(-1; 0; 0)" Size="0.4" _template="BlueStreak">

                                  </Flare>
                                  <Flare Color="g(220; 220; 255) x 0.05" Pos="(-4.774; 0.987; -0.813)" Dir="(-1; 0; 0)" Size="0.4" _template="BlueStreak">

                                  </Flare>
                                  <Flare Color="g(220; 220; 255) x 0.05" Pos="(-4.774; 0.987; 0.813)" Dir="(-1; 0; 0)" Size="0.4" _template="BlueStreak">

                                  </Flare>
                                    <Light Color="g(245; 235; 220) x 0.9" ParentFrame="BoneCabinDamper_cdt" _template="ReverseSignal" Pos="(0.718; 2.486; 0.718)">

                                    </Light>
                                    <Light Pos="(-4.774; 0.987; 0)" _template="ReverseSignal" Color="g(245; 235; 220) x 1.1">

                                    </Light>
                      </ReverseSignals>
      </ModelAttachments>
      <TruckData EngineIconMesh="env/engine_default" EngineStartDelay="0.8" TruckType="OFFROAD" ExhaustStartTime="0.9" SteerSpeed="0.022" TruckImage="voronAE4380mchr" DiffLockType="Always" Responsiveness="0.15" FuelCapacity="250" EngineIconScale="1.3" BackSteerSpeed="0.02">
                        <Driver ParentFrame="BoneCabin_cdt" SteeringWheelPos="(1.583; 2.098; 0.51)" Pos="(1.201; 1.77; 0.517)" LegsOffset="(0; 0.07; 0)">

                        </Driver>
                        <Shafts>
                                <Shaft SocketPointB="Shaft1b" SocketPointA="Shaft1a">

                                </Shaft>
                                <Shaft SocketPointB="Shaft2b" SocketPointA="Shaft2a">

                                </Shaft>
                                <Shaft SocketPointB="Shaft3b" SocketPointA="Shaft3a">

                                </Shaft>
                                <Shaft SocketPointB="Shaft4b" SocketPointA="Shaft4a">

                                </Shaft>
                        </Shafts>
                        <FuelTank DamageCapacity="50">

                        </FuelTank>
                        <Dashboard>
                                    <Gauge Org="(1.819; 2.063; 0.772)" OutputAngles="(-65;-7)" Mesh="trucks/arrows/voron_ae4380_arrow_03" Damping="0" InputRange="(0;1)" InputType="engineEnabled" Dir="(-0.941; 0.339; -0.005)">

                                    </Gauge>
                                    <Gauge Org="(1.794; 1.993; 0.772)" OutputAngles="(-60;25)" Mesh="trucks/arrows/voron_ae4380_arrow_03" Damping="0" InputRange="(0;1)" InputType="engineEnabled" Dir="(-0.94; 0.343; 0.002)">

                                    </Gauge>
                                    <Gauge Org="(1.815; 2.045; 0.683)" OutputAngles="(-90;5)" Mesh="trucks/arrows/voron_ae4380_arrow_01" Damping="0" InputRange="(0;1)" InputType="engineEnabled" Dir="(-0.941; 0.339; -0.001)">

                                    </Gauge>
                                    <Gauge Org="(1.813; 2.039; 0.683)" OutputAngles="(-90;-220)" Mesh="trucks/arrows/voron_ae4380_arrow_01" Damping="0" InputRange="(0;1)" InputType="engineEnabled" Dir="(-0.941; 0.339; 0.002)">

                                    </Gauge>
                                    <Gauge Org="(1.818; 2.057; 0.575)" OutputAngles="(-100;110)" Mesh="trucks/arrows/voron_ae4380_arrow_02" Damping="0" InputRange="(0;1)" InputType="rpm" Dir="(-0.941; 0.338; 0.001)">

                                    </Gauge>
                                    <Gauge Org="(1.818; 2.057; 0.449)" OutputAngles="(-122;140)" Mesh="trucks/arrows/voron_ae4380_arrow_02" Damping="0" InputRange="(0;160)" InputType="speed" Dir="(-0.941; 0.338; 0)">

                                    </Gauge>
                                    <Gauge Org="(1.808; 2.03; 0.345)" OutputAngles="(-130;-36)" Mesh="trucks/arrows/voron_ae4380_arrow_02" Damping="0" InputRange="(0;1)" InputType="engineEnabled" Dir="(-0.94; 0.34; -0.009)">

                                    </Gauge>
                                    <Gauge Org="(1.817; 2.058; 0.248)" OutputAngles="(-55;55)" Mesh="trucks/arrows/voron_ae4380_arrow_03" Damping="0" InputRange="(0;1)" InputType="fuel" Dir="(-0.941; 0.339; -0.006)">

                                    </Gauge>
                                    <Gauge Org="(1.791; 1.986; 0.248)" OutputAngles="(0;23)" Mesh="trucks/arrows/voron_ae4380_arrow_03" Damping="0" InputRange="(0;1)" InputType="engineEnabled" Dir="(-0.94; 0.34; -0.005)">

                                    </Gauge>
                        </Dashboard>
                        <SoundsWheels _template="Default">

                        </SoundsWheels>
                        <GearboxSocket Default="g_truck_default" Type="gearboxes_trucks">

                        </GearboxSocket>
                        <Steam Origin="(2.751; 1.458; 0)">

                        </Steam>
                        <Sounds DisableReversePitch="false" MinDist="10.0" Origin="(2.45; 1.575; 0)" ParentFrame="BoneCabin_cdt" AirHissInterval="12.0" _template="Default">
                                          <BrakesSqueal Sound="trucks/voron_ae4380/voron_ae4380_brakes_squeal">

                                          </BrakesSqueal>
                                          <AbruptStop Sound="trucks/common/truck_swing_big_rnd_set/truck_swing_big_rnd">

                                          </AbruptStop>
                                          <EngineLow Sound="trucks/voron_ae4380/voron_ae4380_low">

                                          </EngineLow>
                                          <EngineRev Sound="trucks/voron_ae4380/voron_ae4380_rev">

                                          </EngineRev>
                                          <EngineAccel Sound="trucks/voron_ae4380/voron_ae4380_acc">

                                          </EngineAccel>
                                          <Honk Sound="trucks/voron_ae4380/voron_ae4380_honk">

                                          </Honk>
                                          <EngineStop Sound="trucks/voron_ae4380/voron_ae4380_stop">

                                          </EngineStop>
                                          <Handbrake Sound="trucks/voron_ae4380/voron_ae4380_handbrake_on">

                                          </Handbrake>
                                          <EngineIdle_2d IsSound2D="true" Sound="trucks/voron_ae4380/voron_ae4380_idle_2d">

                                          </EngineIdle_2d>
                                          <HandbrakeOff Sound="trucks/voron_ae4380/voron_ae4380_handbrake_off">

                                          </HandbrakeOff>
                                          <EngineHeavy_2d IsSound2D="true" Sound="trucks/voron_ae4380/voron_ae4380_heavy_2d">

                                          </EngineHeavy_2d>
                                          <Reverse Sound="trucks/voron_ae4380/voron_ae4380_reverse">

                                          </Reverse>
                                          <EngineHigh_2d IsSound2D="true" Sound="trucks/voron_ae4380/voron_ae4380_high_2d">

                                          </EngineHigh_2d>
                                          <EngineIdle Sound="trucks/voron_ae4380/voron_ae4380_idle">

                                          </EngineIdle>
                                          <EngineLow_2d IsSound2D="true" Sound="trucks/voron_ae4380/voron_ae4380_low_2d">

                                          </EngineLow_2d>
                                          <EngineHigh Sound="trucks/voron_ae4380/voron_ae4380_high">

                                          </EngineHigh>
                                          <EngineHeavy Sound="trucks/voron_ae4380/voron_ae4380_heavy">

                                          </EngineHeavy>
                                          <BrakeRelease Sound="trucks/common/truck_brake_release_alt2_rnd_set/truck_brake_release_alt2_rnd">

                                          </BrakeRelease>
                                          <EngineStart Sound="trucks/voron_ae4380/voron_ae4380_start">

                                          </EngineStart>
                        </Sounds>
                        <Intake Size="1" Origin="(3.602; 1.543; 0)" Dir="(1; 0; 0)">

                        </Intake>
                        <SoundsDamage _template="Heavy">

                        </SoundsDamage>
                        <Damage>
                                                  <DamageArea Max="(3.63; 2.120; 0.63)" Type="Engine" ParentFrame="BoneCabin_cdt" Min="(2; 1.180; -0.63)">

                                                  </DamageArea>
                                                  <DamageArea Max="(1; 1.23; 1.3)" Type="FuelTank" ParentFrame="BoneChassis_cdt" Min="(-0.62; 0.64; -1.31)">

                                                  </DamageArea>
                        </Damage>
                        <Camera ParentFrame="BoneCabin_cdt" Center="(-2; 0; 0)">
                                                  <Cockpit WindshieldShadingTexture="trucks/voron_ae4380_glass__sh_d.tga" WindshieldDiffuseTexture="trucks/voron_ae4380_glass__d_a.tga" _template="Default" ViewPos="(1.252; 2.41; 0.517)">
                                                        <Mirror FOVScale="1.8" ClipDir="(-0.905; -0.082; -0.418)" Pos="(1.574; 2.373; 1.194)" Size="(0.17; 0.36)" MeshFrame="mirror_left" ReflectionDir="(-0.905; -0.082; -0.418)">
                                                          <SecondaryView FOVScale="1.25" ClipDir="(-0.905; -0.082; -0.418)" Pos="(1.613; 2.117; 1.214)" CurveAngle="5" MeshFrame="mirror_left_1" Size="(0.17; 0.12)">

                                                          </SecondaryView>
                                                        </Mirror>
                                                        <Mirror FOVScale="2.4" Pos="(1.685; 2.378; -1.194)" ClipDir="(-0.811; -0.07; 0.581)" ReflectionDir="(-0.811; -0.07; 0.581)" Size="(0.17; 0.36)" ClipOffset="0.1" MeshFrame="mirror_right">
                                                          <SecondaryView FOVScale="1.4" ClipDir="(-0.811; -0.07; 0.581)" Pos="(1.723; 2.118; -1.225)" CurveAngle="5" MeshFrame="mirror_right_1" Size="(0.17; 0.12)">

                                                          </SecondaryView>
                                                        </Mirror>
                                                        <Mirror FOVScale="1.75" Pos="(1.769; 2.478; 0.004)" ClipDir="(-0.93; -0.073; 0.36)" ReflectionDir="(-0.93; -0.073; 0.36)" Size="(0.27; 0.08)" ClipOffset="0.1" MeshFrame="hp_cab_mirror">

                                                        </Mirror>
                                                      <Rear ViewPosOffset="(0; -0.1; 0.7)">

                                                      </Rear>
                                                  </Cockpit>
                        </Camera>
                        <Shakers>
                                                    <Shaker MinAngle="(0.3; 0.3; 0.3)" Frame="BoneGearstick" ParentFrame="BoneCabinDamper_cdt" MaxAngle="(2; 2; 2)" MaxFrequency="0.1">

                                                    </Shaker>
                        </Shakers>
                        <SuspensionSocket Default="voron_ae4380_suspension_default" Type="s_voron_ae4380" MaxWheelRadiusWithoutSuspension="0.45">

                        </SuspensionSocket>
                        <Wheels DefaultTire="highway_1" DefaultWheelType="wheels_heavy_double1" DefaultRim="rim_2">
                                                          <Wheel _template="FrontWheel" Pos="(2.443; 0.63; 1.056)">

                                                          </Wheel>
                                                          <Wheel Pos="(2.443; 0.63; 1.056)" _template="FrontWheel" RightSide="true">

                                                          </Wheel>
                                                          <Wheel _template="RearWheel" Pos="(-2.114; 0.643; 1.056)">

                                                          </Wheel>
                                                          <Wheel Pos="(-2.114; 0.643; 1.056)" _template="RearWheel" RightSide="true">

                                                          </Wheel>
                                                          <Wheel _template="RearWheel" Pos="(-3.519; 0.617; 1.056)">

                                                          </Wheel>
                                                          <Wheel Pos="(-3.519; 0.617; 1.056)" _template="RearWheel" RightSide="true">

                                                          </Wheel>
                        </Wheels>
                        <Axles>
                                                            <Axle Frame="BoneAxle1">

                                                            </Axle>
                                                            <Axle Frame="BoneAxle2">

                                                            </Axle>
                                                            <Axle Frame="BoneAxle3">

                                                            </Axle>
                        </Axles>
                        <EngineSocket Default="ru_truck_old_heavy_engine_0" Type="e_ru_truck_old_heavy">

                        </EngineSocket>
                        <OcclusionMap HalfSizeZ="2" MinX="-5" MaxX="4">

                        </OcclusionMap>
                        <LimitedFluid Type="Box" SizeX="0.678" Center="(-0.237; 0.914; -0.857)" SizeY="0.429" SizeZ="0.640">

                        </LimitedFluid>
                        <WinchUpgradeSocket Default="w_medium_trucks_default" IsUpgradable="true" Type="winches_medium_trucks">

                        </WinchUpgradeSocket>
                        <SteeringWheel Frame="BoneSteering">

                        </SteeringWheel>
                                                                    <CompatibleWheels Type="wheels_heavy_double1" RearOffsetZ=".04" Scale="0.55">

                                                                    </CompatibleWheels>
                                                                    <CompatibleWheels Type="wheels_heavy_double2" RearOffsetZ=".04" Scale="0.55">

                                                                    </CompatibleWheels>
                                                                    <CompatibleWheels Scale="0.55" Type="wheels_heavy_single">

                                                                    </CompatibleWheels>
                                                                    <CompatibleWheels OffsetZ="-0.03" Scale="0.55" Type="wheels_heavy_single2">

                                                                    </CompatibleWheels>
                                                                    <CompatibleWheels Type="wheels_heavy_double1" RearOffsetZ=".08" Scale="0.63">

                                                                    </CompatibleWheels>
                                                                    <CompatibleWheels Type="wheels_heavy_double2" RearOffsetZ=".08" Scale="0.63">

                                                                    </CompatibleWheels>
                                                                    <CompatibleWheels Scale="0.63" Type="wheels_heavy_single">

                                                                    </CompatibleWheels>
                                                                    <CompatibleWheels OffsetZ="-0.03" Scale="0.63" Type="wheels_heavy_single2">

                                                                    </CompatibleWheels>
                        <SteeringRack RackHalfSizeZ="0.756" Frame="BoneRack" FrameSteerLeft="BoneRackL" FrameSteerRight="BoneRackR">

                        </SteeringRack>
      </TruckData>
  </Truck>
  <_templates Include="trucks">
        <Wheel>
            <RearWheel Torque="default" ConnectedToHandbrake="true" ParentFrame="BoneSuspension_cdt" Location="rear">

            </RearWheel>
            <FrontWheel SteeringCastor="8" ParentFrame="BoneCabin_cdt" Torque="default" SteeringAngle="30" Location="front">

            </FrontWheel>
        </Wheel>
        <Body>
              <Mudguard Mass="10">
                  <Constraint MinLimit="-65" Type="Hinge" MaxLimit="35" AxisLocal="(0; 0; 1)">
                      <Motor Spring="10" Type="Spring" Damping="1">

                      </Motor>
                  </Constraint>
              </Mudguard>
              <SunShield Collisions="None" Mass="2">
                    <Constraint MinLimit="-1" Type="Hinge" MaxLimit="11" AxisLocal="(0; 0; 1)">
                        <Motor Spring="30" Type="Spring" Damping="0.03">

                        </Motor>
                    </Constraint>
              </SunShield>
        </Body>
        <Flare>
                <IgnitionSignalOrange Color="g(255; 140; 0) x 0.4" AspectRatio="1.4" DirAngle="180" Dir="(0; 1; 0)" Size="0.1" ColorMultAtDay="0.6">

                </IgnitionSignalOrange>
        </Flare>
  </_templates>