  <Truck>
      <PhysicsModel Mesh="trucks/voron_d53233">
          <NetSync Legacy="false">

          </NetSync>
          <Body CenterOfMassOffset="(0.5; 0; 0)" ImpactType="Truck" NetSync="pv" ModelFrame="BoneChassis_cdt" Mass="4000">
                <Body CenterOfMassOffset="(0.95; 0.7; 0)" ImpactType="Truck" NetSync="pv" ModelFrame="BoneCabin_cdt" Mass="6000">
                    <Constraint Type="Hinge" MaxLimit="10" PivotOffset="(0; 0; 0)" AxisLocal="(1; 0; 0)" MinLimit="-10">
                        <Motor Spring="1500000" Type="Spring" Damping="10000">

                        </Motor>
                    </Constraint>
                        <Body ModelFrame="BoneCabinDamper_cdt" Mass="1000" ImpactType="Truck">
                          <Constraint MinLimit="-0.2" Type="Prismatic" MaxLimit="0.5" AxisLocal="(0; 1; 0)">
                              <Motor Spring="200000" Type="Spring" Damping="300000">

                              </Motor>
                          </Constraint>
                              <Body _template="Mudguard" ModelFrame="BoneMudguardFrontLeft_cdt">
                                <Constraint MaxLimit="10" AxisLocal="(0; 0; 1)" MinLimit="-33">

                                </Constraint>
                              </Body>
                              <Body _template="Mudguard" ModelFrame="BoneMudguardFrontRight_cdt">
                                <Constraint MaxLimit="10" AxisLocal="(0; 0; 1)" MinLimit="-31">

                                </Constraint>
                              </Body>
                              <Body _template="SideMirror" ModelFrame="BoneMirrorLeft_cdt">

                              </Body>
                              <Body _template="SideMirror" ModelFrame="BoneMirrorRight_cdt">

                              </Body>
                              <Body _template="Antenna" ModelFrame="BoneAntennaLeft_cdt">

                              </Body>
                              <Body _template="Antenna" ModelFrame="BoneAntennaRight_cdt">

                              </Body>
                              <Body CenterOfMassOffset="(0; 0; 0)" ImpactType="Truck" ModelFrame="BoneSunshieldLeft_cdt" Collisions="None" Mass="5">
                                <Constraint Type="Hinge" MaxLimit="15" PivotOffset="(0; 0; 0)" AxisLocal="(0; 0; 1)" MinLimit="0">
                                    <Motor Spring="30" Type="Spring" Damping="0.65">

                                    </Motor>
                                </Constraint>
                              </Body>
                              <Body CenterOfMassOffset="(0; 0; 0)" ImpactType="Truck" ModelFrame="BoneSunshieldRight_cdt" Collisions="None" Mass="3">
                                <Constraint Type="Hinge" MaxLimit="15" PivotOffset="(0; 0; 0)" AxisLocal="(0; 0; 1)" MinLimit="0">
                                    <Motor Spring="32" Type="Spring" Damping="0.65">

                                    </Motor>
                                </Constraint>
                              </Body>
                              <Body CenterOfMassOffset="(0; 0; 0)" ModelFrame="BoneSeatbelt_cdt" Collisions="None" Mass="1">
                                <Constraint Type="Prismatic" MaxLimit="0.1" PivotOffset="(0; 0; 0)" AxisLocal="(1; 0; 0)" MinLimit="-0.1">
                                    <Motor Spring="650" Type="Spring" Damping="65">

                                    </Motor>
                                </Constraint>
                              </Body>
                        </Body>
                        <Body _template="TieRod" ModelFrame="BoneTieRod_cdt">
                          <Constraint MinLimit="-40" Name="TieRodSteer" MaxLimit="40" AxisLocal="(0; 0; 1)">

                          </Constraint>
                        </Body>
                        <Body Collisions="None" ModelFrame="BoneWiggle5_cdt" Mass="10">
                          <Constraint LinearLimitsZ="(0;0)" Type="Fixed" LinearLimitsY="(0;0.2)" LinearLimitsX="(0;0)">
                              <Motor Spring="0.1" Type="Spring" Damping="2">

                              </Motor>
                          </Constraint>
                          <Body Collisions="None" ModelFrame="BoneWiggle6_cdt" Mass="2">
                                <Constraint LinearLimitsZ="(-0.01;0.05)" Type="Fixed" LinearLimitsY="(0;0.1)" LinearLimitsX="(-0.2;0.01)">
                                    <Motor Spring="100" Type="Spring" Damping="25">

                                    </Motor>
                                </Constraint>
                          </Body>
                        </Body>
                </Body>
          </Body>
      </PhysicsModel>
      <GameData Country="RU,CAS" Price="62600" UnlockByRank="1" UnlockByExploration="false">
            <CustomizationCameras>
                  <CameraPos Interior="true" Position="(6.636; 4.978; -0.223)" FOV="32.0" InterestPosition="(3.638; 0.674; -0.623)" Name="roof_sticker">

                  </CameraPos>
                  <CameraPos Interior="true" Position="(4.682; 2.264; -0.31)" FOV="32.0" InterestPosition="(7.202; 3.678; 1.493)" Name="sticker_1">

                  </CameraPos>
                  <CameraPos InterestPosition="(0.697; 1.869; 0)" Name="addon_1" MaxXRotation="360" Position="(-7.265; 3.31; 8.244)" MaxZoom="2" FOV="32.0" MaxYRotation="360">

                  </CameraPos>
                  <CameraPos InterestPosition="(3.194; 1.807; 0)" Name="addon_2" MaxXRotation="360" Position="(-8.093; 2.337; -6.718)" MaxZoom="2" FOV="32.0" MaxYRotation="360">

                  </CameraPos>
                  <CameraPos Interior="true" Position="(4.428; 2.51; -0.534)" FOV="32.0" InterestPosition="(6.976; 2.561; 1.274)" Name="mirror_mount">

                  </CameraPos>
                  <CameraPos InterestPosition="(4.764; 1.97; -0)" Name="side_r" MaxXRotation="360" Position="(-0.226; 4.969; -4.508)" MaxZoom="2" FOV="32.0" MaxYRotation="360">

                  </CameraPos>
                  <CameraPos Interior="true" Position="(4.69; 2.631; 0.094)" FOV="32.0" InterestPosition="(6.662; 0.996; 1.798)" Name="sticker">

                  </CameraPos>
                  <CameraPos Interior="true" Position="(8.234; 3.389; 0.975)" FOV="32.0" InterestPosition="(4.973; 2.05; -1.105)" Name="glass_sticker">

                  </CameraPos>
                  <CameraPos Interior="true" Position="(4.224; 1.975; 2.893)" FOV="32.0" InterestPosition="(7.116; 1.291; 0.13)" Name="door_r_sticker">

                  </CameraPos>
                  <CameraPos InterestPosition="(5.584; 1.615; -0)" Name="roof" MaxXRotation="360" Position="(9.203; 3.854; 5.047)" MaxZoom="2" FOV="32.0" MaxYRotation="360">

                  </CameraPos>
                  <CameraPos Interior="true" Position="(8.872; 4.406; -0.741)" FOV="32.0" InterestPosition="(5.647; 0.546; -0.444)" Name="capote_sticker">

                  </CameraPos>
                  <CameraPos InterestPosition="(5.275; 1.623; 0)" Name="hoods" MaxXRotation="360" Position="(12.823; 1.44; -4.73)" MaxZoom="2" FOV="32.0" MaxYRotation="360">

                  </CameraPos>
                  <CameraPos Interior="true" Position="(5.221; 1.595; 0.03)" FOV="32.0" InterestPosition="(6.662; 0.61; 1.935)" Name="sticker_2">

                  </CameraPos>
                  <CameraPos InterestPosition="(4.737; 2.557; 0)" Name="side_l" MaxXRotation="360" Position="(9.507; 4.376; -3.37)" MaxZoom="2" FOV="32.0" MaxYRotation="360">

                  </CameraPos>
                  <CameraPos Interior="true" Position="(4.549; 2.631; -0.513)" FOV="32.0" InterestPosition="(6.662; 1.168; 1.935)" Name="bubble_head">

                  </CameraPos>
                  <CameraPos InterestPosition="(4.756; 1.133; -0)" Name="wheels" MaxXRotation="360" Position="(-4.539; 2.191; -5.755)" MaxZoom="2" FOV="32.0" MaxYRotation="360">

                  </CameraPos>
                  <CameraPos InterestPosition="(5.275; 1.623; 0)" Name="default" MaxXRotation="360" Position="(12.823; 1.44; -4.73)" MaxZoom="2" FOV="32.0" MaxYRotation="360">

                  </CameraPos>
                  <CameraPos InterestPosition="(4.777; 1.589; 0)" Name="rear" MaxXRotation="360" Position="(0.811; 3.681; 4.794)" MaxZoom="2" FOV="32.0" MaxYRotation="360">

                  </CameraPos>
                  <CameraPos Interior="true" Position="(4.295; 1.918; -3.012)" FOV="32.0" InterestPosition="(5.038; 1.458; 0)" Name="door_l_sticker">

                  </CameraPos>
                  <CameraPos Interior="true" Position="(8.557; 2.364; -1.439)" FOV="32.0" InterestPosition="(7.506; 2.048; -1.439)" Name="hood_ornament">

                  </CameraPos>
                  <CameraPos Interior="true" Position="(4.428; 2.51; -0.534)" FOV="32.0" InterestPosition="(6.976; 2.561; 1.274)" Name="curtain">

                  </CameraPos>
            </CustomizationCameras>
                <CraneSocket Pos="(3.799; 1.067; 0.346)" ParentFrame="BoneCabin_cdt">

                </CraneSocket>
                <CraneSocket Pos="(3.799; 1.067; -0.346)" ParentFrame="BoneCabin_cdt">

                </CraneSocket>
                <CraneSocket Pos="(-1.024; 1.111; 0.444)">

                </CraneSocket>
                <CraneSocket Pos="(-0.44; 0.899; -0.426)">

                </CraneSocket>
                <CraneSocket Pos="(-4.524; 1.111; 0.502)">

                </CraneSocket>
                <CraneSocket Pos="(-4.524; 1.111; -0.502)">

                </CraneSocket>
                <CraneSocket Pos="(-4.950; 0.817; 0)">

                </CraneSocket>
                  <AddonSockets>
                      <Socket Offset="(-2.817; 1.485; -0.002)" Names="Semitrailer, SemitrailerOiltank">

                      </Socket>
                      <Socket Offset="(-2.100; 1.65; -0.002)" Names="LargeSemitrailer, LargeSemitrailerOiltank">
                        <AddonsShift TrailerNamesBlock="LargeSemitrailerOiltank" Types="MinicraneRU, VoronD53233WheelAddon" Offset="(0; 0; 0)">

                        </AddonsShift>
                      </Socket>
                      <Socket Offset="(-5; 0.81; 0)" Names="Trailer">

                      </Socket>
                  </AddonSockets>
                  <AddonSockets>
                      <Socket NamesBlock="Trailer, MetalDetector" Offset="(-2.4; 1.157; 0)" Names="FrameAddonTow">
                          <AddonsShift Types="VoronD53233WheelAddon" Offset="(-0.35; 0; 0)">

                          </AddonsShift>
                          <AddonsShift Types="MinicraneRU" Offset="(-1; 0; 0)">

                          </AddonsShift>
                          <AddonsShift TrailerNamesBlock="FrameAddonTow" Types="MinicraneRU, VoronD53233WheelAddon" Offset="(0; 0; 0)">

                          </AddonsShift>
                      </Socket>
                      <Socket Offset="(-0.24; 1.157; 0)" NamesBlock="MetalDetector, MinicraneRU" Names="LogLift">

                      </Socket>
                      <Socket Offset="(-6.339; 1.16; 0)" NamesBlock="MinicraneRU, MetalDetector" Names="BunkLog">

                      </Socket>
                      <Socket Offset="(-1.68; 1.157; 0)" NamesBlock="MinicraneRU, MetalDetector" Names="FrameAddonLogShort">
                        <AddonsShift Types="VoronD53233WheelAddon" Offset="(-0.44; 0; 0)">

                        </AddonsShift>
                      </Socket>
                      <Socket Offset="(-1.68; 1.157; 0)" NamesBlock="MinicraneRU, MetalDetector, VoronD53233WheelAddon" Names="FrameAddonLogMedium">

                      </Socket>
                      <Socket Offset="(-2.817; 1.16; -0.002)" Names="SaddleLow">
                          <ExtraParent Offset="(0; 0; 0.02)" Frame="BoneChassis_cdt">

                          </ExtraParent>
                          <ExtraParent Offset="(0; 0; -0.02)" Frame="BoneChassis_cdt">

                          </ExtraParent>
                      </Socket>
                      <Socket Offset="(-2.100; 1.16; -0.002)" Names="SaddleHigh">
                          <ExtraParent Offset="(0; 0; 0.015)" Frame="BoneChassis_cdt">

                          </ExtraParent>
                          <ExtraParent Offset="(0; 0; -0.015)" Frame="BoneChassis_cdt">

                          </ExtraParent>
                      </Socket>
                      <Socket ParentFrame="BoneChassis_cdt" Offset="(-2.090; 1.16; 0)" Names="FrameAddon">
                          <AddonsShift Types="MinicraneRU" Offset="(-0.85; 0; 0)">

                          </AddonsShift>
                          <AddonsShift TrailerNamesBlock="FrameAddon" Types="MinicraneRU, VoronD53233WheelAddon" Offset="(0; 0; 0)">

                          </AddonsShift>
                      </Socket>
                      <Socket ParentFrame="BoneChassis_cdt" Offset="(-2.33; 1.23; 0)" Names="FrameAddonKung">
                          <ExtraParent Offset="(0; 0; -0.08)" Frame="BoneChassis_cdt">

                          </ExtraParent>
                          <ExtraParent Offset="(0; 0; 0.08)" Frame="BoneChassis_cdt">

                          </ExtraParent>
                      </Socket>
                      <Socket ParentFrame="BoneChassis_cdt" Offset="(-3.05; 1.16; 0)" Names="FrameAddonTank">

                      </Socket>
                      <Socket NamesBlock="MinicraneRU, Trailer" Names="FrameAddonMaintainer" ParentFrame="BoneChassis_cdt" Offset="(-2.75; 0.125; 0)">

                      </Socket>
                      <Socket NamesBlock="MetalDetector, MinicraneRU, VoronD53233WheelAddon" Names="BigCraneRu" ParentFrame="BoneChassis_cdt" Offset="(-2.856; 1.257; 0)">
                          <ExtraParent Offset="(0; -0.1; 0)" Frame="BoneChassis_cdt">

                          </ExtraParent>
                          <ExtraParent Offset="(0; -0.1; 0)" Frame="BoneChassis_cdt">

                          </ExtraParent>
                      </Socket>
                  </AddonSockets>
                  <AddonSockets>
                      <Socket NamesBlock="FrameAddonMaintainer, FrameAddonKung, FrameAddonTank, FrameAddon, SaddleHigh" Names="MetalDetector" ParentFrame="BoneChassis_cdt" Offset="(-0.707; 0.104; 0)">

                      </Socket>
                      <Socket Offset="(0.3; 1.156; 0)" NamesBlock="FrameAddonKung, FrameAddonTank" Names="MinicraneRU">
                          <ExtraParent Offset="(0; 0; -0.01)" Frame="BoneChassis_cdt">

                          </ExtraParent>
                          <ExtraParent Offset="(0; 0; 0.01)" Frame="BoneChassis_cdt">

                          </ExtraParent>
                        <AddonsShift Types="VoronD53233WheelAddon" Offset="(-0.25; 0; 0)">

                        </AddonsShift>
                      </Socket>
                  </AddonSockets>
                  <AddonSockets DefaultAddon="voron_d53233_bumper_default">
                    <Socket ParentFrame="BoneCabin_cdt" Offset="(0; 0; 0)" Names="VoronD53233Bumper">

                    </Socket>
                  </AddonSockets>
                  <AddonSockets>
                    <Socket ParentFrame="BoneCabinDamper_cdt" Offset="(0; 0; 0)" Names="VoronD53233Horn">

                    </Socket>
                  </AddonSockets>
                  <AddonSockets>
                    <Socket ParentFrame="BoneCabinDamper_cdt" Offset="(0; 0; 0)" Names="VoronD53233Beacon">

                    </Socket>
                  </AddonSockets>
                  <AddonSockets>
                      <Socket ParentFrame="BoneCabinDamper_cdt" Offset="(0; 0; 0)" Names="VoronD53233SpotLight1">

                      </Socket>
                      <Socket NamesBlock="VoronD53233Beacon" Names="VoronD53233SpotLight2" ParentFrame="BoneCabinDamper_cdt" Offset="(0; 0; 0)">

                      </Socket>
                  </AddonSockets>
                  <AddonSockets>
                    <Socket ParentFrame="BoneCabinDamper_cdt" Offset="(0; 0; 0)" Names="VoronD53233Snorkel">

                    </Socket>
                  </AddonSockets>
                  <AddonSockets>
                    <Socket ParentFrame="BoneChassis_cdt" Offset="(0; 0; 0)" Names="VoronD53233WheelAddon">
                        <ExtraParent Frame="BoneCabin_cdt">

                        </ExtraParent>
                    </Socket>
                  </AddonSockets>
                  <AddonSockets>
                    <Socket ParentFrame="BoneCabinDamper_cdt" InCockpit="true" Names="voronD53233Sticker_1x1_01">

                    </Socket>
                  </AddonSockets>
                  <AddonSockets>
                    <Socket ParentFrame="BoneCabinDamper_cdt" InCockpit="true" Names="voronD53233Sticker_1x1_02">

                    </Socket>
                  </AddonSockets>
                  <AddonSockets>
                    <Socket ParentFrame="BoneCabinDamper_cdt" InCockpit="true" Names="voronD53233Sticker_1x1_03">

                    </Socket>
                  </AddonSockets>
                  <AddonSockets>
                    <Socket ParentFrame="BoneCabinDamper_cdt" InCockpit="true" Names="voronD53233Sticker_1x2_01">

                    </Socket>
                  </AddonSockets>
                  <AddonSockets>
                    <Socket ParentFrame="BoneCabinDamper_cdt" InCockpit="true" Names="voronD53233Sticker_1x2_02">

                    </Socket>
                  </AddonSockets>
                  <AddonSockets>
                    <Socket ParentFrame="BoneCabinDamper_cdt" InCockpit="true" Names="voronD53233Sticker_1x4_01">

                    </Socket>
                  </AddonSockets>
                  <AddonSockets>
                    <Socket ParentFrame="BoneCabinDamper_cdt" InCockpit="true" Names="voronD53233Sticker_GlassTop">

                    </Socket>
                  </AddonSockets>
                  <AddonSockets>
                    <Socket ParentFrame="BoneCabinDamper_cdt" InCockpit="true" Names="voronD53233Sticker_GlassBottom">

                    </Socket>
                  </AddonSockets>
                  <AddonSockets>
                    <Socket ParentFrame="BoneCabinDamper_cdt" Names="voronD53233Sticker_Door_L">

                    </Socket>
                  </AddonSockets>
                  <AddonSockets>
                    <Socket ParentFrame="BoneCabinDamper_cdt" Names="voronD53233Sticker_Door_R">

                    </Socket>
                  </AddonSockets>
                  <AddonSockets>
                    <Socket ParentFrame="BoneCabinDamper_cdt" Names="voronD53233Sticker_Roof">

                    </Socket>
                  </AddonSockets>
                  <AddonSockets>
                    <Socket ParentFrame="BoneCabinDamper_cdt" Names="voronD53233Sticker_Capote">

                    </Socket>
                  </AddonSockets>
                  <AddonSockets>
                      <Socket Names="StuffAirfreshener" InCockpit="true" ParentFrame="BoneCabinDamper_cdt" Offset="(1.681; 2.767; 0.239)">

                      </Socket>
                      <Socket ParentFrame="BoneCabinDamper_cdt" InCockpit="true" Names="StuffCurtainVoronD53233">

                      </Socket>
                  </AddonSockets>
                  <AddonSockets>
                    <Socket Names="StuffDashboard" InCockpit="true" ParentFrame="BoneCabinDamper_cdt" Offset="(1.977; 2.195; 0.037)">

                    </Socket>
                  </AddonSockets>
                  <AddonSockets>
                    <Socket ParentFrame="BoneCabinDamper_cdt" Names="StuffHoodVoronD53233">

                    </Socket>
                  </AddonSockets>
                    <WinchSocket Pos="(3.799; 1.067; 0.346)" ParentFrame="BoneCabin_cdt">

                    </WinchSocket>
                    <WinchSocket Pos="(3.799; 1.067; -0.346)" ParentFrame="BoneCabin_cdt">

                    </WinchSocket>
                    <WinchSocket Pos="(-1.024; 1.111; 0.444)">

                    </WinchSocket>
                    <WinchSocket Pos="(-0.44; 0.899; -0.426)">

                    </WinchSocket>
                    <WinchSocket Pos="(-4.524; 1.111; 0.502)">

                    </WinchSocket>
                    <WinchSocket Pos="(-4.524; 1.111; -0.502)">

                    </WinchSocket>
                    <WinchSocket Pos="(-4.950; 0.817; 0)">

                    </WinchSocket>
            <UiDesc UiDesc="UI_VEHICLE_VORON_D53233_DESC" UiIcon30x30="offroadVehicleImg30" UiName="UI_VEHICLE_VORON_D53233_NAME" UiIconLogo="VoronLogo80" UiIcon40x40="offroadVehicleImg" UiIcon328x458="shopImgVoronD53233">

            </UiDesc>
      </GameData>
      <ControlledConstraints>
              <Constraint Name="TieRodSteer" IsLinkedSteering="true" Id="chassis_steer">

              </Constraint>
      </ControlledConstraints>
      <HeadLight ParentFrame="BoneCabinDamper_cdt" _template="Default" Pos="(3.284; 1.4; 0)">

      </HeadLight>
      <Landmark Mesh="landmarks/voron_d53233_lmk" MaxScale="3.8" MinScale="1.8">

      </Landmark>
      <AutomaticIK>
                      <IKBone ParentFrame="BoneTieRod_cdt" ModelFrame="BoneBeamHinge">
                        <IKBone AttachToFrame="BoneRackLeft" AttachOffset="(0; 0; 0)" ModelFrame="BoneBeamSlider">
                            <IKJoint AxisLocal="(1; 0; 0)" Type="Slider">

                            </IKJoint>
                        </IKBone>
                        <IKJoint AxisLocal="(1; 0; 0)" Type="Hinge2">

                        </IKJoint>
                      </IKBone>
                      <IKBone ParentFrame="BoneCabin_cdt" ModelFrame="BonePiston1Hinge">
                        <IKBone AttachToFrame="BoneAxle1" AttachOffset="(0; 0; 0)" ModelFrame="BonePiston1Slider">
                            <IKJoint AxisLocal="(1; 0; 0)" Type="Slider">

                            </IKJoint>
                        </IKBone>
                        <IKJoint AxisLocal="(1; 0; 0)" Type="Hinge2">

                        </IKJoint>
                      </IKBone>
                      <IKBone ParentFrame="BoneCabin_cdt" ModelFrame="BonePiston2Hinge">
                        <IKBone AttachToFrame="BoneAxle1" AttachOffset="(0; 0; 0)" ModelFrame="BonePiston2Slider">
                            <IKJoint AxisLocal="(1; 0; 0)" Type="Slider">

                            </IKJoint>
                        </IKBone>
                        <IKJoint AxisLocal="(1; 0; 0)" Type="Hinge2">

                        </IKJoint>
                      </IKBone>
                      <IKBone ParentFrame="BoneCabin_cdt" ModelFrame="BonePiston3Hinge">
                        <IKBone AttachToFrame="BoneRackLeft" AttachOffset="(0; 0; 0)" ModelFrame="BonePiston3Slider">
                            <IKJoint AxisLocal="(1; 0; 0)" Type="Slider">

                            </IKJoint>
                        </IKBone>
                        <IKJoint AxisLocal="(1; 0; 0)" Type="Hinge2">

                        </IKJoint>
                      </IKBone>
      </AutomaticIK>
      <ModelAttachments>
                      <StopSignals>
                            <Flare Size="0.8" _template="StopSignal" Pos="(-4.81; 0.905; 0.508)">

                            </Flare>
                            <Flare Size="0.8" _template="StopSignal" Pos="(-4.81; 0.905; -0.508)">

                            </Flare>
                          <Light _template="StopSignal" Pos="(-4.892; 0.905; 0)">

                          </Light>
                      </StopSignals>
                      <Ignition>
                              <Flare ParentFrame="BoneCabinDamper_cdt" _template="MarkerBeacon" Pos="(1.774; 2.893; -0.176)">

                              </Flare>
                              <Flare ParentFrame="BoneCabinDamper_cdt" _template="MarkerBeacon" Pos="(1.774; 2.893; 0.176)">

                              </Flare>
                              <Flare ParentFrame="BoneCabinDamper_cdt" _template="MarkerBeacon" Pos="(1.774; 2.893; 0)">

                              </Flare>
                              <Flare Color="g(169; 0; 0) x 0.8" Pos="(-4.81; 0.905; -0.57)" Size="0.15" _template="IgnitionSignalRed">

                              </Flare>
                              <Flare Color="g(169; 0; 0) x 0.8" Pos="(-4.81; 0.905; 0.57)" Size="0.15" _template="IgnitionSignalRed">

                              </Flare>
                              <Flare DirAngle="120" ParentFrame="BoneCabinDamper_cdt" _template="IgnitionSignalWhite" Pos="(3.284; 1.4; -0.947)">

                              </Flare>
                              <Flare DirAngle="120" ParentFrame="BoneCabinDamper_cdt" _template="IgnitionSignalWhite" Pos="(3.284; 1.4; 0.947)">

                              </Flare>
                                <Light ParentFrame="BoneCabinDamper_cdt" _template="IgnitionSignalWhite" Pos="(4; 1.013; 0.9)">

                                </Light>
                                <Light ParentFrame="BoneCabinDamper_cdt" _template="IgnitionSignalWhite" Pos="(4; 1.013; -0.9)">

                                </Light>
                                <Light _template="IgnitionSignalRed" Pos="(-4.932; 1.025; 0)">

                                </Light>
                      </Ignition>
                      <HeadLight>
                                <Flare ParentFrame="BoneCabinDamper_cdt" _template="HeadLight" Pos="(3.284; 1.4; -0.977)">

                                </Flare>
                                <Flare ParentFrame="BoneCabinDamper_cdt" _template="HeadLight" Pos="(3.284; 1.4; 0.977)">

                                </Flare>
                                <Flare Color="g(181; 163; 142) x 1.5" Pos="(1.641; 2.819; 1.15)" ParentFrame="BoneCabinDamper_cdt" Size="0.4" _template="HeadLight">

                                </Flare>
                                <Flare ParentFrame="BoneCabinDamper_cdt" _template="BlueStreak" Pos="(3.284; 1.4; -0.977)">

                                </Flare>
                                <Flare ParentFrame="BoneCabinDamper_cdt" _template="BlueStreak" Pos="(3.284; 1.4; 0.977)">

                                </Flare>
                                <Flare Color="g(220; 220; 255) x 0.05" Pos="(1.641; 2.819; 1.15)" ParentFrame="BoneCabinDamper_cdt" Size="0.5" _template="BlueStreak">

                                </Flare>
                                  <Model Org="(3.284; 1.4; -0.977)" _template="HeadLightRay" ParentFrame="BoneCabinDamper_cdt">

                                  </Model>
                                  <Model Org="(3.284; 1.4; 0.977)" _template="HeadLightRay" ParentFrame="BoneCabinDamper_cdt">

                                  </Model>
                                  <Model Org="(1.641; 2.819; 1.15)" _template="HeadLightRay" ParentFrame="BoneCabinDamper_cdt">

                                  </Model>
                      </HeadLight>
                      <ReverseSignals>
                                  <Flare Size="0.7" _template="ReverseSignal" Pos="(-4.81; 0.777; 0.57)">

                                  </Flare>
                                  <Flare Size="0.7" _template="ReverseSignal" Pos="(-4.81; 0.777; -0.57)">

                                  </Flare>
                                  <Flare Color="g(220; 220; 255) x 0.05" Pos="(-4.81; 0.777; 0.57)" Dir="(-1; 0; 0)" Size="0.4" _template="BlueStreak">

                                  </Flare>
                                  <Flare Color="g(220; 220; 255) x 0.05" Pos="(-4.81; 0.777; -0.57)" Dir="(-1; 0; 0)" Size="0.4" _template="BlueStreak">

                                  </Flare>
                                    <Light _template="ReverseSignal" Pos="(-4.81; 0.777; 0.57)">

                                    </Light>
                                    <Light _template="ReverseSignal" Pos="(-4.81; 0.777; -0.57)">

                                    </Light>
                      </ReverseSignals>
      </ModelAttachments>
      <TruckData EngineIconMesh="env/engine_default" EngineStartDelay="0.8" TruckType="OFFROAD" ExhaustStartTime="0.9" SteerSpeed="0.025" TruckImage="voron55223mchr" DiffLockType="Always" Responsiveness="0.2" FuelCapacity="270" EngineIconScale="1.3" BackSteerSpeed="0.02">
                        <Driver ParentFrame="BoneCabin_cdt" SteeringWheelPos="(1.685; 2.167; 0.489)" Pos="(1.3; 1.8; 0.488)" AnimationSet="Truck">

                        </Driver>
                        <Shafts>
                                <Shaft SocketPointB="Shaft1b" SocketPointA="Shaft1a">

                                </Shaft>
                                <Shaft SocketPointB="Shaft2b" SocketPointA="Shaft2a">

                                </Shaft>
                                <Shaft SocketPointB="Shaft3b" SocketPointA="Shaft3a">

                                </Shaft>
                                <Shaft SocketPointB="Shaft4b" SocketPointA="Shaft4a">

                                </Shaft>
                        </Shafts>
                        <FuelTank DamageCapacity="50">

                        </FuelTank>
                        <Dashboard>
                                    <Gauge Org="(1.842; 2.045; 0.798)" OutputAngles="(-120;20)" Mesh="trucks/arrows/voron_d53233_arrow_01" Damping="0.1" InputRange="(0;1)" InputType="engineEnabled" Dir="(-0.896; 0.444; 0)">

                                    </Gauge>
                                    <Gauge Org="(1.836; 2.032; 0.7)" OutputAngles="(-45;10)" Mesh="trucks/arrows/voron_d53233_arrow_02" Damping="0.1" InputRange="(0;1)" InputType="engineEnabled" Dir="(-0.896; 0.444; 0)">

                                    </Gauge>
                                    <Gauge Org="(1.879; 2.118; 0.7)" OutputAngles="(-60;-5)" Mesh="trucks/arrows/voron_d53233_arrow_02" Damping="0.1" InputRange="(0;1)" InputType="engineEnabled" Dir="(-0.896; 0.444; 0)">

                                    </Gauge>
                                    <Gauge Org="(1.882; 2.128; 0.568)" OutputAngles="(-135;135)" Mesh="trucks/arrows/voron_d53233_arrow_03" Damping="0.1" InputRange="(0;1)" InputType="rpm" Dir="(-0.896; 0.444; 0)">

                                    </Gauge>
                                    <Gauge Org="(1.883; 2.127; 0.394)" OutputAngles="(-120;120)" Mesh="trucks/arrows/voron_d53233_arrow_04" Damping="0.1" InputRange="(0;120)" InputType="speed" Dir="(-0.896; 0.444; 0)">

                                    </Gauge>
                                    <Gauge Org="(1.885; 2.131; 0.259)" OutputAngles="(-120;20)" Mesh="trucks/arrows/voron_d53233_arrow_01" Damping="0.1" InputRange="(0;1)" InputType="engineEnabled" Dir="(-0.896; 0.444; 0)">

                                    </Gauge>
                                    <Gauge Org="(1.836; 2.032; 0.259)" OutputAngles="(-60;40)" Mesh="trucks/arrows/voron_d53233_arrow_02" Damping="0.1" InputRange="(0;1)" InputType="engineEnabled" Dir="(-0.896; 0.444; 0)">

                                    </Gauge>
                                    <Gauge Org="(1.836; 2.032; 0.163)" OutputAngles="(-55;55)" Mesh="trucks/arrows/voron_d53233_arrow_02" Damping="0.1" InputRange="(0;1)" InputType="fuel" Dir="(-0.896; 0.444; 0)">

                                    </Gauge>
                        </Dashboard>
                        <SoundsWheels _template="Default">

                        </SoundsWheels>
                        <GearboxSocket Default="g_truck_unique_offroad" Type="gearboxes_trucks_unique_offroad">

                        </GearboxSocket>
                                      <Steam Origin="(0.594; 1.406; 0)">

                                      </Steam>
                                      <Steam Origin="(2.238; 1.15; 0)">

                                      </Steam>
                        <Sounds DisableReversePitch="false" MinDist="11.0" Origin="(2.45; 1.55; 0)" ParentFrame="BoneCabin_cdt" AirHissInterval="12.0" _template="Default">
                                          <BrakesSqueal Sound="trucks/voron_d53233/voron_d53233_brakes_squeal">

                                          </BrakesSqueal>
                                          <AbruptStop Sound="trucks/common/truck_swing_big_rnd_set/truck_swing_big_rnd">

                                          </AbruptStop>
                                          <EngineLow Sound="trucks/voron_d53233/voron_d53233_low">

                                          </EngineLow>
                                          <EngineRev Sound="trucks/voron_d53233/voron_d53233_rev">

                                          </EngineRev>
                                          <EngineAccel Sound="trucks/voron_d53233/voron_d53233_acc">

                                          </EngineAccel>
                                          <Honk Sound="trucks/voron_d53233/voron_d53233_honk">

                                          </Honk>
                                          <EngineStop Sound="trucks/voron_d53233/voron_d53233_stop">

                                          </EngineStop>
                                          <Handbrake Sound="trucks/voron_d53233/voron_d53233_handbrake_on">

                                          </Handbrake>
                                          <EngineIdle_2d IsSound2D="true" Sound="trucks/voron_d53233/voron_d53233_idle_2d">

                                          </EngineIdle_2d>
                                          <HandbrakeOff Sound="trucks/voron_d53233/voron_d53233_handbrake_off">

                                          </HandbrakeOff>
                                          <EngineHeavy_2d IsSound2D="true" Sound="trucks/voron_d53233/voron_d53233_heavy_2d">

                                          </EngineHeavy_2d>
                                          <Reverse Sound="trucks/voron_d53233/voron_d53233_reverse">

                                          </Reverse>
                                          <EngineHigh_2d IsSound2D="true" Sound="trucks/voron_d53233/voron_d53233_high_2d">

                                          </EngineHigh_2d>
                                          <EngineIdle Sound="trucks/voron_d53233/voron_d53233_idle">

                                          </EngineIdle>
                                          <EngineLow_2d IsSound2D="true" Sound="trucks/voron_d53233/voron_d53233_low_2d">

                                          </EngineLow_2d>
                                          <EngineHigh Sound="trucks/voron_d53233/voron_d53233_high">

                                          </EngineHigh>
                                          <EngineHeavy Sound="trucks/voron_d53233/voron_d53233_heavy">

                                          </EngineHeavy>
                                          <BrakeRelease Sound="trucks/voron_d53233/voron_d53233_brake_release">

                                          </BrakeRelease>
                                          <EngineStart Sound="trucks/voron_d53233/voron_d53233_start">

                                          </EngineStart>
                        </Sounds>
                        <EngineSocket Default="ru_truck_old_heavy_engine_0" Type="e_ru_truck_old_heavy">

                        </EngineSocket>
                        <Intake Size="1.219" Origin="(3.503; 1.662; -0)" Dir="(1; 0; 0)">

                        </Intake>
                        <SoundsDamage _template="Heavy">

                        </SoundsDamage>
                        <Camera ParentFrame="BoneCabin_cdt" Center="(-1.95; 0; 0)">
                                                  <Cockpit WindshieldShadingTexture="trucks/voron_d53233_glass__sh_d.tga" WindshieldDiffuseTexture="trucks/voron_d53233_glass__d_a.tga" _template="Default" ViewPos="(1.26; 2.48; 0.479)">
                                                        <Mirror LookAtOffset="(0; -0.05; 0)" Pos="(1.719; 2.471; 1.349)" ClipDir="(-0.892; -0.048; -0.45)" ReflectionDir="(-0.892; -0.048; -0.45)" Size="(0.14; 0.24)" MeshFrame="mirror_left" FOVScale="2">
                                                          <SecondaryView FOVScale="1.6" ClipDir="(-0.892; -0.048; -0.45)" Pos="(1.725; 2.266; 1.352)" CurveAngle="5" MeshFrame="mirror_left_1" Size="(0.14; 0.14)">

                                                          </SecondaryView>
                                                        </Mirror>
                                                        <Mirror FOVScale="2.5" Pos="(1.845; 2.47; -1.308)" ClipDir="(-0.819; -0.093; 0.566)" ReflectionDir="(-0.819; -0.093; 0.566)" Size="(0.14; 0.24)" ClipOffset=".1" MeshFrame="mirror_right">
                                                          <SecondaryView FOVScale="1.8" ClipDir="(-0.819; -0.093; 0.566)" Pos="(1.854; 2.262; -1.316)" CurveAngle="30" MeshFrame="mirror_right_1" Size="(0.14; 0.14)">

                                                          </SecondaryView>
                                                        </Mirror>
                                                  </Cockpit>
                        </Camera>
                        <Shakers>
                                                    <Shaker MinAngle="(0.9; 0.9; 0.9)" Frame="BoneExhaust" MaxAngle="(3.3; 3.3; 3.3)" MaxFrequency="4">

                                                    </Shaker>
                        </Shakers>
                        <Damage SensationMin="(0.412; 2.204; -0.949)" Capacity="600" ParentFrame="BoneCabin_cdt" SensationMax="(2.24; 2.945; 0.949)">
                                                        <DamageArea Max="(3.5; 2.100; 0.8)" Type="Engine" ParentFrame="BoneCabin_cdt" Min="(2.100; 0.9; -0.8)">

                                                        </DamageArea>
                                                        <DamageArea Max="(0.9; 1.159; 1.3)" Type="FuelTank" ParentFrame="BoneCabin_cdt" Min="(-0.35; 0.55; 0.2)">

                                                        </DamageArea>
                        </Damage>
                        <SuspensionSocket Default="voron_d53233_suspension_default" Type="s_voron_d53233" MaxWheelRadiusWithoutSuspension="0.45">

                        </SuspensionSocket>
                        <Wheels DefaultTire="highway_1" DefaultWheelType="wheels_heavy_double1" DefaultRim="rim_2">
                                                            <Wheel _template="FrontWheel" Pos="(2.441; 0.63; 1.1)">

                                                            </Wheel>
                                                            <Wheel Pos="(2.441; 0.63; 1.1)" _template="FrontWheel" RightSide="true">

                                                            </Wheel>
                                                            <Wheel _template="RearWheel" Pos="(-2.114; 0.63; 0.897)">

                                                            </Wheel>
                                                            <Wheel Pos="(-2.114; 0.63; 0.897)" _template="RearWheel" RightSide="true">

                                                            </Wheel>
                                                            <Wheel _template="RearWheel" Pos="(-3.52; 0.63; 0.897)">

                                                            </Wheel>
                                                            <Wheel Pos="(-3.52; 0.63; 0.897)" _template="RearWheel" RightSide="true">

                                                            </Wheel>
                        </Wheels>
                        <Axles>
                                                              <Axle Frame="BoneAxle1">

                                                              </Axle>
                                                              <Axle Frame="BoneAxle2">

                                                              </Axle>
                                                              <Axle Frame="BoneAxle3">

                                                              </Axle>
                        </Axles>
                        <Exhaust IsLight="false" Dir="(-0.813; -0.58; -0.049)" Origin="(-0.159; 0.76; -0.278)" Speed="3.82">

                        </Exhaust>
                        <OcclusionMap HalfSizeZ="1.9" MinX="-5.123" MaxX="3.917">

                        </OcclusionMap>
                        <LimitedFluid Type="Box" SizeX="1.154" Center="(0.267; 0.891; 0.821)" ParentFrame="BoneCabin_cdt" SizeY="0.516" SizeZ="0.708">

                        </LimitedFluid>
                        <WinchUpgradeSocket Default="w_medium_trucks_default" IsUpgradable="true" Type="winches_medium_trucks">

                        </WinchUpgradeSocket>
                        <SteeringWheel Frame="BoneSteering">

                        </SteeringWheel>
                                                                      <CompatibleWheels Type="wheels_heavy_double1" RearOffsetZ=".16" Scale="0.55">

                                                                      </CompatibleWheels>
                                                                      <CompatibleWheels OffsetZ="-0.05" RearOffsetZ=".16" Scale="0.55" Type="wheels_heavy_double2">

                                                                      </CompatibleWheels>
                                                                      <CompatibleWheels Type="wheels_heavy_single" RearOffsetZ=".13" Scale="0.55">

                                                                      </CompatibleWheels>
                                                                      <CompatibleWheels OffsetZ="-0.03" RearOffsetZ=".08" Scale="0.55" Type="wheels_heavy_single2">

                                                                      </CompatibleWheels>
                                                                      <CompatibleWheels Type="wheels_heavy_double1" RearOffsetZ=".22" Scale="0.63">

                                                                      </CompatibleWheels>
                                                                      <CompatibleWheels OffsetZ="-0.05" RearOffsetZ=".22" Scale="0.63" Type="wheels_heavy_double2">

                                                                      </CompatibleWheels>
                                                                      <CompatibleWheels Type="wheels_heavy_single" RearOffsetZ=".14" Scale="0.63">

                                                                      </CompatibleWheels>
                                                                      <CompatibleWheels OffsetZ="-0.03" RearOffsetZ=".1" Scale="0.63" Type="wheels_heavy_single2">

                                                                      </CompatibleWheels>
                        <SteeringRack RackHalfSizeZ="0.756" Frame="BoneRack" FrameSteerLeft="BoneRackLeft" FrameSteerRight="BoneRackRight">

                        </SteeringRack>
      </TruckData>
  </Truck>
  <_templates Include="trucks">
        <Wheel>
            <RearWheel Torque="default" Location="rear" ConnectedToHandbrake="true">

            </RearWheel>
            <FrontWheel SteeringCastor="0" Torque="default" ParentFrame="BoneCabin_cdt" SteeringJointOffset="0.27" SteeringAngle="35" Location="front">

            </FrontWheel>
        </Wheel>
        <Body>
              <Mudguard Collisions="None" Mass="10">
                  <Constraint Type="Hinge">
                      <Motor Spring="10" Type="Spring" Damping="1">

                      </Motor>
                  </Constraint>
              </Mudguard>
              <WireWiggle Collisions="None" Mass="1.5">
                    <Constraint LinearLimitsZ="(-0.1;0.1)" Type="Fixed" LinearLimitsY="(-0.02;0.02)" LinearLimitsX="(-0.1;0.1)">
                        <Motor Spring="250" Type="Spring" Damping="2">

                        </Motor>
                    </Constraint>
              </WireWiggle>
              <Antenna Collisions="None" Mass="10">
                      <Constraint Type="Ragdoll" PlaneAxisLocal="(0; 0; 1)" PlaneMax="20" PlaneMin="-20" Cone="20" TwistAxisLocal="(0; 1; 0)">
                          <PlaneMotor Spring="200" Type="Spring" Damping="4">

                          </PlaneMotor>
                          <ConeMotor Spring="200" Type="Spring" Damping="4">

                          </ConeMotor>
                      </Constraint>
              </Antenna>
              <SideMirror Collisions="None" AngularDamping=".9" Mass="5">
                        <Constraint MinLimit="-25" Type="Hinge" MaxLimit="25" AxisLocal="(0; 1; 0)">
                            <Motor Spring="70" Type="Spring" Damping=".3">

                            </Motor>
                        </Constraint>
              </SideMirror>
        </Body>
  </_templates>