  <Truck>
      <PhysicsModel Mesh="trucks/ws_4964_white">
          <NetSync Legacy="false">

          </NetSync>
          <Body CenterOfMassOffset="(-0.2; 0; 0)" ImpactType="Truck" NetSync="pv" ModelFrame="BoneChassis_cdt" Mass="4500">
                <Body CenterOfMassOffset="(0.1; 0.1; 0)" ImpactType="Truck" NetSync="pv" ModelFrame="BoneCabin_cdt" Mass="3500">
                    <Constraint Type="Hinge" MaxLimit="22" PivotOffset="(0; 0; 0)" AxisLocal="(1; 0; 0)" MinLimit="-22">
                        <Motor Spring="350000" Type="Spring" Damping="35000">

                        </Motor>
                    </Constraint>
                        <Body _template="Mudguard" ModelFrame="BoneLeftMudguard_cdt">
                          <Constraint MaxLimit="23" AxisLocal="(1; 0; 0)" MinLimit="0">

                          </Constraint>
                        </Body>
                        <Body _template="Mudguard" ModelFrame="BoneRightMudguard_cdt">
                          <Constraint MaxLimit="6" AxisLocal="(1; 0; 0)" MinLimit="0">

                          </Constraint>
                        </Body>
                        <Body _template="SideMirror" ModelFrame="BoneMirrorLeft_cdt">

                        </Body>
                        <Body _template="SideMirror" ModelFrame="BoneMirrorRight_cdt">

                        </Body>
                        <Body CenterOfMassOffset="(0; 0; 0)" ImpactType="Truck" ModelFrame="BoneSunshieldLeft_cdt" Collisions="None" Mass="5">
                          <Constraint Type="Hinge" MaxLimit="5" PivotOffset="(0; 0; 0)" AxisLocal="(0; 0; 1)" MinLimit="-10">
                              <Motor Spring="55" Type="Spring" Damping="0.65">

                              </Motor>
                          </Constraint>
                        </Body>
                        <Body CenterOfMassOffset="(0; 0; 0)" ImpactType="Truck" ModelFrame="BoneSunshieldRight_cdt" Collisions="None" Mass="3">
                          <Constraint Type="Hinge" MaxLimit="5" PivotOffset="(0; 0; 0)" AxisLocal="(0; 0; 1)" MinLimit="-10">
                              <Motor Spring="52" Type="Spring" Damping="0.63">

                              </Motor>
                          </Constraint>
                        </Body>
                        <Body CenterOfMassOffset="(0; 0; 0)" ModelFrame="BoneKey1_cdt" Collisions="None" Mass="0.1">
                          <Constraint Type="Hinge" MaxLimit="40" PivotOffset="(0; 0; 0)" AxisLocal="(0; 0; 1)" MinLimit="-60">
                              <Motor Spring="0.01" Type="Spring" Damping="0.001">

                              </Motor>
                          </Constraint>
                          <Body CenterOfMassOffset="(0; 0; 0)" ModelFrame="BoneKey2_cdt" Collisions="None" Mass="0.1">
                                <Constraint Type="Hinge" MaxLimit="25" PivotOffset="(0; 0; 0)" AxisLocal="(1; 0; 0)" MinLimit="-60">
                                    <Motor Spring="0.02" Type="Spring" Damping="0.002">

                                    </Motor>
                                </Constraint>
                          </Body>
                        </Body>
                        <Body _template="TieRod" ModelFrame="BoneTieRod_cdt">
                          <Constraint MinLimit="-30" Name="TieRodSteer" MaxLimit="30" AxisLocal="(0; 0; 1)">

                          </Constraint>
                        </Body>
                </Body>
          </Body>
      </PhysicsModel>
      <GameData Country="US" Price="32200" UnlockByRank="1" UnlockByExploration="true">
            <CustomizationCameras>
                  <CameraPos Interior="true" Position="(7.301; 6.355; -0.113)" FOV="32.0" InterestPosition="(4.92; 1.979; -0.723)" Name="roof_sticker">

                  </CameraPos>
                  <CameraPos Interior="true" Position="(4.38; 1.798; -0.738)" FOV="32.0" InterestPosition="(6.729; 4.297; 1.961)" Name="sticker_1">

                  </CameraPos>
                  <CameraPos InterestPosition="(0.058; 1.675; -0)" Name="addon_1" MaxXRotation="360" Position="(-8.726; 3.91; 6.637)" MaxZoom="2" FOV="32.0" MaxYRotation="360">

                  </CameraPos>
                  <CameraPos InterestPosition="(4.991; 1.77; 0)" Name="addon_2" MaxXRotation="360" Position="(10.328; 3.173; 3.632)" MaxZoom="2" FOV="32.0" MaxYRotation="360">

                  </CameraPos>
                  <CameraPos Interior="true" Position="(4.293; 2.405; -0.487)" FOV="32.0" InterestPosition="(8.93; 2.152; 2.164)" Name="mirror_mount">

                  </CameraPos>
                  <CameraPos InterestPosition="(1.954; 0.308; -0)" Name="side_r" MaxXRotation="360" Position="(0.742; 3.473; -4.445)" MaxZoom="2" FOV="32.0" MaxYRotation="360">

                  </CameraPos>
                  <CameraPos Interior="true" Position="(4.642; 2.451; 0.099)" FOV="32.0" InterestPosition="(6.729; 0.67; 1.775)" Name="sticker">

                  </CameraPos>
                  <CameraPos Interior="true" Position="(8.482; 3.083; 0.403)" FOV="32.0" InterestPosition="(5.908; 2.39; -0.827)" Name="glass_sticker">

                  </CameraPos>
                  <CameraPos Interior="true" Position="(3.295; 2.199; 3.414)" FOV="32.0" InterestPosition="(5.947; 1.391; 1.022)" Name="door_r_sticker">

                  </CameraPos>
                  <CameraPos InterestPosition="(5.372; 1.663; 0)" Name="roof" MaxXRotation="360" Position="(-1.402; 3.19; 3.677)" MaxZoom="2" FOV="32.0" MaxYRotation="360">

                  </CameraPos>
                  <CameraPos Interior="true" Position="(9.143; 5.576; 0.036)" FOV="32.0" InterestPosition="(6.846; 1.674; -0.726)" Name="capote_sticker">

                  </CameraPos>
                  <CameraPos InterestPosition="(6.01; 1.711; 0)" Name="hoods" MaxXRotation="360" Position="(13.555; 1.659; -2.751)" MaxZoom="2" FOV="32.0" MaxYRotation="360">

                  </CameraPos>
                  <CameraPos Interior="true" Position="(4.718; 2.389; -0.517)" FOV="32.0" InterestPosition="(7.511; 0.883; 0.809)" Name="sticker_2">

                  </CameraPos>
                  <CameraPos InterestPosition="(5.282; 2.097; -0)" Name="side_l" MaxXRotation="360" Position="(11.079; 3.805; -3.533)" MaxZoom="2" FOV="32.0" MaxYRotation="360">

                  </CameraPos>
                  <CameraPos Interior="true" Position="(4.787; 2.445; -0.325)" FOV="32.0" InterestPosition="(6.729; 1.259; 1.72)" Name="bubble_head">

                  </CameraPos>
                  <CameraPos InterestPosition="(6.049; 0.613; 0)" Name="wheels" MaxXRotation="360" Position="(9.127; 1.902; -5.565)" MaxZoom="2" FOV="32.0" MaxYRotation="360">

                  </CameraPos>
                  <CameraPos InterestPosition="(6.01; 1.711; 0)" Name="default" MaxXRotation="360" Position="(13.555; 1.659; -2.751)" MaxZoom="2" FOV="32.0" MaxYRotation="360">

                  </CameraPos>
                  <CameraPos InterestPosition="(-0.391; 1.117; -0)" Name="rear" MaxXRotation="360" Position="(-6.509; 1.857; 2.371)" MaxZoom="2" FOV="32.0" MaxYRotation="360">

                  </CameraPos>
                  <CameraPos Interior="true" Position="(3.343; 2.193; -3.512)" FOV="32.0" InterestPosition="(4.226; 1.468; -0.391)" Name="door_l_sticker">

                  </CameraPos>
                  <CameraPos Interior="true" Position="(8.863; 2.419; -1.114)" FOV="32.0" InterestPosition="(7.506; 2.011; -1.114)" Name="hood_ornament">

                  </CameraPos>
                  <CameraPos Interior="true" Position="(4.293; 2.405; -0.487)" FOV="32.0" InterestPosition="(8.93; 2.152; 2.164)" Name="curtain">

                  </CameraPos>
            </CustomizationCameras>
                <CraneSocket Pos="(4.406; 0.777; 0.502)" ParentFrame="BoneCabin_cdt">

                </CraneSocket>
                <CraneSocket Pos="(4.406; 0.777; -0.502)" ParentFrame="BoneCabin_cdt">

                </CraneSocket>
                <CraneSocket Pos="(-4.33; 0.867; -0)">

                </CraneSocket>
                <CraneSocket Pos="(-0.321; 0.945; 0.505)">

                </CraneSocket>
                <CraneSocket Pos="(-0.321; 0.945; -0.505)">

                </CraneSocket>
                  <AddonSockets>
                    <Socket ParentFrame="BoneChassis_cdt" Offset="(0; 0; 0)" Names="Ws4964WhiteSpareWheel">
                        <ExtraParent Frame="BoneCabin_cdt">

                        </ExtraParent>
                    </Socket>
                  </AddonSockets>
                  <AddonSockets>
                      <Socket Offset="(-1.8; 1.61; 0)" Names="LargeSemitrailer, LargeSemitrailerOiltank">
                        <AddonsShift TrailerNamesBlock="LargeSemitrailerOiltank" Types="MinicraneUS, WS4964WhiteCabinProtector" Offset="(0; 0; 0)">

                        </AddonsShift>
                      </Socket>
                      <Socket Offset="(-2.76; 1.62; 0)" Names="Semitrailer, SemitrailerOiltank">

                      </Socket>
                      <Socket Offset="(-4.329; 0.865; 0)" Names="Trailer">
                          <AddonsShift TrailerNamesBlock="Trailer" Types="MinicraneUS, FrameAddon" Offset="(0; 0; 0)">

                          </AddonsShift>
                          <AddonsShift TrailerNamesBlock="Trailer" Types="WS4964WhiteCabinProtector, FrameAddon" Offset="(0; 0; 0)">

                          </AddonsShift>
                      </Socket>
                  </AddonSockets>
                  <AddonSockets>
                      <Socket NamesBlock="WS4964WhiteCabinProtector, MinicraneUS, Trailer" Offset="(-0.85; 1.091; 0)" Names="FrameAddonTowPlatform">

                      </Socket>
                      <Socket NamesBlock="MinicraneUS, Ws4964WhiteSpareWheel" Offset="(0.123; 1.091; 0)" Names="LogLift">

                      </Socket>
                      <Socket NamesBlock="MinicraneUS" Offset="(-4.772; 1.143; 0)" Names="BunkLog">
                        <ExtraParent Offset="(0; -0.05; 0)" Frame="BoneChassis_cdt">

                        </ExtraParent>
                      </Socket>
                      <Socket Offset="(-1.37; 1.089; 0)" NamesBlock="MinicraneUS, WS4964WhiteCabinProtector" Names="FrameAddonLogShort">

                      </Socket>
                      <Socket Offset="(-1.37; 1.089; 0)" NamesBlock="MinicraneUS, WS4964WhiteCabinProtector" Names="FrameAddonLogMedium">

                      </Socket>
                      <Socket Offset="(-2.747; 1.11; 0)" Names="SaddleLow1">

                      </Socket>
                      <Socket Offset="(-1.8; 1.11; 0)" Names="SaddleHigh">

                      </Socket>
                      <Socket ParentFrame="BoneChassis_cdt" Offset="(-1.5; 1.09; 0)" Names="FrameAddon">
                          <AddonsShift Types="MinicraneUS" Offset="(-1; 0; 0)">

                          </AddonsShift>
                          <AddonsShift Types="WS4964WhiteCabinProtector" Offset="(-0.85; 0; 0)">

                          </AddonsShift>
                          <AddonsShift TrailerNamesBlock="FrameAddon" Types="MinicraneUS, WS4964WhiteCabinProtector" Offset="(0; 0; 0)">

                          </AddonsShift>
                      </Socket>
                      <Socket ParentFrame="BoneChassis_cdt" Offset="(-2.17; 1.170; 0)" Names="FrameAddonKung">
                          <ExtraParent Offset="(0; 0; -0.16)" Frame="BoneChassis_cdt">

                          </ExtraParent>
                          <ExtraParent Offset="(0; 0; 0.16)" Frame="BoneChassis_cdt">

                          </ExtraParent>
                      </Socket>
                      <Socket ParentFrame="BoneChassis_cdt" Offset="(-2.370; 1.09; 0)" Names="FrameAddonTank">

                      </Socket>
                      <Socket NamesBlock="MinicraneUS, WS4964WhiteCabinProtector, Trailer" Names="FrameAddonMaintainer" ParentFrame="BoneChassis_cdt" Offset="(-2.05; 0.061; 0)">

                      </Socket>
                      <Socket Offset="(-1.947; 1.097; 0)" NamesBlock="MinicraneUS, WS4964WhiteCabinProtector" Names="BigCraneUsWS4964">

                      </Socket>
                  </AddonSockets>
                  <AddonSockets>
                    <Socket Offset="(0.5; 1.11; 0)" NamesBlock="FrameAddonKung, FrameAddonTank" Names="MinicraneUS">
                          <ExtraParent Offset="(0; 0; -0.07)" Frame="BoneChassis_cdt">

                          </ExtraParent>
                          <ExtraParent Offset="(0; 0; 0.07)" Frame="BoneChassis_cdt">

                          </ExtraParent>
                        <AddonsShift Types="WS4964WhiteCabinProtector" Offset="(-0.912; -0.018; 0)">

                        </AddonsShift>
                    </Socket>
                  </AddonSockets>
                  <AddonSockets>
                      <Socket Offset="(0.5; -0.1; 0)" Names="UsLoadLogsShort">

                      </Socket>
                      <Socket Offset="(0.5; -0.1; 0)" Names="UsLoadLogsShortLoaderA">

                      </Socket>
                  </AddonSockets>
                  <AddonSockets DefaultAddon="ws_4964_white_bumper_default">
                    <Socket ParentFrame="BoneCabin_cdt" Offset="(0; 0; 0)" Names="WS4964WhiteBumper">

                    </Socket>
                  </AddonSockets>
                  <AddonSockets DefaultAddon="ws_4964_white_exhaust_default">
                    <Socket ParentFrame="BoneCabin_cdt" Offset="(0; 0; 0)" Names="WS4964WhiteExhaust">

                    </Socket>
                  </AddonSockets>
                  <AddonSockets DefaultAddon="ws_4964_white_fender_default">
                    <Socket ParentFrame="BoneChassis_cdt" Offset="(0; 0; 0)" Names="WS4964WhiteFender">
                        <ExtraParent Frame="BoneCabin_cdt">

                        </ExtraParent>
                    </Socket>
                  </AddonSockets>
                  <AddonSockets DefaultAddon="ws_4964_white_horn_1">
                    <Socket ParentFrame="BoneCabin_cdt" Offset="(0; 0; 0)" Names="WS4964WhiteHorn">

                    </Socket>
                  </AddonSockets>
                  <AddonSockets>
                    <Socket ParentFrame="BoneCabin_cdt" Offset="(0; 0; 0)" Names="WS4964WhiteBeacon">

                    </Socket>
                  </AddonSockets>
                  <AddonSockets>
                    <Socket ParentFrame="BoneCabin_cdt" Offset="(0; 0; 0)" Names="WS4964WhiteVisor">

                    </Socket>
                  </AddonSockets>
                  <AddonSockets>
                    <Socket ParentFrame="BoneCabin_cdt" Offset="(0; 0; 0)" Names="WS4964WhiteGabarite">

                    </Socket>
                  </AddonSockets>
                  <AddonSockets>
                    <Socket NamesBlock="FrameAddonKung, FrameAddonTank" Names="WS4964WhiteCabinProtector" ParentFrame="BoneCabin_cdt" Offset="(0; 0; 0)">

                    </Socket>
                  </AddonSockets>
                  <AddonSockets DefaultAddon="ws_4964_white_snorkel_1">
                    <Socket ParentFrame="BoneCabin_cdt" Offset="(0; 0; 0)" Names="WS4964WhiteSnorkel">

                    </Socket>
                  </AddonSockets>
                  <AddonSockets>
                    <Socket NamesBlock="WS4964WhiteBeacon, WS4964WhiteHorn" Names="WS4964WhiteSpotLight" ParentFrame="BoneCabin_cdt" Offset="(0; 0; 0)">

                    </Socket>
                  </AddonSockets>
                  <AddonSockets DefaultAddon="ws_4964_white_transferbox_default">
                    <Socket ParentFrame="BoneCabin_cdt" Offset="(0; 0; 0)" Names="Ws4964WhiteTransferBox">
                          <ExtraParent Frame="BoneAxle1">

                          </ExtraParent>
                          <ExtraParent Frame="BoneChassis_cdt">

                          </ExtraParent>
                    </Socket>
                  </AddonSockets>
                  <AddonSockets DefaultAddon="ws_4964_white_diff_lock_default">
                    <Socket ParentFrame="BoneChassis_cdt" Offset="(0; 0; 0)" Names="WS4964WhiteDiffLock">

                    </Socket>
                  </AddonSockets>
                  <AddonSockets>
                    <Socket Names="StuffDashboard" InCockpit="true" ParentFrame="BoneCabin_cdt" Offset="(2.376; 2.178; -0)">

                    </Socket>
                  </AddonSockets>
                  <AddonSockets>
                      <Socket Names="StuffAirfreshener" InCockpit="true" ParentFrame="BoneCabin_cdt" Offset="(2.352; 2.58; 0.074)">

                      </Socket>
                      <Socket ParentFrame="BoneCabin_cdt" InCockpit="true" Names="StuffCurtainWS4964White">

                      </Socket>
                  </AddonSockets>
                  <AddonSockets>
                    <Socket Names="WS4964WhiteSticker_1x1_01" InCockpit="true" ParentFrame="BoneCabin_cdt" Offset="(0; 0; 0)">

                    </Socket>
                  </AddonSockets>
                  <AddonSockets>
                    <Socket Names="WS4964WhiteSticker_1x1_02" InCockpit="true" ParentFrame="BoneCabin_cdt" Offset="(0; 0; 0)">

                    </Socket>
                  </AddonSockets>
                  <AddonSockets>
                    <Socket Names="WS4964WhiteSticker_1x1_03" InCockpit="true" ParentFrame="BoneSunshieldLeft_cdt" Offset="(0; 0; 0)">

                    </Socket>
                  </AddonSockets>
                  <AddonSockets>
                    <Socket Names="WS4964WhiteSticker_1x2_01" InCockpit="true" ParentFrame="BoneCabin_cdt" Offset="(0; 0; 0)">

                    </Socket>
                  </AddonSockets>
                  <AddonSockets>
                    <Socket Names="WS4964WhiteSticker_1x2_02" InCockpit="true" ParentFrame="BoneSunshieldLeft_cdt" Offset="(0; 0; 0)">

                    </Socket>
                  </AddonSockets>
                  <AddonSockets>
                    <Socket Names="WS4964WhiteSticker_1x4_01" InCockpit="true" ParentFrame="BoneSunshieldRight_cdt" Offset="(0; 0; 0)">

                    </Socket>
                  </AddonSockets>
                  <AddonSockets>
                    <Socket ParentFrame="BoneCabin_cdt" Offset="(0; 0; 0)" Names="WS4964WhiteSticker_Roof">

                    </Socket>
                  </AddonSockets>
                  <AddonSockets>
                    <Socket Names="WS4964WhiteSticker_Capote" InCockpit="true" ParentFrame="BoneCabin_cdt" Offset="(0; 0; 0)">

                    </Socket>
                  </AddonSockets>
                  <AddonSockets>
                    <Socket Names="WS4964WhiteSticker_Door_L" InCockpit="true" ParentFrame="BoneCabin_cdt" Offset="(0; 0; 0)">

                    </Socket>
                  </AddonSockets>
                  <AddonSockets>
                    <Socket ParentFrame="BoneCabin_cdt" Offset="(0; 0; 0)" Names="WS4964WhiteSticker_Door_R">

                    </Socket>
                  </AddonSockets>
                  <AddonSockets>
                    <Socket ParentFrame="BoneCabin_cdt" InCockpit="true" Names="WS4964WhiteSticker_GlassTop">

                    </Socket>
                  </AddonSockets>
                  <AddonSockets>
                    <Socket ParentFrame="BoneCabin_cdt" InCockpit="true" Names="WS4964WhiteSticker_GlassBottom">

                    </Socket>
                  </AddonSockets>
                  <AddonSockets>
                    <Socket ParentFrame="BoneCabin_cdt" Names="StuffHoodWS4964White">

                    </Socket>
                  </AddonSockets>
                    <WinchSocket Pos="(4.406; 0.777; 0.502)" ParentFrame="BoneCabin_cdt">

                    </WinchSocket>
                    <WinchSocket Pos="(4.406; 0.777; -0.502)" ParentFrame="BoneCabin_cdt">

                    </WinchSocket>
                    <WinchSocket Pos="(-4.33; 0.867; -0)">

                    </WinchSocket>
                    <WinchSocket Pos="(-0.321; 0.945; 0.505)">

                    </WinchSocket>
                    <WinchSocket Pos="(-0.321; 0.945; -0.505)">

                    </WinchSocket>
            <UiDesc UiDesc="UI_VEHICLE_WS_4964_WHITE_DESC" UiIcon30x30="heavyDutyVehicleImg30" UiName="UI_VEHICLE_WS_4964_WHITE_NAME" UiIconLogo="WesternStarLogo80" UiIcon40x40="heavyDutyVehicleImg" UiIcon328x458="shopImgWesternStarWhite">

            </UiDesc>
      </GameData>
      <ControlledConstraints>
              <Constraint Name="TieRodSteer" IsLinkedSteering="true" Id="chassis_steer">

              </Constraint>
      </ControlledConstraints>
      <HeadLight ParentFrame="BoneCabin_cdt" _template="Default" Pos="(4.539; 1.163; -0)">

      </HeadLight>
      <Landmark Mesh="landmarks/ws_4964_white_lmk" MaxScale="3.8" MinScale="1.8">

      </Landmark>
      <AutomaticIK>
                    <IKBone ParentFrame="BoneTieRod_cdt" ModelFrame="BoneBeam1">
                        <IKBone AttachToFrame="BoneRackLeft" AttachOffset="(0; 0; 0)" ModelFrame="BoneBeam2">
                            <IKJoint AxisLocal="(0; 1; 0)" Type="Slider">

                            </IKJoint>
                        </IKBone>
                        <IKJoint AxisLocal="(0; 1; 0)" Type="Hinge2">

                        </IKJoint>
                    </IKBone>
      </AutomaticIK>
      <ModelAttachments>
                      <StopSignals>
                            <Flare _template="StopSignal" Pos="(-4.106; 0.716; 0.401)">

                            </Flare>
                            <Flare _template="StopSignal" Pos="(-4.106; 0.716; -0.401)">

                            </Flare>
                          <Light _template="StopSignal" Pos="(-4.292; 0.698; -0)">

                          </Light>
                      </StopSignals>
                      <Ignition>
                              <Flare ParentFrame="BoneCabin_cdt" _template="MarkerBeacon" Pos="(4.073; 1.625; -1.255)">

                              </Flare>
                              <Flare ParentFrame="BoneCabin_cdt" _template="MarkerBeacon" Pos="(4.124; 1.625; -1.255)">

                              </Flare>
                              <Flare ParentFrame="BoneCabin_cdt" _template="MarkerBeacon" Pos="(4.073; 1.625; 1.255)">

                              </Flare>
                              <Flare ParentFrame="BoneCabin_cdt" _template="MarkerBeacon" Pos="(4.124; 1.625; 1.255)">

                              </Flare>
                              <Flare ParentFrame="BoneCabin_cdt" _template="MarkerBeacon" Pos="(2.196; 2.702; -0.695)">

                              </Flare>
                              <Flare ParentFrame="BoneCabin_cdt" _template="MarkerBeacon" Pos="(2.197; 2.746; -0.143)">

                              </Flare>
                              <Flare ParentFrame="BoneCabin_cdt" _template="MarkerBeacon" Pos="(2.197; 2.747; 0)">

                              </Flare>
                              <Flare ParentFrame="BoneCabin_cdt" _template="MarkerBeacon" Pos="(2.197; 2.746; 0.143)">

                              </Flare>
                              <Flare ParentFrame="BoneCabin_cdt" _template="MarkerBeacon" Pos="(2.196; 2.702; 0.695)">

                              </Flare>
                              <Flare Dir="(0; 0; -1)" ParentFrame="BoneCabin_cdt" _template="IgnitionSignalOrange" Pos="(4.091; 1.41; -1.31)">

                              </Flare>
                              <Flare Dir="(0; 0; 1)" ParentFrame="BoneCabin_cdt" _template="IgnitionSignalOrange" Pos="(4.091; 1.41; 1.31)">

                              </Flare>
                              <Flare ParentFrame="BoneCabin_cdt" _template="IgnitionSignalWhite" Pos="(4.287; 1.336; -1.074)">

                              </Flare>
                              <Flare ParentFrame="BoneCabin_cdt" _template="IgnitionSignalWhite" Pos="(4.287; 1.336; 1.074)">

                              </Flare>
                              <Flare _template="IgnitionSignalRed" Pos="(-4.106; 0.716; -0.401)">

                              </Flare>
                              <Flare Size="0.15" _template="IgnitionSignalRed" Pos="(-4.106; 0.716; 0.401)">

                              </Flare>
                                <Light Color="g(255; 205; 145) x 0.8" ParentFrame="BoneCabin_cdt" _template="IgnitionSignalWhite" Pos="(4.539; 1.163; 1)">

                                </Light>
                                <Light Color="g(255; 205; 145) x 0.8" ParentFrame="BoneCabin_cdt" _template="IgnitionSignalWhite" Pos="(4.539; 1.163; -1)">

                                </Light>
                                <Light Size="0.15" _template="IgnitionSignalRed" Pos="(-4.200; 0.716; 0)">

                                </Light>
                      </Ignition>
                      <HeadLight>
                                <Flare ParentFrame="BoneCabin_cdt" Size="0.8" Pos="(4.287; 1.336; -1.074)" _template="HeadLight">

                                </Flare>
                                <Flare ParentFrame="BoneCabin_cdt" Size="0.8" Pos="(4.287; 1.336; 1.074)" _template="HeadLight">

                                </Flare>
                                <Flare ParentFrame="BoneCabin_cdt" _template="BlueStreak" Pos="(4.287; 1.336; -1.074)">

                                </Flare>
                                <Flare ParentFrame="BoneCabin_cdt" _template="BlueStreak" Pos="(4.287; 1.336; 1.074)">

                                </Flare>
                                  <Model Org="(4.287; 1.336; -1.074)" _template="HeadLightRay" ParentFrame="BoneCabin_cdt">

                                  </Model>
                                  <Model Org="(4.287; 1.336; 1.074)" _template="HeadLightRay" ParentFrame="BoneCabin_cdt">

                                  </Model>
                      </HeadLight>
                      <ReverseSignals>
                                  <Flare Size="0.4" _template="ReverseSignal" Pos="(-4.106; 0.716; 0.401)">

                                  </Flare>
                                  <Flare Size="0.4" _template="ReverseSignal" Pos="(-4.106; 0.716; -0.401)">

                                  </Flare>
                                  <Flare Color="g(220; 220; 255) x 0.05" Pos="(-4.106; 0.716; 0.401)" Dir="(-1; 0; 0)" Size="0.4" _template="BlueStreak">

                                  </Flare>
                                  <Flare Color="g(220; 220; 255) x 0.05" Pos="(-4.106; 0.716; -0.401)" Dir="(-1; 0; 0)" Size="0.4" _template="BlueStreak">

                                  </Flare>
                                <Light _template="ReverseSignal" Pos="(-4.292; 0.698; -0)">

                                </Light>
                      </ReverseSignals>
      </ModelAttachments>
      <TruckData EngineIconMesh="env/engine_default" EngineStartDelay="0.8" TruckType="HEAVY_DUTY" ExhaustStartTime="0.9" SteerSpeed="0.025" TruckImage="ws4964mchr" DiffLockType="Installed" Responsiveness="0.15" FuelCapacity="300" EngineIconScale="1.3" BackSteerSpeed="0.02">
                        <Driver ParentFrame="BoneCabin_cdt" Pos="(1.753; 1.728; 0.457)" SteeringWheelPos="(2.136; 2.056; 0.455)">

                        </Driver>
                        <Shafts>
                              <Shaft SocketPointB="ShaftWheel2WheelB" SocketPointA="ShaftWheel2WheelA">

                              </Shaft>
                        </Shafts>
                        <FuelTank DamageCapacity="50">

                        </FuelTank>
                        <Dashboard>
                                    <Gauge Org="(2.367; 1.994; 0.208)" Mesh="trucks/arrows/ws_4964_white_arrow_02" RandomInputRange="(0;0.1)" OutputAngles="(-115;115)" Dir="(-0.875; 0.485; -0.001)" InputType="rpm" Damping="0.9" InputRange="(0;1)">

                                    </Gauge>
                                    <Gauge Org="(2.388; 2.069; 0.444)" OutputAngles="(-40;0)" Mesh="trucks/arrows/ws_4964_white_arrow_03" Damping="0.9" InputRange="(0;1)" InputType="engineEnabled" Dir="(-0.962; 0.274; -0.003)">

                                    </Gauge>
                                    <Gauge Org="(2.365; 1.989; 0.444)" OutputAngles="(-130;130)" Mesh="trucks/arrows/ws_4964_white_arrow_03" Damping="0.9" InputRange="(0;1)" InputType="none" Dir="(-0.962; 0.274; -0.003)">

                                    </Gauge>
                                    <Gauge Org="(2.379; 2.035; 0.394)" OutputAngles="(-130;50)" Mesh="trucks/arrows/ws_4964_white_arrow_03" Damping="0.99" InputRange="(0;1)" InputType="engineEnabled" Dir="(-0.962; 0.274; -0.003)">

                                    </Gauge>
                                    <Gauge Org="(2.387; 2.067; 0.338)" OutputAngles="(-40;10)" Mesh="trucks/arrows/ws_4964_white_arrow_01" Damping="0.9992" InputRange="(0;1)" InputType="engineEnabled" Dir="(-0.962; 0.274; -0.003)">

                                    </Gauge>
                                    <Gauge Org="(2.362; 1.98; 0.338)" OutputAngles="(-30;30)" Mesh="trucks/arrows/ws_4964_white_arrow_01" Damping="0.9" InputRange="(0;1)" InputType="fuel" Dir="(-0.962; 0.274; -0.003)">

                                    </Gauge>
                                    <Gauge Org="(2.367; 1.995; 0.6)" OutputAngles="(-115;115)" Mesh="trucks/arrows/ws_4964_white_arrow_02" Damping="0.9" InputRange="(0;160)" InputType="speed" Dir="(-0.875; 0.485; -0.001)">

                                    </Gauge>
                                    <Gauge Org="(2.331; 2.05; 0.06)" OutputAngles="(-130;130)" Mesh="trucks/arrows/ws_4964_white_arrow_03" Damping="0.9" InputRange="(0;1)" InputType="none" Dir="(-1; 0; 0)">

                                    </Gauge>
                                    <Gauge Org="(2.331; 2.005; 0)" OutputAngles="(-30;5)" Mesh="trucks/arrows/ws_4964_white_arrow_01" Damping="0.9995" InputRange="(0;1)" InputType="engineEnabled" Dir="(-1; 0; 0)">

                                    </Gauge>
                                    <Gauge Org="(2.331; 2.05; -0.06)" OutputAngles="(-130;130)" Mesh="trucks/arrows/ws_4964_white_arrow_03" Damping="0.9" InputRange="(0;1)" InputType="none" Dir="(-1; 0; 0)">

                                    </Gauge>
                        </Dashboard>
                        <SoundsWheels _template="Default">

                        </SoundsWheels>
                        <GearboxSocket Default="g_truck_default" Type="gearboxes_trucks">

                        </GearboxSocket>
                                      <Steam Origin="(1.472; 1.097; -0)">

                                      </Steam>
                                      <Steam ParentFrame="BoneCabin_cdt" Origin="(3.55; 1.2; -0)" Scale="0.5">

                                      </Steam>
                        <Sounds DisableReversePitch="true" MinDist="10.0" Origin="(3.35; 1.6; -0)" ParentFrame="BoneCabin_cdt" AirHissInterval="12.0" _template="Default">
                                          <BrakesSqueal Sound="trucks/ws_4964_white/ws_4964_white_brakes_squeal">

                                          </BrakesSqueal>
                                          <AbruptStop Sound="trucks/common/truck_swing_big_old_rnd_set/truck_swing_big_old_rnd">

                                          </AbruptStop>
                                          <EngineLow Sound="trucks/ws_4964_white/ws_4964_white_low">

                                          </EngineLow>
                                          <EngineRev Sound="trucks/ws_4964_white/ws_4964_white_rev">

                                          </EngineRev>
                                          <EngineAccel Sound="trucks/ws_4964_white/ws_4964_white_acc">

                                          </EngineAccel>
                                          <Honk Sound="trucks/common/truck_honk_default">

                                          </Honk>
                                          <EngineStop Sound="trucks/ws_4964_white/ws_4964_white_stop">

                                          </EngineStop>
                                          <Handbrake Sound="trucks/ws_4964_white/ws_4964_white_handbrake_on">

                                          </Handbrake>
                                          <EngineIdle_2d IsSound2D="true" Sound="trucks/ws_4964_white/ws_4964_white_idle_2d">

                                          </EngineIdle_2d>
                                          <HandbrakeOff Sound="trucks/ws_4964_white/ws_4964_white_handbrake_off">

                                          </HandbrakeOff>
                                          <EngineHeavy_2d IsSound2D="true" Sound="trucks/ws_4964_white/ws_4964_white_heavy_2d">

                                          </EngineHeavy_2d>
                                          <Reverse Sound="">

                                          </Reverse>
                                          <EngineHigh_2d IsSound2D="true" Sound="trucks/ws_4964_white/ws_4964_white_high_2d">

                                          </EngineHigh_2d>
                                          <EngineIdle Sound="trucks/ws_4964_white/ws_4964_white_idle">

                                          </EngineIdle>
                                          <EngineLow_2d IsSound2D="true" Sound="trucks/ws_4964_white/ws_4964_white_low_2d">

                                          </EngineLow_2d>
                                          <EngineHigh Sound="trucks/ws_4964_white/ws_4964_white_high">

                                          </EngineHigh>
                                          <EngineHeavy Sound="trucks/ws_4964_white/ws_4964_white_heavy">

                                          </EngineHeavy>
                                          <EngineStart Sound="trucks/ws_4964_white/ws_4964_white_start">

                                          </EngineStart>
                                          <GearFail Sound="trucks/common/truck_gear_wrong/truck_gear_wrong_big_old">

                                          </GearFail>
                        </Sounds>
                        <Intake Size="1.219" Origin="(4.422; 1.446; -0)" Dir="(1; 0; 0)">

                        </Intake>
                        <SoundsDamage _template="Heavy">

                        </SoundsDamage>
                                              <LimitedFluid Type="Cylinder" Center="(2.124; 0.828; -0.857)" LengthX="1.529" RadiusZ="0.285" RadiusY="0.285">

                                              </LimitedFluid>
                                              <LimitedFluid Type="Cylinder" Center="(1.791; 0.828; 0.857)" LengthX="1.118" RadiusZ="0.285" RadiusY="0.285">

                                              </LimitedFluid>
                        <Camera ParentFrame="BoneCabin_cdt" Center="(-1.25; 0; 0)">
                                                  <Cockpit WindshieldShadingTexture="trucks/white_ws4964_glass__sh_d.tga" WindshieldDiffuseTexture="trucks/white_ws4964_glass__d_a.tga" _template="Default" ViewPos="(1.665; 2.411; 0.457)">
                                                        <Mirror FOVScale="2" Pos="(2.026; 2.318; 1.247)" ClipDir="(-0.895; 0; -0.447)" ReflectionDir="(-0.895; 0; -0.447)" Size="(0.17; 0.38)" ClipOffset="0.25" MeshFrame="mirror_left">

                                                        </Mirror>
                                                        <Mirror FOVScale="2.4" Pos="(2.027; 2.317; -1.25)" ClipDir="(-0.811; 0; 0.586)" ReflectionDir="(-0.811; 0; 0.586)" Size="(0.17; 0.38)" ClipOffset="0.25" MeshFrame="mirror_right">

                                                        </Mirror>
                                                      <Rear ViewPosOffset="(0; -0.1; 0.7)">

                                                      </Rear>
                                                  </Cockpit>
                        </Camera>
                        <SuspensionSocket Default="white_ws4964_suspension_default" Type="s_white_ws4964" MaxWheelRadiusWithoutSuspension="0.4">

                        </SuspensionSocket>
                        <Wheels DefaultTire="highway_1" DefaultWheelType="wheels_medium_double" DefaultRim="rim_1">
                                                        <Wheel _template="RearWheel" Pos="(-3.41; 0.579; 1.086)">

                                                        </Wheel>
                                                        <Wheel Pos="(-3.41; 0.579; 1.086)" _template="RearWheel" RightSide="true">

                                                        </Wheel>
                                                        <Wheel _template="RearWheel" Pos="(-2.090; 0.579; 1.086)">

                                                        </Wheel>
                                                        <Wheel Pos="(-2.090; 0.579; 1.086)" _template="RearWheel" RightSide="true">

                                                        </Wheel>
                                                        <Wheel _template="FrontWheel" Pos="(3.629; 0.579; 1.09)">

                                                        </Wheel>
                                                        <Wheel Pos="(3.629; 0.579; 1.09)" _template="FrontWheel" RightSide="true">

                                                        </Wheel>
                        </Wheels>
                        <Axles>
                                                          <Axle Frame="BoneAxle1">

                                                          </Axle>
                                                          <Axle Frame="BoneAxle2">

                                                          </Axle>
                                                          <Axle Frame="BoneAxle3">

                                                          </Axle>
                        </Axles>
                        <Damage SensationMin="(1.342; 1.95; -0.84)" Capacity="600" ParentFrame="BoneCabin_cdt" SensationMax="(2.362; 2.629; 0.827)">
                                                            <DamageArea Max="(4.4; 2; 0.6)" Type="Engine" ParentFrame="BoneCabin_cdt" Min="(2.5; 0.9; -0.6)">

                                                            </DamageArea>
                                                            <DamageArea Max="(2.95; 1.15; 1.25)" Type="FuelTank" ParentFrame="BoneChassis_cdt" Min="(1.27; 0.5; -1.25)">

                                                            </DamageArea>
                        </Damage>
                        <OcclusionMap HalfSizeZ="2" MinX="-4.462" MaxX="4.809">

                        </OcclusionMap>
                        <EngineSocket Default="us_truck_old_engine_0" Type="e_us_truck_old, e_us_truck_old_top">

                        </EngineSocket>
                        <WinchUpgradeSocket Default="w_medium_trucks_default" IsUpgradable="true" Type="winches_medium_trucks">

                        </WinchUpgradeSocket>
                        <SteeringWheel Frame="BoneSteering">

                        </SteeringWheel>
                                                                  <CompatibleWheels Scale="0.55" Type="wheels_medium_double">

                                                                  </CompatibleWheels>
                                                                  <CompatibleWheels Scale="0.60" Type="wheels_medium_double">

                                                                  </CompatibleWheels>
                        <SteeringRack RackHalfSizeZ="0.809" Frame="BoneRack" FrameSteerLeft="BoneRackLeft" FrameSteerRight="BoneRackRight">

                        </SteeringRack>
      </TruckData>
  </Truck>
  <_templates Include="trucks">
        <Wheel>
            <RearWheel Torque="default" Location="rear" ConnectedToHandbrake="true">

            </RearWheel>
            <FrontWheel SteeringCastor="8" ParentFrame="BoneCabin_cdt" Torque="connectable" SteeringAngle="40" Location="front">

            </FrontWheel>
        </Wheel>
        <Body>
              <SideMirror Collisions="None" Mass="5">
                  <Constraint MinLimit="-15" Type="Hinge" MaxLimit="15" AxisLocal="(0; 1; 0)">
                      <Motor Spring="350" Type="Spring" Damping="1">

                      </Motor>
                  </Constraint>
              </SideMirror>
        </Body>
        <Flare>
                <IgnitionSignalWhite Color="g(165; 149; 130) x 1" AspectRatio="1.4" Dir="(1; 0; 0)" Size="0.4" DirAngle="120">

                </IgnitionSignalWhite>
                <MarkerBeacon Size="0.3" Color="g(125; 81; 18) x 0.7">

                </MarkerBeacon>
        </Flare>
  </_templates>