  <Truck>
      <PhysicsModel Mesh="trucks/yar_87">
          <NetSync Legacy="false">

          </NetSync>
          <Body CenterOfMassOffset="(-0.4; -0.2; 0)" ImpactType="Truck" NetSync="pv" Mass="2300">
                <Body CenterOfMassOffset="(0.4; -0.1; 0)" ImpactType="Truck" NetSync="pv" ModelFrame="BoneCabin_cdt" Mass="2000">
                    <Constraint Type="Fixed">

                    </Constraint>
                        <Body _template="TieRod" ModelFrame="BoneTieRod_cdt">
                          <Constraint Name="TieRodSteer">

                          </Constraint>
                        </Body>
                        <Body _template="SideMirror" ModelFrame="BoneMirrorRight_cdt">

                        </Body>
                        <Body _template="SideMirror" ModelFrame="BoneMirrorLeft_cdt">

                        </Body>
                        <Body _template="SunShield" ModelFrame="BoneSunshieldLeft_cdt">

                        </Body>
                        <Body _template="SunShield" ModelFrame="BoneSunshieldRight_cdt">

                        </Body>
                        <Body CenterOfMassOffset="(0; 0; 0)" ModelFrame="BoneKey1_cdt" Collisions="None" Mass="0.1">
                          <Constraint Type="Hinge" MaxLimit="1" PivotOffset="(0; 0; 0)" AxisLocal="(0; 0; 1)" MinLimit="-50">
                              <Motor Spring="0.001" Type="Spring" Damping="0.0001">

                              </Motor>
                          </Constraint>
                          <Body CenterOfMassOffset="(0; 0; 0)" ModelFrame="BoneKey2_cdt" Collisions="None" Mass="0.1">
                                <Constraint Type="Hinge" MaxLimit="5" PivotOffset="(0; 0; 0)" AxisLocal="(0; 1; 0)" MinLimit="-50">
                                    <Motor Spring="0.001" Type="Spring" Damping="0.001">

                                    </Motor>
                                </Constraint>
                          </Body>
                        </Body>
                </Body>
          </Body>
      </PhysicsModel>
      <GameData Country="RU,CAS" Price="15100" UnlockByRank="10" UnlockByExploration="false">
            <CustomizationCameras>
                  <CameraPos Interior="true" Position="(7.505; 7.775; -0.198)" FOV="32.0" InterestPosition="(3.234; 1.445; -0.471)" Name="roof_sticker">

                  </CameraPos>
                  <CameraPos Interior="true" Position="(4.52; 2.221; 0.045)" FOV="32.0" InterestPosition="(6.363; 0.83; 2.481)" Name="sticker_1">

                  </CameraPos>
                  <CameraPos InterestPosition="(1.036; 1.692; -0)" Name="addon_1" MaxXRotation="360" Position="(-6.923; 2.071; 10.147)" MaxZoom="2" FOV="32.0" MaxYRotation="360">

                  </CameraPos>
                  <CameraPos InterestPosition="(4.991; 1.77; 0)" Name="addon_2" MaxXRotation="360" Position="(10.328; 3.173; 3.632)" MaxZoom="2" FOV="32.0" MaxYRotation="360">

                  </CameraPos>
                  <CameraPos Interior="true" Position="(4.511; 2.221; -0.645)" FOV="32.0" InterestPosition="(6.662; 2.007; 2.102)" Name="mirror_mount">

                  </CameraPos>
                  <CameraPos InterestPosition="(4.679; 0.759; -0)" Name="side_r" MaxXRotation="360" Position="(9.22; 3.041; -2.085)" MaxZoom="2" FOV="32.0" MaxYRotation="360">

                  </CameraPos>
                  <CameraPos Interior="true" Position="(4.727; 2.429; -0.234)" FOV="32.0" InterestPosition="(7.05; 0.239; -0.366)" Name="sticker">

                  </CameraPos>
                  <CameraPos Interior="true" Position="(8.771; 2.86; 0.742)" FOV="32.0" InterestPosition="(5.353; 2.095; -0.865)" Name="glass_sticker">

                  </CameraPos>
                  <CameraPos Interior="true" Position="(3.667; 2.206; 3.558)" FOV="32.0" InterestPosition="(6.279; 1.198; 0.998)" Name="door_r_sticker">

                  </CameraPos>
                  <CameraPos InterestPosition="(4.356; 1.826; -0)" Name="roof" MaxXRotation="360" Position="(9.734; 4.242; -2.181)" MaxZoom="2" FOV="32.0" MaxYRotation="360">

                  </CameraPos>
                  <CameraPos Interior="true" Position="(9.036; 4.256; -0.274)" FOV="32.0" InterestPosition="(5.848; 0.674; -0.74)" Name="capote_sticker">

                  </CameraPos>
                  <CameraPos InterestPosition="(5.614; 1.07; 0)" Name="hoods" MaxXRotation="360" Position="(11.871; 1.596; -4.389)" MaxZoom="2" FOV="32.0" MaxYRotation="360">

                  </CameraPos>
                  <CameraPos Interior="true" Position="(5.221; 1.595; 0.03)" FOV="32.0" InterestPosition="(6.662; 0.61; 1.935)" Name="sticker_2">

                  </CameraPos>
                  <CameraPos InterestPosition="(5.944; 0.759; 0)" Name="side_l" MaxXRotation="360" Position="(9.22; 3.041; 3.401)" MaxZoom="2" FOV="32.0" MaxYRotation="360">

                  </CameraPos>
                  <CameraPos Interior="true" Position="(4.625; 2.161; -0.442)" FOV="32.0" InterestPosition="(6.662; 1.054; 1.687)" Name="bubble_head">

                  </CameraPos>
                  <CameraPos InterestPosition="(5.622; 0.493; -0)" Name="wheels" MaxXRotation="360" Position="(8.75; 1.882; -4.557)" MaxZoom="2" FOV="32.0" MaxYRotation="360">

                  </CameraPos>
                  <CameraPos InterestPosition="(5.614; 1.07; 0)" Name="default" MaxXRotation="360" Position="(11.871; 1.596; -4.389)" MaxZoom="2" FOV="32.0" MaxYRotation="360">

                  </CameraPos>
                  <CameraPos InterestPosition="(3.374; 1.35; 0)" Name="rear" MaxXRotation="360" Position="(-3.117; 1.878; 5.651)" MaxZoom="2" FOV="32.0" MaxYRotation="360">

                  </CameraPos>
                  <CameraPos Interior="true" Position="(3.937; 2.122; -3.867)" FOV="32.0" InterestPosition="(4.531; 1.263; -0.316)" Name="door_l_sticker">

                  </CameraPos>
                  <CameraPos Interior="true" Position="(8.271; 1.94; -1.286)" FOV="32.0" InterestPosition="(7.114; 1.592; -1.286)" Name="hood_ornament">

                  </CameraPos>
            </CustomizationCameras>
                <CraneSocket Pos="(2.881; 1.007; -0.304)">

                </CraneSocket>
                <CraneSocket Pos="(2.881; 1.007; 0.304)">

                </CraneSocket>
                <CraneSocket Pos="(-2.777; 0.754; 0)">

                </CraneSocket>
                <CraneSocket Pos="(-0.2; 2.55; 0)">

                </CraneSocket>
                <CraneSocket Pos="(0.064; 1.075; 1.181)">

                </CraneSocket>
                <CraneSocket Pos="(0.064; 1.075; -1.181)">

                </CraneSocket>
                  <AddonSockets DefaultAddon="yar_87_front_bumper_default">
                    <Socket Names="Yar87FrontBumper">

                    </Socket>
                  </AddonSockets>
                  <AddonSockets DefaultAddon="yar_87_rear_bumper">
                    <Socket Names="Yar87RearBumper">

                    </Socket>
                  </AddonSockets>
                  <AddonSockets DefaultAddon="yar_87_beacon">
                    <Socket Names="Yar87Beacon">

                    </Socket>
                  </AddonSockets>
                  <AddonSockets>
                    <Socket Names="Yar87Beacon2">

                    </Socket>
                  </AddonSockets>
                  <AddonSockets DefaultAddon="yar_87_spotlight">
                    <Socket Names="Yar87SpotlightDefault">

                    </Socket>
                  </AddonSockets>
                  <AddonSockets>
                      <Socket NamesBlock="Yar87SpotlightDefault" Names="Yar87Spotlight1">

                      </Socket>
                      <Socket NamesBlock="Yar87Beacon" Names="Yar87Roofrack">

                      </Socket>
                  </AddonSockets>
                  <AddonSockets>
                    <Socket Names="Yar87Horn">

                    </Socket>
                  </AddonSockets>
                  <AddonSockets>
                    <Socket Names="Yar87Visor">

                    </Socket>
                  </AddonSockets>
                  <AddonSockets>
                    <Socket Names="Yar87Gabarite">

                    </Socket>
                  </AddonSockets>
                  <AddonSockets>
                    <Socket Names="Yar87Snorkel">

                    </Socket>
                  </AddonSockets>
                  <AddonSockets>
                    <Socket Offset="(-2.776; 0.78; 0)" Names="ScautTrailer">

                    </Socket>
                  </AddonSockets>
                  <AddonSockets>
                    <Socket Names="StuffDashboard" InCockpit="true" ParentFrame="BoneCabin_cdt" Offset="(0.994; 1.79; 0.026)">

                    </Socket>
                  </AddonSockets>
                  <AddonSockets>
                    <Socket Names="StuffAirfreshener" InCockpit="true" ParentFrame="BoneCabin_cdt" Offset="(0.8; 2.328; -0.007)">

                    </Socket>
                  </AddonSockets>
                  <AddonSockets>
                    <Socket Names="Yar87Sticker_1x1_01" InCockpit="true" ParentFrame="BoneCabin_cdt" Offset="(0; 0; 0)">

                    </Socket>
                  </AddonSockets>
                  <AddonSockets>
                    <Socket Names="Yar87Sticker_1x1_02" InCockpit="true" ParentFrame="BoneCabin_cdt" Offset="(0; 0; 0)">

                    </Socket>
                  </AddonSockets>
                  <AddonSockets>
                    <Socket Names="Yar87Sticker_1x2_01" InCockpit="true" ParentFrame="BoneCabin_cdt" Offset="(0; 0; 0)">

                    </Socket>
                  </AddonSockets>
                  <AddonSockets>
                    <Socket Names="Yar87Sticker_1x2_02" InCockpit="true" ParentFrame="BoneCabin_cdt" Offset="(0; 0; 0)">

                    </Socket>
                  </AddonSockets>
                  <AddonSockets>
                    <Socket Names="Yar87Sticker_1x4_01" InCockpit="true" ParentFrame="BoneCabin_cdt" Offset="(0; 0; 0)">

                    </Socket>
                  </AddonSockets>
                  <AddonSockets>
                    <Socket ParentFrame="BoneCabin_cdt" InCockpit="true" Names="yar87Sticker_GlassTop">

                    </Socket>
                  </AddonSockets>
                  <AddonSockets>
                    <Socket ParentFrame="BoneCabin_cdt" InCockpit="true" Names="Yar87Sticker_Capote">

                    </Socket>
                  </AddonSockets>
                  <AddonSockets>
                    <Socket ParentFrame="BoneCabin_cdt" Names="Yar87Sticker_Roof">

                    </Socket>
                  </AddonSockets>
                  <AddonSockets>
                    <Socket ParentFrame="BoneCabin_cdt" Names="Yar87Sticker_Door_R">

                    </Socket>
                  </AddonSockets>
                  <AddonSockets>
                    <Socket ParentFrame="BoneCabin_cdt" InCockpit="true" Names="Yar87Sticker_Door_L">

                    </Socket>
                  </AddonSockets>
                  <AddonSockets>
                    <Socket ParentFrame="BoneCabin_cdt" Names="StuffHoodYar87">

                    </Socket>
                  </AddonSockets>
                    <WinchSocket Pos="(2.881; 1.007; -0.304)">

                    </WinchSocket>
                    <WinchSocket Pos="(2.881; 1.007; 0.304)">

                    </WinchSocket>
                    <WinchSocket Pos="(-2.777; 0.754; 0)">

                    </WinchSocket>
                    <WinchSocket Pos="(0.064; 1.075; 1.181)">

                    </WinchSocket>
                    <WinchSocket Pos="(0.064; 1.075; -1.181)">

                    </WinchSocket>
            <UiDesc UiDesc="UI_VEHICLE_YAR_87_DESC" UiIcon30x30="scoutVehicleImg30" UiName="UI_VEHICLE_YAR_87_NAME" UiIconLogo="YARLogo80" UiIcon40x40="scoutVehicleImg" UiIcon328x458="shopImgYar87">

            </UiDesc>
      </GameData>
      <ControlledConstraints>
              <Constraint Name="TieRodSteer" IsLinkedSteering="true" Id="chassis_steer">

              </Constraint>
      </ControlledConstraints>
      <HeadLight Pos="(3; 1.2; 0)" _template="Default" Color="g(255; 212; 154) x 5">

      </HeadLight>
      <TruckData EngineIconMesh="env/engine_small" EngineStartDelay="2" TruckType="SCOUT" ExhaustStartTime="1.8" SteerSpeed="0.05" TruckImage="YARmchr" DiffLockType="Always" Responsiveness="0.55" FuelCapacity="110" EngineIconScale="1.35" BackSteerSpeed="0.05">
                  <Driver SteeringWheelPos="(0.673; 1.739; 0.545)" Pos="(0.36; 1.349; 0.548)" LegsOffset="(0; -0.03; 0)" AnimationSet="Scout">

                  </Driver>
                  <Shafts>
                          <Shaft Mesh="env/minishaft" SocketPointB="Shaft1b" SocketPointA="Shaft1a">

                          </Shaft>
                          <Shaft Mesh="env/minishaft" SocketPointB="Shaft2b" SocketPointA="Shaft2a">

                          </Shaft>
                          <Shaft Mesh="env/minishaft" SocketPointB="Shaft3b" SocketPointA="Shaft3a">

                          </Shaft>
                          <Shaft Mesh="env/minishaft" SocketPointB="Shaft4b" SocketPointA="Shaft4a">

                          </Shaft>
                          <Shaft Mesh="env/minishaft" SocketPointB="Shaft5b" SocketPointA="Shaft5a">

                          </Shaft>
                  </Shafts>
                  <FuelTank DamageCapacity="50">

                  </FuelTank>
                  <Dashboard>
                              <Gauge Org="(0.993; 1.852; 0.84)" OutputAngles="(-134; 54)" Mesh="trucks/arrows/yar_87_arrow_3" Damping="0.99" InputRange="(0;1)" InputType="engineEnabled" Dir="(-1; 0; 0)">

                              </Gauge>
                              <Gauge Org="(0.941; 1.695; 0.731)" OutputAngles="(-40; 40)" Mesh="trucks/arrows/yar_87_arrow_2" Damping="0.99" InputRange="(0;1)" InputType="fuel" Dir="(-0.954; 0.3; 0)">

                              </Gauge>
                              <Gauge Org="(0.949; 1.718; 0.628)" OutputAngles="(-118; 120)" Dir="(-0.954; 0.3; 0)" InputType="speed" Mesh="trucks/arrows/yar_87_arrow_1" InputRange="(0;200)">

                              </Gauge>
                              <Gauge Org="(0.948; 1.718; 0.458)" OutputAngles="(-118; 119)" Mesh="trucks/arrows/yar_87_arrow_1" Damping="0.99" InputRange="(0;1)" InputType="rpm" Dir="(-0.954; 0.3; 0)">

                              </Gauge>
                              <Gauge Org="(0.941; 1.695; 0.355)" OutputAngles="(-39; 11)" Mesh="trucks/arrows/yar_87_arrow_2" Damping="0.99" InputRange="(0;1)" InputType="engineEnabled" Dir="(-0.954; 0.3; 0)">

                              </Gauge>
                  </Dashboard>
                  <SoundsWheels _template="Default">

                  </SoundsWheels>
                  <GearboxSocket Default="g_scout_default" Type="gearboxes_scouts">

                  </GearboxSocket>
                  <Steam Origin="(1.724; 1.245; 0)">

                  </Steam>
                  <Sounds DisableReversePitch="false" MinDist="10.0" Origin="(1.5; 1.24; 0)" _template="Default">
                                    <BrakesSqueal Sound="trucks/yar_87/yar_87_brakes_squeal">

                                    </BrakesSqueal>
                                    <AbruptStop Sound="trucks/common/truck_swing_big_rnd_set/truck_swing_big_rnd">

                                    </AbruptStop>
                                    <EngineLow Sound="trucks/yar_87/yar_87_low">

                                    </EngineLow>
                                    <EngineRev Sound="trucks/yar_87/yar_87_rev">

                                    </EngineRev>
                                    <GearFail Sound="trucks/common/truck_gear_wrong/truck_gear_wrong_small_modern">

                                    </GearFail>
                                    <Honk Sound="trucks/yar_87/yar_87_honk">

                                    </Honk>
                                    <EngineStop Sound="trucks/yar_87/yar_87_stop">

                                    </EngineStop>
                                    <Handbrake Sound="trucks/yar_87/yar_87_handbrake_on">

                                    </Handbrake>
                                    <Gear Sound="trucks/common/truck_gear_shift_medium_rnd_set/truck_gear_shift_medium_rnd">

                                    </Gear>
                                    <EngineIdle_2d IsSound2D="true" Sound="trucks/yar_87/yar_87_idle_2d">

                                    </EngineIdle_2d>
                                    <HandbrakeOff Sound="trucks/yar_87/yar_87_handbrake_off">

                                    </HandbrakeOff>
                                    <EngineHeavy_2d IsSound2D="true" Sound="trucks/yar_87/yar_87_heavy_2d">

                                    </EngineHeavy_2d>
                                    <Reverse Sound="trucks/yar_87/yar_87_reverse">

                                    </Reverse>
                                    <EngineAccel Sound="trucks/yar_87/yar_87_acc">

                                    </EngineAccel>
                                    <EngineHigh_2d IsSound2D="true" Sound="trucks/yar_87/yar_87_high_2d">

                                    </EngineHigh_2d>
                                    <EngineIdle Sound="trucks/yar_87/yar_87_idle">

                                    </EngineIdle>
                                    <EngineHigh Sound="trucks/yar_87/yar_87_high">

                                    </EngineHigh>
                                    <EngineLow_2d IsSound2D="true" Sound="trucks/yar_87/yar_87_low_2d">

                                    </EngineLow_2d>
                                    <BrakePull Sound="">

                                    </BrakePull>
                                    <EngineTrans Sound="">

                                    </EngineTrans>
                                    <EngineHeavy Sound="trucks/yar_87/yar_87_heavy">

                                    </EngineHeavy>
                                    <BrakeRelease Sound="">

                                    </BrakeRelease>
                                    <EngineStart Sound="trucks/yar_87/yar_87_start">

                                    </EngineStart>
                  </Sounds>
                  <Exhaust IsLight="true" Dir="(0; 0; -1)" Origin="(-1.215; 0.729; -0.528)" Speed="2.0">

                  </Exhaust>
                  <SoundsDamage _template="Scout">

                  </SoundsDamage>
                  <Shakers>
                                            <Shaker MaxFrequency="3" MaxAngle="(0.7; 0.7; 0.7)" Frame="BoneExhaust">

                                            </Shaker>
                                            <Shaker MaxFrequency="0.5" MaxAngle="(2; 2; 2)" Frame="BoneGearstick">

                                            </Shaker>
                  </Shakers>
                  <Camera Radius="1.2" Center="(-1.6; 0; 0)">
                                            <Cockpit WindshieldShadingTexture="trucks/yar_87_glass__sh_d.tga" WindshieldDiffuseTexture="trucks/yar_87_glass__d_a.tga" _template="Default" ViewPos="(0.323; 2.074; 0.548)">
                                                  <Mirror LookAtOffset="(0; 0; 0.06)" Pos="(0.848; 1.87; 1.136)" ClipDir="(-0.94; 0; -0.342)" ReflectionDir="(-0.94; 0; -0.342)" Size="(0.19; 0.3)" MeshFrame="mirror_left" FOVScale="1.5">

                                                  </Mirror>
                                                  <Mirror FOVScale="1.5" ClipDir="(-0.819; 0; 0.574)" Pos="(0.83; 1.87; -1.114)" Size="(0.19; 0.3)" MeshFrame="mirror_right" ReflectionDir="(-0.819; 0; 0.574)">

                                                  </Mirror>
                                                  <Mirror FOVScale=".8" Pos="(0.781; 2.329; -0.002)" ClipDir="(-0.888; -0.25; 0.386)" ReflectionDir="(-0.888; -0.25; 0.386)" Size="(0.24; 0.085)" ClipOffset="0.1" MeshFrame="hp_cab_mirror">

                                                  </Mirror>
                                            </Cockpit>
                  </Camera>
                  <SuspensionSocket Default="yar_87_suspension_default" Type="s_yar_87" MaxWheelRadiusWithoutSuspension="1.62">

                  </SuspensionSocket>
                  <Wheels DefaultTire="mudtires_1" DefaultWheelType="wheels_scout_yar_871" DefaultRim="rim_1">
                                                  <Wheel _template="FrontWheel" Pos="(2.065; 0.61; 0.97)">

                                                  </Wheel>
                                                  <Wheel Pos="(2.065; 0.61; 0.97)" _template="FrontWheel" RightSide="true">

                                                  </Wheel>
                                                  <Wheel _template="MiddleWheel" Pos="(-0.515; 0.61; 0.97)">

                                                  </Wheel>
                                                  <Wheel Pos="(-0.515; 0.61; 0.97)" _template="MiddleWheel" RightSide="true">

                                                  </Wheel>
                                                  <Wheel _template="RearWheel" Pos="(-1.915; 0.61; 0.97)">

                                                  </Wheel>
                                                  <Wheel Pos="(-1.915; 0.61; 0.97)" _template="RearWheel" RightSide="true">

                                                  </Wheel>
                  </Wheels>
                  <Axles>
                                                    <Axle Frame="BoneAxle1">

                                                    </Axle>
                                                    <Axle Frame="BoneAxle2">

                                                    </Axle>
                                                    <Axle Frame="BoneAxle3">

                                                    </Axle>
                  </Axles>
                  <Damage>
                                                      <DamageArea Max="(3; 1.7; 0.5)" Type="Engine" ParentFrame="BoneChassis_cdt" Min="(1.011; 0.6; -0.5)">

                                                      </DamageArea>
                                                      <DamageArea Max="(-1; 1.508; 1)" Type="FuelTank" ParentFrame="BoneChassis_cdt" Min="(-2.624; 0.6; -1)">

                                                      </DamageArea>
                  </Damage>
                  <OcclusionMap Texture="trucks/occlusion/chassis_small__s_d_a.tga" MaxX="3.5" MinX="-3.2" HalfSizeZ="2.4">

                  </OcclusionMap>
                  <EngineSocket Default="ru_scout_modern_engine_0" Type="e_ru_scout_modern">

                  </EngineSocket>
                  <WinchUpgradeSocket Default="w_scout_default" IsUpgradable="true" Type="winches_scouts">

                  </WinchUpgradeSocket>
                  <SteeringWheel Frame="BoneSteering">

                  </SteeringWheel>
                                                            <CompatibleWheels OffsetZ="0.08" Scale="0.62" Type="wheels_scout_yar_871">

                                                            </CompatibleWheels>
                                                            <CompatibleWheels OffsetZ="0.02" Scale="0.62" Type="wheels_scout_yar_87">

                                                            </CompatibleWheels>
                  <SteeringRack RackHalfSizeZ="0.795" Frame="BoneRack" FrameSteerLeft="BoneRackL" FrameSteerRight="BoneRackR">

                  </SteeringRack>
      </TruckData>
      <Landmark Mesh="landmarks/yar_87_lmk" MaxScale="3.8" MinScale="1.8">

      </Landmark>
      <AutomaticIK>
                        <IKBone ParentFrame="BoneChassis_cdt" ModelFrame="BonePistonL1Base">
                          <IKBone AttachToFrame="BoneAxle1" AttachOffset="(0; 0; 0)" ModelFrame="BonePistonL1">
                              <IKJoint AxisLocal="(1; 0; 0)" Type="Slider">

                              </IKJoint>
                          </IKBone>
                          <IKJoint AxisLocal="(0; 0; 1)" Type="Hinge">

                          </IKJoint>
                        </IKBone>
                        <IKBone ParentFrame="BoneChassis_cdt" ModelFrame="BonePistonR1Base">
                          <IKBone AttachToFrame="BoneAxle1" AttachOffset="(0; 0; 0)" ModelFrame="BonePistonR1">
                              <IKJoint AxisLocal="(1; 0; 0)" Type="Slider">

                              </IKJoint>
                          </IKBone>
                          <IKJoint AxisLocal="(0; 0; 1)" Type="Hinge">

                          </IKJoint>
                        </IKBone>
                        <IKBone ParentFrame="BoneChassis_cdt" ModelFrame="BonePistonL2Base">
                          <IKBone AttachToFrame="BoneAxle2" AttachOffset="(0; 0; 0)" ModelFrame="BonePistonL2">
                              <IKJoint AxisLocal="(1; 0; 0)" Type="Slider">

                              </IKJoint>
                          </IKBone>
                          <IKJoint AxisLocal="(0; 0; 1)" Type="Hinge">

                          </IKJoint>
                        </IKBone>
                        <IKBone ParentFrame="BoneChassis_cdt" ModelFrame="BonePistonR2Base">
                          <IKBone AttachToFrame="BoneAxle2" AttachOffset="(0; 0; 0)" ModelFrame="BonePistonR2">
                              <IKJoint AxisLocal="(1; 0; 0)" Type="Slider">

                              </IKJoint>
                          </IKBone>
                          <IKJoint AxisLocal="(0; 0; 1)" Type="Hinge">

                          </IKJoint>
                        </IKBone>
                        <IKBone ParentFrame="BoneChassis_cdt" ModelFrame="BonePistonL3Base">
                          <IKBone AttachToFrame="BoneAxle3" AttachOffset="(0; 0; 0)" ModelFrame="BonePistonL3">
                              <IKJoint AxisLocal="(1; 0; 0)" Type="Slider">

                              </IKJoint>
                          </IKBone>
                          <IKJoint AxisLocal="(0; 0; 1)" Type="Hinge">

                          </IKJoint>
                        </IKBone>
                        <IKBone ParentFrame="BoneChassis_cdt" ModelFrame="BonePistonR3Base">
                          <IKBone AttachToFrame="BoneAxle3" AttachOffset="(0; 0; 0)" ModelFrame="BonePistonR3">
                              <IKJoint AxisLocal="(1; 0; 0)" Type="Slider">

                              </IKJoint>
                          </IKBone>
                          <IKJoint AxisLocal="(0; 0; 1)" Type="Hinge">

                          </IKJoint>
                        </IKBone>
      </AutomaticIK>
      <Snorkel Origin="(2.56; 1.31; 0)">

      </Snorkel>
      <ModelAttachments>
                          <StopSignals>
                                <Flare _template="StopSignal" Pos="(-2.67; 1.24; -0.877)">

                                </Flare>
                                <Flare _template="StopSignal" Pos="(-2.67; 1.24; 0.877)">

                                </Flare>
                              <Light _template="StopSignal" Pos="(-2.746; 1.208; 0)">

                              </Light>
                          </StopSignals>
                          <Ignition>
                                  <Flare Color="g(240; 225; 215) x 0.3" Pos="(2.464; 1.342; -0.765)" ParentFrame="BoneCabin_cdt" Size="0.18" _template="IgnitionSignalWhite">

                                  </Flare>
                                  <Flare Color="g(240; 225; 215) x 0.3" Pos="(2.464; 1.342; 0.765)" ParentFrame="BoneCabin_cdt" Size="0.18" _template="IgnitionSignalWhite">

                                  </Flare>
                                  <Flare Color="g(240; 225; 215) x 0.3" Pos="(2.506; 1.342; -0.616)" ParentFrame="BoneCabin_cdt" Size="0.25" _template="IgnitionSignalWhite">

                                  </Flare>
                                  <Flare Color="g(240; 225; 215) x 0.3" Pos="(2.506; 1.342; 0.616)" ParentFrame="BoneCabin_cdt" Size="0.25" _template="IgnitionSignalWhite">

                                  </Flare>
                                  <Flare Color="g(240; 225; 215) x 0.3" Pos="(2.464; 1.344; -0.887)" ParentFrame="BoneCabin_cdt" Size="0.12" _template="IgnitionSignalWhite">

                                  </Flare>
                                  <Flare Color="g(240; 225; 215) x 0.3" Pos="(2.464; 1.344; 0.887)" ParentFrame="BoneCabin_cdt" Size="0.12" _template="IgnitionSignalWhite">

                                  </Flare>
                                  <Flare Color="g(169; 0; 0) x 0.8" Pos="(-2.681; 1.297; -0.877)" Size="0.12" _template="IgnitionSignalRed">

                                  </Flare>
                                  <Flare Color="g(169; 0; 0) x 0.8" Pos="(-2.681; 1.297; 0.877)" Size="0.12" _template="IgnitionSignalRed">

                                  </Flare>
                                    <Light Pos="(-2.809; 1.268; -0.858)" _template="IgnitionSignalRed" Color="g(169; 0; 0) x 0.8">

                                    </Light>
                                    <Light Pos="(-2.809; 1.268; 0.858)" _template="IgnitionSignalRed" Color="g(169; 0; 0) x 0.8">

                                    </Light>
                                    <Light Color="g(255; 235; 225) x 0.9" ParentFrame="BoneCabin_cdt" _template="IgnitionSignalWhite" Pos="(2.9; 1.342; -0.765)">

                                    </Light>
                                    <Light Color="g(255; 235; 225) x 0.9" ParentFrame="BoneCabin_cdt" _template="IgnitionSignalWhite" Pos="(2.9; 1.342; 0.765)">

                                    </Light>
                          </Ignition>
                          <HeadLight>
                                    <Flare Color="g(235; 230; 220) x 0.5" Pos="(2.478; 1.342; -0.616)" Size="0.3" _template="HeadLight">

                                    </Flare>
                                    <Flare Color="g(235; 230; 220) x 0.5" Pos="(2.478; 1.342; 0.616)" Size="0.3" _template="HeadLight">

                                    </Flare>
                                    <Flare _template="BlueStreak" Pos="(2.506; 1.342; -0.616)">

                                    </Flare>
                                    <Flare _template="BlueStreak" Pos="(2.506; 1.342; 0.616)">

                                    </Flare>
                                      <Model Org="(2.506; 1.342; -0.616)" _template="HeadLightRay">

                                      </Model>
                                      <Model Org="(2.506; 1.342; 0.616)" _template="HeadLightRay">

                                      </Model>
                          </HeadLight>
                          <ReverseSignals>
                                      <Flare _template="ReverseSignal" Pos="(-2.67; 1.103; -0.88)">

                                      </Flare>
                                      <Flare _template="ReverseSignal" Pos="(-2.67; 1.103; 0.88)">

                                      </Flare>
                                      <Flare Color="g(220; 220; 255) x 0.05" Pos="(-2.681; 1.103; -0.88)" Dir="(-1; 0; 0)" Size="0.4" _template="BlueStreak">

                                      </Flare>
                                      <Flare Color="g(220; 220; 255) x 0.05" Pos="(-2.681; 1.103; 0.88)" Dir="(-1; 0; 0)" Size="0.4" _template="BlueStreak">

                                      </Flare>
                                        <Light _template="ReverseSignal" Pos="(-2.681; 1.103; -0.88)">

                                        </Light>
                                        <Light _template="ReverseSignal" Pos="(-2.681; 1.103; 0.88)">

                                        </Light>
                          </ReverseSignals>
      </ModelAttachments>
  </Truck>
  <_templates Include="trucks">
        <Wheel>
            <MiddleWheel Torque="default" Location="rear" ConnectedToHandbrake="true">

            </MiddleWheel>
            <RearWheel Torque="full" Location="rear" ConnectedToHandbrake="true">

            </RearWheel>
            <FrontWheel SteeringCastor="8" Torque="default" ParentFrame="BoneCabin_cdt" SteeringJointOffset="0.35" SteeringAngle="32" Location="front">

            </FrontWheel>
        </Wheel>
        <Body>
              <SunShield Collisions="None" Mass="2">
                  <Constraint MinLimit="-3" Type="Hinge" MaxLimit="5" AxisLocal="(0; 0; 1)">
                      <Motor Spring="10" Type="Spring" Damping="0.01">

                      </Motor>
                  </Constraint>
              </SunShield>
              <TieRod Mass="1">
                    <Constraint MinLimit="-25" Type="Hinge" MaxLimit="25" AxisLocal="(0; 0; 1)">
                        <Motor Type="Position" Damping="1.0" Tau="1" Force="6000">

                        </Motor>
                    </Constraint>
              </TieRod>
        </Body>
  </_templates>