  <Truck>
      <ControlledConstraints>
            <Constraint Name="TieRodSteer" IsLinkedSteering="true" Id="chassis_steer">

            </Constraint>
            <Constraint Name="TieRodSteer2" IsLinkedSteering="true" Id="chassis_steer">

            </Constraint>
      </ControlledConstraints>
      <PhysicsModel Mesh="trucks/cat_ct681">
            <NetSync Legacy="false">

            </NetSync>
            <Body Mass="4000" ImpactType="Truck" NetSync="pv">
                    <Body ModelFrame="BoneCabin_cdt" ImpactType="Truck" Mass="1200" NetSync="pv">
                      <Constraint AxisLocal="(1; 0; 0)" MaxLimit="22" MinLimit="-22" PivotOffset="(0; 0; 0)" Type="Hinge">
                          <Motor Type="Spring" Spring="420000" Damping="29000">

                          </Motor>
                      </Constraint>
                          <Body ModelFrame="BoneLeftMudguard_cdt" _template="Mudguard">
                            <Constraint AxisLocal="(0; 0; 1)" MaxLimit="22" MinLimit="-35">

                            </Constraint>
                          </Body>
                          <Body ModelFrame="BoneRightMudguard_cdt" _template="Mudguard">
                            <Constraint AxisLocal="(0; 0; 1)" MaxLimit="22" MinLimit="-40">

                            </Constraint>
                          </Body>
                          <Body ModelFrame="BoneTieRodAWD_cdt" _template="TieRod">
                            <Constraint AxisLocal="(0; 0; -1)" MaxLimit="24" Name="TieRodSteer" MinLimit="-24">

                            </Constraint>
                          </Body>
                          <Body ModelFrame="BoneTieRodRWD_cdt" _template="TieRod">
                            <Constraint AxisLocal="(0; 0; -1)" MaxLimit="30" Name="TieRodSteer2" MinLimit="-26">

                            </Constraint>
                          </Body>
                          <Body Mass="2" Collisions="None" ModelFrame="BoneRadioWire1_cdt">
                            <Constraint AxisLocal="(1; 0; 0)" MaxLimit="30" MinLimit="-60" Type="Hinge">
                                <Motor Type="Spring" Spring="3" Damping="0.15">

                                </Motor>
                            </Constraint>
                            <Body Mass="2" Collisions="None" ModelFrame="BoneRadioWire2_cdt">
                                  <Constraint AxisLocal="(0; 0; 1)" MaxLimit="45" MinLimit="-30" Type="Hinge">
                                      <Motor Type="Spring" Spring="3.5" Damping="0.075">

                                      </Motor>
                                  </Constraint>
                            </Body>
                          </Body>
                          <Body ModelFrame="BoneMirrorLeft_cdt" _template="SideMirror">
                            <Body ModelFrame="BoneAntennaLeft_cdt" _template="Antenna">

                            </Body>
                          </Body>
                          <Body ModelFrame="BoneMirrorRight_cdt" _template="SideMirror">
                            <Body ModelFrame="BoneAntennaRight_cdt" _template="Antenna">

                            </Body>
                          </Body>
                          <Body Mass="1" Collisions="None" ModelFrame="BoneBelt_cdt">
                            <Constraint AxisLocal="(0; 0; 1)" MaxLimit="4" MinLimit="-4" Type="Hinge">
                                <Motor Type="Spring" Spring="5" Damping="1">

                                </Motor>
                            </Constraint>
                          </Body>
                    </Body>
                    <Body Mass="3" _template="Hitch" ModelFrame="BoneHitchRearLeft_cdt">

                    </Body>
                    <Body ModelFrame="BoneHitchRearRight_cdt" _template="Hitch">

                    </Body>
                    <Body ModelFrame="BoneSuspensionRockerLeft_cdt" ImpactType="Truck" Mass="1000" Collisions="None" CenterOfMassOffset="(0; 0; 0)">
                      <Constraint AxisLocal="(0; 0; 1)" MaxLimit="5" MinLimit="-5" PivotOffset="(0; 0; 0)" Type="Hinge">
                          <Motor Type="Spring" Spring="100000" Damping="50">

                          </Motor>
                      </Constraint>
                    </Body>
                    <Body ModelFrame="BoneSuspensionRockerRight_cdt" ImpactType="Truck" Mass="1000" Collisions="None" CenterOfMassOffset="(0; 0; 0)">
                      <Constraint AxisLocal="(0; 0; 1)" MaxLimit="5" MinLimit="-5" PivotOffset="(0; 0; 0)" Type="Hinge">
                          <Motor Type="Spring" Spring="100000" Damping="50">

                          </Motor>
                      </Constraint>
                    </Body>
            </Body>
      </PhysicsModel>
      <TruckData BackSteerSpeed="0.015" DiffLockType="Installed" EngineIconScale="1.3" TruckType="HEAVY_DUTY" FuelCapacity="260" EngineStartDelay="0.8" SteerSpeed="0.025" ExhaustStartTime="0.9" Responsiveness="0.3" TruckImage="cat681mchr" EngineIconMesh="env/engine_default">
                <Steam Origin="(-0.921; 1.091; 0)">

                </Steam>
                <Steam ParentFrame="BoneCabin_cdt" Scale="0.5" Origin="(1.04; 1.221; 0)">

                </Steam>
              <Intake Size="1.2" Dir="(1; 0; 0)" Origin="(1.905; 1.479; 0)">

              </Intake>
              <GearboxSocket Default="g_truck_default" Type="gearboxes_trucks">

              </GearboxSocket>
              <Wheels DefaultRim="rim_1" DefaultWheelType="wheels_medium_double" DefaultTire="highway_1">
                          <Wheel Pos="(1.141; 0.537; 1)" _template="FrontAxle">

                          </Wheel>
                          <Wheel Pos="(1.141; 0.537; 1)" _template="FrontAxle" RightSide="true">

                          </Wheel>
                          <Wheel Pos="(-4.147; 0.537; 0.93)" _template="RearAxle" ParentFrame="BoneSuspensionRockerLeft_cdt">

                          </Wheel>
                          <Wheel ParentFrame="BoneSuspensionRockerRight_cdt" Pos="(-4.147; 0.537; 0.93)" RightSide="true" _template="RearAxle">

                          </Wheel>
                          <Wheel Pos="(-5.554; 0.537; 0.93)" _template="RearAxle" ParentFrame="BoneSuspensionRockerLeft_cdt">

                          </Wheel>
                          <Wheel ParentFrame="BoneSuspensionRockerRight_cdt" Pos="(-5.554; 0.537; 0.93)" RightSide="true" _template="RearAxle">

                          </Wheel>
              </Wheels>
              <WinchUpgradeSocket Default="w_medium_trucks_default" Type="winches_medium_trucks" IsUpgradable="true">

              </WinchUpgradeSocket>
              <SteeringWheel Frame="BoneSteering">

              </SteeringWheel>
              <Damage>
                                <DamageArea Max="(1.879; 0.721; 0.6)" ParentFrame="BoneCabin_cdt" Min="(0.201; 2.16; -0.6)" Type="Engine">

                                </DamageArea>
                                <DamageArea Max="(0.011; 1.034; 1.19)" ParentFrame="BoneCabin_cdt" Min="(-1.443; 0.361; -1.19)" Type="FuelTank">

                                </DamageArea>
              </Damage>
              <LimitedFluid RadiusY="0.336" Center="(-0.716; 0.698; 0.855)" RadiusZ="0.335" LengthX="1.35" Type="Cylinder">

              </LimitedFluid>
              <EngineSocket Default="us_truck_modern_engine_cat_royal" Type="e_us_truck_modern, e_us_truck_modern_catroyal, e_us_truck_modern_cathx">

              </EngineSocket>
              <SoundsDamage _template="Heavy">

              </SoundsDamage>
              <Camera Center="(-3.5; 0; 0)" ParentFrame="BoneCabin_cdt">
                                      <Cockpit WindshieldShadingTexture="trucks/cat_ct681_glass__sh_d.tga" WindshieldDetailDensity="6.0" WindshieldDiffuseTexture="trucks/cat_ct681_glass__d_a.tga" ViewPos="(-0.516; 2.615; 0.482)" _template="Default">
                                            <Mirror Pos="(-0.068; 2.454; 1.403)" MeshFrame="mirror_left" FOVScale="2" Size="(0.218; 0.353)" ReflectionDir="(-0.902; 0; -0.432)" ClipDir="(-0.902; 0; -0.432)" ClipOffset="0.3">
                                              <SecondaryView MeshFrame="mirror_left_convex" Pos="(-0.068; 2.212; 1.403)" Size="(0.19; 0.145)" FOVScale="2.5" ClipDir="(-0.902; 0; -0.432)" CurveAngle="10">

                                              </SecondaryView>
                                            </Mirror>
                                            <Mirror Pos="(-0.068; 2.454; -1.403)" MeshFrame="mirror_right" FOVScale="2.5" Size="(0.179; 0.351)" ReflectionDir="(-0.809; -0.029; 0.587)" ClipDir="(-0.809; -0.029; 0.587)" ClipOffset="0.3">
                                              <SecondaryView MeshFrame="mirror_right_convex" Pos="(-0.068; 2.212; -1.403)" Size="(0.19; 0.145)" FOVScale="3" ClipDir="(-0.809; -0.029; 0.587)" CurveAngle="10">

                                              </SecondaryView>
                                            </Mirror>
                                      </Cockpit>
              </Camera>
              <Shafts>
                                          <Shaft SocketPointA="ShaftRearGimbal2RearWheel" SocketPointB="ShaftRearWheel">

                                          </Shaft>
                                          <Shaft SocketPointA="ShaftWheel2WheelA" SocketPointB="ShaftWheel2WheelB">

                                          </Shaft>
              </Shafts>
              <FuelTank DamageCapacity="50">

              </FuelTank>
              <Axles>
                                              <Axle Frame="BoneAxleFront">

                                              </Axle>
                                              <Axle Frame="BoneAxleMiddle">

                                              </Axle>
                                              <Axle Frame="BoneAxleRear1">

                                              </Axle>
                                              <Axle Frame="BoneAxleRear2">

                                              </Axle>
              </Axles>
              <SoundsWheels _template="Default">

              </SoundsWheels>
              <SuspensionSocket Default="cat_ct681_suspension_default" MaxWheelRadiusWithoutSuspension="0.55" Type="s_cat_ct681">

              </SuspensionSocket>
                                                <CompatibleWheels Scale="0.55" Type="wheels_medium_double">

                                                </CompatibleWheels>
                                                <CompatibleWheels Scale="0.60" Type="wheels_medium_double">

                                                </CompatibleWheels>
              <Dashboard>
                                                      <Gauge Mesh="trucks/arrows/cat_ct681_arrow_02" Org="(0.109; 2.188; 0.482)" OutputAngles="(-144;31)" InputType="speed" Dir="(-0.898; 0.44; 0)" InputRange="(0;136)" Damping="0.9">

                                                      </Gauge>
                                                      <Gauge Mesh="trucks/arrows/cat_ct681_arrow_03" Org="(0.109; 2.188; 0.482)" OutputAngles="(148;50)" InputType="rpm" Dir="(-0.898; 0.44; 0)" InputRange="(0;0.7)" Damping="0.9">

                                                      </Gauge>
                                                      <Gauge Mesh="trucks/arrows/cat_ct681_arrow_01" Org="(0.098; 2.164; 0.366)" OutputAngles="(-114;114)" InputType="fuel" Dir="(-0.898; 0.44; 0)" InputRange="(0;1)" Damping="0.9">

                                                      </Gauge>
                                                      <Gauge Mesh="trucks/arrows/cat_ct681_arrow_01" Org="(0.11; 2.19; 0.65)" OutputAngles="(-112;-16)" InputType="engineEnabled" Dir="(-0.898; 0.44; 0)" InputRange="(0;1)" Damping="0.9">

                                                      </Gauge>
                                                      <Gauge Mesh="trucks/arrows/cat_ct681_arrow_01" Org="(0.123; 2.216; 0.598)" OutputAngles="(-112;57)" InputType="engineEnabled" Dir="(-0.898; 0.44; 0)" InputRange="(0;1)" Damping="0.9">

                                                      </Gauge>
                                                      <Gauge Mesh="trucks/arrows/cat_ct681_arrow_01" Org="(0.098; 2.164; 0.599)" OutputAngles="(-112;-50)" InputType="engineEnabled" Dir="(-0.898; 0.44; 0)" InputRange="(0;1)" Damping="0.9">

                                                      </Gauge>
                                                      <Gauge Mesh="trucks/arrows/cat_ct681_arrow_01" Org="(0.085; 2.139; 0.651)" OutputAngles="(-112;20)" InputType="engineEnabled" Dir="(-0.898; 0.44; 0)" InputRange="(0;1)" Damping="0.9">

                                                      </Gauge>
                                                      <Gauge Mesh="trucks/arrows/cat_ct681_arrow_01" Org="(0.123; 2.216; 0.367)" OutputAngles="(-112;10)" InputType="engineEnabled" Dir="(-0.898; 0.44; 0)" InputRange="(0;1)" Damping="0.9">

                                                      </Gauge>
                                                      <Gauge Mesh="trucks/arrows/cat_ct681_arrow_01" Org="(0.11; 2.19; 0.314)" OutputAngles="(-112;58)" InputType="engineEnabled" Dir="(-0.898; 0.44; 0)" InputRange="(0;1)" Damping="0.9">

                                                      </Gauge>
                                                      <Gauge Mesh="trucks/arrows/cat_ct681_arrow_01" Org="(0.085; 2.139; 0.314)" OutputAngles="(-112;37)" InputType="engineEnabled" Dir="(-0.898; 0.44; 0)" InputRange="(0;1)" Damping="0.9">

                                                      </Gauge>
                                                      <Gauge Mesh="trucks/arrows/cat_ct681_arrow_01" Org="(-0.054; 2.237; 0.026)" OutputAngles="(-112;-20)" InputType="engineEnabled" Dir="(-0.849; 0.414; 0.329)" InputRange="(0;1)" Damping="0.9">

                                                      </Gauge>
                                                      <Gauge Mesh="trucks/arrows/cat_ct681_arrow_01" Org="(-0.087; 2.237; -0.057)" OutputAngles="(-112;5)" InputType="engineEnabled" Dir="(-0.849; 0.414; 0.329)" InputRange="(0;1)" Damping="0.9">

                                                      </Gauge>
                                                      <Gauge Mesh="trucks/arrows/cat_ct681_arrow_01" Org="(-0.116; 2.236; -0.141)" OutputAngles="(-112;45)" InputType="engineEnabled" Dir="(-0.849; 0.414; 0.329)" InputRange="(0;1)" Damping="0.9">

                                                      </Gauge>
              </Dashboard>
              <Sounds DisableReversePitch="true" ParentFrame="BoneCabin_cdt" MinDist="12.0" AirHissInterval="12.0" _template="Default" Origin="(0.8; 1.5; 0)">
                                                      <EngineHigh Sound="trucks/cat_ct681/cat_ct681_high">

                                                      </EngineHigh>
                                                      <AbruptStop Sound="trucks/common/truck_swing_big_rnd_set/truck_swing_big_rnd">

                                                      </AbruptStop>
                                                      <HandbrakeOff Sound="trucks/cat_ct680/cat_ct680_handbrake_off">

                                                      </HandbrakeOff>
                                                      <BrakesSqueal Sound="trucks/cat_ct680/cat_ct680_brakes_squeal">

                                                      </BrakesSqueal>
                                                      <EngineStart Sound="trucks/cat_ct681/cat_ct681_start">

                                                      </EngineStart>
                                                      <EngineLow_2d IsSound2D="true" Sound="trucks/cat_ct681/cat_ct681_low_2d">

                                                      </EngineLow_2d>
                                                      <EngineHeavy_2d IsSound2D="true" Sound="trucks/cat_ct681/cat_ct681_heavy_2d">

                                                      </EngineHeavy_2d>
                                                      <EngineHeavy Sound="trucks/cat_ct681/cat_ct681_heavy">

                                                      </EngineHeavy>
                                                      <Handbrake Sound="trucks/cat_ct680/cat_ct680_handbrake_on">

                                                      </Handbrake>
                                                      <EngineHigh_2d IsSound2D="true" Sound="trucks/cat_ct681/cat_ct681_high_2d">

                                                      </EngineHigh_2d>
                                                      <EngineLow Sound="trucks/cat_ct681/cat_ct681_low">

                                                      </EngineLow>
                                                      <EngineIdle_2d IsSound2D="true" Sound="trucks/cat_ct681/cat_ct681_idle_2d">

                                                      </EngineIdle_2d>
                                                      <EngineStop Sound="trucks/cat_ct681/cat_ct681_stop">

                                                      </EngineStop>
                                                      <EngineIdle Sound="trucks/cat_ct681/cat_ct681_idle">

                                                      </EngineIdle>
                                                      <Reverse Sound="trucks/cat_ct681/cat_ct681_back_beeper">

                                                      </Reverse>
                                                      <Honk Sound="trucks/cat_ct681/cat_ct681_honk">

                                                      </Honk>
                                                      <EngineRev Sound="trucks/cat_ct681/cat_ct681_rev">

                                                      </EngineRev>
                                                      <EngineAccel Sound="trucks/cat_ct681/cat_ct681_acc">

                                                      </EngineAccel>
                                                      <BrakeRelease Sound="trucks/cat_ct680/cat_ct680_brake_release">

                                                      </BrakeRelease>
              </Sounds>
              <Driver Pos="(-0.576; 1.893; 0.489)" ParentFrame="BoneCabin_cdt" SteeringWheelPos="(-0.193; 2.221; 0.482)">

              </Driver>
                                                        <SteeringRack FrameSteerRight="BoneRackRight" Frame="BoneRackAWD" FrameSteerLeft="BoneRackLeft" RackHalfSizeZ="0.827">

                                                        </SteeringRack>
                                                        <SteeringRack FrameSteerRight="BoneRackRight" Frame="BoneRackRWD" FrameSteerLeft="BoneRackLeft" RackHalfSizeZ="0.817">

                                                        </SteeringRack>
              <ExtraWheels Scale="0.55" Tire="highway_2" Rim="rim_1" WheelType="wheels_medium_double">
                                                              <Wheel Pos="(-2.786; 0.72; 1.07)" _template="MiddleAxle">

                                                              </Wheel>
                                                              <Wheel Pos="(-2.786; 0.72; 1.07)" _template="MiddleAxle" RightSide="true">

                                                              </Wheel>
              </ExtraWheels>
              <OcclusionMap MaxX="2.6" HalfSizeZ="1.8" MinX="-7">

              </OcclusionMap>
      </TruckData>
      <ModelAttachments>
                <StopSignals>
                    <Light Pos="(-6.294; 0.501; 0.001)" _template="StopSignal" Color="g(102; 1; 1) x 4">

                    </Light>
                        <Flare Size=".3" _template="StopSignal" Pos="(-6.181; 0.848; -0.216)">

                        </Flare>
                        <Flare Size=".3" _template="StopSignal" Pos="(-6.181; 0.848; 0.216)">

                        </Flare>
                </StopSignals>
                <Ignition>
                        <Light Pos="(2.2; 1.303; -0.996)" _template="IgnitionSignalWhite" ParentFrame="BoneCabin_cdt">

                        </Light>
                        <Light Pos="(2.2; 1.303; 0.996)" _template="IgnitionSignalWhite" ParentFrame="BoneCabin_cdt">

                        </Light>
                        <Light Pos="(-6.542; 0.711; 0)" _template="IgnitionSignalRed">

                        </Light>
                          <Flare Pos="(-6.181; 0.848; -0.216)" _template="IgnitionSignalRed">

                          </Flare>
                          <Flare Pos="(-6.181; 0.848; 0.216)" _template="IgnitionSignalRed">

                          </Flare>
                          <Flare ParentFrame="BoneCabin_cdt" Pos="(1.814; 1.303; -0.996)" Size=".50" _template="IgnitionSignalWhite">

                          </Flare>
                          <Flare ParentFrame="BoneCabin_cdt" Pos="(1.814; 1.303; 0.996)" Size=".50" _template="IgnitionSignalWhite">

                          </Flare>
                          <Flare ParentFrame="BoneCabin_cdt" Pos="(1.839; 1.289; -0.803)" Size=".30" _template="IgnitionSignalOrange">

                          </Flare>
                          <Flare ParentFrame="BoneCabin_cdt" Pos="(1.839; 1.289; 0.803)" Size=".30" _template="IgnitionSignalOrange">

                          </Flare>
                          <Flare ParentFrame="BoneCabin_cdt" Pos="(-0.353; 1.175; -0.944)" Size=".20" _template="IgnitionSignalOrange">

                          </Flare>
                          <Flare ParentFrame="BoneCabin_cdt" Pos="(-0.353; 1.175; 0.944)" Size=".20" _template="IgnitionSignalOrange">

                          </Flare>
                          <Flare ParentFrame="BoneCabin_cdt" Pos="(-0.676; 1.175; -0.944)" Size=".20" _template="IgnitionSignalOrange">

                          </Flare>
                          <Flare ParentFrame="BoneCabin_cdt" Pos="(-0.676; 1.175; 0.944)" Size=".20" _template="IgnitionSignalOrange">

                          </Flare>
                          <Flare ParentFrame="BoneCabin_cdt" Pos="(1.521; 1.356; -1.246)" Size=".30" _template="IgnitionSignalOrange">

                          </Flare>
                          <Flare ParentFrame="BoneCabin_cdt" Pos="(1.521; 1.356; 1.246)" Size=".30" _template="IgnitionSignalOrange">

                          </Flare>
                          <Flare Pos="(0.021; 2.515; 1.436)" _template="IgnitionSignalOrange" ParentFrame="BoneMirrorLeft_cdt">

                          </Flare>
                          <Flare Pos="(0.028; 2.453; 1.438)" _template="IgnitionSignalOrange" ParentFrame="BoneMirrorLeft_cdt">

                          </Flare>
                          <Flare Pos="(0.035; 2.393; 1.44)" _template="IgnitionSignalOrange" ParentFrame="BoneMirrorLeft_cdt">

                          </Flare>
                          <Flare Pos="(0.037; 2.33; 1.442)" _template="IgnitionSignalOrange" ParentFrame="BoneMirrorLeft_cdt">

                          </Flare>
                          <Flare Pos="(0.039; 2.272; 1.442)" _template="IgnitionSignalOrange" ParentFrame="BoneMirrorLeft_cdt">

                          </Flare>
                          <Flare Pos="(0.012; 2.512; -1.448)" _template="IgnitionSignalOrange" ParentFrame="BoneMirrorRight_cdt">

                          </Flare>
                          <Flare Pos="(0.018; 2.454; -1.452)" _template="IgnitionSignalOrange" ParentFrame="BoneMirrorRight_cdt">

                          </Flare>
                          <Flare Pos="(0.023; 2.392; -1.456)" _template="IgnitionSignalOrange" ParentFrame="BoneMirrorRight_cdt">

                          </Flare>
                          <Flare Pos="(0.026; 2.33; -1.458)" _template="IgnitionSignalOrange" ParentFrame="BoneMirrorRight_cdt">

                          </Flare>
                          <Flare Pos="(0.027; 2.273; -1.459)" _template="IgnitionSignalOrange" ParentFrame="BoneMirrorRight_cdt">

                          </Flare>
                </Ignition>
                <HeadLight>
                          <Model _template="HeadLightRay" Org="(1.803; 1.303; -0.998)" ParentFrame="BoneCabin_cdt">

                          </Model>
                          <Model _template="HeadLightRay" Org="(1.803; 1.303; 0.998)" ParentFrame="BoneCabin_cdt">

                          </Model>
                            <Flare ParentFrame="BoneCabin_cdt" Size=".2" Pos="(1.803; 1.303; -0.998)" Color="g(255; 235; 205) x 0.6" _template="HeadLight">

                            </Flare>
                            <Flare ParentFrame="BoneCabin_cdt" Size=".2" Pos="(1.803; 1.303; 0.998)" Color="g(255; 235; 205) x 0.6" _template="HeadLight">

                            </Flare>
                            <Flare ParentFrame="BoneCabin_cdt" Size=".45" Pos="(1.803; 1.303; -0.998)" Color="g(255; 235; 205) x 0.3" _template="HeadLight">

                            </Flare>
                            <Flare ParentFrame="BoneCabin_cdt" Size=".45" Pos="(1.803; 1.303; 0.998)" Color="g(255; 235; 205) x 0.3" _template="HeadLight">

                            </Flare>
                            <Flare Pos="(1.803; 1.303; -0.998)" _template="BlueStreak" ParentFrame="BoneCabin_cdt">

                            </Flare>
                            <Flare Pos="(1.803; 1.303; 0.998)" _template="BlueStreak" ParentFrame="BoneCabin_cdt">

                            </Flare>
                </HeadLight>
                <ReverseSignals>
                            <Light Pos="(-6.181; 0.927; -0.216)" _template="ReverseSignal" Color="g(102; 102; 102) x 0.6">

                            </Light>
                            <Light Pos="(-6.181; 0.927; 0.216)" _template="ReverseSignal" Color="g(102; 102; 102) x 0.6">

                            </Light>
                              <Flare Size="0.2" _template="ReverseSignal" Pos="(-6.181; 0.927; -0.216)">

                              </Flare>
                              <Flare Pos="(-6.181; 0.927; -0.216)" Size="0.4" Dir="(-1; 0; 0)" Color="g(220; 220; 255) x 0.05" _template="BlueStreak">

                              </Flare>
                              <Flare Size="0.2" _template="ReverseSignal" Pos="(-6.181; 0.927; 0.216)">

                              </Flare>
                              <Flare Pos="(-6.181; 0.927; 0.216)" Size="0.4" Dir="(-1; 0; 0)" Color="g(220; 220; 255) x 0.05" _template="BlueStreak">

                              </Flare>
                </ReverseSignals>
      </ModelAttachments>
      <HeadLight Pos="(4.21; 0.864; 0)" _template="Default" ParentFrame="BoneCabin_cdt">

      </HeadLight>
      <GameData Price="59800" Country="US" UnlockByExploration="false" UnlockByRank="1">
                      <CraneSocket Pos="(1.818; 0.882; 0.308)" ParentFrame="BoneCabin_cdt">

                      </CraneSocket>
                      <CraneSocket Pos="(1.818; 0.882; -0.308)" ParentFrame="BoneCabin_cdt">

                      </CraneSocket>
                      <CraneSocket Pos="(-1.249; 0.909; -0.437)" ParentFrame="BoneCabin_cdt">

                      </CraneSocket>
                      <CraneSocket Pos="(-1.819; 0.905; 0.435)" ParentFrame="BoneCabin_cdt">

                      </CraneSocket>
                      <CraneSocket Pos="(-6.215; 0.633; 0)">

                      </CraneSocket>
                    <UiDesc UiIcon30x30="heavyDutyVehicleImg30" UiName="UI_VEHICLE_CAT_CT681_NAME" UiIcon328x458="shopImgCat681" UiIconLogo="CatterpillarLogo80" UiDesc="UI_VEHICLE_CAT_CT681_DESC" UiIcon40x40="heavyDutyVehicleImg">

                    </UiDesc>
                          <AddonSockets>
                              <Socket Offset="(-4.4; 1.6; 0)" Names="LargeSemitrailer, LargeSemitrailerOiltank">

                              </Socket>
                              <Socket Offset="(-4.9; 1.57; 0)" Names="Semitrailer, SemitrailerOiltank">

                              </Socket>
                              <Socket Offset="(-6.215; 0.633; 0)" Names="Trailer">

                              </Socket>
                          </AddonSockets>
                          <AddonSockets>
                              <Socket Offset="(-1.1; 1.18; 0)" NamesBlock="MinicraneUS" Names="LogLift">
                                  <ExtraParent Frame="BoneChassis_cdt" Offset="(0; -0.13; -0.03)">

                                  </ExtraParent>
                                  <ExtraParent Frame="BoneChassis_cdt" Offset="(0; -0.13; 0.03)">

                                  </ExtraParent>
                              </Socket>
                              <Socket Offset="(-6.6; 1.074; 0)" Names="BunkLog">

                              </Socket>
                              <Socket Offset="(-3.56; 1.066; 0)" NamesBlock="MinicraneUS" Names="FrameAddonLogShort">

                              </Socket>
                              <Socket Offset="(-3.56; 1.066; 0)" NamesBlock="MinicraneUS, Trailer" Names="FrameAddonLogMedium">

                              </Socket>
                              <Socket ParentFrame="BoneChassis_cdt" Offset="(-4.9; 1.067; 0)" Names="SaddleLow1">
                                  <ExtraParent Frame="BoneChassis_cdt" Offset="(0; 0; 0.015)">

                                  </ExtraParent>
                                  <ExtraParent Frame="BoneChassis_cdt" Offset="(0; 0; -0.015)">

                                  </ExtraParent>
                              </Socket>
                              <Socket ParentFrame="BoneChassis_cdt" Offset="(-4.4; 1.067; 0)" Names="SaddleHigh">
                                  <ExtraParent Frame="BoneChassis_cdt" Offset="(0; 0; 0.015)">

                                  </ExtraParent>
                                  <ExtraParent Frame="BoneChassis_cdt" Offset="(0; 0; -0.015)">

                                  </ExtraParent>
                              </Socket>
                              <Socket Offset="(-3.15; 1.060; 0)" ParentFrame="BoneChassis_cdt" NamesBlock="MinicraneUS, MetalDetector, Trailer" Names="FrameAddonTowPlatform">
                                  <ExtraParent Frame="BoneChassis_cdt" Offset="(0; 0; 0.035)">

                                  </ExtraParent>
                                  <ExtraParent Frame="BoneChassis_cdt" Offset="(0; 0; -0.035)">

                                  </ExtraParent>
                              </Socket>
                              <Socket ParentFrame="BoneChassis_cdt" Offset="(-3.6; 1.060; 0)" Names="FrameAddon">
                                  <ExtraParent Frame="BoneChassis_cdt" Offset="(0; 0; 0.035)">

                                  </ExtraParent>
                                  <ExtraParent Frame="BoneChassis_cdt" Offset="(0; 0; -0.035)">

                                  </ExtraParent>
                                <AddonsShift Offset="(-1; 0; 0)" Types="MinicraneUS">

                                </AddonsShift>
                              </Socket>
                              <Socket ParentFrame="BoneChassis_cdt" Offset="(-3.873; 1.15; 0)" Names="FrameAddonKung">
                                  <ExtraParent Frame="BoneChassis_cdt" Offset="(0; 0; -0.07)">

                                  </ExtraParent>
                                  <ExtraParent Frame="BoneChassis_cdt" Offset="(0; 0; 0.07)">

                                  </ExtraParent>
                              </Socket>
                              <Socket ParentFrame="BoneChassis_cdt" Offset="(-4.55; 1.050; 0)" Names="FrameAddonTank">
                                  <ExtraParent Frame="BoneChassis_cdt" Offset="(0; 0; 0.1)">

                                  </ExtraParent>
                                  <ExtraParent Frame="BoneChassis_cdt" Offset="(0; 0; -0.1)">

                                  </ExtraParent>
                              </Socket>
                              <Socket Offset="(-4.15; 1.165; 0)" NamesBlock="MinicraneUS" Names="BigCraneUs">
                                  <ExtraParent Frame="BoneChassis_cdt" Offset="(0; -0.1; 0.02)">

                                  </ExtraParent>
                                  <ExtraParent Frame="BoneChassis_cdt" Offset="(0; -0.1; -0.02)">

                                  </ExtraParent>
                              </Socket>
                              <Socket Offset="(-4.15; 0.03; 0)" NamesBlock="MinicraneUS, Trailer" Names="FrameAddonMaintainer">

                              </Socket>
                          </AddonSockets>
                          <AddonSockets>
                            <Socket Offset="(-1.72; 1.07; 0)" NamesBlock="FrameAddonKung, FrameAddonTank" Names="MinicraneUS">

                            </Socket>
                          </AddonSockets>
                          <AddonSockets>
                            <Socket Offset="(0.163; 2.22; 0.76)" ParentFrame="BoneCabin_cdt" Names="StuffDashboard" InCockpit="true">
                                <ExtraParent Frame="BoneCabin_cdt">

                                </ExtraParent>
                            </Socket>
                          </AddonSockets>
                          <AddonSockets>
                            <Socket Offset="(-0.155; 2.765; 0)" ParentFrame="BoneCabin_cdt" Names="StuffAirfreshener" InCockpit="true">
                                <ExtraParent Frame="BoneCabin_cdt">

                                </ExtraParent>
                            </Socket>
                          </AddonSockets>
                          <AddonSockets DefaultAddon="cat_ct681_transferbox_default">
                            <Socket ParentFrame="BoneCabin_cdt" Offset="(0; 0; 0)" Names="CatCt681TransferBox">
                                  <ExtraParent Frame="BoneTieRodRWD_cdt">

                                  </ExtraParent>
                                  <ExtraParent Frame="BoneTieRodAWD_cdt">

                                  </ExtraParent>
                                  <ExtraParent Frame="BoneAxleFront">

                                  </ExtraParent>
                                  <ExtraParent Frame="BoneRackLeft">

                                  </ExtraParent>
                                  <ExtraParent Frame="BoneRackRight">

                                  </ExtraParent>
                                  <ExtraParent Frame="BoneRackRWD">

                                  </ExtraParent>
                                  <ExtraParent Frame="BoneRackAWD">

                                  </ExtraParent>
                            </Socket>
                          </AddonSockets>
                          <AddonSockets DefaultAddon="cat_ct681_snorkel">
                            <Socket ParentFrame="BoneCabin_cdt" Offset="(0; 0; 0)" Names="CatCT681Snorkel">

                            </Socket>
                          </AddonSockets>
                          <AddonSockets DefaultAddon="cat_ct681_bumper_default">
                            <Socket ParentFrame="BoneCabin_cdt" Offset="(0; 0; 0)" Names="CatCT681Bumper">

                            </Socket>
                          </AddonSockets>
                          <AddonSockets DefaultAddon="cat_ct681_exhaust_default">
                            <Socket ParentFrame="BoneCabin_cdt" Offset="(0; 0; 0)" Names="CatCT681Exhaust">

                            </Socket>
                          </AddonSockets>
                          <AddonSockets DefaultAddon="cat_ct681_horns_default">
                            <Socket ParentFrame="BoneCabin_cdt" Offset="(0; 0; 0)" Names="CatCT681Horns">

                            </Socket>
                          </AddonSockets>
                          <AddonSockets DefaultAddon="cat_ct681_visor_default">
                            <Socket ParentFrame="BoneCabin_cdt" Offset="(0; 0; 0)" Names="CatCT681Visor">

                            </Socket>
                          </AddonSockets>
                          <AddonSockets DefaultAddon="cat_ct681_diff_lock_default">
                            <Socket Names="CatCT681DiffLock">

                            </Socket>
                          </AddonSockets>
                          <AddonSockets>
                            <Socket ParentFrame="BoneCabin_cdt" NamesBlock="CatCT681Beacon2" Names="CatCT681AirConditioner">

                            </Socket>
                          </AddonSockets>
                          <AddonSockets>
                            <Socket ParentFrame="BoneCabin_cdt" Names="CatCT681Beacon1">

                            </Socket>
                          </AddonSockets>
                          <AddonSockets>
                            <Socket ParentFrame="BoneCabin_cdt" Names="CatCT681Beacon2">

                            </Socket>
                          </AddonSockets>
                          <AddonSockets>
                            <Socket ParentFrame="BoneCabin_cdt" Names="CatCT681Gabarite">

                            </Socket>
                          </AddonSockets>
                          <AddonSockets>
                            <Socket ParentFrame="BoneCabin_cdt" Names="CatCT681Spotlight">

                            </Socket>
                          </AddonSockets>
                          <AddonSockets>
                            <Socket ParentFrame="BoneCabin_cdt" Names="StuffHoodCatCT681">

                            </Socket>
                          </AddonSockets>
                          <AddonSockets>
                            <Socket ParentFrame="BoneCabin_cdt" Names="CatCT681Sticker_Capote" InCockpit="true">

                            </Socket>
                          </AddonSockets>
                          <AddonSockets>
                            <Socket ParentFrame="BoneCabin_cdt" Names="CatCT681Sticker_Roof" InCockpit="true">

                            </Socket>
                          </AddonSockets>
                          <AddonSockets>
                            <Socket ParentFrame="BoneCabin_cdt" Names="CatCT681Sticker_Door_L" InCockpit="true">

                            </Socket>
                          </AddonSockets>
                          <AddonSockets>
                            <Socket ParentFrame="BoneCabin_cdt" Names="CatCT681Sticker_Door_R" InCockpit="true">

                            </Socket>
                          </AddonSockets>
                          <AddonSockets>
                            <Socket ParentFrame="BoneCabin_cdt" Names="CatCT681Sticker_GlassTop" InCockpit="true">

                            </Socket>
                          </AddonSockets>
                          <AddonSockets>
                            <Socket ParentFrame="BoneCabin_cdt" Names="CatCT681Sticker_GlassBottom" InCockpit="true">

                            </Socket>
                          </AddonSockets>
                          <AddonSockets>
                            <Socket ParentFrame="BoneCabin_cdt" Names="CatCT681Sticker_1x1_01" InCockpit="true">

                            </Socket>
                          </AddonSockets>
                          <AddonSockets>
                            <Socket ParentFrame="BoneCabin_cdt" Names="CatCT681Sticker_1x1_02" InCockpit="true">

                            </Socket>
                          </AddonSockets>
                          <AddonSockets>
                            <Socket ParentFrame="BoneCabin_cdt" Names="CatCT681Sticker_1x2_01" InCockpit="true">

                            </Socket>
                          </AddonSockets>
                          <AddonSockets>
                            <Socket ParentFrame="BoneCabin_cdt" Names="CatCT681Sticker_1x2_02" InCockpit="true">

                            </Socket>
                          </AddonSockets>
                          <AddonSockets>
                            <Socket ParentFrame="BoneCabin_cdt" Names="CatCT681Sticker_1x4_01" InCockpit="true">

                            </Socket>
                          </AddonSockets>
                          <AddonSockets>
                            <Socket ParentFrame="BoneCabin_cdt" Names="CatCT681Sticker_1x4_02" InCockpit="true">

                            </Socket>
                          </AddonSockets>
                    <CustomizationCameras>
                                <CameraPos MaxZoom="2" MaxYRotation="360" Position="(-7.205; 4.556; 8.83)" MaxXRotation="360" Name="addon_1" InterestPosition="(2.377; 1.692; -0)" FOV="32.0">

                                </CameraPos>
                                <CameraPos MaxZoom="2" MaxYRotation="360" Position="(-8.093; 2.337; -6.718)" MaxXRotation="360" Name="addon_2" InterestPosition="(3.194; 1.807; 0)" FOV="32.0">

                                </CameraPos>
                                <CameraPos MaxZoom="2" MaxYRotation="360" Position="(9.669; 3.559; 4.746)" MaxXRotation="360" Name="side_r" InterestPosition="(6.361; 2.167; 0.769)" FOV="32.0">

                                </CameraPos>
                                <CameraPos Interior="true" Position="(4.332; 2.704; -0.017)" Name="mirror_mount" InterestPosition="(6.33; 2.337; 1.024)" FOV="32.0">

                                </CameraPos>
                                <CameraPos Interior="true" Position="(4.601; 2.487; -0.664)" Name="bubble_head" InterestPosition="(6.991; 1.999; 0.244)" FOV="32.0">

                                </CameraPos>
                                <CameraPos Interior="true" Position="(9.221; 2.601; -1.855)" Name="hood_ornament" InterestPosition="(8.176; 2.192; -1.866)" FOV="32.0">

                                </CameraPos>
                                <CameraPos Interior="true" Position="(5.143; 2.831; -0.689)" Name="sticker" InterestPosition="(7.211; 0.682; 0.578)" FOV="32.0">

                                </CameraPos>
                                <CameraPos Interior="true" Position="(4.703; 2.6; -0.963)" Name="sticker_1" InterestPosition="(6.729; 3.579; 1.712)" FOV="32.0">

                                </CameraPos>
                                <CameraPos Interior="true" Position="(5.321; 2.865; -0.309)" Name="sticker_2" InterestPosition="(6.36; -0.74; 1.886)" FOV="32.0">

                                </CameraPos>
                                <CameraPos Interior="true" Position="(8.696; 4.945; -0.587)" Name="capote_sticker" InterestPosition="(5.704; 0.334; -0.51)" FOV="32.0">

                                </CameraPos>
                                <CameraPos Interior="true" Position="(8.594; 3.011; 0.824)" Name="glass_sticker" InterestPosition="(4.737; 2.175; -1.007)" FOV="32.0">

                                </CameraPos>
                                <CameraPos Interior="true" Position="(6.761; 5.41; -0.139)" Name="roof_sticker" InterestPosition="(3.925; 0.822; -0.818)" FOV="32.0">

                                </CameraPos>
                                <CameraPos Interior="true" Position="(3.783; 2.345; 2.822)" Name="door_r_sticker" InterestPosition="(6.744; 1.394; 0.658)" FOV="32.0">

                                </CameraPos>
                                <CameraPos Interior="true" Position="(3.999; 2.348; -2.785)" Name="door_l_sticker" InterestPosition="(5.048; 1.428; 0.294)" FOV="32.0">

                                </CameraPos>
                                <CameraPos MaxZoom="2" MaxYRotation="360" Position="(10.094; 5.744; -1.947)" MaxXRotation="360" Name="roof" InterestPosition="(5.348; 1.798; -0.741)" FOV="32.0">

                                </CameraPos>
                                <CameraPos MaxZoom="2" MaxYRotation="360" Position="(13.385; 2.457; -2.448)" MaxXRotation="360" Name="hoods" InterestPosition="(5.693; 1.152; -0.208)" FOV="32.0">

                                </CameraPos>
                                <CameraPos MaxZoom="2" MaxYRotation="360" Position="(10.257; 4.018; 6.384)" MaxXRotation="360" Name="side_l" InterestPosition="(5.602; 1.899; 0)" FOV="32.0">

                                </CameraPos>
                                <CameraPos MaxZoom="2" MaxYRotation="360" Position="(10.407; 1.298; -4.632)" MaxXRotation="360" Name="wheels" InterestPosition="(5.113; 0.391; -0.321)" FOV="32.0">

                                </CameraPos>
                                <CameraPos MaxZoom="2" MaxYRotation="360" Position="(13.641; 1.384; -4.536)" MaxXRotation="360" Name="default" InterestPosition="(5.197; 1.735; -0)" FOV="32.0">

                                </CameraPos>
                                <CameraPos MaxZoom="2" MaxYRotation="360" Position="(-5.767; 1.805; 2.899)" MaxXRotation="360" Name="rear" InterestPosition="(0.479; 0.992; -0)" FOV="32.0">

                                </CameraPos>
                    </CustomizationCameras>
                              <WinchSocket Pos="(1.818; 0.882; 0.308)" ParentFrame="BoneCabin_cdt">

                              </WinchSocket>
                              <WinchSocket Pos="(1.818; 0.882; -0.308)" ParentFrame="BoneCabin_cdt">

                              </WinchSocket>
                              <WinchSocket Pos="(-1.249; 0.909; -0.437)" ParentFrame="BoneCabin_cdt">

                              </WinchSocket>
                              <WinchSocket Pos="(-1.819; 0.905; 0.435)" ParentFrame="BoneCabin_cdt">

                              </WinchSocket>
                              <WinchSocket Pos="(-6.215; 0.633; 0)">

                              </WinchSocket>
      </GameData>
      <Landmark MaxScale="3.8" MinScale="1.8" Mesh="landmarks/cat_ct680_lmk">

      </Landmark>
      <AutomaticIK>
                          <IKBone ModelFrame="BoneSuspensionAxle01" ParentFrame="BoneSuspensionRockerLeft_cdt">
                            <IKJoint AxisLocal="(0; 0; 1)" Type="Hinge2">

                            </IKJoint>
                            <IKBone AttachOffset="(0; 0; 0)" ModelFrame="BoneSuspensionAxle01_end" AttachToFrame="BoneSuspensionRockerRight_cdt">
                                  <IKJoint AxisLocal="(0; 0; 1)" Type="Slider">

                                  </IKJoint>
                            </IKBone>
                          </IKBone>
                          <IKBone ModelFrame="BoneSuspensionAxle02" ParentFrame="BoneSuspensionRockerLeft_cdt">
                            <IKJoint AxisLocal="(0; 0; 1)" Type="Hinge2">

                            </IKJoint>
                            <IKBone AttachOffset="(0; 0; 0)" ModelFrame="BoneSuspensionAxle02_end" AttachToFrame="BoneSuspensionRockerRight_cdt">
                                  <IKJoint AxisLocal="(0; 0; 1)" Type="Slider">

                                  </IKJoint>
                            </IKBone>
                          </IKBone>
                          <IKBone ModelFrame="BoneChassisMiddleLT1" ParentFrame="BoneCabin_cdt">
                            <IKJoint AxisLocal="(1; 0; 0)" Type="Hinge2">

                            </IKJoint>
                            <IKBone AttachOffset="(0; 0; 0)" ModelFrame="BoneChassisMiddleLT2" AttachToFrame="BoneAxleMiddle">
                                  <IKJoint AxisLocal="(1; 0; 0)" Type="Slider">

                                  </IKJoint>
                            </IKBone>
                          </IKBone>
                          <IKBone ModelFrame="BoneChassisMiddleLB1" ParentFrame="BoneCabin_cdt">
                            <IKJoint AxisLocal="(1; 0; 0)" Type="Hinge2">

                            </IKJoint>
                            <IKBone AttachOffset="(0; 0; 0)" ModelFrame="BoneChassisMiddleLB2" AttachToFrame="BoneAxleMiddle">
                                  <IKJoint AxisLocal="(1; 0; 0)" Type="Slider">

                                  </IKJoint>
                            </IKBone>
                          </IKBone>
                          <IKBone ModelFrame="BoneChassisMiddleRT1" ParentFrame="BoneCabin_cdt">
                            <IKJoint AxisLocal="(-1; 0; 0)" Type="Hinge2">

                            </IKJoint>
                            <IKBone AttachOffset="(0; 0; 0)" ModelFrame="BoneChassisMiddleRT2" AttachToFrame="BoneAxleMiddle">
                                  <IKJoint AxisLocal="(1; 0; 0)" Type="Slider">

                                  </IKJoint>
                            </IKBone>
                          </IKBone>
                          <IKBone ModelFrame="BoneChassisMiddleRB1" ParentFrame="BoneCabin_cdt">
                            <IKJoint AxisLocal="(-1; 0; 0)" Type="Hinge2">

                            </IKJoint>
                            <IKBone AttachOffset="(0; 0; 0)" ModelFrame="BoneChassisMiddleRB2" AttachToFrame="BoneAxleMiddle">
                                  <IKJoint AxisLocal="(1; 0; 0)" Type="Slider">

                                  </IKJoint>
                            </IKBone>
                          </IKBone>
      </AutomaticIK>
  </Truck>
  <_templates Include="trucks">
        <Socket>
            <Cabin2Chassis Offset="(0; 0; 0)" ParentFrame="BoneCabin_cdt">
                <ExtraParent Frame="BoneChassis_cdt">

                </ExtraParent>
            </Cabin2Chassis>
        </Socket>
        <Wheel>
              <FrontAxle SteeringJointOffset="0.11" ParentFrame="BoneCabin_cdt" SteeringCastor="8" Torque="connectable" Location="front" SteeringAngle="30">

              </FrontAxle>
              <RearAxle Torque="default" Location="rear" ConnectedToHandbrake="true">

              </RearAxle>
              <MiddleAxle Torque="none" Location="middle" MeshType="front">

              </MiddleAxle>
        </Wheel>
        <Body>
                <Mudguard Mass="10">
                    <Constraint Type="Hinge">
                        <Motor Type="Spring" Spring="10" Damping="1">

                        </Motor>
                    </Constraint>
                </Mudguard>
                <Antenna Mass="2" Collisions="None">
                      <Constraint Cone="20" PlaneMin="-20" Type="Ragdoll" TwistAxisLocal="(0; 1; 0)" PlaneMax="20" PlaneAxisLocal="(0; 0; 1)">
                          <ConeMotor Type="Spring" Spring="260" Damping="4">

                          </ConeMotor>
                          <PlaneMotor Type="Spring" Spring="260" Damping="4">

                          </PlaneMotor>
                      </Constraint>
                </Antenna>
                <Hitch Mass="5" Collisions="None">
                        <Constraint AxisLocal="(0; 0; 1)" MaxLimit="17" MinLimit="-100" Type="Hinge">
                            <Motor Type="Spring" Spring="2" Damping=".1">

                            </Motor>
                        </Constraint>
                </Hitch>
                <SideMirror Mass="5" Collisions="None">
                          <Constraint AxisLocal="(0; 1; 0)" MaxLimit="2" MinLimit="-2" Type="Hinge">
                              <Motor Type="Spring" Spring="550" Damping="10">

                              </Motor>
                          </Constraint>
                </SideMirror>
        </Body>
  </_templates>