  <Truck>
      <ControlledConstraints>
            <Constraint Name="TieRodSteer" IsLinkedSteering="true" Id="chassis_steer">

            </Constraint>
            <Constraint Name="TieRodSteer2" IsLinkedSteering="true" Id="chassis_steer">

            </Constraint>
            <Constraint Name="TieRodSteer3" IsLinkedSteering="true" Id="chassis_steer">

            </Constraint>
      </ControlledConstraints>
      <PhysicsModel Mesh="trucks/international_hx_520">
            <NetSync Legacy="false">

            </NetSync>
            <Body Mass="5000" ImpactType="Truck" NetSync="pv">
                    <Body ModelFrame="BoneCabin_cdt" ImpactType="Truck" Mass="1500" NetSync="pv">
                      <Constraint AxisLocal="(1; 0; 0)" MaxLimit="22" MinLimit="-22" PivotOffset="(0; 0; 0)" Type="Hinge">
                          <Motor Type="Spring" Spring="420000" Damping="29000">

                          </Motor>
                      </Constraint>
                          <Body ModelFrame="BoneMudguardFrontR_cdt" _template="Mudguard">
                            <Constraint AxisLocal="(0; 0; 1)" MaxLimit="40" MinLimit="-40">

                            </Constraint>
                          </Body>
                          <Body ModelFrame="BoneMudguardFrontL_cdt" _template="Mudguard">
                            <Constraint AxisLocal="(0; 0; 1)" MaxLimit="40" MinLimit="-40">

                            </Constraint>
                          </Body>
                          <Body ModelFrame="BoneMudguardRearR_cdt" _template="Mudguard">
                            <Constraint AxisLocal="(0; 0; 1)" MaxLimit="30" MinLimit="-45">

                            </Constraint>
                          </Body>
                          <Body ModelFrame="BoneMudguardRearL_cdt" _template="Mudguard">
                            <Constraint AxisLocal="(0; 0; 1)" MaxLimit="30" MinLimit="-45">

                            </Constraint>
                          </Body>
                          <Body ModelFrame="BoneTieRodLeftAWD_cdt" _template="TieRod">
                            <Constraint AxisLocal="(0; 0; 1)" MaxLimit="24" Name="TieRodSteer" MinLimit="-24">

                            </Constraint>
                          </Body>
                          <Body ModelFrame="BoneTieRodRightAWD_cdt" _template="TieRod">
                            <Constraint AxisLocal="(0; 0; -1)" MaxLimit="24" Name="TieRodSteer2" MinLimit="-24">

                            </Constraint>
                          </Body>
                          <Body ModelFrame="BoneTieRodRWD_cdt" _template="TieRod">
                            <Constraint AxisLocal="(0; 0; 1)" MaxLimit="30" Name="TieRodSteer3" MinLimit="-30">

                            </Constraint>
                          </Body>
                          <Body ModelFrame="BoneMirrorLeft_cdt" _template="SideMirror">
                            <Body ModelFrame="BoneAntennaLeft_cdt" _template="Antenna">

                            </Body>
                          </Body>
                          <Body ModelFrame="BoneMirrorRight_cdt" _template="SideMirror">
                            <Body ModelFrame="BoneAntennaRight_cdt" _template="Antenna">

                            </Body>
                          </Body>
                          <Body ModelFrame="BoneMirrorRightExtra_cdt" _template="SideMirror">
                            <Constraint AxisLocal="(1; 0; 0)">
                                <Motor Type="Spring" Spring="550" Damping="10">

                                </Motor>
                            </Constraint>
                          </Body>
                          <Body ModelFrame="BoneSunshieldRight_cdt" _template="SunShield">

                          </Body>
                          <Body ModelFrame="BoneSunshieldLeft_cdt" _template="SunShield">

                          </Body>
                          <Body Mass="1" Collisions="None" ModelFrame="BoneBelt_cdt">
                            <Constraint AxisLocal="(0; 0; 1)" MaxLimit="7" MinLimit="-7" Type="Hinge">
                                <Motor Type="Spring" Spring="5" Damping="1">

                                </Motor>
                            </Constraint>
                          </Body>
                          <Body Mass="2" Collisions="None" ModelFrame="BoneRadioWire1_cdt">
                            <Constraint AxisLocal="(0; 1; 0)" MaxLimit="30" MinLimit="-60" Type="Hinge">
                                <Motor Type="Spring" Spring="3" Damping="0.15">

                                </Motor>
                            </Constraint>
                            <Body Mass="2" Collisions="None" ModelFrame="BoneRadioWire2_cdt">
                                  <Constraint AxisLocal="(0; 0; 1)" MaxLimit="45" MinLimit="-30" Type="Hinge">
                                      <Motor Type="Spring" Spring="3.5" Damping="0.075">

                                      </Motor>
                                  </Constraint>
                            </Body>
                          </Body>
                    </Body>
                    <Body ModelFrame="BoneSuspensionRockerLeft_cdt" ImpactType="Truck" Mass="500" Collisions="None" CenterOfMassOffset="(0; 0; 0)">
                      <Constraint AxisLocal="(0; 0; 1)" MaxLimit="5" MinLimit="-5" PivotOffset="(0; 0; 0)" Type="Hinge">
                          <Motor Type="Spring" Spring="100000" Damping="50">

                          </Motor>
                      </Constraint>
                    </Body>
                    <Body ModelFrame="BoneSuspensionRockerRight_cdt" ImpactType="Truck" Mass="500" Collisions="None" CenterOfMassOffset="(0; 0; 0)">
                      <Constraint AxisLocal="(0; 0; 1)" MaxLimit="5" MinLimit="-5" PivotOffset="(0; 0; 0)" Type="Hinge">
                          <Motor Type="Spring" Spring="100000" Damping="50">

                          </Motor>
                      </Constraint>
                    </Body>
            </Body>
      </PhysicsModel>
      <TruckData BackSteerSpeed="0.015" DiffLockType="Installed" EngineIconScale="1.3" TruckType="HEAVY_DUTY" FuelCapacity="280" EngineStartDelay="0.8" SteerSpeed="0.025" ExhaustStartTime="0.9" Responsiveness="0.3" TruckImage="internationalHx520mchr" EngineIconMesh="env/engine_default">
                <Steam Origin="(-1.027; 1.23; 0)">

                </Steam>
                <Steam ParentFrame="BoneCabin_cdt" Scale="0.5" Origin="(0.156; 0.87; 0)">

                </Steam>
              <Intake Size="1.2" Dir="(1; 0; 0)" Origin="(2.017; 1.582; 0)">

              </Intake>
              <GearboxSocket Default="g_truck_default" Type="gearboxes_trucks">

              </GearboxSocket>
              <Wheels DefaultRim="rim_1" DefaultWheelType="wheels_medium_double" DefaultTire="highway_1">
                          <Wheel Pos="(1.257; 0.541; 1.08)" _template="FrontAxle">

                          </Wheel>
                          <Wheel Pos="(1.257; 0.541; 1.08)" _template="FrontAxle" RightSide="true">

                          </Wheel>
                          <Wheel Pos="(-4.745; 0.541; 0.962)" _template="RearAxle" ParentFrame="BoneSuspensionRockerLeft_cdt">

                          </Wheel>
                          <Wheel ParentFrame="BoneSuspensionRockerRight_cdt" Pos="(-4.745; 0.541; 0.962)" RightSide="true" _template="RearAxle">

                          </Wheel>
                          <Wheel Pos="(-6.133; 0.541; 0.962)" _template="RearAxle" ParentFrame="BoneSuspensionRockerLeft_cdt">

                          </Wheel>
                          <Wheel ParentFrame="BoneSuspensionRockerRight_cdt" Pos="(-6.133; 0.541; 0.962)" RightSide="true" _template="RearAxle">

                          </Wheel>
              </Wheels>
              <WinchUpgradeSocket Default="w_medium_trucks_default" Type="winches_medium_trucks" IsUpgradable="true">

              </WinchUpgradeSocket>
              <SteeringWheel Frame="BoneSteering">

              </SteeringWheel>
              <Damage>
                                <DamageArea Max="(1.894; 2.091; 0.636)" ParentFrame="BoneCabin_cdt" Min="(0.374; 1.104; -0.636)" Type="Engine">

                                </DamageArea>
                                <DamageArea Max="(-0.012; 1.102; 1.172)" ParentFrame="BoneCabin_cdt" Min="(-1.844; 0.453; -1.172)" Type="FuelTank">

                                </DamageArea>
              </Damage>
              <LimitedFluid RadiusY="0.326" Center="(-0.928; 0.775; 0.851)" RadiusZ="0.326" LengthX="1.724" Type="Cylinder">

              </LimitedFluid>
              <EngineSocket Default="us_truck_modern_engine_0" Type="e_us_truck_modern, e_us_truck_modern_catroyal">

              </EngineSocket>
              <SoundsDamage _template="Heavy">

              </SoundsDamage>
              <Camera Center="(-3.9; 0; 0)" ParentFrame="BoneCabin_cdt">
                                      <Cockpit WindshieldShadingTexture="trucks/international_hx520_glass__sh_d.tga" WindshieldDetailDensity="6.0" WindshieldDiffuseTexture="trucks/international_hx520_glass__d_a.tga" ViewPos="(-0.59; 2.662; 0.487)" _template="Default">
                                            <Mirror Pos="(-0.228; 2.578; 1.399)" MeshFrame="mirror_left" FOVScale="2" Size="(0.19; 0.37)" ReflectionDir="(-0.878; -0.051; -0.476)" ClipDir="(-0.878; -0.051; -0.476)" ClipOffset="0.3">
                                              <SecondaryView MeshFrame="mirror_left_convex" Pos="(-0.231; 2.292; 1.397)" Size="(0.19; 0.165)" FOVScale="2.3" ClipDir="(-0.878; -0.051; -0.476)" CurveAngle="10">

                                              </SecondaryView>
                                            </Mirror>
                                            <Mirror Pos="(-0.228; 2.578; -1.399)" MeshFrame="mirror_right" FOVScale="2.5" Size="(0.19; 0.37)" ReflectionDir="(-0.792; 0.004; 0.611)" ClipDir="(-0.792; 0.004; 0.611)" ClipOffset="0.2">
                                              <SecondaryView MeshFrame="mirror_right_convex" Pos="(-0.231; 2.292; -1.397)" Size="(0.19; 0.165)" FOVScale="3" ClipDir="(-0.783; -0.112; 0.611)" CurveAngle="10">

                                              </SecondaryView>
                                            </Mirror>
                                            <Mirror ClipDir="(-0.147; -0.856; 0.495)" MeshFrame="mirror_right_extra" Size="(0.24; 0.18)" ClipOffset="0.1" FOVScale="2.5" Pos="(-0.639; 2.708; -1.085)" ReflectionDir="(-0.281; -0.834; 0.475)" CurveAngle="20">

                                            </Mirror>
                                      </Cockpit>
              </Camera>
              <Shafts>
                                          <Shaft SocketPointA="ShaftRearGimbal2RearWheel" SocketPointB="ShaftRearWheel">

                                          </Shaft>
                                          <Shaft SocketPointA="ShaftWheel2WheelA" SocketPointB="ShaftWheel2WheelB">

                                          </Shaft>
              </Shafts>
              <FuelTank DamageCapacity="50">

              </FuelTank>
              <SoundsWheels _template="Default">

              </SoundsWheels>
              <SuspensionSocket Default="international_hx_520_suspension_default" MaxWheelRadiusWithoutSuspension="0.45" Type="s_international_hx_520">

              </SuspensionSocket>
              <Axles>
                                                <Axle Frame="BoneAxleFront">

                                                </Axle>
              </Axles>
                                                <CompatibleWheels Scale="0.55" Type="wheels_medium_double">

                                                </CompatibleWheels>
                                                <CompatibleWheels Scale="0.60" Type="wheels_medium_double">

                                                </CompatibleWheels>
              <Sounds DisableReversePitch="true" ParentFrame="BoneCabin_cdt" MinDist="12.0" AirHissInterval="12.0" _template="Default" Origin="(0.965; 1.708; 0)">
                                                    <EngineHigh Sound="trucks/int_hx520/int_hx520_high">

                                                    </EngineHigh>
                                                    <ChassisStress Sound="trucks/common/truck_stress_rnd_set/truck_stress_rnd">

                                                    </ChassisStress>
                                                    <EngineRev Sound="trucks/int_hx520/int_hx520_rev">

                                                    </EngineRev>
                                                    <Honk Sound="trucks/int_hx520/int_hx520_honk">

                                                    </Honk>
                                                    <EngineStart Sound="trucks/int_hx520/int_hx520_start">

                                                    </EngineStart>
                                                    <EngineLow_2d IsSound2D="true" Sound="trucks/int_hx520/int_hx520_low_2d">

                                                    </EngineLow_2d>
                                                    <AbruptStop Sound="trucks/common/truck_swing_big_rnd_set/truck_swing_big_rnd">

                                                    </AbruptStop>
                                                    <EngineHeavy_2d IsSound2D="true" Sound="trucks/int_hx520/int_hx520_heavy_2d">

                                                    </EngineHeavy_2d>
                                                    <EngineHigh_2d IsSound2D="true" Sound="trucks/int_hx520/int_hx520_high_2d">

                                                    </EngineHigh_2d>
                                                    <EngineLow Sound="trucks/int_hx520/int_hx520_low">

                                                    </EngineLow>
                                                    <EngineIdle_2d IsSound2D="true" Sound="trucks/int_hx520/int_hx520_idle_2d">

                                                    </EngineIdle_2d>
                                                    <EngineStop Sound="trucks/int_hx520/int_hx520_stop">

                                                    </EngineStop>
                                                    <EngineIdle Sound="trucks/int_hx520/int_hx520_idle">

                                                    </EngineIdle>
                                                    <EngineHeavy Sound="trucks/int_hx520/int_hx520_heavy">

                                                    </EngineHeavy>
                                                    <Reverse Sound="trucks/cat_ct680/cat_ct680_back_beeper">

                                                    </Reverse>
                                                    <BrakeRelease Sound="trucks/int_hx520/int_hx520_brake_release">

                                                    </BrakeRelease>
                                                    <EngineAccel Sound="trucks/int_hx520/int_hx520_acc">

                                                    </EngineAccel>
                                                    <BrakesSqueal Sound="trucks/int_hx520/int_hx520_brakes_squeal">

                                                    </BrakesSqueal>
              </Sounds>
              <Driver SteeringWheelPos="(-0.175; 2.284; 0.482)" Pos="(-0.55; 1.924; 0.475)" ParentFrame="BoneCabin_cdt" AnimationSet="HeavyTruck">

              </Driver>
              <Dashboard>
                                                          <Gauge Org="(0.086; 2.242; 0.478)" OutputAngles="(35; 211)" Mesh="trucks/arrows/international_hx_520_arrow_1" InputRange="(0;140)" Dir="(-0.898; 0.44; 0)" InputType="speed">

                                                          </Gauge>
                                                          <Gauge Mesh="trucks/arrows/international_hx_520_arrow_1" Org="(0.089; 2.241; 0.478)" OutputAngles="(-32; -127)" InputType="rpm" Dir="(-0.898; 0.44; 0)" InputRange="(0;1)" Damping="0.99">

                                                          </Gauge>
                                                          <Gauge Mesh="trucks/arrows/international_hx_520_arrow_2" Org="(0.088; 2.244; 0.645)" OutputAngles="(67; 154)" InputType="engineEnabled" Dir="(-0.898; 0.44; 0)" InputRange="(0;1)" Damping="0.99">

                                                          </Gauge>
                                                          <Gauge Mesh="trucks/arrows/international_hx_520_arrow_2" Org="(0.063; 2.194; 0.645)" OutputAngles="(65; 223)" InputType="engineEnabled" Dir="(-0.898; 0.44; 0)" InputRange="(0;1)" Damping="0.99">

                                                          </Gauge>
                                                          <Gauge Mesh="trucks/arrows/international_hx_520_arrow_2" Org="(0.076; 2.219; 0.594)" OutputAngles="(65; 174)" InputType="engineEnabled" Dir="(-0.898; 0.44; 0)" InputRange="(0;1)" Damping="0.99">

                                                          </Gauge>
                                                          <Gauge Mesh="trucks/arrows/international_hx_520_arrow_2" Org="(0.101; 2.27; 0.593)" OutputAngles="(67; 256)" InputType="engineEnabled" Dir="(-0.898; 0.44; 0)" InputRange="(0;1)" Damping="0.99">

                                                          </Gauge>
                                                          <Gauge Mesh="trucks/arrows/international_hx_520_arrow_2" Org="(0.101; 2.27; 0.364)" OutputAngles="(67; 193)" InputType="engineEnabled" Dir="(-0.898; 0.44; 0)" InputRange="(0;1)" Damping="0.99">

                                                          </Gauge>
                                                          <Gauge Mesh="trucks/arrows/international_hx_520_arrow_2" Org="(0.088; 2.244; 0.311)" OutputAngles="(67; 212)" InputType="engineEnabled" Dir="(-0.898; 0.44; 0)" InputRange="(0;1)" Damping="0.99">

                                                          </Gauge>
                                                          <Gauge Mesh="trucks/arrows/international_hx_520_arrow_2" Org="(0.063; 2.193; 0.311)" OutputAngles="(66; 251)" InputType="engineEnabled" Dir="(-0.898; 0.44; 0)" InputRange="(0;1)" Damping="0.99">

                                                          </Gauge>
                                                          <Gauge Mesh="trucks/arrows/international_hx_520_arrow_2" Org="(0.075; 2.218; 0.363)" OutputAngles="(66; 292)" InputType="fuel" Dir="(-0.898; 0.44; 0)" InputRange="(0;1)" Damping="0.99">

                                                          </Gauge>
                                                          <Gauge Mesh="trucks/arrows/international_hx_520_arrow_2" Org="(-0.075; 2.29; 0.026)" OutputAngles="(74; 162)" InputType="engineEnabled" Dir="(-0.849; 0.414; 0.329)" InputRange="(0;1)" Damping="0.99">

                                                          </Gauge>
                                                          <Gauge Mesh="trucks/arrows/international_hx_520_arrow_2" Org="(-0.107; 2.29; -0.057)" OutputAngles="(76; 253)" InputType="engineEnabled" Dir="(-0.849; 0.414; 0.329)" InputRange="(0;1)" Damping="0.99">

                                                          </Gauge>
                                                          <Gauge Mesh="trucks/arrows/international_hx_520_arrow_2" Org="(-0.139; 2.29; -0.139)" OutputAngles="(76; 129)" InputType="engineEnabled" Dir="(-0.849; 0.414; 0.329)" InputRange="(0;1)" Damping="0.99">

                                                          </Gauge>
              </Dashboard>
                                                        <SteeringRack FrameSteerRight="BoneRackRight" Frame="BoneRackAWD" FrameSteerLeft="BoneRackLeft" RackHalfSizeZ="0.897">

                                                        </SteeringRack>
                                                        <SteeringRack FrameSteerRight="BoneRackRight" Frame="BoneRackRWD" FrameSteerLeft="BoneRackLeft" RackHalfSizeZ="0.882">

                                                        </SteeringRack>
              <OcclusionMap MaxX="2.5" HalfSizeZ="1.8" MinX="-7.7">

              </OcclusionMap>
      </TruckData>
      <ModelAttachments>
                <StopSignals>
                    <Light Pos="(-7.099; 0.598; 0)" _template="StopSignal" Color="g(102; 1; 1) x 4">

                    </Light>
                        <Flare Size=".3" _template="StopSignal" Pos="(-6.972; 0.728; -0.305)">

                        </Flare>
                        <Flare Size=".3" _template="StopSignal" Pos="(-6.972; 0.728; 0.305)">

                        </Flare>
                        <Flare Size=".1" _template="StopSignal" Pos="(-6.972; 0.728; -0.447)">

                        </Flare>
                        <Flare Size=".1" _template="StopSignal" Pos="(-6.972; 0.728; 0.447)">

                        </Flare>
                </StopSignals>
                <Ignition>
                        <Light Pos="(2.5; 1.261; -0.9)" _template="IgnitionSignalWhite" ParentFrame="BoneCabin_cdt">

                        </Light>
                        <Light Pos="(2.5; 1.261; 0.9)" _template="IgnitionSignalWhite" ParentFrame="BoneCabin_cdt">

                        </Light>
                          <Flare ParentFrame="BoneCabin_cdt" Pos="(1.928; 1.26; -1.031)" Size=".2" _template="IgnitionSignalWhite">

                          </Flare>
                          <Flare ParentFrame="BoneCabin_cdt" Pos="(1.928; 1.26; 1.031)" Size=".2" _template="IgnitionSignalWhite">

                          </Flare>
                          <Flare ParentFrame="BoneCabin_cdt" Pos="(1.927; 1.261; -0.9)" Size=".15" _template="IgnitionSignalWhite">

                          </Flare>
                          <Flare ParentFrame="BoneCabin_cdt" Pos="(1.927; 1.261; 0.9)" Size=".15" _template="IgnitionSignalWhite">

                          </Flare>
                          <Flare ParentFrame="BoneCabin_cdt" Size=".15" Pos="(1.794; 1.374; -1.168)" Color="g(255; 156; 112) x .75" _template="IgnitionSignalOrange">

                          </Flare>
                          <Flare ParentFrame="BoneCabin_cdt" Size=".15" Pos="(1.794; 1.374; 1.168)" Color="g(255; 156; 112) x .75" _template="IgnitionSignalOrange">

                          </Flare>
                          <Flare ParentFrame="BoneCabin_cdt" Pos="(0.15; 1.995; -0.994)" Size=".35" _template="IgnitionSignalOrange">

                          </Flare>
                          <Flare ParentFrame="BoneCabin_cdt" Pos="(0.15; 1.995; 0.994)" Size=".35" _template="IgnitionSignalOrange">

                          </Flare>
                          <Flare ParentFrame="BoneCabin_cdt" Pos="(-0.378; 1.246; -0.953)" Size=".20" _template="IgnitionSignalOrange">

                          </Flare>
                          <Flare ParentFrame="BoneCabin_cdt" Pos="(-0.378; 1.246; 0.953)" Size=".20" _template="IgnitionSignalOrange">

                          </Flare>
                          <Flare ParentFrame="BoneCabin_cdt" Pos="(-0.705; 1.246; -0.953)" Size=".20" _template="IgnitionSignalOrange">

                          </Flare>
                          <Flare ParentFrame="BoneCabin_cdt" Pos="(-0.705; 1.246; 0.953)" Size=".20" _template="IgnitionSignalOrange">

                          </Flare>
                          <Flare _template="IgnitionSignalOrange" Pos="(-0.206; 2.711; -1.49)" ParentFrame="BoneCabin_cdt" Size=".4" Dir="(0.5; 0; -0.5)" Color="g(255; 156; 112) x .35" AspectRatio="0.5">

                          </Flare>
                          <Flare _template="IgnitionSignalOrange" Pos="(-0.206; 2.711; 1.49)" ParentFrame="BoneCabin_cdt" Size=".4" Dir="(0.5; 0; 0.5)" Color="g(255; 156; 112) x .35" AspectRatio="0.5">

                          </Flare>
                          <Flare _template="IgnitionSignalOrange" Pos="(-0.206; 2.447; -1.49)" ParentFrame="BoneCabin_cdt" Size=".4" Dir="(0.5; 0; -0.5)" Color="g(255; 156; 112) x .35" AspectRatio="0.5">

                          </Flare>
                          <Flare _template="IgnitionSignalOrange" Pos="(-0.206; 2.447; 1.49)" ParentFrame="BoneCabin_cdt" Size=".4" Dir="(0.5; 0; 0.5)" Color="g(255; 156; 112) x .35" AspectRatio="0.5">

                          </Flare>
                          <Flare Size=".3" _template="IgnitionSignalRed" Pos="(-6.965; 0.728; -0.447)">

                          </Flare>
                          <Flare Size=".3" _template="IgnitionSignalRed" Pos="(-6.965; 0.728; 0.447)">

                          </Flare>
                </Ignition>
                <HeadLight>
                          <Model _template="HeadLightRay" Org="(1.92; 1.26; -1.031)" ParentFrame="BoneCabin_cdt">

                          </Model>
                          <Model _template="HeadLightRay" Org="(1.92; 1.26; 1.031)" ParentFrame="BoneCabin_cdt">

                          </Model>
                            <Flare ParentFrame="BoneCabin_cdt" Size=".2" Pos="(1.92; 1.26; -1.031)" Color="g(255; 235; 205) x 0.6" _template="HeadLight">

                            </Flare>
                            <Flare ParentFrame="BoneCabin_cdt" Size=".2" Pos="(1.92; 1.26; 1.031)" Color="g(255; 235; 205) x 0.6" _template="HeadLight">

                            </Flare>
                            <Flare ParentFrame="BoneCabin_cdt" Size=".2" Pos="(1.92; 1.26; -0.9)" Color="g(255; 235; 205) x 0.6" _template="HeadLight">

                            </Flare>
                            <Flare ParentFrame="BoneCabin_cdt" Size=".2" Pos="(1.92; 1.26; 0.9)" Color="g(255; 235; 205) x 0.6" _template="HeadLight">

                            </Flare>
                            <Flare Pos="(1.92; 1.26; -1.031)" _template="BlueStreak" ParentFrame="BoneCabin_cdt">

                            </Flare>
                            <Flare Pos="(1.92; 1.26; 1.031)" _template="BlueStreak" ParentFrame="BoneCabin_cdt">

                            </Flare>
                </HeadLight>
                <ReverseSignals>
                            <Light Pos="(-7.3; 0.728; -0.166)" _template="ReverseSignal" Color="g(102; 102; 102) x 1.2">

                            </Light>
                            <Light Pos="(-7.3; 0.728; 0.166)" _template="ReverseSignal" Color="g(102; 102; 102) x 1.2">

                            </Light>
                              <Flare Size="0.2" _template="ReverseSignal" Pos="(-6.972; 0.728; -0.166)">

                              </Flare>
                              <Flare Size="0.2" _template="ReverseSignal" Pos="(-6.972; 0.728; 0.166)">

                              </Flare>
                              <Flare Pos="(-6.965; 0.728; -0.166)" Size="0.4" Dir="(-1; 0; 0)" Color="g(220; 220; 255) x 0.05" _template="BlueStreak">

                              </Flare>
                              <Flare Pos="(-6.965; 0.728; 0.166)" Size="0.4" Dir="(-1; 0; 0)" Color="g(220; 220; 255) x 0.05" _template="BlueStreak">

                              </Flare>
                </ReverseSignals>
      </ModelAttachments>
      <HeadLight Pos="(4.21; 0.864; 0)" _template="Default" ParentFrame="BoneCabin_cdt">

      </HeadLight>
      <GameData Price="151900" Country="US" UnlockByExploration="false" UnlockByRank="1">
                      <CraneSocket Pos="(2.064; 0.847; 0)">

                      </CraneSocket>
                      <CraneSocket Pos="(-2.628; 0.976; -0.442)">

                      </CraneSocket>
                      <CraneSocket Pos="(-2.628; 0.976; 0.442)">

                      </CraneSocket>
                      <CraneSocket Pos="(-7.258; 0.976; 0)">

                      </CraneSocket>
                    <UiDesc UiIcon30x30="heavyDutyVehicleImg30" UiName="UI_VEHICLE_INTERNATIONAL_HX_520_NAME" UiIcon328x458="shopImgCatInternationalHX520" UiIconLogo="InternationalNavistarLogo80" UiDesc="UI_VEHICLE_INTERNATIONAL_HX_520_DESC" UiIcon40x40="heavyDutyVehicleImg">

                    </UiDesc>
                          <AddonSockets>
                              <Socket Offset="(-5.24; 1.64; 0)" Names="LargeSemitrailer, LargeSemitrailerOiltank">

                              </Socket>
                              <Socket Offset="(-5.24; 1.49; 0)" Names="Semitrailer, SemitrailerOiltank">

                              </Socket>
                              <Socket Offset="(-7.215; 0.985; 0)" Names="Trailer">

                              </Socket>
                          </AddonSockets>
                          <AddonSockets>
                              <Socket Offset="(-1.867; 1.126; 0)" NamesBlock="MetalDetector, MinicraneUS" Names="LogLift">

                              </Socket>
                              <Socket Offset="(-7.099; 1.125; 0)" Names="BunkLog">

                              </Socket>
                              <Socket Offset="(-3.86; 1.123; 0)" NamesBlock="MinicraneUS" Names="FrameAddonLogShort">

                              </Socket>
                              <Socket Offset="(-3.86; 1.123; 0)" NamesBlock="MinicraneUS" Names="FrameAddonLogMedium">

                              </Socket>
                              <Socket Offset="(-5.239; 1.125; 0)" Names="SaddleLow">

                              </Socket>
                              <Socket Offset="(-5.239; 1.125; 0)" Names="SaddleHigh">
                                  <ExtraParent Frame="BoneChassis_cdt" Offset="(0; 0; 0.005)">

                                  </ExtraParent>
                                  <ExtraParent Frame="BoneChassis_cdt" Offset="(0; 0; -0.005)">

                                  </ExtraParent>
                              </Socket>
                              <Socket Offset="(-4.01; 1.125; 0)" Names="FrameAddon">
                                <AddonsShift Offset="(-1.15; 0; 0)" Types="MinicraneUS">

                                </AddonsShift>
                              </Socket>
                              <Socket Offset="(-4.6; 1.125; 0)" NamesBlock="MetalDetector, Trailer" Names="FrameAddonTow">
                                <AddonsShift Offset="(-1.2; 0; 0)" Types="MinicraneUS">

                                </AddonsShift>
                              </Socket>
                              <Socket Offset="(-4.749; 1.209; 0)" Names="FrameAddonKung">
                                  <ExtraParent Frame="BoneChassis_cdt" Offset="(0; 0; -0.08)">

                                  </ExtraParent>
                                  <ExtraParent Frame="BoneChassis_cdt" Offset="(0; 0; 0.08)">

                                  </ExtraParent>
                              </Socket>
                              <Socket Offset="(-4.967; 1.125; 0)" Names="FrameAddonTank">

                              </Socket>
                              <Socket Offset="(-4.79; 1.125; 0)" NamesBlock="MinicraneUS" Names="BigCraneUs">

                              </Socket>
                              <Socket Offset="(-4.769; 0.091; 0)" NamesBlock="MinicraneUS, Trailer" Names="FrameAddonMaintainer">

                              </Socket>
                          </AddonSockets>
                          <AddonSockets>
                            <Socket Offset="(-2.16; 1.125; 0)" NamesBlock="FrameAddonKung, FrameAddonTank" Names="MinicraneUS">
                                  <ExtraParent Frame="BoneChassis_cdt" Offset="(0; 0; -0.01)">

                                  </ExtraParent>
                                  <ExtraParent Frame="BoneChassis_cdt" Offset="(0; 0; 0.01)">

                                  </ExtraParent>
                            </Socket>
                          </AddonSockets>
                          <AddonSockets DefaultAddon="international_hx_520_transferbox_default">
                            <Socket ParentFrame="BoneCabin_cdt" Names="intHX520TransferBox">
                                  <ExtraParent Frame="BoneTieRodRWD_cdt">

                                  </ExtraParent>
                                  <ExtraParent Frame="BoneTieRodLeftAWD_cdt">

                                  </ExtraParent>
                                  <ExtraParent Frame="BoneTieRodRightAWD_cdt">

                                  </ExtraParent>
                                  <ExtraParent Frame="BoneAxleFront">

                                  </ExtraParent>
                                  <ExtraParent Frame="BoneRackLeft">

                                  </ExtraParent>
                                  <ExtraParent Frame="BoneRackRight">

                                  </ExtraParent>
                                  <ExtraParent Frame="BoneRackRWD">

                                  </ExtraParent>
                                  <ExtraParent Frame="BoneRackAWD">

                                  </ExtraParent>
                            </Socket>
                          </AddonSockets>
                          <AddonSockets DefaultAddon="international_hx_520_diff_lock_default">
                            <Socket Names="InternationalHX520DiffLock">

                            </Socket>
                          </AddonSockets>
                          <AddonSockets DefaultAddon="international_hx_520_bumper_default">
                            <Socket ParentFrame="BoneCabin_cdt" Names="intHX520Bumper">

                            </Socket>
                          </AddonSockets>
                          <AddonSockets DefaultAddon="international_hx_520_visor_default">
                              <Socket _template="Cabin2Chassis" Names="intHX520Visor">

                              </Socket>
                              <Socket _template="Cabin2Chassis" Names="intHX520Visor1">

                              </Socket>
                          </AddonSockets>
                          <AddonSockets DefaultAddon="international_hx_520_exhaust_default">
                            <Socket _template="Cabin2Chassis" Names="intHX520Exhaust">

                            </Socket>
                          </AddonSockets>
                          <AddonSockets>
                            <Socket _template="Cabin2Chassis" Names="intHX520Horn">

                            </Socket>
                          </AddonSockets>
                          <AddonSockets>
                            <Socket _template="Cabin2Chassis" Names="intHX520Beacon">

                            </Socket>
                          </AddonSockets>
                          <AddonSockets>
                            <Socket _template="Cabin2Chassis" NamesBlock="intHX520Visor" Names="intHX520Gabarite">

                            </Socket>
                          </AddonSockets>
                          <AddonSockets>
                            <Socket _template="Cabin2Chassis" Names="intHX520SpotLight">

                            </Socket>
                          </AddonSockets>
                          <AddonSockets DefaultAddon="international_hx_520_snorkel_1">
                            <Socket _template="Cabin2Chassis" Names="intHX520Snorkel">

                            </Socket>
                          </AddonSockets>
                          <AddonSockets>
                            <Socket Names="internationalHx520Sticker_1x1_01" _template="Cabin2Chassis" InCockpit="true">

                            </Socket>
                          </AddonSockets>
                          <AddonSockets>
                            <Socket Names="internationalHx520Sticker_1x1_02" _template="Cabin2Chassis" InCockpit="true">

                            </Socket>
                          </AddonSockets>
                          <AddonSockets>
                            <Socket Names="internationalHx520Sticker_1x2_01" _template="Cabin2Chassis" InCockpit="true">

                            </Socket>
                          </AddonSockets>
                          <AddonSockets>
                            <Socket Names="internationalHx520Sticker_1x2_02" _template="Cabin2Chassis" InCockpit="true">

                            </Socket>
                          </AddonSockets>
                          <AddonSockets>
                            <Socket Names="internationalHx520Sticker_1x4_01" _template="Cabin2Chassis" InCockpit="true">

                            </Socket>
                          </AddonSockets>
                          <AddonSockets>
                            <Socket Names="internationalHx520Sticker_1x4_02" _template="Cabin2Chassis" InCockpit="true">

                            </Socket>
                          </AddonSockets>
                          <AddonSockets>
                            <Socket Names="internationalHx520Sticker_Door_R" _template="Cabin2Chassis" InCockpit="true">

                            </Socket>
                          </AddonSockets>
                          <AddonSockets>
                            <Socket Names="internationalHx520Sticker_Door_L" _template="Cabin2Chassis" InCockpit="true">

                            </Socket>
                          </AddonSockets>
                          <AddonSockets>
                            <Socket Names="internationalHx520Sticker_Roof" _template="Cabin2Chassis" InCockpit="true">

                            </Socket>
                          </AddonSockets>
                          <AddonSockets>
                            <Socket Names="internationalHx520Sticker_Capote" _template="Cabin2Chassis" InCockpit="true">

                            </Socket>
                          </AddonSockets>
                          <AddonSockets>
                            <Socket Names="internationalHx520Sticker_GlassBottom" _template="Cabin2Chassis" InCockpit="true">

                            </Socket>
                          </AddonSockets>
                          <AddonSockets>
                            <Socket Names="internationalHx520Sticker_GlassTop" _template="Cabin2Chassis" InCockpit="true">

                            </Socket>
                          </AddonSockets>
                          <AddonSockets>
                            <Socket Names="stuffHoodInternationalHx520" _template="Cabin2Chassis" InCockpit="true">

                            </Socket>
                          </AddonSockets>
                          <AddonSockets>
                            <Socket Offset="(0.062; 2.294; -0.249)" Names="StuffDashboard" _template="Cabin2Chassis" InCockpit="true">

                            </Socket>
                          </AddonSockets>
                          <AddonSockets>
                            <Socket Offset="(-0.208; 2.816; 0.001)" Names="StuffAirfreshener" _template="Cabin2Chassis" InCockpit="true">

                            </Socket>
                          </AddonSockets>
                    <CustomizationCameras>
                                <CameraPos Position="(7.594; 6.024; -0.414)" Name="roof_sticker" InterestPosition="(4.929; 2.498; -0.817)" FOV="32.0">

                                </CameraPos>
                                <CameraPos Interior="true" Position="(4.906; 2.543; -0.247)" Name="sticker_1" InterestPosition="(3.965; 1.744; 1.928)" FOV="32.0">

                                </CameraPos>
                                <CameraPos MaxZoom="2" MaxYRotation="360" Position="(-7.371; 4.556; 8.243)" MaxXRotation="360" Name="addon_1" InterestPosition="(1.332; 1.692; -0)" FOV="32.0">

                                </CameraPos>
                                <CameraPos MaxZoom="2" MaxYRotation="360" Position="(-8.093; 2.337; -6.718)" MaxXRotation="360" Name="addon_2" InterestPosition="(3.194; 1.807; 0)" FOV="32.0">

                                </CameraPos>
                                <CameraPos Interior="true" Position="(4.189; 2.764; -0.111)" Name="mirror_mount" InterestPosition="(7.478; 2.177; 1.074)" FOV="32.0">

                                </CameraPos>
                                <CameraPos MaxZoom="2" MaxYRotation="360" Position="(-1.487; 3.516; 3.839)" MaxXRotation="360" Name="side_r" InterestPosition="(4.856; 2.175; 1.34)" FOV="32.0">

                                </CameraPos>
                                <CameraPos MaxZoom="2" MaxYRotation="360" Position="(9.918; 2.816; -1.653)" MaxXRotation="360" Name="hood_ornament" InterestPosition="(6.727; 2.16; -0.851)" FOV="32.0">

                                </CameraPos>
                                <CameraPos Interior="true" Position="(4.405; 2.623; -0.149)" Name="sticker" InterestPosition="(5.173; 2.128; 1.77)" FOV="32.0">

                                </CameraPos>
                                <CameraPos Position="(9.235; 3.376; 1.131)" Name="glass_sticker" InterestPosition="(4.78; 2.248; -0.975)" FOV="32.0">

                                </CameraPos>
                                <CameraPos MaxZoom="2" MaxYRotation="360" Position="(3.176; 2.422; 3.839)" MaxXRotation="360" Name="door_r_sticker" InterestPosition="(6.415; 1.53; 0.378)" FOV="32.0">

                                </CameraPos>
                                <CameraPos MaxZoom="2" MaxYRotation="360" Position="(11.963; 4.405; 2.695)" MaxXRotation="360" Name="roof" InterestPosition="(5.039; 1.337; -1.099)" FOV="32.0">

                                </CameraPos>
                                <CameraPos Position="(9.638; 5.94; -0.414)" Name="capote_sticker" InterestPosition="(6.974; 2.413; -0.817)" FOV="32.0">

                                </CameraPos>
                                <CameraPos MaxZoom="2" MaxYRotation="360" Position="(13.318; 1.527; -3.314)" MaxXRotation="360" Name="hoods" InterestPosition="(5.51; 1.306; -0.125)" FOV="32.0">

                                </CameraPos>
                                <CameraPos Interior="true" Position="(4.942; 2.708; -0.001)" Name="sticker_2" InterestPosition="(5.629; 2.362; -0.05)" FOV="32.0">

                                </CameraPos>
                                <CameraPos MaxZoom="2" MaxYRotation="360" Position="(9.945; 5.448; 1.926)" MaxXRotation="360" Name="side_l" InterestPosition="(4.744; 2.29; -0.7)" FOV="32.0">

                                </CameraPos>
                                <CameraPos Interior="true" Position="(4.244; 2.943; -0.098)" Name="bubble_head" InterestPosition="(7.399; 1.343; 1.682)" FOV="32.0">

                                </CameraPos>
                                <CameraPos MaxZoom="2" MaxYRotation="360" Position="(9.341; 1.274; -5.155)" MaxXRotation="360" Name="wheels" InterestPosition="(4.615; 0.163; 0.126)" FOV="32.0">

                                </CameraPos>
                                <CameraPos MaxZoom="2" MaxYRotation="360" Position="(13.641; 2.738; -4.536)" MaxXRotation="360" Name="default" InterestPosition="(5.197; 1.735; -0.23)" FOV="32.0">

                                </CameraPos>
                                <CameraPos MaxZoom="2" MaxYRotation="360" Position="(-5.767; 1.805; 2.899)" MaxXRotation="360" Name="rear" InterestPosition="(0.479; 0.992; -0)" FOV="32.0">

                                </CameraPos>
                                <CameraPos Position="(3.528; 2.564; -3.81)" Name="door_l_sticker" InterestPosition="(4.303; 1.744; -0.591)" FOV="32.0">

                                </CameraPos>
                    </CustomizationCameras>
                              <WinchSocket Pos="(2.064; 0.847; 0)">

                              </WinchSocket>
                              <WinchSocket Pos="(-2.628; 0.976; -0.442)">

                              </WinchSocket>
                              <WinchSocket Pos="(-2.628; 0.976; 0.442)">

                              </WinchSocket>
                              <WinchSocket Pos="(-7.258; 0.976; 0)">

                              </WinchSocket>
      </GameData>
      <Landmark MaxScale="3.8" MinScale="1.8" Mesh="landmarks/international_hx_520_lmk">

      </Landmark>
      <AutomaticIK>
                          <IKBone ModelFrame="BoneSuspensionAxle01" ParentFrame="BoneSuspensionRockerLeft_cdt">
                            <IKJoint AxisLocal="(0; 0; 1)" Type="Hinge2">

                            </IKJoint>
                            <IKBone AttachOffset="(0; 0; 0)" ModelFrame="BoneSuspensionAxle01_end" AttachToFrame="BoneSuspensionRockerRight_cdt">
                                  <IKJoint AxisLocal="(0; 0; 1)" Type="Slider">

                                  </IKJoint>
                            </IKBone>
                          </IKBone>
                          <IKBone ModelFrame="BoneSuspensionAxle02" ParentFrame="BoneSuspensionRockerLeft_cdt">
                            <IKJoint AxisLocal="(0; 0; 1)" Type="Hinge2">

                            </IKJoint>
                            <IKBone AttachOffset="(0; 0; 0)" ModelFrame="BoneSuspensionAxle02_end" AttachToFrame="BoneSuspensionRockerRight_cdt">
                                  <IKJoint AxisLocal="(0; 0; 1)" Type="Slider">

                                  </IKJoint>
                            </IKBone>
                          </IKBone>
      </AutomaticIK>
  </Truck>
  <_templates Include="trucks">
        <Socket>
            <Cabin2Chassis Offset="(0; 0; 0)" ParentFrame="BoneCabin_cdt">
                <ExtraParent Frame="BoneChassis_cdt">

                </ExtraParent>
            </Cabin2Chassis>
        </Socket>
        <Wheel>
              <FrontAxle SteeringJointOffset="0.11" ParentFrame="BoneCabin_cdt" SteeringCastor="8" Torque="connectable" Location="front" SteeringAngle="30">

              </FrontAxle>
              <RearAxle Torque="default" Location="rear" ConnectedToHandbrake="true">

              </RearAxle>
        </Wheel>
        <Body>
                <Mudguard Mass="10">
                    <Constraint Type="Hinge">
                        <Motor Type="Spring" Spring="10" Damping="1">

                        </Motor>
                    </Constraint>
                </Mudguard>
                <Antenna Mass="2" Collisions="None">
                      <Constraint Cone="20" PlaneMin="-20" Type="Ragdoll" TwistAxisLocal="(0; 1; 0)" PlaneMax="20" PlaneAxisLocal="(0; 0; 1)">
                          <ConeMotor Type="Spring" Spring="150" Damping="4">

                          </ConeMotor>
                          <PlaneMotor Type="Spring" Spring="150" Damping="4">

                          </PlaneMotor>
                      </Constraint>
                </Antenna>
                <SideMirror Mass="5" Collisions="None">
                        <Constraint AxisLocal="(0; 1; 0)" MaxLimit="2" MinLimit="-2" Type="Hinge">
                            <Motor Type="Spring" Spring="650" Damping="10">

                            </Motor>
                        </Constraint>
                </SideMirror>
                <SunShield Mass="1" Collisions="None">
                          <Constraint AxisLocal="(0; 0; 1)" MaxLimit="5" MinLimit="-5" Type="Hinge">
                              <Motor Type="Spring" Spring="18" Damping="0.25">

                              </Motor>
                          </Constraint>
                </SunShield>
        </Body>
  </_templates>