  <Truck>
      <PhysicsModel Mesh="trucks/krs_58_bandit">
          <NetSync Legacy="false">

          </NetSync>
          <Body CenterOfMassOffset="(0.3; 0; 0)" ImpactType="Truck" NetSync="pv" Mass="4000">
                  <Body CenterOfMassOffset="(0.2; 0; 0)" ImpactType="Truck" NetSync="pv" ModelFrame="BoneCabin_cdt" Mass="3000">
                    <Constraint Type="Hinge" MaxLimit="25" PivotOffset="(0; 0; 0)" AxisLocal="(1; 0; 0)" MinLimit="-25">
                        <Motor Spring="180000" Type="Spring" Damping="30000">

                        </Motor>
                    </Constraint>
                        <Body _template="TieRod" ModelFrame="BoneTieRod_cdt">
                          <Constraint Name="TieRodSteer">

                          </Constraint>
                        </Body>
                        <Body _template="TieRod" ModelFrame="BoneTieRod_1_cdt">
                          <Constraint Name="TieRodSteer1">

                          </Constraint>
                        </Body>
                        <Body _template="Mirror" ModelFrame="BoneMirrorL_cdt">

                        </Body>
                        <Body _template="Mirror" ModelFrame="BoneMirrorR_cdt">

                        </Body>
                        <Body Collisions="None" ModelFrame="BoneWire1_cdt" Mass="0.4">
                          <Constraint Type="Hinge" MaxLimit="2" PivotOffset="(0; 0; 0)" AxisLocal="(0; 1; 0)" MinLimit="-2">
                              <Motor Spring=".01" Type="Spring" Damping="100">

                              </Motor>
                          </Constraint>
                          <Body Collisions="None" ModelFrame="BoneWire2_cdt" Mass="0.1">
                                <Constraint ConeMin="-.1" PlaneAxisLocal="(0; 0; 1)" TwistMax="6" Type="Ragdoll" PlaneMax="20" PlaneMin="-20" TwistMin="-6" ConeMax=".1" TwistAxisLocal="(1; 0; 0)">
                                    <AllMotor Spring=".001" Type="Spring" Damping="30">

                                    </AllMotor>
                                </Constraint>
                          </Body>
                        </Body>
                        <Body Collisions="None" ModelFrame="BoneCase_cdt" Mass="0.4">
                          <Constraint MinLimit="-90" Type="Hinge" MaxLimit="8" AxisLocal="(0; 0; 1)">
                              <Motor Spring="1" Type="Spring" Damping=".1">

                              </Motor>
                          </Constraint>
                        </Body>
                        <Body Collisions="None" ModelFrame="BoneJacket_cdt" Mass="3">
                          <Constraint ConeMin="-30" PlaneAxisLocal="(1; 0; 0)" TwistMax="20" Type="Ragdoll" PlaneMax="0" PlaneMin="-90" TwistMin="-90" ConeMax="20" TwistAxisLocal="(0; 1; 0)">
                              <AllMotor Spring=".00001" Type="Spring" Damping="3">

                              </AllMotor>
                          </Constraint>
                        </Body>
                        <Body Collisions="None" ModelFrame="BoneHelmet_cdt" Mass="3">
                          <Constraint ConeMin="-40" PlaneAxisLocal="(1; 0; 0)" TwistMax="0" Type="Ragdoll" PlaneMax="0" PlaneMin="-90" TwistMin="0" ConeMax="40" TwistAxisLocal="(0; 1; 0)">
                              <AllMotor Spring=".00001" Type="Spring" Damping="1">

                              </AllMotor>
                          </Constraint>
                        </Body>
                  </Body>
                  <Body _template="Mudguard" ModelFrame="BoneMudguardL_cdt">
                    <Constraint MaxLimit="20" AxisLocal="(0; 0; 1)" MinLimit="-30">

                    </Constraint>
                  </Body>
                  <Body _template="Mudguard" ModelFrame="BoneMudguardR_cdt">
                    <Constraint MaxLimit="20" AxisLocal="(0; 0; 1)" MinLimit="-30">

                    </Constraint>
                  </Body>
          </Body>
      </PhysicsModel>
      <GameData Country="RU,CAS" Price="98500" UnlockByRank="1" UnlockByExploration="false">
            <CustomizationCameras>
                  <CameraPos Interior="true" Position="(8.177; 6.416; -0.261)" FOV="32.0" InterestPosition="(5.355; 0.652; -0.597)" Name="roof_sticker">

                  </CameraPos>
                  <CameraPos Name="sticker_1" MaxZoom="2" MaxYRotation="360" InterestPosition="(5.875; 0.563; 1.084)" Interior="true" Position="(5.81; 3.212; -0.941)" FOV="32.0" MaxXRotation="360">

                  </CameraPos>
                  <CameraPos InterestPosition="(1.036; 1.692; -0)" Name="addon_1" MaxXRotation="360" Position="(-6.923; 2.071; 10.147)" MaxZoom="2" FOV="32.0" MaxYRotation="360">

                  </CameraPos>
                  <CameraPos InterestPosition="(4.991; 1.77; 0)" Name="addon_2" MaxXRotation="360" Position="(10.328; 3.173; 3.632)" MaxZoom="2" FOV="32.0" MaxYRotation="360">

                  </CameraPos>
                  <CameraPos InterestPosition="(7.556; 2.541; -0.462)" Name="glass_sticker" MaxXRotation="360" Position="(12.512; 3.395; 2.269)" MaxZoom="2" FOV="32.0" MaxYRotation="360">

                  </CameraPos>
                  <CameraPos Interior="true" Position="(5.586; 2.774; -0.399)" FOV="32.0" InterestPosition="(7.736; 2.617; 0.891)" Name="mirror_mount">

                  </CameraPos>
                  <CameraPos InterestPosition="(4.679; 1.146; 0.131)" Name="side_r" MaxXRotation="360" Position="(11.451; 4.564; -2.806)" MaxZoom="2" FOV="32.0" MaxYRotation="360">

                  </CameraPos>
                  <CameraPos Interior="true" Position="(5.548; 2.717; -0.148)" FOV="32.0" InterestPosition="(7.52; 3.035; 0.242)" Name="sticker">

                  </CameraPos>
                  <CameraPos InterestPosition="(6.209; 2.787; -1.094)" Name="roof" MaxXRotation="360" Position="(10.306; 5.571; -1.465)" MaxZoom="2" FOV="32.0" MaxYRotation="360">

                  </CameraPos>
                  <CameraPos Interior="true" Position="(10.512; 2.904; -1.657)" FOV="32.0" InterestPosition="(7.932; 1.936; -1.472)" Name="capote_sticker">

                  </CameraPos>
                  <CameraPos InterestPosition="(5.787; 0.976; -0.396)" Name="hoods" MaxXRotation="360" Position="(11.585; 2.202; -2.737)" MaxZoom="2" FOV="32.0" MaxYRotation="360">

                  </CameraPos>
                  <CameraPos InterestPosition="(6.733; 1.727; -0.307)" Name="side_l" MaxXRotation="360" Position="(10.471; 2.809; 3.169)" MaxZoom="2" FOV="32.0" MaxYRotation="360">

                  </CameraPos>
                  <CameraPos Interior="true" Position="(5.812; 2.45; -0.885)" FOV="32.0" InterestPosition="(6.64; 1.526; 1.624)" Name="bubble_head">

                  </CameraPos>
                  <CameraPos InterestPosition="(4.978; 0.411; -0.328)" Name="wheels" MaxXRotation="360" Position="(8.636; 1.415; -5.738)" MaxZoom="2" FOV="32.0" MaxYRotation="360">

                  </CameraPos>
                  <CameraPos InterestPosition="(5.787; 0.976; 0)" Name="default" MaxXRotation="360" Position="(11.091; 1.495; -3.925)" MaxZoom="2" FOV="32.0" MaxYRotation="360">

                  </CameraPos>
                  <CameraPos InterestPosition="(5.042; 0.956; 0)" Name="rear" MaxXRotation="360" Position="(-0.258; 1.601; 3.76)" MaxZoom="2" FOV="32.0" MaxYRotation="360">

                  </CameraPos>
                  <CameraPos Interior="true" Position="(2.952; 2.773; -3.618)" FOV="32.0" InterestPosition="(3.787; 2.403; -0.496)" Name="door_l_sticker">

                  </CameraPos>
            </CustomizationCameras>
                <CraneSocket Pos="(4.617; 1.074; -0.607)">

                </CraneSocket>
                <CraneSocket Pos="(4.617; 1.074; 0.607)">

                </CraneSocket>
                <CraneSocket Pos="(0.42; 1.13; -0.448)">

                </CraneSocket>
                <CraneSocket Pos="(0.42; 1.13; 0.448)">

                </CraneSocket>
                <CraneSocket Pos="(-3.662; 1.034; 0)">

                </CraneSocket>
                  <AddonSockets DefaultAddon="krs_58_bandit_bumper_default">
                    <Socket ParentFrame="BoneCabin_cdt" Names="krs58banditBumper">

                    </Socket>
                  </AddonSockets>
                  <AddonSockets>
                      <Socket ParentFrame="BoneCabin_cdt" Names="krs58banditHorn1">

                      </Socket>
                      <Socket ParentFrame="BoneCabin_cdt" Names="krs58banditHorn2">

                      </Socket>
                      <Socket ParentFrame="BoneCabin_cdt" NamesBlock="krs58banditBeacon" Names="krs58banditRoofRack">

                      </Socket>
                  </AddonSockets>
                  <AddonSockets DefaultAddon="krs_58_bandit_gabarite_default">
                    <Socket ParentFrame="BoneCabin_cdt" Names="krs58banditGabarite">

                    </Socket>
                  </AddonSockets>
                  <AddonSockets>
                    <Socket ParentFrame="BoneCabin_cdt" Names="krs58banditVisor">

                    </Socket>
                  </AddonSockets>
                  <AddonSockets>
                    <Socket ParentFrame="BoneCabin_cdt" NamesBlock="krs58banditHorn1" Names="krs58banditBeacon">

                    </Socket>
                  </AddonSockets>
                  <AddonSockets>
                    <Socket ParentFrame="BoneCabin_cdt" Names="krs58banditSnorkel">

                    </Socket>
                  </AddonSockets>
                  <AddonSockets DefaultAddon="crane_krs_58_bandit">
                    <Socket Offset="(0; 0; 0)" Names="CraneKrs58Bandit">

                    </Socket>
                  </AddonSockets>
                  <AddonSockets DefaultAddon="frame_addon_sideboard_2">
                      <Socket Offset="(1.127; 1.357; 0)" NamesBlock="CraneKrs58Bandit" Names="LogLift">

                      </Socket>
                      <Socket Offset="(-5.28; 1.36; 0)" NamesBlock="CraneKrs58Bandit" Names="BunkLog">

                      </Socket>
                      <Socket Offset="(-1.2; 1.357; 0)" NamesBlock="CraneKrs58Bandit" Names="FrameAddonLogShort">

                      </Socket>
                      <Socket Offset="(-1.995; 1.347; 0)" Names="SaddleLow">

                      </Socket>
                      <Socket Offset="(-1.995; 1.347; 0)" Names="SaddleHigh">

                      </Socket>
                      <Socket NamesBlock="CraneKrs58Bandit, Trailer" Offset="(-0.73; 1.358; 0)" Names="FrameAddonTowPlatform">

                      </Socket>
                      <Socket ParentFrame="BoneChassis_cdt" Offset="(-1.336; 1.358; 0)" Names="FrameAddon">
                          <ExtraParent Offset="(0; 0; 0)" Frame="BoneChassis_cdt">

                          </ExtraParent>
                          <ExtraParent Offset="(0; 0; 0)" Frame="BoneChassis_cdt">

                          </ExtraParent>
                        <AddonsShift Types="CraneKrs58Bandit" Offset="(-0.65; 0; 0)">

                        </AddonsShift>
                      </Socket>
                      <Socket ParentFrame="BoneChassis_cdt" Offset="(-1.8; 1.43; -0)" Names="FrameAddonKung">
                          <ExtraParent Offset="(0; 0; -0.12)" Frame="BoneChassis_cdt">

                          </ExtraParent>
                          <ExtraParent Offset="(0; 0; 0.12)" Frame="BoneChassis_cdt">

                          </ExtraParent>
                        <AddonsShift Types="CraneKrs58Bandit" Offset="(-0.65; 0; 0)">

                        </AddonsShift>
                      </Socket>
                      <Socket NamesBlock="CraneKrs58Bandit, Trailer" Names="FrameAddonMaintainer" ParentFrame="BoneChassis_cdt" Offset="(-1.93; 0.33; 0)">

                      </Socket>
                      <Socket NamesBlock="CraneKrs58Bandit" Names="FrameAddonTank" ParentFrame="BoneChassis_cdt" Offset="(-2.3; 1.358; 0)">

                      </Socket>
                      <Socket NamesBlock="Trailer, CraneKrs58Bandit" Names="FrameAddonSeismicVibrator" ParentFrame="BoneChassis_cdt" Offset="(0.716; 1.349; 0)">

                      </Socket>
                  </AddonSockets>
                  <AddonSockets>
                      <Socket Offset="(-1.995; 1.66; 0)" Names="Semitrailer, SemitrailerOiltank">

                      </Socket>
                      <Socket Offset="(-1.995; 1.79; 0)" Names="LargeSemitrailer, LargeSemitrailerOiltank">

                      </Socket>
                      <Socket Offset="(-3.662; 1.014; 0)" Names="Trailer">

                      </Socket>
                  </AddonSockets>
                  <AddonSockets>
                    <Socket ParentFrame="BoneCabin_cdt" InCockpit="true" Names="Krs58BanditSticker_1x1_01">

                    </Socket>
                  </AddonSockets>
                  <AddonSockets>
                    <Socket ParentFrame="BoneCabin_cdt" InCockpit="true" Names="Krs58BanditSticker_1x1_02">

                    </Socket>
                  </AddonSockets>
                  <AddonSockets>
                    <Socket ParentFrame="BoneCabin_cdt" InCockpit="true" Names="Krs58BanditSticker_1x2_01">

                    </Socket>
                  </AddonSockets>
                  <AddonSockets>
                    <Socket ParentFrame="BoneCabin_cdt" InCockpit="true" Names="Krs58BanditSticker_1x2_02">

                    </Socket>
                  </AddonSockets>
                  <AddonSockets>
                    <Socket ParentFrame="BoneCabin_cdt" InCockpit="true" Names="Krs58BanditSticker_1x4_01">

                    </Socket>
                  </AddonSockets>
                  <AddonSockets>
                    <Socket ParentFrame="BoneCabin_cdt" InCockpit="true" Names="Krs58BanditSticker_GlassTop">

                    </Socket>
                  </AddonSockets>
                  <AddonSockets>
                    <Socket ParentFrame="BoneCabin_cdt" InCockpit="true" Names="Krs58BanditSticker_GlassBottom">

                    </Socket>
                  </AddonSockets>
                  <AddonSockets>
                    <Socket ParentFrame="BoneCabin_cdt" Names="Krs58BanditSticker_Roof">

                    </Socket>
                  </AddonSockets>
                  <AddonSockets>
                    <Socket ParentFrame="BoneCabin_cdt" Names="Krs58BanditSticker_Capote">

                    </Socket>
                  </AddonSockets>
                  <AddonSockets>
                    <Socket ParentFrame="BoneCabin_cdt" Names="Krs58BanditSticker_Door_L">

                    </Socket>
                  </AddonSockets>
                  <AddonSockets>
                    <Socket Names="StuffAirfreshener" InCockpit="true" ParentFrame="BoneCabin_cdt" Offset="(3.967; 2.886; 0.207)">

                    </Socket>
                  </AddonSockets>
                  <AddonSockets>
                    <Socket Names="StuffDashboard" InCockpit="true" ParentFrame="BoneCabin_cdt" Offset="(3.725; 2.064; -0.125)" Dir="(0.832; 0; 0.555)">

                    </Socket>
                  </AddonSockets>
                    <WinchSocket Pos="(4.617; 1.074; -0.607)">

                    </WinchSocket>
                    <WinchSocket Pos="(4.617; 1.074; 0.607)">

                    </WinchSocket>
                    <WinchSocket Pos="(0.42; 1.13; -0.448)">

                    </WinchSocket>
                    <WinchSocket Pos="(0.42; 1.13; 0.448)">

                    </WinchSocket>
                    <WinchSocket Pos="(-3.662; 1.034; 0)">

                    </WinchSocket>
            <UiDesc UiDesc="UI_VEHICLE_KRS_58_BANDIT_DESC" UiIcon30x30="offroadVehicleImg30" UiName="UI_VEHICLE_KRS_58_BANDIT_NAME" UiIconLogo="KRSLogo80" UiIcon40x40="offroadVehicleImg" UiIcon328x458="shopImgBandit">

            </UiDesc>
      </GameData>
      <ControlledConstraints>
                <Constraint Name="TieRodSteer" IsLinkedSteering="true" Id="chassis_steer">

                </Constraint>
                <Constraint Name="TieRodSteer1" IsLinkedSteering="true" Id="chassis_steer">

                </Constraint>
      </ControlledConstraints>
      <HeadLight ParentFrame="BoneCabin_cdt" _template="Default" Pos="(5.107; 0.573; 0)">

      </HeadLight>
      <Landmark Mesh="landmarks/krs_58_bandit_lmk" MaxScale="3.8" MinScale="1.8">

      </Landmark>
      <AutomaticIK>
                      <IKBone ParentFrame="BoneTieRod_cdt" ModelFrame="BoneTieRodIK1">
                        <IKBone AttachToFrame="BoneRackFrontL" AttachOffset="(0; 0; 0)" ModelFrame="BoneTieRodIK2">
                            <IKJoint AxisLocal="(1; 0; 0)" Type="Slider">

                            </IKJoint>
                        </IKBone>
                        <IKJoint AxisLocal="(1; 0; 0)" Type="Hinge2">

                        </IKJoint>
                      </IKBone>
                      <IKBone ParentFrame="BoneTieRod_1_cdt" ModelFrame="BoneTieRodIK1_1">
                        <IKBone AttachToFrame="BoneRackRearL" AttachOffset="(0; 0; 0)" ModelFrame="BoneTieRodIK2_1">
                            <IKJoint AxisLocal="(1; 0; 0)" Type="Slider">

                            </IKJoint>
                        </IKBone>
                        <IKJoint AxisLocal="(1; 0; 0)" Type="Hinge2">

                        </IKJoint>
                      </IKBone>
                      <IKBone ParentFrame="BoneCabin_cdt" ModelFrame="BonePistonFR">
                        <IKBone AttachToFrame="BoneAxle1" AttachOffset="(0; 0; 0)" ModelFrame="BonePistonFR2">
                            <IKJoint AxisLocal="(0; 0; 1)" Type="Slider">

                            </IKJoint>
                        </IKBone>
                        <IKJoint AxisLocal="(0; 0; 1)" Type="Hinge2">

                        </IKJoint>
                      </IKBone>
                      <IKBone ParentFrame="BoneCabin_cdt" ModelFrame="BonePistonFL">
                        <IKBone AttachToFrame="BoneAxle1" AttachOffset="(0; 0; 0)" ModelFrame="BonePistonFL2">
                            <IKJoint AxisLocal="(0; 0; 1)" Type="Slider">

                            </IKJoint>
                        </IKBone>
                        <IKJoint AxisLocal="(0; 0; 1)" Type="Hinge2">

                        </IKJoint>
                      </IKBone>
                      <IKBone ParentFrame="BoneChassis_cdt" ModelFrame="BonePistonRL">
                        <IKBone AttachToFrame="BoneAxle4" AttachOffset="(0; 0; 0)" ModelFrame="BonePistonRL2">
                            <IKJoint AxisLocal="(0; 0; 1)" Type="Slider">

                            </IKJoint>
                        </IKBone>
                        <IKJoint AxisLocal="(0; 0; 1)" Type="Hinge2">

                        </IKJoint>
                      </IKBone>
                      <IKBone ParentFrame="BoneChassis_cdt" ModelFrame="BonePistonRR">
                        <IKBone AttachToFrame="BoneAxle4" AttachOffset="(0; 0; 0)" ModelFrame="BonePistonRR2">
                            <IKJoint AxisLocal="(0; 0; 1)" Type="Slider">

                            </IKJoint>
                        </IKBone>
                        <IKJoint AxisLocal="(0; 0; 1)" Type="Hinge2">

                        </IKJoint>
                      </IKBone>
                      <IKBone ParentFrame="BoneChassis_cdt" ModelFrame="BonePistonM1L">
                        <IKBone AttachToFrame="BoneAxle2" AttachOffset="(0; 0; 0)" ModelFrame="BonePistonM1L2">
                            <IKJoint AxisLocal="(0; 0; 1)" Type="Slider">

                            </IKJoint>
                        </IKBone>
                        <IKJoint AxisLocal="(0; 0; 1)" Type="Hinge2">

                        </IKJoint>
                      </IKBone>
                      <IKBone ParentFrame="BoneChassis_cdt" ModelFrame="BonePistonM1R">
                        <IKBone AttachToFrame="BoneAxle2" AttachOffset="(0; 0; 0)" ModelFrame="BonePistonM1R2">
                            <IKJoint AxisLocal="(0; 0; 1)" Type="Slider">

                            </IKJoint>
                        </IKBone>
                        <IKJoint AxisLocal="(0; 0; 1)" Type="Hinge2">

                        </IKJoint>
                      </IKBone>
                      <IKBone ParentFrame="BoneChassis_cdt" ModelFrame="BonePistonM2L">
                        <IKBone AttachToFrame="BoneAxle3" AttachOffset="(0; 0; 0)" ModelFrame="BonePistonM2L2">
                            <IKJoint AxisLocal="(0; 0; 1)" Type="Slider">

                            </IKJoint>
                        </IKBone>
                        <IKJoint AxisLocal="(0; 0; 1)" Type="Hinge2">

                        </IKJoint>
                      </IKBone>
                      <IKBone ParentFrame="BoneChassis_cdt" ModelFrame="BonePistonM2R">
                        <IKBone AttachToFrame="BoneAxle3" AttachOffset="(0; 0; 0)" ModelFrame="BonePistonM2R2">
                            <IKJoint AxisLocal="(0; 0; 1)" Type="Slider">

                            </IKJoint>
                        </IKBone>
                        <IKJoint AxisLocal="(0; 0; 1)" Type="Hinge2">

                        </IKJoint>
                      </IKBone>
      </AutomaticIK>
      <ModelAttachments>
                      <StopSignals>
                            <Flare Size="0.3" _template="StopSignal" Pos="(-3.646; 1.261; -0.987)">

                            </Flare>
                            <Flare Size="0.3" _template="StopSignal" Pos="(-3.646; 1.261; 0.987)">

                            </Flare>
                          <Light _template="StopSignal" Pos="(-3.646; 1.261; 0)">

                          </Light>
                      </StopSignals>
                      <Ignition>
                              <Flare Color="g(165; 149; 130) x 1.7" Pos="(4.446; 1.572; -0.853)" ParentFrame="BoneCabin_cdt" Size="0.3" _template="IgnitionSignalWhite">

                              </Flare>
                              <Flare Color="g(165; 149; 130) x 1.7" Pos="(4.446; 1.572; 0.853)" ParentFrame="BoneCabin_cdt" Size="0.3" _template="IgnitionSignalWhite">

                              </Flare>
                              <Flare Color="g(165; 149; 130) x 1.3" Pos="(4.414; 1.508; -1.061)" ParentFrame="BoneCabin_cdt" Size="0.2" _template="IgnitionSignalWhite">

                              </Flare>
                              <Flare Color="g(165; 149; 130) x 1.3" Pos="(4.414; 1.508; 1.061)" ParentFrame="BoneCabin_cdt" Size="0.2" _template="IgnitionSignalWhite">

                              </Flare>
                              <Flare _template="IgnitionSignalRed" Pos="(-3.646; 1.261; -0.987)">

                              </Flare>
                              <Flare _template="IgnitionSignalRed" Pos="(-3.646; 1.261; 0.987)">

                              </Flare>
                                <Light Color="g(255; 205; 145) x .5" Pos="(4.446; 1.572; -0.853)" ParentFrame="BoneCabin_cdt" Size=".5" _template="IgnitionSignalWhite">

                                </Light>
                                <Light Color="g(255; 205; 145) x .5" Pos="(4.446; 1.572; 0.853)" ParentFrame="BoneCabin_cdt" Size=".5" _template="IgnitionSignalWhite">

                                </Light>
                                <Light _template="IgnitionSignalRed" Pos="(-3.646; 1.261; 0)">

                                </Light>
                      </Ignition>
                      <HeadLight>
                                <Flare Color="g(235; 230; 220) x 0.3" Pos="(4.444; 1.562; -0.853)" ParentFrame="BoneCabin_cdt" Size="0.3" _template="HeadLight">

                                </Flare>
                                <Flare Color="g(235; 230; 220) x 0.3" Pos="(4.444; 1.562; 0.853)" ParentFrame="BoneCabin_cdt" Size="0.3" _template="HeadLight">

                                </Flare>
                                <Flare Color="g(235; 230; 220) x 0.5" Pos="(4.233; 3.006; 0)" ParentFrame="BoneCabin_cdt" Size="0.3" _template="HeadLight">

                                </Flare>
                                <Flare Color="g(235; 230; 220) x 0.5" Pos="(4.001; 2.978; -0.95)" ParentFrame="BoneCabin_cdt" Size="0.3" _template="HeadLight">

                                </Flare>
                                <Flare Color="g(235; 230; 220) x 0.5" Pos="(4.001; 2.978; 0.95)" ParentFrame="BoneCabin_cdt" Size="0.3" _template="HeadLight">

                                </Flare>
                                <Flare ParentFrame="BoneCabin_cdt" Size="0.6" Pos="(4.444; 1.562; -0.853)" _template="BlueStreak">

                                </Flare>
                                <Flare ParentFrame="BoneCabin_cdt" Size="0.6" Pos="(4.444; 1.562; 0.853)" _template="BlueStreak">

                                </Flare>
                                <Flare ParentFrame="BoneCabin_cdt" Size="0.6" Pos="(4.233; 3.006; 0)" _template="BlueStreak">

                                </Flare>
                                <Flare ParentFrame="BoneCabin_cdt" Size="0.6" Pos="(4.001; 2.978; -0.95)" _template="BlueStreak">

                                </Flare>
                                <Flare ParentFrame="BoneCabin_cdt" Size="0.6" Pos="(4.001; 2.978; 0.95)" _template="BlueStreak">

                                </Flare>
                                  <Model Org="(4.446; 1.572; -0.694)" _template="HeadLightRay" ParentFrame="BoneCabin_cdt">

                                  </Model>
                                  <Model Org="(4.446; 1.572; 0.694)" _template="HeadLightRay" ParentFrame="BoneCabin_cdt">

                                  </Model>
                                  <Model Org="(4.273; 2.969; 0)" _template="HeadLightRay" ParentFrame="BoneCabin_cdt">

                                  </Model>
                                  <Model Org="(4.001; 2.978; -0.95)" _template="HeadLightRay" ParentFrame="BoneCabin_cdt">

                                  </Model>
                                  <Model Org="(4.001; 2.978; 0.95)" _template="HeadLightRay" ParentFrame="BoneCabin_cdt">

                                  </Model>
                      </HeadLight>
                      <ReverseSignals>
                                  <Flare Size="0.4" _template="ReverseSignal" Pos="(-3.646; 1.261; -0.796)">

                                  </Flare>
                                  <Flare Color="g(220; 220; 255) x 0.05" Pos="(-3.646; 1.261; -0.796)" Dir="(-1; 0; 0)" Size="0.4" _template="BlueStreak">

                                  </Flare>
                                  <Flare Size="0.4" _template="ReverseSignal" Pos="(-3.646; 1.261; 0.796)">

                                  </Flare>
                                  <Flare Color="g(220; 220; 255) x 0.05" Pos="(-3.646; 1.261; 0.796)" Dir="(-1; 0; 0)" Size="0.4" _template="BlueStreak">

                                  </Flare>
                                    <Light Pos="(-3.646; 1.261; -0.796)" _template="ReverseSignal" Color="(102; 102; 102)">

                                    </Light>
                                    <Light Pos="(-3.646; 1.261; 0.796)" _template="ReverseSignal" Color="(102; 102; 102)">

                                    </Light>
                      </ReverseSignals>
      </ModelAttachments>
      <TruckData EngineIconMesh="env/engine_default" EngineStartDelay="2" TruckType="OFFROAD" ExhaustStartTime="1.8" SteerSpeed="0.035" TruckImage="banditmchr" DiffLockType="Always" Responsiveness="0.55" FuelCapacity="150" EngineIconScale="1.35" BackSteerSpeed="0.05">
                        <Driver ParentFrame="BoneCabin_cdt" SteeringWheelPos="(3.644; 2.292; 0.787)" Pos="(3.257; 1.946; 0.787)" AnimationSet="HeavyTruck">

                        </Driver>
                        <Shafts>
                                <Shaft SocketPointB="Shaft1b" SocketPointA="Shaft1a">

                                </Shaft>
                                <Shaft SocketPointB="Shaft2b" SocketPointA="Shaft2a">

                                </Shaft>
                                <Shaft SocketPointB="Shaft3b" SocketPointA="Shaft3a">

                                </Shaft>
                                <Shaft SocketPointB="Shaft4b" SocketPointA="Shaft4a">

                                </Shaft>
                                <Shaft SocketPointB="Shaft5b" SocketPointA="Shaft5a">

                                </Shaft>
                                <Shaft SocketPointB="Shaft6b" SocketPointA="Shaft6a">

                                </Shaft>
                                <Shaft SocketPointB="Shaft7b" SocketPointA="Shaft7a">

                                </Shaft>
                        </Shafts>
                        <FuelTank DamageCapacity="100">

                        </FuelTank>
                        <Dashboard>
                                    <Gauge Org="(3.97; 2.153; 0.944)" OutputAngles="(-120;120)" Mesh="trucks/arrows/krs_58_bandit_arrow_01" Damping="0.9" InputRange="(0;120)" InputType="speed" Dir="(-0.71; 0.705; -0.001)">

                                    </Gauge>
                                    <Gauge Org="(4.002; 2.182; 0.806)" OutputAngles="(-120;-20)" Mesh="trucks/arrows/krs_58_bandit_arrow_02" Damping="0.9" InputRange="(0;1)" InputType="rpm" Dir="(-0.71; 0.705; -0.001)">

                                    </Gauge>
                                    <Gauge Org="(3.97; 2.153; 0.716)" OutputAngles="(-130;-78)" Mesh="trucks/arrows/krs_58_bandit_arrow_03" Damping="0.9" InputRange="(0;1)" InputType="engineEnabled" Dir="(-0.71; 0.705; -0.001)">

                                    </Gauge>
                                    <Gauge Org="(3.97; 2.152; 0.622)" OutputAngles="(130;112)" Mesh="trucks/arrows/krs_58_bandit_arrow_03" Damping="0.9" InputRange="(0;1)" InputType="engineEnabled" Dir="(-0.71; 0.705; -0.001)">

                                    </Gauge>
                                    <Gauge Org="(4.007; 2.189; 0.669)" OutputAngles="(-45;45)" Mesh="trucks/arrows/krs_58_bandit_arrow_03" Damping="0.9" InputRange="(0;1)" InputType="fuel" Dir="(-0.71; 0.705; -0.001)">

                                    </Gauge>
                                    <Gauge Org="(3.939; 2.121; 0.669)" OutputAngles="(-146;-200" Mesh="trucks/arrows/krs_58_bandit_arrow_03" Damping="0.9" InputRange="(0;1)" InputType="engineEnabled" Dir="(-0.71; 0.705; -0.001)">

                                    </Gauge>
                        </Dashboard>
                        <SoundsWheels _template="Default">

                        </SoundsWheels>
                        <GearboxSocket Default="g_truck_default" Type="gearboxes_trucks">

                        </GearboxSocket>
                        <Steam Origin="(4.647; 1.524; 0)">

                        </Steam>
                        <Sounds DisableReversePitch="false" MinDist="8.0" Origin="(3.245; 1.366; 0)" _template="Default">
                                          <BrakesSqueal Sound="trucks/krs_58_bandit/krs_58_bandit_brakes_squeal">

                                          </BrakesSqueal>
                                          <AbruptStop Sound="trucks/common/truck_swing_big_rnd_set/truck_swing_big_rnd">

                                          </AbruptStop>
                                          <EngineLow Sound="trucks/krs_58_bandit/krs_58_bandit_low">

                                          </EngineLow>
                                          <EngineRev Sound="">

                                          </EngineRev>
                                          <EngineAccel Sound="trucks/krs_58_bandit/krs_58_bandit_acc">

                                          </EngineAccel>
                                          <Honk Sound="trucks/krs_58_bandit/krs_58_bandit_honk">

                                          </Honk>
                                          <EngineStop Sound="trucks/krs_58_bandit/krs_58_bandit_stop">

                                          </EngineStop>
                                          <Handbrake Sound="trucks/common/truck_handbrake_switch_alt1">

                                          </Handbrake>
                                          <Gear Sound="trucks/common/truck_gear_shift_medium_rnd_set/truck_gear_shift_medium_rnd">

                                          </Gear>
                                          <EngineIdle_2d IsSound2D="true" Sound="trucks/krs_58_bandit/krs_58_bandit_idle_2d">

                                          </EngineIdle_2d>
                                          <EngineTrans Sound="">

                                          </EngineTrans>
                                          <EngineHeavy_2d IsSound2D="true" Sound="">

                                          </EngineHeavy_2d>
                                          <Reverse Sound="trucks/krs_58_bandit/krs_58_bandit_reverse">

                                          </Reverse>
                                          <EngineHigh_2d IsSound2D="true" Sound="trucks/krs_58_bandit/krs_58_bandit_high_2d">

                                          </EngineHigh_2d>
                                          <EngineIdle Sound="trucks/krs_58_bandit/krs_58_bandit_idle">

                                          </EngineIdle>
                                          <HandbrakeOff Sound="trucks/common/truck_handbrake_switch_off">

                                          </HandbrakeOff>
                                          <EngineHigh Sound="trucks/krs_58_bandit/krs_58_bandit_high">

                                          </EngineHigh>
                                          <EngineLow_2d IsSound2D="true" Sound="trucks/krs_58_bandit/krs_58_bandit_low_2d">

                                          </EngineLow_2d>
                                          <EngineHeavy Sound="">

                                          </EngineHeavy>
                                          <EngineStart Sound="trucks/krs_58_bandit/krs_58_bandit_start">

                                          </EngineStart>
                                          <GearFail Sound="trucks/common/truck_gear_wrong/truck_gear_wrong_small_old">

                                          </GearFail>
                        </Sounds>
                        <Intake Size="1" Origin="(4.59; 1.524; 0)" Dir="(1; 0; 0)">

                        </Intake>
                        <SoundsDamage _template="Heavy">

                        </SoundsDamage>
                        <Exhaust Dir="(-0; -0.192; -0.981)" Origin="(0.432; 0.792; -0.694)" Speed="6.00">

                        </Exhaust>
                        <Camera Radius="1.2" Center="(-1.6; 0; 0)">
                                                  <Cockpit WindshieldDetailDensity="6.0" WindshieldShadingTexture="trucks/geolkom_krs_58bandit_glass__sh_d.tga" WindshieldDiffuseTexture="trucks/geolkom_krs_58bandit_glass__d_a.tga" _template="Default" ViewPos="(3.13; 2.616; 0.787)">
                                                        <Mirror FOVScale="2" Pos="(4.165; 2.694; 1.577)" ClipDir="(-0.956; 0; -0.292)" ReflectionDir="(-0.956; 0; -0.292)" Size="(0.17; 0.33)" ClipOffset="0.2" MeshFrame="mirror_l_1">

                                                        </Mirror>
                                                        <Mirror FOVScale="2" Pos="(4.262; 2.348; 1.245)" ClipDir="(-0.359; -0.444; -0.821)" ReflectionDir="(-0.359; -0.444; -0.821)" Size="(0.18; 0.18)" ClipOffset="0.1" MeshFrame="mirror_l_2">

                                                        </Mirror>
                                                        <Mirror FOVScale="2" Pos="(4.161; 2.694; -1.529)" ClipDir="(-0.839; 0; 0.545)" ReflectionDir="(-0.839; 0; 0.545)" Size="(0.17; 0.33)" ClipOffset="0.1" MeshFrame="mirror_r_1">

                                                        </Mirror>
                                                        <Mirror FOVScale="2" Pos="(4.284; 2.348; -1.3)" ClipDir="(0; -0.446; 0.895)" ReflectionDir="(0; -0.446; 0.895)" Size="(0.18; 0.18)" ClipOffset="0.1" MeshFrame="mirror_r_2">

                                                        </Mirror>
                                                  </Cockpit>
                        </Camera>
                        <SuspensionSocket Default="krs_58_bandit_suspension_default" Type="s_krs_58_bandit" MaxWheelRadiusWithoutSuspension="0.7">

                        </SuspensionSocket>
                        <Wheels DefaultTire="highway_1" DefaultWheelType="wheels_medium_double_front" DefaultRim="rim_1">
                                                        <Wheel _template="FirstAxle" Pos="(3.284; 0.597; 1.03)">

                                                        </Wheel>
                                                        <Wheel Pos="(3.284; 0.597; 1.03)" _template="FirstAxle" RightSide="true">

                                                        </Wheel>
                                                        <Wheel _template="SecondAxle" Pos="(1.781; 0.597; 1.03)">

                                                        </Wheel>
                                                        <Wheel Pos="(1.781; 0.597; 1.03)" _template="SecondAxle" RightSide="true">

                                                        </Wheel>
                                                        <Wheel _template="RearAxle" Pos="(-0.912; 0.597; 1.03)">

                                                        </Wheel>
                                                        <Wheel Pos="(-0.912; 0.597; 1.03)" _template="RearAxle" RightSide="true">

                                                        </Wheel>
                                                        <Wheel _template="RearAxle" Pos="(-2.608; 0.597; 1.03)">

                                                        </Wheel>
                                                        <Wheel Pos="(-2.608; 0.597; 1.03)" _template="RearAxle" RightSide="true">

                                                        </Wheel>
                        </Wheels>
                        <Axles>
                                                          <Axle Frame="BoneAxle1">

                                                          </Axle>
                                                          <Axle Frame="BoneAxle2">

                                                          </Axle>
                                                          <Axle Frame="BoneAxle3">

                                                          </Axle>
                                                          <Axle Frame="BoneAxle4">

                                                          </Axle>
                        </Axles>
                        <Damage>
                                                            <DamageArea Max="(4.457; 2.017; 0.905)" Type="Engine" ParentFrame="BoneCabin_cdt" Min="(3.457; 1.136; -0.905)">

                                                            </DamageArea>
                                                            <DamageArea Max="(3.505; 1.638; 0.5)" Type="FuelTank" ParentFrame="BoneCabin_cdt" Min="(1.521; 0.773; -0.5)">

                                                            </DamageArea>
                        </Damage>
                        <OcclusionMap HalfSizeZ="1.7" MinX="-5" MaxX="5">

                        </OcclusionMap>
                        <EngineSocket Default="ru_truck_old_engine_0" Type="e_ru_truck_old">

                        </EngineSocket>
                        <WinchUpgradeSocket Default="w_medium_trucks_default" IsUpgradable="true" Type="winches_medium_trucks">

                        </WinchUpgradeSocket>
                        <SteeringWheel Frame="BoneSteering">

                        </SteeringWheel>
                                                                  <CompatibleWheels OffsetZ="0.04" RearOffsetZ="0.06" Scale="0.65" Type="wheels_medium_double_front">

                                                                  </CompatibleWheels>
                                                                  <CompatibleWheels OffsetZ="0.18" RearOffsetZ="0.08" Scale="0.65" Type="wheels_medium_mudtires_actaeon">

                                                                  </CompatibleWheels>
                                                                    <SteeringRack RackHalfSizeZ="0.756" Frame="BoneRackFront" FrameSteerLeft="BoneRackFrontL" FrameSteerRight="BoneRackFrontR">

                                                                    </SteeringRack>
                                                                    <SteeringRack RackHalfSizeZ="0.756" Frame="BoneRackRear" FrameSteerLeft="BoneRackRearL" FrameSteerRight="BoneRackRearR">

                                                                    </SteeringRack>
      </TruckData>
  </Truck>
  <_templates Include="trucks">
        <Wheel>
            <RearAxle Torque="default" Location="rear" ConnectedToHandbrake="true">

            </RearAxle>
            <SecondAxle SteeringCastor="0" Torque="default" ParentFrame="BoneCabin_cdt" SteeringJointOffset="0.25" SteeringAngle="24" Location="front">

            </SecondAxle>
            <FirstAxle SteeringCastor="0" Torque="default" ParentFrame="BoneCabin_cdt" SteeringJointOffset="0.25" SteeringAngle="30" Location="front">

            </FirstAxle>
        </Wheel>
        <Body>
              <Mudguard Collisions="None" Mass="1">
                  <Constraint Type="Hinge">
                      <Motor Spring="1" Type="Spring" Damping=".1">

                      </Motor>
                  </Constraint>
              </Mudguard>
              <Mirror Collisions="None" Mass="5">
                    <Constraint MinLimit="-3" Type="Hinge" MaxLimit="3" AxisLocal="(0; 1; 0)">
                        <Motor Spring="150" Type="Spring" Damping="5">

                        </Motor>
                    </Constraint>
              </Mirror>
              <TieRod Mass="1">
                      <Constraint MinLimit="-25" Type="Hinge" MaxLimit="25" AxisLocal="(0; 0; 1)">
                          <Motor Type="Position" Damping="1.0" Tau="1" Force="6000">

                          </Motor>
                      </Constraint>
              </TieRod>
        </Body>
  </_templates>