  <Truck>
      <PhysicsModel Mesh="trucks/cat_ct681">
          <NetSync Legacy="false">

          </NetSync>
          <Body NetSync="pv" Mass="4000" ImpactType="Truck">
                  <Body ImpactType="Truck" NetSync="pv" ModelFrame="BoneCabin_cdt" Mass="1200">
                    <Constraint Type="Hinge" MaxLimit="22" PivotOffset="(0; 0; 0)" AxisLocal="(1; 0; 0)" MinLimit="-22">
                        <Motor Spring="420000" Type="Spring" Damping="29000">

                        </Motor>
                    </Constraint>
                        <Body _template="Mudguard" ModelFrame="BoneLeftMudguard_cdt">
                          <Constraint MaxLimit="22" AxisLocal="(0; 0; 1)" MinLimit="-35">

                          </Constraint>
                        </Body>
                        <Body _template="Mudguard" ModelFrame="BoneRightMudguard_cdt">
                          <Constraint MaxLimit="22" AxisLocal="(0; 0; 1)" MinLimit="-40">

                          </Constraint>
                        </Body>
                        <Body _template="TieRod" ModelFrame="BoneTieRodAWD_cdt">
                          <Constraint MinLimit="-24" Name="TieRodSteer" MaxLimit="24" AxisLocal="(0; 0; -1)">

                          </Constraint>
                        </Body>
                        <Body _template="TieRod" ModelFrame="BoneTieRodRWD_cdt">
                          <Constraint MinLimit="-26" Name="TieRodSteer2" MaxLimit="30" AxisLocal="(0; 0; -1)">

                          </Constraint>
                        </Body>
                        <Body Collisions="None" ModelFrame="BoneRadioWire1_cdt" Mass="2">
                          <Constraint MinLimit="-60" Type="Hinge" MaxLimit="30" AxisLocal="(1; 0; 0)">
                              <Motor Spring="3" Type="Spring" Damping="0.15">

                              </Motor>
                          </Constraint>
                          <Body Collisions="None" ModelFrame="BoneRadioWire2_cdt" Mass="2">
                                <Constraint MinLimit="-30" Type="Hinge" MaxLimit="45" AxisLocal="(0; 0; 1)">
                                    <Motor Spring="3.5" Type="Spring" Damping="0.075">

                                    </Motor>
                                </Constraint>
                          </Body>
                        </Body>
                        <Body _template="SideMirror" ModelFrame="BoneMirrorLeft_cdt">
                          <Body _template="Antenna" ModelFrame="BoneAntennaLeft_cdt">

                          </Body>
                        </Body>
                        <Body _template="SideMirror" ModelFrame="BoneMirrorRight_cdt">
                          <Body _template="Antenna" ModelFrame="BoneAntennaRight_cdt">

                          </Body>
                        </Body>
                        <Body Collisions="None" ModelFrame="BoneBelt_cdt" Mass="1">
                          <Constraint MinLimit="-4" Type="Hinge" MaxLimit="4" AxisLocal="(0; 0; 1)">
                              <Motor Spring="5" Type="Spring" Damping="1">

                              </Motor>
                          </Constraint>
                        </Body>
                  </Body>
                  <Body ModelFrame="BoneHitchRearLeft_cdt" _template="Hitch" Mass="3">

                  </Body>
                  <Body _template="Hitch" ModelFrame="BoneHitchRearRight_cdt">

                  </Body>
                  <Body CenterOfMassOffset="(0; 0; 0)" ImpactType="Truck" ModelFrame="BoneSuspensionRockerLeft_cdt" Collisions="None" Mass="1000">
                    <Constraint Type="Hinge" MaxLimit="5" PivotOffset="(0; 0; 0)" AxisLocal="(0; 0; 1)" MinLimit="-5">
                        <Motor Spring="100000" Type="Spring" Damping="50">

                        </Motor>
                    </Constraint>
                  </Body>
                  <Body CenterOfMassOffset="(0; 0; 0)" ImpactType="Truck" ModelFrame="BoneSuspensionRockerRight_cdt" Collisions="None" Mass="1000">
                    <Constraint Type="Hinge" MaxLimit="5" PivotOffset="(0; 0; 0)" AxisLocal="(0; 0; 1)" MinLimit="-5">
                        <Motor Spring="100000" Type="Spring" Damping="50">

                        </Motor>
                    </Constraint>
                  </Body>
          </Body>
      </PhysicsModel>
      <GameData Country="US" Price="59800" UnlockByRank="1" UnlockByExploration="false">
            <CustomizationCameras>
                  <CameraPos InterestPosition="(2.377; 1.692; -0)" Name="addon_1" MaxXRotation="360" Position="(-7.205; 4.556; 8.83)" MaxZoom="2" FOV="32.0" MaxYRotation="360">

                  </CameraPos>
                  <CameraPos InterestPosition="(3.194; 1.807; 0)" Name="addon_2" MaxXRotation="360" Position="(-8.093; 2.337; -6.718)" MaxZoom="2" FOV="32.0" MaxYRotation="360">

                  </CameraPos>
                  <CameraPos InterestPosition="(6.361; 2.167; 0.769)" Name="side_r" MaxXRotation="360" Position="(9.669; 3.559; 4.746)" MaxZoom="2" FOV="32.0" MaxYRotation="360">

                  </CameraPos>
                  <CameraPos Interior="true" Position="(4.332; 2.704; -0.017)" FOV="32.0" InterestPosition="(6.33; 2.337; 1.024)" Name="mirror_mount">

                  </CameraPos>
                  <CameraPos Interior="true" Position="(4.601; 2.487; -0.664)" FOV="32.0" InterestPosition="(6.991; 1.999; 0.244)" Name="bubble_head">

                  </CameraPos>
                  <CameraPos Interior="true" Position="(9.221; 2.601; -1.855)" FOV="32.0" InterestPosition="(8.176; 2.192; -1.866)" Name="hood_ornament">

                  </CameraPos>
                  <CameraPos Interior="true" Position="(5.143; 2.831; -0.689)" FOV="32.0" InterestPosition="(7.211; 0.682; 0.578)" Name="sticker">

                  </CameraPos>
                  <CameraPos Interior="true" Position="(4.703; 2.6; -0.963)" FOV="32.0" InterestPosition="(6.729; 3.579; 1.712)" Name="sticker_1">

                  </CameraPos>
                  <CameraPos Interior="true" Position="(5.321; 2.865; -0.309)" FOV="32.0" InterestPosition="(6.36; -0.74; 1.886)" Name="sticker_2">

                  </CameraPos>
                  <CameraPos Interior="true" Position="(8.696; 4.945; -0.587)" FOV="32.0" InterestPosition="(5.704; 0.334; -0.51)" Name="capote_sticker">

                  </CameraPos>
                  <CameraPos Interior="true" Position="(8.594; 3.011; 0.824)" FOV="32.0" InterestPosition="(4.737; 2.175; -1.007)" Name="glass_sticker">

                  </CameraPos>
                  <CameraPos Interior="true" Position="(6.761; 5.41; -0.139)" FOV="32.0" InterestPosition="(3.925; 0.822; -0.818)" Name="roof_sticker">

                  </CameraPos>
                  <CameraPos Interior="true" Position="(3.783; 2.345; 2.822)" FOV="32.0" InterestPosition="(6.744; 1.394; 0.658)" Name="door_r_sticker">

                  </CameraPos>
                  <CameraPos Interior="true" Position="(3.999; 2.348; -2.785)" FOV="32.0" InterestPosition="(5.048; 1.428; 0.294)" Name="door_l_sticker">

                  </CameraPos>
                  <CameraPos InterestPosition="(5.348; 1.798; -0.741)" Name="roof" MaxXRotation="360" Position="(10.094; 5.744; -1.947)" MaxZoom="2" FOV="32.0" MaxYRotation="360">

                  </CameraPos>
                  <CameraPos InterestPosition="(5.693; 1.152; -0.208)" Name="hoods" MaxXRotation="360" Position="(13.385; 2.457; -2.448)" MaxZoom="2" FOV="32.0" MaxYRotation="360">

                  </CameraPos>
                  <CameraPos InterestPosition="(5.602; 1.899; 0)" Name="side_l" MaxXRotation="360" Position="(10.257; 4.018; 6.384)" MaxZoom="2" FOV="32.0" MaxYRotation="360">

                  </CameraPos>
                  <CameraPos InterestPosition="(5.113; 0.391; -0.321)" Name="wheels" MaxXRotation="360" Position="(10.407; 1.298; -4.632)" MaxZoom="2" FOV="32.0" MaxYRotation="360">

                  </CameraPos>
                  <CameraPos InterestPosition="(5.197; 1.735; -0)" Name="default" MaxXRotation="360" Position="(13.641; 1.384; -4.536)" MaxZoom="2" FOV="32.0" MaxYRotation="360">

                  </CameraPos>
                  <CameraPos InterestPosition="(0.479; 0.992; -0)" Name="rear" MaxXRotation="360" Position="(-5.767; 1.805; 2.899)" MaxZoom="2" FOV="32.0" MaxYRotation="360">

                  </CameraPos>
            </CustomizationCameras>
                <CraneSocket Pos="(1.818; 0.882; 0.308)" ParentFrame="BoneCabin_cdt">

                </CraneSocket>
                <CraneSocket Pos="(1.818; 0.882; -0.308)" ParentFrame="BoneCabin_cdt">

                </CraneSocket>
                <CraneSocket Pos="(-1.249; 0.909; -0.437)" ParentFrame="BoneCabin_cdt">

                </CraneSocket>
                <CraneSocket Pos="(-1.819; 0.905; 0.435)" ParentFrame="BoneCabin_cdt">

                </CraneSocket>
                <CraneSocket Pos="(-6.215; 0.633; 0)">

                </CraneSocket>
                  <AddonSockets>
                      <Socket Offset="(-4.4; 1.6; 0)" Names="LargeSemitrailer, LargeSemitrailerOiltank">

                      </Socket>
                      <Socket Offset="(-4.9; 1.57; 0)" Names="Semitrailer, SemitrailerOiltank">

                      </Socket>
                      <Socket Offset="(-6.215; 0.633; 0)" Names="Trailer">

                      </Socket>
                  </AddonSockets>
                  <AddonSockets>
                      <Socket Offset="(-1.1; 1.18; 0)" NamesBlock="MinicraneUS" Names="LogLift">
                          <ExtraParent Offset="(0; -0.13; -0.03)" Frame="BoneChassis_cdt">

                          </ExtraParent>
                          <ExtraParent Offset="(0; -0.13; 0.03)" Frame="BoneChassis_cdt">

                          </ExtraParent>
                      </Socket>
                      <Socket Offset="(-6.6; 1.074; 0)" Names="BunkLog">

                      </Socket>
                      <Socket Offset="(-3.56; 1.066; 0)" NamesBlock="MinicraneUS" Names="FrameAddonLogShort">

                      </Socket>
                      <Socket Offset="(-3.56; 1.066; 0)" NamesBlock="MinicraneUS, Trailer" Names="FrameAddonLogMedium">

                      </Socket>
                      <Socket ParentFrame="BoneChassis_cdt" Offset="(-4.9; 1.067; 0)" Names="SaddleLow1">
                          <ExtraParent Offset="(0; 0; 0.015)" Frame="BoneChassis_cdt">

                          </ExtraParent>
                          <ExtraParent Offset="(0; 0; -0.015)" Frame="BoneChassis_cdt">

                          </ExtraParent>
                      </Socket>
                      <Socket ParentFrame="BoneChassis_cdt" Offset="(-4.4; 1.067; 0)" Names="SaddleHigh">
                          <ExtraParent Offset="(0; 0; 0.015)" Frame="BoneChassis_cdt">

                          </ExtraParent>
                          <ExtraParent Offset="(0; 0; -0.015)" Frame="BoneChassis_cdt">

                          </ExtraParent>
                      </Socket>
                      <Socket NamesBlock="MinicraneUS, MetalDetector, Trailer" Names="FrameAddonTowPlatform" ParentFrame="BoneChassis_cdt" Offset="(-3.15; 1.060; 0)">
                          <ExtraParent Offset="(0; 0; 0.035)" Frame="BoneChassis_cdt">

                          </ExtraParent>
                          <ExtraParent Offset="(0; 0; -0.035)" Frame="BoneChassis_cdt">

                          </ExtraParent>
                      </Socket>
                      <Socket ParentFrame="BoneChassis_cdt" Offset="(-3.6; 1.060; 0)" Names="FrameAddon">
                          <ExtraParent Offset="(0; 0; 0.035)" Frame="BoneChassis_cdt">

                          </ExtraParent>
                          <ExtraParent Offset="(0; 0; -0.035)" Frame="BoneChassis_cdt">

                          </ExtraParent>
                        <AddonsShift Types="MinicraneUS" Offset="(-1; 0; 0)">

                        </AddonsShift>
                      </Socket>
                      <Socket ParentFrame="BoneChassis_cdt" Offset="(-3.873; 1.15; 0)" Names="FrameAddonKung">
                          <ExtraParent Offset="(0; 0; -0.07)" Frame="BoneChassis_cdt">

                          </ExtraParent>
                          <ExtraParent Offset="(0; 0; 0.07)" Frame="BoneChassis_cdt">

                          </ExtraParent>
                      </Socket>
                      <Socket ParentFrame="BoneChassis_cdt" Offset="(-4.55; 1.050; 0)" Names="FrameAddonTank">
                          <ExtraParent Offset="(0; 0; 0.1)" Frame="BoneChassis_cdt">

                          </ExtraParent>
                          <ExtraParent Offset="(0; 0; -0.1)" Frame="BoneChassis_cdt">

                          </ExtraParent>
                      </Socket>
                      <Socket Offset="(-4.15; 1.165; 0)" NamesBlock="MinicraneUS" Names="BigCraneUs">
                          <ExtraParent Offset="(0; -0.1; 0.02)" Frame="BoneChassis_cdt">

                          </ExtraParent>
                          <ExtraParent Offset="(0; -0.1; -0.02)" Frame="BoneChassis_cdt">

                          </ExtraParent>
                      </Socket>
                      <Socket Offset="(-4.15; 0.03; 0)" NamesBlock="MinicraneUS, Trailer" Names="FrameAddonMaintainer">

                      </Socket>
                  </AddonSockets>
                  <AddonSockets>
                    <Socket Offset="(-1.72; 1.07; 0)" NamesBlock="FrameAddonKung, FrameAddonTank" Names="MinicraneUS">

                    </Socket>
                  </AddonSockets>
                  <AddonSockets>
                    <Socket Names="StuffDashboard" InCockpit="true" ParentFrame="BoneCabin_cdt" Offset="(0.163; 2.22; 0.76)">
                        <ExtraParent Frame="BoneCabin_cdt">

                        </ExtraParent>
                    </Socket>
                  </AddonSockets>
                  <AddonSockets>
                    <Socket Names="StuffAirfreshener" InCockpit="true" ParentFrame="BoneCabin_cdt" Offset="(-0.155; 2.765; 0)">
                        <ExtraParent Frame="BoneCabin_cdt">

                        </ExtraParent>
                    </Socket>
                  </AddonSockets>
                  <AddonSockets DefaultAddon="cat_ct681_transferbox_default">
                    <Socket ParentFrame="BoneCabin_cdt" Offset="(0; 0; 0)" Names="CatCt681TransferBox">
                          <ExtraParent Frame="BoneTieRodRWD_cdt">

                          </ExtraParent>
                          <ExtraParent Frame="BoneTieRodAWD_cdt">

                          </ExtraParent>
                          <ExtraParent Frame="BoneAxleFront">

                          </ExtraParent>
                          <ExtraParent Frame="BoneRackLeft">

                          </ExtraParent>
                          <ExtraParent Frame="BoneRackRight">

                          </ExtraParent>
                          <ExtraParent Frame="BoneRackRWD">

                          </ExtraParent>
                          <ExtraParent Frame="BoneRackAWD">

                          </ExtraParent>
                    </Socket>
                  </AddonSockets>
                  <AddonSockets DefaultAddon="cat_ct681_snorkel">
                    <Socket ParentFrame="BoneCabin_cdt" Offset="(0; 0; 0)" Names="CatCT681Snorkel">

                    </Socket>
                  </AddonSockets>
                  <AddonSockets DefaultAddon="cat_ct681_bumper_default">
                    <Socket ParentFrame="BoneCabin_cdt" Offset="(0; 0; 0)" Names="CatCT681Bumper">

                    </Socket>
                  </AddonSockets>
                  <AddonSockets DefaultAddon="cat_ct681_exhaust_default">
                    <Socket ParentFrame="BoneCabin_cdt" Offset="(0; 0; 0)" Names="CatCT681Exhaust">

                    </Socket>
                  </AddonSockets>
                  <AddonSockets DefaultAddon="cat_ct681_horns_default">
                    <Socket ParentFrame="BoneCabin_cdt" Offset="(0; 0; 0)" Names="CatCT681Horns">

                    </Socket>
                  </AddonSockets>
                  <AddonSockets DefaultAddon="cat_ct681_visor_default">
                    <Socket ParentFrame="BoneCabin_cdt" Offset="(0; 0; 0)" Names="CatCT681Visor">

                    </Socket>
                  </AddonSockets>
                  <AddonSockets DefaultAddon="cat_ct681_diff_lock_default">
                    <Socket Names="CatCT681DiffLock">

                    </Socket>
                  </AddonSockets>
                  <AddonSockets>
                    <Socket ParentFrame="BoneCabin_cdt" NamesBlock="CatCT681Beacon2" Names="CatCT681AirConditioner">

                    </Socket>
                  </AddonSockets>
                  <AddonSockets>
                    <Socket ParentFrame="BoneCabin_cdt" Names="CatCT681Beacon1">

                    </Socket>
                  </AddonSockets>
                  <AddonSockets>
                    <Socket ParentFrame="BoneCabin_cdt" Names="CatCT681Beacon2">

                    </Socket>
                  </AddonSockets>
                  <AddonSockets>
                    <Socket ParentFrame="BoneCabin_cdt" Names="CatCT681Gabarite">

                    </Socket>
                  </AddonSockets>
                  <AddonSockets>
                    <Socket ParentFrame="BoneCabin_cdt" Names="CatCT681Spotlight">

                    </Socket>
                  </AddonSockets>
                  <AddonSockets>
                    <Socket ParentFrame="BoneCabin_cdt" Names="StuffHoodCatCT681">

                    </Socket>
                  </AddonSockets>
                  <AddonSockets>
                    <Socket ParentFrame="BoneCabin_cdt" InCockpit="true" Names="CatCT681Sticker_Capote">

                    </Socket>
                  </AddonSockets>
                  <AddonSockets>
                    <Socket ParentFrame="BoneCabin_cdt" InCockpit="true" Names="CatCT681Sticker_Roof">

                    </Socket>
                  </AddonSockets>
                  <AddonSockets>
                    <Socket ParentFrame="BoneCabin_cdt" InCockpit="true" Names="CatCT681Sticker_Door_L">

                    </Socket>
                  </AddonSockets>
                  <AddonSockets>
                    <Socket ParentFrame="BoneCabin_cdt" InCockpit="true" Names="CatCT681Sticker_Door_R">

                    </Socket>
                  </AddonSockets>
                  <AddonSockets>
                    <Socket ParentFrame="BoneCabin_cdt" InCockpit="true" Names="CatCT681Sticker_GlassTop">

                    </Socket>
                  </AddonSockets>
                  <AddonSockets>
                    <Socket ParentFrame="BoneCabin_cdt" InCockpit="true" Names="CatCT681Sticker_GlassBottom">

                    </Socket>
                  </AddonSockets>
                  <AddonSockets>
                    <Socket ParentFrame="BoneCabin_cdt" InCockpit="true" Names="CatCT681Sticker_1x1_01">

                    </Socket>
                  </AddonSockets>
                  <AddonSockets>
                    <Socket ParentFrame="BoneCabin_cdt" InCockpit="true" Names="CatCT681Sticker_1x1_02">

                    </Socket>
                  </AddonSockets>
                  <AddonSockets>
                    <Socket ParentFrame="BoneCabin_cdt" InCockpit="true" Names="CatCT681Sticker_1x2_01">

                    </Socket>
                  </AddonSockets>
                  <AddonSockets>
                    <Socket ParentFrame="BoneCabin_cdt" InCockpit="true" Names="CatCT681Sticker_1x2_02">

                    </Socket>
                  </AddonSockets>
                  <AddonSockets>
                    <Socket ParentFrame="BoneCabin_cdt" InCockpit="true" Names="CatCT681Sticker_1x4_01">

                    </Socket>
                  </AddonSockets>
                  <AddonSockets>
                    <Socket ParentFrame="BoneCabin_cdt" InCockpit="true" Names="CatCT681Sticker_1x4_02">

                    </Socket>
                  </AddonSockets>
                    <WinchSocket Pos="(1.818; 0.882; 0.308)" ParentFrame="BoneCabin_cdt">

                    </WinchSocket>
                    <WinchSocket Pos="(1.818; 0.882; -0.308)" ParentFrame="BoneCabin_cdt">

                    </WinchSocket>
                    <WinchSocket Pos="(-1.249; 0.909; -0.437)" ParentFrame="BoneCabin_cdt">

                    </WinchSocket>
                    <WinchSocket Pos="(-1.819; 0.905; 0.435)" ParentFrame="BoneCabin_cdt">

                    </WinchSocket>
                    <WinchSocket Pos="(-6.215; 0.633; 0)">

                    </WinchSocket>
            <UiDesc UiDesc="UI_VEHICLE_CAT_CT681_DESC" UiIcon30x30="heavyDutyVehicleImg30" UiName="UI_VEHICLE_CAT_CT681_NAME" UiIconLogo="CatterpillarLogo80" UiIcon40x40="heavyDutyVehicleImg" UiIcon328x458="shopImgCat681">

            </UiDesc>
      </GameData>
      <ControlledConstraints>
                <Constraint Name="TieRodSteer" IsLinkedSteering="true" Id="chassis_steer">

                </Constraint>
                <Constraint Name="TieRodSteer2" IsLinkedSteering="true" Id="chassis_steer">

                </Constraint>
      </ControlledConstraints>
      <HeadLight ParentFrame="BoneCabin_cdt" _template="Default" Pos="(4.21; 0.864; 0)">

      </HeadLight>
      <Landmark Mesh="landmarks/cat_ct680_lmk" MaxScale="3.8" MinScale="1.8">

      </Landmark>
      <AutomaticIK>
                      <IKBone ParentFrame="BoneSuspensionRockerLeft_cdt" ModelFrame="BoneSuspensionAxle01">
                        <IKBone AttachToFrame="BoneSuspensionRockerRight_cdt" AttachOffset="(0; 0; 0)" ModelFrame="BoneSuspensionAxle01_end">
                            <IKJoint AxisLocal="(0; 0; 1)" Type="Slider">

                            </IKJoint>
                        </IKBone>
                        <IKJoint AxisLocal="(0; 0; 1)" Type="Hinge2">

                        </IKJoint>
                      </IKBone>
                      <IKBone ParentFrame="BoneSuspensionRockerLeft_cdt" ModelFrame="BoneSuspensionAxle02">
                        <IKBone AttachToFrame="BoneSuspensionRockerRight_cdt" AttachOffset="(0; 0; 0)" ModelFrame="BoneSuspensionAxle02_end">
                            <IKJoint AxisLocal="(0; 0; 1)" Type="Slider">

                            </IKJoint>
                        </IKBone>
                        <IKJoint AxisLocal="(0; 0; 1)" Type="Hinge2">

                        </IKJoint>
                      </IKBone>
                      <IKBone ParentFrame="BoneCabin_cdt" ModelFrame="BoneChassisMiddleLT1">
                        <IKBone AttachToFrame="BoneAxleMiddle" AttachOffset="(0; 0; 0)" ModelFrame="BoneChassisMiddleLT2">
                            <IKJoint AxisLocal="(1; 0; 0)" Type="Slider">

                            </IKJoint>
                        </IKBone>
                        <IKJoint AxisLocal="(1; 0; 0)" Type="Hinge2">

                        </IKJoint>
                      </IKBone>
                      <IKBone ParentFrame="BoneCabin_cdt" ModelFrame="BoneChassisMiddleLB1">
                        <IKBone AttachToFrame="BoneAxleMiddle" AttachOffset="(0; 0; 0)" ModelFrame="BoneChassisMiddleLB2">
                            <IKJoint AxisLocal="(1; 0; 0)" Type="Slider">

                            </IKJoint>
                        </IKBone>
                        <IKJoint AxisLocal="(1; 0; 0)" Type="Hinge2">

                        </IKJoint>
                      </IKBone>
                      <IKBone ParentFrame="BoneCabin_cdt" ModelFrame="BoneChassisMiddleRT1">
                        <IKBone AttachToFrame="BoneAxleMiddle" AttachOffset="(0; 0; 0)" ModelFrame="BoneChassisMiddleRT2">
                            <IKJoint AxisLocal="(1; 0; 0)" Type="Slider">

                            </IKJoint>
                        </IKBone>
                        <IKJoint AxisLocal="(-1; 0; 0)" Type="Hinge2">

                        </IKJoint>
                      </IKBone>
                      <IKBone ParentFrame="BoneCabin_cdt" ModelFrame="BoneChassisMiddleRB1">
                        <IKBone AttachToFrame="BoneAxleMiddle" AttachOffset="(0; 0; 0)" ModelFrame="BoneChassisMiddleRB2">
                            <IKJoint AxisLocal="(1; 0; 0)" Type="Slider">

                            </IKJoint>
                        </IKBone>
                        <IKJoint AxisLocal="(-1; 0; 0)" Type="Hinge2">

                        </IKJoint>
                      </IKBone>
      </AutomaticIK>
      <ModelAttachments>
                      <StopSignals>
                            <Flare Size=".3" _template="StopSignal" Pos="(-6.181; 0.848; -0.216)">

                            </Flare>
                            <Flare Size=".3" _template="StopSignal" Pos="(-6.181; 0.848; 0.216)">

                            </Flare>
                          <Light Pos="(-6.294; 0.501; 0.001)" _template="StopSignal" Color="g(102; 1; 1) x 4">

                          </Light>
                      </StopSignals>
                      <Ignition>
                              <Flare _template="IgnitionSignalRed" Pos="(-6.181; 0.848; -0.216)">

                              </Flare>
                              <Flare _template="IgnitionSignalRed" Pos="(-6.181; 0.848; 0.216)">

                              </Flare>
                              <Flare ParentFrame="BoneCabin_cdt" Size=".50" Pos="(1.814; 1.303; -0.996)" _template="IgnitionSignalWhite">

                              </Flare>
                              <Flare ParentFrame="BoneCabin_cdt" Size=".50" Pos="(1.814; 1.303; 0.996)" _template="IgnitionSignalWhite">

                              </Flare>
                              <Flare ParentFrame="BoneCabin_cdt" Size=".30" Pos="(1.839; 1.289; -0.803)" _template="IgnitionSignalOrange">

                              </Flare>
                              <Flare ParentFrame="BoneCabin_cdt" Size=".30" Pos="(1.839; 1.289; 0.803)" _template="IgnitionSignalOrange">

                              </Flare>
                              <Flare ParentFrame="BoneCabin_cdt" Size=".20" Pos="(-0.353; 1.175; -0.944)" _template="IgnitionSignalOrange">

                              </Flare>
                              <Flare ParentFrame="BoneCabin_cdt" Size=".20" Pos="(-0.353; 1.175; 0.944)" _template="IgnitionSignalOrange">

                              </Flare>
                              <Flare ParentFrame="BoneCabin_cdt" Size=".20" Pos="(-0.676; 1.175; -0.944)" _template="IgnitionSignalOrange">

                              </Flare>
                              <Flare ParentFrame="BoneCabin_cdt" Size=".20" Pos="(-0.676; 1.175; 0.944)" _template="IgnitionSignalOrange">

                              </Flare>
                              <Flare ParentFrame="BoneCabin_cdt" Size=".30" Pos="(1.521; 1.356; -1.246)" _template="IgnitionSignalOrange">

                              </Flare>
                              <Flare ParentFrame="BoneCabin_cdt" Size=".30" Pos="(1.521; 1.356; 1.246)" _template="IgnitionSignalOrange">

                              </Flare>
                              <Flare ParentFrame="BoneMirrorLeft_cdt" _template="IgnitionSignalOrange" Pos="(0.021; 2.515; 1.436)">

                              </Flare>
                              <Flare ParentFrame="BoneMirrorLeft_cdt" _template="IgnitionSignalOrange" Pos="(0.028; 2.453; 1.438)">

                              </Flare>
                              <Flare ParentFrame="BoneMirrorLeft_cdt" _template="IgnitionSignalOrange" Pos="(0.035; 2.393; 1.44)">

                              </Flare>
                              <Flare ParentFrame="BoneMirrorLeft_cdt" _template="IgnitionSignalOrange" Pos="(0.037; 2.33; 1.442)">

                              </Flare>
                              <Flare ParentFrame="BoneMirrorLeft_cdt" _template="IgnitionSignalOrange" Pos="(0.039; 2.272; 1.442)">

                              </Flare>
                              <Flare ParentFrame="BoneMirrorRight_cdt" _template="IgnitionSignalOrange" Pos="(0.012; 2.512; -1.448)">

                              </Flare>
                              <Flare ParentFrame="BoneMirrorRight_cdt" _template="IgnitionSignalOrange" Pos="(0.018; 2.454; -1.452)">

                              </Flare>
                              <Flare ParentFrame="BoneMirrorRight_cdt" _template="IgnitionSignalOrange" Pos="(0.023; 2.392; -1.456)">

                              </Flare>
                              <Flare ParentFrame="BoneMirrorRight_cdt" _template="IgnitionSignalOrange" Pos="(0.026; 2.33; -1.458)">

                              </Flare>
                              <Flare ParentFrame="BoneMirrorRight_cdt" _template="IgnitionSignalOrange" Pos="(0.027; 2.273; -1.459)">

                              </Flare>
                                <Light ParentFrame="BoneCabin_cdt" _template="IgnitionSignalWhite" Pos="(2.2; 1.303; -0.996)">

                                </Light>
                                <Light ParentFrame="BoneCabin_cdt" _template="IgnitionSignalWhite" Pos="(2.2; 1.303; 0.996)">

                                </Light>
                                <Light _template="IgnitionSignalRed" Pos="(-6.542; 0.711; 0)">

                                </Light>
                      </Ignition>
                      <HeadLight>
                                <Flare Color="g(255; 235; 205) x 0.6" Pos="(1.803; 1.303; -0.998)" ParentFrame="BoneCabin_cdt" Size=".2" _template="HeadLight">

                                </Flare>
                                <Flare Color="g(255; 235; 205) x 0.6" Pos="(1.803; 1.303; 0.998)" ParentFrame="BoneCabin_cdt" Size=".2" _template="HeadLight">

                                </Flare>
                                <Flare Color="g(255; 235; 205) x 0.3" Pos="(1.803; 1.303; -0.998)" ParentFrame="BoneCabin_cdt" Size=".45" _template="HeadLight">

                                </Flare>
                                <Flare Color="g(255; 235; 205) x 0.3" Pos="(1.803; 1.303; 0.998)" ParentFrame="BoneCabin_cdt" Size=".45" _template="HeadLight">

                                </Flare>
                                <Flare ParentFrame="BoneCabin_cdt" _template="BlueStreak" Pos="(1.803; 1.303; -0.998)">

                                </Flare>
                                <Flare ParentFrame="BoneCabin_cdt" _template="BlueStreak" Pos="(1.803; 1.303; 0.998)">

                                </Flare>
                                  <Model Org="(1.803; 1.303; -0.998)" _template="HeadLightRay" ParentFrame="BoneCabin_cdt">

                                  </Model>
                                  <Model Org="(1.803; 1.303; 0.998)" _template="HeadLightRay" ParentFrame="BoneCabin_cdt">

                                  </Model>
                      </HeadLight>
                      <ReverseSignals>
                                  <Flare Size="0.2" _template="ReverseSignal" Pos="(-6.181; 0.927; -0.216)">

                                  </Flare>
                                  <Flare Color="g(220; 220; 255) x 0.05" Pos="(-6.181; 0.927; -0.216)" Dir="(-1; 0; 0)" Size="0.4" _template="BlueStreak">

                                  </Flare>
                                  <Flare Size="0.2" _template="ReverseSignal" Pos="(-6.181; 0.927; 0.216)">

                                  </Flare>
                                  <Flare Color="g(220; 220; 255) x 0.05" Pos="(-6.181; 0.927; 0.216)" Dir="(-1; 0; 0)" Size="0.4" _template="BlueStreak">

                                  </Flare>
                                    <Light Pos="(-6.181; 0.927; -0.216)" _template="ReverseSignal" Color="g(102; 102; 102) x 0.6">

                                    </Light>
                                    <Light Pos="(-6.181; 0.927; 0.216)" _template="ReverseSignal" Color="g(102; 102; 102) x 0.6">

                                    </Light>
                      </ReverseSignals>
      </ModelAttachments>
      <TruckData EngineIconMesh="env/engine_default" EngineStartDelay="0.8" TruckType="HEAVY_DUTY" ExhaustStartTime="0.9" SteerSpeed="0.025" TruckImage="cat681mchr" DiffLockType="Installed" Responsiveness="0.3" FuelCapacity="260" EngineIconScale="1.3" BackSteerSpeed="0.015">
                        <Driver ParentFrame="BoneCabin_cdt" Pos="(-0.576; 1.893; 0.489)" SteeringWheelPos="(-0.193; 2.221; 0.482)">

                        </Driver>
                        <Shafts>
                                <Shaft SocketPointB="ShaftRearWheel" SocketPointA="ShaftRearGimbal2RearWheel">

                                </Shaft>
                                <Shaft SocketPointB="ShaftWheel2WheelB" SocketPointA="ShaftWheel2WheelA">

                                </Shaft>
                        </Shafts>
                        <FuelTank DamageCapacity="50">

                        </FuelTank>
                        <Dashboard>
                                    <Gauge Org="(0.109; 2.188; 0.482)" OutputAngles="(-144;31)" Mesh="trucks/arrows/cat_ct681_arrow_02" Damping="0.9" InputRange="(0;136)" InputType="speed" Dir="(-0.898; 0.44; 0)">

                                    </Gauge>
                                    <Gauge Org="(0.109; 2.188; 0.482)" OutputAngles="(148;50)" Mesh="trucks/arrows/cat_ct681_arrow_03" Damping="0.9" InputRange="(0;0.7)" InputType="rpm" Dir="(-0.898; 0.44; 0)">

                                    </Gauge>
                                    <Gauge Org="(0.098; 2.164; 0.366)" OutputAngles="(-114;114)" Mesh="trucks/arrows/cat_ct681_arrow_01" Damping="0.9" InputRange="(0;1)" InputType="fuel" Dir="(-0.898; 0.44; 0)">

                                    </Gauge>
                                    <Gauge Org="(0.11; 2.19; 0.65)" OutputAngles="(-112;-16)" Mesh="trucks/arrows/cat_ct681_arrow_01" Damping="0.9" InputRange="(0;1)" InputType="engineEnabled" Dir="(-0.898; 0.44; 0)">

                                    </Gauge>
                                    <Gauge Org="(0.123; 2.216; 0.598)" OutputAngles="(-112;57)" Mesh="trucks/arrows/cat_ct681_arrow_01" Damping="0.9" InputRange="(0;1)" InputType="engineEnabled" Dir="(-0.898; 0.44; 0)">

                                    </Gauge>
                                    <Gauge Org="(0.098; 2.164; 0.599)" OutputAngles="(-112;-50)" Mesh="trucks/arrows/cat_ct681_arrow_01" Damping="0.9" InputRange="(0;1)" InputType="engineEnabled" Dir="(-0.898; 0.44; 0)">

                                    </Gauge>
                                    <Gauge Org="(0.085; 2.139; 0.651)" OutputAngles="(-112;20)" Mesh="trucks/arrows/cat_ct681_arrow_01" Damping="0.9" InputRange="(0;1)" InputType="engineEnabled" Dir="(-0.898; 0.44; 0)">

                                    </Gauge>
                                    <Gauge Org="(0.123; 2.216; 0.367)" OutputAngles="(-112;10)" Mesh="trucks/arrows/cat_ct681_arrow_01" Damping="0.9" InputRange="(0;1)" InputType="engineEnabled" Dir="(-0.898; 0.44; 0)">

                                    </Gauge>
                                    <Gauge Org="(0.11; 2.19; 0.314)" OutputAngles="(-112;58)" Mesh="trucks/arrows/cat_ct681_arrow_01" Damping="0.9" InputRange="(0;1)" InputType="engineEnabled" Dir="(-0.898; 0.44; 0)">

                                    </Gauge>
                                    <Gauge Org="(0.085; 2.139; 0.314)" OutputAngles="(-112;37)" Mesh="trucks/arrows/cat_ct681_arrow_01" Damping="0.9" InputRange="(0;1)" InputType="engineEnabled" Dir="(-0.898; 0.44; 0)">

                                    </Gauge>
                                    <Gauge Org="(-0.054; 2.237; 0.026)" OutputAngles="(-112;-20)" Mesh="trucks/arrows/cat_ct681_arrow_01" Damping="0.9" InputRange="(0;1)" InputType="engineEnabled" Dir="(-0.849; 0.414; 0.329)">

                                    </Gauge>
                                    <Gauge Org="(-0.087; 2.237; -0.057)" OutputAngles="(-112;5)" Mesh="trucks/arrows/cat_ct681_arrow_01" Damping="0.9" InputRange="(0;1)" InputType="engineEnabled" Dir="(-0.849; 0.414; 0.329)">

                                    </Gauge>
                                    <Gauge Org="(-0.116; 2.236; -0.141)" OutputAngles="(-112;45)" Mesh="trucks/arrows/cat_ct681_arrow_01" Damping="0.9" InputRange="(0;1)" InputType="engineEnabled" Dir="(-0.849; 0.414; 0.329)">

                                    </Gauge>
                        </Dashboard>
                        <SoundsWheels _template="Default">

                        </SoundsWheels>
                        <GearboxSocket Default="g_truck_default" Type="gearboxes_trucks">

                        </GearboxSocket>
                                      <Steam Origin="(-0.921; 1.091; 0)">

                                      </Steam>
                                      <Steam ParentFrame="BoneCabin_cdt" Origin="(1.04; 1.221; 0)" Scale="0.5">

                                      </Steam>
                        <Sounds DisableReversePitch="true" MinDist="12.0" Origin="(0.8; 1.5; 0)" ParentFrame="BoneCabin_cdt" AirHissInterval="12.0" _template="Default">
                                          <BrakesSqueal Sound="trucks/cat_ct680/cat_ct680_brakes_squeal">

                                          </BrakesSqueal>
                                          <AbruptStop Sound="trucks/common/truck_swing_big_rnd_set/truck_swing_big_rnd">

                                          </AbruptStop>
                                          <EngineLow Sound="trucks/cat_ct681/cat_ct681_low">

                                          </EngineLow>
                                          <EngineRev Sound="trucks/cat_ct681/cat_ct681_rev">

                                          </EngineRev>
                                          <EngineAccel Sound="trucks/cat_ct681/cat_ct681_acc">

                                          </EngineAccel>
                                          <Honk Sound="trucks/cat_ct681/cat_ct681_honk">

                                          </Honk>
                                          <EngineStop Sound="trucks/cat_ct681/cat_ct681_stop">

                                          </EngineStop>
                                          <Handbrake Sound="trucks/cat_ct680/cat_ct680_handbrake_on">

                                          </Handbrake>
                                          <EngineIdle_2d IsSound2D="true" Sound="trucks/cat_ct681/cat_ct681_idle_2d">

                                          </EngineIdle_2d>
                                          <HandbrakeOff Sound="trucks/cat_ct680/cat_ct680_handbrake_off">

                                          </HandbrakeOff>
                                          <EngineHeavy_2d IsSound2D="true" Sound="trucks/cat_ct681/cat_ct681_heavy_2d">

                                          </EngineHeavy_2d>
                                          <Reverse Sound="trucks/cat_ct681/cat_ct681_back_beeper">

                                          </Reverse>
                                          <EngineHigh_2d IsSound2D="true" Sound="trucks/cat_ct681/cat_ct681_high_2d">

                                          </EngineHigh_2d>
                                          <EngineIdle Sound="trucks/cat_ct681/cat_ct681_idle">

                                          </EngineIdle>
                                          <EngineLow_2d IsSound2D="true" Sound="trucks/cat_ct681/cat_ct681_low_2d">

                                          </EngineLow_2d>
                                          <EngineHigh Sound="trucks/cat_ct681/cat_ct681_high">

                                          </EngineHigh>
                                          <EngineHeavy Sound="trucks/cat_ct681/cat_ct681_heavy">

                                          </EngineHeavy>
                                          <BrakeRelease Sound="trucks/cat_ct680/cat_ct680_brake_release">

                                          </BrakeRelease>
                                          <EngineStart Sound="trucks/cat_ct681/cat_ct681_start">

                                          </EngineStart>
                        </Sounds>
                        <Intake Size="1.2" Origin="(1.905; 1.479; 0)" Dir="(1; 0; 0)">

                        </Intake>
                        <SoundsDamage _template="Heavy">

                        </SoundsDamage>
                        <LimitedFluid Type="Cylinder" Center="(-0.716; 0.698; 0.855)" LengthX="1.35" RadiusZ="0.335" RadiusY="0.336">

                        </LimitedFluid>
                        <ExtraWheels Rim="rim_1" Tire="highway_2" Scale="0.55" WheelType="wheels_medium_double">
                                                    <Wheel _template="MiddleAxle" Pos="(-2.786; 0.72; 1.07)">

                                                    </Wheel>
                                                    <Wheel Pos="(-2.786; 0.72; 1.07)" _template="MiddleAxle" RightSide="true">

                                                    </Wheel>
                        </ExtraWheels>
                        <Camera ParentFrame="BoneCabin_cdt" Center="(-3.5; 0; 0)">
                                                    <Cockpit WindshieldDetailDensity="6.0" WindshieldShadingTexture="trucks/cat_ct681_glass__sh_d.tga" WindshieldDiffuseTexture="trucks/cat_ct681_glass__d_a.tga" _template="Default" ViewPos="(-0.516; 2.615; 0.482)">
                                                          <Mirror FOVScale="2" Pos="(-0.068; 2.454; 1.403)" ClipDir="(-0.902; 0; -0.432)" ReflectionDir="(-0.902; 0; -0.432)" Size="(0.218; 0.353)" ClipOffset="0.3" MeshFrame="mirror_left">
                                                            <SecondaryView FOVScale="2.5" ClipDir="(-0.902; 0; -0.432)" Pos="(-0.068; 2.212; 1.403)" CurveAngle="10" MeshFrame="mirror_left_convex" Size="(0.19; 0.145)">

                                                            </SecondaryView>
                                                          </Mirror>
                                                          <Mirror FOVScale="2.5" Pos="(-0.068; 2.454; -1.403)" ClipDir="(-0.809; -0.029; 0.587)" ReflectionDir="(-0.809; -0.029; 0.587)" Size="(0.179; 0.351)" ClipOffset="0.3" MeshFrame="mirror_right">
                                                            <SecondaryView FOVScale="3" ClipDir="(-0.809; -0.029; 0.587)" Pos="(-0.068; 2.212; -1.403)" CurveAngle="10" MeshFrame="mirror_right_convex" Size="(0.19; 0.145)">

                                                            </SecondaryView>
                                                          </Mirror>
                                                    </Cockpit>
                        </Camera>
                        <SuspensionSocket Default="cat_ct681_suspension_default" Type="s_cat_ct681" MaxWheelRadiusWithoutSuspension="0.55">

                        </SuspensionSocket>
                        <Wheels DefaultTire="highway_1" DefaultWheelType="wheels_medium_double" DefaultRim="rim_1">
                                                          <Wheel _template="FrontAxle" Pos="(1.141; 0.537; 1)">

                                                          </Wheel>
                                                          <Wheel Pos="(1.141; 0.537; 1)" _template="FrontAxle" RightSide="true">

                                                          </Wheel>
                                                          <Wheel ParentFrame="BoneSuspensionRockerLeft_cdt" _template="RearAxle" Pos="(-4.147; 0.537; 0.93)">

                                                          </Wheel>
                                                          <Wheel RightSide="true" ParentFrame="BoneSuspensionRockerRight_cdt" _template="RearAxle" Pos="(-4.147; 0.537; 0.93)">

                                                          </Wheel>
                                                          <Wheel ParentFrame="BoneSuspensionRockerLeft_cdt" _template="RearAxle" Pos="(-5.554; 0.537; 0.93)">

                                                          </Wheel>
                                                          <Wheel RightSide="true" ParentFrame="BoneSuspensionRockerRight_cdt" _template="RearAxle" Pos="(-5.554; 0.537; 0.93)">

                                                          </Wheel>
                        </Wheels>
                        <Axles>
                                                            <Axle Frame="BoneAxleFront">

                                                            </Axle>
                                                            <Axle Frame="BoneAxleMiddle">

                                                            </Axle>
                                                            <Axle Frame="BoneAxleRear1">

                                                            </Axle>
                                                            <Axle Frame="BoneAxleRear2">

                                                            </Axle>
                        </Axles>
                        <Damage>
                                                              <DamageArea Max="(1.879; 0.721; 0.6)" Type="Engine" ParentFrame="BoneCabin_cdt" Min="(0.201; 2.16; -0.6)">

                                                              </DamageArea>
                                                              <DamageArea Max="(0.011; 1.034; 1.19)" Type="FuelTank" ParentFrame="BoneCabin_cdt" Min="(-1.443; 0.361; -1.19)">

                                                              </DamageArea>
                        </Damage>
                        <OcclusionMap HalfSizeZ="1.8" MinX="-7" MaxX="2.6">

                        </OcclusionMap>
                        <EngineSocket Default="us_truck_modern_engine_cat_royal" Type="e_us_truck_modern, e_us_truck_modern_catroyal, e_us_truck_modern_cathx">

                        </EngineSocket>
                        <WinchUpgradeSocket Default="w_medium_trucks_default" IsUpgradable="true" Type="winches_medium_trucks">

                        </WinchUpgradeSocket>
                        <SteeringWheel Frame="BoneSteering">

                        </SteeringWheel>
                                                                    <CompatibleWheels Scale="0.55" Type="wheels_medium_double">

                                                                    </CompatibleWheels>
                                                                    <CompatibleWheels Scale="0.60" Type="wheels_medium_double">

                                                                    </CompatibleWheels>
                                                                      <SteeringRack RackHalfSizeZ="0.827" Frame="BoneRackAWD" FrameSteerLeft="BoneRackLeft" FrameSteerRight="BoneRackRight">

                                                                      </SteeringRack>
                                                                      <SteeringRack RackHalfSizeZ="0.817" Frame="BoneRackRWD" FrameSteerLeft="BoneRackLeft" FrameSteerRight="BoneRackRight">

                                                                      </SteeringRack>
      </TruckData>
  </Truck>
  <_templates Include="trucks">
        <Wheel>
            <RearAxle Torque="default" Location="rear" ConnectedToHandbrake="true">

            </RearAxle>
            <FrontAxle SteeringCastor="8" Torque="connectable" ParentFrame="BoneCabin_cdt" SteeringJointOffset="0.11" SteeringAngle="30" Location="front">

            </FrontAxle>
            <MiddleAxle Torque="none" Location="middle" MeshType="front">

            </MiddleAxle>
        </Wheel>
        <Body>
              <SideMirror Collisions="None" Mass="5">
                  <Constraint MinLimit="-2" Type="Hinge" MaxLimit="2" AxisLocal="(0; 1; 0)">
                      <Motor Spring="550" Type="Spring" Damping="10">

                      </Motor>
                  </Constraint>
              </SideMirror>
              <Hitch Collisions="None" Mass="5">
                    <Constraint MinLimit="-100" Type="Hinge" MaxLimit="17" AxisLocal="(0; 0; 1)">
                        <Motor Spring="2" Type="Spring" Damping=".1">

                        </Motor>
                    </Constraint>
              </Hitch>
              <Antenna Collisions="None" Mass="2">
                      <Constraint Type="Ragdoll" PlaneAxisLocal="(0; 0; 1)" PlaneMax="20" PlaneMin="-20" Cone="20" TwistAxisLocal="(0; 1; 0)">
                          <PlaneMotor Spring="260" Type="Spring" Damping="4">

                          </PlaneMotor>
                          <ConeMotor Spring="260" Type="Spring" Damping="4">

                          </ConeMotor>
                      </Constraint>
              </Antenna>
              <Mudguard Mass="10">
                        <Constraint Type="Hinge">
                            <Motor Spring="10" Type="Spring" Damping="1">

                            </Motor>
                        </Constraint>
              </Mudguard>
        </Body>
        <Socket>
                <Cabin2Chassis ParentFrame="BoneCabin_cdt" Offset="(0; 0; 0)">
                    <ExtraParent Frame="BoneChassis_cdt">

                    </ExtraParent>
                </Cabin2Chassis>
        </Socket>
  </_templates>