  <Truck>
      <PhysicsModel Mesh="trucks/chevy_apache">
          <Body CenterOfMassOffset="(0.1; -0.2; 0)" ImpactType="Truck" NetSync="pv" Mass="1000">
              <Body CenterOfMassOffset="(-0.1; -0.1; 0)" ImpactType="Truck" NetSync="pv" ModelFrame="BoneCabin_cdt" Mass="1400">
                  <Constraint Type="Ragdoll" PlaneAxisLocal="(0; 0; 1)" PlaneMax="2" PlaneMin="-2" Cone="2" TwistAxisLocal="(0; 1; 0)">
                      <PlaneMotor Spring="300000" Type="Spring" Damping="150000">

                      </PlaneMotor>
                      <ConeMotor Spring="150000" Type="Spring" Damping="70000">

                      </ConeMotor>
                  </Constraint>
                      <Body _template="TieRod" ModelFrame="BoneTieRod_cdt">
                        <Constraint Name="TieRodSteer">

                        </Constraint>
                      </Body>
                      <Body _template="SideMirror" ModelFrame="BoneMirrorRight_cdt">

                      </Body>
                      <Body _template="SideMirror" ModelFrame="BoneMirrorLeft_cdt">

                      </Body>
                      <Body ModelFrame="BoneKey_cdt" Mass="0.5">
                        <Constraint MinLimit="-40" Type="Hinge" MaxLimit="25" AxisLocal="(0; 0; 1)">
                            <Motor Spring="0.004" Type="Spring" Damping="0.002">

                            </Motor>
                        </Constraint>
                      </Body>
                      <Body _template="SunShield" ModelFrame="BoneLeftSunshield_cdt">

                      </Body>
                      <Body _template="SunShield" ModelFrame="BoneRightSunshield_cdt">

                      </Body>
                      <Body ModelFrame="BoneChain1Left_cdt" Mass="2.5">
                        <Constraint Type="Hinge" MaxLimit="15" Collisions="None" AxisLocal="(0; 0; 1)" MinLimit="-60">
                            <Motor Spring="2.5" Type="Spring" Damping="2.5">

                            </Motor>
                        </Constraint>
                        <Body ModelFrame="BoneChain2Left_cdt" Mass="5">
                              <Constraint Type="Prismatic" MaxLimit="0.10" Collisions="None" AxisLocal="(0; 0; 1)" MinLimit="-0.015">
                                  <Motor Spring="20" Type="Spring" Damping="2">

                                  </Motor>
                              </Constraint>
                        </Body>
                      </Body>
                      <Body ModelFrame="BoneChain1Right_cdt" Mass="2.5">
                        <Constraint Type="Hinge" MaxLimit="10" Collisions="None" AxisLocal="(0; 0; 1)" MinLimit="-60">
                            <Motor Spring="2.5" Type="Spring" Damping="2.5">

                            </Motor>
                        </Constraint>
                        <Body ModelFrame="BoneChain2Right_cdt" Mass="5">
                              <Constraint Type="Prismatic" MaxLimit="0.015" Collisions="None" AxisLocal="(0; 0; 1)" MinLimit="-0.15">
                                  <Motor Spring="20" Type="Spring" Damping="2">

                                  </Motor>
                              </Constraint>
                        </Body>
                      </Body>
              </Body>
          </Body>
      </PhysicsModel>
      <GameData Country="US" Price="29300" UnlockByRank="1" UnlockByExploration="false">
            <CustomizationCameras>
                  <CameraPos Interior="true" Position="(7.664; 5.963; -0.002)" FOV="32.0" InterestPosition="(5.36; 1.448; -0.66)" Name="roof_sticker">

                  </CameraPos>
                  <CameraPos Interior="true" Position="(5.199; 2.177; -0.449)" FOV="32.0" InterestPosition="(7.22; 3.009; 0.779)" Name="sticker_1">

                  </CameraPos>
                  <CameraPos InterestPosition="(3.85; 1.692; 0)" Name="addon_1" MaxXRotation="360" Position="(-2.145; 3.333; 4.704)" MaxZoom="2" FOV="32.0" MaxYRotation="360">

                  </CameraPos>
                  <CameraPos InterestPosition="(6.436; 1.878; 0)" Name="addon_2" MaxXRotation="360" Position="(8.24; 2.918; 3.2)" MaxZoom="2" FOV="32.0" MaxYRotation="360">

                  </CameraPos>
                  <CameraPos Interior="true" Position="(4.953; 2.279; -0.349)" FOV="32.0" InterestPosition="(7.452; 1.612; 1.723)" Name="mirror_mount">

                  </CameraPos>
                  <CameraPos InterestPosition="(4.679; 0.759; -0)" Name="side_r" MaxXRotation="360" Position="(9.22; 3.041; -2.085)" MaxZoom="2" FOV="32.0" MaxYRotation="360">

                  </CameraPos>
                  <CameraPos Interior="true" Position="(5.37; 2.331; -0.453)" FOV="32.0" InterestPosition="(7.498; 0.871; 1.54)" Name="sticker">

                  </CameraPos>
                  <CameraPos Interior="true" Position="(8.386; 3.029; 0.421)" FOV="32.0" InterestPosition="(5.814; 2.065; -0.88)" Name="glass_sticker">

                  </CameraPos>
                  <CameraPos Interior="true" Position="(3.704; 2.091; 3.497)" FOV="32.0" InterestPosition="(6.311; 1.203; 1.328)" Name="door_r_sticker">

                  </CameraPos>
                  <CameraPos InterestPosition="(5.163; 1.536; -0)" Name="roof" MaxXRotation="360" Position="(9.761; 3.448; -1.949)" MaxZoom="2" FOV="32.0" MaxYRotation="360">

                  </CameraPos>
                  <CameraPos Interior="true" Position="(8.903; 5.340; 0.016)" FOV="32.0" InterestPosition="(7.228; 1.643; -0.747)" Name="capote_sticker">

                  </CameraPos>
                  <CameraPos InterestPosition="(5.716; 1.31; 0)" Name="hoods" MaxXRotation="360" Position="(11.602; 1.605; -3.42)" MaxZoom="2" FOV="32.0" MaxYRotation="360">

                  </CameraPos>
                  <CameraPos Interior="true" Position="(5.063; 2.172; -0.03)" FOV="32.0" InterestPosition="(7.956; 3.013; 2.301)" Name="sticker_2">

                  </CameraPos>
                  <CameraPos InterestPosition="(6.436; 1.512; 0)" Name="side_l" MaxXRotation="360" Position="(8.047; 2.935; 3.2)" MaxZoom="2" FOV="32.0" MaxYRotation="360">

                  </CameraPos>
                  <CameraPos Interior="true" Position="(5.063; 2.382; -0.553)" FOV="32.0" InterestPosition="(7.22; 1.301; 1.296)" Name="bubble_head">

                  </CameraPos>
                  <CameraPos InterestPosition="(5.826; 0.411; -0.046)" Name="wheels" MaxXRotation="360" Position="(8.618; 1.509; -3.571)" MaxZoom="2" FOV="32.0" MaxYRotation="360">

                  </CameraPos>
                  <CameraPos InterestPosition="(5.716; 1.31; 0)" Name="default" MaxXRotation="360" Position="(11.602; 1.605; -3.42)" MaxZoom="2" FOV="32.0" MaxYRotation="360">

                  </CameraPos>
                  <CameraPos InterestPosition="(4.005; 1.062; 0)" Name="rear" MaxXRotation="360" Position="(-1.418; 2.066; 1.833)" MaxZoom="2" FOV="32.0" MaxYRotation="360">

                  </CameraPos>
                  <CameraPos Interior="true" Position="(3.764; 2.034; -3.573)" FOV="32.0" InterestPosition="(4.651; 1.275; -0.592)" Name="door_l_sticker">

                  </CameraPos>
                  <CameraPos Interior="true" Position="(8.758; 2.306; -1.114)" FOV="32.0" InterestPosition="(7.506; 1.929; -1.188)" Name="hood_ornament">

                  </CameraPos>
            </CustomizationCameras>
                <CraneSocket Pos="(-2.448; 1.14; 0)">

                </CraneSocket>
                <CraneSocket Pos="(-0.125; 1; -0.458)">

                </CraneSocket>
                <CraneSocket Pos="(-0.125; 1; 0.458)">

                </CraneSocket>
                <CraneSocket Pos="(0.5; 2.5; 0)">

                </CraneSocket>
                <CraneSocket Pos="(2.649; 0.96; -0.455)">

                </CraneSocket>
                <CraneSocket Pos="(2.649; 0.96; 0.455)">

                </CraneSocket>
                  <AddonSockets DefaultAddon="chevy_apache_bumper_front_default">
                      <Socket ParentFrame="BoneChassis_cdt" Offset="(0; 0; 0)" Names="ChevyApacheFrontBumper">

                      </Socket>
                      <Socket ParentFrame="BoneChassis_cdt" Offset="(0; 0; 0)" Names="ChevyApacheFrontBumperCable">
                        <ExtraParent Frame="BoneCabin_cdt">

                        </ExtraParent>
                      </Socket>
                  </AddonSockets>
                  <AddonSockets DefaultAddon="chevy_apache_bumper_rear_default">
                    <Socket ParentFrame="BoneChassis_cdt" Offset="(0; 0; 0)" Names="ChevyApacheRearBumper">

                    </Socket>
                  </AddonSockets>
                  <AddonSockets>
                    <Socket ParentFrame="BoneCabin_cdt" Offset="(0; 0; 0)" Names="ChevyApacheSpotLight">

                    </Socket>
                  </AddonSockets>
                  <AddonSockets>
                    <Socket ParentFrame="BoneCabin_cdt" Offset="(0; 0; 0)" Names="ChevyApacheSnorkel">

                    </Socket>
                  </AddonSockets>
                  <AddonSockets>
                    <Socket ParentFrame="BoneCabin_cdt" Offset="(0; 0; 0)" Names="ChevyApacheHorn1">

                    </Socket>
                  </AddonSockets>
                  <AddonSockets>
                    <Socket ParentFrame="BoneCabin_cdt" Offset="(0; 0; 0)" Names="ChevyApacheHorn2">

                    </Socket>
                  </AddonSockets>
                  <AddonSockets>
                    <Socket ParentFrame="BoneCabin_cdt" Offset="(0; 0; 0)" Names="ChevyApacheVisor">

                    </Socket>
                  </AddonSockets>
                  <AddonSockets>
                    <Socket NamesBlock="ChevyApacheHorn2, ChevyApacheSpotLight" Names="ChevyApacheRooftopTrunk" ParentFrame="BoneCabin_cdt" Offset="(0; 0; 0)">
                        <ExtraParent Frame="BoneChassis_cdt">

                        </ExtraParent>
                    </Socket>
                  </AddonSockets>
                  <AddonSockets>
                    <Socket ParentFrame="BoneCabin_cdt" Offset="(0; 0; 0)" Names="ChevyApacheTrunk">
                        <ExtraParent Frame="BoneChassis_cdt">

                        </ExtraParent>
                    </Socket>
                  </AddonSockets>
                  <AddonSockets>
                    <Socket Names="StuffDashboard" InCockpit="true" ParentFrame="BoneCabin_cdt" Offset="(1.228; 1.986; 0.247)">

                    </Socket>
                  </AddonSockets>
                  <AddonSockets>
                    <Socket Names="ChevyApacheSticker_1x1_01" InCockpit="true" ParentFrame="BoneCabin_cdt" Offset="(0; 0; 0)">

                    </Socket>
                  </AddonSockets>
                  <AddonSockets>
                    <Socket Names="ChevyApacheSticker_1x1_02" InCockpit="true" ParentFrame="BoneLeftSunshield_cdt" Offset="(0; 0; 0)">

                    </Socket>
                  </AddonSockets>
                  <AddonSockets>
                    <Socket Names="ChevyApacheSticker_1x2_01" InCockpit="true" ParentFrame="BoneCabin_cdt" Offset="(0; 0; 0)">

                    </Socket>
                  </AddonSockets>
                  <AddonSockets>
                    <Socket Names="ChevyApacheSticker_1x2_02" InCockpit="true" ParentFrame="BoneCabin_cdt" Offset="(0; 0; 0)">

                    </Socket>
                  </AddonSockets>
                  <AddonSockets>
                    <Socket Names="ChevyApacheSticker_1x2_03" InCockpit="true" ParentFrame="BoneLeftSunshield_cdt" Offset="(0; 0; 0)">

                    </Socket>
                  </AddonSockets>
                  <AddonSockets>
                    <Socket Names="ChevyApacheSticker_1x4_01" InCockpit="true" ParentFrame="BoneRightSunshield_cdt" Offset="(0; 0; 0)">

                    </Socket>
                  </AddonSockets>
                  <AddonSockets>
                    <Socket Names="StuffAirfreshener" InCockpit="true" ParentFrame="BoneCabin_cdt" Offset="(1.128; 2.292; 0)">

                    </Socket>
                  </AddonSockets>
                  <AddonSockets>
                    <Socket ParentFrame="BoneCabin_cdt" Offset="(0; 0; 0)" Names="ChevyApacheSticker_Roof">

                    </Socket>
                  </AddonSockets>
                  <AddonSockets>
                    <Socket Names="ChevyApacheSticker_Capote" InCockpit="true" ParentFrame="BoneCabin_cdt" Offset="(0; 0; 0)">

                    </Socket>
                  </AddonSockets>
                  <AddonSockets>
                    <Socket Names="ChevyApacheSticker_Door_L" InCockpit="true" ParentFrame="BoneCabin_cdt" Offset="(0; 0; 0)">

                    </Socket>
                  </AddonSockets>
                  <AddonSockets>
                    <Socket ParentFrame="BoneCabin_cdt" Offset="(0; 0; 0)" Names="ChevyApacheSticker_Door_R">

                    </Socket>
                  </AddonSockets>
                  <AddonSockets>
                    <Socket Names="ChevyApacheSticker_GlassTop" InCockpit="true" ParentFrame="BoneCabin_cdt" Offset="(0; 0; 0)">

                    </Socket>
                  </AddonSockets>
                  <AddonSockets>
                    <Socket ParentFrame="BoneCabin_cdt" Names="StuffHoodChevyApache">

                    </Socket>
                  </AddonSockets>
                    <WinchSocket Pos="(-2.448; 1.14; 0)">

                    </WinchSocket>
                    <WinchSocket Pos="(-0.125; 1; -0.458)">

                    </WinchSocket>
                    <WinchSocket Pos="(-0.125; 1; 0.458)">

                    </WinchSocket>
                    <WinchSocket Pos="(2.649; 0.96; -0.455)">

                    </WinchSocket>
                    <WinchSocket Pos="(2.649; 0.96; 0.455)">

                    </WinchSocket>
            <UiDesc UiDesc="UI_VEHICLE_CHEVY_APACHE_DESC" UiIcon30x30="scoutVehicleImg30" UiName="UI_VEHICLE_CHEVY_APACHE_NAME" UiIconLogo="ChevroletLogo80" UiIcon40x40="scoutVehicleImg" UiIcon328x458="shopImgChevroletApache">

            </UiDesc>
      </GameData>
      <ControlledConstraints>
              <Constraint Name="TieRodSteer" IsLinkedSteering="true" Id="chassis_steer">

              </Constraint>
      </ControlledConstraints>
      <HeadLight ParentFrame="BoneCabin_cdt" _template="Default" Pos="(2.583; 1.579; 0)">

      </HeadLight>
      <TruckData EngineIconMesh="env/engine_small" EngineStartDelay="2" TruckType="SCOUT" ExhaustStartTime="1.8" SteerSpeed="0.035" TruckImage="chevroletapachemchr" DiffLockType="Always" Responsiveness="0.55" FuelCapacity="95" EngineIconScale="1.35" BackSteerSpeed="0.05">
                  <Driver SteeringWheelPos="(0.764; 1.934; 0.348)" Pos="(0.498; 1.547; 0.355)" AnimationSet="Scout">

                  </Driver>
                  <Shafts>
                          <Shaft Mesh="env/minishaft" SocketPointB="Shaft1b" SocketPointA="Shaft1a">

                          </Shaft>
                          <Shaft Mesh="env/minishaft" SocketPointB="Shaft2b" SocketPointA="Shaft2a">

                          </Shaft>
                          <Shaft Mesh="env/minishaft" SocketPointB="Shaft3b" SocketPointA="Shaft3a">

                          </Shaft>
                          <Shaft Mesh="env/minishaft" SocketPointB="Shaft4b" SocketPointA="Shaft4a">

                          </Shaft>
                          <Shaft Mesh="env/minishaft" SocketPointB="Shaft5b" SocketPointA="Shaft5a">

                          </Shaft>
                  </Shafts>
                  <FuelTank DamageCapacity="50">

                  </FuelTank>
                  <Dashboard>
                              <Gauge Org="(1.179; 1.858; 0.439)" OutputAngles="(-22; 3)" Mesh="trucks/arrows/chevy_apache_arrow_1" Damping="0.99" InputRange="(0;1)" InputType="engineEnabled" Dir="(-0.963; 0.269; 0.028)">

                              </Gauge>
                              <Gauge Org="(1.180; 1.86; 0.387)" OutputAngles="(-16; -3)" Mesh="trucks/arrows/chevy_apache_arrow_1" Damping="0.99" InputRange="(0;1)" InputType="engineEnabled" Dir="(-0.963; 0.271; 0)">

                              </Gauge>
                              <Gauge Org="(1.180; 1.86; 0.304)" OutputAngles="(-14; 2)" Mesh="trucks/arrows/chevy_apache_arrow_1" Damping="0.99" InputRange="(0;1)" InputType="engineEnabled" Dir="(-0.963; 0.271; 0)">

                              </Gauge>
                              <Gauge Org="(1.179; 1.858; 0.248)" OutputAngles="(-13; 17)" Mesh="trucks/arrows/chevy_apache_arrow_1" Damping="0.99" InputRange="(0;1)" InputType="fuel" Dir="(-0.963; 0.27; -0.017)">

                              </Gauge>
                              <Gauge Org="(1.169; 1.798; 0.345)" OutputAngles="(-65; 63)" Dir="(-0.963; 0.271; 0)" InputType="speed" Mesh="trucks/arrows/chevy_apache_arrow_2" InputRange="(0;100)">

                              </Gauge>
                  </Dashboard>
                  <SoundsWheels _template="Default">

                  </SoundsWheels>
                  <GearboxSocket Default="g_scout_default" Type="gearboxes_scouts">

                  </GearboxSocket>
                  <Steam Origin="(1.8; 1.013; 0)">

                  </Steam>
                  <Sounds DisableReversePitch="false" MinDist="8.0" Origin="(1.66; 1.512; 0)" _template="Default">
                                    <BrakesSqueal Sound="trucks/chevy_apache/chevy_apache_brakes_squeal">

                                    </BrakesSqueal>
                                    <AbruptStop Sound="trucks/common/truck_swing_big_rnd_set/truck_swing_big_rnd">

                                    </AbruptStop>
                                    <EngineLow Sound="trucks/chevy_apache/chevy_apache_low">

                                    </EngineLow>
                                    <EngineRev Sound="trucks/chevy_apache/chevy_apache_rev">

                                    </EngineRev>
                                    <GearFail Sound="trucks/common/truck_gear_wrong/truck_gear_wrong_small_old">

                                    </GearFail>
                                    <Honk Sound="trucks/chevy_apache/chevy_apache_honk">

                                    </Honk>
                                    <EngineStop Sound="trucks/chevy_apache/chevy_apache_stop">

                                    </EngineStop>
                                    <Handbrake Sound="trucks/common/truck_handbrake_switch_alt1">

                                    </Handbrake>
                                    <Gear Sound="trucks/common/truck_gear_shift_medium_rnd_set/truck_gear_shift_medium_rnd">

                                    </Gear>
                                    <EngineIdle_2d IsSound2D="true" Sound="trucks/chevy_apache/chevy_apache_idle_2d">

                                    </EngineIdle_2d>
                                    <HandbrakeOff Sound="trucks/common/truck_handbrake_switch_off">

                                    </HandbrakeOff>
                                    <EngineHeavy_2d IsSound2D="true" Sound="">

                                    </EngineHeavy_2d>
                                    <Reverse Sound="">

                                    </Reverse>
                                    <EngineAccel Sound="trucks/chevy_apache/chevy_apache_acc">

                                    </EngineAccel>
                                    <EngineHigh_2d IsSound2D="true" Sound="trucks/chevy_apache/chevy_apache_high_2d">

                                    </EngineHigh_2d>
                                    <EngineIdle Sound="trucks/chevy_apache/chevy_apache_idle">

                                    </EngineIdle>
                                    <EngineHigh Sound="trucks/chevy_apache/chevy_apache_high">

                                    </EngineHigh>
                                    <EngineLow_2d IsSound2D="true" Sound="trucks/chevy_apache/chevy_apache_low_2d">

                                    </EngineLow_2d>
                                    <BrakePull Sound="trucks/chevy_apache/chevy_apache_brake_pull">

                                    </BrakePull>
                                    <EngineTrans Sound="">

                                    </EngineTrans>
                                    <EngineHeavy Sound="">

                                    </EngineHeavy>
                                    <BrakeRelease Sound="">

                                    </BrakeRelease>
                                    <EngineStart Sound="trucks/chevy_apache/chevy_apache_start">

                                    </EngineStart>
                  </Sounds>
                  <EngineSocket Default="us_scout_old_engine_0" Type="e_us_scout_old, e_us_scout_old_ck1500">

                  </EngineSocket>
                  <Intake Size="1" Origin="(2.638; 1.443; 0.131)" Dir="(1; 0; 0)">

                  </Intake>
                  <SoundsDamage _template="Scout">

                  </SoundsDamage>
                  <Camera Radius="1.2" Center="(-1.6; 0; 0)">
                                            <Cockpit WindshieldShadingTexture="trucks/chevy_apache_glass__sh_d.tga" WindshieldDiffuseTexture="trucks/chevy_apache_glass__d_a.tga" _template="Default" ViewPos="(0.45; 2.243; 0.307)">
                                                  <Mirror FOVScale="1.8" Pos="(1.103; 1.983; 0.929)" ClipDir="(-0.945; 0.148; -0.291)" Size="(0.135; 0.135)" CurveAngle="10" MeshFrame="mirror_left" ReflectionDir="(-0.945; 0.148; -0.291)">

                                                  </Mirror>
                                                  <Mirror ClipDir="(-0.861; 0.095; 0.499)" CurveAngle="10" ClipOffset="0.1" FOVScale="1.8" ReflectionDir="(-0.861; 0.095; 0.499)" Size="(0.135; 0.135)" MeshFrame="mirror_right" Pos="(1.180; 1.997; -0.908)">

                                                  </Mirror>
                                                  <Mirror FOVScale="2" Pos="(1.108; 2.271; 0.002)" ClipDir="(-0.976; -0.064; 0.207)" ReflectionDir="(-0.976; -0.064; 0.207)" Size="(0.17; 0.085)" ClipOffset="0.1" MeshFrame="hp_cab_mirror">

                                                  </Mirror>
                                            </Cockpit>
                  </Camera>
                  <Shakers>
                                                <Shaker MinAngle="(0.4; 0.4; 0.4)" Frame="BoneExhaust" MaxAngle="(4; 4; 4)" MaxFrequency="3">

                                                </Shaker>
                                                <Shaker MinAngle="(0.1; 0.1; 0.1)" Frame="BoneGearstick" MaxAngle="(2; 2; 2)" MaxFrequency="0.5">

                                                </Shaker>
                  </Shakers>
                  <Damage>
                                                  <DamageArea Max="(2.59; 1.75; 0.6)" Type="Engine" ParentFrame="BoneChassis_cdt" Min="(1.4; 1.180; -0.6)">

                                                  </DamageArea>
                                                  <DamageArea Max="(1.1; 0.9; 0.98)" Type="FuelTank" ParentFrame="BoneChassis_cdt" Min="(0.1; 0.58; -0.98)">

                                                  </DamageArea>
                  </Damage>
                  <SuspensionSocket Default="chevy_apache_suspension_default" Type="s_chevy_apache" MaxWheelRadiusWithoutSuspension="0.41">

                  </SuspensionSocket>
                  <Wheels DefaultTire="offroad_apache_1" DefaultWheelType="wheels_scout_apache_1" DefaultRim="rim_1">
                                                      <Wheel _template="FrontWheel" Pos="(1.953; 0.567; 0.86)">

                                                      </Wheel>
                                                      <Wheel Pos="(1.953; 0.567; 0.86)" _template="FrontWheel" RightSide="true">

                                                      </Wheel>
                                                      <Wheel _template="RearWheel" Pos="(-0.677; 0.567; 0.86)">

                                                      </Wheel>
                                                      <Wheel Pos="(-0.677; 0.567; 0.86)" _template="RearWheel" RightSide="true">

                                                      </Wheel>
                                                      <Wheel _template="RearWheel" Pos="(-1.875; 0.567; 0.86)">

                                                      </Wheel>
                                                      <Wheel Pos="(-1.875; 0.567; 0.86)" _template="RearWheel" RightSide="true">

                                                      </Wheel>
                  </Wheels>
                  <Axles>
                                                        <Axle Frame="BoneAxle1">

                                                        </Axle>
                                                        <Axle Frame="BoneAxle2">

                                                        </Axle>
                                                        <Axle Frame="BoneAxle3">

                                                        </Axle>
                  </Axles>
                  <Exhaust IsLight="true" Dir="(-0.906; -0.422; 0)" Origin="(-2.219; 0.746; -0.423)" Speed="2.0">

                  </Exhaust>
                  <OcclusionMap Texture="trucks/occlusion/chassis_small__s_d_a.tga" MaxX="3.4" MinX="-3.3" HalfSizeZ="2.0">

                  </OcclusionMap>
                                                          <LimitedFluid Type="Box" SizeX="0.67" Center="(0.602; 0.742; -0.707)" ParentFrame="BoneCabin_cdt" SizeY="0.3" SizeZ="0.484">

                                                          </LimitedFluid>
                                                          <LimitedFluid Type="Box" SizeX="0.67" Center="(0.602; 0.742; 0.707)" ParentFrame="BoneCabin_cdt" SizeY="0.3" SizeZ="0.484">

                                                          </LimitedFluid>
                  <WinchUpgradeSocket Default="w_scout_default" IsUpgradable="true" Type="winches_scouts">

                  </WinchUpgradeSocket>
                  <SteeringWheel Frame="BoneSteering">

                  </SteeringWheel>
                  <CompatibleWheels OffsetZ="0.02" Scale="0.56" Type="wheels_scout_apache_1">

                  </CompatibleWheels>
                  <SteeringRack RackHalfSizeZ="0.783" Frame="BoneRack" FrameSteerLeft="BoneRackL" FrameSteerRight="BoneRackR">

                  </SteeringRack>
      </TruckData>
      <Landmark Mesh="landmarks/chevy_apache_lmk" MaxScale="3.8" MinScale="1.8">

      </Landmark>
      <NetSync Legacy="false">

      </NetSync>
      <AutomaticIK>
                          <IKBone ParentFrame="BoneTieRod_cdt" ModelFrame="BoneTieRod2">
                            <IKBone AttachToFrame="BoneRackL" AttachOffset="(0; 0; 0)" ModelFrame="BoneTieRod3">
                                <IKJoint AxisLocal="(1; 0; 0)" Type="Slider">

                                </IKJoint>
                            </IKBone>
                            <IKJoint AxisLocal="(1; 0; 0)" Type="Hinge2">

                            </IKJoint>
                          </IKBone>
                          <IKBone ParentFrame="BoneChassis_cdt" ModelFrame="BonePistonL1">
                            <IKBone AttachToFrame="BoneAxle1" AttachOffset="(0; 0; 0)" ModelFrame="BonePistonL2">
                                <IKJoint AxisLocal="(1; 0; 0)" Type="Slider">

                                </IKJoint>
                            </IKBone>
                            <IKJoint AxisLocal="(1; 0; 0)" Type="Hinge2">

                            </IKJoint>
                          </IKBone>
                          <IKBone ParentFrame="BoneChassis_cdt" ModelFrame="BonePistonR1">
                            <IKBone AttachToFrame="BoneAxle1" AttachOffset="(0; 0; 0)" ModelFrame="BonePistonR2">
                                <IKJoint AxisLocal="(1; 0; 0)" Type="Slider">

                                </IKJoint>
                            </IKBone>
                            <IKJoint AxisLocal="(1; 0; 0)" Type="Hinge2">

                            </IKJoint>
                          </IKBone>
      </AutomaticIK>
      <Snorkel Origin="(2.76; 1.31; 0)">

      </Snorkel>
      <ModelAttachments>
                            <StopSignals>
                                  <Flare _template="StopSignal" Pos="(-2.533; 1.264; 0.781)">

                                  </Flare>
                                  <Flare _template="StopSignal" Pos="(-2.533; 1.264; -0.781)">

                                  </Flare>
                                <Light _template="StopSignal" Pos="(-2.666; 0.944; 0)">

                                </Light>
                            </StopSignals>
                            <Ignition>
                                    <Flare Color="g(240; 196; 152) x 0.4" Pos="(2.583; 1.579; -0.799)" ParentFrame="BoneCabin_cdt" Size="0.18" _template="IgnitionSignalWhite">

                                    </Flare>
                                    <Flare Color="g(240; 196; 152) x 0.4" Pos="(2.583; 1.579; 0.799)" ParentFrame="BoneCabin_cdt" Size="0.18" _template="IgnitionSignalWhite">

                                    </Flare>
                                    <Flare Color="g(240; 196; 152) x 0.5" Pos="(2.583; 1.579; -0.631)" ParentFrame="BoneCabin_cdt" Size="0.25" _template="IgnitionSignalWhite">

                                    </Flare>
                                    <Flare Color="g(240; 196; 152) x 0.5" Pos="(2.583; 1.579; 0.631)" ParentFrame="BoneCabin_cdt" Size="0.25" _template="IgnitionSignalWhite">

                                    </Flare>
                                    <Flare Color="g(169; 0; 0) x 0.8" Pos="(-2.533; 1.264; -0.781)" Size="0.12" _template="IgnitionSignalRed">

                                    </Flare>
                                    <Flare Color="g(169; 0; 0) x 0.8" Pos="(-2.533; 1.264; 0.781)" Size="0.12" _template="IgnitionSignalRed">

                                    </Flare>
                                    <Flare ParentFrame="BoneCabin_cdt" Size="0.25" Pos="(2.606; 1.287; -0.678)" _template="IgnitionSignalOrange">

                                    </Flare>
                                    <Flare ParentFrame="BoneCabin_cdt" Size="0.25" Pos="(2.606; 1.287; 0.678)" _template="IgnitionSignalOrange">

                                    </Flare>
                                      <Light Color="g(255; 205; 145) x 0.5" ParentFrame="BoneCabin_cdt" _template="IgnitionSignalWhite" Pos="(3; 1.3; 0.67)">

                                      </Light>
                                      <Light Color="g(255; 205; 145) x 0.5" ParentFrame="BoneCabin_cdt" _template="IgnitionSignalWhite" Pos="(3; 1.3; -0.67)">

                                      </Light>
                                      <Light _template="IgnitionSignalRed" Pos="(-3; 1.3; 0)">

                                      </Light>
                            </Ignition>
                            <HeadLight>
                                      <Flare Color="g(235; 230; 220) x 0.5" Pos="(2.583; 1.579; -0.631)" Size="0.3" _template="HeadLight">

                                      </Flare>
                                      <Flare Color="g(235; 230; 220) x 0.5" Pos="(2.583; 1.579; 0.631)" Size="0.3" _template="HeadLight">

                                      </Flare>
                                      <Flare Size="0.6" _template="BlueStreak" Pos="(2.583; 1.579; -0.631)">

                                      </Flare>
                                      <Flare Size="0.6" _template="BlueStreak" Pos="(2.583; 1.579; 0.631)">

                                      </Flare>
                                        <Model Org="(2.583; 1.579; -0.631)" _template="HeadLightRay">

                                        </Model>
                                        <Model Org="(2.583; 1.579; 0.631)" _template="HeadLightRay">

                                        </Model>
                            </HeadLight>
      </ModelAttachments>
  </Truck>
  <_templates Include="trucks">
        <Wheel>
            <MiddleWheel Torque="default" Location="rear" ConnectedToHandbrake="true">

            </MiddleWheel>
            <RearWheel Torque="full" Location="rear" ConnectedToHandbrake="true">

            </RearWheel>
            <FrontWheel SteeringCastor="8" Torque="default" ParentFrame="BoneCabin_cdt" SteeringJointOffset="0.25" SteeringAngle="26" Location="front">

            </FrontWheel>
        </Wheel>
        <Body>
              <SunShield Collisions="None" Mass="2">
                  <Constraint MinLimit="-8" Type="Hinge" MaxLimit="8" AxisLocal="(0; 0; 1)">
                      <Motor Spring="20" Type="Spring" Damping="0.5">

                      </Motor>
                  </Constraint>
              </SunShield>
              <TieRod Mass="1">
                    <Constraint MinLimit="-25" Type="Hinge" MaxLimit="25" AxisLocal="(0; 0; 1)">
                        <Motor Type="Position" Damping="1.0" Tau="1" Force="6000">

                        </Motor>
                    </Constraint>
              </TieRod>
        </Body>
  </_templates>