  <Truck>
      <PhysicsModel Mesh="trucks/tuz_108_warthog">
          <NetSync Legacy="false">

          </NetSync>
          <Body CenterOfMassOffset="(-0.3; 0.1; 0)" ImpactType="Truck" NetSync="pv" ModelFrame="BoneChassis_cdt" Mass="2800">
                <Body CenterOfMassOffset="(-0.2; 0.4; 0)" ImpactType="Truck" NetSync="pv" ModelFrame="BoneCabin_cdt" Mass="1265">
                    <Constraint Type="Fixed">

                    </Constraint>
                        <Body _template="TieRod" ModelFrame="BoneTieRod_cdt">
                          <Constraint MinLimit="-30" Name="TieRodSteer" MaxLimit="30" AxisLocal="(-1; 0; 0)">

                          </Constraint>
                        </Body>
                        <Body _template="SideMirror" ModelFrame="BoneMirrorLeft_cdt">

                        </Body>
                        <Body _template="SideMirror" ModelFrame="BoneMirrorRight_cdt">

                        </Body>
                        <Body _template="Mudguard" ModelFrame="BoneMudguardLeft_cdt">

                        </Body>
                        <Body _template="Mudguard" ModelFrame="BoneMudguardRight_cdt">

                        </Body>
                        <Body CenterOfMassOffset="(0; 0; 0)" ImpactType="Truck" ModelFrame="BoneSunshieldLeft_cdt" Mass="1">
                          <Constraint Type="Hinge" MaxLimit="1" PivotOffset="(0; 0; 0)" AxisLocal="(0; 0; -1)" MinLimit="-6">
                              <Motor Spring="25" Type="Spring" Damping="1">

                              </Motor>
                          </Constraint>
                        </Body>
                        <Body CenterOfMassOffset="(0; 0; 0)" ImpactType="Truck" ModelFrame="BoneSunshieldRight_cdt" Mass="1">
                          <Constraint Type="Hinge" MaxLimit="1" PivotOffset="(0; 0; 0)" AxisLocal="(0; 0; -1)" MinLimit="-6">
                              <Motor Spring="25" Type="Spring" Damping="1">

                              </Motor>
                          </Constraint>
                        </Body>
                        <Body Collisions="None" ModelFrame="BoneBelt_cdt" Mass="1">
                          <Constraint MinLimit="-0.05" Type="Prismatic" MaxLimit="0.05" AxisLocal="(1; 0; 0)">
                              <Motor Spring="500" Type="Spring" Damping="50">

                              </Motor>
                          </Constraint>
                        </Body>
                </Body>
          </Body>
      </PhysicsModel>
      <GameData Country="RU,CAS" Price="19900" ExcludeAddons="trailer_log_pole" UnlockByRank="1" UnlockByExploration="true">
            <CustomizationCameras>
                  <CameraPos Interior="true" Position="(6.674; 5.706; -0.086)" FOV="32.0" InterestPosition="(4.186; 1.747; -0.705)" Name="roof_sticker">

                  </CameraPos>
                  <CameraPos Interior="true" Position="(5.008; 2.153; -0.422)" FOV="32.0" InterestPosition="(7.22; 3.809; 1.916)" Name="sticker_1">

                  </CameraPos>
                  <CameraPos InterestPosition="(3.226; 1.433; 0)" Name="addon_1" MaxXRotation="360" Position="(-3.516; 3.26; 4.69)" MaxZoom="2" FOV="32.0" MaxYRotation="360">

                  </CameraPos>
                  <CameraPos InterestPosition="(6.934; 1.878; 0)" Name="addon_2" MaxXRotation="360" Position="(9.341; 3.08; 2.824)" MaxZoom="2" FOV="32.0" MaxYRotation="360">

                  </CameraPos>
                  <CameraPos Interior="true" Position="(4.751; 2.340; -0.595)" FOV="32.0" InterestPosition="(7.452; 2.69; 1.723)" Name="mirror_mount">

                  </CameraPos>
                  <CameraPos InterestPosition="(4.058; 1.779; -0)" Name="side_r" MaxXRotation="360" Position="(0.481; 3.48; -2.927)" MaxZoom="2" FOV="32.0" MaxYRotation="360">

                  </CameraPos>
                  <CameraPos Interior="true" Position="(5.37; 2.432; -0.088)" FOV="32.0" InterestPosition="(7.582; 0.452; 2.219)" Name="sticker">

                  </CameraPos>
                  <CameraPos Interior="true" Position="(8.807; 2.839; 0.607)" FOV="32.0" InterestPosition="(6.42; 2.388; -0.787)" Name="glass_sticker">

                  </CameraPos>
                  <CameraPos Interior="true" Position="(3.303; 1.731; 3.082)" FOV="32.0" InterestPosition="(5.809; 1.499; 0.853)" Name="door_r_sticker">

                  </CameraPos>
                  <CameraPos InterestPosition="(5.485; 1.674; 0)" Name="roof" MaxXRotation="360" Position="(9.906; 3.406; -2.307)" MaxZoom="2" FOV="32.0" MaxYRotation="360">

                  </CameraPos>
                  <CameraPos Interior="true" Position="(8.953; 5.341; -0.216)" FOV="32.0" InterestPosition="(7.281; 1.653; -0.794)" Name="capote_sticker">

                  </CameraPos>
                  <CameraPos InterestPosition="(5.911; 1.31; 0)" Name="hoods" MaxXRotation="360" Position="(11.91; 1.605; -3.122)" MaxZoom="2" FOV="32.0" MaxYRotation="360">

                  </CameraPos>
                  <CameraPos Interior="true" Position="(5.063; 2.172; -0.03)" FOV="32.0" InterestPosition="(7.956; 3.013; 2.301)" Name="sticker_2">

                  </CameraPos>
                  <CameraPos InterestPosition="(6.436; 1.512; 0)" Name="side_l" MaxXRotation="360" Position="(8.047; 2.935; 3.2)" MaxZoom="2" FOV="32.0" MaxYRotation="360">

                  </CameraPos>
                  <CameraPos Interior="true" Position="(5.063; 2.382; -0.553)" FOV="32.0" InterestPosition="(7.22; 1.301; 0.99)" Name="bubble_head">

                  </CameraPos>
                  <CameraPos InterestPosition="(5.607; 0.411; -0.046)" Name="wheels" MaxXRotation="360" Position="(8.377; 1.509; -3.571)" MaxZoom="2" FOV="32.0" MaxYRotation="360">

                  </CameraPos>
                  <CameraPos InterestPosition="(5.911; 1.31; 0)" Name="default" MaxXRotation="360" Position="(11.91; 1.605; -3.122)" MaxZoom="2" FOV="32.0" MaxYRotation="360">

                  </CameraPos>
                  <CameraPos InterestPosition="(4.005; 1.062; 0)" Name="rear" MaxXRotation="360" Position="(-1.418; 2.066; 1.833)" MaxZoom="2" FOV="32.0" MaxYRotation="360">

                  </CameraPos>
                  <CameraPos Interior="true" Position="(3.357; 1.816; -3.096)" FOV="32.0" InterestPosition="(4.175; 1.489; -0.057)" Name="door_l_sticker">

                  </CameraPos>
                  <CameraPos Interior="true" Position="(8.557; 2.245; -1.231)" FOV="32.0" InterestPosition="(7.506; 1.929; -1.231)" Name="hood_ornament">

                  </CameraPos>
                  <CameraPos Interior="true" Position="(4.751; 2.340; -0.595)" FOV="32.0" InterestPosition="(7.452; 2.69; 1.723)" Name="curtain">

                  </CameraPos>
            </CustomizationCameras>
                <CraneSocket Pos="(2.979; 1.043; -0.394)" ParentFrame="BoneCabin_cdt">

                </CraneSocket>
                <CraneSocket Pos="(2.979; 1.043; 0.394)" ParentFrame="BoneCabin_cdt">

                </CraneSocket>
                <CraneSocket Pos="(-3.08; 1.07; 0)">

                </CraneSocket>
                <CraneSocket Pos="(-0.998; 1.026; -0.448)">

                </CraneSocket>
                <CraneSocket Pos="(-0.998; 1.026; 0.448)">

                </CraneSocket>
                  <AddonSockets>
                      <Socket Offset="(-1.2; 1.141; 0)" Names="MinicraneRU">
                          <ExtraParent Offset="(0; 0; -0.02)" Frame="BoneChassis_cdt">

                          </ExtraParent>
                          <ExtraParent Offset="(0; 0; 0.02)" Frame="BoneChassis_cdt">

                          </ExtraParent>
                      </Socket>
                      <Socket Offset="(-2.05; 1.141; 0)" Names="FrameAddonSideboard1">

                      </Socket>
                      <Socket Offset="(-1.98; 1.141; 0)" Names="FrameAddonTankSmallShort">

                      </Socket>
                      <Socket Offset="(-2.05; 1.141; 0)" NamesBlock="tuz108warthogTrunk, tuz108warthogExhaustCabin, tuz108warthogBumperProtect" Names="FrameAddonMaintainerSmall">

                      </Socket>
                      <Socket Offset="(-1.89; 1.141; 0)" Names="SaddleLow">
                          <ExtraParent Offset="(0; 0; 0)" Frame="BoneChassis_cdt">

                          </ExtraParent>
                          <ExtraParent Offset="(0; 0; 0)" Frame="BoneChassis_cdt">

                          </ExtraParent>
                      </Socket>
                  </AddonSockets>
                  <AddonSockets>
                      <Socket Offset="(-1.89; 1.458; 0)" Names="Semitrailer">

                      </Socket>
                      <Socket Offset="(-3.065; 1.071; 0)" NamesBlock="FrameAddonMaintainerSmall" Names="Trailer">

                      </Socket>
                  </AddonSockets>
                  <AddonSockets DefaultAddon="tuz_108_warthog_diff_lock_default">
                    <Socket ParentFrame="BoneChassis_cdt" Offset="(0; 0; 0)" Names="TUZ108DiffLock">

                    </Socket>
                  </AddonSockets>
                  <AddonSockets DefaultAddon="tuz_108_warthog_bumper_default">
                      <Socket ParentFrame="BoneChassis_cdt" Offset="(0; 0; 0)" Names="tuz108warthogBumper">

                      </Socket>
                      <Socket ParentFrame="BoneChassis_cdt" Offset="(0; 0; 0)" Names="tuz108warthogBumperExtra">
                        <ExtraParent Frame="BoneCabin_cdt">

                        </ExtraParent>
                      </Socket>
                      <Socket ParentFrame="BoneChassis_cdt" Offset="(0; 0; 0)" Names="tuz108warthogBumperProtect">
                        <ExtraParent Frame="BoneCabin_cdt">

                        </ExtraParent>
                      </Socket>
                  </AddonSockets>
                  <AddonSockets>
                    <Socket ParentFrame="BoneCabin_cdt" InCockpit="true" Names="tuz108warthogSticker_1x1_01">

                    </Socket>
                  </AddonSockets>
                  <AddonSockets>
                    <Socket ParentFrame="BoneSunshieldLeft_cdt" InCockpit="true" Names="tuz108warthogSticker_1x1_02">

                    </Socket>
                  </AddonSockets>
                  <AddonSockets>
                    <Socket ParentFrame="BoneCabin_cdt" InCockpit="true" Names="tuz108warthogSticker_1x2_01">

                    </Socket>
                  </AddonSockets>
                  <AddonSockets>
                    <Socket ParentFrame="BoneCabin_cdt" InCockpit="true" Names="tuz108warthogSticker_1x2_02">

                    </Socket>
                  </AddonSockets>
                  <AddonSockets>
                    <Socket ParentFrame="BoneSunshieldRight_cdt" InCockpit="true" Names="tuz108warthogSticker_1x2_03">

                    </Socket>
                  </AddonSockets>
                  <AddonSockets>
                    <Socket ParentFrame="BoneCabin_cdt" InCockpit="true" Names="tuz108warthogSticker_1x4_01">

                    </Socket>
                  </AddonSockets>
                  <AddonSockets>
                    <Socket ParentFrame="BoneCabin_cdt" Names="tuz108warthogSticker_Roof">

                    </Socket>
                  </AddonSockets>
                  <AddonSockets>
                    <Socket ParentFrame="BoneCabin_cdt" InCockpit="true" Names="tuz108warthogSticker_Capote">

                    </Socket>
                  </AddonSockets>
                  <AddonSockets>
                    <Socket ParentFrame="BoneCabin_cdt" InCockpit="true" Names="tuz108warthogSticker_Door_L">

                    </Socket>
                  </AddonSockets>
                  <AddonSockets>
                    <Socket ParentFrame="BoneCabin_cdt" Names="tuz108warthogSticker_Door_R">

                    </Socket>
                  </AddonSockets>
                  <AddonSockets>
                    <Socket ParentFrame="BoneCabin_cdt" InCockpit="true" Names="tuz108warthogSticker_GlassTop">

                    </Socket>
                  </AddonSockets>
                  <AddonSockets>
                    <Socket ParentFrame="BoneCabin_cdt" InCockpit="true" Names="tuz108warthogSticker_GlassBottom">

                    </Socket>
                  </AddonSockets>
                  <AddonSockets>
                    <Socket Names="StuffAirfreshener" InCockpit="true" ParentFrame="BoneCabin_cdt" Offset="(1.141; 2.618; 0.103)">

                    </Socket>
                  </AddonSockets>
                  <AddonSockets>
                    <Socket ParentFrame="BoneCabin_cdt" InCockpit="true" Names="StuffCurtainTuz108Warthog">

                    </Socket>
                  </AddonSockets>
                  <AddonSockets>
                    <Socket Names="StuffDashboard" InCockpit="true" ParentFrame="BoneCabin_cdt" Offset="(1.346; 1.939; 0.716)">

                    </Socket>
                  </AddonSockets>
                  <AddonSockets>
                    <Socket ParentFrame="BoneCabin_cdt" Names="StuffHoodTuz108Warthog">

                    </Socket>
                  </AddonSockets>
                  <AddonSockets>
                    <Socket ParentFrame="BoneCabin_cdt" Names="tuz108warthogVisor">

                    </Socket>
                  </AddonSockets>
                  <AddonSockets>
                    <Socket ParentFrame="BoneCabin_cdt" Names="tuz108warthogTrunk">

                    </Socket>
                  </AddonSockets>
                  <AddonSockets DefaultAddon="tuz_108_warthog_spot_light_default">
                    <Socket ParentFrame="BoneCabin_cdt" NamesBlock="tuz108warthogTrunk" Names="tuz108warthogSpotlight">

                    </Socket>
                  </AddonSockets>
                  <AddonSockets>
                      <Socket ParentFrame="BoneCabin_cdt" Names="tuz108warthogSnorkel">

                      </Socket>
                      <Socket ParentFrame="BoneCabin_cdt" NamesBlock="tuz108warthogBumperProtect" Names="tuz108warthogSnorkel2">

                      </Socket>
                  </AddonSockets>
                  <AddonSockets DefaultAddon="tuz_108_warthog_exhaust_default">
                      <Socket Names="tuz108warthogExhaust">

                      </Socket>
                      <Socket ParentFrame="BoneChassis_cdt" Names="tuz108warthogExhaustCabin">
                        <ExtraParent Frame="BoneCabin_cdt">

                        </ExtraParent>
                      </Socket>
                  </AddonSockets>
                    <WinchSocket Pos="(2.979; 1.043; -0.394)" ParentFrame="BoneCabin_cdt">

                    </WinchSocket>
                    <WinchSocket Pos="(2.979; 1.043; 0.394)" ParentFrame="BoneCabin_cdt">

                    </WinchSocket>
                    <WinchSocket Pos="(-3.08; 1.07; 0)">

                    </WinchSocket>
                    <WinchSocket Pos="(-0.998; 1.026; -0.448)">

                    </WinchSocket>
                    <WinchSocket Pos="(-0.998; 1.026; 0.448)">

                    </WinchSocket>
            <UiDesc UiDesc="UI_VEHICLE_TUZ_108_WARTHOG_DESC" UiIcon30x30="offroadVehicleImg30" UiName="UI_VEHICLE_TUZ_108_WARTHOG_NAME" UiIconLogo="TUZLogo80" UiIcon40x40="offroadVehicleImg" UiIcon328x458="shopImgTUZ108Warthog">

            </UiDesc>
      </GameData>
      <ControlledConstraints>
              <Constraint Name="TieRodSteer" IsLinkedSteering="true" Id="chassis_steer">

              </Constraint>
      </ControlledConstraints>
      <HeadLight ParentFrame="BoneCabin_cdt" _template="Default" Pos="(2.865; 1.326; 0)">

      </HeadLight>
      <Landmark Mesh="landmarks/tuz_108_warthog_lmk" MaxScale="2.5" MinScale="1.5">

      </Landmark>
      <AutomaticIK>
                      <IKBone ParentFrame="BoneTieRod_cdt" ModelFrame="BoneTieRodIK1">
                        <IKBone AttachToFrame="BoneRackLeft" AttachOffset="(0; 0; 0)" ModelFrame="BoneTieRodIK2">
                            <IKJoint AxisLocal="(0; 0; 1)" Type="Slider">

                            </IKJoint>
                        </IKBone>
                        <IKJoint AxisLocal="(0; 0; 1)" Type="Hinge2">

                        </IKJoint>
                      </IKBone>
                      <IKBone ParentFrame="BoneChassis_cdt" ModelFrame="BonePistonFL">
                        <IKBone AttachToFrame="BoneAxle1" AttachOffset="(0; 0; 0)" ModelFrame="BonePistonFL2">
                            <IKJoint AxisLocal="(0; 1; 0)" Type="Slider">

                            </IKJoint>
                        </IKBone>
                        <IKJoint AxisLocal="(0; 1; 0)" Type="Hinge2">

                        </IKJoint>
                      </IKBone>
                      <IKBone ParentFrame="BoneChassis_cdt" ModelFrame="BonePistonFR">
                        <IKBone AttachToFrame="BoneAxle1" AttachOffset="(0; 0; 0)" ModelFrame="BonePistonFR2">
                            <IKJoint AxisLocal="(0; 1; 0)" Type="Slider">

                            </IKJoint>
                        </IKBone>
                        <IKJoint AxisLocal="(0; 1; 0)" Type="Hinge2">

                        </IKJoint>
                      </IKBone>
                      <IKBone ParentFrame="BoneChassis_cdt" ModelFrame="BonePistonRL">
                        <IKBone AttachToFrame="BoneAxle2" AttachOffset="(0; 0; 0)" ModelFrame="BonePistonRL2">
                            <IKJoint AxisLocal="(0; 1; 0)" Type="Slider">

                            </IKJoint>
                        </IKBone>
                        <IKJoint AxisLocal="(0; 1; 0)" Type="Hinge2">

                        </IKJoint>
                      </IKBone>
                      <IKBone ParentFrame="BoneChassis_cdt" ModelFrame="BonePistonRR">
                        <IKBone AttachToFrame="BoneAxle2" AttachOffset="(0; 0; 0)" ModelFrame="BonePistonRR2">
                            <IKJoint AxisLocal="(0; 1; 0)" Type="Slider">

                            </IKJoint>
                        </IKBone>
                        <IKJoint AxisLocal="(0; 1; 0)" Type="Hinge2">

                        </IKJoint>
                      </IKBone>
      </AutomaticIK>
      <ModelAttachments>
                      <StopSignals>
                            <Flare Color="g(168; 12; 0) x 0.8" Pos="(-3.007; 0.936; 0.352)" Size="0.3" _template="StopSignal">

                            </Flare>
                            <Flare Color="g(168; 12; 0) x 0.8" Pos="(-3.007; 0.936; -0.352)" Size="0.3" _template="StopSignal">

                            </Flare>
                          <Light _template="StopSignal" Pos="(-3.033; 0.936; 0.005)">

                          </Light>
                      </StopSignals>
                      <Ignition>
                              <Flare Color="g(168; 12; 0) x 0.8" Pos="(-3.007; 0.937; 0.436)" Size="0.3" _template="IgnitionSignalRed">

                              </Flare>
                              <Flare Color="g(168; 12; 0) x 0.8" Pos="(-3.007; 0.937; -0.436)" Size="0.3" _template="IgnitionSignalRed">

                              </Flare>
                              <Flare ParentFrame="BoneCabin_cdt" Size="0.3" Pos="(2.501; 1.32; -0.892)" _template="IgnitionSignalWhite">

                              </Flare>
                              <Flare ParentFrame="BoneCabin_cdt" Size="0.3" Pos="(2.501; 1.32; 0.892)" _template="IgnitionSignalWhite">

                              </Flare>
                                <Light Pos="(-3.007; 0.937; -0.436)" _template="IgnitionSignalRed" Color="g(255; 10; 10) x 0.4">

                                </Light>
                                <Light Pos="(-3.007; 0.937; 0.436)" _template="IgnitionSignalRed" Color="g(255; 10; 10) x 0.4">

                                </Light>
                                <Light Color="g(255; 186; 112) x .5" ParentFrame="BoneCabin_cdt" _template="IgnitionSignalWhite" Pos="(2.501; 1.32; -0.892)">

                                </Light>
                                <Light Color="g(255; 186; 112) x .5" ParentFrame="BoneCabin_cdt" _template="IgnitionSignalWhite" Pos="(2.501; 1.32; 0.892)">

                                </Light>
                      </Ignition>
                      <HeadLight>
                                <Flare Color="g(255; 235; 215) x 0.8" Pos="(2.501; 1.32; -0.892)" ParentFrame="BoneCabin_cdt" Size="0.3" _template="HeadLight">

                                </Flare>
                                <Flare Color="g(255; 235; 215) x 0.8" Pos="(2.501; 1.32; 0.892)" ParentFrame="BoneCabin_cdt" Size="0.3" _template="HeadLight">

                                </Flare>
                                  <Model Org="(2.501; 1.32; -0.892)" _template="HeadLightRay" ParentFrame="BoneCabin_cdt">

                                  </Model>
                                  <Model Org="(2.501; 1.32; 0.892)" _template="HeadLightRay" ParentFrame="BoneCabin_cdt">

                                  </Model>
                      </HeadLight>
                      <ReverseSignals>

                      </ReverseSignals>
      </ModelAttachments>
      <TruckData EngineIconMesh="env/engine_default" EngineStartDelay="0.8" TruckType="OFFROAD" ExhaustStartTime="0.9" SteerSpeed="0.025" TruckImage="tuz108warthogmchr" DiffLockType="Installed" Responsiveness="0.15" FuelCapacity="200" EngineIconScale="1" BackSteerSpeed="0.025">
                        <Driver ParentFrame="BoneCabin_cdt" SteeringWheelPos="(1.031; 1.987; 0.363)" Pos="(0.681; 1.631; 0.369)" AnimationSet="HeavyTruck">

                        </Driver>
                        <Shafts>
                                <Shaft SocketPointB="Shaft1b" SocketPointA="Shaft1a">

                                </Shaft>
                                <Shaft SocketPointB="Shaft2b" SocketPointA="Shaft2a">

                                </Shaft>
                                <Shaft SocketPointB="Shaft3b" SocketPointA="Shaft3a">

                                </Shaft>
                        </Shafts>
                        <FuelTank DamageCapacity="120">

                        </FuelTank>
                        <Dashboard>
                                    <Gauge Org="(1.25; 1.924; 0.431)" OutputAngles="(-114; 132)" Mesh="trucks/arrows/tuz_108_warthog_arrows_1" Damping="0.99" InputRange="(0;1)" InputType="rpm" Dir="(-0.721; 0.693; 0)">

                                    </Gauge>
                                    <Gauge Org="(1.251; 1.924; 0.292)" OutputAngles="(-130; 131)" Dir="(-0.721; 0.693; 0.001)" InputType="speed" Mesh="trucks/arrows/tuz_108_warthog_arrows_1" InputRange="(0;120)">

                                    </Gauge>
                                    <Gauge Org="(1.188; 1.854; 0.624)" OutputAngles="(-43; -7)" Mesh="trucks/arrows/tuz_108_warthog_arrows_2" Damping="0.99" InputRange="(0;1)" InputType="engineEnabled" Dir="(-0.72; 0.694; 0)">

                                    </Gauge>
                                    <Gauge Org="(1.188; 1.854; 0.542)" OutputAngles="(-41; 11)" Mesh="trucks/arrows/tuz_108_warthog_arrows_2" Damping="0.99" InputRange="(0;1)" InputType="engineEnabled" Dir="(-0.72; 0.694; 0)">

                                    </Gauge>
                                    <Gauge Org="(1.25; 1.918; 0.543)" OutputAngles="(-44; 28)" Mesh="trucks/arrows/tuz_108_warthog_arrows_2" Damping="0.99" InputRange="(0;1)" InputType="engineEnabled" Dir="(-0.72; 0.694; 0)">

                                    </Gauge>
                                    <Gauge Org="(1.188; 1.855; 0.18)" OutputAngles="(-43; 35)" Mesh="trucks/arrows/tuz_108_warthog_arrows_2" Damping="0.99" InputRange="(0;1)" InputType="engineEnabled" Dir="(-0.72; 0.694; 0)">

                                    </Gauge>
                                    <Gauge Org="(1.188; 1.855; 0.098)" OutputAngles="(-43; 17)" Mesh="trucks/arrows/tuz_108_warthog_arrows_2" Damping="0.99" InputRange="(0;1)" InputType="engineEnabled" Dir="(-0.72; 0.694; 0)">

                                    </Gauge>
                                    <Gauge Org="(1.25; 1.918; 0.18)" OutputAngles="(-44; 44)" Mesh="trucks/arrows/tuz_108_warthog_arrows_2" Damping="0.99" InputRange="(0;1)" InputType="fuel" Dir="(-0.72; 0.694; 0)">

                                    </Gauge>
                        </Dashboard>
                        <SoundsWheels _template="Default">

                        </SoundsWheels>
                        <GearboxSocket Default="g_truck_default" Type="gearboxes_trucks">

                        </GearboxSocket>
                                      <Steam Origin="(1.443; 1.294; 0)" ParentFrame="BoneCabin_cdt">

                                      </Steam>
                                      <Steam Origin="(-0.363; 1.005; 0)" ParentFrame="BoneCabin_cdt">

                                      </Steam>
                        <Sounds DisableReversePitch="false" MinDist="15.0" Origin="(1.78; 1.595; 0)" ParentFrame="BoneCabin_cdt" AirHissInterval="12.0" _template="Default">
                                          <BrakesSqueal Sound="trucks/tuz_108_warthog/tuz_108_warthog_brakes_squeal">

                                          </BrakesSqueal>
                                          <AbruptStop Sound="trucks/common/truck_swing_big_rnd_set/truck_swing_big_rnd">

                                          </AbruptStop>
                                          <EngineLow Sound="trucks/tuz_108_warthog/tuz_108_warthog_low">

                                          </EngineLow>
                                          <EngineRev Sound="trucks/tuz_108_warthog/tuz_108_warthog_rev">

                                          </EngineRev>
                                          <EngineAccel Sound="trucks/tuz_108_warthog/tuz_108_warthog_acc">

                                          </EngineAccel>
                                          <Honk Sound="trucks/tuz_108_warthog/tuz_108_warthog_honk">

                                          </Honk>
                                          <EngineStop Sound="trucks/tuz_108_warthog/tuz_108_warthog_stop">

                                          </EngineStop>
                                          <Handbrake Sound="trucks/tuz_108_warthog/tuz_108_warthog_handbrake_on">

                                          </Handbrake>
                                          <EngineIdle_2d IsSound2D="true" Sound="trucks/tuz_108_warthog/tuz_108_warthog_idle_2d">

                                          </EngineIdle_2d>
                                          <HandbrakeOff Sound="trucks/tuz_108_warthog/tuz_108_warthog_handbrake_off">

                                          </HandbrakeOff>
                                          <EngineHeavy_2d IsSound2D="true" Sound="trucks/tuz_108_warthog/tuz_108_warthog_heavy_2d">

                                          </EngineHeavy_2d>
                                          <Reverse Sound="trucks/tuz_108_warthog/tuz_108_warthog_reverse">

                                          </Reverse>
                                          <EngineHigh_2d IsSound2D="true" Sound="trucks/tuz_108_warthog/tuz_108_warthog_high_2d">

                                          </EngineHigh_2d>
                                          <EngineIdle Sound="trucks/tuz_108_warthog/tuz_108_warthog_idle">

                                          </EngineIdle>
                                          <EngineStart Sound="trucks/tuz_108_warthog/tuz_108_warthog_start">

                                          </EngineStart>
                                          <EngineHigh Sound="trucks/tuz_108_warthog/tuz_108_warthog_high">

                                          </EngineHigh>
                                          <BrakePull Sound="trucks/tuz_108_warthog/tuz_108_warthog_brake_pull">

                                          </BrakePull>
                                          <EngineLow_2d IsSound2D="true" Sound="trucks/tuz_108_warthog/tuz_108_warthog_low_2d">

                                          </EngineLow_2d>
                                          <EngineHeavy Sound="trucks/tuz_108_warthog/tuz_108_warthog_heavy">

                                          </EngineHeavy>
                                          <BrakeRelease Sound="trucks/tuz_108_warthog/tuz_108_warthog_brake_release">

                                          </BrakeRelease>
                                          <EngineTrans Sound="">

                                          </EngineTrans>
                        </Sounds>
                        <Intake Size="1" Origin="(2.8; 1.499; 0)" Dir="(1; 0; 0)">

                        </Intake>
                        <SoundsDamage _template="Heavy">

                        </SoundsDamage>
                        <Damage SensationMin="(0.824; 2.547; -1.058)" Capacity="600" ParentFrame="BoneCabin_cdt" SensationMax="(1.903; 1.972; 1.058)">
                                                  <DamageArea Max="(2.666; 1.78; 0.571)" Type="Engine" ParentFrame="BoneCabin_cdt" Min="(1.628; 1.305; -0.571)">

                                                  </DamageArea>
                                                  <DamageArea Max="(0.374; 1.123; 0.984)" Type="FuelTank" ParentFrame="BoneCabin_cdt" Min="(-0.544; 0.796; 0.463)">

                                                  </DamageArea>
                                                  <DamageArea Max="(0.374; 1.123; -0.463)" Type="FuelTank" ParentFrame="BoneCabin_cdt" Min="(-0.544; 0.796; -0.984)">

                                                  </DamageArea>
                        </Damage>
                        <Camera ParentFrame="BoneCabin_cdt" Center="(-1.25; 0; 0)">
                                                  <Cockpit WindshieldShadingTexture="trucks/tuz108_warthog_glass__sh_d.tga" WindshieldDiffuseTexture="trucks/tuz108_warthog_glass__d_a.tga" _template="Default" ViewPos="(0.577; 2.337; 0.369)">
                                                        <Mirror FOVScale="1.8" ClipDir="(-0.845; -0.047; -0.532)" Pos="(0.97; 2.294; 1.278)" Size="(0.20; 0.355)" MeshFrame="mirror_left" ReflectionDir="(-0.845; -0.047; -0.532)">

                                                        </Mirror>
                                                        <Mirror FOVScale="2.0" Pos="(0.968; 2.294; -1.277)" ClipDir="(-0.767; -0.029; 0.641)" ReflectionDir="(-0.767; -0.029; 0.641)" Size="(0.20; 0.355)" ClipOffset="0.1" MeshFrame="mirror_right">

                                                        </Mirror>
                                                  </Cockpit>
                        </Camera>
                        <Shakers>
                                                    <Shaker Frame="BoneGearstick" ParentFrame="BoneCabin_cdt" MaxAngle="(3; 3; 3)" MaxFrequency="0.1">

                                                    </Shaker>
                        </Shakers>
                        <SuspensionSocket Default="tuz_108_warthog_suspension_default" Type="s_tuz_108_warthog" MaxWheelRadiusWithoutSuspension="0.42">

                        </SuspensionSocket>
                        <Wheels DefaultTire="highway_1" DefaultWheelType="wheels_medium_double_front" DefaultRim="rim_1">
                                                          <Wheel _template="FrontWheel" Pos="(1.878; 0.597; 0.855)">

                                                          </Wheel>
                                                          <Wheel Pos="(1.878; 0.597; 0.855)" _template="FrontWheel" RightSide="true">

                                                          </Wheel>
                                                          <Wheel _template="RearWheel" Pos="(-1.892; 0.597; 0.855)">

                                                          </Wheel>
                                                          <Wheel Pos="(-1.892; 0.597; 0.855)" _template="RearWheel" RightSide="true">

                                                          </Wheel>
                        </Wheels>
                        <Axles>
                                                            <Axle Frame="BoneAxle1">

                                                            </Axle>
                                                            <Axle Frame="BoneAxle2">

                                                            </Axle>
                        </Axles>
                        <EngineSocket Default="ru_truck_modern_engine_0" Type="e_ru_truck_modern">

                        </EngineSocket>
                        <OcclusionMap HalfSizeZ="1.7" MinX="-3.35" MaxX="3.1">

                        </OcclusionMap>
                                                              <LimitedFluid Type="Box" SizeX="0.936" Center="(-0.088; 0.965; 0.726)" SizeY="0.305" SizeZ="0.522">

                                                              </LimitedFluid>
                                                              <LimitedFluid Type="Box" SizeX="0.936" Center="(-0.088; 0.965; -0.726)" SizeY="0.305" SizeZ="0.522">

                                                              </LimitedFluid>
                        <WinchUpgradeSocket Default="w_medium_trucks_default" IsUpgradable="true" Type="winches_medium_trucks">

                        </WinchUpgradeSocket>
                        <SteeringWheel Frame="BoneSteering">

                        </SteeringWheel>
                                                                    <CompatibleWheels OffsetZ="0.04" RearOffsetZ="0.06" Scale="0.5" Type="wheels_medium_double_front">

                                                                    </CompatibleWheels>
                                                                    <CompatibleWheels OffsetZ="0.13" RearOffsetZ="0.08" Scale="0.5" Type="wheels_medium_mudtires_actaeon">

                                                                    </CompatibleWheels>
                                                                    <CompatibleWheels OffsetZ="0.04" RearOffsetZ="0.06" Scale="0.55" Type="wheels_medium_double_front">

                                                                    </CompatibleWheels>
                                                                    <CompatibleWheels OffsetZ="0.13" RearOffsetZ="0.08" Scale="0.55" Type="wheels_medium_mudtires_actaeon">

                                                                    </CompatibleWheels>
                                                                    <CompatibleWheels OffsetZ="0.04" RearOffsetZ="0.06" Scale="0.6" Type="wheels_medium_double_front">

                                                                    </CompatibleWheels>
                                                                    <CompatibleWheels OffsetZ="0.18" RearOffsetZ="0.08" Scale="0.6" Type="wheels_medium_mudtires_actaeon">

                                                                    </CompatibleWheels>
                        <SteeringRack RackHalfSizeZ="0.755" Frame="BoneRack" FrameSteerLeft="BoneRackLeft" FrameSteerRight="BoneRackRight">

                        </SteeringRack>
      </TruckData>
  </Truck>
  <_templates Include="trucks">
        <Wheel>
            <RearWheel Torque="default" Location="front" ConnectedToHandbrake="true">

            </RearWheel>
            <FrontWheel SteeringCastor="8" Torque="full" SteeringJointOffset="0.2" SteeringAngle="25" Location="front">

            </FrontWheel>
        </Wheel>
        <Body>
              <Mudguard Collisions="None" Mass="10">
                  <Constraint MinLimit="-45" Type="Hinge" MaxLimit="15" AxisLocal="(0; 0; 1)">
                      <Motor Spring="10" Type="Spring" Damping="1">

                      </Motor>
                  </Constraint>
              </Mudguard>
              <SideMirror Collisions="None" Mass="1">
                    <Constraint MinLimit="-15" Type="Hinge" MaxLimit="15" AxisLocal="(0; 1; 0)">
                        <Motor Spring="75" Type="Spring" Damping="5">

                        </Motor>
                    </Constraint>
              </SideMirror>
        </Body>
        <Flare>
                <IgnitionSignalOrange Color="g(255; 140; 0) x 0.3" AspectRatio="1.4" DirAngle="135" Dir="(0; 1; 0)" Size="0.1" ColorMultAtDay="0.6">

                </IgnitionSignalOrange>
        </Flare>
  </_templates>