  <Truck>
      <ControlledConstraints>
          <Constraint Name="TieRodSteer" IsLinkedSteering="true" Id="chassis_steer">

          </Constraint>
      </ControlledConstraints>
      <PhysicsModel Mesh="trucks/tayga_6455b">
            <NetSync Legacy="false">

            </NetSync>
            <Body ModelFrame="BoneChassis_cdt" ImpactType="Truck" Mass="5500" NetSync="pv" CenterOfMassOffset="(-2.4; 0; 0)">
                  <Body ModelFrame="BoneCabin_cdt" ImpactType="Truck" Mass="4500" NetSync="pv" CenterOfMassOffset="(0.5; 0; 0)">
                      <Constraint AxisLocal="(1; 0; 0)" MaxLimit="22" MinLimit="-22" PivotOffset="(0; 0; 0)" Type="Hinge">
                          <Motor Type="Spring" Spring="600000" Damping=".001">

                          </Motor>
                      </Constraint>
                          <Body Mass="2000" ImpactType="Truck" ModelFrame="BoneCabinDamper_cdt">
                            <Constraint Cone="4.5" PlaneMin="-3" Type="Ragdoll" TwistAxisLocal="(0; 1; 0)" PlaneMax="3" PlaneAxisLocal="(0; 0; 1)">
                                <ConeMotor Type="Spring" Spring="1500000" Damping="700000">

                                </ConeMotor>
                                <PlaneMotor Type="Spring" Spring="3000000" Damping="1500000">

                                </PlaneMotor>
                            </Constraint>
                                <Body ModelFrame="BoneAntennaLeft_cdt" _template="Antenna">

                                </Body>
                                <Body ModelFrame="BoneAntennaRight_cdt" _template="Antenna">

                                </Body>
                                <Body ModelFrame="BoneMirrorLeft_cdt" _template="SideMirror">

                                </Body>
                                <Body ModelFrame="BoneMirrorRight_cdt" _template="SideMirror">

                                </Body>
                                <Body AngularDamping="10.0" ModelFrame="BoneRadioHinge_cdt" Mass="1">
                                  <Constraint AxisLocal="(0; 0; 1)" MaxLimit="45" MinLimit="-45" Type="Hinge">

                                  </Constraint>
                                  <Body Mass="0.1" ModelFrame="BoneRadioPrismatic_cdt">
                                        <Constraint AxisLocal="(0; 1; 0)" MaxLimit="0.05" MinLimit="-0.05" Type="Prismatic">
                                            <Motor Type="Spring" Spring="5" Damping="0.1">

                                            </Motor>
                                        </Constraint>
                                  </Body>
                                </Body>
                          </Body>
                          <Body ModelFrame="BoneTieRod_cdt" _template="TieRod">
                            <Constraint AxisLocal="(0; 0; 1)" MaxLimit="25" Name="TieRodSteer" MinLimit="-25">

                            </Constraint>
                          </Body>
                  </Body>
            </Body>
      </PhysicsModel>
      <TruckData BackSteerSpeed="0.03" DiffLockType="Always" EngineIconScale="1.3" TruckType="OFFROAD" FuelCapacity="330" EngineStartDelay="0.8" SteerSpeed="0.03" ExhaustStartTime="0.9" Responsiveness="0.15" TruckImage="tayga6455mchr" EngineIconMesh="env/engine_default">
              <Shakers>
                  <Shaker MaxAngle="(1; 1; 1)" Frame="BoneGearstick" ParentFrame="BoneCabinDamper_cdt" MinAngle="(0.5; 0.5; 0.5)" MaxFrequency="0.1">

                  </Shaker>
              </Shakers>
              <Intake Size="1" Dir="(1; 0; 0)" Origin="(4.201; 1.677; 0)">

              </Intake>
              <GearboxSocket Default="g_truck_default" Type="gearboxes_trucks">

              </GearboxSocket>
              <Wheels DefaultRim="rim_1" DefaultWheelType="wheels_heavy_single" DefaultTire="offroad_2">
                          <Wheel Pos="(3.221; 0.64; 1.060)" _template="FrontWheel">

                          </Wheel>
                          <Wheel Pos="(3.221; 0.64; 1.027)" _template="FrontWheel" RightSide="true">

                          </Wheel>
                          <Wheel Pos="(-2.477; 0.645; 1.060)" _template="RearWheel">

                          </Wheel>
                          <Wheel Pos="(-2.477; 0.645; 1.060)" _template="RearWheel" RightSide="true">

                          </Wheel>
                          <Wheel Pos="(-3.885; 0.645; 1.060)" _template="RearWheel">

                          </Wheel>
                          <Wheel Pos="(-3.885; 0.645; 1.060)" _template="RearWheel" RightSide="true">

                          </Wheel>
              </Wheels>
              <WinchUpgradeSocket Default="w_medium_trucks_default" Type="winches_medium_trucks" IsUpgradable="true">

              </WinchUpgradeSocket>
              <SteeringWheel Frame="BoneSteering">

              </SteeringWheel>
              <Damage>
                                <DamageArea Max="(4.200; 2.100; 0.5)" ParentFrame="BoneCabin_cdt" Min="(2.4; 1; -0.5)" Type="Engine">

                                </DamageArea>
                                <DamageArea Max="(0.5; 1.3; 1.1)" ParentFrame="BoneChassis_cdt" Min="(-0.5; 0.7; -1.1)" Type="FuelTank">

                                </DamageArea>
              </Damage>
                              <LimitedFluid RadiusY="0.27" Center="(-0.026; 0.998; 0.83)" RadiusZ="0.27" LengthX="0.9" Type="Cylinder">

                              </LimitedFluid>
                              <LimitedFluid RadiusY="0.27" Center="(-0.026; 0.998; -0.83)" RadiusZ="0.27" LengthX="0.9" Type="Cylinder">

                              </LimitedFluid>
              <EngineSocket Default="ru_truck_old_heavy_engine_0" Type="e_ru_truck_old_heavy">

              </EngineSocket>
              <SoundsDamage _template="Heavy">

              </SoundsDamage>
              <Camera Center="(-1.5; 0; 0)" ParentFrame="BoneCabinDamper_cdt">
                                      <Cockpit WindshieldShadingTexture="trucks/tayga_6455b_glass__sh_d.tga" WindshieldDiffuseTexture="trucks/tayga_6455b_glass__d_a.tga" ViewPos="(1.45; 2.55; 0.5)" _template="Default">
                                            <Mirror Pos="(2.006; 2.375; 1.454)" MeshFrame="mirror_left" FOVScale="2" Size="(0.16; 0.3)" ReflectionDir="(-0.866; 0; -0.5)" ClipDir="(-0.866; 0; -0.5)" ClipOffset="0.1">

                                            </Mirror>
                                            <Mirror Pos="(2.095; 2.375; -1.439)" MeshFrame="mirror_right" FOVScale="2" Size="(0.16; 0.3)" ReflectionDir="(-0.788; 0; 0.616)" ClipDir="(-0.788; 0; 0.616)" ClipOffset="0.1">

                                            </Mirror>
                                      </Cockpit>
              </Camera>
              <Shafts>
                                          <Shaft SocketPointA="Shaft1a" SocketPointB="Shaft1b">

                                          </Shaft>
                                          <Shaft SocketPointA="Shaft2a" SocketPointB="Shaft2b">

                                          </Shaft>
                                          <Shaft SocketPointA="Shaft3a" SocketPointB="Shaft3b">

                                          </Shaft>
                                          <Shaft SocketPointA="Shaft4a" SocketPointB="Shaft4b">

                                          </Shaft>
                                          <Shaft SocketPointA="Shaft5a" SocketPointB="Shaft5b">

                                          </Shaft>
              </Shafts>
              <FuelTank DamageCapacity="50">

              </FuelTank>
              <Axles>
                                              <Axle Frame="BoneAxle1">

                                              </Axle>
                                              <Axle Frame="BoneAxle2">

                                              </Axle>
                                              <Axle Frame="BoneAxle3">

                                              </Axle>
              </Axles>
              <SoundsWheels _template="Default">

              </SoundsWheels>
              <SuspensionSocket Default="tayga_6455b_suspension_default" MaxWheelRadiusWithoutSuspension="0.5" Type="s_tayga_6455b">

              </SuspensionSocket>
                                                <CompatibleWheels Scale="0.61" Type="wheels_heavy_single">

                                                </CompatibleWheels>
                                                <CompatibleWheels Scale="0.64" Type="wheels_heavy_single">

                                                </CompatibleWheels>
                                                <CompatibleWheels OffsetZ="0.055" Scale="0.64" RearOffsetZ="0.05" Type="wheels_heavy_single2">

                                                </CompatibleWheels>
                                                <CompatibleWheels Off8setZ="0.1" Scale="0.61" RearOffsetZ="0.05" Type="wheels_heavy_mudtires_tayga">

                                                </CompatibleWheels>
                                                <CompatibleWheels OffsetZ="0.1" Scale="0.64" RearOffsetZ="0.05" Type="wheels_heavy_mudtires_tayga">

                                                </CompatibleWheels>
              <Dashboard>
                                                      <Gauge Mesh="trucks/arrows/tayga_6455b_arrow_1" Org="(2.042; 2.178; 0.432)" OutputAngles="(-120; 140)" InputType="speed" Dir="(-0.977; 0.212; 0)" InputRange="(0;120)" Damping="0.99">

                                                      </Gauge>
                                                      <Gauge Mesh="trucks/arrows/tayga_6455b_arrow_1" Org="(2.04; 2.169; 0.652)" OutputAngles="(-130; -30)" InputType="engineEnabled" Dir="(-0.977; 0.212; 0)" InputRange="(0;1)" Damping="0.99">

                                                      </Gauge>
                                                      <Gauge Mesh="trucks/arrows/tayga_6455b_arrow_1" Org="(2.027; 2.109; 0.268)" OutputAngles="(-110; -80)" InputType="engineEnabled" Dir="(-0.977; 0.212; 0)" InputRange="(0;1)" Damping="0.99">

                                                      </Gauge>
                                                      <Gauge Mesh="trucks/arrows/tayga_6455b_arrow_2" Org="(2.043; 2.181; 0.553)" OutputAngles="(-87; 20)" InputType="engineEnabled" Dir="(-0.977; 0.212; 0)" InputRange="(0;1)" Damping="0.99">

                                                      </Gauge>
                                                      <Gauge Mesh="trucks/arrows/tayga_6455b_arrow_2" Org="(2.042; 2.175; 0.553)" OutputAngles="(-92; -190)" InputType="engineEnabled" Dir="(-0.977; 0.212; 0)" InputRange="(0;1)" Damping="0.99">

                                                      </Gauge>
                                                      <Gauge Mesh="trucks/arrows/tayga_6455b_arrow_3" Org="(2.04; 2.163; 0.334)" OutputAngles="(-38; -14)" InputType="engineEnabled" Dir="(-0.977; 0.212; 0)" InputRange="(0;1)" Damping="0.99">

                                                      </Gauge>
                                                      <Gauge Mesh="trucks/arrows/tayga_6455b_arrow_4" Org="(2.024; 2.091; 0.611)" OutputAngles="(-38; 10)" InputType="engineEnabled" Dir="(-0.977; 0.213; 0)" InputRange="(0;1)" Damping="0.99">

                                                      </Gauge>
              </Dashboard>
              <Sounds DisableReversePitch="false" ParentFrame="BoneCabin_cdt" Origin="(3; 1.75; 0)" AirHissInterval="12.0" _template="Default" MinDist="10.0">
                                                      <EngineHigh Sound="trucks/tayga_6455b/tayga_6455b_high">

                                                      </EngineHigh>
                                                      <AbruptStop Sound="trucks/common/truck_swing_big_rnd_set/truck_swing_big_rnd">

                                                      </AbruptStop>
                                                      <HandbrakeOff Sound="trucks/tayga_6436/tayga_6436_handbrake_off">

                                                      </HandbrakeOff>
                                                      <BrakesSqueal Sound="trucks/tayga_6436/tayga_6436_brakes_squeal">

                                                      </BrakesSqueal>
                                                      <EngineTrans Sound="">

                                                      </EngineTrans>
                                                      <EngineHeavy_2d IsSound2D="true" Sound="trucks/tayga_6455b/tayga_6455b_heavy_2d">

                                                      </EngineHeavy_2d>
                                                      <Reverse Sound="trucks/tayga_6455b/tayga_6455b_reverse">

                                                      </Reverse>
                                                      <EngineHeavy Sound="trucks/tayga_6455b/tayga_6455b_heavy">

                                                      </EngineHeavy>
                                                      <EngineStart Sound="trucks/tayga_6455b/tayga_6455b_start">

                                                      </EngineStart>
                                                      <EngineLow_2d IsSound2D="true" Sound="trucks/tayga_6455b/tayga_6455b_low_2d">

                                                      </EngineLow_2d>
                                                      <EngineHigh_2d IsSound2D="true" Sound="trucks/tayga_6455b/tayga_6455b_high_2d">

                                                      </EngineHigh_2d>
                                                      <EngineLow Sound="trucks/tayga_6455b/tayga_6455b_low">

                                                      </EngineLow>
                                                      <EngineIdle_2d IsSound2D="true" Sound="trucks/tayga_6455b/tayga_6455b_idle_2d">

                                                      </EngineIdle_2d>
                                                      <EngineStop Sound="trucks/tayga_6455b/tayga_6455b_stop">

                                                      </EngineStop>
                                                      <EngineIdle Sound="trucks/tayga_6455b/tayga_6455b_idle">

                                                      </EngineIdle>
                                                      <Handbrake Sound="trucks/tayga_6436/tayga_6436_handbrake_on">

                                                      </Handbrake>
                                                      <Honk Sound="trucks/tayga_6455b/tayga_6455b_honk">

                                                      </Honk>
                                                      <EngineRev Sound="trucks/tayga_6455b/tayga_6455b_rev">

                                                      </EngineRev>
                                                      <EngineAccel Sound="trucks/tayga_6455b/tayga_6455b_acc">

                                                      </EngineAccel>
                                                      <BrakeRelease Sound="trucks/common/truck_brake_release_alt2_rnd_set/truck_brake_release_alt2_rnd">

                                                      </BrakeRelease>
              </Sounds>
              <Driver SteeringWheelPos="(1.805; 2.262; 0.493)" Pos="(1.423; 1.934; 0.5)" ParentFrame="BoneCabinDamper_cdt" AnimationSet="Truck">

              </Driver>
                                                        <Steam Origin="(3; 1.5; 0)">

                                                        </Steam>
                                                        <Steam Origin="(1; 1.4; 0)">

                                                        </Steam>
              <SteeringRack FrameSteerRight="BoneRackRight" Frame="BoneRack" FrameSteerLeft="BoneRackLeft" RackHalfSizeZ="0.838">

              </SteeringRack>
              <OcclusionMap MaxX="5" HalfSizeZ="2.1" MinX="-5">

              </OcclusionMap>
      </TruckData>
      <ModelAttachments>
                <HeadLight>
                      <Model _template="HeadLightRay" Org="(3.924; 1.62; -0.811)" ParentFrame="BoneCabin_cdt">

                      </Model>
                      <Model _template="HeadLightRay" Org="(3.924; 1.62; 0.811)" ParentFrame="BoneCabin_cdt">

                      </Model>
                        <Flare ParentFrame="BoneCabin_cdt" Size="0.5" Pos="(3.924; 1.62; -0.811)" Color="g(255; 235; 215) x 0.5" _template="HeadLight">

                        </Flare>
                        <Flare ParentFrame="BoneCabin_cdt" Size="0.5" Pos="(3.924; 1.62; 0.811)" Color="g(255; 235; 215) x 0.5" _template="HeadLight">

                        </Flare>
                        <Flare Pos="(3.946; 1.62; -0.811)" _template="BlueStreak" ParentFrame="BoneCabin_cdt">

                        </Flare>
                        <Flare Pos="(3.946; 1.62; 0.811)" _template="BlueStreak" ParentFrame="BoneCabin_cdt">

                        </Flare>
                </HeadLight>
                <StopSignals>
                      <Light Pos="(-4.915; 1.097; 0)" _template="StopSignal">

                      </Light>
                          <Flare Size="0.4" Pos="(-4.515; 1.284; -0.682)" Color="g(255; 0; 0) x 0.7" _template="StopSignal">

                          </Flare>
                          <Flare Size="0.4" Pos="(-4.515; 1.284; 0.682)" Color="g(255; 0; 0) x 0.7" _template="StopSignal">

                          </Flare>
                </StopSignals>
                <Ignition>
                          <Light Pos="(-4.915; 1.097; 0)" _template="IgnitionSignalRed">

                          </Light>
                          <Light ParentFrame="BoneCabin_cdt" Pos="(4.5; 1.5; 0)" Color="g(240; 200; 165) x 1.0" _template="IgnitionSignalWhite">

                          </Light>
                            <Flare Size="0.4" _template="IgnitionSignalRed" Pos="(-4.515; 1.284; -0.614)">

                            </Flare>
                            <Flare Size="0.4" _template="IgnitionSignalRed" Pos="(-4.515; 1.284; 0.614)">

                            </Flare>
                            <Flare ParentFrame="BoneCabin_cdt" Pos="(1.937; 2.978; -0.169)" Size="0.4" _template="MarkerBeacon">

                            </Flare>
                            <Flare ParentFrame="BoneCabin_cdt" Pos="(1.98; 2.978; 0)" Size="0.4" _template="MarkerBeacon">

                            </Flare>
                            <Flare ParentFrame="BoneCabin_cdt" Pos="(1.937; 2.978; 0.169)" Size="0.4" _template="MarkerBeacon">

                            </Flare>
                            <Flare ParentFrame="BoneCabin_cdt" Size="0.5" Pos="(3.924; 1.62; -0.811)" Color="g(255; 235; 215) x 0.5" _template="IgnitionSignalWhite">

                            </Flare>
                            <Flare ParentFrame="BoneCabin_cdt" Size="0.5" Pos="(3.924; 1.62; 0.811)" Color="g(255; 235; 215) x 0.5" _template="IgnitionSignalWhite">

                            </Flare>
                            <Flare ParentFrame="BoneCabin_cdt" Size="0.2" Pos="(3.896; 1.638; -1.078)" Color="g(255; 235; 225) x 0.3" _template="IgnitionSignalWhite">

                            </Flare>
                            <Flare ParentFrame="BoneCabin_cdt" Size="0.2" Pos="(3.896; 1.638; 1.078)" Color="g(255; 235; 225) x 0.3" _template="IgnitionSignalWhite">

                            </Flare>
                </Ignition>
      </ModelAttachments>
      <HeadLight Pos="(4.5; 1.5; 0)" _template="Default">

      </HeadLight>
      <GameData Price="70200" Country="RU,CAS" UnlockByObjective="US_06_01_MILL_LOGS" UnlockByRank="1">
                      <CraneSocket Pos="(4.220; 0.913; 0)" ParentFrame="BoneCabin_cdt">

                      </CraneSocket>
                      <CraneSocket Pos="(-1.056; 1.194; -0.463)">

                      </CraneSocket>
                      <CraneSocket Pos="(-1.056; 1.194; 0.463)">

                      </CraneSocket>
                      <CraneSocket Pos="(-4.525; 1.194; -0.463)">

                      </CraneSocket>
                      <CraneSocket Pos="(-4.525; 1.194; 0.463)">

                      </CraneSocket>
                    <UiDesc UiIcon30x30="offroadVehicleImg30" UiName="UI_VEHICLE_TAYGA_6455b_NAME" UiIcon328x458="shopImgTayga6455b" UiIconLogo="TaygaLogo80" UiDesc="UI_VEHICLE_TAYGA_6455b_DESC" UiIcon40x40="offroadVehicleImg">

                    </UiDesc>
                          <AddonSockets>
                              <Socket Offset="(-3.185; 1.65; 0)" NamesBlock="SaddleHigh" Names="Semitrailer, SemitrailerOiltank">

                              </Socket>
                              <Socket Offset="(-3.185; 1.808; 0)" NamesBlock="SaddleLow" Names="LargeSemitrailer, LargeSemitrailerOiltank">

                              </Socket>
                              <Socket Offset="(-4.766; 0.902; 0)" Names="Trailer">

                              </Socket>
                          </AddonSockets>
                          <AddonSockets>
                              <Socket Offset="(-6.681; 1.357; 0)" Names="BunkLog">

                              </Socket>
                              <Socket Offset="(-1.6; 1.345; 0)" Names="FrameAddonLogShort">
                                <AddonsShift Offset="(-0.5; 0; 0)" Types="Tayga6455bWheelAddon">

                                </AddonsShift>
                              </Socket>
                              <Socket Offset="(-1.6; 1.345; 0)" NamesBlock="Tayga6455bWheelAddon" Names="FrameAddonLogMedium">

                              </Socket>
                              <Socket Offset="(-3.182; 1.355; 0)" Names="SaddleLow">

                              </Socket>
                              <Socket Offset="(-3.182; 1.343; 0)" Names="SaddleHigh">
                                  <ExtraParent Frame="BoneChassis_cdt" Offset="(0; 0; -0.039)">

                                  </ExtraParent>
                                  <ExtraParent Frame="BoneChassis_cdt" Offset="(0; 0; 0.039)">

                                  </ExtraParent>
                              </Socket>
                              <Socket Offset="(-1.68; 1.345; 0)" Names="FrameAddon">
                                  <AddonsShift Offset="(-0.65; 0; 0)" Types="MinicraneRU">

                                  </AddonsShift>
                                  <AddonsShift Offset="(-0.45; 0; 0)" Types="Tayga6455bWheelAddon">

                                  </AddonsShift>
                                  <AddonsShift Types="Tayga6455bWheelAddon, MinicraneRU" Offset="(0; 0; 0)" TrailerNamesBlock="FrameAddon">

                                  </AddonsShift>
                              </Socket>
                              <Socket Offset="(-2.350; 1.43; 0)" Names="FrameAddonKung">
                                  <ExtraParent Frame="BoneChassis_cdt" Offset="(0; 0; -0.117)">

                                  </ExtraParent>
                                  <ExtraParent Frame="BoneChassis_cdt" Offset="(0; 0; 0.117)">

                                  </ExtraParent>
                              </Socket>
                              <Socket Offset="(-2.404; 1.345; 0)" Names="FrameAddonTank">

                              </Socket>
                              <Socket Offset="(0.094; 1.345; 0)" NamesBlock="Trailer" Names="FrameAddonSeismicVibrator">

                              </Socket>
                              <Socket Offset="(-3.05; 1.44; 0)" NamesBlock="MinicraneRU" Names="BigCraneRu">
                                  <ExtraParent Frame="BoneChassis_cdt" Offset="(0; -0.1; 0.01)">

                                  </ExtraParent>
                                  <ExtraParent Frame="BoneChassis_cdt" Offset="(0; -0.1; -0.01)">

                                  </ExtraParent>
                              </Socket>
                          </AddonSockets>
                          <AddonSockets>
                            <Socket Offset="(0.6; 1.341; 0)" NamesBlock=" FrameAddonLogShort, FrameAddonLogMedium, FrameAddonKung, FrameAddonTank, FrameAddonSeismicVibrator" Names="MinicraneRU">
                                <AddonsShift Offset="(-0.7; 0; 0)" Types="Tayga6455bWheelAddon">

                                </AddonsShift>
                            </Socket>
                          </AddonSockets>
                          <AddonSockets DefaultAddon="tayga_6455b_bumper_default">
                            <Socket ParentFrame="BoneCabin_cdt" Names="Tayga6455bBumper">

                            </Socket>
                          </AddonSockets>
                          <AddonSockets DefaultAddon="tayga_6455b_exhaust_default">
                              <Socket ParentFrame="BoneCabin_cdt" Names="Tayga6455bExhaustDefault">
                                <ExtraParent Frame="BoneChassis_cdt">

                                </ExtraParent>
                              </Socket>
                              <Socket ParentFrame="BoneCabinDamper_cdt" Names="Tayga6455bExhaust">
                                  <ExtraParent Frame="BoneCabin_cdt">

                                  </ExtraParent>
                                  <ExtraParent Frame="BoneChassis_cdt">

                                  </ExtraParent>
                              </Socket>
                          </AddonSockets>
                          <AddonSockets>
                            <Socket ParentFrame="BoneChassis_cdt" NamesBlock="FrameAddonTank" Names="Tayga6455bWheelAddon">
                                <ExtraParent Frame="BoneCabin_cdt">

                                </ExtraParent>
                            </Socket>
                          </AddonSockets>
                          <AddonSockets>
                            <Socket ParentFrame="BoneCabinDamper_cdt" NamesBlock="Tayga6455bSpotLight, Tayga6455bBeacon" Names="Tayga6455bRoofrack">
                                  <ExtraParent Frame="BoneCabin_cdt">

                                  </ExtraParent>
                                  <ExtraParent Frame="BoneChassis_cdt">

                                  </ExtraParent>
                            </Socket>
                          </AddonSockets>
                          <AddonSockets>
                            <Socket _template="Cabin2Chassis" Names="Tayga6455bSnorkel">

                            </Socket>
                          </AddonSockets>
                          <AddonSockets>
                            <Socket _template="Cabin2Chassis" Names="Tayga6455bSpotLight">

                            </Socket>
                          </AddonSockets>
                          <AddonSockets>
                            <Socket _template="Cabin2Chassis" Names="Tayga6455bBeacon">

                            </Socket>
                          </AddonSockets>
                          <AddonSockets>
                            <Socket _template="Cabin2Chassis" Names="Tayga6455bVisor">

                            </Socket>
                          </AddonSockets>
                          <AddonSockets>
                            <Socket _template="Cabin2Chassis" Names="Tayga6455bHorn">

                            </Socket>
                          </AddonSockets>
                          <AddonSockets>
                            <Socket Names="Tayga6455bSticker_1x1_01" _template="Cabin2Chassis" InCockpit="true">

                            </Socket>
                          </AddonSockets>
                          <AddonSockets>
                            <Socket Names="Tayga6455bSticker_1x1_02" _template="Cabin2Chassis" InCockpit="true">

                            </Socket>
                          </AddonSockets>
                          <AddonSockets>
                            <Socket Names="Tayga6455bSticker_1x1_03" _template="Cabin2Chassis" InCockpit="true">

                            </Socket>
                          </AddonSockets>
                          <AddonSockets>
                            <Socket Names="Tayga6455bSticker_1x2_01" _template="Cabin2Chassis" InCockpit="true">

                            </Socket>
                          </AddonSockets>
                          <AddonSockets>
                            <Socket Names="Tayga6455bSticker_1x2_02" _template="Cabin2Chassis" InCockpit="true">

                            </Socket>
                          </AddonSockets>
                          <AddonSockets>
                            <Socket Names="Tayga6455bSticker_1x4_01" _template="Cabin2Chassis" InCockpit="true">

                            </Socket>
                          </AddonSockets>
                          <AddonSockets>
                            <Socket Names="Tayga6455bSticker_GlassTop" _template="Cabin2Chassis" InCockpit="true">

                            </Socket>
                          </AddonSockets>
                          <AddonSockets>
                            <Socket Names="Tayga6455bSticker_GlassBottom" _template="Cabin2Chassis" InCockpit="true">

                            </Socket>
                          </AddonSockets>
                          <AddonSockets>
                            <Socket _template="Cabin2Chassis" Names="Tayga6455bSticker_Door_L">

                            </Socket>
                          </AddonSockets>
                          <AddonSockets>
                            <Socket _template="Cabin2Chassis" Names="Tayga6455bSticker_Door_R">

                            </Socket>
                          </AddonSockets>
                          <AddonSockets>
                            <Socket _template="Cabin2Chassis" Names="Tayga6455bSticker_Capote">

                            </Socket>
                          </AddonSockets>
                          <AddonSockets>
                            <Socket Offset="(2.124; 2.286; 0)" Names="StuffDashboard" _template="Cabin2Chassis" InCockpit="true">

                            </Socket>
                          </AddonSockets>
                          <AddonSockets>
                            <Socket Offset="(2.044; 2.789; 0.5)" Names="StuffAirfreshener" _template="Cabin2Chassis" InCockpit="true">

                            </Socket>
                          </AddonSockets>
                    <CustomizationCameras>
                                <CameraPos Interior="true" Position="(7.518; 6.659; -0.663)" Name="roof_sticker" InterestPosition="(2.574; 0.363; -0.12)" FOV="32.0">

                                </CameraPos>
                                <CameraPos MaxZoom="2" MaxYRotation="360" Position="(-7.265; 3.31; 8.244)" MaxXRotation="360" Name="addon_1" InterestPosition="(0.697; 1.869; 0)" FOV="32.0">

                                </CameraPos>
                                <CameraPos MaxZoom="2" MaxYRotation="360" Position="(-4.265; 3.31; 4.794)" MaxXRotation="360" Name="addon_2" InterestPosition="(0.697; 1.869; 1.5)" FOV="32.0">

                                </CameraPos>
                                <CameraPos Interior="true" Position="(4.147; 2.501; -0.111)" Name="mirror_mount" InterestPosition="(6.729; 2.666; -0.34)" FOV="32.0">

                                </CameraPos>
                                <CameraPos MaxZoom="2" MaxYRotation="360" Position="(-0.226; 4.969; -4.508)" MaxXRotation="360" Name="side_r" InterestPosition="(4.764; 1.97; -0)" FOV="32.0">

                                </CameraPos>
                                <CameraPos Interior="true" Position="(4.199; 2.517; -0.369)" Name="sticker" InterestPosition="(6.729; 1.044; 1.759)" FOV="32.0">

                                </CameraPos>
                                <CameraPos Interior="true" Position="(4.38; 2.55; -0.529)" Name="sticker_1" InterestPosition="(6.729; 1.95; 0.266)" FOV="32.0">

                                </CameraPos>
                                <CameraPos Interior="true" Position="(8.71; 3.42; 1.018)" Name="glass_sticker" InterestPosition="(4.252; 2.181; -0.988)" FOV="32.0">

                                </CameraPos>
                                <CameraPos Interior="true" Position="(3.929; 2.715; 3.395)" Name="door_r_sticker" InterestPosition="(6.426; 0.918; 0)" FOV="32.0">

                                </CameraPos>
                                <CameraPos MaxZoom="2" MaxYRotation="360" Position="(9.203; 3.854; 5.047)" MaxXRotation="360" Name="roof" InterestPosition="(5.584; 1.615; -0)" FOV="32.0">

                                </CameraPos>
                                <CameraPos Interior="true" Position="(8.161; 4.17; -0.723)" Name="capote_sticker" InterestPosition="(4.348; 0.1; 0.007)" FOV="32.0">

                                </CameraPos>
                                <CameraPos MaxZoom="2" MaxYRotation="360" Position="(12.823; 1.44; -4.73)" MaxXRotation="360" Name="hoods" InterestPosition="(5.275; 1.623; 0)" FOV="32.0">

                                </CameraPos>
                                <CameraPos MaxZoom="2" MaxYRotation="360" Position="(9.507; 4.376; -3.37)" MaxXRotation="360" Name="side_l" InterestPosition="(4.737; 2.557; 0)" FOV="32.0">

                                </CameraPos>
                                <CameraPos Interior="true" Position="(4.200; 2.407; -0.249)" Name="bubble_head" InterestPosition="(6.3; 2.108; 1.201)" FOV="32.0">

                                </CameraPos>
                                <CameraPos MaxZoom="2" MaxYRotation="360" Position="(-4.539; 1.488; -5.755)" MaxXRotation="360" Name="wheels" InterestPosition="(2.46; 1.133; 0)" FOV="32.0">

                                </CameraPos>
                                <CameraPos MaxZoom="2" MaxYRotation="360" Position="(12.823; 1.44; -4.73)" MaxXRotation="360" Name="default" InterestPosition="(5.275; 1.623; 0)" FOV="32.0">

                                </CameraPos>
                                <CameraPos MaxZoom="2" MaxYRotation="360" Position="(-4.606; 3.102; 2.778)" MaxXRotation="360" Name="rear" InterestPosition="(0.733; 0.896; -0)" FOV="32.0">

                                </CameraPos>
                                <CameraPos Interior="true" Position="(3.968; 2.793; -3.391)" Name="door_l_sticker" InterestPosition="(4.595; 1.16; 0)" FOV="32.0">

                                </CameraPos>
                    </CustomizationCameras>
                              <WinchSocket Pos="(4.220; 0.913; 0)" ParentFrame="BoneCabin_cdt">

                              </WinchSocket>
                              <WinchSocket Pos="(-1.056; 1.194; -0.463)">

                              </WinchSocket>
                              <WinchSocket Pos="(-1.056; 1.194; 0.463)">

                              </WinchSocket>
                              <WinchSocket Pos="(-4.525; 1.194; -0.463)">

                              </WinchSocket>
                              <WinchSocket Pos="(-4.525; 1.194; 0.463)">

                              </WinchSocket>
      </GameData>
      <Landmark MaxScale="3.8" MinScale="1.8" Mesh="landmarks/tayga_6455b_lmk">

      </Landmark>
      <AutomaticIK>
                          <IKBone ModelFrame="BoneTieRodHinge2" ParentFrame="BoneTieRod_cdt">
                            <IKJoint AxisLocal="(1; 0; 0)" Type="Hinge2">

                            </IKJoint>
                            <IKBone AttachOffset="(0; 0; 0)" ModelFrame="BoneTieRodPrismatic" AttachToFrame="BoneRackLeft">
                                  <IKJoint AxisLocal="(1; 0; 0)" Type="Slider">

                                  </IKJoint>
                            </IKBone>
                          </IKBone>
                          <IKBone ModelFrame="BoneTieRodPistonBase" ParentFrame="BoneCabin_cdt">
                            <IKJoint AxisLocal="(0; 0; 1)" Type="Hinge">

                            </IKJoint>
                            <IKBone AttachOffset="(0; 0; 0)" ModelFrame="BoneTieRodPiston" AttachToFrame="BoneTieRodHinge2">
                                  <IKJoint AxisLocal="(1; 0; 0)" Type="Slider">

                                  </IKJoint>
                            </IKBone>
                          </IKBone>
      </AutomaticIK>
  </Truck>
  <_templates Include="trucks">
        <Socket>
            <Cabin2Chassis Offset="(0; 0; 0)" ParentFrame="BoneCabinDamper_cdt">
                <ExtraParent Frame="BoneChassis_cdt">

                </ExtraParent>
            </Cabin2Chassis>
        </Socket>
        <Wheel>
              <FrontWheel SteeringJointOffset="0.08" ParentFrame="BoneCabin_cdt" SteeringCastor="0" Torque="default" Location="front" SteeringAngle="30">

              </FrontWheel>
              <RearWheel Torque="default" Location="rear" ConnectedToHandbrake="true">

              </RearWheel>
        </Wheel>
        <Body>
                <Antenna Mass="5" Collisions="None">
                    <Constraint Cone="20" PlaneMin="-20" Type="Ragdoll" TwistAxisLocal="(0; 1; 0)" PlaneMax="20" PlaneAxisLocal="(0; 0; 1)">
                        <ConeMotor Type="Spring" Spring="60" Damping="0.1">

                        </ConeMotor>
                        <PlaneMotor Type="Spring" Spring="60" Damping="0.1">

                        </PlaneMotor>
                    </Constraint>
                </Antenna>
                <SideMirror Mass="5" Collisions="None">
                      <Constraint AxisLocal="(0; 1; 0)" MaxLimit="15" MinLimit="-15" Type="Hinge">
                          <Motor Type="Spring" Spring="50" Damping="0.5">

                          </Motor>
                      </Constraint>
                </SideMirror>
        </Body>
  </_templates>