  <_templates Include="trucks">
      <Wheel>
          <RearWheel Location="rear" ConnectedToHandbrake="true" Torque="default">

          </RearWheel>
          <FrontWheel ParentFrame="BoneCabin_cdt" SteeringAngle="40" Location="front" SteeringJointOffset="0.23" Torque="connectable" SteeringCastor="0">

          </FrontWheel>
      </Wheel>
      <Body>
            <Sunshield Mass="5" Collisions="None">
                <Constraint Type="Hinge" MaxLimit="5" AxisLocal="(1; 0; 0)" MinLimit="-5">
                    <Motor Spring="10" Damping="0.05" Type="Spring">

                    </Motor>
                </Constraint>
            </Sunshield>
            <Mirror Mass="1" Collisions="None">
                  <Constraint Type="Fixed" LinearLimitsY="(-0.01; 0.01)" LinearLimitsX="(-0.01; 0.01)" LinearLimitsZ="(-0.01; 0.01)">
                      <Motor Spring="1000" Damping="100" Type="Spring">

                      </Motor>
                  </Constraint>
            </Mirror>
      </Body>
      <Flare>
              <Beacon ColorMultAtDay="0.3" SizeMultAtDay="0.5" DirAngle="180" Color="g(169; 99; 0) x 0.8" Size="0.2" AspectRatio="1.4">

              </Beacon>
      </Flare>
  </_templates>
  <Truck>
        <HeadLight Pos="(4; 1; 0)" _template="Default">

        </HeadLight>
        <GameData Recallable="true" ExcludeAddons="trailer_log_pole" UnlockByExploration="true" Price="43600" UnlockByRank="1" Country="US">
              <CustomizationCameras>
                    <CameraPos Name="roof_sticker" InterestPosition="(4.817; 1.467; -0.675)" Position="(7.835; 6.121; -0.306)" Interior="true" FOV="32.0">

                    </CameraPos>
                    <CameraPos Name="sticker_1" InterestPosition="(3.657; 1.22; 2.219)" Position="(5.217; 2.16; -0.195)" Interior="true" FOV="32.0">

                    </CameraPos>
                    <CameraPos MaxYRotation="360" MaxZoom="2" Name="addon_1" InterestPosition="(1.649; 1.299; 0)" Position="(-5.173; 3.381; 3.097)" MaxXRotation="360" FOV="32.0">

                    </CameraPos>
                    <CameraPos MaxYRotation="360" MaxZoom="2" Name="addon_2" InterestPosition="(3.953; 1.465; 0)" Position="(-2.849; 3.507; 4.205)" MaxXRotation="360" FOV="32.0">

                    </CameraPos>
                    <CameraPos Name="mirror_mount" InterestPosition="(6.729; 1.873; 0.931)" Position="(4.657; 2.061; 0.125)" Interior="true" FOV="32.0">

                    </CameraPos>
                    <CameraPos MaxYRotation="360" MaxZoom="2" Name="side_r" InterestPosition="(4.093; 1.271; -0)" Position="(-0.312; 3.02; -4.508)" MaxXRotation="360" FOV="32.0">

                    </CameraPos>
                    <CameraPos Name="sticker" InterestPosition="(6.729; 0.962; 0.551)" Position="(4.985; 2.295; 0.093)" Interior="true" FOV="32.0">

                    </CameraPos>
                    <CameraPos Name="glass_sticker" InterestPosition="(6.271; 1.748; -0.735)" Position="(7.989; 3.28; 0.571)" Interior="true" FOV="32.0">

                    </CameraPos>
                    <CameraPos Name="door_r_sticker" InterestPosition="(6.828; 0.877; 0.354)" Position="(4.057; 1.712; 3.354)" Interior="true" FOV="32.0">

                    </CameraPos>
                    <CameraPos MaxYRotation="360" MaxZoom="2" Name="roof" InterestPosition="(5.126; 1.454; -0)" Position="(10.636; 3.373; -2.89)" MaxXRotation="360" FOV="32.0">

                    </CameraPos>
                    <CameraPos Name="capote_sticker" InterestPosition="(6.593; 0.662; -0.657)" Position="(9.445; 5.72; -0.329)" Interior="true" FOV="32.0">

                    </CameraPos>
                    <CameraPos MaxYRotation="360" MaxZoom="2" Name="hoods" InterestPosition="(5.818; 1.419; 0)" Position="(12.462; 1.324; -3.341)" MaxXRotation="360" FOV="32.0">

                    </CameraPos>
                    <CameraPos Name="sticker_2" InterestPosition="(6.729; 0.484; 1.968)" Position="(5.103; 2.036; -0.009)" Interior="true" FOV="32.0">

                    </CameraPos>
                    <CameraPos MaxYRotation="360" MaxZoom="2" Name="side_l" InterestPosition="(5.863; 1.485; 0)" Position="(8.887; 3.347; 4.56)" MaxXRotation="360" FOV="32.0">

                    </CameraPos>
                    <CameraPos Name="bubble_head" InterestPosition="(6.729; 1.207; 0.931)" Position="(5.008; 2.08; 0.091)" Interior="true" FOV="32.0">

                    </CameraPos>
                    <CameraPos MaxYRotation="360" MaxZoom="2" Name="wheels" InterestPosition="(4.732; 1.133; -0)" Position="(-1.928; 1.987; -5.171)" MaxXRotation="360" FOV="32.0">

                    </CameraPos>
                    <CameraPos MaxYRotation="360" MaxZoom="2" Name="default" InterestPosition="(5.818; 1.419; 0)" Position="(12.462; 1.324; -3.341)" MaxXRotation="360" FOV="32.0">

                    </CameraPos>
                    <CameraPos MaxYRotation="360" MaxZoom="2" Name="rear" InterestPosition="(3.417; 0.52; 0)" Position="(2.172; 2.662; -3.629)" MaxXRotation="360" FOV="32.0">

                    </CameraPos>
                    <CameraPos Name="door_l_sticker" InterestPosition="(4.842; 1.033; -0.302)" Position="(4.211; 1.714; -3.375)" Interior="true" FOV="32.0">

                    </CameraPos>
                    <CameraPos Name="hood_ornament" InterestPosition="(7.506; 1.658; -1.037)" Position="(8.8; 2.034; -0.771)" Interior="true" FOV="32.0">

                    </CameraPos>
              </CustomizationCameras>
              <UiDesc UiName="UI_VEHICLE_FORD_F750_NAME" UiDesc="UI_VEHICLE_FORD_F750_DESC" UiIconLogo="FordLogoAlt80" UiIcon40x40="scoutVehicleImg" UiIcon30x30="scoutVehicleImg30" UiIcon328x458="shopImgFord750">

              </UiDesc>
                    <AddonSockets>
                      <Socket Offset="(-3.89; 0.776; 0)" Names="Trailer">

                      </Socket>
                    </AddonSockets>
                    <AddonSockets DefaultAddon="ford_f750_bumper_default">
                      <Socket Names="FordF750Bumper" ParentFrame="BoneCabin_cdt">

                      </Socket>
                    </AddonSockets>
                    <AddonSockets DefaultAddon="ford_f750_exhaust_default">
                        <Socket Names="FordF750ExhaustDefault" ParentFrame="BoneCabin_cdt">

                        </Socket>
                        <Socket NamesBlock="MinicraneLoadstar" Names="FordF750Exhaust" ParentFrame="BoneCabin_cdt">

                        </Socket>
                    </AddonSockets>
                    <AddonSockets DefaultAddon="ford_f750_gabarite_default">
                      <Socket Names="FordF750Gabarite" ParentFrame="BoneCabin_cdt">

                      </Socket>
                    </AddonSockets>
                    <AddonSockets>
                        <Socket Names="FordF750Trunk">

                        </Socket>
                        <Socket Offset="(-0.23; 0.91; 0)" Names="MinicraneLoadstar">

                        </Socket>
                    </AddonSockets>
                    <AddonSockets>
                      <Socket NamesBlock="FordF750Spotlight, FordF750Beacon, FordF750Beacon2" Names="FordF750Rooftrunk" ParentFrame="BoneCabin_cdt">

                      </Socket>
                    </AddonSockets>
                    <AddonSockets>
                        <Socket Names="FordF750Pickup">

                        </Socket>
                        <Socket Names="FordF750PickupRooftrunk" NamesBlock="MinicraneLoadstar">

                        </Socket>
                        <Socket Offset="(-2; 0.911; 0)" Names="FrameAddonFlatbed1">
                            <AddonsShift Offset="(-0.3; 0; 0)" Types="FordF750Trunk">

                            </AddonsShift>
                            <AddonsShift Offset="(-0.35; 0; 0)" Types="MinicraneLoadstar">

                            </AddonsShift>
                        </Socket>
                    </AddonSockets>
                    <AddonSockets DefaultAddon="ford_f750_transferbox_default">
                      <Socket Names="FordF750TransferBox" ParentFrame="BoneChassis_cdt">
                            <ExtraParent Frame="BoneCabin_cdt">

                            </ExtraParent>
                            <ExtraParent Frame="BoneAxle1">

                            </ExtraParent>
                            <ExtraParent Frame="BoneRack">

                            </ExtraParent>
                            <ExtraParent Frame="BoneRackL">

                            </ExtraParent>
                            <ExtraParent Frame="BoneRackR">

                            </ExtraParent>
                      </Socket>
                    </AddonSockets>
                    <AddonSockets>
                      <Socket Names="FordF750Snorkel" ParentFrame="BoneCabin_cdt">

                      </Socket>
                    </AddonSockets>
                    <AddonSockets>
                      <Socket Names="FordF750Spotlight" ParentFrame="BoneCabin_cdt">

                      </Socket>
                    </AddonSockets>
                    <AddonSockets>
                        <Socket Names="FordF750Beacon" ParentFrame="BoneCabin_cdt">

                        </Socket>
                        <Socket NamesBlock="FordF750Horn1" Names="FordF750Beacon2" ParentFrame="BoneCabin_cdt">

                        </Socket>
                    </AddonSockets>
                    <AddonSockets>
                      <Socket Names="FordF750Visor" ParentFrame="BoneCabin_cdt">

                      </Socket>
                    </AddonSockets>
                    <AddonSockets>
                        <Socket NamesBlock="FordF750Rooftrunk" Names="FordF750Horn1" ParentFrame="BoneCabin_cdt">

                        </Socket>
                        <Socket Names="FordF750Horn2" ParentFrame="BoneCabin_cdt">

                        </Socket>
                    </AddonSockets>
                    <AddonSockets>
                      <Socket ParentFrame="BoneCabin_cdt" Names="FordF750Sticker_1x1_01" InCockpit="true">

                      </Socket>
                    </AddonSockets>
                    <AddonSockets>
                      <Socket ParentFrame="BoneCabin_cdt" Names="FordF750Sticker_1x1_02" InCockpit="true">

                      </Socket>
                    </AddonSockets>
                    <AddonSockets>
                      <Socket ParentFrame="BoneCabin_cdt" Names="FordF750Sticker_1x1_03" InCockpit="true">

                      </Socket>
                    </AddonSockets>
                    <AddonSockets>
                      <Socket ParentFrame="BoneCabin_cdt" Names="FordF750Sticker_1x2_01" InCockpit="true">

                      </Socket>
                    </AddonSockets>
                    <AddonSockets>
                      <Socket ParentFrame="BoneCabin_cdt" Names="FordF750Sticker_1x2_02" InCockpit="true">

                      </Socket>
                    </AddonSockets>
                    <AddonSockets>
                      <Socket ParentFrame="BoneCabin_cdt" Names="FordF750Sticker_1x4_01" InCockpit="true">

                      </Socket>
                    </AddonSockets>
                    <AddonSockets>
                      <Socket ParentFrame="BoneCabin_cdt" Offset="(2.192; 2.14; 0)" Names="StuffAirfreshener" InCockpit="true">

                      </Socket>
                    </AddonSockets>
                    <AddonSockets>
                      <Socket ParentFrame="BoneCabin_cdt" Offset="(2.225; 1.764; -0)" Names="StuffDashboard" InCockpit="true">

                      </Socket>
                    </AddonSockets>
                    <AddonSockets>
                      <Socket ParentFrame="BoneCabin_cdt" Names="FordF750Sticker_GlassTop" InCockpit="true">

                      </Socket>
                    </AddonSockets>
                    <AddonSockets>
                      <Socket ParentFrame="BoneCabin_cdt" Names="FordF750Sticker_Capote" InCockpit="true">

                      </Socket>
                    </AddonSockets>
                    <AddonSockets>
                      <Socket Names="FordF750Sticker_Roof" ParentFrame="BoneCabin_cdt">

                      </Socket>
                    </AddonSockets>
                    <AddonSockets>
                      <Socket Names="FordF750Sticker_Door_R" ParentFrame="BoneCabin_cdt">

                      </Socket>
                    </AddonSockets>
                    <AddonSockets>
                      <Socket ParentFrame="BoneCabin_cdt" Names="FordF750Sticker_Door_L" InCockpit="true">

                      </Socket>
                    </AddonSockets>
                    <AddonSockets>
                      <Socket ParentFrame="BoneCabin_cdt" Names="StuffHoodFordF750" InCockpit="true">

                      </Socket>
                    </AddonSockets>
                      <CraneSocket Pos="(3.865; 0.781; -0.454)">

                      </CraneSocket>
                      <CraneSocket Pos="(3.865; 0.781; 0.454)">

                      </CraneSocket>
                      <CraneSocket Pos="(1; 2.25; 0)">

                      </CraneSocket>
                      <CraneSocket Pos="(-0.104; 0.795; -0.46)">

                      </CraneSocket>
                      <CraneSocket Pos="(-0.104; 0.795; 0.46)">

                      </CraneSocket>
                      <CraneSocket Pos="(-3.879; 0.761; 0)">

                      </CraneSocket>
                        <WinchSocket Pos="(3.865; 0.781; -0.454)">

                        </WinchSocket>
                        <WinchSocket Pos="(3.865; 0.781; 0.454)">

                        </WinchSocket>
                        <WinchSocket Pos="(-0.104; 0.795; -0.46)">

                        </WinchSocket>
                        <WinchSocket Pos="(-0.104; 0.795; 0.46)">

                        </WinchSocket>
                        <WinchSocket Pos="(-3.879; 0.761; 0)">

                        </WinchSocket>
        </GameData>
        <PhysicsModel Mesh="trucks/ford_f750">
                <Body CenterOfMassOffset="(-1.7; 0; 0)" NetSync="pv" Mass="3000" ImpactType="Truck">
                    <Body NetSync="pv" CenterOfMassOffset="(1; -0.8; 0)" ModelFrame="BoneCabin_cdt" Mass="3500" ImpactType="Truck">
                        <Constraint Type="Hinge" MaxLimit="5" AxisLocal="(1; 0; 0)" MinLimit="-5" PivotOffset="(0; 0; 0)">
                            <Motor Spring="400000" Damping="20000" Type="Spring">

                            </Motor>
                        </Constraint>
                            <Body ModelFrame="BoneTieRod_cdt" _template="TieRod">
                              <Constraint MaxLimit="30" AxisLocal="(0; 0; 1)" MinLimit="-30" Name="TieRodSteer">

                              </Constraint>
                            </Body>
                            <Body ModelFrame="BoneSunshieldRight_cdt" _template="Sunshield">

                            </Body>
                            <Body ModelFrame="BoneSunshieldLeft_cdt" _template="Sunshield">

                            </Body>
                            <Body ModelFrame="BoneMirrorRight_cdt" _template="Mirror">

                            </Body>
                            <Body ModelFrame="BoneMirrorLeft_cdt" _template="Mirror">

                            </Body>
                            <Body Mass="0.2" ModelFrame="BoneKeyFob_cdt">
                              <Constraint Type="Hinge" MaxLimit="50" AxisLocal="(1; 0; 0)" MinLimit="-50">
                                  <Motor Spring="0.001" Damping="0.001" Type="Spring">

                                  </Motor>
                              </Constraint>
                            </Body>
                            <Body ModelFrame="BoneBelt_cdt" Mass="1" ImpactType="Truck" Collisions="None">
                              <Constraint Type="Hinge" MaxLimit="20" AxisLocal="(0; 1; 0)" MinLimit="-30">
                                  <Motor Spring="1" Damping="10" Type="Spring">

                                  </Motor>
                              </Constraint>
                            </Body>
                            <Body ModelFrame="BoneBeltBack_cdt" Mass="1" ImpactType="Truck" Collisions="None">
                              <Constraint Type="Hinge" MaxLimit="10" AxisLocal="(0; 1; 0)" MinLimit="-20">
                                  <Motor Spring="0.5" Damping="5" Type="Spring">

                                  </Motor>
                              </Constraint>
                            </Body>
                    </Body>
                </Body>
                <NetSync Legacy="false">

                </NetSync>
        </PhysicsModel>
        <ControlledConstraints>
                  <Constraint IsLinkedSteering="true" Id="chassis_steer" Name="TieRodSteer">

                  </Constraint>
        </ControlledConstraints>
        <Snorkel Origin="(3.854; 1.172; 0)">

        </Snorkel>
        <AutomaticIK>
                      <IKBone ParentFrame="BoneTieRod_cdt" ModelFrame="BoneTieRodHinge2">
                          <IKJoint Type="Hinge2" AxisLocal="(1; 0; 0)">

                          </IKJoint>
                          <IKBone AttachToFrame="BoneRackL" AttachOffset="(0; 0; 0)" ModelFrame="BoneTieRodPrismatic">
                                <IKJoint Type="Slider" AxisLocal="(1; 0; 0)">

                                </IKJoint>
                          </IKBone>
                      </IKBone>
        </AutomaticIK>
        <Landmark MaxScale="3.8" Mesh="landmarks/ford_f750_lmk" MinScale="1.8">

        </Landmark>
        <ModelAttachments>
                          <HeadLight>
                                <Flare Pos="(3.871; 1.174; -0.85)" _template="HeadLight" Size="0.4" ParentFrame="BoneCabin_cdt">

                                </Flare>
                                <Flare Pos="(3.871; 1.174; 0.85)" _template="HeadLight" Size="0.4" ParentFrame="BoneCabin_cdt">

                                </Flare>
                                <Flare Pos="(3.871; 1.174; -0.85)" ParentFrame="BoneCabin_cdt" _template="BlueStreak">

                                </Flare>
                                <Flare Pos="(3.871; 1.174; 0.85)" ParentFrame="BoneCabin_cdt" _template="BlueStreak">

                                </Flare>
                                  <Model Org="(3.871; 1.174; -0.85)" ParentFrame="BoneCabin_cdt" _template="HeadLightRay">

                                  </Model>
                                  <Model Org="(3.871; 1.174; 0.85)" ParentFrame="BoneCabin_cdt" _template="HeadLightRay">

                                  </Model>
                          </HeadLight>
                          <StopSignals>
                                <Light Pos="(-3.93; 0.682; 0)" _template="StopSignal">

                                </Light>
                                    <Flare Pos="(-3.774; 0.76; -0.549)" _template="StopSignal">

                                    </Flare>
                                    <Flare Pos="(-3.774; 0.76; 0.549)" _template="StopSignal">

                                    </Flare>
                          </StopSignals>
                          <Ignition>
                                    <Light Pos="(4.3; 1.170; -0.8)" _template="IgnitionSignalWhite" Color="g(255; 205; 145) x 0.8" ParentFrame="BoneCabin_cdt">

                                    </Light>
                                    <Light Pos="(4.3; 1.170; 0.8)" _template="IgnitionSignalWhite" Color="g(255; 205; 145) x 0.8" ParentFrame="BoneCabin_cdt">

                                    </Light>
                                    <Light Pos="(-3.8; 0.65; 0)" _template="IgnitionSignalRed">

                                    </Light>
                                      <Flare Pos="(-3.774; 0.76; -0.549)" Size="0.3" _template="IgnitionSignalRed">

                                      </Flare>
                                      <Flare Pos="(-3.774; 0.76; 0.549)" Size="0.3" _template="IgnitionSignalRed">

                                      </Flare>
                                      <Flare Pos="(3.769; 1.536; -1.053)" _template="Beacon" Color="g(169; 115; 0) x 0.5" ParentFrame="BoneCabin_cdt">

                                      </Flare>
                                      <Flare Pos="(3.769; 1.536; 1.053)" _template="Beacon" Color="g(169; 115; 0) x 0.5" ParentFrame="BoneCabin_cdt">

                                      </Flare>
                                      <Flare Pos="(3.759; 1.536; -1.053)" _template="IgnitionSignalOrange" Size="0.4" ParentFrame="BoneCabin_cdt">

                                      </Flare>
                                      <Flare Pos="(3.759; 1.536; 1.053)" _template="IgnitionSignalOrange" Size="0.4" ParentFrame="BoneCabin_cdt">

                                      </Flare>
                                      <Flare Pos="(3.659; 1.195; -1.171)" _template="IgnitionSignalOrange" Size="0.2" ParentFrame="BoneCabin_cdt">

                                      </Flare>
                                      <Flare Pos="(3.659; 1.195; 1.171)" _template="IgnitionSignalOrange" Size="0.2" ParentFrame="BoneCabin_cdt">

                                      </Flare>
                                      <Flare Pos="(3.85; 1.176; -0.846)" _template="IgnitionSignalWhite" Color="g(235; 210; 190) x 0.6" Size="0.4" ParentFrame="BoneCabin_cdt">

                                      </Flare>
                                      <Flare Pos="(3.85; 1.176; 0.846)" _template="IgnitionSignalWhite" Color="g(235; 210; 190) x 0.6" Size="0.4" ParentFrame="BoneCabin_cdt">

                                      </Flare>
                          </Ignition>
                          <ReverseSignals>
                                    <Light Pos="(-3.93; 0.682; 0)" _template="ReverseSignal">

                                    </Light>
                                        <Flare Pos="(-3.774; 0.815; -0.549)" Size="0.25" _template="ReverseSignal">

                                        </Flare>
                                        <Flare Pos="(-3.774; 0.815; 0.549)" Size="0.25" _template="ReverseSignal">

                                        </Flare>
                                        <Flare Pos="(-3.774; 0.815; -0.549)" Dir="(-1; 0; 0)" _template="BlueStreak" Color="g(220; 220; 255) x 0.05" Size="0.4">

                                        </Flare>
                                        <Flare Pos="(-3.774; 0.815; 0.549)" Dir="(-1; 0; 0)" _template="BlueStreak" Color="g(220; 220; 255) x 0.05" Size="0.4">

                                        </Flare>
                          </ReverseSignals>
        </ModelAttachments>
        <TruckData SteerSpeed="0.03" EngineStartDelay="1.7" EngineIconMesh="env/engine_default" TruckType="SCOUT" Responsiveness="0.6" BackSteerSpeed="0.06" TruckImage="ford750mchr" FuelCapacity="140" DiffLockType="Always" ExhaustStartTime="1.6" EngineIconScale="1">
                            <Driver Pos="(1.585; 1.342; 0.457)" SteeringWheelPos="(1.967; 1.67; 0.45)">

                            </Driver>
                            <SoundsDamage _template="Heavy">

                            </SoundsDamage>
                            <OcclusionMap MinX="-4.5" Texture="trucks/occlusion/chassis_small__s_d_a.tga" HalfSizeZ="2" MaxX="4.5">

                            </OcclusionMap>
                            <FuelTank DamageCapacity="50">

                            </FuelTank>
                                      <CompatibleWheels Type="wheels_ford_f750" Scale="0.47">

                                      </CompatibleWheels>
                                      <CompatibleWheels Type="wheels_ford_f750" Scale="0.52">

                                      </CompatibleWheels>
                                      <CompatibleWheels Type="wheels_ford_f750" Scale="0.57">

                                      </CompatibleWheels>
                            <EngineSocket Type="e_us_scout_old, e_us_scout_old_f750" Default="us_scout_old_engine_0">

                            </EngineSocket>
                            <SuspensionSocket Type="s_ford_f750" MaxWheelRadiusWithoutSuspension="0.32" Default="ford_f750_suspension_default">

                            </SuspensionSocket>
                            <Dashboard>
                                                <Gauge InputRange="(0;1)" Dir="(-0.997; 0.076; 0)" InputType="engineEnabled" Org="(2.345; 1.567; 0.617)" Damping="0.99" Mesh="trucks/arrows/ford_f750_arrow_01" OutputAngles="(-130; -10)">

                                                </Gauge>
                                                <Gauge InputRange="(0;120)" Dir="(-0.997; 0.076; 0)" InputType="speed" Org="(2.345; 1.567; 0.431)" Damping="0.99" Mesh="trucks/arrows/ford_f750_arrow_01" OutputAngles="(-135; 135)">

                                                </Gauge>
                                                <Gauge InputRange="(0;1)" Dir="(-0.997; 0.076; 0)" InputType="rpm" Org="(2.345; 1.567; 0.246)" Damping="0.99" Mesh="trucks/arrows/ford_f750_arrow_01" OutputAngles="(-135; 135)">

                                                </Gauge>
                                                <Gauge InputRange="(0;1)" Dir="(-0.997; 0.074; 0)" InputType="fuel" Org="(2.351; 1.593; 0.52)" Damping="0.99" Mesh="trucks/arrows/ford_f750_arrow_02" OutputAngles="(-32; 32)">

                                                </Gauge>
                                                <Gauge InputRange="(0;1)" Dir="(-0.997; 0.074; 0)" InputType="engineEnabled" Org="(2.347; 1.53; 0.52)" Damping="0.99" Mesh="trucks/arrows/ford_f750_arrow_02" OutputAngles="(-34; -10)">

                                                </Gauge>
                                                <Gauge InputRange="(0;1)" Dir="(-0.997; 0.074; 0)" InputType="engineEnabled" Org="(2.352; 1.593; 0.343)" Damping="0.99" Mesh="trucks/arrows/ford_f750_arrow_02" OutputAngles="(-32; -10)">

                                                </Gauge>
                                                <Gauge InputRange="(0;1)" Dir="(-0.997; 0.074; 0)" InputType="engineEnabled" Org="(2.347; 1.53; 0.343)" Damping="0.99" Mesh="trucks/arrows/ford_f750_arrow_02" OutputAngles="(-32; -5)">

                                                </Gauge>
                            </Dashboard>
                            <Axles>
                                                  <Axle Frame="BoneAxle1">

                                                  </Axle>
                                                  <Axle Frame="BoneAxle2">

                                                  </Axle>
                            </Axles>
                            <Camera Center="(-1; 0; 0)" RadiusMultiplier="0.8">
                                                  <Cockpit WindshieldDiffuseTexture="trucks/ford_f750_glass__d_a.tga" _template="Default" WindshieldShadingTexture="trucks/ford_f750_glass__sh_d.tga" ViewPos="(1.585; 1.98; 0.457)">
                                                        <Mirror FOVScale="1.5" ClipDir="(-0.899; 0; -0.438)" MeshFrame="mirror_left" Pos="(2.026; 2.029; 1.094)" ReflectionDir="(-0.899; 0; -0.438)" Size="(0.15; 0.22)" ClipOffset="0.05">

                                                        </Mirror>
                                                        <Mirror FOVScale="1.5" ClipDir="(-0.777; 0; 0.629)" MeshFrame="mirror_right" Pos="(2.029; 2.029; -1.089)" ReflectionDir="(-0.777; 0; 0.629)" Size="(0.15; 0.22)" ClipOffset="0.05">

                                                        </Mirror>
                                                  </Cockpit>
                            </Camera>
                            <Sounds _template="Default" MinDist="8.0" Origin="(3; 1.205; 0)" DisableReversePitch="false">
                                                    <Reverse Sound="trucks/ford_f750/ford_f750_reverse">

                                                    </Reverse>
                                                    <EngineHeavy_2d IsSound2D="true" Sound="">

                                                    </EngineHeavy_2d>
                                                    <EngineLow Sound="trucks/ford_f750/ford_f750_low">

                                                    </EngineLow>
                                                    <EngineHigh Sound="trucks/ford_f750/ford_f750_high">

                                                    </EngineHigh>
                                                    <HandbrakeOff Sound="trucks/ford_f750/ford_f750_handbrake_off">

                                                    </HandbrakeOff>
                                                    <Gear Sound="trucks/common/truck_gear_shift_heavy_rnd_set/truck_gear_shift_heavy_rnd">

                                                    </Gear>
                                                    <ChassisStress Sound="trucks/common/truck_stress_rnd_set/truck_stress_rnd">

                                                    </ChassisStress>
                                                    <AbruptStop Sound="trucks/common/truck_swing_big_old_rnd_set/truck_swing_big_old_rnd">

                                                    </AbruptStop>
                                                    <EngineRev Sound="trucks/ford_f750/ford_f750_rev">

                                                    </EngineRev>
                                                    <EngineHeavy Sound="">

                                                    </EngineHeavy>
                                                    <EngineLow_2d IsSound2D="true" Sound="trucks/ford_f750/ford_f750_low_2d">

                                                    </EngineLow_2d>
                                                    <EngineHigh_2d IsSound2D="true" Sound="trucks/ford_f750/ford_f750_high_2d">

                                                    </EngineHigh_2d>
                                                    <EngineIdle Sound="trucks/ford_f750/ford_f750_idle">

                                                    </EngineIdle>
                                                    <EngineIdle_2d IsSound2D="true" Sound="trucks/ford_f750/ford_f750_idle_2d">

                                                    </EngineIdle_2d>
                                                    <EngineStart Sound="trucks/ford_f750/ford_f750_start">

                                                    </EngineStart>
                                                    <Handbrake Sound="trucks/ford_f750/ford_f750_handbrake_on">

                                                    </Handbrake>
                                                    <BrakesSqueal Sound="trucks/ford_f750/ford_f750_brakes_squeal">

                                                    </BrakesSqueal>
                                                    <GearFail Sound="trucks/ford_f750/ford_f750_gear_wrong">

                                                    </GearFail>
                                                    <EngineAccel Sound="trucks/ford_f750/ford_f750_acc">

                                                    </EngineAccel>
                                                    <EngineStop Sound="trucks/ford_f750/ford_f750_stop">

                                                    </EngineStop>
                                                    <BrakeRelease Sound="trucks/ford_f750/ford_f750_brake_release">

                                                    </BrakeRelease>
                                                    <Honk Sound="trucks/ford_f750/ford_f750_honk">

                                                    </Honk>
                            </Sounds>
                            <GearboxSocket Type="gearboxes_scouts_f750" Default="g_scout_f750">

                            </GearboxSocket>
                            <Steam Scale="0.5" Origin="(3; 1.1; 0)" ParentFrame="BoneChassis_cdt">

                            </Steam>
                            <Wheels DefaultWheelType="wheels_ford_f750" DefaultTire="highway_ford_f750" DefaultRim="rim_1">
                                                            <Wheel Pos="(3.044; 0.48; 1.023)" _template="FrontWheel">

                                                            </Wheel>
                                                            <Wheel RightSide="true" Pos="(3.044; 0.48; 1.023)" _template="FrontWheel">

                                                            </Wheel>
                                                            <Wheel Pos="(-1.881; 0.48; 0.98)" _template="RearWheel">

                                                            </Wheel>
                                                            <Wheel RightSide="true" Pos="(-1.881; 0.48; 0.98)" _template="RearWheel">

                                                            </Wheel>
                            </Wheels>
                            <WinchUpgradeSocket Type="winches_scouts" Default="w_scout_default" IsUpgradable="true">

                            </WinchUpgradeSocket>
                            <SteeringRack Frame="BoneRack" RackHalfSizeZ="0.823" FrameSteerLeft="BoneRackL" FrameSteerRight="BoneRackR">

                            </SteeringRack>
                            <SteeringWheel Frame="BoneSteering">

                            </SteeringWheel>
                            <SoundsWheels _template="Default">

                            </SoundsWheels>
                            <Damage>
                                                                      <DamageArea Min="(2.4; 0.7; -1)" ParentFrame="BoneCabin_cdt" Max="(3.9; 1.7; 1)" Type="Engine">

                                                                      </DamageArea>
                                                                      <DamageArea Min="(0.43; 0.35; 1.12)" ParentFrame="BoneChassis_cdt" Max="(2.29; 0.765; -1.12)" Type="FuelTank">

                                                                      </DamageArea>
                            </Damage>
                                                                    <LimitedFluid SizeX="0.904" Center="(0.899; 0.555; -0.809)" Type="Box" SizeZ="0.573" SizeY="0.388">

                                                                    </LimitedFluid>
                                                                    <LimitedFluid SizeX="0.904" Center="(1.823; 0.555; -0.809)" Type="Box" SizeZ="0.573" SizeY="0.388">

                                                                    </LimitedFluid>
        </TruckData>
  </Truck>