  <_templates Include="trucks">
      <Socket>
          <Cabin2Chassis Offset="(0; 0; 0)" ParentFrame="BoneCabin_cdt">
              <ExtraParent Frame="BoneChassis_cdt">

              </ExtraParent>
          </Cabin2Chassis>
      </Socket>
      <Wheel>
            <RearWheel Location="rear" ConnectedToHandbrake="true" Torque="default">

            </RearWheel>
            <FrontWheel ParentFrame="BoneCabin_cdt" SteeringAngle="25" Location="front" SteeringJointOffset="0.2" Torque="full" SteeringCastor="3">

            </FrontWheel>
      </Wheel>
      <Flare>
              <IgnitionSignalOrange ColorMultAtDay="0.6" Dir="(0; 1; 0)" DirAngle="135" Color="g(255; 140; 0) x 0.3" Size="0.1" AspectRatio="1.4">

              </IgnitionSignalOrange>
      </Flare>
      <Body>
                <SideMirror Mass="5" Collisions="None">
                    <Constraint Type="Hinge" MaxLimit="5" AxisLocal="(0; 1; 0)" MinLimit="-5">
                        <Motor Spring="15" Damping=".1" Type="Spring">

                        </Motor>
                    </Constraint>
                </SideMirror>
                <Mudguard Mass="10" Collisions="None">
                      <Constraint Type="Hinge">
                          <Motor Spring="10" Damping="1" Type="Spring">

                          </Motor>
                      </Constraint>
                </Mudguard>
      </Body>
  </_templates>
  <Truck>
        <HeadLight Pos="(2.865; 1.326; 0)" ParentFrame="BoneCabin_cdt" _template="Default">

        </HeadLight>
        <GameData UnlockByExploration="true" Price="54400" UnlockByRank="1" Country="RU,CAS">
              <CustomizationCameras>
                    <CameraPos Name="roof_sticker" InterestPosition="(5.879; 1.467; -0.638)" Position="(8.636; 5.797; -0.306)" Interior="true" FOV="32.0">

                    </CameraPos>
                    <CameraPos Name="sticker_1" InterestPosition="(8.01; 3.351; 0.975)" Position="(6.081; 2.145; -0.794)" Interior="true" FOV="32.0">

                    </CameraPos>
                    <CameraPos MaxYRotation="360" MaxZoom="2" Name="addon_1" InterestPosition="(3.436; 1.838; 0)" Position="(-2.759; 2.94; 3.11)" MaxXRotation="360" FOV="32.0">

                    </CameraPos>
                    <CameraPos MaxYRotation="360" MaxZoom="2" Name="addon_2" InterestPosition="(6.234; 1.465; 0)" Position="(1.204; 3.735; 2.785)" MaxXRotation="360" FOV="32.0">

                    </CameraPos>
                    <CameraPos Name="mirror_mount" InterestPosition="(8.01; 2.428; 1.109)" Position="(5.895; 2.293; -0.603)" Interior="true" FOV="32.0">

                    </CameraPos>
                    <CameraPos MaxYRotation="360" MaxZoom="2" Name="side_r" InterestPosition="(4.093; 1.271; -0)" Position="(-0.312; 3.02; -4.508)" MaxXRotation="360" FOV="32.0">

                    </CameraPos>
                    <CameraPos Name="sticker" InterestPosition="(8.45; 0.642; 1.673)" Position="(6.23; 2.397; -0.334)" Interior="true" FOV="32.0">

                    </CameraPos>
                    <CameraPos Name="door_r_sticker" InterestPosition="(7.982; 1.255; 0.354)" Position="(5.345; 2.104; 3.354)" Interior="true" FOV="32.0">

                    </CameraPos>
                    <CameraPos MaxYRotation="360" MaxZoom="2" Name="roof" InterestPosition="(6.176; 1.62; -0)" Position="(10.826; 3.373; -2.593)" MaxXRotation="360" FOV="32.0">

                    </CameraPos>
                    <CameraPos Name="glass_sticker" InterestPosition="(6.271; 2.115; -0.972)" Position="(10.281; 3.05; 0.875)" Interior="true" FOV="32.0">

                    </CameraPos>
                    <CameraPos MaxYRotation="360" MaxZoom="2" Name="hoods" InterestPosition="(6.274; 1.419; 0)" Position="(12.254; 1.461; -3.025)" MaxXRotation="360" FOV="32.0">

                    </CameraPos>
                    <CameraPos Name="sticker_2" InterestPosition="(6.964; 2.902; 1.545)" Position="(6.143; 2.253; 0.166)" Interior="true" FOV="32.0">

                    </CameraPos>
                    <CameraPos MaxYRotation="360" MaxZoom="2" Name="side_l" InterestPosition="(6.825; 1.485; 0)" Position="(9.239; 3.248; 3.775)" MaxXRotation="360" FOV="32.0">

                    </CameraPos>
                    <CameraPos Name="bubble_head" InterestPosition="(7.185; 1.33; 1.478)" Position="(5.91; 2.229; -0.368)" Interior="true" FOV="32.0">

                    </CameraPos>
                    <CameraPos MaxYRotation="360" MaxZoom="2" Name="wheels" InterestPosition="(5.685; 0.438; 0)" Position="(8.355; 1.498; -3.847)" MaxXRotation="360" FOV="32.0">

                    </CameraPos>
                    <CameraPos MaxYRotation="360" MaxZoom="2" Name="default" InterestPosition="(6.274; 1.419; 0)" Position="(12.254; 1.461; -3.025)" MaxXRotation="360" FOV="32.0">

                    </CameraPos>
                    <CameraPos MaxYRotation="360" MaxZoom="2" Name="rear" InterestPosition="(3.965; 0.811; 0)" Position="(-0.509; 2.582; 2.683)" MaxXRotation="360" FOV="32.0">

                    </CameraPos>
                    <CameraPos Name="door_l_sticker" InterestPosition="(6.042; 1.41; -0.302)" Position="(5.411; 2.092; -3.375)" Interior="true" FOV="32.0">

                    </CameraPos>
                    <CameraPos Name="hood_ornament" InterestPosition="(7.506; 1.929; -1.231)" Position="(8.557; 2.245; -1.231)" Interior="true" FOV="32.0">

                    </CameraPos>
              </CustomizationCameras>
              <UiDesc UiName="UI_VEHICLE_TUZ_16_ACTAEON_NAME" UiDesc="UI_VEHICLE_TUZ_16_ACTAEON_DESC" UiIconLogo="TUZLogo80" UiIcon40x40="offroadVehicleImg" UiIcon30x30="offroadVehicleImg30" UiIcon328x458="shopImgActeon">

              </UiDesc>
                    <AddonSockets>
                        <Socket Offset="(-4.921; 1.145; 0)" Names="BunkLog">

                        </Socket>
                        <Socket Offset="(-1.6; 1.141; 0)" Names="FrameAddonSideboard1">
                          <AddonsShift Offset="(-0.5; 0; 0)" Types="MinicraneRU">

                          </AddonsShift>
                        </Socket>
                        <Socket Offset="(-1.063; 1.141; 0)" Names="FrameAddonTankSmall" NamesBlock="tuz_16_actaeonWheelAddon">

                        </Socket>
                        <Socket Offset="(-1.3; 1.141; 0)" Names="FrameAddonMaintainerSmall">

                        </Socket>
                    </AddonSockets>
                    <AddonSockets>
                      <Socket Offset="(-3.128; 1.045; 0)" Names="Trailer">

                      </Socket>
                    </AddonSockets>
                    <AddonSockets>
                      <Socket Offset="(-0.1; 1.141; 0)" Names="MinicraneRU" NamesBlock="BunkLog, FrameAddonMaintainerSmall, FrameAddonTankSmall">
                            <ExtraParent Offset="(0; 0; -0.02)" Frame="BoneChassis_cdt">

                            </ExtraParent>
                            <ExtraParent Offset="(0; 0; 0.02)" Frame="BoneChassis_cdt">

                            </ExtraParent>
                      </Socket>
                    </AddonSockets>
                    <AddonSockets DefaultAddon="tuz_16_actaeon_bumper_default">
                      <Socket Offset="(0; 0; 0)" Names="tuz_16_actaeonBumper" _template="Cabin2Chassis">

                      </Socket>
                    </AddonSockets>
                    <AddonSockets DefaultAddon="tuz_16_actaeon_wheel_addon_1">
                      <Socket Offset="(0; 0; 0)" Names="tuz_16_actaeonWheelAddon" ParentFrame="BoneCabin_cdt">

                      </Socket>
                    </AddonSockets>
                    <AddonSockets>
                      <Socket Offset="(0; 0; 0)" Names="tuz_16_actaeonFender">

                      </Socket>
                    </AddonSockets>
                    <AddonSockets>
                      <Socket Offset="(0; 0; 0)" Names="tuz_16_actaeonSnorkel" _template="Cabin2Chassis">

                      </Socket>
                    </AddonSockets>
                    <AddonSockets>
                      <Socket Offset="(0; 0; 0)" Names="tuz_16_actaeonGabarite" _template="Cabin2Chassis">

                      </Socket>
                    </AddonSockets>
                    <AddonSockets>
                      <Socket Offset="(0; 0; 0)" Names="tuz_16_actaeonBeacon" _template="Cabin2Chassis">

                      </Socket>
                    </AddonSockets>
                    <AddonSockets>
                      <Socket Offset="(0; 0; 0)" Names="tuz_16_actaeonHorn" _template="Cabin2Chassis">

                      </Socket>
                    </AddonSockets>
                    <AddonSockets>
                      <Socket Offset="(0; 0; 0)" Names="tuz_16_actaeonRooftopTrunk" _template="Cabin2Chassis">

                      </Socket>
                    </AddonSockets>
                    <AddonSockets DefaultAddon="tuz_16_actaeon_diff_lock_default">
                      <Socket Offset="(0; 0; 0)" Names="Tuz16ActaeonDiffLock" ParentFrame="BoneChassis_cdt">

                      </Socket>
                    </AddonSockets>
                    <AddonSockets>
                      <Socket _template="Cabin2Chassis" Offset="(0; 0; 0)" Names="tuz_16_actaeonSticker_1x1_01" InCockpit="true">

                      </Socket>
                    </AddonSockets>
                    <AddonSockets>
                      <Socket _template="Cabin2Chassis" Offset="(0; 0; 0)" Names="tuz_16_actaeonSticker_1x1_02" InCockpit="true">

                      </Socket>
                    </AddonSockets>
                    <AddonSockets>
                      <Socket ParentFrame="BoneSunshieldLeft_cdt" Offset="(0; 0; 0)" Names="tuz_16_actaeonSticker_1x1_03" InCockpit="true">
                          <ExtraParent Frame="BoneChassis_cdt">

                          </ExtraParent>
                      </Socket>
                    </AddonSockets>
                    <AddonSockets>
                      <Socket _template="Cabin2Chassis" Offset="(0; 0; 0)" Names="tuz_16_actaeonSticker_1x2_01" InCockpit="true">

                      </Socket>
                    </AddonSockets>
                    <AddonSockets>
                      <Socket ParentFrame="BoneSunshieldLeft_cdt" Offset="(0; 0; 0)" Names="tuz_16_actaeonSticker_1x2_02" InCockpit="true">
                          <ExtraParent Frame="BoneChassis_cdt">

                          </ExtraParent>
                      </Socket>
                    </AddonSockets>
                    <AddonSockets>
                      <Socket ParentFrame="BoneSunshieldRight_cdt" Offset="(0; 0; 0)" Names="tuz_16_actaeonSticker_1x4_01" InCockpit="true">
                          <ExtraParent Frame="BoneChassis_cdt">

                          </ExtraParent>
                      </Socket>
                    </AddonSockets>
                    <AddonSockets>
                      <Socket _template="Cabin2Chassis" Offset="(1.748; 2.499; 0.273)" Names="StuffAirfreshener" InCockpit="true">

                      </Socket>
                    </AddonSockets>
                    <AddonSockets>
                      <Socket _template="Cabin2Chassis" Offset="(0; 0; 0)" Names="tuz16ActaeonSticker_GlassTop" InCockpit="true">

                      </Socket>
                    </AddonSockets>
                    <AddonSockets>
                      <Socket _template="Cabin2Chassis" Offset="(0; 0; 0)" Names="tuz16ActaeonSticker_GlassBottom" InCockpit="true">

                      </Socket>
                    </AddonSockets>
                    <AddonSockets>
                      <Socket Offset="(0; 0; 0)" Names="tuz16ActaeonSticker_Door_R" _template="Cabin2Chassis">

                      </Socket>
                    </AddonSockets>
                    <AddonSockets>
                      <Socket Offset="(0; 0; 0)" Names="tuz16ActaeonSticker_Door_L" _template="Cabin2Chassis">

                      </Socket>
                    </AddonSockets>
                    <AddonSockets>
                      <Socket Offset="(0; 0; 0)" Names="tuz16ActaeonSticker_Roof" _template="Cabin2Chassis">

                      </Socket>
                    </AddonSockets>
                    <AddonSockets>
                      <Socket ParentFrame="BoneCabin_cdt" Offset="(1.47; 1.89; -0)" Names="StuffDashboard" InCockpit="true">
                            <ExtraParent Frame="BoneChassis_cdt">

                            </ExtraParent>
                            <ExtraParent Frame="BoneCabin_cdt">

                            </ExtraParent>
                            <ExtraParent Frame="BoneCabin_cdt">

                            </ExtraParent>
                      </Socket>
                    </AddonSockets>
                    <AddonSockets>
                      <Socket Names="StuffHoodTuz16Actaeon" _template="Cabin2Chassis">

                      </Socket>
                    </AddonSockets>
                      <CraneSocket Pos="(2.619; 1.24; -0.41)" ParentFrame="BoneCabin_cdt">

                      </CraneSocket>
                      <CraneSocket Pos="(2.619; 1.24; 0.41)" ParentFrame="BoneCabin_cdt">

                      </CraneSocket>
                      <CraneSocket Pos="(-3.071; 1.039; -0.001)">

                      </CraneSocket>
                      <CraneSocket Pos="(-1.138; 1.125; 0.445)">

                      </CraneSocket>
                      <CraneSocket Pos="(-1.138; 1.125; -0.445)">

                      </CraneSocket>
                        <WinchSocket Pos="(2.619; 1.24; -0.41)" ParentFrame="BoneCabin_cdt">

                        </WinchSocket>
                        <WinchSocket Pos="(2.619; 1.24; 0.41)" ParentFrame="BoneCabin_cdt">

                        </WinchSocket>
                        <WinchSocket Pos="(-3.071; 1.039; -0.001)">

                        </WinchSocket>
                        <WinchSocket Pos="(-1.138; 1.125; 0.445)">

                        </WinchSocket>
                        <WinchSocket Pos="(-1.138; 1.125; -0.445)">

                        </WinchSocket>
        </GameData>
        <PhysicsModel Mesh="trucks/tuz_16_actaeon">
                <Body NetSync="pv" CenterOfMassOffset="(0; 0; 0)" ModelFrame="BoneChassis_cdt" Mass="2000" ImpactType="Truck">
                    <Body NetSync="pv" CenterOfMassOffset="(0.3; 0; 0)" ModelFrame="BoneCabin_cdt" Mass="1400" ImpactType="Truck">
                        <Constraint Type="Hinge" MaxLimit="10" AxisLocal="(1; 0; 0)" MinLimit="-10" PivotOffset="(0; 0; 0)">
                            <Motor Spring="200000" Damping="10000" Type="Spring">

                            </Motor>
                        </Constraint>
                            <Body ModelFrame="BoneTieRod_cdt" _template="TieRod">
                              <Constraint MaxLimit="30" AxisLocal="(0; 0; 1)" MinLimit="-30" Name="TieRodSteer">

                              </Constraint>
                            </Body>
                            <Body Mass="0.2" ModelFrame="BoneKeyFob_cdt">
                              <Constraint Type="Hinge" MaxLimit="28" AxisLocal="(0; 0; 1)" MinLimit="-60">
                                  <Motor Spring="0.002" Damping="0.002" Type="Spring">

                                  </Motor>
                              </Constraint>
                              <Body Mass="0.2" ModelFrame="BoneKeyFob2_cdt">
                                    <Constraint Type="Hinge" MaxLimit="40" AxisLocal="(1; 0; 0)" MinLimit="-4">
                                        <Motor Spring="0.001" Damping="0.001" Type="Spring">

                                        </Motor>
                                    </Constraint>
                              </Body>
                            </Body>
                            <Body ModelFrame="BoneMirrorLeft_cdt" _template="SideMirror">

                            </Body>
                            <Body ModelFrame="BoneMirrorRight_cdt" _template="SideMirror">

                            </Body>
                            <Body CenterOfMassOffset="(0; 0; 0)" ModelFrame="BoneSunshieldLeft_cdt" Mass="5" ImpactType="Truck">
                              <Constraint Type="Hinge" MaxLimit="1" AxisLocal="(0; 0; -1)" MinLimit="-11" PivotOffset="(0; 0; 0)">
                                  <Motor Spring="40" Damping="0.004" Type="Spring">

                                  </Motor>
                              </Constraint>
                            </Body>
                            <Body CenterOfMassOffset="(0; 0; 0)" ModelFrame="BoneSunshieldRight_cdt" Mass="5" ImpactType="Truck">
                              <Constraint Type="Hinge" MaxLimit="1" AxisLocal="(0; 0; -1)" MinLimit="-15" PivotOffset="(0; 0; 0)">
                                  <Motor Spring="35" Damping="0.001" Type="Spring">

                                  </Motor>
                              </Constraint>
                            </Body>
                            <Body ModelFrame="BoneLeftMudguard_cdt" _template="Mudguard">
                              <Constraint MinLimit="-20" MaxLimit="20" AxisLocal="(0; 0; 1)">

                              </Constraint>
                            </Body>
                            <Body ModelFrame="BoneRightMudguard_cdt" _template="Mudguard">
                              <Constraint MinLimit="-20" MaxLimit="20" AxisLocal="(0; 0; 1)">

                              </Constraint>
                            </Body>
                    </Body>
                </Body>
                <NetSync Legacy="false">

                </NetSync>
        </PhysicsModel>
        <ControlledConstraints>
                  <Constraint IsLinkedSteering="true" Id="chassis_steer" Name="TieRodSteer">

                  </Constraint>
        </ControlledConstraints>
        <ModelAttachments>
                    <HeadLight>
                          <Flare Pos="(2.278; 1.326; 0.8)" _template="HeadLight" Color="g(245; 225; 180) x 0.5" Size="0.45" ParentFrame="BoneCabin_cdt">

                          </Flare>
                          <Flare Pos="(2.278; 1.326; -0.8)" _template="HeadLight" Color="g(245; 225; 180) x 0.5" Size="0.45" ParentFrame="BoneCabin_cdt">

                          </Flare>
                          <Flare Pos="(1.773; 2.737; 0.711)" _template="IgnitionSignalWhite" ParentFrame="BoneCabin_cdt" Color="g(245; 225; 200) x 1.0" Size="0.4" DirAngle="120">

                          </Flare>
                          <Flare Pos="(2.278; 1.326; -0.8)" ParentFrame="BoneCabin_cdt" _template="BlueStreak">

                          </Flare>
                          <Flare Pos="(2.278; 1.326; 0.8)" ParentFrame="BoneCabin_cdt" _template="BlueStreak">

                          </Flare>
                          <Flare Pos="(1.773; 2.737; 0.711)" ParentFrame="BoneCabin_cdt" _template="BlueStreak">

                          </Flare>
                            <Model Org="(2.278; 1.326; -0.8)" ParentFrame="BoneCabin_cdt" _template="HeadLightRay">

                            </Model>
                            <Model Org="(2.278; 1.326; 0.8)" ParentFrame="BoneCabin_cdt" _template="HeadLightRay">

                            </Model>
                            <Model Org="(1.773; 2.737; 0.711)" ParentFrame="BoneCabin_cdt" _template="HeadLightRay">

                            </Model>
                    </HeadLight>
                    <StopSignals>
                          <Light Pos="(-3.27; 0.92; 0)" _template="StopSignal">

                          </Light>
                              <Flare Pos="(-3.122; 0.883; 0.374)" Size="0.4" _template="StopSignal">

                              </Flare>
                              <Flare Pos="(-3.122; 0.883; -0.374)" Size="0.4" _template="StopSignal">

                              </Flare>
                    </StopSignals>
                    <Ignition>
                              <Light Pos="(2.688; 0.883; 0.8)" ParentFrame="BoneCabin_cdt" _template="IgnitionSignalWhite">

                              </Light>
                              <Light Pos="(2.688; 0.883; -0.8)" ParentFrame="BoneCabin_cdt" _template="IgnitionSignalWhite">

                              </Light>
                              <Light Pos="(-3.3; 0.883; 0)" _template="IgnitionSignalRed">

                              </Light>
                                <Flare Pos="(-3.12; 0.883; 0.429)" Dir="(-1; 0; 0)" _template="IgnitionSignalRed" Size="0.2">

                                </Flare>
                                <Flare Pos="(-3.12; 0.883; -0.429)" Dir="(-1; 0; 0)" _template="IgnitionSignalRed" Size="0.2">

                                </Flare>
                                <Flare Pos="(1.556; 2.673; -0.2)" _template="MarkerBeacon" Color="g(255; 174; 0) x 0.25" Size="0.3" ParentFrame="BoneCabin_cdt">

                                </Flare>
                                <Flare Pos="(1.556; 2.673; 0)" _template="MarkerBeacon" Color="g(255; 174; 0) x 0.25" Size="0.3" ParentFrame="BoneCabin_cdt">

                                </Flare>
                                <Flare Pos="(1.556; 2.673; 0.2)" _template="MarkerBeacon" Color="g(255; 174; 0) x 0.25" Size="0.3" ParentFrame="BoneCabin_cdt">

                                </Flare>
                                <Flare Pos="(2.278; 1.326; -0.8)" _template="IgnitionSignalWhite" ParentFrame="BoneCabin_cdt" Size="0.4" DirAngle="120">

                                </Flare>
                                <Flare Pos="(2.278; 1.326; 0.8)" _template="IgnitionSignalWhite" ParentFrame="BoneCabin_cdt" Size="0.4" DirAngle="120">

                                </Flare>
                                <Flare Pos="(2.363; 1.586; -0.869)" _template="IgnitionSignalWhite" Color="g(245; 225; 200) x .3" Size="0.3" ParentFrame="BoneCabin_cdt">

                                </Flare>
                                <Flare Pos="(2.363; 1.586; 0.869)" _template="IgnitionSignalWhite" Color="g(245; 225; 200) x .3" Size="0.3" ParentFrame="BoneCabin_cdt">

                                </Flare>
                    </Ignition>
                    <ReverseSignals>

                    </ReverseSignals>
        </ModelAttachments>
        <Landmark MaxScale="2.5" Mesh="landmarks/tuz_16_actaeon_lmk" MinScale="1.5">

        </Landmark>
        <AutomaticIK>
                          <IKBone ParentFrame="BoneTieRod_cdt" ModelFrame="BoneTieRodIK1">
                            <IKJoint Type="Hinge2" AxisLocal="(1; 0; 0)">

                            </IKJoint>
                            <IKBone AttachToFrame="BoneRackLeft" AttachOffset="(0; 0; 0)" ModelFrame="BoneTieRodIK2">
                                  <IKJoint Type="Slider" AxisLocal="(1; 0; 0)">

                                  </IKJoint>
                            </IKBone>
                          </IKBone>
                          <IKBone ParentFrame="BoneCabin_cdt" ModelFrame="BonePistonFL">
                            <IKJoint Type="Hinge2" AxisLocal="(1; 0; 0)">

                            </IKJoint>
                            <IKBone AttachToFrame="BoneAxle1" AttachOffset="(0; 0; 0)" ModelFrame="BonePistonFL2">
                                  <IKJoint Type="Slider" AxisLocal="(1; 0; 0)">

                                  </IKJoint>
                            </IKBone>
                          </IKBone>
                          <IKBone ParentFrame="BoneCabin_cdt" ModelFrame="BonePistonFR">
                            <IKJoint Type="Hinge2" AxisLocal="(1; 0; 0)">

                            </IKJoint>
                            <IKBone AttachToFrame="BoneAxle1" AttachOffset="(0; 0; 0)" ModelFrame="BonePistonFR2">
                                  <IKJoint Type="Slider" AxisLocal="(1; 0; 0)">

                                  </IKJoint>
                            </IKBone>
                          </IKBone>
                          <IKBone ParentFrame="BoneChassis_cdt" ModelFrame="BonePistonRL">
                            <IKJoint Type="Hinge2" AxisLocal="(1; 0; 0)">

                            </IKJoint>
                            <IKBone AttachToFrame="BoneAxle2" AttachOffset="(0; 0; 0)" ModelFrame="BonePistonRL2">
                                  <IKJoint Type="Slider" AxisLocal="(1; 0; 0)">

                                  </IKJoint>
                            </IKBone>
                          </IKBone>
                          <IKBone ParentFrame="BoneChassis_cdt" ModelFrame="BonePistonRR">
                            <IKJoint Type="Hinge2" AxisLocal="(1; 0; 0)">

                            </IKJoint>
                            <IKBone AttachToFrame="BoneAxle2" AttachOffset="(0; 0; 0)" ModelFrame="BonePistonRR2">
                                  <IKJoint Type="Slider" AxisLocal="(1; 0; 0)">

                                  </IKJoint>
                            </IKBone>
                          </IKBone>
        </AutomaticIK>
        <TruckData SteerSpeed="0.03" EngineStartDelay="0.8" EngineIconMesh="env/engine_default" TruckType="OFFROAD" Responsiveness="0.15" BackSteerSpeed="0.025" TruckImage="tuz16mchr" FuelCapacity="110" DiffLockType="Installed" ExhaustStartTime="0.9" EngineIconScale="1">
                          <Driver Pos="(1.2; 1.696; 0.677)" ParentFrame="BoneCabin_cdt" AnimationSet="Truck" SteeringWheelPos="(1.587; 2.062; 0.678)">

                          </Driver>
                          <SoundsDamage _template="Heavy">

                          </SoundsDamage>
                          <Shakers>
                                  <Shaker MaxFrequency="10" Frame="BoneExhaust" ParentFrame="BoneCabin_cdt" MinAngle="(0.3; 0.3; 0.3)" MaxAngle="(0.6; 0.6; 0.6)">

                                  </Shaker>
                          </Shakers>
                          <OcclusionMap HalfSizeZ="1.7" MinX="-3.1" MaxX="2.7">

                          </OcclusionMap>
                          <FuelTank DamageCapacity="120">

                          </FuelTank>
                          <Intake Size="1" Dir="(1; 0; 0)" Origin="(2.315; 1.499; 0)">

                          </Intake>
                          <EngineSocket Type="e_ru_truck_old" Default="ru_truck_old_engine_0">

                          </EngineSocket>
                          <SuspensionSocket Type="s_tuz_16_actaeon" MaxWheelRadiusWithoutSuspension="0.47" Default="tuz_16_actaeon_suspension_default">

                          </SuspensionSocket>
                          <Dashboard>
                                                <Gauge InputRange="(0;1)" Dir="(-0.801; 0.599; 0)" InputType="engineEnabled" Org="(1.788; 1.97; 0.796)" Damping="0.99" Mesh="trucks/arrows/tuz_16_actaeon_arrow_3" OutputAngles="(-45; -8)">

                                                </Gauge>
                                                <Gauge InputRange="(0;1)" Dir="(-0.801; 0.599; 0)" InputType="engineEnabled" Org="(1.759; 1.932; 0.821)" Damping="0.99" Mesh="trucks/arrows/tuz_16_actaeon_arrow_3" OutputAngles="(-30; 18)">

                                                </Gauge>
                                                <Gauge InputRange="(0;1)" Dir="(-0.801; 0.599; 0)" InputType="fuel" Org="(1.759; 1.934; 0.771)" Damping="0.99" Mesh="trucks/arrows/tuz_16_actaeon_arrow_3" OutputAngles="(-30; 30)">

                                                </Gauge>
                                                <Gauge InputRange="(0;120)" Dir="(-0.801; 0.599; 0)" InputType="speed" Org="(1.78; 1.962; 0.534)" Damping="0.99" Mesh="trucks/arrows/tuz_16_actaeon_arrow_1" OutputAngles="(-135; 135)">

                                                </Gauge>
                                                <Gauge InputRange="(0;1)" Dir="(-0.616; 0.788; 0)" InputType="engineEnabled" Org="(1.789; 1.953; 0.339)" Damping="0.99" Mesh="trucks/arrows/tuz_16_actaeon_arrow_2" OutputAngles="(-120; 45)">

                                                </Gauge>
                          </Dashboard>
                          <Axles>
                                                  <Axle Frame="BoneAxle1">

                                                  </Axle>
                                                  <Axle Frame="BoneAxle2">

                                                  </Axle>
                          </Axles>
                          <Camera Center="(-1.4; 0; 0)" ParentFrame="BoneCabin_cdt">
                                                  <Cockpit WindshieldDiffuseTexture="trucks/tuz_16_actaeon_glass__d_a.tga" _template="Default" WindshieldShadingTexture="trucks/tuz_16_actaeon_glass__sh_d.tga" ViewPos="(1.2; 2.302; 0.677)">
                                                        <Mirror FOVScale="1.8" ClipDir="(-0.918; -0.051; -0.393)" MeshFrame="mirror_left" Pos="(1.648; 2.258; 1.252)" Size="(0.13; 0.27)" ReflectionDir="(-0.918; -0.051; -0.393)">

                                                        </Mirror>
                                                        <Mirror FOVScale="2.5" ClipDir="(-0.739; -0.05; 0.672)" MeshFrame="mirror_right" Pos="(1.493; 2.258; -1.192)" Size="(0.13; 0.27)" ReflectionDir="(-0.739; -0.05; 0.672)">

                                                        </Mirror>
                                                  </Cockpit>
                          </Camera>
                                                  <CompatibleWheels Type="wheels_medium_double_front" Scale="0.5" RearOffsetZ="0.06" OffsetZ="0.04">

                                                  </CompatibleWheels>
                                                  <CompatibleWheels Type="wheels_medium_mudtires_actaeon" Scale="0.5" RearOffsetZ="0.08" OffsetZ="0.13">

                                                  </CompatibleWheels>
                                                  <CompatibleWheels Type="wheels_medium_double_front" Scale="0.55" RearOffsetZ="0.06" OffsetZ="0.04">

                                                  </CompatibleWheels>
                                                  <CompatibleWheels Type="wheels_medium_mudtires_actaeon" Scale="0.55" RearOffsetZ="0.08" OffsetZ="0.13">

                                                  </CompatibleWheels>
                                                  <CompatibleWheels Type="wheels_medium_double_front" Scale="0.6" RearOffsetZ="0.06" OffsetZ="0.04">

                                                  </CompatibleWheels>
                                                  <CompatibleWheels Type="wheels_medium_mudtires_actaeon" Scale="0.6" RearOffsetZ="0.08" OffsetZ="0.18">

                                                  </CompatibleWheels>
                                                    <LimitedFluid SizeX="0.745" Center="(-0.283; 0.986; 0.717)" Type="Box" SizeZ="0.434" SizeY="0.271">

                                                    </LimitedFluid>
                                                    <LimitedFluid SizeX="0.745" Center="(-0.283; 0.986; -0.717)" Type="Box" SizeZ="0.434" SizeY="0.271">

                                                    </LimitedFluid>
                          <Exhaust Speed="2.0" Dir="(0; 0; 1)" Origin="(-0.866; 1.076; 0.831)">

                          </Exhaust>
                          <Sounds ParentFrame="BoneCabin_cdt" _template="Default" AirHissInterval="12.0" MinDist="15.0" Origin="(1.55; 1.6; 0)" DisableReversePitch="false">
                                                          <Reverse Sound="trucks/common/truck_trans_reverse_loop">

                                                          </Reverse>
                                                          <EngineTrans Sound="">

                                                          </EngineTrans>
                                                          <EngineLow Sound="trucks/tuz_16_actaeon/tuz_16_actaeon_low">

                                                          </EngineLow>
                                                          <EngineHigh Sound="trucks/tuz_16_actaeon/tuz_16_actaeon_high">

                                                          </EngineHigh>
                                                          <HandbrakeOff Sound="trucks/tuz_16_actaeon/tuz_16_actaeon_handbrake_off">

                                                          </HandbrakeOff>
                                                          <ChassisStress Sound="trucks/common/truck_stress_rnd_set/truck_stress_rnd">

                                                          </ChassisStress>
                                                          <AbruptStop Sound="trucks/common/truck_swing_big_rnd_set/truck_swing_big_rnd">

                                                          </AbruptStop>
                                                          <EngineRev Sound="trucks/tuz_16_actaeon/tuz_16_actaeon_rev">

                                                          </EngineRev>
                                                          <EngineHeavy_2d IsSound2D="true" Sound="trucks/tuz_16_actaeon/tuz_16_actaeon_heavy_2d">

                                                          </EngineHeavy_2d>
                                                          <EngineHeavy Sound="trucks/tuz_16_actaeon/tuz_16_actaeon_heavy">

                                                          </EngineHeavy>
                                                          <EngineHigh_2d IsSound2D="true" Sound="trucks/tuz_16_actaeon/tuz_16_actaeon_high_2d">

                                                          </EngineHigh_2d>
                                                          <EngineLow_2d IsSound2D="true" Sound="trucks/tuz_16_actaeon/tuz_16_actaeon_low_2d">

                                                          </EngineLow_2d>
                                                          <EngineIdle_2d IsSound2D="true" Sound="trucks/tuz_16_actaeon/tuz_16_actaeon_idle_2d">

                                                          </EngineIdle_2d>
                                                          <EngineStart Sound="trucks/tuz_16_actaeon/tuz_16_actaeon_start">

                                                          </EngineStart>
                                                          <Handbrake Sound="trucks/tuz_16_actaeon/tuz_16_actaeon_handbrake_on">

                                                          </Handbrake>
                                                          <BrakeRelease Sound="trucks/tuz_16_actaeon/tuz_16_actaeon_brake_release">

                                                          </BrakeRelease>
                                                          <EngineIdle Sound="trucks/tuz_16_actaeon/tuz_16_actaeon_idle">

                                                          </EngineIdle>
                                                          <BrakesSqueal Sound="trucks/tuz_16_actaeon/tuz_16_actaeon_brakes_squeal">

                                                          </BrakesSqueal>
                                                          <EngineStop Sound="trucks/tuz_16_actaeon/tuz_16_actaeon_stop">

                                                          </EngineStop>
                                                          <EngineAccel Sound="trucks/tuz_16_actaeon/tuz_16_actaeon_acc">

                                                          </EngineAccel>
                                                          <Honk Sound="trucks/tuz_16_actaeon/tuz_16_actaeon_honk">

                                                          </Honk>
                          </Sounds>
                          <GearboxSocket Type="gearboxes_trucks" Default="g_truck_default">

                          </GearboxSocket>
                                                            <Steam Origin="(2.578; 1.405; 0)" ParentFrame="BoneCabin_cdt">

                                                            </Steam>
                                                            <Steam Origin="(0.937; 1.315; 0)" ParentFrame="BoneCabin_cdt">

                                                            </Steam>
                          <Wheels DefaultWheelType="wheels_medium_double_front" DefaultTire="highway_1" DefaultRim="rim_1">
                                                                  <Wheel Pos="(1.41; 0.596; 0.856)" _template="FrontWheel">

                                                                  </Wheel>
                                                                  <Wheel RightSide="true" Pos="(1.41; 0.596; 0.856)" _template="FrontWheel">

                                                                  </Wheel>
                                                                  <Wheel Pos="(-1.872; 0.595; 0.884)" _template="RearWheel">

                                                                  </Wheel>
                                                                  <Wheel RightSide="true" Pos="(-1.872; 0.595; 0.884)" _template="RearWheel">

                                                                  </Wheel>
                          </Wheels>
                          <WinchUpgradeSocket Type="winches_medium_trucks, winches_actaeon" Default="w_medium_trucks_default" IsUpgradable="true">

                          </WinchUpgradeSocket>
                          <SteeringRack Frame="BoneRack" RackHalfSizeZ="0.750" FrameSteerLeft="BoneRackLeft" FrameSteerRight="BoneRackRight">

                          </SteeringRack>
                          <SteeringWheel Frame="BoneSteering">

                          </SteeringWheel>
                          <SoundsWheels _template="Default">

                          </SoundsWheels>
                          <Damage ParentFrame="BoneCabin_cdt" SensationMax="(1.903; 1.972; 1.058)" Capacity="600" SensationMin="(0.824; 2.547; -1.058)">
                                                                            <DamageArea Min="(1.763; 1.303; -1.111)" ParentFrame="BoneCabin_cdt" Max="(2.361; 1.972; 1.089)" Type="Engine">

                                                                            </DamageArea>
                                                                            <DamageArea Min="(-0.686; 1.142; 0.466)" ParentFrame="BoneCabin_cdt" Max="(0.12; 0.83; 0.969)" Type="FuelTank">

                                                                            </DamageArea>
                                                                            <DamageArea Min="(-0.686; 1.142; -0.466)" ParentFrame="BoneCabin_cdt" Max="(0.12; 0.83; -0.969)" Type="FuelTank">

                                                                            </DamageArea>
                          </Damage>
                          <Shafts>
                                                                              <Shaft SocketPointA="Shaft1a" SocketPointB="Shaft1b">

                                                                              </Shaft>
                                                                              <Shaft SocketPointA="Shaft2a" SocketPointB="Shaft2b">

                                                                              </Shaft>
                                                                              <Shaft SocketPointA="Shaft3a" SocketPointB="Shaft3b">

                                                                              </Shaft>
                          </Shafts>
        </TruckData>
  </Truck>