  <Truck>
      <ControlledConstraints>
            <Constraint Name="TieRodSteer" IsLinkedSteering="true" Id="chassis_steer">

            </Constraint>
            <Constraint Name="TieRodSteer1" IsLinkedSteering="true" Id="chassis_steer">

            </Constraint>
      </ControlledConstraints>
      <PhysicsModel Mesh="trucks/krs_58_bandit">
            <NetSync Legacy="false">

            </NetSync>
            <Body ImpactType="Truck" Mass="4000" NetSync="pv" CenterOfMassOffset="(0.3; 0; 0)">
                    <Body ModelFrame="BoneCabin_cdt" ImpactType="Truck" Mass="3000" NetSync="pv" CenterOfMassOffset="(0.2; 0; 0)">
                      <Constraint AxisLocal="(1; 0; 0)" MaxLimit="25" MinLimit="-25" PivotOffset="(0; 0; 0)" Type="Hinge">
                          <Motor Type="Spring" Spring="180000" Damping="30000">

                          </Motor>
                      </Constraint>
                          <Body ModelFrame="BoneTieRod_cdt" _template="TieRod">
                            <Constraint Name="TieRodSteer">

                            </Constraint>
                          </Body>
                          <Body ModelFrame="BoneTieRod_1_cdt" _template="TieRod">
                            <Constraint Name="TieRodSteer1">

                            </Constraint>
                          </Body>
                          <Body ModelFrame="BoneMirrorL_cdt" _template="Mirror">

                          </Body>
                          <Body ModelFrame="BoneMirrorR_cdt" _template="Mirror">

                          </Body>
                          <Body Mass="0.4" Collisions="None" ModelFrame="BoneWire1_cdt">
                            <Constraint AxisLocal="(0; 1; 0)" MaxLimit="2" MinLimit="-2" PivotOffset="(0; 0; 0)" Type="Hinge">
                                <Motor Type="Spring" Spring=".01" Damping="100">

                                </Motor>
                            </Constraint>
                            <Body Mass="0.1" Collisions="None" ModelFrame="BoneWire2_cdt">
                                  <Constraint TwistMin="-6" ConeMax=".1" PlaneAxisLocal="(0; 0; 1)" TwistMax="6" ConeMin="-.1" PlaneMax="20" PlaneMin="-20" TwistAxisLocal="(1; 0; 0)" Type="Ragdoll">
                                      <AllMotor Type="Spring" Spring=".001" Damping="30">

                                      </AllMotor>
                                  </Constraint>
                            </Body>
                          </Body>
                          <Body Mass="0.4" Collisions="None" ModelFrame="BoneCase_cdt">
                            <Constraint AxisLocal="(0; 0; 1)" MaxLimit="8" MinLimit="-90" Type="Hinge">
                                <Motor Type="Spring" Spring="1" Damping=".1">

                                </Motor>
                            </Constraint>
                          </Body>
                          <Body Mass="3" Collisions="None" ModelFrame="BoneJacket_cdt">
                            <Constraint TwistMin="-90" ConeMax="20" PlaneAxisLocal="(1; 0; 0)" TwistMax="20" ConeMin="-30" PlaneMax="0" PlaneMin="-90" TwistAxisLocal="(0; 1; 0)" Type="Ragdoll">
                                <AllMotor Type="Spring" Spring=".00001" Damping="3">

                                </AllMotor>
                            </Constraint>
                          </Body>
                          <Body Mass="3" Collisions="None" ModelFrame="BoneHelmet_cdt">
                            <Constraint TwistMin="0" ConeMax="40" PlaneAxisLocal="(1; 0; 0)" TwistMax="0" ConeMin="-40" PlaneMax="0" PlaneMin="-90" TwistAxisLocal="(0; 1; 0)" Type="Ragdoll">
                                <AllMotor Type="Spring" Spring=".00001" Damping="1">

                                </AllMotor>
                            </Constraint>
                          </Body>
                    </Body>
                    <Body ModelFrame="BoneMudguardL_cdt" _template="Mudguard">
                      <Constraint AxisLocal="(0; 0; 1)" MaxLimit="20" MinLimit="-30">

                      </Constraint>
                    </Body>
                    <Body ModelFrame="BoneMudguardR_cdt" _template="Mudguard">
                      <Constraint AxisLocal="(0; 0; 1)" MaxLimit="20" MinLimit="-30">

                      </Constraint>
                    </Body>
            </Body>
      </PhysicsModel>
      <TruckData BackSteerSpeed="0.05" DiffLockType="Always" EngineIconScale="1.35" TruckType="OFFROAD" FuelCapacity="150" EngineStartDelay="2" SteerSpeed="0.035" ExhaustStartTime="1.8" Responsiveness="0.55" TruckImage="banditmchr" EngineIconMesh="env/engine_default">
              <Steam Origin="(4.647; 1.524; 0)">

              </Steam>
              <Intake Size="1" Dir="(1; 0; 0)" Origin="(4.59; 1.524; 0)">

              </Intake>
              <GearboxSocket Default="g_truck_default" Type="gearboxes_trucks">

              </GearboxSocket>
              <Wheels DefaultRim="rim_1" DefaultWheelType="wheels_medium_double_front" DefaultTire="highway_1">
                          <Wheel Pos="(3.284; 0.597; 1.03)" _template="FirstAxle">

                          </Wheel>
                          <Wheel Pos="(3.284; 0.597; 1.03)" _template="FirstAxle" RightSide="true">

                          </Wheel>
                          <Wheel Pos="(1.781; 0.597; 1.03)" _template="SecondAxle">

                          </Wheel>
                          <Wheel Pos="(1.781; 0.597; 1.03)" _template="SecondAxle" RightSide="true">

                          </Wheel>
                          <Wheel Pos="(-0.912; 0.597; 1.03)" _template="RearAxle">

                          </Wheel>
                          <Wheel Pos="(-0.912; 0.597; 1.03)" _template="RearAxle" RightSide="true">

                          </Wheel>
                          <Wheel Pos="(-2.608; 0.597; 1.03)" _template="RearAxle">

                          </Wheel>
                          <Wheel Pos="(-2.608; 0.597; 1.03)" _template="RearAxle" RightSide="true">

                          </Wheel>
              </Wheels>
              <WinchUpgradeSocket Default="w_medium_trucks_default" Type="winches_medium_trucks" IsUpgradable="true">

              </WinchUpgradeSocket>
              <SteeringWheel Frame="BoneSteering">

              </SteeringWheel>
              <Damage>
                                <DamageArea Max="(4.457; 2.017; 0.905)" ParentFrame="BoneCabin_cdt" Min="(3.457; 1.136; -0.905)" Type="Engine">

                                </DamageArea>
                                <DamageArea Max="(3.505; 1.638; 0.5)" ParentFrame="BoneCabin_cdt" Min="(1.521; 0.773; -0.5)" Type="FuelTank">

                                </DamageArea>
              </Damage>
              <EngineSocket Default="ru_truck_old_engine_0" Type="e_ru_truck_old">

              </EngineSocket>
              <SoundsDamage _template="Heavy">

              </SoundsDamage>
              <Camera Center="(-1.6; 0; 0)" Radius="1.2">
                                    <Cockpit WindshieldShadingTexture="trucks/geolkom_krs_58bandit_glass__sh_d.tga" WindshieldDetailDensity="6.0" WindshieldDiffuseTexture="trucks/geolkom_krs_58bandit_glass__d_a.tga" ViewPos="(3.13; 2.616; 0.787)" _template="Default">
                                          <Mirror Pos="(4.165; 2.694; 1.577)" MeshFrame="mirror_l_1" FOVScale="2" Size="(0.17; 0.33)" ReflectionDir="(-0.956; 0; -0.292)" ClipDir="(-0.956; 0; -0.292)" ClipOffset="0.2">

                                          </Mirror>
                                          <Mirror Pos="(4.262; 2.348; 1.245)" MeshFrame="mirror_l_2" FOVScale="2" Size="(0.18; 0.18)" ReflectionDir="(-0.359; -0.444; -0.821)" ClipDir="(-0.359; -0.444; -0.821)" ClipOffset="0.1">

                                          </Mirror>
                                          <Mirror Pos="(4.161; 2.694; -1.529)" MeshFrame="mirror_r_1" FOVScale="2" Size="(0.17; 0.33)" ReflectionDir="(-0.839; 0; 0.545)" ClipDir="(-0.839; 0; 0.545)" ClipOffset="0.1">

                                          </Mirror>
                                          <Mirror Pos="(4.284; 2.348; -1.3)" MeshFrame="mirror_r_2" FOVScale="2" Size="(0.18; 0.18)" ReflectionDir="(0; -0.446; 0.895)" ClipDir="(0; -0.446; 0.895)" ClipOffset="0.1">

                                          </Mirror>
                                    </Cockpit>
              </Camera>
              <Shafts>
                                        <Shaft SocketPointA="Shaft1a" SocketPointB="Shaft1b">

                                        </Shaft>
                                        <Shaft SocketPointA="Shaft2a" SocketPointB="Shaft2b">

                                        </Shaft>
                                        <Shaft SocketPointA="Shaft3a" SocketPointB="Shaft3b">

                                        </Shaft>
                                        <Shaft SocketPointA="Shaft4a" SocketPointB="Shaft4b">

                                        </Shaft>
                                        <Shaft SocketPointA="Shaft5a" SocketPointB="Shaft5b">

                                        </Shaft>
                                        <Shaft SocketPointA="Shaft6a" SocketPointB="Shaft6b">

                                        </Shaft>
                                        <Shaft SocketPointA="Shaft7a" SocketPointB="Shaft7b">

                                        </Shaft>
              </Shafts>
              <FuelTank DamageCapacity="100">

              </FuelTank>
              <Axles>
                                            <Axle Frame="BoneAxle1">

                                            </Axle>
                                            <Axle Frame="BoneAxle2">

                                            </Axle>
                                            <Axle Frame="BoneAxle3">

                                            </Axle>
                                            <Axle Frame="BoneAxle4">

                                            </Axle>
              </Axles>
              <SoundsWheels _template="Default">

              </SoundsWheels>
              <SuspensionSocket Default="krs_58_bandit_suspension_default" MaxWheelRadiusWithoutSuspension="0.7" Type="s_krs_58_bandit">

              </SuspensionSocket>
                                              <CompatibleWheels OffsetZ="0.04" Scale="0.65" RearOffsetZ="0.06" Type="wheels_medium_double_front">

                                              </CompatibleWheels>
                                              <CompatibleWheels OffsetZ="0.18" Scale="0.65" RearOffsetZ="0.08" Type="wheels_medium_mudtires_actaeon">

                                              </CompatibleWheels>
              <Dashboard>
                                                    <Gauge Mesh="trucks/arrows/krs_58_bandit_arrow_01" Org="(3.97; 2.153; 0.944)" OutputAngles="(-120;120)" InputType="speed" Dir="(-0.71; 0.705; -0.001)" InputRange="(0;120)" Damping="0.9">

                                                    </Gauge>
                                                    <Gauge Mesh="trucks/arrows/krs_58_bandit_arrow_02" Org="(4.002; 2.182; 0.806)" OutputAngles="(-120;-20)" InputType="rpm" Dir="(-0.71; 0.705; -0.001)" InputRange="(0;1)" Damping="0.9">

                                                    </Gauge>
                                                    <Gauge Mesh="trucks/arrows/krs_58_bandit_arrow_03" Org="(3.97; 2.153; 0.716)" OutputAngles="(-130;-78)" InputType="engineEnabled" Dir="(-0.71; 0.705; -0.001)" InputRange="(0;1)" Damping="0.9">

                                                    </Gauge>
                                                    <Gauge Mesh="trucks/arrows/krs_58_bandit_arrow_03" Org="(3.97; 2.152; 0.622)" OutputAngles="(130;112)" InputType="engineEnabled" Dir="(-0.71; 0.705; -0.001)" InputRange="(0;1)" Damping="0.9">

                                                    </Gauge>
                                                    <Gauge Mesh="trucks/arrows/krs_58_bandit_arrow_03" Org="(4.007; 2.189; 0.669)" OutputAngles="(-45;45)" InputType="fuel" Dir="(-0.71; 0.705; -0.001)" InputRange="(0;1)" Damping="0.9">

                                                    </Gauge>
                                                    <Gauge Mesh="trucks/arrows/krs_58_bandit_arrow_03" Org="(3.939; 2.121; 0.669)" OutputAngles="(-146;-200" InputType="engineEnabled" Dir="(-0.71; 0.705; -0.001)" InputRange="(0;1)" Damping="0.9">

                                                    </Gauge>
              </Dashboard>
              <Sounds _template="Default" DisableReversePitch="false" Origin="(3.245; 1.366; 0)" MinDist="8.0">
                                                    <EngineHigh Sound="trucks/krs_58_bandit/krs_58_bandit_high">

                                                    </EngineHigh>
                                                    <AbruptStop Sound="trucks/common/truck_swing_big_rnd_set/truck_swing_big_rnd">

                                                    </AbruptStop>
                                                    <GearFail Sound="trucks/common/truck_gear_wrong/truck_gear_wrong_small_old">

                                                    </GearFail>
                                                    <HandbrakeOff Sound="trucks/common/truck_handbrake_switch_off">

                                                    </HandbrakeOff>
                                                    <BrakesSqueal Sound="trucks/krs_58_bandit/krs_58_bandit_brakes_squeal">

                                                    </BrakesSqueal>
                                                    <EngineTrans Sound="">

                                                    </EngineTrans>
                                                    <EngineHeavy_2d IsSound2D="true" Sound="">

                                                    </EngineHeavy_2d>
                                                    <Reverse Sound="trucks/krs_58_bandit/krs_58_bandit_reverse">

                                                    </Reverse>
                                                    <EngineHeavy Sound="">

                                                    </EngineHeavy>
                                                    <Handbrake Sound="trucks/common/truck_handbrake_switch_alt1">

                                                    </Handbrake>
                                                    <EngineLow_2d IsSound2D="true" Sound="trucks/krs_58_bandit/krs_58_bandit_low_2d">

                                                    </EngineLow_2d>
                                                    <EngineHigh_2d IsSound2D="true" Sound="trucks/krs_58_bandit/krs_58_bandit_high_2d">

                                                    </EngineHigh_2d>
                                                    <EngineLow Sound="trucks/krs_58_bandit/krs_58_bandit_low">

                                                    </EngineLow>
                                                    <EngineIdle_2d IsSound2D="true" Sound="trucks/krs_58_bandit/krs_58_bandit_idle_2d">

                                                    </EngineIdle_2d>
                                                    <EngineStop Sound="trucks/krs_58_bandit/krs_58_bandit_stop">

                                                    </EngineStop>
                                                    <EngineIdle Sound="trucks/krs_58_bandit/krs_58_bandit_idle">

                                                    </EngineIdle>
                                                    <EngineRev Sound="">

                                                    </EngineRev>
                                                    <Honk Sound="trucks/krs_58_bandit/krs_58_bandit_honk">

                                                    </Honk>
                                                    <EngineStart Sound="trucks/krs_58_bandit/krs_58_bandit_start">

                                                    </EngineStart>
                                                    <EngineAccel Sound="trucks/krs_58_bandit/krs_58_bandit_acc">

                                                    </EngineAccel>
                                                    <Gear Sound="trucks/common/truck_gear_shift_medium_rnd_set/truck_gear_shift_medium_rnd">

                                                    </Gear>
              </Sounds>
              <Driver SteeringWheelPos="(3.644; 2.292; 0.787)" Pos="(3.257; 1.946; 0.787)" ParentFrame="BoneCabin_cdt" AnimationSet="HeavyTruck">

              </Driver>
              <Exhaust Speed="6.00" Dir="(-0; -0.192; -0.981)" Origin="(0.432; 0.792; -0.694)">

              </Exhaust>
                                                        <SteeringRack FrameSteerRight="BoneRackFrontR" Frame="BoneRackFront" FrameSteerLeft="BoneRackFrontL" RackHalfSizeZ="0.756">

                                                        </SteeringRack>
                                                        <SteeringRack FrameSteerRight="BoneRackRearR" Frame="BoneRackRear" FrameSteerLeft="BoneRackRearL" RackHalfSizeZ="0.756">

                                                        </SteeringRack>
              <OcclusionMap MaxX="5" HalfSizeZ="1.7" MinX="-5">

              </OcclusionMap>
      </TruckData>
      <ModelAttachments>
                <StopSignals>
                    <Light Pos="(-3.646; 1.261; 0)" _template="StopSignal">

                    </Light>
                        <Flare Size="0.3" _template="StopSignal" Pos="(-3.646; 1.261; -0.987)">

                        </Flare>
                        <Flare Size="0.3" _template="StopSignal" Pos="(-3.646; 1.261; 0.987)">

                        </Flare>
                </StopSignals>
                <Ignition>
                        <Light ParentFrame="BoneCabin_cdt" Size=".5" Pos="(4.446; 1.572; -0.853)" Color="g(255; 205; 145) x .5" _template="IgnitionSignalWhite">

                        </Light>
                        <Light ParentFrame="BoneCabin_cdt" Size=".5" Pos="(4.446; 1.572; 0.853)" Color="g(255; 205; 145) x .5" _template="IgnitionSignalWhite">

                        </Light>
                        <Light Pos="(-3.646; 1.261; 0)" _template="IgnitionSignalRed">

                        </Light>
                          <Flare ParentFrame="BoneCabin_cdt" Size="0.3" Pos="(4.446; 1.572; -0.853)" Color="g(165; 149; 130) x 1.7" _template="IgnitionSignalWhite">

                          </Flare>
                          <Flare ParentFrame="BoneCabin_cdt" Size="0.3" Pos="(4.446; 1.572; 0.853)" Color="g(165; 149; 130) x 1.7" _template="IgnitionSignalWhite">

                          </Flare>
                          <Flare ParentFrame="BoneCabin_cdt" Size="0.2" Pos="(4.414; 1.508; -1.061)" Color="g(165; 149; 130) x 1.3" _template="IgnitionSignalWhite">

                          </Flare>
                          <Flare ParentFrame="BoneCabin_cdt" Size="0.2" Pos="(4.414; 1.508; 1.061)" Color="g(165; 149; 130) x 1.3" _template="IgnitionSignalWhite">

                          </Flare>
                          <Flare Pos="(-3.646; 1.261; -0.987)" _template="IgnitionSignalRed">

                          </Flare>
                          <Flare Pos="(-3.646; 1.261; 0.987)" _template="IgnitionSignalRed">

                          </Flare>
                </Ignition>
                <HeadLight>
                          <Model _template="HeadLightRay" Org="(4.446; 1.572; -0.694)" ParentFrame="BoneCabin_cdt">

                          </Model>
                          <Model _template="HeadLightRay" Org="(4.446; 1.572; 0.694)" ParentFrame="BoneCabin_cdt">

                          </Model>
                          <Model _template="HeadLightRay" Org="(4.273; 2.969; 0)" ParentFrame="BoneCabin_cdt">

                          </Model>
                          <Model _template="HeadLightRay" Org="(4.001; 2.978; -0.95)" ParentFrame="BoneCabin_cdt">

                          </Model>
                          <Model _template="HeadLightRay" Org="(4.001; 2.978; 0.95)" ParentFrame="BoneCabin_cdt">

                          </Model>
                            <Flare ParentFrame="BoneCabin_cdt" Size="0.3" Pos="(4.444; 1.562; -0.853)" Color="g(235; 230; 220) x 0.3" _template="HeadLight">

                            </Flare>
                            <Flare ParentFrame="BoneCabin_cdt" Size="0.3" Pos="(4.444; 1.562; 0.853)" Color="g(235; 230; 220) x 0.3" _template="HeadLight">

                            </Flare>
                            <Flare ParentFrame="BoneCabin_cdt" Size="0.3" Pos="(4.233; 3.006; 0)" Color="g(235; 230; 220) x 0.5" _template="HeadLight">

                            </Flare>
                            <Flare ParentFrame="BoneCabin_cdt" Size="0.3" Pos="(4.001; 2.978; -0.95)" Color="g(235; 230; 220) x 0.5" _template="HeadLight">

                            </Flare>
                            <Flare ParentFrame="BoneCabin_cdt" Size="0.3" Pos="(4.001; 2.978; 0.95)" Color="g(235; 230; 220) x 0.5" _template="HeadLight">

                            </Flare>
                            <Flare ParentFrame="BoneCabin_cdt" Pos="(4.444; 1.562; -0.853)" Size="0.6" _template="BlueStreak">

                            </Flare>
                            <Flare ParentFrame="BoneCabin_cdt" Pos="(4.444; 1.562; 0.853)" Size="0.6" _template="BlueStreak">

                            </Flare>
                            <Flare ParentFrame="BoneCabin_cdt" Pos="(4.233; 3.006; 0)" Size="0.6" _template="BlueStreak">

                            </Flare>
                            <Flare ParentFrame="BoneCabin_cdt" Pos="(4.001; 2.978; -0.95)" Size="0.6" _template="BlueStreak">

                            </Flare>
                            <Flare ParentFrame="BoneCabin_cdt" Pos="(4.001; 2.978; 0.95)" Size="0.6" _template="BlueStreak">

                            </Flare>
                </HeadLight>
                <ReverseSignals>
                            <Light Pos="(-3.646; 1.261; -0.796)" _template="ReverseSignal" Color="(102; 102; 102)">

                            </Light>
                            <Light Pos="(-3.646; 1.261; 0.796)" _template="ReverseSignal" Color="(102; 102; 102)">

                            </Light>
                              <Flare Size="0.4" _template="ReverseSignal" Pos="(-3.646; 1.261; -0.796)">

                              </Flare>
                              <Flare Pos="(-3.646; 1.261; -0.796)" Size="0.4" Dir="(-1; 0; 0)" Color="g(220; 220; 255) x 0.05" _template="BlueStreak">

                              </Flare>
                              <Flare Size="0.4" _template="ReverseSignal" Pos="(-3.646; 1.261; 0.796)">

                              </Flare>
                              <Flare Pos="(-3.646; 1.261; 0.796)" Size="0.4" Dir="(-1; 0; 0)" Color="g(220; 220; 255) x 0.05" _template="BlueStreak">

                              </Flare>
                </ReverseSignals>
      </ModelAttachments>
      <HeadLight Pos="(5.107; 0.573; 0)" _template="Default" ParentFrame="BoneCabin_cdt">

      </HeadLight>
      <GameData Price="98500" Country="RU,CAS" UnlockByExploration="false" UnlockByRank="1">
                      <CraneSocket Pos="(4.617; 1.074; -0.607)">

                      </CraneSocket>
                      <CraneSocket Pos="(4.617; 1.074; 0.607)">

                      </CraneSocket>
                      <CraneSocket Pos="(0.42; 1.13; -0.448)">

                      </CraneSocket>
                      <CraneSocket Pos="(0.42; 1.13; 0.448)">

                      </CraneSocket>
                      <CraneSocket Pos="(-3.662; 1.034; 0)">

                      </CraneSocket>
                    <UiDesc UiIcon30x30="offroadVehicleImg30" UiName="UI_VEHICLE_KRS_58_BANDIT_NAME" UiIcon328x458="shopImgBandit" UiIconLogo="KRSLogo80" UiDesc="UI_VEHICLE_KRS_58_BANDIT_DESC" UiIcon40x40="offroadVehicleImg">

                    </UiDesc>
                          <AddonSockets DefaultAddon="krs_58_bandit_bumper_default">
                            <Socket ParentFrame="BoneCabin_cdt" Names="krs58banditBumper">

                            </Socket>
                          </AddonSockets>
                          <AddonSockets>
                              <Socket ParentFrame="BoneCabin_cdt" Names="krs58banditHorn1">

                              </Socket>
                              <Socket ParentFrame="BoneCabin_cdt" Names="krs58banditHorn2">

                              </Socket>
                              <Socket ParentFrame="BoneCabin_cdt" NamesBlock="krs58banditBeacon" Names="krs58banditRoofRack">

                              </Socket>
                          </AddonSockets>
                          <AddonSockets DefaultAddon="krs_58_bandit_gabarite_default">
                            <Socket ParentFrame="BoneCabin_cdt" Names="krs58banditGabarite">

                            </Socket>
                          </AddonSockets>
                          <AddonSockets>
                            <Socket ParentFrame="BoneCabin_cdt" Names="krs58banditVisor">

                            </Socket>
                          </AddonSockets>
                          <AddonSockets>
                            <Socket ParentFrame="BoneCabin_cdt" NamesBlock="krs58banditHorn1" Names="krs58banditBeacon">

                            </Socket>
                          </AddonSockets>
                          <AddonSockets>
                            <Socket ParentFrame="BoneCabin_cdt" Names="krs58banditSnorkel">

                            </Socket>
                          </AddonSockets>
                          <AddonSockets DefaultAddon="crane_krs_58_bandit">
                            <Socket Offset="(0; 0; 0)" Names="CraneKrs58Bandit">

                            </Socket>
                          </AddonSockets>
                          <AddonSockets DefaultAddon="frame_addon_sideboard_2">
                              <Socket Offset="(1.127; 1.357; 0)" NamesBlock="CraneKrs58Bandit" Names="LogLift">

                              </Socket>
                              <Socket Offset="(-5.28; 1.36; 0)" NamesBlock="CraneKrs58Bandit" Names="BunkLog">

                              </Socket>
                              <Socket Offset="(-1.2; 1.357; 0)" NamesBlock="CraneKrs58Bandit" Names="FrameAddonLogShort">

                              </Socket>
                              <Socket Offset="(-1.995; 1.347; 0)" Names="SaddleLow">

                              </Socket>
                              <Socket Offset="(-1.995; 1.347; 0)" Names="SaddleHigh">

                              </Socket>
                              <Socket NamesBlock="CraneKrs58Bandit, Trailer" Offset="(-0.73; 1.358; 0)" Names="FrameAddonTowPlatform">

                              </Socket>
                              <Socket ParentFrame="BoneChassis_cdt" Offset="(-1.336; 1.358; 0)" Names="FrameAddon">
                                  <ExtraParent Frame="BoneChassis_cdt" Offset="(0; 0; 0)">

                                  </ExtraParent>
                                  <ExtraParent Frame="BoneChassis_cdt" Offset="(0; 0; 0)">

                                  </ExtraParent>
                                <AddonsShift Offset="(-0.65; 0; 0)" Types="CraneKrs58Bandit">

                                </AddonsShift>
                              </Socket>
                              <Socket ParentFrame="BoneChassis_cdt" Offset="(-1.8; 1.43; -0)" Names="FrameAddonKung">
                                  <ExtraParent Frame="BoneChassis_cdt" Offset="(0; 0; -0.12)">

                                  </ExtraParent>
                                  <ExtraParent Frame="BoneChassis_cdt" Offset="(0; 0; 0.12)">

                                  </ExtraParent>
                                <AddonsShift Offset="(-0.65; 0; 0)" Types="CraneKrs58Bandit">

                                </AddonsShift>
                              </Socket>
                              <Socket Offset="(-1.93; 0.33; 0)" ParentFrame="BoneChassis_cdt" NamesBlock="CraneKrs58Bandit, Trailer" Names="FrameAddonMaintainer">

                              </Socket>
                              <Socket Offset="(-2.3; 1.358; 0)" ParentFrame="BoneChassis_cdt" NamesBlock="CraneKrs58Bandit" Names="FrameAddonTank">

                              </Socket>
                              <Socket Offset="(0.716; 1.349; 0)" ParentFrame="BoneChassis_cdt" NamesBlock="Trailer, CraneKrs58Bandit" Names="FrameAddonSeismicVibrator">

                              </Socket>
                          </AddonSockets>
                          <AddonSockets>
                              <Socket Offset="(-1.995; 1.66; 0)" Names="Semitrailer, SemitrailerOiltank">

                              </Socket>
                              <Socket Offset="(-1.995; 1.79; 0)" Names="LargeSemitrailer, LargeSemitrailerOiltank">

                              </Socket>
                              <Socket Offset="(-3.662; 1.014; 0)" Names="Trailer">

                              </Socket>
                          </AddonSockets>
                          <AddonSockets>
                            <Socket ParentFrame="BoneCabin_cdt" Names="Krs58BanditSticker_1x1_01" InCockpit="true">

                            </Socket>
                          </AddonSockets>
                          <AddonSockets>
                            <Socket ParentFrame="BoneCabin_cdt" Names="Krs58BanditSticker_1x1_02" InCockpit="true">

                            </Socket>
                          </AddonSockets>
                          <AddonSockets>
                            <Socket ParentFrame="BoneCabin_cdt" Names="Krs58BanditSticker_1x2_01" InCockpit="true">

                            </Socket>
                          </AddonSockets>
                          <AddonSockets>
                            <Socket ParentFrame="BoneCabin_cdt" Names="Krs58BanditSticker_1x2_02" InCockpit="true">

                            </Socket>
                          </AddonSockets>
                          <AddonSockets>
                            <Socket ParentFrame="BoneCabin_cdt" Names="Krs58BanditSticker_1x4_01" InCockpit="true">

                            </Socket>
                          </AddonSockets>
                          <AddonSockets>
                            <Socket ParentFrame="BoneCabin_cdt" Names="Krs58BanditSticker_GlassTop" InCockpit="true">

                            </Socket>
                          </AddonSockets>
                          <AddonSockets>
                            <Socket ParentFrame="BoneCabin_cdt" Names="Krs58BanditSticker_GlassBottom" InCockpit="true">

                            </Socket>
                          </AddonSockets>
                          <AddonSockets>
                            <Socket ParentFrame="BoneCabin_cdt" Names="Krs58BanditSticker_Roof">

                            </Socket>
                          </AddonSockets>
                          <AddonSockets>
                            <Socket ParentFrame="BoneCabin_cdt" Names="Krs58BanditSticker_Capote">

                            </Socket>
                          </AddonSockets>
                          <AddonSockets>
                            <Socket ParentFrame="BoneCabin_cdt" Names="Krs58BanditSticker_Door_L">

                            </Socket>
                          </AddonSockets>
                          <AddonSockets>
                            <Socket Offset="(3.967; 2.886; 0.207)" ParentFrame="BoneCabin_cdt" Names="StuffAirfreshener" InCockpit="true">

                            </Socket>
                          </AddonSockets>
                          <AddonSockets>
                            <Socket Offset="(3.725; 2.064; -0.125)" ParentFrame="BoneCabin_cdt" Dir="(0.832; 0; 0.555)" Names="StuffDashboard" InCockpit="true">

                            </Socket>
                          </AddonSockets>
                    <CustomizationCameras>
                                <CameraPos Interior="true" Position="(8.177; 6.416; -0.261)" Name="roof_sticker" InterestPosition="(5.355; 0.652; -0.597)" FOV="32.0">

                                </CameraPos>
                                <CameraPos MaxZoom="2" MaxYRotation="360" InterestPosition="(5.875; 0.563; 1.084)" FOV="32.0" Interior="true" Position="(5.81; 3.212; -0.941)" MaxXRotation="360" Name="sticker_1">

                                </CameraPos>
                                <CameraPos MaxZoom="2" MaxYRotation="360" Position="(-6.923; 2.071; 10.147)" MaxXRotation="360" Name="addon_1" InterestPosition="(1.036; 1.692; -0)" FOV="32.0">

                                </CameraPos>
                                <CameraPos MaxZoom="2" MaxYRotation="360" Position="(10.328; 3.173; 3.632)" MaxXRotation="360" Name="addon_2" InterestPosition="(4.991; 1.77; 0)" FOV="32.0">

                                </CameraPos>
                                <CameraPos MaxZoom="2" MaxYRotation="360" Position="(12.512; 3.395; 2.269)" MaxXRotation="360" Name="glass_sticker" InterestPosition="(7.556; 2.541; -0.462)" FOV="32.0">

                                </CameraPos>
                                <CameraPos Interior="true" Position="(5.586; 2.774; -0.399)" Name="mirror_mount" InterestPosition="(7.736; 2.617; 0.891)" FOV="32.0">

                                </CameraPos>
                                <CameraPos MaxZoom="2" MaxYRotation="360" Position="(11.451; 4.564; -2.806)" MaxXRotation="360" Name="side_r" InterestPosition="(4.679; 1.146; 0.131)" FOV="32.0">

                                </CameraPos>
                                <CameraPos Interior="true" Position="(5.548; 2.717; -0.148)" Name="sticker" InterestPosition="(7.52; 3.035; 0.242)" FOV="32.0">

                                </CameraPos>
                                <CameraPos MaxZoom="2" MaxYRotation="360" Position="(10.306; 5.571; -1.465)" MaxXRotation="360" Name="roof" InterestPosition="(6.209; 2.787; -1.094)" FOV="32.0">

                                </CameraPos>
                                <CameraPos Interior="true" Position="(10.512; 2.904; -1.657)" Name="capote_sticker" InterestPosition="(7.932; 1.936; -1.472)" FOV="32.0">

                                </CameraPos>
                                <CameraPos MaxZoom="2" MaxYRotation="360" Position="(11.585; 2.202; -2.737)" MaxXRotation="360" Name="hoods" InterestPosition="(5.787; 0.976; -0.396)" FOV="32.0">

                                </CameraPos>
                                <CameraPos MaxZoom="2" MaxYRotation="360" Position="(10.471; 2.809; 3.169)" MaxXRotation="360" Name="side_l" InterestPosition="(6.733; 1.727; -0.307)" FOV="32.0">

                                </CameraPos>
                                <CameraPos Interior="true" Position="(5.812; 2.45; -0.885)" Name="bubble_head" InterestPosition="(6.64; 1.526; 1.624)" FOV="32.0">

                                </CameraPos>
                                <CameraPos MaxZoom="2" MaxYRotation="360" Position="(8.636; 1.415; -5.738)" MaxXRotation="360" Name="wheels" InterestPosition="(4.978; 0.411; -0.328)" FOV="32.0">

                                </CameraPos>
                                <CameraPos MaxZoom="2" MaxYRotation="360" Position="(11.091; 1.495; -3.925)" MaxXRotation="360" Name="default" InterestPosition="(5.787; 0.976; 0)" FOV="32.0">

                                </CameraPos>
                                <CameraPos MaxZoom="2" MaxYRotation="360" Position="(-0.258; 1.601; 3.76)" MaxXRotation="360" Name="rear" InterestPosition="(5.042; 0.956; 0)" FOV="32.0">

                                </CameraPos>
                                <CameraPos Interior="true" Position="(2.952; 2.773; -3.618)" Name="door_l_sticker" InterestPosition="(3.787; 2.403; -0.496)" FOV="32.0">

                                </CameraPos>
                    </CustomizationCameras>
                              <WinchSocket Pos="(4.617; 1.074; -0.607)">

                              </WinchSocket>
                              <WinchSocket Pos="(4.617; 1.074; 0.607)">

                              </WinchSocket>
                              <WinchSocket Pos="(0.42; 1.13; -0.448)">

                              </WinchSocket>
                              <WinchSocket Pos="(0.42; 1.13; 0.448)">

                              </WinchSocket>
                              <WinchSocket Pos="(-3.662; 1.034; 0)">

                              </WinchSocket>
      </GameData>
      <Landmark MaxScale="3.8" MinScale="1.8" Mesh="landmarks/krs_58_bandit_lmk">

      </Landmark>
      <AutomaticIK>
                          <IKBone ModelFrame="BoneTieRodIK1" ParentFrame="BoneTieRod_cdt">
                            <IKJoint AxisLocal="(1; 0; 0)" Type="Hinge2">

                            </IKJoint>
                            <IKBone AttachOffset="(0; 0; 0)" ModelFrame="BoneTieRodIK2" AttachToFrame="BoneRackFrontL">
                                  <IKJoint AxisLocal="(1; 0; 0)" Type="Slider">

                                  </IKJoint>
                            </IKBone>
                          </IKBone>
                          <IKBone ModelFrame="BoneTieRodIK1_1" ParentFrame="BoneTieRod_1_cdt">
                            <IKJoint AxisLocal="(1; 0; 0)" Type="Hinge2">

                            </IKJoint>
                            <IKBone AttachOffset="(0; 0; 0)" ModelFrame="BoneTieRodIK2_1" AttachToFrame="BoneRackRearL">
                                  <IKJoint AxisLocal="(1; 0; 0)" Type="Slider">

                                  </IKJoint>
                            </IKBone>
                          </IKBone>
                          <IKBone ModelFrame="BonePistonFR" ParentFrame="BoneCabin_cdt">
                            <IKJoint AxisLocal="(0; 0; 1)" Type="Hinge2">

                            </IKJoint>
                            <IKBone AttachOffset="(0; 0; 0)" ModelFrame="BonePistonFR2" AttachToFrame="BoneAxle1">
                                  <IKJoint AxisLocal="(0; 0; 1)" Type="Slider">

                                  </IKJoint>
                            </IKBone>
                          </IKBone>
                          <IKBone ModelFrame="BonePistonFL" ParentFrame="BoneCabin_cdt">
                            <IKJoint AxisLocal="(0; 0; 1)" Type="Hinge2">

                            </IKJoint>
                            <IKBone AttachOffset="(0; 0; 0)" ModelFrame="BonePistonFL2" AttachToFrame="BoneAxle1">
                                  <IKJoint AxisLocal="(0; 0; 1)" Type="Slider">

                                  </IKJoint>
                            </IKBone>
                          </IKBone>
                          <IKBone ModelFrame="BonePistonRL" ParentFrame="BoneChassis_cdt">
                            <IKJoint AxisLocal="(0; 0; 1)" Type="Hinge2">

                            </IKJoint>
                            <IKBone AttachOffset="(0; 0; 0)" ModelFrame="BonePistonRL2" AttachToFrame="BoneAxle4">
                                  <IKJoint AxisLocal="(0; 0; 1)" Type="Slider">

                                  </IKJoint>
                            </IKBone>
                          </IKBone>
                          <IKBone ModelFrame="BonePistonRR" ParentFrame="BoneChassis_cdt">
                            <IKJoint AxisLocal="(0; 0; 1)" Type="Hinge2">

                            </IKJoint>
                            <IKBone AttachOffset="(0; 0; 0)" ModelFrame="BonePistonRR2" AttachToFrame="BoneAxle4">
                                  <IKJoint AxisLocal="(0; 0; 1)" Type="Slider">

                                  </IKJoint>
                            </IKBone>
                          </IKBone>
                          <IKBone ModelFrame="BonePistonM1L" ParentFrame="BoneChassis_cdt">
                            <IKJoint AxisLocal="(0; 0; 1)" Type="Hinge2">

                            </IKJoint>
                            <IKBone AttachOffset="(0; 0; 0)" ModelFrame="BonePistonM1L2" AttachToFrame="BoneAxle2">
                                  <IKJoint AxisLocal="(0; 0; 1)" Type="Slider">

                                  </IKJoint>
                            </IKBone>
                          </IKBone>
                          <IKBone ModelFrame="BonePistonM1R" ParentFrame="BoneChassis_cdt">
                            <IKJoint AxisLocal="(0; 0; 1)" Type="Hinge2">

                            </IKJoint>
                            <IKBone AttachOffset="(0; 0; 0)" ModelFrame="BonePistonM1R2" AttachToFrame="BoneAxle2">
                                  <IKJoint AxisLocal="(0; 0; 1)" Type="Slider">

                                  </IKJoint>
                            </IKBone>
                          </IKBone>
                          <IKBone ModelFrame="BonePistonM2L" ParentFrame="BoneChassis_cdt">
                            <IKJoint AxisLocal="(0; 0; 1)" Type="Hinge2">

                            </IKJoint>
                            <IKBone AttachOffset="(0; 0; 0)" ModelFrame="BonePistonM2L2" AttachToFrame="BoneAxle3">
                                  <IKJoint AxisLocal="(0; 0; 1)" Type="Slider">

                                  </IKJoint>
                            </IKBone>
                          </IKBone>
                          <IKBone ModelFrame="BonePistonM2R" ParentFrame="BoneChassis_cdt">
                            <IKJoint AxisLocal="(0; 0; 1)" Type="Hinge2">

                            </IKJoint>
                            <IKBone AttachOffset="(0; 0; 0)" ModelFrame="BonePistonM2R2" AttachToFrame="BoneAxle3">
                                  <IKJoint AxisLocal="(0; 0; 1)" Type="Slider">

                                  </IKJoint>
                            </IKBone>
                          </IKBone>
      </AutomaticIK>
  </Truck>
  <_templates Include="trucks">
        <Wheel>
            <RearAxle Torque="default" Location="rear" ConnectedToHandbrake="true">

            </RearAxle>
            <FirstAxle SteeringJointOffset="0.25" ParentFrame="BoneCabin_cdt" SteeringCastor="0" Torque="default" Location="front" SteeringAngle="30">

            </FirstAxle>
            <SecondAxle SteeringJointOffset="0.25" ParentFrame="BoneCabin_cdt" SteeringCastor="0" Torque="default" Location="front" SteeringAngle="24">

            </SecondAxle>
        </Wheel>
        <Body>
              <Mirror Mass="5" Collisions="None">
                  <Constraint AxisLocal="(0; 1; 0)" MaxLimit="3" MinLimit="-3" Type="Hinge">
                      <Motor Type="Spring" Spring="150" Damping="5">

                      </Motor>
                  </Constraint>
              </Mirror>
              <Mudguard Mass="1" Collisions="None">
                    <Constraint Type="Hinge">
                        <Motor Type="Spring" Spring="1" Damping=".1">

                        </Motor>
                    </Constraint>
              </Mudguard>
              <TieRod Mass="1">
                      <Constraint AxisLocal="(0; 0; 1)" MaxLimit="25" MinLimit="-25" Type="Hinge">
                          <Motor Type="Position" Tau="1" Force="6000" Damping="1.0">

                          </Motor>
                      </Constraint>
              </TieRod>
        </Body>
  </_templates>