  <Truck>
      <PhysicsModel Mesh="trucks/tuz_16_actaeon">
          <NetSync Legacy="false">

          </NetSync>
          <Body CenterOfMassOffset="(0; 0; 0)" ImpactType="Truck" NetSync="pv" ModelFrame="BoneChassis_cdt" Mass="2000">
                <Body CenterOfMassOffset="(0.3; 0; 0)" ImpactType="Truck" NetSync="pv" ModelFrame="BoneCabin_cdt" Mass="1400">
                    <Constraint Type="Hinge" MaxLimit="10" PivotOffset="(0; 0; 0)" AxisLocal="(1; 0; 0)" MinLimit="-10">
                        <Motor Spring="200000" Type="Spring" Damping="10000">

                        </Motor>
                    </Constraint>
                        <Body _template="TieRod" ModelFrame="BoneTieRod_cdt">
                          <Constraint MinLimit="-30" Name="TieRodSteer" MaxLimit="30" AxisLocal="(0; 0; 1)">

                          </Constraint>
                        </Body>
                        <Body ModelFrame="BoneKeyFob_cdt" Mass="0.2">
                          <Constraint MinLimit="-60" Type="Hinge" MaxLimit="28" AxisLocal="(0; 0; 1)">
                              <Motor Spring="0.002" Type="Spring" Damping="0.002">

                              </Motor>
                          </Constraint>
                          <Body ModelFrame="BoneKeyFob2_cdt" Mass="0.2">
                                <Constraint MinLimit="-4" Type="Hinge" MaxLimit="40" AxisLocal="(1; 0; 0)">
                                    <Motor Spring="0.001" Type="Spring" Damping="0.001">

                                    </Motor>
                                </Constraint>
                          </Body>
                        </Body>
                        <Body _template="SideMirror" ModelFrame="BoneMirrorLeft_cdt">

                        </Body>
                        <Body _template="SideMirror" ModelFrame="BoneMirrorRight_cdt">

                        </Body>
                        <Body CenterOfMassOffset="(0; 0; 0)" ImpactType="Truck" ModelFrame="BoneSunshieldLeft_cdt" Mass="5">
                          <Constraint Type="Hinge" MaxLimit="1" PivotOffset="(0; 0; 0)" AxisLocal="(0; 0; -1)" MinLimit="-11">
                              <Motor Spring="40" Type="Spring" Damping="0.004">

                              </Motor>
                          </Constraint>
                        </Body>
                        <Body CenterOfMassOffset="(0; 0; 0)" ImpactType="Truck" ModelFrame="BoneSunshieldRight_cdt" Mass="5">
                          <Constraint Type="Hinge" MaxLimit="1" PivotOffset="(0; 0; 0)" AxisLocal="(0; 0; -1)" MinLimit="-15">
                              <Motor Spring="35" Type="Spring" Damping="0.001">

                              </Motor>
                          </Constraint>
                        </Body>
                        <Body _template="Mudguard" ModelFrame="BoneLeftMudguard_cdt">
                          <Constraint MaxLimit="20" AxisLocal="(0; 0; 1)" MinLimit="-20">

                          </Constraint>
                        </Body>
                        <Body _template="Mudguard" ModelFrame="BoneRightMudguard_cdt">
                          <Constraint MaxLimit="20" AxisLocal="(0; 0; 1)" MinLimit="-20">

                          </Constraint>
                        </Body>
                </Body>
          </Body>
      </PhysicsModel>
      <GameData Country="RU,CAS" Price="54400" UnlockByRank="1" UnlockByExploration="true">
            <CustomizationCameras>
                  <CameraPos Interior="true" Position="(8.636; 5.797; -0.306)" FOV="32.0" InterestPosition="(5.879; 1.467; -0.638)" Name="roof_sticker">

                  </CameraPos>
                  <CameraPos Interior="true" Position="(6.081; 2.145; -0.794)" FOV="32.0" InterestPosition="(8.01; 3.351; 0.975)" Name="sticker_1">

                  </CameraPos>
                  <CameraPos InterestPosition="(3.436; 1.838; 0)" Name="addon_1" MaxXRotation="360" Position="(-2.759; 2.94; 3.11)" MaxZoom="2" FOV="32.0" MaxYRotation="360">

                  </CameraPos>
                  <CameraPos InterestPosition="(6.234; 1.465; 0)" Name="addon_2" MaxXRotation="360" Position="(1.204; 3.735; 2.785)" MaxZoom="2" FOV="32.0" MaxYRotation="360">

                  </CameraPos>
                  <CameraPos Interior="true" Position="(5.895; 2.293; -0.603)" FOV="32.0" InterestPosition="(8.01; 2.428; 1.109)" Name="mirror_mount">

                  </CameraPos>
                  <CameraPos InterestPosition="(4.093; 1.271; -0)" Name="side_r" MaxXRotation="360" Position="(-0.312; 3.02; -4.508)" MaxZoom="2" FOV="32.0" MaxYRotation="360">

                  </CameraPos>
                  <CameraPos Interior="true" Position="(6.23; 2.397; -0.334)" FOV="32.0" InterestPosition="(8.45; 0.642; 1.673)" Name="sticker">

                  </CameraPos>
                  <CameraPos Interior="true" Position="(5.345; 2.104; 3.354)" FOV="32.0" InterestPosition="(7.982; 1.255; 0.354)" Name="door_r_sticker">

                  </CameraPos>
                  <CameraPos InterestPosition="(6.176; 1.62; -0)" Name="roof" MaxXRotation="360" Position="(10.826; 3.373; -2.593)" MaxZoom="2" FOV="32.0" MaxYRotation="360">

                  </CameraPos>
                  <CameraPos Interior="true" Position="(10.281; 3.05; 0.875)" FOV="32.0" InterestPosition="(6.271; 2.115; -0.972)" Name="glass_sticker">

                  </CameraPos>
                  <CameraPos InterestPosition="(6.274; 1.419; 0)" Name="hoods" MaxXRotation="360" Position="(12.254; 1.461; -3.025)" MaxZoom="2" FOV="32.0" MaxYRotation="360">

                  </CameraPos>
                  <CameraPos Interior="true" Position="(6.143; 2.253; 0.166)" FOV="32.0" InterestPosition="(6.964; 2.902; 1.545)" Name="sticker_2">

                  </CameraPos>
                  <CameraPos InterestPosition="(6.825; 1.485; 0)" Name="side_l" MaxXRotation="360" Position="(9.239; 3.248; 3.775)" MaxZoom="2" FOV="32.0" MaxYRotation="360">

                  </CameraPos>
                  <CameraPos Interior="true" Position="(5.91; 2.229; -0.368)" FOV="32.0" InterestPosition="(7.185; 1.33; 1.478)" Name="bubble_head">

                  </CameraPos>
                  <CameraPos InterestPosition="(5.685; 0.438; 0)" Name="wheels" MaxXRotation="360" Position="(8.355; 1.498; -3.847)" MaxZoom="2" FOV="32.0" MaxYRotation="360">

                  </CameraPos>
                  <CameraPos InterestPosition="(6.274; 1.419; 0)" Name="default" MaxXRotation="360" Position="(12.254; 1.461; -3.025)" MaxZoom="2" FOV="32.0" MaxYRotation="360">

                  </CameraPos>
                  <CameraPos InterestPosition="(3.965; 0.811; 0)" Name="rear" MaxXRotation="360" Position="(-0.509; 2.582; 2.683)" MaxZoom="2" FOV="32.0" MaxYRotation="360">

                  </CameraPos>
                  <CameraPos Interior="true" Position="(5.411; 2.092; -3.375)" FOV="32.0" InterestPosition="(6.042; 1.41; -0.302)" Name="door_l_sticker">

                  </CameraPos>
                  <CameraPos Interior="true" Position="(8.557; 2.245; -1.231)" FOV="32.0" InterestPosition="(7.506; 1.929; -1.231)" Name="hood_ornament">

                  </CameraPos>
            </CustomizationCameras>
                <CraneSocket Pos="(2.619; 1.24; -0.41)" ParentFrame="BoneCabin_cdt">

                </CraneSocket>
                <CraneSocket Pos="(2.619; 1.24; 0.41)" ParentFrame="BoneCabin_cdt">

                </CraneSocket>
                <CraneSocket Pos="(-3.071; 1.039; -0.001)">

                </CraneSocket>
                <CraneSocket Pos="(-1.138; 1.125; 0.445)">

                </CraneSocket>
                <CraneSocket Pos="(-1.138; 1.125; -0.445)">

                </CraneSocket>
                  <AddonSockets>
                      <Socket Offset="(-4.921; 1.145; 0)" Names="BunkLog">

                      </Socket>
                      <Socket Offset="(-1.6; 1.141; 0)" Names="FrameAddonSideboard1">
                        <AddonsShift Types="MinicraneRU" Offset="(-0.5; 0; 0)">

                        </AddonsShift>
                      </Socket>
                      <Socket Offset="(-1.063; 1.141; 0)" NamesBlock="tuz_16_actaeonWheelAddon" Names="FrameAddonTankSmall">

                      </Socket>
                      <Socket Offset="(-1.3; 1.141; 0)" Names="FrameAddonMaintainerSmall">

                      </Socket>
                  </AddonSockets>
                  <AddonSockets>
                    <Socket Offset="(-3.128; 1.045; 0)" Names="Trailer">

                    </Socket>
                  </AddonSockets>
                  <AddonSockets>
                    <Socket Offset="(-0.1; 1.141; 0)" NamesBlock="BunkLog, FrameAddonMaintainerSmall, FrameAddonTankSmall" Names="MinicraneRU">
                          <ExtraParent Offset="(0; 0; -0.02)" Frame="BoneChassis_cdt">

                          </ExtraParent>
                          <ExtraParent Offset="(0; 0; 0.02)" Frame="BoneChassis_cdt">

                          </ExtraParent>
                    </Socket>
                  </AddonSockets>
                  <AddonSockets DefaultAddon="tuz_16_actaeon_bumper_default">
                    <Socket Offset="(0; 0; 0)" _template="Cabin2Chassis" Names="tuz_16_actaeonBumper">

                    </Socket>
                  </AddonSockets>
                  <AddonSockets DefaultAddon="tuz_16_actaeon_wheel_addon_1">
                    <Socket ParentFrame="BoneCabin_cdt" Offset="(0; 0; 0)" Names="tuz_16_actaeonWheelAddon">

                    </Socket>
                  </AddonSockets>
                  <AddonSockets>
                    <Socket Offset="(0; 0; 0)" Names="tuz_16_actaeonFender">

                    </Socket>
                  </AddonSockets>
                  <AddonSockets>
                    <Socket Offset="(0; 0; 0)" _template="Cabin2Chassis" Names="tuz_16_actaeonSnorkel">

                    </Socket>
                  </AddonSockets>
                  <AddonSockets>
                    <Socket Offset="(0; 0; 0)" _template="Cabin2Chassis" Names="tuz_16_actaeonGabarite">

                    </Socket>
                  </AddonSockets>
                  <AddonSockets>
                    <Socket Offset="(0; 0; 0)" _template="Cabin2Chassis" Names="tuz_16_actaeonBeacon">

                    </Socket>
                  </AddonSockets>
                  <AddonSockets>
                    <Socket Offset="(0; 0; 0)" _template="Cabin2Chassis" Names="tuz_16_actaeonHorn">

                    </Socket>
                  </AddonSockets>
                  <AddonSockets>
                    <Socket Offset="(0; 0; 0)" _template="Cabin2Chassis" Names="tuz_16_actaeonRooftopTrunk">

                    </Socket>
                  </AddonSockets>
                  <AddonSockets DefaultAddon="tuz_16_actaeon_diff_lock_default">
                    <Socket ParentFrame="BoneChassis_cdt" Offset="(0; 0; 0)" Names="Tuz16ActaeonDiffLock">

                    </Socket>
                  </AddonSockets>
                  <AddonSockets>
                    <Socket Names="tuz_16_actaeonSticker_1x1_01" InCockpit="true" _template="Cabin2Chassis" Offset="(0; 0; 0)">

                    </Socket>
                  </AddonSockets>
                  <AddonSockets>
                    <Socket Names="tuz_16_actaeonSticker_1x1_02" InCockpit="true" _template="Cabin2Chassis" Offset="(0; 0; 0)">

                    </Socket>
                  </AddonSockets>
                  <AddonSockets>
                    <Socket Names="tuz_16_actaeonSticker_1x1_03" InCockpit="true" ParentFrame="BoneSunshieldLeft_cdt" Offset="(0; 0; 0)">
                        <ExtraParent Frame="BoneChassis_cdt">

                        </ExtraParent>
                    </Socket>
                  </AddonSockets>
                  <AddonSockets>
                    <Socket Names="tuz_16_actaeonSticker_1x2_01" InCockpit="true" _template="Cabin2Chassis" Offset="(0; 0; 0)">

                    </Socket>
                  </AddonSockets>
                  <AddonSockets>
                    <Socket Names="tuz_16_actaeonSticker_1x2_02" InCockpit="true" ParentFrame="BoneSunshieldLeft_cdt" Offset="(0; 0; 0)">
                        <ExtraParent Frame="BoneChassis_cdt">

                        </ExtraParent>
                    </Socket>
                  </AddonSockets>
                  <AddonSockets>
                    <Socket Names="tuz_16_actaeonSticker_1x4_01" InCockpit="true" ParentFrame="BoneSunshieldRight_cdt" Offset="(0; 0; 0)">
                        <ExtraParent Frame="BoneChassis_cdt">

                        </ExtraParent>
                    </Socket>
                  </AddonSockets>
                  <AddonSockets>
                    <Socket Names="StuffAirfreshener" InCockpit="true" _template="Cabin2Chassis" Offset="(1.748; 2.499; 0.273)">

                    </Socket>
                  </AddonSockets>
                  <AddonSockets>
                    <Socket Names="tuz16ActaeonSticker_GlassTop" InCockpit="true" _template="Cabin2Chassis" Offset="(0; 0; 0)">

                    </Socket>
                  </AddonSockets>
                  <AddonSockets>
                    <Socket Names="tuz16ActaeonSticker_GlassBottom" InCockpit="true" _template="Cabin2Chassis" Offset="(0; 0; 0)">

                    </Socket>
                  </AddonSockets>
                  <AddonSockets>
                    <Socket Offset="(0; 0; 0)" _template="Cabin2Chassis" Names="tuz16ActaeonSticker_Door_R">

                    </Socket>
                  </AddonSockets>
                  <AddonSockets>
                    <Socket Offset="(0; 0; 0)" _template="Cabin2Chassis" Names="tuz16ActaeonSticker_Door_L">

                    </Socket>
                  </AddonSockets>
                  <AddonSockets>
                    <Socket Offset="(0; 0; 0)" _template="Cabin2Chassis" Names="tuz16ActaeonSticker_Roof">

                    </Socket>
                  </AddonSockets>
                  <AddonSockets>
                    <Socket Names="StuffDashboard" InCockpit="true" ParentFrame="BoneCabin_cdt" Offset="(1.47; 1.89; -0)">
                          <ExtraParent Frame="BoneChassis_cdt">

                          </ExtraParent>
                          <ExtraParent Frame="BoneCabin_cdt">

                          </ExtraParent>
                          <ExtraParent Frame="BoneCabin_cdt">

                          </ExtraParent>
                    </Socket>
                  </AddonSockets>
                  <AddonSockets>
                    <Socket _template="Cabin2Chassis" Names="StuffHoodTuz16Actaeon">

                    </Socket>
                  </AddonSockets>
                    <WinchSocket Pos="(2.619; 1.24; -0.41)" ParentFrame="BoneCabin_cdt">

                    </WinchSocket>
                    <WinchSocket Pos="(2.619; 1.24; 0.41)" ParentFrame="BoneCabin_cdt">

                    </WinchSocket>
                    <WinchSocket Pos="(-3.071; 1.039; -0.001)">

                    </WinchSocket>
                    <WinchSocket Pos="(-1.138; 1.125; 0.445)">

                    </WinchSocket>
                    <WinchSocket Pos="(-1.138; 1.125; -0.445)">

                    </WinchSocket>
            <UiDesc UiDesc="UI_VEHICLE_TUZ_16_ACTAEON_DESC" UiIcon30x30="offroadVehicleImg30" UiName="UI_VEHICLE_TUZ_16_ACTAEON_NAME" UiIconLogo="TUZLogo80" UiIcon40x40="offroadVehicleImg" UiIcon328x458="shopImgActeon">

            </UiDesc>
      </GameData>
      <ControlledConstraints>
              <Constraint Name="TieRodSteer" IsLinkedSteering="true" Id="chassis_steer">

              </Constraint>
      </ControlledConstraints>
      <HeadLight ParentFrame="BoneCabin_cdt" _template="Default" Pos="(2.865; 1.326; 0)">

      </HeadLight>
      <Landmark Mesh="landmarks/tuz_16_actaeon_lmk" MaxScale="2.5" MinScale="1.5">

      </Landmark>
      <AutomaticIK>
                      <IKBone ParentFrame="BoneTieRod_cdt" ModelFrame="BoneTieRodIK1">
                        <IKBone AttachToFrame="BoneRackLeft" AttachOffset="(0; 0; 0)" ModelFrame="BoneTieRodIK2">
                            <IKJoint AxisLocal="(1; 0; 0)" Type="Slider">

                            </IKJoint>
                        </IKBone>
                        <IKJoint AxisLocal="(1; 0; 0)" Type="Hinge2">

                        </IKJoint>
                      </IKBone>
                      <IKBone ParentFrame="BoneCabin_cdt" ModelFrame="BonePistonFL">
                        <IKBone AttachToFrame="BoneAxle1" AttachOffset="(0; 0; 0)" ModelFrame="BonePistonFL2">
                            <IKJoint AxisLocal="(1; 0; 0)" Type="Slider">

                            </IKJoint>
                        </IKBone>
                        <IKJoint AxisLocal="(1; 0; 0)" Type="Hinge2">

                        </IKJoint>
                      </IKBone>
                      <IKBone ParentFrame="BoneCabin_cdt" ModelFrame="BonePistonFR">
                        <IKBone AttachToFrame="BoneAxle1" AttachOffset="(0; 0; 0)" ModelFrame="BonePistonFR2">
                            <IKJoint AxisLocal="(1; 0; 0)" Type="Slider">

                            </IKJoint>
                        </IKBone>
                        <IKJoint AxisLocal="(1; 0; 0)" Type="Hinge2">

                        </IKJoint>
                      </IKBone>
                      <IKBone ParentFrame="BoneChassis_cdt" ModelFrame="BonePistonRL">
                        <IKBone AttachToFrame="BoneAxle2" AttachOffset="(0; 0; 0)" ModelFrame="BonePistonRL2">
                            <IKJoint AxisLocal="(1; 0; 0)" Type="Slider">

                            </IKJoint>
                        </IKBone>
                        <IKJoint AxisLocal="(1; 0; 0)" Type="Hinge2">

                        </IKJoint>
                      </IKBone>
                      <IKBone ParentFrame="BoneChassis_cdt" ModelFrame="BonePistonRR">
                        <IKBone AttachToFrame="BoneAxle2" AttachOffset="(0; 0; 0)" ModelFrame="BonePistonRR2">
                            <IKJoint AxisLocal="(1; 0; 0)" Type="Slider">

                            </IKJoint>
                        </IKBone>
                        <IKJoint AxisLocal="(1; 0; 0)" Type="Hinge2">

                        </IKJoint>
                      </IKBone>
      </AutomaticIK>
      <ModelAttachments>
                      <StopSignals>
                            <Flare Size="0.4" _template="StopSignal" Pos="(-3.122; 0.883; 0.374)">

                            </Flare>
                            <Flare Size="0.4" _template="StopSignal" Pos="(-3.122; 0.883; -0.374)">

                            </Flare>
                          <Light _template="StopSignal" Pos="(-3.27; 0.92; 0)">

                          </Light>
                      </StopSignals>
                      <Ignition>
                              <Flare Dir="(-1; 0; 0)" Size="0.2" _template="IgnitionSignalRed" Pos="(-3.12; 0.883; 0.429)">

                              </Flare>
                              <Flare Dir="(-1; 0; 0)" Size="0.2" _template="IgnitionSignalRed" Pos="(-3.12; 0.883; -0.429)">

                              </Flare>
                              <Flare Color="g(255; 174; 0) x 0.25" Pos="(1.556; 2.673; -0.2)" ParentFrame="BoneCabin_cdt" Size="0.3" _template="MarkerBeacon">

                              </Flare>
                              <Flare Color="g(255; 174; 0) x 0.25" Pos="(1.556; 2.673; 0)" ParentFrame="BoneCabin_cdt" Size="0.3" _template="MarkerBeacon">

                              </Flare>
                              <Flare Color="g(255; 174; 0) x 0.25" Pos="(1.556; 2.673; 0.2)" ParentFrame="BoneCabin_cdt" Size="0.3" _template="MarkerBeacon">

                              </Flare>
                              <Flare ParentFrame="BoneCabin_cdt" DirAngle="120" Size="0.4" _template="IgnitionSignalWhite" Pos="(2.278; 1.326; -0.8)">

                              </Flare>
                              <Flare ParentFrame="BoneCabin_cdt" DirAngle="120" Size="0.4" _template="IgnitionSignalWhite" Pos="(2.278; 1.326; 0.8)">

                              </Flare>
                              <Flare Color="g(245; 225; 200) x .3" Pos="(2.363; 1.586; -0.869)" ParentFrame="BoneCabin_cdt" Size="0.3" _template="IgnitionSignalWhite">

                              </Flare>
                              <Flare Color="g(245; 225; 200) x .3" Pos="(2.363; 1.586; 0.869)" ParentFrame="BoneCabin_cdt" Size="0.3" _template="IgnitionSignalWhite">

                              </Flare>
                                <Light ParentFrame="BoneCabin_cdt" _template="IgnitionSignalWhite" Pos="(2.688; 0.883; 0.8)">

                                </Light>
                                <Light ParentFrame="BoneCabin_cdt" _template="IgnitionSignalWhite" Pos="(2.688; 0.883; -0.8)">

                                </Light>
                                <Light _template="IgnitionSignalRed" Pos="(-3.3; 0.883; 0)">

                                </Light>
                      </Ignition>
                      <HeadLight>
                                <Flare Color="g(245; 225; 180) x 0.5" Pos="(2.278; 1.326; 0.8)" ParentFrame="BoneCabin_cdt" Size="0.45" _template="HeadLight">

                                </Flare>
                                <Flare Color="g(245; 225; 180) x 0.5" Pos="(2.278; 1.326; -0.8)" ParentFrame="BoneCabin_cdt" Size="0.45" _template="HeadLight">

                                </Flare>
                                <Flare Color="g(245; 225; 200) x 1.0" ParentFrame="BoneCabin_cdt" Pos="(1.773; 2.737; 0.711)" DirAngle="120" Size="0.4" _template="IgnitionSignalWhite">

                                </Flare>
                                <Flare ParentFrame="BoneCabin_cdt" _template="BlueStreak" Pos="(2.278; 1.326; -0.8)">

                                </Flare>
                                <Flare ParentFrame="BoneCabin_cdt" _template="BlueStreak" Pos="(2.278; 1.326; 0.8)">

                                </Flare>
                                <Flare ParentFrame="BoneCabin_cdt" _template="BlueStreak" Pos="(1.773; 2.737; 0.711)">

                                </Flare>
                                  <Model Org="(2.278; 1.326; -0.8)" _template="HeadLightRay" ParentFrame="BoneCabin_cdt">

                                  </Model>
                                  <Model Org="(2.278; 1.326; 0.8)" _template="HeadLightRay" ParentFrame="BoneCabin_cdt">

                                  </Model>
                                  <Model Org="(1.773; 2.737; 0.711)" _template="HeadLightRay" ParentFrame="BoneCabin_cdt">

                                  </Model>
                      </HeadLight>
                      <ReverseSignals>

                      </ReverseSignals>
      </ModelAttachments>
      <TruckData EngineIconMesh="env/engine_default" EngineStartDelay="0.8" TruckType="OFFROAD" ExhaustStartTime="0.9" SteerSpeed="0.03" TruckImage="tuz16mchr" DiffLockType="Installed" Responsiveness="0.15" FuelCapacity="110" EngineIconScale="1" BackSteerSpeed="0.025">
                        <Driver ParentFrame="BoneCabin_cdt" SteeringWheelPos="(1.587; 2.062; 0.678)" Pos="(1.2; 1.696; 0.677)" AnimationSet="Truck">

                        </Driver>
                        <Shafts>
                                <Shaft SocketPointB="Shaft1b" SocketPointA="Shaft1a">

                                </Shaft>
                                <Shaft SocketPointB="Shaft2b" SocketPointA="Shaft2a">

                                </Shaft>
                                <Shaft SocketPointB="Shaft3b" SocketPointA="Shaft3a">

                                </Shaft>
                        </Shafts>
                        <FuelTank DamageCapacity="120">

                        </FuelTank>
                        <Dashboard>
                                    <Gauge Org="(1.788; 1.97; 0.796)" OutputAngles="(-45; -8)" Mesh="trucks/arrows/tuz_16_actaeon_arrow_3" Damping="0.99" InputRange="(0;1)" InputType="engineEnabled" Dir="(-0.801; 0.599; 0)">

                                    </Gauge>
                                    <Gauge Org="(1.759; 1.932; 0.821)" OutputAngles="(-30; 18)" Mesh="trucks/arrows/tuz_16_actaeon_arrow_3" Damping="0.99" InputRange="(0;1)" InputType="engineEnabled" Dir="(-0.801; 0.599; 0)">

                                    </Gauge>
                                    <Gauge Org="(1.759; 1.934; 0.771)" OutputAngles="(-30; 30)" Mesh="trucks/arrows/tuz_16_actaeon_arrow_3" Damping="0.99" InputRange="(0;1)" InputType="fuel" Dir="(-0.801; 0.599; 0)">

                                    </Gauge>
                                    <Gauge Org="(1.78; 1.962; 0.534)" OutputAngles="(-135; 135)" Mesh="trucks/arrows/tuz_16_actaeon_arrow_1" Damping="0.99" InputRange="(0;120)" InputType="speed" Dir="(-0.801; 0.599; 0)">

                                    </Gauge>
                                    <Gauge Org="(1.789; 1.953; 0.339)" OutputAngles="(-120; 45)" Mesh="trucks/arrows/tuz_16_actaeon_arrow_2" Damping="0.99" InputRange="(0;1)" InputType="engineEnabled" Dir="(-0.616; 0.788; 0)">

                                    </Gauge>
                        </Dashboard>
                        <SoundsWheels _template="Default">

                        </SoundsWheels>
                        <GearboxSocket Default="g_truck_default" Type="gearboxes_trucks">

                        </GearboxSocket>
                                      <Steam Origin="(2.578; 1.405; 0)" ParentFrame="BoneCabin_cdt">

                                      </Steam>
                                      <Steam Origin="(0.937; 1.315; 0)" ParentFrame="BoneCabin_cdt">

                                      </Steam>
                        <Sounds DisableReversePitch="false" MinDist="15.0" Origin="(1.55; 1.6; 0)" ParentFrame="BoneCabin_cdt" AirHissInterval="12.0" _template="Default">
                                          <BrakesSqueal Sound="trucks/tuz_16_actaeon/tuz_16_actaeon_brakes_squeal">

                                          </BrakesSqueal>
                                          <AbruptStop Sound="trucks/common/truck_swing_big_rnd_set/truck_swing_big_rnd">

                                          </AbruptStop>
                                          <EngineLow Sound="trucks/tuz_16_actaeon/tuz_16_actaeon_low">

                                          </EngineLow>
                                          <EngineRev Sound="trucks/tuz_16_actaeon/tuz_16_actaeon_rev">

                                          </EngineRev>
                                          <EngineAccel Sound="trucks/tuz_16_actaeon/tuz_16_actaeon_acc">

                                          </EngineAccel>
                                          <Honk Sound="trucks/tuz_16_actaeon/tuz_16_actaeon_honk">

                                          </Honk>
                                          <EngineStop Sound="trucks/tuz_16_actaeon/tuz_16_actaeon_stop">

                                          </EngineStop>
                                          <Handbrake Sound="trucks/tuz_16_actaeon/tuz_16_actaeon_handbrake_on">

                                          </Handbrake>
                                          <EngineIdle_2d IsSound2D="true" Sound="trucks/tuz_16_actaeon/tuz_16_actaeon_idle_2d">

                                          </EngineIdle_2d>
                                          <HandbrakeOff Sound="trucks/tuz_16_actaeon/tuz_16_actaeon_handbrake_off">

                                          </HandbrakeOff>
                                          <EngineHeavy_2d IsSound2D="true" Sound="trucks/tuz_16_actaeon/tuz_16_actaeon_heavy_2d">

                                          </EngineHeavy_2d>
                                          <ChassisStress Sound="trucks/common/truck_stress_rnd_set/truck_stress_rnd">

                                          </ChassisStress>
                                          <Reverse Sound="trucks/common/truck_trans_reverse_loop">

                                          </Reverse>
                                          <EngineHigh_2d IsSound2D="true" Sound="trucks/tuz_16_actaeon/tuz_16_actaeon_high_2d">

                                          </EngineHigh_2d>
                                          <EngineIdle Sound="trucks/tuz_16_actaeon/tuz_16_actaeon_idle">

                                          </EngineIdle>
                                          <EngineTrans Sound="">

                                          </EngineTrans>
                                          <EngineHigh Sound="trucks/tuz_16_actaeon/tuz_16_actaeon_high">

                                          </EngineHigh>
                                          <EngineLow_2d IsSound2D="true" Sound="trucks/tuz_16_actaeon/tuz_16_actaeon_low_2d">

                                          </EngineLow_2d>
                                          <EngineHeavy Sound="trucks/tuz_16_actaeon/tuz_16_actaeon_heavy">

                                          </EngineHeavy>
                                          <BrakeRelease Sound="trucks/tuz_16_actaeon/tuz_16_actaeon_brake_release">

                                          </BrakeRelease>
                                          <EngineStart Sound="trucks/tuz_16_actaeon/tuz_16_actaeon_start">

                                          </EngineStart>
                        </Sounds>
                        <EngineSocket Default="ru_truck_old_engine_0" Type="e_ru_truck_old">

                        </EngineSocket>
                        <Intake Size="1" Origin="(2.315; 1.499; 0)" Dir="(1; 0; 0)">

                        </Intake>
                        <SoundsDamage _template="Heavy">

                        </SoundsDamage>
                        <Camera ParentFrame="BoneCabin_cdt" Center="(-1.4; 0; 0)">
                                                  <Cockpit WindshieldShadingTexture="trucks/tuz_16_actaeon_glass__sh_d.tga" WindshieldDiffuseTexture="trucks/tuz_16_actaeon_glass__d_a.tga" _template="Default" ViewPos="(1.2; 2.302; 0.677)">
                                                        <Mirror FOVScale="1.8" ClipDir="(-0.918; -0.051; -0.393)" Pos="(1.648; 2.258; 1.252)" Size="(0.13; 0.27)" MeshFrame="mirror_left" ReflectionDir="(-0.918; -0.051; -0.393)">

                                                        </Mirror>
                                                        <Mirror FOVScale="2.5" ClipDir="(-0.739; -0.05; 0.672)" Pos="(1.493; 2.258; -1.192)" Size="(0.13; 0.27)" MeshFrame="mirror_right" ReflectionDir="(-0.739; -0.05; 0.672)">

                                                        </Mirror>
                                                  </Cockpit>
                        </Camera>
                        <Shakers>
                                                    <Shaker MinAngle="(0.3; 0.3; 0.3)" Frame="BoneExhaust" ParentFrame="BoneCabin_cdt" MaxAngle="(0.6; 0.6; 0.6)" MaxFrequency="10">

                                                    </Shaker>
                        </Shakers>
                        <Damage SensationMin="(0.824; 2.547; -1.058)" Capacity="600" ParentFrame="BoneCabin_cdt" SensationMax="(1.903; 1.972; 1.058)">
                                                        <DamageArea Max="(2.361; 1.972; 1.089)" Type="Engine" ParentFrame="BoneCabin_cdt" Min="(1.763; 1.303; -1.111)">

                                                        </DamageArea>
                                                        <DamageArea Max="(0.12; 0.83; 0.969)" Type="FuelTank" ParentFrame="BoneCabin_cdt" Min="(-0.686; 1.142; 0.466)">

                                                        </DamageArea>
                                                        <DamageArea Max="(0.12; 0.83; -0.969)" Type="FuelTank" ParentFrame="BoneCabin_cdt" Min="(-0.686; 1.142; -0.466)">

                                                        </DamageArea>
                        </Damage>
                        <SuspensionSocket Default="tuz_16_actaeon_suspension_default" Type="s_tuz_16_actaeon" MaxWheelRadiusWithoutSuspension="0.47">

                        </SuspensionSocket>
                        <Wheels DefaultTire="highway_1" DefaultWheelType="wheels_medium_double_front" DefaultRim="rim_1">
                                                            <Wheel _template="FrontWheel" Pos="(1.41; 0.596; 0.856)">

                                                            </Wheel>
                                                            <Wheel Pos="(1.41; 0.596; 0.856)" _template="FrontWheel" RightSide="true">

                                                            </Wheel>
                                                            <Wheel _template="RearWheel" Pos="(-1.872; 0.595; 0.884)">

                                                            </Wheel>
                                                            <Wheel Pos="(-1.872; 0.595; 0.884)" _template="RearWheel" RightSide="true">

                                                            </Wheel>
                        </Wheels>
                        <Axles>
                                                              <Axle Frame="BoneAxle1">

                                                              </Axle>
                                                              <Axle Frame="BoneAxle2">

                                                              </Axle>
                        </Axles>
                        <Exhaust Dir="(0; 0; 1)" Origin="(-0.866; 1.076; 0.831)" Speed="2.0">

                        </Exhaust>
                        <OcclusionMap HalfSizeZ="1.7" MinX="-3.1" MaxX="2.7">

                        </OcclusionMap>
                                                                <LimitedFluid Type="Box" SizeX="0.745" Center="(-0.283; 0.986; 0.717)" SizeY="0.271" SizeZ="0.434">

                                                                </LimitedFluid>
                                                                <LimitedFluid Type="Box" SizeX="0.745" Center="(-0.283; 0.986; -0.717)" SizeY="0.271" SizeZ="0.434">

                                                                </LimitedFluid>
                        <WinchUpgradeSocket Default="w_medium_trucks_default" IsUpgradable="true" Type="winches_medium_trucks, winches_actaeon">

                        </WinchUpgradeSocket>
                        <SteeringWheel Frame="BoneSteering">

                        </SteeringWheel>
                                                                      <CompatibleWheels OffsetZ="0.04" RearOffsetZ="0.06" Scale="0.5" Type="wheels_medium_double_front">

                                                                      </CompatibleWheels>
                                                                      <CompatibleWheels OffsetZ="0.13" RearOffsetZ="0.08" Scale="0.5" Type="wheels_medium_mudtires_actaeon">

                                                                      </CompatibleWheels>
                                                                      <CompatibleWheels OffsetZ="0.04" RearOffsetZ="0.06" Scale="0.55" Type="wheels_medium_double_front">

                                                                      </CompatibleWheels>
                                                                      <CompatibleWheels OffsetZ="0.13" RearOffsetZ="0.08" Scale="0.55" Type="wheels_medium_mudtires_actaeon">

                                                                      </CompatibleWheels>
                                                                      <CompatibleWheels OffsetZ="0.04" RearOffsetZ="0.06" Scale="0.6" Type="wheels_medium_double_front">

                                                                      </CompatibleWheels>
                                                                      <CompatibleWheels OffsetZ="0.18" RearOffsetZ="0.08" Scale="0.6" Type="wheels_medium_mudtires_actaeon">

                                                                      </CompatibleWheels>
                        <SteeringRack RackHalfSizeZ="0.750" Frame="BoneRack" FrameSteerLeft="BoneRackLeft" FrameSteerRight="BoneRackRight">

                        </SteeringRack>
      </TruckData>
  </Truck>
  <_templates Include="trucks">
        <Socket>
            <Cabin2Chassis ParentFrame="BoneCabin_cdt" Offset="(0; 0; 0)">
                <ExtraParent Frame="BoneChassis_cdt">

                </ExtraParent>
            </Cabin2Chassis>
        </Socket>
        <Flare>
              <IgnitionSignalOrange Color="g(255; 140; 0) x 0.3" AspectRatio="1.4" DirAngle="135" Dir="(0; 1; 0)" Size="0.1" ColorMultAtDay="0.6">

              </IgnitionSignalOrange>
        </Flare>
        <Body>
                <Mudguard Collisions="None" Mass="10">
                    <Constraint Type="Hinge">
                        <Motor Spring="10" Type="Spring" Damping="1">

                        </Motor>
                    </Constraint>
                </Mudguard>
                <SideMirror Collisions="None" Mass="5">
                      <Constraint MinLimit="-5" Type="Hinge" MaxLimit="5" AxisLocal="(0; 1; 0)">
                          <Motor Spring="15" Type="Spring" Damping=".1">

                          </Motor>
                      </Constraint>
                </SideMirror>
        </Body>
        <Wheel>
                  <RearWheel Torque="default" Location="rear" ConnectedToHandbrake="true">

                  </RearWheel>
                  <FrontWheel SteeringCastor="3" Torque="full" ParentFrame="BoneCabin_cdt" SteeringJointOffset="0.2" SteeringAngle="25" Location="front">

                  </FrontWheel>
        </Wheel>
  </_templates>