  <Truck>
      <PhysicsModel Mesh="trucks/kirovets_k700">
          <NetSync Legacy="false">

          </NetSync>
          <Body CenterOfMassOffset="(-0.5; -0.5; 0)" ImpactType="Truck" NetSync="pv" ModelFrame="BoneFront_cdt" Mass="4000">
                  <Body CenterOfMassOffset="(0; 0; 0)" ModelFrame="BoneSteering_cdt" NetSync="pv" Collisions="None" Mass="2000">
                    <Constraint Name="ChassisSteer" Type="Hinge" MaxLimit="25" AxisLocal="(0; 1; 0)" MinLimit="-25">
                        <Motor Type="Position" Damping="1.0" Tau="0.03" Force="135000">

                        </Motor>
                    </Constraint>
                    <Body CenterOfMassOffset="(-0.2; 0; 0)" ImpactType="Truck" NetSync="pv" ModelFrame="BoneBack_cdt" Mass="6000">
                          <Constraint Type="Hinge" MaxLimit="12" PivotOffset="(0; 0; 0)" AxisLocal="(1; 0; 0)" MinLimit="-12">
                              <Motor Spring="10000" Type="Spring" Damping="800000">

                              </Motor>
                          </Constraint>
                    </Body>
                  </Body>
                  <Body AngularDamping="1" ModelFrame="BoneHandle_cdt" Collisions="None" Mass="3">
                    <Constraint MinLimit="0" Type="Hinge" MaxLimit="90" AxisLocal="(-1; 0; 0)">

                    </Constraint>
                  </Body>
                  <Body _template="Sunshield" ModelFrame="BoneSunshieldLeft_cdt">

                  </Body>
                  <Body _template="Sunshield" ModelFrame="BoneSunshieldRight_cdt">
                    <Constraint>
                        <Motor Damping="1">

                        </Motor>
                    </Constraint>
                  </Body>
          </Body>
      </PhysicsModel>
      <GameData Country="RU,CAS" Price="126100" UnlockByRank="1" UnlockByExploration="true">
            <CustomizationCameras>
                  <CameraPos Interior="true" Position="(7.639; 8.289; -0.694)" FOV="32.0" InterestPosition="(3.212; 3.213; -0.647)" Name="roof_sticker">

                  </CameraPos>
                  <CameraPos InterestPosition="(2.514; 1.31; -0.551)" Name="addon_1" MaxXRotation="360" Position="(-7.271; 3.91; 6.234)" MaxZoom="2" FOV="32.0" MaxYRotation="360">

                  </CameraPos>
                  <CameraPos InterestPosition="(5.759; 2.49; 0)" Name="addon_2" MaxXRotation="360" Position="(10.793; 4.409; -3.424)" MaxZoom="2" FOV="32.0" MaxYRotation="360">

                  </CameraPos>
                  <CameraPos Interior="true" Position="(3.631; 3.057; -0.267)" FOV="32.0" InterestPosition="(6.388; 2.379; 1.159)" Name="mirror_mount">

                  </CameraPos>
                  <CameraPos InterestPosition="(4.494; 3.503; -0)" Name="side_r" MaxXRotation="360" Position="(6.861; 5.817; -6.504)" MaxZoom="2" FOV="32.0" MaxYRotation="360">

                  </CameraPos>
                  <CameraPos Interior="true" Position="(4.384; 2.942; 0)" FOV="32.0" InterestPosition="(6.961; 0.994; 0.703)" Name="sticker">

                  </CameraPos>
                  <CameraPos Interior="true" Position="(10.575; 3.974; 0.816)" FOV="32.0" InterestPosition="(6.321; 2.828; -0.786)" Name="glass_sticker">

                  </CameraPos>
                  <CameraPos Interior="true" Position="(4.617; 2.581; 2.916)" FOV="32.0" InterestPosition="(5.745; 1.723; 0)" Name="door_r_sticker">

                  </CameraPos>
                  <CameraPos InterestPosition="(5.118; 3.503; 0)" Name="roof" MaxXRotation="360" Position="(11.064; 5.516; -4.015)" MaxZoom="2" FOV="32.0" MaxYRotation="360">

                  </CameraPos>
                  <CameraPos Interior="true" Position="(8.674; 5.508; 0)" FOV="32.0" InterestPosition="(6.172; 1.809; -0.834)" Name="capote_sticker">

                  </CameraPos>
                  <CameraPos InterestPosition="(5.451; 1.818; 0)" Name="hoods" MaxXRotation="360" Position="(13.951; 1.253; -5.017)" MaxZoom="2" FOV="32.0" MaxYRotation="360">

                  </CameraPos>
                  <CameraPos InterestPosition="(4.494; 3.503; 0)" Name="side_l" MaxXRotation="360" Position="(5.841; 5.84; 6.957)" MaxZoom="2" FOV="32.0" MaxYRotation="360">

                  </CameraPos>
                  <CameraPos Interior="true" Position="(4.462; 2.763; -0.286)" FOV="32.0" InterestPosition="(6.924; 1.845; 0.356)" Name="bubble_head">

                  </CameraPos>
                  <CameraPos InterestPosition="(3.874; 0.602; -0)" Name="wheels" MaxXRotation="360" Position="(7.632; 1.697; -6.129)" MaxZoom="2" FOV="32.0" MaxYRotation="360">

                  </CameraPos>
                  <CameraPos InterestPosition="(5.451; 1.818; 0)" Name="default" MaxXRotation="360" Position="(13.951; 1.253; -5.017)" MaxZoom="2" FOV="32.0" MaxYRotation="360">

                  </CameraPos>
                  <CameraPos InterestPosition="(2.457; 1.622; -1.058)" Name="rear" MaxXRotation="360" Position="(-3.789; 2.434; 3.957)" MaxZoom="2" FOV="32.0" MaxYRotation="360">

                  </CameraPos>
                  <CameraPos Interior="true" Position="(5.584; 2.581; -2.916)" FOV="32.0" InterestPosition="(3.082; 1.723; 0)" Name="door_l_sticker">

                  </CameraPos>
            </CustomizationCameras>
                <CraneSocket Pos="(3.396; 1.162; -0.707)" ParentFrame="BoneFront_cdt">

                </CraneSocket>
                <CraneSocket Pos="(3.396; 1.162; 0.707)" ParentFrame="BoneFront_cdt">

                </CraneSocket>
                <CraneSocket Pos="(-0.039; 1.65; -0.55)" ParentFrame="BoneFront_cdt">

                </CraneSocket>
                <CraneSocket Pos="(-0.039; 1.65; 0.55)" ParentFrame="BoneFront_cdt">

                </CraneSocket>
                <CraneSocket Pos="(-2.370; 1.015; -0.498)" ParentFrame="BoneBack_cdt">

                </CraneSocket>
                <CraneSocket Pos="(-2.370; 1.015; 0.498)" ParentFrame="BoneBack_cdt">

                </CraneSocket>
                  <AddonSockets DefaultAddon="kirovets_k700_coupler" RequiredAddonIfNoConflicts="kirovets_k700_coupler">
                      <Socket ParentFrame="BoneBack_cdt" Names="KirovetsK700Kung">

                      </Socket>
                      <Socket ParentFrame="BoneBack_cdt" Offset="(0; 0; 0)" Names="K700Coupler">

                      </Socket>
                      <Socket ParentFrame="BoneBack_cdt" Names="KirovetsK700Manipulator">

                      </Socket>
                  </AddonSockets>
                  <AddonSockets DefaultAddon="kirovets_k700_fender">
                    <Socket ParentFrame="BoneBack_cdt" NamesBlock="KirovetsK700Manipulator" Names="KirovetsK700Fender">

                    </Socket>
                  </AddonSockets>
                  <AddonSockets>
                      <Socket ParentFrame="BoneBack_cdt" Offset="(-3.578; 1.033; 0)" Names="TrailerFarm">

                      </Socket>
                      <Socket NamesBlock="KirovetsK700Manipulator" Names="Trailer" ParentFrame="BoneBack_cdt" Offset="(-3.578; 1.033; 0)">
                        <AddonsShift Types="KirovetsK700Kung" Offset="(-1.035; 0.168; 0)">

                        </AddonsShift>
                      </Socket>
                  </AddonSockets>
                  <AddonSockets>
                    <Socket ParentFrame="BoneFront_cdt" InCockpit="true" Names="KirovetsK700Sticker_1x1_01">

                    </Socket>
                  </AddonSockets>
                  <AddonSockets>
                    <Socket ParentFrame="BoneFront_cdt" InCockpit="true" Names="KirovetsK700Sticker_1x1_02">

                    </Socket>
                  </AddonSockets>
                  <AddonSockets>
                    <Socket ParentFrame="BoneFront_cdt" InCockpit="true" Names="KirovetsK700Sticker_1x1_03">

                    </Socket>
                  </AddonSockets>
                  <AddonSockets>
                    <Socket ParentFrame="BoneFront_cdt" InCockpit="true" Names="KirovetsK700Sticker_1x2_01">

                    </Socket>
                  </AddonSockets>
                  <AddonSockets>
                    <Socket ParentFrame="BoneFront_cdt" InCockpit="true" Names="KirovetsK700Sticker_1x2_02">

                    </Socket>
                  </AddonSockets>
                  <AddonSockets>
                    <Socket ParentFrame="BoneFront_cdt" InCockpit="true" Names="KirovetsK700Sticker_1x4_01">

                    </Socket>
                  </AddonSockets>
                  <AddonSockets>
                    <Socket Names="StuffDashboard" InCockpit="true" ParentFrame="BoneFront_cdt" Offset="(1.236; 2.473; 0.381)">

                    </Socket>
                  </AddonSockets>
                  <AddonSockets>
                    <Socket Names="StuffAirfreshener" InCockpit="true" ParentFrame="BoneFront_cdt" Offset="(1.2; 3; 0)">

                    </Socket>
                  </AddonSockets>
                  <AddonSockets>
                    <Socket ParentFrame="BoneFront_cdt" InCockpit="true" Names="KirovetsK700Sticker_Capote">

                    </Socket>
                  </AddonSockets>
                  <AddonSockets>
                    <Socket ParentFrame="BoneFront_cdt" InCockpit="true" Names="KirovetsK700Sticker_Door_L">

                    </Socket>
                  </AddonSockets>
                  <AddonSockets>
                    <Socket ParentFrame="BoneFront_cdt" InCockpit="true" Names="KirovetsK700Sticker_Door_R">

                    </Socket>
                  </AddonSockets>
                  <AddonSockets>
                    <Socket ParentFrame="BoneFront_cdt" InCockpit="true" Names="KirovetsK700Sticker_GlassTop">

                    </Socket>
                  </AddonSockets>
                  <AddonSockets>
                    <Socket ParentFrame="BoneFront_cdt" InCockpit="true" Names="KirovetsK700Sticker_GlassBottom">

                    </Socket>
                  </AddonSockets>
                    <WinchSocket Pos="(3.396; 1.162; -0.707)" ParentFrame="BoneFront_cdt">

                    </WinchSocket>
                    <WinchSocket Pos="(3.396; 1.162; 0.707)" ParentFrame="BoneFront_cdt">

                    </WinchSocket>
                    <WinchSocket Pos="(-0.039; 1.65; -0.55)" ParentFrame="BoneFront_cdt">

                    </WinchSocket>
                    <WinchSocket Pos="(-0.039; 1.65; 0.55)" ParentFrame="BoneFront_cdt">

                    </WinchSocket>
                    <WinchSocket Pos="(-2.370; 1.015; -0.498)" ParentFrame="BoneBack_cdt">

                    </WinchSocket>
                    <WinchSocket Pos="(-2.370; 1.015; 0.498)" ParentFrame="BoneBack_cdt">

                    </WinchSocket>
            <UiDesc UiDesc="UI_VEHICLE_KIROVETS_K700_DESC" UiIcon30x30="heavyVehicleImg30" UiName="UI_VEHICLE_KIROVETS_K700_NAME" UiIconLogo="KirovetsLogo80" UiIcon40x40="heavyVehicleImg" UiIcon328x458="shopImgKirovets_k700">

            </UiDesc>
      </GameData>
      <ControlledConstraints>
              <Constraint Name="ChassisSteer" IsLinkedSteering="true" Id="chassis_steer">

              </Constraint>
      </ControlledConstraints>
      <Landmark Mesh="landmarks/kirovets_k700_lmk" MaxScale="2.8" MinScale="1.8">

      </Landmark>
      <TruckData EngineIconMesh="env/engine_default" EngineStartDelay="0.6" TruckType="HEAVY" ExhaustStartTime="0.6" SteerSpeed="0.015" TruckImage="kirovets_k700_mchr" DiffLockType="Always" Responsiveness="0.4" FuelCapacity="340" EngineIconScale="1.6" BackSteerSpeed="0.02">
                  <Driver ParentFrame="BoneFront_cdt" Pos="(0.335; 2.209; -0.443)" SteeringWheelPos="(0.718; 2.537; -0.45)">

                  </Driver>
                  <Shafts>
                          <Shaft SocketPointB="Shaft1b" SocketPointA="Shaft1a">

                          </Shaft>
                          <Shaft SocketPointB="Shaft2b" SocketPointA="Shaft2a">

                          </Shaft>
                          <Shaft SocketPointB="Shaft3b" SocketPointA="Shaft3a">

                          </Shaft>
                          <Shaft SocketPointB="Shaft4b" SocketPointA="Shaft4a">

                          </Shaft>
                  </Shafts>
                  <FuelTank DamageCapacity="50">

                  </FuelTank>
                  <Dashboard>
                              <Gauge Org="(1.124; 2.408; 0.113)" OutputAngles="(100; 265)" Mesh="trucks/arrows/kirovets_k700_arrow_1" Damping="0" InputRange="(0;40)" InputType="speed" Dir="(-0.701; 0.713; -0.001)">

                              </Gauge>
                              <Gauge Org="(1.124; 2.408; 0.113)" OutputAngles="(-82; 85)" Mesh="trucks/arrows/kirovets_k700_arrow_1" Damping="0.99" InputRange="(0;1)" InputType="rpm" Dir="(-0.701; 0.713; -0.001)">

                              </Gauge>
                              <Gauge Org="(1.108; 2.394; 0.313)" OutputAngles="(0; 10)" Mesh="trucks/arrows/kirovets_k700_arrow_2" Damping="0.99" InputRange="(0;1)" InputType="engineEnabled" Dir="(-0.702; 0.712; 0.004)">

                              </Gauge>
                              <Gauge Org="(1.108; 2.394; 0.217)" OutputAngles="(-35; -14)" Mesh="trucks/arrows/kirovets_k700_arrow_2" Damping="0.99" InputRange="(0;1)" InputType="engineEnabled" Dir="(-0.702; 0.712; 0.004)">

                              </Gauge>
                              <Gauge Org="(1.107; 2.395; 0.009)" OutputAngles="(-40; -20)" Mesh="trucks/arrows/kirovets_k700_arrow_2" Damping="0.99" InputRange="(0;1)" InputType="engineEnabled" Dir="(-0.702; 0.712; 0.004)">

                              </Gauge>
                              <Gauge Org="(1.107; 2.395; -0.087)" OutputAngles="(-40; -14)" Mesh="trucks/arrows/kirovets_k700_arrow_2" Damping="0.99" InputRange="(0;1)" InputType="engineEnabled" Dir="(-0.702; 0.712; 0.004)">

                              </Gauge>
                              <Gauge Org="(1.062; 2.347; 0.167)" OutputAngles="(-35; -14)" Mesh="trucks/arrows/kirovets_k700_arrow_3" Damping="0.99" InputRange="(0;1)" InputType="engineEnabled" Dir="(-0.704; 0.71; 0.003)">

                              </Gauge>
                              <Gauge Org="(1.062; 2.348; 0.059)" OutputAngles="(-35; -10)" Mesh="trucks/arrows/kirovets_k700_arrow_3" Damping="0.99" InputRange="(0;1)" InputType="engineEnabled" Dir="(-0.704; 0.71; 0.003)">

                              </Gauge>
                              <Gauge Org="(1.062; 2.347; -0.035)" OutputAngles="(-35; -10)" Mesh="trucks/arrows/kirovets_k700_arrow_3" Damping="0.99" InputRange="(0;1)" InputType="engineEnabled" Dir="(-0.704; 0.71; 0.003)">

                              </Gauge>
                  </Dashboard>
                  <SoundsWheels _template="Default">

                  </SoundsWheels>
                  <GearboxSocket Default="g_special_default" Type="gearboxes_special">

                  </GearboxSocket>
                  <Steam Origin="(-0.3; 1.65; 0)">

                  </Steam>
                  <Sounds DisableReversePitch="true" MinDist="15.0" ParentFrame="BoneFront_cdt" Origin="(1.8; 1.8; 0)" _template="Default">
                                    <BrakesSqueal Sound="trucks/kirovets_k700/kirovets_k700_brakes_squeal">

                                    </BrakesSqueal>
                                    <AbruptStop Sound="trucks/common/truck_swing_big_rnd_set/truck_swing_big_rnd">

                                    </AbruptStop>
                                    <EngineLow Sound="trucks/kirovets_k700/kirovets_k700_low">

                                    </EngineLow>
                                    <EngineRev Sound="trucks/kirovets_k700/kirovets_k700_rev">

                                    </EngineRev>
                                    <EngineAccel Sound="trucks/kirovets_k700/kirovets_k700_acc">

                                    </EngineAccel>
                                    <Honk Sound="trucks/kirovets_k700/kirovets_k700_honk">

                                    </Honk>
                                    <EngineStop Sound="trucks/kirovets_k700/kirovets_k700_stop">

                                    </EngineStop>
                                    <Handbrake Sound="trucks/kirovets_k700/kirovets_k700_handbrake_on">

                                    </Handbrake>
                                    <EngineIdle_2d IsSound2D="true" Sound="trucks/kirovets_k700/kirovets_k700_idle_2d">

                                    </EngineIdle_2d>
                                    <EngineTrans Sound="">

                                    </EngineTrans>
                                    <EngineHeavy_2d IsSound2D="true" Sound="">

                                    </EngineHeavy_2d>
                                                            <Reverse _inheritRemove="true">

                                                            </Reverse>
                                                            <Reverse Sound="trucks/kirovets_k700/kirovets_k700_back_beeper">

                                                            </Reverse>
                                    <EngineHigh_2d IsSound2D="true" Sound="trucks/kirovets_k700/kirovets_k700_high_2d">

                                    </EngineHigh_2d>
                                    <EngineIdle Sound="trucks/kirovets_k700/kirovets_k700_idle">

                                    </EngineIdle>
                                    <HandbrakeOff Sound="trucks/kirovets_k700/kirovets_k700_handbrake_off">

                                    </HandbrakeOff>
                                    <EngineHigh Sound="trucks/kirovets_k700/kirovets_k700_high">

                                    </EngineHigh>
                                    <EngineLow_2d IsSound2D="true" Sound="trucks/kirovets_k700/kirovets_k700_low_2d">

                                    </EngineLow_2d>
                                    <EngineHeavy Sound="">

                                    </EngineHeavy>
                                    <BrakeRelease Sound="trucks/common/truck_brake_release_alt2_rnd_set/truck_brake_release_alt2_rnd">

                                    </BrakeRelease>
                                    <EngineStart Sound="trucks/kirovets_k700/kirovets_k700_start">

                                    </EngineStart>
                  </Sounds>
                                    <LimitedFluid Type="Box" SizeX="0.605" Center="(-0.159; 1.059; -0.748)" ParentFrame="BoneFront_cdt" SizeY="0.541" SizeZ="0.262">

                                    </LimitedFluid>
                                    <LimitedFluid Type="Box" SizeX="0.605" Center="(-0.159; 1.059; 0.748)" ParentFrame="BoneFront_cdt" SizeY="0.541" SizeZ="0.262">

                                    </LimitedFluid>
                                    <LimitedFluid Type="Box" SizeX="0.682" Center="(-0.554; 1.948; -0.605)" ParentFrame="BoneFront_cdt" SizeY="0.387" SizeZ="0.300">

                                    </LimitedFluid>
                  <SoundsDamage _template="Heavy">

                  </SoundsDamage>
                  <Exhaust IsLight="true" Dir="(0.665; 0.338; 0.665)" ParentFrame="BoneFront_cdt" Origin="(1.476; 3.279; 0.851)" Speed="3.00">

                  </Exhaust>
                  <Camera ParentFrame="BoneFront_cdt" Center="(-1; 0; 0)" RadiusMultiplier="1.1">
                                            <Cockpit WindshieldShadingTexture="trucks/kirovets_k700_glass__sh_d.tga" WindshieldDiffuseTexture="trucks/kirovets_k700_glass__d_a.tga" _template="Default" ViewPos="(0.3; 2.919; -0.442)">
                                                <Mirror FOVScale="2.2" Pos="(1.193; 3.038; -0.006)" ClipDir="(-0.966; 0; -0.259)" ReflectionDir="(-0.957; -0.134; -0.259)" Size="(0.23; 0.08)" ClipOffset="0.1" MeshFrame="hp_cab_mirror">

                                                </Mirror>
                                                <Rear _inheritRemove="true">

                                                </Rear>
                                            </Cockpit>
                  </Camera>
                  <SuspensionSocket Default="kirovets_k700_suspension_default" Type="s_kirovets_k700" MaxWheelRadiusWithoutSuspension="1">

                  </SuspensionSocket>
                  <Wheels DefaultTire="tire" DefaultWheelType="wheels_kirovets_k700" DefaultRim="rim">
                                                  <Wheel _template="FrontWheel" Pos="(1.218; 0.811; 1)">

                                                  </Wheel>
                                                  <Wheel Pos="(1.218; 0.811; 1)" _template="FrontWheel" RightSide="true">

                                                  </Wheel>
                                                  <Wheel _template="RearWheel" Pos="(-1.836; 0.811; 1)">

                                                  </Wheel>
                                                  <Wheel Pos="(-1.836; 0.811; 1)" _template="RearWheel" RightSide="true">

                                                  </Wheel>
                  </Wheels>
                  <Axles>
                                                  <Axle Frame="BoneAxle1">

                                                  </Axle>
                  </Axles>
                  <Damage>
                                                      <DamageArea Max="(3.4; 2.2; 0.6)" Type="Engine" ParentFrame="BoneFront_cdt" Min="(1.25; 1.2; -0.6)">

                                                      </DamageArea>
                                                      <DamageArea Max="(0.17; 1.35; 0.9)" Type="FuelTank" ParentFrame="BoneFront_cdt" Min="(-0.48; 0.76; -0.9)">

                                                      </DamageArea>
                  </Damage>
                  <OcclusionMap HalfSizeZ="2" ParentFrame="BoneBack_cdt" MaxX="3" MinX="-3">

                  </OcclusionMap>
                  <EngineSocket Default="ru_kirovets_k700_engine_0" Type="e_ru_kirovets_k700_special">

                  </EngineSocket>
                  <WinchUpgradeSocket Default="w_heavy_trucks_default" IsUpgradable="true" Type="winches_heavy_trucks">

                  </WinchUpgradeSocket>
                  <SteeringWheel Frame="BoneSteering">

                  </SteeringWheel>
                                                            <CompatibleWheels Scale="0.8" Type="wheels_kirovets_k700">

                                                            </CompatibleWheels>
                                                            <CompatibleWheels Scale="0.8" Type="wheels_superheavy_single">

                                                            </CompatibleWheels>
                  <Shakers>
                                                                  <Shaker MinAngle="(0.2; 0.2; 0.2)" Frame="BoneExhaust" MaxAngle="(0.4; 0.4; 0.4)" MaxFrequency="5">

                                                                  </Shaker>
                                                                  <Shaker MinAngle="(0; 20; 0)" Frame="BoneExhaustCap" LimitDirectionY="Positive" ParentFrame="BoneExhaust" MaxAngle="(0; 130; 0)" MaxFrequency="0.15">

                                                                  </Shaker>
                  </Shakers>
      </TruckData>
      <Rotator RotationSpeed="12" Frame="BoneRotatorFan">

      </Rotator>
      <HeadLight ParentFrame="BoneFront_cdt" _template="Default" Pos="(3.6; 1.2; 0)">

      </HeadLight>
      <AutomaticIK>
                          <IKBone ParentFrame="BoneFront_cdt" ModelFrame="BoneBackPistonLBase">
                            <IKBone AttachToFrame="BoneSteering_cdt" AttachOffset="(0; 0; 0)" ModelFrame="BoneBackPistonL">
                                <IKJoint AxisLocal="(1; 0; 0)" Type="Slider">

                                </IKJoint>
                            </IKBone>
                            <IKJoint AxisLocal="(0; 0; 1)" Type="Hinge">

                            </IKJoint>
                          </IKBone>
                          <IKBone ParentFrame="BoneFront_cdt" ModelFrame="BoneBackPistonRBase">
                            <IKBone AttachToFrame="BoneSteering_cdt" AttachOffset="(0; 0; 0)" ModelFrame="BoneBackPistonR">
                                <IKJoint AxisLocal="(1; 0; 0)" Type="Slider">

                                </IKJoint>
                            </IKBone>
                            <IKJoint AxisLocal="(0; 0; 1)" Type="Hinge">

                            </IKJoint>
                          </IKBone>
      </AutomaticIK>
      <Snorkel Origin="(1.452; 3.078; 0)" ParentFrame="BoneFront_cdt">

      </Snorkel>
      <ModelAttachments>
                            <ReverseSignals>
                                  <Flare ParentFrame="BoneFront_cdt" Size="0.4" Pos="(-0.078; 3.03; -0.993)" _template="ReverseSignal">

                                  </Flare>
                                  <Flare ParentFrame="BoneFront_cdt" Size="0.4" Pos="(-0.078; 3.03; 0.993)" _template="ReverseSignal">

                                  </Flare>
                                <Light ParentFrame="BoneBack_cdt" _template="ReverseSignal" Pos="(-0.5; 0.7; 0)">

                                </Light>
                            </ReverseSignals>
                            <Ignition>
                                    <Flare ParentFrame="BoneFront_cdt" _template="IgnitionSignalWhite" Pos="(3.38; 1.583; -0.69)">

                                    </Flare>
                                    <Flare ParentFrame="BoneFront_cdt" _template="IgnitionSignalWhite" Pos="(3.38; 1.583; 0.69)">

                                    </Flare>
                            </Ignition>
                            <HeadLight>
                                      <Flare ParentFrame="BoneFront_cdt" _template="HeadLight" Pos="(3.38; 1.583; -0.69)">

                                      </Flare>
                                      <Flare ParentFrame="BoneFront_cdt" _template="HeadLight" Pos="(3.38; 1.583; 0.69)">

                                      </Flare>
                                      <Flare ParentFrame="BoneFront_cdt" _template="BlueStreak" Pos="(3.4; 1.583; -0.69)">

                                      </Flare>
                                      <Flare ParentFrame="BoneFront_cdt" _template="BlueStreak" Pos="(3.4; 1.583; 0.69)">

                                      </Flare>
                                        <Model Org="(3.38; 1.583; -0.69)" _template="HeadLightRay" ParentFrame="BoneFront_cdt">

                                        </Model>
                                        <Model Org="(3.38; 1.583; 0.69)" _template="HeadLightRay" ParentFrame="BoneFront_cdt">

                                        </Model>
                            </HeadLight>
      </ModelAttachments>
  </Truck>
  <_templates Include="trucks">
        <Wheel>
            <RearWheel Torque="default" ConnectedToHandbrake="true" ParentFrame="BoneBack_cdt" Location="rear">

            </RearWheel>
            <FrontWheel Torque="default" ConnectedToHandbrake="true" ParentFrame="BoneFront_cdt" Location="front">

            </FrontWheel>
        </Wheel>
        <Body>
              <Sunshield Collisions="None" Mass="5">
                  <Constraint MinLimit="-5" Type="Hinge" MaxLimit="10" AxisLocal="(0; 0; 1)">
                      <Motor Spring="20" Type="Spring" Damping="0.7">

                      </Motor>
                  </Constraint>
              </Sunshield>
        </Body>
  </_templates>