  <Truck>
      <PhysicsModel Mesh="trucks/step_39331_pike">
          <NetSync Legacy="false">

          </NetSync>
          <Body CenterOfMassOffset="(-2.5; 0; 0)" ImpactType="Truck" NetSync="pv" ModelFrame="BoneChassis_cdt" Mass="3500">
                <Body CenterOfMassOffset="(0; 0; 0)" ImpactType="Truck" NetSync="pv" ModelFrame="BoneCabin_cdt" Mass="2500">
                    <Constraint MinLimit="-20" Type="Hinge" MaxLimit="20" AxisLocal="(1; 0; 0)">
                        <Motor Spring="300000" Type="Spring" Damping="15000">

                        </Motor>
                    </Constraint>
                        <Body CenterOfMassOffset="(0; 0; 0)" ImpactType="Truck" ModelFrame="BoneCabinDamper_cdt" Mass="1000">
                          <Constraint MinLimit="-3" Type="Hinge" MaxLimit="3" AxisLocal="(1; 0; 0)">
                              <Motor Spring="48000" Type="Spring" Damping="12000">

                              </Motor>
                          </Constraint>
                              <Body _template="Sunshield" ModelFrame="BoneSunshield_cdt">

                              </Body>
                              <Body _template="Wire" ModelFrame="BoneWire1_cdt">
                                <Body _template="Wire" ModelFrame="BoneWire2_cdt">

                                </Body>
                              </Body>
                              <Body ModelFrame="BoneKeyFobRing_cdt" Mass="0.2">
                                <Constraint MinLimit="-50" Type="Hinge" MaxLimit="50" AxisLocal="(0; 0; 1)">
                                    <Motor Spring="0.001" Type="Spring" Damping="0.001">

                                    </Motor>
                                </Constraint>
                              </Body>
                        </Body>
                        <Body _template="TieRod" ModelFrame="BoneTieRod_cdt">
                          <Constraint MinLimit="-25" Name="TieRodSteer" MaxLimit="25" AxisLocal="(0; 0; 1)">

                          </Constraint>
                        </Body>
                </Body>
          </Body>
      </PhysicsModel>
      <GameData Country="RU,CAS" Price="63000" UnlockByRank="1" UnlockByExploration="true">
            <CustomizationCameras>
                  <CameraPos InterestPosition="(3.428; 1.213; 0.579)" Name="addon_1" MaxXRotation="360" Position="(-3.577; 2.742; 7.179)" MaxZoom="2" FOV="32.0" MaxYRotation="360">

                  </CameraPos>
                  <CameraPos InterestPosition="(4.066; 0.523; -0.192)" Name="addon_2" MaxXRotation="360" Position="(8.434; 2.902; 5.717)" MaxZoom="2" FOV="32.0" MaxYRotation="360">

                  </CameraPos>
                  <CameraPos Interior="true" Position="(4.637; 2.4; -0.2)" FOV="32.0" InterestPosition="(8.187; 1.9; 1.2)" Name="mirror_mount">

                  </CameraPos>
                  <CameraPos InterestPosition="(4.728; 1.454; -0.64)" Name="side_r" MaxXRotation="360" Position="(9.705; 1.637; 4.844)" MaxZoom="2" FOV="32.0" MaxYRotation="360">

                  </CameraPos>
                  <CameraPos Interior="true" Position="(9.5; 2.2; -1.3)" FOV="32.0" InterestPosition="(3.5; 1.2; 1.2)" Name="hood_ornament">

                  </CameraPos>
                  <CameraPos Interior="true" Position="(4.668; 2.024; 0.2)" FOV="32.0" InterestPosition="(8.316; 1.53; 1.7)" Name="sticker">

                  </CameraPos>
                  <CameraPos Interior="true" Position="(4.8; 2.4; -0.5)" FOV="32.0" InterestPosition="(7.5; 1; 0.8)" Name="sticker_1">

                  </CameraPos>
                  <CameraPos Interior="true" Position="(9.826; 2.823; 0.846)" FOV="32.0" InterestPosition="(5.602; 1.31; -0.767)" Name="glass_sticker">

                  </CameraPos>
                  <CameraPos Interior="true" Position="(3.5; 1.5; 3.895)" FOV="32.0" InterestPosition="(6.8; 1.1; 0.614)" Name="door_r_sticker">

                  </CameraPos>
                  <CameraPos InterestPosition="(7.253; 1.607; -0.08)" Name="roof" MaxXRotation="360" Position="(12.521; 3.38; 3.017)" MaxZoom="2" FOV="32.0" MaxYRotation="360">

                  </CameraPos>
                  <CameraPos Interior="true" Position="(9.5; 3.9; -1.296)" FOV="32.0" InterestPosition="(5.823; 1; -0.407)" Name="capote_sticker">

                  </CameraPos>
                  <CameraPos InterestPosition="(6.507; 0.995; -0.954)" Name="hoods" MaxXRotation="360" Position="(12.171; 1.377; -1.669)" MaxZoom="2" FOV="32.0" MaxYRotation="360">

                  </CameraPos>
                  <CameraPos InterestPosition="(2.983; 1.7; -2)" Name="side_l" MaxXRotation="360" Position="(2.772; 1.7; -5)" MaxZoom="2" FOV="32.0" MaxYRotation="360">

                  </CameraPos>
                  <CameraPos Interior="true" Position="(4.668; 2.024; -0.3)" FOV="32.0" InterestPosition="(8.316; 1.53; 1.1)" Name="bubble_head">

                  </CameraPos>
                  <CameraPos InterestPosition="(5.483; 0.419; -1.3)" Name="wheels" MaxXRotation="360" Position="(6.772; 0.755; -4.200)" MaxZoom="2" FOV="32.0" MaxYRotation="360">

                  </CameraPos>
                  <CameraPos InterestPosition="(3.576; 0.544; 0.337)" Name="default" MaxXRotation="360" Position="(12.728; 2.221; -2.176)" MaxZoom="2" FOV="32.0" MaxYRotation="360">

                  </CameraPos>
                  <CameraPos InterestPosition="(5.929; 0.792; -0.468)" Name="rear" MaxXRotation="360" Position="(-0.649; 1.605; 1.978)" MaxZoom="2" FOV="32.0" MaxYRotation="360">

                  </CameraPos>
                  <CameraPos Interior="true" Position="(3.303; 1.6; -3.775)" FOV="32.0" InterestPosition="(4.688; 1.1; -0.206)" Name="door_l_sticker">

                  </CameraPos>
            </CustomizationCameras>
                <CraneSocket Pos="(3.43; 0.968; -0.451)" ParentFrame="BoneCabin_cdt">

                </CraneSocket>
                <CraneSocket Pos="(3.43; 0.968; 0.451)" ParentFrame="BoneCabin_cdt">

                </CraneSocket>
                <CraneSocket Pos="(-0.794; 1.028; -0.452)">

                </CraneSocket>
                <CraneSocket Pos="(-0.794; 1.028; 0.452)">

                </CraneSocket>
                <CraneSocket Pos="(-4.347; 1; -0.448)">

                </CraneSocket>
                <CraneSocket Pos="(-4.347; 1; 0.448)">

                </CraneSocket>
                  <AddonSockets>
                      <Socket Offset="(-2.575; 1.4; 0)" NamesBlock="SaddleHigh" Names="Semitrailer, SemitrailerOiltank">

                      </Socket>
                      <Socket Offset="(-2.575; 1.56; 0)" NamesBlock="SaddleLow" Names="LargeSemitrailer, LargeSemitrailerOiltank">

                      </Socket>
                      <Socket Offset="(-4.564; 0.994; 0)" Names="Trailer">

                      </Socket>
                  </AddonSockets>
                  <AddonSockets>
                      <Socket Offset="(0.586; 1.092; 0)" NamesBlock="BigCraneRu, SaddleHigh, SaddleLow, Step39331PikeSideboard, FrameAddonTank, FrameAddonKung, FrameAddonSeismicVibrator" Names="LogLift">
                          <AddonsShift Types="Step39331PikeWheelAddon" Offset="(-0.32; 0; 0)">

                          </AddonsShift>
                          <AddonsShift TrailerNamesBlock="LogLift" Types="Step39331PikeWheelAddon, BunkLog" Offset="(0; 0; 0)">

                          </AddonsShift>
                          <AddonsShift Types="Step39331PikeExhaust" Offset="(-0.12; 0; 0)">

                          </AddonsShift>
                      </Socket>
                      <Socket Offset="(0.228; 1.087; 0)" NamesBlock="BigCraneRu, FrameAddonTank, FrameAddonKung, FrameAddonSeismicVibrator, SemitrailerOiltank" Names="MinicraneRU">
                          <AddonsShift Types="Step39331PikeWheelAddon" Offset="(-0.5; 0; 0)">

                          </AddonsShift>
                          <AddonsShift Types="Step39331PikeExhaust" Offset="(-0.17; 0; 0)">

                          </AddonsShift>
                      </Socket>
                  </AddonSockets>
                  <AddonSockets>
                      <Socket Offset="(-2.745; 1.085; 0)" Names="BigCraneRu">
                        <AddonsShift Types="Step39331PikeWheelAddon" Offset="(-0.4; 0; 0)">

                        </AddonsShift>
                      </Socket>
                      <Socket Offset="(-6.071; 1.092; 0)" Names="BunkLog">

                      </Socket>
                      <Socket Offset="(-2.572; 1.09; 0)" Names="SaddleLow">

                      </Socket>
                      <Socket Offset="(-2.572; 1.09; 0)" Names="SaddleHigh">
                          <ExtraParent Offset="(0; 0; -0.01)" Frame="BoneChassis_cdt">

                          </ExtraParent>
                          <ExtraParent Offset="(0; 0; 0.01)" Frame="BoneChassis_cdt">

                          </ExtraParent>
                      </Socket>
                      <Socket Offset="(-2.35; 1.20; 0)" Names="Step39331PikeSideboard">
                        <AddonsShift TrailerNamesBlock="Step39331PikeWheelAddon" Types="MinicraneRU" Offset="(-0.39; 0; 0)">

                        </AddonsShift>
                      </Socket>
                      <Socket Offset="(-2.785; 1.085; 0)" NamesBlock="Step39331PikeSnorkel2" Names="FrameAddonTank">
                          <AddonsShift Types="Step39331PikeExhaust" Offset="(-0.15; 0; 0)">

                          </AddonsShift>
                          <AddonsShift Types="Step39331PikeWheelAddon" Offset="(-0.4; 0; 0)">

                          </AddonsShift>
                          <AddonsShift TrailerNamesBlock="FrameAddonTank" Types="Step39331PikeWheelAddon, Trailer" Offset="(0; 0; 0)">

                          </AddonsShift>
                      </Socket>
                      <Socket Offset="(-2.23; 1.171; 0)" Names="FrameAddonKung">
                          <ExtraParent Offset="(0; 0; -0.1)" Frame="BoneChassis_cdt">

                          </ExtraParent>
                          <ExtraParent Offset="(0; 0; 0.1)" Frame="BoneChassis_cdt">

                          </ExtraParent>
                      </Socket>
                      <Socket Offset="(0.172; 1.092; 0)" Names="FrameAddonSeismicVibrator">

                      </Socket>
                  </AddonSockets>
                  <AddonSockets DefaultAddon="step_39331_pike_bumper_default">
                    <Socket ParentFrame="BoneCabin_cdt" Names="Step39331PikeBumper">

                    </Socket>
                  </AddonSockets>
                  <AddonSockets DefaultAddon="step_39331_pike_exhaust_default">
                      <Socket ParentFrame="BoneCabin_cdt" Names="Step39331PikeExhaustDefault">
                        <ExtraParent Frame="BoneChassis_cdt">

                        </ExtraParent>
                      </Socket>
                      <Socket ParentFrame="BoneCabinDamper_cdt" Names="Step39331PikeExhaust">
                          <ExtraParent Frame="BoneCabin_cdt">

                          </ExtraParent>
                          <ExtraParent Frame="BoneChassis_cdt">

                          </ExtraParent>
                      </Socket>
                  </AddonSockets>
                  <AddonSockets>
                    <Socket ParentFrame="BoneChassis_cdt" Names="Step39331PikeWheelAddon">
                        <ExtraParent Frame="BoneCabin_cdt">

                        </ExtraParent>
                    </Socket>
                  </AddonSockets>
                  <AddonSockets>
                      <Socket ParentFrame="BoneCabinDamper_cdt" NamesBlock="Step39331PikeBeacon" Names="Step39331PikeRoofrack">

                      </Socket>
                      <Socket ParentFrame="BoneCabinDamper_cdt" Names="Step39331PikeSpotlight">

                      </Socket>
                  </AddonSockets>
                  <AddonSockets>
                      <Socket ParentFrame="BoneCabinDamper_cdt" Names="Step39331PikeSnorkel1">

                      </Socket>
                      <Socket ParentFrame="BoneCabinDamper_cdt" Names="Step39331PikeSnorkel2">

                      </Socket>
                  </AddonSockets>
                  <AddonSockets>
                    <Socket ParentFrame="BoneCabinDamper_cdt" Names="Step39331PikeBeacon">

                    </Socket>
                  </AddonSockets>
                  <AddonSockets>
                    <Socket ParentFrame="BoneCabinDamper_cdt" Names="Step39331PikeVisor">

                    </Socket>
                  </AddonSockets>
                  <AddonSockets>
                    <Socket ParentFrame="BoneCabinDamper_cdt" Names="Step39331PikeGabarite">

                    </Socket>
                  </AddonSockets>
                  <AddonSockets>
                    <Socket ParentFrame="BoneCabinDamper_cdt" Names="Step39331PikeHorn">

                    </Socket>
                  </AddonSockets>
                  <AddonSockets>
                    <Socket ParentFrame="BoneCabinDamper_cdt" InCockpit="true" Names="Step39331PikeSticker_1x1_01">

                    </Socket>
                  </AddonSockets>
                  <AddonSockets>
                    <Socket ParentFrame="BoneCabinDamper_cdt" InCockpit="true" Names="Step39331PikeSticker_1x1_02">

                    </Socket>
                  </AddonSockets>
                  <AddonSockets>
                    <Socket ParentFrame="BoneCabinDamper_cdt" InCockpit="true" Names="Step39331PikeSticker_1x1_03">

                    </Socket>
                  </AddonSockets>
                  <AddonSockets>
                    <Socket ParentFrame="BoneCabinDamper_cdt" InCockpit="true" Names="Step39331PikeSticker_1x2_01">

                    </Socket>
                  </AddonSockets>
                  <AddonSockets>
                    <Socket ParentFrame="BoneCabinDamper_cdt" InCockpit="true" Names="Step39331PikeSticker_1x2_02">

                    </Socket>
                  </AddonSockets>
                  <AddonSockets>
                    <Socket ParentFrame="BoneCabinDamper_cdt" InCockpit="true" Names="Step39331PikeSticker_1x4_01">

                    </Socket>
                  </AddonSockets>
                  <AddonSockets>
                    <Socket Names="StuffDashboard" InCockpit="true" ParentFrame="BoneCabinDamper_cdt" Offset="(1.741; 1.917; 0.159)">

                    </Socket>
                  </AddonSockets>
                  <AddonSockets>
                    <Socket Names="StuffAirfreshener" InCockpit="true" ParentFrame="BoneCabinDamper_cdt" Offset="(1.465; 2.521; 0.076)">

                    </Socket>
                  </AddonSockets>
                  <AddonSockets>
                    <Socket ParentFrame="BoneCabinDamper_cdt" InCockpit="true" Names="Step39331PikeSticker_Capote">

                    </Socket>
                  </AddonSockets>
                  <AddonSockets>
                    <Socket ParentFrame="BoneCabinDamper_cdt" InCockpit="true" Names="Step39331PikeSticker_Door_L">

                    </Socket>
                  </AddonSockets>
                  <AddonSockets>
                    <Socket ParentFrame="BoneCabinDamper_cdt" InCockpit="true" Names="Step39331PikeSticker_Door_R">

                    </Socket>
                  </AddonSockets>
                  <AddonSockets>
                    <Socket ParentFrame="BoneCabinDamper_cdt" InCockpit="true" Names="Step39331PikeSticker_GlassTop">

                    </Socket>
                  </AddonSockets>
                  <AddonSockets>
                    <Socket ParentFrame="BoneCabinDamper_cdt" InCockpit="true" Names="Step39331PikeSticker_GlassBottom">

                    </Socket>
                  </AddonSockets>
                  <AddonSockets>
                    <Socket ParentFrame="BoneCabinDamper_cdt" Names="StuffHoodStep39331Pike">

                    </Socket>
                  </AddonSockets>
                    <WinchSocket Pos="(3.43; 0.968; -0.451)" ParentFrame="BoneCabin_cdt">

                    </WinchSocket>
                    <WinchSocket Pos="(3.43; 0.968; 0.451)" ParentFrame="BoneCabin_cdt">

                    </WinchSocket>
                    <WinchSocket Pos="(-0.794; 1.028; -0.452)">

                    </WinchSocket>
                    <WinchSocket Pos="(-0.794; 1.028; 0.452)">

                    </WinchSocket>
                    <WinchSocket Pos="(-4.347; 1; -0.448)">

                    </WinchSocket>
                    <WinchSocket Pos="(-4.347; 1; 0.448)">

                    </WinchSocket>
            <UiDesc UiDesc="UI_VEHICLE_STEP_39331_PIKE_DESC" UiIcon30x30="offroadVehicleImg30" UiName="UI_VEHICLE_STEP_39331_PIKE_NAME" UiIconLogo="StepLogo80" UiIcon40x40="offroadVehicleImg" UiIcon328x458="ShopImgStepPike">

            </UiDesc>
      </GameData>
      <ControlledConstraints>
              <Constraint Name="TieRodSteer" IsLinkedSteering="true" Id="chassis_steer">

              </Constraint>
      </ControlledConstraints>
      <HeadLight _template="Default" Pos="(3.8; 0.8; 0)">

      </HeadLight>
      <Landmark Mesh="landmarks/step_39331_pike_lmk" MaxScale="3.8" MinScale="1.8">

      </Landmark>
      <AutomaticIK>
                    <IKBone ParentFrame="BoneTieRod_cdt" ModelFrame="BoneTieRodHinge2">
                        <IKBone AttachToFrame="BoneRackL" AttachOffset="(0; 0; 0)" ModelFrame="BoneTieRodPrismatic">
                            <IKJoint AxisLocal="(1; 0; 0)" Type="Slider">

                            </IKJoint>
                        </IKBone>
                        <IKJoint AxisLocal="(1; 0; 0)" Type="Hinge2">

                        </IKJoint>
                    </IKBone>
      </AutomaticIK>
      <ModelAttachments>
                      <StopSignals>
                            <Flare Color="g(255; 0; 0) x 1" AspectRatio="1" Pos="(-4.538; 1.008; -0.653)" ParentFrame="BoneCabin_cdt" Size="0.15" _template="StopSignal">

                            </Flare>
                            <Flare Color="g(255; 0; 0) x 1" AspectRatio="1" Pos="(-4.538; 1.008; 0.653)" ParentFrame="BoneCabin_cdt" Size="0.15" _template="StopSignal">

                            </Flare>
                          <Light Size="0.2" _template="StopSignal" Pos="(-4.680; 1; 0)">

                          </Light>
                      </StopSignals>
                      <Ignition>
                              <Flare Color="g(255; 140; 0) x 0.5" AspectRatio="1" ParentFrame="BoneCabin_cdt" Pos="(1.516; 2.535; -0.79)" Dir="(0; 0; -1)" Size="0.3" _template="IgnitionSignalOrange">

                              </Flare>
                              <Flare Color="g(255; 140; 0) x 0.5" AspectRatio="1" ParentFrame="BoneCabin_cdt" Pos="(1.516; 2.535; 0.79)" Dir="(0.5; 0; 1)" Size="0.3" _template="IgnitionSignalOrange">

                              </Flare>
                              <Flare Size="0.1" _template="IgnitionSignalRed" Pos="(-4.461; 1.006; -0.529)">

                              </Flare>
                              <Flare Size="0.1" _template="IgnitionSignalRed" Pos="(-4.461; 1.006; 0.529)">

                              </Flare>
                              <Flare Color="g(255; 235; 215) x 0.5" Pos="(3.27; 1.395; -0.833)" ParentFrame="BoneCabin_cdt" Size="0.25" _template="IgnitionSignalWhite">

                              </Flare>
                              <Flare Color="g(255; 235; 215) x 0.5" Pos="(3.27; 1.395; 0.833)" ParentFrame="BoneCabin_cdt" Size="0.25" _template="IgnitionSignalWhite">

                              </Flare>
                              <Flare Color="g(255; 235; 215) x 0.5" Pos="(3.245; 1.157; -0.946)" ParentFrame="BoneCabin_cdt" Size="0.11" _template="IgnitionSignalWhite">

                              </Flare>
                              <Flare Color="g(255; 235; 215) x 0.5" Pos="(3.245; 1.157; 0.946)" ParentFrame="BoneCabin_cdt" Size="0.11" _template="IgnitionSignalWhite">

                              </Flare>
                                <Light _template="IgnitionSignalRed" Pos="(-4.680; 1; 0)">

                                </Light>
                                <Light Color="g(240; 200; 165) x 1.0" ParentFrame="BoneCabin_cdt" _template="IgnitionSignalWhite" Pos="(3.8; 0.8; 0)">

                                </Light>
                      </Ignition>
                      <HeadLight>
                                <Flare Color="g(255; 235; 215) x 0.5" AspectRatio="1" Pos="(3.27; 1.395; -0.833)" ParentFrame="BoneCabin_cdt" Size="0.4" _template="HeadLight">

                                </Flare>
                                <Flare Color="g(255; 235; 215) x 0.5" AspectRatio="1" Pos="(3.27; 1.395; 0.833)" ParentFrame="BoneCabin_cdt" Size="0.4" _template="HeadLight">

                                </Flare>
                                <Flare ParentFrame="BoneCabin_cdt" Dir="(1; 0; 0)" Size="0.5" _template="BlueStreak" Pos="(3.27; 1.395; -0.833)">

                                </Flare>
                                <Flare ParentFrame="BoneCabin_cdt" Dir="(1; 0; 0)" Size="0.5" _template="BlueStreak" Pos="(3.27; 1.395; 0.833)">

                                </Flare>
                                  <Model Org="(3.27; 1.395; -0.833)" _template="HeadLightRay" ParentFrame="BoneCabin_cdt">

                                  </Model>
                                  <Model Org="(3.27; 1.395; 0.833)" _template="HeadLightRay" ParentFrame="BoneCabin_cdt">

                                  </Model>
                      </HeadLight>
                      <ReverseSignals>
                                  <Flare ParentFrame="BoneCabin_cdt" Size="0.15" Pos="(-4.425; 1.005; -0.361)" _template="ReverseSignal">

                                  </Flare>
                                  <Flare Color="g(220; 220; 255) x 0.1" ParentFrame="BoneCabin_cdt" Pos="(-4.425; 1.005; -0.361)" Dir="(-1; 0; 0)" Size="0.3" _template="BlueStreak">

                                  </Flare>
                                <Light ParentFrame="BoneCabin_cdt" _template="ReverseSignal" Pos="(-4.425; 1.005; -0.361)">

                                </Light>
                      </ReverseSignals>
      </ModelAttachments>
      <TruckData EngineIconMesh="env/engine_default" EngineStartDelay="0.8" TruckType="OFFROAD" ExhaustStartTime="0.9" SteerSpeed="0.03" TruckImage="steppikemchr" DiffLockType="Always" Responsiveness="0.15" FuelCapacity="250" EngineIconScale="1.3" BackSteerSpeed="0.03">
                        <Driver ParentFrame="BoneCabinDamper_cdt" SteeringWheelPos="(1.48; 1.871; 0.525)" Pos="(1.111; 1.525; 0.524)" AnimationSet="HeavyTruck">

                        </Driver>
                        <Shafts>
                                <Shaft SocketPointB="Shaft1b" SocketPointA="Shaft1a">

                                </Shaft>
                                <Shaft SocketPointB="Shaft2b" SocketPointA="Shaft2a">

                                </Shaft>
                                <Shaft SocketPointB="Shaft3b" SocketPointA="Shaft3a">

                                </Shaft>
                                <Shaft SocketPointB="Shaft4b" SocketPointA="Shaft4a">

                                </Shaft>
                        </Shafts>
                        <FuelTank DamageCapacity="50">

                        </FuelTank>
                        <Dashboard>
                                    <Gauge Org="(1.642; 1.802; 0.601)" OutputAngles="(-125; 105)" Mesh="trucks/arrows/step_39331_pike_arrow_1" Damping="0.99" InputRange="(0;140)" InputType="speed" Dir="(-0.977; 0.212; -0.007)">

                                    </Gauge>
                                    <Gauge Org="(1.632; 1.777; 0.769)" OutputAngles="(-90; 100)" Mesh="trucks/arrows/step_39331_pike_arrow_2" Damping="0.99" InputRange="(0;1)" InputType="rpm" Dir="(-0.973; 0.07; -0.218)">

                                    </Gauge>
                                    <Gauge Org="(1.645; 1.809; 0.437)" OutputAngles="(-85; 30)" Mesh="trucks/arrows/step_39331_pike_arrow_1" Damping="0.99" InputRange="(0;1)" InputType="engineEnabled" Dir="(-0.977; 0.213; -0.006)">

                                    </Gauge>
                                    <Gauge Org="(1.642; 1.795; 0.437)" OutputAngles="(-90; -190)" Mesh="trucks/arrows/step_39331_pike_arrow_1" Damping="0.99" InputRange="(0;1)" InputType="engineEnabled" Dir="(-0.977; 0.213; -0.006)">

                                    </Gauge>
                                    <Gauge Org="(1.66; 1.821; 0.29)" OutputAngles="(-143; -220)" Mesh="trucks/arrows/step_39331_pike_arrow_4" Damping="0.99" InputRange="(0;1)" InputType="fuel" Dir="(-0.977; 0.212; -0.007)">

                                    </Gauge>
                                    <Gauge Org="(1.662; 1.82; 0.204)" OutputAngles="(-143; -220)" Mesh="trucks/arrows/step_39331_pike_arrow_4" Damping="0.99" InputRange="(0;1)" InputType="fuel" Dir="(-0.977; 0.212; -0.007)">

                                    </Gauge>
                                    <Gauge Org="(1.643; 1.747; 0.332)" OutputAngles="(-146; -190)" Mesh="trucks/arrows/step_39331_pike_arrow_4" Damping="0.99" InputRange="(0;1)" InputType="engineEnabled" Dir="(-0.977; 0.212; -0.007)">

                                    </Gauge>
                                    <Gauge Org="(1.644; 1.746; 0.246)" OutputAngles="(-146; -175)" Mesh="trucks/arrows/step_39331_pike_arrow_4" Damping="0.99" InputRange="(0;1)" InputType="engineEnabled" Dir="(-0.977; 0.212; -0.007)">

                                    </Gauge>
                                    <Gauge Org="(1.639; 1.721; 0.161)" OutputAngles="(-40; 0)" Mesh="trucks/arrows/step_39331_pike_arrow_3" Damping="0.99" InputRange="(0;1)" InputType="engineEnabled" Dir="(-0.977; 0.213; -0.007)">

                                    </Gauge>
                        </Dashboard>
                        <SoundsWheels _template="Default">

                        </SoundsWheels>
                        <GearboxSocket Default="g_truck_default" Type="gearboxes_trucks">

                        </GearboxSocket>
                        <Steam Origin="(0.5; 1; 0)">

                        </Steam>
                        <Sounds DisableReversePitch="false" MinDist="12.0" Origin="(2; 1.5; 0)" ParentFrame="BoneCabin_cdt" AirHissInterval="12.0" _template="Default">
                                          <BrakesSqueal Sound="trucks/step_39331_pike/step_39331_pike_brakes_squeal">

                                          </BrakesSqueal>
                                          <AbruptStop Sound="trucks/common/truck_swing_big_old_rnd_set/truck_swing_big_old_rnd">

                                          </AbruptStop>
                                          <EngineLow Sound="trucks/step_39331_pike/step_39331_pike_low">

                                          </EngineLow>
                                          <EngineRev Sound="trucks/step_39331_pike/step_39331_pike_rev">

                                          </EngineRev>
                                          <GearFail Sound="trucks/step_39331_pike/step_39331_pike_gear_wrong">

                                          </GearFail>
                                          <Honk Sound="trucks/step_39331_pike/step_39331_pike_honk">

                                          </Honk>
                                          <EngineStop Sound="trucks/step_39331_pike/step_39331_pike_stop">

                                          </EngineStop>
                                          <Handbrake Sound="trucks/step_39331_pike/step_39331_pike_handbrake_on">

                                          </Handbrake>
                                          <Gear Sound="trucks/step_39331_pike/step_39331_pike_gear_shift">

                                          </Gear>
                                          <EngineIdle_2d IsSound2D="true" Sound="trucks/step_39331_pike/step_39331_pike_idle_2d">

                                          </EngineIdle_2d>
                                          <HandbrakeOff Sound="trucks/step_39331_pike/step_39331_pike_handbrake_off">

                                          </HandbrakeOff>
                                          <EngineHeavy_2d IsSound2D="true" Sound="">

                                          </EngineHeavy_2d>
                                          <ChassisStress Sound="trucks/common/truck_stress_rnd_set/truck_stress_rnd">

                                          </ChassisStress>
                                          <Reverse Sound="">

                                          </Reverse>
                                          <EngineAccel Sound="trucks/step_39331_pike/step_39331_pike_acc">

                                          </EngineAccel>
                                          <EngineHigh_2d IsSound2D="true" Sound="trucks/step_39331_pike/step_39331_pike_high_2d">

                                          </EngineHigh_2d>
                                          <EngineIdle Sound="trucks/step_39331_pike/step_39331_pike_idle">

                                          </EngineIdle>
                                          <EngineHigh Sound="trucks/step_39331_pike/step_39331_pike_high">

                                          </EngineHigh>
                                          <EngineLow_2d IsSound2D="true" Sound="trucks/step_39331_pike/step_39331_pike_low_2d">

                                          </EngineLow_2d>
                                          <BrakePull Sound="trucks/step_39331_pike/step_39331_pike_brake_pull">

                                          </BrakePull>
                                          <EngineTrans Sound="">

                                          </EngineTrans>
                                          <EngineHeavy Sound="">

                                          </EngineHeavy>
                                          <BrakeRelease Sound="trucks/step_39331_pike/step_39331_pike_brake_release">

                                          </BrakeRelease>
                                          <EngineStart Sound="trucks/step_39331_pike/step_39331_pike_start">

                                          </EngineStart>
                        </Sounds>
                        <Intake Size="1" Origin="(3.276; 1.354; 0)" Dir="(1; 0; 0)">

                        </Intake>
                        <SoundsDamage _template="Heavy">

                        </SoundsDamage>
                        <Damage>
                                                  <DamageArea Max="(3.3; 1.8; 0.43)" Type="Engine" ParentFrame="BoneCabin_cdt" Min="(1.3; 0.8; -0.43)">

                                                  </DamageArea>
                                                  <DamageArea Max="(0.45; 1.1; 1.2)" Type="FuelTank" ParentFrame="BoneChassis_cdt" Min="(-0.6; 0.7; -1.2)">

                                                  </DamageArea>
                        </Damage>
                        <Camera ParentFrame="BoneCabinDamper_cdt" Center="(-1; 0; 0)">
                                                  <Cockpit WindshieldShadingTexture="trucks/step_39331_pike_glasses__sh_d.tga" WindshieldDiffuseTexture="trucks/step_39331_pike_glasses__d_a.tga" _template="Default" ViewPos="(1; 2.2; 0.532)">
                                                        <Mirror FOVScale="2" Pos="(1.773; 2.127; 1.243)" ClipDir="(-0.934; 0; -0.358)" ReflectionDir="(-0.934; 0; -0.358)" Size="(0.19; 0.28)" ClipOffset="0.1" MeshFrame="mirror_left">

                                                        </Mirror>
                                                        <Mirror FOVScale="2" Pos="(1.813; 2.128; -1.288)" ClipDir="(-0.788; 0; 0.616)" ReflectionDir="(-0.788; 0; 0.616)" Size="(0.19; 0.28)" ClipOffset="0.1" MeshFrame="mirror_right">

                                                        </Mirror>
                                                        <Mirror FOVScale="1.5" Pos="(1.676; 2.476; 0)" ClipDir="(-0.98; -0.199; 0)" ReflectionDir="(-0.908; -0.274; 0.317)" Size="(0.22; 0.06)" ClipOffset="0.1" MeshFrame="hp_cab_mirror">

                                                        </Mirror>
                                                  </Cockpit>
                        </Camera>
                        <Shakers>
                                                    <Shaker MinAngle="(1; 1; 1)" Frame="BoneGearstick" ParentFrame="BoneCabinDamper_cdt" MaxAngle="(3; 3; 3)" MaxFrequency="0.1">

                                                    </Shaker>
                        </Shakers>
                        <SuspensionSocket Default="step_39331_pike_suspension_default" Type="s_step_39331_pike" MaxWheelRadiusWithoutSuspension="0.5">

                        </SuspensionSocket>
                        <Wheels DefaultTire="tire_1" DefaultWheelType="wheels_step_39331_pike" DefaultRim="rim_1">
                                                          <Wheel _template="FrontWheel" Pos="(2.338; 0.523; 0.91)">

                                                          </Wheel>
                                                          <Wheel Pos="(2.338; 0.523; 0.91)" _template="FrontWheel" RightSide="true">

                                                          </Wheel>
                                                          <Wheel _template="RearWheel" Pos="(-1.865; 0.541; 0.983)">

                                                          </Wheel>
                                                          <Wheel Pos="(-1.865; 0.541; 0.983)" _template="RearWheel" RightSide="true">

                                                          </Wheel>
                                                          <Wheel _template="RearWheel" Pos="(-3.291; 0.541; 0.983)">

                                                          </Wheel>
                                                          <Wheel Pos="(-3.291; 0.541; 0.983)" _template="RearWheel" RightSide="true">

                                                          </Wheel>
                        </Wheels>
                        <Axles>
                                                            <Axle Frame="BoneAxle1">

                                                            </Axle>
                                                            <Axle Frame="BoneAxle2">

                                                            </Axle>
                                                            <Axle Frame="BoneAxle3">

                                                            </Axle>
                        </Axles>
                        <EngineSocket Default="ru_truck_old_engine_0" Type="e_ru_truck_old">

                        </EngineSocket>
                        <OcclusionMap HalfSizeZ="1.8" MinX="-4.5" MaxX="4">

                        </OcclusionMap>
                                                              <LimitedFluid Type="Box" SizeX="0.921" Center="(-0.068; 0.875; 0.84)" SizeY="0.271" SizeZ="0.519">

                                                              </LimitedFluid>
                                                              <LimitedFluid Type="Box" SizeX="0.921" Center="(-0.068; 0.875; -0.84)" SizeY="0.271" SizeZ="0.519">

                                                              </LimitedFluid>
                        <WinchUpgradeSocket Default="w_medium_trucks_default" IsUpgradable="true" Type="winches_medium_trucks">

                        </WinchUpgradeSocket>
                        <SteeringWheel Frame="BoneSteering">

                        </SteeringWheel>
                                                                    <CompatibleWheels Type="wheels_step_39331_pike" RearOffsetZ="0.03" Scale="0.52">

                                                                    </CompatibleWheels>
                                                                    <CompatibleWheels OffsetZ="0.06" RearOffsetZ="0.01" Scale="0.52" Type="wheels_heavy_single2">

                                                                    </CompatibleWheels>
                                                                    <CompatibleWheels OffsetZ="0.06" RearOffsetZ="0.01" Scale="0.55" Type="wheels_heavy_single2">

                                                                    </CompatibleWheels>
                                                                    <CompatibleWheels OffsetZ="-0.001" RearOffsetZ="0.03" Scale="0.52" Type="wheels_heavy_double1">

                                                                    </CompatibleWheels>
                                                                    <CompatibleWheels OffsetZ="-0.001" RearOffsetZ="0.03" Scale="0.55" Type="wheels_heavy_double1">

                                                                    </CompatibleWheels>
                        <SteeringRack RackHalfSizeZ="0.681" Frame="BoneRack" FrameSteerLeft="BoneRackL" FrameSteerRight="BoneRackR">

                        </SteeringRack>
      </TruckData>
  </Truck>
  <_templates Include="trucks">
        <Wheel>
            <RearWheel Torque="default" Location="rear" ConnectedToHandbrake="true">

            </RearWheel>
            <FrontWheel SteeringCastor="0" Torque="default" ParentFrame="BoneCabin_cdt" SteeringJointOffset="0.2" SteeringAngle="30" Location="front">

            </FrontWheel>
        </Wheel>
        <Body>
              <Wire Collisions="None" Mass="0.1">
                  <Constraint MinLimit="-0.05" Type="Prismatic" MaxLimit="0.05" AxisLocal="(0; 1; 0)">
                      <Motor Spring="50" Type="Spring" Damping="0.5">

                      </Motor>
                  </Constraint>
              </Wire>
              <Sunshield Collisions="None" Mass="3">
                    <Constraint MinLimit="-5" Type="Hinge" MaxLimit="10" AxisLocal="(0; 0; 1)">
                        <Motor Spring="9" Type="Spring" Damping="0.3">

                        </Motor>
                    </Constraint>
              </Sunshield>
        </Body>
  </_templates>