  <Truck>
      <PhysicsModel Mesh="trucks/western_star_nf1424">
          <NetSync Legacy="false">

          </NetSync>
          <Body CenterOfMassOffset="(-0.9; 0; 0)" ImpactType="Truck" NetSync="pv" Mass="3000">
                  <Body CenterOfMassOffset="(1.5; 0.4; 0)" ImpactType="Truck" NetSync="pv" ModelFrame="BoneCabin_cdt" Mass="2150">
                    <Constraint MinLimit="-5" Type="Hinge" MaxLimit="5" AxisLocal="(1; 0; 0)">
                        <Motor Spring="600000" Type="Spring" Damping="30000">

                        </Motor>
                    </Constraint>
                        <Body CenterOfMassOffset="(-1; 0; 0)" ImpactType="Truck" ModelFrame="BoneCabinDamper_cdt" Mass="2150">
                          <Constraint MinLimit="-5" Type="Hinge" MaxLimit="5" AxisLocal="(1; 0; 0)">
                              <Motor Spring="225000" Type="Spring" Damping="55000">

                              </Motor>
                          </Constraint>
                              <Body _template="Mirror" ModelFrame="BoneMirrorL_cdt">

                              </Body>
                              <Body _template="Mirror" ModelFrame="BoneMirrorR_cdt">

                              </Body>
                              <Body _template="Sunshield" ModelFrame="BoneSunshieldL_cdt">

                              </Body>
                              <Body _template="Sunshield" ModelFrame="BoneSunshieldR_cdt">

                              </Body>
                        </Body>
                        <Body _template="TieRod" ModelFrame="BoneTieRod1_cdt">
                          <Constraint MinLimit="-30" Name="TieRodSteer" MaxLimit="30" AxisLocal="(0; 0; 1)">

                          </Constraint>
                        </Body>
                  </Body>
                  <Body _template="Mudguard" ModelFrame="BoneMudguardL_cdt">
                    <Constraint MaxLimit="20" AxisLocal="(0; 0; 1)" MinLimit="-40">

                    </Constraint>
                  </Body>
                  <Body _template="Mudguard" ModelFrame="BoneMudguardR_cdt">
                    <Constraint MaxLimit="20" AxisLocal="(0; 0; 1)" MinLimit="-40">

                    </Constraint>
                  </Body>
          </Body>
      </PhysicsModel>
      <GameData Country="US" Price="113500" UnlockByRank="1" UnlockByExploration="false">
            <CustomizationCameras>
                  <CameraPos InterestPosition="(2.6046;0.1992;-0.2077)" Name="roof_sticker" Position="(8.1671;5.8626;-0.8258)" FOV="32.0">

                  </CameraPos>
                  <CameraPos InterestPosition="(5.9013;2.4697;1.0819)" Interior="true" Position="(4.5314;2.6541;-0.1067)" FOV="32.0" Name="sticker_1">

                  </CameraPos>
                  <CameraPos InterestPosition="(0.5466;1.8845;0.3445)" Name="addon_1" MaxXRotation="360" Position="(-6.316;3.3053;-4.9618)" MaxZoom="2" FOV="32.0" MaxYRotation="360">

                  </CameraPos>
                  <CameraPos InterestPosition="(4.5224;0.2354;-0.9034)" Name="addon_2" MaxXRotation="360" Position="(10.2762;3.817;4.3185)" MaxZoom="2" FOV="32.0" MaxYRotation="360">

                  </CameraPos>
                  <CameraPos InterestPosition="(8.2266;1.9061;1.0326)" Interior="true" Position="(4.4868;2.6778;0.0316)" FOV="32.0" Name="mirror_mount">

                  </CameraPos>
                  <CameraPos InterestPosition="(8.2266;1.9061;1.0326)" Interior="true" Position="(4.4868;2.6778;0.0316)" FOV="32.0" Name="curtain">

                  </CameraPos>
                  <CameraPos InterestPosition="(6.1747;1.9965;-0.1672)" Name="side_r" MaxXRotation="360" Position="(-0.9184;3.1908;5.3884)" MaxZoom="2" FOV="32.0" MaxYRotation="360">

                  </CameraPos>
                  <CameraPos InterestPosition="(6.7755;1.7628;-1.0293)" Name="hood_ornament" MaxXRotation="360" Position="(9.4264;2.5184;-1.3906)" MaxZoom="2" FOV="32.0" MaxYRotation="360">

                  </CameraPos>
                  <CameraPos InterestPosition="(5.0793;1.2141;1.2461)" Interior="true" Position="(4.9177;2.6401;-0.488)" FOV="32.0" Name="sticker">

                  </CameraPos>
                  <CameraPos InterestPosition="(6.0131;1.9068;-0.9389)" Name="glass_sticker" Position="(10.5558;4.1465;1.2529)" FOV="32.0">

                  </CameraPos>
                  <CameraPos InterestPosition="(7.1386;1.0165;0.4015)" Name="door_r_sticker" MaxXRotation="360" Position="(2.6318;2.5627;4.6067)" MaxZoom="2" FOV="32.0" MaxYRotation="360">

                  </CameraPos>
                  <CameraPos InterestPosition="(4.8075;1.7819;-0.5061)" Name="roof" MaxXRotation="360" Position="(11.5734;5.499;2.9506)" MaxZoom="2" FOV="32.0" MaxYRotation="360">

                  </CameraPos>
                  <CameraPos InterestPosition="(3.9262;0.6606;-0.1333)" Name="capote_sticker" Position="(11.0771;4.3557;-1.4418)" FOV="32.0">

                  </CameraPos>
                  <CameraPos InterestPosition="(4.917;1.1805;0.0416)" Name="hoods" MaxXRotation="360" Position="(12.9344;2.3941;-2.4991)" MaxZoom="2" FOV="32.0" MaxYRotation="360">

                  </CameraPos>
                  <CameraPos InterestPosition="(5.8417;2.6435;1.9756)" Interior="true" Position="(4.7823;2.4489;-0.2156)" FOV="32.0" Name="sticker_2">

                  </CameraPos>
                  <CameraPos InterestPosition="(5.352;1.5648;-0.6376)" Name="side_l" MaxXRotation="360" Position="(10.8325;2.844;-3.8938)" MaxZoom="2" FOV="32.0" MaxYRotation="360">

                  </CameraPos>
                  <CameraPos InterestPosition="(8.2094;1.1294;2.4371)" Interior="true" Position="(4.8637;2.6778;-0.3555)" FOV="32.0" Name="bubble_head">

                  </CameraPos>
                  <CameraPos InterestPosition="(4.2563;0.1911;0.0743)" Name="wheels" MaxXRotation="360" Position="(9.425;1.166;-3.8567)" MaxZoom="2" FOV="32.0" MaxYRotation="360">

                  </CameraPos>
                  <CameraPos InterestPosition="(3.5757;0.9619;0.6485)" Name="default" MaxXRotation="360" Position="(13.0777;2.6859;-3.2317)" MaxZoom="2" FOV="32.0" MaxYRotation="360">

                  </CameraPos>
                  <CameraPos InterestPosition="(4.0558;0.4434;0.0672)" Name="rear" MaxXRotation="360" Position="(-2.7801;1.9549;2.0037)" MaxZoom="2" FOV="32.0" MaxYRotation="360">

                  </CameraPos>
                  <CameraPos InterestPosition="(3.9846;1.6536;-1.3169)" Name="door_l_sticker" Position="(2.7108;2.5984;-4.668)" FOV="32.0">

                  </CameraPos>
            </CustomizationCameras>
                <CraneSocket Pos="(7.088; 0.844; 0)" ParentFrame="BoneCabin_cdt">

                </CraneSocket>
                <CraneSocket Pos="(7.011; 0.860; -0.598)" ParentFrame="BoneCabin_cdt">

                </CraneSocket>
                <CraneSocket Pos="(7.011; 0.860; 0.598)" ParentFrame="BoneCabin_cdt">

                </CraneSocket>
                <CraneSocket Pos="(2.169; 0.941; -0.426)">

                </CraneSocket>
                <CraneSocket Pos="(2.169; 0.941; 0.426)">

                </CraneSocket>
                <CraneSocket Pos="(-0.921; 0.883; -0.426)">

                </CraneSocket>
                <CraneSocket Pos="(-0.921; 0.883; 0.426)">

                </CraneSocket>
                <CraneSocket Pos="(-1.155; 0.847; 0)">

                </CraneSocket>
                  <AddonSockets>
                      <Socket Offset="(1.08; 1.597; 0)" Names="LargeSemitrailer, LargeSemitrailerOiltank">

                      </Socket>
                      <Socket Offset="(0.715; 1.433; 0)" Names="Semitrailer, SemitrailerOiltank">

                      </Socket>
                      <Socket Offset="(-1.15; 0.838; 0)" Names="Trailer">
                        <AddonsShift TrailerNamesBlock="Trailer" Types="MinicraneUS, FrameAddon" Offset="(0; 0; 0)">

                        </AddonsShift>
                      </Socket>
                  </AddonSockets>
                  <AddonSockets DefaultAddon="western_star_nf1424_diff_lock_default">
                    <Socket Names="WesternStarNF1424DiffLock">

                    </Socket>
                  </AddonSockets>
                  <AddonSockets>
                      <Socket Offset="(-2.544; 1.068; 0)" Names="BunkLog">

                      </Socket>
                      <Socket Offset="(0.715; 1.077; 0)" Names="SaddleLow">

                      </Socket>
                      <Socket Offset="(1.08; 1.077; 0)" Names="SaddleHigh">
                          <ExtraParent Offset="(0; 0; 0.02)" Frame="BoneChassis_cdt">

                          </ExtraParent>
                          <ExtraParent Offset="(0; 0; -0.02)" Frame="BoneChassis_cdt">

                          </ExtraParent>
                      </Socket>
                      <Socket NamesBlock="Trailer" Names="FrameAddonMaintainer" ParentFrame="BoneChassis_cdt" Offset="(0.3; 0.082; 0)">

                      </Socket>
                      <Socket Offset="(0.9; 1.08; 0)" Names="FrameAddon">

                      </Socket>
                  </AddonSockets>
                  <AddonSockets DefaultAddon="western_star_nf1424_bumper_default">
                      <Socket ParentFrame="BoneCabin_cdt" Names="nf1424Bumper">

                      </Socket>
                      <Socket ParentFrame="BoneCabin_cdt" Names="nf1424Bumper2">
                        <ExtraParent Frame="BoneCabinDamper_cdt">

                        </ExtraParent>
                      </Socket>
                  </AddonSockets>
                  <AddonSockets DefaultAddon="western_star_nf1424_horns_default">
                    <Socket ParentFrame="BoneCabinDamper_cdt" Names="nf1424Horn">

                    </Socket>
                  </AddonSockets>
                  <AddonSockets DefaultAddon="western_star_nf1424_exhaust_default">
                    <Socket ParentFrame="BoneCabinDamper_cdt" Names="nf1424Exhaust">
                        <ExtraParent Frame="BoneCabin_cdt">

                        </ExtraParent>
                    </Socket>
                  </AddonSockets>
                  <AddonSockets DefaultAddon="western_star_nf1424_gabarite_default">
                    <Socket ParentFrame="BoneCabinDamper_cdt" Names="nf1424Gabarite">

                    </Socket>
                  </AddonSockets>
                  <AddonSockets>
                    <Socket ParentFrame="BoneCabinDamper_cdt" Names="nf1424Beacon">

                    </Socket>
                  </AddonSockets>
                  <AddonSockets>
                    <Socket ParentFrame="BoneCabinDamper_cdt" Names="nf1424AirConditioner">

                    </Socket>
                  </AddonSockets>
                  <AddonSockets>
                    <Socket ParentFrame="BoneCabinDamper_cdt" Names="nf1424Snorkel">

                    </Socket>
                  </AddonSockets>
                  <AddonSockets>
                    <Socket ParentFrame="BoneCabinDamper_cdt" NamesBlock="nf1424Bumper2" Names="nf1424Spotlight">

                    </Socket>
                  </AddonSockets>
                  <AddonSockets>
                    <Socket ParentFrame="BoneCabinDamper_cdt" Names="nf1424Visor">

                    </Socket>
                  </AddonSockets>
                  <AddonSockets>
                    <Socket ParentFrame="BoneCabinDamper_cdt" Names="nf1424Roofrack">

                    </Socket>
                  </AddonSockets>
                  <AddonSockets DefaultAddon="western_star_nf1424_transferbox_default">
                    <Socket ParentFrame="BoneChassis_cdt" Offset="(0; 0; 0)" Names="WSnf1424TransferBox">

                    </Socket>
                  </AddonSockets>
                  <AddonSockets>
                    <Socket ParentFrame="BoneCabinDamper_cdt" InCockpit="true" Names="westernStarNf1424Sticker_1x1_01">

                    </Socket>
                  </AddonSockets>
                  <AddonSockets>
                    <Socket ParentFrame="BoneCabinDamper_cdt" InCockpit="true" Names="westernStarNf1424Sticker_1x1_02">

                    </Socket>
                  </AddonSockets>
                  <AddonSockets>
                    <Socket ParentFrame="BoneCabinDamper_cdt" InCockpit="true" Names="westernStarNf1424Sticker_1x2_01">

                    </Socket>
                  </AddonSockets>
                  <AddonSockets>
                    <Socket ParentFrame="BoneCabinDamper_cdt" InCockpit="true" Names="westernStarNf1424Sticker_1x2_02">

                    </Socket>
                  </AddonSockets>
                  <AddonSockets>
                    <Socket ParentFrame="BoneCabinDamper_cdt" InCockpit="true" Names="westernStarNf1424Sticker_1x4_01">

                    </Socket>
                  </AddonSockets>
                  <AddonSockets>
                    <Socket ParentFrame="BoneCabinDamper_cdt" InCockpit="true" Names="westernStarNf1424Sticker_1x4_02">

                    </Socket>
                  </AddonSockets>
                  <AddonSockets>
                    <Socket ParentFrame="BoneCabinDamper_cdt" Names="westernStarNf1424Sticker_Door_R">

                    </Socket>
                  </AddonSockets>
                  <AddonSockets>
                    <Socket ParentFrame="BoneCabinDamper_cdt" Names="westernStarNf1424Sticker_Door_L">

                    </Socket>
                  </AddonSockets>
                  <AddonSockets>
                    <Socket ParentFrame="BoneCabinDamper_cdt" Names="westernStarNf1424Sticker_Roof">

                    </Socket>
                  </AddonSockets>
                  <AddonSockets>
                    <Socket ParentFrame="BoneCabinDamper_cdt" Names="westernStarNf1424Sticker_Capote">

                    </Socket>
                  </AddonSockets>
                  <AddonSockets>
                    <Socket ParentFrame="BoneCabinDamper_cdt" Names="westernStarNf1424Sticker_GlassBot">

                    </Socket>
                  </AddonSockets>
                  <AddonSockets>
                    <Socket Names="StuffAirfreshener" InCockpit="true" ParentFrame="BoneCabinDamper_cdt" Offset="(5.251; 2.713; 0)">

                    </Socket>
                  </AddonSockets>
                  <AddonSockets>
                    <Socket Names="StuffDashboard" InCockpit="true" ParentFrame="BoneCabinDamper_cdt" Offset="(5.455; 2.231; -0.159)">

                    </Socket>
                  </AddonSockets>
                  <AddonSockets>
                    <Socket ParentFrame="BoneCabinDamper_cdt" Names="StuffHoodNF1424">

                    </Socket>
                  </AddonSockets>
                  <AddonSockets>
                    <Socket ParentFrame="BoneCabinDamper_cdt" InCockpit="true" Names="StuffCurtainNF1424">

                    </Socket>
                  </AddonSockets>
                    <WinchSocket Pos="(7.088; 0.844; 0)" ParentFrame="BoneCabin_cdt">

                    </WinchSocket>
                    <WinchSocket Pos="(7.011; 0.860; -0.598)" ParentFrame="BoneCabin_cdt">

                    </WinchSocket>
                    <WinchSocket Pos="(7.011; 0.860; 0.598)" ParentFrame="BoneCabin_cdt">

                    </WinchSocket>
                    <WinchSocket Pos="(2.169; 0.941; -0.426)">

                    </WinchSocket>
                    <WinchSocket Pos="(2.169; 0.941; 0.426)">

                    </WinchSocket>
                    <WinchSocket Pos="(-0.921; 0.883; -0.426)">

                    </WinchSocket>
                    <WinchSocket Pos="(-0.921; 0.883; 0.426)">

                    </WinchSocket>
                    <WinchSocket Pos="(-1.155; 0.847; 0)">

                    </WinchSocket>
            <UiDesc UiDesc="UI_VEHICLE_WESTERN_STAR_NF1424_DESC" UiIcon30x30="heavyVehicleImg30" UiName="UI_VEHICLE_WESTERN_STAR_NF1424_NAME" UiIconLogo="WesternStarLogo80" UiIcon40x40="heavyVehicleImg" UiIcon328x458="shopImgWs1424">

            </UiDesc>
      </GameData>
      <ControlledConstraints>
              <Constraint Name="TieRodSteer" IsLinkedSteering="true" Id="chassis_steer">

              </Constraint>
      </ControlledConstraints>
      <HeadLight ParentFrame="BoneCabinDamper_cdt" _template="Default" Pos="(7.084; 1.180; 0)">

      </HeadLight>
      <TruckData EngineIconMesh="env/engine_default" EngineStartDelay="3.2" TruckType="HEAVY" ExhaustStartTime="2.8" SteerSpeed="0.02" TruckImage="ws1424mchr" DiffLockType="Uninstalled" Responsiveness="0.3" FuelCapacity="290" EngineIconScale="1.4" BackSteerSpeed="0.025">
                  <Driver Pos="(4.761; 1.824; 0.595)" SteeringWheelPos="(5.188; 2.172; 0.588)">

                  </Driver>
                  <Shafts>
                          <Shaft SocketPointB="Shaft1b" SocketPointA="Shaft1a">

                          </Shaft>
                          <Shaft SocketPointB="Shaft2b" SocketPointA="Shaft2a">

                          </Shaft>
                          <Shaft SocketPointB="Shaft3b" SocketPointA="Shaft3a">

                          </Shaft>
                          <Shaft SocketPointB="Shaft4b" SocketPointA="Shaft4a">

                          </Shaft>
                  </Shafts>
                  <FuelTank DamageCapacity="100">

                  </FuelTank>
                  <Dashboard>
                              <Gauge Org="(5.575; 2.066; 0.706)" OutputAngles="(-92; 98)" Mesh="trucks/arrows/western_star_nf1424_arrow_01" Damping="0.99" InputRange="(0;1)" InputType="rpm" Dir="(-0.889; 0.457; -0.006)">

                              </Gauge>
                              <Gauge Org="(5.574; 2.066; 0.499)" OutputAngles="(-88; 106)" Dir="(-0.889; 0.458; -0.005)" InputType="speed" Mesh="trucks/arrows/western_star_nf1424_arrow_01" InputRange="(0;140)">

                              </Gauge>
                              <Gauge Org="(5.552; 2.026; 0.737)" OutputAngles="(-102; 11)" Mesh="trucks/arrows/western_star_nf1424_arrow_02" Damping="0.99" InputRange="(0;1)" InputType="engineEnabled" Dir="(-0.888; 0.46; -0.004)">

                              </Gauge>
                              <Gauge Org="(5.556; 2.034; 0.68)" OutputAngles="(-103; 112)" Mesh="trucks/arrows/western_star_nf1424_arrow_02" Damping="0.99" InputRange="(0;1)" InputType="fuel" Dir="(-0.888; 0.46; -0.004)">

                              </Gauge>
                              <Gauge Org="(5.556; 2.034; 0.525)" OutputAngles="(-104; 19)" Mesh="trucks/arrows/western_star_nf1424_arrow_02" Damping="0.99" InputRange="(0;1)" InputType="engineEnabled" Dir="(-0.889; 0.458; -0.006)">

                              </Gauge>
                              <Gauge Org="(5.553; 2.026; 0.468)" OutputAngles="(-105; -33)" Mesh="trucks/arrows/western_star_nf1424_arrow_02" Damping="0.99" InputRange="(0;1)" InputType="engineEnabled" Dir="(-0.889; 0.458; -0.006)">

                              </Gauge>
                              <Gauge Org="(5.555; 2.034; 0.524)" OutputAngles="(-105; 58)" Mesh="trucks/arrows/western_star_nf1424_arrow_03" Damping="0.99" InputRange="(0;1)" InputType="engineEnabled" Dir="(-0.889; 0.458; -0.006)">

                              </Gauge>
                  </Dashboard>
                  <SoundsWheels _template="Default">

                  </SoundsWheels>
                  <GearboxSocket Default="g_truck_default" Type="gearboxes_trucks">

                  </GearboxSocket>
                  <Steam Origin="(5.014; 1.085; 0)" ParentFrame="BoneCabin_cdt">

                  </Steam>
                  <Sounds DisableReversePitch="true" MinDist="15.0" Origin="(5.822; 1.498; 0)" _template="Default">
                                    <BrakesSqueal Sound="trucks/western_star_nf1424/western_star_nf1424_brakes_squeal">

                                    </BrakesSqueal>
                                    <AbruptStop Sound="trucks/common/truck_swing_big_rnd_set/truck_swing_big_rnd">

                                    </AbruptStop>
                                    <EngineLow Sound="trucks/western_star_nf1424/western_star_nf1424_low">

                                    </EngineLow>
                                    <EngineRev Sound="trucks/western_star_nf1424/western_star_nf1424_rev">

                                    </EngineRev>
                                    <EngineAccel Sound="trucks/western_star_nf1424/western_star_nf1424_acc">

                                    </EngineAccel>
                                    <Honk Sound="trucks/western_star_nf1424/western_star_nf1424_honk">

                                    </Honk>
                                    <EngineStop Sound="trucks/western_star_nf1424/western_star_nf1424_stop">

                                    </EngineStop>
                                    <Handbrake Sound="trucks/western_star_nf1424/western_star_nf1424_handbrake_on">

                                    </Handbrake>
                                    <EngineIdle_2d IsSound2D="true" Sound="trucks/western_star_nf1424/western_star_nf1424_idle_2d">

                                    </EngineIdle_2d>
                                    <HandbrakeOff Sound="trucks/western_star_nf1424/western_star_nf1424_handbrake_off">

                                    </HandbrakeOff>
                                    <EngineHeavy_2d IsSound2D="true" Sound="trucks/western_star_nf1424/western_star_nf1424_heavy_2d">

                                    </EngineHeavy_2d>
                                    <Reverse Sound="trucks/western_star_nf1424/western_star_nf1424_back_beeper">

                                    </Reverse>
                                    <EngineHigh_2d IsSound2D="true" Sound="trucks/western_star_nf1424/western_star_nf1424_high_2d">

                                    </EngineHigh_2d>
                                    <EngineIdle Sound="trucks/western_star_nf1424/western_star_nf1424_idle">

                                    </EngineIdle>
                                    <EngineStart Sound="trucks/western_star_nf1424/western_star_nf1424_start">

                                    </EngineStart>
                                    <EngineHigh Sound="trucks/western_star_nf1424/western_star_nf1424_high">

                                    </EngineHigh>
                                    <BrakePull Sound="trucks/western_star_nf1424/western_star_nf1424_brake_pull">

                                    </BrakePull>
                                    <EngineLow_2d IsSound2D="true" Sound="trucks/western_star_nf1424/western_star_nf1424_low_2d">

                                    </EngineLow_2d>
                                    <EngineHeavy Sound="trucks/western_star_nf1424/western_star_nf1424_heavy">

                                    </EngineHeavy>
                                    <BrakeRelease Sound="trucks/western_star_nf1424/western_star_nf1424_brake_release">

                                    </BrakeRelease>
                                    <EngineTrans Sound="trucks/common/truck_trans_forward_loop">

                                    </EngineTrans>
                  </Sounds>
                  <Intake Size="0.8" Origin="(6.979; 1.413; 0)" Dir="(1; 0; 0)">

                  </Intake>
                  <SoundsDamage _template="Heavy">

                  </SoundsDamage>
                                        <LimitedFluid Type="Cylinder" Center="(3.007; 0.721; 0.807)" LengthX="1.126" RadiusZ="0.317" RadiusY="0.317">

                                        </LimitedFluid>
                                        <LimitedFluid Type="Cylinder" Center="(3.266; 0.721; -0.805)" LengthX="1.126" RadiusZ="0.317" RadiusY="0.317">

                                        </LimitedFluid>
                  <Camera ParentFrame="BoneCabin_cdt" Center="(1.4; 0; 0)">
                                            <Cockpit WindshieldShadingTexture="trucks/westernstar_nf1424_glass__sh_d.tga" WindshieldDiffuseTexture="trucks/westernstar_nf1424_glass__d_a.tga" _template="Default" ViewPos="(4.752; 2.518; 0.595)">
                                                  <Mirror FOVScale="2" Pos="(5.353; 2.402; 1.396)" ClipDir="(-0.912; -0.015; -0.411)" ReflectionDir="(-0.912; -0.015; -0.411)" Size="(0.2; 0.32)" ClipOffset="0.25" MeshFrame="mirror_left">
                                                    <SecondaryView FOVScale="1.6" Pos="(5.333; 2.168; 1.386)" ClipDir="(-0.972; -0.018; -0.235)" Size="(0.2; 0.13)" CurveAngle="20" ClipOffset="0.1" MeshFrame="mirror_left_convex">

                                                    </SecondaryView>
                                                  </Mirror>
                                                  <Mirror FOVScale="2.4" Pos="(5.306; 2.394; -1.415)" ClipDir="(-0.801; -0.005; 0.599)" ReflectionDir="(-0.801; -0.005; 0.599)" Size="(0.2; 0.32)" ClipOffset="0.1" MeshFrame="mirror_right">
                                                    <SecondaryView FOVScale="2" Pos="(5.291; 2.163; -1.396)" ClipDir="(-0.791; -0.062; 0.609)" Size="(0.2; 0.13)" CurveAngle="20" ClipOffset="0.1" MeshFrame="mirror_right_convex">

                                                    </SecondaryView>
                                                  </Mirror>
                                                  <Mirror ClipDir="(-0.136; -0.822; 0.553)" CurveAngle="10" ClipOffset="0.1" FOVScale="2.5" ReflectionDir="(-0.136; -0.822; 0.553)" Size="(0.29; 0.18)" MeshFrame="mirror_additional" Pos="(4.773; 2.622; -1.188)">

                                                  </Mirror>
                                            </Cockpit>
                  </Camera>
                  <SuspensionSocket Default="western_star_nf1424_suspension_default" Type="s_western_star_nf1424" MaxWheelRadiusWithoutSuspension="0.4">

                  </SuspensionSocket>
                  <Wheels DefaultTire="highway_1" DefaultWheelType="wheels_medium_double" DefaultRim="rim_2">
                                                  <Wheel _template="FrontWheel" Pos="(5.844; 0.577; 1.005)">

                                                  </Wheel>
                                                  <Wheel Pos="(5.844; 0.577; 0.994)" _template="FrontWheel" RightSide="true">

                                                  </Wheel>
                                                  <Wheel _template="RearWheel" Pos="(1.115; 0.596; 0.852)">

                                                  </Wheel>
                                                  <Wheel Pos="(1.115; 0.596; 0.852)" _template="RearWheel" RightSide="true">

                                                  </Wheel>
                                                  <Wheel _template="RearWheel" Pos="(-0.185; 0.596; 0.852)">

                                                  </Wheel>
                                                  <Wheel Pos="(-0.185; 0.596; 0.852)" _template="RearWheel" RightSide="true">

                                                  </Wheel>
                  </Wheels>
                  <Axles>
                                                    <Axle Frame="BoneAxle1">

                                                    </Axle>
                                                    <Axle Frame="BoneAxle2">

                                                    </Axle>
                                                    <Axle Frame="BoneAxle3">

                                                    </Axle>
                  </Axles>
                  <Damage>
                                                      <DamageArea Max="(6.942; 1.818; 1.133)" Type="Engine" ParentFrame="BoneCabinDamper_cdt" Min="(5.773; 0.988; -1.133)">

                                                      </DamageArea>
                                                      <DamageArea Max="(3.88; 1.041; -0.486)" Type="FuelTank" ParentFrame="BoneCabin_cdt" Min="(2.653; 0.401; -1.124)">

                                                      </DamageArea>
                                                      <DamageArea Max="(3.621; 1.041; 1.125)" Type="FuelTank" ParentFrame="BoneCabin_cdt" Min="(2.394; 0.401; 0.488)">

                                                      </DamageArea>
                  </Damage>
                  <OcclusionMap Texture="trucks/occlusion/chassis_small__s_d_a.tga" MaxX="8.2" MinX="-2.3" HalfSizeZ="2">

                  </OcclusionMap>
                  <EngineSocket Default="us_truck_modern_engine_0" Type="e_us_truck_modern, e_us_truck_modern_ws_49x">

                  </EngineSocket>
                  <WinchUpgradeSocket Default="w_heavy_trucks_default" IsUpgradable="true" Type="winches_heavy_trucks">

                  </WinchUpgradeSocket>
                  <SteeringWheel Frame="BoneSteering">

                  </SteeringWheel>
                                                            <CompatibleWheels Type="wheels_medium_double" RearOffsetZ="0.07" Scale="0.56">

                                                            </CompatibleWheels>
                                                            <CompatibleWheels Type="wheels_medium_double" RearOffsetZ="0.07" Scale="0.61">

                                                            </CompatibleWheels>
                  <SteeringRack RackHalfSizeZ="0.875" Frame="BoneRack" FrameSteerLeft="BoneRackL" FrameSteerRight="BoneRackR">

                  </SteeringRack>
      </TruckData>
      <Landmark Mesh="landmarks/western_star_nf1424_lmk" MaxScale="3.8" MinScale="1.8">

      </Landmark>
      <AutomaticIK>
                      <IKBone ParentFrame="BoneTieRod1_cdt" ModelFrame="BoneTieRod2">
                          <IKBone AttachToFrame="BoneRackL" AttachOffset="(0; 0; 0)" ModelFrame="BoneTieRod3">
                              <IKJoint AxisLocal="(1; 0; 0)" Type="Slider">

                              </IKJoint>
                          </IKBone>
                          <IKJoint AxisLocal="(1; 0; 0)" Type="Hinge2">

                          </IKJoint>
                      </IKBone>
      </AutomaticIK>
      <Snorkel Origin="(3.854; 1.172; 0)">

      </Snorkel>
      <ModelAttachments>
                          <StopSignals>
                                <Flare Size="0.3" _template="StopSignal" Pos="(-0.965; 0.7; 0.261)">

                                </Flare>
                                <Flare Size="0.3" _template="StopSignal" Pos="(-0.965; 0.7; -0.261)">

                                </Flare>
                              <Light _template="StopSignal" Pos="(-1.023; 0.61; 0)">

                              </Light>
                          </StopSignals>
                          <Ignition>
                                  <Flare Color="g(255; 140; 0) x 0.5" AspectRatio="4" ParentFrame="BoneCabinDamper_cdt" Pos="(6.66; 1.247; 1.064)" Dir="(1; 0; 0.8)" Size="0.2" _template="IgnitionSignalOrange">

                                  </Flare>
                                  <Flare Color="g(255; 140; 0) x 0.5" AspectRatio="4" ParentFrame="BoneCabinDamper_cdt" Pos="(6.66; 1.247; -1.064)" Dir="(1; 0; -0.8)" Size="0.2" _template="IgnitionSignalOrange">

                                  </Flare>
                                  <Flare Color="g(255; 140; 0) x 0.5" AspectRatio="0.5" ParentFrame="BoneCabinDamper_cdt" Pos="(6.13; 1.724; 1.050)" Dir="(1; 0; 0)" Size="0.5" _template="IgnitionSignalOrange">

                                  </Flare>
                                  <Flare Color="g(255; 140; 0) x 0.5" AspectRatio="0.5" ParentFrame="BoneCabinDamper_cdt" Pos="(6.13; 1.724; -1.050)" Dir="(1; 0; 0)" Size="0.5" _template="IgnitionSignalOrange">

                                  </Flare>
                                  <Flare Color="g(255; 140; 0) x 0.2" AspectRatio="3" ParentFrame="BoneCabin_cdt" Pos="(6.312; 1.829; -0.971)" Dir="(0.589; 0; -0.808)" Size="0.3" _template="IgnitionSignalOrange">

                                  </Flare>
                                  <Flare Color="g(255; 140; 0) x 0.2" AspectRatio="3" ParentFrame="BoneCabin_cdt" Pos="(6.312; 1.829; 0.971)" Dir="(0.589; 0; 0.808)" Size="0.3" _template="IgnitionSignalOrange">

                                  </Flare>
                                  <Flare Color="g(255; 140; 0) x 0.2" AspectRatio="3" ParentFrame="BoneCabin_cdt" Pos="(6.312; 1.641 -0.971)" Dir="(0.589; 0; -0.808)" Size="0.3" _template="IgnitionSignalOrange">

                                  </Flare>
                                  <Flare Color="g(255; 140; 0) x 0.2" AspectRatio="3" ParentFrame="BoneCabin_cdt" Pos="(6.312; 1.641; 0.971)" Dir="(0.589; 0; 0.808)" Size="0.3" _template="IgnitionSignalOrange">

                                  </Flare>
                                  <Flare AspectRatio="2" Dir="(-1; 0; 0)" _template="IgnitionSignalRed" Pos="(-0.965; 0.7; 0.261)">

                                  </Flare>
                                  <Flare AspectRatio="2" Dir="(-1; 0; 0)" _template="IgnitionSignalRed" Pos="(-0.965; 0.7; -0.261)">

                                  </Flare>
                                  <Flare Color="g(255; 235; 215) x 0.2" Pos="(6.56; 1.170; -1.106)" ParentFrame="BoneCabinDamper_cdt" Size="0.4" _template="IgnitionSignalWhite">

                                  </Flare>
                                  <Flare Color="g(255; 235; 215) x 0.2" Pos="(6.56; 1.170; 1.106)" ParentFrame="BoneCabinDamper_cdt" Size="0.4" _template="IgnitionSignalWhite">

                                  </Flare>
                                  <Flare Color="g(255; 235; 215) x 0.2" Pos="(6.699; 1.170; -0.944)" ParentFrame="BoneCabinDamper_cdt" Size="0.4" _template="IgnitionSignalWhite">

                                  </Flare>
                                  <Flare Color="g(255; 235; 215) x 0.2" Pos="(6.699; 1.170; 0.944)" ParentFrame="BoneCabinDamper_cdt" Size="0.4" _template="IgnitionSignalWhite">

                                  </Flare>
                                    <Light Color="g(255; 235; 215) x 1.0" ParentFrame="BoneCabinDamper_cdt" _template="IgnitionSignalWhite" Pos="(7.4; 1.170; -1.106)">

                                    </Light>
                                    <Light Color="g(255; 235; 215) x 1.0" ParentFrame="BoneCabinDamper_cdt" _template="IgnitionSignalWhite" Pos="(7.4; 1.170; 1.106)">

                                    </Light>
                                    <Light Pos="(-1; 0.643; 0)" _template="IgnitionSignalRed" Color="g(255; 10; 10) x 0.5">

                                    </Light>
                          </Ignition>
                          <HeadLight>
                                    <Flare Color="g(255; 235; 215) x 1" Pos="(6.56; 1.170; -1.106)" ParentFrame="BoneCabinDamper_cdt" Size="0.2" _template="HeadLight">

                                    </Flare>
                                    <Flare Color="g(255; 235; 215) x 1" Pos="(6.56; 1.170; 1.106)" ParentFrame="BoneCabinDamper_cdt" Size="0.2" _template="HeadLight">

                                    </Flare>
                                    <Flare Color="g(255; 235; 215) x 1" Pos="(6.699; 1.170; -0.944)" ParentFrame="BoneCabinDamper_cdt" Size="0.1" _template="HeadLight">

                                    </Flare>
                                    <Flare Color="g(255; 235; 215) x 1" Pos="(6.699; 1.170; 0.944)" ParentFrame="BoneCabinDamper_cdt" Size="0.1" _template="HeadLight">

                                    </Flare>
                                    <Flare Color="g(220; 220; 255) x 0.1" ParentFrame="BoneCabinDamper_cdt" Pos="(6.56; 1.170; -1.106)" Dir="(1; 0; 0)" Size="0.8" _template="BlueStreak">

                                    </Flare>
                                    <Flare Color="g(220; 220; 255) x 0.1" ParentFrame="BoneCabinDamper_cdt" Pos="(6.56; 1.170; 1.106)" Dir="(1; 0; 0)" Size="0.8" _template="BlueStreak">

                                    </Flare>
                                      <Model Org="(6.56; 1.170; -1.106)" _template="HeadLightRay" ParentFrame="BoneCabinDamper_cdt">

                                      </Model>
                                      <Model Org="(6.56; 1.170; 1.106)" _template="HeadLightRay" ParentFrame="BoneCabinDamper_cdt">

                                      </Model>
                          </HeadLight>
                          <ReverseSignals>
                                      <Flare Size="0.2" _template="ReverseSignal" Pos="(-0.977; 0.764; 0.261)">

                                      </Flare>
                                      <Flare Size="0.2" _template="ReverseSignal" Pos="(-0.977; 0.764; -0.261)">

                                      </Flare>
                                      <Flare Color="g(220; 220; 255) x 0.1" Pos="(-0.977; 0.764; -0.26)" Dir="(-1; 0; 0)" Size="0.3" _template="BlueStreak">

                                      </Flare>
                                    <Light _template="ReverseSignal" Pos="(-0.827; 0.556; 0)">

                                    </Light>
                          </ReverseSignals>
      </ModelAttachments>
  </Truck>
  <_templates Include="trucks">
        <Wheel>
            <RearWheel Torque="default" Location="rear" ConnectedToHandbrake="true">

            </RearWheel>
            <FrontWheel SteeringCastor="0" Torque="connectable" ParentFrame="BoneCabin_cdt" SteeringJointOffset="0.13" SteeringAngle="36" Location="front">

            </FrontWheel>
        </Wheel>
        <Body>
              <Mirror Collisions="None" Mass="10">
                  <Constraint MinLimit="-1" Type="Hinge" MaxLimit="1" AxisLocal="(0; 1; 0)">
                      <Motor Spring="300" Type="Spring" Damping="10">

                      </Motor>
                  </Constraint>
              </Mirror>
              <Sunshield Collisions="None" Mass="10">
                    <Constraint MinLimit="-3" Type="Hinge" MaxLimit="3" AxisLocal="(0; 0; 1)">
                        <Motor Spring="150" Type="Spring" Damping="1.5">

                        </Motor>
                    </Constraint>
              </Sunshield>
        </Body>
  </_templates>