  <Truck>
      <PhysicsModel Mesh="trucks/land_rover_defender_90">
          <NetSync Legacy="false">

          </NetSync>
          <Body CenterOfMassOffset="(-1; 0; 0)" ImpactType="Truck" NetSync="pv" ModelFrame="BoneChassis_cdt" Mass="1000">
                  <Body CenterOfMassOffset="(0.9; -0.3; 0)" ImpactType="Truck" NetSync="pv" ModelFrame="BoneCabin_cdt" Mass="750">
                    <Constraint Type="Fixed">

                    </Constraint>
                        <Body _template="SideMirror" ModelFrame="BoneMirrorLeft_cdt">

                        </Body>
                        <Body _template="SideMirror" ModelFrame="BoneMirrorRight_cdt">

                        </Body>
                        <Body _template="SunShield" ModelFrame="BoneSunshieldLeft_cdt">

                        </Body>
                        <Body _template="SunShield" ModelFrame="BoneSunshieldRight_cdt">

                        </Body>
                        <Body _template="Mudguard" ModelFrame="BoneMudguardRearRight_cdt">

                        </Body>
                        <Body _template="Mudguard" ModelFrame="BoneMudguardRearLeft_cdt">

                        </Body>
                        <Body Collisions="None" ModelFrame="BoneBelt_cdt" Mass="1">
                          <Constraint MinLimit="-3" Type="Hinge" MaxLimit="3" AxisLocal="(0; 0; 1)">
                              <Motor Spring="10" Type="Spring" Damping="1">

                              </Motor>
                          </Constraint>
                        </Body>
                  </Body>
                  <Body _template="Mudguard" ModelFrame="BoneMudguardFrontRight_cdt">

                  </Body>
                  <Body _template="Mudguard" ModelFrame="BoneMudguardFrontLeft_cdt">

                  </Body>
                  <Body _template="TieRod" ModelFrame="BoneTieRod1_cdt">
                    <Constraint MinLimit="-30" Name="TieRodSteer" MaxLimit="30" AxisLocal="(0; -1; 0)">

                    </Constraint>
                  </Body>
          </Body>
      </PhysicsModel>
      <GameData Country="US" Price="2500" Recallable="true" UnlockByRank="1" UnlockByExploration="false">
            <CustomizationCameras>
                  <CameraPos InterestPosition="(4.581;0.1992;-0.4071)" Name="roof_sticker" Position="(9.599;5.9558;-1.2961)" FOV="32.0">

                  </CameraPos>
                  <CameraPos InterestPosition="(5.3503;0.8562;0.9219)" Interior="true" Position="(4.9068;1.9559;-0.4972)" FOV="32.0" Name="sticker_1">

                  </CameraPos>
                  <CameraPos InterestPosition="(4.0195;1.6924;-0.3039)" Name="addon_1" MaxXRotation="360" Position="(9.8613;2.3627;5.4165)" MaxZoom="2" FOV="32.0" MaxYRotation="360">

                  </CameraPos>
                  <CameraPos InterestPosition="(3.9168;2.3406;-1.1494)" Name="addon_2" MaxXRotation="360" Position="(9.6278;4.3308;1.4367)" MaxZoom="2" FOV="32.0" MaxYRotation="360">

                  </CameraPos>
                  <CameraPos InterestPosition="(8.128;0.9619;1.5392)" Interior="true" Position="(4.5785;1.8266;-0.2378)" FOV="32.0" Name="mirror_mount">

                  </CameraPos>
                  <CameraPos InterestPosition="(7.1257;1.1426;-0.1672)" Name="side_r" MaxXRotation="360" Position="(10.9365;2.033;2.7476)" MaxZoom="2" FOV="32.0" MaxYRotation="360">

                  </CameraPos>
                  <CameraPos InterestPosition="(3.1035;0.5016;1.1968)" Name="hood_ornament" MaxXRotation="360" Position="(8.9979;1.6562;-1.1952)" MaxZoom="2" FOV="32.0" MaxYRotation="360">

                  </CameraPos>
                  <CameraPos InterestPosition="(5.0939;0.926;1.1292)" Interior="true" Position="(4.9534;1.9559;-0.2898)" FOV="32.0" Name="sticker">

                  </CameraPos>
                  <CameraPos InterestPosition="(6.1056;1.3034;-0.684)" Name="glass_sticker" Position="(10.515;2.6477;1.6487)" FOV="32.0">

                  </CameraPos>
                  <CameraPos InterestPosition="(6.6624;0.9107;0.6143)" Name="door_r_sticker" MaxXRotation="360" Position="(3.8799;1.5048;3.6583)" MaxZoom="2" FOV="32.0" MaxYRotation="360">

                  </CameraPos>
                  <CameraPos InterestPosition="(6.8329;1.8979;-0.074)" Name="roof" MaxXRotation="360" Position="(10.798;3.557;2.6366)" MaxZoom="2" FOV="32.0" MaxYRotation="360">

                  </CameraPos>
                  <CameraPos InterestPosition="(5.8229;0.8703;-0.4071)" Name="capote_sticker" Position="(10.9271;3.805;-1.2961)" FOV="32.0">

                  </CameraPos>
                  <CameraPos InterestPosition="(5.1701;0.7106;-0.0374)" Name="hoods" MaxXRotation="360" Position="(11.9129;1.4341;-2.1432)" MaxZoom="2" FOV="32.0" MaxYRotation="360">

                  </CameraPos>
                  <CameraPos InterestPosition="(6.4091;1.4974;-0.536)" Name="side_l" MaxXRotation="360" Position="(-0.3354;4.1567;4.1608)" MaxZoom="2" FOV="32.0" MaxYRotation="360">

                  </CameraPos>
                  <CameraPos InterestPosition="(8.128;0.786;2.6892)" Interior="true" Position="(4.9937;1.7121;-0.1654)" FOV="32.0" Name="bubble_head">

                  </CameraPos>
                  <CameraPos InterestPosition="(3.8847;0.4191;1.7965)" Name="wheels" MaxXRotation="360" Position="(8.5928;0.7552;-3.2119)" MaxZoom="2" FOV="32.0" MaxYRotation="360">

                  </CameraPos>
                  <CameraPos InterestPosition="(5.8715;1.0183;-0.5759)" Name="default" MaxXRotation="360" Position="(12.4819;1.8482;-3.0931)" MaxZoom="2" FOV="32.0" MaxYRotation="360">

                  </CameraPos>
                  <CameraPos InterestPosition="(5.9294;0.7922;0.099)" Name="rear" MaxXRotation="360" Position="(-0.4953;1.6047;2.6866)" MaxZoom="2" FOV="32.0" MaxYRotation="360">

                  </CameraPos>
                  <CameraPos InterestPosition="(5.1287;0.9909;-0.2061)" Name="door_l_sticker" Position="(3.5705;1.413;-3.4531)" FOV="32.0">

                  </CameraPos>
            </CustomizationCameras>
                <CraneSocket Pos="(1.971; 0.485; -0.354)">

                </CraneSocket>
                <CraneSocket Pos="(1.971; 0.485; 0.354)">

                </CraneSocket>
                <CraneSocket Pos="(-0.27; 0.537; -0.824)">

                </CraneSocket>
                <CraneSocket Pos="(-0.27; 0.537; 0.824)">

                </CraneSocket>
                <CraneSocket Pos="(-1.883; 0.447; 0)">

                </CraneSocket>
                <CraneSocket Pos="(-0.466; 1.991; 0)">

                </CraneSocket>
                  <AddonSockets DefaultAddon="land_rover_defender_90_bumper_default">
                    <Socket Names="LandRoverDef90Bumper">

                    </Socket>
                  </AddonSockets>
                  <AddonSockets DefaultAddon="land_rover_defender_90_bumper_rear_default">
                      <Socket Names="LandRoverDef90RearBumper">

                      </Socket>
                      <Socket Names="LandRoverDef90RearBumper1">

                      </Socket>
                      <Socket Names="LandRoverDef90RearBumper2">

                      </Socket>
                  </AddonSockets>
                  <AddonSockets>
                    <Socket ParentFrame="BoneCabin_cdt" Names="LandRoverDef90Visor">

                    </Socket>
                  </AddonSockets>
                  <AddonSockets>
                    <Socket ParentFrame="BoneCabin_cdt" Names="LandRoverDef90Snorkel">

                    </Socket>
                  </AddonSockets>
                  <AddonSockets>
                    <Socket ParentFrame="BoneCabin_cdt" Names="LandRoverDef90Roof">

                    </Socket>
                  </AddonSockets>
                  <AddonSockets>
                    <Socket ParentFrame="BoneCabin_cdt" Names="LandRoverDef90Roofrack">

                    </Socket>
                  </AddonSockets>
                  <AddonSockets DefaultAddon="land_rover_defender_90_wheel_addon">
                    <Socket ParentFrame="BoneCabin_cdt" Names="LandRoverDef90WheelAddon">

                    </Socket>
                  </AddonSockets>
                  <AddonSockets>
                    <Socket Offset="(-1.883; 0.439; 0)" Names="ScautTrailer">
                          <AddonsShift Types="LandRoverDef90RearBumper1" Offset="(-0.074; 0; 0)">

                          </AddonsShift>
                          <AddonsShift Types="LandRoverDef90RearBumper2" Offset="(-0.158; 0; 0)">

                          </AddonsShift>
                    </Socket>
                  </AddonSockets>
                  <AddonSockets>
                    <Socket ParentFrame="BoneCabin_cdt" InCockpit="true" Names="landRoverDefenderSticker_1x1_01">

                    </Socket>
                  </AddonSockets>
                  <AddonSockets>
                    <Socket ParentFrame="BoneCabin_cdt" InCockpit="true" Names="landRoverDefenderSticker_1x1_02">

                    </Socket>
                  </AddonSockets>
                  <AddonSockets>
                    <Socket ParentFrame="BoneCabin_cdt" InCockpit="true" Names="landRoverDefenderSticker_1x2_01">

                    </Socket>
                  </AddonSockets>
                  <AddonSockets>
                    <Socket ParentFrame="BoneCabin_cdt" InCockpit="true" Names="landRoverDefenderSticker_1x2_02">

                    </Socket>
                  </AddonSockets>
                  <AddonSockets>
                    <Socket ParentFrame="BoneCabin_cdt" InCockpit="true" Names="landRoverDefenderSticker_1x2_03">

                    </Socket>
                  </AddonSockets>
                  <AddonSockets>
                    <Socket ParentFrame="BoneCabin_cdt" InCockpit="true" Names="landRoverDefenderSticker_1x4_01">

                    </Socket>
                  </AddonSockets>
                  <AddonSockets>
                    <Socket ParentFrame="BoneCabin_cdt" Names="landRoverDefenderStickerDoorL">

                    </Socket>
                  </AddonSockets>
                  <AddonSockets>
                    <Socket ParentFrame="BoneCabin_cdt" Names="landRoverDefenderStickerDoorR">

                    </Socket>
                  </AddonSockets>
                  <AddonSockets>
                    <Socket ParentFrame="BoneCabin_cdt" Names="landRoverDefenderStickerCapote">

                    </Socket>
                  </AddonSockets>
                  <AddonSockets>
                    <Socket ParentFrame="BoneCabin_cdt" Names="landRoverDefenderStickerRoof">

                    </Socket>
                  </AddonSockets>
                  <AddonSockets>
                    <Socket ParentFrame="BoneCabin_cdt" Names="landRoverDefenderStickerGlassTop">

                    </Socket>
                  </AddonSockets>
                  <AddonSockets>
                    <Socket Names="StuffAirfreshener" InCockpit="true" ParentFrame="BoneCabin_cdt" Offset="(0.439; 1.72; -0.007)">

                    </Socket>
                  </AddonSockets>
                  <AddonSockets>
                    <Socket Names="StuffDashboard" InCockpit="true" ParentFrame="BoneCabin_cdt" Offset="(0.541; 1.454; -0.45)">

                    </Socket>
                  </AddonSockets>
                  <AddonSockets>
                    <Socket ParentFrame="BoneCabin_cdt" Names="StuffHoodLandRoverDef90">

                    </Socket>
                  </AddonSockets>
                  <AddonSockets DefaultAddon="land_rover_defender_90_diff_lock_default">
                    <Socket ParentFrame="BoneChassis_cdt" Offset="(0; 0; 0)" Names="LandRover_Defender_90_diff_lock">

                    </Socket>
                  </AddonSockets>
                    <WinchSocket Pos="(1.971; 0.485; -0.354)">

                    </WinchSocket>
                    <WinchSocket Pos="(1.971; 0.485; 0.354)">

                    </WinchSocket>
                    <WinchSocket Pos="(-0.27; 0.537; -0.824)">

                    </WinchSocket>
                    <WinchSocket Pos="(-0.27; 0.537; 0.824)">

                    </WinchSocket>
                    <WinchSocket Pos="(-1.883; 0.447; 0)">

                    </WinchSocket>
            <UiDesc UiDesc="UI_VEHICLE_LAND_ROVER_DEFENDER_90_DESC" UiIcon30x30="scoutVehicleImg30" UiName="UI_VEHICLE_LAND_ROVER_DEFENDER_90_NAME" UiIconLogo="LandRoverLogo80" UiIcon40x40="scoutVehicleImg" UiIcon328x458="shopImgLandRoverDefender90">

            </UiDesc>
      </GameData>
      <ControlledConstraints>
              <Constraint Name="TieRodSteer" IsLinkedSteering="true" Id="chassis_steer">

              </Constraint>
      </ControlledConstraints>
      <HeadLight _template="Default" Pos="(1.49; 0.853; 0)">

      </HeadLight>
      <TruckData EngineIconMesh="env/engine_small" EngineStartDelay="1.8" TruckType="SCOUT" ExhaustStartTime="1.6" SteerSpeed="0.032" TruckImage="landroverdefender90mchr" DiffLockType="Uninstalled" Responsiveness="0.6" FuelCapacity="80" EngineIconScale="1.15" BackSteerSpeed="0.06">
                  <Driver SteeringWheelPos="(0.235; 1.342; 0.431)" Pos="(-0.053; 0.963; 0.376)" AnimationSet="Scout">

                  </Driver>
                  <Shafts>
                          <Shaft Mesh="env/minishaft" SocketPointB="Shaft1b" SocketPointA="Shaft1a">

                          </Shaft>
                          <Shaft Mesh="env/minishaft" SocketPointB="Shaft2b" SocketPointA="Shaft2a">

                          </Shaft>
                  </Shafts>
                  <FuelTank DamageCapacity="50">

                  </FuelTank>
                  <Dashboard>
                              <Gauge Org="(0.486; 1.362; 0.329)" OutputAngles="(-114; 111)" Dir="(-0.945; 0.326; 0)" InputType="speed" Mesh="trucks/arrows/land_rover_defender_90_arrows_arrow_1" InputRange="(0;200)">

                              </Gauge>
                              <Gauge Org="(0.486; 1.362; 0.534)" OutputAngles="(-110; 111)" Mesh="trucks/arrows/land_rover_defender_90_arrows_arrow_1" Damping="0.99" InputRange="(0;1)" InputType="rpm" Dir="(-0.945; 0.326; 0)">

                              </Gauge>
                              <Gauge Org="(0.498; 1.396; 0.456)" OutputAngles="(131; 76)" Mesh="trucks/arrows/land_rover_defender_90_arrows_arrow_2" Damping="0.99" InputRange="(0;1)" InputType="engineEnabled" Dir="(-0.945; 0.326; 0)">

                              </Gauge>
                              <Gauge Org="(0.498; 1.396; 0.406)" OutputAngles="(-129; -49)" Mesh="trucks/arrows/land_rover_defender_90_arrows_arrow_2" Damping="0.99" InputRange="(0;1)" InputType="fuel" Dir="(-0.945; 0.326; 0)">

                              </Gauge>
                              <Gauge Org="(0.469; 1.416; 0)" OutputAngles="(-74; -74)" Mesh="trucks/arrows/land_rover_defender_90_arrows_arrow_3" Damping="0.99" InputRange="(0;1)" InputType="none" Dir="(-0.793; 0.609; 0)">

                              </Gauge>
                              <Gauge Org="(0.469; 1.416; 0)" OutputAngles="(-221; -221)" Mesh="trucks/arrows/land_rover_defender_90_arrows_arrow_4" Damping="0.99" InputRange="(0;1)" InputType="none" Dir="(-0.793; 0.609; 0)">

                              </Gauge>
                  </Dashboard>
                  <SoundsWheels _template="Default">

                  </SoundsWheels>
                  <GearboxSocket Default="g_scout_default" Type="gearboxes_scouts">

                  </GearboxSocket>
                  <Steam Origin="(1.093; 0.816; 0)">

                  </Steam>
                  <Sounds DisableReversePitch="false" MinDist="8.0" _template="Default" Origin="(1.180; 0.928; 0)">
                                    <BrakesSqueal Sound="trucks/land_rover_defender_110/land_rover_defender_110_brakes_squeal">

                                    </BrakesSqueal>
                                    <AbruptStop Sound="">

                                    </AbruptStop>
                                    <EngineLow Sound="trucks/land_rover_defender_90/land_rover_defender_90_low">

                                    </EngineLow>
                                    <EngineRev Sound="trucks/land_rover_defender_90/land_rover_defender_90_rev">

                                    </EngineRev>
                                    <EngineAccel Sound="trucks/land_rover_defender_90/land_rover_defender_90_acc">

                                    </EngineAccel>
                                    <Honk Sound="trucks/land_rover_defender_90/land_rover_defender_90_honk">

                                    </Honk>
                                    <EngineStop Sound="trucks/land_rover_defender_90/land_rover_defender_90_stop">

                                    </EngineStop>
                                    <Handbrake Sound="trucks/land_rover_defender_110/land_rover_defender_110_handbrake_on">

                                    </Handbrake>
                                    <Gear Sound="trucks/land_rover_defender_110/land_rover_defender_110_gear_shift">

                                    </Gear>
                                    <EngineIdle_2d IsSound2D="true" Sound="trucks/land_rover_defender_90/land_rover_defender_90_idle_2d">

                                    </EngineIdle_2d>
                                    <HandbrakeOff Sound="trucks/land_rover_defender_110/land_rover_defender_110_handbrake_off">

                                    </HandbrakeOff>
                                    <EngineHeavy_2d IsSound2D="true" Sound="">

                                    </EngineHeavy_2d>
                                    <ChassisStress Sound="trucks/hummer_h2/hummer_h2_chassis">

                                    </ChassisStress>
                                    <Reverse Sound="">

                                    </Reverse>
                                    <EngineHigh_2d IsSound2D="true" Sound="trucks/land_rover_defender_90/land_rover_defender_90_high_2d">

                                    </EngineHigh_2d>
                                    <EngineIdle Sound="trucks/land_rover_defender_90/land_rover_defender_90_idle">

                                    </EngineIdle>
                                    <EngineStart Sound="trucks/land_rover_defender_90/land_rover_defender_90_start">

                                    </EngineStart>
                                    <EngineHigh Sound="trucks/land_rover_defender_90/land_rover_defender_90_high">

                                    </EngineHigh>
                                    <BrakePull Sound="">

                                    </BrakePull>
                                    <EngineLow_2d IsSound2D="true" Sound="trucks/land_rover_defender_90/land_rover_defender_90_low_2d">

                                    </EngineLow_2d>
                                    <EngineHeavy Sound="">

                                    </EngineHeavy>
                                    <BrakeRelease Sound="">

                                    </BrakeRelease>
                                    <GearFail Sound="trucks/common/truck_gear_wrong/truck_gear_wrong_small_modern">

                                    </GearFail>
                  </Sounds>
                  <Exhaust IsLight="true" Dir="(-0.676; 0; 0.737)" Origin="(-1.682; 0.42; 0.846)" Speed="2.0">

                  </Exhaust>
                  <SoundsDamage _template="Scout">

                  </SoundsDamage>
                  <Shakers>
                                            <Shaker MinAngle="(0.3; 0.3; 0.3)" Frame="BoneExhaust" MaxAngle="(1.2; 1.2; 1.2)" MaxFrequency="6">

                                            </Shaker>
                                            <Shaker MinAngle="(0.6; 0.6; 0.6)" Frame="BoneGearbox" MaxAngle="(0.8; 0.8; 0.8)" MaxFrequency="0.6">

                                            </Shaker>
                                            <Shaker MinAngle="(0.5; 0.5; 0.5)" Frame="BoneShaker1" MaxAngle="(0.7; 0.7; 0.7)" MaxFrequency="0.6">

                                            </Shaker>
                  </Shakers>
                  <Camera Center="(-1.2; 0; 0)" RadiusMultiplier="0.8">
                                            <Cockpit WindshieldShadingTexture="trucks/land_rover_defender_90_glass__sh_d.tga" WindshieldDiffuseTexture="trucks/land_rover_defender_90_glass__d_a.tga" _template="Default" ViewPos="(-0.089; 1.665; 0.439)">
                                                  <Mirror FOVScale="1" Pos="(0.586; 1.427; 0.931)" ClipDir="(-0.952; 0.128; -0.277)" ReflectionDir="(-0.952; 0.128; -0.277)" Size="(0.15; 0.21)" ClipOffset="0.1" MeshFrame="mirror_left">

                                                  </Mirror>
                                                  <Mirror FOVScale="1.4" Pos="(0.563; 1.427; -0.91)" ClipDir="(-0.848; 0.082; 0.524)" ReflectionDir="(-0.848; 0.082; 0.524)" Size="(0.15; 0.21)" ClipOffset="0.1" MeshFrame="mirror_right">

                                                  </Mirror>
                                                  <Mirror FOVScale="1.5" Pos="(0.408; 1.722; 0.005)" ClipDir="(-0.943; -0.054; 0.328)" ReflectionDir="(-0.943; -0.054; 0.328)" Size="(0.18; 0.06)" ClipOffset="0.1" MeshFrame="hp_cab_mirror">

                                                  </Mirror>
                                            </Cockpit>
                  </Camera>
                  <SuspensionSocket Default="land_rover_defender_90_suspension_default" Type="s_land_rover_defender_90" MaxWheelRadiusWithoutSuspension="0.37">

                  </SuspensionSocket>
                  <Wheels DefaultTire="tire" DefaultWheelType="wheels_land_rover_defender_90" DefaultRim="rim">
                                                  <Wheel _template="FrontWheel" Pos="(1.319; 0.362; 0.773)">

                                                  </Wheel>
                                                  <Wheel Pos="(1.319; 0.362; 0.773)" _template="FrontWheel" RightSide="true">

                                                  </Wheel>
                                                  <Wheel _template="RearWheel" Pos="(-1.047; 0.362; 0.773)">

                                                  </Wheel>
                                                  <Wheel Pos="(-1.047; 0.362; 0.773)" _template="RearWheel" RightSide="true">

                                                  </Wheel>
                  </Wheels>
                  <Axles>
                                                    <Axle Frame="BoneAxle1">

                                                    </Axle>
                                                    <Axle Frame="BoneAxle2">

                                                    </Axle>
                  </Axles>
                  <Damage>
                                                      <DamageArea Max="(1.899; 1.137; 0.762)" Type="Engine" Min="(0.724; 0.512; -0.762)">

                                                      </DamageArea>
                                                      <DamageArea Max="(-1.137; 1.13; -0.087)" Type="FuelTank" Min="(-1.727; 0.541; -0.824)">

                                                      </DamageArea>
                  </Damage>
                  <OcclusionMap Texture="trucks/occlusion/chassis_small__s_d_a.tga" MaxX="2.7" MinX="-2.3" HalfSizeZ="1.6">

                  </OcclusionMap>
                  <EngineSocket Default="us_scout_modern_engine_0" Type="e_us_scout_modern">

                  </EngineSocket>
                  <WinchUpgradeSocket Default="w_scout_default" IsUpgradable="true" Type="winches_scouts">

                  </WinchUpgradeSocket>
                  <SteeringWheel Frame="BoneSteering">

                  </SteeringWheel>
                                                            <CompatibleWheels Scale="0.4" Type="wheels_land_rover_defender_90">

                                                            </CompatibleWheels>
                                                            <CompatibleWheels OffsetZ="0.04" Scale="0.4" Type="wheels_scout1">

                                                            </CompatibleWheels>
                                                            <CompatibleWheels OffsetZ="0.04" Scale="0.4" Type="wheels_scout2">

                                                            </CompatibleWheels>
                                                            <CompatibleWheels OffsetZ="0.04" Scale="0.42" Type="wheels_scout2">

                                                            </CompatibleWheels>
                  <SteeringRack RackHalfSizeZ="0.57" Frame="BoneRack" FrameSteerLeft="BoneRackLeft" FrameSteerRight="BoneRackRight">

                  </SteeringRack>
      </TruckData>
      <Landmark Mesh="landmarks/land_rover_defender_90_lmk" MaxScale="3.8" MinScale="1.8">

      </Landmark>
      <AutomaticIK>
                      <IKBone ParentFrame="BoneTieRod1_cdt" ModelFrame="BoneTieRod2">
                          <IKBone AttachToFrame="BoneRackRight" AttachOffset="(0; 0; 0)" ModelFrame="BoneTieRod3">
                              <IKJoint AxisLocal="(0; 1; 0)" Type="Slider">

                              </IKJoint>
                          </IKBone>
                          <IKJoint AxisLocal="(0; 0; 1)" Type="Hinge2">

                          </IKJoint>
                      </IKBone>
      </AutomaticIK>
      <Snorkel Origin="(1.491; 0.839; 0)">

      </Snorkel>
      <ModelAttachments>
                          <StopSignals>
                                <Flare Size="0.4" _template="StopSignal" Pos="(-1.767; 1.119; -0.754)">

                                </Flare>
                                <Flare Size="0.4" _template="StopSignal" Pos="(-1.767; 1.119; 0.754)">

                                </Flare>
                              <Light _template="StopSignal" Pos="(-1.904; 1.001; 0)">

                              </Light>
                          </StopSignals>
                          <Ignition>
                                  <Flare Size="0.4" _template="IgnitionSignalRed" Pos="(-1.767; 1.119; -0.754)">

                                  </Flare>
                                  <Flare Size="0.4" _template="IgnitionSignalRed" Pos="(-1.767; 1.119; 0.754)">

                                  </Flare>
                                  <Flare Color="g(255; 240; 230) x 0.5" Pos="(1.891; 0.92; -0.537)" Size="0.5" _template="IgnitionSignalWhite">

                                  </Flare>
                                  <Flare Color="g(255; 240; 230) x 0.5" Pos="(1.891; 0.92; 0.537)" Size="0.5" _template="IgnitionSignalWhite">

                                  </Flare>
                                  <Flare Color="g(255; 225; 200) x 0.3" Pos="(1.927; 1.021; -0.697)" Size=".2" _template="IgnitionSignalWhite">

                                  </Flare>
                                  <Flare Color="g(255; 225; 200) x 0.3" Pos="(1.927; 1.021; 0.697)" Size=".2" _template="IgnitionSignalWhite">

                                  </Flare>
                                  <Flare Color="g(255; 225; 200) x 0.3" Pos="(1.931; 0.854; -0.697)" Size=".2" _template="IgnitionSignalWhite">

                                  </Flare>
                                  <Flare Color="g(255; 225; 200) x 0.3" Pos="(1.931; 0.854; 0.697)" Size=".2" _template="IgnitionSignalWhite">

                                  </Flare>
                                    <Light Pos="(1.893; 0.92; -0.537)" _template="IgnitionSignalWhite" Color="g(240; 200; 165) x 1.0">

                                    </Light>
                                    <Light Pos="(1.893; 0.92; 0.537)" _template="IgnitionSignalWhite" Color="g(240; 200; 165) x 1.0">

                                    </Light>
                          </Ignition>
                          <HeadLight>
                                    <Flare Color="g(255; 235; 215) x 0.37" Pos="(1.893; 0.92; -0.537)" Size="0.4" _template="HeadLight">

                                    </Flare>
                                    <Flare Color="g(255; 235; 215) x 0.37" Pos="(1.893; 0.92; 0.537)" Size="0.4" _template="HeadLight">

                                    </Flare>
                                    <Flare Color="g(255; 235; 215) x 0.37" Pos="(1.893; 0.92; -0.537)" Size="0.1" _template="HeadLight">

                                    </Flare>
                                    <Flare Color="g(255; 235; 215) x 0.37" Pos="(1.893; 0.92; 0.537)" Size="0.1" _template="HeadLight">

                                    </Flare>
                                    <Flare Color="g(220; 220; 255) x 0.07" Pos="(1.893; 0.92; -0.537)" Size="0.7" _template="BlueStreak">

                                    </Flare>
                                    <Flare Color="g(220; 220; 255) x 0.07" Pos="(1.893; 0.92; 0.537)" Size="0.7" _template="BlueStreak">

                                    </Flare>
                                      <Model Org="(1.893; 0.92; -0.537)" _template="HeadLightRay">

                                      </Model>
                                      <Model Org="(1.893; 0.92; 0.537)" _template="HeadLightRay">

                                      </Model>
                          </HeadLight>
                          <ReverseSignals>
                                    <Flare Dir="(-1; 0; 0)" Size="0.5" _template="ReverseSignal" Pos="(-1.766; 0.766; 0.646)">

                                    </Flare>
                                    <Light Pos="(-1.819; 0.645; 0.646)" _template="ReverseSignal" Color="g(255; 230; 215) x 0.8">

                                    </Light>
                          </ReverseSignals>
      </ModelAttachments>
  </Truck>
  <_templates Include="trucks">
        <Wheel>
            <RearWheel Torque="default" Location="rear" ConnectedToHandbrake="true">

            </RearWheel>
            <FrontWheel SteeringCastor="8" Torque="full" SteeringAngle="35" Location="front">

            </FrontWheel>
        </Wheel>
        <Body>
              <SideMirror Collisions="None" Mass="5">
                  <Constraint MinLimit="-2" Type="Hinge" MaxLimit="2" AxisLocal="(0; 1; 0)">
                      <Motor Spring="250" Type="Spring" Damping="7.5">

                      </Motor>
                  </Constraint>
              </SideMirror>
              <SunShield Collisions="None" Mass="3">
                    <Constraint MinLimit="-6" Type="Hinge" MaxLimit="6" AxisLocal="(0; 0; 1)">
                        <Motor Spring="30" Type="Spring" Damping="1">

                        </Motor>
                    </Constraint>
              </SunShield>
              <Mudguard Collisions="None" Mass="2">
                      <Constraint MinLimit="-40" Type="Hinge" MaxLimit="40" AxisLocal="(0; 0; 1)">
                          <Motor Spring="2.5" Type="Spring" Damping="0.25">

                          </Motor>
                      </Constraint>
              </Mudguard>
        </Body>
  </_templates>