  <Truck>
      <PhysicsModel Mesh="trucks/tayga_6455b">
          <NetSync Legacy="false">

          </NetSync>
          <Body CenterOfMassOffset="(-2.4; 0; 0)" ImpactType="Truck" NetSync="pv" ModelFrame="BoneChassis_cdt" Mass="5500">
                <Body CenterOfMassOffset="(0.5; 0; 0)" ImpactType="Truck" NetSync="pv" ModelFrame="BoneCabin_cdt" Mass="4500">
                    <Constraint Type="Hinge" MaxLimit="22" PivotOffset="(0; 0; 0)" AxisLocal="(1; 0; 0)" MinLimit="-22">
                        <Motor Spring="600000" Type="Spring" Damping=".001">

                        </Motor>
                    </Constraint>
                        <Body ModelFrame="BoneCabinDamper_cdt" Mass="2000" ImpactType="Truck">
                          <Constraint Type="Ragdoll" PlaneAxisLocal="(0; 0; 1)" PlaneMax="3" PlaneMin="-3" Cone="4.5" TwistAxisLocal="(0; 1; 0)">
                              <PlaneMotor Spring="3000000" Type="Spring" Damping="1500000">

                              </PlaneMotor>
                              <ConeMotor Spring="1500000" Type="Spring" Damping="700000">

                              </ConeMotor>
                          </Constraint>
                              <Body _template="Antenna" ModelFrame="BoneAntennaLeft_cdt">

                              </Body>
                              <Body _template="Antenna" ModelFrame="BoneAntennaRight_cdt">

                              </Body>
                              <Body _template="SideMirror" ModelFrame="BoneMirrorLeft_cdt">

                              </Body>
                              <Body _template="SideMirror" ModelFrame="BoneMirrorRight_cdt">

                              </Body>
                              <Body ModelFrame="BoneRadioHinge_cdt" AngularDamping="10.0" Mass="1">
                                <Constraint MinLimit="-45" Type="Hinge" MaxLimit="45" AxisLocal="(0; 0; 1)">

                                </Constraint>
                                <Body ModelFrame="BoneRadioPrismatic_cdt" Mass="0.1">
                                      <Constraint MinLimit="-0.05" Type="Prismatic" MaxLimit="0.05" AxisLocal="(0; 1; 0)">
                                          <Motor Spring="5" Type="Spring" Damping="0.1">

                                          </Motor>
                                      </Constraint>
                                </Body>
                              </Body>
                        </Body>
                        <Body _template="TieRod" ModelFrame="BoneTieRod_cdt">
                          <Constraint MinLimit="-25" Name="TieRodSteer" MaxLimit="25" AxisLocal="(0; 0; 1)">

                          </Constraint>
                        </Body>
                </Body>
          </Body>
      </PhysicsModel>
      <GameData Country="RU,CAS" Price="70200" UnlockByRank="1" UnlockByObjective="US_06_01_MILL_LOGS">
            <CustomizationCameras>
                  <CameraPos Interior="true" Position="(7.518; 6.659; -0.663)" FOV="32.0" InterestPosition="(2.574; 0.363; -0.12)" Name="roof_sticker">

                  </CameraPos>
                  <CameraPos InterestPosition="(0.697; 1.869; 0)" Name="addon_1" MaxXRotation="360" Position="(-7.265; 3.31; 8.244)" MaxZoom="2" FOV="32.0" MaxYRotation="360">

                  </CameraPos>
                  <CameraPos InterestPosition="(0.697; 1.869; 1.5)" Name="addon_2" MaxXRotation="360" Position="(-4.265; 3.31; 4.794)" MaxZoom="2" FOV="32.0" MaxYRotation="360">

                  </CameraPos>
                  <CameraPos Interior="true" Position="(4.147; 2.501; -0.111)" FOV="32.0" InterestPosition="(6.729; 2.666; -0.34)" Name="mirror_mount">

                  </CameraPos>
                  <CameraPos InterestPosition="(4.764; 1.97; -0)" Name="side_r" MaxXRotation="360" Position="(-0.226; 4.969; -4.508)" MaxZoom="2" FOV="32.0" MaxYRotation="360">

                  </CameraPos>
                  <CameraPos Interior="true" Position="(4.199; 2.517; -0.369)" FOV="32.0" InterestPosition="(6.729; 1.044; 1.759)" Name="sticker">

                  </CameraPos>
                  <CameraPos Interior="true" Position="(4.38; 2.55; -0.529)" FOV="32.0" InterestPosition="(6.729; 1.95; 0.266)" Name="sticker_1">

                  </CameraPos>
                  <CameraPos Interior="true" Position="(8.71; 3.42; 1.018)" FOV="32.0" InterestPosition="(4.252; 2.181; -0.988)" Name="glass_sticker">

                  </CameraPos>
                  <CameraPos Interior="true" Position="(3.929; 2.715; 3.395)" FOV="32.0" InterestPosition="(6.426; 0.918; 0)" Name="door_r_sticker">

                  </CameraPos>
                  <CameraPos InterestPosition="(5.584; 1.615; -0)" Name="roof" MaxXRotation="360" Position="(9.203; 3.854; 5.047)" MaxZoom="2" FOV="32.0" MaxYRotation="360">

                  </CameraPos>
                  <CameraPos Interior="true" Position="(8.161; 4.17; -0.723)" FOV="32.0" InterestPosition="(4.348; 0.1; 0.007)" Name="capote_sticker">

                  </CameraPos>
                  <CameraPos InterestPosition="(5.275; 1.623; 0)" Name="hoods" MaxXRotation="360" Position="(12.823; 1.44; -4.73)" MaxZoom="2" FOV="32.0" MaxYRotation="360">

                  </CameraPos>
                  <CameraPos InterestPosition="(4.737; 2.557; 0)" Name="side_l" MaxXRotation="360" Position="(9.507; 4.376; -3.37)" MaxZoom="2" FOV="32.0" MaxYRotation="360">

                  </CameraPos>
                  <CameraPos Interior="true" Position="(4.200; 2.407; -0.249)" FOV="32.0" InterestPosition="(6.3; 2.108; 1.201)" Name="bubble_head">

                  </CameraPos>
                  <CameraPos InterestPosition="(2.46; 1.133; 0)" Name="wheels" MaxXRotation="360" Position="(-4.539; 1.488; -5.755)" MaxZoom="2" FOV="32.0" MaxYRotation="360">

                  </CameraPos>
                  <CameraPos InterestPosition="(5.275; 1.623; 0)" Name="default" MaxXRotation="360" Position="(12.823; 1.44; -4.73)" MaxZoom="2" FOV="32.0" MaxYRotation="360">

                  </CameraPos>
                  <CameraPos InterestPosition="(0.733; 0.896; -0)" Name="rear" MaxXRotation="360" Position="(-4.606; 3.102; 2.778)" MaxZoom="2" FOV="32.0" MaxYRotation="360">

                  </CameraPos>
                  <CameraPos Interior="true" Position="(3.968; 2.793; -3.391)" FOV="32.0" InterestPosition="(4.595; 1.16; 0)" Name="door_l_sticker">

                  </CameraPos>
            </CustomizationCameras>
                <CraneSocket Pos="(4.220; 0.913; 0)" ParentFrame="BoneCabin_cdt">

                </CraneSocket>
                <CraneSocket Pos="(-1.056; 1.194; -0.463)">

                </CraneSocket>
                <CraneSocket Pos="(-1.056; 1.194; 0.463)">

                </CraneSocket>
                <CraneSocket Pos="(-4.525; 1.194; -0.463)">

                </CraneSocket>
                <CraneSocket Pos="(-4.525; 1.194; 0.463)">

                </CraneSocket>
                  <AddonSockets>
                      <Socket Offset="(-3.185; 1.65; 0)" NamesBlock="SaddleHigh" Names="Semitrailer, SemitrailerOiltank">

                      </Socket>
                      <Socket Offset="(-3.185; 1.808; 0)" NamesBlock="SaddleLow" Names="LargeSemitrailer, LargeSemitrailerOiltank">

                      </Socket>
                      <Socket Offset="(-4.766; 0.902; 0)" Names="Trailer">

                      </Socket>
                  </AddonSockets>
                  <AddonSockets>
                      <Socket Offset="(-6.681; 1.357; 0)" Names="BunkLog">

                      </Socket>
                      <Socket Offset="(-1.6; 1.345; 0)" Names="FrameAddonLogShort">
                        <AddonsShift Types="Tayga6455bWheelAddon" Offset="(-0.5; 0; 0)">

                        </AddonsShift>
                      </Socket>
                      <Socket Offset="(-1.6; 1.345; 0)" NamesBlock="Tayga6455bWheelAddon" Names="FrameAddonLogMedium">

                      </Socket>
                      <Socket Offset="(-3.182; 1.355; 0)" Names="SaddleLow">

                      </Socket>
                      <Socket Offset="(-3.182; 1.343; 0)" Names="SaddleHigh">
                          <ExtraParent Offset="(0; 0; -0.039)" Frame="BoneChassis_cdt">

                          </ExtraParent>
                          <ExtraParent Offset="(0; 0; 0.039)" Frame="BoneChassis_cdt">

                          </ExtraParent>
                      </Socket>
                      <Socket Offset="(-1.68; 1.345; 0)" Names="FrameAddon">
                          <AddonsShift Types="MinicraneRU" Offset="(-0.65; 0; 0)">

                          </AddonsShift>
                          <AddonsShift Types="Tayga6455bWheelAddon" Offset="(-0.45; 0; 0)">

                          </AddonsShift>
                          <AddonsShift TrailerNamesBlock="FrameAddon" Types="Tayga6455bWheelAddon, MinicraneRU" Offset="(0; 0; 0)">

                          </AddonsShift>
                      </Socket>
                      <Socket Offset="(-2.350; 1.43; 0)" Names="FrameAddonKung">
                          <ExtraParent Offset="(0; 0; -0.117)" Frame="BoneChassis_cdt">

                          </ExtraParent>
                          <ExtraParent Offset="(0; 0; 0.117)" Frame="BoneChassis_cdt">

                          </ExtraParent>
                      </Socket>
                      <Socket Offset="(-2.404; 1.345; 0)" Names="FrameAddonTank">

                      </Socket>
                      <Socket Offset="(0.094; 1.345; 0)" NamesBlock="Trailer" Names="FrameAddonSeismicVibrator">

                      </Socket>
                      <Socket Offset="(-3.05; 1.44; 0)" NamesBlock="MinicraneRU" Names="BigCraneRu">
                          <ExtraParent Offset="(0; -0.1; 0.01)" Frame="BoneChassis_cdt">

                          </ExtraParent>
                          <ExtraParent Offset="(0; -0.1; -0.01)" Frame="BoneChassis_cdt">

                          </ExtraParent>
                      </Socket>
                  </AddonSockets>
                  <AddonSockets>
                    <Socket Offset="(0.6; 1.341; 0)" NamesBlock=" FrameAddonLogShort, FrameAddonLogMedium, FrameAddonKung, FrameAddonTank, FrameAddonSeismicVibrator" Names="MinicraneRU">
                        <AddonsShift Types="Tayga6455bWheelAddon" Offset="(-0.7; 0; 0)">

                        </AddonsShift>
                    </Socket>
                  </AddonSockets>
                  <AddonSockets DefaultAddon="tayga_6455b_bumper_default">
                    <Socket ParentFrame="BoneCabin_cdt" Names="Tayga6455bBumper">

                    </Socket>
                  </AddonSockets>
                  <AddonSockets DefaultAddon="tayga_6455b_exhaust_default">
                      <Socket ParentFrame="BoneCabin_cdt" Names="Tayga6455bExhaustDefault">
                        <ExtraParent Frame="BoneChassis_cdt">

                        </ExtraParent>
                      </Socket>
                      <Socket ParentFrame="BoneCabinDamper_cdt" Names="Tayga6455bExhaust">
                          <ExtraParent Frame="BoneCabin_cdt">

                          </ExtraParent>
                          <ExtraParent Frame="BoneChassis_cdt">

                          </ExtraParent>
                      </Socket>
                  </AddonSockets>
                  <AddonSockets>
                    <Socket ParentFrame="BoneChassis_cdt" NamesBlock="FrameAddonTank" Names="Tayga6455bWheelAddon">
                        <ExtraParent Frame="BoneCabin_cdt">

                        </ExtraParent>
                    </Socket>
                  </AddonSockets>
                  <AddonSockets>
                    <Socket ParentFrame="BoneCabinDamper_cdt" NamesBlock="Tayga6455bSpotLight, Tayga6455bBeacon" Names="Tayga6455bRoofrack">
                          <ExtraParent Frame="BoneCabin_cdt">

                          </ExtraParent>
                          <ExtraParent Frame="BoneChassis_cdt">

                          </ExtraParent>
                    </Socket>
                  </AddonSockets>
                  <AddonSockets>
                    <Socket _template="Cabin2Chassis" Names="Tayga6455bSnorkel">

                    </Socket>
                  </AddonSockets>
                  <AddonSockets>
                    <Socket _template="Cabin2Chassis" Names="Tayga6455bSpotLight">

                    </Socket>
                  </AddonSockets>
                  <AddonSockets>
                    <Socket _template="Cabin2Chassis" Names="Tayga6455bBeacon">

                    </Socket>
                  </AddonSockets>
                  <AddonSockets>
                    <Socket _template="Cabin2Chassis" Names="Tayga6455bVisor">

                    </Socket>
                  </AddonSockets>
                  <AddonSockets>
                    <Socket _template="Cabin2Chassis" Names="Tayga6455bHorn">

                    </Socket>
                  </AddonSockets>
                  <AddonSockets>
                    <Socket InCockpit="true" _template="Cabin2Chassis" Names="Tayga6455bSticker_1x1_01">

                    </Socket>
                  </AddonSockets>
                  <AddonSockets>
                    <Socket InCockpit="true" _template="Cabin2Chassis" Names="Tayga6455bSticker_1x1_02">

                    </Socket>
                  </AddonSockets>
                  <AddonSockets>
                    <Socket InCockpit="true" _template="Cabin2Chassis" Names="Tayga6455bSticker_1x1_03">

                    </Socket>
                  </AddonSockets>
                  <AddonSockets>
                    <Socket InCockpit="true" _template="Cabin2Chassis" Names="Tayga6455bSticker_1x2_01">

                    </Socket>
                  </AddonSockets>
                  <AddonSockets>
                    <Socket InCockpit="true" _template="Cabin2Chassis" Names="Tayga6455bSticker_1x2_02">

                    </Socket>
                  </AddonSockets>
                  <AddonSockets>
                    <Socket InCockpit="true" _template="Cabin2Chassis" Names="Tayga6455bSticker_1x4_01">

                    </Socket>
                  </AddonSockets>
                  <AddonSockets>
                    <Socket InCockpit="true" _template="Cabin2Chassis" Names="Tayga6455bSticker_GlassTop">

                    </Socket>
                  </AddonSockets>
                  <AddonSockets>
                    <Socket InCockpit="true" _template="Cabin2Chassis" Names="Tayga6455bSticker_GlassBottom">

                    </Socket>
                  </AddonSockets>
                  <AddonSockets>
                    <Socket _template="Cabin2Chassis" Names="Tayga6455bSticker_Door_L">

                    </Socket>
                  </AddonSockets>
                  <AddonSockets>
                    <Socket _template="Cabin2Chassis" Names="Tayga6455bSticker_Door_R">

                    </Socket>
                  </AddonSockets>
                  <AddonSockets>
                    <Socket _template="Cabin2Chassis" Names="Tayga6455bSticker_Capote">

                    </Socket>
                  </AddonSockets>
                  <AddonSockets>
                    <Socket Names="StuffDashboard" InCockpit="true" _template="Cabin2Chassis" Offset="(2.124; 2.286; 0)">

                    </Socket>
                  </AddonSockets>
                  <AddonSockets>
                    <Socket Names="StuffAirfreshener" InCockpit="true" _template="Cabin2Chassis" Offset="(2.044; 2.789; 0.5)">

                    </Socket>
                  </AddonSockets>
                    <WinchSocket Pos="(4.220; 0.913; 0)" ParentFrame="BoneCabin_cdt">

                    </WinchSocket>
                    <WinchSocket Pos="(-1.056; 1.194; -0.463)">

                    </WinchSocket>
                    <WinchSocket Pos="(-1.056; 1.194; 0.463)">

                    </WinchSocket>
                    <WinchSocket Pos="(-4.525; 1.194; -0.463)">

                    </WinchSocket>
                    <WinchSocket Pos="(-4.525; 1.194; 0.463)">

                    </WinchSocket>
            <UiDesc UiDesc="UI_VEHICLE_TAYGA_6455b_DESC" UiIcon30x30="offroadVehicleImg30" UiName="UI_VEHICLE_TAYGA_6455b_NAME" UiIconLogo="TaygaLogo80" UiIcon40x40="offroadVehicleImg" UiIcon328x458="shopImgTayga6455b">

            </UiDesc>
      </GameData>
      <ControlledConstraints>
              <Constraint Name="TieRodSteer" IsLinkedSteering="true" Id="chassis_steer">

              </Constraint>
      </ControlledConstraints>
      <HeadLight _template="Default" Pos="(4.5; 1.5; 0)">

      </HeadLight>
      <Landmark Mesh="landmarks/tayga_6455b_lmk" MaxScale="3.8" MinScale="1.8">

      </Landmark>
      <AutomaticIK>
                      <IKBone ParentFrame="BoneTieRod_cdt" ModelFrame="BoneTieRodHinge2">
                        <IKBone AttachToFrame="BoneRackLeft" AttachOffset="(0; 0; 0)" ModelFrame="BoneTieRodPrismatic">
                            <IKJoint AxisLocal="(1; 0; 0)" Type="Slider">

                            </IKJoint>
                        </IKBone>
                        <IKJoint AxisLocal="(1; 0; 0)" Type="Hinge2">

                        </IKJoint>
                      </IKBone>
                      <IKBone ParentFrame="BoneCabin_cdt" ModelFrame="BoneTieRodPistonBase">
                        <IKBone AttachToFrame="BoneTieRodHinge2" AttachOffset="(0; 0; 0)" ModelFrame="BoneTieRodPiston">
                            <IKJoint AxisLocal="(1; 0; 0)" Type="Slider">

                            </IKJoint>
                        </IKBone>
                        <IKJoint AxisLocal="(0; 0; 1)" Type="Hinge">

                        </IKJoint>
                      </IKBone>
      </AutomaticIK>
      <ModelAttachments>
                      <StopSignals>
                            <Flare Color="g(255; 0; 0) x 0.7" Pos="(-4.515; 1.284; -0.682)" Size="0.4" _template="StopSignal">

                            </Flare>
                            <Flare Color="g(255; 0; 0) x 0.7" Pos="(-4.515; 1.284; 0.682)" Size="0.4" _template="StopSignal">

                            </Flare>
                          <Light _template="StopSignal" Pos="(-4.915; 1.097; 0)">

                          </Light>
                      </StopSignals>
                      <Ignition>
                              <Flare Size="0.4" _template="IgnitionSignalRed" Pos="(-4.515; 1.284; -0.614)">

                              </Flare>
                              <Flare Size="0.4" _template="IgnitionSignalRed" Pos="(-4.515; 1.284; 0.614)">

                              </Flare>
                              <Flare ParentFrame="BoneCabin_cdt" Size="0.4" Pos="(1.937; 2.978; -0.169)" _template="MarkerBeacon">

                              </Flare>
                              <Flare ParentFrame="BoneCabin_cdt" Size="0.4" Pos="(1.98; 2.978; 0)" _template="MarkerBeacon">

                              </Flare>
                              <Flare ParentFrame="BoneCabin_cdt" Size="0.4" Pos="(1.937; 2.978; 0.169)" _template="MarkerBeacon">

                              </Flare>
                              <Flare Color="g(255; 235; 215) x 0.5" Pos="(3.924; 1.62; -0.811)" ParentFrame="BoneCabin_cdt" Size="0.5" _template="IgnitionSignalWhite">

                              </Flare>
                              <Flare Color="g(255; 235; 215) x 0.5" Pos="(3.924; 1.62; 0.811)" ParentFrame="BoneCabin_cdt" Size="0.5" _template="IgnitionSignalWhite">

                              </Flare>
                              <Flare Color="g(255; 235; 225) x 0.3" Pos="(3.896; 1.638; -1.078)" ParentFrame="BoneCabin_cdt" Size="0.2" _template="IgnitionSignalWhite">

                              </Flare>
                              <Flare Color="g(255; 235; 225) x 0.3" Pos="(3.896; 1.638; 1.078)" ParentFrame="BoneCabin_cdt" Size="0.2" _template="IgnitionSignalWhite">

                              </Flare>
                                <Light _template="IgnitionSignalRed" Pos="(-4.915; 1.097; 0)">

                                </Light>
                                <Light Color="g(240; 200; 165) x 1.0" ParentFrame="BoneCabin_cdt" _template="IgnitionSignalWhite" Pos="(4.5; 1.5; 0)">

                                </Light>
                      </Ignition>
                      <HeadLight>
                                <Flare Color="g(255; 235; 215) x 0.5" Pos="(3.924; 1.62; -0.811)" ParentFrame="BoneCabin_cdt" Size="0.5" _template="HeadLight">

                                </Flare>
                                <Flare Color="g(255; 235; 215) x 0.5" Pos="(3.924; 1.62; 0.811)" ParentFrame="BoneCabin_cdt" Size="0.5" _template="HeadLight">

                                </Flare>
                                <Flare ParentFrame="BoneCabin_cdt" _template="BlueStreak" Pos="(3.946; 1.62; -0.811)">

                                </Flare>
                                <Flare ParentFrame="BoneCabin_cdt" _template="BlueStreak" Pos="(3.946; 1.62; 0.811)">

                                </Flare>
                                  <Model Org="(3.924; 1.62; -0.811)" _template="HeadLightRay" ParentFrame="BoneCabin_cdt">

                                  </Model>
                                  <Model Org="(3.924; 1.62; 0.811)" _template="HeadLightRay" ParentFrame="BoneCabin_cdt">

                                  </Model>
                      </HeadLight>
      </ModelAttachments>
      <TruckData EngineIconMesh="env/engine_default" EngineStartDelay="0.8" TruckType="OFFROAD" ExhaustStartTime="0.9" SteerSpeed="0.03" TruckImage="tayga6455mchr" DiffLockType="Always" Responsiveness="0.15" FuelCapacity="330" EngineIconScale="1.3" BackSteerSpeed="0.03">
                        <Driver ParentFrame="BoneCabinDamper_cdt" SteeringWheelPos="(1.805; 2.262; 0.493)" Pos="(1.423; 1.934; 0.5)" AnimationSet="Truck">

                        </Driver>
                        <Shafts>
                                <Shaft SocketPointB="Shaft1b" SocketPointA="Shaft1a">

                                </Shaft>
                                <Shaft SocketPointB="Shaft2b" SocketPointA="Shaft2a">

                                </Shaft>
                                <Shaft SocketPointB="Shaft3b" SocketPointA="Shaft3a">

                                </Shaft>
                                <Shaft SocketPointB="Shaft4b" SocketPointA="Shaft4a">

                                </Shaft>
                                <Shaft SocketPointB="Shaft5b" SocketPointA="Shaft5a">

                                </Shaft>
                        </Shafts>
                        <FuelTank DamageCapacity="50">

                        </FuelTank>
                        <Dashboard>
                                    <Gauge Org="(2.042; 2.178; 0.432)" OutputAngles="(-120; 140)" Mesh="trucks/arrows/tayga_6455b_arrow_1" Damping="0.99" InputRange="(0;120)" InputType="speed" Dir="(-0.977; 0.212; 0)">

                                    </Gauge>
                                    <Gauge Org="(2.04; 2.169; 0.652)" OutputAngles="(-130; -30)" Mesh="trucks/arrows/tayga_6455b_arrow_1" Damping="0.99" InputRange="(0;1)" InputType="engineEnabled" Dir="(-0.977; 0.212; 0)">

                                    </Gauge>
                                    <Gauge Org="(2.027; 2.109; 0.268)" OutputAngles="(-110; -80)" Mesh="trucks/arrows/tayga_6455b_arrow_1" Damping="0.99" InputRange="(0;1)" InputType="engineEnabled" Dir="(-0.977; 0.212; 0)">

                                    </Gauge>
                                    <Gauge Org="(2.043; 2.181; 0.553)" OutputAngles="(-87; 20)" Mesh="trucks/arrows/tayga_6455b_arrow_2" Damping="0.99" InputRange="(0;1)" InputType="engineEnabled" Dir="(-0.977; 0.212; 0)">

                                    </Gauge>
                                    <Gauge Org="(2.042; 2.175; 0.553)" OutputAngles="(-92; -190)" Mesh="trucks/arrows/tayga_6455b_arrow_2" Damping="0.99" InputRange="(0;1)" InputType="engineEnabled" Dir="(-0.977; 0.212; 0)">

                                    </Gauge>
                                    <Gauge Org="(2.04; 2.163; 0.334)" OutputAngles="(-38; -14)" Mesh="trucks/arrows/tayga_6455b_arrow_3" Damping="0.99" InputRange="(0;1)" InputType="engineEnabled" Dir="(-0.977; 0.212; 0)">

                                    </Gauge>
                                    <Gauge Org="(2.024; 2.091; 0.611)" OutputAngles="(-38; 10)" Mesh="trucks/arrows/tayga_6455b_arrow_4" Damping="0.99" InputRange="(0;1)" InputType="engineEnabled" Dir="(-0.977; 0.213; 0)">

                                    </Gauge>
                        </Dashboard>
                        <SoundsWheels _template="Default">

                        </SoundsWheels>
                        <GearboxSocket Default="g_truck_default" Type="gearboxes_trucks">

                        </GearboxSocket>
                                      <Steam Origin="(3; 1.5; 0)">

                                      </Steam>
                                      <Steam Origin="(1; 1.4; 0)">

                                      </Steam>
                        <Sounds DisableReversePitch="false" MinDist="10.0" Origin="(3; 1.75; 0)" ParentFrame="BoneCabin_cdt" AirHissInterval="12.0" _template="Default">
                                          <BrakesSqueal Sound="trucks/tayga_6436/tayga_6436_brakes_squeal">

                                          </BrakesSqueal>
                                          <AbruptStop Sound="trucks/common/truck_swing_big_rnd_set/truck_swing_big_rnd">

                                          </AbruptStop>
                                          <EngineLow Sound="trucks/tayga_6455b/tayga_6455b_low">

                                          </EngineLow>
                                          <EngineRev Sound="trucks/tayga_6455b/tayga_6455b_rev">

                                          </EngineRev>
                                          <EngineAccel Sound="trucks/tayga_6455b/tayga_6455b_acc">

                                          </EngineAccel>
                                          <Honk Sound="trucks/tayga_6455b/tayga_6455b_honk">

                                          </Honk>
                                          <EngineStop Sound="trucks/tayga_6455b/tayga_6455b_stop">

                                          </EngineStop>
                                          <Handbrake Sound="trucks/tayga_6436/tayga_6436_handbrake_on">

                                          </Handbrake>
                                          <EngineIdle_2d IsSound2D="true" Sound="trucks/tayga_6455b/tayga_6455b_idle_2d">

                                          </EngineIdle_2d>
                                          <EngineTrans Sound="">

                                          </EngineTrans>
                                          <EngineHeavy_2d IsSound2D="true" Sound="trucks/tayga_6455b/tayga_6455b_heavy_2d">

                                          </EngineHeavy_2d>
                                          <Reverse Sound="trucks/tayga_6455b/tayga_6455b_reverse">

                                          </Reverse>
                                          <EngineHigh_2d IsSound2D="true" Sound="trucks/tayga_6455b/tayga_6455b_high_2d">

                                          </EngineHigh_2d>
                                          <EngineIdle Sound="trucks/tayga_6455b/tayga_6455b_idle">

                                          </EngineIdle>
                                          <HandbrakeOff Sound="trucks/tayga_6436/tayga_6436_handbrake_off">

                                          </HandbrakeOff>
                                          <EngineHigh Sound="trucks/tayga_6455b/tayga_6455b_high">

                                          </EngineHigh>
                                          <EngineLow_2d IsSound2D="true" Sound="trucks/tayga_6455b/tayga_6455b_low_2d">

                                          </EngineLow_2d>
                                          <EngineHeavy Sound="trucks/tayga_6455b/tayga_6455b_heavy">

                                          </EngineHeavy>
                                          <BrakeRelease Sound="trucks/common/truck_brake_release_alt2_rnd_set/truck_brake_release_alt2_rnd">

                                          </BrakeRelease>
                                          <EngineStart Sound="trucks/tayga_6455b/tayga_6455b_start">

                                          </EngineStart>
                        </Sounds>
                        <Intake Size="1" Origin="(4.201; 1.677; 0)" Dir="(1; 0; 0)">

                        </Intake>
                        <SoundsDamage _template="Heavy">

                        </SoundsDamage>
                        <Damage>
                                                  <DamageArea Max="(4.200; 2.100; 0.5)" Type="Engine" ParentFrame="BoneCabin_cdt" Min="(2.4; 1; -0.5)">

                                                  </DamageArea>
                                                  <DamageArea Max="(0.5; 1.3; 1.1)" Type="FuelTank" ParentFrame="BoneChassis_cdt" Min="(-0.5; 0.7; -1.1)">

                                                  </DamageArea>
                        </Damage>
                        <Camera ParentFrame="BoneCabinDamper_cdt" Center="(-1.5; 0; 0)">
                                                  <Cockpit WindshieldShadingTexture="trucks/tayga_6455b_glass__sh_d.tga" WindshieldDiffuseTexture="trucks/tayga_6455b_glass__d_a.tga" _template="Default" ViewPos="(1.45; 2.55; 0.5)">
                                                        <Mirror FOVScale="2" Pos="(2.006; 2.375; 1.454)" ClipDir="(-0.866; 0; -0.5)" ReflectionDir="(-0.866; 0; -0.5)" Size="(0.16; 0.3)" ClipOffset="0.1" MeshFrame="mirror_left">

                                                        </Mirror>
                                                        <Mirror FOVScale="2" Pos="(2.095; 2.375; -1.439)" ClipDir="(-0.788; 0; 0.616)" ReflectionDir="(-0.788; 0; 0.616)" Size="(0.16; 0.3)" ClipOffset="0.1" MeshFrame="mirror_right">

                                                        </Mirror>
                                                  </Cockpit>
                        </Camera>
                        <Shakers>
                                                    <Shaker MinAngle="(0.5; 0.5; 0.5)" Frame="BoneGearstick" ParentFrame="BoneCabinDamper_cdt" MaxAngle="(1; 1; 1)" MaxFrequency="0.1">

                                                    </Shaker>
                        </Shakers>
                        <SuspensionSocket Default="tayga_6455b_suspension_default" Type="s_tayga_6455b" MaxWheelRadiusWithoutSuspension="0.5">

                        </SuspensionSocket>
                        <Wheels DefaultTire="offroad_2" DefaultWheelType="wheels_heavy_single" DefaultRim="rim_1">
                                                          <Wheel _template="FrontWheel" Pos="(3.221; 0.64; 1.060)">

                                                          </Wheel>
                                                          <Wheel Pos="(3.221; 0.64; 1.027)" _template="FrontWheel" RightSide="true">

                                                          </Wheel>
                                                          <Wheel _template="RearWheel" Pos="(-2.477; 0.645; 1.060)">

                                                          </Wheel>
                                                          <Wheel Pos="(-2.477; 0.645; 1.060)" _template="RearWheel" RightSide="true">

                                                          </Wheel>
                                                          <Wheel _template="RearWheel" Pos="(-3.885; 0.645; 1.060)">

                                                          </Wheel>
                                                          <Wheel Pos="(-3.885; 0.645; 1.060)" _template="RearWheel" RightSide="true">

                                                          </Wheel>
                        </Wheels>
                        <Axles>
                                                            <Axle Frame="BoneAxle1">

                                                            </Axle>
                                                            <Axle Frame="BoneAxle2">

                                                            </Axle>
                                                            <Axle Frame="BoneAxle3">

                                                            </Axle>
                        </Axles>
                        <EngineSocket Default="ru_truck_old_heavy_engine_0" Type="e_ru_truck_old_heavy">

                        </EngineSocket>
                        <OcclusionMap HalfSizeZ="2.1" MinX="-5" MaxX="5">

                        </OcclusionMap>
                                                              <LimitedFluid Type="Cylinder" Center="(-0.026; 0.998; 0.83)" LengthX="0.9" RadiusZ="0.27" RadiusY="0.27">

                                                              </LimitedFluid>
                                                              <LimitedFluid Type="Cylinder" Center="(-0.026; 0.998; -0.83)" LengthX="0.9" RadiusZ="0.27" RadiusY="0.27">

                                                              </LimitedFluid>
                        <WinchUpgradeSocket Default="w_medium_trucks_default" IsUpgradable="true" Type="winches_medium_trucks">

                        </WinchUpgradeSocket>
                        <SteeringWheel Frame="BoneSteering">

                        </SteeringWheel>
                                                                    <CompatibleWheels Scale="0.61" Type="wheels_heavy_single">

                                                                    </CompatibleWheels>
                                                                    <CompatibleWheels Scale="0.64" Type="wheels_heavy_single">

                                                                    </CompatibleWheels>
                                                                    <CompatibleWheels OffsetZ="0.055" RearOffsetZ="0.05" Scale="0.64" Type="wheels_heavy_single2">

                                                                    </CompatibleWheels>
                                                                    <CompatibleWheels Off8setZ="0.1" RearOffsetZ="0.05" Type="wheels_heavy_mudtires_tayga" Scale="0.61">

                                                                    </CompatibleWheels>
                                                                    <CompatibleWheels OffsetZ="0.1" RearOffsetZ="0.05" Scale="0.64" Type="wheels_heavy_mudtires_tayga">

                                                                    </CompatibleWheels>
                        <SteeringRack RackHalfSizeZ="0.838" Frame="BoneRack" FrameSteerLeft="BoneRackLeft" FrameSteerRight="BoneRackRight">

                        </SteeringRack>
      </TruckData>
  </Truck>
  <_templates Include="trucks">
        <Wheel>
            <RearWheel Torque="default" Location="rear" ConnectedToHandbrake="true">

            </RearWheel>
            <FrontWheel SteeringCastor="0" Torque="default" ParentFrame="BoneCabin_cdt" SteeringJointOffset="0.08" SteeringAngle="30" Location="front">

            </FrontWheel>
        </Wheel>
        <Body>
              <SideMirror Collisions="None" Mass="5">
                  <Constraint MinLimit="-15" Type="Hinge" MaxLimit="15" AxisLocal="(0; 1; 0)">
                      <Motor Spring="50" Type="Spring" Damping="0.5">

                      </Motor>
                  </Constraint>
              </SideMirror>
              <Antenna Collisions="None" Mass="5">
                    <Constraint Type="Ragdoll" PlaneAxisLocal="(0; 0; 1)" PlaneMax="20" PlaneMin="-20" Cone="20" TwistAxisLocal="(0; 1; 0)">
                        <PlaneMotor Spring="60" Type="Spring" Damping="0.1">

                        </PlaneMotor>
                        <ConeMotor Spring="60" Type="Spring" Damping="0.1">

                        </ConeMotor>
                    </Constraint>
              </Antenna>
        </Body>
        <Socket>
                <Cabin2Chassis ParentFrame="BoneCabinDamper_cdt" Offset="(0; 0; 0)">
                    <ExtraParent Frame="BoneChassis_cdt">

                    </ExtraParent>
                </Cabin2Chassis>
        </Socket>
  </_templates>