  <_templates Include="trucks">
      <Wheel>
          <SecondAxle ParentFrame="BoneCabin_cdt" SteeringAngle="20" Location="front" SteeringJointOffset="0.25" Torque="default" SteeringCastor="0">

          </SecondAxle>
          <FirstAxle ParentFrame="BoneCabin_cdt" SteeringAngle="35" Location="front" SteeringJointOffset="0.25" Torque="default" SteeringCastor="0">

          </FirstAxle>
          <RearAxle SteeringAngle="-20" Location="rear" SteeringJointOffset="0.25" Torque="default">

          </RearAxle>
          <MiddleAxle Location="rear" ConnectedToHandbrake="true" Torque="default">

          </MiddleAxle>
      </Wheel>
      <Body>
            <SideMirror Mass="5" Collisions="None">
                <Constraint Type="Hinge" MaxLimit="15" AxisLocal="(0; 0; 1)" MinLimit="-15">
                    <Motor Spring="100" Damping="0.7" Type="Spring">

                    </Motor>
                </Constraint>
            </SideMirror>
            <Sunshield Mass="3" Collisions="None">
                  <Constraint Type="Hinge" MaxLimit="5" AxisLocal="(0; 0; 1)" MinLimit="-30">
                      <Motor Spring="10" Damping="2" Type="Spring">

                      </Motor>
                  </Constraint>
            </Sunshield>
            <Mudguard Mass="10" AngularDamping="3.0" Collisions="None">
                    <Constraint Type="Hinge" MaxLimit="35" AxisLocal="(0; 0; 1)" MinLimit="-35">

                    </Constraint>
            </Mudguard>
      </Body>
  </_templates>
  <Truck>
        <HeadLight Pos="(5.239; 1.202; 0)" ParentFrame="BoneCabin_cdt" _template="Default">

        </HeadLight>
        <GameData UnlockByExploration="false" Price="66000" UnlockByRank="20" Country="RU,CAS">
              <CustomizationCameras>
                    <CameraPos Name="sticker_1" InterestPosition="(9.12; 3.232; -0.989)" Position="(5.99; 2.177; -0.226)" Interior="true" FOV="32.0">

                    </CameraPos>
                    <CameraPos MaxYRotation="360" MaxZoom="2" Name="addon_1" InterestPosition="(-1.765; 1.692; -0)" Position="(-11.556; 4.444; 8.243)" MaxXRotation="360" FOV="32.0">

                    </CameraPos>
                    <CameraPos MaxYRotation="360" MaxZoom="2" Name="addon_2" InterestPosition="(3.194; 1.627; 0)" Position="(-1.079; 3.124; -3.75)" MaxXRotation="360" FOV="32.0">

                    </CameraPos>
                    <CameraPos Name="mirror_mount" InterestPosition="(8.885; 2.491; 1.232)" Position="(5.687; 2.129; -0.85)" Interior="true" FOV="32.0">

                    </CameraPos>
                    <CameraPos MaxYRotation="360" MaxZoom="2" Name="side_r" InterestPosition="(4.764; 1.97; -0)" Position="(-0.226; 4.969; -4.508)" MaxXRotation="360" FOV="32.0">

                    </CameraPos>
                    <CameraPos Name="sticker" InterestPosition="(9.127; -0.063; -0.887)" Position="(6.131; 2.472; -0.523)" Interior="true" FOV="32.0">

                    </CameraPos>
                    <CameraPos Name="door_r_sticker" InterestPosition="(6.964; 1.413; 0.896)" Position="(3.586; 2.218; 3.66)" Interior="true" FOV="32.0">

                    </CameraPos>
                    <CameraPos MaxYRotation="360" MaxZoom="2" Name="roof" InterestPosition="(4.758; 2.358; -0)" Position="(10.787; 4.806; -3.717)" MaxXRotation="360" FOV="32.0">

                    </CameraPos>
                    <CameraPos Name="glass_sticker" InterestPosition="(6.438; 2.059; -0.86)" Position="(10.856; 3.068; 1.239)" Interior="true" FOV="32.0">

                    </CameraPos>
                    <CameraPos MaxYRotation="360" MaxZoom="2" Name="hoods" InterestPosition="(5.716; 1.735; 0)" Position="(13.576; 1.402; -3.863)" MaxXRotation="360" FOV="32.0">

                    </CameraPos>
                    <CameraPos Name="sticker_2" InterestPosition="(6.662; 0.61; 1.935)" Position="(5.221; 1.595; 0.03)" Interior="true" FOV="32.0">

                    </CameraPos>
                    <CameraPos MaxYRotation="360" MaxZoom="2" Name="side_l" InterestPosition="(6.27; 2.278; 0)" Position="(11.866; 5.284; -4.55)" MaxXRotation="360" FOV="32.0">

                    </CameraPos>
                    <CameraPos Name="bubble_head" InterestPosition="(9.259; 0.512; 1.477)" Position="(6.016; 2.272; -0.489)" Interior="true" FOV="32.0">

                    </CameraPos>
                    <CameraPos MaxYRotation="360" MaxZoom="2" Name="wheels" InterestPosition="(3.679; 0.627; -0)" Position="(6.058; 2.362; -6.974)" MaxXRotation="360" FOV="32.0">

                    </CameraPos>
                    <CameraPos MaxYRotation="360" MaxZoom="2" Name="default" InterestPosition="(5.716; 1.735; 0)" Position="(13.576; 1.402; -3.863)" MaxXRotation="360" FOV="32.0">

                    </CameraPos>
                    <CameraPos MaxYRotation="360" MaxZoom="2" Name="rear" InterestPosition="(-0.472; 0.992; -0)" Position="(-6.677; 2.51; 3.042)" MaxXRotation="360" FOV="32.0">

                    </CameraPos>
                    <CameraPos Name="door_l_sticker" InterestPosition="(5.522; 1.434; 0.154)" Position="(3.62; 2.194; -3.605)" Interior="true" FOV="32.0">

                    </CameraPos>
                    <CameraPos Name="curtain" InterestPosition="(8.885; 2.491; 1.232)" Position="(5.687; 2.129; -0.85)" Interior="true" FOV="32.0">

                    </CameraPos>
              </CustomizationCameras>
              <UiDesc UiName="UI_VEHICLE_AZOV_73210_NAME" UiDesc="UI_VEHICLE_AZOV_73210_DESC" UiIconLogo="AzovLogo80" UiIcon40x40="heavyVehicleImg" UiIcon30x30="heavyVehicleImg30" UiIcon328x458="shopImgAzov73210">

              </UiDesc>
                    <AddonSockets>
                        <Socket Offset="(-5.593; 1.083; 0)" Names="Trailer">

                        </Socket>
                        <Socket Offset="(-3.244; 1.562; 0)" Names="Semitrailer, SemitrailerOiltank" NamesBlock="SaddleHigh">

                        </Socket>
                        <Socket Offset="(-3.244; 1.755; 0)" Names="LargeSemitrailer, LargeSemitrailerOiltank" NamesBlock="SaddleLow">

                        </Socket>
                    </AddonSockets>
                    <AddonSockets>
                      <Socket Offset="(0.287; 1.271; 0)" Names="LogLift" NamesBlock="MinicraneRU, LargeSemitrailer, LargeSemitrailerOiltank, SemitrailerOiltank, FrameAddon, FrameAddonTank,         FrameAddonSeismicVibrator, FrameAddonKung, BigCraneRu, FrameAddonMaintainerBig ">

                      </Socket>
                    </AddonSockets>
                    <AddonSockets>
                        <Socket Offset="(-6.639; 1.272; 0)" Names="BunkLog" NamesBlock="Azov73210RearFender">

                        </Socket>
                        <Socket Offset="(-2.4; 1.268; 0)" Names="FrameAddonLogShort" NamesBlock="MinicraneRU, LogLift, Azov73210RearFender">

                        </Socket>
                        <Socket Offset="(-1.33; 1.268; 0)" Names="FrameAddonLogMedium" NamesBlock="MinicraneRU, LogLift, Azov73210RearFender">
                          <AddonsShift Offset="(-0.75; 0; 0)" Types="Azov73210SpareWheel">

                          </AddonsShift>
                        </Socket>
                        <Socket Offset="(-3.244; 1.233; 0)" Names="SaddleLow">
                            <ExtraParent Offset="(0; 0; 0.087)" Frame="BoneChassis_cdt">

                            </ExtraParent>
                            <ExtraParent Offset="(0; 0; -0.087)" Frame="BoneChassis_cdt">

                            </ExtraParent>
                        </Socket>
                        <Socket Offset="(-3.244; 1.266; 0)" Names="SaddleHigh">
                            <ExtraParent Offset="(0; 0; -0.01)" Frame="BoneChassis_cdt">

                            </ExtraParent>
                            <ExtraParent Offset="(0; 0; 0.01)" Frame="BoneChassis_cdt">

                            </ExtraParent>
                        </Socket>
                        <Socket Offset="(-2.350; 1.267; 0)" Names="FrameAddon">
                          <AddonsShift Offset="(-0.9; 0; 0)" Types="MinicraneRU">

                          </AddonsShift>
                        </Socket>
                        <Socket Offset="(-1.83; 1.268; 0)" Names="FrameAddonTowPlatform" NamesBlock="Trailer, MinicraneRU, Azov73210SpareWheel, LogLift">

                        </Socket>
                        <Socket Offset="(-2.815; 1.268; 0)" Names="FrameAddon3" NamesBlock="Trailer, MinicraneRU, Azov73210SpareWheel, LogLift">

                        </Socket>
                        <Socket Offset="(-2.79; 1.268; 0)" Names="FrameAddonSideboard3" NamesBlock="Trailer, MinicraneRU, Azov73210SpareWheel, LogLift">

                        </Socket>
                        <Socket Offset="(-3.2; 1.267; 0)" Names="FrameAddonTank">

                        </Socket>
                        <Socket Offset="(-0.9; 1.267; 0)" Names="FrameAddonSeismicVibrator" NamesBlock="Trailer, MinicraneRU">

                        </Socket>
                        <Socket Offset="(-2.8; 1.35; 0)" Names="FrameAddonKung" ParentFrame="BoneChassis_cdt">
                            <ExtraParent Offset="(0; 0; -0.17)" Frame="BoneChassis_cdt">

                            </ExtraParent>
                            <ExtraParent Offset="(0; 0; 0.17)" Frame="BoneChassis_cdt">

                            </ExtraParent>
                        </Socket>
                        <Socket Offset="(-2.7; 1.355; 0)" Names="BigCraneRu" ParentFrame="BoneChassis_cdt">
                            <ExtraParent Offset="(0; -0.088; -0.05)" Frame="BoneChassis_cdt">

                            </ExtraParent>
                            <ExtraParent Offset="(0; -0.088; 0.05)" Frame="BoneChassis_cdt">

                            </ExtraParent>
                        </Socket>
                        <Socket Offset="(1; 1.269; 0)" Names="FrameAddonMaintainerBig" NamesBlock="Azov73210RearFender, Azov73210SpareWheel, Trailer">

                        </Socket>
                    </AddonSockets>
                    <AddonSockets>
                      <Socket Offset="(-0.3; 1.27; 0)" Names="MinicraneRU" NamesBlock="BunkLog, FrameAddonTank, FrameAddonKung, BigCraneUs, BigCraneRu, FrameAddonMaintainerBig">
                            <ExtraParent Offset="(0; 0; -0.07)" Frame="BoneChassis_cdt">

                            </ExtraParent>
                            <ExtraParent Offset="(0; 0; 0.07)" Frame="BoneChassis_cdt">

                            </ExtraParent>
                      </Socket>
                    </AddonSockets>
                    <AddonSockets>
                      <Socket Offset="(0; 0; 0)" Names="Azov73210SpareWheel">

                      </Socket>
                    </AddonSockets>
                    <AddonSockets DefaultAddon="azov_73210_fender_rear_default">
                      <Socket Names="Azov73210RearFender">

                      </Socket>
                    </AddonSockets>
                    <AddonSockets DefaultAddon="azov_73210_exhaust_default">
                      <Socket Names="Azov73210Exhaust">

                      </Socket>
                    </AddonSockets>
                    <AddonSockets DefaultAddon="azov_73210_beacon_default">
                      <Socket Names="Azov73210Beacon">

                      </Socket>
                    </AddonSockets>
                    <AddonSockets DefaultAddon="azov_73210_snorkel_default">
                      <Socket Names="Azov73210Snorkel">

                      </Socket>
                    </AddonSockets>
                    <AddonSockets>
                      <Socket Names="Azov73210Bumper">

                      </Socket>
                    </AddonSockets>
                    <AddonSockets>
                        <Socket Names="Azov73210Spotlight">

                        </Socket>
                        <Socket Names="Azov73210Spotlight2" NamesBlock="Azov73210Beacon">

                        </Socket>
                    </AddonSockets>
                    <AddonSockets>
                      <Socket Names="Azov73210Gabarite">

                      </Socket>
                    </AddonSockets>
                    <AddonSockets>
                      <Socket Names="Azov73210Visor">

                      </Socket>
                    </AddonSockets>
                    <AddonSockets>
                      <Socket Names="Azov73210Horn">

                      </Socket>
                    </AddonSockets>
                    <AddonSockets>
                      <Socket Names="Azov73210Conditioner">

                      </Socket>
                    </AddonSockets>
                    <AddonSockets>
                      <Socket Names="Azov73210Threshold">

                      </Socket>
                    </AddonSockets>
                    <AddonSockets>
                      <Socket ParentFrame="BoneCabin_cdt" Offset="(4.699; 1.839; 0.219)" Names="StuffDashboard" InCockpit="true">

                      </Socket>
                    </AddonSockets>
                    <AddonSockets>
                      <Socket ParentFrame="BoneCabin_cdt" Offset="(0; 0; 0)" Names="Azov73210Sticker_1x1_01" InCockpit="true">

                      </Socket>
                    </AddonSockets>
                    <AddonSockets>
                      <Socket ParentFrame="BoneCabin_cdt" Offset="(0; 0; 0)" Names="Azov73210Sticker_1x1_02" InCockpit="true">

                      </Socket>
                    </AddonSockets>
                    <AddonSockets>
                      <Socket ParentFrame="BoneCabin_cdt" Offset="(0; 0; 0)" Names="Azov73210Sticker_1x1_03" InCockpit="true">

                      </Socket>
                    </AddonSockets>
                    <AddonSockets>
                      <Socket ParentFrame="BoneCabin_cdt" Offset="(0; 0; 0)" Names="Azov73210Sticker_1x2_01" InCockpit="true">

                      </Socket>
                    </AddonSockets>
                    <AddonSockets>
                      <Socket ParentFrame="BoneCabin_cdt" Offset="(0; 0; 0)" Names="Azov73210Sticker_1x2_02" InCockpit="true">

                      </Socket>
                    </AddonSockets>
                    <AddonSockets>
                      <Socket ParentFrame="BoneCabin_cdt" Offset="(0; 0; 0)" Names="Azov73210Sticker_1x4_01" InCockpit="true">

                      </Socket>
                    </AddonSockets>
                    <AddonSockets>
                      <Socket ParentFrame="BoneCabin_cdt" Offset="(0; 0; 0)" Names="StuffCurtainAzov73210" InCockpit="true">

                      </Socket>
                    </AddonSockets>
                    <AddonSockets>
                      <Socket ParentFrame="BoneCabin_cdt" Offset="(4.406; 2.449; 0.554)" Names="StuffAirfreshener" InCockpit="true">

                      </Socket>
                    </AddonSockets>
                    <AddonSockets>
                      <Socket ParentFrame="BoneCabin_cdt" Names="azov73210Sticker_GlassTop" InCockpit="true">

                      </Socket>
                    </AddonSockets>
                    <AddonSockets>
                      <Socket ParentFrame="BoneCabin_cdt" Names="azov73210Sticker_GlassBottom" InCockpit="true">

                      </Socket>
                    </AddonSockets>
                    <AddonSockets>
                      <Socket Names="azov73210Sticker_Door_L" ParentFrame="BoneCabin_cdt">

                      </Socket>
                    </AddonSockets>
                    <AddonSockets>
                      <Socket Names="azov73210Sticker_Door_R" ParentFrame="BoneCabin_cdt">

                      </Socket>
                    </AddonSockets>
                      <CraneSocket Pos="(5.163; 0.621; -0.319)">

                      </CraneSocket>
                      <CraneSocket Pos="(5.163; 0.621; 0.319)">

                      </CraneSocket>
                      <CraneSocket Pos="(0.233; 1.118; -0.509)">

                      </CraneSocket>
                      <CraneSocket Pos="(0.233; 1.118; 0.509)">

                      </CraneSocket>
                      <CraneSocket Pos="(-5.593; 1.083; 0)">

                      </CraneSocket>
                        <WinchSocket Pos="(5.163; 0.621; -0.319)">

                        </WinchSocket>
                        <WinchSocket Pos="(5.163; 0.621; 0.319)">

                        </WinchSocket>
                        <WinchSocket Pos="(0.233; 1.118; -0.509)">

                        </WinchSocket>
                        <WinchSocket Pos="(0.233; 1.118; 0.509)">

                        </WinchSocket>
                        <WinchSocket Pos="(-5.593; 1.083; 0)">

                        </WinchSocket>
        </GameData>
        <PhysicsModel Mesh="trucks/azov_73210">
                <Body CenterOfMassOffset="(-1.4; 0; 0)" NetSync="pv" Mass="12000" ImpactType="Truck">
                      <Body NetSync="pv" CenterOfMassOffset="(-1.4; -0.5; 0)" ModelFrame="BoneCabin_cdt" Mass="6000" ImpactType="Truck">
                        <Constraint Type="Fixed">

                        </Constraint>
                            <Body ModelFrame="BoneMirrorRight_cdt" _template="SideMirror">

                            </Body>
                            <Body ModelFrame="BoneMirrorLeft_cdt" _template="SideMirror">

                            </Body>
                            <Body ModelFrame="BoneSunshieldMiddle_cdt" _template="Sunshield">
                              <Constraint>
                                  <Motor Spring="20">

                                  </Motor>
                              </Constraint>
                            </Body>
                            <Body ModelFrame="BoneSunshieldRight_cdt" _template="Sunshield">

                            </Body>
                            <Body ModelFrame="BoneSunshieldLeft_cdt" _template="Sunshield">

                            </Body>
                            <Body Mass="0.2" ModelFrame="BoneKeyFob_cdt">
                              <Constraint Type="Hinge" MaxLimit="50" AxisLocal="(0; 0; 1)" MinLimit="-50">
                                  <Motor Spring="0.001" Damping="0.001" Type="Spring">

                                  </Motor>
                              </Constraint>
                            </Body>
                            <Body ModelFrame="BoneCord1_cdt" Mass="2" Collisions="None">
                              <Constraint Type="Fixed" LinearLimitsY="(-0.1;0.1)" LinearLimitsX="(-0.1;0.1)" LinearLimitsZ="(-0.1;0.1)">
                                  <Motor Spring="500" Damping="20" Type="Spring">

                                  </Motor>
                              </Constraint>
                            </Body>
                            <Body ModelFrame="BoneCord2_cdt" Mass="2" Collisions="None">
                              <Constraint Type="Fixed" LinearLimitsY="(-0.1;0.1)" LinearLimitsX="(-0.1;0.1)" LinearLimitsZ="(-0.1;0.1)">
                                  <Motor Spring="500" Damping="20" Type="Spring">

                                  </Motor>
                              </Constraint>
                            </Body>
                            <Body ModelFrame="BoneCord3_cdt" Mass="2" Collisions="None">
                              <Constraint Type="Fixed" LinearLimitsY="(-0.1;0.1)" LinearLimitsX="(-0.05;0.1)" LinearLimitsZ="(-0.1;0.1)">
                                  <Motor Spring="500" Damping="20" Type="Spring">

                                  </Motor>
                              </Constraint>
                            </Body>
                            <Body ModelFrame="BoneBelt_cdt" Mass="1" Collisions="None">
                              <Constraint Type="Prismatic" MaxLimit="0.1" AxisLocal="(1; 0; 0)" MinLimit="-0.09" PivotOffset="(0; 0; 0)">
                                  <Motor Spring="15" Damping="50" Type="Spring">

                                  </Motor>
                              </Constraint>
                            </Body>
                      </Body>
                      <Body ModelFrame="BoneTieRodAxle1Rocker_cdt" _template="TieRod">
                        <Constraint MaxLimit="30" AxisLocal="(0; 0; 1)" MinLimit="-30" Name="TieRod1Rocker">

                        </Constraint>
                      </Body>
                      <Body ModelFrame="BoneTieRodAxle2Rocker_cdt" _template="TieRod">
                        <Constraint MaxLimit="30" AxisLocal="(0; 0; 1)" MinLimit="-30" Name="TieRod2Rocker">

                        </Constraint>
                      </Body>
                      <Body ModelFrame="BoneLeftMudguard1_cdt" _template="Mudguard">

                      </Body>
                      <Body ModelFrame="BoneRightMudguard1_cdt" _template="Mudguard">

                      </Body>
                </Body>
                <NetSync Legacy="false">

                </NetSync>
        </PhysicsModel>
        <ControlledConstraints>
                    <Constraint IsLinkedSteering="true" Id="chassis_steer" Name="TieRod1Rocker">

                    </Constraint>
                    <Constraint IsLinkedSteering="true" Id="chassis_steer" Name="TieRod2Rocker">

                    </Constraint>
        </ControlledConstraints>
        <Snorkel Origin="(2.337; 2.439; -0.754)">

        </Snorkel>
        <AutomaticIK>
                        <IKBone ParentFrame="BoneTieRodAxle2Rocker_cdt" ModelFrame="BoneTieRodAxle2RockerIK">
                          <IKJoint Type="Hinge" AxisLocal="(0; 0; 1)">

                          </IKJoint>
                          <IKBone AttachToFrame="BoneTieRodAxle1Rocker_cdt" AttachOffset="(0; 0; 0)" ModelFrame="BoneTieRodAxle1RockerIK">
                                <IKJoint Type="Hinge" AxisLocal="(0; 0; 1)">

                                </IKJoint>
                          </IKBone>
                        </IKBone>
                        <IKBone ParentFrame="BoneChassis_cdt" ModelFrame="BoneAxle2PistonBase">
                          <IKJoint Type="Hinge" AxisLocal="(0; 0; 1)">

                          </IKJoint>
                          <IKBone AttachToFrame="BoneTieRodAxle2Rocker_cdt" AttachOffset="(0; 0; 0)" ModelFrame="BoneAxle2Piston">
                                <IKJoint Type="Slider" AxisLocal="(0; 1; 0)">

                                </IKJoint>
                          </IKBone>
                        </IKBone>
                        <IKBone ParentFrame="BoneChassis_cdt" ModelFrame="BoneAxle4BalancerBase">
                          <IKJoint Type="Hinge" AxisLocal="(0; 1; 0)">

                          </IKJoint>
                          <IKBone AttachToFrame="BoneAxle4" AttachOffset="(0.414; 0; 0)" ModelFrame="BoneAxle4Balancer">
                                <IKJoint Type="Hinge" AxisLocal="(0; 1; 0)">

                                </IKJoint>
                          </IKBone>
                        </IKBone>
                        <IKBone ParentFrame="BoneChassis_cdt" ModelFrame="BoneAxleRearBalancerBase">
                          <IKJoint Type="Hinge" AxisLocal="(0; 1; 0)">

                          </IKJoint>
                          <IKBone AttachToFrame="BoneAxleRear" AttachOffset="(0.434; 0; 0)" ModelFrame="BoneAxleRearBalancer">
                                <IKJoint Type="Hinge" AxisLocal="(0; 1; 0)">

                                </IKJoint>
                          </IKBone>
                        </IKBone>
                        <IKBone ParentFrame="BoneAxleRear" ModelFrame="BoneAxleRearPistonBase">
                          <IKJoint Type="Hinge" AxisLocal="(0; 0; 1)">

                          </IKJoint>
                          <IKBone AttachToFrame="BoneRackRear_R" AttachOffset="(0; 0; 0)" ModelFrame="BoneAxleRearPiston">
                                <IKJoint Type="Slider" AxisLocal="(1; 0; 0)">

                                </IKJoint>
                          </IKBone>
                        </IKBone>
        </AutomaticIK>
        <Landmark MaxScale="2.5" Mesh="landmarks/azov_73210_lmk" MinScale="1.5">

        </Landmark>
        <Rotator RotationSpeed="10" Frame="BoneFanRotator" EngineTorqueFactor="0.4">

        </Rotator>
        <ModelAttachments>
                            <HeadLight>
                                  <Flare Pos="(5.178; 0.655; -0.993)" _template="HeadLight" Color="g(255; 235; 200) x 0.6" Size=".3">

                                  </Flare>
                                  <Flare Pos="(5.178; 0.655; 0.993)" _template="HeadLight" Color="g(255; 235; 200) x 0.6" Size=".3">

                                  </Flare>
                                  <Flare Pos="(5.178; 0.655; -0.993)" _template="BlueStreak">

                                  </Flare>
                                  <Flare Pos="(5.178; 0.655; 0.993)" _template="BlueStreak">

                                  </Flare>
                                    <Model Org="(5.178; 0.655; -0.993)" _template="HeadLightRay">

                                    </Model>
                                    <Model Org="(5.178; 0.655; 0.993)" _template="HeadLightRay">

                                    </Model>
                            </HeadLight>
                            <StopSignals>
                                  <Light Pos="(-5.713; 1.036; 0)" _template="StopSignal">

                                  </Light>
                                      <Flare Pos="(-5.416; 1.221; -0.911)" _template="StopSignal">

                                      </Flare>
                                      <Flare Pos="(-5.416; 1.221; 0.911)" _template="StopSignal">

                                      </Flare>
                                      <Flare Pos="(-5.416; 1.221; -0.767)" _template="StopSignal" Size="0.4" DirAngle="180">

                                      </Flare>
                                      <Flare Pos="(-5.416; 1.221; 0.767)" _template="StopSignal" Size="0.4" DirAngle="180">

                                      </Flare>
                            </StopSignals>
                            <Ignition>
                                      <Light Pos="(5.368; 0.505; -0.82)" _template="IgnitionSignalWhite">

                                      </Light>
                                      <Light Pos="(5.368; 0.505; 0.82)" _template="IgnitionSignalWhite">

                                      </Light>
                                      <Light Pos="(-5.713; 1.036; 0)" _template="IgnitionSignalRed">

                                      </Light>
                                        <Flare Pos="(4.674; 2.589; -0.128)" ParentFrame="BoneCabin_cdt" _template="MarkerBeacon">

                                        </Flare>
                                        <Flare Pos="(4.677; 2.589; 0)" ParentFrame="BoneCabin_cdt" _template="MarkerBeacon">

                                        </Flare>
                                        <Flare Pos="(4.674; 2.589; 0.128)" ParentFrame="BoneCabin_cdt" _template="MarkerBeacon">

                                        </Flare>
                                        <Flare Pos="(5.176; 0.655; -0.8)" Size=".3" _template="IgnitionSignalWhite">

                                        </Flare>
                                        <Flare Pos="(5.176; 0.655; 0.8)" Size=".3" _template="IgnitionSignalWhite">

                                        </Flare>
                                        <Flare Pos="(5.176; 0.655; -0.991)" Size=".3" _template="IgnitionSignalWhite">

                                        </Flare>
                                        <Flare Pos="(5.176; 0.655; 0.991)" Size=".3" _template="IgnitionSignalWhite">

                                        </Flare>
                                        <Flare Pos="(2.32; 0.982; -1.247)" _template="IgnitionSignalOrange">

                                        </Flare>
                                        <Flare Pos="(2.32; 0.982; 1.247)" _template="IgnitionSignalOrange">

                                        </Flare>
                                        <Flare Pos="(-5.416; 1.221; -0.911)" _template="IgnitionSignalRed">

                                        </Flare>
                                        <Flare Pos="(-5.416; 1.221; 0.911)" _template="IgnitionSignalRed">

                                        </Flare>
                            </Ignition>
                            <ReverseSignals>
                                      <Light Pos="(-5.416; 1.221; 0)" _template="ReverseSignal">

                                      </Light>
                                          <Flare Pos="(-5.416; 1.221; -0.828)" _template="ReverseSignal">

                                          </Flare>
                                          <Flare Pos="(-5.416; 1.221; 0.828)" _template="ReverseSignal">

                                          </Flare>
                                          <Flare Pos="(-5.416; 1.221; -0.82)" Dir="(-1; 0; 0)" _template="BlueStreak" Color="g(220; 220; 255) x 0.05" Size="0.4">

                                          </Flare>
                                          <Flare Pos="(-5.416; 1.221; 0.82)" Dir="(-1; 0; 0)" _template="BlueStreak" Color="g(220; 220; 255) x 0.05" Size="0.4">

                                          </Flare>
                            </ReverseSignals>
        </ModelAttachments>
        <TruckData SteerSpeed="0.017" EngineStartDelay="0.6" EngineIconMesh="env/engine_big" TruckType="HEAVY" Responsiveness="0.15" BackSteerSpeed="0.02" TruckImage="Azov73210mchr" FuelCapacity="350" DiffLockType="Always" ExhaustStartTime="0.6" EngineIconScale="1.2">
                              <Driver Pos="(4.016; 1.466; 0.709)" ParentFrame="BoneCabin_cdt" SteeringWheelPos="(4.398; 1.794; 0.702)">

                              </Driver>
                              <Messages Pos="(4.278; 1.859; 0)" ParentFrame="BoneCabin_cdt">

                              </Messages>
                              <Shakers>
                                      <Shaker MaxFrequency="0.1" MaxAngle="(3; 3; 3)" ParentFrame="BoneCabin_cdt" Frame="BoneGearstick">

                                      </Shaker>
                              </Shakers>
                              <OcclusionMap HalfSizeZ="2" MinX="-6.3" MaxX="6.3">

                              </OcclusionMap>
                              <FuelTank DamageCapacity="100">

                              </FuelTank>
                              <Intake Size="1" Dir="(1; 0; 0)" Origin="(5.056; 1.001; 0)">

                              </Intake>
                              <EngineSocket Type="e_ru_special" Default="ru_special_engine_0">

                              </EngineSocket>
                              <SuspensionSocket Type="s_azov_73210" MaxWheelRadiusWithoutSuspension="1" Default="azov_73210_suspension_default">

                              </SuspensionSocket>
                              <Dashboard>
                                                    <Gauge InputRange="(0;1)" Dir="(-0.909; 0.418; -0)" InputType="rpm" Org="(4.688; 1.697; 0.858)" Damping="0.99" Mesh="trucks/arrows/azov_73210_arrow_01" OutputAngles="(-113;113)">

                                                    </Gauge>
                                                    <Gauge InputRange="(0;100)" Dir="(-0.909; 0.418; -0)" InputType="speed" Org="(4.688; 1.697; 0.553)" Damping="0.9" Mesh="trucks/arrows/azov_73210_arrow_01" OutputAngles="(-113;113)">

                                                    </Gauge>
                                                    <Gauge InputRange="(0;1)" Dir="(-0.909; 0.418; -0)" InputType="engineEnabled" Org="(4.647; 1.604; 0.918)" Damping="0.9" Mesh="trucks/arrows/azov_73210_arrow_02" OutputAngles="(-100;-80)">

                                                    </Gauge>
                                                    <Gauge InputRange="(0;1)" Dir="(-0.909; 0.418; -0)" InputType="engineEnabled" Org="(4.647; 1.604; 0.875)" Damping="0.9" Mesh="trucks/arrows/azov_73210_arrow_02" OutputAngles="(100;75)">

                                                    </Gauge>
                                                    <Gauge InputRange="(0;1)" Dir="(-0.909; 0.418; -0)" InputType="engineEnabled" Org="(4.647; 1.604; 0.536)" Damping="0.9" Mesh="trucks/arrows/azov_73210_arrow_02" OutputAngles="(-130;-100)">

                                                    </Gauge>
                                                    <Gauge InputRange="(0;1)" Dir="(-0.909; 0.418; -0)" InputType="fuel" Org="(4.647; 1.604; 0.493)" Damping="0.9" Mesh="trucks/arrows/azov_73210_arrow_02" OutputAngles="(130;45)">

                                                    </Gauge>
                              </Dashboard>
                              <Axles>
                                                      <Axle Frame="BoneAxle1">

                                                      </Axle>
                                                      <Axle Frame="BoneAxle2">

                                                      </Axle>
                                                      <Axle Frame="BoneAxle3">

                                                      </Axle>
                                                      <Axle Frame="BoneAxle4">

                                                      </Axle>
                                                      <Axle Frame="BoneAxleRear">

                                                      </Axle>
                              </Axles>
                              <Camera Center="(-1.4; 0; 0)" ParentFrame="BoneCabin_cdt">
                                                      <Cockpit WindshieldDiffuseTexture="trucks/azov_73210_glass__d_a.tga" _template="Default" WindshieldShadingTexture="trucks/azov_73210_glass__sh_d.tga" ViewPos="(3.9; 2.175; 0.709)">
                                                            <Mirror FOVScale="2" ClipDir="(-0.93; -0.103; -0.352)" MeshFrame="mirror_left" Pos="(4.507; 2.239; 1.4)" ReflectionDir="(-0.93; -0.103; -0.352)" Size="(0.18; 0.317)" ClipOffset="0.1">
                                                              <SecondaryView FOVScale="1.5" ClipDir="(-0.93; -0.103; -0.352)" MeshFrame="mirror_left_1" Pos="(4.509; 1.953; 1.397)" CurveAngle="60" Size="(0.15; 0.13)" ClipOffset="0.1">

                                                              </SecondaryView>
                                                            </Mirror>
                                                            <Mirror FOVScale="2.5" ClipDir="(-0.809; -0.095; 0.58)" MeshFrame="mirror_right" Pos="(4.511; 2.238; -1.384)" ReflectionDir="(-0.809; -0.095; 0.58)" Size="(0.18; 0.317)" ClipOffset="0.1">
                                                              <SecondaryView FOVScale="2" ClipDir="(-0.809; -0.095; 0.58)" MeshFrame="mirror_right_1" Pos="(4.509; 1.952; -1.382)" CurveAngle="10" Size="(0.15; 0.13)" ClipOffset="0.1">

                                                              </SecondaryView>
                                                            </Mirror>
                                                      </Cockpit>
                              </Camera>
                              <CompatibleWheels Type="wheels_heavy_single" Scale="0.63">

                              </CompatibleWheels>
                                                        <LimitedFluid SizeX="0.706" Center="(-0.726; 0.961; 0.838)" Type="Box" SizeZ="0.575" SizeY="0.526">

                                                        </LimitedFluid>
                                                        <LimitedFluid SizeX="0.706" Center="(-0.322; 0.961; -0.838)" Type="Box" SizeZ="0.575" SizeY="0.526">

                                                        </LimitedFluid>
                              <GearboxSocket Type="gearboxes_special" Default="g_special_default">

                              </GearboxSocket>
                              <Sounds _template="Default" Origin="(2.4; 1.3; 0)" MinDist="15.0" DisableReversePitch="true">
                                                                <Reverse _inheritRemove="true">

                                                                </Reverse>
                                                                <Reverse Sound="trucks/azov_64131/azov_64131_back_beeper">

                                                                </Reverse>
                                                              <EngineTrans Sound="trucks/azov_73210/azov_73210_turbo">

                                                              </EngineTrans>
                                                              <EngineLow Sound="trucks/azov_73210/azov_73210_low">

                                                              </EngineLow>
                                                              <EngineHigh Sound="trucks/azov_73210/azov_73210_high">

                                                              </EngineHigh>
                                                              <HandbrakeOff Sound="trucks/azov_73210/azov_73210_handbrake_off">

                                                              </HandbrakeOff>
                                                              <AbruptStop Sound="trucks/common/truck_swing_big_rnd_set/truck_swing_big_rnd">

                                                              </AbruptStop>
                                                              <EngineRev Sound="trucks/azov_73210/azov_73210_rev">

                                                              </EngineRev>
                                                              <EngineHeavy_2d IsSound2D="true" Sound="trucks/azov_4220_antarctic/azov_4220_antarctic_heavy_2d">

                                                              </EngineHeavy_2d>
                                                              <EngineHeavy Sound="trucks/azov_4220_antarctic/azov_4220_antarctic_heavy">

                                                              </EngineHeavy>
                                                              <EngineHigh_2d IsSound2D="true" Sound="trucks/azov_73210/azov_73210_high_2d">

                                                              </EngineHigh_2d>
                                                              <EngineLow_2d IsSound2D="true" Sound="trucks/azov_73210/azov_73210_low_2d">

                                                              </EngineLow_2d>
                                                              <EngineIdle_2d IsSound2D="true" Sound="trucks/azov_73210/azov_73210_idle_2d">

                                                              </EngineIdle_2d>
                                                              <EngineStart Sound="trucks/azov_73210/azov_73210_start">

                                                              </EngineStart>
                                                              <Handbrake Sound="trucks/azov_73210/azov_73210_handbrake_on">

                                                              </Handbrake>
                                                              <Honk Sound="trucks/azov_73210/azov_73210_honk">

                                                              </Honk>
                                                              <EngineIdle Sound="trucks/azov_73210/azov_73210_idle">

                                                              </EngineIdle>
                                                              <BrakesSqueal Sound="trucks/azov_73210/azov_73210_brakes_squeal">

                                                              </BrakesSqueal>
                                                              <EngineStop Sound="trucks/azov_73210/azov_73210_stop">

                                                              </EngineStop>
                                                              <BrakeRelease Sound="trucks/azov_73210/azov_73210_brake_release">

                                                              </BrakeRelease>
                                                              <EngineAccel Sound="trucks/azov_73210/azov_73210_acc">

                                                              </EngineAccel>
                              </Sounds>
                              <Wheels DefaultWheelType="wheels_heavy_single" DefaultTire="allterrain_1" DefaultRim="rim_1">
                                                                  <Wheel Pos="(3.017; 0.565; 1.08)" _template="FirstAxle">

                                                                  </Wheel>
                                                                  <Wheel RightSide="true" Pos="(3.017; 0.565; 1.08)" _template="FirstAxle">

                                                                  </Wheel>
                                                                  <Wheel Pos="(1.077; 0.565; 1.08)" _template="SecondAxle">

                                                                  </Wheel>
                                                                  <Wheel RightSide="true" Pos="(1.077; 0.565; 1.08)" _template="SecondAxle">

                                                                  </Wheel>
                                                                  <Wheel Pos="(-1.924; 0.565; 1.08)" _template="MiddleAxle">

                                                                  </Wheel>
                                                                  <Wheel RightSide="true" Pos="(-1.924; 0.565; 1.08)" _template="MiddleAxle">

                                                                  </Wheel>
                                                                  <Wheel Pos="(-3.245; 0.565; 1.08)" _template="MiddleAxle">

                                                                  </Wheel>
                                                                  <Wheel RightSide="true" Pos="(-3.245; 0.565; 1.08)" _template="MiddleAxle">

                                                                  </Wheel>
                                                                  <Wheel Pos="(-4.626; 0.565; 1.08)" _template="RearAxle">

                                                                  </Wheel>
                                                                  <Wheel RightSide="true" Pos="(-4.626; 0.565; 1.08)" _template="RearAxle">

                                                                  </Wheel>
                              </Wheels>
                              <Steam Origin="(1.7; 1.3; 0)">

                              </Steam>
                              <SoundsDamage _template="Heavy">

                              </SoundsDamage>
                              <WinchUpgradeSocket Type="winches_heavy_trucks" Default="w_heavy_trucks_default" IsUpgradable="true">

                              </WinchUpgradeSocket>
                                                                      <SteeringRack Frame="BoneRack1" RackHalfSizeZ="0.754" FrameSteerLeft="BoneRack1_L" FrameSteerRight="BoneRack1_R">

                                                                      </SteeringRack>
                                                                      <SteeringRack Frame="BoneRack2" RackHalfSizeZ="0.754" FrameSteerLeft="BoneRack2_L" FrameSteerRight="BoneRack2_R">

                                                                      </SteeringRack>
                                                                      <SteeringRack Frame="BoneRackRear" RackHalfSizeZ="0.754" FrameSteerLeft="BoneRackRear_L" FrameSteerRight="BoneRackRear_R">

                                                                      </SteeringRack>
                              <SteeringWheel Frame="BoneSteering">

                              </SteeringWheel>
                              <SoundsWheels _template="Default">

                              </SoundsWheels>
                              <Damage SensationMin="(3.8; 1.8; -1.3)" SensationMax="(5; 2.5; 1.3)" Capacity="600">
                                                                                <DamageArea Min="(1.376; 0.723; -0.38)" ParentFrame="BoneChassis_cdt" Max="(4.08; 1.508; 0.38)" Type="Engine">

                                                                                </DamageArea>
                                                                                <DamageArea Min="(-1.185; 0.634; -1.165)" ParentFrame="BoneChassis_cdt" Max="(0.203; 1.267; 1.165)" Type="FuelTank">

                                                                                </DamageArea>
                              </Damage>
                              <Shafts>
                                                                                  <Shaft SocketPointA="Shaft1a" SocketPointB="Shaft1b">

                                                                                  </Shaft>
                                                                                  <Shaft SocketPointA="Shaft2a" SocketPointB="Shaft2b">

                                                                                  </Shaft>
                                                                                  <Shaft SocketPointA="Shaft3a" SocketPointB="Shaft3b">

                                                                                  </Shaft>
                                                                                  <Shaft SocketPointA="Shaft4a" SocketPointB="Shaft4b">

                                                                                  </Shaft>
                                                                                  <Shaft SocketPointA="Shaft5a" SocketPointB="Shaft5b">

                                                                                  </Shaft>
                                                                                  <Shaft SocketPointA="Shaft6a" SocketPointB="Shaft6b">

                                                                                  </Shaft>
                              </Shafts>
        </TruckData>
  </Truck>