  <_templates Include="trucks">
      <Wheel>
          <MiddleAxle Location="rear" ConnectedToHandbrake="true" Torque="default">

          </MiddleAxle>
          <FirstAxle ParentFrame="BoneCabin_cdt" SteeringAngle="30" Location="front" SteeringJointOffset="0.25" Torque="default" SteeringCastor="0">

          </FirstAxle>
          <SecondAxle ParentFrame="BoneCabin_cdt" SteeringAngle="20" Location="front" SteeringJointOffset="0.25" Torque="default" SteeringCastor="0">

          </SecondAxle>
      </Wheel>
      <Body>
            <SideMirror Mass="5" Collisions="None">
                <Constraint Type="Hinge" MaxLimit="15" AxisLocal="(0; 0; 1)" MinLimit="-15">
                    <Motor Spring="200" Damping="0.7" Type="Spring">

                    </Motor>
                </Constraint>
            </SideMirror>
            <Sunshield Mass="3" Collisions="None">
                  <Constraint Type="Hinge" MaxLimit="5" AxisLocal="(0; 0; 1)" MinLimit="-5">
                      <Motor Spring="1.5" Damping="0.65" Type="Spring">

                      </Motor>
                  </Constraint>
            </Sunshield>
            <Mudguard Mass="10" AngularDamping="3.0" Collisions="None">
                    <Constraint Type="Hinge" MaxLimit="25" AxisLocal="(0; 0; 1)" MinLimit="-35">

                    </Constraint>
            </Mudguard>
      </Body>
  </_templates>
  <Truck>
        <HeadLight Pos="(4.447; 1.042; 0)" ParentFrame="BoneCabin_cdt" _template="Default">

        </HeadLight>
        <GameData UnlockByExploration="false" Price="64600" UnlockByRank="14" Country="RU,CAS">
              <CustomizationCameras>
                    <CameraPos Name="roof_sticker" InterestPosition="(4.883; 1.627; -0.618)" Position="(8.755; 5.842; -0.226)" Interior="true" FOV="32.0">

                    </CameraPos>
                    <CameraPos Name="sticker_1" InterestPosition="(7.493; 3.231; 0.438)" Position="(6.018; 2.56; -0.852)" Interior="true" FOV="32.0">

                    </CameraPos>
                    <CameraPos MaxYRotation="360" MaxZoom="2" Name="addon_1" InterestPosition="(-0.626; 1.669; -0)" Position="(-9.245; 3.812; 6.199)" MaxXRotation="360" FOV="32.0">

                    </CameraPos>
                    <CameraPos MaxYRotation="360" MaxZoom="2" Name="addon_2" InterestPosition="(5.835; 1.807; 0)" Position="(-0.131; 3.944; 2.185)" MaxXRotation="360" FOV="32.0">

                    </CameraPos>
                    <CameraPos Name="mirror_mount" InterestPosition="(7.493; 2.587; 0.808)" Position="(5.907; 2.641; -0.388)" Interior="true" FOV="32.0">

                    </CameraPos>
                    <CameraPos MaxYRotation="360" MaxZoom="2" Name="side_r" InterestPosition="(4.764; 1.97; -0)" Position="(-0.226; 4.969; -4.508)" MaxXRotation="360" FOV="32.0">

                    </CameraPos>
                    <CameraPos Name="sticker" InterestPosition="(7.493; 1.973; 0.917)" Position="(6.018; 2.56; -0.852)" Interior="true" FOV="32.0">

                    </CameraPos>
                    <CameraPos Name="door_r_sticker" InterestPosition="(6.403; 1.559; 0.407)" Position="(2.858; 2.806; 3.786)" Interior="true" FOV="32.0">

                    </CameraPos>
                    <CameraPos MaxYRotation="360" MaxZoom="2" Name="roof" InterestPosition="(4.758; 2.358; -0)" Position="(10.787; 4.806; -3.717)" MaxXRotation="360" FOV="32.0">

                    </CameraPos>
                    <CameraPos Name="glass_sticker" InterestPosition="(6.374; 2.385; -0.957)" Position="(10.247; 3.421; 0.971)" Interior="true" FOV="32.0">

                    </CameraPos>
                    <CameraPos MaxYRotation="360" MaxZoom="2" Name="hoods" InterestPosition="(5.716; 1.735; 0)" Position="(13.576; 1.402; -3.863)" MaxXRotation="360" FOV="32.0">

                    </CameraPos>
                    <CameraPos Name="sticker_2" InterestPosition="(7.493; 3.234; 1.054)" Position="(6.018; 2.56; -0.187)" Interior="true" FOV="32.0">

                    </CameraPos>
                    <CameraPos MaxYRotation="360" MaxZoom="2" Name="side_l" InterestPosition="(6.27; 2.278; 0)" Position="(11.866; 5.284; -4.55)" MaxXRotation="360" FOV="32.0">

                    </CameraPos>
                    <CameraPos Name="bubble_head" InterestPosition="(7.493; 1.973; 0.917)" Position="(5.907; 2.641; -0.388)" Interior="true" FOV="32.0">

                    </CameraPos>
                    <CameraPos MaxYRotation="360" MaxZoom="2" Name="wheels" InterestPosition="(4.029; 0.711; 0.052)" Position="(8.028; 2.02; -5.47)" MaxXRotation="360" FOV="32.0">

                    </CameraPos>
                    <CameraPos MaxYRotation="360" MaxZoom="2" Name="default" InterestPosition="(5.716; 1.735; 0)" Position="(13.576; 1.402; -3.863)" MaxXRotation="360" FOV="32.0">

                    </CameraPos>
                    <CameraPos MaxYRotation="360" MaxZoom="2" Name="rear" InterestPosition="(-0.868; 1.09; -0)" Position="(-6.285; 2.053; 3.418)" MaxXRotation="360" FOV="32.0">

                    </CameraPos>
                    <CameraPos Name="door_l_sticker" InterestPosition="(3.975; 1.948; -0.804)" Position="(2.87; 2.902; -3.665)" Interior="true" FOV="32.0">

                    </CameraPos>
                    <CameraPos Name="curtain" InterestPosition="(7.493; 2.587; 0.808)" Position="(5.907; 2.641; -0.388)" Interior="true" FOV="32.0">

                    </CameraPos>
              </CustomizationCameras>
              <UiDesc UiName="UI_VEHICLE_AZOV_5319_NAME" UiDesc="UI_VEHICLE_AZOV_5319_DESC" UiIconLogo="AzovLogo80" UiIcon40x40="offroadVehicleImg" UiIcon30x30="offroadVehicleImg30" UiIcon328x458="shopImgAzov5319">

              </UiDesc>
                    <AddonSockets>
                        <Socket Offset="(-4.618; 1.156; 0)" Names="Trailer">
                          <AddonsShift Offset="(0; 0; 0)" Types="MinicraneRU, FrameAddon" TrailerNamesBlock="Trailer">

                          </AddonsShift>
                        </Socket>
                        <Socket Offset="(-3.185; 1.655; 0)" Names="Semitrailer, SemitrailerOiltank" NamesBlock="SaddleHigh">

                        </Socket>
                        <Socket Offset="(-1.879; 1.835; 0)" Names="LargeSemitrailer, LargeSemitrailerOiltank" NamesBlock="SaddleLow">

                        </Socket>
                    </AddonSockets>
                    <AddonSockets>
                        <Socket Offset="(-6.4; 1.329; 0)" Names="BunkLog">

                        </Socket>
                        <Socket Offset="(-1.4; 1.334; 0)" Names="FrameAddonLogShort" NamesBlock="MinicraneRU, Azov5319Fender">

                        </Socket>
                        <Socket Offset="(-1.125; 1.334; 0)" Names="FrameAddonLogMedium" NamesBlock="MinicraneRU, Azov5319Fender">

                        </Socket>
                        <Socket Offset="(-3.171; 1.329; 0)" Names="SaddleLow">
                            <ExtraParent Offset="(0; 0; -0.05)" Frame="BoneChassis_cdt">

                            </ExtraParent>
                            <ExtraParent Offset="(0; 0; 0.05)" Frame="BoneChassis_cdt">

                            </ExtraParent>
                        </Socket>
                        <Socket Offset="(-1.874; 1.332; 0)" Names="SaddleHigh">
                            <ExtraParent Offset="(0; 0; -0.055)" Frame="BoneChassis_cdt">

                            </ExtraParent>
                            <ExtraParent Offset="(0; 0; 0.055)" Frame="BoneChassis_cdt">

                            </ExtraParent>
                        </Socket>
                        <Socket Offset="(-1.725; 1.333; 0)" Names="FrameAddon">
                          <AddonsShift Offset="(-1.35; 0; 0)" Types="MinicraneRU">

                          </AddonsShift>
                        </Socket>
                        <Socket Offset="(-1; 1.333; 0)" Names="FrameAddonTowPlatform" NamesBlock="MinicraneRU, MetalDetector, Trailer">

                        </Socket>
                        <Socket Offset="(-2.28; 1.337; 0)" Names="FrameAddonTank">

                        </Socket>
                        <Socket ParentFrame="BoneChassis_cdt" Offset="(-2.341; 0.304; 0)" Names="FrameAddonMaintainer" NamesBlock="Trailer">

                        </Socket>
                        <Socket Offset="(-0.05; 1.335; 0)" Names="FrameAddonSeismicVibrator" NamesBlock="Trailer">

                        </Socket>
                        <Socket Offset="(-2.69; 1.415; 0)" Names="FrameAddonKung" ParentFrame="BoneChassis_cdt">
                            <ExtraParent Offset="(0; 0; -0.14)" Frame="BoneChassis_cdt">

                            </ExtraParent>
                            <ExtraParent Offset="(0; 0; 0.14)" Frame="BoneChassis_cdt">

                            </ExtraParent>
                        </Socket>
                        <Socket Offset="(-2.625; 1.43; 0)" Names="BigCraneRu" ParentFrame="BoneChassis_cdt">
                            <ExtraParent Offset="(0; -0.095; -0.05)" Frame="BoneChassis_cdt">

                            </ExtraParent>
                            <ExtraParent Offset="(0; -0.095; 0.05)" Frame="BoneChassis_cdt">

                            </ExtraParent>
                        </Socket>
                        <Socket Offset="(0.212; 1.340; 0)" Names="LogLift" ParentFrame="BoneChassis_cdt">

                        </Socket>
                    </AddonSockets>
                    <AddonSockets>
                      <Socket Offset="(-0.184; 1.336; 0)" Names="MinicraneRU" NamesBlock="LogLift, BunkLog, FrameAddonTank, FrameAddonKung, BigCraneRu, FrameAddonMaintainer, FrameAddonSeismicVibrator, LargeSemitrailerOiltank">
                            <ExtraParent Offset="(0; 0; -0.07)" Frame="BoneChassis_cdt">

                            </ExtraParent>
                            <ExtraParent Offset="(0; 0; 0.07)" Frame="BoneChassis_cdt">

                            </ExtraParent>
                      </Socket>
                    </AddonSockets>
                    <AddonSockets DefaultAddon="azov_5319_fender_default">
                      <Socket Offset="(0; 0; 0)" Names="Azov5319Fender" ParentFrame="BoneChassis_cdt">
                          <ExtraParent Frame="BoneCabin_cdt">

                          </ExtraParent>
                      </Socket>
                    </AddonSockets>
                    <AddonSockets>
                      <Socket Offset="(0; 0; 0)" Names="Azov5319Horn" ParentFrame="BoneCabin_cdt">

                      </Socket>
                    </AddonSockets>
                    <AddonSockets>
                      <Socket Offset="(0; 0; 0)" Names="Azov5319Snorkel" ParentFrame="BoneCabin_cdt">

                      </Socket>
                    </AddonSockets>
                    <AddonSockets>
                      <Socket Offset="(0; 0; 0)" Names="Azov5319Visor" ParentFrame="BoneCabin_cdt">

                      </Socket>
                    </AddonSockets>
                    <AddonSockets>
                      <Socket Offset="(0; 0; 0)" Names="Azov5319AirConditioner" ParentFrame="BoneCabin_cdt">

                      </Socket>
                    </AddonSockets>
                    <AddonSockets>
                      <Socket Offset="(0; 0; 0)" Names="Azov5319Gabarite" ParentFrame="BoneCabin_cdt">

                      </Socket>
                    </AddonSockets>
                    <AddonSockets DefaultAddon="azov_5319_gabarite_default">
                      <Socket ParentFrame="BoneCabin_cdt" Offset="(0; 0; 0)" Names="Azov5319GabariteDefault" NamesBlock="Azov5319Visor">

                      </Socket>
                    </AddonSockets>
                    <AddonSockets>
                      <Socket Offset="(0; 0; 0)" Names="Azov5319Beacon" ParentFrame="BoneCabin_cdt">

                      </Socket>
                    </AddonSockets>
                    <AddonSockets>
                        <Socket Offset="(0; 0; 0)" Names="Azov5319SpotLight" ParentFrame="BoneCabin_cdt">

                        </Socket>
                        <Socket ParentFrame="BoneCabin_cdt" Offset="(0; 0; 0)" Names="Azov5319SpotLightBeacon" NamesBlock="Azov5319Beacon">

                        </Socket>
                    </AddonSockets>
                    <AddonSockets>
                      <Socket Offset="(0; 0; 0)" Names="Azov5319Bumper" ParentFrame="BoneCabin_cdt">

                      </Socket>
                    </AddonSockets>
                    <AddonSockets>
                      <Socket Offset="(0; 0; 0)" Names="Azov5319WheelAddon" ParentFrame="BoneCabin_cdt">

                      </Socket>
                    </AddonSockets>
                    <AddonSockets>
                      <Socket ParentFrame="BoneCabin_cdt" Offset="(4.055; 2.317; 0.162)" Names="StuffDashboard" InCockpit="true">

                      </Socket>
                    </AddonSockets>
                    <AddonSockets>
                      <Socket ParentFrame="BoneCabin_cdt" Offset="(0; 0; 0)" Names="Azov5319Sticker_1x1_01" InCockpit="true">

                      </Socket>
                    </AddonSockets>
                    <AddonSockets>
                      <Socket ParentFrame="BoneSunShield2_cdt" Offset="(0; 0; 0)" Names="Azov5319Sticker_1x1_02" InCockpit="true">

                      </Socket>
                    </AddonSockets>
                    <AddonSockets>
                      <Socket ParentFrame="BoneSunShield2_cdt" Offset="(0; 0; 0)" Names="Azov5319Sticker_1x1_03" InCockpit="true">

                      </Socket>
                    </AddonSockets>
                    <AddonSockets>
                      <Socket ParentFrame="BoneSunShield2_cdt" Offset="(0; 0; 0)" Names="Azov5319Sticker_1x1_04" InCockpit="true">

                      </Socket>
                    </AddonSockets>
                    <AddonSockets>
                      <Socket ParentFrame="BoneSunShield2_cdt" Offset="(0; 0; 0)" Names="Azov5319Sticker_1x2_01" InCockpit="true">

                      </Socket>
                    </AddonSockets>
                    <AddonSockets>
                      <Socket ParentFrame="BoneSunShield2_cdt" Offset="(0; 0; 0)" Names="Azov5319Sticker_1x4_01" InCockpit="true">

                      </Socket>
                    </AddonSockets>
                    <AddonSockets>
                        <Socket ParentFrame="BoneCabin_cdt" Offset="(4.180; 2.767; 0.262)" Names="StuffAirfreshener" InCockpit="true">

                        </Socket>
                        <Socket ParentFrame="BoneCabin_cdt" Names="StuffCurtainAzov5319" InCockpit="true">

                        </Socket>
                    </AddonSockets>
                    <AddonSockets>
                      <Socket Offset="(0; 0; 0)" Names="azov5319Sticker_Door_L" ParentFrame="BoneCabin_cdt">

                      </Socket>
                    </AddonSockets>
                    <AddonSockets>
                      <Socket Offset="(0; 0; 0)" Names="azov5319Sticker_Door_R" ParentFrame="BoneCabin_cdt">

                      </Socket>
                    </AddonSockets>
                    <AddonSockets>
                      <Socket Offset="(0; 0; 0)" Names="azov5319Sticker_Roof" ParentFrame="BoneCabin_cdt">

                      </Socket>
                    </AddonSockets>
                    <AddonSockets>
                      <Socket ParentFrame="BoneCabin_cdt" Offset="(0; 0; 0)" Names="azov5319Sticker_GlassTop" InCockpit="true">

                      </Socket>
                    </AddonSockets>
                    <AddonSockets>
                      <Socket ParentFrame="BoneCabin_cdt" Offset="(0; 0; 0)" Names="azov5319Sticker_GlassBottom" InCockpit="true">

                      </Socket>
                    </AddonSockets>
                      <CraneSocket Pos="(4.73; 1.057; -0.404)">

                      </CraneSocket>
                      <CraneSocket Pos="(4.73; 1.057; 0.404)">

                      </CraneSocket>
                      <CraneSocket Pos="(-1.747; 1.180; -0.482)">

                      </CraneSocket>
                      <CraneSocket Pos="(-1.747; 1.180; 0.482)">

                      </CraneSocket>
                      <CraneSocket Pos="(-4.602; 1.154; 0)">

                      </CraneSocket>
                        <WinchSocket Pos="(4.73; 1.057; -0.404)">

                        </WinchSocket>
                        <WinchSocket Pos="(4.73; 1.057; 0.404)">

                        </WinchSocket>
                        <WinchSocket Pos="(-1.747; 1.180; -0.482)">

                        </WinchSocket>
                        <WinchSocket Pos="(-1.747; 1.180; 0.482)">

                        </WinchSocket>
                        <WinchSocket Pos="(-4.602; 1.154; 0)">

                        </WinchSocket>
        </GameData>
        <PhysicsModel Mesh="trucks/azov_5319">
                <Body CenterOfMassOffset="(-0.5; 0; 0)" NetSync="pv" Mass="9100" ImpactType="Truck">
                      <Body NetSync="pv" CenterOfMassOffset="(0.3; 0.4; 0)" ModelFrame="BoneCabin_cdt" Mass="5300" ImpactType="Truck">
                        <Constraint Type="Hinge" MaxLimit="10" AxisLocal="(1; 0; 0)" CenterOfMassOffset="(0; 0; 0)" MinLimit="-10">
                            <Motor Spring="550000" Damping="55000" Type="Spring">

                            </Motor>
                        </Constraint>
                            <Body ModelFrame="BoneMirrorRight_cdt" _template="SideMirror">

                            </Body>
                            <Body ModelFrame="BoneMirrorLeft_cdt" _template="SideMirror">

                            </Body>
                            <Body CenterOfMassOffset="(0; 0; 0)" ModelFrame="BoneHook_cdt" Mass="0.1" Collisions="None">
                              <Constraint Type="Hinge" MaxLimit="80" AxisLocal="(1; 0; 0)" MinLimit="-50" PivotOffset="(0; 0; 0)">
                                  <Motor Spring="0.01" Damping="0.001" Type="Spring">

                                  </Motor>
                              </Constraint>
                            </Body>
                            <Body CenterOfMassOffset="(0; 0; 0)" ModelFrame="BoneSeatBelt_cdt" Mass="0.1" Collisions="None">
                              <Constraint Type="Prismatic" MaxLimit="0.035" AxisLocal="(1; 0; 0)" MinLimit="-0.02" PivotOffset="(0; 0; 0)">
                                  <Motor Spring="25" Damping="3" Type="Spring">

                                  </Motor>
                              </Constraint>
                            </Body>
                            <Body ModelFrame="BoneSunShield2_cdt" _template="Sunshield">
                              <Constraint>
                                  <Motor Spring="30" Damping="0.05">

                                  </Motor>
                              </Constraint>
                            </Body>
                            <Body ModelFrame="BoneLeftMudguard_cdt" _template="Mudguard">

                            </Body>
                            <Body ModelFrame="BoneRightMudguard_cdt" _template="Mudguard">

                            </Body>
                      </Body>
                      <Body ModelFrame="BoneTieRod1_1_cdt" _template="TieRod">
                        <Constraint MaxLimit="26" AxisLocal="(0; 0; 1)" MinLimit="-26" Name="TieRod1Rocker">

                        </Constraint>
                      </Body>
                      <Body ModelFrame="BoneTieRod2_1_cdt" _template="TieRod">
                        <Constraint MaxLimit="13" AxisLocal="(0; 0; 1)" MinLimit="-13" Name="TieRod2Rocker">

                        </Constraint>
                      </Body>
                </Body>
                <NetSync Legacy="false">

                </NetSync>
        </PhysicsModel>
        <ControlledConstraints>
                    <Constraint IsLinkedSteering="true" Id="chassis_steer" Name="TieRod1Rocker">

                    </Constraint>
                    <Constraint IsLinkedSteering="true" Id="chassis_steer" Name="TieRod2Rocker">

                    </Constraint>
        </ControlledConstraints>
        <ModelAttachments>
                    <HeadLight>
                          <Flare Pos="(4.447; 1.042; -1.053)" _template="HeadLight" Color="g(255; 235; 200) x 0.6" Size=".2" ParentFrame="BoneCabin_cdt">

                          </Flare>
                          <Flare Pos="(4.447; 1.042; 1.053)" _template="HeadLight" Color="g(255; 235; 200) x 0.6" Size=".2" ParentFrame="BoneCabin_cdt">

                          </Flare>
                          <Flare Pos="(4.447; 1.042; -1.053)" ParentFrame="BoneCabin_cdt" _template="BlueStreak">

                          </Flare>
                          <Flare Pos="(4.447; 1.042; 1.053)" ParentFrame="BoneCabin_cdt" _template="BlueStreak">

                          </Flare>
                            <Model Org="(4.447; 1.042; -1.053)" ParentFrame="BoneCabin_cdt" _template="HeadLightRay">

                            </Model>
                            <Model Org="(4.447; 1.042; 1.053)" ParentFrame="BoneCabin_cdt" _template="HeadLightRay">

                            </Model>
                    </HeadLight>
                    <Ignition>
                            <Light Pos="(4.55; 1.013; 0.7)" ParentFrame="BoneCabin_cdt" _template="IgnitionSignalWhite">

                            </Light>
                            <Light Pos="(4.55; 1.013; -0.7)" ParentFrame="BoneCabin_cdt" _template="IgnitionSignalWhite">

                            </Light>
                            <Light Pos="(-5.5; 1.025; -0)" _template="IgnitionSignalRed">

                            </Light>
                              <Flare Pos="(4.447; 1.042; -1.053)" _template="IgnitionSignalWhite" Size="0.2" ParentFrame="BoneCabin_cdt">

                              </Flare>
                              <Flare Pos="(4.447; 1.042; 1.053)" _template="IgnitionSignalWhite" Size="0.2" ParentFrame="BoneCabin_cdt">

                              </Flare>
                              <Flare Pos="(4.447; 1.042; -0.929)" _template="IgnitionSignalWhite" Size="0.2" ParentFrame="BoneCabin_cdt">

                              </Flare>
                              <Flare Pos="(4.447; 1.042; 0.929)" _template="IgnitionSignalWhite" Size="0.2" ParentFrame="BoneCabin_cdt">

                              </Flare>
                              <Flare Pos="(4.521; 1.01; -0.784)" ParentFrame="BoneCabin_cdt" _template="MarkerBeacon">

                              </Flare>
                              <Flare Pos="(4.521; 1.01; 0.784)" ParentFrame="BoneCabin_cdt" _template="MarkerBeacon">

                              </Flare>
                              <Flare Pos="(4.188; 1.187; 1.247)" Dir="(0; 1; 0)" _template="IgnitionSignalOrange" Color="g(255; 160; 2) x .4" Size="0.2" ParentFrame="BoneCabin_cdt">

                              </Flare>
                              <Flare Pos="(4.188; 1.187; -1.247)" Dir="(0; 1; 0)" _template="IgnitionSignalOrange" Color="g(255; 160; 2) x .4" Size="0.2" ParentFrame="BoneCabin_cdt">

                              </Flare>
                              <Flare Pos="(2.133; 1.145; 1.262)" Dir="(0; 1; 0)" _template="IgnitionSignalOrange" Color="g(255; 160; 2) x .4" Size="0.2" ParentFrame="BoneCabin_cdt">

                              </Flare>
                              <Flare Pos="(2.133; 1.145; -1.262)" Dir="(0; 1; 0)" _template="IgnitionSignalOrange" Color="g(255; 160; 2) x .4" Size="0.2" ParentFrame="BoneCabin_cdt">

                              </Flare>
                    </Ignition>
        </ModelAttachments>
        <Landmark MaxScale="2.5" Mesh="landmarks/azov_5319_lmk" MinScale="1.5">

        </Landmark>
        <AutomaticIK>
                          <IKBone ParentFrame="BoneTieRod1_1_cdt" ModelFrame="BoneTieRod1_2">
                            <IKJoint Type="Hinge2" AxisLocal="(1; 0; 0)">

                            </IKJoint>
                            <IKBone AttachToFrame="BoneRackLeft1" AttachOffset="(0; 0; 0)" ModelFrame="BoneTieRod1_3">
                                  <IKJoint Type="Slider" AxisLocal="(1; 0; 0)">

                                  </IKJoint>
                            </IKBone>
                          </IKBone>
                          <IKBone ParentFrame="BoneTieRod2_1_cdt" ModelFrame="BoneTieRod2_2">
                            <IKJoint Type="Hinge2" AxisLocal="(1; 0; 0)">

                            </IKJoint>
                            <IKBone AttachToFrame="BoneRackLeft2" AttachOffset="(0; 0; 0)" ModelFrame="BoneTieRod2_3">
                                  <IKJoint Type="Slider" AxisLocal="(1; 0; 0)">

                                  </IKJoint>
                            </IKBone>
                          </IKBone>
                          <IKBone ParentFrame="BoneTieRod2_1_cdt" ModelFrame="BoneTieRod2_4">
                            <IKJoint Type="Hinge2" AxisLocal="(1; 0; 0)">

                            </IKJoint>
                            <IKBone AttachToFrame="BoneTieRod1_1_cdt" AttachOffset="(0; 0; 0)" ModelFrame="BoneTieRod2_5">
                                  <IKJoint Type="Slider" AxisLocal="(1; 0; 0)">

                                  </IKJoint>
                            </IKBone>
                          </IKBone>
        </AutomaticIK>
        <TruckData SteerSpeed="0.017" EngineStartDelay="0.6" EngineIconMesh="env/engine_big" TruckType="OFFROAD" Responsiveness="0.2" BackSteerSpeed="0.02" EngineMarkerOffset="(6; 0.7; 0)" TruckImage="azov5319mchr" FuelCapacity="200" DiffLockType="Always" ExhaustStartTime="0.6" EngineIconScale="1.2">
                          <Driver Pos="(3.497; 1.844; 0.661)" ParentFrame="BoneCabin_cdt" SteeringWheelPos="(3.897; 2.164; 0.654)">

                          </Driver>
                          <SoundsDamage _template="Heavy">

                          </SoundsDamage>
                          <Shakers>
                                  <Shaker MaxFrequency="3.9" MaxAngle="(1.5; 1.5; 1.5)" ParentFrame="BoneCabin_cdt" Frame="BoneExhaust">

                                  </Shaker>
                          </Shakers>
                          <OcclusionMap HalfSizeZ="1.7" MinX="-5.1" MaxX="5.1">

                          </OcclusionMap>
                          <FuelTank DamageCapacity="100">

                          </FuelTank>
                          <Intake Size="1.219" Dir="(1; 0; 0)" Origin="(4.655; 1.545; 0)">

                          </Intake>
                          <EngineSocket Type="e_ru_truck_modern" Default="ru_truck_modern_engine_0">

                          </EngineSocket>
                          <SuspensionSocket Type="s_azov_5319" MaxWheelRadiusWithoutSuspension="1" Default="azov_5319_suspension_default">

                          </SuspensionSocket>
                          <Dashboard>
                                                <Gauge InputRange="(0;1)" Dir="(-0.947; 0.32; 0.004)" InputType="engineEnabled" Org="(4.128; 2.172; 0.858)" Damping="0.99" Mesh="trucks/arrows/azov_5319_arrows_1" OutputAngles="(-111; 21)">

                                                </Gauge>
                                                <Gauge InputRange="(0;1)" Dir="(-0.947; 0.32; 0.004)" InputType="rpm" Org="(4.124; 2.174; 0.486)" Damping="0.99" Mesh="trucks/arrows/azov_5319_arrows_1" OutputAngles="(-113; 114)">

                                                </Gauge>
                                                <Gauge InputType="speed" Dir="(-0.945; 0.326; 0.001)" Org="(4.142; 2.195; 0.671)" Mesh="trucks/arrows/azov_5319_arrows_2" InputRange="(0;140)" OutputAngles="(-122; 123)">

                                                </Gauge>
                                                <Gauge InputType="engineEnabled" Dir="(-0.945; 0.326; 0.001)" Org="(4.126; 2.149; 0.761)" Mesh="trucks/arrows/azov_5319_arrows_3" InputRange="(0;1)" OutputAngles="(95; 36)">

                                                </Gauge>
                                                <Gauge InputType="engineEnabled" Dir="(-0.945; 0.326; 0.001)" Org="(4.125; 2.149; 0.589)" Mesh="trucks/arrows/azov_5319_arrows_3" InputRange="(0;1)" OutputAngles="(-95; -52)">

                                                </Gauge>
                                                <Gauge InputType="engineEnabled" Dir="(-0.945; 0.326; 0.001)" Org="(4.156; 2.237; 0.734)" Mesh="trucks/arrows/azov_5319_arrows_5" InputRange="(0;1)" OutputAngles="(-129; -50)">

                                                </Gauge>
                                                <Gauge InputType="fuel" Dir="(-0.945; 0.326; 0.001)" Org="(4.156; 2.237; 0.634)" Mesh="trucks/arrows/azov_5319_arrows_4" InputRange="(0;1)" OutputAngles="(90; 0)">

                                                </Gauge>
                                                <Gauge InputType="fuel" Dir="(-0.945; 0.326; 0.001)" Org="(4.156; 2.237; 0.58)" Mesh="trucks/arrows/azov_5319_arrows_4" InputRange="(0;1)" OutputAngles="(-91; 0)">

                                                </Gauge>
                          </Dashboard>
                          <Axles>
                                                  <Axle Frame="BoneAxle1">

                                                  </Axle>
                                                  <Axle Frame="BoneAxle2">

                                                  </Axle>
                                                  <Axle Frame="BoneAxle3">

                                                  </Axle>
                                                  <Axle Frame="BoneAxle4">

                                                  </Axle>
                          </Axles>
                          <Camera Center="(-1.5; 0; 0)" ParentFrame="BoneCabin_cdt">
                                                  <Cockpit WindshieldDiffuseTexture="trucks/azov_5319_glass__d_a.tga" _template="Default" WindshieldShadingTexture="trucks/azov_5319_glass__sh_d.tga" ViewPos="(3.437; 2.599; 0.661)">
                                                      <Rear ViewPosOffset="(0.05; -0.1; 0.7)">

                                                      </Rear>
                                                          <Mirror FOVScale="2" ClipDir="(-0.898; -0.033; -0.44)" MeshFrame="mirror_left" Pos="(3.841; 2.462; 1.374)" ReflectionDir="(-0.898; -0.033; -0.44)" Size="(0.181; 0.384)" ClipOffset="0.1">
                                                            <SecondaryView FOVScale="1" ClipDir="(-0.898; -0.033; -0.44)" MeshFrame="mirror_left_1" Pos="(3.85; 2.193; 1.375)" CurveAngle="20" Size="(0.181; 0.147)" ClipOffset="0.1">

                                                            </SecondaryView>
                                                          </Mirror>
                                                          <Mirror FOVScale="2" ClipDir="(-0.788; 0; 0.616)" MeshFrame="mirror_right" Pos="(4.053; 2.524; -1.389)" ReflectionDir="(-0.788; 0; 0.616)" Size="(0.181; 0.384)" ClipOffset="0.1">
                                                            <SecondaryView ClipDir="(-0.788; 0; 0.616)" CurveAngle="10" Size="(0.181; 0.147)" FOVScale="1.5" ReflectionDir="(-0.788; 0; 0.616)" Pos="(4.039; 2.259; -1.379)" MeshFrame="mirror_right_1" ClipOffset="0.1">

                                                            </SecondaryView>
                                                          </Mirror>
                                                  </Cockpit>
                          </Camera>
                          <CompatibleWheels Type="wheels_heavy_single" Scale="0.63">

                          </CompatibleWheels>
                                                    <LimitedFluid SizeX="0.95" Center="(-1.035; 1.023; 0.867)" Type="Box" SizeZ="0.55" SizeY="0.53">

                                                    </LimitedFluid>
                                                    <LimitedFluid SizeX="0.95" Center="(-1.035; 1.023; -0.867)" Type="Box" SizeZ="0.55" SizeY="0.53">

                                                    </LimitedFluid>
                          <Exhaust Speed="2.0" Dir="(0; 0; 1)" Origin="(1.955; 0.829; 0.557)">

                          </Exhaust>
                          <Sounds _template="Default" MinDist="15.0" Origin="(3.074; 1.488; 0)" DisableReversePitch="false">
                                                            <Reverse _inheritRemove="true">

                                                            </Reverse>
                                                            <Reverse Sound="trucks/azov_5319/azov_5319_reverse">

                                                            </Reverse>
                                                          <EngineTrans Sound="trucks/azov_5319/azov_5319_turbo">

                                                          </EngineTrans>
                                                          <EngineLow Sound="trucks/azov_5319/azov_5319_low">

                                                          </EngineLow>
                                                          <EngineHigh Sound="trucks/azov_5319/azov_5319_high">

                                                          </EngineHigh>
                                                          <HandbrakeOff Sound="trucks/chevrolet_kodiakc70/chevrolet_kodiakc70_handbrake_off">

                                                          </HandbrakeOff>
                                                          <ChassisStress Sound="trucks/common/truck_stress_rnd_set/truck_stress_rnd">

                                                          </ChassisStress>
                                                          <AbruptStop Sound="trucks/common/truck_swing_big_rnd_set/truck_swing_big_rnd">

                                                          </AbruptStop>
                                                          <EngineRev Sound="trucks/azov_5319/azov_5319_rev">

                                                          </EngineRev>
                                                          <EngineHeavy_2d IsSound2D="true" Sound="">

                                                          </EngineHeavy_2d>
                                                          <EngineHeavy Sound="">

                                                          </EngineHeavy>
                                                          <EngineHigh_2d IsSound2D="true" Sound="trucks/azov_5319/azov_5319_high_2d">

                                                          </EngineHigh_2d>
                                                          <EngineLow_2d IsSound2D="true" Sound="trucks/azov_5319/azov_5319_low_2d">

                                                          </EngineLow_2d>
                                                          <EngineIdle_2d IsSound2D="true" Sound="trucks/azov_5319/azov_5319_idle_2d">

                                                          </EngineIdle_2d>
                                                          <EngineStart Sound="trucks/azov_5319/azov_5319_start">

                                                          </EngineStart>
                                                          <Handbrake Sound="trucks/chevrolet_kodiakc70/chevrolet_kodiakc70_handbrake_on">

                                                          </Handbrake>
                                                          <Honk Sound="trucks/azov_5319/azov_5319_honk">

                                                          </Honk>
                                                          <EngineIdle Sound="trucks/azov_5319/azov_5319_idle">

                                                          </EngineIdle>
                                                          <BrakesSqueal Sound="trucks/azov_5319/azov_5319_brakes_squeal">

                                                          </BrakesSqueal>
                                                          <EngineStop Sound="trucks/azov_5319/azov_5319_stop">

                                                          </EngineStop>
                                                          <BrakeRelease Sound="trucks/cat_ct680/cat_ct680_brake_release">

                                                          </BrakeRelease>
                                                          <EngineAccel Sound="trucks/azov_5319/azov_5319_acc">

                                                          </EngineAccel>
                          </Sounds>
                          <GearboxSocket Type="gearboxes_trucks" Default="g_truck_default">

                          </GearboxSocket>
                                                            <Steam Origin="(1.72; 1.354; 0)">

                                                            </Steam>
                                                            <Steam Origin="(3.654; 1.056; 0)">

                                                            </Steam>
                          <Wheels DefaultWheelType="wheels_heavy_single" DefaultTire="allterrain_1" DefaultRim="rim_1">
                                                                  <Wheel Pos="(2.835; 0.633; 1.01)" _template="FirstAxle">

                                                                  </Wheel>
                                                                  <Wheel RightSide="true" Pos="(2.835; 0.633; 1.01)" _template="FirstAxle">

                                                                  </Wheel>
                                                                  <Wheel Pos="(1.052; 0.633; 1.01)" _template="SecondAxle">

                                                                  </Wheel>
                                                                  <Wheel RightSide="true" Pos="(1.052; 0.633; 1.01)" _template="SecondAxle">

                                                                  </Wheel>
                                                                  <Wheel Pos="(-2.516; 0.633; 1.01)" _template="MiddleAxle">

                                                                  </Wheel>
                                                                  <Wheel RightSide="true" Pos="(-2.516; 0.633; 1.01)" _template="MiddleAxle">

                                                                  </Wheel>
                                                                  <Wheel Pos="(-3.832; 0.633; 1.01)" _template="MiddleAxle">

                                                                  </Wheel>
                                                                  <Wheel RightSide="true" Pos="(-3.832; 0.633; 1.01)" _template="MiddleAxle">

                                                                  </Wheel>
                          </Wheels>
                          <WinchUpgradeSocket Type="winches_medium_trucks" Default="w_medium_trucks_default" IsUpgradable="true">

                          </WinchUpgradeSocket>
                                                                  <SteeringRack Frame="BoneRack1" RackHalfSizeZ="0.752" FrameSteerLeft="BoneRackLeft1" FrameSteerRight="BoneRackRight1">

                                                                  </SteeringRack>
                                                                  <SteeringRack Frame="BoneRack2" RackHalfSizeZ="0.752" FrameSteerLeft="BoneRackLeft2" FrameSteerRight="BoneRackRight2">

                                                                  </SteeringRack>
                          <SteeringWheel Frame="BoneSteering">

                          </SteeringWheel>
                          <SoundsWheels _template="Default">

                          </SoundsWheels>
                          <Damage>
                                                                          <DamageArea Min="(-1.545; 0.694; -1.175)" ParentFrame="BoneChassis_cdt" Max="(-0.533; 1.367; 1.175)" Type="FuelTank">

                                                                          </DamageArea>
                          </Damage>
                          <Shafts>
                                                                              <Shaft SocketPointA="Shaft1a" SocketPointB="Shaft1b">

                                                                              </Shaft>
                                                                              <Shaft SocketPointA="Shaft2a" SocketPointB="Shaft2b">

                                                                              </Shaft>
                                                                              <Shaft SocketPointA="Shaft3a" SocketPointB="Shaft3b">

                                                                              </Shaft>
                                                                              <Shaft SocketPointA="Shaft4a" SocketPointB="Shaft4b">

                                                                              </Shaft>
                          </Shafts>
        </TruckData>
  </Truck>