  <_templates Include="trucks">
      <Wheel>
          <RearWheel Torque="default" Location="front" ConnectedToHandbrake="true" ParentFrame="BoneSuspension_cdt">

          </RearWheel>
          <FrontWheel Location="front" Torque="default">

          </FrontWheel>
      </Wheel>
      <Body>
            <Sunshield Mass="5" Collisions="None">
                <Constraint Type="Hinge" MaxLimit="10" AxisLocal="(0; 0; 1)" MinLimit="-2">
                    <Motor Spring="20" Damping="0.7" Type="Spring">

                    </Motor>
                </Constraint>
            </Sunshield>
            <StairsPrismatic Mass="10">
                  <Constraint Type="Prismatic" MaxLimit="0.01" AxisLocal="(1; 0; 0)" MinLimit="-0.01">
                      <Motor Spring="100" Damping="10" Type="Spring">

                      </Motor>
                  </Constraint>
            </StairsPrismatic>
            <SideMirror Mass="5" Collisions="None">
                    <Constraint Type="Hinge" MaxLimit="15" AxisLocal="(0; 1; 0)" MinLimit="-15">
                        <Motor Spring="200" Damping="3" Type="Spring">

                        </Motor>
                    </Constraint>
            </SideMirror>
      </Body>
      <Flare>
              <ReverseSignal ColorMultAtDay="0.6" Dir="(-1; 0; 0)" DirAngle="135" Size="0.3" Color="g(255; 255; 255) x 0.2" Reflections="true" AspectRatio="4">

              </ReverseSignal>
              <LED02 ColorMultAtDay="0.6" Dir="(1; 0; 0)" DirAngle="135" Color="g(126; 137; 141) x 0.7" Size="0.05" AspectRatio="1.4">

              </LED02>
              <LED01 ColorMultAtDay="0.6" Dir="(1; 0; 0)" DirAngle="135" Color="g(126; 137; 141) x 0.7" Size="0.05" AspectRatio="1.4">

              </LED01>
      </Flare>
  </_templates>
  <Truck>
        <HeadLight OuterCone="130" Dir="(1; 0; 0)" AttenStart="1" InnerCone="0" Color="g(255; 212; 154) x 8.5" Pos="(5.738; 1.265; 0)" AttenEnd="40">

        </HeadLight>
        <GameData UnlockByExploration="false" Price="111600" UnlockByRank="26" Country="RU,CAS">
              <CustomizationCameras>
                    <CameraPos Name="roof_sticker" InterestPosition="(3.212; 3.213; -0.647)" Position="(7.639; 8.289; -0.694)" Interior="true" FOV="32.0">

                    </CameraPos>
                    <CameraPos Name="sticker_1" InterestPosition="(7.981; 1.584; 1.455)" Position="(5.828; 3.28; -0.605)" Interior="true" FOV="32.0">

                    </CameraPos>
                    <CameraPos MaxYRotation="360" MaxZoom="2" Name="addon_1" InterestPosition="(-1.861; 2.144; -0)" Position="(-9.987; 5.301; 6.377)" MaxXRotation="360" FOV="32.0">

                    </CameraPos>
                    <CameraPos MaxYRotation="360" MaxZoom="2" Name="addon_2" InterestPosition="(5.759; 2.49; 0)" Position="(10.793; 4.409; -3.424)" MaxXRotation="360" FOV="32.0">

                    </CameraPos>
                    <CameraPos Name="mirror_mount" InterestPosition="(8.207; 3.032; 0.833)" Position="(5.607; 3.018; -0.836)" Interior="true" FOV="32.0">

                    </CameraPos>
                    <CameraPos MaxYRotation="360" MaxZoom="2" Name="side_r" InterestPosition="(4.494; 3.503; -0)" Position="(6.861; 5.817; -6.504)" MaxXRotation="360" FOV="32.0">

                    </CameraPos>
                    <CameraPos Name="sticker" InterestPosition="(8.805; 4.243; 1.788)" Position="(5.818; 2.907; -0.826)" Interior="true" FOV="32.0">

                    </CameraPos>
                    <CameraPos Name="glass_sticker" InterestPosition="(6.321; 2.828; -0.786)" Position="(10.575; 3.974; 0.816)" Interior="true" FOV="32.0">

                    </CameraPos>
                    <CameraPos Name="door_r_sticker" InterestPosition="(5.489; 2.872; 1.354)" Position="(2.223; 3.236; 3.932)" Interior="true" FOV="32.0">

                    </CameraPos>
                    <CameraPos MaxYRotation="360" MaxZoom="2" Name="roof" InterestPosition="(5.118; 3.503; 0)" Position="(11.064; 5.516; -4.015)" MaxXRotation="360" FOV="32.0">

                    </CameraPos>
                    <CameraPos Name="capote_sticker" InterestPosition="(3.864; 1.093; 0.059)" Position="(10.225; 3.221; -0.597)" Interior="true" FOV="32.0">

                    </CameraPos>
                    <CameraPos MaxYRotation="360" MaxZoom="2" Name="hoods" InterestPosition="(5.451; 1.818; 0)" Position="(13.951; 1.253; -5.017)" MaxXRotation="360" FOV="32.0">

                    </CameraPos>
                    <CameraPos Name="sticker_2" InterestPosition="(7.887; 1.584; -0.19)" Position="(5.828; 3.28; -0.605)" Interior="true" FOV="32.0">

                    </CameraPos>
                    <CameraPos MaxYRotation="360" MaxZoom="2" Name="side_l" InterestPosition="(4.494; 3.503; 0)" Position="(5.841; 5.84; 6.957)" MaxXRotation="360" FOV="32.0">

                    </CameraPos>
                    <CameraPos Name="bubble_head" InterestPosition="(8.207; 1.584; 0.873)" Position="(6.106; 3.098; -0.536)" Interior="true" FOV="32.0">

                    </CameraPos>
                    <CameraPos MaxYRotation="360" MaxZoom="2" Name="wheels" InterestPosition="(3.874; 0.602; -0)" Position="(7.632; 1.697; -6.129)" MaxXRotation="360" FOV="32.0">

                    </CameraPos>
                    <CameraPos MaxYRotation="360" MaxZoom="2" Name="default" InterestPosition="(5.451; 1.818; 0)" Position="(13.951; 1.253; -5.017)" MaxXRotation="360" FOV="32.0">

                    </CameraPos>
                    <CameraPos MaxYRotation="360" MaxZoom="2" Name="rear" InterestPosition="(-1.423; 1.831; -0)" Position="(-10.631; 2.524; 6.535)" MaxXRotation="360" FOV="32.0">

                    </CameraPos>
                    <CameraPos Name="door_l_sticker" InterestPosition="(2.76; 2.445; -0.72)" Position="(1.135; 3.23; -4.172)" Interior="true" FOV="32.0">

                    </CameraPos>
                    <CameraPos Name="curtain" InterestPosition="(8.207; 3.032; 0.833)" Position="(5.607; 3.018; -0.836)" Interior="true" FOV="32.0">

                    </CameraPos>
              </CustomizationCameras>
              <UiDesc UiName="UI_VEHICLE_AZOV_4220_ANTARCTIC_NAME" UiDesc="UI_VEHICLE_AZOV_4220_ANTARCTIC_DESC" UiIconLogo="AzovLogo80" UiIcon40x40="heavyVehicleImg" UiIcon30x30="heavyVehicleImg30" UiIcon328x458="shopImgAzov4220Antarctic">

              </UiDesc>
                    <AddonSockets>
                        <Socket Offset="(-6.038; 1.891; 0)" Names="BunkLog" ParentFrame="BoneBack_cdt">

                        </Socket>
                        <Socket Offset="(-1.840; 1.885; 0)" Names="LogLift" ParentFrame="BoneBack_cdt">

                        </Socket>
                        <Socket Offset="(-2.47; 1.865; 0)" Names="FrameAddon" ParentFrame="BoneBack_cdt">

                        </Socket>
                        <Socket ParentFrame="BoneBack_cdt" Offset="(-1.92; 1.891; 0)" Names="FrameAddonTowPlatform" NamesBlock="MinicraneUS, MetalDetector, Trailer">

                        </Socket>
                    </AddonSockets>
                    <AddonSockets>
                      <Socket Offset="(-5.23; 1.265; 0)" Names="Trailer" ParentFrame="BoneBack_cdt">

                      </Socket>
                    </AddonSockets>
                    <AddonSockets DefaultAddon="azov_4220_antarctic_diff_lock_default">
                      <Socket Offset="(0; 0; 0)" Names="azov4220antarcticDiffLock" ParentFrame="BoneFront_cdt">

                      </Socket>
                    </AddonSockets>
                    <AddonSockets DefaultAddon="azov_4220_antarctic_exhaust_default">
                      <Socket Offset="(0; 0; 0)" Names="Azov4220AntarcticExhaust" ParentFrame="BoneFront_cdt">

                      </Socket>
                    </AddonSockets>
                    <AddonSockets DefaultAddon="azov_4220_antarctic_beacon_default">
                      <Socket Offset="(0; 0; 0)" Names="Azov4220AntarcticBeacon" ParentFrame="BoneCabinRagdoll_cdt">

                      </Socket>
                    </AddonSockets>
                    <AddonSockets DefaultAddon="azov_4220_antarctic_fender_default">
                      <Socket Offset="(0; 0; 0)" Names="Azov4220AntarcticFender" ParentFrame="BoneBack_cdt">

                      </Socket>
                    </AddonSockets>
                    <AddonSockets>
                      <Socket Offset="(0; 0; 0)" Names="Azov4220AntarcticBumper" ParentFrame="BoneFront_cdt">

                      </Socket>
                    </AddonSockets>
                    <AddonSockets>
                      <Socket Offset="(0; 0; 0)" Names="Azov4220AntarcticVisor" ParentFrame="BoneCabinRagdoll_cdt">

                      </Socket>
                    </AddonSockets>
                    <AddonSockets>
                      <Socket Offset="(0; 0; 0)" Names="Azov4220AntarcticHorn" ParentFrame="BoneCabinRagdoll_cdt">

                      </Socket>
                    </AddonSockets>
                    <AddonSockets>
                      <Socket Offset="(0; 0; 0)" Names="Azov4220AntarcticGabarite" ParentFrame="BoneCabinRagdoll_cdt">

                      </Socket>
                    </AddonSockets>
                    <AddonSockets>
                      <Socket Offset="(0; 0; 0)" Names="Azov4220AntarcticSpotLight" ParentFrame="BoneCabinRagdoll_cdt">

                      </Socket>
                    </AddonSockets>
                    <AddonSockets DefaultAddon="azov_4220_antarctic_snorkel_default">
                        <Socket Offset="(0; 0; 0)" Names="Azov4220AntarcticSnorkelDefault" ParentFrame="BoneCabinRagdoll_cdt">
                          <ExtraParent Frame="BoneFront_cdt">

                          </ExtraParent>
                        </Socket>
                        <Socket Offset="(0; 0; 0)" Names="Azov4220AntarcticSnorkel" ParentFrame="BoneFront_cdt">

                        </Socket>
                    </AddonSockets>
                    <AddonSockets>
                      <Socket ParentFrame="BoneCabinRagdoll_cdt" Offset="(4.893; 2.761; 0.399)" Names="StuffDashboard" InCockpit="true">

                      </Socket>
                    </AddonSockets>
                    <AddonSockets>
                      <Socket ParentFrame="BoneCabinRagdoll_cdt" Offset="(0; 0; 0)" Names="Azov4220AntarcticSticker_1x1_01" InCockpit="true">

                      </Socket>
                    </AddonSockets>
                    <AddonSockets>
                      <Socket ParentFrame="BoneCabinRagdoll_cdt" Offset="(0; 0; 0)" Names="Azov4220AntarcticSticker_1x1_02" InCockpit="true">

                      </Socket>
                    </AddonSockets>
                    <AddonSockets>
                      <Socket ParentFrame="BoneSunshieldLeft_cdt" Offset="(0; 0; 0)" Names="Azov4220AntarcticSticker_1x1_03" InCockpit="true">

                      </Socket>
                    </AddonSockets>
                    <AddonSockets>
                      <Socket ParentFrame="BoneCabinRagdoll_cdt" Offset="(0; 0; 0)" Names="Azov4220AntarcticSticker_1x4_01" InCockpit="true">

                      </Socket>
                    </AddonSockets>
                    <AddonSockets>
                      <Socket ParentFrame="BoneSunshieldMiddle_cdt" Offset="(0; 0; 0)" Names="Azov4220AntarcticSticker_1x4_02" InCockpit="true">

                      </Socket>
                    </AddonSockets>
                    <AddonSockets>
                      <Socket ParentFrame="BoneCabinRagdoll_cdt" Offset="(4.613; 3.282; 0.399)" Names="StuffAirfreshener" InCockpit="true">

                      </Socket>
                    </AddonSockets>
                    <AddonSockets>
                      <Socket ParentFrame="BoneCabinRagdoll_cdt" Names="StuffCurtainAzov4220Antarctic" InCockpit="true">

                      </Socket>
                    </AddonSockets>
                    <AddonSockets>
                      <Socket ParentFrame="BoneCabinRagdoll_cdt" Names="Azov4220AntarcticSticker_GlassTop" InCockpit="true">

                      </Socket>
                    </AddonSockets>
                    <AddonSockets>
                      <Socket ParentFrame="BoneCabinRagdoll_cdt" Names="Azov4220AntarcticSticker_GlassBottom" InCockpit="true">

                      </Socket>
                    </AddonSockets>
                    <AddonSockets>
                      <Socket ParentFrame="BoneCabinRagdoll_cdt" Names="Azov4220AntarcticSticker_Capote" InCockpit="true">

                      </Socket>
                    </AddonSockets>
                    <AddonSockets>
                      <Socket Names="Azov4220AntarcticSticker_Roof" ParentFrame="BoneFront_cdt">

                      </Socket>
                    </AddonSockets>
                    <AddonSockets>
                      <Socket Names="Azov4220AntarcticSticker_Door_R" ParentFrame="BoneFront_cdt">

                      </Socket>
                    </AddonSockets>
                    <AddonSockets>
                      <Socket ParentFrame="BoneFront_cdt" Names="Azov4220AntarcticSticker_Door_L" InCockpit="true">

                      </Socket>
                    </AddonSockets>
                      <CraneSocket Pos="(5.372; 1.521; -0.393)">

                      </CraneSocket>
                      <CraneSocket Pos="(5.372; 1.521; 0.393)">

                      </CraneSocket>
                      <CraneSocket Pos="(-5.207; 1.279; -0)" ParentFrame="BoneBack_cdt">

                      </CraneSocket>
                      <CraneSocket Pos="(-0.647; 1.743; -0.341)" ParentFrame="BoneBack_cdt">

                      </CraneSocket>
                      <CraneSocket Pos="(-0.647; 1.743; 0.341)" ParentFrame="BoneBack_cdt">

                      </CraneSocket>
                        <WinchSocket Pos="(5.372; 1.521; -0.393)">

                        </WinchSocket>
                        <WinchSocket Pos="(5.372; 1.521; 0.393)">

                        </WinchSocket>
                        <WinchSocket Pos="(-5.207; 1.279; -0)" ParentFrame="BoneBack_cdt">

                        </WinchSocket>
                        <WinchSocket Pos="(-0.647; 1.743; -0.341)" ParentFrame="BoneBack_cdt">

                        </WinchSocket>
                        <WinchSocket Pos="(-0.647; 1.743; 0.341)" ParentFrame="BoneBack_cdt">

                        </WinchSocket>
        </GameData>
        <PhysicsModel Mesh="trucks/azov_4220_antarctic">
                <Body CenterOfMassOffset="(1; -1; 0)" NetSync="pv" Mass="10000" ImpactType="Truck">
                      <Body CenterOfMassOffset="(0.25; 0; 0)" ModelFrame="BoneCabinRagdoll_cdt" Mass="3000" ImpactType="Truck">
                        <Constraint Type="Ragdoll" PlaneMin="-0.1" PlaneMax="1" TwistAxisLocal="(0; 1; 0)" Cone="2" PlaneAxisLocal="(1; 0; 0)">
                            <ConeMotor Spring="300000" Damping="150000" Type="Spring">

                            </ConeMotor>
                            <PlaneMotor Spring="300000" Damping="150000" Type="Spring">

                            </PlaneMotor>
                        </Constraint>
                            <Body ModelFrame="BoneBelt_cdt" Mass="1" Collisions="None">
                              <Constraint Type="Prismatic" MaxLimit="0.01" AxisLocal="(1; 0; 0)" MinLimit="-0.01">
                                  <Motor Spring="500" Damping="30" Type="Spring">

                                  </Motor>
                              </Constraint>
                            </Body>
                            <Body ModelFrame="BoneMirrorLeft_cdt" _template="SideMirror">

                            </Body>
                            <Body ModelFrame="BoneMirrorRight1_cdt" _template="SideMirror">

                            </Body>
                            <Body ModelFrame="BoneMirrorRight2_cdt" _template="SideMirror">

                            </Body>
                            <Body ModelFrame="BoneSunshieldLeft_cdt" _template="Sunshield">

                            </Body>
                            <Body ModelFrame="BoneSunshieldMiddle_cdt" _template="Sunshield">
                              <Constraint>
                                  <Motor Damping="0.3">

                                  </Motor>
                              </Constraint>
                            </Body>
                            <Body ModelFrame="BoneSunshieldRight_cdt" _template="Sunshield">
                              <Constraint>
                                  <Motor Damping="1">

                                  </Motor>
                              </Constraint>
                            </Body>
                            <Body ModelFrame="BoneStairsPrismaticLeft_cdt" _template="StairsPrismatic">

                            </Body>
                            <Body ModelFrame="BoneStairsPrismaticRight_cdt" _template="StairsPrismatic">

                            </Body>
                            <Body Mass="0.2" ModelFrame="BoneKeyFobRing_cdt">
                              <Constraint Type="Hinge" MaxLimit="50" AxisLocal="(0; 0; 1)" MinLimit="-50" PivotOffset="(0; 0; 0)">
                                  <Motor Spring="0.001" Damping="0.001" Type="Spring">

                                  </Motor>
                              </Constraint>
                              <Body Mass="0.2" ModelFrame="BoneKeyFob_cdt">
                                    <Constraint Type="Hinge" MaxLimit="50" AxisLocal="(1; 0; 0)" MinLimit="-50" PivotOffset="(0; 0; 0)">
                                        <Motor Spring="0.001" Damping="0.001" Type="Spring">

                                        </Motor>
                                    </Constraint>
                              </Body>
                            </Body>
                            <Body Mass="1" ModelFrame="BoneRadioHinge_cdt">
                              <Constraint Type="Hinge" MaxLimit="10" AxisLocal="(0; 0; 1)" MinLimit="-10">
                                  <Motor Spring="0.1" Damping="0.001" Type="Spring">

                                  </Motor>
                              </Constraint>
                              <Body Mass="0.02" ModelFrame="BoneRadioPrismatic_cdt">
                                    <Constraint Type="Prismatic" MaxLimit="0.4" AxisLocal="(0; 1; 0)" MinLimit="-0.4">
                                        <Motor Spring="5" Damping="0.1" Type="Spring">

                                        </Motor>
                                    </Constraint>
                              </Body>
                            </Body>
                      </Body>
                      <Body NetSync="pv" Mass="10000" ModelFrame="BoneBack_cdt">
                        <Constraint Type="Hinge" MaxLimit="35" AxisLocal="(0; 1; 0)" MinLimit="-35" Name="ChassisSteer">
                            <Motor Type="Position" Force="135000" Damping="1.0" Tau="0.03">

                            </Motor>
                        </Constraint>
                        <Body ModelFrame="BoneSuspension_cdt" Mass="4000" Collisions="None">
                              <Constraint Type="Hinge" MaxLimit="8" AxisLocal="(0; 0; 1)" MinLimit="-8" PivotOffset="(0; 0; 0)">

                              </Constraint>
                        </Body>
                      </Body>
                </Body>
                <NetSync Legacy="false">

                </NetSync>
        </PhysicsModel>
        <ControlledConstraints>
                  <Constraint IsLinkedSteering="true" Id="chassis_steer" Name="ChassisSteer">

                  </Constraint>
        </ControlledConstraints>
        <ModelAttachments>
                    <HeadLight>
                          <Flare Pos="(5.353; 1.573; -0.836)" Dir="(0.752; 0; -0.659)" _template="HeadLight" Color="g(245; 225; 195) x 0.8" Size=".2" DirAngle="135">

                          </Flare>
                          <Flare Pos="(5.353; 1.573; 0.836)" Dir="(0.752; 0; 0.659)" _template="HeadLight" Color="g(245; 225; 195) x 0.8" Size=".2" DirAngle="135">

                          </Flare>
                          <Flare Pos="(5.353; 1.573; -0.836)" Dir="(0.752; 0; -0.659)" _template="BlueStreak">

                          </Flare>
                          <Flare Pos="(5.353; 1.573; 0.836)" Dir="(0.752; 0; 0.659)" _template="BlueStreak">

                          </Flare>
                          <Flare Pos="(5.325; 2.48; -0.582)" _template="HeadLight" AspectRatio="2" Size=".8" Color="g(225; 225; 225) x 0.4">

                          </Flare>
                          <Flare Pos="(5.325; 2.48; 0.582)" _template="HeadLight" AspectRatio="2" Size=".8" Color="g(225; 225; 225) x 0.4">

                          </Flare>
                          <Flare Pos="(5.068; 1.412; -0.903)" _template="HeadLight" AspectRatio="3" Size=".4" Color="g(225; 225; 225) x 0.4">

                          </Flare>
                          <Flare Pos="(5.068; 1.412; 0.903)" _template="HeadLight" AspectRatio="3" Size=".4" Color="g(225; 225; 225) x 0.4">

                          </Flare>
                          <Flare Pos="(5.322; 2.521; -0.67)" ParentFrame="BoneCabinRagdoll_cdt" _template="LED01">

                          </Flare>
                          <Flare Pos="(5.322; 2.521; -0.635)" ParentFrame="BoneCabinRagdoll_cdt" _template="LED01">

                          </Flare>
                          <Flare Pos="(5.322; 2.521; -0.6)" ParentFrame="BoneCabinRagdoll_cdt" _template="LED01">

                          </Flare>
                          <Flare Pos="(5.322; 2.521; -0.564)" ParentFrame="BoneCabinRagdoll_cdt" _template="LED01">

                          </Flare>
                          <Flare Pos="(5.322; 2.521; -0.529)" ParentFrame="BoneCabinRagdoll_cdt" _template="LED01">

                          </Flare>
                          <Flare Pos="(5.322; 2.521; -0.494)" ParentFrame="BoneCabinRagdoll_cdt" _template="LED01">

                          </Flare>
                          <Flare Pos="(5.322; 2.486; -0.67)" ParentFrame="BoneCabinRagdoll_cdt" _template="LED01">

                          </Flare>
                          <Flare Pos="(5.322; 2.486; -0.635)" ParentFrame="BoneCabinRagdoll_cdt" _template="LED01">

                          </Flare>
                          <Flare Pos="(5.322; 2.486; -0.6)" ParentFrame="BoneCabinRagdoll_cdt" _template="LED01">

                          </Flare>
                          <Flare Pos="(5.322; 2.486; -0.564)" ParentFrame="BoneCabinRagdoll_cdt" _template="LED01">

                          </Flare>
                          <Flare Pos="(5.322; 2.486; -0.529)" ParentFrame="BoneCabinRagdoll_cdt" _template="LED01">

                          </Flare>
                          <Flare Pos="(5.322; 2.486; -0.494)" ParentFrame="BoneCabinRagdoll_cdt" _template="LED01">

                          </Flare>
                          <Flare Pos="(5.322; 2.521; 0.67)" ParentFrame="BoneCabinRagdoll_cdt" _template="LED01">

                          </Flare>
                          <Flare Pos="(5.322; 2.521; 0.635)" ParentFrame="BoneCabinRagdoll_cdt" _template="LED01">

                          </Flare>
                          <Flare Pos="(5.322; 2.521; 0.6)" ParentFrame="BoneCabinRagdoll_cdt" _template="LED01">

                          </Flare>
                          <Flare Pos="(5.322; 2.521; 0.564)" ParentFrame="BoneCabinRagdoll_cdt" _template="LED01">

                          </Flare>
                          <Flare Pos="(5.322; 2.521; 0.529)" ParentFrame="BoneCabinRagdoll_cdt" _template="LED01">

                          </Flare>
                          <Flare Pos="(5.322; 2.521; 0.494)" ParentFrame="BoneCabinRagdoll_cdt" _template="LED01">

                          </Flare>
                          <Flare Pos="(5.322; 2.486; 0.67)" ParentFrame="BoneCabinRagdoll_cdt" _template="LED01">

                          </Flare>
                          <Flare Pos="(5.322; 2.486; 0.635)" ParentFrame="BoneCabinRagdoll_cdt" _template="LED01">

                          </Flare>
                          <Flare Pos="(5.322; 2.486; 0.6)" ParentFrame="BoneCabinRagdoll_cdt" _template="LED01">

                          </Flare>
                          <Flare Pos="(5.322; 2.486; 0.564)" ParentFrame="BoneCabinRagdoll_cdt" _template="LED01">

                          </Flare>
                          <Flare Pos="(5.322; 2.486; 0.529)" ParentFrame="BoneCabinRagdoll_cdt" _template="LED01">

                          </Flare>
                          <Flare Pos="(5.322; 2.486; 0.494)" ParentFrame="BoneCabinRagdoll_cdt" _template="LED01">

                          </Flare>
                          <Flare Pos="(5.116; 1.42; -0.831)" ParentFrame="BoneFront_cdt" _template="LED02">

                          </Flare>
                          <Flare Pos="(5.118; 1.369; -0.831)" ParentFrame="BoneFront_cdt" _template="LED02">

                          </Flare>
                          <Flare Pos="(5.08; 1.42; -0.878)" ParentFrame="BoneFront_cdt" _template="LED02">

                          </Flare>
                          <Flare Pos="(5.083; 1.369; -0.878)" ParentFrame="BoneFront_cdt" _template="LED02">

                          </Flare>
                          <Flare Pos="(5.049; 1.42; -0.926)" ParentFrame="BoneFront_cdt" _template="LED02">

                          </Flare>
                          <Flare Pos="(5.052; 1.369; -0.926)" ParentFrame="BoneFront_cdt" _template="LED02">

                          </Flare>
                          <Flare Pos="(5.016; 1.42; -0.975)" ParentFrame="BoneFront_cdt" _template="LED02">

                          </Flare>
                          <Flare Pos="(5.019; 1.369; -0.975)" ParentFrame="BoneFront_cdt" _template="LED02">

                          </Flare>
                          <Flare Pos="(5.116; 1.42; 0.831)" ParentFrame="BoneFront_cdt" _template="LED02">

                          </Flare>
                          <Flare Pos="(5.118; 1.369; 0.831)" ParentFrame="BoneFront_cdt" _template="LED02">

                          </Flare>
                          <Flare Pos="(5.08; 1.42; 0.878)" ParentFrame="BoneFront_cdt" _template="LED02">

                          </Flare>
                          <Flare Pos="(5.083; 1.369; 0.878)" ParentFrame="BoneFront_cdt" _template="LED02">

                          </Flare>
                          <Flare Pos="(5.049; 1.42; 0.926)" ParentFrame="BoneFront_cdt" _template="LED02">

                          </Flare>
                          <Flare Pos="(5.052; 1.369; 0.926)" ParentFrame="BoneFront_cdt" _template="LED02">

                          </Flare>
                          <Flare Pos="(5.016; 1.42; 0.975)" ParentFrame="BoneFront_cdt" _template="LED02">

                          </Flare>
                          <Flare Pos="(5.019; 1.369; 0.975)" ParentFrame="BoneFront_cdt" _template="LED02">

                          </Flare>
                            <Model Org="(5.353; 1.573; -0.836)" Dir="(0.752; 0; -0.659)" _template="HeadLightRay">

                            </Model>
                            <Model Org="(5.353; 1.573; 0.836)" Dir="(0.752; 0; 0.659)" _template="HeadLightRay">

                            </Model>
                            <Model Org="(5.327; 2.503; 0.582)" ParentFrame="BoneCabinRagdoll_cdt" _template="HeadLightRay">

                            </Model>
                            <Model Org="(5.327; 2.503; -0.582)" ParentFrame="BoneCabinRagdoll_cdt" _template="HeadLightRay">

                            </Model>
                    </HeadLight>
                    <StopSignals>
                          <Light Pos="(-5.38; 1.13; 0)" ParentFrame="BoneBack_cdt" _template="StopSignal">

                          </Light>
                              <Flare Pos="(-5.214; 1.13; -0.894)" _template="StopSignal" ParentFrame="BoneBack_cdt" AspectRatio="3" Size="0.3" Color="g(255; 0; 0) x 0.3">

                              </Flare>
                              <Flare Pos="(-5.214; 1.13; 0.894)" _template="StopSignal" ParentFrame="BoneBack_cdt" AspectRatio="3" Size="0.3" Color="g(255; 0; 0) x 0.3">

                              </Flare>
                    </StopSignals>
                          <Ignition>
                              <Light Pos="(5.706; 1.513; 0)" _template="IgnitionSignalWhite">

                              </Light>
                              <Light Pos="(-5.554; 1.513; 0)" _template="IgnitionSignalRed">

                              </Light>
                                <Flare Pos="(-5.214; 1.13; -0.894)" _template="IgnitionSignalRed" AspectRatio="3" Size="0.32" ParentFrame="BoneBack_cdt">

                                </Flare>
                                <Flare Pos="(-5.214; 1.13; 0.894)" _template="IgnitionSignalRed" AspectRatio="3" Size="0.32" ParentFrame="BoneBack_cdt">

                                </Flare>
                                <Flare Pos="(5.166; 1.573; -0.951)" Dir="(0.752; 0; -0.659)" _template="IgnitionSignalWhite" Color="g(165; 149; 130) x 0.8" Size=".25" DirAngle="135">

                                </Flare>
                                <Flare Pos="(5.166; 1.573; 0.951)" Dir="(0.752; 0; 0.659)" _template="IgnitionSignalWhite" Color="g(165; 149; 130) x 0.8" Size=".25" DirAngle="135">

                                </Flare>
                                <Flare Pos="(5.305; 1.573; -0.795)" Dir="(0.752; 0; -0.659)" _template="IgnitionSignalWhite" Color="g(165; 149; 130) x 0.8" Size=".25" DirAngle="135">

                                </Flare>
                                <Flare Pos="(5.305; 1.573; 0.795)" Dir="(0.752; 0; 0.659)" _template="IgnitionSignalWhite" Color="g(165; 149; 130) x 0.8" Size=".25" DirAngle="135">

                                </Flare>
                          </Ignition>
                          <Ignition _template="Flasher">
                            <Light Pos="(0.339; 3.776; 0.835)" Dir="(-0.796; 0.222; 0.563)" ParentFrame="BoneRotatorL">

                            </Light>
                            <Model Org="(0.339; 3.776; 0.835)" Dir="(-0.796; 0.222; 0.563)" ParentFrame="BoneRotatorL">

                            </Model>
                                  <Flare Pos="(0.339; 3.776; 0.835)" Dir="(-0.796; 0.222; 0.563)" ParentFrame="BoneRotatorL">

                                  </Flare>
                                  <Flare Pos="(0.339; 3.776; 0.835)" Dir="(-0.796; 0.222; 0.563)" ParentFrame="BoneRotatorL">

                                  </Flare>
                                  <Flare Pos="(0.358; 3.771; 0.822)">

                                  </Flare>
                          </Ignition>
                          <Ignition _template="Flasher">
                            <Light Pos="(0.352; 3.776; -0.853)" Dir="(-0.18; 0.149; -0.972)" ParentFrame="BoneRotatorR">

                            </Light>
                            <Model Org="(0.352; 3.776; -0.853)" Dir="(-0.18; 0.149; -0.972)" ParentFrame="BoneRotatorR">

                            </Model>
                                  <Flare Pos="(0.352; 3.776; -0.853)" Dir="(-0.18; 0.149; -0.972)" ParentFrame="BoneRotatorR">

                                  </Flare>
                                  <Flare Pos="(0.352; 3.776; -0.853)" Dir="(-0.18; 0.149; -0.972)" ParentFrame="BoneRotatorR">

                                  </Flare>
                                  <Flare Pos="(0.358; 3.771; -0.822)">

                                  </Flare>
                          </Ignition>
                    <ReverseSignals>
                              <Light Pos="(-5.542; 0.934; 0)" ParentFrame="BoneBack_cdt" _template="ReverseSignal">

                              </Light>
                                  <Flare Pos="(-5.214; 1.184; -0.894)" _template="ReverseSignal" Color="g(220; 220; 225) x 0.3" Size="0.2" ParentFrame="BoneBack_cdt">

                                  </Flare>
                                  <Flare Pos="(-5.214; 1.076; -0.894)" _template="ReverseSignal" Color="g(220; 220; 225) x 0.3" Size="0.2" ParentFrame="BoneBack_cdt">

                                  </Flare>
                                  <Flare Pos="(-5.214; 1.184; 0.894)" _template="ReverseSignal" Color="g(220; 220; 225) x 0.3" Size="0.2" ParentFrame="BoneBack_cdt">

                                  </Flare>
                                  <Flare Pos="(-5.214; 1.076; 0.894)" _template="ReverseSignal" Color="g(220; 220; 225) x 0.3" Size="0.2" ParentFrame="BoneBack_cdt">

                                  </Flare>
                                  <Flare Pos="(-5.214; 1.184; -0.894)" Dir="(-1; 0; 0)" _template="BlueStreak" Color="g(220; 220; 255) x 0.15" Size="0.2" ParentFrame="BoneBack_cdt">

                                  </Flare>
                                  <Flare Pos="(-5.214; 1.184; 0.894)" Dir="(-1; 0; 0)" _template="BlueStreak" Color="g(220; 220; 255) x 0.15" Size="0.2" ParentFrame="BoneBack_cdt">

                                  </Flare>
                                  <Flare Pos="(-5.214; 1.076; -0.894)" Dir="(-1; 0; 0)" _template="BlueStreak" Color="g(220; 220; 255) x 0.15" Size="0.2" ParentFrame="BoneBack_cdt">

                                  </Flare>
                                  <Flare Pos="(-5.214; 1.076; 0.894)" Dir="(-1; 0; 0)" _template="BlueStreak" Color="g(220; 220; 255) x 0.15" Size="0.2" ParentFrame="BoneBack_cdt">

                                  </Flare>
                    </ReverseSignals>
        </ModelAttachments>
        <AutomaticIK>
                        <IKBone ParentFrame="BoneFront_cdt" ModelFrame="BoneBackPistonLBase">
                          <IKJoint Type="Hinge" AxisLocal="(0; 1; 0)">

                          </IKJoint>
                          <IKBone AttachToFrame="BoneBack_cdt" AttachOffset="(0; 0; 0)" ModelFrame="BoneBackPistonL">
                                <IKJoint Type="Slider" AxisLocal="(1; 0; 0)">

                                </IKJoint>
                          </IKBone>
                        </IKBone>
                        <IKBone ParentFrame="BoneFront_cdt" ModelFrame="BoneBackPistonRBase">
                          <IKJoint Type="Hinge" AxisLocal="(0; 1; 0)">

                          </IKJoint>
                          <IKBone AttachToFrame="BoneBack_cdt" AttachOffset="(0; 0; 0)" ModelFrame="BoneBackPistonR">
                                <IKJoint Type="Slider" AxisLocal="(1; 0; 0)">

                                </IKJoint>
                          </IKBone>
                        </IKBone>
                        <IKBone ParentFrame="BoneFront_cdt" ModelFrame="BoneFrontBalancerHingeBase">
                          <IKJoint Type="Hinge" AxisLocal="(0; 0; 1)">

                          </IKJoint>
                          <IKBone AttachToFrame="BoneAxle1" AttachOffset="(0; 0.324; 0)" ModelFrame="BoneFrontBalancerHinge">
                                <IKJoint Type="Hinge" AxisLocal="(0; 0; 1)">

                                </IKJoint>
                          </IKBone>
                        </IKBone>
                        <IKBone ParentFrame="BoneBack_cdt" ModelFrame="BoneBack1BalancerHingeBase">
                          <IKJoint Type="Hinge" AxisLocal="(0; 0; 1)">

                          </IKJoint>
                          <IKBone AttachToFrame="BoneAxle2" AttachOffset="(0; 0.435; 0)" ModelFrame="BoneBack1BalancerHinge">
                                <IKJoint Type="Hinge" AxisLocal="(0; 0; 1)">

                                </IKJoint>
                          </IKBone>
                        </IKBone>
                        <IKBone ParentFrame="BoneBack_cdt" ModelFrame="BoneBack2BalancerHingeBase">
                          <IKJoint Type="Hinge" AxisLocal="(0; 0; 1)">

                          </IKJoint>
                          <IKBone AttachToFrame="BoneAxle3" AttachOffset="(0; 0.299; 0)" ModelFrame="BoneBack2BalancerHinge">
                                <IKJoint Type="Hinge" AxisLocal="(0; 0; 1)">

                                </IKJoint>
                          </IKBone>
                        </IKBone>
        </AutomaticIK>
                      <Rotator RotationSpeed="4" Frame="BoneRotatorL" EngineTorqueFactor="0">

                      </Rotator>
                      <Rotator RotationSpeed="4.1" Frame="BoneRotatorR" EngineTorqueFactor="0">

                      </Rotator>
        <Landmark MaxScale="2.8" Mesh="landmarks/azov_4220_antarctic_lmk" MinScale="1.8">

        </Landmark>
        <TruckData SteerSpeed="0.03" EngineStartDelay="0.6" EngineIconMesh="env/engine_default" TruckType="HEAVY" Responsiveness="0.4" BackSteerSpeed="0.02" TruckImage="Azov4220Antarcticmchr" FuelCapacity="340" DiffLockType="Installed" ExhaustStartTime="0.6" EngineIconScale="1.7">
                            <Driver Pos="(4.08; 2.32; 0.729)" ParentFrame="BoneCabinRagdoll_cdt" SteeringWheelPos="(4.467; 2.647; 0.726)">

                            </Driver>
                            <Messages Pos="(4.405; 2.804; 0)" ParentFrame="BoneCabinRagdoll_cdt">

                            </Messages>
                            <Shakers>
                                    <Shaker MaxFrequency="0.1" MaxAngle="(3; 3; 3)" ParentFrame="BoneCabinRagdoll_cdt" Frame="BoneGearstick">

                                    </Shaker>
                            </Shakers>
                            <OcclusionMap MinX="-6" ParentFrame="BoneBack_cdt" HalfSizeZ="2" MaxX="6">

                            </OcclusionMap>
                            <FuelTank DamageCapacity="50">

                            </FuelTank>
                            <Intake Size="1.2" Dir="(1; 0; 0)" Origin="(5.432; 2.075; 0)">

                            </Intake>
                            <EngineSocket Type="e_ru_special" Default="ru_special_engine_0">

                            </EngineSocket>
                            <SuspensionSocket Type="s_azov_4220_antarctic" MaxWheelRadiusWithoutSuspension="1.2" Default="azov_4220_antarctic_suspension_default">

                            </SuspensionSocket>
                            <Dashboard>
                                                  <Gauge InputRange="(0;1)" Dir="(-0.952; 0.305; 0)" InputType="rpm" Org="(4.814; 2.607; 0.833)" Damping="0.9" Mesh="trucks/arrows/azov_4220_antarctic_arrow_02" OutputAngles="(-130;130)">

                                                  </Gauge>
                                                  <Gauge InputRange="(0;1)" Dir="(-0.952; 0.305; 0)" InputType="engineEnabled" Org="(4.809; 2.596; 0.737)" Damping="0.9995" Mesh="trucks/arrows/azov_4220_antarctic_arrow_01" OutputAngles="(-85;10)">

                                                  </Gauge>
                                                  <Gauge InputRange="(0;1)" Dir="(-0.952; 0.305; 0)" InputType="engineEnabled" Org="(4.791; 2.539; 0.737)" Damping="0.9" Mesh="trucks/arrows/azov_4220_antarctic_arrow_01" OutputAngles="(-70;35)">

                                                  </Gauge>
                                                  <Gauge InputRange="(0;1)" Dir="(-0.952; 0.305; 0)" InputType="fuel" Org="(4.809; 2.596; 0.677)" Damping="0.9" Mesh="trucks/arrows/azov_4220_antarctic_arrow_01" OutputAngles="(-70;70)">

                                                  </Gauge>
                                                  <Gauge InputRange="(0;1)" Dir="(-0.952; 0.305; 0)" InputType="engineEnabled" Org="(4.791; 2.539; 0.677)" Damping="0.9" Mesh="trucks/arrows/azov_4220_antarctic_arrow_01" OutputAngles="(-70;-10)">

                                                  </Gauge>
                                                  <Gauge InputRange="(0;160)" Dir="(-0.952; 0.305; 0)" InputType="speed" Org="(4.814; 2.607; 0.581)" Damping="0.9" Mesh="trucks/arrows/azov_4220_antarctic_arrow_02" OutputAngles="(-130;130)">

                                                  </Gauge>
                            </Dashboard>
                            <Axles>
                                                    <Axle Frame="BoneAxle1">

                                                    </Axle>
                                                    <Axle Frame="BoneAxle2">

                                                    </Axle>
                                                    <Axle Frame="BoneAxle3">

                                                    </Axle>
                            </Axles>
                            <Camera Center="(-1.5; 0; 0)" RadiusMultiplier="1.1">
                                                    <Cockpit WindshieldDiffuseTexture="trucks/azov_4220_antarctic_glass__d_a.tga" _template="Default" WindshieldShadingTexture="trucks/azov_4220_antarctic_glass__sh_d.tga" ViewPos="(4.089; 3.024; 0.729)">
                                                        <Rear ViewPosOffset="(0.325; -0.1; 0.7)">

                                                        </Rear>
                                                            <Mirror FOVScale="1.9" ClipDir="(-0.935; -0; -0.354)" MeshFrame="mirror_left" Pos="(4.641; 2.979; 1.394)" ReflectionDir="(-0.935; -0; -0.354)" Size="(0.2; 0.404)" ClipOffset="0.1">

                                                            </Mirror>
                                                            <Mirror FOVScale="2.4" ClipDir="(-0.816; -0.032; 0.578)" MeshFrame="mirror_right" Pos="(4.651; 2.978; -1.378)" ReflectionDir="(-0.816; -0.032; 0.578)" Size="(0.189; 0.404)" ClipOffset="0.1">

                                                            </Mirror>
                                                            <Mirror FOVScale="2" ClipDir="(-0.148; -0.55; 0.822)" MeshFrame="mirror_right_1" Pos="(5.176; 3.156; -0.985)" ReflectionDir="(-0.148; -0.55; 0.822)" Size="(0.145; 0.198)" ClipOffset="0.1">

                                                            </Mirror>
                                                            <Mirror FOVScale="2" ClipDir="(0.005; -0.8; 0.6)" MeshFrame="mirror_right_2" Pos="(4.218; 3.085; -1.161)" ReflectionDir="(0.005; -0.8; 0.6)" Size="(0.194; 0.15)" ClipOffset="0.1">

                                                            </Mirror>
                                                    </Cockpit>
                            </Camera>
                            <CompatibleWheels Type="wheels_superheavy_single" Scale=".9">

                            </CompatibleWheels>
                            <SoundsDamage _template="Heavy">

                            </SoundsDamage>
                            <Sounds _template="Default" MinDist="15.0" Origin="(3.8; 1.85; 0)" DisableReversePitch="true">
                                                            <Reverse _inheritRemove="true">

                                                            </Reverse>
                                                            <Reverse Sound="trucks/cat_ct680/cat_ct680_back_beeper">

                                                            </Reverse>
                                                          <EngineTrans Sound="trucks/azov_4220_antarctic/azov_4220_antarctic_turbo">

                                                          </EngineTrans>
                                                          <EngineLow Sound="trucks/azov_4220_antarctic/azov_4220_antarctic_low">

                                                          </EngineLow>
                                                          <EngineHigh Sound="trucks/azov_4220_antarctic/azov_4220_antarctic_high">

                                                          </EngineHigh>
                                                          <HandbrakeOff Sound="trucks/chevrolet_kodiakc70/chevrolet_kodiakc70_handbrake_off">

                                                          </HandbrakeOff>
                                                          <AbruptStop Sound="trucks/common/truck_swing_big_rnd_set/truck_swing_big_rnd">

                                                          </AbruptStop>
                                                          <EngineRev Sound="trucks/azov_4220_antarctic/azov_4220_antarctic_rev">

                                                          </EngineRev>
                                                          <EngineHeavy_2d IsSound2D="true" Sound="trucks/azov_4220_antarctic/azov_4220_antarctic_heavy_2d">

                                                          </EngineHeavy_2d>
                                                          <EngineHeavy Sound="trucks/azov_4220_antarctic/azov_4220_antarctic_heavy">

                                                          </EngineHeavy>
                                                          <EngineHigh_2d IsSound2D="true" Sound="trucks/azov_4220_antarctic/azov_4220_antarctic_high_2d">

                                                          </EngineHigh_2d>
                                                          <EngineLow_2d IsSound2D="true" Sound="trucks/azov_4220_antarctic/azov_4220_antarctic_low_2d">

                                                          </EngineLow_2d>
                                                          <EngineIdle_2d IsSound2D="true" Sound="trucks/azov_4220_antarctic/azov_4220_antarctic_idle_2d">

                                                          </EngineIdle_2d>
                                                          <EngineStart Sound="trucks/azov_4220_antarctic/azov_4220_antarctic_start">

                                                          </EngineStart>
                                                          <Handbrake Sound="trucks/chevrolet_kodiakc70/chevrolet_kodiakc70_handbrake_on">

                                                          </Handbrake>
                                                          <Honk Sound="trucks/azov_4220_antarctic/azov_4220_antarctic_honk">

                                                          </Honk>
                                                          <EngineIdle Sound="trucks/azov_4220_antarctic/azov_4220_antarctic_idle">

                                                          </EngineIdle>
                                                          <BrakesSqueal Sound="trucks/azov_4220_antarctic/azov_4220_antarctic_brakes_squeal">

                                                          </BrakesSqueal>
                                                          <EngineStop Sound="trucks/azov_4220_antarctic/azov_4220_antarctic_stop">

                                                          </EngineStop>
                                                          <BrakeRelease Sound="trucks/cat_ct680/cat_ct680_brake_release">

                                                          </BrakeRelease>
                                                          <EngineAccel Sound="trucks/azov_4220_antarctic/azov_4220_antarctic_acc">

                                                          </EngineAccel>
                            </Sounds>
                            <GearboxSocket Type="gearboxes_special" Default="g_special_default">

                            </GearboxSocket>
                                                            <Steam Origin="(2.7; 1.53; 0)">

                                                            </Steam>
                                                            <Steam Origin="(1.317; 1.74; 0)" Scale="0.5">

                                                            </Steam>
                            <Wheels DefaultWheelType="wheels_superheavy_single" DefaultTire="mudtires_1" DefaultRim="rim_1">
                                                                  <Wheel Pos="(2.557; 0.955; 0.92)" _template="FrontWheel">

                                                                  </Wheel>
                                                                  <Wheel RightSide="true" Pos="(2.557; 0.955; 0.92)" _template="FrontWheel">

                                                                  </Wheel>
                                                                  <Wheel Pos="(-1.41; 0.955; 0.92)" _template="RearWheel">

                                                                  </Wheel>
                                                                  <Wheel RightSide="true" Pos="(-1.41; 0.955; 0.92)" _template="RearWheel">

                                                                  </Wheel>
                                                                  <Wheel Pos="(-3.693; 0.955; 0.92)" _template="RearWheel">

                                                                  </Wheel>
                                                                  <Wheel RightSide="true" Pos="(-3.693; 0.955; 0.92)" _template="RearWheel">

                                                                  </Wheel>
                            </Wheels>
                            <WinchUpgradeSocket Type="winches_heavy_trucks" Default="w_heavy_trucks_default" IsUpgradable="true">

                            </WinchUpgradeSocket>
                            <Shafts>
                                                                      <Shaft SocketPointA="Shaft1a" SocketPointB="Shaft1b">

                                                                      </Shaft>
                                                                      <Shaft SocketPointA="Shaft2a" SocketPointB="Shaft2b">

                                                                      </Shaft>
                                                                      <Shaft SocketPointA="Shaft3a" SocketPointB="Shaft3b">

                                                                      </Shaft>
                            </Shafts>
                            <SteeringWheel Frame="BoneSteering">

                            </SteeringWheel>
                            <SoundsWheels _template="Default">

                            </SoundsWheels>
                            <Damage>
                                                                            <DamageArea Min="(3.234; 1.057; -0.6)" ParentFrame="BoneFront_cdt" Max="(5.55; 2.564; 0.6)" Type="Engine">

                                                                            </DamageArea>
                                                                            <DamageArea Min="(-0.4; 0.65; -1.25)" ParentFrame="BoneFront_cdt" Max="(1.2; 1.5; 1.25)" Type="FuelTank">

                                                                            </DamageArea>
                            </Damage>
                                                                          <LimitedFluid SizeX="1.089" ParentFrame="BoneBack_cdt" Center="(0.222; 1.105; 0.859)" Type="Box" SizeZ="0.705" SizeY="0.693">

                                                                          </LimitedFluid>
                                                                          <LimitedFluid SizeX="1.089" ParentFrame="BoneBack_cdt" Center="(0.222; 1.105; -0.859)" Type="Box" SizeZ="0.705" SizeY="0.693">

                                                                          </LimitedFluid>
        </TruckData>
  </Truck>