  <_templates Include="trucks">
      <Wheel>
          <RearWheel Location="rear" ConnectedToHandbrake="true" Torque="default">

          </RearWheel>
          <FrontWheel ParentFrame="BoneCabin_cdt" SteeringAngle="40" Location="front" SteeringJointOffset="0.23" Torque="connectable" SteeringCastor="8">

          </FrontWheel>
      </Wheel>
      <Body>
            <SideMirror Mass="5" Collisions="None">
                <Constraint Type="Hinge" MaxLimit="15" AxisLocal="(0; 1; 0)" MinLimit="-15">
                    <Motor Spring="250" Damping="1" Type="Spring">

                    </Motor>
                </Constraint>
            </SideMirror>
            <Antenna Mass="2" Collisions="None">
                  <Constraint Type="Ragdoll" PlaneMin="-20" PlaneMax="20" TwistAxisLocal="(0; 1; 0)" Cone="20" PlaneAxisLocal="(0; 0; 1)">
                      <ConeMotor Spring="260" Damping="4" Type="Spring">

                      </ConeMotor>
                      <PlaneMotor Spring="260" Damping="4" Type="Spring">

                      </PlaneMotor>
                  </Constraint>
            </Antenna>
            <Sunshield Mass="1" Collisions="None">
                    <Constraint Type="Hinge" MaxLimit="6" AxisLocal="(0; 0; 1)" MinLimit="-1">
                        <Motor Spring="25" Damping="0.3" Type="Spring">

                        </Motor>
                    </Constraint>
            </Sunshield>
      </Body>
      <Socket>
              <Cabin2Chassis Offset="(0; 0; 0)" ParentFrame="BoneCabin_cdt">
                  <ExtraParent Frame="BoneChassis_cdt">

                  </ExtraParent>
              </Cabin2Chassis>
      </Socket>
  </_templates>
  <Truck>
        <HeadLight Pos="(4.21; 0.864; 0)" ParentFrame="BoneCabin_cdt" _template="Default">

        </HeadLight>
        <GameData UnlockByExploration="false" Price="37000" UnlockByRank="12" Country="US">
              <CustomizationCameras>
                    <CameraPos Name="roof_sticker" InterestPosition="(3.63; 0.822; -0.748)" Position="(6.465; 5.411; -0.069)" Interior="true" FOV="32.0">

                    </CameraPos>
                    <CameraPos Name="sticker_1" InterestPosition="(6.729; 3.579; 2.355)" Position="(4.572; 2.562; -0.383)" Interior="true" FOV="32.0">

                    </CameraPos>
                    <CameraPos MaxYRotation="360" MaxZoom="2" Name="addon_1" InterestPosition="(0.668; 1.692; -0)" Position="(-7.814; 4.490; 6.111)" MaxXRotation="360" FOV="32.0">

                    </CameraPos>
                    <CameraPos MaxYRotation="360" MaxZoom="2" Name="addon_2" InterestPosition="(3.256; 0.568; 0)" Position="(0.074; 2.468; -3.573)" MaxXRotation="360" FOV="32.0">

                    </CameraPos>
                    <CameraPos Name="mirror_mount" InterestPosition="(6.729; 2.216; 1.86)" Position="(4.107; 2.784; -0.516)" Interior="true" FOV="32.0">

                    </CameraPos>
                    <CameraPos MaxYRotation="360" MaxZoom="2" Name="side_r" InterestPosition="(4.764; 1.97; -0)" Position="(-0.226; 4.969; -4.508)" MaxXRotation="360" FOV="32.0">

                    </CameraPos>
                    <CameraPos Name="sticker" InterestPosition="(6.729; 1.034; 2.167)" Position="(4.652; 2.554; 0.291)" Interior="true" FOV="32.0">

                    </CameraPos>
                    <CameraPos Name="glass_sticker" InterestPosition="(4.737; 2.53; -0.951)" Position="(8.594; 3.366; 0.88)" Interior="true" FOV="32.0">

                    </CameraPos>
                    <CameraPos Name="door_r_sticker" InterestPosition="(6.469; 1.332; 0.658)" Position="(3.509; 2.283; 2.822)" Interior="true" FOV="32.0">

                    </CameraPos>
                    <CameraPos MaxYRotation="360" MaxZoom="2" Name="roof" InterestPosition="(4.758; 2.358; -0)" Position="(10.787; 4.806; -3.717)" MaxXRotation="360" FOV="32.0">

                    </CameraPos>
                    <CameraPos Name="capote_sticker" InterestPosition="(5.637; 0.335; -0.48)" Position="(8.629; 4.945; -0.557)" Interior="true" FOV="32.0">

                    </CameraPos>
                    <CameraPos MaxYRotation="360" MaxZoom="2" Name="hoods" InterestPosition="(5.997; 1.735; 0)" Position="(13.57; 1.44; -3.425)" MaxXRotation="360" FOV="32.0">

                    </CameraPos>
                    <CameraPos Name="sticker_2" InterestPosition="(4.127; 3.355; 2.167)" Position="(4.563; 2.489; 0.099)" Interior="true" FOV="32.0">

                    </CameraPos>
                    <CameraPos MaxYRotation="360" MaxZoom="2" Name="side_l" InterestPosition="(6.27; 2.278; 0)" Position="(11.866; 5.284; -4.55)" MaxXRotation="360" FOV="32.0">

                    </CameraPos>
                    <CameraPos Name="bubble_head" InterestPosition="(6.729; 1.422; 1.86)" Position="(4.578; 2.619; -0.367)" Interior="true" FOV="32.0">

                    </CameraPos>
                    <CameraPos MaxYRotation="360" MaxZoom="2" Name="wheels" InterestPosition="(3.772; 1.133; -0)" Position="(-4.489; 2.217; -6.255)" MaxXRotation="360" FOV="32.0">

                    </CameraPos>
                    <CameraPos MaxYRotation="360" MaxZoom="2" Name="default" InterestPosition="(5.997; 1.735; 0)" Position="(13.57; 1.44; -3.425)" MaxXRotation="360" FOV="32.0">

                    </CameraPos>
                    <CameraPos MaxYRotation="360" MaxZoom="2" Name="rear" InterestPosition="(0.479; 0.992; -0)" Position="(-5.767; 1.805; 2.899)" MaxXRotation="360" FOV="32.0">

                    </CameraPos>
                    <CameraPos Name="door_l_sticker" InterestPosition="(4.847; 1.378; 0.294)" Position="(3.577; 2.298; -2.785)" Interior="true" FOV="32.0">

                    </CameraPos>
                    <CameraPos Name="hood_ornament" InterestPosition="(7.613; 2.186; -1.231)" Position="(9.338; 2.582; -1.231)" Interior="true" FOV="32.0">

                    </CameraPos>
                    <CameraPos Name="curtain" InterestPosition="(6.729; 3.579; 2.355)" Position="(4.572; 2.562; -0.383)" Interior="true" FOV="32.0">

                    </CameraPos>
              </CustomizationCameras>
              <UiDesc UiName="UI_VEHICLE_CAT_CT680_NAME" UiDesc="UI_VEHICLE_CAT_CT680_DESC" UiIconLogo="CatterpillarLogo80" UiIcon40x40="heavyDutyVehicleImg" UiIcon30x30="heavyDutyVehicleImg30" UiIcon328x458="shopImgCaterpillarCT680">

              </UiDesc>
                    <AddonSockets>
                      <Socket Offset="(0; 0; 0)" Names="CatCt680SpareWheel" ParentFrame="BoneChassis_cdt">
                          <ExtraParent Frame="BoneCabin_cdt">

                          </ExtraParent>
                      </Socket>
                    </AddonSockets>
                    <AddonSockets>
                        <Socket Offset="(-3; 1.579; 0)" Names="Semitrailer, SemitrailerOiltank">

                        </Socket>
                        <Socket Offset="(-2.2; 1.55; 0)" Names="LargeSemitrailer, LargeSemitrailerOiltank">

                        </Socket>
                        <Socket Offset="(-4.51; 0.639; 0)" Names="Trailer">
                            <AddonsShift Offset="(0; 0; 0)" Types="MinicraneUS, FrameAddon" TrailerNamesBlock="Trailer">

                            </AddonsShift>
                            <AddonsShift Offset="(0; 0; 0)" Types="Cat680CabinProtector, FrameAddon" TrailerNamesBlock="Trailer">

                            </AddonsShift>
                        </Socket>
                    </AddonSockets>
                    <AddonSockets>
                        <Socket Offset="(-5.046; 1.074; 0)" Names="BunkLog">

                        </Socket>
                        <Socket Offset="(-1.836; 1.067; 0)" Names="FrameAddonLogShort" NamesBlock="MinicraneUS, MetalDetector, Cat680CabinProtector">

                        </Socket>
                        <Socket Offset="(-1.836; 1.067; 0)" Names="FrameAddonLogMedium" NamesBlock="MinicraneUS, MetalDetector, Cat680CabinProtector, Trailer">

                        </Socket>
                        <Socket Offset="(-3; 1.067; 0)" Names="SaddleLow1" ParentFrame="BoneChassis_cdt">
                            <ExtraParent Offset="(0; 0; 0.07)" Frame="BoneChassis_cdt">

                            </ExtraParent>
                            <ExtraParent Offset="(0; 0; -0.07)" Frame="BoneChassis_cdt">

                            </ExtraParent>
                        </Socket>
                        <Socket Offset="(-2.2; 1.067; 0)" Names="SaddleHigh" ParentFrame="BoneChassis_cdt">
                            <ExtraParent Offset="(0; 0; 0.07)" Frame="BoneChassis_cdt">

                            </ExtraParent>
                            <ExtraParent Offset="(0; 0; -0.07)" Frame="BoneChassis_cdt">

                            </ExtraParent>
                        </Socket>
                        <Socket ParentFrame="BoneChassis_cdt" Offset="(-1.35; 1.14; 0)" Names="FrameAddonTowPlatform" NamesBlock="MinicraneUS, MetalDetector, Trailer, Cat680CabinProtector">
                            <ExtraParent Offset="(0; 0; 0.075)" Frame="BoneChassis_cdt">

                            </ExtraParent>
                            <ExtraParent Offset="(0; 0; -0.075)" Frame="BoneChassis_cdt">

                            </ExtraParent>
                        </Socket>
                        <Socket Offset="(-2; 1.115; 0)" Names="FrameAddon" ParentFrame="BoneChassis_cdt">
                            <AddonsShift Offset="(-1; 0; 0)" Types="MinicraneUS">

                            </AddonsShift>
                            <AddonsShift Offset="(-0.5; 0; 0)" Types="Cat680CabinProtector">

                            </AddonsShift>
                              <ExtraParent Offset="(0; -0.05; 0)" Frame="BoneChassis_cdt">

                              </ExtraParent>
                              <ExtraParent Offset="(0; -0.05; 0)" Frame="BoneChassis_cdt">

                              </ExtraParent>
                        </Socket>
                        <Socket Offset="(-2.5; 1.15; 0)" Names="FrameAddonKung" ParentFrame="BoneChassis_cdt">
                          <AddonsShift Offset="(-0.15; 0; 0)" Types="Cat680CabinProtector">

                          </AddonsShift>
                              <ExtraParent Offset="(0; 0; -0.1)" Frame="BoneChassis_cdt">

                              </ExtraParent>
                              <ExtraParent Offset="(0; 0; 0.1)" Frame="BoneChassis_cdt">

                              </ExtraParent>
                        </Socket>
                        <Socket Offset="(-2.8; 1.065; 0)" Names="FrameAddonTank" ParentFrame="BoneChassis_cdt">
                          <AddonsShift Offset="(-0.6; 0; 0)" Types="Cat680CabinProtector">

                          </AddonsShift>
                        </Socket>
                        <Socket Offset="(-2.6; 1.165; 0)" Names="BigCraneUs" NamesBlock="MinicraneUS, Cat680CabinProtector">
                            <ExtraParent Offset="(0; -0.1; 0)" Frame="BoneChassis_cdt">

                            </ExtraParent>
                            <ExtraParent Offset="(0; -0.1; 0)" Frame="BoneChassis_cdt">

                            </ExtraParent>
                        </Socket>
                        <Socket Offset="(-0.124; 1.074; 0)" Names="LogLift" NamesBlock="MinicraneUS">

                        </Socket>
                        <Socket Offset="(-2.5; 0.03; 0)" Names="FrameAddonMaintainer" NamesBlock="MinicraneUS, Cat680CabinProtector, Trailer">

                        </Socket>
                    </AddonSockets>
                    <AddonSockets>
                        <Socket Offset="(0; -0.2; 0)" Names="UsLoadLogsShort">

                        </Socket>
                        <Socket Offset="(0; -0.2; 0)" Names="UsLoadLogsShortLoaderA">

                        </Socket>
                    </AddonSockets>
                    <AddonSockets>
                        <Socket ParentFrame="BoneChassis_cdt" Offset="(-1.23; 0.012; 0)" Names="MetalDetector" NamesBlock="LogLift, BunkLog, FrameAddonKung, FrameAddonTank, FrameAddonMaintainer, FrameAddon, SaddleHigh, BigCraneUs, BigCraneRu, CatCt680SpareWheel">

                        </Socket>
                        <Socket Offset="(-0.06; 1.07; 0)" Names="MinicraneUS" NamesBlock="BunkLog, FrameAddonKung, FrameAddonTank, Cat680CabinProtector">
                            <ExtraParent Offset="(0; 0; 0.05)" Frame="BoneChassis_cdt">

                            </ExtraParent>
                            <ExtraParent Offset="(0; 0; -0.05)" Frame="BoneChassis_cdt">

                            </ExtraParent>
                        </Socket>
                    </AddonSockets>
                    <AddonSockets DefaultAddon="cat_ct680_bumper_default">
                      <Socket Offset="(0; 0; 0)" Names="Cat680Bumper" ParentFrame="BoneCabin_cdt">

                      </Socket>
                    </AddonSockets>
                    <AddonSockets DefaultAddon="cat_ct680_exhaust_default">
                      <Socket Offset="(0; 0; 0)" Names="Cat680Exhaust" ParentFrame="BoneChassis_cdt">
                          <ExtraParent Frame="BoneCabin_cdt">

                          </ExtraParent>
                      </Socket>
                    </AddonSockets>
                    <AddonSockets DefaultAddon="cat_ct680_fender_default">
                      <Socket Offset="(0; 0; 0)" Names="Cat680Fender" ParentFrame="BoneChassis_cdt">
                          <ExtraParent Frame="BoneCabin_cdt">

                          </ExtraParent>
                      </Socket>
                    </AddonSockets>
                    <AddonSockets>
                      <Socket Names="Cat680CabinProtector" _template="Cabin2Chassis">

                      </Socket>
                    </AddonSockets>
                    <AddonSockets DefaultAddon="cat_ct680_horn_1">
                        <Socket ParentFrame="BoneChassis_cdt" Offset="(0; 0; 0)" Names="Cat680Spotlight" NamesBlock="Cat680Beacon">
                          <ExtraParent Frame="BoneCabin_cdt">

                          </ExtraParent>
                        </Socket>
                        <Socket Offset="(0; 0; 0)" Names="Cat680Horn" ParentFrame="BoneChassis_cdt">
                          <ExtraParent Frame="BoneCabin_cdt">

                          </ExtraParent>
                        </Socket>
                    </AddonSockets>
                    <AddonSockets>
                      <Socket Offset="(0; 0; 0)" Names="Cat680Gabarite" ParentFrame="BoneChassis_cdt">
                          <ExtraParent Frame="BoneCabin_cdt">

                          </ExtraParent>
                      </Socket>
                    </AddonSockets>
                    <AddonSockets>
                      <Socket Offset="(0; 0; 0)" Names="Cat680Beacon" ParentFrame="BoneChassis_cdt">
                          <ExtraParent Frame="BoneCabin_cdt">

                          </ExtraParent>
                      </Socket>
                    </AddonSockets>
                    <AddonSockets DefaultAddon="cat_ct680_visor_1">
                      <Socket Offset="(0; 0; 0)" Names="Cat680Visor" ParentFrame="BoneChassis_cdt">
                          <ExtraParent Frame="BoneCabin_cdt">

                          </ExtraParent>
                      </Socket>
                    </AddonSockets>
                    <AddonSockets DefaultAddon="cat_ct680_air_filter_default">
                      <Socket Offset="(0; 0; 0)" Names="Cat680AirFilter" ParentFrame="BoneChassis_cdt">
                          <ExtraParent Frame="BoneCabin_cdt">

                          </ExtraParent>
                      </Socket>
                    </AddonSockets>
                    <AddonSockets DefaultAddon="cat_ct680_transferbox_default">
                      <Socket Offset="(0; 0; 0)" Names="CatCt680TransferBox" ParentFrame="BoneCabin_cdt">
                            <ExtraParent Frame="BoneChassis_cdt">

                            </ExtraParent>
                            <ExtraParent Frame="BoneAxleFront">

                            </ExtraParent>
                      </Socket>
                    </AddonSockets>
                    <AddonSockets DefaultAddon="cat_ct680_diff_lock_default">
                      <Socket Names="CatCt680DiffLock">

                      </Socket>
                    </AddonSockets>
                    <AddonSockets>
                      <Socket ParentFrame="BoneCabin_cdt" Offset="(1.912; 2.173; -0.093)" Names="StuffDashboard" InCockpit="true">
                          <ExtraParent Frame="BoneChassis_cdt">

                          </ExtraParent>
                      </Socket>
                    </AddonSockets>
                    <AddonSockets>
                      <Socket ParentFrame="BoneCabin_cdt" Names="catCt680Sticker_1x1_01" InCockpit="true">
                          <ExtraParent Frame="BoneChassis_cdt">

                          </ExtraParent>
                      </Socket>
                    </AddonSockets>
                    <AddonSockets>
                      <Socket ParentFrame="BoneCabin_cdt" Names="catCt680Sticker_1x1_02" InCockpit="true">
                          <ExtraParent Frame="BoneChassis_cdt">

                          </ExtraParent>
                      </Socket>
                    </AddonSockets>
                    <AddonSockets>
                      <Socket ParentFrame="BoneCabin_cdt" Names="catCt680Sticker_1x1_03" InCockpit="true">
                          <ExtraParent Frame="BoneChassis_cdt">

                          </ExtraParent>
                      </Socket>
                    </AddonSockets>
                    <AddonSockets>
                      <Socket ParentFrame="BoneCabin_cdt" Names="catCt680Sticker_1x2_01" InCockpit="true">
                          <ExtraParent Frame="BoneChassis_cdt">

                          </ExtraParent>
                      </Socket>
                    </AddonSockets>
                    <AddonSockets>
                      <Socket ParentFrame="BoneCabin_cdt" Names="catCt680Sticker_1x2_02" InCockpit="true">
                          <ExtraParent Frame="BoneChassis_cdt">

                          </ExtraParent>
                      </Socket>
                    </AddonSockets>
                    <AddonSockets>
                      <Socket ParentFrame="BoneCabin_cdt" Names="catCt680Sticker_1x4_01" InCockpit="true">
                          <ExtraParent Frame="BoneChassis_cdt">

                          </ExtraParent>
                      </Socket>
                    </AddonSockets>
                    <AddonSockets>
                      <Socket ParentFrame="BoneCabin_cdt" Names="catCt680Sticker_GlassTop" InCockpit="true">
                          <ExtraParent Frame="BoneChassis_cdt">

                          </ExtraParent>
                      </Socket>
                    </AddonSockets>
                    <AddonSockets>
                      <Socket ParentFrame="BoneCabin_cdt" Names="catCt680Sticker_GlassBottom" InCockpit="true">
                          <ExtraParent Frame="BoneChassis_cdt">

                          </ExtraParent>
                      </Socket>
                    </AddonSockets>
                    <AddonSockets>
                      <Socket Names="catCt680Sticker_Door_L" ParentFrame="BoneCabin_cdt">
                          <ExtraParent Frame="BoneChassis_cdt">

                          </ExtraParent>
                      </Socket>
                    </AddonSockets>
                    <AddonSockets>
                      <Socket Names="catCt680Sticker_Door_R" ParentFrame="BoneCabin_cdt">
                          <ExtraParent Frame="BoneChassis_cdt">

                          </ExtraParent>
                      </Socket>
                    </AddonSockets>
                    <AddonSockets>
                      <Socket Names="catCt680Sticker_Roof" ParentFrame="BoneCabin_cdt">
                          <ExtraParent Frame="BoneChassis_cdt">

                          </ExtraParent>
                      </Socket>
                    </AddonSockets>
                    <AddonSockets>
                      <Socket Names="catCt680Sticker_Capote" ParentFrame="BoneCabin_cdt">
                          <ExtraParent Frame="BoneChassis_cdt">

                          </ExtraParent>
                      </Socket>
                    </AddonSockets>
                    <AddonSockets>
                      <Socket ParentFrame="BoneCabin_cdt" Offset="(1.587; 2.758; 0.073)" Names="StuffAirfreshener" InCockpit="true">
                          <ExtraParent Frame="BoneChassis_cdt">

                          </ExtraParent>
                      </Socket>
                    </AddonSockets>
                    <AddonSockets>
                      <Socket Names="StuffHoodCat680" _template="Cabin2Chassis">

                      </Socket>
                    </AddonSockets>
                    <AddonSockets>
                      <Socket InCockpit="true" Names="StuffCurtainCatCt680" _template="Cabin2Chassis">

                      </Socket>
                    </AddonSockets>
                      <CraneSocket Pos="(3.881; 0.834; -0.322)" ParentFrame="BoneCabin_cdt">

                      </CraneSocket>
                      <CraneSocket Pos="(3.881; 0.834; 0.322)" ParentFrame="BoneCabin_cdt">

                      </CraneSocket>
                      <CraneSocket Pos="(-1.277; 1.027; -0.437)">

                      </CraneSocket>
                      <CraneSocket Pos="(-0.543; 1.027; 0.436)">

                      </CraneSocket>
                      <CraneSocket Pos="(-4.468; 0.646; 0.005)">

                      </CraneSocket>
                        <WinchSocket Pos="(3.881; 0.834; -0.322)" ParentFrame="BoneCabin_cdt">

                        </WinchSocket>
                        <WinchSocket Pos="(3.881; 0.834; 0.322)" ParentFrame="BoneCabin_cdt">

                        </WinchSocket>
                        <WinchSocket Pos="(-1.277; 1.027; -0.437)">

                        </WinchSocket>
                        <WinchSocket Pos="(-0.543; 1.027; 0.436)">

                        </WinchSocket>
                        <WinchSocket Pos="(-4.468; 0.646; 0.005)">

                        </WinchSocket>
        </GameData>
        <PhysicsModel Mesh="trucks/cat_ct680">
                <Body CenterOfMassOffset="(0.8; 0; 0)" NetSync="pv" Mass="4000" ImpactType="Truck">
                      <Body NetSync="pv" ModelFrame="BoneCabin_cdt" Mass="1200" ImpactType="Truck">
                        <Constraint Type="Hinge" MaxLimit="22" AxisLocal="(1; 0; 0)" MinLimit="-22" PivotOffset="(0; 0; 0)">
                            <Motor Spring="420000" Damping="29000" Type="Spring">

                            </Motor>
                        </Constraint>
                            <Body ModelFrame="BoneTieRod_cdt" _template="TieRod">
                              <Constraint MaxLimit="38" AxisLocal="(0; 0; 1)" MinLimit="-38" Name="TieRodSteer">

                              </Constraint>
                            </Body>
                            <Body ModelFrame="BoneRadio_cdt" Mass="1" Collisions="None">
                              <Constraint Type="Hinge" MaxLimit="13" AxisLocal="(0; 0; 1)" MinLimit="-13">
                                  <Motor Spring=".5" Damping="0.02" Type="Spring">

                                  </Motor>
                              </Constraint>
                            </Body>
                            <Body ModelFrame="BoneRadioWire_cdt" Mass="1" Collisions="None">
                              <Constraint Type="Hinge" MaxLimit="13" AxisLocal="(1; 0; 0)" MinLimit="-13">
                                  <Motor Spring=".01" Damping="0.02" Type="Spring">

                                  </Motor>
                              </Constraint>
                            </Body>
                            <Body ModelFrame="BoneBelt_cdt" Mass="1" Collisions="None">
                              <Constraint Type="Hinge" MaxLimit="4" AxisLocal="(0; 0; 1)" MinLimit="-4">
                                  <Motor Spring="10" Damping="1" Type="Spring">

                                  </Motor>
                              </Constraint>
                            </Body>
                            <Body ModelFrame="BoneSunshieldL_cdt" _template="Sunshield">

                            </Body>
                            <Body ModelFrame="BoneSunshieldR_cdt" AngularDamping=".3" _template="Sunshield">

                            </Body>
                            <Body ModelFrame="BoneMirrorLeft_cdt" _template="SideMirror">
                              <Body ModelFrame="BoneAntennaLeft_cdt" _template="Antenna">

                              </Body>
                            </Body>
                            <Body ModelFrame="BoneMirrorRight_cdt" _template="SideMirror">
                              <Body ModelFrame="BoneAntennaRight_cdt" _template="Antenna">

                              </Body>
                            </Body>
                            <Body Mass="5" ModelFrame="BoneSeat_cdt">
                              <Constraint Type="Prismatic" MaxLimit="0.1" AxisLocal="(0; 1; 0)" MinLimit="-0.2">
                                  <Motor Spring="2000" Damping="100" Type="Spring">

                                  </Motor>
                              </Constraint>
                            </Body>
                      </Body>
                      <Body ModelFrame="BoneSuspensionRockerLeft_cdt" CenterOfMassOffset="(0; 0; 0)" Mass="1000" ImpactType="Truck" Collisions="None">
                        <Constraint Type="Hinge" MaxLimit="5" AxisLocal="(0; 0; 1)" MinLimit="-5" PivotOffset="(0; 0; 0)">
                            <Motor Spring="100000" Damping="50" Type="Spring">

                            </Motor>
                        </Constraint>
                      </Body>
                      <Body ModelFrame="BoneSuspensionRockerRight_cdt" CenterOfMassOffset="(0; 0; 0)" Mass="1000" ImpactType="Truck" Collisions="None">
                        <Constraint Type="Hinge" MaxLimit="5" AxisLocal="(0; 0; 1)" MinLimit="-5" PivotOffset="(0; 0; 0)">
                            <Motor Spring="100000" Damping="50" Type="Spring">

                            </Motor>
                        </Constraint>
                      </Body>
                </Body>
                <NetSync Legacy="false">

                </NetSync>
        </PhysicsModel>
        <ControlledConstraints>
                  <Constraint IsLinkedSteering="true" Id="chassis_steer" Name="TieRodSteer">

                  </Constraint>
        </ControlledConstraints>
        <ModelAttachments>
                    <HeadLight>
                          <Flare Pos="(3.759; 1.169; -0.944)" _template="HeadLight" Color="g(255; 235; 205) x 0.6" Size=".25" ParentFrame="BoneCabin_cdt">

                          </Flare>
                          <Flare Pos="(3.759; 1.169; 0.944)" _template="HeadLight" Color="g(255; 235; 205) x 0.6" Size=".25" ParentFrame="BoneCabin_cdt">

                          </Flare>
                          <Flare Pos="(3.759; 1.169; -0.944)" ParentFrame="BoneCabin_cdt" _template="BlueStreak">

                          </Flare>
                          <Flare Pos="(3.759; 1.169; 0.944)" ParentFrame="BoneCabin_cdt" _template="BlueStreak">

                          </Flare>
                            <Model Org="(3.759; 1.169; 0.944)" ParentFrame="BoneCabin_cdt" _template="HeadLightRay">

                            </Model>
                            <Model Org="(3.759; 1.169; -0.944)" ParentFrame="BoneCabin_cdt" _template="HeadLightRay">

                            </Model>
                    </HeadLight>
                    <StopSignals>
                          <Light Pos="(-4.572; 0.54; 0)" _template="StopSignal">

                          </Light>
                              <Flare Pos="(-4.377; 0.614; -0.344)" _template="StopSignal">

                              </Flare>
                              <Flare Pos="(-4.377; 0.614; 0.344)" _template="StopSignal">

                              </Flare>
                    </StopSignals>
                    <Ignition>
                              <Light Pos="(4.444; 0.753; 0.7)" ParentFrame="BoneCabin_cdt" _template="IgnitionSignalWhite">

                              </Light>
                              <Light Pos="(4.444; 0.753; -0.7)" ParentFrame="BoneCabin_cdt" _template="IgnitionSignalWhite">

                              </Light>
                              <Light Pos="(-4.8; 1.025; -0)" _template="IgnitionSignalRed">

                              </Light>
                                <Flare Pos="(3.759; 1.169; -0.944)" _template="IgnitionSignalWhite" Size=".20" ParentFrame="BoneCabin_cdt">

                                </Flare>
                                <Flare Pos="(3.759; 1.169; 0.944)" _template="IgnitionSignalWhite" Size=".20" ParentFrame="BoneCabin_cdt">

                                </Flare>
                                <Flare Pos="(3.804; 1.175; -0.824)" _template="IgnitionSignalWhite" Size=".20" ParentFrame="BoneCabin_cdt">

                                </Flare>
                                <Flare Pos="(3.804; 1.175; 0.824)" _template="IgnitionSignalWhite" Size=".20" ParentFrame="BoneCabin_cdt">

                                </Flare>
                                <Flare Pos="(1.417; 1.197; -0.911)" ParentFrame="BoneCabin_cdt" _template="IgnitionSignalOrange">

                                </Flare>
                                <Flare Pos="(1.417; 1.197; 0.911)" ParentFrame="BoneCabin_cdt" _template="IgnitionSignalOrange">

                                </Flare>
                                <Flare Pos="(1.19; 1.197; -0.911)" ParentFrame="BoneCabin_cdt" _template="IgnitionSignalOrange">

                                </Flare>
                                <Flare Pos="(1.19; 1.197; 0.911)" ParentFrame="BoneCabin_cdt" _template="IgnitionSignalOrange">

                                </Flare>
                                <Flare Pos="(1.81; 2.52; 1.435)" ParentFrame="BoneMirrorLeft_cdt" _template="IgnitionSignalOrange">

                                </Flare>
                                <Flare Pos="(1.815; 2.463; 1.437)" ParentFrame="BoneMirrorLeft_cdt" _template="IgnitionSignalOrange">

                                </Flare>
                                <Flare Pos="(1.819; 2.399; 1.441)" ParentFrame="BoneMirrorLeft_cdt" _template="IgnitionSignalOrange">

                                </Flare>
                                <Flare Pos="(1.822; 2.343; 1.443)" ParentFrame="BoneMirrorLeft_cdt" _template="IgnitionSignalOrange">

                                </Flare>
                                <Flare Pos="(1.825; 2.283; 1.445)" ParentFrame="BoneMirrorLeft_cdt" _template="IgnitionSignalOrange">

                                </Flare>
                                <Flare Pos="(1.762; 2.516; -1.443)" ParentFrame="BoneMirrorRight_cdt" _template="IgnitionSignalOrange">

                                </Flare>
                                <Flare Pos="(1.766; 2.456; -1.446)" ParentFrame="BoneMirrorRight_cdt" _template="IgnitionSignalOrange">

                                </Flare>
                                <Flare Pos="(1.769; 2.396; -1.45)" ParentFrame="BoneMirrorRight_cdt" _template="IgnitionSignalOrange">

                                </Flare>
                                <Flare Pos="(1.773; 2.336; -1.452)" ParentFrame="BoneMirrorRight_cdt" _template="IgnitionSignalOrange">

                                </Flare>
                                <Flare Pos="(1.776; 2.279; -1.454)" ParentFrame="BoneMirrorRight_cdt" _template="IgnitionSignalOrange">

                                </Flare>
                                <Flare Pos="(3.685; 1.328; 1.201)" ParentFrame="BoneCabin_cdt" _template="IgnitionSignalOrange">

                                </Flare>
                                <Flare Pos="(3.685; 1.328; -1.201)" ParentFrame="BoneCabin_cdt" _template="IgnitionSignalOrange">

                                </Flare>
                                <Flare Pos="(-4.39; 0.616; -0.341)" _template="IgnitionSignalRed">

                                </Flare>
                                <Flare Pos="(-4.39; 0.616; 0.341)" _template="IgnitionSignalRed">

                                </Flare>
                    </Ignition>
                    <ReverseSignals>
                              <Light Pos="(-4.377; 0.614; -0.19)" _template="ReverseSignal">

                              </Light>
                                  <Flare Pos="(-4.377; 0.614; -0.19)" _template="ReverseSignal">

                                  </Flare>
                                  <Flare Pos="(-4.377; 0.614; -0.19)" Dir="(-1; 0; 0)" _template="BlueStreak" Color="g(220; 220; 255) x 0.05" Size="0.4">

                                  </Flare>
                    </ReverseSignals>
        </ModelAttachments>
        <Landmark MaxScale="3.8" Mesh="landmarks/cat_ct680_lmk" MinScale="1.8">

        </Landmark>
        <AutomaticIK>
                          <IKBone ParentFrame="BoneTieRod_cdt" ModelFrame="BoneTieRodHinge2">
                            <IKJoint Type="Hinge2" AxisLocal="(1; 0; 0)">

                            </IKJoint>
                            <IKBone AttachToFrame="BoneRackLeft" AttachOffset="(0; 0; 0)" ModelFrame="BoneTieRodPrismatic">
                                  <IKJoint Type="Slider" AxisLocal="(1; 0; 0)">

                                  </IKJoint>
                            </IKBone>
                          </IKBone>
                          <IKBone ParentFrame="BoneSuspensionRockerLeft_cdt" ModelFrame="BoneSuspensionAxle01">
                            <IKJoint Type="Hinge" AxisLocal="(1; 0; 0)">

                            </IKJoint>
                            <IKBone AttachToFrame="BoneSuspensionRockerRight_cdt" AttachOffset="(0; 0; 0)" ModelFrame="BoneSuspensionAxle01_end">
                                  <IKJoint Type="Slider" AxisLocal="(0; 0; 1)">

                                  </IKJoint>
                            </IKBone>
                          </IKBone>
                          <IKBone ParentFrame="BoneSuspensionRockerLeft_cdt" ModelFrame="BoneSuspensionAxle02">
                            <IKJoint Type="Hinge" AxisLocal="(1; 0; 0)">

                            </IKJoint>
                            <IKBone AttachToFrame="BoneSuspensionRockerRight_cdt" AttachOffset="(0; 0; 0)" ModelFrame="BoneSuspensionAxle02_end">
                                  <IKJoint Type="Slider" AxisLocal="(0; 0; 1)">

                                  </IKJoint>
                            </IKBone>
                          </IKBone>
        </AutomaticIK>
        <TruckData SteerSpeed="0.025" EngineStartDelay="0.8" EngineIconMesh="env/engine_default" TruckType="HEAVY_DUTY" Responsiveness="0.3" BackSteerSpeed="0.015" TruckImage="catct680mchr" FuelCapacity="280" DiffLockType="Installed" ExhaustStartTime="0.9" EngineIconScale="1.3">
                          <Driver Pos="(1.173; 1.825; 0.488)" ParentFrame="BoneSeat_cdt" SteeringWheelPos="(1.555; 2.153; 0.486)">

                          </Driver>
                          <SoundsDamage _template="Heavy">

                          </SoundsDamage>
                          <Shakers>
                                  <Shaker MaxFrequency="0.2" Frame="BoneGearStick" MaxAngle="(0; 2; 1)">

                                  </Shaker>
                          </Shakers>
                          <OcclusionMap HalfSizeZ="1.8" MinX="-4.762" MaxX="4.509">

                          </OcclusionMap>
                          <FuelTank DamageCapacity="50">

                          </FuelTank>
                          <Intake Size="1.2" Dir="(1; 0; 0)" Origin="(3.834; 1.479; 0)">

                          </Intake>
                          <EngineSocket Type="e_us_truck_modern, e_us_truck_modern_catroyal" Default="us_truck_modern_engine_cat_royal">

                          </EngineSocket>
                          <SuspensionSocket Type="s_cat_ct680" MaxWheelRadiusWithoutSuspension="0.55" Default="cat_ct680_suspension_default">

                          </SuspensionSocket>
                          <Dashboard>
                                                <Gauge InputRange="(0;1)" Dir="(-0.944; 0.33; 0)" InputType="engineEnabled" Org="(1.876; 2.126; 0.651)" Damping="0.9998" Mesh="trucks/arrows/cat_ct680_arrow_01" OutputAngles="(-110;30)">

                                                </Gauge>
                                                <Gauge InputRange="(0;1)" Dir="(-0.944; 0.33; 0)" InputType="engineEnabled" Org="(1.858; 2.075; 0.651)" Damping="0.9994" Mesh="trucks/arrows/cat_ct680_arrow_01" OutputAngles="(-110;50)">

                                                </Gauge>
                                                <Gauge InputRange="(0;1)" Dir="(-0.944; 0.33; 0)" InputType="engineEnabled" Org="(1.886; 2.155; 0.6)" Damping="0.9" Mesh="trucks/arrows/cat_ct680_arrow_01" OutputAngles="(-110;20)">

                                                </Gauge>
                                                <Gauge InputRange="(0;1)" Dir="(-0.944; 0.33; 0)" InputType="engineEnabled" Org="(1.866; 2.100; 0.6)" Damping="0.9995" Mesh="trucks/arrows/cat_ct680_arrow_01" OutputAngles="(-110;40)">

                                                </Gauge>
                                                <Gauge InputRange="(0;160)" Dir="(-0.944; 0.33; 0)" InputType="speed" Org="(1.879; 2.127; 0.482)" Damping="0.9" Mesh="trucks/arrows/cat_ct680_arrow_02" OutputAngles="(-145;10)">

                                                </Gauge>
                                                <Gauge InputRange="(0;1)" Dir="(-0.944; 0.33; 0)" InputType="rpm" Org="(1.879; 2.127; 0.482)" Damping="0.9" Mesh="trucks/arrows/cat_ct680_arrow_02" OutputAngles="(145;20)">

                                                </Gauge>
                                                <Gauge InputRange="(0;1)" Dir="(-0.944; 0.33; 0)" InputType="engineEnabled" Org="(1.886; 2.155; 0.365)" Damping="0.9" Mesh="trucks/arrows/cat_ct680_arrow_01" OutputAngles="(-110;10)">

                                                </Gauge>
                                                <Gauge InputRange="(0;1)" Dir="(-0.944; 0.33; 0)" InputType="fuel" Org="(1.866; 2.100; 0.365)" Damping="0.9" Mesh="trucks/arrows/cat_ct680_arrow_01" OutputAngles="(-110;110)">

                                                </Gauge>
                                                <Gauge InputRange="(0;1)" Dir="(-0.944; 0.33; 0)" InputType="none" Org="(1.876; 2.126; 0.314)" Damping="0.9" Mesh="trucks/arrows/cat_ct680_arrow_01" OutputAngles="(-110;10)">

                                                </Gauge>
                                                <Gauge InputRange="(0;1)" Dir="(-0.944; 0.33; 0)" InputType="none" Org="(1.858; 2.075; 0.313)" Damping="0.9" Mesh="trucks/arrows/cat_ct680_arrow_01" OutputAngles="(-110;10)">

                                                </Gauge>
                                                <Gauge InputRange="(0;1)" Dir="(-0.838; 0.514; 0.181)" InputType="engineEnabled" Org="(1.755; 2.168; 0.019)" Damping="0.9994" Mesh="trucks/arrows/cat_ct680_arrow_01" OutputAngles="(-105;30)">

                                                </Gauge>
                                                <Gauge InputRange="(0;1)" Dir="(-0.838; 0.514; 0.181)" InputType="engineEnabled" Org="(1.735; 2.168; -0.071)" Damping="0.9996" Mesh="trucks/arrows/cat_ct680_arrow_01" OutputAngles="(-105;20)">

                                                </Gauge>
                                                <Gauge InputRange="(0.2;1)" Dir="(-0.838; 0.514; 0.181)" InputType="rpm" Org="(1.715; 2.168; -0.164)" Damping="0.9" Mesh="trucks/arrows/cat_ct680_arrow_01" OutputAngles="(-105;60)">

                                                </Gauge>
                                                <Gauge InputRange="(0;1)" Dir="(-0.838; 0.514; 0.181)" InputType="engineEnabled" Org="(1.695; 2.169; -0.256)" Damping="0.9" Mesh="trucks/arrows/cat_ct680_arrow_01" OutputAngles="(-105;0)">

                                                </Gauge>
                          </Dashboard>
                          <Axles>
                                                  <Axle Frame="BoneAxleFront">

                                                  </Axle>
                                                  <Axle Frame="BoneAxleMiddle">

                                                  </Axle>
                                                  <Axle Frame="BoneAxleRear">

                                                  </Axle>
                          </Axles>
                          <Camera Center="(-1.7; 0; 0)" ParentFrame="BoneCabin_cdt">
                                                  <Cockpit WindshieldDiffuseTexture="trucks/cat_ct680_glass__d_a.tga" _template="Default" WindshieldShadingTexture="trucks/cat_ct680_glass__sh_d.tga" ViewPos="(1.148; 2.6; 0.488)" WindshieldDetailDensity="6.0">
                                                        <Mirror FOVScale="2" ClipDir="(-0.902; 0; -0.432)" MeshFrame="mirror_left" Pos="(1.728; 2.45; 1.401)" ReflectionDir="(-0.902; 0; -0.432)" Size="(0.218; 0.353)" ClipOffset="0.3">
                                                          <SecondaryView FOVScale="1.5" ClipDir="(-0.902; 0; -0.432)" MeshFrame="mirror_left_convex" CurveAngle="10" Size="(0.19; 0.145)" Pos="(1.719; 2.208; 1.393)">

                                                          </SecondaryView>
                                                        </Mirror>
                                                        <Mirror FOVScale="2.5" ClipDir="(-0.809; -0.029; 0.587)" MeshFrame="mirror_right" Pos="(1.689; 2.453; -1.391)" ReflectionDir="(-0.809; -0.029; 0.587)" Size="(0.179; 0.351)" ClipOffset="0.3">
                                                          <SecondaryView FOVScale="2" ClipDir="(-0.809; -0.029; 0.587)" MeshFrame="mirror_right_convex" CurveAngle="10" Size="(0.19; 0.145)" Pos="(1.681; 2.205; -1.381)">

                                                          </SecondaryView>
                                                        </Mirror>
                                                  </Cockpit>
                          </Camera>
                                                  <CompatibleWheels Type="wheels_medium_double" Scale="0.55">

                                                  </CompatibleWheels>
                                                  <CompatibleWheels Type="wheels_medium_double" Scale="0.60">

                                                  </CompatibleWheels>
                                                    <LimitedFluid Type="Cylinder" Center="(1.029; 0.7; 0.855)" RadiusY="0.33" LengthX="1.34" RadiusZ="0.33">

                                                    </LimitedFluid>
                                                    <LimitedFluid Type="Cylinder" Center="(-0.173; 0.7; -0.854)" RadiusY="0.33" LengthX="1.34" RadiusZ="0.33">

                                                    </LimitedFluid>
                          <Sounds ParentFrame="BoneCabin_cdt" _template="Default" AirHissInterval="12.0" Origin="(2.8; 1.612; 0)" MinDist="12.0" DisableReversePitch="true">
                                                        <Reverse Sound="trucks/cat_ct680/cat_ct680_back_beeper">

                                                        </Reverse>
                                                        <EngineHeavy_2d IsSound2D="true" Sound="trucks/cat_ct680/cat_ct680_heavy_2d">

                                                        </EngineHeavy_2d>
                                                        <EngineLow Sound="trucks/cat_ct680/cat_ct680_low">

                                                        </EngineLow>
                                                        <EngineHigh Sound="trucks/cat_ct680/cat_ct680_high">

                                                        </EngineHigh>
                                                        <HandbrakeOff Sound="trucks/cat_ct680/cat_ct680_handbrake_off">

                                                        </HandbrakeOff>
                                                        <EngineRev Sound="trucks/cat_ct680/cat_ct680_rev">

                                                        </EngineRev>
                                                        <AbruptStop Sound="trucks/common/truck_swing_big_rnd_set/truck_swing_big_rnd">

                                                        </AbruptStop>
                                                        <EngineHeavy Sound="trucks/cat_ct680/cat_ct680_heavy">

                                                        </EngineHeavy>
                                                        <EngineHigh_2d IsSound2D="true" Sound="trucks/cat_ct680/cat_ct680_high_2d">

                                                        </EngineHigh_2d>
                                                        <EngineLow_2d IsSound2D="true" Sound="trucks/cat_ct680/cat_ct680_low_2d">

                                                        </EngineLow_2d>
                                                        <EngineIdle_2d IsSound2D="true" Sound="trucks/cat_ct680/cat_ct680_idle_2d">

                                                        </EngineIdle_2d>
                                                        <EngineStart Sound="trucks/cat_ct680/cat_ct680_start">

                                                        </EngineStart>
                                                        <Handbrake Sound="trucks/cat_ct680/cat_ct680_handbrake_on">

                                                        </Handbrake>
                                                        <BrakesSqueal Sound="trucks/cat_ct680/cat_ct680_brakes_squeal">

                                                        </BrakesSqueal>
                                                        <EngineIdle Sound="trucks/cat_ct680/cat_ct680_idle">

                                                        </EngineIdle>
                                                        <Honk Sound="trucks/cat_ct680/cat_ct680_honk">

                                                        </Honk>
                                                        <EngineStop Sound="trucks/cat_ct680/cat_ct680_stop">

                                                        </EngineStop>
                                                        <BrakeRelease Sound="trucks/cat_ct680/cat_ct680_brake_release">

                                                        </BrakeRelease>
                                                        <EngineAccel Sound="trucks/cat_ct680/cat_ct680_acc">

                                                        </EngineAccel>
                          </Sounds>
                          <GearboxSocket Type="gearboxes_trucks" Default="g_truck_default">

                          </GearboxSocket>
                                                          <Steam Origin="(0.949; 1.091; 0)">

                                                          </Steam>
                                                          <Steam Scale="0.5" Origin="(2.989; 1.221; 0)" ParentFrame="BoneCabin_cdt">

                                                          </Steam>
                          <Wheels DefaultWheelType="wheels_medium_double" DefaultTire="highway_1" DefaultRim="rim_1">
                                                                <Wheel Pos="(3.096; 0.54; 1.018)" _template="FrontWheel">

                                                                </Wheel>
                                                                <Wheel RightSide="true" Pos="(3.096; 0.54; 1.018)" _template="FrontWheel">

                                                                </Wheel>
                                                                <Wheel Pos="(-2.297; 0.54; 0.967)" ParentFrame="BoneSuspensionRockerLeft_cdt" _template="RearWheel">

                                                                </Wheel>
                                                                <Wheel Pos="(-2.297; 0.54; 0.967)" _template="RearWheel" RightSide="true" ParentFrame="BoneSuspensionRockerRight_cdt">

                                                                </Wheel>
                                                                <Wheel Pos="(-3.707; 0.54; 0.967)" ParentFrame="BoneSuspensionRockerLeft_cdt" _template="RearWheel">

                                                                </Wheel>
                                                                <Wheel Pos="(-3.707; 0.54; 0.967)" _template="RearWheel" RightSide="true" ParentFrame="BoneSuspensionRockerRight_cdt">

                                                                </Wheel>
                          </Wheels>
                          <WinchUpgradeSocket Type="winches_medium_trucks" Default="w_medium_trucks_default" IsUpgradable="true">

                          </WinchUpgradeSocket>
                          <SteeringRack Frame="BoneRack" RackHalfSizeZ="0.73" FrameSteerLeft="BoneRackLeft" FrameSteerRight="BoneRackRight">

                          </SteeringRack>
                          <SteeringWheel Frame="BoneSteering">

                          </SteeringWheel>
                          <SoundsWheels _template="Default">

                          </SoundsWheels>
                          <Damage>
                                                                          <DamageArea Min="(2; 0.55; -0.6)" ParentFrame="BoneCabin_cdt" Max="(3.85; 2.25; 0.6)" Type="Engine">

                                                                          </DamageArea>
                                                                          <DamageArea Min="(-1; 0.35; -1.2)" ParentFrame="BoneChassis_cdt" Max="(2; 1.1; 1.2)" Type="FuelTank">

                                                                          </DamageArea>
                          </Damage>
                          <Shafts>
                                                                          <Shaft SocketPointA="ShaftWheel2WheelA" SocketPointB="ShaftWheel2WheelB">

                                                                          </Shaft>
                          </Shafts>
        </TruckData>
  </Truck>