  <_templates Include="trucks">
      <Wheel>
          <RearWheel Location="rear" ConnectedToHandbrake="true" Torque="full">

          </RearWheel>
          <FrontWheel Location="front" Torque="default">

          </FrontWheel>
      </Wheel>
      <Body>
            <SideMirror Mass="5" Collisions="None">
                <Constraint Type="Hinge" MaxLimit="15" AxisLocal="(0; 1; 0)" MinLimit="-15">
                    <Motor Spring="350" Damping="3" Type="Spring">

                    </Motor>
                </Constraint>
            </SideMirror>
      </Body>
  </_templates>
  <Truck>
        <HeadLight OuterCone="130" Dir="(1; -0.2; 0)" AttenStart="1" InnerCone="0" Color="g(255; 212; 154) x 8.5" Pos="(6.5; 1.927; 0)" AttenEnd="40">

        </HeadLight>
        <GameData UnlockByExploration="true" Price="100500" UnlockByRank="1" Country="US">
              <CustomizationCameras>
                    <CameraPos Name="roof_sticker" InterestPosition="(3.628; 2.648; -0.717)" Position="(6.686; 6.96; -0.292)" Interior="true" FOV="32.0">

                    </CameraPos>
                    <CameraPos Name="sticker_1" InterestPosition="(6.729; 3.697; 1.015)" Position="(3.780; 3.699; -0.021)" Interior="true" FOV="32.0">

                    </CameraPos>
                    <CameraPos MaxYRotation="360" MaxZoom="2" Name="addon_1" InterestPosition="(-2.629; 1.692; -0)" Position="(-11.556; 4.444; 8.243)" MaxXRotation="360" FOV="32.0">

                    </CameraPos>
                    <CameraPos MaxYRotation="360" MaxZoom="2" Name="addon_2" InterestPosition="(3.194; 1.807; 0)" Position="(-8.093; 2.337; -6.718)" MaxXRotation="360" FOV="32.0">

                    </CameraPos>
                    <CameraPos Name="mirror_mount" InterestPosition="(6.729; 3.499; 1.37)" Position="(3.865; 3.699; -0.056)" Interior="true" FOV="32.0">

                    </CameraPos>
                    <CameraPos MaxYRotation="360" MaxZoom="2" Name="side_r" InterestPosition="(4.764; 1.97; -0)" Position="(-0.226; 4.969; -4.508)" MaxXRotation="360" FOV="32.0">

                    </CameraPos>
                    <CameraPos Name="sticker" InterestPosition="(6.729; 0.431; 3.412)" Position="(4.049; 3.563; -0.005)" Interior="true" FOV="32.0">

                    </CameraPos>
                    <CameraPos Name="glass_sticker" InterestPosition="(3.877; 3.21; -1.087)" Position="(7.957; 4.333; 0.659)" Interior="true" FOV="32.0">

                    </CameraPos>
                    <CameraPos Name="door_r_sticker" InterestPosition="(7.153; 1.378; 0.659)" Position="(3.896; 2.266; 4.82)" Interior="true" FOV="32.0">

                    </CameraPos>
                    <CameraPos MaxYRotation="360" MaxZoom="2" Name="roof" InterestPosition="(4.758; 2.358; -0)" Position="(10.787; 4.806; -3.717)" MaxXRotation="360" FOV="32.0">

                    </CameraPos>
                    <CameraPos Name="capote_sticker" InterestPosition="(5.096; 0.687; -0.295)" Position="(9.175; 5.444; -0.674)" Interior="true" FOV="32.0">

                    </CameraPos>
                    <CameraPos MaxYRotation="360" MaxZoom="2" Name="hoods" InterestPosition="(5.997; 1.735; 0)" Position="(13.57; 1.44; -3.425)" MaxXRotation="360" FOV="32.0">

                    </CameraPos>
                    <CameraPos Name="sticker_2" InterestPosition="(6.729; 1.949; 0.4)" Position="(4.317; 3.539; -0.148)" Interior="true" FOV="32.0">

                    </CameraPos>
                    <CameraPos MaxYRotation="360" MaxZoom="2" Name="side_l" InterestPosition="(6.27; 2.278; 0)" Position="(11.866; 5.284; -4.55)" MaxXRotation="360" FOV="32.0">

                    </CameraPos>
                    <CameraPos Name="bubble_head" InterestPosition="(6.729; 1.949; 0.4)" Position="(4.317; 3.539; -0.148)" Interior="true" FOV="32.0">

                    </CameraPos>
                    <CameraPos MaxYRotation="360" MaxZoom="2" Name="wheels" InterestPosition="(3.237; 1.133; -0)" Position="(5.939; 2.217; -6.255)" MaxXRotation="360" FOV="32.0">

                    </CameraPos>
                    <CameraPos MaxYRotation="360" MaxZoom="2" Name="default" InterestPosition="(5.197; 1.735; -0)" Position="(13.641; 1.384; -4.536)" MaxXRotation="360" FOV="32.0">

                    </CameraPos>
                    <CameraPos MaxYRotation="360" MaxZoom="2" Name="rear" InterestPosition="(0.479; 0.992; -0)" Position="(-5.767; 1.805; 2.899)" MaxXRotation="360" FOV="32.0">

                    </CameraPos>
                    <CameraPos Name="door_l_sticker" InterestPosition="(5.687; 1.390; -0.027)" Position="(3.945; 2.286; -4.845)" Interior="true" FOV="32.0">

                    </CameraPos>
              </CustomizationCameras>
              <UiDesc UiName="UI_VEHICLE_CAT_745C_NAME" UiDesc="UI_VEHICLE_CAT_745C_DESC" UiIconLogo="CatterpillarLogo80" UiIcon40x40="heavyVehicleImg" UiIcon30x30="heavyVehicleImg30" UiIcon328x458="shopImgCaterpillar745C">

              </UiDesc>
                    <AddonSockets>
                      <Socket Offset="(0; 0; 0)" Names="Cat745CWires" ParentFrame="BoneBackRot_cdt">
                          <ExtraParent Frame="BoneFront_cdt">

                          </ExtraParent>
                      </Socket>
                    </AddonSockets>
                    <AddonSockets DefaultAddon="cat_745c_diff_lock_default">
                      <Socket Offset="(0; 0; 0)" Names="Cat745CDiffLock" ParentFrame="BoneChassis_cdt">

                      </Socket>
                    </AddonSockets>
                    <AddonSockets RequiredAddonIfNoConflicts="cat_745c_wires" DefaultAddon="cat_745c_wires">
                        <Socket Offset="(0; 0; 0)" Names="Cat745CFuelTank" ParentFrame="BoneBackRot_cdt">

                        </Socket>
                        <Socket ParentFrame="BoneBackRot_cdt" Offset="(0; 0; 0)" Names="Cat745CLogBunk" NamesBlock="Cat745CWires">

                        </Socket>
                        <Socket ParentFrame="BoneBackRot_cdt" Offset="(0; 0; 0)" Names="Cat745CContainerCarrier" NamesBlock="Cat745CWires">
                          <ExtraParent Frame="BoneFront_cdt">

                          </ExtraParent>
                        </Socket>
                    </AddonSockets>
                    <AddonSockets>
                      <Socket ParentFrame="BoneFront_cdt" Offset="(3.23; 3.08; 0.43)" Names="StuffDashboard" InCockpit="true">

                      </Socket>
                    </AddonSockets>
                    <AddonSockets>
                      <Socket ParentFrame="BoneFront_cdt" Offset="(0; 0; 0)" Names="Cat745cSticker_1x1_01" InCockpit="true">

                      </Socket>
                    </AddonSockets>
                    <AddonSockets>
                      <Socket ParentFrame="BoneFront_cdt" Offset="(0; 0; 0)" Names="Cat745cSticker_1x1_02" InCockpit="true">

                      </Socket>
                    </AddonSockets>
                    <AddonSockets>
                      <Socket ParentFrame="BoneFront_cdt" Offset="(0; 0; 0)" Names="Cat745cSticker_1x2_01" InCockpit="true">

                      </Socket>
                    </AddonSockets>
                    <AddonSockets>
                      <Socket ParentFrame="BoneFront_cdt" Offset="(0; 0; 0)" Names="Cat745cSticker_1x4_01" InCockpit="true">

                      </Socket>
                    </AddonSockets>
                    <AddonSockets>
                      <Socket ParentFrame="BoneFront_cdt" Offset="(0; 0; 0)" Names="Cat745cSticker_GlassTop" InCockpit="true">

                      </Socket>
                    </AddonSockets>
                    <AddonSockets>
                      <Socket ParentFrame="BoneFront_cdt" Offset="(0; 0; 0)" Names="Cat745cSticker_GlassBottom" InCockpit="true">

                      </Socket>
                    </AddonSockets>
                    <AddonSockets>
                      <Socket Offset="(0; 0; 0)" Names="cat745CSticker_Door_L" ParentFrame="BoneFront_cdt">

                      </Socket>
                    </AddonSockets>
                    <AddonSockets>
                      <Socket Offset="(0; 0; 0)" Names="cat745CSticker_Door_R" ParentFrame="BoneFront_cdt">

                      </Socket>
                    </AddonSockets>
                    <AddonSockets>
                      <Socket Offset="(0; 0; 0)" Names="cat745CSticker_Roof" ParentFrame="BoneFront_cdt">

                      </Socket>
                    </AddonSockets>
                    <AddonSockets>
                      <Socket Offset="(0; 0; 0)" Names="cat745CSticker_Capote" ParentFrame="BoneFront_cdt">

                      </Socket>
                    </AddonSockets>
                    <AddonSockets>
                      <Socket ParentFrame="BoneFront_cdt" Offset="(2.719; 3.863; -0.101)" Names="StuffAirfreshener" InCockpit="true">

                      </Socket>
                    </AddonSockets>
                      <CraneSocket Pos="(5.523; 1.54; 0.634)">

                      </CraneSocket>
                      <CraneSocket Pos="(5.523; 1.54; -0.634)">

                      </CraneSocket>
                      <CraneSocket Pos="(-5.01; 1.301; -0.415)" ParentFrame="BoneBackRot_cdt">

                      </CraneSocket>
                      <CraneSocket Pos="(-5.01; 1.301; 0.415)" ParentFrame="BoneBackRot_cdt">

                      </CraneSocket>
                      <CraneSocket Pos="(0.131; 1.597; -0.577)" ParentFrame="BoneBackRot_cdt">

                      </CraneSocket>
                      <CraneSocket Pos="(0.131; 1.597; 0.577)" ParentFrame="BoneBackRot_cdt">

                      </CraneSocket>
                        <WinchSocket Pos="(5.523; 1.54; 0.634)">

                        </WinchSocket>
                        <WinchSocket Pos="(5.523; 1.54; -0.634)">

                        </WinchSocket>
                        <WinchSocket Pos="(-5.01; 1.301; -0.415)" ParentFrame="BoneBackRot_cdt">

                        </WinchSocket>
                        <WinchSocket Pos="(-5.01; 1.301; 0.415)" ParentFrame="BoneBackRot_cdt">

                        </WinchSocket>
                        <WinchSocket Pos="(0.131; 1.597; -0.577)" ParentFrame="BoneBackRot_cdt">

                        </WinchSocket>
                        <WinchSocket Pos="(0.131; 1.597; 0.577)" ParentFrame="BoneBackRot_cdt">

                        </WinchSocket>
        </GameData>
        <PhysicsModel Mesh="trucks/cat_745c">
                <Body CenterOfMassOffset="(0; -0.5; 0)" NetSync="pv" Mass="7000" ImpactType="Truck">
                      <Body NetSync="pv" Mass="7000" ModelFrame="BoneBack_cdt">
                        <Constraint Type="Hinge" MaxLimit="30" AxisLocal="(0; 1; 0)" MinLimit="-30" Name="ChassisSteer">
                            <Motor Type="Position" Force="135000" Damping="1.0" Tau="0.04">

                            </Motor>
                        </Constraint>
                        <Body NetSync="pv" Mass="6000" ModelFrame="BoneBackRot_cdt">
                              <Constraint Type="Hinge" MaxLimit="15" AxisLocal="(1; 0; 0)" MinLimit="-15">
                                  <Motor Spring="1400" Damping="800.0" Type="Spring">

                                  </Motor>
                              </Constraint>
                              <Body ModelFrame="BoneSuspension_cdt" Mass="5000" Collisions="None">
                                    <Constraint Type="Fixed">

                                    </Constraint>
                              </Body>
                        </Body>
                      </Body>
                      <Body ModelFrame="BoneMirrorLeft_cdt" _template="SideMirror">

                      </Body>
                      <Body ModelFrame="BoneMirrorRight1_cdt" _template="SideMirror">

                      </Body>
                      <Body ModelFrame="BoneMirrorRight2_cdt" _template="SideMirror">

                      </Body>
                </Body>
                <NetSync Legacy="false">

                </NetSync>
        </PhysicsModel>
        <ControlledConstraints>
                  <Constraint IsLinkedSteering="true" Id="chassis_steer" Name="ChassisSteer">

                  </Constraint>
        </ControlledConstraints>
        <ModelAttachments>
                    <HeadLight>
                          <Flare Pos="(5.269; 2.387; -0.904)" _template="HeadLight" Color="g(255; 235; 205) x 0.7" Size="0.2">

                          </Flare>
                          <Flare Pos="(5.269; 2.387; 0.904)" _template="HeadLight" Color="g(255; 235; 205) x 0.7" Size="0.2">

                          </Flare>
                          <Flare Pos="(3.02; 4.049; -0.521)" _template="HeadLight" Color="g(255; 235; 205) x 0.7" Size=".15">

                          </Flare>
                          <Flare Pos="(3.02; 4.049; 0.521)" _template="HeadLight" Color="g(255; 235; 205) x 0.7" Size=".15">

                          </Flare>
                          <Flare Pos="(5.269; 2.387; -0.904)" _template="BlueStreak">

                          </Flare>
                          <Flare Pos="(5.269; 2.387; 0.904)" _template="BlueStreak">

                          </Flare>
                            <Model Org="(5.269; 2.387; -0.904)" _template="HeadLightRay">

                            </Model>
                            <Model Org="(5.269; 2.387; 0.904)" _template="HeadLightRay">

                            </Model>
                            <Model Org="(3.02; 4.049; -0.521)" Scale="(1; 1; 2.5)" _template="HeadLightRay">

                            </Model>
                            <Model Org="(3.02; 4.049; 0.521)" Scale="(1; 1; 2.5)" _template="HeadLightRay">

                            </Model>
                    </HeadLight>
                    <StopSignals>
                          <Light Pos="(-4.98; 1.388; 0)" ParentFrame="BoneBackRot_cdt" _template="StopSignal">

                          </Light>
                              <Flare Pos="(-4.9; 1.494; -0.225)" ParentFrame="BoneBackRot_cdt" _template="StopSignal">

                              </Flare>
                              <Flare Pos="(-4.9; 1.494; 0.225)" ParentFrame="BoneBackRot_cdt" _template="StopSignal">

                              </Flare>
                    </StopSignals>
                          <Ignition>
                              <Light Pos="(6.5; 2.3; 1)" _template="IgnitionSignalWhite">

                              </Light>
                              <Light Pos="(6.5; 2.3; -1)" _template="IgnitionSignalWhite">

                              </Light>
                              <Light Pos="(-4.8; 1.025; -0)" _template="IgnitionSignalRed">

                              </Light>
                                <Flare Pos="(5.204; 2.383; -1.128)" _template="IgnitionSignalOrange" Color="g(235; 165; 10) x 0.8" Size="0.15">

                                </Flare>
                                <Flare Pos="(5.204; 2.383; 1.128)" _template="IgnitionSignalOrange" Color="g(235; 165; 10) x 0.8" Size="0.15">

                                </Flare>
                                <Flare Pos="(5.232; 2.384; -1.029)" Size="0.15" _template="IgnitionSignalWhite">

                                </Flare>
                                <Flare Pos="(5.232; 2.384; 1.029)" Size="0.15" _template="IgnitionSignalWhite">

                                </Flare>
                                <Flare Pos="(5.269; 2.387; -0.904)" Size="0.2" _template="IgnitionSignalWhite">

                                </Flare>
                                <Flare Pos="(5.269; 2.387; 0.904)" Size="0.2" _template="IgnitionSignalWhite">

                                </Flare>
                                <Flare Pos="(-4.9; 1.494; -0.225)" ParentFrame="BoneBackRot_cdt" _template="IgnitionSignalRedSmall">

                                </Flare>
                                <Flare Pos="(-4.9; 1.494; 0.225)" ParentFrame="BoneBackRot_cdt" _template="IgnitionSignalRedSmall">

                                </Flare>
                          </Ignition>
                          <Ignition _template="Flasher">
                            <Light Pos="(1.454; 4.09; 0.062)" Dir="(0.971; 0.24; 0)" ParentFrame="BoneRotator">

                            </Light>
                            <Model Org="(1.454; 4.09; 0.062)" Dir="(0.971; 0.24; 0)" ParentFrame="BoneRotator">

                            </Model>
                                  <Flare Pos="(1.454; 4.09; 0.062)" Dir="(0.971; 0.24; 0)" ParentFrame="BoneRotator">

                                  </Flare>
                                  <Flare Pos="(1.454; 4.09; 0.062)" Dir="(0.971; 0.24; 0)" ParentFrame="BoneRotator">

                                  </Flare>
                                  <Flare Pos="(1.425; 4.083; 0.062)">

                                  </Flare>
                          </Ignition>
                    <ReverseSignals>
                                <Light Pos="(-5; 1.488; 0)" ParentFrame="BoneBackRot_cdt" _template="ReverseSignal">

                                </Light>
                                <Light Pos="(1.457; 3.722; 0.43)" Color="g(235; 220; 205) x 1.5" _template="ReverseSignal">

                                </Light>
                                  <Flare Pos="(-4.92; 1.488; 0.11)" _template="ReverseSignal" Size="0.3" ParentFrame="BoneBackRot_cdt">

                                  </Flare>
                                  <Flare Pos="(-4.92; 1.488; -0.11)" _template="ReverseSignal" Size="0.3" ParentFrame="BoneBackRot_cdt">

                                  </Flare>
                                  <Flare Pos="(-4.92; 1.488; 0)" Dir="(-1; 0; 0)" _template="BlueStreak" Color="g(220; 220; 255) x 0.05" Size="0.4" ParentFrame="BoneBackRot_cdt">

                                  </Flare>
                                  <Flare Pos="(1.457; 3.722; 0.43)" Size="0.2" _template="ReverseSignal">

                                  </Flare>
                                  <Flare Pos="(1.457; 3.722; 0.43)" Dir="(-1; 0; 0)" _template="IgnitionSignalWhite" Size="0.6">

                                  </Flare>
                                  <Flare Pos="(1.457; 3.722; 0.43)" Dir="(-1; 0; 0)" _template="BlueStreak" Color="g(220; 220; 255) x 0.05" Size="0.4">

                                  </Flare>
                    </ReverseSignals>
        </ModelAttachments>
        <AutomaticIK>
                        <IKBone ParentFrame="BoneFront_cdt" ModelFrame="BoneBackPistonLBase">
                          <IKJoint Type="Hinge" AxisLocal="(0; 1; 0)">

                          </IKJoint>
                          <IKBone AttachToFrame="BoneBack_cdt" AttachOffset="(0; 0; 0)" ModelFrame="BoneBackPistonL">
                                <IKJoint Type="Slider" AxisLocal="(1; 0; 0)">

                                </IKJoint>
                          </IKBone>
                        </IKBone>
                        <IKBone ParentFrame="BoneFront_cdt" ModelFrame="BoneBackPistonRBase">
                          <IKJoint Type="Hinge" AxisLocal="(0; 1; 0)">

                          </IKJoint>
                          <IKBone AttachToFrame="BoneBack_cdt" AttachOffset="(0; 0; 0)" ModelFrame="BoneBackPistonR">
                                <IKJoint Type="Slider" AxisLocal="(1; 0; 0)">

                                </IKJoint>
                          </IKBone>
                        </IKBone>
                        <IKBone ParentFrame="BoneBackRot_cdt" ModelFrame="BoneBeam1">
                          <IKJoint Type="Hinge2" AxisLocal="(0; 0; 1)">

                          </IKJoint>
                          <IKBone AttachToFrame="BoneAxle3" AttachOffset="(0; 0; 0)" ModelFrame="BoneBeam2">
                                <IKJoint Type="Slider" AxisLocal="(1; 0; 0)">

                                </IKJoint>
                          </IKBone>
                        </IKBone>
        </AutomaticIK>
        <Rotator RotationSpeed="4" Frame="BoneRotator" EngineTorqueFactor="0">

        </Rotator>
        <Landmark MaxScale="3.8" Mesh="landmarks/cat_745c_lmk" MinScale="1.8">

        </Landmark>
        <TruckData SteerSpeed="0.017" EngineStartDelay="0.6" EngineIconMesh="env/engine_default" TruckType="HEAVY" Responsiveness="0.05" BackSteerSpeed="0.015" TruckImage="cat745Cv2mchr" FuelCapacity="340" DiffLockType="Uninstalled" ExhaustStartTime="0.6" EngineIconScale="1.7">
                            <Driver Pos="(2.346; 2.905; -0.055)" SteeringWheelPos="(2.729; 3.233; -0.062)">

                            </Driver>
                            <SoundsDamage _template="Heavy">

                            </SoundsDamage>
                            <Shakers>
                                    <Shaker MaxFrequency="10" Frame="BoneExhaust" MaxAngle="(1; 0; 1)">

                                    </Shaker>
                            </Shakers>
                            <OcclusionMap MinX="-6" ParentFrame="BoneBackRot_cdt" HalfSizeZ="2.7" MaxX="6">

                            </OcclusionMap>
                            <FuelTank DamageCapacity="100">

                            </FuelTank>
                                        <Intake Size="0.8" Dir="(1; 0; 0)" Origin="(5.438; 2.221; 0)">

                                        </Intake>
                                        <Intake Size="0.3" Dir="(0.978; 0; -0.209)" Origin="(5.318; 2.055; -0.963)">

                                        </Intake>
                            <EngineSocket Type="e_us_special" Default="us_special_engine_0">

                            </EngineSocket>
                            <SuspensionSocket Type="s_cat_745c" MaxWheelRadiusWithoutSuspension=".95" Default="cat_745c_suspension_default">

                            </SuspensionSocket>
                            <Dashboard>
                                                  <Gauge InputRange="(0;1)" Dir="(-0.99; 0.143; 0)" InputType="engineEnabled" Org="(3.018; 3.164; 0.008)" Damping="0.99" Mesh="trucks/arrows/cat_745c_arrow_03" OutputAngles="(-40;10)">

                                                  </Gauge>
                                                  <Gauge InputRange="(0;1)" Dir="(-0.99; 0.143; 0)" InputType="engineEnabled" Org="(3.022; 3.19; -0.011)" Damping="0.9995" Mesh="trucks/arrows/cat_745c_arrow_03" OutputAngles="(-40;10)">

                                                  </Gauge>
                                                  <Gauge InputRange="(0;1)" Dir="(-0.99; 0.143; 0)" InputType="rpm" Org="(3.02; 3.175; -0.059)" Damping="0.9" Mesh="trucks/arrows/cat_745c_arrow_02" OutputAngles="(-105;105)">

                                                  </Gauge>
                                                  <Gauge InputRange="(0;1)" Dir="(-0.99; 0.143; 0)" InputType="fuel" Org="(3.023; 3.198; -0.101)" Damping="0.9" Mesh="trucks/arrows/cat_745c_arrow_01" OutputAngles="(140;40)">

                                                  </Gauge>
                                                  <Gauge InputRange="(0;1)" Dir="(-0.99; 0.143; 0)" InputType="engineEnabled" Org="(3.023; 3.199; -0.126)" Damping="0.99" Mesh="trucks/arrows/cat_745c_arrow_01" OutputAngles="(100;40)">

                                                  </Gauge>
                                                  <Gauge InputRange="(0;1)" Dir="(-0.99; 0.143; 0)" InputType="engineEnabled" Org="(3.018; 3.164; -0.128)" Damping="0.9995" Mesh="trucks/arrows/cat_745c_arrow_03" OutputAngles="(-40;10)">

                                                  </Gauge>
                            </Dashboard>
                            <Axles>
                                                    <Axle Frame="BoneAxle1">

                                                    </Axle>
                                                    <Axle Frame="BoneAxle2">

                                                    </Axle>
                                                    <Axle Frame="BoneAxle3">

                                                    </Axle>
                            </Axles>
                            <Camera Center="(-1.5; 0; 0)" RadiusMultiplier="1.1">
                                                    <Cockpit WindshieldDiffuseTexture="trucks/cat_745c_glass__d_a.tga" _template="Default" WindshieldShadingTexture="trucks/cat_745c_glass__sh_d.tga" ViewPos="(2.257; 3.592; -0.061)">
                                                        <Rear _inheritRemove="true">

                                                        </Rear>
                                                            <Mirror FOVScale="2.5" ClipDir="(-0.836; -0.087; -0.543)" MeshFrame="mirror_left2" Pos="(3.031; 3.499; 2.024)" ReflectionDir="(-0.836; -0.087; -0.543)" Size="(0.245; 0.41)" ClipOffset="0.1">
                                                              <SecondaryView FOVScale="2.2" ClipDir="(-0.836; -0.087; -0.543)" MeshFrame="mirror_left1" CurveAngle="20" Size="(0.36; 0.23)" Pos="(2.995; 3.899; 2.026)">

                                                              </SecondaryView>
                                                            </Mirror>
                                                            <Mirror FOVScale="3" ClipDir="(-0.844; -0.069; 0.531)" MeshFrame="mirror_right2" Pos="(3.037; 3.499; -2.017)" ReflectionDir="(-0.844; -0.069; 0.531)" Size="(0.22; 0.41)" ClipOffset="0.5">
                                                              <SecondaryView FOVScale="2.75" ClipDir="(-0.844; -0.069; 0.531)" MeshFrame="mirror_right1" CurveAngle="20" Size="(0.349; 0.23)" Pos="(3.01; 3.908; -2.03)">

                                                              </SecondaryView>
                                                            </Mirror>
                                                            <Mirror ClipDir="(-0.074; -0.352; 0.933)" CurveAngle="20" Size="(0.349; 0.255)" FOVScale="2.5" ReflectionDir="(-0.074; -0.352; 0.933)" Pos="(3.608; 4.05; -1.523)" MeshFrame="mirror_right3" ClipOffset="0.1">

                                                            </Mirror>
                                                            <Mirror ClipDir="(-0.067; -0.232; -0.97)" CurveAngle="20" Size="(0.349; 0.255)" FOVScale="2.5" ReflectionDir="(-0.067; -0.232; -0.97)" Pos="(3.534; 3.591; 1.61)" MeshFrame="mirror_left4" ClipOffset="0.2">

                                                            </Mirror>
                                                            <Mirror ClipDir="(0.135; -0.36; -0.923)" CurveAngle="20" Size="(0.349; 0.255)" FOVScale="2.5" ReflectionDir="(0.135; -0.36; -0.923)" Pos="(3.292; 4.047; 1.488)" MeshFrame="mirror_left3" ClipOffset="0.1">

                                                            </Mirror>
                                                    </Cockpit>
                            </Camera>
                            <Exhaust IsLight="true" Dir="(-0.855; 0.515; -0.059)" Speed="3.00" Origin="(1.276; 4.174; -0.475)">

                            </Exhaust>
                            <Sounds _template="Default" MinDist="15.0" Origin="(4.1; 2.3; 0)" DisableReversePitch="true">
                                                          <Reverse _inheritRemove="true">

                                                          </Reverse>
                                                          <Reverse Sound="trucks/cat745c/cat745c_back_beeper">

                                                          </Reverse>
                                                        <EngineTrans Sound="trucks/cat745c/cat745c_turbo">

                                                        </EngineTrans>
                                                        <EngineLow Sound="trucks/cat745c/cat745c_low">

                                                        </EngineLow>
                                                        <EngineHigh Sound="trucks/cat745c/cat745c_high">

                                                        </EngineHigh>
                                                        <HandbrakeOff Sound="trucks/cat745c/cat745c_handbrake_off">

                                                        </HandbrakeOff>
                                                        <EngineRev Sound="trucks/cat745c/cat745c_rev">

                                                        </EngineRev>
                                                        <AbruptStop Sound="trucks/common/truck_swing_big_rnd_set/truck_swing_big_rnd">

                                                        </AbruptStop>
                                                        <EngineHigh_2d IsSound2D="true" Sound="trucks/cat745c/cat745c_high_2d">

                                                        </EngineHigh_2d>
                                                        <EngineHeavy_2d IsSound2D="true" Sound="trucks/cat745c/cat745c_heavy_2d">

                                                        </EngineHeavy_2d>
                                                        <EngineIdle_2d IsSound2D="true" Sound="trucks/cat745c/cat745c_idle_2d">

                                                        </EngineIdle_2d>
                                                        <EngineIdle Sound="trucks/cat745c/cat745c_idle">

                                                        </EngineIdle>
                                                        <Handbrake Sound="trucks/cat745c/cat745c_handbrake_on">

                                                        </Handbrake>
                                                        <EngineAccel Sound="trucks/cat745c/cat745c_acc">

                                                        </EngineAccel>
                                                        <EngineHeavy Sound="trucks/cat745c/cat745c_heavy">

                                                        </EngineHeavy>
                                                        <EngineStart Sound="trucks/cat745c/cat745c_start">

                                                        </EngineStart>
                                                        <EngineStop Sound="trucks/cat745c/cat745c_stop">

                                                        </EngineStop>
                                                        <EngineLow_2d IsSound2D="true" Sound="trucks/cat745c/cat745c_low_2d">

                                                        </EngineLow_2d>
                                                        <Honk Sound="trucks/cat745c/cat745c_honk">

                                                        </Honk>
                            </Sounds>
                            <CompatibleWheels Type="wheels_superheavy_cat745_single" Scale="0.9">

                            </CompatibleWheels>
                                                          <Steam Origin="(2.7; 1.53; 0)">

                                                          </Steam>
                                                          <Steam Origin="(1.317; 1.74; 0)" Scale="0.5">

                                                          </Steam>
                            <Wheels DefaultWheelType="wheels_superheavy_cat745_single" DefaultTire="mudtires_cat745" DefaultRim="rim_cat745">
                                                                <Wheel Pos="(2.081; 1.128; 1.334)" _template="FrontWheel">

                                                                </Wheel>
                                                                <Wheel RightSide="true" Pos="(2.081; 1.128; 1.334)" _template="FrontWheel">

                                                                </Wheel>
                                                                <Wheel Pos="(-2.505; 0.988; 1.334)" ParentFrame="BoneSuspension_cdt" _template="RearWheel">

                                                                </Wheel>
                                                                <Wheel Pos="(-2.505; 0.988; 1.334)" _template="RearWheel" RightSide="true" ParentFrame="BoneSuspension_cdt">

                                                                </Wheel>
                                                                <Wheel Pos="(-4.472; 0.928; 1.334)" ParentFrame="BoneSuspension_cdt" _template="RearWheel">

                                                                </Wheel>
                                                                <Wheel Pos="(-4.472; 0.928; 1.334)" _template="RearWheel" RightSide="true" ParentFrame="BoneSuspension_cdt">

                                                                </Wheel>
                            </Wheels>
                            <WinchUpgradeSocket Type="winches_heavy_trucks" Default="w_heavy_trucks_default" IsUpgradable="true">

                            </WinchUpgradeSocket>
                            <Shafts>
                                                                    <Shaft SocketPointA="Shaft1a" SocketPointB="Shaft1b">

                                                                    </Shaft>
                                                                    <Shaft SocketPointA="Shaft2a" SocketPointB="Shaft2b">

                                                                    </Shaft>
                                                                    <Shaft SocketPointA="Shaft3a" SocketPointB="Shaft3b">

                                                                    </Shaft>
                                                                    <Shaft SocketPointA="Shaft4a" SocketPointB="Shaft4b">

                                                                    </Shaft>
                            </Shafts>
                            <SteeringWheel Frame="BoneSteering">

                            </SteeringWheel>
                            <SoundsWheels _template="Default">

                            </SoundsWheels>
                            <Damage SensationMin="(1.68; 2.625; -0.797)" SensationMax="(3.236; 3.522; 0.673)" Capacity="600">
                                                                          <DamageArea Min="(3.5; 1.5; -0.6)" ParentFrame="BoneFront_cdt" Max="(5.55; 3; 0.6)" Type="Engine">

                                                                          </DamageArea>
                                                                          <DamageArea Min="(0.5; 0.75; -0.75)" ParentFrame="BoneFront_cdt" Max="(2.5; 1.15; 0.75)" Type="Suspension">

                                                                          </DamageArea>
                            </Damage>
                            <GearboxSocket Type="gearboxes_special" Default="g_special_default">

                            </GearboxSocket>
        </TruckData>
  </Truck>