  <_templates Include="trucks">
      <Wheel>
          <RearWheel Torque="default" Location="rear" ConnectedToHandbrake="true" ParentFrame="BoneBack_cdt">

          </RearWheel>
          <FrontWheel SteeringAngle="36" Location="front" SteeringJointOffset="0.2" Torque="full" SteeringCastor="5">

          </FrontWheel>
      </Wheel>
  </_templates>
  <Truck>
        <HeadLight Pos="(2.166; 1.038; 0)" _template="Default">

        </HeadLight>
        <GameData ExcludeAddons="stuff_hula_girl, stuff_masha" UnlockByExploration="false" Price="3000" UnlockByRank="1" Country="US">
              <CustomizationCameras>
                    <CameraPos Name="roof_sticker" InterestPosition="(4.817; 0.922; -0.735)" Position="(7.521; 4.279; -0.072)" Interior="true" FOV="32.0">

                    </CameraPos>
                    <CameraPos Name="sticker_1" InterestPosition="(6.603; 3.106; 2.078)" Position="(5.023; 1.438; -0.484)" Interior="true" FOV="32.0">

                    </CameraPos>
                    <CameraPos MaxYRotation="360" MaxZoom="2" Name="addon_1" InterestPosition="(4.773; 2.016; 0)" Position="(10.09; 3.448; -3.7)" MaxXRotation="360" FOV="32.0">

                    </CameraPos>
                    <CameraPos MaxYRotation="360" MaxZoom="2" Name="addon_2" InterestPosition="(6.278; 1.008; 0)" Position="(7.786; 2.148; 3.136)" MaxXRotation="360" FOV="32.0">

                    </CameraPos>
                    <CameraPos Name="mirror_mount" InterestPosition="(7.736; 1.436; 2.408)" Position="(4.737; 1.631; -0.715)" Interior="true" FOV="32.0">

                    </CameraPos>
                    <CameraPos MaxYRotation="360" MaxZoom="2" Name="side_r" InterestPosition="(5.601; 1.97; 0)" Position="(3.352; 1.747; -7.216)" MaxXRotation="360" FOV="32.0">

                    </CameraPos>
                    <CameraPos Name="sticker" InterestPosition="(6.662; 0.61; 1.935)" Position="(5.221; 1.595; 0.03)" Interior="true" FOV="32.0">

                    </CameraPos>
                    <CameraPos Name="glass_sticker" InterestPosition="(6.271; 1.651; -0.782)" Position="(8.258; 2.827; 0.559)" Interior="true" FOV="32.0">

                    </CameraPos>
                    <CameraPos Name="door_r_sticker" InterestPosition="(6.959; 0.5; 0.354)" Position="(4.074; 1.337; 2.862)" Interior="true" FOV="32.0">

                    </CameraPos>
                    <CameraPos MaxYRotation="360" MaxZoom="2" Name="roof" InterestPosition="(5.023; 1.645; -0)" Position="(9.925; 3.01; -2.006)" MaxXRotation="360" FOV="32.0">

                    </CameraPos>
                    <CameraPos Name="capote_sticker" InterestPosition="(6.708; 0.662; -0.826)" Position="(9.299; 3.937; -0.485)" Interior="true" FOV="32.0">

                    </CameraPos>
                    <CameraPos MaxYRotation="360" MaxZoom="2" Name="hoods" InterestPosition="(5.581; 0.865; 0)" Position="(11.06; 1.496; -3.289)" MaxXRotation="360" FOV="32.0">

                    </CameraPos>
                    <CameraPos Name="sticker_2" InterestPosition="(6.662; 0.61; 1.935)" Position="(5.221; 1.595; 0.03)" Interior="true" FOV="32.0">

                    </CameraPos>
                    <CameraPos MaxYRotation="360" MaxZoom="2" Name="side_l" InterestPosition="(5.426; 1.664; 0)" Position="(-0.932; 2.13; -4.911)" MaxXRotation="360" FOV="32.0">

                    </CameraPos>
                    <CameraPos Name="bubble_head" InterestPosition="(7.736; 0.816; 1.568)" Position="(5.1; 1.56; -0.11)" Interior="true" FOV="32.0">

                    </CameraPos>
                    <CameraPos MaxYRotation="360" MaxZoom="2" Name="wheels" InterestPosition="(5.797; 0.672; -0.938)" Position="(8.178; 1.462; -3.752)" MaxXRotation="360" FOV="32.0">

                    </CameraPos>
                    <CameraPos MaxYRotation="360" MaxZoom="2" Name="default" InterestPosition="(5.581; 0.865; 0)" Position="(11.06; 1.496; -3.289)" MaxXRotation="360" FOV="32.0">

                    </CameraPos>
                    <CameraPos MaxYRotation="360" MaxZoom="2" Name="rear" InterestPosition="(4.333; 0.92; -0)" Position="(-1.104; 2.037; 3.756)" MaxXRotation="360" FOV="32.0">

                    </CameraPos>
                    <CameraPos Name="door_l_sticker" InterestPosition="(4.877; 0.661; 0.012)" Position="(4.184; 1.328; -2.854)" Interior="true" FOV="32.0">

                    </CameraPos>
                    <CameraPos Name="hood_ornament" InterestPosition="(7.65; 1.302; -1.244)" Position="(8.807; 1.65; -1.244)" Interior="true" FOV="32.0">

                    </CameraPos>
              </CustomizationCameras>
              <UiDesc UiName="UI_VEHICLE_CHEVROLET_CK1500_NAME" UiDesc="UI_VEHICLE_CHEVROLET_CK1500_DESC" UiIconLogo="ChevroletLogo80" UiIcon40x40="scoutVehicleImg" UiIcon30x30="scoutVehicleImg30" UiIcon328x458="shopImgChevroletCK1500">

              </UiDesc>
                    <AddonSockets>
                      <Socket Offset="(0; 0; 0)" Names="ChevroletCk1500TrunkStuff">

                      </Socket>
                    </AddonSockets>
                    <AddonSockets DefaultAddon="chevrolet_ck1500_bumper_rear_default" ParentFrame="BoneBack_cdt">
                        <Socket Offset="(0; 0; 0)" Names="chevrolet_ck1500rearBumper">

                        </Socket>
                        <Socket Offset="(0; 0; 0)" Names="chevrolet_ck1500rearBumper1">

                        </Socket>
                        <Socket Offset="(0; 0; 0)" Names="chevrolet_ck1500rearBumper2">

                        </Socket>
                    </AddonSockets>
                    <AddonSockets DefaultAddon="chevrolet_ck1500_bumper_front_default">
                      <Socket Offset="(0; 0; 0)" Names="chevrolet_ck1500frontBumper">

                      </Socket>
                    </AddonSockets>
                    <AddonSockets DefaultAddon="chevrolet_ck1500_diff_lock_default">
                      <Socket Offset="(0; 0; 0)" Names="ChevroletCK1500DiffLock" ParentFrame="BoneBack_cdt">

                      </Socket>
                    </AddonSockets>
                    <AddonSockets>
                      <Socket Offset="(-2.59; 0.75; 0)" Names="ScautTrailer">
                            <AddonsShift Offset="(-0.069; 0; 0)" Types="chevrolet_ck1500rearBumper1">

                            </AddonsShift>
                            <AddonsShift Offset="(-0.205; 0; 0)" Types="chevrolet_ck1500rearBumper2">

                            </AddonsShift>
                      </Socket>
                    </AddonSockets>
                    <AddonSockets>
                      <Socket ParentFrame="BoneBack_cdt" Offset="(0; 0; 0)" Names="ChevroletCK1500RooftopTrunk" NamesBlock="chevrolet_ck1500SpotLight, chevrolet_ck1500Beacon">

                      </Socket>
                    </AddonSockets>
                    <AddonSockets>
                      <Socket Offset="(0; 0; 0)" Names="chevrolet_ck1500Horn">

                      </Socket>
                    </AddonSockets>
                    <AddonSockets>
                      <Socket Offset="(0; 0; 0)" Names="chevrolet_ck1500Gabarite">

                      </Socket>
                    </AddonSockets>
                    <AddonSockets>
                      <Socket Offset="(0; 0; 0)" Names="chevrolet_ck1500Beacon" NamesBlock="chevrolet_ck1500Gabarite">

                      </Socket>
                    </AddonSockets>
                    <AddonSockets>
                      <Socket Offset="(0; 0; 0)" Names="chevrolet_ck1500SpotLight" NamesBlock="chevrolet_ck1500Beacon">

                      </Socket>
                    </AddonSockets>
                    <AddonSockets>
                      <Socket Offset="(0; 0; 0)" Names="chevrolet_ck1500Visor">

                      </Socket>
                    </AddonSockets>
                    <AddonSockets>
                      <Socket Offset="(0; 0; 0)" Names="chevrolet_ck1500Threshold">

                      </Socket>
                    </AddonSockets>
                    <AddonSockets>
                      <Socket Offset="(0; 0; 0)" Names="chevrolet_ck1500Snorkel">

                      </Socket>
                    </AddonSockets>
                    <AddonSockets>
                      <Socket Offset="(0; 0; 0)" Names="ChevroletCk1500Sticker_1x1_01" InCockpit="true">

                      </Socket>
                    </AddonSockets>
                    <AddonSockets>
                      <Socket Offset="(0; 0; 0)" Names="ChevroletCk1500Sticker_1x1_02" InCockpit="true">

                      </Socket>
                    </AddonSockets>
                    <AddonSockets>
                      <Socket Offset="(0; 0; 0)" Names="ChevroletCk1500Sticker_1x1_03" InCockpit="true">

                      </Socket>
                    </AddonSockets>
                    <AddonSockets>
                      <Socket Offset="(0; 0; 0)" Names="ChevroletCk1500Sticker_1x1_04" InCockpit="true">

                      </Socket>
                    </AddonSockets>
                    <AddonSockets>
                      <Socket Offset="(0; 0; 0)" Names="ChevroletCk1500Sticker_1x1_05" InCockpit="true">

                      </Socket>
                    </AddonSockets>
                    <AddonSockets>
                      <Socket Offset="(0; 0; 0)" Names="ChevroletCk1500Sticker_1x1_06" InCockpit="true">

                      </Socket>
                    </AddonSockets>
                    <AddonSockets>
                      <Socket Offset="(0.62; 1.691; 0)" Names="StuffAirfreshener" InCockpit="true">

                      </Socket>
                    </AddonSockets>
                    <AddonSockets>
                      <Socket Offset="(0.941; 1.363; -0.084)" Names="StuffDashboard" InCockpit="true">

                      </Socket>
                    </AddonSockets>
                    <AddonSockets>
                      <Socket Names="ChevroletCk1500Sticker_Roof">

                      </Socket>
                    </AddonSockets>
                    <AddonSockets>
                      <Socket Names="ChevroletCk1500Sticker_Capote" InCockpit="true">

                      </Socket>
                    </AddonSockets>
                    <AddonSockets>
                      <Socket Names="ChevroletCk1500Sticker_Door_L" InCockpit="true">

                      </Socket>
                    </AddonSockets>
                    <AddonSockets>
                      <Socket Names="ChevroletCk1500Sticker_Door_R">

                      </Socket>
                    </AddonSockets>
                    <AddonSockets>
                      <Socket Names="ChevroletCk1500Sticker_GlassTop" InCockpit="true">

                      </Socket>
                    </AddonSockets>
                    <AddonSockets>
                      <Socket Names="StuffHoodChevroletCk1500">

                      </Socket>
                    </AddonSockets>
                      <CraneSocket Pos="(2.267; 0.597; -0.438)">

                      </CraneSocket>
                      <CraneSocket Pos="(2.267; 0.597; 0.438)">

                      </CraneSocket>
                      <CraneSocket Pos="(0.2; 1.9; 0)">

                      </CraneSocket>
                      <CraneSocket Pos="(-2.585; 0.733; 0)">

                      </CraneSocket>
                      <CraneSocket Pos="(-0.373; 0.62; -0.992)">

                      </CraneSocket>
                      <CraneSocket Pos="(-0.373; 0.62; 0.992)">

                      </CraneSocket>
                        <WinchSocket Pos="(2.267; 0.597; -0.438)">

                        </WinchSocket>
                        <WinchSocket Pos="(2.267; 0.597; 0.438)">

                        </WinchSocket>
                        <WinchSocket Pos="(-2.585; 0.733; 0)">

                        </WinchSocket>
                        <WinchSocket Pos="(-0.373; 0.62; -0.992)">

                        </WinchSocket>
                        <WinchSocket Pos="(-0.373; 0.62; 0.992)">

                        </WinchSocket>
        </GameData>
              <BreakableLight Min="(1; 0; -1)" BreakThreshold=".1" Max="(3; 1; 0)" Pos="(2.185; 0.868; 0.6)">

              </BreakableLight>
              <BreakableLight Min="(1; 0; -1)" BreakThreshold=".1" Max="(3; 1; 0)" Pos="(2.185; 0.868; -0.6)">

              </BreakableLight>
              <BreakableLight Min="(1; 0; -1)" BreakThreshold=".1" Max="(3; 1; 0)" Pos="(-2.46; 0.925; -0.762)">

              </BreakableLight>
              <BreakableLight Min="(1; 0; -1)" BreakThreshold=".1" Max="(3; 1; 0)" Pos="(-2.46; 0.925; 0.762)">

              </BreakableLight>
        <PhysicsModel Mesh="trucks/chevrolet_ck1500">
                  <Body CenterOfMassOffset="(-0.1; 0; 0)" NetSync="pv" Mass="1000" ImpactType="Truck">
                        <Body NetSync="pv" CenterOfMassOffset="(-0.2; -0.2; 0)" ModelFrame="BoneBack_cdt" Mass="1000" ImpactType="Truck">
                          <Constraint Type="Fixed">

                          </Constraint>
                        </Body>
                        <Body ModelFrame="BoneMirrorLeft_cdt" _template="SideMirror">
                          <Constraint AxisLocal="(0; 1; 0)">

                          </Constraint>
                        </Body>
                        <Body ModelFrame="BoneMirrorRight_cdt" _template="SideMirror">
                          <Constraint AxisLocal="(0; 1; 0)">

                          </Constraint>
                        </Body>
                        <Body ModelFrame="BoneTrigger_cdt" Mass="1" AngularDamping="2.0" Collisions="None">
                          <Constraint Type="Hinge" MaxLimit="15" AxisLocal="(1; 0; 0)" MinLimit="-15">
                              <Motor Spring="10" Damping="5" Type="Spring">

                              </Motor>
                          </Constraint>
                        </Body>
                        <Body ModelFrame="BoneBelt_cdt" Mass="1" Collisions="None">
                          <Constraint Type="Prismatic" MaxLimit="0.01" AxisLocal="(1; 0; 0)" MinLimit="-0.01">
                              <Motor Spring="600" Damping="50" Type="Spring">

                              </Motor>
                          </Constraint>
                        </Body>
                  </Body>
                  <NetSync Legacy="false">

                  </NetSync>
        </PhysicsModel>
        <Snorkel Origin="(2.365; 0.953; 0)">

        </Snorkel>
        <AutomaticIK>
                      <IKBone ParentFrame="BoneRackRight" ModelFrame="BoneRackSlider">
                          <IKJoint Type="Hinge" AxisLocal="(0; 1; 0)">

                          </IKJoint>
                          <IKBone AttachToFrame="BoneRackLeft" AttachOffset="(0; 0; 0)" ModelFrame="BoneRackHinge">
                                <IKJoint Type="Slider" AxisLocal="(0; 0; 1)">

                                </IKJoint>
                          </IKBone>
                      </IKBone>
        </AutomaticIK>
        <Landmark MaxScale="3.8" Mesh="landmarks/chevrolet_ck1500_lmk" MinScale="1.8">

        </Landmark>
        <ModelAttachments>
                          <HeadLight>
                                <Flare Pos="(2.25; 1.038; -0.585)" _template="HeadLight">

                                </Flare>
                                <Flare Pos="(2.25; 1.038; 0.585)" _template="HeadLight">

                                </Flare>
                                <Flare Pos="(2.25; 1.038; -0.73)" _template="BlueStreak" Color="g(220; 220; 255) x 0.07" Size="0.7">

                                </Flare>
                                <Flare Pos="(2.25; 1.038; 0.73)" _template="BlueStreak" Color="g(220; 220; 255) x 0.07" Size="0.7">

                                </Flare>
                                  <Model Org="(2.25; 1.038; -0.585)" _template="HeadLightRay">

                                  </Model>
                                  <Model Org="(2.25; 1.038; 0.585)" _template="HeadLightRay">

                                  </Model>
                          </HeadLight>
                          <StopSignals>
                                <Light Pos="(-2.479; 1.044; 0)" _template="StopSignal">

                                </Light>
                                    <Flare Pos="(-2.452; 1.044; -0.756)" Size="0.3" _template="StopSignal">

                                    </Flare>
                                    <Flare Pos="(-2.452; 1.044; 0.756)" Size="0.3" _template="StopSignal">

                                    </Flare>
                          </StopSignals>
                          <Ignition>
                                    <Light Pos="(2.185; 0.868; 0.6)" _template="IgnitionSignalWhite">

                                    </Light>
                                    <Light Pos="(2.185; 0.868; -0.6)" _template="IgnitionSignalWhite">

                                    </Light>
                                    <Light Pos="(-2.467; 0.868; 0)" _template="IgnitionSignalRed">

                                    </Light>
                                      <Flare Pos="(2.19; 0.868; -0.58)" _template="IgnitionSignalWhiteWarm" Color="g(210; 163; 50) x 0.3" Size="0.2">

                                      </Flare>
                                      <Flare Pos="(2.19; 0.868; 0.58)" _template="IgnitionSignalWhiteWarm" Color="g(210; 163; 50) x 0.3" Size="0.2">

                                      </Flare>
                                      <Flare Pos="(2.135; 0.868; -0.733)" _template="IgnitionSignalWhiteWarm" Color="g(210; 163; 50) x 0.3" Size="0.2">

                                      </Flare>
                                      <Flare Pos="(2.135; 0.868; 0.733)" _template="IgnitionSignalWhiteWarm" Color="g(210; 163; 50) x 0.3" Size="0.2">

                                      </Flare>
                                      <Flare Pos="(2.146; 0.87; 0.858)" _template="IgnitionSignalOrange" Color="g(235; 165; 10) x 0.2" Size="0.2">

                                      </Flare>
                                      <Flare Pos="(2.146; 0.87; -0.858)" _template="IgnitionSignalOrange" Color="g(235; 165; 10) x 0.2" Size="0.2">

                                      </Flare>
                                      <Flare Pos="(2.166; 1.038; -0.73)" _template="IgnitionSignalWhite">

                                      </Flare>
                                      <Flare Pos="(2.166; 1.038; 0.73)" _template="IgnitionSignalWhite">

                                      </Flare>
                                      <Flare Pos="(-2.467; 1.044; -0.771)" Dir="(-1; 0; 0)" _template="IgnitionSignalRed" Size="0.3">

                                      </Flare>
                                      <Flare Pos="(-2.467; 1.044; 0.771)" Dir="(-1; 0; 0)" _template="IgnitionSignalRed" Size="0.3">

                                      </Flare>
                          </Ignition>
                          <ReverseSignals>
                                    <Light OuterCone="160" _template="ReverseSignal" Color="(80; 80; 80)" Pos="(-2.686; 0.925; 0)">

                                    </Light>
                                        <Flare Pos="(-2.46; 0.925; -0.762)" _template="ReverseSignal" Size="0.4" DirAngle="135">

                                        </Flare>
                                        <Flare Pos="(-2.46; 0.925; 0.762)" _template="ReverseSignal" Size="0.4" DirAngle="135">

                                        </Flare>
                                        <Flare Pos="(-2.46; 0.925; -0.762)" Dir="(-1; 0; 0)" _template="BlueStreak" Color="g(220; 220; 255) x 0.05" Size="0.4">

                                        </Flare>
                                        <Flare Pos="(-2.46; 0.925; 0.762)" Dir="(-1; 0; 0)" _template="BlueStreak" Color="g(220; 220; 255) x 0.05" Size="0.4">

                                        </Flare>
                          </ReverseSignals>
        </ModelAttachments>
        <TruckData SteerSpeed="0.03" EngineStartDelay="1.7" EngineIconMesh="env/engine_small" TruckType="SCOUT" Responsiveness="0.6" BackSteerSpeed="0.06" TruckImage="chvr1500mchr" FuelCapacity="80" DiffLockType="Uninstalled" ExhaustStartTime="1.6" EngineIconScale="1.15">
                            <Driver Pos="(0.174; 0.941; 0.438)" AnimationSet="Scout" SteeringWheelPos="(0.48; 1.328; 0.435)">

                            </Driver>
                            <SoundsDamage _template="Scout">

                            </SoundsDamage>
                            <Shakers>
                                      <Shaker MaxFrequency="4" Frame="BoneExhaust1" MaxAngle="(1.5; 1.5; 1.5)">

                                      </Shaker>
                                      <Shaker MaxFrequency="4" Frame="BoneExhaust2" MaxAngle="(1.5; 1.5; 1.5)">

                                      </Shaker>
                            </Shakers>
                            <OcclusionMap MinX="-2.8" Texture="trucks/occlusion/chassis_small__s_d_a.tga" HalfSizeZ="1.6" MaxX="2.5">

                            </OcclusionMap>
                            <FuelTank DamageCapacity="50">

                            </FuelTank>
                                        <CompatibleWheels Type="wheels_scout1" Scale="0.40">

                                        </CompatibleWheels>
                                        <CompatibleWheels Type="wheels_scout2" Scale="0.40">

                                        </CompatibleWheels>
                                        <CompatibleWheels Type="wheels_scout1" Scale="0.45">

                                        </CompatibleWheels>
                                        <CompatibleWheels Type="wheels_scout2" Scale="0.45">

                                        </CompatibleWheels>
                                        <CompatibleWheels Type="wheels_scout2" Scale="0.48">

                                        </CompatibleWheels>
                            <EngineSocket Type="e_us_scout_old, e_us_scout_old_ck1500" Default="us_scout_old_engine_0">

                            </EngineSocket>
                            <SuspensionSocket Type="s_chevrolet_ck1500" MaxWheelRadiusWithoutSuspension="0.3" Default="chevrolet_ck1500_suspension_default">

                            </SuspensionSocket>
                            <Dashboard>
                                                  <Gauge InputRange="(0;90)" Dir="(-0.97; 0.242; -0)" InputType="speed" Org="(0.796; 1.289; 0.43)" Damping="0.7" Mesh="trucks/arrows/chevrolet_ck1500_arrow_01" OutputAngles="(-73;73)">

                                                  </Gauge>
                                                  <Gauge Dir="(-0.97; 0.242; -0)" Mesh="trucks/arrows/chevrolet_ck1500_arrow_01" OutputAngles="(-35;35)" InputType="fuel" Org="(0.801; 1.297; 0.318)" Damping="0" Scale=".8" InputRange="(0;1)">

                                                  </Gauge>
                                                  <Gauge Dir="(-0.97; 0.242; -0)" Mesh="trucks/arrows/chevrolet_ck1500_arrow_01" OutputAngles="(-31;1)" InputType="engineEnabled" Org="(0.782; 1.232; 0.318)" Damping="0" Scale=".8" InputRange="(0;1)">

                                                  </Gauge>
                                                  <Gauge Dir="(-0.97; 0.242; -0)" Mesh="trucks/arrows/chevrolet_ck1500_arrow_01" OutputAngles="(-34;8)" InputType="engineEnabled" Org="(0.782; 1.232; 0.543)" Damping=".9" Scale=".8" InputRange="(0;1)">

                                                  </Gauge>
                                                  <Gauge Dir="(-0.97; 0.242; -0)" Mesh="trucks/arrows/chevrolet_ck1500_arrow_01" OutputAngles="(-36;-6)" InputType="engineEnabled" Org="(0.801; 1.297; 0.543)" Damping="0.9993" Scale=".8" InputRange="(0;1)">

                                                  </Gauge>
                            </Dashboard>
                            <Axles>
                                                    <Axle Frame="BoneAxleFrontLeft">

                                                    </Axle>
                                                    <Axle Frame="BoneAxleFrontRight">

                                                    </Axle>
                                                    <Axle Frame="BoneAxleRear">

                                                    </Axle>
                            </Axles>
                            <Camera Center="(-1; 0; 0)" RadiusMultiplier="0.8">
                                                    <Cockpit WindshieldDiffuseTexture="trucks/chevrolet_ck1500_glass__d_a.tga" _template="Default" WindshieldShadingTexture="trucks/chevrolet_ck1500_glass__sh_d.tga" ViewPos="(0.083; 1.63; 0.431)">
                                                        <Rear HorTransitionEnd="-1.2" ViewPosOffset="(0.2; -0.1; 0.55)" HorTransitionStart="-1.1">

                                                        </Rear>
                                                            <Mirror FOVScale="1.4" ClipDir="(-0.966; 0; -0.259)" MeshFrame="mirror_left" Pos="(0.739; 1.426; 1.028)" Size="(0.229; 0.17)" ReflectionDir="(-0.966; 0; -0.259)">

                                                            </Mirror>
                                                            <Mirror FOVScale="1.4" ClipDir="(-0.866; 0; 0.5)" MeshFrame="mirror_right" Pos="(0.717; 1.426; -1.014)" Size="(0.229; 0.17)" ReflectionDir="(-0.866; 0; 0.5)">

                                                            </Mirror>
                                                            <Mirror FOVScale="1.3" ClipDir="(-0.94; -0.072; 0.333)" MeshFrame="hp_cab_mirror" Pos="(0.585; 1.662; 0.002)" ReflectionDir="(-0.94; -0.072; 0.333)" Size="(0.22; 0.08)" ClipOffset="0.1">

                                                            </Mirror>
                                                    </Cockpit>
                            </Camera>
                            <Exhaust IsLight="true" Dir="(-0.178; 0; -0.984)" Speed="2.0" Origin="(-2.134; 0.469; -0.869)">

                            </Exhaust>
                            <Sounds _template="Default" MinDist="8.0" Origin="(1.4; 0.9; 0)" DisableReversePitch="false">
                                                        <Reverse Sound="">

                                                        </Reverse>
                                                        <EngineHeavy_2d IsSound2D="true" Sound="trucks/chevrolet_ck1500/chevrolet_ck1500_heavy_2d">

                                                        </EngineHeavy_2d>
                                                        <EngineLow Sound="trucks/chevrolet_ck1500/chevrolet_ck1500_low">

                                                        </EngineLow>
                                                        <BrakePull Sound="">

                                                        </BrakePull>
                                                        <EngineHigh Sound="trucks/chevrolet_ck1500/chevrolet_ck1500_high">

                                                        </EngineHigh>
                                                        <Gear Sound="trucks/common/truck_gear_shift_light_rnd_set/truck_gear_shift_light_rnd">

                                                        </Gear>
                                                        <ChassisStress Sound="trucks/common/truck_swing_small_rnd_set/truck_swing_small_rnd">

                                                        </ChassisStress>
                                                        <AbruptStop Sound="">

                                                        </AbruptStop>
                                                        <EngineRev Sound="">

                                                        </EngineRev>
                                                        <EngineHeavy Sound="trucks/chevrolet_ck1500/chevrolet_ck1500_heavy">

                                                        </EngineHeavy>
                                                        <EngineLow_2d IsSound2D="true" Sound="trucks/chevrolet_ck1500/chevrolet_ck1500_low_2d">

                                                        </EngineLow_2d>
                                                        <EngineHigh_2d IsSound2D="true" Sound="trucks/chevrolet_ck1500/chevrolet_ck1500_high_2d">

                                                        </EngineHigh_2d>
                                                        <EngineIdle Sound="trucks/chevrolet_ck1500/chevrolet_ck1500_idle">

                                                        </EngineIdle>
                                                        <EngineIdle_2d IsSound2D="true" Sound="trucks/chevrolet_ck1500/chevrolet_ck1500_idle_2d">

                                                        </EngineIdle_2d>
                                                        <EngineStart Sound="trucks/chevrolet_ck1500/chevrolet_ck1500_start">

                                                        </EngineStart>
                                                        <Handbrake Sound="trucks/common/truck_handbrake_switch_alt1">

                                                        </Handbrake>
                                                        <BrakeRelease Sound="">

                                                        </BrakeRelease>
                                                        <GearFail Sound="trucks/common/truck_gear_wrong/truck_gear_wrong_small_old">

                                                        </GearFail>
                                                        <Honk Sound="trucks/chevrolet_ck1500/chevrolet_ck1500_honk">

                                                        </Honk>
                                                        <EngineStop Sound="trucks/chevrolet_ck1500/chevrolet_ck1500_stop">

                                                        </EngineStop>
                                                        <BrakesSqueal Sound="trucks/int_scout_800/int_scout_800_brakes_squeal">

                                                        </BrakesSqueal>
                                                        <EngineAccel Sound="trucks/chevrolet_ck1500/chevrolet_ck1500_acc">

                                                        </EngineAccel>
                            </Sounds>
                            <GearboxSocket Type="gearboxes_scouts" Default="g_scout_default">

                            </GearboxSocket>
                            <Steam Origin="(1.544; 0.943; 0)">

                            </Steam>
                            <Wheels DefaultWheelType="wheels_scout1" DefaultTire="highway_1" DefaultRim="rim_1">
                                                                <Wheel Pos="(1.535; 0.367; 0.835)" _template="FrontWheel">

                                                                </Wheel>
                                                                <Wheel RightSide="true" Pos="(1.535; 0.367; 0.835)" _template="FrontWheel">

                                                                </Wheel>
                                                                <Wheel Pos="(-1.425; 0.367; 0.835)" _template="RearWheel">

                                                                </Wheel>
                                                                <Wheel RightSide="true" Pos="(-1.425; 0.367; 0.835)" _template="RearWheel">

                                                                </Wheel>
                            </Wheels>
                            <WinchUpgradeSocket Type="winches_scouts" Default="w_scout_default" IsUpgradable="true">

                            </WinchUpgradeSocket>
                            <SteeringRack Frame="BoneRack" RackHalfSizeZ="0.763" FrameSteerLeft="BoneRackLeft" FrameSteerRight="BoneRackRight">

                            </SteeringRack>
                            <SteeringWheel Frame="BoneSteering">

                            </SteeringWheel>
                            <SoundsWheels _template="Default">

                            </SoundsWheels>
                            <Damage>
                                                                          <DamageArea Min="(1.15; 0.55; -0.5)" ParentFrame="BoneChassis_cdt" Max="(2.3; 1.3; 0.5)" Type="Engine">

                                                                          </DamageArea>
                                                                          <DamageArea Min="(-1; 0.35; -0.85)" ParentFrame="BoneChassis_cdt" Max="(1; 0.7; 0.85)" Type="FuelTank">

                                                                          </DamageArea>
                            </Damage>
                            <Shafts>
                                                                            <Shaft SocketPointA="Shaft1a" Mesh="env/minishaft" SocketPointB="Shaft1b">

                                                                            </Shaft>
                                                                            <Shaft SocketPointA="Shaft2a" Mesh="env/minishaft" SocketPointB="Shaft2b">

                                                                            </Shaft>
                            </Shafts>
        </TruckData>
  </Truck>