  <_templates Include="trucks">
      <Wheel>
          <RearWheel Location="rear" ConnectedToHandbrake="true" Torque="default">

          </RearWheel>
          <FrontWheel SteeringAngle="28" Location="front" ParentFrame="BoneCabin_cdt" Torque="default" SteeringCastor="12">

          </FrontWheel>
      </Wheel>
      <Body>
            <SideMirror Mass="5" Collisions="None">
                <Constraint Type="Hinge" MaxLimit="15" AxisLocal="(1; 0; 0)" MinLimit="-15">
                    <Motor Spring="250" Damping="5" Type="Spring">

                    </Motor>
                </Constraint>
            </SideMirror>
            <TieRod Mass="1">
                  <Constraint Type="Hinge" MaxLimit="15" AxisLocal="(0; 1; 0)" MinLimit="-15">
                      <Motor Type="Position" Force="6000" Damping="1.0" Tau="1">

                      </Motor>
                  </Constraint>
            </TieRod>
      </Body>
  </_templates>
  <Truck>
        <HeadLight Pos="(6.922; 1.131; 0)" _template="Default">

        </HeadLight>
        <GameData ExcludeAddons="frame_addon_flatbed_2" UnlockByExploration="true" Price="106800" UnlockByRank="1" Country="RU,CAS">
              <CustomizationCameras>
                    <CameraPos Name="roof_sticker" InterestPosition="(6.744; 2.69; -1.173)" Position="(8.242; 5.816; -0.742)" Interior="true" FOV="32.0">

                    </CameraPos>
                    <CameraPos Name="sticker_1" InterestPosition="(8.97; 4.556; 2.113)" Position="(5.743; 2.129; -0.975)" Interior="true" FOV="32.0">

                    </CameraPos>
                    <CameraPos MaxYRotation="360" MaxZoom="2" Name="addon_1" InterestPosition="(-0.993; 1.706; -0)" Position="(-9.636; 4.936; 4.823)" MaxXRotation="360" FOV="32.0">

                    </CameraPos>
                    <CameraPos MaxYRotation="360" MaxZoom="2" Name="addon_2" InterestPosition="(5.759; 2.49; 0)" Position="(10.793; 4.409; -3.424)" MaxXRotation="360" FOV="32.0">

                    </CameraPos>
                    <CameraPos Name="mirror_mount" InterestPosition="(9.707; 2.54; 1.939)" Position="(5.656; 2.342; -0.976)" Interior="true" FOV="32.0">

                    </CameraPos>
                    <CameraPos MaxYRotation="360" MaxZoom="2" Name="side_r" InterestPosition="(5.601; 1.97; 0)" Position="(3.352; 1.747; -7.216)" MaxXRotation="360" FOV="32.0">

                    </CameraPos>
                    <CameraPos Name="sticker" InterestPosition="(8.668; 0.201; 1.837)" Position="(5.986; 2.463; -0.201)" Interior="true" FOV="32.0">

                    </CameraPos>
                    <CameraPos Name="door_r_sticker" InterestPosition="(7.658; 1.311; 0.792)" Position="(4.572; 2.066; 4.197)" Interior="true" FOV="32.0">

                    </CameraPos>
                    <CameraPos MaxYRotation="360" MaxZoom="2" Name="roof" InterestPosition="(5.118; 1.554; 0)" Position="(-1.07; 4.773; -3.89)" MaxXRotation="360" FOV="32.0">

                    </CameraPos>
                    <CameraPos Name="glass_sticker" InterestPosition="(6.708; 2.133; -0.75)" Position="(11.268; 4.289; 0.903)" Interior="true" FOV="32.0">

                    </CameraPos>
                    <CameraPos MaxYRotation="360" MaxZoom="2" Name="hoods" InterestPosition="(5.838; 1.818; 0)" Position="(13.87; 1.285; -4.407)" MaxXRotation="360" FOV="32.0">

                    </CameraPos>
                    <CameraPos Name="sticker_2" InterestPosition="(6.662; 0.61; 1.935)" Position="(5.221; 1.595; 0.03)" Interior="true" FOV="32.0">

                    </CameraPos>
                    <CameraPos MaxYRotation="360" MaxZoom="2" Name="side_l" InterestPosition="(2.672; 1.664; -0)" Position="(0.252; 2.13; -5.376)" MaxXRotation="360" FOV="32.0">

                    </CameraPos>
                    <CameraPos Name="bubble_head" InterestPosition="(9.442; 0.897; 1.844)" Position="(5.962; 2.361; -0.437)" Interior="true" FOV="32.0">

                    </CameraPos>
                    <CameraPos MaxYRotation="360" MaxZoom="2" Name="wheels" InterestPosition="(4.133; 0.669; -0)" Position="(7.893; 1.697; -5.834)" MaxXRotation="360" FOV="32.0">

                    </CameraPos>
                    <CameraPos MaxYRotation="360" MaxZoom="2" Name="default" InterestPosition="(5.838; 1.818; 0)" Position="(13.87; 1.285; -4.407)" MaxXRotation="360" FOV="32.0">

                    </CameraPos>
                    <CameraPos MaxYRotation="360" MaxZoom="2" Name="rear" InterestPosition="(2.057; 1.117; 0)" Position="(-5.216; 1.658; 2.478)" MaxXRotation="360" FOV="32.0">

                    </CameraPos>
                    <CameraPos Name="door_l_sticker" InterestPosition="(5.983; 1.426; -0.471)" Position="(4.484; 2.07; -4.234)" Interior="true" FOV="32.0">

                    </CameraPos>
                    <CameraPos Name="hood_ornament" InterestPosition="(7.716; 2.014; -1.466)" Position="(8.767; 2.329; -1.466)" Interior="true" FOV="32.0">

                    </CameraPos>
                    <CameraPos Name="curtain" InterestPosition="(9.707; 2.54; 1.939)" Position="(5.656; 2.342; -0.976)" Interior="true" FOV="32.0">

                    </CameraPos>
              </CustomizationCameras>
              <UiDesc UiName="UI_VEHICLE_DAN_96320_NAME" UiDesc="UI_VEHICLE_DAN_96320_DESC" UiIconLogo="DANLogo80" UiIcon40x40="heavyVehicleImg" UiIcon30x30="heavyVehicleImg30" UiIcon328x458="shopImgDan96320">

              </UiDesc>
                    <AddonSockets>
                        <Socket Offset="(-2.63; 1.5; 0)" Names="Semitrailer, SemitrailerOiltank">

                        </Socket>
                        <Socket Offset="(-1.5; 1.7; 0)" Names="LargeSemitrailer, LargeSemitrailerOiltank">

                        </Socket>
                        <Socket Offset="(-4.21; 1; -0)" Names="Trailer">

                        </Socket>
                    </AddonSockets>
                    <AddonSockets>
                        <Socket Offset="(-5.; 1.184; 0)" Names="BunkLog">

                        </Socket>
                        <Socket Offset="(-2.63; 1.184; 0)" Names="SaddleLow">
                            <ExtraParent Offset="(0; 0; -0.03)" Frame="BoneChassis_cdt">

                            </ExtraParent>
                            <ExtraParent Offset="(0; 0; 0.03)" Frame="BoneChassis_cdt">

                            </ExtraParent>
                        </Socket>
                        <Socket Offset="(-1.5; 1.184; 0)" Names="SaddleHigh">
                            <ExtraParent Offset="(0; 0; -0.03)" Frame="BoneChassis_cdt">

                            </ExtraParent>
                            <ExtraParent Offset="(0; 0; 0.03)" Frame="BoneChassis_cdt">

                            </ExtraParent>
                        </Socket>
                        <Socket Offset="(-1.1; 1.42; 0)" Names="FrameAddonFlatbedDan96320" ParentFrame="BoneChassis_cdt">

                        </Socket>
                        <Socket Offset="(-1.1; 1.185; 0)" Names="FrameAddon" ParentFrame="BoneChassis_cdt">

                        </Socket>
                        <Socket Offset="(-2; 1.254; 0)" Names="FrameAddonTankDan96320" ParentFrame="BoneChassis_cdt">

                        </Socket>
                        <Socket Offset="(-1.2; 1.185; 0)" Names="FrameAddonKungDan96320" ParentFrame="BoneChassis_cdt">

                        </Socket>
                        <Socket ParentFrame="BoneChassis_cdt" Offset="(-1.9; 1.21; 0)" Names="BigCraneRu" NamesBlock="Dan96320WheelAddon">
                            <ExtraParent Offset="(0; -0.033; -0.03)" Frame="BoneChassis_cdt">

                            </ExtraParent>
                            <ExtraParent Offset="(0; -0.033; 0.03)" Frame="BoneChassis_cdt">

                            </ExtraParent>
                        </Socket>
                    </AddonSockets>
                    <AddonSockets>
                      <Socket Offset="(0; 0; 0)" Names="Dan96320WheelAddon" ParentFrame="BoneCabin_cdt">
                          <ExtraParent Frame="BoneChassis_cdt">

                          </ExtraParent>
                      </Socket>
                    </AddonSockets>
                    <AddonSockets DefaultAddon="dan_96320_beacon_default">
                      <Socket Offset="(0; 0; 0)" Names="Dan96320Beacon" ParentFrame="BoneCabin_cdt">

                      </Socket>
                    </AddonSockets>
                    <AddonSockets>
                      <Socket Offset="(0; 0; 0)" Names="Dan96320Bumper" ParentFrame="BoneCabin_cdt">

                      </Socket>
                    </AddonSockets>
                    <AddonSockets>
                      <Socket Offset="(0; 0; 0)" Names="Dan96320AirConditioner" ParentFrame="BoneCabin_cdt">

                      </Socket>
                    </AddonSockets>
                    <AddonSockets>
                      <Socket Offset="(0; 0; 0)" Names="Dan96320SpotLight" ParentFrame="BoneCabin_cdt">

                      </Socket>
                    </AddonSockets>
                    <AddonSockets>
                      <Socket Offset="(0; 0; 0)" Names="Dan96320Horn" ParentFrame="BoneCabin_cdt">

                      </Socket>
                    </AddonSockets>
                    <AddonSockets DefaultAddon="dan_96320_exhaust_default">
                      <Socket Offset="(0; 0; 0)" Names="Dan96320Exhaust" ParentFrame="BoneCabin_cdt">
                          <ExtraParent Frame="BoneChassis_cdt">

                          </ExtraParent>
                      </Socket>
                    </AddonSockets>
                    <AddonSockets>
                      <Socket ParentFrame="BoneCabin_cdt" Offset="(6.409; 2.01; 0.13)" Names="StuffDashboard" InCockpit="true">

                      </Socket>
                    </AddonSockets>
                    <AddonSockets>
                      <Socket ParentFrame="BoneCabin_cdt" Names="Dan96320Sticker_1x1_01" InCockpit="true">

                      </Socket>
                    </AddonSockets>
                    <AddonSockets>
                      <Socket ParentFrame="BoneCabin_cdt" Names="Dan96320Sticker_1x1_02" InCockpit="true">

                      </Socket>
                    </AddonSockets>
                    <AddonSockets>
                      <Socket ParentFrame="BoneCabin_cdt" Names="Dan96320Sticker_1x1_03" InCockpit="true">

                      </Socket>
                    </AddonSockets>
                    <AddonSockets>
                      <Socket ParentFrame="BoneCabin_cdt" Names="Dan96320Sticker_1x2_01" InCockpit="true">

                      </Socket>
                    </AddonSockets>
                    <AddonSockets>
                      <Socket ParentFrame="BoneCabin_cdt" Names="Dan96320Sticker_1x2_02" InCockpit="true">

                      </Socket>
                    </AddonSockets>
                    <AddonSockets>
                      <Socket ParentFrame="BoneCabin_cdt" Names="Dan96320Sticker_1x4_01" InCockpit="true">

                      </Socket>
                    </AddonSockets>
                    <AddonSockets>
                        <Socket ParentFrame="BoneCabin_cdt" Offset="(6.216; 2.602; 0.507)" Names="StuffAirfreshener" InCockpit="true">

                        </Socket>
                        <Socket ParentFrame="BoneCabin_cdt" Names="StuffCurtainDan96320" InCockpit="true">

                        </Socket>
                    </AddonSockets>
                    <AddonSockets>
                      <Socket ParentFrame="BoneCabin_cdt" Names="Dan96320Sticker_GlassTop" InCockpit="true">

                      </Socket>
                    </AddonSockets>
                    <AddonSockets>
                      <Socket ParentFrame="BoneCabin_cdt" Names="Dan96320Sticker_GlassBottom" InCockpit="true">

                      </Socket>
                    </AddonSockets>
                    <AddonSockets>
                      <Socket Names="Dan96320Sticker_Roof" ParentFrame="BoneCabin_cdt">

                      </Socket>
                    </AddonSockets>
                    <AddonSockets>
                      <Socket Names="Dan96320Sticker_Door_R" ParentFrame="BoneCabin_cdt">

                      </Socket>
                    </AddonSockets>
                    <AddonSockets>
                      <Socket ParentFrame="BoneCabin_cdt" Names="Dan96320Sticker_Door_L" InCockpit="true">

                      </Socket>
                    </AddonSockets>
                    <AddonSockets>
                      <Socket Names="StuffHoodDan96320" ParentFrame="BoneCabin_cdt">

                      </Socket>
                    </AddonSockets>
                      <CraneSocket Pos="(6.916; 1.172; -0.543)" ParentFrame="BoneCabin_cdt">

                      </CraneSocket>
                      <CraneSocket Pos="(6.916; 1.172; 0.543)" ParentFrame="BoneCabin_cdt">

                      </CraneSocket>
                      <CraneSocket Pos="(3.392; 0.494; -0.339)" ParentFrame="BoneCabin_cdt">

                      </CraneSocket>
                      <CraneSocket Pos="(3.392; 0.494; 0.339)" ParentFrame="BoneCabin_cdt">

                      </CraneSocket>
                      <CraneSocket Pos="(-0.06; 0.494; -0.339)">

                      </CraneSocket>
                      <CraneSocket Pos="(-0.06; 0.494; 0.339)">

                      </CraneSocket>
                      <CraneSocket Pos="(-4.12; 1.019; -0.339)">

                      </CraneSocket>
                      <CraneSocket Pos="(-4.12; 1.019; 0.339)">

                      </CraneSocket>
                        <WinchSocket Pos="(6.916; 1.172; -0.543)" ParentFrame="BoneCabin_cdt">

                        </WinchSocket>
                        <WinchSocket Pos="(6.916; 1.172; 0.543)" ParentFrame="BoneCabin_cdt">

                        </WinchSocket>
                        <WinchSocket Pos="(3.392; 0.494; -0.339)" ParentFrame="BoneCabin_cdt">

                        </WinchSocket>
                        <WinchSocket Pos="(3.392; 0.494; 0.339)" ParentFrame="BoneCabin_cdt">

                        </WinchSocket>
                        <WinchSocket Pos="(-0.06; 0.494; -0.339)">

                        </WinchSocket>
                        <WinchSocket Pos="(-0.06; 0.494; 0.339)">

                        </WinchSocket>
                        <WinchSocket Pos="(-4.12; 1.019; -0.339)">

                        </WinchSocket>
                        <WinchSocket Pos="(-4.12; 1.019; 0.339)">

                        </WinchSocket>
        </GameData>
        <PhysicsModel Mesh="trucks/dan_96320">
                <Body CenterOfMassOffset="(2; 0; 0)" NetSync="pv" Mass="12000" ImpactType="Truck">
                    <Body NetSync="pv" CenterOfMassOffset="(0; 0; 0)" ModelFrame="BoneCabin_cdt" Mass="3400" ImpactType="Truck">
                        <Constraint Type="Hinge" MaxLimit="15" AxisLocal="(1; 0; 0)" MinLimit="-15" PivotOffset="(0; 0; 0)">
                            <Motor Spring="240000" Damping="24000" Type="Spring">

                            </Motor>
                        </Constraint>
                            <Body ModelFrame="BoneTieRod_L_Hinge" _template="TieRod">
                              <Constraint Name="TieRodSteer1">

                              </Constraint>
                            </Body>
                            <Body ModelFrame="BoneTieRod_R_Hinge" _template="TieRod">
                              <Constraint Name="TieRodSteer2">

                              </Constraint>
                            </Body>
                            <Body ModelFrame="BoneMirrorLeft_cdt" _template="SideMirror">

                            </Body>
                            <Body ModelFrame="BoneMirrorRight_cdt" _template="SideMirror">

                            </Body>
                    </Body>
                </Body>
                <NetSync Legacy="false">

                </NetSync>
        </PhysicsModel>
        <ControlledConstraints>
                    <Constraint IsLinkedSteering="true" Id="chassis_steer" Name="TieRodSteer1">

                    </Constraint>
                    <Constraint IsLinkedSteering="true" Id="chassis_steer" Name="TieRodSteer2">

                    </Constraint>
        </ControlledConstraints>
                  <Snorkel Origin="(3.352; 2.679; -0.682)">

                  </Snorkel>
                  <Snorkel Origin="(2.862; 2.679; -0.682)">

                  </Snorkel>
        <AutomaticIK>
                        <IKBone ParentFrame="BoneCabin_cdt" ModelFrame="BoneBalancerTop1_R1">
                          <IKJoint Type="Hinge" AxisLocal="(0; 0; 1)">

                          </IKJoint>
                          <IKBone AttachToFrame="BoneAxleR1" AttachOffset="(0; 0; 0)" ModelFrame="BoneBalancerTop2_R1">
                                <IKJoint Type="Hinge" AxisLocal="(0; 0; 1)">

                                </IKJoint>
                          </IKBone>
                        </IKBone>
                        <IKBone ParentFrame="BoneCabin_cdt" ModelFrame="BoneBalancerTop1_L1">
                          <IKJoint Type="Hinge" AxisLocal="(0; 0; 1)">

                          </IKJoint>
                          <IKBone AttachToFrame="BoneAxleL1" AttachOffset="(0; 0; 0)" ModelFrame="BoneBalancerTop2_L1">
                                <IKJoint Type="Hinge" AxisLocal="(0; 0; 1)">

                                </IKJoint>
                          </IKBone>
                        </IKBone>
                        <IKBone ParentFrame="BoneChassis_cdt" ModelFrame="BoneBalancerTop1_R2">
                          <IKJoint Type="Hinge" AxisLocal="(0; 0; 1)">

                          </IKJoint>
                          <IKBone AttachToFrame="BoneAxleR2" AttachOffset="(0; 0; 0)" ModelFrame="BoneBalancerTop2_R2">
                                <IKJoint Type="Hinge" AxisLocal="(0; 0; 1)">

                                </IKJoint>
                          </IKBone>
                        </IKBone>
                        <IKBone ParentFrame="BoneChassis_cdt" ModelFrame="BoneBalancerTop1_L2">
                          <IKJoint Type="Hinge" AxisLocal="(0; 0; 1)">

                          </IKJoint>
                          <IKBone AttachToFrame="BoneAxleL2" AttachOffset="(0; 0; 0)" ModelFrame="BoneBalancerTop2_L2">
                                <IKJoint Type="Hinge" AxisLocal="(0; 0; 1)">

                                </IKJoint>
                          </IKBone>
                        </IKBone>
                        <IKBone ParentFrame="BoneChassis_cdt" ModelFrame="BoneBalancerTop1_R3">
                          <IKJoint Type="Hinge" AxisLocal="(0; 0; 1)">

                          </IKJoint>
                          <IKBone AttachToFrame="BoneAxleR3" AttachOffset="(0; 0; 0)" ModelFrame="BoneBalancerTop2_R3">
                                <IKJoint Type="Hinge" AxisLocal="(0; 0; 1)">

                                </IKJoint>
                          </IKBone>
                        </IKBone>
                        <IKBone ParentFrame="BoneChassis_cdt" ModelFrame="BoneBalancerTop1_L3">
                          <IKJoint Type="Hinge" AxisLocal="(0; 0; 1)">

                          </IKJoint>
                          <IKBone AttachToFrame="BoneAxleL3" AttachOffset="(0; 0; 0)" ModelFrame="BoneBalancerTop2_L3">
                                <IKJoint Type="Hinge" AxisLocal="(0; 0; 1)">

                                </IKJoint>
                          </IKBone>
                        </IKBone>
        </AutomaticIK>
        <Landmark MaxScale="3.8" Mesh="landmarks/dan_96320_01_lmk" MinScale="1.8">

        </Landmark>
        <ModelAttachments>
                          <HeadLight>
                                <Flare Pos="(6.323; 2.718; 0.768)" _template="HeadLight" ParentFrame="BoneCabin_cdt" AspectRatio="3" Size=".5" Color="g(225; 225; 225) x 0.6">

                                </Flare>
                                <Flare Pos="(6.323; 2.718; -0.768)" _template="HeadLight" ParentFrame="BoneCabin_cdt" AspectRatio="3" Size=".5" Color="g(225; 225; 225) x 0.6">

                                </Flare>
                                <Flare Pos="(6.323; 2.749; -0.879)" ParentFrame="BoneCabin_cdt" _template="LED">

                                </Flare>
                                <Flare Pos="(6.323; 2.749; -0.837)" ParentFrame="BoneCabin_cdt" _template="LED">

                                </Flare>
                                <Flare Pos="(6.323; 2.749; -0.79)" ParentFrame="BoneCabin_cdt" _template="LED">

                                </Flare>
                                <Flare Pos="(6.323; 2.749; -0.746)" ParentFrame="BoneCabin_cdt" _template="LED">

                                </Flare>
                                <Flare Pos="(6.323; 2.749; -0.697)" ParentFrame="BoneCabin_cdt" _template="LED">

                                </Flare>
                                <Flare Pos="(6.323; 2.749; -0.651)" ParentFrame="BoneCabin_cdt" _template="LED">

                                </Flare>
                                <Flare Pos="(6.323; 2.693; -0.879)" ParentFrame="BoneCabin_cdt" _template="LED">

                                </Flare>
                                <Flare Pos="(6.323; 2.693; -0.837)" ParentFrame="BoneCabin_cdt" _template="LED">

                                </Flare>
                                <Flare Pos="(6.323; 2.693; -0.79)" ParentFrame="BoneCabin_cdt" _template="LED">

                                </Flare>
                                <Flare Pos="(6.323; 2.693; -0.746)" ParentFrame="BoneCabin_cdt" _template="LED">

                                </Flare>
                                <Flare Pos="(6.323; 2.693; -0.697)" ParentFrame="BoneCabin_cdt" _template="LED">

                                </Flare>
                                <Flare Pos="(6.323; 2.693; -0.651)" ParentFrame="BoneCabin_cdt" _template="LED">

                                </Flare>
                                <Flare Pos="(6.323; 2.749; 0.879)" ParentFrame="BoneCabin_cdt" _template="LED">

                                </Flare>
                                <Flare Pos="(6.323; 2.749; 0.837)" ParentFrame="BoneCabin_cdt" _template="LED">

                                </Flare>
                                <Flare Pos="(6.323; 2.749; 0.79)" ParentFrame="BoneCabin_cdt" _template="LED">

                                </Flare>
                                <Flare Pos="(6.323; 2.749; 0.746)" ParentFrame="BoneCabin_cdt" _template="LED">

                                </Flare>
                                <Flare Pos="(6.323; 2.749; 0.697)" ParentFrame="BoneCabin_cdt" _template="LED">

                                </Flare>
                                <Flare Pos="(6.323; 2.749; 0.651)" ParentFrame="BoneCabin_cdt" _template="LED">

                                </Flare>
                                <Flare Pos="(6.323; 2.693; 0.879)" ParentFrame="BoneCabin_cdt" _template="LED">

                                </Flare>
                                <Flare Pos="(6.323; 2.693; 0.837)" ParentFrame="BoneCabin_cdt" _template="LED">

                                </Flare>
                                <Flare Pos="(6.323; 2.693; 0.79)" ParentFrame="BoneCabin_cdt" _template="LED">

                                </Flare>
                                <Flare Pos="(6.323; 2.693; 0.746)" ParentFrame="BoneCabin_cdt" _template="LED">

                                </Flare>
                                <Flare Pos="(6.323; 2.693; 0.697)" ParentFrame="BoneCabin_cdt" _template="LED">

                                </Flare>
                                <Flare Pos="(6.323; 2.693; 0.651)" ParentFrame="BoneCabin_cdt" _template="LED">

                                </Flare>
                                <Flare Pos="(6.713; 1.131; -0.944)" _template="HeadLight" ParentFrame="BoneCabin_cdt" AspectRatio="2" Size=".5" Color="g(255; 235; 200) x 0.7">

                                </Flare>
                                <Flare Pos="(6.713; 1.131; 0.944)" _template="HeadLight" ParentFrame="BoneCabin_cdt" AspectRatio="2" Size=".5" Color="g(255; 235; 200) x 0.7">

                                </Flare>
                                <Flare Pos="(6.713; 1.131; -0.944)" ParentFrame="BoneCabin_cdt" _template="BlueStreak">

                                </Flare>
                                <Flare Pos="(6.713; 1.131; 0.944)" ParentFrame="BoneCabin_cdt" _template="BlueStreak">

                                </Flare>
                                  <Model Org="(6.713; 1.131; -0.944)" ParentFrame="BoneCabin_cdt" _template="HeadLightRay">

                                  </Model>
                                  <Model Org="(6.713; 1.131; 0.944)" ParentFrame="BoneCabin_cdt" _template="HeadLightRay">

                                  </Model>
                                  <Model Org="(6.323; 2.718; -0.768)" ParentFrame="BoneCabin_cdt" _template="HeadLightRay">

                                  </Model>
                                  <Model Org="(6.323; 2.718; 0.768)" ParentFrame="BoneCabin_cdt" _template="HeadLightRay">

                                  </Model>
                          </HeadLight>
                          <StopSignals>
                                  <Light Pos="(-3.685; 1.022; -1.078)" _template="StopSignal">

                                  </Light>
                                  <Light Pos="(-3.685; 1.022; 1.078)" _template="StopSignal">

                                  </Light>
                                    <Flare Pos="(-3.577; 1.022; -1.078)" _template="StopSignal">

                                    </Flare>
                                    <Flare Pos="(-3.577; 1.022; 1.078)" _template="StopSignal">

                                    </Flare>
                                    <Flare Pos="(-3.602; 1.023; -1.011)" _template="StopSignal" Size="0.3" DirAngle="180">

                                    </Flare>
                                    <Flare Pos="(-3.602; 1.023; 1.011)" _template="StopSignal" Size="0.3" DirAngle="180">

                                    </Flare>
                          </StopSignals>
                          <Ignition>
                                    <Light Pos="(6.7; 2.717; 1)" _template="IgnitionSignalWhite" Color="g(253; 220; 186) x 1" ParentFrame="BoneCabin_cdt">

                                    </Light>
                                    <Light Pos="(6.7; 2.717; -1)" _template="IgnitionSignalWhite" Color="g(253; 220; 186) x 1" ParentFrame="BoneCabin_cdt">

                                    </Light>
                                    <Light Pos="(-3.7; 1.022; 0)" _template="IgnitionSignalRed">

                                    </Light>
                                      <Flare Pos="(6.255; 2.717; -0.175)" _template="MarkerBeacon" ParentFrame="BoneCabin_cdt" Color="g(255; 90; 0) x 0.5" Size="0.2" DirAngle="180">

                                      </Flare>
                                      <Flare Pos="(6.255; 2.717; 0)" _template="MarkerBeacon" ParentFrame="BoneCabin_cdt" Color="g(255; 0; 90) x 0.5" Size="0.2" DirAngle="180">

                                      </Flare>
                                      <Flare Pos="(6.255; 2.717; 0.175)" _template="MarkerBeacon" ParentFrame="BoneCabin_cdt" Color="g(255; 90; 0) x 0.5" Size="0.2" DirAngle="180">

                                      </Flare>
                                      <Flare Pos="(6.189; 2.823; -1.145)" ParentFrame="BoneCabin_cdt" _template="MarkerBeacon">

                                      </Flare>
                                      <Flare Pos="(6.189; 2.823; 1.145)" ParentFrame="BoneCabin_cdt" _template="MarkerBeacon">

                                      </Flare>
                                      <Flare Pos="(6.713; 1.131; -0.944)" _template="IgnitionSignalWhite" Size=".4" ParentFrame="BoneCabin_cdt">

                                      </Flare>
                                      <Flare Pos="(6.713; 1.131; 0.944)" _template="IgnitionSignalWhite" Size=".4" ParentFrame="BoneCabin_cdt">

                                      </Flare>
                                      <Flare Pos="(6.674; 1.068; -1.254)" _template="IgnitionSignalWhite" Size=".1" ParentFrame="BoneCabin_cdt">

                                      </Flare>
                                      <Flare Pos="(6.674; 1.068; 1.254)" _template="IgnitionSignalWhite" Size=".1" ParentFrame="BoneCabin_cdt">

                                      </Flare>
                                      <Flare Pos="(3.006; 1.42; -1.383)" _template="IgnitionSignalOrange" ParentFrame="BoneCabin_cdt" Size="0.1" DirAngle="180">

                                      </Flare>
                                      <Flare Pos="(3.006; 1.42; 1.383)" _template="IgnitionSignalOrange" ParentFrame="BoneCabin_cdt" Size="0.1" DirAngle="180">

                                      </Flare>
                                      <Flare Pos="(-3.577; 1.022; -1.078)" _template="IgnitionSignalRed">

                                      </Flare>
                                      <Flare Pos="(-3.577; 1.022; 1.078)" _template="IgnitionSignalRed">

                                      </Flare>
                          </Ignition>
                          <ReverseSignals>
                                    <Light Pos="(-4.05; 0.796; 0)" _template="ReverseSignal">

                                    </Light>
                                        <Flare Pos="(-3.577; 1.022; -0.835)" Size="0.3" _template="ReverseSignal">

                                        </Flare>
                                        <Flare Pos="(-3.577; 1.022; 0.835)" Size="0.3" _template="ReverseSignal">

                                        </Flare>
                                        <Flare Pos="(-3.577; 1.022; -0.835)" Dir="(-1; 0; 0)" _template="BlueStreak" Color="g(220; 220; 255) x 0.05" Size="0.4">

                                        </Flare>
                                        <Flare Pos="(-3.577; 1.022; 0.835)" Dir="(-1; 0; 0)" _template="BlueStreak" Color="g(220; 220; 255) x 0.05" Size="0.4">

                                        </Flare>
                          </ReverseSignals>
        </ModelAttachments>
        <TruckData SteerSpeed="0.018" EngineStartDelay="3.2" EngineIconMesh="env/engine_big" TruckType="HEAVY" Responsiveness="0.15" BackSteerSpeed="0.01" TruckImage="DANmchr" FuelCapacity="350" DiffLockType="Always" ExhaustStartTime="2.8" EngineIconScale="1">
                            <Driver Pos="(5.637; 1.716; 0.613)" ParentFrame="BoneCabin_cdt" AnimationSet="HeavyTruck" SteeringWheelPos="(6.033; 2.045; 0.615)">

                            </Driver>
                            <SoundsDamage _template="Heavy">

                            </SoundsDamage>
                            <Shakers>
                                    <Shaker MaxFrequency="0.1" MaxAngle="(1; 1; 1)" ParentFrame="BoneCabin_cdt" Frame="BoneGearstick">

                                    </Shaker>
                            </Shakers>
                            <OcclusionMap HalfSizeZ="2" MinX="-4.7" MaxX="7.5">

                            </OcclusionMap>
                            <FuelTank DamageCapacity="100">

                            </FuelTank>
                            <CompatibleWheels Type="wheels_heavy_single" Scale="0.65">

                            </CompatibleWheels>
                            <EngineSocket Type="e_ru_special" Default="ru_special_engine_0">

                            </EngineSocket>
                            <SuspensionSocket Type="s_dan_96320" MaxWheelRadiusWithoutSuspension="1.62" Default="dan_96320_suspension_default">

                            </SuspensionSocket>
                            <Dashboard>
                                                  <Gauge InputRange="(0;1)" Dir="(-0.522; 0.853; -0.003)" InputType="engineEnabled" Org="(6.258; 1.937; 0.876)" Damping="0.9" Mesh="trucks/arrows/dan_96320_arrow_03" OutputAngles="(-70;0)">

                                                  </Gauge>
                                                  <Gauge InputRange="(0;1)" Dir="(-0.51; 0.86; 0.003)" InputType="engineEnabled" Org="(6.209; 1.908; 0.876)" Damping="0.9" Mesh="trucks/arrows/dan_96320_arrow_03" OutputAngles="(-145;-30)">

                                                  </Gauge>
                                                  <Gauge InputRange="(0;1)" Dir="(-0.51; 0.86; -0.001)" InputType="rpm" Org="(6.263; 1.946; 0.739)" Damping="0.99" Mesh="trucks/arrows/dan_96320_arrow_01" OutputAngles="(-90;112)">

                                                  </Gauge>
                                                  <Gauge InputRange="(0;160)" Dir="(-0.51; 0.86; -0.001)" InputType="speed" Org="(6.263; 1.946; 0.539)" Damping="0.9" Mesh="trucks/arrows/dan_96320_arrow_01" OutputAngles="(-140;135)">

                                                  </Gauge>
                                                  <Gauge InputRange="(0;1)" Dir="(-0.517; 0.856; 0.001)" InputType="engineEnabled" Org="(6.235; 1.925; 0.25)" Damping="0.9" Mesh="trucks/arrows/dan_96320_arrow_02" OutputAngles="(-143;-40)">

                                                  </Gauge>
                                                  <Gauge InputRange="(0;1)" Dir="(1; -0; 0)" InputType="engineEnabled" Org="(5.257; 2.386; 0.097)" Damping="0.9" Mesh="trucks/arrows/dan_96320_arrow_04" OutputAngles="(140;150)">

                                                  </Gauge>
                            </Dashboard>
                            <Axles>
                                                    <Axle Frame="BoneAxleL1" IsIndependent="true">

                                                    </Axle>
                                                    <Axle Frame="BoneAxleR1" IsIndependent="true">

                                                    </Axle>
                                                    <Axle Frame="BoneAxleL2" IsIndependent="true">

                                                    </Axle>
                                                    <Axle Frame="BoneAxleR2" IsIndependent="true">

                                                    </Axle>
                                                    <Axle Frame="BoneAxleL3" IsIndependent="true">

                                                    </Axle>
                                                    <Axle Frame="BoneAxleR3" IsIndependent="true">

                                                    </Axle>
                            </Axles>
                            <Camera Center="(0; 0; 0)" Radius="1.2">
                                                    <Cockpit WindshieldDiffuseTexture="trucks/dan_96320_glass__d_a.tga" _template="Default" WindshieldShadingTexture="trucks/dan_96320_glass__sh_d.tga" ViewPos="(5.564; 2.447; 0.613)">
                                                        <Rear ViewPosOffset="(0; -0.15; 0.7)">

                                                        </Rear>
                                                            <Mirror FOVScale="2" ClipDir="(-0.908; -0.045; -0.418)" MeshFrame="mirror_left" Pos="(6.245; 2.277; 1.557)" ReflectionDir="(-0.908; -0.045; -0.418)" Size="(0.22; 0.419)" ClipOffset="0.1">

                                                            </Mirror>
                                                            <Mirror FOVScale="2" ClipDir="(-0.905; 0.089; -0.416)" MeshFrame="mirror_left_1" Pos="(6.313; 2.008; 1.571)" ReflectionDir="(-0.905; 0.089; -0.416)" Size="(0.176; 0.176)" ClipOffset="0.1">

                                                            </Mirror>
                                                            <Mirror FOVScale="2.5" ClipDir="(-0.809; -0.068; 0.584)" MeshFrame="mirror_right" Pos="(6.253; 2.296; -1.552)" ReflectionDir="(-0.809; -0.068; 0.584)" Size="(0.22; 0.419)" ClipOffset="0.1">

                                                            </Mirror>
                                                            <Mirror FOVScale="2.5" ClipDir="(-0.821; 0.035; 0.57)" MeshFrame="mirror_right_1" Pos="(6.317; 2.003; -1.563)" ReflectionDir="(-0.821; 0.035; 0.57)" Size="(0.176; 0.176)" ClipOffset="0.1">

                                                            </Mirror>
                                                    </Cockpit>
                            </Camera>
                                                    <LimitedFluid SizeX="0.827" Center="(4.598; 1.936; -1.014)" Type="Box" SizeZ="0.575" SizeY="0.853">

                                                    </LimitedFluid>
                                                    <LimitedFluid SizeX="0.936" Center="(1.394; 0.862; -0.919)" Type="Box" SizeZ="0.984" SizeY="0.478">

                                                    </LimitedFluid>
                            <Sounds _template="Default" Origin="(3.3; 1.5; 0)" MinDist="15.0" DisableReversePitch="true">
                                                          <Reverse _inheritRemove="true">

                                                          </Reverse>
                                                          <Reverse Sound="trucks/cat_ct680/cat_ct680_back_beeper">

                                                          </Reverse>
                                                        <EngineTrans Sound="trucks/dan_96320/dan_96320_turbo">

                                                        </EngineTrans>
                                                        <EngineLow Sound="trucks/dan_96320/dan_96320_low">

                                                        </EngineLow>
                                                        <EngineHigh Sound="trucks/dan_96320/dan_96320_high">

                                                        </EngineHigh>
                                                        <HandbrakeOff Sound="trucks/kolob_74760/kolob_74760_handbrake_off">

                                                        </HandbrakeOff>
                                                        <AbruptStop Sound="trucks/common/truck_swing_big_rnd_set/truck_swing_big_rnd">

                                                        </AbruptStop>
                                                        <EngineRev Sound="trucks/dan_96320/dan_96320_rev">

                                                        </EngineRev>
                                                        <EngineHeavy_2d IsSound2D="true" Sound="trucks/dan_96320/dan_96320_heavy_2d">

                                                        </EngineHeavy_2d>
                                                        <EngineHeavy Sound="trucks/dan_96320/dan_96320_heavy">

                                                        </EngineHeavy>
                                                        <EngineHigh_2d IsSound2D="true" Sound="trucks/dan_96320/dan_96320_high_2d">

                                                        </EngineHigh_2d>
                                                        <EngineLow_2d IsSound2D="true" Sound="trucks/dan_96320/dan_96320_low_2d">

                                                        </EngineLow_2d>
                                                        <EngineIdle_2d IsSound2D="true" Sound="trucks/dan_96320/dan_96320_idle_2d">

                                                        </EngineIdle_2d>
                                                        <EngineStart Sound="trucks/dan_96320/dan_96320_start">

                                                        </EngineStart>
                                                        <Handbrake Sound="trucks/kolob_74760/kolob_74760_handbrake_on">

                                                        </Handbrake>
                                                        <BrakeRelease Sound="trucks/common/truck_brake_release_alt2_rnd_set/truck_brake_release_alt2_rnd">

                                                        </BrakeRelease>
                                                        <EngineIdle Sound="trucks/dan_96320/dan_96320_idle">

                                                        </EngineIdle>
                                                        <BrakesSqueal Sound="trucks/kolob_74760/kolob_74760_brakes_squeal">

                                                        </BrakesSqueal>
                                                        <EngineStop Sound="trucks/dan_96320/dan_96320_stop">

                                                        </EngineStop>
                                                        <EngineAccel Sound="trucks/dan_96320/dan_96320_acc">

                                                        </EngineAccel>
                                                        <Honk Sound="trucks/dan_96320/dan_96320_honk">

                                                        </Honk>
                            </Sounds>
                            <Wheels DefaultWheelType="wheels_heavy_single" DefaultTire="allterrain_1" DefaultRim="rim_2">
                                                            <Wheel Pos="(4.346; 0.612; 1.15)" _template="FrontWheel">

                                                            </Wheel>
                                                            <Wheel RightSide="true" Pos="(4.346; 0.612; 1.15)" _template="FrontWheel">

                                                            </Wheel>
                                                            <Wheel Pos="(-0.806; 0.612; 1.15)" _template="RearWheel">

                                                            </Wheel>
                                                            <Wheel RightSide="true" Pos="(-0.806; 0.612; 1.15)" _template="RearWheel">

                                                            </Wheel>
                                                            <Wheel Pos="(-2.234; 0.612; 1.15)" _template="RearWheel">

                                                            </Wheel>
                                                            <Wheel RightSide="true" Pos="(-2.234; 0.612; 1.15)" _template="RearWheel">

                                                            </Wheel>
                            </Wheels>
                            <Steam Origin="(2.8; 1.4; 0)">

                            </Steam>
                            <GearboxSocket Type="gearboxes_special" Default="g_special_default">

                            </GearboxSocket>
                            <WinchUpgradeSocket Type="winches_heavy_trucks" Default="w_heavy_trucks_default" IsUpgradable="true">

                            </WinchUpgradeSocket>
                            <SteeringRack Frame="BoneRack" RackHalfSizeZ="0.594" FrameSteerLeft="BoneRackL" FrameSteerRight="BoneRackR">

                            </SteeringRack>
                            <SteeringWheel Frame="BoneSteering">

                            </SteeringWheel>
                            <SoundsWheels _template="Default">

                            </SoundsWheels>
                            <Damage>
                                                                          <DamageArea Min="(2.23; 0.93; -0.3)" ParentFrame="BoneChassis_cdt" Max="(6; 1.74; 0.3)" Type="Engine">

                                                                          </DamageArea>
                                                                          <DamageArea Min="(0.908; 0.4; -1.425)" ParentFrame="BoneChassis_cdt" Max="(4; 0.9; 1.425)" Type="FuelTank">

                                                                          </DamageArea>
                            </Damage>
                            <Shafts>
                                                                            <Shaft SocketPointA="Shaft1a" SocketPointB="Shaft1b">

                                                                            </Shaft>
                                                                            <Shaft SocketPointA="Shaft2a" SocketPointB="Shaft2b">

                                                                            </Shaft>
                                                                            <Shaft SocketPointA="Shaft3a" SocketPointB="Shaft3b">

                                                                            </Shaft>
                                                                            <Shaft SocketPointA="Shaft4a" SocketPointB="Shaft4b">

                                                                            </Shaft>
                            </Shafts>
        </TruckData>
  </Truck>