  <_templates Include="trucks">
      <Wheel>
          <MiddleAxle Location="middle" UiTorque="default" Torque="none">

          </MiddleAxle>
          <FirstAxle ParentFrame="BoneCabin_cdt" SteeringAngle="24" Location="front" SteeringJointOffset="0.27" Torque="default" SteeringCastor="12">

          </FirstAxle>
          <RearAxle Location="rear" ConnectedToHandbrake="true" Torque="default">

          </RearAxle>
      </Wheel>
      <Body>
            <Sunshield Mass="5" Collisions="None">
                <Constraint Type="Hinge" MaxLimit="7" AxisLocal="(0; 0; 1)" MinLimit="-15">
                    <Motor Spring="50" Damping=".01" Type="Spring">

                    </Motor>
                </Constraint>
            </Sunshield>
            <Hitch Mass="3" AngularDamping="1" Collisions="None">
                  <Constraint Type="Hinge" MinLimit="-120" AxisLocal="(0; 0; 1)">

                  </Constraint>
            </Hitch>
            <BoneFan Mass="5" Collisions="None">
                    <Constraint Type="Hinge" MaxLimit="5" AxisLocal="(0; 1; 0)" MinLimit="-5">
                        <Motor Spring="50" Damping="1" Type="Spring">

                        </Motor>
                    </Constraint>
            </BoneFan>
      </Body>
  </_templates>
  <Truck>
        <HeadLight Pos="(3.479; 1.222; 0)" _template="Default">

        </HeadLight>
        <GameData ExcludeAddons="stuff_bobblehead_joker, trailer_log_pole" UnlockByExploration="true" Price="110700" UnlockByRank="1" Country="US">
              <CustomizationCameras>
                    <CameraPos Name="sticker_1" InterestPosition="(7.701; 4.08; 1.452)" Position="(4.46; 2.796; -0.352)" Interior="true" FOV="32.0">

                    </CameraPos>
                    <CameraPos MaxYRotation="360" MaxZoom="2" Name="addon_1" InterestPosition="(0.697; 1.869; 0)" Position="(-7.265; 3.31; 8.244)" MaxXRotation="360" FOV="32.0">

                    </CameraPos>
                    <CameraPos MaxYRotation="360" MaxZoom="2" Name="addon_2" InterestPosition="(3.272; 2.155; 0)" Position="(9.136; 4.675; 6.067)" MaxXRotation="360" FOV="32.0">

                    </CameraPos>
                    <CameraPos Name="mirror_mount" InterestPosition="(7.418; 2.587; 1.47)" Position="(3.994; 3.136; -0.413)" Interior="true" FOV="32.0">

                    </CameraPos>
                    <CameraPos MaxYRotation="360" MaxZoom="2" Name="side_r" InterestPosition="(3.7; 2.308; -0)" Position="(-0.894; 4.086; -4.943)" MaxXRotation="360" FOV="32.0">

                    </CameraPos>
                    <CameraPos Name="sticker" InterestPosition="(7.519; 1.235; 1.082)" Position="(4.512; 3.115; -0.297)" Interior="true" FOV="32.0">

                    </CameraPos>
                    <CameraPos Name="glass_sticker" InterestPosition="(3.661; 2.631; -1.002)" Position="(7.867; 3.417; 0.365)" Interior="true" FOV="32.0">

                    </CameraPos>
                    <CameraPos MaxYRotation="360" MaxZoom="2" Name="roof" InterestPosition="(4.477; 2.789; -0)" Position="(9.066; 4.61; -2.856)" MaxXRotation="360" FOV="32.0">

                    </CameraPos>
                    <CameraPos Name="capote_sticker" InterestPosition="(4.804; 0.662; -0.429)" Position="(9.094; 4.968; -0.47)" Interior="true" FOV="32.0">

                    </CameraPos>
                    <CameraPos MaxYRotation="360" MaxZoom="2" Name="hoods" InterestPosition="(5.085; 1.623; 0)" Position="(12.823; 1.44; -4.73)" MaxXRotation="360" FOV="32.0">

                    </CameraPos>
                    <CameraPos Name="sticker_2" InterestPosition="(6.662; 0.61; 1.935)" Position="(5.221; 1.595; 0.03)" Interior="true" FOV="32.0">

                    </CameraPos>
                    <CameraPos MaxYRotation="360" MaxZoom="2" Name="side_l" InterestPosition="(4.862; 1.888; 0)" Position="(11.188; 4.917; -3.826)" MaxXRotation="360" FOV="32.0">

                    </CameraPos>
                    <CameraPos Name="bubble_head" InterestPosition="(7.443; 1.477; 1.433)" Position="(4.311; 3.349; -0.317)" Interior="true" FOV="32.0">

                    </CameraPos>
                    <CameraPos MaxYRotation="360" MaxZoom="2" Name="wheels" InterestPosition="(3.95; 1.133; -0)" Position="(-4.774; 2.216; -5.854)" MaxXRotation="360" FOV="32.0">

                    </CameraPos>
                    <CameraPos MaxYRotation="360" MaxZoom="2" Name="default" InterestPosition="(5.085; 1.623; 0)" Position="(12.823; 1.44; -4.73)" MaxXRotation="360" FOV="32.0">

                    </CameraPos>
                    <CameraPos MaxYRotation="360" MaxZoom="2" Name="rear" InterestPosition="(0.479; 0.992; -0)" Position="(-5.767; 1.805; 2.899)" MaxXRotation="360" FOV="32.0">

                    </CameraPos>
                    <CameraPos Name="door_l_sticker" InterestPosition="(4.893; 1.525; 1.076)" Position="(3.775; 2.643; -2.883)" Interior="true" FOV="32.0">

                    </CameraPos>
                    <CameraPos Name="hood_ornament" InterestPosition="(7.506; 2.447; -1.173)" Position="(8.557; 2.763; -1.173)" Interior="true" FOV="32.0">

                    </CameraPos>
              </CustomizationCameras>
              <UiDesc UiName="UI_VEHICLE_DERRY_LONGHORN_3194_NAME" UiDesc="UI_VEHICLE_DERRY_LONGHORN_3194_DESC" UiIconLogo="DerryLonghornLogo80" UiIcon40x40="heavyVehicleImg" UiIcon30x30="heavyVehicleImg30" UiIcon328x458="shopImgDerryLonghorn3194">

              </UiDesc>
                    <AddonSockets>
                      <Socket ParentFrame="BoneChassis_cdt" Offset="(0; 0; 0)" Names="DerryLonghorn3194SpareWheel" NamesBlock="DerryLonghorn3194CabinProtector, LargeSemitrailerOiltank">
                          <ExtraParent Frame="BoneCabin_cdt">

                          </ExtraParent>
                      </Socket>
                    </AddonSockets>
                    <AddonSockets>
                        <Socket Offset="(-5.987; 1.12; 0)" Names="Trailer">

                        </Socket>
                        <Socket Offset="(-4.21; 1.656; 0)" Names="Semitrailer, SemitrailerOiltank" NamesBlock="SaddleHigh">

                        </Socket>
                        <Socket Offset="(-3.46; 1.836; 0)" Names="LargeSemitrailer, LargeSemitrailerOiltank" NamesBlock="SaddleLow">

                        </Socket>
                    </AddonSockets>
                    <AddonSockets>
                        <Socket Offset="(-4.180; 1.338; 0)" Names="SaddleLow">

                        </Socket>
                        <Socket Offset="(-3.45; 1.338; 0)" Names="SaddleHigh">
                            <ExtraParent Offset="(0; 0; -0.018)" Frame="BoneChassis_cdt">

                            </ExtraParent>
                            <ExtraParent Offset="(0; 0; 0.018)" Frame="BoneChassis_cdt">

                            </ExtraParent>
                        </Socket>
                    </AddonSockets>
                    <AddonSockets DefaultAddon="derry_longhorn_3194_bumper_default">
                      <Socket Offset="(0; 0; 0)" Names="DerryLonghorn3194Bumper">

                      </Socket>
                    </AddonSockets>
                    <AddonSockets DefaultAddon="derry_longhorn_3194_exhaust">
                      <Socket Offset="(0; 0; 0)" Names="DerryLonghorn3194Exhaust" ParentFrame="BoneCabin_cdt">

                      </Socket>
                    </AddonSockets>
                    <AddonSockets DefaultAddon="derry_longhorn_3194_snorkel_default">
                      <Socket Offset="(0; 0; 0)" Names="DerryLonghorn3194Snorkel" ParentFrame="BoneChassis_cdt">
                          <ExtraParent Offset="(0; 0; 0)" Frame="BoneCabin_cdt">

                          </ExtraParent>
                      </Socket>
                    </AddonSockets>
                    <AddonSockets DefaultAddon="derry_longhorn_3194_fender_default">
                      <Socket Offset="(0; 0; 0)" Names="DerryLonghorn3194Fender">

                      </Socket>
                    </AddonSockets>
                    <AddonSockets>
                      <Socket Offset="(0; 0; 0)" Names="DerryLonghorn3194Spotlight" ParentFrame="BoneCabin_cdt">

                      </Socket>
                    </AddonSockets>
                    <AddonSockets>
                      <Socket Offset="(0; 0; 0)" Names="DerryLonghorn3194Beacon" ParentFrame="BoneCabin_cdt">

                      </Socket>
                    </AddonSockets>
                    <AddonSockets>
                      <Socket Offset="(0; 0; 0)" Names="DerryLonghorn3194Gabarite1" ParentFrame="BoneCabin_cdt">

                      </Socket>
                    </AddonSockets>
                    <AddonSockets>
                      <Socket Offset="(0; 0; 0)" Names="DerryLonghorn3194Gabarite2" ParentFrame="BoneCabin_cdt">

                      </Socket>
                    </AddonSockets>
                    <AddonSockets>
                      <Socket Offset="(0; 0; 0)" Names="DerryLonghorn3194CabinProtector">

                      </Socket>
                    </AddonSockets>
                    <AddonSockets>
                      <Socket Offset="(0; 0; 0)" Names="DerryLonghorn3194Horn" ParentFrame="BoneCabin_cdt">

                      </Socket>
                    </AddonSockets>
                    <AddonSockets>
                      <Socket Offset="(0; 0; 0)" Names="DerryLonghorn3194Visor" ParentFrame="BoneCabin_cdt">

                      </Socket>
                    </AddonSockets>
                    <AddonSockets>
                      <Socket ParentFrame="BoneCabin_cdt" Offset="(0; 0; 0)" Names="DerryLonghorn3194Sticker_1x1_01" InCockpit="true">

                      </Socket>
                    </AddonSockets>
                    <AddonSockets>
                      <Socket ParentFrame="BoneCabin_cdt" Offset="(0; 0; 0)" Names="DerryLonghorn3194Sticker_1x1_02" InCockpit="true">

                      </Socket>
                    </AddonSockets>
                    <AddonSockets>
                      <Socket ParentFrame="BoneCabin_cdt" Offset="(0; 0; 0)" Names="DerryLonghorn3194Sticker_1x2_01" InCockpit="true">

                      </Socket>
                    </AddonSockets>
                    <AddonSockets>
                      <Socket ParentFrame="BoneCabin_cdt" Offset="(0; 0; 0)" Names="DerryLonghorn3194Sticker_1x2_02" InCockpit="true">

                      </Socket>
                    </AddonSockets>
                    <AddonSockets>
                      <Socket ParentFrame="BoneSunshieldLeft_cdt" Offset="(0; 0; 0)" Names="DerryLonghorn3194Sticker_1x2_03" InCockpit="true">

                      </Socket>
                    </AddonSockets>
                    <AddonSockets>
                      <Socket ParentFrame="BoneCabin_cdt" Offset="(0; 0; 0)" Names="DerryLonghorn3194Sticker_1x4_01" InCockpit="true">

                      </Socket>
                    </AddonSockets>
                    <AddonSockets>
                      <Socket ParentFrame="BoneCabin_cdt" Offset="(1.213; 3.146; 0.126)" Names="StuffAirfreshener" InCockpit="true">

                      </Socket>
                    </AddonSockets>
                    <AddonSockets>
                      <Socket ParentFrame="BoneCabin_cdt" Names="DerryLonghorn3194Sticker_GlassTop" InCockpit="true">

                      </Socket>
                    </AddonSockets>
                    <AddonSockets>
                      <Socket ParentFrame="BoneCabin_cdt" Names="DerryLonghorn3194Sticker_GlassBottom" InCockpit="true">

                      </Socket>
                    </AddonSockets>
                    <AddonSockets>
                      <Socket ParentFrame="BoneCabin_cdt" Names="DerryLonghorn3194Sticker_Capote" InCockpit="true">

                      </Socket>
                    </AddonSockets>
                    <AddonSockets>
                      <Socket ParentFrame="BoneCabin_cdt" Names="DerryLonghorn3194Sticker_Door_L" InCockpit="true">

                      </Socket>
                    </AddonSockets>
                    <AddonSockets>
                      <Socket Names="StuffHoodDerryLonghorn3194" ParentFrame="BoneCabin_cdt">

                      </Socket>
                    </AddonSockets>
                    <AddonSockets>
                      <Socket Dir="(0.338; -0.111; 0.935)" ParentFrame="BoneCabin_cdt" Offset="(1.136; 2.747; 0)" Names="StuffDashboard" UpDir="(0.311; 0.95; 0)" InCockpit="true">

                      </Socket>
                    </AddonSockets>
                      <CraneSocket Pos="(3.334; 0.883; -0.744)">

                      </CraneSocket>
                      <CraneSocket Pos="(3.334; 0.883; 0.744)">

                      </CraneSocket>
                      <CraneSocket Pos="(-2.592; 1.689; -0.8)">

                      </CraneSocket>
                      <CraneSocket Pos="(-2.592; 1.689; 0.8)">

                      </CraneSocket>
                      <CraneSocket Pos="(-5.948; 1.170; -0.473)">

                      </CraneSocket>
                      <CraneSocket Pos="(-5.948; 1.170; 0.473)">

                      </CraneSocket>
                        <WinchSocket Pos="(3.334; 0.883; -0.744)">

                        </WinchSocket>
                        <WinchSocket Pos="(3.334; 0.883; 0.744)">

                        </WinchSocket>
                        <WinchSocket Pos="(-2.592; 1.689; -0.8)">

                        </WinchSocket>
                        <WinchSocket Pos="(-2.592; 1.689; 0.8)">

                        </WinchSocket>
                        <WinchSocket Pos="(-5.948; 1.170; -0.473)">

                        </WinchSocket>
                        <WinchSocket Pos="(-5.948; 1.170; 0.473)">

                        </WinchSocket>
        </GameData>
        <PhysicsModel Mesh="trucks/derry_longhorn_3194">
                <Body NetSync="pv" CenterOfMassOffset="(-1; -0.3; 0)" ModelFrame="BoneChassis_cdt" Mass="15000" ImpactType="Truck">
                      <Body NetSync="pv" CenterOfMassOffset="(-1; -0.5; 0)" ModelFrame="BoneCabin_cdt" Mass="5000" ImpactType="Truck">
                        <Constraint Type="Hinge" MaxLimit="3" AxisLocal="(1; 0; 0)" MinLimit="-3">
                            <Motor Spring="4000000" Damping="100000" Type="Spring">

                            </Motor>
                        </Constraint>
                            <Body ModelFrame="BoneMirrorRight_cdt" _template="SideMirror">

                            </Body>
                            <Body ModelFrame="BoneMirrorLeft_cdt" _template="SideMirror">

                            </Body>
                            <Body ModelFrame="BoneSunshieldRight_cdt" _template="Sunshield">

                            </Body>
                            <Body ModelFrame="BoneSunshieldLeft_cdt" _template="Sunshield">

                            </Body>
                            <Body ModelFrame="BoneFanR_cdt" _template="BoneFan">

                            </Body>
                            <Body ModelFrame="BoneFanL_cdt" _template="BoneFan">

                            </Body>
                            <Body Mass="0.2" ModelFrame="BoneKeyFobRing_cdt">
                              <Constraint Type="Hinge" MaxLimit="50" AxisLocal="(1; 0; 0)" MinLimit="-50">
                                  <Motor Spring="0.001" Damping="0.001" Type="Spring">

                                  </Motor>
                              </Constraint>
                            </Body>
                            <Body ModelFrame="BoneTieRod_cdt" _template="TieRod">
                              <Constraint MaxLimit="30" AxisLocal="(0; 0; 1)" MinLimit="-30" Name="TieRodSteer">

                              </Constraint>
                            </Body>
                      </Body>
                      <Body ModelFrame="BoneHitchL1_cdt" _template="Hitch">
                        <Constraint MaxLimit="24">

                        </Constraint>
                      </Body>
                      <Body ModelFrame="BoneHitchR1_cdt" _template="Hitch">
                        <Constraint MaxLimit="24">

                        </Constraint>
                      </Body>
                      <Body ModelFrame="BoneHitchL2_cdt" _template="Hitch">
                        <Constraint MaxLimit="30">

                        </Constraint>
                      </Body>
                      <Body ModelFrame="BoneHitchR2_cdt" _template="Hitch">
                        <Constraint MaxLimit="30">

                        </Constraint>
                      </Body>
                </Body>
                <NetSync Legacy="false">

                </NetSync>
        </PhysicsModel>
        <ControlledConstraints>
                  <Constraint IsLinkedSteering="true" Id="chassis_steer" Name="TieRodSteer">

                  </Constraint>
        </ControlledConstraints>
        <ModelAttachments>
                    <HeadLight>
                          <Flare Pos="(3; 1.4; -0.73)" _template="HeadLight" Size="0.5" ParentFrame="BoneCabin_cdt">

                          </Flare>
                          <Flare Pos="(3; 1.4; 0.73)" _template="HeadLight" Size="0.5" ParentFrame="BoneCabin_cdt">

                          </Flare>
                          <Flare Pos="(3.08; 1.4; -0.73)" ParentFrame="BoneCabin_cdt" _template="BlueStreak">

                          </Flare>
                          <Flare Pos="(3.08; 1.4; 0.73)" ParentFrame="BoneCabin_cdt" _template="BlueStreak">

                          </Flare>
                            <Model Org="(3; 1.4; -0.73)" ParentFrame="BoneCabin_cdt" _template="HeadLightRay">

                            </Model>
                            <Model Org="(3; 1.4; 0.73)" ParentFrame="BoneCabin_cdt" _template="HeadLightRay">

                            </Model>
                    </HeadLight>
                    <StopSignals>
                            <Light Pos="(-6.068; 1.181; -0.32)" _template="StopSignal">

                            </Light>
                            <Light Pos="(-6.068; 1.181; 0.32)" _template="StopSignal">

                            </Light>
                              <Flare Pos="(-5.858; 1.225; -0.32)" _template="StopSignal">

                              </Flare>
                              <Flare Pos="(-5.858; 1.225; 0.32)" _template="StopSignal">

                              </Flare>
                    </StopSignals>
                    <Ignition>
                              <Light Pos="(3.5; 1.013; 0.7)" _template="IgnitionSignalWhite">

                              </Light>
                              <Light Pos="(3.5; 1.013; -0.7)" _template="IgnitionSignalWhite">

                              </Light>
                              <Light Pos="(-5.8; 1.025; -0)" _template="IgnitionSignalRed">

                              </Light>
                                <Flare Pos="(3.05; 1.4; -0.73)" _template="IgnitionSignalWhite" Color="g(165; 149; 130) x 0.9" ParentFrame="BoneCabin_cdt" DirAngle="120">

                                </Flare>
                                <Flare Pos="(3.05; 1.4; 0.73)" _template="IgnitionSignalWhite" Color="g(165; 149; 130) x 0.9" ParentFrame="BoneCabin_cdt" DirAngle="120">

                                </Flare>
                                <Flare Pos="(3.038; 1.2; -0.73)" Dir="(1; 0; 0)" _template="IgnitionSignalRed" Size="0.1" ParentFrame="BoneCabin_cdt">

                                </Flare>
                                <Flare Pos="(3.038; 1.2; 0.73)" Dir="(1; 0; 0)" _template="IgnitionSignalRed" Size="0.1" ParentFrame="BoneCabin_cdt">

                                </Flare>
                                <Flare Pos="(2.053; 1.58; -1.133)" Size="0.25" _template="Beacon">

                                </Flare>
                                <Flare Pos="(2.053; 1.58; 1.133)" Size="0.25" _template="Beacon">

                                </Flare>
                                <Flare Pos="(0.216; 1.761; -0.863)" Dir="(0; 0; -1)" _template="IgnitionSignalOrange" Size="0.1" ParentFrame="BoneCabin_cdt">

                                </Flare>
                                <Flare Pos="(0.216; 1.761; 0.863)" Dir="(0; 0; 1)" _template="IgnitionSignalOrange" Size="0.1" ParentFrame="BoneCabin_cdt">

                                </Flare>
                                <Flare Pos="(-5.87; 1.225; -0.32)" _template="IgnitionSignalRed">

                                </Flare>
                                <Flare Pos="(-5.87; 1.225; 0.32)" _template="IgnitionSignalRed">

                                </Flare>
                                <Flare Pos="(-5.817; 1.109; -0.337)" Dir="(-1; 0; 0)" _template="IgnitionSignalOrange" Color="g(255; 140; 0) x 0.3">

                                </Flare>
                                <Flare Pos="(-5.817; 1.109; 0.337)" Dir="(-1; 0; 0)" _template="IgnitionSignalOrange" Color="g(255; 140; 0) x 0.3">

                                </Flare>
                    </Ignition>
                    <ReverseSignals>
                                <Light Pos="(-6.068; 1.181; -0.32)" _template="ReverseSignal">

                                </Light>
                                <Light Pos="(-6.068; 1.181; 0.32)" _template="ReverseSignal">

                                </Light>
                                  <Flare Pos="(-5.858; 1.225; -0.32)" Size="0.4" _template="ReverseSignal">

                                  </Flare>
                                  <Flare Pos="(-5.858; 1.225; 0.32)" Size="0.4" _template="ReverseSignal">

                                  </Flare>
                                  <Flare Pos="(-5.858; 1.225; -0.32)" Dir="(-1; 0; 0)" _template="BlueStreak" Color="g(220; 220; 255) x 0.05" Size="0.4">

                                  </Flare>
                                  <Flare Pos="(-5.858; 1.225; 0.32)" Dir="(-1; 0; 0)" _template="BlueStreak" Color="g(220; 220; 255) x 0.05" Size="0.4">

                                  </Flare>
                    </ReverseSignals>
        </ModelAttachments>
        <AutomaticIK>
                        <IKBone ParentFrame="BoneTieRod_cdt" ModelFrame="BoneTieRodHinge2">
                          <IKJoint Type="Hinge2" AxisLocal="(1; 0; 0)">

                          </IKJoint>
                          <IKBone AttachToFrame="BonePiston" AttachOffset="(0; 0; 0)" ModelFrame="BoneTieRodPrismatic">
                                <IKJoint Type="Slider" AxisLocal="(1; 0; 0)">

                                </IKJoint>
                          </IKBone>
                        </IKBone>
                        <IKBone ParentFrame="BoneChassis_cdt" ModelFrame="BonePistonBase">
                          <IKJoint Type="Hinge2" AxisLocal="(1; 0; 0)">

                          </IKJoint>
                          <IKBone AttachToFrame="BoneRackL" AttachOffset="(0; 0; 0)" ModelFrame="BonePiston">
                                <IKJoint Type="Slider" AxisLocal="(1; 0; 0)">

                                </IKJoint>
                          </IKBone>
                        </IKBone>
                        <IKBone ParentFrame="BoneChassis_cdt" ModelFrame="BoneAxle2AnchorBaseL">
                          <IKJoint Type="Hinge" AxisLocal="(0; 0; 1)">

                          </IKJoint>
                          <IKBone AttachToFrame="BoneAxle2" AttachOffset="(0; 0; 0)" ModelFrame="BoneAxle2AnchorL">
                                <IKJoint Type="Slider" AxisLocal="(1; 0; 0)">

                                </IKJoint>
                          </IKBone>
                        </IKBone>
                        <IKBone ParentFrame="BoneChassis_cdt" ModelFrame="BoneAxle2AnchorBaseR">
                          <IKJoint Type="Hinge" AxisLocal="(0; 0; 1)">

                          </IKJoint>
                          <IKBone AttachToFrame="BoneAxle2" AttachOffset="(0; 0; 0)" ModelFrame="BoneAxle2AnchorR">
                                <IKJoint Type="Slider" AxisLocal="(1; 0; 0)">

                                </IKJoint>
                          </IKBone>
                        </IKBone>
                        <IKBone ParentFrame="BoneChassis_cdt" ModelFrame="BoneAxle2BalancerBaseL">
                          <IKJoint Type="Hinge" AxisLocal="(0; 0; 1)">

                          </IKJoint>
                          <IKBone AttachToFrame="BoneAxle2" AttachOffset="(0; 0; 0)" ModelFrame="BoneAxle2BalancerL">
                                <IKJoint Type="Slider" AxisLocal="(1; 0; 0)">

                                </IKJoint>
                          </IKBone>
                        </IKBone>
                        <IKBone ParentFrame="BoneChassis_cdt" ModelFrame="BoneAxle2BalancerBaseR">
                          <IKJoint Type="Hinge" AxisLocal="(0; 0; 1)">

                          </IKJoint>
                          <IKBone AttachToFrame="BoneAxle2" AttachOffset="(0; 0; 0)" ModelFrame="BoneAxle2BalancerR">
                                <IKJoint Type="Slider" AxisLocal="(1; 0; 0)">

                                </IKJoint>
                          </IKBone>
                        </IKBone>
        </AutomaticIK>
                      <Rotator RotationSpeed="12" Frame="BoneRotatorFanR">

                      </Rotator>
                      <Rotator RotationSpeed="12" Frame="BoneRotatorFanL">

                      </Rotator>
        <Landmark MaxScale="3.8" Mesh="landmarks/derry_longhorn_3194_lmk" MinScale="1.8">

        </Landmark>
        <TruckData SteerSpeed="0.018" EngineStartDelay="3.2" EngineIconMesh="env/engine_default" TruckType="HEAVY" Responsiveness="0.25" BackSteerSpeed="0.01" TruckImage="militarytruck1mchr" FuelCapacity="370" DiffLockType="Always" ExhaustStartTime="2.8" EngineIconScale="1.4">
                            <Driver Pos="(0.36; 2.272; 0.374)" ParentFrame="BoneCabin_cdt" SteeringWheelPos="(0.745; 2.596; 0.37)">

                            </Driver>
                            <SoundsDamage _template="Heavy">

                            </SoundsDamage>
                            <Shakers>
                                    <Shaker MaxFrequency="0.1" MaxAngle="(3; 3; 3)" ParentFrame="BoneCabin_cdt" Frame="BoneGearstick">

                                    </Shaker>
                            </Shakers>
                            <OcclusionMap HalfSizeZ="1.9" MinX="-6.2" MaxX="3.5">

                            </OcclusionMap>
                            <FuelTank DamageCapacity="100">

                            </FuelTank>
                            <Intake Size="1" Dir="(1; 0; 0)" Origin="(3.071; 1.617; 0)">

                            </Intake>
                            <EngineSocket Type="e_us_truck_old_heavy" Default="us_truck_old_heavy_engine_0">

                            </EngineSocket>
                            <SuspensionSocket Type="s_derry_longhorn_3194" MaxWheelRadiusWithoutSuspension="0.85" Default="derry_longhorn_3194_suspension_default">

                            </SuspensionSocket>
                            <Dashboard>
                                                  <Gauge InputType="speed" Dir="(-0.723; 0.691; 0)" Org="(1.045; 2.707; 0.425)" Mesh="trucks/arrows/derry_longhorn_3194_arrow_2" InputRange="(0;80)" OutputAngles="(-124; 127)">

                                                  </Gauge>
                                                  <Gauge InputRange="(0;1)" Dir="(-0.724; 0.69; -0)" InputType="rpm" Org="(1.045; 2.707; 0.307)" Damping="0.99" Mesh="trucks/arrows/derry_longhorn_3194_arrow_2" OutputAngles="(-129; 131)">

                                                  </Gauge>
                                                  <Gauge InputRange="(0;1)" Dir="(-0.723; 0.691; -0.001)" InputType="fuel" Org="(0.96; 2.616; 0.365)" Damping="0.99" Mesh="trucks/arrows/derry_longhorn_3194_arrow_1" OutputAngles="(-45; 46)">

                                                  </Gauge>
                                                  <Gauge InputRange="(0;1)" Dir="(-0.723; 0.691; -0.001)" InputType="engineEnabled" Org="(0.96; 2.616; 0.433)" Damping="0.99" Mesh="trucks/arrows/derry_longhorn_3194_arrow_1" OutputAngles="(-41; 24)">

                                                  </Gauge>
                                                  <Gauge InputRange="(0;1)" Dir="(-0.724; 0.69; 0.011)" InputType="engineEnabled" Org="(1.043; 2.702; 0.531)" Damping="0.99" Mesh="trucks/arrows/derry_longhorn_3194_arrow_1" OutputAngles="(-45; 7)">

                                                  </Gauge>
                                                  <Gauge InputRange="(0;1)" Dir="(-0.721; 0.692; 0.025)" InputType="engineEnabled" Org="(0.961; 2.616; 0.298)" Damping="0.99" Mesh="trucks/arrows/derry_longhorn_3194_arrow_3" OutputAngles="(-53; -43)">

                                                  </Gauge>
                                                  <Gauge InputRange="(0;1)" Dir="(-0.721; 0.692; 0.025)" InputType="engineEnabled" Org="(1.043; 2.703; 0.203)" Damping="0.99" Mesh="trucks/arrows/derry_longhorn_3194_arrow_3" OutputAngles="(-54; -44)">

                                                  </Gauge>
                                                  <Gauge InputRange="(0;1)" Dir="(-0.721; 0.692; 0.025)" InputType="engineEnabled" Org="(1.012; 2.671; 0.127)" Damping="0.99" Mesh="trucks/arrows/derry_longhorn_3194_arrow_3" OutputAngles="(-50; -22)">

                                                  </Gauge>
                            </Dashboard>
                            <Axles>
                                                    <Axle Frame="BoneAxle1">

                                                    </Axle>
                                                    <Axle Frame="BoneAxle2">

                                                    </Axle>
                                                    <Axle Frame="BoneAxle3">

                                                    </Axle>
                                                    <Axle Frame="BoneAxle4">

                                                    </Axle>
                            </Axles>
                            <Camera Center="(-3; 0; 0)" ParentFrame="BoneCabin_cdt">
                                                    <Cockpit WindshieldDiffuseTexture="trucks/derry_longhorn_3194_glass__d_a.tga" _template="Default" WindshieldShadingTexture="trucks/derry_longhorn_3194_glass__sh_d.tga" ViewPos="(0.29; 3; 0.374)">
                                                          <Mirror FOVScale="1.9" ClipDir="(-0.92; 0; -0.391)" MeshFrame="mirror_left" Pos="(0.875; 2.991; 1.327)" ReflectionDir="(-0.92; 0; -0.391)" Size="(0.233; 0.412)" ClipOffset="0.1">
                                                            <SecondaryView FOVScale="1.2" ClipDir="(-0.92; 0; -0.391)" MeshFrame="mirror_left_1" Size="(0.2; 0.13)" Pos="(0.881; 2.7; 1.325)">

                                                            </SecondaryView>
                                                          </Mirror>
                                                          <Mirror FOVScale="2.4" ClipDir="(-0.831; 0; 0.556)" MeshFrame="mirror_right" Pos="(0.81; 2.992; -1.294)" ReflectionDir="(-0.831; 0; 0.556)" Size="(0.233; 0.412)" ClipOffset="0.1">
                                                            <SecondaryView FOVScale="1.6" ClipDir="(-0.831; 0; 0.556)" MeshFrame="mirror_right_1" Size="(0.2; 0.13)" Pos="(0.812; 2.702; -1.295)">

                                                            </SecondaryView>
                                                          </Mirror>
                                                    </Cockpit>
                            </Camera>
                                                    <CompatibleWheels Type="wheels_heavy_double1" Scale="0.66" RearOffsetZ=".07">

                                                    </CompatibleWheels>
                                                    <CompatibleWheels Type="wheels_heavy_double2" Scale="0.66" RearOffsetZ=".1">

                                                    </CompatibleWheels>
                                                      <LimitedFluid SizeX="0.875" Center="(-0.765; 1.142; 0.885)" Type="Box" SizeZ="0.636" SizeY="0.42">

                                                      </LimitedFluid>
                                                      <LimitedFluid SizeX="0.875" Center="(0.357; 1.061; -0.885)" Type="Box" SizeZ="0.636" SizeY="0.42">

                                                      </LimitedFluid>
                            <ExtraWheels Scale="0.66" WheelType="wheels_heavy_double1" Rim="rim_5" Tire="highway_1">
                                                            <Wheel Pos="(-2.012; 0.671; 0.86)" _template="MiddleAxle">

                                                            </Wheel>
                                                            <Wheel RightSide="true" Pos="(-2.012; 0.671; 0.86)" _template="MiddleAxle">

                                                            </Wheel>
                            </ExtraWheels>
                            <Sounds _template="Default" Origin="(2; 1.8; 0)" MinDist="15.0" DisableReversePitch="true">
                                                            <Reverse Sound="trucks/derry_longhorn_3194/derry_longhorn_3194_back_beeper">

                                                            </Reverse>
                                                            <EngineHeavy_2d IsSound2D="true" Sound="trucks/derry_longhorn_3194/derry_longhorn_3194_heavy_2d">

                                                            </EngineHeavy_2d>
                                                            <EngineLow Sound="trucks/derry_longhorn_3194/derry_longhorn_3194_low">

                                                            </EngineLow>
                                                            <BrakePull Sound="trucks/derry_longhorn_3194/derry_longhorn_3194_brake_pull">

                                                            </BrakePull>
                                                            <EngineHigh Sound="trucks/derry_longhorn_3194/derry_longhorn_3194_high">

                                                            </EngineHigh>
                                                            <HandbrakeOff Sound="trucks/derry_longhorn_3194/derry_longhorn_3194_handbrake_off">

                                                            </HandbrakeOff>
                                                            <EngineRev Sound="trucks/derry_longhorn_3194/derry_longhorn_3194_rev">

                                                            </EngineRev>
                                                            <AbruptStop Sound="trucks/common/truck_swing_big_rnd_set/truck_swing_big_rnd">

                                                            </AbruptStop>
                                                            <EngineHeavy Sound="trucks/derry_longhorn_3194/derry_longhorn_3194_heavy">

                                                            </EngineHeavy>
                                                            <EngineHigh_2d IsSound2D="true" Sound="trucks/derry_longhorn_3194/derry_longhorn_3194_high_2d">

                                                            </EngineHigh_2d>
                                                            <EngineLow_2d IsSound2D="true" Sound="trucks/derry_longhorn_3194/derry_longhorn_3194_low_2d">

                                                            </EngineLow_2d>
                                                            <EngineIdle_2d IsSound2D="true" Sound="trucks/derry_longhorn_3194/derry_longhorn_3194_idle_2d">

                                                            </EngineIdle_2d>
                                                            <EngineStart Sound="trucks/derry_longhorn_3194/derry_longhorn_3194_start">

                                                            </EngineStart>
                                                            <Handbrake Sound="trucks/derry_longhorn_3194/derry_longhorn_3194_handbrake_on">

                                                            </Handbrake>
                                                            <Honk Sound="trucks/derry_longhorn_3194/derry_longhorn_3194_honk">

                                                            </Honk>
                                                            <BrakeRelease Sound="trucks/derry_longhorn_3194/derry_longhorn_3194_brake_release">

                                                            </BrakeRelease>
                                                            <EngineIdle Sound="trucks/derry_longhorn_3194/derry_longhorn_3194_idle">

                                                            </EngineIdle>
                                                            <EngineStop Sound="trucks/derry_longhorn_3194/derry_longhorn_3194_stop">

                                                            </EngineStop>
                                                            <BrakesSqueal Sound="trucks/derry_longhorn_3194/derry_longhorn_3194_brakes_squeal">

                                                            </BrakesSqueal>
                                                            <EngineAccel Sound="trucks/derry_longhorn_3194/derry_longhorn_3194_acc">

                                                            </EngineAccel>
                            </Sounds>
                            <GearboxSocket Type="gearboxes_trucks" Default="g_truck_default">

                            </GearboxSocket>
                            <Steam Origin="(2.273; 1.61; 0)">

                            </Steam>
                            <Wheels DefaultWheelType="wheels_heavy_double1" DefaultTire="highway_1" DefaultRim="rim_5">
                                                                    <Wheel Pos="(1.723; 0.671; 0.9)" _template="FirstAxle">

                                                                    </Wheel>
                                                                    <Wheel RightSide="true" Pos="(1.723; 0.671; 0.9)" _template="FirstAxle">

                                                                    </Wheel>
                                                                    <Wheel Pos="(-3.518; 0.671; 0.95)" _template="RearAxle">

                                                                    </Wheel>
                                                                    <Wheel RightSide="true" Pos="(-3.518; 0.671; 0.95)" _template="RearAxle">

                                                                    </Wheel>
                                                                    <Wheel Pos="(-5.056; 0.671; 0.95)" _template="RearAxle">

                                                                    </Wheel>
                                                                    <Wheel RightSide="true" Pos="(-5.056; 0.671; 0.95)" _template="RearAxle">

                                                                    </Wheel>
                            </Wheels>
                            <WinchUpgradeSocket Type="winches_heavy_trucks" Default="w_heavy_trucks_default" IsUpgradable="true">

                            </WinchUpgradeSocket>
                            <SteeringRack Frame="BoneRack" RackHalfSizeZ="0.649" FrameSteerLeft="BoneRackL" FrameSteerRight="BoneRackR">

                            </SteeringRack>
                            <SteeringWheel Frame="BoneSteering">

                            </SteeringWheel>
                            <SoundsWheels _template="Default">

                            </SoundsWheels>
                            <Damage>
                                                                              <DamageArea Min="(1.2; 0.9; -0.7)" ParentFrame="BoneChassis_cdt" Max="(3.1; 2.65; 0.7)" Type="Engine">

                                                                              </DamageArea>
                                                                              <DamageArea Min="(-1.24; 0.5; -1.28)" ParentFrame="BoneChassis_cdt" Max="(0.85; 1.45; 1.28)" Type="FuelTank">

                                                                              </DamageArea>
                            </Damage>
                            <Shafts>
                                                                                <Shaft SocketPointA="Shaft1a" SocketPointB="Shaft1b">

                                                                                </Shaft>
                                                                                <Shaft SocketPointA="Shaft2a" SocketPointB="Shaft2b">

                                                                                </Shaft>
                                                                                <Shaft SocketPointA="Shaft3a" SocketPointB="Shaft3b">

                                                                                </Shaft>
                            </Shafts>
        </TruckData>
  </Truck>