  <_templates Include="trucks">
      <Wheel>
          <RearAxle Location="front" ConnectedToHandbrake="true" Torque="default">

          </RearAxle>
          <FirstAxle ParentFrame="BoneCabin_cdt" SuspensionMin="-0.3" SteeringAngle="36" Location="front" SteeringJointOffset="0.23" Torque="full" SteeringCastor="0">

          </FirstAxle>
          <SecondAxle Torque="default" _template="FirstAxle" Location="front" SteeringAngle="-24" ConnectedToHandbrake="true" SteeringCastor="4">

          </SecondAxle>
      </Wheel>
      <Body>
            <Hitch Mass="10" Collisions="None">
                <Constraint Type="Hinge" MaxLimit="70" AxisLocal="(0; 0; 1)" MinLimit="-10" PivotOffset="(0; 0; 0)">
                    <Motor Spring="2" Damping="0.1" Type="Spring">

                    </Motor>
                </Constraint>
            </Hitch>
            <Mirror Mass="1.5" Collisions="None">
                  <Constraint Type="Fixed" LinearLimitsY="(-0.03;0.03)" LinearLimitsX="(-0.01;0.01)" LinearLimitsZ="(0;0)">
                      <Motor Spring="1050" Damping="30" Type="Spring">

                      </Motor>
                  </Constraint>
            </Mirror>
      </Body>
      <Flare>
              <IgnitionSignalOrangeSmall ColorMultAtDay="0.6" Dir="(1; 0; 0)" DirAngle="60" Color="g(255; 140; 0) x 0.25" Size="0.1" AspectRatio="1.4">

              </IgnitionSignalOrangeSmall>
              <IgnitionSignalOrange ColorMultAtDay="0.6" Dir="(0; 1; 0)" DirAngle="135" Color="g(255; 140; 0) x 0.3" Size="0.1" AspectRatio="1.4">

              </IgnitionSignalOrange>
      </Flare>
  </_templates>
  <Truck>
        <HeadLight Pos="(4.576; 1.033; 0)" ParentFrame="BoneCabin_cdt" _template="Default">

        </HeadLight>
        <GameData UnlockByExploration="false" Price="125500" UnlockByRank="24" Country="US">
              <CustomizationCameras>
                    <CameraPos Name="sticker_1" InterestPosition="(7.165; 4.537; 1.118)" Position="(5.018; 2.827; -0.935)" Interior="true" FOV="32.0">

                    </CameraPos>
                    <CameraPos MaxYRotation="360" MaxZoom="2" Name="addon_1" InterestPosition="(0.561; 1.684; -0)" Position="(-7.975; 4.814; 6.571)" MaxXRotation="360" FOV="32.0">

                    </CameraPos>
                    <CameraPos MaxYRotation="360" MaxZoom="2" Name="addon_2" InterestPosition="(5.759; 2.49; 0)" Position="(10.793; 4.409; -3.424)" MaxXRotation="360" FOV="32.0">

                    </CameraPos>
                    <CameraPos Name="mirror_mount" InterestPosition="(6.764; 2.94; -0.145)" Position="(4.241; 3.049; -0.565)" Interior="true" FOV="32.0">

                    </CameraPos>
                    <CameraPos MaxYRotation="360" MaxZoom="2" Name="side_r" InterestPosition="(4.494; 2.616; -0)" Position="(-0.753; 4.897; 5.666)" MaxXRotation="360" FOV="32.0">

                    </CameraPos>
                    <CameraPos Name="sticker" InterestPosition="(6.458; 0.793; 2.347)" Position="(5.286; 3.015; -0.65)" Interior="true" FOV="32.0">

                    </CameraPos>
                    <CameraPos Name="glass_sticker" InterestPosition="(6.227; 2.898; -0.7)" Position="(8.169; 3.949; 1.028)" Interior="true" FOV="32.0">

                    </CameraPos>
                    <CameraPos Name="door_r_sticker" InterestPosition="(6.324; 1.796; 0)" Position="(2.401; 2.445; 3.166)" Interior="true" FOV="32.0">

                    </CameraPos>
                    <CameraPos MaxYRotation="360" MaxZoom="2" Name="roof" InterestPosition="(5.118; 3.503; 0)" Position="(11.064; 5.516; -4.015)" MaxXRotation="360" FOV="32.0">

                    </CameraPos>
                    <CameraPos Name="capote_sticker" InterestPosition="(4.821; 0.365; -0.023)" Position="(9.708; 5.975; -0.966)" Interior="true" FOV="32.0">

                    </CameraPos>
                    <CameraPos MaxYRotation="360" MaxZoom="2" Name="hoods" InterestPosition="(5.187; 1.818; 0)" Position="(13.18; 1.275; -5.377)" MaxXRotation="360" FOV="32.0">

                    </CameraPos>
                    <CameraPos Name="sticker_2" InterestPosition="(7.165; 4.566; 2.414)" Position="(4.936; 2.784; 0.295)" Interior="true" FOV="32.0">

                    </CameraPos>
                    <CameraPos MaxYRotation="360" MaxZoom="2" Name="side_l" InterestPosition="(5.074; 2.075; 0)" Position="(9.141; 4.511; 5.732)" MaxXRotation="360" FOV="32.0">

                    </CameraPos>
                    <CameraPos Name="bubble_head" InterestPosition="(6.764; 2.229; 1.419)" Position="(4.816; 2.867; -0.443)" Interior="true" FOV="32.0">

                    </CameraPos>
                    <CameraPos MaxYRotation="360" MaxZoom="2" Name="wheels" InterestPosition="(5.548; 0.545; -0)" Position="(7.631; 1.733; -6.123)" MaxXRotation="360" FOV="32.0">

                    </CameraPos>
                    <CameraPos MaxYRotation="360" MaxZoom="2" Name="default" InterestPosition="(5.187; 1.818; 0)" Position="(13.18; 1.275; -5.377)" MaxXRotation="360" FOV="32.0">

                    </CameraPos>
                    <CameraPos MaxYRotation="360" MaxZoom="2" Name="rear" InterestPosition="(-1.423; 1.831; -0)" Position="(-10.631; 2.524; 6.535)" MaxXRotation="360" FOV="32.0">

                    </CameraPos>
                    <CameraPos Name="door_l_sticker" InterestPosition="(4.170; 1.898; 0.086" Position="(2.566; 2.602; -3.115)" Interior="true" FOV="32.0">

                    </CameraPos>
                    <CameraPos Name="hood_ornament" InterestPosition="(7.506; 2.247; -1.339)" Position="(8.557; 2.563; -1.339)" Interior="true" FOV="32.0">

                    </CameraPos>
                    <CameraPos Name="curtain" InterestPosition="(6.764; 2.94; -0.145)" Position="(4.241; 3.049; -0.565)" Interior="true" FOV="32.0">

                    </CameraPos>
              </CustomizationCameras>
              <UiDesc UiName="UI_VEHICLE_DERRY_LONGHORN_4520_NAME" UiDesc="UI_VEHICLE_DERRY_LONGHORN_4520_DESC" UiIconLogo="DerryLonghornLogo80" UiIcon40x40="heavyVehicleImg" UiIcon30x30="heavyVehicleImg30" UiIcon328x458="shopImgDerryLonghorn4520">

              </UiDesc>
                    <AddonSockets>
                        <Socket Offset="(-6.559; 1.259; 0)" Names="BunkLog">

                        </Socket>
                        <Socket Offset="(-3.5; 1.25; 0)" Names="SaddleLow">
                            <ExtraParent Offset="(0; 0; -0.05)" Frame="BoneChassis_cdt">

                            </ExtraParent>
                            <ExtraParent Offset="(0; 0; 0.05)" Frame="BoneChassis_cdt">

                            </ExtraParent>
                        </Socket>
                        <Socket Offset="(-2.6; 1.25; 0)" Names="SaddleDerryLonghorn4520">

                        </Socket>
                    </AddonSockets>
                    <AddonSockets>
                        <Socket Offset="(-2.82; 1.6; 0)" Names="LargeSemitrailer, LargeSemitrailerOiltank">

                        </Socket>
                        <Socket Offset="(-3.5; 1.57; 0)" Names="Semitrailer, SemitrailerOiltank">

                        </Socket>
                        <Socket Offset="(-4.772; 1.02; 0)" Names="Trailer">

                        </Socket>
                    </AddonSockets>
                    <AddonSockets DefaultAddon="derry_longhorn_4520_bumper_default">
                      <Socket Names="DerryLonghorn4520Bumper" ParentFrame="BoneCabin_cdt">

                      </Socket>
                    </AddonSockets>
                    <AddonSockets DefaultAddon="derry_longhorn_4520_exhaust_default">
                      <Socket Names="DerryLonghorn4520Exhaust" ParentFrame="BoneCabin_cdt">
                          <ExtraParent Frame="BoneChassis_cdt">

                          </ExtraParent>
                      </Socket>
                    </AddonSockets>
                    <AddonSockets DefaultAddon="derry_longhorn_4520_gabarite_default">
                      <Socket Names="DerryLonghorn4520GabariteDefault" ParentFrame="BoneCabin_cdt">

                      </Socket>
                    </AddonSockets>
                    <AddonSockets>
                      <Socket Names="DerryLonghorn4520Gabarite" ParentFrame="BoneCabin_cdt">

                      </Socket>
                    </AddonSockets>
                    <AddonSockets DefaultAddon="derry_longhorn_4520_beacon_default">
                      <Socket Names="DerryLonghorn4520Beacon" ParentFrame="BoneCabin_cdt">

                      </Socket>
                    </AddonSockets>
                    <AddonSockets>
                      <Socket Names="DerryLong4520Spotlight" ParentFrame="BoneCabin_cdt">

                      </Socket>
                    </AddonSockets>
                    <AddonSockets>
                      <Socket Names="DerryLonghorn4520Snorkel" ParentFrame="BoneCabin_cdt">

                      </Socket>
                    </AddonSockets>
                    <AddonSockets>
                      <Socket Names="DerryLonghorn4520Horn" ParentFrame="BoneCabin_cdt">

                      </Socket>
                    </AddonSockets>
                    <AddonSockets DefaultAddon="derry_longhorn_4520_diff_lock_default">
                      <Socket Offset="(0; 0; 0)" Names="DerryLonghorn4520DiffLock" ParentFrame="BoneChassis_cdt">

                      </Socket>
                    </AddonSockets>
                    <AddonSockets>
                      <Socket ParentFrame="BoneCabin_cdt" Offset="(2.611; 2.618; 0.048)" Names="StuffDashboard" InCockpit="true">

                      </Socket>
                    </AddonSockets>
                    <AddonSockets>
                      <Socket ParentFrame="BoneCabin_cdt" Names="DerryLonghorn4520Sticker_1x1_01" InCockpit="true">

                      </Socket>
                    </AddonSockets>
                    <AddonSockets>
                      <Socket ParentFrame="BoneCabin_cdt" Names="DerryLonghorn4520Sticker_1x1_02" InCockpit="true">

                      </Socket>
                    </AddonSockets>
                    <AddonSockets>
                      <Socket ParentFrame="BoneCabin_cdt" Names="DerryLonghorn4520Sticker_1x2_01" InCockpit="true">

                      </Socket>
                    </AddonSockets>
                    <AddonSockets>
                      <Socket ParentFrame="BoneCabin_cdt" Names="DerryLonghorn4520Sticker_1x2_02" InCockpit="true">

                      </Socket>
                    </AddonSockets>
                    <AddonSockets>
                      <Socket ParentFrame="BoneCabin_cdt" Names="DerryLonghorn4520Sticker_1x4_01" InCockpit="true">

                      </Socket>
                    </AddonSockets>
                    <AddonSockets>
                      <Socket ParentFrame="BoneCabin_cdt" Names="DerryLonghorn4520Sticker_1x4_02" InCockpit="true">

                      </Socket>
                    </AddonSockets>
                    <AddonSockets>
                        <Socket ParentFrame="BoneCabin_cdt" Offset="(2.457; 3.136; 0.917)" Names="StuffAirfreshener" InCockpit="true">

                        </Socket>
                        <Socket ParentFrame="BoneCabin_cdt" Names="StuffCurtainDerryLonghorn4520" InCockpit="true">

                        </Socket>
                    </AddonSockets>
                    <AddonSockets>
                      <Socket ParentFrame="BoneCabin_cdt" Names="derryLonghorn4520Sticker_GlassTop" InCockpit="true">

                      </Socket>
                    </AddonSockets>
                    <AddonSockets>
                      <Socket ParentFrame="BoneCabin_cdt" Names="derryLonghorn4520Sticker_GlassBottom" InCockpit="true">

                      </Socket>
                    </AddonSockets>
                    <AddonSockets>
                      <Socket Names="derryLonghorn4520Sticker_Door_L" ParentFrame="BoneCabin_cdt">

                      </Socket>
                    </AddonSockets>
                    <AddonSockets>
                      <Socket Names="derryLonghorn4520Sticker_Door_R" ParentFrame="BoneCabin_cdt">

                      </Socket>
                    </AddonSockets>
                    <AddonSockets>
                      <Socket Names="derryLonghorn4520Sticker_Capote" ParentFrame="BoneCabin_cdt">

                      </Socket>
                    </AddonSockets>
                    <AddonSockets>
                      <Socket Names="StuffHoodDerryLonghorn4520" ParentFrame="BoneCabin_cdt">

                      </Socket>
                    </AddonSockets>
                      <CraneSocket Pos="(4.432; 0.723; -0.481)" ParentFrame="BoneCabin_cdt">

                      </CraneSocket>
                      <CraneSocket Pos="(4.432; 0.723; 0.481)" ParentFrame="BoneCabin_cdt">

                      </CraneSocket>
                      <CraneSocket Pos="(-4.744; 0.88; -0.523)">

                      </CraneSocket>
                      <CraneSocket Pos="(-4.744; 0.88; 0.523)">

                      </CraneSocket>
                      <CraneSocket Pos="(0.615; 0.905; -0.553)">

                      </CraneSocket>
                      <CraneSocket Pos="(-0.035; 1.454; 1.213)">

                      </CraneSocket>
                        <WinchSocket Pos="(4.432; 0.723; -0.481)" ParentFrame="BoneCabin_cdt">

                        </WinchSocket>
                        <WinchSocket Pos="(4.432; 0.723; 0.481)" ParentFrame="BoneCabin_cdt">

                        </WinchSocket>
                        <WinchSocket Pos="(-4.744; 0.88; -0.523)">

                        </WinchSocket>
                        <WinchSocket Pos="(-4.744; 0.88; 0.523)">

                        </WinchSocket>
                        <WinchSocket Pos="(0.615; 0.905; -0.553)">

                        </WinchSocket>
                        <WinchSocket Pos="(-0.035; 1.454; 1.213)">

                        </WinchSocket>
        </GameData>
        <PhysicsModel Mesh="trucks/derry_longhorn_4520">
                <Body NetSync="pv" CenterOfMassOffset="(-1.5; -0.5; 0)" ModelFrame="BoneChassis_cdt" Mass="15000" ImpactType="Truck">
                      <Body NetSync="pv" CenterOfMassOffset="(0.5; -0.4; 0)" ModelFrame="BoneCabin_cdt" Mass="10000" ImpactType="Truck">
                        <Constraint Type="Hinge" MaxLimit="5" AxisLocal="(1; 0; 0)" MinLimit="-5" PivotOffset="(0; 0; 0)">
                            <Motor Spring="4000000" Damping="100000" Type="Spring">

                            </Motor>
                        </Constraint>
                            <Body ModelFrame="BoneMirrorLeft_cdt" _template="Mirror">

                            </Body>
                            <Body ModelFrame="BoneMirrorRight_cdt" _template="Mirror">

                            </Body>
                            <Body ModelFrame="BoneHitch3" _template="Hitch">

                            </Body>
                            <Body ModelFrame="BoneHitch4" _template="Hitch">

                            </Body>
                            <Body ModelFrame="BonePipe1_cdt" Mass="0.5" Collisions="None">
                              <Constraint Type="Fixed" LinearLimitsY="(-.2;.2)" LinearLimitsX="(-.2;.2)" LinearLimitsZ="(0;.2)">
                                  <Motor Spring="30" Damping="2" Type="Spring">

                                  </Motor>
                              </Constraint>
                            </Body>
                            <Body ModelFrame="BonePipe2_cdt" Mass="0.1" Collisions="None">
                              <Constraint Type="Fixed" LinearLimitsY="(-.1;.1)" LinearLimitsX="(-.1;.1)" LinearLimitsZ="(-.1;.1)">
                                  <Motor Spring="35" Damping="0.3" Type="Spring">

                                  </Motor>
                              </Constraint>
                            </Body>
                      </Body>
                      <Body ModelFrame="BoneLeftMudguardJiggle_cdt" Mass="5" Collisions="None">
                        <Constraint Type="Hinge" MaxLimit="7" AxisLocal="(1; 0; 0)" MinLimit="-7" PivotOffset="(1; 0; 0)">
                            <Motor Spring="2200" Damping="7" Type="Spring">

                            </Motor>
                        </Constraint>
                        <Body ModelFrame="BoneLeftMudguard_cdt" AngularDamping="1.0" _template="Mudguard">
                              <Constraint MinLimit="-45" MaxLimit="0" AxisLocal="(0; 0; 1)">
                                  <Motor Spring="5" Damping="2" Type="Spring">

                                  </Motor>
                              </Constraint>
                        </Body>
                      </Body>
                      <Body ModelFrame="BoneRightMudguardJiggle_cdt" Mass="5" Collisions="None">
                        <Constraint Type="Hinge" MaxLimit="7" AxisLocal="(1; 0; 0)" MinLimit="-7" PivotOffset="(1; 0; 0)">
                            <Motor Spring="2200" Damping="10" Type="Spring">

                            </Motor>
                        </Constraint>
                        <Body ModelFrame="BoneRightMudguard_cdt" AngularDamping="1.0" _template="Mudguard">
                              <Constraint MinLimit="-45" MaxLimit="0" AxisLocal="(0; 0; 1)">
                                  <Motor Spring="5" Damping="2" Type="Spring">

                                  </Motor>
                              </Constraint>
                        </Body>
                      </Body>
                      <Body ModelFrame="BoneWire1_cdt" Mass="5" Collisions="None">
                        <Constraint Type="Hinge" MaxLimit="5" AxisLocal="(1; 0; 0)" MinLimit="-35" PivotOffset="(0; 0; 0)">
                            <Motor Spring="20" Damping="6" Type="Spring">

                            </Motor>
                        </Constraint>
                        <Body ModelFrame="BoneWire2_cdt" Mass="0.1" Collisions="None">
                              <Constraint Type="Prismatic" MaxLimit="0.2" AxisLocal="(0; 1; 0)" MinLimit="-0.4">
                                  <Motor Spring="25" Damping="0.3" Type="Spring">

                                  </Motor>
                              </Constraint>
                        </Body>
                      </Body>
                      <Body ModelFrame="BoneRope1_cdt" Mass="15" Collisions="None">
                        <Constraint Type="Hinge" MaxLimit="55" AxisLocal="(1; 0; 0)" MinLimit="-55" PivotOffset="(0; 0; 0)">
                            <Motor Spring="10" Damping="1" Type="Spring">

                            </Motor>
                        </Constraint>
                      </Body>
                </Body>
                <NetSync Legacy="false">

                </NetSync>
        </PhysicsModel>
                <Snorkel Origin="(3.098; 2.139; -1.255)">

                </Snorkel>
                <Snorkel Origin="(3.098; 2.139; 1.255)">

                </Snorkel>
        <AutomaticIK>
                      <IKBone ParentFrame="BoneChassis_cdt" ModelFrame="BoneIKRear1Left">
                        <IKJoint Type="Hinge" AxisLocal="(0; 0; 1)">

                        </IKJoint>
                        <IKBone AttachToFrame="BoneAxleRear1" AttachOffset="(0; 0; 0)" ModelFrame="BoneIKRear1Left1">
                              <IKJoint Type="Slider" AxisLocal="(1; 0; 0)">

                              </IKJoint>
                        </IKBone>
                      </IKBone>
                      <IKBone ParentFrame="BoneChassis_cdt" ModelFrame="BoneIKRear1Right">
                        <IKJoint Type="Hinge" AxisLocal="(0; 0; 1)">

                        </IKJoint>
                        <IKBone AttachToFrame="BoneAxleRear1" AttachOffset="(0; 0; 0)" ModelFrame="BoneIKRear1Right1">
                              <IKJoint Type="Slider" AxisLocal="(1; 0; 0)">

                              </IKJoint>
                        </IKBone>
                      </IKBone>
                      <IKBone ParentFrame="BoneChassis_cdt" ModelFrame="BoneIKRear2Left">
                        <IKJoint Type="Hinge" AxisLocal="(0; 0; 1)">

                        </IKJoint>
                        <IKBone AttachToFrame="BoneAxleRear2" AttachOffset="(0; 0; 0)" ModelFrame="BoneIKRear2Left1">
                              <IKJoint Type="Slider" AxisLocal="(1; 0; 0)">

                              </IKJoint>
                        </IKBone>
                      </IKBone>
                      <IKBone ParentFrame="BoneChassis_cdt" ModelFrame="BoneIKRear2Right">
                        <IKJoint Type="Hinge" AxisLocal="(0; 0; 1)">

                        </IKJoint>
                        <IKBone AttachToFrame="BoneAxleRear2" AttachOffset="(0; 0; 0)" ModelFrame="BoneIKRear2Right1">
                              <IKJoint Type="Slider" AxisLocal="(1; 0; 0)">

                              </IKJoint>
                        </IKBone>
                      </IKBone>
                      <IKBone ParentFrame="BoneChassis_cdt" ModelFrame="BoneIKRear3Left">
                        <IKJoint Type="Hinge" AxisLocal="(0; 0; 1)">

                        </IKJoint>
                        <IKBone AttachToFrame="BoneAxleRear3" AttachOffset="(0; 0; 0)" ModelFrame="BoneIKRear3Left1">
                              <IKJoint Type="Slider" AxisLocal="(1; 0; 0)">

                              </IKJoint>
                        </IKBone>
                      </IKBone>
                      <IKBone ParentFrame="BoneChassis_cdt" ModelFrame="BoneIKRear3Right">
                        <IKJoint Type="Hinge" AxisLocal="(0; 0; 1)">

                        </IKJoint>
                        <IKBone AttachToFrame="BoneAxleRear3" AttachOffset="(0; 0; 0)" ModelFrame="BoneIKRear3Right1">
                              <IKJoint Type="Slider" AxisLocal="(1; 0; 0)">

                              </IKJoint>
                        </IKBone>
                      </IKBone>
                      <IKBone ParentFrame="BoneChassis_cdt" ModelFrame="BoneIKFront">
                        <IKJoint Type="Hinge" AxisLocal="(0; 1; 0)">

                        </IKJoint>
                        <IKBone AttachToFrame="BoneRackLeft" AttachOffset="(0; 0; 0)" ModelFrame="BoneIKFront1">
                              <IKJoint Type="Slider" AxisLocal="(0; 0; 1)">

                              </IKJoint>
                        </IKBone>
                      </IKBone>
                      <IKBone ParentFrame="BoneChassis_cdt" ModelFrame="BoneIKTest">
                        <IKJoint Type="Hinge" AxisLocal="(0; 0; 1)">

                        </IKJoint>
                        <IKBone AttachToFrame="BoneIKFront1" AttachOffset="(0; 0; 0)" ModelFrame="BoneIKTest1">
                              <IKJoint Type="Slider" AxisLocal="(0; 1; 0)">

                              </IKJoint>
                        </IKBone>
                      </IKBone>
        </AutomaticIK>
        <Landmark MaxScale="3.8" Mesh="landmarks/derry_longhorn_4520_lmk" MinScale="1.8">

        </Landmark>
                      <Rotator RotationSpeed="8" Frame="BoneRotator1" EngineTorqueFactor=".4">

                      </Rotator>
                      <Rotator RotationSpeed="-7" Frame="BoneRotator2" EngineTorqueFactor=".3">

                      </Rotator>
        <ModelAttachments>
                          <HeadLight>
                                <Flare Pos="(4.07; 1.071; -0.821)" _template="HeadLight" Size=".4" ParentFrame="BoneCabin_cdt">

                                </Flare>
                                <Flare Pos="(4.07; 1.071; 0.821)" _template="HeadLight" Size=".4" ParentFrame="BoneCabin_cdt">

                                </Flare>
                                <Flare Pos="(4.07; 1.071; -0.821)" ParentFrame="BoneCabin_cdt" _template="BlueStreak">

                                </Flare>
                                <Flare Pos="(4.07; 1.071; 0.821)" ParentFrame="BoneCabin_cdt" _template="BlueStreak">

                                </Flare>
                                  <Model Org="(4.07; 1.071; -0.821)" ParentFrame="BoneCabin_cdt" _template="HeadLightRay">

                                  </Model>
                                  <Model Org="(4.07; 1.071; 0.821)" ParentFrame="BoneCabin_cdt" _template="HeadLightRay">

                                  </Model>
                          </HeadLight>
                          <StopSignals>
                                <Light Pos="(-4.5; 2.046; 0.267)" _template="StopSignal">

                                </Light>
                                    <Flare Pos="(-4.612; 1.045; 0.267)" Size="0.5" _template="StopSignal">

                                    </Flare>
                                    <Flare Pos="(-4.612; 1.045; -0.267)" Size="0.5" _template="StopSignal">

                                    </Flare>
                          </StopSignals>
                          <Ignition>
                                    <Light Pos="(4.5; 1.013; 0.8)" _template="IgnitionSignalWhite">

                                    </Light>
                                    <Light Pos="(4.5; 1.013; -0.8)" _template="IgnitionSignalWhite">

                                    </Light>
                                    <Light Pos="(-5.6; 1.025; -0)" Color="g(255; 10; 10) x 0.8" _template="IgnitionSignalRed">

                                    </Light>
                                      <Flare Pos="(-4.518; 1.185; 0)" Color="g(255; 0; 0) x 0.4" _template="IgnitionSignalRedSmall">

                                      </Flare>
                                      <Flare Pos="(-4.599; 1.234; -1.191)" Color="g(255; 0; 0) x 0.4" _template="IgnitionSignalRedSmall">

                                      </Flare>
                                      <Flare Pos="(-4.599; 1.234; 1.191)" Color="g(255; 0; 0) x 0.4" _template="IgnitionSignalRedSmall">

                                      </Flare>
                                      <Flare Pos="(4.089; 1.296; -0.821)" ParentFrame="BoneCabin_cdt" _template="IgnitionSignalOrange">

                                      </Flare>
                                      <Flare Pos="(4.089; 1.296; 0.821)" ParentFrame="BoneCabin_cdt" _template="IgnitionSignalOrange">

                                      </Flare>
                                      <Flare Pos="(3.981; 1.338; -1.036)" Dir="(0.244; 0; -0.97)" _template="IgnitionSignalOrange" Color="g(255; 140; 0) x 0.4" ParentFrame="BoneCabin_cdt">

                                      </Flare>
                                      <Flare Pos="(3.981; 1.338; 1.036)" Dir="(0.244; 0; 0.97)" _template="IgnitionSignalOrange" Color="g(255; 140; 0) x 0.4" ParentFrame="BoneCabin_cdt">

                                      </Flare>
                                      <Flare Pos="(-0.286; 1.457; 1.226)" Dir="(0; 0; 1)" _template="IgnitionSignalOrangeSmall" DirAngle="85">

                                      </Flare>
                                      <Flare Pos="(-0.286; 1.457; -1.226)" Dir="(0; 0; -1)" _template="IgnitionSignalOrangeSmall" DirAngle="85">

                                      </Flare>
                                      <Flare Pos="(-0.417; 1.479; 1.224)" Dir="(0; 0; 1)" _template="IgnitionSignalOrangeSmall" Size="0.05" DirAngle="85">

                                      </Flare>
                                      <Flare Pos="(-0.417; 1.479; -1.224)" Dir="(0; 0; -1)" _template="IgnitionSignalOrangeSmall" Size="0.05" DirAngle="85">

                                      </Flare>
                                      <Flare Pos="(3.835; 1.185; 1.095)" Dir="(0; 0; 1)" _template="IgnitionSignalYellow" Color="g(238; 195; 34) x 0.4" Size="0.07" ParentFrame="BoneCabin_cdt">

                                      </Flare>
                                      <Flare Pos="(3.835; 1.185; -1.095)" Dir="(0; 0; -1)" _template="IgnitionSignalYellow" Color="g(238; 195; 34) x 0.4" Size="0.07" ParentFrame="BoneCabin_cdt">

                                      </Flare>
                                      <Flare Pos="(4.08; 1.071; -0.821)" _template="IgnitionSignalWhite" Color="g(165; 149; 130) x 0.8" DirAngle="120">

                                      </Flare>
                                      <Flare Pos="(4.08; 1.071; 0.821)" _template="IgnitionSignalWhite" Color="g(165; 149; 130) x 0.8" DirAngle="120">

                                      </Flare>
                                      <Flare Pos="(-4.613; 1.026; -0.267)" _template="IgnitionSignalRed">

                                      </Flare>
                                      <Flare Pos="(-4.613; 1.026; 0.267)" _template="IgnitionSignalRed">

                                      </Flare>
                          </Ignition>
                          <ReverseSignals>
                                      <Light OuterCone="160" Dir="(-1; -0.2; 0)" AttenEnd="2.0" InnerCone="120" Color="(80; 80; 80)" Pos="(-4.593; 0.807; -0.246)">

                                      </Light>
                                      <Light OuterCone="160" Dir="(-1; -0.2; 0)" AttenEnd="2.0" InnerCone="120" Color="(80; 80; 80)" Pos="(-4.593; 0.807; 0.246)">

                                      </Light>
                                      <Light OuterCone="160" Dir="(-1; -0.2; 0)" AttenEnd="2.0" InnerCone="120" Color="(80; 80; 80)" Pos="(0.467; 3.034; -1.114)">

                                      </Light>
                                      <Light OuterCone="160" Dir="(-1; -0.2; 0)" AttenEnd="2.0" InnerCone="120" Color="(80; 80; 80)" Pos="(0.467; 3.034; 1.114)">

                                      </Light>
                                        <Flare ColorMultAtDay="0.6" Dir="(-1; 0; 0)" AspectRatio="1.4" Size="0.4" Pos="(-4.593; 0.807; -0.246)" DirAngle="90" Color="g(200; 200; 200) x 0.8" Reflections="true">

                                        </Flare>
                                        <Flare Pos="(-4.593; 0.807; -0.246)" Dir="(-1; 0; 0)" _template="BlueStreak" Color="g(220; 220; 255) x 0.05" Size="0.4">

                                        </Flare>
                                        <Flare ColorMultAtDay="0.6" Dir="(-1; 0; 0)" AspectRatio="1.4" Size="0.4" Pos="(-4.593; 0.807; 0.246)" DirAngle="90" Color="g(200; 200; 200) x 0.8" Reflections="true">

                                        </Flare>
                                        <Flare Pos="(-4.593; 0.807; 0.246)" Dir="(-1; 0; 0)" _template="BlueStreak" Color="g(220; 220; 255) x 0.05" Size="0.4">

                                        </Flare>
                                        <Flare ColorMultAtDay="0.6" Dir="(-1; 0; 0)" AspectRatio="1.4" Size="0.4" Pos="(0.467; 3.034; -1.114)" DirAngle="90" Color="g(200; 200; 200) x 0.8" Reflections="true">

                                        </Flare>
                                        <Flare Pos="(0.467; 3.034; -1.114)" Dir="(-1; 0; 0)" _template="BlueStreak" Color="g(220; 220; 255) x 0.05" Size="0.4">

                                        </Flare>
                                        <Flare ColorMultAtDay="0.6" Dir="(-1; 0; 0)" AspectRatio="1.4" Size="0.4" Pos="(0.467; 3.034; 1.114)" DirAngle="90" Color="g(200; 200; 200) x 0.8" Reflections="true">

                                        </Flare>
                                        <Flare Pos="(0.467; 3.034; 1.114)" Dir="(-1; 0; 0)" _template="BlueStreak" Color="g(220; 220; 255) x 0.05" Size="0.4">

                                        </Flare>
                          </ReverseSignals>
        </ModelAttachments>
        <TruckData SteerSpeed="0.02" EngineStartDelay="3.2" EngineIconMesh="env/engine_default" TruckType="HEAVY" Responsiveness="0.25" BackSteerSpeed="0.02" TruckImage="derryLonghorn4520" FuelCapacity="400" DiffLockType="Installed" ExhaustStartTime="2.8" EngineIconScale="1.4">
                            <Driver Pos="(1.938; 2.213; 0.742)" AnimationSet="HeavyTruck" SteeringWheelPos="(2.327; 2.554; 0.746)">

                            </Driver>
                            <SoundsDamage _template="Heavy">

                            </SoundsDamage>
                            <OcclusionMap HalfSizeZ="1.8" MinX="-5.5" MaxX="5">

                            </OcclusionMap>
                            <FuelTank DamageCapacity="100">

                            </FuelTank>
                            <Intake Size="0.8" Dir="(1; 0; 0)" Origin="(4.19; 1.61; 0)">

                            </Intake>
                            <EngineSocket Type="e_us_truck_modern, e_us_truck_modern_longhorn_4520" Default="us_truck_modern_engine_0">

                            </EngineSocket>
                            <SuspensionSocket Type="s_derry_longhorn_4520" MaxWheelRadiusWithoutSuspension="0.85" Default="derry_longhorn_4520_suspension_default">

                            </SuspensionSocket>
                            <Dashboard>
                                                <Gauge InputType="speed" Dir="(-0.707; 0.707; 0)" Org="(2.64; 2.449; 0.72)" Mesh="trucks/arrows/derry_longhorn_4520_arrow_1" InputRange="(0;100)" OutputAngles="(-133; 137)">

                                                </Gauge>
                                                <Gauge InputRange="(0;1)" Dir="(-1; 0; 0)" InputType="engineEnabled" Org="(2.704; 2.557; 0.808)" Damping="0.99" Mesh="trucks/arrows/derry_longhorn_4520_arrow_2" OutputAngles="(-40; 17)">

                                                </Gauge>
                                                <Gauge InputRange="(0;1)" Dir="(-1; 0; 0)" InputType="engineEnabled" Org="(2.704; 2.557; 0.735)" Damping="0.99" Mesh="trucks/arrows/derry_longhorn_4520_arrow_2" OutputAngles="(-43; -33)">

                                                </Gauge>
                                                <Gauge InputRange="(0;1)" Dir="(-1; 0; 0)" InputType="engineEnabled" Org="(2.704; 2.557; 0.654)" Damping="0.99" Mesh="trucks/arrows/derry_longhorn_4520_arrow_2" OutputAngles="(-43; -33)">

                                                </Gauge>
                                                <Gauge InputRange="(0;1)" Dir="(-1; 0; 0)" InputType="engineEnabled" Org="(2.704; 2.557; 0.574)" Damping="0.99" Mesh="trucks/arrows/derry_longhorn_4520_arrow_2" OutputAngles="(-38; 6)">

                                                </Gauge>
                                                <Gauge InputRange="(0;1)" Dir="(-1; 0; 0)" InputType="engineEnabled" Org="(2.704; 2.557; 0.496)" Damping="0.99" Mesh="trucks/arrows/derry_longhorn_4520_arrow_2" OutputAngles="(-44; -20)">

                                                </Gauge>
                                                <Gauge InputRange="(0;1)" Dir="(-0.707; 0.707; 0)" InputType="fuel" Org="(2.63; 2.439; 0.603)" Damping="0.99" Mesh="trucks/arrows/derry_longhorn_4520_arrow_2" OutputAngles="(-45; 46)">

                                                </Gauge>
                                                <Gauge InputType="none" Dir="(-0.707; 0.707; 0)" Org="(2.653; 2.463; 0.856)" Mesh="trucks/arrows/derry_longhorn_4520_arrow_3" InputRange="(0;1)" OutputAngles="(0; 0)">

                                                </Gauge>
                            </Dashboard>
                            <Axles>
                                                  <Axle Frame="BoneAxleFront">

                                                  </Axle>
                                                  <Axle Frame="BoneAxleRear1">

                                                  </Axle>
                                                  <Axle Frame="BoneAxleRear2">

                                                  </Axle>
                                                  <Axle Frame="BoneAxleRear3">

                                                  </Axle>
                            </Axles>
                            <Camera Center="(-1.8; 0; 0)" ParentFrame="BoneCabin_cdt">
                                                  <Cockpit WindshieldDiffuseTexture="trucks/derry_longhorn_4520_glass__d_a.tga" _template="Default" WindshieldShadingTexture="trucks/derry_longhorn_4520_glass__sh_d.tga" ViewPos="(1.92; 2.921; 0.742)">
                                                        <Mirror FOVScale="2" ClipDir="(-0.817; -0.105; -0.567)" MeshFrame="mirror_left" Pos="(2.303; 2.812; 1.934)" ReflectionDir="(-0.817; -0.105; -0.567)" Size="(0.227; 0.457)" ClipOffset="0.1">

                                                        </Mirror>
                                                        <Mirror FOVScale="2.6" ClipDir="(-0.724; -0.07; 0.686)" MeshFrame="mirror_right" Pos="(2.312; 2.813; -1.924)" ReflectionDir="(-0.724; -0.07; 0.686)" Size="(0.227; 0.457)" ClipOffset="0.1">

                                                        </Mirror>
                                                  </Cockpit>
                            </Camera>
                                                  <CompatibleWheels Type="wheels_heavy_double1" Scale="0.64">

                                                  </CompatibleWheels>
                                                  <CompatibleWheels Type="wheels_heavy_double2" Scale="0.64" OffsetZ=".05">

                                                  </CompatibleWheels>
                                                  <CompatibleWheels Type="wheels_heavy_single" Scale="0.64" OffsetZ="-0.03">

                                                  </CompatibleWheels>
                                                    <LimitedFluid Type="Cylinder" Center="(1.799; 0.831; -0.896)" RadiusY="0.388" LengthX="0.893" RadiusZ="0.388">

                                                    </LimitedFluid>
                                                    <LimitedFluid Type="Cylinder" Center="(1.536; 0.831; 0.896)" RadiusY="0.388" LengthX="1.418" RadiusZ="0.388">

                                                    </LimitedFluid>
                            <Sounds _template="Default" Origin="(3.05; 1.8; 0)" MinDist="15.0" DisableReversePitch="true">
                                                        <Reverse Sound="trucks/derry_longhorn_4520/derry_longhorn_4520_back_beeper">

                                                        </Reverse>
                                                        <EngineTrans Sound="trucks/common/truck_trans_forward_loop">

                                                        </EngineTrans>
                                                        <EngineLow Sound="trucks/derry_longhorn_4520/derry_longhorn_4520_low">

                                                        </EngineLow>
                                                        <EngineHigh Sound="trucks/derry_longhorn_4520/derry_longhorn_4520_high">

                                                        </EngineHigh>
                                                        <HandbrakeOff Sound="trucks/chevrolet_kodiakc70/chevrolet_kodiakc70_handbrake_off">

                                                        </HandbrakeOff>
                                                        <AbruptStop Sound="trucks/common/truck_swing_big_rnd_set/truck_swing_big_rnd">

                                                        </AbruptStop>
                                                        <EngineRev Sound="trucks/derry_longhorn_4520/derry_longhorn_4520_rev">

                                                        </EngineRev>
                                                        <EngineHeavy_2d IsSound2D="true" Sound="trucks/derry_longhorn_4520/derry_longhorn_4520_heavy_2d">

                                                        </EngineHeavy_2d>
                                                        <EngineHeavy Sound="trucks/derry_longhorn_4520/derry_longhorn_4520_heavy">

                                                        </EngineHeavy>
                                                        <EngineHigh_2d IsSound2D="true" Sound="trucks/derry_longhorn_4520/derry_longhorn_4520_high_2d">

                                                        </EngineHigh_2d>
                                                        <EngineLow_2d IsSound2D="true" Sound="trucks/derry_longhorn_4520/derry_longhorn_4520_low_2d">

                                                        </EngineLow_2d>
                                                        <EngineIdle_2d IsSound2D="true" Sound="trucks/derry_longhorn_4520/derry_longhorn_4520_idle_2d">

                                                        </EngineIdle_2d>
                                                        <EngineStart Sound="trucks/derry_longhorn_4520/derry_longhorn_4520_start">

                                                        </EngineStart>
                                                        <Handbrake Sound="trucks/chevrolet_kodiakc70/chevrolet_kodiakc70_handbrake_on">

                                                        </Handbrake>
                                                        <BrakesSqueal Sound="trucks/derry_longhorn_4520/derry_longhorn_4520_brakes_squeal">

                                                        </BrakesSqueal>
                                                        <EngineIdle Sound="trucks/derry_longhorn_4520/derry_longhorn_4520_idle">

                                                        </EngineIdle>
                                                        <BrakeRelease Sound="trucks/derry_longhorn_4520/derry_longhorn_4520_brake_release">

                                                        </BrakeRelease>
                                                        <EngineStop Sound="trucks/derry_longhorn_4520/derry_longhorn_4520_stop">

                                                        </EngineStop>
                                                        <EngineAccel Sound="trucks/derry_longhorn_4520/derry_longhorn_4520_acc">

                                                        </EngineAccel>
                                                        <Honk Sound="trucks/derry_longhorn_4520/derry_longhorn_4520_honk">

                                                        </Honk>
                            </Sounds>
                            <Wheels DefaultWheelType="wheels_heavy_double1" DefaultTire="highway_1" DefaultRim="rim_5">
                                                            <Wheel Pos="(3.07; 0.545; 1.02)" _template="FirstAxle">

                                                            </Wheel>
                                                            <Wheel RightSide="true" Pos="(3.07; 0.545; 1.02)" _template="FirstAxle">

                                                            </Wheel>
                                                            <Wheel Pos="(-0.812; 0.601; 1.02)" _template="RearAxle">

                                                            </Wheel>
                                                            <Wheel RightSide="true" Pos="(-0.812; 0.601; 1.02)" _template="RearAxle">

                                                            </Wheel>
                                                            <Wheel Pos="(-2.332; 0.623; 1.02)" _template="RearAxle">

                                                            </Wheel>
                                                            <Wheel RightSide="true" Pos="(-2.332; 0.623; 1.02)" _template="RearAxle">

                                                            </Wheel>
                                                            <Wheel Pos="(-3.833; 0.645; 1.02)" _template="SecondAxle">

                                                            </Wheel>
                                                            <Wheel RightSide="true" Pos="(-3.833; 0.645; 1.02)" _template="SecondAxle">

                                                            </Wheel>
                            </Wheels>
                                                          <Steam Origin="(0.765; 1.45; 0)">

                                                          </Steam>
                                                          <Steam Scale="0.7" Origin="(3.029; 1.223; 0)" ParentFrame="BoneCabin_cdt">

                                                          </Steam>
                            <GearboxSocket Type="gearboxes_trucks" Default="g_truck_default">

                            </GearboxSocket>
                            <WinchUpgradeSocket Type="winches_heavy_trucks" Default="w_heavy_trucks_default" IsUpgradable="true">

                            </WinchUpgradeSocket>
                                                                <SteeringRack Frame="BoneRack" RackHalfSizeZ="0.765" FrameSteerLeft="BoneRackLeft" FrameSteerRight="BoneRackRight">

                                                                </SteeringRack>
                                                                <SteeringRack Frame="BoneRackRear" RackHalfSizeZ="0.765" FrameSteerLeft="BoneRackRearLeft" FrameSteerRight="BoneRackRearRight">

                                                                </SteeringRack>
                            <SteeringWheel Frame="BoneSteering">

                            </SteeringWheel>
                            <SoundsWheels _template="Default">

                            </SoundsWheels>
                            <Damage>
                                                                          <DamageArea Min="(2.82; 0.8; -0.6)" ParentFrame="BoneCabin_cdt" Max="(4.200; 2.2; 0.6)" Type="Engine">

                                                                          </DamageArea>
                                                                          <DamageArea Min="(0; 0.443; -1.3)" ParentFrame="BoneCabin_cdt" Max="(2.286; 1.239; 1.3)" Type="FuelTank">

                                                                          </DamageArea>
                            </Damage>
                            <Shafts>
                                                                            <Shaft SocketPointA="Shaft1a" SocketPointB="Shaft1b">

                                                                            </Shaft>
                                                                            <Shaft SocketPointA="Shaft2a" SocketPointB="Shaft2b">

                                                                            </Shaft>
                                                                            <Shaft SocketPointA="Shaft3a" SocketPointB="Shaft3b">

                                                                            </Shaft>
                                                                            <Shaft SocketPointA="Shaft4a" SocketPointB="Shaft4b">

                                                                            </Shaft>
                            </Shafts>
        </TruckData>
  </Truck>