  <_templates Include="trucks">
      <Wheel>
          <RearWheel Location="rear" ConnectedToHandbrake="true" Torque="default">

          </RearWheel>
          <FrontWheel ParentFrame="BoneCabin_cdt" SteeringAngle="35" Location="front" SteeringJointOffset="0.12" Torque="full" SteeringCastor="10">

          </FrontWheel>
      </Wheel>
      <Body>
            <Sunshield Mass="5" Collisions="None">
                <Constraint Type="Hinge" MaxLimit="15" AxisLocal="(0; 1; 0)" MinLimit="-15">
                    <Motor Spring="50" Damping="1" Type="Spring">

                    </Motor>
                </Constraint>
            </Sunshield>
      </Body>
  </_templates>
  <Truck>
        <HeadLight Pos="(1.858; 0.74; 0)" _template="Default">

        </HeadLight>
        <GameData Recallable="true" UnlockByExploration="false" Price="3600" UnlockByRank="1" Country="RU,CAS">
              <CustomizationCameras>
                    <CameraPos Name="roof_sticker" InterestPosition="(4.9; 0.652; -0.658)" Position="(7.637; 4.708; -0.542)" Interior="true" FOV="32.0">

                    </CameraPos>
                    <CameraPos Name="sticker_1" InterestPosition="(7.688; 0.063; 0.497)" Position="(5.469; 1.580; -0.446)" Interior="true" FOV="32.0">

                    </CameraPos>
                    <CameraPos MaxYRotation="360" MaxZoom="2" Name="addon_1" InterestPosition="(1.036; 1.692; -0)" Position="(-6.923; 2.071; 10.147)" MaxXRotation="360" FOV="32.0">

                    </CameraPos>
                    <CameraPos MaxYRotation="360" MaxZoom="2" Name="addon_2" InterestPosition="(4.991; 1.77; 0)" Position="(10.328; 3.173; 3.632)" MaxXRotation="360" FOV="32.0">

                    </CameraPos>
                    <CameraPos Name="mirror_mount" InterestPosition="(7.736; 1.436; 2.408)" Position="(5.222; 1.342; -0.625)" Interior="true" FOV="32.0">

                    </CameraPos>
                    <CameraPos MaxYRotation="360" MaxZoom="2" Name="side_r" InterestPosition="(4.679; 0.759; -0)" Position="(9.22; 3.041; -2.085)" MaxXRotation="360" FOV="32.0">

                    </CameraPos>
                    <CameraPos Name="sticker" InterestPosition="(7.52; 0.121; 1.722)" Position="(5.469; 1.508; -0.081)" Interior="true" FOV="32.0">

                    </CameraPos>
                    <CameraPos Name="glass_sticker" InterestPosition="(5.602; 0.932; -0.954)" Position="(8.402; 2.475; 0.477)" Interior="true" FOV="32.0">

                    </CameraPos>
                    <CameraPos Name="door_r_sticker" InterestPosition="(7.122; 0.455; 0.563)" Position="(4.281; 1.252; 2.56)" Interior="true" FOV="32.0">

                    </CameraPos>
                    <CameraPos MaxYRotation="360" MaxZoom="2" Name="roof" InterestPosition="(5.798; 0.713; 0)" Position="(10.212; 2.243; -3.182)" MaxXRotation="360" FOV="32.0">

                    </CameraPos>
                    <CameraPos Name="capote_sticker" InterestPosition="(7.229; 0.689; -0.829)" Position="(9.359; 3.23; -0.138)" Interior="true" FOV="32.0">

                    </CameraPos>
                    <CameraPos MaxYRotation="360" MaxZoom="2" Name="hoods" InterestPosition="(5.787; 0.976; 0)" Position="(11.091; 1.495; -3.925)" MaxXRotation="360" FOV="32.0">

                    </CameraPos>
                    <CameraPos Name="sticker_2" InterestPosition="(6.662; 0.61; 1.935)" Position="(5.221; 1.595; 0.03)" Interior="true" FOV="32.0">

                    </CameraPos>
                    <CameraPos MaxYRotation="360" MaxZoom="2" Name="side_l" InterestPosition="(5.944; 0.759; 0)" Position="(9.22; 3.041; 3.401)" MaxXRotation="360" FOV="32.0">

                    </CameraPos>
                    <CameraPos Name="bubble_head" InterestPosition="(7.736; 1.436; 2.408)" Position="(5.222; 1.342; -0.625)" Interior="true" FOV="32.0">

                    </CameraPos>
                    <CameraPos MaxYRotation="360" MaxZoom="2" Name="wheels" InterestPosition="(5.926; 0.292; -0.046)" Position="(8.193; 0.885; -3.594)" MaxXRotation="360" FOV="32.0">

                    </CameraPos>
                    <CameraPos MaxYRotation="360" MaxZoom="2" Name="default" InterestPosition="(5.787; 0.976; 0)" Position="(11.091; 1.495; -3.925)" MaxXRotation="360" FOV="32.0">

                    </CameraPos>
                    <CameraPos MaxYRotation="360" MaxZoom="2" Name="rear" InterestPosition="(5.042; 0.956; 0)" Position="(-0.258; 1.601; 3.76)" MaxXRotation="360" FOV="32.0">

                    </CameraPos>
                    <CameraPos Name="door_l_sticker" InterestPosition="(4.861; 0.675; -0.496)" Position="(4.494; 1.458; -2.563)" Interior="true" FOV="32.0">

                    </CameraPos>
                    <CameraPos Name="hood_ornament" InterestPosition="(7.507; 1.016; -1.14)" Position="(8.664; 1.363; -1.14)" Interior="true" FOV="32.0">

                    </CameraPos>
              </CustomizationCameras>
              <UiDesc UiName="UI_VEHICLE_DON_71_NAME" UiDesc="UI_VEHICLE_DON_71_DESC" UiIconLogo="DONLogo80" UiIcon40x40="scoutVehicleImg" UiIcon30x30="scoutVehicleImg30" UiIcon328x458="shopImgDon71">

              </UiDesc>
                    <AddonSockets>
                      <Socket ParentFrame="BoneCabin_cdt" Names="Don71SpareWheel" InCockpit="true">

                      </Socket>
                    </AddonSockets>
                    <AddonSockets DefaultAddon="don_71_front_bumper_default">
                      <Socket Names="Don71FrontBumper" ParentFrame="BoneCabin_cdt">

                      </Socket>
                    </AddonSockets>
                    <AddonSockets DefaultAddon="don_71_rear_bumper_default">
                      <Socket Names="Don71RearBumper, Don71RearBumper1" ParentFrame="BoneCabin_cdt">

                      </Socket>
                    </AddonSockets>
                    <AddonSockets>
                        <Socket NamesBlock="Don71Beacon" Names="Don71Roofrack" ParentFrame="BoneCabin_cdt">

                        </Socket>
                        <Socket NamesBlock="Don71Spotlight, Don71Spotlight2, Don71Beacon" Names="Don71Roofrack2" ParentFrame="BoneCabin_cdt">

                        </Socket>
                    </AddonSockets>
                    <AddonSockets>
                        <Socket Names="Don71Spotlight" ParentFrame="BoneCabin_cdt">

                        </Socket>
                        <Socket NamesBlock="Don71Beacon" Names="Don71Spotlight2" ParentFrame="BoneCabin_cdt">

                        </Socket>
                    </AddonSockets>
                    <AddonSockets>
                      <Socket Names="Don71Beacon" ParentFrame="BoneCabin_cdt">

                      </Socket>
                    </AddonSockets>
                    <AddonSockets>
                      <Socket Names="Don71Snorkel" ParentFrame="BoneCabin_cdt">

                      </Socket>
                    </AddonSockets>
                    <AddonSockets>
                      <Socket Names="Don71Visor" ParentFrame="BoneCabin_cdt">

                      </Socket>
                    </AddonSockets>
                    <AddonSockets>
                      <Socket Names="Don71Horn" ParentFrame="BoneCabin_cdt">

                      </Socket>
                    </AddonSockets>
                    <AddonSockets>
                      <Socket Names="Don71Threshold" ParentFrame="BoneCabin_cdt">

                      </Socket>
                    </AddonSockets>
                    <AddonSockets>
                      <Socket Offset="(-2.075; 0.75; 0)" Names="ScautTrailer" ParentFrame="BoneCabin_cdt">
                          <AddonsShift Offset="(0.1; 0; 0)" Types="Don71RearBumper1">

                          </AddonsShift>
                      </Socket>
                    </AddonSockets>
                    <AddonSockets DefaultAddon="don_71_diff_lock_default">
                      <Socket Offset="(0; 0; 0)" Names="don_71DiffLock" ParentFrame="BoneChassis_cdt">

                      </Socket>
                    </AddonSockets>
                    <AddonSockets>
                      <Socket ParentFrame="BoneCabin_cdt" Names="Don71Sticker_1x1_01" InCockpit="true">

                      </Socket>
                    </AddonSockets>
                    <AddonSockets>
                      <Socket ParentFrame="BoneCabin_cdt" Names="Don71Sticker_1x1_02" InCockpit="true">

                      </Socket>
                    </AddonSockets>
                    <AddonSockets>
                      <Socket ParentFrame="BoneCabin_cdt" Names="Don71Sticker_1x1_03" InCockpit="true">

                      </Socket>
                    </AddonSockets>
                    <AddonSockets>
                      <Socket ParentFrame="BoneCabin_cdt" Names="Don71Sticker_1x2_01" InCockpit="true">

                      </Socket>
                    </AddonSockets>
                    <AddonSockets>
                      <Socket ParentFrame="BoneCabin_cdt" Names="Don71Sticker_1x2_02" InCockpit="true">

                      </Socket>
                    </AddonSockets>
                    <AddonSockets>
                      <Socket ParentFrame="BoneCabin_cdt" Names="Don71Sticker_1x4_01" InCockpit="true">

                      </Socket>
                    </AddonSockets>
                    <AddonSockets>
                      <Socket ParentFrame="BoneCabin_cdt" Offset="(0.309; 1.483; -0.001)" Names="StuffAirfreshener" InCockpit="true">

                      </Socket>
                    </AddonSockets>
                    <AddonSockets>
                      <Socket ParentFrame="BoneCabin_cdt" Names="Don71Sticker_GlassTop" InCockpit="true">

                      </Socket>
                    </AddonSockets>
                    <AddonSockets>
                      <Socket ParentFrame="BoneCabin_cdt" Names="Don71Sticker_Capote" InCockpit="true">

                      </Socket>
                    </AddonSockets>
                    <AddonSockets>
                      <Socket Names="Don71Sticker_Roof" ParentFrame="BoneCabin_cdt">

                      </Socket>
                    </AddonSockets>
                    <AddonSockets>
                      <Socket Names="Don71Sticker_Door_R" ParentFrame="BoneCabin_cdt">

                      </Socket>
                    </AddonSockets>
                    <AddonSockets>
                      <Socket ParentFrame="BoneCabin_cdt" Names="Don71Sticker_Door_L" InCockpit="true">

                      </Socket>
                    </AddonSockets>
                    <AddonSockets>
                      <Socket Names="StuffHoodDon71" ParentFrame="BoneCabin_cdt">

                      </Socket>
                    </AddonSockets>
                      <CraneSocket Pos="(1.642; 0.428; -0.428)">

                      </CraneSocket>
                      <CraneSocket Pos="(1.642; 0.428; 0.428)">

                      </CraneSocket>
                      <CraneSocket Pos="(-0.2; 1.6; 0)">

                      </CraneSocket>
                      <CraneSocket Pos="(-2.075; 0.741; 0)">

                      </CraneSocket>
                      <CraneSocket Pos="(-0.02; 0.381; 0.732)">

                      </CraneSocket>
                      <CraneSocket Pos="(-0.02; 0.381; -0.732)">

                      </CraneSocket>
                        <WinchSocket Pos="(1.642; 0.428; -0.428)">

                        </WinchSocket>
                        <WinchSocket Pos="(1.642; 0.428; 0.428)">

                        </WinchSocket>
                        <WinchSocket Pos="(-2.075; 0.741; 0)">

                        </WinchSocket>
                        <WinchSocket Pos="(-0.02; 0.381; 0.732)">

                        </WinchSocket>
                        <WinchSocket Pos="(-0.02; 0.381; -0.732)">

                        </WinchSocket>
        </GameData>
        <PhysicsModel Mesh="trucks/don_71">
                <Body CenterOfMassOffset="(-1; 0; 0)" NetSync="pv" Mass="550" ImpactType="Truck">
                    <Body NetSync="pv" CenterOfMassOffset="(1.6; -0.6; 0)" ModelFrame="BoneCabin_cdt" Mass="650" ImpactType="Truck">
                        <Constraint Type="Fixed">

                        </Constraint>
                            <Body ModelFrame="BoneMirror_cdt" _template="SideMirror">
                              <Constraint>
                                  <Motor Spring="10" Damping="0.1" Type="Spring">

                                  </Motor>
                              </Constraint>
                            </Body>
                            <Body ModelFrame="BoneSunshieldRight_cdt" _template="Sunshield">

                            </Body>
                            <Body ModelFrame="BoneSunshieldLeft_cdt" _template="Sunshield">
                              <Constraint>
                                  <Motor Spring="50" Damping="2" Type="Spring">

                                  </Motor>
                              </Constraint>
                            </Body>
                            <Body Mass="0.2" ModelFrame="BoneKeyFobRing_cdt">
                              <Constraint Type="Hinge" MaxLimit="50" AxisLocal="(1; 0; 0)" MinLimit="-50">
                                  <Motor Spring="0.001" Damping="0.001" Type="Spring">

                                  </Motor>
                              </Constraint>
                              <Body Mass="0.2" ModelFrame="BoneKeyFob_cdt">
                                    <Constraint Type="Hinge" MaxLimit="20" AxisLocal="(0; 0; 1)" MinLimit="-20">
                                        <Motor Spring="0.001" Damping="0.001" Type="Spring">

                                        </Motor>
                                    </Constraint>
                              </Body>
                            </Body>
                    </Body>
                </Body>
                <NetSync Legacy="false">

                </NetSync>
        </PhysicsModel>
        <Snorkel Origin="(1.748; 0.766; 0)">

        </Snorkel>
        <Landmark MaxScale="3.8" Mesh="landmarks/don_71_lmk" MinScale="1.8">

        </Landmark>
        <AutomaticIK>
                        <IKBone ParentFrame="BoneCabin_cdt" ModelFrame="BoneBalancerTop1_L">
                          <IKJoint Type="Hinge" AxisLocal="(0; 0; 1)">

                          </IKJoint>
                          <IKBone AttachToFrame="BoneAxleL1" AttachOffset="(0; 0; 0)" ModelFrame="BoneBalancerTop2_L">
                                <IKJoint Type="Slider" AxisLocal="(1; 0; 0)">

                                </IKJoint>
                          </IKBone>
                        </IKBone>
                        <IKBone ParentFrame="BoneCabin_cdt" ModelFrame="BoneBalancerTop1_R">
                          <IKJoint Type="Hinge" AxisLocal="(0; 0; 1)">

                          </IKJoint>
                          <IKBone AttachToFrame="BoneAxleR1" AttachOffset="(0; 0; 0)" ModelFrame="BoneBalancerTop2_R">
                                <IKJoint Type="Slider" AxisLocal="(1; 0; 0)">

                                </IKJoint>
                          </IKBone>
                        </IKBone>
                        <IKBone ParentFrame="BoneCabin_cdt" ModelFrame="BoneBalancerDown1_L">
                          <IKJoint Type="Hinge" AxisLocal="(0; 0; 1)">

                          </IKJoint>
                          <IKBone AttachToFrame="BoneAxleL1" AttachOffset="(0; 0; 0)" ModelFrame="BoneBalancerDown2_L">
                                <IKJoint Type="Slider" AxisLocal="(1; 0; 0)">

                                </IKJoint>
                          </IKBone>
                        </IKBone>
                        <IKBone ParentFrame="BoneCabin_cdt" ModelFrame="BoneBalancerDown1_R">
                          <IKJoint Type="Hinge" AxisLocal="(0; 0; 1)">

                          </IKJoint>
                          <IKBone AttachToFrame="BoneAxleR1" AttachOffset="(0; 0; 0)" ModelFrame="BoneBalancerDown2_R">
                                <IKJoint Type="Slider" AxisLocal="(1; 0; 0)">

                                </IKJoint>
                          </IKBone>
                        </IKBone>
                        <IKBone ParentFrame="BoneCabin_cdt" ModelFrame="BoneSuspPistonL1">
                          <IKJoint Type="Hinge" AxisLocal="(0; 0; 1)">

                          </IKJoint>
                          <IKBone AttachToFrame="BoneBalancerDown2_L" AttachOffset="(0; 0; 0)" ModelFrame="BoneSuspPistonL2">
                                <IKJoint Type="Slider" AxisLocal="(1; 0; 0)">

                                </IKJoint>
                          </IKBone>
                        </IKBone>
                        <IKBone ParentFrame="BoneCabin_cdt" ModelFrame="BoneSuspPistonR1">
                          <IKJoint Type="Hinge" AxisLocal="(0; 0; 1)">

                          </IKJoint>
                          <IKBone AttachToFrame="BoneBalancerDown2_R" AttachOffset="(0; 0; 0)" ModelFrame="BoneSuspPistonR2">
                                <IKJoint Type="Slider" AxisLocal="(1; 0; 0)">

                                </IKJoint>
                          </IKBone>
                        </IKBone>
        </AutomaticIK>
        <ModelAttachments>
                        <HeadLight>
                              <Flare Pos="(1.663; 0.795; -0.55)" _template="HeadLight" Color="g(255; 245; 215) x 0.5" Size="0.6">

                              </Flare>
                              <Flare Pos="(1.663; 0.795; 0.55)" _template="HeadLight" Color="g(255; 245; 215) x 0.5" Size="0.6">

                              </Flare>
                              <Flare Pos="(1.663; 0.795; -0.55)" _template="BlueStreak" Color="g(220; 220; 255) x 0.05" Size="0.5">

                              </Flare>
                              <Flare Pos="(1.663; 0.795; 0.55)" _template="BlueStreak" Color="g(220; 220; 255) x 0.05" Size="0.5">

                              </Flare>
                                <Model Org="(1.663; 0.795; -0.55)" _template="HeadLightRay">

                                </Model>
                                <Model Org="(1.663; 0.795; 0.55)" _template="HeadLightRay">

                                </Model>
                        </HeadLight>
                        <StopSignals>
                              <Light Pos="(-1.851; 0.783; 0)" _template="StopSignal">

                              </Light>
                                  <Flare Pos="(-1.772; 0.83; -0.67)" _template="StopSignal" Size="0.4" DirAngle="180">

                                  </Flare>
                                  <Flare Pos="(-1.772; 0.83; 0.67)" _template="StopSignal" Size="0.4" DirAngle="180">

                                  </Flare>
                                  <Flare Pos="(-1.797; 0.806; -0.545)" _template="StopSignal">

                                  </Flare>
                                  <Flare Pos="(-1.797; 0.806; 0.545)" _template="StopSignal">

                                  </Flare>
                        </StopSignals>
                        <Ignition>
                                  <Light Pos="(2; 1.013; 0.5)" _template="IgnitionSignalWhite">

                                  </Light>
                                  <Light Pos="(2; 1.013; -0.5)" _template="IgnitionSignalWhite">

                                  </Light>
                                  <Light Pos="(-2; 1.025; -0)" _template="IgnitionSignalRed">

                                  </Light>
                                    <Flare Pos="(1.663; 0.795; -0.55)" _template="IgnitionSignalWhite">

                                    </Flare>
                                    <Flare Pos="(1.663; 0.795; 0.55)" _template="IgnitionSignalWhite">

                                    </Flare>
                                    <Flare Pos="(1.71; 0.729; 0.73)" Dir="(1; 0; 0)" _template="IgnitionSignalWhite" Color="g(242; 226; 222) x 0.2" Size="0.10" DirAngle="270">

                                    </Flare>
                                    <Flare Pos="(1.71; 0.729; -0.73)" Dir="(1; 0; 0)" _template="IgnitionSignalWhite" Color="g(242; 226; 222) x 0.2" Size="0.10" DirAngle="270">

                                    </Flare>
                                    <Flare Pos="(-1.797; 0.806; -0.545)" _template="IgnitionSignalRed">

                                    </Flare>
                                    <Flare Pos="(-1.797; 0.806; 0.545)" _template="IgnitionSignalRed">

                                    </Flare>
                        </Ignition>
                        <ReverseSignals>
                                  <Light Pos="(-1.825; 0.829; 0)" _template="ReverseSignal">

                                  </Light>
                                      <Flare Pos="(-1.793; 0.848; -0.543)" _template="ReverseSignal">

                                      </Flare>
                                      <Flare Pos="(-1.793; 0.848; 0.543)" _template="ReverseSignal">

                                      </Flare>
                                      <Flare Pos="(-1.793; 0.848; -0.543)" Dir="(-1; 0; 0)" _template="BlueStreak" Color="g(220; 220; 255) x 0.05" Size="0.4">

                                      </Flare>
                                      <Flare Pos="(-1.793; 0.848; 0.543)" Dir="(-1; 0; 0)" _template="BlueStreak" Color="g(220; 220; 255) x 0.05" Size="0.4">

                                      </Flare>
                        </ReverseSignals>
        </ModelAttachments>
        <TruckData SteerSpeed="0.03" EngineStartDelay="1.7" EngineIconMesh="env/engine_small" TruckType="SCOUT" Responsiveness="0.6" BackSteerSpeed="0.06" TruckImage="don71mchr" FuelCapacity="42" DiffLockType="Installed" ExhaustStartTime="1.6" EngineIconScale="0.9">
                          <Driver Pos="(-0.091; 0.722; 0.349)" LegsOffset="(0; 0.035; 0)" AnimationSet="Scout" SteeringWheelPos="(0.214; 1.125; 0.342)">

                          </Driver>
                          <SoundsDamage _template="Scout">

                          </SoundsDamage>
                          <Shakers>
                                    <Shaker MaxFrequency="4" Frame="BoneExhaust" MinAngle="(0.15; 0.15; 0.15)" MaxAngle="(0.3; 0.3; 0.3)">

                                    </Shaker>
                                    <Shaker MaxFrequency="3" Frame="BoneGearstick" MinAngle="(0.8; 0.8; 0.8)" MaxAngle="(3; 3; 3)">

                                    </Shaker>
                          </Shakers>
                          <OcclusionMap MinX="-2.1" Texture="trucks/occlusion/chassis_small__s_d_a.tga" HalfSizeZ="1.4" MaxX="2.2">

                          </OcclusionMap>
                          <FuelTank DamageCapacity="50">

                          </FuelTank>
                                      <CompatibleWheels Type="wheels_scout1" Scale="0.35">

                                      </CompatibleWheels>
                                      <CompatibleWheels Type="wheels_scout2" Scale="0.35">

                                      </CompatibleWheels>
                                      <CompatibleWheels Type="wheels_scout1" Scale="0.4">

                                      </CompatibleWheels>
                                      <CompatibleWheels Type="wheels_scout2" Scale="0.4">

                                      </CompatibleWheels>
                                      <CompatibleWheels Type="wheels_scout1" Scale="0.45">

                                      </CompatibleWheels>
                                      <CompatibleWheels Type="wheels_scout2" Scale="0.45">

                                      </CompatibleWheels>
                          <EngineSocket Type="e_ru_scout_old_don, e_ru_scout_old" Default="ru_scout_old_engine_don">

                          </EngineSocket>
                          <SuspensionSocket Type="s_don_71" MaxWheelRadiusWithoutSuspension="0.25" Default="don_71_suspension_default">

                          </SuspensionSocket>
                          <Dashboard>
                                                <Gauge InputRange="(0;1)" Dir="(-0.987; 0.158; -0)" InputType="fuel" Org="(0.504; 1.109; 0.516)" Damping="0.9" Mesh="trucks/arrows/don_71_arrow_01" OutputAngles="(-153;-207)">

                                                </Gauge>
                                                <Gauge InputRange="(0;1)" Dir="(-0.985; 0.175; -0)" InputType="rpm" Org="(0.503; 1.124; 0.428)" Damping="0.9" Mesh="trucks/arrows/don_71_arrow_02" OutputAngles="(-125;125)">

                                                </Gauge>
                                                <Gauge InputRange="(0;1)" Dir="(-0.985; 0.174; -0)" InputType="engineEnabled" Org="(0.517; 1.174; 0.337)" Damping="0.9" Mesh="trucks/arrows/don_71_arrow_01" OutputAngles="(-155;-180)">

                                                </Gauge>
                                                <Gauge InputRange="(0;160)" Dir="(-0.985; 0.175; 0)" InputType="speed" Org="(0.503; 1.124; 0.247)" Damping="0.9" Mesh="trucks/arrows/don_71_arrow_02" OutputAngles="(-137;137)">

                                                </Gauge>
                                                <Gauge InputRange="(0;1)" Dir="(-0.985; 0.171; 0)" InputType="engineEnabled" Org="(0.504; 1.109; 0.158)" Damping="0.9" Mesh="trucks/arrows/don_71_arrow_01" OutputAngles="(-155;-160)">

                                                </Gauge>
                          </Dashboard>
                          <Axles>
                                                  <Axle Frame="BoneAxleL1" IsIndependent="true">

                                                  </Axle>
                                                  <Axle Frame="BoneAxleR1" IsIndependent="true">

                                                  </Axle>
                                                  <Axle Frame="BoneAxle2">

                                                  </Axle>
                          </Axles>
                          <Camera Center="(-1.2; 0; 0)" RadiusMultiplier="0.8">
                                                  <Cockpit WindshieldDiffuseTexture="trucks/don_71_glass__d_a.tga" _template="Default" WindshieldShadingTexture="trucks/don_71_glass__sh_d.tga" ViewPos="(-0.158; 1.437; 0.349)">
                                                        <Mirror FOVScale="1.5" ClipDir="(-0.933; 0.159; -0.322)" MeshFrame="mirror_left" Pos="(0.421; 1.202; 0.83)" Size="(0.16; 0.1)" ReflectionDir="(-0.953; 0.161; -0.255)">

                                                        </Mirror>
                                                        <Mirror FOVScale="1.5" ClipDir="(-0.885; -0; 0.465)" MeshFrame="mirror_right" Pos="(0.408; 1.2; -0.829)" Size="(0.16; 0.1)" ReflectionDir="(-0.876; 0.102; 0.472)">

                                                        </Mirror>
                                                        <Mirror FOVScale="1.2" ClipDir="(-0.942; -0.065; 0.329)" MeshFrame="hp_cab_mirror" Pos="(0.282; 1.476; 0)" ReflectionDir="(-0.946; -0.065; 0.319)" Size="(0.18; 0.065)" ClipOffset="0.1">

                                                        </Mirror>
                                                  </Cockpit>
                          </Camera>
                          <Exhaust IsLight="false" Dir="(-1; 0; 0)" Speed="2.0" Origin="(-1.955; 0.454; 0.542)">

                          </Exhaust>
                          <Sounds _template="Default" Origin="(1.013; 0.784; 0)" MinDist="8.0" DisableReversePitch="false">
                                                      <Reverse Sound="trucks/don_71/don_71_reverse">

                                                      </Reverse>
                                                      <EngineHeavy_2d IsSound2D="true" Sound="trucks/don_71/don_71_heavy_2d">

                                                      </EngineHeavy_2d>
                                                      <EngineLow Sound="trucks/don_71/don_71_low">

                                                      </EngineLow>
                                                      <BrakePull Sound="">

                                                      </BrakePull>
                                                      <EngineHigh Sound="trucks/don_71/don_71_high">

                                                      </EngineHigh>
                                                      <HandbrakeOff Sound="trucks/don_71/don_71_handbrake_off">

                                                      </HandbrakeOff>
                                                      <Gear Sound="trucks/don_71/don_71_gear_shift">

                                                      </Gear>
                                                      <ChassisStress Sound="trucks/common/truck_swing_small_rnd_set/truck_swing_small_rnd">

                                                      </ChassisStress>
                                                      <AbruptStop Sound="">

                                                      </AbruptStop>
                                                      <HeadLight Sound="trucks/don_71/don_71_headlight">

                                                      </HeadLight>
                                                      <EngineHeavy Sound="trucks/don_71/don_71_heavy">

                                                      </EngineHeavy>
                                                      <EngineRev Sound="">

                                                      </EngineRev>
                                                      <AWD Sound="trucks/don_71/don_71_awd">

                                                      </AWD>
                                                      <EngineLow_2d IsSound2D="true" Sound="trucks/don_71/don_71_low_2d">

                                                      </EngineLow_2d>
                                                      <EngineHigh_2d IsSound2D="true" Sound="trucks/don_71/don_71_high_2d">

                                                      </EngineHigh_2d>
                                                      <EngineIdle Sound="trucks/don_71/don_71_idle">

                                                      </EngineIdle>
                                                      <EngineIdle_2d IsSound2D="true" Sound="trucks/don_71/don_71_idle_2d">

                                                      </EngineIdle_2d>
                                                      <EngineStart Sound="trucks/don_71/don_71_start">

                                                      </EngineStart>
                                                      <Handbrake Sound="trucks/don_71/don_71_handbrake_on">

                                                      </Handbrake>
                                                      <BrakeRelease Sound="">

                                                      </BrakeRelease>
                                                      <GearFail Sound="trucks/common/truck_gear_wrong/truck_gear_wrong_small_old">

                                                      </GearFail>
                                                      <EngineAccel Sound="trucks/don_71/don_71_acc">

                                                      </EngineAccel>
                                                      <EngineStop Sound="trucks/don_71/don_71_stop">

                                                      </EngineStop>
                                                      <Honk Sound="trucks/don_71/don_71_honk">

                                                      </Honk>
                                                      <BrakesSqueal Sound="trucks/int_scout_800/int_scout_800_brakes_squeal">

                                                      </BrakesSqueal>
                          </Sounds>
                          <GearboxSocket Type="gearboxes_scouts" Default="g_scout_default">

                          </GearboxSocket>
                          <Steam Origin="(1; 0.78; 0)">

                          </Steam>
                          <Wheels DefaultWheelType="wheels_scout1" DefaultTire="highway_1" DefaultRim="rim_1">
                                                              <Wheel Pos="(1.138; 0.344; 0.715)" _template="FrontWheel">

                                                              </Wheel>
                                                              <Wheel RightSide="true" Pos="(1.138; 0.344; 0.715)" _template="FrontWheel">

                                                              </Wheel>
                                                              <Wheel Pos="(-1.076; 0.334; 0.715)" _template="RearWheel">

                                                              </Wheel>
                                                              <Wheel RightSide="true" Pos="(-1.076; 0.334; 0.715)" _template="RearWheel">

                                                              </Wheel>
                          </Wheels>
                          <WinchUpgradeSocket Type="winches_scouts" Default="w_scout_default" IsUpgradable="true">

                          </WinchUpgradeSocket>
                          <SteeringRack Frame="BoneRack" RackHalfSizeZ="0.573" FrameSteerLeft="BoneRackL" FrameSteerRight="BoneRackR">

                          </SteeringRack>
                          <SteeringWheel Frame="BoneSteering">

                          </SteeringWheel>
                          <SoundsWheels _template="Default">

                          </SoundsWheels>
                          <Damage>
                                                                        <DamageArea Min="(0.655; 0.458; -0.5)" ParentFrame="BoneChassis_cdt" Max="(1.75; 1.135; 0.5)" Type="Engine">

                                                                        </DamageArea>
                                                                        <DamageArea Min="(-1.8; 0.5; -0.85)" ParentFrame="BoneChassis_cdt" Max="(-1.2; 1; -0.2)" Type="FuelTank">

                                                                        </DamageArea>
                                                                        <DamageArea Min="(-1; 0.25; -0.8)" ParentFrame="BoneChassis_cdt" Max="(1; 0.55; 0.8)" Type="FuelTank">

                                                                        </DamageArea>
                          </Damage>
                          <Shafts>
                                                                          <Shaft SocketPointA="Shaft1a" Mesh="env/minishaft" SocketPointB="Shaft1b">

                                                                          </Shaft>
                                                                          <Shaft SocketPointA="Shaft2a" Mesh="env/minishaft" SocketPointB="Shaft2b">

                                                                          </Shaft>
                          </Shafts>
        </TruckData>
  </Truck>