  <_templates Include="trucks">
      <Wheel>
          <RearWheel Location="rear" ConnectedToHandbrake="true" Torque="default">

          </RearWheel>
          <FrontWheel SteeringAngle="40" Location="front" ParentFrame="BoneCabin_cdt" Torque="none" SteeringCastor="8">

          </FrontWheel>
      </Wheel>
      <Body>
            <SideMirror Mass="5" Collisions="None">
                <Constraint Type="Hinge" MaxLimit="15" AxisLocal="(0; 1; 0)" MinLimit="-15">
                    <Motor Spring="250" Damping="1" Type="Spring">

                    </Motor>
                </Constraint>
            </SideMirror>
      </Body>
  </_templates>
  <Truck>
        <Landmark MaxScale="3.8" Mesh="landmarks/ford_clt9000_lmk" MinScale="1.8">

        </Landmark>
        <GameData UnlockByExploration="false" Price="26300" UnlockByRank="1" Country="US">
              <CustomizationCameras>
                    <CameraPos Name="roof_sticker" InterestPosition="(3.371; -0.191; -0.371)" Position="(8.408; 5.903; -0.116)" Interior="true" FOV="32.0">

                    </CameraPos>
                    <CameraPos Name="sticker_1" InterestPosition="(8.932; 4.601; 2.01)" Position="(5.997; 2.486; -1.060)" Interior="true" FOV="32.0">

                    </CameraPos>
                    <CameraPos MaxYRotation="360" MaxZoom="2" Name="addon_1" InterestPosition="(1.007; 1.843; -0)" Position="(-7.665; 3.779; 7.017)" MaxXRotation="360" FOV="32.0">

                    </CameraPos>
                    <CameraPos MaxYRotation="360" MaxZoom="2" Name="addon_2" InterestPosition="(2.092; 0.416; -0)" Position="(0.323; 3.025; -4.631)" MaxXRotation="360" FOV="32.0">

                    </CameraPos>
                    <CameraPos Name="mirror_mount" InterestPosition="(10.18; 2.167; 2.615)" Position="(5.807; 3.045; -0.987)" Interior="true" FOV="32.0">

                    </CameraPos>
                    <CameraPos MaxYRotation="360" MaxZoom="2" Name="side_r" InterestPosition="(5.601; 1.97; 0)" Position="(3.352; 1.747; -7.216)" MaxXRotation="360" FOV="32.0">

                    </CameraPos>
                    <CameraPos Name="sticker" InterestPosition="(10.18; 0.023; 2.76)" Position="(6.142; 3.001; 0.309)" Interior="true" FOV="32.0">

                    </CameraPos>
                    <CameraPos Name="door_r_sticker" InterestPosition="(7.103; 1.582; 0.665)" Position="(4.019; 2.313; 3.299)" Interior="true" FOV="32.0">

                    </CameraPos>
                    <CameraPos MaxYRotation="360" MaxZoom="2" Name="roof" InterestPosition="(5.727; 2.091; 0)" Position="(0.191; 5.142; -4.634)" MaxXRotation="360" FOV="32.0">

                    </CameraPos>
                    <CameraPos Name="glass_sticker" InterestPosition="(7.351; 2.774; -0.758)" Position="(10.93; 3.574; 0.962)" Interior="true" FOV="32.0">

                    </CameraPos>
                    <CameraPos MaxYRotation="360" MaxZoom="2" Name="hoods" InterestPosition="(5.997; 1.735; 0)" Position="(13.57; 1.44; -3.425)" MaxXRotation="360" FOV="32.0">

                    </CameraPos>
                    <CameraPos Name="sticker_3" InterestPosition="(10.261; 0.023; 3.221)" Position="(6.171; 2.697; -0.585)" Interior="true" FOV="32.0">

                    </CameraPos>
                    <CameraPos Name="sticker_2" InterestPosition="(8.504; 4.57; 3.021)" Position="(6.137; 2.424; -0.378)" Interior="true" FOV="32.0">

                    </CameraPos>
                    <CameraPos MaxYRotation="360" MaxZoom="2" Name="side_l" InterestPosition="(6.27; 2.279; 0)" Position="(11.866; 5.284; -4.55)" MaxXRotation="360" FOV="32.0">

                    </CameraPos>
                    <CameraPos Name="bubble_head" InterestPosition="(10.18; 1.238; 1.973)" Position="(6.149; 2.681; -0.009)" Interior="true" FOV="32.0">

                    </CameraPos>
                    <CameraPos MaxYRotation="360" MaxZoom="2" Name="wheels" InterestPosition="(5.855; 0.77; 0)" Position="(8.851; 0.966; -4.483)" MaxXRotation="360" FOV="32.0">

                    </CameraPos>
                    <CameraPos MaxYRotation="360" MaxZoom="2" Name="default" InterestPosition="(5.997; 1.735; 0)" Position="(13.57; 1.44; -3.425)" MaxXRotation="360" FOV="32.0">

                    </CameraPos>
                    <CameraPos MaxYRotation="360" MaxZoom="2" Name="rear" InterestPosition="(0.479; 0.992; -0)" Position="(-5.767; 1.805; 2.899)" MaxXRotation="360" FOV="32.0">

                    </CameraPos>
                    <CameraPos Name="door_l_sticker" InterestPosition="(5.338; 1.639; 0)" Position="(3.961; 2.295; -3.332)" Interior="true" FOV="32.0">

                    </CameraPos>
                    <CameraPos Name="curtain" InterestPosition="(10.18; 2.167; 2.615)" Position="(5.807; 3.045; -0.987)" Interior="true" FOV="32.0">

                    </CameraPos>
              </CustomizationCameras>
              <UiDesc UiName="UI_VEHICLE_FORD_CLT9000_NAME" UiDesc="UI_VEHICLE_FORD_CLT9000_DESC" UiIconLogo="FordLogoAlt80" UiIcon40x40="highwayVehicleImg" UiIcon30x30="highwayVehicleImg30" UiIcon328x458="shopImgFordCLT9000">

              </UiDesc>
                    <AddonSockets>
                      <Socket Offset="(0; 0; 0)" Names="FordClt9000SpareWheel" ParentFrame="BoneChassis_cdt">
                          <ExtraParent Frame="BoneCabin_cdt">

                          </ExtraParent>
                      </Socket>
                    </AddonSockets>
                    <AddonSockets>
                        <Socket Offset="(-1.713; 1.479; 0)" Names="LargeSemitrailer, LargeSemitrailerOiltank">

                        </Socket>
                        <Socket Offset="(-2.713; 1.479; 0)" Names="Semitrailer, SemitrailerOiltank">

                        </Socket>
                        <Socket Offset="(-4.23; 0.51; 0.009)" Names="Trailer">

                        </Socket>
                    </AddonSockets>
                    <AddonSockets>
                        <Socket ParentFrame="BoneChassis_cdt" Offset="(0.385; -0.081; 0)" Names="MetalDetector" NamesBlock="FrameAddonKung, FrameAddonTank, FrameAddonMaintainer, FrameAddon, BigCraneUs, BigCraneRu">

                        </Socket>
                        <Socket Offset="(0.95; 0.97; 0)" Names="MinicraneUS" NamesBlock="FrameAddonKung, FrameAddonTank">

                        </Socket>
                    </AddonSockets>
                    <AddonSockets>
                        <Socket Offset="(-0.45; 0.971; 0)" Names="FrameAddonTowPlatform" NamesBlock="MinicraneUS, MetalDetector, Trailer">

                        </Socket>
                        <Socket Offset="(0.836; 0.976; 0)" Names="LogLift" NamesBlock="MetalDetector, MinicraneUS">

                        </Socket>
                        <Socket Offset="(-4.229; 0.976; 0)" Names="BunkLog" NamesBlock="MinicraneUS, MetalDetector">

                        </Socket>
                        <Socket Offset="(-0.874; 0.972; 0)" Names="FrameAddonLogShort" NamesBlock="MinicraneUS, MetalDetector">

                        </Socket>
                        <Socket Offset="(-2.71; 0.972; 0)" Names="SaddleLow1">
                            <ExtraParent Offset="(0; 0; 0.02)" Frame="BoneChassis_cdt">

                            </ExtraParent>
                            <ExtraParent Offset="(0; 0; -0.02)" Frame="BoneChassis_cdt">

                            </ExtraParent>
                        </Socket>
                        <Socket Offset="(-1.71; 0.972; 0)" Names="SaddleHigh">
                            <ExtraParent Offset="(0; 0; 0.02)" Frame="BoneChassis_cdt">

                            </ExtraParent>
                            <ExtraParent Offset="(0; 0; -0.02)" Frame="BoneChassis_cdt">

                            </ExtraParent>
                        </Socket>
                        <Socket Offset="(-0.95; 0.971; 0)" Names="FrameAddon" ParentFrame="BoneChassis_cdt">
                          <AddonsShift Offset="(-1; 0; 0)" Types="MinicraneUS">

                          </AddonsShift>
                        </Socket>
                        <Socket Offset="(-2.15; 1.050; 0)" Names="FrameAddonKung" ParentFrame="BoneChassis_cdt">
                            <ExtraParent Offset="(0; 0; -0.08)" Frame="BoneChassis_cdt">

                            </ExtraParent>
                            <ExtraParent Offset="(0; 0; 0.08)" Frame="BoneChassis_cdt">

                            </ExtraParent>
                        </Socket>
                        <Socket Offset="(-2; 0.971; 0)" Names="FrameAddonTank" ParentFrame="BoneChassis_cdt">

                        </Socket>
                        <Socket ParentFrame="BoneChassis_cdt" Offset="(-1.81; -0.06; 0)" Names="FrameAddonMaintainer" NamesBlock="MinicraneUS, Trailer">

                        </Socket>
                        <Socket Offset="(-2; 1.072; 0)" Names="BigCraneUs" NamesBlock="MinicraneUS, FordClt9000Top">
                            <ExtraParent Offset="(0; -0.1; 0)" Frame="BoneChassis_cdt">

                            </ExtraParent>
                            <ExtraParent Offset="(0; -0.1; 0)" Frame="BoneChassis_cdt">

                            </ExtraParent>
                        </Socket>
                    </AddonSockets>
                    <AddonSockets>
                        <Socket Offset="(0.5; -0.23 0)" Names="UsLoadLogsShort">

                        </Socket>
                        <Socket Offset="(0.5; -0.23 0)" Names="UsLoadLogsShortLoaderA">

                        </Socket>
                    </AddonSockets>
                    <AddonSockets DefaultAddon="ford_clt9000_bumper_default">
                      <Socket Offset="(0; 0; 0)" Names="FordClt9000Bumper" ParentFrame="BoneCabin_cdt">

                      </Socket>
                    </AddonSockets>
                    <AddonSockets DefaultAddon="ford_clt9000_front_default">
                      <Socket Offset="(0; 0; 0)" Names="FordClt9000Front" ParentFrame="BoneCabinPrismatic_cdt">

                      </Socket>
                    </AddonSockets>
                    <AddonSockets DefaultAddon="ford_clt9000_fender_front_default">
                      <Socket Offset="(0; 0; 0)" Names="FordClt9000FenderFront" ParentFrame="BoneCabinPrismatic_cdt">

                      </Socket>
                    </AddonSockets>
                    <AddonSockets DefaultAddon="ford_clt9000_exhaust_default">
                      <Socket Offset="(0; 0; 0)" Names="FordClt9000Exhaust" ParentFrame="BoneCabin_cdt">

                      </Socket>
                    </AddonSockets>
                    <AddonSockets DefaultAddon="ford_clt9000_rear_default">
                      <Socket Offset="(0; 0; 0)" Names="FordClt9000Rear" ParentFrame="BoneChassis_cdt">

                      </Socket>
                    </AddonSockets>
                    <AddonSockets>
                      <Socket Offset="(0; 0; 0)" Names="FordClt9000Top" ParentFrame="BoneCabinPrismatic_cdt">

                      </Socket>
                    </AddonSockets>
                    <AddonSockets>
                      <Socket Offset="(0; 0; 0)" Names="FordClt9000FenderSide" ParentFrame="BoneCabinPrismatic_cdt">

                      </Socket>
                    </AddonSockets>
                    <AddonSockets>
                      <Socket Offset="(0; 0; 0)" Names="FordClt9000Snorkel" ParentFrame="BoneCabin_cdt">

                      </Socket>
                    </AddonSockets>
                    <AddonSockets>
                      <Socket Offset="(0; 0; 0)" Names="fordClt9000Sticker_Door_L" ParentFrame="BoneCabinPrismatic_cdt">

                      </Socket>
                    </AddonSockets>
                    <AddonSockets>
                      <Socket Offset="(0; 0; 0)" Names="fordClt9000Sticker_Door_R" ParentFrame="BoneCabinPrismatic_cdt">

                      </Socket>
                    </AddonSockets>
                    <AddonSockets>
                      <Socket Offset="(0; 0; 0)" Names="fordClt9000Sticker_Roof" ParentFrame="BoneCabinPrismatic_cdt">

                      </Socket>
                    </AddonSockets>
                    <AddonSockets DefaultAddon="ford_clt9000_horn">
                      <Socket Offset="(0; 0; 0)" Names="Ford_Clt9000Horn" ParentFrame="BoneCabinPrismatic_cdt">

                      </Socket>
                    </AddonSockets>
                    <AddonSockets>
                      <Socket ParentFrame="BoneCabinPrismatic_cdt" Offset="(3.944; 2.349; -0.172)" Names="StuffDashboard" InCockpit="true">

                      </Socket>
                    </AddonSockets>
                    <AddonSockets>
                      <Socket ParentFrame="BoneCabinPrismatic_cdt" Offset="(0; 0; 0)" Names="fordClt9000Sticker_1x1_01" InCockpit="true">

                      </Socket>
                    </AddonSockets>
                    <AddonSockets>
                      <Socket ParentFrame="BoneCabinPrismatic_cdt" Offset="(0; 0; 0)" Names="fordClt9000Sticker_1x1_02" InCockpit="true">

                      </Socket>
                    </AddonSockets>
                    <AddonSockets>
                      <Socket ParentFrame="BoneCabinPrismatic_cdt" Offset="(0; 0; 0)" Names="fordClt9000Sticker_1x1_03" InCockpit="true">

                      </Socket>
                    </AddonSockets>
                    <AddonSockets>
                      <Socket ParentFrame="BoneSunshieldLeft_cdt" Offset="(0; 0; 0)" Names="fordClt9000Sticker_1x2_01" InCockpit="true">

                      </Socket>
                    </AddonSockets>
                    <AddonSockets>
                      <Socket ParentFrame="BoneSunshieldRight_cdt" Offset="(0; 0; 0)" Names="fordClt9000Sticker_1x2_02" InCockpit="true">

                      </Socket>
                    </AddonSockets>
                    <AddonSockets>
                      <Socket ParentFrame="BoneCabinPrismatic_cdt" Offset="(0; 0; 0)" Names="fordClt9000Sticker_1x4_01" InCockpit="true">

                      </Socket>
                    </AddonSockets>
                    <AddonSockets>
                      <Socket ParentFrame="BoneCabinPrismatic_cdt" Offset="(0; 0; 0)" Names="fordClt9000Sticker_GlassTop" InCockpit="true">

                      </Socket>
                    </AddonSockets>
                    <AddonSockets>
                      <Socket ParentFrame="BoneCabinPrismatic_cdt" Offset="(0; 0; 0)" Names="fordClt9000Sticker_GlassBottom" InCockpit="true">

                      </Socket>
                    </AddonSockets>
                    <AddonSockets>
                      <Socket ParentFrame="BoneCabinPrismatic_cdt" Offset="(3.648; 3.081; 0.368)" Names="StuffAirfreshener" InCockpit="true">

                      </Socket>
                    </AddonSockets>
                    <AddonSockets>
                      <Socket ParentFrame="BoneCabinPrismatic_cdt" Names="StuffCurtainFordClt9000" InCockpit="true">

                      </Socket>
                    </AddonSockets>
                    <AddonSockets DefaultAddon="zikz_5368_diff_lock_default">
                      <Socket Offset="(0; 0; 0)" Names="ZiKZ5368DiffLock" ParentFrame="BoneChassis_cdt">

                      </Socket>
                    </AddonSockets>
                      <CraneSocket Pos="(4.200; 0.757; 0.469)" ParentFrame="BoneCabin_cdt">

                      </CraneSocket>
                      <CraneSocket Pos="(4.200; 0.757; -0.469)" ParentFrame="BoneCabin_cdt">

                      </CraneSocket>
                      <CraneSocket Pos="(-4.181; 0.5; 0)">

                      </CraneSocket>
                      <CraneSocket Pos="(0.462; 0.655; 0.431)">

                      </CraneSocket>
                      <CraneSocket Pos="(0.462; 0.655; -0.431)">

                      </CraneSocket>
                        <WinchSocket Pos="(4.200; 0.757; 0.469)" ParentFrame="BoneCabin_cdt">

                        </WinchSocket>
                        <WinchSocket Pos="(4.200; 0.757; -0.469)" ParentFrame="BoneCabin_cdt">

                        </WinchSocket>
                        <WinchSocket Pos="(-4.181; 0.5; 0)">

                        </WinchSocket>
                        <WinchSocket Pos="(0.462; 0.655; 0.431)">

                        </WinchSocket>
                        <WinchSocket Pos="(0.462; 0.655; -0.431)">

                        </WinchSocket>
        </GameData>
        <PhysicsModel Mesh="trucks/ford_clt9000">
                <Body NetSync="pv" CenterOfMassOffset="(-0.8; 0; 0)" ModelFrame="BoneChassis_cdt" Mass="4000" ImpactType="Truck">
                    <Body NetSync="pv" ModelFrame="BoneCabin_cdt" CenterOfMassOffset="(0.4; 0.7; 0)" ForceBodyParams="true" Mass="3000" ImpactType="Truck">
                        <Constraint Type="Hinge" MaxLimit="22" AxisLocal="(1; 0; 0)" MinLimit="-22" PivotOffset="(0; 0; 0)">
                            <Motor Spring="240000" Damping="24000" Type="Spring">

                            </Motor>
                        </Constraint>
                        <Body Mass="150" ModelFrame="BoneCabinPrismatic_cdt">
                              <Constraint Type="Prismatic" MaxLimit="0.02" AxisLocal="(0; 1; 0)" MinLimit="-0.1">
                                  <Motor Spring="80000" Damping="3500" Type="Spring">

                                  </Motor>
                              </Constraint>
                                  <Body LinearDamping="20" ModelFrame="BoneBeltPrismatic_cdt" Mass=".3" Collisions="None">
                                    <Constraint Type="Prismatic" MaxLimit="0.20" AxisLocal="(1; 0; 0)" MinLimit="-0.07" PivotOffset="(0; 0; 0)">
                                        <Motor Spring="500" Damping="500" Type="Spring">

                                        </Motor>
                                    </Constraint>
                                    <Body ModelFrame="BoneBeltHinge_cdt" Mass="1" Collisions="None">
                                          <Constraint Type="Hinge" MaxLimit="-2" AxisLocal="(0; 1; 0)" MinLimit="-15" PivotOffset="(0; 0; 0)">
                                              <Motor Spring="1" Damping="1" Type="Spring">

                                              </Motor>
                                          </Constraint>
                                    </Body>
                                  </Body>
                                  <Body ModelFrame="BoneMirrorLeft_cdt" _template="SideMirror">

                                  </Body>
                                  <Body ModelFrame="BoneMirrorRight_cdt" _template="SideMirror">

                                  </Body>
                                  <Body ModelFrame="BoneLeftMudguard_cdt" _template="Mudguard">
                                    <Constraint MinLimit="-5" MaxLimit="22" AxisLocal="(1; 0; 0)">

                                    </Constraint>
                                  </Body>
                                  <Body ModelFrame="BoneRightMudguard_cdt" _template="Mudguard">
                                    <Constraint MinLimit="-5" MaxLimit="22" AxisLocal="(1; 0; 0)">

                                    </Constraint>
                                  </Body>
                                  <Body ModelFrame="BoneCabinTrinket01_cdt" _template="Mudguard">
                                    <Constraint MinLimit="-50" MaxLimit="50" AxisLocal="(0; 0; 1)">

                                    </Constraint>
                                  </Body>
                                  <Body CenterOfMassOffset="(0; 0; 0)" ModelFrame="BoneSunshieldLeft_cdt" Mass="5" ImpactType="Truck">
                                    <Constraint Type="Hinge" MaxLimit="11" AxisLocal="(0; 0; -1)" MinLimit="-11" PivotOffset="(0; 0; 0)">
                                        <Motor Spring="100" Damping="0.010" Type="Spring">

                                        </Motor>
                                    </Constraint>
                                  </Body>
                                  <Body CenterOfMassOffset="(0; 0; 0)" ModelFrame="BoneSunshieldRight_cdt" Mass="5" ImpactType="Truck">
                                    <Constraint Type="Hinge" MaxLimit="11" AxisLocal="(0; 0; -1)" MinLimit="-11" PivotOffset="(0; 0; 0)">
                                        <Motor Spring="110" Damping="0.011" Type="Spring">

                                        </Motor>
                                    </Constraint>
                                  </Body>
                        </Body>
                    </Body>
                </Body>
                <NetSync Legacy="false">

                </NetSync>
        </PhysicsModel>
        <HeadLight Pos="(4.21; 0.864; 0)" ParentFrame="BoneCabin_cdt" _template="Default">

        </HeadLight>
        <ModelAttachments>
                    <HeadLight>
                          <Flare Pos="(4.164; 1.255; 1.083)" _template="HeadLight" Color="g(255; 235; 205) x 0.6" Size=".3" ParentFrame="BoneCabin_cdt">

                          </Flare>
                          <Flare Pos="(4.164; 1.255; -1.083)" _template="HeadLight" Color="g(255; 235; 205) x 0.6" Size=".3" ParentFrame="BoneCabin_cdt">

                          </Flare>
                          <Flare Pos="(4.164; 1.255; 1.083)" ParentFrame="BoneCabin_cdt" _template="BlueStreak">

                          </Flare>
                          <Flare Pos="(4.164; 1.255; -1.083)" ParentFrame="BoneCabin_cdt" _template="BlueStreak">

                          </Flare>
                            <Model Org="(4.164; 1.255; 1.083)" ParentFrame="BoneCabin_cdt" _template="HeadLightRay">

                            </Model>
                            <Model Org="(4.164; 1.255; -1.083)" ParentFrame="BoneCabin_cdt" _template="HeadLightRay">

                            </Model>
                    </HeadLight>
                    <Ignition>
                            <Light Pos="(4.5; 1.013; 1.1)" ParentFrame="BoneCabin_cdt" _template="IgnitionSignalWhite">

                            </Light>
                            <Light Pos="(4.5; 1.013; -1.1)" ParentFrame="BoneCabin_cdt" _template="IgnitionSignalWhite">

                            </Light>
                            <Light Pos="(-4.4; 1.025; -0)" Color="g(255; 10; 10) x 0.5" _template="IgnitionSignalRed">

                            </Light>
                              <Flare Pos="(3.835; 3.261; 0.22)" _template="MarkerBeacon" Color="g(255; 165; 0) x 0.3" Size="0.3" ParentFrame="BoneCabinPrismatic_cdt">

                              </Flare>
                              <Flare Pos="(3.835; 3.261; 0)" _template="MarkerBeacon" Color="g(255; 165; 0) x 0.3" Size="0.3" ParentFrame="BoneCabinPrismatic_cdt">

                              </Flare>
                              <Flare Pos="(3.835; 3.261; -0.218)" _template="MarkerBeacon" Color="g(255; 165; 0) x 0.3" Size="0.3" ParentFrame="BoneCabinPrismatic_cdt">

                              </Flare>
                              <Flare Pos="(3.768; 3.228; 1.053)" _template="MarkerBeacon" Color="g(255; 165; 0) x 0.3" Size="0.3" ParentFrame="BoneCabinPrismatic_cdt">

                              </Flare>
                              <Flare Pos="(3.768; 3.228; -1.052)" _template="MarkerBeacon" Color="g(255; 165; 0) x 0.3" Size="0.3" ParentFrame="BoneCabinPrismatic_cdt">

                              </Flare>
                              <Flare Pos="(4.164; 1.255; 1.083)" _template="IgnitionSignalWhite" Size=".25" ParentFrame="BoneCabin_cdt">

                              </Flare>
                              <Flare Pos="(4.164; 1.255; -1.083)" _template="IgnitionSignalWhite" Size=".25" ParentFrame="BoneCabin_cdt">

                              </Flare>
                              <Flare Pos="(4.164; 1.121; 1.083)" _template="IgnitionSignalWhite" Size=".25" ParentFrame="BoneCabin_cdt">

                              </Flare>
                              <Flare Pos="(4.164; 1.121; -1.083)" _template="IgnitionSignalWhite" Size=".25" ParentFrame="BoneCabin_cdt">

                              </Flare>
                    </Ignition>
        </ModelAttachments>
        <TruckData SteerSpeed="0.017" EngineStartDelay="0.8" EngineIconMesh="env/engine_default" TruckType="HIGHWAY" Responsiveness="0.2" BackSteerSpeed="0.01" TruckImage="fordclt9000v2mchr" FuelCapacity="280" DiffLockType="Uninstalled" ExhaustStartTime="0.9" EngineIconScale="1.3">
                      <Driver Pos="(3.166; 2.072; 0.793)" ParentFrame="BoneCabinPrismatic_cdt" SteeringWheelPos="(3.551; 2.396; 0.788)">

                      </Driver>
                      <SoundsDamage _template="Heavy">

                      </SoundsDamage>
                      <OcclusionMap HalfSizeZ="2" MinX="-4.462" MaxX="4.809">

                      </OcclusionMap>
                      <FuelTank DamageCapacity="50">

                      </FuelTank>
                      <Intake Size="1" Dir="(1; 0; 0)" Origin="(4.203; 1.441; 0)">

                      </Intake>
                      <EngineSocket Type="e_us_truck_old, e_us_truck_old_clt" Default="us_truck_old_engine_0">

                      </EngineSocket>
                      <SuspensionSocket Type="s_ford_clt9000" MaxWheelRadiusWithoutSuspension="0.7" Default="ford_clt_suspension_default">

                      </SuspensionSocket>
                      <Dashboard>
                                          <Gauge InputRange="(0;1)" Dir="(-2; 1; 0)" InputType="engineEnabled" Org="(3.822; 2.437; 1.031)" Damping="0.9" Mesh="trucks/arrows/ford_clt9000_arrow_01" OutputAngles="(-50;90)">

                                          </Gauge>
                                          <Gauge InputRange="(0;1)" Dir="(-2; 1; 0)" InputType="engineEnabled" Org="(3.822; 2.437; 0.963)" Damping="0.9996" Mesh="trucks/arrows/ford_clt9000_arrow_01" OutputAngles="(-120;80)">

                                          </Gauge>
                                          <Gauge InputRange="(0;1)" Dir="(-2; 1; 0)" InputType="engineEnabled" Org="(3.822; 2.437; 0.893)" Damping="0.9" Mesh="trucks/arrows/ford_clt9000_arrow_01" OutputAngles="(-40;70)">

                                          </Gauge>
                                          <Gauge InputRange="(0;1)" Dir="(-2; 1; 0)" InputType="engineEnabled" Org="(3.822; 2.437; 0.822)" Damping="0.9" Mesh="trucks/arrows/ford_clt9000_arrow_01" OutputAngles="(-135;100)">

                                          </Gauge>
                                          <Gauge InputRange="(0;1)" Dir="(-2; 1; 0)" InputType="engineEnabled" Org="(3.822; 2.437; 0.753)" Damping="0.9997" Mesh="trucks/arrows/ford_clt9000_arrow_01" OutputAngles="(-120;95)">

                                          </Gauge>
                                          <Gauge InputType="fuel" Dir="(-2; 1; 0)" Org="(3.822; 2.437; 0.683)" Mesh="trucks/arrows/ford_clt9000_arrow_01" InputRange="(0;1)" OutputAngles="(20;150)">

                                          </Gauge>
                                          <Gauge InputType="none" Dir="(-2; 1; 0)" Org="(3.822; 2.437; 0.613)" Mesh="trucks/arrows/ford_clt9000_arrow_01" InputRange="(0;1)" OutputAngles="(-85;100)">

                                          </Gauge>
                                          <Gauge InputType="none" Dir="(-2; 1; 0)" Org="(3.822; 2.438; 0.613)" Mesh="trucks/arrows/ford_clt9000_arrow_01" InputRange="(0;1)" OutputAngles="(-85;100)">

                                          </Gauge>
                                          <Gauge InputType="none" Dir="(-2; 1; 0)" Org="(3.822; 2.437; 0.545)" Mesh="trucks/arrows/ford_clt9000_arrow_01" InputRange="(0;1)" OutputAngles="(-85;100)">

                                          </Gauge>
                                          <Gauge InputType="none" Dir="(-2; 1; 0)" Org="(3.822; 2.438; 0.545)" Mesh="trucks/arrows/ford_clt9000_arrow_01" InputRange="(0;1)" OutputAngles="(-85;100)">

                                          </Gauge>
                                          <Gauge InputRange="(0;1)" Dir="(-2; 1; 0)" InputType="rpm" Org="(3.791; 2.354; 0.859)" Damping="0.5" Mesh="trucks/arrows/ford_clt9000_arrow_02" OutputAngles="(-135;100)">

                                          </Gauge>
                                          <Gauge InputType="speed" Dir="(-2; 1; 0)" Org="(3.791; 2.354; 0.717)" Mesh="trucks/arrows/ford_clt9000_arrow_02" InputRange="(0;160)" OutputAngles="(-135;100)">

                                          </Gauge>
                                          <Gauge InputRange="(0;1)" Dir="(-0.626; 0.359; 0.692)" InputType="engineEnabled" Org="(3.722; 2.438; 0.283)" Damping="0.9994" Mesh="trucks/arrows/ford_clt9000_arrow_01" OutputAngles="(-90;100)">

                                          </Gauge>
                                          <Gauge InputRange="(0;1)" Dir="(-0.626; 0.359; 0.692)" InputType="engineEnabled" Org="(3.666; 2.438; 0.233)" Damping="0.9992" Mesh="trucks/arrows/ford_clt9000_arrow_01" OutputAngles="(-90;100)">

                                          </Gauge>
                                          <Gauge InputRange="(0;1)" Dir="(-0.626; 0.359; 0.692)" InputType="engineEnabled" Org="(3.612; 2.438; 0.184)" Damping="0.9992" Mesh="trucks/arrows/ford_clt9000_arrow_01" OutputAngles="(20;110)">

                                          </Gauge>
                      </Dashboard>
                      <Axles>
                                            <Axle Frame="BoneAxle1">

                                            </Axle>
                                            <Axle Frame="BoneAxle2">

                                            </Axle>
                                            <Axle Frame="BoneAxle3">

                                            </Axle>
                      </Axles>
                      <Camera Center="(-1.5; 0; 0)" ParentFrame="BoneCabin_cdt">
                                            <Cockpit WindshieldDiffuseTexture="trucks/ford_clt9000_glass__d_a.tga" _template="Default" WindshieldShadingTexture="trucks/ford_clt9000_glass__sh_d.tga" ViewPos="(3.069; 2.799; 0.752)">
                                                <Rear ViewPosOffset="(0.1; -0.1; 0.575)">

                                                </Rear>
                                                    <Mirror FOVScale="2" ClipDir="(-0.902; 0; -0.431)" MeshFrame="mirror_left" Pos="(3.472; 2.726; 1.466)" ReflectionDir="(-0.902; 0; -0.431)" Size="(0.193; 0.462)" ClipOffset="0.12">
                                                      <SecondaryView FOVScale="1" ClipDir="(-0.902; 0; -0.431)" MeshFrame="mirror_left_1" Pos="(3.397; 2.434; 1.478)" CurveAngle="10" Size="(0.219; 0.219)" ClipOffset="0.1">

                                                      </SecondaryView>
                                                    </Mirror>
                                                    <Mirror FOVScale="2.5" ClipDir="(-0.764; 0; 0.645)" MeshFrame="mirror_right" Pos="(3.354; 2.726; -1.456)" ReflectionDir="(-0.764; 0; 0.645)" Size="(0.193; 0.462)" ClipOffset="0.2">
                                                      <SecondaryView FOVScale="1.2" ClipDir="(-0.764; 0; 0.645)" MeshFrame="mirror_right_1" Pos="(3.265; 2.435; -1.427)" CurveAngle="10" Size="(0.219; 0.219)" ClipOffset="0.2">

                                                      </SecondaryView>
                                                    </Mirror>
                                            </Cockpit>
                      </Camera>
                                            <CompatibleWheels Type="wheels_medium_double" Scale="0.50">

                                            </CompatibleWheels>
                                            <CompatibleWheels Type="wheels_medium_double" Scale="0.55">

                                            </CompatibleWheels>
                                              <LimitedFluid Type="Cylinder" Center="(1.527; 0.579; 0.818)" RadiusY="0.37" LengthX="1.58" RadiusZ="0.37">

                                              </LimitedFluid>
                                              <LimitedFluid Type="Cylinder" Center="(1.527; 0.579; -0.818)" RadiusY="0.37" LengthX="1.58" RadiusZ="0.37">

                                              </LimitedFluid>
                      <Sounds ParentFrame="BoneCabin_cdt" _template="Default" AirHissInterval="12.0" Origin="(3.1; 1.55; 0)" MinDist="10.0" DisableReversePitch="true">
                                                  <Reverse Sound="trucks/ws_6900xd_twin/ws_6900xd_twin_back_beeper">

                                                  </Reverse>
                                                  <EngineTrans Sound="">

                                                  </EngineTrans>
                                                  <EngineLow Sound="trucks/ford_clt9000/ford_clt9000_low">

                                                  </EngineLow>
                                                  <EngineHigh Sound="trucks/ford_clt9000/ford_clt9000_high">

                                                  </EngineHigh>
                                                  <EngineRev Sound="trucks/ford_clt9000/ford_clt9000_rev">

                                                  </EngineRev>
                                                  <AbruptStop Sound="trucks/common/truck_swing_big_rnd_set/truck_swing_big_rnd">

                                                  </AbruptStop>
                                                  <EngineHigh_2d IsSound2D="true" Sound="trucks/ford_clt9000/ford_clt9000_high_2d">

                                                  </EngineHigh_2d>
                                                  <EngineHeavy_2d IsSound2D="true" Sound="trucks/ford_clt9000/ford_clt9000_heavy_2d">

                                                  </EngineHeavy_2d>
                                                  <EngineIdle_2d IsSound2D="true" Sound="trucks/ford_clt9000/ford_clt9000_idle_2d">

                                                  </EngineIdle_2d>
                                                  <EngineIdle Sound="trucks/ford_clt9000/ford_clt9000_idle">

                                                  </EngineIdle>
                                                  <EngineHeavy Sound="trucks/ford_clt9000/ford_clt9000_heavy">

                                                  </EngineHeavy>
                                                  <EngineAccel Sound="trucks/ford_clt9000/ford_clt9000_acc">

                                                  </EngineAccel>
                                                  <EngineStart Sound="trucks/ford_clt9000/ford_clt9000_start">

                                                  </EngineStart>
                                                  <BrakeRelease Sound="trucks/ford_clt9000/ford_clt9000_brake_release">

                                                  </BrakeRelease>
                                                  <EngineStop Sound="trucks/ford_clt9000/ford_clt9000_stop">

                                                  </EngineStop>
                                                  <EngineLow_2d IsSound2D="true" Sound="trucks/ford_clt9000/ford_clt9000_low_2d">

                                                  </EngineLow_2d>
                                                  <Honk Sound="trucks/ford_clt9000/ford_clt9000_horn">

                                                  </Honk>
                      </Sounds>
                      <Wheels DefaultWheelType="wheels_medium_double" DefaultTire="highway_1" DefaultRim="rim_1">
                                                      <Wheel Pos="(3.529; 0.55; 1.007)" _template="FrontWheel">

                                                      </Wheel>
                                                      <Wheel RightSide="true" Pos="(3.529; 0.55; 1.007)" _template="FrontWheel">

                                                      </Wheel>
                                                      <Wheel Pos="(-2.062; 0.55; 0.905)" _template="RearWheel">

                                                      </Wheel>
                                                      <Wheel RightSide="true" Pos="(-2.062; 0.55; 0.905)" _template="RearWheel">

                                                      </Wheel>
                                                      <Wheel Pos="(-3.381; 0.55; 0.905)" _template="RearWheel">

                                                      </Wheel>
                                                      <Wheel RightSide="true" Pos="(-3.381; 0.55; 0.905)" _template="RearWheel">

                                                      </Wheel>
                      </Wheels>
                                                    <Steam Origin="(2.206; 0.946; 0)" ParentFrame="BoneCabin_cdt">

                                                    </Steam>
                                                    <Steam Scale="0.5" Origin="(3.753; 1.221; 0)" ParentFrame="BoneCabin_cdt">

                                                    </Steam>
                      <GearboxSocket Type="gearboxes_trucks" Default="g_truck_default">

                      </GearboxSocket>
                      <WinchUpgradeSocket Type="winches_medium_trucks" Default="w_medium_trucks_default" IsUpgradable="true">

                      </WinchUpgradeSocket>
                      <SteeringRack Frame="BoneRack" RackHalfSizeZ="0.8" FrameSteerLeft="BoneRackLeft" FrameSteerRight="BoneRackRight">

                      </SteeringRack>
                      <SteeringWheel Frame="BoneSteering">

                      </SteeringWheel>
                      <SoundsWheels _template="Default">

                      </SoundsWheels>
                      <Damage>
                                                                    <DamageArea Min="(2.5; 0.52; -0.6)" ParentFrame="BoneCabin_cdt" Max="(4.200; 2; 0.6)" Type="Engine">

                                                                    </DamageArea>
                                                                    <DamageArea Min="(0.7; 0.2; -1.21)" ParentFrame="BoneChassis_cdt" Max="(2.4; 1; 1.21)" Type="FuelTank">

                                                                    </DamageArea>
                      </Damage>
                      <Shafts>
                                                                      <Shaft SocketPointA="Shaft1a" SocketPointB="Shaft1b">

                                                                      </Shaft>
                                                                      <Shaft SocketPointA="Shaft2a" SocketPointB="Shaft2b">

                                                                      </Shaft>
                      </Shafts>
        </TruckData>
  </Truck>