  <_templates Include="trucks">
      <Wheel>
          <RearWheel Location="rear" ConnectedToHandbrake="true" Torque="default">

          </RearWheel>
          <FrontWheel SteeringAngle="40" Location="front" ParentFrame="BoneCabin_cdt" Torque="full" SteeringCastor="8">

          </FrontWheel>
      </Wheel>
      <Body>
            <Mirror Collisions="None">
                <Constraint Type="Fixed" LinearLimitsY="(-.005; .02)" LinearLimitsX="(-.005;.005)" LinearLimitsZ="(0;0)">
                    <Motor Spring="200" Damping="20" Type="Spring">

                    </Motor>
                </Constraint>
            </Mirror>
      </Body>
  </_templates>
  <Truck>
        <HeadLight Pos="(4; 1.287; 0)" ParentFrame="BoneCabin_cdt" _template="Default">

        </HeadLight>
        <GameData ExcludeAddons="trailer_log_pole" UnlockByExploration="false" Price="74200" UnlockByRank="17" Country="US">
              <CustomizationCameras>
                    <CameraPos Name="sticker_1" InterestPosition="(7.926; 3.957; 1.695)" Position="(4.65; 2.53; -0.267)" Interior="true" FOV="32.0">

                    </CameraPos>
                    <CameraPos MaxYRotation="360" MaxZoom="2" Name="addon_1" InterestPosition="(1.631; 1.547; -0)" Position="(-5.422; 3.19; 4.46)" MaxXRotation="360" FOV="32.0">

                    </CameraPos>
                    <CameraPos MaxYRotation="360" MaxZoom="2" Name="addon_2" InterestPosition="(4.991; 1.77; 0)" Position="(10.328; 3.173; 3.632)" MaxXRotation="360" FOV="32.0">

                    </CameraPos>
                    <CameraPos Name="mirror_mount" InterestPosition="(7.926; 1.685; 1.667)" Position="(4.407; 2.886; -0.376)" Interior="true" FOV="32.0">

                    </CameraPos>
                    <CameraPos MaxYRotation="360" MaxZoom="2" Name="side_r" InterestPosition="(5.887; 1.57; 0)" Position="(9.085; 3.446; 4.298)" MaxXRotation="360" FOV="32.0">

                    </CameraPos>
                    <CameraPos Name="sticker" InterestPosition="(7.078; 0.61; 1.593)" Position="(4.804; 2.729; -0.558)" Interior="true" FOV="32.0">

                    </CameraPos>
                    <CameraPos Name="glass_sticker" InterestPosition="(5.211; 2.397; -1.051)" Position="(7.704; 3.274; 1.244)" Interior="true" FOV="32.0">

                    </CameraPos>
                    <CameraPos Name="door_r_sticker" InterestPosition="(6.562; 1.862; 0.135)" Position="(3.612; 2.058; 3.194)" Interior="true" FOV="32.0">

                    </CameraPos>
                    <CameraPos MaxYRotation="360" MaxZoom="2" Name="roof" InterestPosition="(4.783; 2.216; -0)" Position="(-0.306; 3.85; 4.244)" MaxXRotation="360" FOV="32.0">

                    </CameraPos>
                    <CameraPos Name="capote_sticker" InterestPosition="(5.454; 0.730; -0.251)" Position="(9.040; 4.845; -1.330)" Interior="true" FOV="32.0">

                    </CameraPos>
                    <CameraPos MaxYRotation="360" MaxZoom="2" Name="hoods" InterestPosition="(5.624; 1.662; 0)" Position="(12.883; 1.65; -4.259)" MaxXRotation="360" FOV="32.0">

                    </CameraPos>
                    <CameraPos Name="sticker_2" InterestPosition="(4.125; 1.227; 3.276)" Position="(4.924; 2.53; -0.267)" Interior="true" FOV="32.0">

                    </CameraPos>
                    <CameraPos MaxYRotation="360" MaxZoom="2" Name="side_l" InterestPosition="(4.450; 2.27; -0)" Position="(10.255; 4.211; -2.821)" MaxXRotation="360" FOV="32.0">

                    </CameraPos>
                    <CameraPos Name="bubble_head" InterestPosition="(8.156; 0.737; 3.514)" Position="(4.829; 2.669; 0.161)" Interior="true" FOV="32.0">

                    </CameraPos>
                    <CameraPos MaxYRotation="360" MaxZoom="2" Name="wheels" InterestPosition="(4.231; 0.904; -0)" Position="(-3.239; 2.543; -4.981)" MaxXRotation="360" FOV="32.0">

                    </CameraPos>
                    <CameraPos MaxYRotation="360" MaxZoom="2" Name="default" InterestPosition="(5.624; 1.662; 0)" Position="(12.883; 1.65; -4.259)" MaxXRotation="360" FOV="32.0">

                    </CameraPos>
                    <CameraPos MaxYRotation="360" MaxZoom="2" Name="rear" InterestPosition="(2.185; 1.475; 0)" Position="(-5.02; 1.643; 4.200)" MaxXRotation="360" FOV="32.0">

                    </CameraPos>
                    <CameraPos Name="door_l_sticker" InterestPosition="(5.169; 1.777; 0.700)" Position="(3.522; 2.228; -3.092)" Interior="true" FOV="32.0">

                    </CameraPos>
                    <CameraPos Name="hood_ornament" InterestPosition="(7.506; 2.194; -1.387)" Position="(8.557; 2.510; -1.387)" Interior="true" FOV="32.0">

                    </CameraPos>
              </CustomizationCameras>
              <UiDesc UiName="UI_VEHICLE_FREIGHTLINER_M916A1_NAME" UiDesc="UI_VEHICLE_FREIGHTLINER_M916A1_DESC" UiIconLogo="FreightlinerLogo80" UiIcon40x40="offroadVehicleImg" UiIcon30x30="offroadVehicleImg30" UiIcon328x458="shopImgFreightlinerM916">

              </UiDesc>
                    <AddonSockets>
                        <Socket Offset="(-1.9; 1.79; 0)" Names="LargeSemitrailer">

                        </Socket>
                        <Socket Offset="(-2.02; 1.576; 0)" Names="Semitrailer">

                        </Socket>
                        <Socket Offset="(-3.64; 0.915; -0)" Names="Trailer">

                        </Socket>
                    </AddonSockets>
                    <AddonSockets>
                        <Socket Offset="(-2.02; 1.276; -0)" Names="SaddleLow">
                            <ExtraParent Offset="(0; 0; 0.09)" Frame="BoneChassis_cdt">

                            </ExtraParent>
                            <ExtraParent Offset="(0; 0; -0.09)" Frame="BoneChassis_cdt">

                            </ExtraParent>
                        </Socket>
                        <Socket Offset="(-1.9; 1.29; -0)" Names="SaddleHigh">
                            <ExtraParent Offset="(0; 0; 0.08)" Frame="BoneChassis_cdt">

                            </ExtraParent>
                            <ExtraParent Offset="(0; 0; -0.08)" Frame="BoneChassis_cdt">

                            </ExtraParent>
                        </Socket>
                        <Socket Offset="(-2; 1.27; 0)" Names="MinicraneUS">
                            <ExtraParent Offset="(0; 0; 0.07)" Frame="BoneChassis_cdt">

                            </ExtraParent>
                            <ExtraParent Offset="(0; 0; -0.07)" Frame="BoneChassis_cdt">

                            </ExtraParent>
                        </Socket>
                    </AddonSockets>
                    <AddonSockets DefaultAddon="freightliner_m916a1_bumper_default">
                      <Socket Offset="(0; 0; 0)" Names="FreightlinerM916A1Bumper" ParentFrame="BoneCabin_cdt">

                      </Socket>
                    </AddonSockets>
                    <AddonSockets DefaultAddon="freightliner_m916a1_horn_1">
                      <Socket Offset="(0; 0; 0)" Names="FreightlinerM916A1Horn" ParentFrame="BoneCabinDamper_cdt">

                      </Socket>
                    </AddonSockets>
                    <AddonSockets>
                      <Socket Offset="(0; 0; 0)" Names="FreightlinerM916A1Beacon" ParentFrame="BoneCabinDamper_cdt">

                      </Socket>
                    </AddonSockets>
                    <AddonSockets>
                      <Socket Offset="(0; 0; 0)" Names="FreightlinerM916A1Visor" ParentFrame="BoneCabinDamper_cdt">

                      </Socket>
                    </AddonSockets>
                    <AddonSockets DefaultAddon="freightliner_m916a1_exhaust_default">
                      <Socket Offset="(0; 0; 0)" Names="FreightlinerM916a1Exhaust" ParentFrame="BoneCabinDamper_cdt">

                      </Socket>
                    </AddonSockets>
                    <AddonSockets DefaultAddon="freightliner_m916a1_fender_default">
                      <Socket Offset="(0; 0; 0)" Names="FreightlinerM916a1Fender">
                          <ExtraParent Frame="BoneCabin_cdt">

                          </ExtraParent>
                      </Socket>
                    </AddonSockets>
                    <AddonSockets>
                      <Socket Offset="(0; 0; 0)" Names="FreightlinerM916A1Snorkel" ParentFrame="BoneCabinDamper_cdt">

                      </Socket>
                    </AddonSockets>
                    <AddonSockets>
                      <Socket ParentFrame="BoneCabinDamper_cdt" Offset="(0; 0; 0)" Names="FreightlinerM916A1SpotLight" NamesBlock="FreightlinerM916A1Beacon">

                      </Socket>
                    </AddonSockets>
                    <AddonSockets>
                      <Socket ParentFrame="BoneCabinDamper_cdt" Names="freightlinerM916A1Sticker_1x1_01" InCockpit="true">

                      </Socket>
                    </AddonSockets>
                    <AddonSockets>
                      <Socket ParentFrame="BoneCabinDamper_cdt" Names="freightlinerM916A1Sticker_1x1_02" InCockpit="true">

                      </Socket>
                    </AddonSockets>
                    <AddonSockets>
                      <Socket ParentFrame="BoneCabinDamper_cdt" Names="freightlinerM916A1Sticker_1x2_01" InCockpit="true">

                      </Socket>
                    </AddonSockets>
                    <AddonSockets>
                      <Socket ParentFrame="BoneCabinDamper_cdt" Names="freightlinerM916A1Sticker_1x2_02" InCockpit="true">

                      </Socket>
                    </AddonSockets>
                    <AddonSockets>
                      <Socket ParentFrame="BoneCabinDamper_cdt" Names="freightlinerM916A1Sticker_1x2_03" InCockpit="true">

                      </Socket>
                    </AddonSockets>
                    <AddonSockets>
                      <Socket ParentFrame="BoneCabinDamper_cdt" Names="freightlinerM916A1Sticker_1x2_04" InCockpit="true">

                      </Socket>
                    </AddonSockets>
                    <AddonSockets>
                      <Socket ParentFrame="BoneCabinDamper_cdt" Names="freightlinerM916A1Sticker_GlassTop" InCockpit="true">

                      </Socket>
                    </AddonSockets>
                    <AddonSockets>
                      <Socket ParentFrame="BoneCabinDamper_cdt" Names="freightlinerM916A1Sticker_GlassBottom" InCockpit="true">

                      </Socket>
                    </AddonSockets>
                    <AddonSockets>
                      <Socket Names="freightlinerM916A1Sticker_Door_L" ParentFrame="BoneCabinDamper_cdt">

                      </Socket>
                    </AddonSockets>
                    <AddonSockets>
                      <Socket Names="freightlinerM916A1Sticker_Door_R" ParentFrame="BoneCabinDamper_cdt">

                      </Socket>
                    </AddonSockets>
                    <AddonSockets>
                      <Socket Names="freightlinerM916A1Sticker_Capote" ParentFrame="BoneCabinDamper_cdt">

                      </Socket>
                    </AddonSockets>
                    <AddonSockets>
                      <Socket ParentFrame="BoneCabinDamper_cdt" Offset="(1.658; 2.276; -0.6)" Names="StuffDashboard" InCockpit="true">

                      </Socket>
                    </AddonSockets>
                    <AddonSockets>
                      <Socket ParentFrame="BoneCabinDamper_cdt" Offset="(1.605; 2.8; 0.113)" Names="StuffAirfreshener" InCockpit="true">

                      </Socket>
                    </AddonSockets>
                    <AddonSockets>
                      <Socket Names="StuffHoodFreightlinerM916A1" ParentFrame="BoneCabinDamper_cdt">

                      </Socket>
                    </AddonSockets>
                      <CraneSocket Pos="(3.643; 1; -0.943)" ParentFrame="BoneCabin_cdt">

                      </CraneSocket>
                      <CraneSocket Pos="(3.643; 1; 0.943)" ParentFrame="BoneCabin_cdt">

                      </CraneSocket>
                      <CraneSocket Pos="(3.643; 0.8; -0.366)" ParentFrame="BoneCabin_cdt">

                      </CraneSocket>
                      <CraneSocket Pos="(3.643; 0.8; 0.366)" ParentFrame="BoneCabin_cdt">

                      </CraneSocket>
                      <CraneSocket Pos="(-3.585; 0.92; 0)">

                      </CraneSocket>
                      <CraneSocket Pos="(-0.037; 1.138; -0.377)">

                      </CraneSocket>
                      <CraneSocket Pos="(-0.037; 1.138; 0.377)">

                      </CraneSocket>
                        <WinchSocket Pos="(3.643; 1; -0.943)" ParentFrame="BoneCabin_cdt">

                        </WinchSocket>
                        <WinchSocket Pos="(3.643; 1; 0.943)" ParentFrame="BoneCabin_cdt">

                        </WinchSocket>
                        <WinchSocket Pos="(3.643; 0.8; -0.366)" ParentFrame="BoneCabin_cdt">

                        </WinchSocket>
                        <WinchSocket Pos="(3.643; 0.8; 0.366)" ParentFrame="BoneCabin_cdt">

                        </WinchSocket>
                        <WinchSocket Pos="(-3.585; 0.92; 0)">

                        </WinchSocket>
                        <WinchSocket Pos="(-0.037; 1.138; -0.377)">

                        </WinchSocket>
                        <WinchSocket Pos="(-0.037; 1.138; 0.377)">

                        </WinchSocket>
        </GameData>
        <PhysicsModel Mesh="trucks/freightliner_m916a1">
                <Body NetSync="pv" CenterOfMassOffset="(-0.3; 0; 0)" ModelFrame="BoneChassis_cdt" Mass="6000" ImpactType="Truck">
                      <Body ModelFrame="BoneRope_cdt" Mass="2" Collisions="None">
                        <Constraint Type="Fixed" LinearLimitsY="(-.03; .03)" LinearLimitsX="(-.05;0)" LinearLimitsZ="(-0.06;0.06)">
                            <Motor Spring="1000" Damping="40" Type="Spring">

                            </Motor>
                        </Constraint>
                      </Body>
                      <Body ModelFrame="BoneStick_cdt" Mass="10" Collisions="None">
                        <Constraint Type="Ragdoll" PlaneMin="-100" PlaneMax="0" TwistAxisLocal="(0; 1; 0)" Cone="40" PlaneAxisLocal="(1; 0; 0)">
                            <AllMotor Spring="400" Damping="500" Type="Spring">

                            </AllMotor>
                        </Constraint>
                            <Body ModelFrame="BoneWire2_cdt" Mass="2" Collisions="None">
                              <Constraint Type="Ragdoll" PlaneMin="0" PlaneMax="100" TwistAxisLocal="(0; 1; 0)" Cone="100" PlaneAxisLocal="(1; 0; 0)">
                                  <AllMotor Spring="20" Damping="10" Type="Spring">

                                  </AllMotor>
                              </Constraint>
                              <Body ModelFrame="BoneWire2_1_cdt" Mass="2" Collisions="None">
                                    <Constraint Type="Fixed" LinearLimitsY="(-.2; .2)">
                                        <Motor Spring="300" Damping="40" Type="Spring">

                                        </Motor>
                                    </Constraint>
                              </Body>
                            </Body>
                            <Body ModelFrame="BoneWire1_cdt" Mass="2" Collisions="None">
                              <Constraint Type="Ragdoll" PlaneMin="0" PlaneMax="100" TwistAxisLocal="(0; 1; 0)" Cone="100" PlaneAxisLocal="(1; 0; 0)">
                                  <AllMotor Spring="20" Damping="10" Type="Spring">

                                  </AllMotor>
                              </Constraint>
                              <Body ModelFrame="BoneWire1_1_cdt" Mass="2" Collisions="None">
                                    <Constraint Type="Fixed" LinearLimitsY="(-.2; .2)">
                                        <Motor Spring="300" Damping="40" Type="Spring">

                                        </Motor>
                                    </Constraint>
                              </Body>
                            </Body>
                      </Body>
                      <Body NetSync="pv" CenterOfMassOffset="(0.5; -0.2; 0)" ModelFrame="BoneCabin_cdt" Mass="3000" ImpactType="Truck">
                        <Constraint Type="Hinge" MaxLimit="22" AxisLocal="(1; 0; 0)" MinLimit="-22" PivotOffset="(0; 0; 0)">
                            <Motor Spring="1200000" Damping=".01" Type="Spring">

                            </Motor>
                        </Constraint>
                            <Body CenterOfMassOffset="(0.3; -0.4; 0)" ModelFrame="BoneCabinDamper_cdt" Mass="2000" ImpactType="Truck">
                              <Constraint Type="Ragdoll" PlaneMin="-.6" PlaneMax=".6" TwistAxisLocal="(0; 1; 0)" Cone="2.5" PlaneAxisLocal="(1; 0; 0)">
                                  <ConeMotor Spring="800000" Damping="80000" Type="Spring">

                                  </ConeMotor>
                                  <PlaneMotor Spring="800000" Damping="420000" Type="Spring">

                                  </PlaneMotor>
                              </Constraint>
                                  <Body ModelFrame="BoneMirrorLeft_cdt" Mass="5.2" _template="Mirror">

                                  </Body>
                                  <Body ModelFrame="BoneMirrorRight_cdt" Mass="4.8" _template="Mirror">

                                  </Body>
                                  <Body ModelFrame="BoneMirrorLeft1_cdt" Mass="5.3" _template="Mirror">

                                  </Body>
                                  <Body ModelFrame="BoneMirrorRight1_cdt" Mass="5.5" _template="Mirror">

                                  </Body>
                                  <Body ModelFrame="BoneBelt_cdt" Mass="2" Collisions="None">
                                    <Constraint Type="Hinge" MaxLimit="0" AxisLocal="(1; 0; 0)" MinLimit="-20">
                                        <Motor Spring="0.01" Damping="0.3" Type="Spring">

                                        </Motor>
                                    </Constraint>
                                  </Body>
                            </Body>
                            <Body ModelFrame="BoneTieRod_cdt" _template="TieRod">
                              <Constraint MaxLimit="25" AxisLocal="(0; 0; -1)" MinLimit="-25" Name="TieRodSteer">

                              </Constraint>
                            </Body>
                      </Body>
                </Body>
                <NetSync Legacy="false">

                </NetSync>
        </PhysicsModel>
        <ControlledConstraints>
                  <Constraint IsLinkedSteering="true" Id="chassis_steer" Name="TieRodSteer">

                  </Constraint>
        </ControlledConstraints>
        <ModelAttachments>
                    <HeadLight>
                          <Flare Pos="(3.386; 1.287; -0.653)" _template="HeadLight" Color="g(255; 235; 200) x 0.8" Size=".3" ParentFrame="BoneCabin_cdt">

                          </Flare>
                          <Flare Pos="(3.386; 1.287; 0.653)" _template="HeadLight" Color="g(255; 235; 200) x 0.8" Size=".3" ParentFrame="BoneCabin_cdt">

                          </Flare>
                          <Flare Pos="(3.386; 1.287; -0.653)" ParentFrame="BoneCabin_cdt" _template="BlueStreak">

                          </Flare>
                          <Flare Pos="(3.386; 1.287; 0.653)" ParentFrame="BoneCabin_cdt" _template="BlueStreak">

                          </Flare>
                            <Model Org="(3.386; 1.287; -0.653)" ParentFrame="BoneCabin_cdt" _template="HeadLightRay">

                            </Model>
                            <Model Org="(3.386; 1.287; 0.653)" ParentFrame="BoneCabin_cdt" _template="HeadLightRay">

                            </Model>
                    </HeadLight>
                    <StopSignals>
                            <Light Pos="(-3.566; 0.712; -0.259)" _template="StopSignal">

                            </Light>
                            <Light Pos="(-3.566; 0.712; 0.259)" _template="StopSignal">

                            </Light>
                              <Flare Pos="(-3.466; 0.804; -0.259)" _template="StopSignal">

                              </Flare>
                              <Flare Pos="(-3.466; 0.804; 0.259)" _template="StopSignal">

                              </Flare>
                    </StopSignals>
                    <Ignition>
                              <Light Pos="(3.803; 1.287; -0.738)" ParentFrame="BoneCabinDamper_cdt" _template="IgnitionSignalWhite">

                              </Light>
                              <Light Pos="(3.803; 1.287; 0.738)" ParentFrame="BoneCabinDamper_cdt" _template="IgnitionSignalWhite">

                              </Light>
                              <Light Pos="(-3.55; 0.804; 0)" Color="(102; 0; 0)" _template="IgnitionSignalRed">

                              </Light>
                                <Flare Pos="(1.247; 3.011; 0)" _template="MarkerBeacon" Size="0.4" ParentFrame="BoneCabinDamper_cdt">

                                </Flare>
                                <Flare Pos="(1.247; 3.011; -0.205)" _template="MarkerBeacon" Size="0.4" ParentFrame="BoneCabinDamper_cdt">

                                </Flare>
                                <Flare Pos="(1.247; 3.011; 0.205)" _template="MarkerBeacon" Size="0.4" ParentFrame="BoneCabinDamper_cdt">

                                </Flare>
                                <Flare Pos="(1.247; 2.994; -0.616)" _template="MarkerBeacon" Size="0.4" ParentFrame="BoneCabinDamper_cdt">

                                </Flare>
                                <Flare Pos="(1.247; 2.994; 0.616)" _template="MarkerBeacon" Size="0.4" ParentFrame="BoneCabinDamper_cdt">

                                </Flare>
                                <Flare Pos="(3.334; 1.28; -0.967)" _template="IgnitionSignalOrange" Size="0.2" ParentFrame="BoneCabinDamper_cdt">

                                </Flare>
                                <Flare Pos="(3.334; 1.28; 0.967)" _template="IgnitionSignalOrange" Size="0.2" ParentFrame="BoneCabinDamper_cdt">

                                </Flare>
                                <Flare Pos="(1.901; 1.333; -1.114)" Dir="(0; 0; -1)" _template="IgnitionSignalOrange" Size="0.3" ParentFrame="BoneCabinDamper_cdt">

                                </Flare>
                                <Flare Pos="(1.901; 1.333; 1.114)" Dir="(0; 0; 1)" _template="IgnitionSignalOrange" Size="0.3" ParentFrame="BoneCabinDamper_cdt">

                                </Flare>
                                <Flare Pos="(3.355; 1.287; -0.833)" _template="IgnitionSignalWhite" Size=".3" ParentFrame="BoneCabinDamper_cdt">

                                </Flare>
                                <Flare Pos="(3.355; 1.287; 0.833)" _template="IgnitionSignalWhite" Size=".3" ParentFrame="BoneCabinDamper_cdt">

                                </Flare>
                                <Flare Pos="(3.374; 1.287; 0.649)" _template="IgnitionSignalWhite" Size=".3" ParentFrame="BoneCabinDamper_cdt">

                                </Flare>
                                <Flare Pos="(3.374; 1.287; -0.649)" ParentFrame="BoneCabinDamper_cdt" _template="IgnitionSignalWhite">

                                </Flare>
                                <Flare Pos="(-3.466; 0.804; -0.259)" ParentFrame="BoneChassis_cdt" _template="IgnitionSignalRed">

                                </Flare>
                                <Flare Pos="(-3.466; 0.804; 0.259)" ParentFrame="BoneChassis_cdt" _template="IgnitionSignalRed">

                                </Flare>
                    </Ignition>
                    <ReverseSignals>
                                <Light Pos="(0.417; 2.876; -0.648)" ParentFrame="BoneCabinDamper_cdt" _template="ReverseSignal">

                                </Light>
                                <Light Pos="(0.417; 2.876; 0.648)" ParentFrame="BoneCabinDamper_cdt" _template="ReverseSignal">

                                </Light>
                                <Light Pos="(-3.471; 0.847; 0)" ParentFrame="BoneChassis_cdt" _template="ReverseSignal">

                                </Light>
                                  <Flare Pos="(0.39; 2.876; -0.648)" _template="ReverseSignal" Size="0.2" ParentFrame="BoneCabinDamper_cdt">

                                  </Flare>
                                  <Flare Pos="(0.39; 2.876; 0.648)" _template="ReverseSignal" Size="0.2" ParentFrame="BoneCabinDamper_cdt">

                                  </Flare>
                                  <Flare Pos="(0.385; 2.876; -0.648)" Dir="(-1; 0; 0)" _template="IgnitionSignalWhite" Size="0.6" ParentFrame="BoneCabinDamper_cdt">

                                  </Flare>
                                  <Flare Pos="(0.385; 2.876; 0.648)" Dir="(-1; 0; 0)" _template="IgnitionSignalWhite" Size="0.6" ParentFrame="BoneCabinDamper_cdt">

                                  </Flare>
                                  <Flare Pos="(0.417; 2.876; -0.648)" Dir="(-1; 0; 0)" _template="BlueStreak" Color="g(220; 220; 255) x 0.05" Size="0.4" ParentFrame="BoneCabinDamper_cdt">

                                  </Flare>
                                  <Flare Pos="(0.417; 2.876; 0.648)" Dir="(-1; 0; 0)" _template="BlueStreak" Color="g(220; 220; 255) x 0.05" Size="0.4" ParentFrame="BoneCabinDamper_cdt">

                                  </Flare>
                                  <Flare Pos="(-3.471; 0.847; -0.259)" _template="ReverseSignal" Size=".3" ParentFrame="BoneChassis_cdt">

                                  </Flare>
                                  <Flare Pos="(-3.471; 0.847; 0.259)" _template="ReverseSignal" Size=".3" ParentFrame="BoneChassis_cdt">

                                  </Flare>
                                  <Flare Pos="(-3.471; 0.847; -0.259)" Dir="(-1; 0; 0)" _template="BlueStreak" Color="g(220; 220; 255) x 0.05" Size="0.4" ParentFrame="BoneChassis_cdt">

                                  </Flare>
                                  <Flare Pos="(-3.471; 0.847; 0.259)" Dir="(-1; 0; 0)" _template="BlueStreak" Color="g(220; 220; 255) x 0.05" Size="0.4" ParentFrame="BoneChassis_cdt">

                                  </Flare>
                    </ReverseSignals>
        </ModelAttachments>
        <Landmark MaxScale="3.8" Mesh="landmarks/freightliner_m916a1_lmk" MinScale="1.8">

        </Landmark>
        <AutomaticIK>
                        <IKBone ParentFrame="BoneTieRod_cdt" ModelFrame="BoneTieRodHinge2">
                            <IKJoint Type="Hinge2" AxisLocal="(1; 0; 0)">

                            </IKJoint>
                            <IKBone AttachToFrame="BoneRackLeft" AttachOffset="(0; 0; 0)" ModelFrame="BoneTieRodPrismatic">
                                  <IKJoint Type="Slider" AxisLocal="(1; 0; 0)">

                                  </IKJoint>
                            </IKBone>
                        </IKBone>
        </AutomaticIK>
        <TruckData SteerSpeed="0.025" EngineStartDelay="0.8" EngineIconMesh="env/engine_default" TruckType="OFFROAD" Responsiveness="0.3" BackSteerSpeed="0.025" TruckImage="freightlinerM916A1mchr" FuelCapacity="200" DiffLockType="Always" ExhaustStartTime="0.9" EngineIconScale="1.3">
                          <Driver Pos="(0.933; 1.994; 0.475)" ParentFrame="BoneCabin_cdt" AnimationSet="Truck" SteeringWheelPos="(1.315; 2.322; 0.468)">

                          </Driver>
                          <SoundsDamage _template="Heavy">

                          </SoundsDamage>
                          <OcclusionMap HalfSizeZ="1.7" MinX="-4.1" MaxX="4.1">

                          </OcclusionMap>
                          <FuelTank DamageCapacity="50">

                          </FuelTank>
                          <Intake Size="1" Dir="(1; 0; 0)" Origin="(3.437; 1.593; 0)">

                          </Intake>
                          <EngineSocket Type="e_us_truck_modern" Default="us_truck_modern_engine_0">

                          </EngineSocket>
                          <SuspensionSocket Type="s_freightliner_m916a1" MaxWheelRadiusWithoutSuspension="0.67" Default="freightliner_m916a1_suspension_default">

                          </SuspensionSocket>
                          <Dashboard>
                                              <Gauge InputRange="(0;1)" Dir="(-0.741; 0.672; 0.007)" InputType="engineEnabled" Org="(1.572; 2.279; 0.683)" Damping="0" Mesh="trucks/arrows/freightliner_m916a1_arrow_01" OutputAngles="(-49.346;21.444)">

                                              </Gauge>
                                              <Gauge InputRange="(0;1)" Dir="(-0.741; 0.672; 0.007)" InputType="engineEnabled" Org="(1.575; 2.283; 0.626)" Damping="0" Mesh="trucks/arrows/freightliner_m916a1_arrow_01" OutputAngles="(-131.739;-10)">

                                              </Gauge>
                                              <Gauge InputRange="(0;1)" Dir="(-0.741; 0.672; 0.007)" InputType="engineEnabled" Org="(1.524; 2.226; 0.683)" Damping="0" Mesh="trucks/arrows/freightliner_m916a1_arrow_01" OutputAngles="(-131.428;13)">

                                              </Gauge>
                                              <Gauge InputRange="(0;1)" Dir="(-0.741; 0.672; 0.007)" InputType="engineEnabled" Org="(1.521; 2.222; 0.625)" Damping="0" Mesh="trucks/arrows/freightliner_m916a1_arrow_01" OutputAngles="(-51.356;8)">

                                              </Gauge>
                                              <Gauge InputRange="(0;1)" Dir="(-0.741; 0.672; 0.007)" InputType="engineEnabled" Org="(1.523; 2.228; 0.554)" Damping="0" Mesh="trucks/arrows/freightliner_m916a1_arrow_02" OutputAngles="(-37.192;-13)">

                                              </Gauge>
                                              <Gauge InputRange="(0;1)" Dir="(-0.741; 0.672; 0.007)" InputType="engineEnabled" Org="(1.54; 2.246; 0.5)" Damping="0" Mesh="trucks/arrows/freightliner_m916a1_arrow_06" OutputAngles="(-49.172;-16)">

                                              </Gauge>
                                              <Gauge InputRange="(0;1)" Dir="(-0.741; 0.672; 0.007)" InputType="engineEnabled" Org="(1.54; 2.246; 0.44)" Damping="0" Mesh="trucks/arrows/freightliner_m916a1_arrow_06" OutputAngles="(-49.804;-2.5)">

                                              </Gauge>
                                              <Gauge InputRange="(0;1)" Dir="(-0.741; 0.672; 0.007)" InputType="fuel" Org="(1.526; 2.23; 0.386)" Damping="0" Mesh="trucks/arrows/freightliner_m916a1_arrow_06" OutputAngles="(-48.668;52.159)">

                                              </Gauge>
                                              <Gauge InputRange="(0;1)" Dir="(-0.741; 0.672; 0.007)" InputType="engineEnabled" Org="(1.572; 2.282; 0.311)" Damping="0" Mesh="trucks/arrows/freightliner_m916a1_arrow_01" OutputAngles="(-135.346;14.908)">

                                              </Gauge>
                                              <Gauge InputRange="(0;1)" Dir="(-0.741; 0.672; 0.007)" InputType="engineEnabled" Org="(1.521; 2.225; 0.311)" Damping="0" Mesh="trucks/arrows/freightliner_m916a1_arrow_01" OutputAngles="(-132.161;0)">

                                              </Gauge>
                                              <Gauge InputRange="(0;1)" Dir="(-0.646; 0.484; 0.591)" InputType="rpm" Org="(1.366; 2.339; -0.049)" Damping="0" Mesh="trucks/arrows/freightliner_m916a1_arrow_03" OutputAngles="(-100;170)">

                                              </Gauge>
                                              <Gauge InputRange="(0;120)" Dir="(-0.646; 0.484; 0.591)" InputType="speed" Org="(1.366; 2.339; -0.049)" Damping="0" Mesh="trucks/arrows/freightliner_m916a1_arrow_04" OutputAngles="(-100;170)">

                                              </Gauge>
                                              <Gauge InputRange="(0;1)" Dir="(-0.646; 0.484; 0.591)" InputType="none" Org="(1.366; 2.339; -0.049)" Damping="0" Mesh="trucks/arrows/freightliner_m916a1_arrow_05" OutputAngles="(206;206)">

                                              </Gauge>
                          </Dashboard>
                          <Axles>
                                                <Axle Frame="BoneAxle1">

                                                </Axle>
                                                <Axle Frame="BoneAxle2">

                                                </Axle>
                                                <Axle Frame="BoneAxle3">

                                                </Axle>
                          </Axles>
                          <Camera Center="(-1.1; 0; 0)" ParentFrame="BoneCabinDamper_cdt">
                                                <Cockpit WindshieldDiffuseTexture="trucks/freightliner_m916a1_glass__d_a.tga" _template="Default" WindshieldShadingTexture="trucks/freightliner_m916a1_glass__sh_d.tga" ViewPos="(0.933; 2.64; 0.475)">
                                                    <Rear ViewPosOffset="(0.15; -0.1; 0.7)">

                                                    </Rear>
                                                        <Mirror FOVScale="2" ClipDir="(-0.906; 0; -0.423)" MeshFrame="mirror_left" Pos="(1.369; 2.517; 1.247)" Size="(0.135; 0.425)" ReflectionDir="(-0.906; 0; -0.423)">
                                                          <SecondaryView FOVScale="1.25" ClipDir="(-0.906; 0; -0.423)" MeshFrame="mirror_left_convex" CurveAngle="70" Size="(0.16; 0.16)" Pos="(1.359; 2.366; 1.239)">

                                                          </SecondaryView>
                                                        </Mirror>
                                                        <Mirror FOVScale="3.5" ClipDir="(-0.831; -0.024; 0.565)" MeshFrame="mirror_right" Pos="(1.358; 2.516; -1.23)" Size="(0.135; 0.425)" ReflectionDir="(-1; 0; 0.6)">
                                                          <SecondaryView FOVScale="3" ClipDir="(-0.831; -0.024; 0.565)" MeshFrame="mirror_right_convex" CurveAngle="70" Size="(0.16; 0.16)" Pos="(1.358; 2.366; -1.23)">

                                                          </SecondaryView>
                                                        </Mirror>
                                                        <Mirror FOVScale="3.5" ClipDir="(-0.993; 0.012; 0.116)" MeshFrame="mirror_right_front" Pos="(3.14; 2.228; -0.939)" Size="(0.18; 0.18)" ReflectionDir="(-0.998; 0.006; 0.064)">

                                                        </Mirror>
                                                        <Mirror FOVScale="1" ClipDir="(-0.993; 0.012; 0.116)" MeshFrame="mirror_left_front" Size="(0.18; 0.18)" Pos="(3.14; 2.228; 0.939)">

                                                        </Mirror>
                                                </Cockpit>
                          </Camera>
                                                <CompatibleWheels Type="wheels_medium_double" Scale="0.55">

                                                </CompatibleWheels>
                                                <CompatibleWheels Type="wheels_medium_double" Scale="0.60">

                                                </CompatibleWheels>
                          <LimitedFluid Type="Cylinder" Center="(0.852; 0.834; -0.641)" RadiusY="0.338" LengthX="0.923" RadiusZ="0.353">

                          </LimitedFluid>
                          <Sounds ParentFrame="BoneCabin_cdt" _template="Default" AirHissInterval="12.0" Origin="(2.45; 1.64; 0)" MinDist="12.0" DisableReversePitch="false">
                                                      <EngineRev Sound="trucks/freightliner_m916a1/freightliner_m916a1_rev">

                                                      </EngineRev>
                                                      <AbruptStop Sound="trucks/common/truck_swing_big_rnd_set/truck_swing_big_rnd">

                                                      </AbruptStop>
                                                      <EngineHigh_2d IsSound2D="true" Sound="trucks/freightliner_m916a1/freightliner_m916a1_high_2d">

                                                      </EngineHigh_2d>
                                                      <EngineLow Sound="trucks/freightliner_m916a1/freightliner_m916a1_low">

                                                      </EngineLow>
                                                      <EngineLow_2d IsSound2D="true" Sound="trucks/freightliner_m916a1/freightliner_m916a1_low_2d">

                                                      </EngineLow_2d>
                                                      <EngineIdle_2d IsSound2D="true" Sound="trucks/freightliner_m916a1/freightliner_m916a1_idle_2d">

                                                      </EngineIdle_2d>
                                                      <EngineStart Sound="trucks/freightliner_m916a1/freightliner_m916a1_start">

                                                      </EngineStart>
                                                      <EngineHigh Sound="trucks/freightliner_m916a1/freightliner_m916a1_high">

                                                      </EngineHigh>
                                                      <Honk Sound="trucks/freightliner_m916a1/freightliner_m916a1_honk">

                                                      </Honk>
                                                      <EngineIdle Sound="trucks/freightliner_m916a1/freightliner_m916a1_idle">

                                                      </EngineIdle>
                                                      <BrakeRelease Sound="trucks/freightliner_m916a1/freightliner_m916a1_brake_release">

                                                      </BrakeRelease>
                                                      <EngineStop Sound="trucks/freightliner_m916a1/freightliner_m916a1_stop">

                                                      </EngineStop>
                                                      <EngineAccel Sound="trucks/freightliner_m916a1/freightliner_m916a1_acc">

                                                      </EngineAccel>
                                                      <BrakesSqueal Sound="trucks/freightliner_m916a1/freightliner_m916a1_brakes_squeal">

                                                      </BrakesSqueal>
                          </Sounds>
                          <Wheels DefaultWheelType="wheels_medium_double" DefaultTire="highway_1" DefaultRim="rim_1">
                                                          <Wheel Pos="(2.38; 0.556; 0.932)" _template="FrontWheel">

                                                          </Wheel>
                                                          <Wheel RightSide="true" Pos="(2.38; 0.556; 0.932)" _template="FrontWheel">

                                                          </Wheel>
                                                          <Wheel Pos="(-1.354; 0.556; 0.849)" _template="RearWheel">

                                                          </Wheel>
                                                          <Wheel RightSide="true" Pos="(-1.354; 0.556; 0.849)" _template="RearWheel">

                                                          </Wheel>
                                                          <Wheel Pos="(-2.79; 0.556; 0.849)" _template="RearWheel">

                                                          </Wheel>
                                                          <Wheel RightSide="true" Pos="(-2.79; 0.556; 0.849)" _template="RearWheel">

                                                          </Wheel>
                          </Wheels>
                                                        <Steam Origin="(1.268; 1.411; 0)">

                                                        </Steam>
                                                        <Steam Scale="0.5" Origin="(3.352; 1.307; 0)" ParentFrame="BoneCabinDamper_cdt">

                                                        </Steam>
                          <GearboxSocket Type="gearboxes_trucks_unique_offroad, gearboxes_trucks_unique_m916a1_finetune" Default="g_truck_unique_offroad">

                          </GearboxSocket>
                          <WinchUpgradeSocket Type="winches_medium_trucks" Default="w_medium_trucks_default" IsUpgradable="true">

                          </WinchUpgradeSocket>
                          <SteeringRack Frame="BoneRack" RackHalfSizeZ="0.685" FrameSteerLeft="BoneRackLeft" FrameSteerRight="BoneRackRight">

                          </SteeringRack>
                          <SteeringWheel Frame="BoneSteering">

                          </SteeringWheel>
                          <SoundsWheels _template="Default">

                          </SoundsWheels>
                          <Damage ParentFrame="BoneCabinDamper_cdt" SensationMax="(1.781; 2.815; 0.879)" Capacity="600" SensationMin="(0.448; 2.21; -0.879)">
                                                                        <DamageArea Min="(1.7; 0.75; -0.6)" ParentFrame="BoneCabin_cdt" Max="(3.5; 2; 0.6)" Type="Engine">

                                                                        </DamageArea>
                                                                        <DamageArea Min="(0.307; 0.45; -1.15)" ParentFrame="BoneCabin_cdt" Max="(1.397; 1.186; 1.15)" Type="FuelTank">

                                                                        </DamageArea>
                          </Damage>
                          <Shafts>
                                                                          <Shaft SocketPointA="Shaft1a" SocketPointB="Shaft1b">

                                                                          </Shaft>
                                                                          <Shaft SocketPointA="Shaft2a" SocketPointB="Shaft2b">

                                                                          </Shaft>
                                                                          <Shaft SocketPointA="Shaft3a" SocketPointB="Shaft3b">

                                                                          </Shaft>
                                                                          <Shaft SocketPointA="Shaft4a" SocketPointB="Shaft4b">

                                                                          </Shaft>
                          </Shafts>
        </TruckData>
  </Truck>