  <_templates Include="trucks">
      <Wheel>
          <RearWheel Location="rear" ConnectedToHandbrake="true" Torque="default">

          </RearWheel>
          <FrontWheel SteeringAngle="40" Location="front" ParentFrame="BoneCabin_cdt" Torque="connectable" SteeringCastor="8">

          </FrontWheel>
      </Wheel>
      <Body>
            <SideMirror Mass="5" Collisions="None">
                <Constraint Type="Hinge" MaxLimit="15" AxisLocal="(0; 1; 0)" MinLimit="-15">
                    <Motor Spring="250" Damping="1" Type="Spring">

                    </Motor>
                </Constraint>
            </SideMirror>
            <BoneSunshield Mass="1" Collisions="None">
                  <Constraint Type="Hinge" MaxLimit="30" AxisLocal="(0; 0; 1)" MinLimit="-1">
                      <Motor Spring="15" Damping="0.04" Type="Spring">

                      </Motor>
                  </Constraint>
            </BoneSunshield>
            <Antenna Mass="2" Collisions="None">
                    <Constraint Type="Ragdoll" PlaneMin="-7" PlaneMax="7" TwistAxisLocal="(0; 1; 0)" Cone="7" PlaneAxisLocal="(0; 0; 1)">
                        <AllMotor Spring="60" Damping=".1" Type="Spring">

                        </AllMotor>
                    </Constraint>
            </Antenna>
      </Body>
      <Socket>
              <Cabin2Chassis Offset="(0; 0; 0)" ParentFrame="BoneCabin_cdt">
                  <ExtraParent Frame="BoneChassis_cdt">

                  </ExtraParent>
              </Cabin2Chassis>
      </Socket>
  </_templates>
  <Truck>
        <HeadLight Pos="(4.1; 1.339; 0)" ParentFrame="BoneCabin_cdt" _template="Default">

        </HeadLight>
        <GameData UnlockByExploration="false" Price="76600" UnlockByRank="20" Country="US">
              <CustomizationCameras>
                    <CameraPos Name="roof_sticker" InterestPosition="(3.659; 0.674; -0.675)" Position="(7.136; 5.531; -0.143)" Interior="true" FOV="32.0">

                    </CameraPos>
                    <CameraPos Name="sticker_1" InterestPosition="(7.542; 0.795; 0.714)" Position="(5.073; 2.677; -0.63)" Interior="true" FOV="32.0">

                    </CameraPos>
                    <CameraPos MaxYRotation="360" MaxZoom="2" Name="addon_1" InterestPosition="(-0.12; 1.869; -0)" Position="(-8.85; 3.855; 6.145)" MaxXRotation="360" FOV="32.0">

                    </CameraPos>
                    <CameraPos MaxYRotation="360" MaxZoom="2" Name="addon_2" InterestPosition="(3.476; 0.656; 0)" Position="(0.209; 2.865; -4.125)" MaxXRotation="360" FOV="32.0">

                    </CameraPos>
                    <CameraPos Name="mirror_mount" InterestPosition="(7.736; 2.817; 2.239)" Position="(4.704; 2.53; -0.81)" Interior="true" FOV="32.0">

                    </CameraPos>
                    <CameraPos MaxYRotation="360" MaxZoom="2" Name="side_r" InterestPosition="(5.372; 1.621; 0)" Position="(-1.007; 4.298; 3.905)" MaxXRotation="360" FOV="32.0">

                    </CameraPos>
                    <CameraPos Name="sticker" InterestPosition="(8.303; 0.991; 2.893)" Position="(4.725; 2.4; 0.067)" Interior="true" FOV="32.0">

                    </CameraPos>
                    <CameraPos Name="glass_sticker" InterestPosition="(5.023; 2.658; -0.916)" Position="(8.764; 2.82; 0.836)" Interior="true" FOV="32.0">

                    </CameraPos>
                    <CameraPos Name="door_r_sticker" InterestPosition="(6.913; 1.068; 0)" Position="(4.069; 2.277; 3.068)" Interior="true" FOV="32.0">

                    </CameraPos>
                    <CameraPos MaxYRotation="360" MaxZoom="2" Name="roof" InterestPosition="(5.115; 2.649; 0)" Position="(9.753; 4.835; -3.648)" MaxXRotation="360" FOV="32.0">

                    </CameraPos>
                    <CameraPos Name="capote_sticker" InterestPosition="(6.168; 1.291; -0.752)" Position="(8.686; 4.023; -0.748)" Interior="true" FOV="32.0">

                    </CameraPos>
                    <CameraPos MaxYRotation="360" MaxZoom="2" Name="hoods" InterestPosition="(5.085; 1.623; 0)" Position="(12.823; 1.44; -4.73)" MaxXRotation="360" FOV="32.0">

                    </CameraPos>
                    <CameraPos Name="sticker_2" InterestPosition="(6.662; 0.61; 1.935)" Position="(5.221; 1.595; 0.03)" Interior="true" FOV="32.0">

                    </CameraPos>
                    <CameraPos MaxYRotation="360" MaxZoom="2" Name="side_l" InterestPosition="(5.851; 1.91; 0)" Position="(8.807; 3.415; 4.942)" MaxXRotation="360" FOV="32.0">

                    </CameraPos>
                    <CameraPos Name="bubble_head" InterestPosition="(6.729; 1.443; 1.343)" Position="(4.493; 2.935; -0.266)" Interior="true" FOV="32.0">

                    </CameraPos>
                    <CameraPos MaxYRotation="360" MaxZoom="2" Name="wheels" InterestPosition="(3.95; 1.133; -0)" Position="(-4.774; 2.216; -5.854)" MaxXRotation="360" FOV="32.0">

                    </CameraPos>
                    <CameraPos MaxYRotation="360" MaxZoom="2" Name="default" InterestPosition="(5.085; 1.623; 0)" Position="(12.823; 1.44; -4.73)" MaxXRotation="360" FOV="32.0">

                    </CameraPos>
                    <CameraPos MaxYRotation="360" MaxZoom="2" Name="rear" InterestPosition="(0.479; 0.992; -0)" Position="(-5.767; 1.805; 2.899)" MaxXRotation="360" FOV="32.0">

                    </CameraPos>
                    <CameraPos Name="door_l_sticker" InterestPosition="(4.856; 1.388; 0)" Position="(4.076; 2.159; -3.081)" Interior="true" FOV="32.0">

                    </CameraPos>
                    <CameraPos Name="hood_ornament" InterestPosition="(7.506; 1.929; -1.231)" Position="(8.557; 2.245; -1.231)" Interior="true" FOV="32.0">

                    </CameraPos>
                    <CameraPos Name="curtain" InterestPosition="(7.736; 2.817; 2.239)" Position="(4.704; 2.53; -0.81)" Interior="true" FOV="32.0">

                    </CameraPos>
              </CustomizationCameras>
              <UiDesc UiName="UI_VEHICLE_FREIGHTLINER_114SD_NAME" UiDesc="UI_VEHICLE_FREIGHTLINER_114SD_DESC" UiIconLogo="FreightlinerLogo80" UiIcon40x40="offroadVehicleImg" UiIcon30x30="offroadVehicleImg30" UiIcon328x458="shopImgFreightliner114sd">

              </UiDesc>
                    <AddonSockets>
                      <Socket Offset="(0; 0; 0)" Names="Freightliner114sdSpareWheel" ParentFrame="BoneChassis_cdt">
                          <ExtraParent Frame="BoneCabin_cdt">

                          </ExtraParent>
                      </Socket>
                    </AddonSockets>
                    <AddonSockets>
                        <Socket Offset="(-2.55; 1.46; 0)" Names="Semitrailer, SemitrailerOiltank">

                        </Socket>
                        <Socket Offset="(-1.55; 1.66; 0)" Names="LargeSemitrailer, LargeSemitrailerOiltank">

                        </Socket>
                        <Socket Offset="(-4.268; 0.968; 0)" Names="Trailer" NamesBlock="FrameAddonSeismicVibrator">

                        </Socket>
                    </AddonSockets>
                    <AddonSockets>
                        <Socket Offset="(-5.304; 1.124; 0)" Names="BunkLog" NamesBlock="MinicraneUS, MetalDetector">

                        </Socket>
                        <Socket Offset="(-1; 1.144; 0)" Names="FrameAddonLogShort" NamesBlock="MinicraneUS, MetalDetector">

                        </Socket>
                        <Socket Offset="(-1.06; 1.144; 0)" Names="FrameAddonLogMedium" NamesBlock="MinicraneUS, MetalDetector">

                        </Socket>
                        <Socket Offset="(-2.55; 1.14; 0)" Names="SaddleLow">
                            <ExtraParent Offset="(0; 0; -0.01)" Frame="BoneChassis_cdt">

                            </ExtraParent>
                            <ExtraParent Offset="(0; 0; 0.01)" Frame="BoneChassis_cdt">

                            </ExtraParent>
                        </Socket>
                        <Socket Offset="(-1.55; 1.14; 0)" Names="SaddleHigh">
                            <ExtraParent Offset="(0; 0; -0.01)" Frame="BoneChassis_cdt">

                            </ExtraParent>
                            <ExtraParent Offset="(0; 0; 0.01)" Frame="BoneChassis_cdt">

                            </ExtraParent>
                        </Socket>
                        <Socket Offset="(-1.25; 1.14; 0)" Names="FrameAddon">
                          <AddonsShift Offset="(-0.85; 0; 0)" Types="MinicraneUS">

                          </AddonsShift>
                        </Socket>
                        <Socket Offset="(-0.6; 1.14; 0)" Names="FrameAddonTowPlatform" NamesBlock="MinicraneUS, MetalDetector, Trailer">

                        </Socket>
                        <Socket Offset="(-2; 1.22; 0)" Names="FrameAddonKung" ParentFrame="BoneChassis_cdt">
                            <ExtraParent Offset="(0; 0; -0.08)" Frame="BoneChassis_cdt">

                            </ExtraParent>
                            <ExtraParent Offset="(0; 0; 0.08)" Frame="BoneChassis_cdt">

                            </ExtraParent>
                        </Socket>
                        <Socket Offset="(-2.05; 1.149; 0)" Names="FrameAddonTank">

                        </Socket>
                        <Socket ParentFrame="BoneChassis_cdt" Offset="(0.578; 1.149; 0)" Names="FrameAddonSeismicVibrator" NamesBlock="Trailer">

                        </Socket>
                        <Socket Offset="(-1.7; 1.25; 0)" Names="BigCraneUs" NamesBlock="Freightliner114sdSpareWheel">
                            <ExtraParent Offset="(0; -0.1; 0)" Frame="BoneChassis_cdt">

                            </ExtraParent>
                            <ExtraParent Offset="(0; -0.1; 0)" Frame="BoneChassis_cdt">

                            </ExtraParent>
                        </Socket>
                        <Socket Offset="(0.934; 1.144; 0)" Names="LogLift" NamesBlock="MetalDetector, MinicraneUS, Freightliner114sdSpareWheel">

                        </Socket>
                        <Socket ParentFrame="BoneChassis_cdt" Offset="(-2.05; 0.115; 0)" Names="FrameAddonMaintainer" NamesBlock="Trailer, MinicraneUS">

                        </Socket>
                    </AddonSockets>
                    <AddonSockets>
                        <Socket ParentFrame="BoneChassis_cdt" Offset="(-0.632; 0.092; 0)" Names="MetalDetector" NamesBlock="SemitrailerOiltank, FrameAddonSeismicVibrator, FrameAddonKung, FrameAddonTank, FrameAddonMaintainer, FrameAddon, BigCraneUs, BigCraneRu, SaddleHigh">

                        </Socket>
                        <Socket Offset="(0.8; 1.15; 0)" Names="MinicraneUS" NamesBlock="BigCraneUs, FrameAddonKung, FrameAddonTank, FrameAddonSeismicVibrator">
                            <ExtraParent Offset="(0; 0; -0.03)" Frame="BoneChassis_cdt">

                            </ExtraParent>
                            <ExtraParent Offset="(0; 0; 0.03)" Frame="BoneChassis_cdt">

                            </ExtraParent>
                        </Socket>
                    </AddonSockets>
                    <AddonSockets DefaultAddon="freightliner_114sd_transferbox_default">
                      <Socket Offset="(0; 0; 0)" Names="Freightliner114SdTransferBox" ParentFrame="BoneCabin_cdt">
                            <ExtraParent Frame="BoneAxle1">

                            </ExtraParent>
                            <ExtraParent Frame="BoneRack">

                            </ExtraParent>
                            <ExtraParent Frame="BoneChassis_cdt">

                            </ExtraParent>
                      </Socket>
                    </AddonSockets>
                    <AddonSockets DefaultAddon="freightliner_114sd_horn_default">
                      <Socket Names="Freightliner114SdHorn" _template="Cabin2Chassis">

                      </Socket>
                    </AddonSockets>
                    <AddonSockets DefaultAddon="freightliner_114sd_visor_default">
                      <Socket Names="Freightliner114SdVisor" _template="Cabin2Chassis">

                      </Socket>
                    </AddonSockets>
                    <AddonSockets DefaultAddon="freightliner_114sd_bumper_default">
                      <Socket Offset="(0; 0; 0)" Names="Freightliner114SdBumper" ParentFrame="BoneCabin_cdt">

                      </Socket>
                    </AddonSockets>
                    <AddonSockets>
                        <Socket Names="Freightliner114SdSpotlight1" _template="Cabin2Chassis">

                        </Socket>
                        <Socket Names="Freightliner114SdSpotlight2" _template="Cabin2Chassis">

                        </Socket>
                    </AddonSockets>
                    <AddonSockets>
                      <Socket Names="Freightliner114SdConditioner" _template="Cabin2Chassis">

                      </Socket>
                    </AddonSockets>
                    <AddonSockets>
                        <Socket NamesBlock="Freightliner114SdSpotlight1" Names="Freightliner114SdBeacon1" _template="Cabin2Chassis">

                        </Socket>
                        <Socket NamesBlock="Freightliner114SdConditioner, Freightliner114SdSpotlight1, Freightliner114SdSpotlight2" Names="Freightliner114SdBeacon2" _template="Cabin2Chassis">

                        </Socket>
                    </AddonSockets>
                    <AddonSockets>
                      <Socket Names="Freightliner114SdSnorkel" _template="Cabin2Chassis">

                      </Socket>
                    </AddonSockets>
                    <AddonSockets DefaultAddon="freightliner_114sd_exhaust_default">
                      <Socket Names="Freightliner114SdExhaust" _template="Cabin2Chassis">

                      </Socket>
                    </AddonSockets>
                    <AddonSockets DefaultAddon="freightliner_114sd_diff_lock_default">
                      <Socket Offset="(0; 0; 0)" Names="Freightliner114SDDiffLock" ParentFrame="BoneChassis_cdt">

                      </Socket>
                    </AddonSockets>
                    <AddonSockets>
                      <Socket InCockpit="true" Names="freightliner114SdSticker_1x1_01" _template="Cabin2Chassis">

                      </Socket>
                    </AddonSockets>
                    <AddonSockets>
                      <Socket InCockpit="true" Names="freightliner114SdSticker_1x1_02" _template="Cabin2Chassis">

                      </Socket>
                    </AddonSockets>
                    <AddonSockets>
                      <Socket InCockpit="true" Names="freightliner114SdSticker_1x1_03" _template="Cabin2Chassis">

                      </Socket>
                    </AddonSockets>
                    <AddonSockets>
                      <Socket InCockpit="true" Names="freightliner114SdSticker_1x2_01" _template="Cabin2Chassis">

                      </Socket>
                    </AddonSockets>
                    <AddonSockets>
                      <Socket InCockpit="true" Names="freightliner114SdSticker_1x2_02" _template="Cabin2Chassis">

                      </Socket>
                    </AddonSockets>
                    <AddonSockets>
                      <Socket InCockpit="true" Names="freightliner114SdSticker_1x4_01" _template="Cabin2Chassis">

                      </Socket>
                    </AddonSockets>
                    <AddonSockets>
                      <Socket InCockpit="true" Names="freightliner114SdSticker_GlassTop" _template="Cabin2Chassis">

                      </Socket>
                    </AddonSockets>
                    <AddonSockets>
                      <Socket InCockpit="true" Names="freightliner114SdSticker_GlassBottom" _template="Cabin2Chassis">

                      </Socket>
                    </AddonSockets>
                    <AddonSockets>
                      <Socket Names="freightliner114SdSticker_Door_L" _template="Cabin2Chassis">

                      </Socket>
                    </AddonSockets>
                    <AddonSockets>
                      <Socket Names="freightliner114SdSticker_Door_R" _template="Cabin2Chassis">

                      </Socket>
                    </AddonSockets>
                    <AddonSockets>
                      <Socket Names="freightliner114SdSticker_Roof" _template="Cabin2Chassis">

                      </Socket>
                    </AddonSockets>
                    <AddonSockets>
                      <Socket Names="freightliner114SdSticker_Capote" _template="Cabin2Chassis">

                      </Socket>
                    </AddonSockets>
                    <AddonSockets>
                        <Socket _template="Cabin2Chassis" Offset="(2.613; 2.803; 0.179)" Names="StuffAirfreshener" InCockpit="true">

                        </Socket>
                        <Socket _template="Cabin2Chassis" Names="StuffCurtainFreightliner114Sd" InCockpit="true">

                        </Socket>
                    </AddonSockets>
                    <AddonSockets>
                      <Socket Names="StuffHoodFreightliner114Sd" _template="Cabin2Chassis">

                      </Socket>
                    </AddonSockets>
                    <AddonSockets>
                      <Socket Dir="(0.492; -0.003; 0.871)" _template="Cabin2Chassis" Offset="(2.641; 2.298; -0.089)" Names="StuffDashboard" UpDir="(0.281; 0.947; -0.155)" InCockpit="true">

                      </Socket>
                    </AddonSockets>
                      <CraneSocket Pos="(4.427; 0.882; 0.544)" ParentFrame="BoneCabin_cdt">

                      </CraneSocket>
                      <CraneSocket Pos="(4.427; 0.882; -0.544)" ParentFrame="BoneCabin_cdt">

                      </CraneSocket>
                      <CraneSocket Pos="(0.719; 1.005; 0.46)">

                      </CraneSocket>
                      <CraneSocket Pos="(0.719; 1.005; -0.46)">

                      </CraneSocket>
                      <CraneSocket Pos="(-4.201; 0.968; 0)">

                      </CraneSocket>
                        <WinchSocket Pos="(4.427; 0.882; 0.544)" ParentFrame="BoneCabin_cdt">

                        </WinchSocket>
                        <WinchSocket Pos="(4.427; 0.882; -0.544)" ParentFrame="BoneCabin_cdt">

                        </WinchSocket>
                        <WinchSocket Pos="(0.719; 1.005; 0.46)">

                        </WinchSocket>
                        <WinchSocket Pos="(0.719; 1.005; -0.46)">

                        </WinchSocket>
                        <WinchSocket Pos="(-4.201; 0.968; 0)">

                        </WinchSocket>
        </GameData>
        <PhysicsModel Mesh="trucks/freightliner_114sd">
                <Body NetSync="pv" CenterOfMassOffset="(0,0,0)" ModelFrame="BoneChassis_cdt" Mass="6000" ImpactType="Truck">
                    <Body NetSync="pv" ModelFrame="BoneCabin_cdt" Mass="2000" ImpactType="Truck">
                        <Constraint Type="Hinge" MaxLimit="35" AxisLocal="(1; 0; 0)" CenterOfMassOffset="(.8,0,0)" MinLimit="-35">
                            <Motor Spring="250000" Damping="25000" Type="Spring">

                            </Motor>
                        </Constraint>
                            <Body ModelFrame="BoneMirrorLeft_cdt" _template="SideMirror">

                            </Body>
                            <Body ModelFrame="BoneMirrorRight_cdt" _template="SideMirror">

                            </Body>
                            <Body ModelFrame="BoneAntenna_cdt" _template="Antenna">

                            </Body>
                            <Body ModelFrame="BoneSunshieldL_cdt" _template="BoneSunshield">

                            </Body>
                            <Body ModelFrame="BoneSunshieldR_cdt" _template="BoneSunshield">

                            </Body>
                            <Body ModelFrame="BoneRadioHinge_cdt" Mass="2" Collisions="None">
                              <Constraint Type="Hinge" MaxLimit="50" AxisLocal="(0; 0; 1)" MinLimit="-50">
                                  <Motor Spring=".7" Damping="0.06" Type="Spring">

                                  </Motor>
                              </Constraint>
                              <Body ModelFrame="BoneRadioPrismatic_cdt" Mass=".2" Collisions="None">
                                    <Constraint Type="Fixed" LinearLimitsY="(-.2;0.1)" LinearLimitsX="(-.01;0.01)" LinearLimitsZ="(-.05;0.05)">
                                        <Motor Spring="120" Damping=".8" Type="Spring">

                                        </Motor>
                                    </Constraint>
                              </Body>
                            </Body>
                            <Body ModelFrame="BoneWire_cdt" Mass="1" Collisions="None">
                              <Constraint Type="Hinge" MaxLimit="30" AxisLocal="(1; 0; 0)" MinLimit="-30">
                                  <Motor Spring="1" Damping="0.02" Type="Spring">

                                  </Motor>
                              </Constraint>
                            </Body>
                            <Body ModelFrame="BoneTieRod_cdt" _template="TieRod">
                              <Constraint MaxLimit="25" AxisLocal="(0; 0; 1)" MinLimit="-25" Name="TieRodSteer">

                              </Constraint>
                            </Body>
                    </Body>
                </Body>
                <NetSync Legacy="false">

                </NetSync>
        </PhysicsModel>
        <ControlledConstraints>
                  <Constraint IsLinkedSteering="true" Id="chassis_steer" Name="TieRodSteer">

                  </Constraint>
        </ControlledConstraints>
        <ModelAttachments>
                    <HeadLight>
                          <Flare Pos="(3.988; 1.339; -1.027)" _template="HeadLight" Color="g(255; 235; 200) x 0.6" Size=".4" ParentFrame="BoneCabin_cdt">

                          </Flare>
                          <Flare Pos="(3.988; 1.339; 1.027)" _template="HeadLight" Color="g(255; 235; 200) x 0.6" Size=".4" ParentFrame="BoneCabin_cdt">

                          </Flare>
                          <Flare Pos="(3.988; 1.339; -1.027)" ParentFrame="BoneCabin_cdt" _template="BlueStreak">

                          </Flare>
                          <Flare Pos="(3.988; 1.339; 1.027)" ParentFrame="BoneCabin_cdt" _template="BlueStreak">

                          </Flare>
                            <Model Org="(3.988; 1.339; -1.027)" ParentFrame="BoneCabin_cdt" _template="HeadLightRay">

                            </Model>
                            <Model Org="(3.988; 1.339; 1.027)" ParentFrame="BoneCabin_cdt" _template="HeadLightRay">

                            </Model>
                    </HeadLight>
                    <StopSignals>
                          <Light Pos="(-4.05; 0.743; 0)" _template="StopSignal">

                          </Light>
                              <Flare Pos="(-4.007; 0.743; 0.404)" _template="StopSignal">

                              </Flare>
                              <Flare Pos="(-4.007; 0.743; -0.404)" _template="StopSignal">

                              </Flare>
                    </StopSignals>
                    <Ignition>
                              <Light Pos="(5.156; 1.013; 0.9)" ParentFrame="BoneCabin_cdt" _template="IgnitionSignalWhite">

                              </Light>
                              <Light Pos="(5.156; 1.013; -0.9)" ParentFrame="BoneCabin_cdt" _template="IgnitionSignalWhite">

                              </Light>
                              <Light Pos="(-4.35; 0.743; 0)" _template="IgnitionSignalRed">

                              </Light>
                                <Flare Pos="(3.978; 1.361; -1.14)" _template="Beacon" Size="0.3" ParentFrame="BoneCabin_cdt">

                                </Flare>
                                <Flare Pos="(3.978; 1.361; 1.14)" _template="Beacon" Size="0.3" ParentFrame="BoneCabin_cdt">

                                </Flare>
                                <Flare Pos="(2.482; 2.944; -0.682)" _template="MarkerBeacon" Size="0.4" ParentFrame="BoneCabin_cdt">

                                </Flare>
                                <Flare Pos="(2.482; 2.944; 0.682)" _template="MarkerBeacon" Size="0.4" ParentFrame="BoneCabin_cdt">

                                </Flare>
                                <Flare Pos="(2.529; 2.944; -0.28)" _template="MarkerBeacon" Size="0.4" ParentFrame="BoneCabin_cdt">

                                </Flare>
                                <Flare Pos="(2.529; 2.944; 0.28)" _template="MarkerBeacon" Size="0.4" ParentFrame="BoneCabin_cdt">

                                </Flare>
                                <Flare Pos="(2.529; 2.944; 0)" _template="MarkerBeacon" Size="0.4" ParentFrame="BoneCabin_cdt">

                                </Flare>
                                <Flare Pos="(3.261; 1.478; -1.257)" _template="MarkerBeacon" Size="0.5" ParentFrame="BoneCabin_cdt">

                                </Flare>
                                <Flare Pos="(3.261; 1.478; 1.257)" _template="MarkerBeacon" Size="0.5" ParentFrame="BoneCabin_cdt">

                                </Flare>
                                <Flare Pos="(3.988; 1.339; 1.027)" _template="IgnitionSignalWhite" Size=".25" ParentFrame="BoneCabin_cdt">

                                </Flare>
                                <Flare Pos="(3.988; 1.339; -1.027)" _template="IgnitionSignalWhite" Size=".25" ParentFrame="BoneCabin_cdt">

                                </Flare>
                                <Flare Pos="(-4.007; 0.743; 0.404)" _template="IgnitionSignalRed">

                                </Flare>
                                <Flare Pos="(-4.007; 0.743; -0.404)" _template="IgnitionSignalRed">

                                </Flare>
                    </Ignition>
                    <ReverseSignals>
                              <Light Pos="(-4.05; 0.796; 0)" _template="ReverseSignal">

                              </Light>
                                  <Flare Pos="(-4.002; 0.796; 0.408)" Size="0.4" _template="ReverseSignal">

                                  </Flare>
                                  <Flare Pos="(-4.002; 0.796; -0.408)" Size="0.4" _template="ReverseSignal">

                                  </Flare>
                                  <Flare Pos="(-4.002; 0.796; 0.408)" Dir="(-1; 0; 0)" _template="BlueStreak" Color="g(220; 220; 255) x 0.05" Size="0.4">

                                  </Flare>
                                  <Flare Pos="(-4.002; 0.796; -0.408)" Dir="(-1; 0; 0)" _template="BlueStreak" Color="g(220; 220; 255) x 0.05" Size="0.4">

                                  </Flare>
                    </ReverseSignals>
        </ModelAttachments>
        <Landmark MaxScale="3.8" Mesh="landmarks/freightliner_114sd_01_lmk" MinScale="1.8">

        </Landmark>
        <AutomaticIK>
                        <IKBone ParentFrame="BoneTieRod_cdt" ModelFrame="BoneTieRodHinge2">
                            <IKJoint Type="Hinge2" AxisLocal="(1; 0; 0)">

                            </IKJoint>
                            <IKBone AttachToFrame="BoneRackLeft" AttachOffset="(0; 0; 0)" ModelFrame="BoneTieRodPrismatic">
                                  <IKJoint Type="Slider" AxisLocal="(1; 0; 0)">

                                  </IKJoint>
                            </IKBone>
                        </IKBone>
        </AutomaticIK>
        <TruckData SteerSpeed="0.025" EngineStartDelay="0.8" EngineIconMesh="env/engine_default" TruckType="OFFROAD" Responsiveness="0.25" BackSteerSpeed="0.02" TruckImage="freightliner114SDmchr" FuelCapacity="300" DiffLockType="Installed" ExhaustStartTime="0.9" EngineIconScale="1.3">
                          <Driver Pos="(2.061; 1.939; 0.548)" ParentFrame="BoneCabin_cdt" SteeringWheelPos="(2.444; 2.267; 0.545)">

                          </Driver>
                          <SoundsDamage _template="Heavy">

                          </SoundsDamage>
                          <OcclusionMap HalfSizeZ="1.666" MinX="-4.794" MaxX="4.794">

                          </OcclusionMap>
                          <FuelTank DamageCapacity="50">

                          </FuelTank>
                          <Intake Size="1" Dir="(1; 0; 0)" Origin="(4.409; 1.469; -0)">

                          </Intake>
                          <EngineSocket Type="e_us_truck_old" Default="us_truck_old_engine_0">

                          </EngineSocket>
                          <SuspensionSocket Type="s_freightliner_114sd" MaxWheelRadiusWithoutSuspension="0.4" Default="freightliner_114sd_suspension_default">

                          </SuspensionSocket>
                          <Dashboard>
                                              <Gauge InputRange="(0;1)" Dir="(-0.902; 0.431; -0.028)" InputType="rpm" Org="(2.759; 2.128; 0.583)" Damping="0.99" Mesh="trucks/arrows/freightliner_114sd_arrow_01" OutputAngles="(-137;44)">

                                              </Gauge>
                                              <Gauge InputType="speed" Dir="(-0.902; 0.431; -0.028)" Org="(2.761; 2.128; 0.51)" Mesh="trucks/arrows/freightliner_114sd_arrow_01" InputRange="(0;160)" OutputAngles="(-135;135)">

                                              </Gauge>
                                              <Gauge InputRange="(0;1)" Dir="(-0.902; 0.431; -0.028)" InputType="engineEnabled" Org="(2.754; 2.214; 0.726)" Damping="0.99" Mesh="trucks/arrows/freightliner_114sd_arrow_02" OutputAngles="(-136;-75)">

                                              </Gauge>
                                              <Gauge InputRange="(0;1)" Dir="(-0.902; 0.431; -0.028)" InputType="engineEnabled" Org="(2.728; 2.161; 0.726)" Damping="0.99" Mesh="trucks/arrows/freightliner_114sd_arrow_02" OutputAngles="(-136;-115)">

                                              </Gauge>
                                              <Gauge InputRange="(0;1)" Dir="(-0.902; 0.431; -0.028)" InputType="engineEnabled" Org="(2.763; 2.21; 0.367)" Damping="0.99" Mesh="trucks/arrows/freightliner_114sd_arrow_02" OutputAngles="(-145;-140)">

                                              </Gauge>
                                              <Gauge InputRange="(0;1)" Dir="(-0.902; 0.431; -0.028)" InputType="engineEnabled" Org="(2.737; 2.156; 0.368)" Damping="0.99" Mesh="trucks/arrows/freightliner_114sd_arrow_02" OutputAngles="(-135;-130)">

                                              </Gauge>
                                              <Gauge InputRange="(0;1)" Dir="(-0.902; 0.431; -0.028)" InputType="engineEnabled" Org="(2.788; 2.195; 0.653)" Damping="0.99" Mesh="trucks/arrows/freightliner_114sd_arrow_03" OutputAngles="(-136;-75)">

                                              </Gauge>
                                              <Gauge InputRange="(0;1)" Dir="(-0.902; 0.431; -0.028)" InputType="engineEnabled" Org="(2.768; 2.153; 0.653)" Damping="0.99" Mesh="trucks/arrows/freightliner_114sd_arrow_03" OutputAngles="(-133;-110)">

                                              </Gauge>
                                              <Gauge InputRange="(0;1)" Dir="(-0.902; 0.431; -0.028)" InputType="engineEnabled" Org="(2.748; 2.112; 0.653)" Damping="0.99" Mesh="trucks/arrows/freightliner_114sd_arrow_03" OutputAngles="(-133;-125)">

                                              </Gauge>
                                              <Gauge InputRange="(0;1)" Dir="(-0.902; 0.431; -0.028)" InputType="fuel" Org="(2.793; 2.192; 0.44)" Damping="0.9" Mesh="trucks/arrows/freightliner_114sd_arrow_03" OutputAngles="(-90;90)">

                                              </Gauge>
                                              <Gauge InputRange="(0;1)" Dir="(-0.902; 0.431; -0.028)" InputType="engineEnabled" Org="(2.773; 2.151; 0.44)" Damping="0.99" Mesh="trucks/arrows/freightliner_114sd_arrow_03" OutputAngles="(-133;65)">

                                              </Gauge>
                                              <Gauge InputRange="(0;1)" Dir="(-0.902; 0.431; -0.028)" InputType="engineEnabled" Org="(2.753; 2.109; 0.44)" Damping="0.99" Mesh="trucks/arrows/freightliner_114sd_arrow_03" OutputAngles="(-133;75)">

                                              </Gauge>
                          </Dashboard>
                          <Axles>
                                                <Axle Frame="BoneAxle1">

                                                </Axle>
                                                <Axle Frame="BoneAxle2">

                                                </Axle>
                                                <Axle Frame="BoneAxle3">

                                                </Axle>
                          </Axles>
                          <Camera Center="(-1.3; 0; 0)" ParentFrame="BoneCabin_cdt">
                                                <Cockpit WindshieldDiffuseTexture="trucks/freightliner_114sd_glass__d_a.tga" _template="Default" WindshieldShadingTexture="trucks/freightliner_114sd_glass__sh_d.tga" ViewPos="(1.94; 2.622; 0.548)">
                                                    <Rear ViewPosOffset="(0; -0.1; 0.7)">

                                                    </Rear>
                                                        <Mirror FOVScale="2" ClipDir="(-0.891; 0; -0.454)" MeshFrame="mirror_left" Pos="(2.394; 2.565; 1.325)" ReflectionDir="(-0.891; 0; -0.454)" Size="(0.21; 0.416)" ClipOffset="0.1">

                                                        </Mirror>
                                                        <Mirror FOVScale="2" ClipDir="(-0.891; 0; -0.454)" MeshFrame="mirror_left_1" Pos="(2.394; 2.212; 1.325)" ReflectionDir="(-0.891; 0; -0.454)" Size="(0.176; 0.176)" ClipOffset="0.1">

                                                        </Mirror>
                                                        <Mirror FOVScale="2" ClipDir="(-0.799; 0; 0.602)" MeshFrame="mirror_right" Pos="(2.344; 2.565; -1.313)" ReflectionDir="(-0.799; 0; 0.602)" Size="(0.21; 0.416)" ClipOffset="0.1">

                                                        </Mirror>
                                                        <Mirror FOVScale="2" ClipDir="(-0.799; 0; 0.602)" MeshFrame="mirror_right_1" Pos="(2.346; 2.212; -1.312)" ReflectionDir="(-0.799; 0; 0.602)" Size="(0.176; 0.176)" ClipOffset="0.1">

                                                        </Mirror>
                                                </Cockpit>
                          </Camera>
                                                <CompatibleWheels Type="wheels_medium_double" Scale="0.55">

                                                </CompatibleWheels>
                                                <CompatibleWheels Type="wheels_medium_double" Scale="0.60">

                                                </CompatibleWheels>
                                                  <LimitedFluid Type="Cylinder" Center="(1.525; 0.807; 0.826)" RadiusY="0.298" LengthX="1.182" RadiusZ="0.314">

                                                  </LimitedFluid>
                                                  <LimitedFluid SizeX="0.858" Center="(1.932; 0.763; -0.795)" Type="Box" SizeZ="0.554" SizeY="0.550">

                                                  </LimitedFluid>
                          <Sounds ParentFrame="BoneCabin_cdt" _template="Default" AirHissInterval="12.0" Origin="(3.3; 1.55; 0)" MinDist="15.0" DisableReversePitch="true">
                                                      <Reverse Sound="trucks/freightliner_114sd/freightliner_114sd_back_beeper">

                                                      </Reverse>
                                                      <EngineTrans Sound="">

                                                      </EngineTrans>
                                                      <EngineLow Sound="trucks/freightliner_114sd/freightliner_114sd_low">

                                                      </EngineLow>
                                                      <EngineHigh Sound="trucks/freightliner_114sd/freightliner_114sd_high">

                                                      </EngineHigh>
                                                      <EngineRev Sound="trucks/freightliner_114sd/freightliner_114sd_rev">

                                                      </EngineRev>
                                                      <AbruptStop Sound="trucks/common/truck_swing_big_rnd_set/truck_swing_big_rnd">

                                                      </AbruptStop>
                                                      <EngineHeavy_2d IsSound2D="true" Sound="">

                                                      </EngineHeavy_2d>
                                                      <EngineHigh_2d IsSound2D="true" Sound="trucks/freightliner_114sd/freightliner_114sd_high_2d">

                                                      </EngineHigh_2d>
                                                      <EngineHeavy Sound="">

                                                      </EngineHeavy>
                                                      <EngineIdle_2d IsSound2D="true" Sound="trucks/freightliner_114sd/freightliner_114sd_idle_2d">

                                                      </EngineIdle_2d>
                                                      <EngineIdle Sound="trucks/freightliner_114sd/freightliner_114sd_idle">

                                                      </EngineIdle>
                                                      <EngineLow_2d IsSound2D="true" Sound="trucks/freightliner_114sd/freightliner_114sd_low_2d">

                                                      </EngineLow_2d>
                                                      <Honk Sound="trucks/freightliner_114sd/freightliner_114sd_honk">

                                                      </Honk>
                                                      <EngineStart Sound="trucks/freightliner_114sd/freightliner_114sd_start">

                                                      </EngineStart>
                                                      <BrakeRelease Sound="trucks/common/truck_brake_release_alt2_rnd_set/truck_brake_release_alt2_rnd">

                                                      </BrakeRelease>
                                                      <EngineStop Sound="trucks/freightliner_114sd/freightliner_114sd_stop">

                                                      </EngineStop>
                                                      <BrakesSqueal Sound="trucks/freightliner_114sd/freightliner_114sd_brakes_squeal">

                                                      </BrakesSqueal>
                                                      <EngineAccel Sound="trucks/freightliner_114sd/freightliner_114sd_acc">

                                                      </EngineAccel>
                          </Sounds>
                          <Wheels DefaultWheelType="wheels_medium_double" DefaultTire="highway_1" DefaultRim="rim_1">
                                                          <Wheel Pos="(3.212; 0.551; 1.079)" _template="FrontWheel">

                                                          </Wheel>
                                                          <Wheel RightSide="true" Pos="(3.212; 0.551; 1.079)" _template="FrontWheel">

                                                          </Wheel>
                                                          <Wheel Pos="(-1.77; 0.551; 0.982)" _template="RearWheel">

                                                          </Wheel>
                                                          <Wheel RightSide="true" Pos="(-1.77; 0.551; 0.982)" _template="RearWheel">

                                                          </Wheel>
                                                          <Wheel Pos="(-3.192; 0.551; 0.982)" _template="RearWheel">

                                                          </Wheel>
                                                          <Wheel RightSide="true" Pos="(-3.192; 0.551; 0.982)" _template="RearWheel">

                                                          </Wheel>
                          </Wheels>
                                                        <Steam Origin="(1.821; 1.257; 0)">

                                                        </Steam>
                                                        <Steam Scale="0.5" Origin="(3.386; 1.164; 0)" ParentFrame="BoneCabin_cdt">

                                                        </Steam>
                          <GearboxSocket Type="gearboxes_trucks" Default="g_truck_default">

                          </GearboxSocket>
                          <WinchUpgradeSocket Type="winches_medium_trucks" Default="w_medium_trucks_default" IsUpgradable="true">

                          </WinchUpgradeSocket>
                          <SteeringRack Frame="BoneRack" RackHalfSizeZ="0.883" FrameSteerLeft="BoneRackLeft" FrameSteerRight="BoneRackRight">

                          </SteeringRack>
                          <SteeringWheel Frame="BoneSteering">

                          </SteeringWheel>
                          <SoundsWheels _template="Default">

                          </SoundsWheels>
                          <Damage>
                                                                        <DamageArea Min="(2.324; 0.453; -0.5)" ParentFrame="BoneCabin_cdt" Max="(4.409; 1.84; 0.5)" Type="Engine">

                                                                        </DamageArea>
                                                                        <DamageArea Min="(0.854; 0.421; -1.198)" ParentFrame="BoneCabin_cdt" Max="(4.306; 1.185; 1.198)" Type="FuelTank">

                                                                        </DamageArea>
                          </Damage>
                          <Shafts>
                                                                        <Shaft SocketPointA="ShaftWheel2WheelA" SocketPointB="ShaftWheel2WheelB">

                                                                        </Shaft>
                          </Shafts>
        </TruckData>
  </Truck>