  <_templates Include="trucks">
      <Wheel>
          <RearWheel Location="rear" ConnectedToHandbrake="true" Torque="default">

          </RearWheel>
          <FrontWheel SteeringAngle="40" Location="front" ParentFrame="BoneCabin_cdt" Torque="connectable" SteeringCastor="8">

          </FrontWheel>
      </Wheel>
      <Body>
            <SideMirror Mass="5" Collisions="None">
                <Constraint Type="Hinge" MaxLimit="15" AxisLocal="(0; 1; 0)" MinLimit="-15">
                    <Motor Spring="250" Damping="1" Type="Spring">

                    </Motor>
                </Constraint>
            </SideMirror>
            <Sunshield Mass="3" Collisions="None">
                  <Constraint Type="Hinge" MaxLimit="8" AxisLocal="(0; 0; 1)" MinLimit="-5">
                      <Motor Spring="10" Damping=".1" Type="Spring">

                      </Motor>
                  </Constraint>
            </Sunshield>
      </Body>
  </_templates>
  <Truck>
        <HeadLight Pos="(4.523; 1.275; 0)" _template="Default">

        </HeadLight>
        <GameData UnlockByExploration="true" Price="10600" UnlockByRank="1" Country="US">
              <CustomizationCameras>
                    <CameraPos Name="roof_sticker" InterestPosition="(3.673; 0.363; -0.642)" Position="(6.419; 4.352; -0.303)" Interior="true" FOV="32.0">

                    </CameraPos>
                    <CameraPos MaxYRotation="360" MaxZoom="2" Name="addon_1" InterestPosition="(0.154; 1.563; -0)" Position="(-7.808; 3.802; 4.913)" MaxXRotation="360" FOV="32.0">

                    </CameraPos>
                    <CameraPos MaxYRotation="360" MaxZoom="2" Name="addon_2" InterestPosition="(2.924; 0.525; -0.002)" Position="(5.258; 2.509; 4.431)" MaxXRotation="360" FOV="32.0">

                    </CameraPos>
                    <CameraPos Name="mirror_mount" InterestPosition="(6.942; 2.145; 1.677)" Position="(4.716; 2.334; -0.582)" Interior="true" FOV="32.0">

                    </CameraPos>
                    <CameraPos MaxYRotation="360" MaxZoom="2" Name="side_r" InterestPosition="(4.764; 1.865; -0)" Position="(-0.317; 4.306; -4.556)" MaxXRotation="360" FOV="32.0">

                    </CameraPos>
                    <CameraPos Name="sticker" InterestPosition="(6.942; 0.593; 1.298)" Position="(5.008; 2.516; -0.518)" Interior="true" FOV="32.0">

                    </CameraPos>
                    <CameraPos Name="sticker_1" InterestPosition="(6.942; 3.196; 1.807)" Position="(4.716; 2.094; -0.452)" Interior="true" FOV="32.0">

                    </CameraPos>
                    <CameraPos Name="sticker_2" InterestPosition="(6.729; 1.059; 2.14)" Position="(4.966; 2.212; 0.139)" Interior="true" FOV="32.0">

                    </CameraPos>
                    <CameraPos Name="glass_sticker" InterestPosition="(4.545; 1.878; -1.032)" Position="(8.384; 3.137; 0.623)" Interior="true" FOV="32.0">

                    </CameraPos>
                    <CameraPos Name="door_r_sticker" InterestPosition="(6.504; 1.203; 0.54)" Position="(3.842; 1.862; 3.197)" Interior="true" FOV="32.0">

                    </CameraPos>
                    <CameraPos MaxYRotation="360" MaxZoom="2" Name="roof" InterestPosition="(5.165; 1.74; -0)" Position="(10.418; 3.866; -3.312)" MaxXRotation="360" FOV="32.0">

                    </CameraPos>
                    <CameraPos Name="capote_sticker" InterestPosition="(5.918; 0.655; -0.737)" Position="(9.116; 4.392; -0.492)" Interior="true" FOV="32.0">

                    </CameraPos>
                    <CameraPos MaxYRotation="360" MaxZoom="2" Name="hoods" InterestPosition="(5.997; 1.735; 0)" Position="(13.57; 1.44; -3.425)" MaxXRotation="360" FOV="32.0">

                    </CameraPos>
                    <CameraPos MaxYRotation="360" MaxZoom="2" Name="side_l" InterestPosition="(5.111; 1.443; 0)" Position="(10.666; 3.491; 4.263)" MaxXRotation="360" FOV="32.0">

                    </CameraPos>
                    <CameraPos Name="bubble_head" InterestPosition="(6.729; 1.259; 1.72)" Position="(4.966; 2.412; -0.281)" Interior="true" FOV="32.0">

                    </CameraPos>
                    <CameraPos MaxYRotation="360" MaxZoom="2" Name="wheels" InterestPosition="(4.213; 1.133; -0)" Position="(-3.583; 2.119; -4.813)" MaxXRotation="360" FOV="32.0">

                    </CameraPos>
                    <CameraPos MaxYRotation="360" MaxZoom="2" Name="default" InterestPosition="(5.997; 1.735; 0)" Position="(13.57; 1.44; -3.425)" MaxXRotation="360" FOV="32.0">

                    </CameraPos>
                    <CameraPos MaxYRotation="360" MaxZoom="2" Name="rear" InterestPosition="(0.612; 0.86; -0)" Position="(-5.27; 2.54; 3.142)" MaxXRotation="360" FOV="32.0">

                    </CameraPos>
                    <CameraPos Name="door_l_sticker" InterestPosition="(4.827; 1.225; 0.224)" Position="(3.929; 1.835; -3.217)" Interior="true" FOV="32.0">

                    </CameraPos>
                    <CameraPos Name="hood_ornament" InterestPosition="(7.878; 1.915; -1.556)" Position="(9.091; 2.279; -1.556)" Interior="true" FOV="32.0">

                    </CameraPos>
                    <CameraPos Name="curtain" InterestPosition="(6.942; 2.145; 1.677)" Position="(4.716; 2.334; -0.582)" Interior="true" FOV="32.0">

                    </CameraPos>
              </CustomizationCameras>
              <UiDesc UiName="UI_VEHICLE_GMC_9500_NAME" UiDesc="UI_VEHICLE_GMC_9500_DESC" UiIconLogo="GMLogoAlt80" UiIcon40x40="highwayVehicleImg" UiIcon30x30="highwayVehicleImg30" UiIcon328x458="shopImgGMC9500">

              </UiDesc>
                    <AddonSockets>
                      <Socket Offset="(0; 0; 0)" Names="Gmc9500SpareWheel" ParentFrame="BoneChassis_cdt">
                          <ExtraParent Frame="BoneCabin_cdt">

                          </ExtraParent>
                      </Socket>
                    </AddonSockets>
                    <AddonSockets>
                        <Socket Offset="(-2.309; 1.55; 0)" Names="Semitrailer, SemitrailerOiltank">

                        </Socket>
                        <Socket Offset="(-1.5; 1.55; 0)" Names="LargeSemitrailer, LargeSemitrailerOiltank">

                        </Socket>
                        <Socket Offset="(-4.396; 0.685; 0)" Names="Trailer">

                        </Socket>
                    </AddonSockets>
                    <AddonSockets>
                        <Socket Offset="(-5.363; 1.105; 0)" Names="BunkLog" NamesBlock="MinicraneUS, MetalDetector">
                          <ExtraParent Offset="(0; -0.05; 0)" Frame="BoneChassis_cdt">

                          </ExtraParent>
                        </Socket>
                        <Socket Offset="(-1.46; 1.052; 0)" Names="FrameAddonLogShort" NamesBlock="MinicraneUS, MetalDetector, Gmc9500Fender">

                        </Socket>
                        <Socket Offset="(-1.46; 1.052; 0)" Names="FrameAddonLogMedium" NamesBlock="MinicraneUS, MetalDetector, Gmc9500Fender, Trailer">

                        </Socket>
                        <Socket Offset="(-2.291; 1.057; 0)" Names="SaddleLow1">
                            <ExtraParent Offset="(0; 0; -0.025)" Frame="BoneChassis_cdt">

                            </ExtraParent>
                            <ExtraParent Offset="(0; 0; 0.025)" Frame="BoneChassis_cdt">

                            </ExtraParent>
                        </Socket>
                        <Socket Offset="(-1.5; 1.057; 0)" Names="SaddleHigh">
                            <ExtraParent Offset="(0; 0; -0.025)" Frame="BoneChassis_cdt">

                            </ExtraParent>
                            <ExtraParent Offset="(0; 0; 0.025)" Frame="BoneChassis_cdt">

                            </ExtraParent>
                        </Socket>
                        <Socket Offset="(-1.45; 1.065; 0)" Names="FrameAddon">
                            <AddonsShift Offset="(-1; 0; 0)" Types="MinicraneUS">

                            </AddonsShift>
                            <AddonsShift Offset="(-1; 0; 0)" Types="MetalDetector">

                            </AddonsShift>
                        </Socket>
                        <Socket Offset="(-2.2; 1.065; 0)" Names="FrameAddonTow" NamesBlock="MinicraneUS, MetalDetector, Trailer">

                        </Socket>
                        <Socket Offset="(-1.75; 1.133; 0)" Names="FrameAddonKung" ParentFrame="BoneChassis_cdt">
                            <ExtraParent Offset="(0; 0; -0.1)" Frame="BoneChassis_cdt">

                            </ExtraParent>
                            <ExtraParent Offset="(0; 0; 0.1)" Frame="BoneChassis_cdt">

                            </ExtraParent>
                        </Socket>
                        <Socket Offset="(-2.340; 1.065; 0)" Names="FrameAddonTank">

                        </Socket>
                        <Socket Offset="(-2; 1.058; 0)" Names="BigCraneUs" NamesBlock="MetalDetector, MinicraneUS, Semitrailer, Gmc9500SpareWheel">
                            <ExtraParent Offset="(0; -0.01; 0)" Frame="BoneChassis_cdt">

                            </ExtraParent>
                            <ExtraParent Offset="(0; -0.01; 0)" Frame="BoneChassis_cdt">

                            </ExtraParent>
                        </Socket>
                        <Socket Offset="(0.809; 1.052; 0)" Names="LogLift" NamesBlock="MetalDetector, MinicraneUS">

                        </Socket>
                        <Socket ParentFrame="BoneChassis_cdt" Offset="(0.28; 1.051; 0)" Names="FrameAddonSeismicVibrator" NamesBlock="MetalDetector, MinicraneUS, Trailer">

                        </Socket>
                        <Socket ParentFrame="BoneChassis_cdt" Offset="(-2.15; 0.022; 0)" Names="FrameAddonMaintainer" NamesBlock="MetalDetector, Trailer, MinicraneUS">

                        </Socket>
                    </AddonSockets>
                    <AddonSockets>
                        <Socket ParentFrame="BoneCabin_cdt" Offset="(0.7; 0; 0)" Names="MetalDetector" NamesBlock="FrameAddonKung, FrameAddonTank">

                        </Socket>
                        <Socket Offset="(0.43; 1.050; 0)" Names="MinicraneUS" NamesBlock="FrameAddonKung, FrameAddonTank">
                            <ExtraParent Offset="(0; 0; -0.02)" Frame="BoneChassis_cdt">

                            </ExtraParent>
                            <ExtraParent Offset="(0; 0; 0.02)" Frame="BoneChassis_cdt">

                            </ExtraParent>
                        </Socket>
                    </AddonSockets>
                    <AddonSockets>
                        <Socket Offset="(0; 0.2; 0)" Names="UsLoadLogsShort">

                        </Socket>
                        <Socket Offset="(0; 0.2; 0)" Names="UsLoadLogsShortLoaderA">

                        </Socket>
                    </AddonSockets>
                    <AddonSockets DefaultAddon="gmc_9500_bumper_default">
                      <Socket Offset="(0; 0; 0)" Names="Gmc9500Bumper" ParentFrame="BoneCabin_cdt">

                      </Socket>
                    </AddonSockets>
                    <AddonSockets DefaultAddon="gmc_9500_fender_default">
                      <Socket Offset="(0; 0; 0)" Names="Gmc9500Fender" ParentFrame="BoneChassis_cdt">
                          <ExtraParent Frame="BoneCabin_cdt">

                          </ExtraParent>
                      </Socket>
                    </AddonSockets>
                    <AddonSockets>
                      <Socket Offset="(0; 0; 0)" Names="Gmc9500Snorkel" ParentFrame="BoneCabinRagdoll_cdt">

                      </Socket>
                    </AddonSockets>
                    <AddonSockets DefaultAddon="gmc_9500_exhaust_default">
                      <Socket Offset="(0; 0; 0)" Names="Gmc9500Exhaust" ParentFrame="BoneCabin_cdt">

                      </Socket>
                    </AddonSockets>
                    <AddonSockets DefaultAddon="gmc_9500_diff_lock_default">
                      <Socket Offset="(0; 0; 0)" Names="GMC9500DiffLock" ParentFrame="BoneChassis_cdt">

                      </Socket>
                    </AddonSockets>
                    <AddonSockets DefaultAddon="gmc_9500_horn_default">
                      <Socket Offset="(0; 0; 0)" Names="Gmc9500Horn" ParentFrame="BoneCabinRagdoll_cdt">

                      </Socket>
                    </AddonSockets>
                    <AddonSockets DefaultAddon="gmc_9500_gabarite_default">
                      <Socket Offset="(0; 0; 0)" Names="Gmc9500Gabarite" ParentFrame="BoneCabinRagdoll_cdt">

                      </Socket>
                    </AddonSockets>
                    <AddonSockets>
                      <Socket Offset="(0; 0; 0)" Names="Gmc9500Spotlight" ParentFrame="BoneCabinRagdoll_cdt">

                      </Socket>
                    </AddonSockets>
                    <AddonSockets>
                      <Socket Offset="(0; 0; 0)" Names="Gmc9500Visor" ParentFrame="BoneCabinRagdoll_cdt">

                      </Socket>
                    </AddonSockets>
                    <AddonSockets DefaultAddon="gmc_9500_transferbox_default">
                      <Socket Offset="(0; 0; 0)" Names="Gmc9500TransferBox" ParentFrame="BoneCabin_cdt">
                            <ExtraParent Frame="BoneChassis_cdt">

                            </ExtraParent>
                            <ExtraParent Frame="BoneAxle1">

                            </ExtraParent>
                      </Socket>
                    </AddonSockets>
                    <AddonSockets>
                      <Socket ParentFrame="BoneCabinRagdoll_cdt" Names="gmc9500Sticker_1x1_01" InCockpit="true">

                      </Socket>
                    </AddonSockets>
                    <AddonSockets>
                      <Socket ParentFrame="BoneCabinRagdoll_cdt" Names="gmc9500Sticker_1x1_02" InCockpit="true">

                      </Socket>
                    </AddonSockets>
                    <AddonSockets>
                      <Socket ParentFrame="BoneCabinRagdoll_cdt" Names="gmc9500Sticker_1x1_03" InCockpit="true">

                      </Socket>
                    </AddonSockets>
                    <AddonSockets>
                      <Socket ParentFrame="BoneSunshieldLeft_cdt" Names="gmc9500Sticker_1x2_01" InCockpit="true">

                      </Socket>
                    </AddonSockets>
                    <AddonSockets>
                      <Socket ParentFrame="BoneSunshieldRight_cdt" Names="gmc9500Sticker_1x2_02" InCockpit="true">

                      </Socket>
                    </AddonSockets>
                    <AddonSockets>
                      <Socket ParentFrame="BoneCabinRagdoll_cdt" Names="gmc9500Sticker_1x4_01" InCockpit="true">

                      </Socket>
                    </AddonSockets>
                    <AddonSockets>
                      <Socket ParentFrame="BoneCabinRagdoll_cdt" Names="gmc9500Sticker_GlassTop" InCockpit="true">

                      </Socket>
                    </AddonSockets>
                    <AddonSockets>
                      <Socket ParentFrame="BoneCabinRagdoll_cdt" Names="gmc9500Sticker_GlassBottom" InCockpit="true">

                      </Socket>
                    </AddonSockets>
                    <AddonSockets>
                      <Socket Names="gmc9500Sticker_Door_L" ParentFrame="BoneCabinRagdoll_cdt">

                      </Socket>
                    </AddonSockets>
                    <AddonSockets>
                      <Socket Names="gmc9500Sticker_Door_R" ParentFrame="BoneCabinRagdoll_cdt">

                      </Socket>
                    </AddonSockets>
                    <AddonSockets>
                      <Socket Names="gmc9500Sticker_Roof" ParentFrame="BoneCabinRagdoll_cdt">

                      </Socket>
                    </AddonSockets>
                    <AddonSockets>
                      <Socket Names="gmc9500Sticker_Capote" ParentFrame="BoneCabinRagdoll_cdt">

                      </Socket>
                    </AddonSockets>
                    <AddonSockets>
                      <Socket ParentFrame="BoneCabinRagdoll_cdt" Offset="(2.555; 2.005; -0.093)" Names="StuffDashboard" InCockpit="true">

                      </Socket>
                    </AddonSockets>
                    <AddonSockets>
                        <Socket ParentFrame="BoneCabinRagdoll_cdt" Offset="(2.331; 2.482; 0.225)" Names="StuffAirfreshener" InCockpit="true">

                        </Socket>
                        <Socket ParentFrame="BoneCabinRagdoll_cdt" Names="StuffCurtainGmc9500" InCockpit="true">

                        </Socket>
                    </AddonSockets>
                    <AddonSockets>
                      <Socket Names="StuffHoodGmc9500" ParentFrame="BoneCabinRagdoll_cdt">

                      </Socket>
                    </AddonSockets>
                      <CraneSocket Pos="(4.393; 0.77; 0.7)" ParentFrame="BoneCabin_cdt">

                      </CraneSocket>
                      <CraneSocket Pos="(4.393; 0.77; -0.7)" ParentFrame="BoneCabin_cdt">

                      </CraneSocket>
                      <CraneSocket Pos="(-4.353; 0.689; 0)">

                      </CraneSocket>
                      <CraneSocket Pos="(0.071; 0.767; 0.457)">

                      </CraneSocket>
                      <CraneSocket Pos="(0.071; 0.767; -0.457)">

                      </CraneSocket>
                        <WinchSocket Pos="(4.393; 0.77; 0.7)" ParentFrame="BoneCabin_cdt">

                        </WinchSocket>
                        <WinchSocket Pos="(4.393; 0.77; -0.7)" ParentFrame="BoneCabin_cdt">

                        </WinchSocket>
                        <WinchSocket Pos="(-4.353; 0.689; 0)">

                        </WinchSocket>
                        <WinchSocket Pos="(0.071; 0.767; 0.457)">

                        </WinchSocket>
                        <WinchSocket Pos="(0.071; 0.767; -0.457)">

                        </WinchSocket>
        </GameData>
        <PhysicsModel Mesh="trucks/gmc_9500">
                <Body NetSync="pv" CenterOfMassOffset="(-1.5; 0; 0)" ModelFrame="BoneChassis_cdt" Mass="4000" ImpactType="Truck">
                    <Body NetSync="pv" CenterOfMassOffset="(0; 0.3; 0)" ModelFrame="BoneCabin_cdt" Mass="1500" ImpactType="Truck">
                        <Constraint Type="Hinge" MaxLimit="1.5" AxisLocal="(1; 0; 0)" MinLimit="-1.5">
                            <Motor Spring="240000" Damping="24000" Type="Spring">

                            </Motor>
                        </Constraint>
                            <Body CenterOfMassOffset="(0; 0; 0)" ModelFrame="BoneCabinRagdoll_cdt" Mass="1500" ImpactType="Truck">
                              <Constraint Type="Ragdoll" PlaneMin="-1.5" PlaneMax="1.5" TwistAxisLocal="(0; 1; 0)" Cone="2.5" PlaneAxisLocal="(1; 0; 0)">
                                  <ConeMotor Spring="1500000" Damping="700000" Type="Spring">

                                  </ConeMotor>
                                  <PlaneMotor Spring="3500000" Damping="200000" Type="Spring">

                                  </PlaneMotor>
                              </Constraint>
                                  <Body ModelFrame="BoneBelt1_cdt" Mass="2" Collisions="None">
                                    <Constraint Type="Hinge" MaxLimit="10" AxisLocal="(0; 1; 0)" MinLimit="-20" PivotOffset="(0; 0; 0)">
                                        <Motor Spring="10" Damping="10" Type="Spring">

                                        </Motor>
                                    </Constraint>
                                  </Body>
                                  <Body ModelFrame="BoneBelt2_cdt" Mass="1" Collisions="None">
                                    <Constraint Type="Hinge" MaxLimit="5" AxisLocal="(0; 1; 0)" MinLimit="-15" PivotOffset="(0; 0; 0)">
                                        <Motor Spring="2" Damping="2" Type="Spring">

                                        </Motor>
                                    </Constraint>
                                  </Body>
                                  <Body ModelFrame="BoneSunshieldRight_cdt" _template="Sunshield">

                                  </Body>
                                  <Body ModelFrame="BoneSunshieldLeft_cdt" _template="Sunshield">

                                  </Body>
                                  <Body Mass="0.2" ModelFrame="BoneKeyFob_cdt">
                                    <Constraint Type="Hinge" MaxLimit="50" AxisLocal="(1; 0; 0)" MinLimit="-50" PivotOffset="(0; 0; 0)">
                                        <Motor Spring="0.001" Damping="0.001" Type="Spring">

                                        </Motor>
                                    </Constraint>
                                  </Body>
                                  <Body AngularDamping="10.0" Mass="1" ModelFrame="BoneRadioHinge_cdt">
                                    <Constraint Type="Hinge" MaxLimit="25" AxisLocal="(0; 0; 1)" MinLimit="-25">

                                    </Constraint>
                                    <Body Mass="0.04" ModelFrame="BoneRadioPrismatic_cdt">
                                          <Constraint Type="Prismatic" MaxLimit="0.4" AxisLocal="(0; 1; 0)" MinLimit="-0.4">
                                              <Motor Spring="5" Damping="0.1" Type="Spring">

                                              </Motor>
                                          </Constraint>
                                    </Body>
                                  </Body>
                                  <Body ModelFrame="BoneMirrorLeft_cdt" _template="SideMirror">

                                  </Body>
                                  <Body ModelFrame="BoneMirrorRight_cdt" _template="SideMirror">

                                  </Body>
                                  <Body ModelFrame="BoneLeftMudguard_cdt" _template="Mudguard">
                                    <Constraint MinLimit="-20" MaxLimit="40" AxisLocal="(1; 0; 0)">

                                    </Constraint>
                                  </Body>
                                  <Body ModelFrame="BoneRightMudguard_cdt" _template="Mudguard">
                                    <Constraint MinLimit="-20" MaxLimit="40" AxisLocal="(1; 0; 0)">

                                    </Constraint>
                                  </Body>
                            </Body>
                            <Body ModelFrame="BoneTieRod_cdt" _template="TieRod">
                              <Constraint MaxLimit="25" AxisLocal="(0; 0; 1)" MinLimit="-25" Name="TieRodSteer">

                              </Constraint>
                            </Body>
                    </Body>
                </Body>
                <NetSync Legacy="false">

                </NetSync>
        </PhysicsModel>
        <ControlledConstraints>
                  <Constraint IsLinkedSteering="true" Id="chassis_steer" Name="TieRodSteer">

                  </Constraint>
        </ControlledConstraints>
        <ModelAttachments>
                    <HeadLight>
                          <Flare Pos="(4.321; 1.298; -0.613)" _template="HeadLight" ParentFrame="BoneCabinRagdoll_cdt" Size="0.5" DirAngle="135">

                          </Flare>
                          <Flare Pos="(4.321; 1.298; 0.613)" _template="HeadLight" ParentFrame="BoneCabinRagdoll_cdt" Size="0.5" DirAngle="135">

                          </Flare>
                          <Flare Pos="(4.321; 1.298; -0.613)" ParentFrame="BoneCabinRagdoll_cdt" _template="BlueStreak">

                          </Flare>
                          <Flare Pos="(4.321; 1.298; 0.613)" ParentFrame="BoneCabinRagdoll_cdt" _template="BlueStreak">

                          </Flare>
                            <Model Org="(4.321; 1.298; -0.613)" ParentFrame="BoneCabinRagdoll_cdt" _template="HeadLightRay">

                            </Model>
                            <Model Org="(4.321; 1.298; 0.613)" ParentFrame="BoneCabinRagdoll_cdt" _template="HeadLightRay">

                            </Model>
                    </HeadLight>
                    <StopSignals>
                          <Light Pos="(-4.476; 0.81; 0)" _template="StopSignal">

                          </Light>
                              <Flare Pos="(-4.367; 0.791; 0.272)" Size=".6" _template="StopSignal">

                              </Flare>
                              <Flare Pos="(-4.367; 0.791; -0.272)" Size=".6" _template="StopSignal">

                              </Flare>
                    </StopSignals>
                          <Ignition>
                              <Flare Pos="(4.234; 1.415; 0.908)" Dir="(0; 0; 1)" _template="IgnitionSignalOrange" ParentFrame="BoneCabinRagdoll_cdt" DirAngle="90">

                              </Flare>
                              <Flare Pos="(4.234; 1.415; -0.908)" Dir="(0; 0; -1)" _template="IgnitionSignalOrange" ParentFrame="BoneCabinRagdoll_cdt" DirAngle="90">

                              </Flare>
                              <Flare Pos="(4.319; 1.58; 0.934)" _template="Beacon" Color="g(255; 192; 0) x 0.17" Size="0.5" ParentFrame="BoneCabinRagdoll_cdt">

                              </Flare>
                              <Flare Pos="(4.319; 1.58; -0.934)" _template="Beacon" Color="g(255; 192; 0) x 0.17" Size="0.5" ParentFrame="BoneCabinRagdoll_cdt">

                              </Flare>
                              <Flare Pos="(-4.367; 0.779; 0.272)" _template="IgnitionSignalRed">

                              </Flare>
                              <Flare Pos="(-4.367; 0.779; -0.272)" _template="IgnitionSignalRed">

                              </Flare>
                          </Ignition>
                          <Ignition>
                              <Light Pos="(-4.5; 1; 0)" _template="IgnitionSignalRed">

                              </Light>
                              <Light Pos="(4.618; 1.127; 0.61)" _template="IgnitionSignalWhite" Color="g(255; 205; 145) x 0.8" ParentFrame="BoneCabinRagdoll_cdt">

                              </Light>
                              <Light Pos="(4.618; 1.127; -0.61)" _template="IgnitionSignalWhite" Color="g(255; 205; 145) x 0.8" ParentFrame="BoneCabinRagdoll_cdt">

                              </Light>
                                <Flare Pos="(4.327; 1.298; -0.613)" _template="IgnitionSignalWhite" Color="g(165; 149; 130) x 0.85" ParentFrame="BoneCabinRagdoll_cdt" DirAngle="180">

                                </Flare>
                                <Flare Pos="(4.327; 1.298; 0.613)" _template="IgnitionSignalWhite" Color="g(165; 149; 130) x 0.85" ParentFrame="BoneCabinRagdoll_cdt" DirAngle="180">

                                </Flare>
                          </Ignition>
                    <ReverseSignals>
                              <Light Pos="(-4.367; 0.855; 0)" _template="ReverseSignal">

                              </Light>
                                  <Flare Pos="(-4.367; 0.855; -0.272)" Size="0.4" _template="ReverseSignal">

                                  </Flare>
                                  <Flare Pos="(-4.367; 0.855; 0.272)" Size="0.4" _template="ReverseSignal">

                                  </Flare>
                                  <Flare Pos="(-4.367; 0.855; -0.272)" Dir="(-1; 0; 0)" _template="BlueStreak" Color="g(220; 220; 255) x 0.05" Size="0.4">

                                  </Flare>
                                  <Flare Pos="(-4.367; 0.855; 0.272)" Dir="(-1; 0; 0)" _template="BlueStreak" Color="g(220; 220; 255) x 0.05" Size="0.4">

                                  </Flare>
                    </ReverseSignals>
        </ModelAttachments>
        <Landmark MaxScale="3.8" Mesh="landmarks/gmc_9500_lmk" MinScale="1.8">

        </Landmark>
        <AutomaticIK>
                          <IKBone ParentFrame="BoneCabin_cdt" ModelFrame="BonePistonBase">
                            <IKJoint Type="Hinge" AxisLocal="(0; 0; 1)">

                            </IKJoint>
                            <IKBone AttachToFrame="BoneTieRod_cdt" AttachOffset="(0; 0; 0)" ModelFrame="BonePiston">
                                  <IKJoint Type="Slider" AxisLocal="(1; 0; 0)">

                                  </IKJoint>
                            </IKBone>
                          </IKBone>
                          <IKBone ParentFrame="BoneTieRod_cdt" ModelFrame="BoneTieRodHinge2">
                            <IKJoint Type="Hinge2" AxisLocal="(1; 0; 0)">

                            </IKJoint>
                            <IKBone AttachToFrame="BoneRackLeft" AttachOffset="(0; 0; 0)" ModelFrame="BoneTieRodPrismatic">
                                  <IKJoint Type="Slider" AxisLocal="(1; 0; 0)">

                                  </IKJoint>
                            </IKBone>
                          </IKBone>
        </AutomaticIK>
        <TruckData SteerSpeed="0.02" EngineStartDelay="0.8" EngineIconMesh="env/engine_default" TruckType="HIGHWAY" Responsiveness="0.25" BackSteerSpeed="0.01" TruckImage="gmc9500mchr" FuelCapacity="240" DiffLockType="None" ExhaustStartTime="0.9" EngineIconScale="1.2">
                          <Driver Pos="(1.88; 1.562; 0.428)" ParentFrame="BoneCabinRagdoll_cdt" SteeringWheelPos="(2.262; 1.89; 0.421)">

                          </Driver>
                          <SoundsDamage _template="Heavy">

                          </SoundsDamage>
                          <OcclusionMap HalfSizeZ="1.8" MinX="-4.462" MaxX="4.809">

                          </OcclusionMap>
                          <FuelTank DamageCapacity="50">

                          </FuelTank>
                          <Intake Size="1" Dir="(1; 0; 0)" Origin="(4.35; 1.395; 0)">

                          </Intake>
                          <EngineSocket Type="e_us_truck_old_gmc9500, e_us_truck_old" Default="us_truck_old_engine_gmc9500">

                          </EngineSocket>
                          <SuspensionSocket Type="s_gmc9500" MaxWheelRadiusWithoutSuspension="0.55" Default="gmc9500_suspension_default">

                          </SuspensionSocket>
                          <Dashboard>
                                              <Gauge InputRange="(0;1)" Dir="(-0.995; 0.1; -0.015)" InputType="none" Org="(2.533; 1.806; 0.63)" Damping="0.99" Mesh="trucks/arrows/gmc_9500_arrow_01" OutputAngles="(-130;60)">

                                              </Gauge>
                                              <Gauge InputRange="(0;1)" Dir="(-0.995; 0.1; -0.015)" InputType="engineEnabled" Org="(2.542; 1.888; 0.634)" Damping="0.9" Mesh="trucks/arrows/gmc_9500_arrow_01" OutputAngles="(-130;47)">

                                              </Gauge>
                                              <Gauge InputType="speed" Dir="(-0.996; 0.084; 0.003)" Org="(2.544; 1.865; 0.531)" Mesh="trucks/arrows/gmc_9500_arrow_02" InputRange="(0;160)" OutputAngles="(-135;100)">

                                              </Gauge>
                                              <Gauge InputRange="(0;1)" Dir="(-0.994; 0.1; 0.034)" InputType="rpm" Org="(2.543; 1.865; 0.398)" Damping="0.9" Mesh="trucks/arrows/gmc_9500_arrow_02" OutputAngles="(-135;100)">

                                              </Gauge>
                                              <Gauge InputRange="(0;1)" Dir="(-0.994; 0.093; 0.064)" InputType="engineEnabled" Org="(2.538; 1.897; 0.301)" Damping="0.9996" Mesh="trucks/arrows/gmc_9500_arrow_01" OutputAngles="(-70;-5)">

                                              </Gauge>
                                              <Gauge InputRange="(0;1)" Dir="(-0.994; 0.093; 0.064)" InputType="fuel" Org="(2.531; 1.823; 0.3)" Damping="0.9" Mesh="trucks/arrows/gmc_9500_arrow_01" OutputAngles="(-70;70)">

                                              </Gauge>
                                              <Gauge InputRange="(0;1)" Dir="(-0.992; 0.095; 0.077)" InputType="engineEnabled" Org="(2.534; 1.897; 0.226)" Damping="0.9" Mesh="trucks/arrows/gmc_9500_arrow_01" OutputAngles="(-70;35)">

                                              </Gauge>
                                              <Gauge InputRange="(0;1)" Dir="(-0.992; 0.095; 0.077)" InputType="engineEnabled" Org="(2.527; 1.823; 0.225)" Damping="0.9" Mesh="trucks/arrows/gmc_9500_arrow_01" OutputAngles="(-70;15)">

                                              </Gauge>
                          </Dashboard>
                          <Axles>
                                                <Axle Frame="BoneAxle1">

                                                </Axle>
                                                <Axle Frame="BoneAxle2">

                                                </Axle>
                                                <Axle Frame="BoneAxle3">

                                                </Axle>
                          </Axles>
                          <Camera Center="(-1.4; 0; 0)" ParentFrame="BoneCabin_cdt">
                                                <Cockpit WindshieldDiffuseTexture="trucks/GMC9500_glass__d_a.tga" _template="Default" WindshieldShadingTexture="trucks/GMC9500_glass__sh_d.tga" ViewPos="(1.857; 2.257; 0.428)">
                                                    <Rear ViewPosOffset="(-0.05; -0.1; 0.7)">

                                                    </Rear>
                                                        <Mirror LookAtOffset="(0; 0; 0.05)" Size="(0.251; 0.553)" FOVScale="2" ReflectionDir="(-0.858; 0; -0.514)" Pos="(2.19; 2.139; 1.307)" ClipDir="(-0.858; 0; -0.514)" MeshFrame="mirror_left" ClipOffset="0.18">

                                                        </Mirror>
                                                        <Mirror FOVScale="2" ClipDir="(-0.799; 0; 0.602)" MeshFrame="mirror_right" Pos="(2.185; 2.139; -1.304)" ReflectionDir="(-0.799; 0; 0.602)" Size="(0.251; 0.553)" ClipOffset="0.1">

                                                        </Mirror>
                                                </Cockpit>
                          </Camera>
                                                <CompatibleWheels Type="wheels_medium_double" Scale="0.55">

                                                </CompatibleWheels>
                                                <CompatibleWheels Type="wheels_medium_double" Scale="0.60">

                                                </CompatibleWheels>
                                                  <LimitedFluid Type="Cylinder" Center="(1.791; 0.684; 0.837)" RadiusY="0.33" LengthX="1.18" RadiusZ="0.33">

                                                  </LimitedFluid>
                                                  <LimitedFluid Type="Cylinder" Center="(1.791; 0.684; -0.837)" RadiusY="0.33" LengthX="1.18" RadiusZ="0.33">

                                                  </LimitedFluid>
                          <Sounds ParentFrame="BoneCabin_cdt" _template="Default" AirHissInterval="12.0" Origin="(3.32; 1.512; 0)" MinDist="10.0" DisableReversePitch="false">
                                                      <Reverse Sound="trucks/gmc_9500/gmc_9500_reverse">

                                                      </Reverse>
                                                      <EngineTrans Sound="trucks/gmc_9500/gmc_9500_turbo">

                                                      </EngineTrans>
                                                      <EngineLow Sound="trucks/gmc_9500/gmc_9500_low">

                                                      </EngineLow>
                                                      <EngineHigh Sound="trucks/gmc_9500/gmc_9500_high">

                                                      </EngineHigh>
                                                      <ChassisStress Sound="trucks/common/truck_stress_rnd_set/truck_stress_rnd">

                                                      </ChassisStress>
                                                      <EngineRev Sound="trucks/gmc_9500/gmc_9500_rev">

                                                      </EngineRev>
                                                      <AbruptStop Sound="trucks/common/truck_swing_big_old_rnd_set/truck_swing_big_old_rnd">

                                                      </AbruptStop>
                                                      <EngineHigh_2d IsSound2D="true" Sound="trucks/gmc_9500/gmc_9500_high_2d">

                                                      </EngineHigh_2d>
                                                      <EngineHeavy_2d IsSound2D="true" Sound="trucks/gmc_9500/gmc_9500_heavy_2d">

                                                      </EngineHeavy_2d>
                                                      <EngineIdle_2d IsSound2D="true" Sound="trucks/gmc_9500/gmc_9500_idle_2d">

                                                      </EngineIdle_2d>
                                                      <EngineIdle Sound="trucks/gmc_9500/gmc_9500_idle">

                                                      </EngineIdle>
                                                      <EngineHeavy Sound="trucks/gmc_9500/gmc_9500_heavy">

                                                      </EngineHeavy>
                                                      <EngineAccel Sound="trucks/gmc_9500/gmc_9500_acc">

                                                      </EngineAccel>
                                                      <EngineStart Sound="trucks/gmc_9500/gmc_9500_start">

                                                      </EngineStart>
                                                      <Honk Sound="trucks/gmc_9500/gmc_9500_honk">

                                                      </Honk>
                                                      <EngineStop Sound="trucks/gmc_9500/gmc_9500_stop">

                                                      </EngineStop>
                                                      <EngineLow_2d IsSound2D="true" Sound="trucks/gmc_9500/gmc_9500_low_2d">

                                                      </EngineLow_2d>
                                                      <BrakeRelease Sound="trucks/gmc_9500/gmc_9500_brake_release">

                                                      </BrakeRelease>
                          </Sounds>
                          <Wheels DefaultWheelType="wheels_medium_double" DefaultTire="highway_1" DefaultRim="rim_1">
                                                          <Wheel Pos="(-2.936; 0.515; 1.017)" _template="RearWheel">

                                                          </Wheel>
                                                          <Wheel RightSide="true" Pos="(-2.936; 0.515; 1.017)" _template="RearWheel">

                                                          </Wheel>
                                                          <Wheel Pos="(-1.646; 0.507; 1.017)" _template="RearWheel">

                                                          </Wheel>
                                                          <Wheel RightSide="true" Pos="(-1.646; 0.507; 1.017)" _template="RearWheel">

                                                          </Wheel>
                                                          <Wheel Pos="(3.675; 0.507; 1.027)" _template="FrontWheel">

                                                          </Wheel>
                                                          <Wheel RightSide="true" Pos="(3.675; 0.507; 1.027)" _template="FrontWheel">

                                                          </Wheel>
                          </Wheels>
                                                        <Steam Origin="(1.419; 1.041; 0)">

                                                        </Steam>
                                                        <Steam Scale="0.5" Origin="(3.55; 1.221; 0)" ParentFrame="BoneCabin_cdt">

                                                        </Steam>
                          <GearboxSocket Type="gearboxes_trucks" Default="g_truck_default">

                          </GearboxSocket>
                          <WinchUpgradeSocket Type="winches_medium_trucks" Default="w_medium_trucks_default" IsUpgradable="true">

                          </WinchUpgradeSocket>
                          <SteeringRack Frame="BoneRack" RackHalfSizeZ="0.829" FrameSteerLeft="BoneRackLeft" FrameSteerRight="BoneRackRight">

                          </SteeringRack>
                          <SteeringWheel Frame="BoneSteering">

                          </SteeringWheel>
                          <SoundsWheels _template="Default">

                          </SoundsWheels>
                          <Damage ParentFrame="BoneCabin_cdt" SensationMax="(2.608; 2.471; 0.897)" Capacity="600" SensationMin="(1.362; 1.931; -0.897)">
                                                                        <DamageArea Min="(2.6; 0.75; -0.6)" ParentFrame="BoneCabin_cdt" Max="(4.3; 2; 0.6)" Type="Engine">

                                                                        </DamageArea>
                                                                        <DamageArea Min="(1.15; 0.35; -1.2)" ParentFrame="BoneCabin_cdt" Max="(2.9; 1.1; 1.2)" Type="FuelTank">

                                                                        </DamageArea>
                          </Damage>
                          <Shafts>
                                                                        <Shaft SocketPointA="ShaftWheel2WheelA" SocketPointB="ShaftWheel2WheelB">

                                                                        </Shaft>
                          </Shafts>
        </TruckData>
  </Truck>