  <_templates Include="trucks">
      <Wheel>
          <RearWheel Torque="default" Location="rear" ConnectedToHandbrake="true" ParentFrame="BoneChassis_cdt">

          </RearWheel>
          <FrontWheel SteeringAngle="40" Location="front" Torque="full" SteeringCastor="8">

          </FrontWheel>
      </Wheel>
      <Body>
            <Antenna Mass="2" Collisions="None">
                <Constraint Type="Ragdoll" PlaneMin="-7" PlaneMax="7" TwistAxisLocal="(0; 1; 0)" Cone="7" PlaneAxisLocal="(0; 0; 1)">
                    <ConeMotor Spring="60" Damping=".1" Type="Spring">

                    </ConeMotor>
                    <PlaneMotor Spring="60" Damping=".1" Type="Spring">

                    </PlaneMotor>
                </Constraint>
            </Antenna>
      </Body>
      <Flare>
              <Beacon ColorMultAtDay="0.3" SizeMultAtDay="0.5" DirAngle="180" Color="g(169; 115; 0) x 0.6" Size="0.2" AspectRatio="1.4">

              </Beacon>
      </Flare>
  </_templates>
  <Truck>
        <HeadLight Pos="(2.842; 1.041; 0)" _template="Default">

        </HeadLight>
        <GameData Recallable="true" UnlockByExploration="true" Price="5100" UnlockByRank="1" Country="US">
              <CustomizationCameras>
                    <CameraPos Name="sticker_1" InterestPosition="(4.611; 1.128; 2.078)" Position="(5.349; 1.568; -0.195)" Interior="true" FOV="32.0">

                    </CameraPos>
                    <CameraPos MaxYRotation="360" MaxZoom="2" Name="addon_1" InterestPosition="(3.896; 0.774; 0)" Position="(0.912; 4.08; 2.215)" MaxXRotation="360" FOV="32.0">

                    </CameraPos>
                    <CameraPos MaxYRotation="360" MaxZoom="2" Name="addon_2" InterestPosition="(4.728; 1.865; 0)" Position="(0.761; 3.788; -3.606)" MaxXRotation="360" FOV="32.0">

                    </CameraPos>
                    <CameraPos Name="mirror_mount" InterestPosition="(7.736; 1.436; 2.408)" Position="(4.737; 1.631; -0.715)" Interior="true" FOV="32.0">

                    </CameraPos>
                    <CameraPos MaxYRotation="360" MaxZoom="2" Name="side_r" InterestPosition="(4.679; 0.759; -0)" Position="(9.22; 3.041; -2.085)" MaxXRotation="360" FOV="32.0">

                    </CameraPos>
                    <CameraPos Name="sticker" InterestPosition="(6.662; 0.61; 1.865)" Position="(5.128; 1.651; 0.191)" Interior="true" FOV="32.0">

                    </CameraPos>
                    <CameraPos Name="door_r_sticker" InterestPosition="(6.582; 0.793; 1.174)" Position="(4.358; 1.478; 2.92)" Interior="true" FOV="32.0">

                    </CameraPos>
                    <CameraPos MaxYRotation="360" MaxZoom="2" Name="roof" InterestPosition="(5.474; 0.759; 0)" Position="(10.148; 3.473; -2.51)" MaxXRotation="360" FOV="32.0">

                    </CameraPos>
                    <CameraPos Name="glass_sticker" InterestPosition="(6.517; 1.8; -0.706)" Position="(8.821; 2.615; 0.877)" Interior="true" FOV="32.0">

                    </CameraPos>
                    <CameraPos MaxYRotation="360" MaxZoom="2" Name="hoods" InterestPosition="(5.569; 0.976; 0)" Position="(11.332; 1.526; -4.276)" MaxXRotation="360" FOV="32.0">

                    </CameraPos>
                    <CameraPos Name="sticker_2" InterestPosition="(6.662; 0.61; 1.935)" Position="(5.221; 1.595; 0.03)" Interior="true" FOV="32.0">

                    </CameraPos>
                    <CameraPos MaxYRotation="360" MaxZoom="2" Name="side_l" InterestPosition="(5.944; 0.759; 0)" Position="(9.22; 3.041; 3.401)" MaxXRotation="360" FOV="32.0">

                    </CameraPos>
                    <CameraPos Name="bubble_head" InterestPosition="(6.662; 1.073; 1.935)" Position="(5.317; 1.648; 0.102)" Interior="true" FOV="32.0">

                    </CameraPos>
                    <CameraPos MaxYRotation="360" MaxZoom="2" Name="wheels" InterestPosition="(5.421; 0.413; -0)" Position="(8.421; 0.885; -3.51)" MaxXRotation="360" FOV="32.0">

                    </CameraPos>
                    <CameraPos MaxYRotation="360" MaxZoom="2" Name="default" InterestPosition="(5.569; 0.976; 0)" Position="(11.332; 1.526; -4.276)" MaxXRotation="360" FOV="32.0">

                    </CameraPos>
                    <CameraPos MaxYRotation="360" MaxZoom="2" Name="rear" InterestPosition="(4.25; 0.956; 0)" Position="(-1.649; 1.683; 3.899)" MaxXRotation="360" FOV="32.0">

                    </CameraPos>
                    <CameraPos Name="door_l_sticker" InterestPosition="(5.384; 0.765; 0.362)" Position="(4.296; 1.361; -2.777)" Interior="true" FOV="32.0">

                    </CameraPos>
                    <CameraPos Name="hood_ornament" InterestPosition="(7.387; 1.219; -0.964)" Position="(8.544; 1.567; -0.964)" Interior="true" FOV="32.0">

                    </CameraPos>
              </CustomizationCameras>
              <UiDesc UiName="UI_VEHICLE_HUMMER_H2_NAME" UiDesc="UI_VEHICLE_HUMMER_H2_DESC" UiIconLogo="HummerLogo80" UiIcon40x40="scoutVehicleImg" UiIcon30x30="scoutVehicleImg30" UiIcon328x458="shopImgHummerH2">

              </UiDesc>
                    <AddonSockets DefaultAddon="hummer_h2_bumper_front_default">
                      <Socket Offset="(0; 0; 0)" Names="HummerH2FrontBumper" ParentFrame="BoneChassis_cdt">

                      </Socket>
                    </AddonSockets>
                    <AddonSockets DefaultAddon="hummer_h2_bumper_rear_default">
                      <Socket Offset="(0; 0; 0)" Names="HummerH2RearBumper" ParentFrame="BoneChassis_cdt">

                      </Socket>
                    </AddonSockets>
                    <AddonSockets>
                      <Socket Offset="(0; 0; 0)" Names="HummerH2Trunk, HummerH2SpareWheel" ParentFrame="BoneChassis_cdt">

                      </Socket>
                    </AddonSockets>
                    <AddonSockets>
                      <Socket Offset="(0; 0; 0)" Names="HummerH2TrunkRoof" ParentFrame="BoneChassis_cdt">

                      </Socket>
                    </AddonSockets>
                    <AddonSockets>
                      <Socket ParentFrame="BoneChassis_cdt" Offset="(0; 0; 0)" Names="HummerH2Roofrack" NamesBlock="HummerH2Spotlight, HummerH2Beacon">

                      </Socket>
                    </AddonSockets>
                    <AddonSockets>
                      <Socket Offset="(0; 0; 0)" Names="HummerH2Spotlight, HummerH2Spotlight2" ParentFrame="BoneChassis_cdt">

                      </Socket>
                    </AddonSockets>
                    <AddonSockets>
                      <Socket ParentFrame="BoneChassis_cdt" Offset="(0; 0; 0)" Names="HummerH2Beacon" NamesBlock="HummerH2Spotlight2">

                      </Socket>
                    </AddonSockets>
                    <AddonSockets>
                      <Socket Offset="(0; 0; 0)" Names="HummerH2Snorkel" ParentFrame="BoneChassis_cdt">

                      </Socket>
                    </AddonSockets>
                    <AddonSockets>
                      <Socket Offset="(0; 0; 0)" Names="HummerH2Visor" ParentFrame="BoneChassis_cdt">

                      </Socket>
                    </AddonSockets>
                    <AddonSockets>
                      <Socket Offset="(0; 0; 0)" Names="HummerH2Horn" ParentFrame="BoneChassis_cdt">

                      </Socket>
                    </AddonSockets>
                    <AddonSockets>
                      <Socket Offset="(-2.41; 0.74; 0)" Names="ScautTrailer" ParentFrame="BoneChassis_cdt">

                      </Socket>
                    </AddonSockets>
                    <AddonSockets DefaultAddon="hummer_h2_diff_lock_default">
                      <Socket Offset="(0; 0; 0)" Names="HummerH2DiffLock" ParentFrame="BoneChassis_cdt">

                      </Socket>
                    </AddonSockets>
                    <AddonSockets>
                      <Socket ParentFrame="BoneChassis_cdt" Offset="(1.009; 1.43; -0.506)" Names="StuffDashboard" InCockpit="true">

                      </Socket>
                    </AddonSockets>
                    <AddonSockets>
                      <Socket ParentFrame="BoneChassis_cdt" Offset="(0; 0; 0)" Names="hummerH2Sticker_1x1_01" InCockpit="true">

                      </Socket>
                    </AddonSockets>
                    <AddonSockets>
                      <Socket ParentFrame="BoneChassis_cdt" Offset="(0; 0; 0)" Names="hummerH2Sticker_1x1_02" InCockpit="true">

                      </Socket>
                    </AddonSockets>
                    <AddonSockets>
                      <Socket ParentFrame="BoneChassis_cdt" Offset="(0; 0; 0)" Names="hummerH2Sticker_1x1_03" InCockpit="true">

                      </Socket>
                    </AddonSockets>
                    <AddonSockets>
                      <Socket ParentFrame="BoneChassis_cdt" Offset="(0; 0; 0)" Names="hummerH2Sticker_1x2_01" InCockpit="true">

                      </Socket>
                    </AddonSockets>
                    <AddonSockets>
                      <Socket ParentFrame="BoneChassis_cdt" Offset="(0; 0; 0)" Names="hummerH2Sticker_1x2_02" InCockpit="true">

                      </Socket>
                    </AddonSockets>
                    <AddonSockets>
                      <Socket ParentFrame="BoneChassis_cdt" Offset="(0; 0; 0)" Names="hummerH2Sticker_1x4_01" InCockpit="true">

                      </Socket>
                    </AddonSockets>
                    <AddonSockets>
                      <Socket ParentFrame="BoneChassis_cdt" Offset="(0.964; 1.841; 0)" Names="StuffAirfreshener" InCockpit="true">

                      </Socket>
                    </AddonSockets>
                    <AddonSockets>
                      <Socket ParentFrame="BoneChassis_cdt" Names="hummerH2Sticker_GlassTop" InCockpit="true">

                      </Socket>
                    </AddonSockets>
                    <AddonSockets>
                      <Socket Names="hummerH2Sticker_Door_L" ParentFrame="BoneChassis_cdt">

                      </Socket>
                    </AddonSockets>
                    <AddonSockets>
                      <Socket Names="hummerH2Sticker_Door_R" ParentFrame="BoneChassis_cdt">

                      </Socket>
                    </AddonSockets>
                    <AddonSockets>
                      <Socket Names="StuffHoodHummerH2" ParentFrame="BoneChassis_cdt">

                      </Socket>
                    </AddonSockets>
                      <CraneSocket Pos="(2.51; 0.66; -0.398)">

                      </CraneSocket>
                      <CraneSocket Pos="(2.51; 0.66; 0.398)">

                      </CraneSocket>
                      <CraneSocket Pos="(0; 2; 0)">

                      </CraneSocket>
                      <CraneSocket Pos="(-2.365; 0.661; -0.532)">

                      </CraneSocket>
                      <CraneSocket Pos="(-2.365; 0.661; 0.532)">

                      </CraneSocket>
                      <CraneSocket Pos="(0.189; 0.505; 1.025)">

                      </CraneSocket>
                      <CraneSocket Pos="(0.189; 0.505; -1.025)">

                      </CraneSocket>
                        <WinchSocket Pos="(2.51; 0.66; -0.398)">

                        </WinchSocket>
                        <WinchSocket Pos="(2.51; 0.66; 0.398)">

                        </WinchSocket>
                        <WinchSocket Pos="(-2.365; 0.661; -0.532)">

                        </WinchSocket>
                        <WinchSocket Pos="(-2.365; 0.661; 0.532)">

                        </WinchSocket>
                        <WinchSocket Pos="(0.189; 0.505; 1.025)">

                        </WinchSocket>
                        <WinchSocket Pos="(0.189; 0.505; -1.025)">

                        </WinchSocket>
        </GameData>
        <PhysicsModel Mesh="trucks/hummer_h2">
                <Body CenterOfMassOffset="(0; 0; 0)" NetSync="pv" Mass="2000" ImpactType="Truck">
                      <Body NetSync="pv" CenterOfMassOffset="(-0.7; -0.4; 0)" ModelFrame="BoneChassis_cdt" Mass="1500" ImpactType="Truck">
                        <Constraint Type="Fixed">

                        </Constraint>
                      </Body>
                      <Body ModelFrame="BoneMirrorLeft_cdt" _template="SideMirror">
                        <Constraint AxisLocal="(0; 1; 0)">

                        </Constraint>
                      </Body>
                      <Body ModelFrame="BoneMirrorRight_cdt" _template="SideMirror">
                        <Constraint AxisLocal="(0; 1; 0)">

                        </Constraint>
                      </Body>
                      <Body ModelFrame="boneBelt1_cdt" Mass="1" Collisions="None">
                        <Constraint Type="Prismatic" MaxLimit="0.005" AxisLocal="(1; 0; 0)" MinLimit="-0.001">
                            <Motor Spring="200" Damping="30" Type="Spring">

                            </Motor>
                        </Constraint>
                      </Body>
                      <Body ModelFrame="boneBelt2_cdt" Mass="1" Collisions="None">
                        <Constraint Type="Prismatic" MaxLimit="0.03" AxisLocal="(0; 0; 1)" MinLimit="-0.03">
                            <Motor Spring="200" Damping="30" Type="Spring">

                            </Motor>
                        </Constraint>
                      </Body>
                      <Body ModelFrame="BoneAntenna_cdt" _template="Antenna">

                      </Body>
                </Body>
                <NetSync Legacy="false">

                </NetSync>
        </PhysicsModel>
        <Snorkel Origin="(2.547; 1.089; 0)">

        </Snorkel>
        <Landmark MaxScale="3.8" Mesh="landmarks/hummer_h2_lmk" MinScale="1.8">

        </Landmark>
        <AutomaticIK>
                      <IKBone ParentFrame="BoneRackRight" ModelFrame="BoneRackRHinge">
                          <IKJoint Type="Hinge2" AxisLocal="(0; 0; 1)">

                          </IKJoint>
                          <IKBone AttachToFrame="BoneRackLeft" AttachOffset="(0; 0; 0)" ModelFrame="BoneRackLPrismatic">
                                <IKJoint Type="Slider" AxisLocal="(0; 0; 1)">

                                </IKJoint>
                          </IKBone>
                      </IKBone>
        </AutomaticIK>
        <ModelAttachments>
                        <HeadLight>
                              <Flare Pos="(2.433; 1.096; -0.581)" _template="HeadLight" Color="g(255; 253; 246) x 0.37" Size="0.4">

                              </Flare>
                              <Flare Pos="(2.433; 1.096; 0.581)" _template="HeadLight" Color="g(255; 253; 246) x 0.37" Size="0.4">

                              </Flare>
                              <Flare Pos="(2.433; 1.096; -0.581)" _template="BlueStreak" Color="g(220; 220; 255) x 0.07" Size="0.7">

                              </Flare>
                              <Flare Pos="(2.433; 1.096; 0.581)" _template="BlueStreak" Color="g(220; 220; 255) x 0.07" Size="0.7">

                              </Flare>
                                <Model Org="(2.433; 1.096; -0.581)" _template="HeadLightRay">

                                </Model>
                                <Model Org="(2.433; 1.096; 0.581)" _template="HeadLightRay">

                                </Model>
                        </HeadLight>
                        <StopSignals>
                              <Light Pos="(-2.441; 1.243; 0)" _template="StopSignal">

                              </Light>
                                  <Flare Pos="(-2.2; 1.334; -0.81)" _template="StopSignal">

                                  </Flare>
                                  <Flare Pos="(-2.2; 1.334; 0.81)" _template="StopSignal">

                                  </Flare>
                        </StopSignals>
                        <Ignition>
                                  <Light Pos="(3; 0.4; 0.6)" Color="g(240; 200; 165) x 1.0" _template="IgnitionSignalWhite">

                                  </Light>
                                  <Light Pos="(3; 0.4; -0.6)" Color="g(240; 200; 165) x 1.0" _template="IgnitionSignalWhite">

                                  </Light>
                                  <Light Pos="(-2.441; 1.243; 0.6)" _template="IgnitionSignalRed">

                                  </Light>
                                  <Light Pos="(-2.441; 1.243; -0.6)" _template="IgnitionSignalRed">

                                  </Light>
                                    <Flare Pos="(2.462; 1.127; -0.58)" Color="g(255; 253; 246) x 0.37" _template="IgnitionSignalWhite">

                                    </Flare>
                                    <Flare Pos="(2.462; 1.127; 0.58)" Color="g(255; 253; 246) x 0.37" _template="IgnitionSignalWhite">

                                    </Flare>
                                    <Flare Pos="(-2.2; 1.315; 0.81)" Size="0.27" _template="IgnitionSignalRed">

                                    </Flare>
                                    <Flare Pos="(-2.2; 1.21; 0.816)" Size="0.12" _template="IgnitionSignalRed">

                                    </Flare>
                                    <Flare Pos="(-2.2; 1.315; -0.81)" Size="0.27" _template="IgnitionSignalRed">

                                    </Flare>
                                    <Flare Pos="(-2.2; 1.21; -0.816)" Size="0.12" _template="IgnitionSignalRed">

                                    </Flare>
                                    <Flare Pos="(2.166; 1.204; -0.985)" Dir="(0; 0; -1)" _template="IgnitionSignalOrange">

                                    </Flare>
                                    <Flare Pos="(2.166; 1.204; 0.985)" Dir="(0; 0; 1)" _template="IgnitionSignalOrange">

                                    </Flare>
                                    <Flare Pos="(-1.935; 1.321; -1.001)" Dir="(0; 0; -1)" _template="IgnitionSignalRedSmall">

                                    </Flare>
                                    <Flare Pos="(-1.935; 1.321; 1.001)" Dir="(0; 0; 1)" _template="IgnitionSignalRedSmall">

                                    </Flare>
                                    <Flare Pos="(-1.050; 1.993; 0.276)" Size="0.2" _template="MarkerBeacon">

                                    </Flare>
                                    <Flare Pos="(-1.050; 1.993; -0.276)" Size="0.2" _template="MarkerBeacon">

                                    </Flare>
                                    <Flare Pos="(-1.050; 1.993; 0)" Size="0.2" _template="MarkerBeacon">

                                    </Flare>
                                    <Flare Pos="(0.906; 1.993; 0.276)" Size="0.2" _template="MarkerBeacon">

                                    </Flare>
                                    <Flare Pos="(0.906; 1.993; -0.276)" Size="0.2" _template="MarkerBeacon">

                                    </Flare>
                                    <Flare Pos="(0.906; 1.993; 0)" Size="0.2" _template="MarkerBeacon">

                                    </Flare>
                                    <Flare Pos="(0.881; 1.996; -0.803)" _template="MarkerBeacon">

                                    </Flare>
                                    <Flare Pos="(0.881; 1.996; 0.803)" _template="MarkerBeacon">

                                    </Flare>
                                    <Flare Pos="(-1.083; 1.991; -0.803)" _template="MarkerBeacon">

                                    </Flare>
                                    <Flare Pos="(-1.083; 1.991; 0.803)" _template="MarkerBeacon">

                                    </Flare>
                                    <Flare Pos="(2.42; 1.119; -0.857)" Size="0.4" _template="Beacon">

                                    </Flare>
                                    <Flare Pos="(2.42; 1.119; 0.857)" Size="0.4" _template="Beacon">

                                    </Flare>
                        </Ignition>
                        <ReverseSignals>
                                    <Light OuterCone="160" Dir="(-1; -0.2; 0)" AttenEnd="2.0" InnerCone="120" Color="(80; 80; 80)" Pos="(-2.2; 1.136; -0.81)">

                                    </Light>
                                    <Light OuterCone="160" Dir="(-1; -0.2; 0)" AttenEnd="2.0" InnerCone="120" Color="(80; 80; 80)" Pos="(-2.2; 1.136; 0.81)">

                                    </Light>
                                      <Flare ColorMultAtDay="0.6" Dir="(-1; 0; 0)" AspectRatio="1.4" Size="1.2" Pos="(-2.2; 1.136; -0.81)" DirAngle="90" Color="g(200; 200; 200) x 0.4" Reflections="true">

                                      </Flare>
                                      <Flare Pos="(-2.2; 1.136; -0.81)" Dir="(-1; 0; 0)" _template="BlueStreak" Color="g(220; 220; 255) x 0.05" Size="0.4">

                                      </Flare>
                                      <Flare ColorMultAtDay="0.6" Dir="(-1; 0; 0)" AspectRatio="1.4" Size="1.2" Pos="(-2.2; 1.136; 0.81)" DirAngle="90" Color="g(200; 200; 200) x 0.4" Reflections="true">

                                      </Flare>
                                      <Flare Pos="(-2.2; 1.136; 0.81)" Dir="(-1; 0; 0)" _template="BlueStreak" Color="g(220; 220; 255) x 0.05" Size="0.4">

                                      </Flare>
                        </ReverseSignals>
        </ModelAttachments>
        <TruckData SteerSpeed="0.032" EngineStartDelay="1.8" EngineIconMesh="env/engine_small" TruckType="SCOUT" Responsiveness="0.6" BackSteerSpeed="0.15" TruckImage="hummerh2mchr" FuelCapacity="80" DiffLockType="Uninstalled" ExhaustStartTime="1.6" EngineIconScale="1.15">
                          <Driver Pos="(0.368; 1.048; 0.425)" AnimationSet="Scout" SteeringWheelPos="(0.674; 1.436; 0.418)">

                          </Driver>
                          <Wheels DefaultWheelType="wheels_scout_offroad2_hummer_h2" DefaultTire="tire1" DefaultRim="rim1">
                                  <Wheel Pos="(1.753; 0.424; 0.85)" _template="FrontWheel">

                                  </Wheel>
                                  <Wheel RightSide="true" Pos="(1.753; 0.424; 0.85)" _template="FrontWheel">

                                  </Wheel>
                                  <Wheel Pos="(-1.387; 0.424; 0.85)" _template="RearWheel">

                                  </Wheel>
                                  <Wheel RightSide="true" Pos="(-1.387; 0.424; 0.85)" _template="RearWheel">

                                  </Wheel>
                          </Wheels>
                          <SoundsDamage _template="Scout">

                          </SoundsDamage>
                          <OcclusionMap MinX="-2.85" Texture="trucks/occlusion/chassis_small__s_d_a.tga" HalfSizeZ="1.8" MaxX="2.6">

                          </OcclusionMap>
                          <FuelTank DamageCapacity="50">

                          </FuelTank>
                                      <CompatibleWheels Type="wheels_scout_offroad2_hummer_h2" Scale="0.46">

                                      </CompatibleWheels>
                                      <CompatibleWheels Type="wheels_scout1" Scale="0.45">

                                      </CompatibleWheels>
                                      <CompatibleWheels Type="wheels_scout2" Scale="0.45">

                                      </CompatibleWheels>
                                      <CompatibleWheels Type="wheels_scout2" Scale="0.5">

                                      </CompatibleWheels>
                          <EngineSocket Type="e_us_scout_modern" Default="us_scout_modern_engine_0">

                          </EngineSocket>
                          <SuspensionSocket Type="s_hummer_h2" MaxWheelRadiusWithoutSuspension="0.38" Default="hummer_h2_suspension_default">

                          </SuspensionSocket>
                          <Dashboard>
                                                <Gauge InputRange="(0;1)" Dir="(-0.887; 0.462; 0.008)" InputType="engineEnabled" Org="(0.968; 1.365; 0.583)" Damping="0.9995" Mesh="trucks/arrows/hummer_h2_arrow_01" OutputAngles="(-85;-30)">

                                                </Gauge>
                                                <Gauge InputRange="(0;1)" Dir="(-0.899; 0.436; 0.035)" InputType="rpm" Org="(0.975; 1.392; 0.504)" Damping="0.9" Mesh="trucks/arrows/hummer_h2_arrow_03" OutputAngles="(-110;30)">

                                                </Gauge>
                                                <Gauge InputRange="(0;160)" Dir="(-0.895; 0.446; -0.011)" InputType="speed" Org="(0.992; 1.421; 0.415)" Damping="0.9" Mesh="trucks/arrows/hummer_h2_arrow_02" OutputAngles="(-110;110)">

                                                </Gauge>
                                                <Gauge InputRange="(0;1)" Dir="(-0.894; 0.447; -0.019)" InputType="engineEnabled" Org="(0.99; 1.409; 0.314)" Damping="0.9" Mesh="trucks/arrows/hummer_h2_arrow_01" OutputAngles="(-40;10)">

                                                </Gauge>
                                                <Gauge InputRange="(0;1)" Dir="(-0.894; 0.447; -0.019)" InputType="fuel" Org="(0.972; 1.376; 0.315)" Damping="0.9" Mesh="trucks/arrows/hummer_h2_arrow_01" OutputAngles="(-40;40)">

                                                </Gauge>
                                                <Gauge InputRange="(0;1)" Dir="(-0.897; 0.442; -0.009)" InputType="engineEnabled" Org="(0.984; 1.398; 0.254)" Damping="0.9" Mesh="trucks/arrows/hummer_h2_arrow_01" OutputAngles="(-40;0)">

                                                </Gauge>
                                                <Gauge InputRange="(0;1)" Dir="(-0.897; 0.442; -0.009)" InputType="engineEnabled" Org="(0.968; 1.365; 0.256)" Damping="0.9993" Mesh="trucks/arrows/hummer_h2_arrow_01" OutputAngles="(-40;0)">

                                                </Gauge>
                          </Dashboard>
                          <Axles>
                                                  <Axle Frame="BoneAxleRear">

                                                  </Axle>
                                                  <Axle Frame="BoneAxleFrontR" IsIndependent="true">

                                                  </Axle>
                                                  <Axle Frame="BoneAxleFrontL" IsIndependent="true">

                                                  </Axle>
                          </Axles>
                          <Camera Center="(-1.2; 0; 0)" RadiusMultiplier="0.8">
                                                  <Cockpit WindshieldDiffuseTexture="trucks/hummer_h2_glass__d_a.tga" _template="Default" WindshieldShadingTexture="trucks/hummer_h2_glass__sh_d.tga" ViewPos="(0.312; 1.737; 0.418)">
                                                      <Rear HorTransitionEnd="-1.2" ViewPosOffset="(0.2; -0.1; 0.55)" HorTransitionStart="-1.1">

                                                      </Rear>
                                                          <Mirror FOVScale="1.5" ClipDir="(-0.927; 0; -0.375)" MeshFrame="mirror_left" Pos="(0.889; 1.526; 1.152)" Size="(0.218; 0.141)" ReflectionDir="(-0.927; 0; -0.375)">

                                                          </Mirror>
                                                          <Mirror FOVScale="1.5" ClipDir="(-0.839; 0; 0.545)" MeshFrame="mirror_right" Pos="(0.872; 1.526; -1.136)" Size="(0.218; 0.141)" ReflectionDir="(-0.839; 0; 0.545)">

                                                          </Mirror>
                                                          <Mirror FOVScale="1.5" ClipDir="(-0.92; -0.218; 0.327)" MeshFrame="hp_mirror" Pos="(0.913; 1.813; 0.014)" ReflectionDir="(-0.946; -0.086; 0.312)" Size="(0.298; 0.079)" ClipOffset="0.1">

                                                          </Mirror>
                                                  </Cockpit>
                          </Camera>
                          <Exhaust IsLight="true" Dir="(-0.446; -0.895; -0)" Speed="2.0" Origin="(-1.818; 0.566; -0.247)">

                          </Exhaust>
                          <Sounds _template="Default" Origin="(1.7; 1.060; 0)" MinDist="8.0" DisableReversePitch="false">
                                                      <Reverse Sound="trucks/hummer_h2/hummer_h2_reverse">

                                                      </Reverse>
                                                      <EngineHeavy_2d IsSound2D="true" Sound="trucks/hummer_h2/hummer_h2_heavy_2d">

                                                      </EngineHeavy_2d>
                                                      <EngineLow Sound="trucks/hummer_h2/hummer_h2_low">

                                                      </EngineLow>
                                                      <BrakePull Sound="">

                                                      </BrakePull>
                                                      <EngineHigh Sound="trucks/hummer_h2/hummer_h2_high">

                                                      </EngineHigh>
                                                      <HandbrakeOff Sound="trucks/hummer_h2/hummer_h2_handbrake_off">

                                                      </HandbrakeOff>
                                                      <Gear Sound="trucks/common/truck_gear_shift_light_rnd_set/truck_gear_shift_light_rnd">

                                                      </Gear>
                                                      <ChassisStress Sound="trucks/hummer_h2/hummer_h2_chassis">

                                                      </ChassisStress>
                                                      <AbruptStop Sound="">

                                                      </AbruptStop>
                                                      <EngineHeavy Sound="trucks/hummer_h2/hummer_h2_heavy">

                                                      </EngineHeavy>
                                                      <EngineRev Sound="">

                                                      </EngineRev>
                                                      <AWD Sound="trucks/hummer_h2/hummer_h2_awd">

                                                      </AWD>
                                                      <EngineLow_2d IsSound2D="true" Sound="trucks/hummer_h2/hummer_h2_low_2d">

                                                      </EngineLow_2d>
                                                      <EngineHigh_2d IsSound2D="true" Sound="trucks/hummer_h2/hummer_h2_high_2d">

                                                      </EngineHigh_2d>
                                                      <EngineIdle Sound="trucks/hummer_h2/hummer_h2_idle">

                                                      </EngineIdle>
                                                      <EngineIdle_2d IsSound2D="true" Sound="trucks/hummer_h2/hummer_h2_idle_2d">

                                                      </EngineIdle_2d>
                                                      <EngineStart Sound="trucks/hummer_h2/hummer_h2_start">

                                                      </EngineStart>
                                                      <Handbrake Sound="trucks/hummer_h2/hummer_h2_handbrake_on">

                                                      </Handbrake>
                                                      <BrakeRelease Sound="">

                                                      </BrakeRelease>
                                                      <GearFail Sound="trucks/common/truck_gear_wrong/truck_gear_wrong_small_modern">

                                                      </GearFail>
                                                      <EngineAccel Sound="trucks/hummer_h2/hummer_h2_acc">

                                                      </EngineAccel>
                                                      <EngineStop Sound="trucks/hummer_h2/hummer_h2_stop">

                                                      </EngineStop>
                                                      <BrakesSqueal Sound="trucks/hummer_h2/hummer_h2_brakes_squeal">

                                                      </BrakesSqueal>
                                                      <Honk Sound="trucks/hummer_h2/hummer_h2_honk">

                                                      </Honk>
                          </Sounds>
                          <GearboxSocket Type="gearboxes_scouts" Default="g_scout_default">

                          </GearboxSocket>
                          <Steam Origin="(1.753; 0.9; 0)">

                          </Steam>
                          <WinchUpgradeSocket Type="winches_scouts" Default="w_scout_default" IsUpgradable="true">

                          </WinchUpgradeSocket>
                          <SteeringRack Frame="BoneRack" RackHalfSizeZ="11.35" FrameSteerLeft="BoneRackLeft" FrameSteerRight="BoneRackRight">

                          </SteeringRack>
                          <SteeringWheel Frame="BoneSteering">

                          </SteeringWheel>
                          <SoundsWheels _template="Default">

                          </SoundsWheels>
                          <Damage>
                                                                      <DamageArea Min="(1.2; 0.55; -0.5)" ParentFrame="BoneChassis_cdt" Max="(2.5; 1.5; 0.5)" Type="Engine">

                                                                      </DamageArea>
                                                                      <DamageArea Min="(-0.8; 0.3; -0.8)" ParentFrame="BoneChassis_cdt" Max="(1.1; 0.6; 0.8)" Type="FuelTank">

                                                                      </DamageArea>
                          </Damage>
                          <Shafts>
                                                                        <Shaft SocketPointA="Shaft1a" Mesh="env/minishaft" SocketPointB="Shaft1b">

                                                                        </Shaft>
                                                                        <Shaft SocketPointA="Shaft2a" Mesh="env/minishaft" SocketPointB="Shaft2b">

                                                                        </Shaft>
                          </Shafts>
        </TruckData>
  </Truck>