  <_templates Include="trucks">
      <Wheel>
          <RearWheel Location="rear" ConnectedToHandbrake="true" Torque="default">

          </RearWheel>
          <FrontWheel ParentFrame="BoneCabin_cdt" SteeringAngle="40" Location="front" SteeringJointOffset="0.25" Torque="full" SteeringCastor="0">

          </FrontWheel>
      </Wheel>
      <Body>
            <BoneSunshield Mass="2" Collisions="None">
                <Constraint Type="Hinge" MaxLimit="5" AxisLocal="(0; 0; 1)" MinLimit="-2">
                    <Motor Spring="20" Damping="0.2" Type="Spring">

                    </Motor>
                </Constraint>
            </BoneSunshield>
            <Mudguard Mass="2.5" Collisions="None">
                  <Constraint Type="Hinge">
                      <Motor Spring="10" Damping="1" Type="Spring">

                      </Motor>
                  </Constraint>
            </Mudguard>
      </Body>
  </_templates>
  <Truck>
        <HeadLight Pos="(3.25; 0.535; 0)" ParentFrame="BoneCabin_cdt" _template="Default">

        </HeadLight>
        <GameData UnlockByExploration="false" Price="63400" UnlockByRank="1" Country="US">
              <CustomizationCameras>
                    <CameraPos Name="roof_sticker" InterestPosition="(3.063; 0.409; 0.035)" Position="(6.369; 4.756; -0.739)" Interior="true" FOV="32.0">

                    </CameraPos>
                    <CameraPos Name="sticker_1" InterestPosition="(5.888; 3.28; 1.296)" Position="(4.468; 2.525; -0.512)" Interior="true" FOV="32.0">

                    </CameraPos>
                    <CameraPos MaxYRotation="360" MaxZoom="2" Name="addon_1" InterestPosition="(-0.405; 2.05; -0)" Position="(-9.463; 4.013; 6.741)" MaxXRotation="360" FOV="32.0">

                    </CameraPos>
                    <CameraPos MaxYRotation="360" MaxZoom="2" Name="addon_2" InterestPosition="(5.849; 1.487; 0)" Position="(8.761; 3.371; 3.758)" MaxXRotation="360" FOV="32.0">

                    </CameraPos>
                    <CameraPos Name="mirror_mount" InterestPosition="(5.888; 2.576; 1.435)" Position="(4.223; 2.608; -0.586)" Interior="true" FOV="32.0">

                    </CameraPos>
                    <CameraPos MaxYRotation="360" MaxZoom="2" Name="side_r" InterestPosition="(4.764; 1.644; -0)" Position="(-0.24; 4.055; -4.516)" MaxXRotation="360" FOV="32.0">

                    </CameraPos>
                    <CameraPos Name="sticker" InterestPosition="(5.888; 1.519; 2.064)" Position="(4.462; 2.484; 0.065)" Interior="true" FOV="32.0">

                    </CameraPos>
                    <CameraPos Name="glass_sticker" InterestPosition="(4.065; 1.994; -1.299)" Position="(7.707; 3.387; 1.273)" Interior="true" FOV="32.0">

                    </CameraPos>
                    <CameraPos MaxYRotation="360" MaxZoom="2" Name="roof" InterestPosition="(4.213; 2.014; -0)" Position="(9.246; 4.096; -2.065)" MaxXRotation="360" FOV="32.0">

                    </CameraPos>
                    <CameraPos Name="capote_sticker" InterestPosition="(3.864; -0.093; 0.579)" Position="(8.565; 4.067; -1.164)" Interior="true" FOV="32.0">

                    </CameraPos>
                    <CameraPos MaxYRotation="360" MaxZoom="2" Name="hoods" InterestPosition="(5.275; 1.623; 0)" Position="(12.823; 1.44; -4.73)" MaxXRotation="360" FOV="32.0">

                    </CameraPos>
                    <CameraPos Name="sticker_2" InterestPosition="(5.888; 1.041; 0.893)" Position="(4.742; 2.656; -0.595)" Interior="true" FOV="32.0">

                    </CameraPos>
                    <CameraPos MaxYRotation="360" MaxZoom="2" Name="side_l" InterestPosition="(3.034; 0.721; 0)" Position="(1.229; 2.648; -3.37)" MaxXRotation="360" FOV="32.0">

                    </CameraPos>
                    <CameraPos Name="bubble_head" InterestPosition="(5.888; 1.947; 1.435)" Position="(4.517; 2.537; -0.189)" Interior="true" FOV="32.0">

                    </CameraPos>
                    <CameraPos MaxYRotation="360" MaxZoom="2" Name="wheels" InterestPosition="(4.756; 1.133; -0)" Position="(-4.539; 2.191; -5.755)" MaxXRotation="360" FOV="32.0">

                    </CameraPos>
                    <CameraPos MaxYRotation="360" MaxZoom="2" Name="default" InterestPosition="(5.275; 1.623; 0)" Position="(12.823; 1.44; -4.73)" MaxXRotation="360" FOV="32.0">

                    </CameraPos>
                    <CameraPos MaxYRotation="360" MaxZoom="2" Name="rear" InterestPosition="(-0.074; 1.102; -0)" Position="(-5.876; 2.065; 4.05)" MaxXRotation="360" FOV="32.0">

                    </CameraPos>
                    <CameraPos Name="door_l_sticker" InterestPosition="(8.039; 1.412; 3.363)" Position="(3.593; 1.99; -2.661)" Interior="true" FOV="32.0">

                    </CameraPos>
              </CustomizationCameras>
              <UiDesc UiName="UI_VEHICLE_INTERNATIONAL_PAYSTAR_5070_NAME" UiDesc="UI_VEHICLE_INTERNATIONAL_PAYSTAR_5070_DESC" UiIconLogo="InternationalNavistarLogo80" UiIcon40x40="offroadVehicleImg" UiIcon30x30="offroadVehicleImg30" UiIcon328x458="shopImgInternationalPaystar5070">

              </UiDesc>
                    <AddonSockets>
                      <Socket Offset="(0; 0; 0)" Names="InternationalPaystar5070SpareWheel" ParentFrame="BoneChassis_cdt">
                          <ExtraParent Frame="BoneCabin_cdt">

                          </ExtraParent>
                      </Socket>
                    </AddonSockets>
                    <AddonSockets>
                        <Socket Offset="(-2.9; 1.7; 0)" Names="LargeSemitrailer, LargeSemitrailerOiltank">

                        </Socket>
                        <Socket Offset="(-3.734; 1.53; 0)" Names="Semitrailer, SemitrailerOiltank">

                        </Socket>
                        <Socket Offset="(-5.35; 0.9; 0)" Names="Trailer">

                        </Socket>
                    </AddonSockets>
                    <AddonSockets>
                      <AddonSockets>

                      </AddonSockets>
                          <Socket Offset="(-0.433; 1.235; 0)" Names="LogLift" NamesBlock="MetalDetector, MinicraneUS">
                              <AddonsShift Offset="(-0.7; 0; 0)" Types="InternationalPaystar5070CabinProtector">

                              </AddonsShift>
                              <AddonsShift Offset="(-0.7; 0; 0)" Types="InternationalPaystar5070SpareWheel">

                              </AddonsShift>
                              <AddonsShift Offset="(0.7; 0; 0)" Types="InternationalPaystar5070SpareWheel, InternationalPaystar5070CabinProtector">

                              </AddonsShift>
                          </Socket>
                          <Socket Offset="(-6.86; 1.234; 0)" Names="BunkLog" NamesBlock="MinicraneUS, MetalDetector">

                          </Socket>
                          <Socket Offset="(-2.76; 1.231; 0)" Names="FrameAddonLogShort" NamesBlock="MinicraneUS, MetalDetector, InternationalPaystar5070CabinProtector">

                          </Socket>
                          <Socket Offset="(-2.76; 1.231; 0)" Names="FrameAddonLogMedium" NamesBlock="MinicraneUS, MetalDetector, InternationalPaystar5070CabinProtector">

                          </Socket>
                          <Socket Offset="(-3.734; 1.21; 0)" Names="SaddleLow">

                          </Socket>
                          <Socket Offset="(-2.9; 1.21; 0)" Names="SaddleHigh">

                          </Socket>
                          <Socket Offset="(-2.05; 1.23; 0)" Names="FrameAddonTowPlatform" NamesBlock="MinicraneUS, MetalDetector, InternationalPaystar5070CabinProtector, Trailer">

                          </Socket>
                          <Socket Offset="(-2.7; 1.23; 0)" Names="FrameAddon" ParentFrame="BoneChassis_cdt">
                              <AddonsShift Offset="(-0.93; 0; 0)" Types="MinicraneUS">

                              </AddonsShift>
                              <AddonsShift Offset="(-0.91; 0; 0)" Types="InternationalPaystar5070CabinProtector">

                              </AddonsShift>
                          </Socket>
                          <Socket ParentFrame="BoneChassis_cdt" Offset="(-3.3; 1.3; 0)" Names="FrameAddonKung" NamesBlock="InternationalPaystar5070CabinProtector">
                              <ExtraParent Offset="(0; 0; -0.1)" Frame="BoneChassis_cdt">

                              </ExtraParent>
                              <ExtraParent Offset="(0; 0; 0.1)" Frame="BoneChassis_cdt">

                              </ExtraParent>
                          </Socket>
                          <Socket ParentFrame="BoneChassis_cdt" Offset="(-3.46; 1.23; 0)" Names="FrameAddonTank" NamesBlock="InternationalPaystar5070CabinProtector">

                          </Socket>
                          <Socket Offset="(-3.182; 1.247; 0)" Names="BigCraneUs" NamesBlock="MinicraneUS, Semitrailer, InternationalPaystar5070CabinProtector">

                          </Socket>
                          <Socket ParentFrame="BoneChassis_cdt" Offset="(-0.68; 1.231; 0)" Names="FrameAddonSeismicVibrator" NamesBlock="MinicraneUS, Trailer, InternationalPaystar5070CabinProtector">

                          </Socket>
                          <Socket ParentFrame="BoneChassis_cdt" Offset="(-3.4; 0.2; 0)" Names="FrameAddonMaintainer" NamesBlock="Trailer, MinicraneUS, InternationalPaystar5070CabinProtector">

                          </Socket>
                    </AddonSockets>
                    <AddonSockets>
                        <Socket ParentFrame="BoneChassis_cdt" Offset="(-1.864; 0.178; 0)" Names="MetalDetector" NamesBlock="SemitrailerOiltank, InternationalPaystar5070SpareWheel, FrameAddonKung, FrameAddonTank, FrameAddonSeismicVibrator, FrameAddonMaintainer, FrameAddon, BigCraneUs, BigCraneRu, SaddleHigh">

                        </Socket>
                        <Socket Offset="(-0.73; 1.23; 0)" Names="MinicraneUS" NamesBlock="FrameAddonKung, FrameAddonTank, InternationalPaystar5070CabinProtector">
                            <ExtraParent Offset="(0; 0; -0.025)" Frame="BoneChassis_cdt">

                            </ExtraParent>
                            <ExtraParent Offset="(0; 0; 0.025)" Frame="BoneChassis_cdt">

                            </ExtraParent>
                        </Socket>
                    </AddonSockets>
                    <AddonSockets DefaultAddon="international_paystar_5070_bumper_default">
                      <Socket Offset="(0; 0; 0)" Names="InternationalPaystar5070Bumper" ParentFrame="BoneCabin_cdt">

                      </Socket>
                    </AddonSockets>
                    <AddonSockets DefaultAddon="international_paystar_5070_exhaust_default">
                      <Socket Offset="(0; 0; 0)" Names="InternationalPaystar5070Exhaust" ParentFrame="BoneCabin_cdt">

                      </Socket>
                    </AddonSockets>
                    <AddonSockets DefaultAddon="international_paystar_5070_fender_default">
                      <Socket Offset="(0; 0; 0)" Names="InternationalPaystar5070Fender" ParentFrame="BoneChassis_cdt">

                      </Socket>
                    </AddonSockets>
                    <AddonSockets DefaultAddon="international_paystar_5070_diff_lock_default">
                      <Socket Offset="(0; 0; 0)" Names="international_paystar_5070DiffLock" ParentFrame="BoneChassis_cdt">

                      </Socket>
                    </AddonSockets>
                    <AddonSockets DefaultAddon="international_paystar_5070_horn_default">
                      <Socket Offset="(0; 0; 0)" Names="InternationalPaystar5070Horn" ParentFrame="BoneCabin_cdt">

                      </Socket>
                    </AddonSockets>
                    <AddonSockets DefaultAddon="international_paystar_5070_gabarite_default">
                      <Socket Offset="(0; 0; 0)" Names="InternationalPaystar5070Gabarite" ParentFrame="BoneCabin_cdt">

                      </Socket>
                    </AddonSockets>
                    <AddonSockets>
                      <Socket Offset="(0; 0; 0)" Names="InternationalPaystar5070Visor" ParentFrame="BoneCabin_cdt">

                      </Socket>
                    </AddonSockets>
                    <AddonSockets>
                      <Socket Offset="(0; 0; 0)" Names="InternationalPaystar5070Beacon" ParentFrame="BoneCabin_cdt">

                      </Socket>
                    </AddonSockets>
                    <AddonSockets>
                      <Socket Offset="(0; 0; 0)" Names="InternationalPaystar5070CabinProtector" ParentFrame="BoneCabin_cdt">

                      </Socket>
                    </AddonSockets>
                    <AddonSockets>
                      <Socket Offset="(0; 0; 0)" Names="InternationalPaystar5070Snorkel" ParentFrame="BoneCabin_cdt">

                      </Socket>
                    </AddonSockets>
                    <AddonSockets>
                      <Socket ParentFrame="BoneCabin_cdt" Offset="(1.118; 2.278; -0.138)" Names="StuffDashboard" InCockpit="true">

                      </Socket>
                    </AddonSockets>
                    <AddonSockets>
                      <Socket ParentFrame="BoneCabin_cdt" Names="internationalPaystar5070Sticker_1x1_01" InCockpit="true">

                      </Socket>
                    </AddonSockets>
                    <AddonSockets>
                      <Socket ParentFrame="BoneCabin_cdt" Names="internationalPaystar5070Sticker_1x1_02" InCockpit="true">

                      </Socket>
                    </AddonSockets>
                    <AddonSockets>
                      <Socket ParentFrame="BoneCabin_cdt" Names="internationalPaystar5070Sticker_1x1_03" InCockpit="true">

                      </Socket>
                    </AddonSockets>
                    <AddonSockets>
                      <Socket ParentFrame="BoneCabin_cdt" Names="internationalPaystar5070Sticker_1x2_01" InCockpit="true">

                      </Socket>
                    </AddonSockets>
                    <AddonSockets>
                      <Socket ParentFrame="BoneCabin_cdt" Names="internationalPaystar5070Sticker_1x2_02" InCockpit="true">

                      </Socket>
                    </AddonSockets>
                    <AddonSockets>
                      <Socket ParentFrame="BoneCabin_cdt" Names="internationalPaystar5070Sticker_1x2_03" InCockpit="true">

                      </Socket>
                    </AddonSockets>
                    <AddonSockets>
                      <Socket ParentFrame="BoneCabin_cdt" Names="internationalPaystar5070Sticker_GlassTop" InCockpit="true">

                      </Socket>
                    </AddonSockets>
                    <AddonSockets>
                      <Socket ParentFrame="BoneCabin_cdt" Names="internationalPaystar5070Sticker_GlassBottom" InCockpit="true">

                      </Socket>
                    </AddonSockets>
                    <AddonSockets>
                      <Socket Names="internationalPaystar5070Sticker_Door_L" ParentFrame="BoneCabin_cdt">

                      </Socket>
                    </AddonSockets>
                    <AddonSockets>
                      <Socket Names="internationalPaystar5070Sticker_Roof" ParentFrame="BoneCabin_cdt">

                      </Socket>
                    </AddonSockets>
                    <AddonSockets>
                      <Socket Names="internationalPaystar5070Sticker_Capote" ParentFrame="BoneCabin_cdt">

                      </Socket>
                    </AddonSockets>
                    <AddonSockets>
                      <Socket ParentFrame="BoneCabin_cdt" Offset="(1.092; 2.789; 0.038)" Names="StuffAirfreshener" InCockpit="true">

                      </Socket>
                    </AddonSockets>
                      <CraneSocket Pos="(3.067; 1.022; 0)" ParentFrame="BoneCabin_cdt">

                      </CraneSocket>
                      <CraneSocket Pos="(-5.288; 0.9; 0)">

                      </CraneSocket>
                      <CraneSocket Pos="(-0.894; 1.076; -0.483)">

                      </CraneSocket>
                      <CraneSocket Pos="(-0.894; 1.076; 0.483)">

                      </CraneSocket>
                        <WinchSocket Pos="(3.067; 1.022; 0)" ParentFrame="BoneCabin_cdt">

                        </WinchSocket>
                        <WinchSocket Pos="(-5.288; 0.9; 0)">

                        </WinchSocket>
                        <WinchSocket Pos="(-0.894; 1.076; -0.483)">

                        </WinchSocket>
                        <WinchSocket Pos="(-0.894; 1.076; 0.483)">

                        </WinchSocket>
        </GameData>
        <PhysicsModel Mesh="trucks/international_paystar_5070">
                <Body NetSync="pv" CenterOfMassOffset="(-0.3; 0; 0)" ModelFrame="BoneChassis_cdt" Mass="5000" ImpactType="Truck">
                    <Body NetSync="pv" CenterOfMassOffset="(-0.5; 0; 0)" ModelFrame="BoneCabin_cdt" Mass="4000" ImpactType="Truck">
                        <Constraint Type="Hinge" MaxLimit="22" AxisLocal="(1; 0; 0)" MinLimit="-22" PivotOffset="(0; 0; 0)">
                            <Motor Spring="600000" Damping="0.001" Type="Spring">

                            </Motor>
                        </Constraint>
                            <Body ModelFrame="BoneTieRod_L_cdt" _template="TieRod">
                              <Constraint MaxLimit="30" AxisLocal="(0; 0; 1)" MinLimit="-30" Name="TieRodSteerL">

                              </Constraint>
                            </Body>
                            <Body ModelFrame="BoneTieRod_R_cdt" _template="TieRod">
                              <Constraint MaxLimit="30" AxisLocal="(0; 0; 1)" MinLimit="-30" Name="TieRodSteerR">

                              </Constraint>
                            </Body>
                            <Body ModelFrame="BoneLeftMudguard_cdt" _template="Mudguard">
                              <Constraint MinLimit="-20" MaxLimit="15" AxisLocal="(0; 0; 1)">

                              </Constraint>
                            </Body>
                            <Body ModelFrame="BoneRightMudguard_cdt" _template="Mudguard">
                              <Constraint MinLimit="-6" MaxLimit="15" AxisLocal="(0; 0; 1)">

                              </Constraint>
                            </Body>
                            <Body ModelFrame="BoneMirrorLeft_cdt" _template="SideMirror">
                              <Constraint MinLimit="-10" MaxLimit="10" AxisLocal="(0; 1; 0)">
                                  <Motor Spring="40" Damping="0.5" Type="Spring">

                                  </Motor>
                              </Constraint>
                            </Body>
                            <Body ModelFrame="BoneMirrorRight_cdt" _template="SideMirror">
                              <Constraint MinLimit="-10" MaxLimit="10" AxisLocal="(0; 1; 0)">
                                  <Motor Spring="40" Damping="0.5" Type="Spring">

                                  </Motor>
                              </Constraint>
                            </Body>
                            <Body ModelFrame="BoneSunshieldLeft_cdt" AngularDamping="2" _template="BoneSunshield">

                            </Body>
                            <Body ModelFrame="BoneSunshieldRight_cdt" AngularDamping="2" _template="BoneSunshield">
                              <Constraint MaxLimit="5" MinLimit="-5">

                              </Constraint>
                            </Body>
                    </Body>
                </Body>
                <NetSync Legacy="false">

                </NetSync>
        </PhysicsModel>
        <ControlledConstraints>
                    <Constraint IsLinkedSteering="true" Id="chassis_steer" Name="TieRodSteerL">

                    </Constraint>
                    <Constraint IsLinkedSteering="true" Id="chassis_steer" Name="TieRodSteerR">

                    </Constraint>
        </ControlledConstraints>
        <ModelAttachments>
                    <HeadLight>
                          <Flare Pos="(2.478; 1.406; 0.912)" ParentFrame="BoneCabin_cdt" _template="HeadLight">

                          </Flare>
                          <Flare Pos="(2.478; 1.406; -0.912)" ParentFrame="BoneCabin_cdt" _template="HeadLight">

                          </Flare>
                          <Flare Pos="(2.478; 1.406; 0.912)" ParentFrame="BoneCabin_cdt" _template="BlueStreak">

                          </Flare>
                          <Flare Pos="(2.478; 1.406; -0.912)" ParentFrame="BoneCabin_cdt" _template="BlueStreak">

                          </Flare>
                            <Model Org="(2.478; 1.406; 0.912)" ParentFrame="BoneCabin_cdt" _template="HeadLightRay">

                            </Model>
                            <Model Org="(2.478; 1.406; -0.912)" ParentFrame="BoneCabin_cdt" _template="HeadLightRay">

                            </Model>
                    </HeadLight>
                    <StopSignals>
                          <Light Pos="(-5.283; 1.076; 0)" _template="StopSignal">

                          </Light>
                              <Flare Pos="(-5.204; 1.1; -0.697)" Size="0.8" _template="StopSignal">

                              </Flare>
                              <Flare Pos="(-5.204; 1.1; 0.697)" Size="0.8" _template="StopSignal">

                              </Flare>
                    </StopSignals>
                    <Ignition>
                              <Light Pos="(3.25; 1.013; 0.9)" _template="IgnitionSignalWhite">

                              </Light>
                              <Light Pos="(3.25; 1.013; -0.9)" _template="IgnitionSignalWhite">

                              </Light>
                              <Light Pos="(-5.23; 1.050; 0)" _template="IgnitionSignalRed">

                              </Light>
                                <Flare Pos="(2.39; 1.681; 1.005)" _template="Beacon" Size="0.6" ParentFrame="BoneCabin_cdt">

                                </Flare>
                                <Flare Pos="(2.39; 1.681; -1.005)" _template="Beacon" Size="0.6" ParentFrame="BoneCabin_cdt">

                                </Flare>
                                <Flare Pos="(2.395; 1.171; -1.198)" _template="Beacon" Size="0.2" ParentFrame="BoneCabin_cdt">

                                </Flare>
                                <Flare Pos="(2.395; 1.171; 1.198)" _template="Beacon" Size="0.2" ParentFrame="BoneCabin_cdt">

                                </Flare>
                                <Flare Pos="(-5.206; 1.08; 0.697)" _template="IgnitionSignalRed">

                                </Flare>
                                <Flare Pos="(-5.206; 1.08; -0.697)" _template="IgnitionSignalRed">

                                </Flare>
                                <Flare Pos="(2.532; 1.406; -0.912)" _template="IgnitionSignalWhite" ParentFrame="BoneCabin_cdt" DirAngle="120">

                                </Flare>
                                <Flare Pos="(2.532; 1.406; 0.912)" _template="IgnitionSignalWhite" ParentFrame="BoneCabin_cdt" DirAngle="120">

                                </Flare>
                    </Ignition>
                    <ReverseSignals>
                                <Light Pos="(-5.204; 1.164; 0.697)" _template="ReverseSignal">

                                </Light>
                                <Light Pos="(-5.204; 1.164; -0.697)" _template="ReverseSignal">

                                </Light>
                                  <Flare Pos="(-5.204; 1.164; 0.697)" Size="0.7" _template="ReverseSignal">

                                  </Flare>
                                  <Flare Pos="(-5.204; 1.164; -0.697)" Size="0.7" _template="ReverseSignal">

                                  </Flare>
                                  <Flare Pos="(-5.22; 1.164; 0.697)" Dir="(-1; 0; 0)" _template="BlueStreak" Color="g(220; 220; 255) x 0.05" Size="0.4">

                                  </Flare>
                                  <Flare Pos="(-5.22; 1.164; -0.697)" Dir="(-1; 0; 0)" _template="BlueStreak" Color="g(220; 220; 255) x 0.05" Size="0.4">

                                  </Flare>
                    </ReverseSignals>
        </ModelAttachments>
        <Landmark MaxScale="3.8" Mesh="landmarks/international_paystar_5070_lmk" MinScale="1.8">

        </Landmark>
        <AutomaticIK>
                          <IKBone ParentFrame="BoneTieRod_L_cdt" ModelFrame="BoneTieRodHinge2_L">
                            <IKJoint Type="Hinge2" AxisLocal="(1; 0; 0)">

                            </IKJoint>
                            <IKBone AttachToFrame="BoneRackLeft" AttachOffset="(0; 0; 0)" ModelFrame="BoneTieRodPrismatic_L">
                                  <IKJoint Type="Slider" AxisLocal="(1; 0; 0)">

                                  </IKJoint>
                            </IKBone>
                          </IKBone>
                          <IKBone ParentFrame="BoneTieRod_R_cdt" ModelFrame="BoneTieRodHinge2_R">
                            <IKJoint Type="Hinge2" AxisLocal="(1; 0; 0)">

                            </IKJoint>
                            <IKBone AttachToFrame="BoneRackRight" AttachOffset="(0; 0; 0)" ModelFrame="BoneTieRodPrismatic_R">
                                  <IKJoint Type="Slider" AxisLocal="(1; 0; 0)">

                                  </IKJoint>
                            </IKBone>
                          </IKBone>
        </AutomaticIK>
        <TruckData SteerSpeed="0.022" EngineStartDelay="0.8" EngineIconMesh="env/engine_default" TruckType="OFFROAD" Responsiveness="0.15" BackSteerSpeed="0.016" TruckImage="InternationalPaystar5070mchr" FuelCapacity="240" DiffLockType="Installed" ExhaustStartTime="0.9" EngineIconScale="1.3">
                          <Driver Pos="(0.39; 1.872; 0.5)" ParentFrame="BoneCabin_cdt" AnimationSet="HeavyTruck" SteeringWheelPos="(0.808; 2.235; 0.509)">

                          </Driver>
                          <SoundsDamage _template="Heavy">

                          </SoundsDamage>
                          <OcclusionMap HalfSizeZ="2.6" MinX="-5.123" MaxX="3">

                          </OcclusionMap>
                          <FuelTank DamageCapacity="50">

                          </FuelTank>
                          <Intake Size="1.219" Dir="(1; 0; 0)" Origin="(2.83; 1.53; 0)">

                          </Intake>
                          <EngineSocket Type="e_us_truck_old_paystar5070" Default="us_truck_old_paystar5070">

                          </EngineSocket>
                          <SuspensionSocket Type="s_international_paystar_5070" MaxWheelRadiusWithoutSuspension="0.28" Default="international_paystar_5070_suspension_default">

                          </SuspensionSocket>
                          <Dashboard>
                                              <Gauge InputRange="(0;1)" Dir="(-0.98; 0.2; 0)" InputType="rpm" Org="(1.099; 2.104; 0.590)" Damping="0.99" Mesh="trucks/arrows/international_paystar_5070_arrow_1" OutputAngles="(-98; 101)">

                                              </Gauge>
                                              <Gauge InputType="speed" Dir="(-0.98; 0.2; 0)" Org="(1.099; 2.104; 0.427)" Mesh="trucks/arrows/international_paystar_5070_arrow_1" InputRange="(0;85)" OutputAngles="(-118; 118)">

                                              </Gauge>
                                              <Gauge InputRange="(0;1)" Dir="(-0.978; 0.207; 0)" InputType="engineEnabled" Org="(1.098; 2.205; 0.65)" Damping="0.99" Mesh="trucks/arrows/international_paystar_5070_arrow_2" OutputAngles="(-39; 11)">

                                              </Gauge>
                                              <Gauge InputRange="(0;1)" Dir="(-0.978; 0.207; 0)" InputType="engineEnabled" Org="(1.1; 2.215; 0.577)" Damping="0.99" Mesh="trucks/arrows/international_paystar_5070_arrow_2" OutputAngles="(-134; -101)">

                                              </Gauge>
                                              <Gauge InputRange="(0;1)" Dir="(-0.978; 0.207; 0)" InputType="engineEnabled" Org="(1.1; 2.216; 0.508)" Damping="0.99" Mesh="trucks/arrows/international_paystar_5070_arrow_2" OutputAngles="(-137; 9)">

                                              </Gauge>
                                              <Gauge InputRange="(0;1)" Dir="(-0.978; 0.207; 0)" InputType="fuel" Org="(1.098; 2.206; 0.365)" Damping="0.99" Mesh="trucks/arrows/international_paystar_5070_arrow_2" OutputAngles="(-37; 37)">

                                              </Gauge>
                                              <Gauge InputRange="(0;1)" Dir="(-0.978; 0.207; 0)" InputType="engineEnabled" Org="(1.1; 2.216; 0.437)" Damping="0.99" Mesh="trucks/arrows/international_paystar_5070_arrow_3" OutputAngles="(-137; 82)">

                                              </Gauge>
                                              <Gauge InputRange="(0;1)" Dir="(-0.875; 0.179; 0.45)" InputType="engineEnabled" Org="(1.065; 2.151; 0.105)" Damping="0.99" Mesh="trucks/arrows/international_paystar_5070_arrow_3" OutputAngles="(-36; -27)">

                                              </Gauge>
                                              <Gauge InputRange="(0;1)" Dir="(-0.87; 0.183; 0.459)" InputType="engineEnabled" Org="(1.08; 2.22; 0.104)" Damping="0.99" Mesh="trucks/arrows/international_paystar_5070_arrow_2" OutputAngles="(-135; 114)">

                                              </Gauge>
                                              <Gauge InputRange="(0;1)" Dir="(-0.874; 0.187; 0.449)" InputType="engineEnabled" Org="(1.053; 2.223; 0.05)" Damping="0.99" Mesh="trucks/arrows/international_paystar_5070_arrow_4" OutputAngles="(-102; 37)">

                                              </Gauge>
                                              <Gauge InputRange="(0;1)" Dir="(-0.869; 0.172; 0.463)" InputType="none" Org="(1.046; 2.04; 0.105)" Damping="0.99" Mesh="trucks/arrows/international_paystar_5070_arrow_5" OutputAngles="(0; 0)">

                                              </Gauge>
                          </Dashboard>
                          <Axles>
                                                <Axle Frame="BoneAxleFront">

                                                </Axle>
                                                <Axle Frame="BoneAxleRear2">

                                                </Axle>
                                                <Axle Frame="BoneAxleRear3">

                                                </Axle>
                          </Axles>
                          <Camera Center="(-2; 0; 0)" ParentFrame="BoneCabin_cdt">
                                                <Cockpit WindshieldDiffuseTexture="trucks/international_paystar_5070_glass__d_a.tga" _template="Default" WindshieldShadingTexture="trucks/international_paystar_5070_glass__sh_d.tga" ViewPos="(0.4; 2.6; 0.488)">
                                                    <Rear ViewPosOffset="(0.05; -0.1; 0.7)">

                                                    </Rear>
                                                        <Mirror LookAtOffset="(0; -0.02; 0.1)" Size="(0.175; 0.409)" FOVScale="1.9" ReflectionDir="(-0.913; -0.041; -0.405)" Pos="(0.801; 2.534; 1.208)" ClipDir="(-0.913; -0.041; -0.405)" MeshFrame="mirror_left" ClipOffset="0.25">
                                                          <SecondaryView FOVScale="1.5" ClipDir="(-0.913; -0.041; -0.405)" MeshFrame="mirror_left_1" CurveAngle="10" Size="(0.19; 0.19)" Pos="(0.749; 2.275; 1.198)">

                                                          </SecondaryView>
                                                        </Mirror>
                                                        <Mirror FOVScale="2.4" ClipDir="(-0.783; -0.053; 0.619)" MeshFrame="mirror_right" Pos="(0.801; 2.534; -1.205)" ReflectionDir="(-0.783; -0.053; 0.619)" Size="(0.175; 0.409)" ClipOffset="0.3">
                                                          <SecondaryView FOVScale="1.6" ClipDir="(-0.783; -0.053; 0.619)" MeshFrame="mirror_right_1" CurveAngle="10" Size="(0.19; 0.19)" Pos="(0.756; 2.274; -1.189)">

                                                          </SecondaryView>
                                                        </Mirror>
                                                </Cockpit>
                          </Camera>
                                                <CompatibleWheels Type="wheels_heavy_double1" Scale="0.58">

                                                </CompatibleWheels>
                                                <CompatibleWheels Type="wheels_heavy_double2" Scale="0.58" OffsetZ=".05">

                                                </CompatibleWheels>
                                                <CompatibleWheels Type="wheels_heavy_single" Scale="0.58" OffsetZ="-0.03">

                                                </CompatibleWheels>
                          <LimitedFluid SizeX="0.928" Center="(0.397; 0.82; -0.841)" Type="Box" SizeZ="0.572" SizeY="0.366">

                          </LimitedFluid>
                          <Sounds ParentFrame="BoneCabin_cdt" _template="Default" AirHissInterval="12.0" Origin="(1.8; 1.75; 0)" MinDist="10.0" DisableReversePitch="false">
                                                      <Reverse Sound="trucks/int_paystar_5070/int_paystar_5070_reverse">

                                                      </Reverse>
                                                      <EngineHeavy_2d IsSound2D="true" Sound="trucks/int_paystar_5070/int_paystar_5070_heavy_2d">

                                                      </EngineHeavy_2d>
                                                      <EngineLow Sound="trucks/int_paystar_5070/int_paystar_5070_low">

                                                      </EngineLow>
                                                      <EngineHigh Sound="trucks/int_paystar_5070/int_paystar_5070_high">

                                                      </EngineHigh>
                                                      <ChassisStress Sound="trucks/common/truck_swing_big_rnd_set/truck_swing_big_rnd">

                                                      </ChassisStress>
                                                      <EngineRev Sound="trucks/int_paystar_5070/int_paystar_5070_rev">

                                                      </EngineRev>
                                                      <EngineHigh_2d IsSound2D="true" Sound="trucks/int_paystar_5070/int_paystar_5070_high_2d">

                                                      </EngineHigh_2d>
                                                      <AbruptStop Sound="trucks/common/truck_swing_big_old_rnd_set/truck_swing_big_old_rnd">

                                                      </AbruptStop>
                                                      <EngineIdle_2d IsSound2D="true" Sound="trucks/int_paystar_5070/int_paystar_5070_idle_2d">

                                                      </EngineIdle_2d>
                                                      <EngineIdle Sound="trucks/int_paystar_5070/int_paystar_5070_idle">

                                                      </EngineIdle>
                                                      <EngineHeavy Sound="trucks/int_paystar_5070/int_paystar_5070_heavy">

                                                      </EngineHeavy>
                                                      <EngineAccel Sound="trucks/int_paystar_5070/int_paystar_5070_acc">

                                                      </EngineAccel>
                                                      <EngineStart Sound="trucks/int_paystar_5070/int_paystar_5070_start">

                                                      </EngineStart>
                                                      <BrakesSqueal Sound="trucks/int_paystar_5070/int_paystar_5070_brakes_squeal">

                                                      </BrakesSqueal>
                                                      <EngineStop Sound="trucks/int_paystar_5070/int_paystar_5070_stop">

                                                      </EngineStop>
                                                      <EngineLow_2d IsSound2D="true" Sound="trucks/int_paystar_5070/int_paystar_5070_low_2d">

                                                      </EngineLow_2d>
                                                      <Honk Sound="trucks/int_paystar_5070/int_paystar_5070_honk">

                                                      </Honk>
                          </Sounds>
                          <Wheels DefaultWheelType="wheels_heavy_double1" DefaultTire="highway_1" DefaultRim="rim_6">
                                                          <Wheel Pos="(1.652; 0.7; 1)" _template="FrontWheel">

                                                          </Wheel>
                                                          <Wheel RightSide="true" Pos="(1.652; 0.7; 1)" _template="FrontWheel">

                                                          </Wheel>
                                                          <Wheel Pos="(-3.022; 0.585; 1)" _template="RearWheel">

                                                          </Wheel>
                                                          <Wheel RightSide="true" Pos="(-3.022; 0.585; 1)" _template="RearWheel">

                                                          </Wheel>
                                                          <Wheel Pos="(-4.442; 0.585; 1)" _template="RearWheel">

                                                          </Wheel>
                                                          <Wheel RightSide="true" Pos="(-4.442; 0.585; 1)" _template="RearWheel">

                                                          </Wheel>
                          </Wheels>
                                                        <Steam Origin="(0; 1.3; 0)">

                                                        </Steam>
                                                        <Steam Scale="0.5" Origin="(2; 1.35; 0)" ParentFrame="BoneCabin_cdt">

                                                        </Steam>
                          <GearboxSocket Type="gearboxes_trucks" Default="g_truck_default">

                          </GearboxSocket>
                          <WinchUpgradeSocket Type="winches_medium_trucks" Default="w_medium_trucks_default" IsUpgradable="true">

                          </WinchUpgradeSocket>
                          <SteeringRack Frame="BoneRack" RackHalfSizeZ="0.732" FrameSteerLeft="BoneRackLeft" FrameSteerRight="BoneRackRight">

                          </SteeringRack>
                          <SteeringWheel Frame="BoneSteering">

                          </SteeringWheel>
                          <SoundsWheels _template="Default">

                          </SoundsWheels>
                          <Damage>
                                                                        <DamageArea Min="(1.5; 1.15; -0.6)" ParentFrame="BoneCabin_cdt" Max="(2.8; 2.100; 0.6)" Type="Engine">

                                                                        </DamageArea>
                                                                        <DamageArea Min="(-0.7; 0.6; -1.2)" ParentFrame="BoneCabin_cdt" Max="(0.87; 1.050; 1.2)" Type="FuelTank">

                                                                        </DamageArea>
                          </Damage>
                          <Shafts>
                                                                          <Shaft SocketPointA="Shaft1a" SocketPointB="Shaft1b">

                                                                          </Shaft>
                                                                          <Shaft SocketPointA="Shaft2a" SocketPointB="Shaft2b">

                                                                          </Shaft>
                                                                          <Shaft SocketPointA="Shaft3a" SocketPointB="Shaft3b">

                                                                          </Shaft>
                                                                          <Shaft SocketPointA="Shaft4a" SocketPointB="Shaft4b">

                                                                          </Shaft>
                          </Shafts>
        </TruckData>
  </Truck>