  <_templates Include="trucks">
      <Wheel>
          <RearWheel Location="rear" ConnectedToHandbrake="true" Torque="default">

          </RearWheel>
          <FrontWheel ParentFrame="BoneCabin_cdt" SteeringAngle="40" Location="front" SteeringJointOffset="0.23" Torque="default" SteeringCastor="0">

          </FrontWheel>
      </Wheel>
      <Body>
            <BoneSunshield Mass="1" Collisions="None">
                <Constraint Type="Hinge" MaxLimit="30" AxisLocal="(0; 0; 1)" MinLimit="-1">
                    <Motor Spring="15" Damping="0.04" Type="Spring">

                    </Motor>
                </Constraint>
            </BoneSunshield>
      </Body>
      <Flare>
              <Beacon ColorMultAtDay="0.3" SizeMultAtDay="0.5" DirAngle="180" Color="g(169; 99; 0) x 0.8" Size="0.2" AspectRatio="1.4">

              </Beacon>
      </Flare>
  </_templates>
  <Truck>
        <HeadLight Pos="(3.294; 0.961; 0)" _template="Default">

        </HeadLight>
        <GameData Recallable="true" UnlockByExploration="false" Price="28200" UnlockByRank="1" Country="US">
              <CustomizationCameras>
                    <CameraPos Name="roof_sticker" InterestPosition="(3.043; -0.11; -0.044)" Position="(6.619; 4.534; -0.619)" Interior="true" FOV="32.0">

                    </CameraPos>
                    <CameraPos Name="sticker_1" InterestPosition="(7.325; 3.098; 1.324)" Position="(5.461; 1.888; -0.234)" Interior="true" FOV="32.0">

                    </CameraPos>
                    <CameraPos MaxYRotation="360" MaxZoom="2" Name="addon_1" InterestPosition="(2.286; 1.403; -0)" Position="(-4.558; 3.486; 3.933)" MaxXRotation="360" FOV="32.0">

                    </CameraPos>
                    <CameraPos MaxYRotation="360" MaxZoom="2" Name="addon_2" InterestPosition="(3.194; 1.807; 0)" Position="(-8.093; 2.337; -6.718)" MaxXRotation="360" FOV="32.0">

                    </CameraPos>
                    <CameraPos Name="mirror_mount" InterestPosition="(7.699; 2.048; 1.567)" Position="(5.142; 1.99; -0.387)" Interior="true" FOV="32.0">

                    </CameraPos>
                    <CameraPos MaxYRotation="360" MaxZoom="2" Name="side_r" InterestPosition="(5.601; 1.97; 0)" Position="(3.352; 1.747; -7.216)" MaxXRotation="360" FOV="32.0">

                    </CameraPos>
                    <CameraPos Name="sticker" InterestPosition="(7.325; 0.781; 1.705)" Position="(5.382; 1.921; -0.172)" Interior="true" FOV="32.0">

                    </CameraPos>
                    <CameraPos Name="glass_sticker" InterestPosition="(5.694; 1.66; -1.048)" Position="(8.327; 2.780; 1.09)" Interior="true" FOV="32.0">

                    </CameraPos>
                    <CameraPos Name="door_r_sticker" InterestPosition="(7.029; 0.987; 0.747)" Position="(4.532; 1.457; 2.502)" Interior="true" FOV="32.0">

                    </CameraPos>
                    <CameraPos MaxYRotation="360" MaxZoom="2" Name="roof" InterestPosition="(5.003; 1.463; -0)" Position="(10.134; 3.517; -2.653)" MaxXRotation="360" FOV="32.0">

                    </CameraPos>
                    <CameraPos Name="capote_sticker" InterestPosition="(4.837; -0.228; 0.797)" Position="(8.230; 3.194; -1.239)" Interior="true" FOV="32.0">

                    </CameraPos>
                    <CameraPos MaxYRotation="360" MaxZoom="2" Name="hoods" InterestPosition="(5.997; 1.195; 0)" Position="(12.848; 1.434; -3.468)" MaxXRotation="360" FOV="32.0">

                    </CameraPos>
                    <CameraPos Name="sticker_2" InterestPosition="(6.662; 0.61; 1.935)" Position="(5.221; 1.595; 0.03)" Interior="true" FOV="32.0">

                    </CameraPos>
                    <CameraPos MaxYRotation="360" MaxZoom="2" Name="side_l" InterestPosition="(5.887; 1.319; 0)" Position="(9.383; 2.733; 3.915)" MaxXRotation="360" FOV="32.0">

                    </CameraPos>
                    <CameraPos Name="bubble_head" InterestPosition="(7.692; 1.172; 1.41)" Position="(5.425; 1.969; -0.335)" Interior="true" FOV="32.0">

                    </CameraPos>
                    <CameraPos MaxYRotation="360" MaxZoom="2" Name="wheels" InterestPosition="(5.432; 0.77; -0)" Position="(-0.234; 0.966; -3.937)" MaxXRotation="360" FOV="32.0">

                    </CameraPos>
                    <CameraPos MaxYRotation="360" MaxZoom="2" Name="default" InterestPosition="(5.997; 1.195; 0)" Position="(12.848; 1.434; -3.468)" MaxXRotation="360" FOV="32.0">

                    </CameraPos>
                    <CameraPos MaxYRotation="360" MaxZoom="2" Name="rear" InterestPosition="(0.479; 0.992; -0)" Position="(-5.767; 1.805; 2.899)" MaxXRotation="360" FOV="32.0">

                    </CameraPos>
                    <CameraPos Name="door_l_sticker" InterestPosition="(5.111; 1.176; -0.332)" Position="(4.51; 1.215; -2.475)" Interior="true" FOV="32.0">

                    </CameraPos>
                    <CameraPos Name="hood_ornament" InterestPosition="(7.114; 1.56; -0.812)" Position="(8.271; 1.908; -0.812)" Interior="true" FOV="32.0">

                    </CameraPos>
              </CustomizationCameras>
              <UiDesc UiName="UI_VEHICLE_INTERNATIONAL_LOADSTAR_1700_NAME" UiDesc="UI_VEHICLE_INTERNATIONAL_LOADSTAR_1700_DESC" UiIconLogo="InternationalNavistarLogo80" UiIcon40x40="scoutVehicleImg" UiIcon30x30="scoutVehicleImg30" UiIcon328x458="shopImgLoadStar">

              </UiDesc>
                    <AddonSockets>
                      <Socket Offset="(-3.21; 0.76; 0)" Names="ScautTrailer">
                          <AddonsShift Offset="(-0.283; -0.055; 0)" Types="InternationalLoadstar1700ServiceBody">

                          </AddonsShift>
                      </Socket>
                    </AddonSockets>
                    <AddonSockets>
                      <Socket Offset="(0; 0; 0)" Names="InternationalLoadstar1700Flasher" NamesBlock="InternationalLoadstar1700Spotlight2">

                      </Socket>
                    </AddonSockets>
                    <AddonSockets>
                      <Socket Offset="(0; 0; 0)" Names="InternationalLoadstar1700Spotlight1, InternationalLoadstar1700Spotlight2">

                      </Socket>
                    </AddonSockets>
                    <AddonSockets>
                      <Socket Offset="(0; 0; 0)" Names="InternationalLoadstar1700Searchlight">

                      </Socket>
                    </AddonSockets>
                    <AddonSockets>
                      <Socket Offset="(0; 0; 0)" Names="InternationalLoadstar1700Horn">

                      </Socket>
                    </AddonSockets>
                    <AddonSockets>
                      <Socket Offset="(0; 0; 0)" Names="InternationalLoadstar1700Gabarite">

                      </Socket>
                    </AddonSockets>
                    <AddonSockets DefaultAddon="international_loadstar_1700_bumper_default">
                      <Socket Offset="(0; 0; 0)" Names="InternationalLoadstar1700Bumper">

                      </Socket>
                    </AddonSockets>
                    <AddonSockets>
                      <Socket Offset="(0; 0; 0)" Names="InternationalLoadstar1700Snorkel">

                      </Socket>
                    </AddonSockets>
                    <AddonSockets>
                        <Socket Offset="(0; 0; 0)" Names="InternationalLoadstar1700ServiceBody">

                        </Socket>
                        <Socket Offset="(0; 0; 0)" Names="InternationalLoadstar1700Pickup">

                        </Socket>
                        <Socket Offset="(-1; 0.82; 0)" Names="MinicraneLoadstar">

                        </Socket>
                    </AddonSockets>
                    <AddonSockets>
                      <Socket Offset="(0; 0; 0)" Names="InternationalLoadstar1700Visor">

                      </Socket>
                    </AddonSockets>
                    <AddonSockets>
                      <Socket ParentFrame="BoneCabin_cdt" Offset="(1.563; 1.713; 0.112)" Names="StuffDashboard" InCockpit="true">

                      </Socket>
                    </AddonSockets>
                    <AddonSockets>
                      <Socket ParentFrame="BoneCabin_cdt" Names="internationalLoadstar1700Sticker_1x1_01" InCockpit="true">

                      </Socket>
                    </AddonSockets>
                    <AddonSockets>
                      <Socket ParentFrame="BoneCabin_cdt" Names="internationalLoadstar1700Sticker_1x1_02" InCockpit="true">

                      </Socket>
                    </AddonSockets>
                    <AddonSockets>
                      <Socket ParentFrame="BoneCabin_cdt" Names="internationalLoadstar1700Sticker_1x2_01" InCockpit="true">

                      </Socket>
                    </AddonSockets>
                    <AddonSockets>
                      <Socket ParentFrame="BoneSunshieldL_cdt" Names="internationalLoadstar1700Sticker_1x2_02" InCockpit="true">

                      </Socket>
                    </AddonSockets>
                    <AddonSockets>
                      <Socket ParentFrame="BoneSunshieldR_cdt" Names="internationalLoadstar1700Sticker_1x2_03" InCockpit="true">

                      </Socket>
                    </AddonSockets>
                    <AddonSockets>
                      <Socket ParentFrame="BoneCabin_cdt" Names="internationalLoadstar1700Sticker_1x4_01" InCockpit="true">

                      </Socket>
                    </AddonSockets>
                    <AddonSockets>
                      <Socket ParentFrame="BoneCabin_cdt" Names="internationalLoadstar1700Sticker_GlassTop" InCockpit="true">

                      </Socket>
                    </AddonSockets>
                    <AddonSockets>
                      <Socket Names="internationalLoadstar1700Sticker_Door_R" ParentFrame="BoneCabin_cdt">

                      </Socket>
                    </AddonSockets>
                    <AddonSockets>
                      <Socket Names="internationalLoadstar1700Sticker_Door_L" ParentFrame="BoneCabin_cdt">

                      </Socket>
                    </AddonSockets>
                    <AddonSockets>
                      <Socket Names="internationalLoadstar1700Sticker_Roof" ParentFrame="BoneCabin_cdt">

                      </Socket>
                    </AddonSockets>
                    <AddonSockets>
                      <Socket Names="internationalLoadstar1700Sticker_Capote" ParentFrame="BoneCabin_cdt">

                      </Socket>
                    </AddonSockets>
                    <AddonSockets>
                      <Socket ParentFrame="BoneCabin_cdt" Offset="(1.441; 2.163; 0.058)" Names="StuffAirfreshener" InCockpit="true">

                      </Socket>
                    </AddonSockets>
                    <AddonSockets>
                      <Socket Names="StuffHoodInternationalLoadstar1700" ParentFrame="BoneCabin_cdt">

                      </Socket>
                    </AddonSockets>
                      <CraneSocket Pos="(2.706; 0.482; -0.487)">

                      </CraneSocket>
                      <CraneSocket Pos="(2.706; 0.482; 0.487)">

                      </CraneSocket>
                      <CraneSocket Pos="(0.8; 2.3; 0)">

                      </CraneSocket>
                      <CraneSocket Pos="(-0.596; 0.691; -0.449)">

                      </CraneSocket>
                      <CraneSocket Pos="(-0.596; 0.691; 0.449)">

                      </CraneSocket>
                      <CraneSocket Pos="(-3.21; 0.734; 0)">

                      </CraneSocket>
                        <WinchSocket Pos="(2.706; 0.482; -0.487)">

                        </WinchSocket>
                        <WinchSocket Pos="(2.706; 0.482; 0.487)">

                        </WinchSocket>
                        <WinchSocket Pos="(-0.596; 0.691; -0.449)">

                        </WinchSocket>
                        <WinchSocket Pos="(-0.596; 0.691; 0.449)">

                        </WinchSocket>
                        <WinchSocket Pos="(-3.21; 0.734; 0)">

                        </WinchSocket>
        </GameData>
        <PhysicsModel Mesh="trucks/international_loadstar_1700">
                <Body CenterOfMassOffset="(-0.4; 0; 0)" NetSync="pv" Mass="2000" ImpactType="Truck">
                    <Body NetSync="pv" CenterOfMassOffset="(0.3; -0.4; 0)" ModelFrame="BoneCabin_cdt" Mass="2500" ImpactType="Truck">
                        <Constraint Type="Fixed">

                        </Constraint>
                            <Body ModelFrame="BoneSunshieldR_cdt" AngularDamping="2" _template="BoneSunshield">

                            </Body>
                            <Body ModelFrame="BoneSunshieldL_cdt" _template="BoneSunshield">

                            </Body>
                            <Body ModelFrame="BoneMirrorLeft_cdt" _template="SideMirror">
                              <Constraint AxisLocal="(0; 1; 0)">

                              </Constraint>
                            </Body>
                            <Body ModelFrame="BoneMirrorRight_cdt" _template="SideMirror">
                              <Constraint AxisLocal="(0; 1; 0)">

                              </Constraint>
                            </Body>
                            <Body ModelFrame="BoneTieRod_cdt" _template="TieRod">
                              <Constraint MaxLimit="30" AxisLocal="(0; 0; 1)" MinLimit="-30" Name="TieRodSteer">

                              </Constraint>
                            </Body>
                            <Body ModelFrame="BoneTieRodDriver_cdt" _template="TieRod">
                              <Constraint MaxLimit="300" AxisLocal="(1; 0; 0)" MinLimit="-300" Name="TieRodSteerDriver">

                              </Constraint>
                            </Body>
                    </Body>
                </Body>
                <NetSync Legacy="false">

                </NetSync>
        </PhysicsModel>
        <ControlledConstraints>
                    <Constraint IsLinkedSteering="true" Id="chassis_steer" Name="TieRodSteer">

                    </Constraint>
                    <Constraint IsLinkedSteering="true" Id="chassis_steer" Name="TieRodSteerDriver">

                    </Constraint>
        </ControlledConstraints>
        <Snorkel Origin="(2.547; 1.089; 0)">

        </Snorkel>
        <AutomaticIK>
                      <IKBone ParentFrame="BoneTieRod_cdt" ModelFrame="BoneBeamHinge">
                          <IKJoint Type="Hinge2" AxisLocal="(1; 0; 0)">

                          </IKJoint>
                          <IKBone AttachToFrame="BoneRackLeft" AttachOffset="(0; 0; 0)" ModelFrame="BoneBeamSlider">
                                <IKJoint Type="Slider" AxisLocal="(1; 0; 0)">

                                </IKJoint>
                          </IKBone>
                      </IKBone>
        </AutomaticIK>
        <Landmark MaxScale="3.8" Mesh="landmarks/international_loadstar_1700_lmk" MinScale="1.8">

        </Landmark>
        <ModelAttachments>
                          <HeadLight>
                                <Flare Pos="(2.742; 1; -0.875)" Size="0.4" _template="HeadLight">

                                </Flare>
                                <Flare Pos="(2.742; 1; 0.875)" Size="0.4" _template="HeadLight">

                                </Flare>
                                <Flare Pos="(2.742; 1; -0.875)" _template="BlueStreak">

                                </Flare>
                                <Flare Pos="(2.742; 1; 0.875)" _template="BlueStreak">

                                </Flare>
                                  <Model Org="(2.742; 1; -0.875)" _template="HeadLightRay">

                                  </Model>
                                  <Model Org="(2.742; 1; 0.875)" _template="HeadLightRay">

                                  </Model>
                          </HeadLight>
                          <StopSignals>
                                <Light Pos="(-3.46; 0.745; 0)" _template="StopSignal">

                                </Light>
                                    <Flare Pos="(-3.088; 0.601; -0.518)" _template="StopSignal">

                                    </Flare>
                                    <Flare Pos="(-3.088; 0.601; 0.518)" _template="StopSignal">

                                    </Flare>
                          </StopSignals>
                          <Ignition>
                                    <Light Pos="(3.2; 1.013; 0.7)" _template="IgnitionSignalWhite">

                                    </Light>
                                    <Light Pos="(3.2; 1.013; -0.7)" _template="IgnitionSignalWhite">

                                    </Light>
                                    <Light Pos="(-3; 1.025; -0)" _template="IgnitionSignalRed">

                                    </Light>
                                      <Flare Pos="(2.747; 1; -0.875)" _template="IgnitionSignalWhite" Size="0.3" DirAngle="120">

                                      </Flare>
                                      <Flare Pos="(2.747; 1; 0.875)" _template="IgnitionSignalWhite" Size="0.3" DirAngle="120">

                                      </Flare>
                                      <Flare Pos="(-3.088; 0.601; -0.518)" Size="0.2" _template="IgnitionSignalRed">

                                      </Flare>
                                      <Flare Pos="(-3.088; 0.601; 0.518)" Size="0.2" _template="IgnitionSignalRed">

                                      </Flare>
                                      <Flare Pos="(1.223; 2.244; -0.655)" _template="Beacon">

                                      </Flare>
                                      <Flare Pos="(1.223; 2.244; 0.655)" _template="Beacon">

                                      </Flare>
                                      <Flare Pos="(1.222; 2.268; -0.244)" _template="Beacon">

                                      </Flare>
                                      <Flare Pos="(1.222; 2.268; 0.244)" _template="Beacon">

                                      </Flare>
                                      <Flare Pos="(1.222; 2.268; 0)" _template="Beacon">

                                      </Flare>
                                      <Flare Pos="(2.508; 1.286; -0.962)" Color="g(169; 115; 0) x 0.5" _template="Beacon">

                                      </Flare>
                                      <Flare Pos="(2.508; 1.286; 0.962)" Color="g(169; 115; 0) x 0.5" _template="Beacon">

                                      </Flare>
                          </Ignition>
                          <ReverseSignals>
                                    <Light Pos="(-3.5; 0.601; 0)" _template="ReverseSignal">

                                    </Light>
                                        <Flare Pos="(-3.088; 0.65; -0.518)" Size="0.25" _template="ReverseSignal">

                                        </Flare>
                                        <Flare Pos="(-3.088; 0.65; 0.518)" Size="0.25" _template="ReverseSignal">

                                        </Flare>
                                        <Flare Pos="(-3.088; 0.65; -0.518)" Dir="(-1; 0; 0)" _template="BlueStreak" Color="g(220; 220; 255) x 0.05" Size="0.4">

                                        </Flare>
                                        <Flare Pos="(-3.088; 0.65; 0.518)" Dir="(-1; 0; 0)" _template="BlueStreak" Color="g(220; 220; 255) x 0.05" Size="0.4">

                                        </Flare>
                          </ReverseSignals>
        </ModelAttachments>
        <TruckData SteerSpeed="0.03" EngineStartDelay="1.7" EngineIconMesh="env/engine_default" TruckType="SCOUT" Responsiveness="0.6" BackSteerSpeed="0.06" TruckImage="interloadstarmchr" FuelCapacity="130" DiffLockType="Always" ExhaustStartTime="1.6" EngineIconScale="1">
                            <Driver Pos="(0.866; 1.304; 0.442)" SteeringWheelPos="(1.261; 1.626; 0.439)">

                            </Driver>
                            <SoundsDamage _template="Heavy">

                            </SoundsDamage>
                            <Shakers>
                                    <Shaker MaxFrequency="1.9" MaxAngle="(1; 0; 1)" ParentFrame="BoneCabin_cdt" Frame="BoneGearstick">

                                    </Shaker>
                            </Shakers>
                            <OcclusionMap MinX="-3" Texture="trucks/occlusion/chassis_small__s_d_a.tga" HalfSizeZ="1.8" MaxX="3.3">

                            </OcclusionMap>
                            <FuelTank DamageCapacity="50">

                            </FuelTank>
                                        <CompatibleWheels Type="wheels_medium_double" Scale="0.45">

                                        </CompatibleWheels>
                                        <CompatibleWheels Type="wheels_medium_double" Scale="0.52" OffsetZ="0.05">

                                        </CompatibleWheels>
                            <EngineSocket Type="e_us_truck_old" Default="us_truck_old_engine_0">

                            </EngineSocket>
                            <SuspensionSocket Type="s_international_loadstar_1700" MaxWheelRadiusWithoutSuspension="0.25" Default="international_loadstar_1700_suspension_default">

                            </SuspensionSocket>
                            <Dashboard>
                                                  <Gauge InputRange="(0;1)" Dir="(-0.995; 0.095; 0.008)" InputType="rpm" Org="(1.496; 1.577; 0.506)" Damping="0.99" Mesh="trucks/arrows/international_loadstar_1700_arrow_1" OutputAngles="(-133; 133)">

                                                  </Gauge>
                                                  <Gauge InputType="speed" Dir="(-0.997; 0.08; 0.007)" Org="(1.496; 1.577; 0.363)" Mesh="trucks/arrows/international_loadstar_1700_arrow_1" InputRange="(0;80)" OutputAngles="(-114; 113)">

                                                  </Gauge>
                                                  <Gauge InputRange="(0;1)" Dir="(-0.995; 0.101; -0.001)" InputType="engineEnabled" Org="(1.491; 1.507; 0.578)" Damping="0.99" Mesh="trucks/arrows/international_loadstar_1700_arrow_2" OutputAngles="(-36; 14)">

                                                  </Gauge>
                                                  <Gauge InputRange="(0;1)" Dir="(-0.995; 0.101; -0.001)" InputType="engineEnabled" Org="(1.491; 1.507; 0.654)" Damping="0.99" Mesh="trucks/arrows/international_loadstar_1700_arrow_2" OutputAngles="(-33; 22)">

                                                  </Gauge>
                                                  <Gauge InputRange="(0;1)" Dir="(-0.995; 0.102; -0.001)" InputType="engineEnabled" Org="(1.498; 1.58; 0.619)" Damping="0.99" Mesh="trucks/arrows/international_loadstar_1700_arrow_2" OutputAngles="(-29; -3)">

                                                  </Gauge>
                                                  <Gauge InputRange="(0;1)" Dir="(-0.995; 0.095; 0.001)" InputType="fuel" Org="(1.498; 1.58; 0.25)" Damping="0.99" Mesh="trucks/arrows/international_loadstar_1700_arrow_2" OutputAngles="(-35; 36)">

                                                  </Gauge>
                                                  <Gauge InputRange="(0;1)" Dir="(-0.995; 0.101; 0.001)" InputType="engineEnabled" Org="(1.491; 1.521; 0.289)" Damping="0.99" Mesh="trucks/arrows/international_loadstar_1700_arrow_3" OutputAngles="(-36; 96)">

                                                  </Gauge>
                                                  <Gauge InputRange="(0;1)" Dir="(-0.996; 0.094; 0.001)" InputType="engineEnabled" Org="(1.492; 1.52; 0.211)" Damping="0.99" Mesh="trucks/arrows/international_loadstar_1700_arrow_3" OutputAngles="(-36; 96)">

                                                  </Gauge>
                            </Dashboard>
                            <Axles>
                                                    <Axle Frame="BoneAxle1">

                                                    </Axle>
                                                    <Axle Frame="BoneAxle2">

                                                    </Axle>
                            </Axles>
                            <Camera Center="(-1.2; 0; 0)" RadiusMultiplier="0.8">
                                                    <Cockpit WindshieldDiffuseTexture="trucks/international_loadstar_1700_glass__d_a.tga" _template="Default" WindshieldShadingTexture="trucks/international_loadstar_1700_glass__sh_d.tga" ViewPos="(0.866; 2.013; 0.442)">
                                                        <Rear ViewPosOffset="(0.05; -0.1; 0.7)">

                                                        </Rear>
                                                            <Mirror FOVScale="1.2" ClipDir="(-0.899; 0; -0.438)" MeshFrame="mirror_left" Pos="(1.244; 1.861; 1.14)" ReflectionDir="(-0.899; 0; -0.438)" Size="(0.193; 0.471)" ClipOffset="0.13">

                                                            </Mirror>
                                                            <Mirror FOVScale="1.4" ClipDir="(-0.788; 0; 0.616)" MeshFrame="mirror_right" Pos="(1.189; 1.861; -1.139)" ReflectionDir="(-0.788; 0; 0.616)" Size="(0.193; 0.471)" ClipOffset="0.13">

                                                            </Mirror>
                                                    </Cockpit>
                            </Camera>
                                                    <LimitedFluid SizeX="0.925" Center="(0.057; 0.507; 0.784)" Type="Box" SizeZ="0.567" SizeY="0.399">

                                                    </LimitedFluid>
                                                    <LimitedFluid SizeX="0.925" Center="(0.057; 0.507; -0.784)" Type="Box" SizeZ="0.567" SizeY="0.399">

                                                    </LimitedFluid>
                            <Exhaust IsLight="true" Dir="(-1; 0; 0)" Speed="2.0" Origin="(-0.683; 0.617; -0.387)">

                            </Exhaust>
                            <Sounds _template="Default" MinDist="8.0" Origin="(1.853; 1.205; 0)" DisableReversePitch="false">
                                                          <Reverse Sound="trucks/int_loadstar_1700/int_loadstar_1700_reverse">

                                                          </Reverse>
                                                          <EngineHeavy_2d IsSound2D="true" Sound="">

                                                          </EngineHeavy_2d>
                                                          <EngineLow Sound="trucks/int_loadstar_1700/int_loadstar_1700_low">

                                                          </EngineLow>
                                                          <EngineHigh Sound="trucks/int_loadstar_1700/int_loadstar_1700_high">

                                                          </EngineHigh>
                                                          <Gear Sound="trucks/common/truck_gear_shift_medium_rnd_set/truck_gear_shift_medium_rnd">

                                                          </Gear>
                                                          <ChassisStress Sound="trucks/common/truck_stress_rnd_set/truck_stress_rnd">

                                                          </ChassisStress>
                                                          <AbruptStop Sound="trucks/common/truck_swing_big_old_rnd_set/truck_swing_big_old_rnd">

                                                          </AbruptStop>
                                                          <EngineRev Sound="trucks/int_loadstar_1700/int_loadstar_1700_rev">

                                                          </EngineRev>
                                                          <EngineHeavy Sound="">

                                                          </EngineHeavy>
                                                          <EngineLow_2d IsSound2D="true" Sound="trucks/int_loadstar_1700/int_loadstar_1700_low_2d">

                                                          </EngineLow_2d>
                                                          <EngineHigh_2d IsSound2D="true" Sound="trucks/int_loadstar_1700/int_loadstar_1700_high_2d">

                                                          </EngineHigh_2d>
                                                          <BrakeRelease Sound="trucks/common/truck_brake_release_alt1_rnd_set/truck_brake_release_alt1_rnd">

                                                          </BrakeRelease>
                                                          <EngineIdle_2d IsSound2D="true" Sound="trucks/int_loadstar_1700/int_loadstar_1700_idle_2d">

                                                          </EngineIdle_2d>
                                                          <EngineStart Sound="trucks/int_loadstar_1700/int_loadstar_1700_start">

                                                          </EngineStart>
                                                          <Handbrake Sound="trucks/common/truck_handbrake_switch_alt1">

                                                          </Handbrake>
                                                          <Honk Sound="trucks/int_loadstar_1700/int_loadstar_1700_honk">

                                                          </Honk>
                                                          <GearFail Sound="trucks/common/truck_gear_wrong/truck_gear_wrong_big_old">

                                                          </GearFail>
                                                          <EngineIdle Sound="trucks/int_loadstar_1700/int_loadstar_1700_idle">

                                                          </EngineIdle>
                                                          <EngineStop Sound="trucks/int_loadstar_1700/int_loadstar_1700_stop">

                                                          </EngineStop>
                                                          <BrakesSqueal Sound="trucks/int_transtar_4070a/int_transtar_4070a_brakes_squeal">

                                                          </BrakesSqueal>
                                                          <EngineAccel Sound="trucks/int_loadstar_1700/int_loadstar_1700_acc">

                                                          </EngineAccel>
                            </Sounds>
                            <Wheels DefaultWheelType="wheels_medium_double" DefaultTire="highway_1" DefaultRim="rim_1">
                                                              <Wheel Pos="(2.16; 0.376; 1.01)" _template="FrontWheel">

                                                              </Wheel>
                                                              <Wheel RightSide="true" Pos="(2.16; 0.376; 1.01)" _template="FrontWheel">

                                                              </Wheel>
                                                              <Wheel Pos="(-1.665; 0.376; 0.9)" _template="RearWheel">

                                                              </Wheel>
                                                              <Wheel RightSide="true" Pos="(-1.665; 0.376; 0.9)" _template="RearWheel">

                                                              </Wheel>
                            </Wheels>
                                                            <Steam Scale="0.2" Origin="(-0.057; 0.722; 0)" ParentFrame="BoneCabin_cdt">

                                                            </Steam>
                                                            <Steam Scale="0.5" Origin="(2.038; 1.076; 0)" ParentFrame="BoneCabin_cdt">

                                                            </Steam>
                            <GearboxSocket Type="gearboxes_trucks" Default="g_truck_default">

                            </GearboxSocket>
                            <WinchUpgradeSocket Type="winches_scouts" Default="w_scout_default" IsUpgradable="true">

                            </WinchUpgradeSocket>
                            <SteeringRack Frame="BoneRack" RackHalfSizeZ="0.797" FrameSteerLeft="BoneRackLeft" FrameSteerRight="BoneRackRight">

                            </SteeringRack>
                            <SteeringWheel Frame="BoneSteering">

                            </SteeringWheel>
                            <SoundsWheels _template="Default">

                            </SoundsWheels>
                            <Damage>
                                                                            <DamageArea Min="(1.605; 0.51; -0.55)" ParentFrame="BoneChassis_cdt" Max="(2.8; 1.629; 0.55)" Type="Engine">

                                                                            </DamageArea>
                                                                            <DamageArea Min="(-0.5; 0.25; -1.2)" ParentFrame="BoneChassis_cdt" Max="(1.5; 0.863; 1.2)" Type="FuelTank">

                                                                            </DamageArea>
                            </Damage>
                            <Shafts>
                                                                              <Shaft SocketPointA="Shaft1a" SocketPointB="Shaft1b">

                                                                              </Shaft>
                                                                              <Shaft SocketPointA="Shaft2a" SocketPointB="Shaft2b">

                                                                              </Shaft>
                                                                              <Shaft SocketPointA="Shaft3a" SocketPointB="Shaft3b">

                                                                              </Shaft>
                            </Shafts>
        </TruckData>
  </Truck>