  <_templates Include="trucks">
      <Wheel>
          <RearWheel Location="rear" ConnectedToHandbrake="true" Torque="default">

          </RearWheel>
          <FrontWheel ParentFrame="BoneCabin_cdt" SteeringAngle="28" Location="front" SteeringJointOffset="0.17" Torque="full" SteeringCastor="5">

          </FrontWheel>
      </Wheel>
      <Body>
            <SideMirror Mass="5" Collisions="None">
                <Constraint Type="Hinge" MaxLimit="2" AxisLocal="(0; 0; 1)" MinLimit="-2">
                    <Motor Spring="100" Damping="2.5" Type="Spring">

                    </Motor>
                </Constraint>
            </SideMirror>
            <Antenna Mass="2" Collisions="None">
                  <Constraint Type="Ragdoll" PlaneMin="-10" PlaneMax="10" TwistAxisLocal="(0; 1; 0)" Cone="10" PlaneAxisLocal="(0; 0; 1)">
                      <ConeMotor Spring="120" Damping="0.1" Type="Spring">

                      </ConeMotor>
                      <PlaneMotor Spring="120" Damping="0.1" Type="Spring">

                      </PlaneMotor>
                  </Constraint>
            </Antenna>
            <TieRod Mass="1">
                    <Constraint Type="Hinge" MaxLimit="45" AxisLocal="(0; 0; 1)" MinLimit="-45">
                        <Motor Type="Position" Force="6000" Damping="1.0" Tau="1">

                        </Motor>
                    </Constraint>
            </TieRod>
            <Sunshield Mass="4" Collisions="None">
                      <Constraint Type="Hinge" MaxLimit="10" AxisLocal="(0; 0; 1)" MinLimit="-10">
                          <Motor Spring="10" Damping=".05" Type="Spring">

                          </Motor>
                      </Constraint>
            </Sunshield>
      </Body>
  </_templates>
  <Truck>
        <HeadLight Pos="(1.96; 0.739; 0)" _template="Default">

        </HeadLight>
        <GameData Recallable="true" UnlockByExploration="true" Price="4800" UnlockByRank="1" Country="US">
              <CustomizationCameras>
                    <CameraPos Name="roof_sticker" InterestPosition="(4.3404;0.3628;-0.4791)" Position="(7.6918;4.0632;-0.5776)" Interior="true" FOV="32.0">

                    </CameraPos>
                    <CameraPos MaxZoom="2" Name="addon_1" MaxYRotation="360" InterestPosition="(5.0632;0.0041;0.0)" Position="(1.487;2.857;0.5985)" MaxXRotation="360" FOV="32.0">

                    </CameraPos>
                    <CameraPos MaxZoom="2" Name="addon_2" MaxYRotation="360" InterestPosition="(4.4346;1.3955;-0.0)" Position="(1.5754;3.488;-3.8047)" MaxXRotation="360" FOV="32.0">

                    </CameraPos>
                    <CameraPos Name="mirror_mount" InterestPosition="(6.729;1.354;1.359)" Position="(4.918;1.476;-0.289)" Interior="true" FOV="32.0">

                    </CameraPos>
                    <CameraPos MaxZoom="2" Name="side_r" MaxYRotation="360" InterestPosition="(4.6792;0.759;-0.0)" Position="(9.22;3.041;-2.0846)" MaxXRotation="360" FOV="32.0">

                    </CameraPos>
                    <CameraPos Name="sticker" InterestPosition="(6.729;0.716;1.8521)" Position="(5.0508;1.4245;-0.1802)" Interior="true" FOV="32.0">

                    </CameraPos>
                    <CameraPos Name="sticker_1" InterestPosition="(6.729; 1.028; 1.141)" Position="(5.2; 1.7; -0.5)" Interior="true" FOV="32.0">

                    </CameraPos>
                    <CameraPos Name="glass_sticker" InterestPosition="(5.6943;1.2794;-1.0899)" Position="(7.7374;1.849;0.8373)" Interior="true" FOV="32.0">

                    </CameraPos>
                    <CameraPos Name="door_r_sticker" InterestPosition="(7.2759;0.7814;0.0513)" Position="(4.5939;0.8952;2.4292)" Interior="true" FOV="32.0">

                    </CameraPos>
                    <CameraPos MaxZoom="2" Name="roof" MaxYRotation="360" InterestPosition="(5.7982;0.7133;0.0)" Position="(10.212;2.2427;-3.182)" MaxXRotation="360" FOV="32.0">

                    </CameraPos>
                    <CameraPos Name="capote_sticker" InterestPosition="(6.1563;0.4223;-0.6345)" Position="(8.738;2.83;-0.9127)" Interior="true" FOV="32.0">

                    </CameraPos>
                    <CameraPos MaxZoom="2" Name="hoods" MaxYRotation="360" InterestPosition="(5.787;0.976;0.0)" Position="(11.091;1.495;-3.925)" MaxXRotation="360" FOV="32.0">

                    </CameraPos>
                    <CameraPos MaxZoom="2" Name="side_l" MaxYRotation="360" InterestPosition="(5.944;0.759;0.0)" Position="(9.22;3.041;3.401)" MaxXRotation="360" FOV="32.0">

                    </CameraPos>
                    <CameraPos Name="bubble_head" InterestPosition="(6.729; 1.354; 0.77)" Position="(4.918; 1.476; 0)" Interior="true" FOV="32.0">

                    </CameraPos>
                    <CameraPos MaxZoom="2" Name="wheels" MaxYRotation="360" InterestPosition="(6.2138;0.2915;-0.0463)" Position="(8.5395;0.8848;-3.4932)" MaxXRotation="360" FOV="32.0">

                    </CameraPos>
                    <CameraPos MaxZoom="2" Name="default" MaxYRotation="360" InterestPosition="(5.787;0.976;0.0)" Position="(11.091;1.495;-3.925)" MaxXRotation="360" FOV="32.0">

                    </CameraPos>
                    <CameraPos MaxZoom="2" Name="rear" MaxYRotation="360" InterestPosition="(5.042;0.9555;0.0)" Position="(-0.2578;1.6013;3.76)" MaxXRotation="360" FOV="32.0">

                    </CameraPos>
                    <CameraPos Name="door_l_sticker" InterestPosition="(5.1738;0.76;0.0)" Position="(4.5233;1.0144;-2.3533)" Interior="true" FOV="32.0">

                    </CameraPos>
                    <CameraPos Name="hood_ornament" InterestPosition="(7.114; 1.045; -0.812)" Position="(8.271; 1.392; -0.812)" Interior="true" FOV="32.0">

                    </CameraPos>
              </CustomizationCameras>
              <UiDesc UiName="UI_VEHICLE_INTERNATIONAL_SCOUT_800_NAME" UiDesc="UI_VEHICLE_INTERNATIONAL_SCOUT_800_DESC" UiIconLogo="InternationalNavistarLogo80" UiIcon40x40="scoutVehicleImg" UiIcon30x30="scoutVehicleImg30" UiIcon328x458="shopImgInternational800">

              </UiDesc>
                    <AddonSockets>
                      <Socket Offset="(-0.2; 0; 0)" Names="InternationalScout800SpareWheel" InCockpit="true">

                      </Socket>
                    </AddonSockets>
                    <AddonSockets DefaultAddon="international_scout_800_front_bumper_default">
                      <Socket Names="InternationalScout800FrontBumper">

                      </Socket>
                    </AddonSockets>
                    <AddonSockets DefaultAddon="international_scout_800_rear_bumper_default">
                      <Socket Names="InternationalScout800RearBumper">

                      </Socket>
                    </AddonSockets>
                    <AddonSockets>
                        <Socket Names="InternationalScout800Roofrack">

                        </Socket>
                        <Socket Names="InternationalScout800SpotLight">

                        </Socket>
                    </AddonSockets>
                    <AddonSockets>
                      <Socket Names="InternationalScout800Snorkel">

                      </Socket>
                    </AddonSockets>
                    <AddonSockets>
                      <Socket Names="InternationalScout800Horn">

                      </Socket>
                    </AddonSockets>
                    <AddonSockets>
                      <Socket Names="InternationalScout800Threshold">

                      </Socket>
                    </AddonSockets>
                    <AddonSockets>
                      <Socket Names="InternationalScout800Visor">

                      </Socket>
                    </AddonSockets>
                    <AddonSockets>
                      <Socket Offset="(-2.246; 0.75; 0)" Names="ScautTrailer">

                      </Socket>
                    </AddonSockets>
                    <AddonSockets>
                      <Socket ParentFrame="BoneCabin_cdt" Offset="(0.409; 1.267; 0.231)" Names="StuffDashboard" InCockpit="true">

                      </Socket>
                    </AddonSockets>
                    <AddonSockets>
                      <Socket ParentFrame="BoneCabin_cdt" Names="internationalScout800Sticker_1x1_01" InCockpit="true">

                      </Socket>
                    </AddonSockets>
                    <AddonSockets>
                      <Socket ParentFrame="BoneCabin_cdt" Names="internationalScout800Sticker_1x1_02" InCockpit="true">

                      </Socket>
                    </AddonSockets>
                    <AddonSockets>
                      <Socket ParentFrame="BoneCabin_cdt" Names="internationalScout800Sticker_1x1_03" InCockpit="true">

                      </Socket>
                    </AddonSockets>
                    <AddonSockets>
                      <Socket ParentFrame="BoneCabin_cdt" Names="internationalScout800Sticker_1x2_01" InCockpit="true">

                      </Socket>
                    </AddonSockets>
                    <AddonSockets>
                      <Socket ParentFrame="BoneCabin_cdt" Names="internationalScout800Sticker_1x2_02" InCockpit="true">

                      </Socket>
                    </AddonSockets>
                    <AddonSockets>
                      <Socket ParentFrame="BoneCabin_cdt" Names="internationalScout800Sticker_1x2_03" InCockpit="true">

                      </Socket>
                    </AddonSockets>
                    <AddonSockets>
                      <Socket ParentFrame="BoneCabin_cdt" Names="internationalScout800Sticker_GlassTop" InCockpit="true">

                      </Socket>
                    </AddonSockets>
                    <AddonSockets>
                      <Socket Names="internationalScout800Sticker_Door_R" ParentFrame="BoneCabin_cdt">

                      </Socket>
                    </AddonSockets>
                    <AddonSockets>
                      <Socket Names="internationalScout800Sticker_Door_L" ParentFrame="BoneCabin_cdt">

                      </Socket>
                    </AddonSockets>
                    <AddonSockets>
                      <Socket Names="internationalScout800Sticker_Roof" ParentFrame="BoneCabin_cdt">

                      </Socket>
                    </AddonSockets>
                    <AddonSockets>
                      <Socket Names="internationalScout800Sticker_Capote" ParentFrame="BoneCabin_cdt">

                      </Socket>
                    </AddonSockets>
                    <AddonSockets>
                      <Socket ParentFrame="BoneCabin_cdt" Offset="(0.34; 1.536; 0)" Names="StuffAirfreshener" InCockpit="true">

                      </Socket>
                    </AddonSockets>
                    <AddonSockets>
                      <Socket Names="StuffHoodInternationalScout800" ParentFrame="BoneCabin_cdt">

                      </Socket>
                    </AddonSockets>
                      <CraneSocket Pos="(1.733; 0.588; -0.4)">

                      </CraneSocket>
                      <CraneSocket Pos="(1.733; 0.588; 0.4)">

                      </CraneSocket>
                      <CraneSocket Pos="(-0.2; 1.8; 0)">

                      </CraneSocket>
                      <CraneSocket Pos="(-2.246; 0.728; 0)">

                      </CraneSocket>
                      <CraneSocket Pos="(-0.4; 0.407; 0.748)">

                      </CraneSocket>
                      <CraneSocket Pos="(-0.4; 0.407; -0.748)">

                      </CraneSocket>
                        <WinchSocket Pos="(1.733; 0.588; -0.4)">

                        </WinchSocket>
                        <WinchSocket Pos="(1.733; 0.588; 0.4)">

                        </WinchSocket>
                        <WinchSocket Pos="(-2.246; 0.728; 0)">

                        </WinchSocket>
                        <WinchSocket Pos="(-0.4; 0.407; 0.748)">

                        </WinchSocket>
                        <WinchSocket Pos="(-0.4; 0.407; -0.748)">

                        </WinchSocket>
        </GameData>
        <PhysicsModel Mesh="trucks/international_scout_800">
                <Body CenterOfMassOffset="(-1.1; 0; 0)" NetSync="pv" Mass="1600" ImpactType="Truck">
                    <Body NetSync="pv" CenterOfMassOffset="(1.3; 0; 0)" ModelFrame="BoneCabin_cdt" Mass="1200" ImpactType="Truck">
                        <Constraint Type="Fixed">

                        </Constraint>
                            <Body ModelFrame="BoneTieRod_Hinge_cdt" _template="TieRod">
                              <Constraint Name="TieRodSteer1">

                              </Constraint>
                              <Body ModelFrame="BoneTieRod2_Hinge_cdt" _template="TieRod">
                                    <Constraint Name="TieRodSteer2">

                                    </Constraint>
                              </Body>
                            </Body>
                            <Body ModelFrame="BoneTieRod3_Hinge_cdt" _template="TieRod">
                              <Constraint Name="TieRodSteer3">

                              </Constraint>
                            </Body>
                            <Body ModelFrame="BoneMirrorRight_cdt" _template="SideMirror">

                            </Body>
                            <Body ModelFrame="BoneMirrorLeft_cdt" _template="SideMirror">

                            </Body>
                            <Body ModelFrame="BoneSunshieldRight_cdt" _template="Sunshield">

                            </Body>
                            <Body ModelFrame="BoneSunshieldLeft_cdt" _template="Sunshield">

                            </Body>
                            <Body ModelFrame="BoneAntenna_cdt" _template="Antenna">

                            </Body>
                            <Body Mass="0.2" ModelFrame="BoneKeyFob_cdt">
                              <Constraint Type="Hinge" MaxLimit="50" AxisLocal="(1; 0; 0)" MinLimit="-50">
                                  <Motor Spring="0.001" Damping="0.001" Type="Spring">

                                  </Motor>
                              </Constraint>
                            </Body>
                    </Body>
                </Body>
                <NetSync Legacy="false">

                </NetSync>
        </PhysicsModel>
        <ControlledConstraints>
                    <Constraint IsLinkedSteering="true" Id="chassis_steer" Name="TieRodSteer1">

                    </Constraint>
                    <Constraint IsLinkedSteering="true" Id="chassis_steer" Name="TieRodSteer2">

                    </Constraint>
                    <Constraint IsLinkedSteering="true" Id="chassis_steer" Name="TieRodSteer3">

                    </Constraint>
        </ControlledConstraints>
        <Snorkel Origin="(1.692; 0.883; 0)">

        </Snorkel>
        <Landmark MaxScale="3.8" Mesh="landmarks/international_scout_800_lmk" MinScale="1.8">

        </Landmark>
        <ModelAttachments>
                        <HeadLight>
                              <Flare Pos="(1.672; 0.887; -0.557)" _template="HeadLight" Color="g(255; 235; 195) x 0.5" Size="0.5">

                              </Flare>
                              <Flare Pos="(1.672; 0.887; 0.557)" _template="HeadLight" Color="g(255; 235; 195) x 0.5" Size="0.5">

                              </Flare>
                              <Flare Pos="(1.672; 0.887; -0.557)" _template="BlueStreak" Color="g(220; 220; 255) x 0.05" Size="0.5">

                              </Flare>
                              <Flare Pos="(1.672; 0.887; 0.557)" _template="BlueStreak" Color="g(220; 220; 255) x 0.05" Size="0.5">

                              </Flare>
                                <Model Org="(1.672; 0.887; -0.557)" _template="HeadLightRay">

                                </Model>
                                <Model Org="(1.672; 0.887; 0.557)" _template="HeadLightRay">

                                </Model>
                        </HeadLight>
                        <StopSignals>
                              <Light Pos="(-2.251; 0.714; 0)" _template="StopSignal">

                              </Light>
                                  <Flare Pos="(-2.086; 1.021; -0.671)" _template="StopSignal">

                                  </Flare>
                                  <Flare Pos="(-2.086; 1.021; 0.671)" _template="StopSignal">

                                  </Flare>
                        </StopSignals>
                        <Ignition>
                                  <Light Pos="(1.672; 0.887; -0.557)" _template="IgnitionSignalWhite">

                                  </Light>
                                  <Light Pos="(1.672; 0.887; 0.557)" _template="IgnitionSignalWhite">

                                  </Light>
                                  <Light Pos="(-2.4; 1.021; 0.671)" _template="IgnitionSignalRed">

                                  </Light>
                                  <Light Pos="(-2.4; 1.021; -0.671)" _template="IgnitionSignalRed">

                                  </Light>
                                    <Flare Pos="(1.73; 0.887; -0.557)" _template="IgnitionSignalWhite" Color="g(165; 149; 130) x 0.8" Size="0.45" DirAngle="120">

                                    </Flare>
                                    <Flare Pos="(1.73; 0.887; 0.557)" _template="IgnitionSignalWhite" Color="g(165; 149; 130) x 0.8" Size="0.45" DirAngle="120">

                                    </Flare>
                                    <Flare Pos="(1.769; 0.652; -0.555)" Dir="(1; 0; 0)" _template="IgnitionSignalOrange">

                                    </Flare>
                                    <Flare Pos="(1.769; 0.652; 0.555)" Dir="(1; 0; 0)" _template="IgnitionSignalOrange">

                                    </Flare>
                                    <Flare Pos="(-2.086; 1.021; -0.671)" _template="IgnitionSignalRed" Color="g(169; 0; 0) x 0.6" Size="0.225">

                                    </Flare>
                                    <Flare Pos="(-2.086; 1.021; 0.671)" _template="IgnitionSignalRed" Color="g(169; 0; 0) x 0.6" Size="0.225">

                                    </Flare>
                        </Ignition>
                        <ReverseSignals>
                                    <Light Pos="(-2.4; 0.629; -0.651)" _template="ReverseSignal">

                                    </Light>
                                    <Light Pos="(-2.4; 0.629; 0.651)" _template="ReverseSignal">

                                    </Light>
                                      <Flare Pos="(-2.104; 0.629; -0.651)" _template="ReverseSignal">

                                      </Flare>
                                      <Flare Pos="(-2.104; 0.629; 0.651)" _template="ReverseSignal">

                                      </Flare>
                                      <Flare Pos="(-2.104; 0.629; -0.651)" Dir="(-1; 0; 0)" _template="BlueStreak" Color="g(220; 220; 255) x 0.05" Size="0.4">

                                      </Flare>
                                      <Flare Pos="(-2.104; 0.629; 0.651)" Dir="(-1; 0; 0)" _template="BlueStreak" Color="g(220; 220; 255) x 0.05" Size="0.4">

                                      </Flare>
                        </ReverseSignals>
        </ModelAttachments>
        <TruckData SteerSpeed="0.03" EngineStartDelay="1.7" EngineIconMesh="env/engine_small" TruckType="SCOUT" Responsiveness="0.6" BackSteerSpeed="0.06" TruckImage="scout8001mchr" FuelCapacity="72" DiffLockType="Always" ExhaustStartTime="1.6" EngineIconScale="1">
                          <Driver Pos="(-0.2; 0.788; 0.406)" AnimationSet="Scout" SteeringWheelPos="(0.194; 1.176; 0.399)">

                          </Driver>
                          <SoundsDamage _template="Scout">

                          </SoundsDamage>
                          <Shakers>
                                    <Shaker MaxFrequency="3.8" Frame="BoneExhaustRight" MinAngle="(0.3; 0.3; 0.3)" MaxAngle="(2; 2; 2)">

                                    </Shaker>
                                    <Shaker MaxFrequency="4.2" Frame="BoneExhaustLeft" MinAngle="(0.3; 0.3; 0.3)" MaxAngle="(2; 2; 2)">

                                    </Shaker>
                                    <Shaker MaxFrequency=".8" Frame="BoneGearstick" MinAngle="(0.6; 0.6; 0.6)" MaxAngle="(0.8; 0.8; 0.8)">

                                    </Shaker>
                          </Shakers>
                          <OcclusionMap MinX="-2.5" Texture="trucks/occlusion/chassis_small__s_d_a.tga" HalfSizeZ="1.4" MaxX="2.2">

                          </OcclusionMap>
                          <FuelTank DamageCapacity="50">

                          </FuelTank>
                                      <CompatibleWheels Type="wheels_scout1" Scale="0.4">

                                      </CompatibleWheels>
                                      <CompatibleWheels Type="wheels_scout2" Scale="0.4">

                                      </CompatibleWheels>
                                      <CompatibleWheels Type="wheels_scout1" Scale="0.45">

                                      </CompatibleWheels>
                                      <CompatibleWheels Type="wheels_scout2" Scale="0.45">

                                      </CompatibleWheels>
                                      <CompatibleWheels Type="wheels_scout2" Scale="0.5">

                                      </CompatibleWheels>
                          <EngineSocket Type="e_us_scout_old" Default="us_scout_old_engine_0">

                          </EngineSocket>
                          <SuspensionSocket Type="s_international_scout_800" MaxWheelRadiusWithoutSuspension=".2" Default="international_scout_800_suspension_default">

                          </SuspensionSocket>
                          <Dashboard>
                                                <Gauge InputRange="(0;160)" Dir="(-1; 0.021; 0)" InputType="speed" Org="(0.406; 1.128; 0.264)" Damping="0" Mesh="trucks/arrows/international_scout_800_arrow_01" OutputAngles="(-144;144)">

                                                </Gauge>
                                                <Gauge InputRange="(0;1)" Dir="(-0.999; -0.035; -0)" InputType="fuel" Org="(0.408; 1.119; 0.586)" Damping="0" Mesh="trucks/arrows/international_scout_800_arrow_02" OutputAngles="(-30;30)">

                                                </Gauge>
                                                <Gauge InputRange="(0;1)" Dir="(-0.999; -0.035; -0)" InputType="engineEnabled" Org="(0.408; 1.119; 0.51)" Damping="0" Mesh="trucks/arrows/international_scout_800_arrow_02" OutputAngles="(-28;5)">

                                                </Gauge>
                                                <Gauge InputRange="(0;1)" Dir="(-0.999; -0.035; -0)" InputType="engineEnabled" Org="(0.408; 1.119; 0.434)" Damping="0" Mesh="trucks/arrows/international_scout_800_arrow_02" OutputAngles="(-30;10)">

                                                </Gauge>
                                                <Gauge InputRange="(0;1)" Dir="(-0.999; -0.035; -0)" InputType="engineEnabled" Org="(0.408; 1.119; 0.358)" Damping="0" Mesh="trucks/arrows/international_scout_800_arrow_02" OutputAngles="(-30;-5)">

                                                </Gauge>
                          </Dashboard>
                          <Axles>
                                                  <Axle Frame="BoneAxle1">

                                                  </Axle>
                                                  <Axle Frame="BoneAxle2">

                                                  </Axle>
                          </Axles>
                          <Camera Center="(-1.4; 0; 0)" RadiusMultiplier="0.8">
                                                  <Cockpit WindshieldDiffuseTexture="trucks/international_scout_800_glass__d_a.tga" _template="Default" WindshieldShadingTexture="trucks/international_scout_800_glass__sh_d.tga" ViewPos="(-0.313; 1.517; 0.406)">
                                                        <Mirror FOVScale="1.5" LookAtOffset="(0; 0; 0.03)" MeshFrame="mirror_left" Pos="(0.236; 1.24; 0.854)" ReflectionDir="(-0.945; 0.161; -0.286)" Size="(0.15; 0.15)" ClipDir="(-0.945; 0.161; -0.286)">

                                                        </Mirror>
                                                        <Mirror FOVScale="1.5" ClipDir="(-0.854; 0.075; 0.515)" MeshFrame="mirror_right" Pos="(0.239; 1.239; -0.846)" Size="(0.15; 0.15)" ReflectionDir="(-0.854; 0.075; 0.515)">

                                                        </Mirror>
                                                        <Mirror FOVScale="1" ClipDir="(-0.962; -0.015; 0.273)" MeshFrame="hp_cab_mirror" Pos="(0.323; 1.516; 0.001)" ReflectionDir="(-0.963; -0.021; 0.269)" Size="(0.23; 0.087)" ClipOffset="0.1">

                                                        </Mirror>
                                                  </Cockpit>
                          </Camera>
                                                  <Exhaust IsLight="true" Dir="(-0.525; -0.851; 0)" Speed="2.0" Origin="(-2.127; 0.388; 0.332)">

                                                  </Exhaust>
                                                  <Exhaust IsLight="true" Dir="(-0.525; -0.851; 0)" Speed="2.0" Origin="(-2.127; 0.388; -0.332)">

                                                  </Exhaust>
                          <Sounds _template="Default" MinDist="8.0" Origin="(0.985; 0.85; 0)" DisableReversePitch="true">
                                                      <Reverse Sound="">

                                                      </Reverse>
                                                      <EngineHeavy_2d IsSound2D="true" Sound="">

                                                      </EngineHeavy_2d>
                                                      <EngineLow Sound="trucks/int_scout_800/int_scout_800_low">

                                                      </EngineLow>
                                                      <BrakePull Sound="">

                                                      </BrakePull>
                                                      <EngineHigh Sound="trucks/int_scout_800/int_scout_800_high">

                                                      </EngineHigh>
                                                      <Gear Sound="trucks/int_scout_800/int_scout_800_gear_shift">

                                                      </Gear>
                                                      <EngineRev Sound="trucks/int_scout_800/int_scout_800_rev">

                                                      </EngineRev>
                                                      <EngineHeavy Sound="">

                                                      </EngineHeavy>
                                                      <EngineLow_2d IsSound2D="true" Sound="trucks/int_scout_800/int_scout_800_low_2d">

                                                      </EngineLow_2d>
                                                      <EngineHigh_2d IsSound2D="true" Sound="trucks/int_scout_800/int_scout_800_high_2d">

                                                      </EngineHigh_2d>
                                                      <EngineIdle Sound="trucks/int_scout_800/int_scout_800_idle">

                                                      </EngineIdle>
                                                      <EngineIdle_2d IsSound2D="true" Sound="trucks/int_scout_800/int_scout_800_idle_2d">

                                                      </EngineIdle_2d>
                                                      <EngineStart Sound="trucks/int_scout_800/int_scout_800_start">

                                                      </EngineStart>
                                                      <Handbrake Sound="trucks/int_scout_800/int_scout_800_handbrake_on">

                                                      </Handbrake>
                                                      <Honk Sound="trucks/int_scout_800/int_scout_800_honk">

                                                      </Honk>
                                                      <GearFail Sound="trucks/common/truck_gear_wrong/truck_gear_wrong_small_old">

                                                      </GearFail>
                                                      <BrakesSqueal Sound="trucks/int_scout_800/int_scout_800_brakes_squeal">

                                                      </BrakesSqueal>
                                                      <EngineStop Sound="trucks/int_scout_800/int_scout_800_stop">

                                                      </EngineStop>
                                                      <EngineAccel Sound="trucks/int_scout_800/int_scout_800_acc">

                                                      </EngineAccel>
                                                      <BrakeRelease Sound="trucks/int_scout_800/int_scout_800_brake_release">

                                                      </BrakeRelease>
                          </Sounds>
                          <GearboxSocket Type="gearboxes_scouts" Default="g_scout_default">

                          </GearboxSocket>
                          <Steam Origin="(1.082; 0.672; 0)">

                          </Steam>
                          <Wheels DefaultWheelType="wheels_scout1" DefaultTire="highway_1" DefaultRim="rim_1">
                                                              <Wheel Pos="(1.201; 0.381; 0.742)" _template="FrontWheel">

                                                              </Wheel>
                                                              <Wheel RightSide="true" Pos="(1.201; 0.381; 0.742)" _template="FrontWheel">

                                                              </Wheel>
                                                              <Wheel Pos="(-1.339; 0.381; 0.742)" _template="RearWheel">

                                                              </Wheel>
                                                              <Wheel RightSide="true" Pos="(-1.339; 0.381; 0.742)" _template="RearWheel">

                                                              </Wheel>
                          </Wheels>
                          <WinchUpgradeSocket Type="winches_scouts" Default="w_scout_default" IsUpgradable="true">

                          </WinchUpgradeSocket>
                          <SteeringRack Frame="BoneRack" RackHalfSizeZ="0.589" FrameSteerLeft="BoneRackL" FrameSteerRight="BoneRackR">

                          </SteeringRack>
                          <SteeringWheel Frame="BoneSteering">

                          </SteeringWheel>
                          <SoundsWheels _template="Default">

                          </SoundsWheels>
                          <Damage>
                                                                        <DamageArea Min="(0.6; 0.575; -0.5)" ParentFrame="BoneChassis_cdt" Max="(1.7; 1.22; 0.5)" Type="Engine">

                                                                        </DamageArea>
                                                                        <DamageArea Min="(-0.88; 0.2; -0.8)" ParentFrame="BoneChassis_cdt" Max="(0.8; 0.45; 0.8)" Type="FuelTank">

                                                                        </DamageArea>
                          </Damage>
                          <Shafts>
                                                                          <Shaft SocketPointA="Shaft1a" Mesh="env/minishaft" SocketPointB="Shaft1b">

                                                                          </Shaft>
                                                                          <Shaft SocketPointA="Shaft2a" Mesh="env/minishaft" SocketPointB="Shaft2b">

                                                                          </Shaft>
                          </Shafts>
        </TruckData>
  </Truck>