  <_templates Include="trucks">
      <Wheel>
          <RearWheel Location="rear" ConnectedToHandbrake="true" Torque="default">

          </RearWheel>
          <FrontWheel SteeringAngle="40" Location="front" ParentFrame="BoneCabin_cdt" Torque="connectable" SteeringCastor="8">

          </FrontWheel>
      </Wheel>
      <Body>
            <SideMirror Mass="5" Collisions="None">
                <Constraint Type="Hinge" MaxLimit="15" AxisLocal="(0; 1; 0)" MinLimit="-15">
                    <Motor Spring="250" Damping="1" Type="Spring">

                    </Motor>
                </Constraint>
            </SideMirror>
      </Body>
  </_templates>
  <Truck>
        <HeadLight Pos="(4.200; 1.283; 0.949)" _template="Default">

        </HeadLight>
        <GameData ExcludeAddons="semitrailer_stepdeck_5, semitrailer_gooseneck_4" UnlockByExploration="false" Price="13800" UnlockByRank="1" Country="US">
              <CustomizationCameras>
                    <CameraPos Name="roof_sticker" InterestPosition="(3.893; 0.209; 0.091)" Position="(6.51; 3.927; -0.632)" Interior="true" FOV="32.0">

                    </CameraPos>
                    <CameraPos Name="sticker_1" InterestPosition="(6.729; 3.04; 1.651)" Position="(5.273; 2.205; -0.496)" Interior="true" FOV="32.0">

                    </CameraPos>
                    <CameraPos MaxYRotation="360" MaxZoom="2" Name="addon_1" InterestPosition="(0.576; 1.567; -0)" Position="(-6.817; 2.946; 3.742)" MaxXRotation="360" FOV="32.0">

                    </CameraPos>
                    <CameraPos MaxYRotation="360" MaxZoom="2" Name="addon_2" InterestPosition="(5.211; 0.421; 0)" Position="(3.547; 1.82; -4.118)" MaxXRotation="360" FOV="32.0">

                    </CameraPos>
                    <CameraPos Name="mirror_mount" InterestPosition="(6.729; 2.245; 1.407)" Position="(5.156; 2.203; -0.533)" Interior="true" FOV="32.0">

                    </CameraPos>
                    <CameraPos MaxYRotation="360" MaxZoom="2" Name="side_r" InterestPosition="(4.947; 1.897; 0)" Position="(2.294; 3.12; -3.71)" MaxXRotation="360" FOV="32.0">

                    </CameraPos>
                    <CameraPos Name="sticker" InterestPosition="(6.729; 1.105; 1.741)" Position="(5.39; 2.273; 0.057)" Interior="true" FOV="32.0">

                    </CameraPos>
                    <CameraPos Name="glass_sticker" InterestPosition="(5.823; 1.916; -1.032)" Position="(7.58; 2.856; 1.025)" Interior="true" FOV="32.0">

                    </CameraPos>
                    <CameraPos Name="door_r_sticker" InterestPosition="(5.675; 1.565; 2.281)" Position="(4.53; 1.614; 2.466)" Interior="true" FOV="32.0">

                    </CameraPos>
                    <CameraPos MaxYRotation="360" MaxZoom="2" Name="roof" InterestPosition="(5.345; 1.757; -0)" Position="(9.483; 3.825; -2.677)" MaxXRotation="360" FOV="32.0">

                    </CameraPos>
                    <CameraPos Name="capote_sticker" InterestPosition="(6.91; 1.652; -1.069)" Position="(8.408; 3.471; -1.141)" Interior="true" FOV="32.0">

                    </CameraPos>
                    <CameraPos MaxYRotation="360" MaxZoom="2" Name="hoods" InterestPosition="(6.163; 1.735; 0)" Position="(13.255; 1.454; -3.191)" MaxXRotation="360" FOV="32.0">

                    </CameraPos>
                    <CameraPos MaxYRotation="360" MaxZoom="2" Name="spare_wheel" InterestPosition="(3.895; 0.106; -0)" Position="(2.812; 2.512; -3.826)" MaxXRotation="360" FOV="32.0">

                    </CameraPos>
                    <CameraPos Name="sticker_2" InterestPosition="(6.662; 0.61; 1.935)" Position="(5.221; 1.595; 0.03)" Interior="true" FOV="32.0">

                    </CameraPos>
                    <CameraPos MaxYRotation="360" MaxZoom="2" Name="side_l" InterestPosition="(6.246; 1.487; 0)" Position="(9.395; 2.957; 3.542)" MaxXRotation="360" FOV="32.0">

                    </CameraPos>
                    <CameraPos Name="bubble_head" InterestPosition="(6.729; 1.295; 1.028)" Position="(5.393; 2.352; -0.373)" Interior="true" FOV="32.0">

                    </CameraPos>
                    <CameraPos MaxYRotation="360" MaxZoom="2" Name="wheels" InterestPosition="(5.808; 0.77; 0)" Position="(8.851; 0.966; -4.483)" MaxXRotation="360" FOV="32.0">

                    </CameraPos>
                    <CameraPos MaxYRotation="360" MaxZoom="2" Name="default" InterestPosition="(6.163; 1.735; 0)" Position="(13.255; 1.454; -3.191)" MaxXRotation="360" FOV="32.0">

                    </CameraPos>
                    <CameraPos MaxYRotation="360" MaxZoom="2" Name="rear" InterestPosition="(1.652; 0.953; -0)" Position="(-4.96; 2.298; 2.315)" MaxXRotation="360" FOV="32.0">

                    </CameraPos>
                    <CameraPos Name="door_l_sticker" InterestPosition="(5.368; 1.565; 0.057)" Position="(4.57; 1.614; -2.46)" Interior="true" FOV="32.0">

                    </CameraPos>
                    <CameraPos Name="hood_ornament" InterestPosition="(7.506; 1.929; -1.231)" Position="(8.557; 2.245; -1.231)" Interior="true" FOV="32.0">

                    </CameraPos>
                    <CameraPos Name="curtain" InterestPosition="(6.729; 2.245; 1.407)" Position="(5.156; 2.203; -0.533)" Interior="true" FOV="32.0">

                    </CameraPos>
              </CustomizationCameras>
              <UiDesc UiName="UI_VEHICLE_FLEETSTAR_F2070A_NAME" UiDesc="UI_VEHICLE_FLEETSTAR_F2070A_DESC" UiIconLogo="InternationalNavistarLogo80" UiIcon40x40="heavyDutyVehicleImg" UiIcon30x30="heavyDutyVehicleImg30" UiIcon328x458="shopImgInternationalF2070">

              </UiDesc>
                    <AddonSockets>
                      <Socket Offset="(0; 0; 0)" Names="InternationalFleetstarF2070aSpareWheel" ParentFrame="BoneChassis_cdt">
                          <ExtraParent Frame="BoneCabin_cdt">

                          </ExtraParent>
                      </Socket>
                    </AddonSockets>
                    <AddonSockets DefaultAddon="international_fleetstar_f2070a_bumper_default">
                      <Socket Offset="(0; 0; 0)" Names="InternationalFleetstarF2070aBumper" ParentFrame="BoneCabin_cdt">

                      </Socket>
                    </AddonSockets>
                    <AddonSockets>
                      <Socket Offset="(0; 0; 0)" Names="InternationalFleetstarF2070aSnorkel" ParentFrame="BoneCabinRagdoll_cdt">

                      </Socket>
                    </AddonSockets>
                    <AddonSockets>
                      <Socket Offset="(0; 0; 0)" Names="InternationalFleetstarF2070aCabinProtector" ParentFrame="BoneCabin_cdt">

                      </Socket>
                    </AddonSockets>
                    <AddonSockets>
                      <Socket Offset="(0; 0; 0)" Names="InternationalFleetstarF2070aHorn" ParentFrame="BoneCabinRagdoll_cdt">

                      </Socket>
                    </AddonSockets>
                    <AddonSockets>
                      <Socket Offset="(0; 0; 0)" Names="InternationalFleetstarF2070aVisor" ParentFrame="BoneCabinRagdoll_cdt">

                      </Socket>
                    </AddonSockets>
                    <AddonSockets>
                      <Socket Offset="(0; 0; 0)" Names="InternationalFleetstarF2070aBeacon" ParentFrame="BoneCabinRagdoll_cdt">

                      </Socket>
                    </AddonSockets>
                    <AddonSockets>
                      <Socket Offset="(0; 0; 0)" Names="InternationalFleetstarF2070aThreshold" ParentFrame="BoneCabin_cdt">

                      </Socket>
                    </AddonSockets>
                    <AddonSockets DefaultAddon="international_fleetstar_f2070a_exhaust_default">
                      <Socket Offset="(0; 0; 0)" Names="InternationalFleetstarF2070aExhaust" ParentFrame="BoneCabin_cdt">
                          <ExtraParent Frame="BoneChassis_cdt">

                          </ExtraParent>
                      </Socket>
                    </AddonSockets>
                    <AddonSockets DefaultAddon="international_fleetstar_f2070a_fender_default">
                      <Socket Offset="(0; 0; 0)" Names="InternationalFleetstarF2070aFender" ParentFrame="BoneChassis_cdt">
                          <ExtraParent Frame="BoneCabin_cdt">

                          </ExtraParent>
                      </Socket>
                    </AddonSockets>
                    <AddonSockets>
                        <Socket ParentFrame="BoneChassis_cdt" Offset="(0.622; -0.043; 0)" Names="MetalDetector" NamesBlock="InternationalFleetstarF2070aSpareWheel, LargeSemitrailerOiltank, FrameAddonKung, FrameAddonTank, FrameAddonMaintainer, FrameAddon, BigCraneUs, BigCraneRu">

                        </Socket>
                        <Socket Offset="(1.050; 1.01; 0)" Names="MinicraneUS" NamesBlock="FrameAddonKung, FrameAddonTank">
                          <AddonsShift Offset="(-0.25; 0; 0)" Types="InternationalFleetstarF2070aCabinProtector">

                          </AddonsShift>
                        </Socket>
                    </AddonSockets>
                    <AddonSockets>
                        <Socket Offset="(-1.2; 1.5; 0)" Names="LargeSemitrailer">

                        </Socket>
                        <Socket Offset="(-1.2; 1.5; 0)" Names="LargeSemitrailerOiltank">
                          <AddonsShift Offset="(0; 0; 0)" Types="MinicraneUS, InternationalFleetstarF2070aCabinProtector" TrailerNamesBlock="LargeSemitrailerOiltank">

                          </AddonsShift>
                        </Socket>
                        <Socket Offset="(-1.5; 1.5; 0)" Names="Semitrailer, SemitrailerOiltank">

                        </Socket>
                        <Socket Offset="(-4.205; 0.841; 0)" Names="Trailer">

                        </Socket>
                    </AddonSockets>
                    <AddonSockets>
                        <Socket Offset="(-5.060; 1.015; 0)" Names="BunkLog" NamesBlock="MinicraneUS, MetalDetector">

                        </Socket>
                        <Socket Offset="(-0.86; 1.01; 0)" Names="FrameAddonLogShort" NamesBlock="MinicraneUS, MetalDetector, InternationalFleetstarF2070aFender, InternationalFleetstarF2070aCabinProtector">

                        </Socket>
                        <Socket Offset="(-1.5; 1.01; 0)" Names="SaddleLow1">

                        </Socket>
                        <Socket Offset="(-1.2; 1.01; 0)" Names="SaddleHigh">

                        </Socket>
                        <Socket Offset="(-0.95; 1.008; 0)" Names="FrameAddon" ParentFrame="BoneChassis_cdt">
                            <AddonsShift Offset="(-1; 0; 0)" Types="MinicraneUS">

                            </AddonsShift>
                            <AddonsShift Offset="(-0.26; 0; 0)" Types="InternationalFleetstarF2070aCabinProtector">

                            </AddonsShift>
                        </Socket>
                        <Socket ParentFrame="BoneChassis_cdt" Offset="(-1.45; 1.008; 0)" Names="FrameAddonTow" NamesBlock="MinicraneUS, MetalDetector, Trailer">
                          <AddonsShift Offset="(-.15; 0; 0)" Types="InternationalFleetstarF2070aCabinProtector">

                          </AddonsShift>
                        </Socket>
                        <Socket Offset="(-1.1; 1.08; 0)" Names="FrameAddonKung" ParentFrame="BoneChassis_cdt">
                            <ExtraParent Offset="(0; 0; -0.1)" Frame="BoneChassis_cdt">

                            </ExtraParent>
                            <ExtraParent Offset="(0; 0; 0.1)" Frame="BoneChassis_cdt">

                            </ExtraParent>
                        </Socket>
                        <Socket Offset="(-1.91; 1.02; 0)" Names="FrameAddonTank" ParentFrame="BoneChassis_cdt">

                        </Socket>
                        <Socket Offset="(-1.754; 1.015; 0)" Names="BigCraneUs" NamesBlock="MinicraneUS">

                        </Socket>
                        <Socket Offset="(0.998; 1.011; 0)" Names="LogLift" NamesBlock="MetalDetector, MinicraneUS">

                        </Socket>
                        <Socket ParentFrame="BoneChassis_cdt" Offset="(-1.95; -0.022; 0)" Names="FrameAddonMaintainer" NamesBlock="Trailer, MinicraneUS">

                        </Socket>
                    </AddonSockets>
                    <AddonSockets DefaultAddon="international_fleetstar_f2070a_diff_lock_default">
                      <Socket Offset="(0; 0; 0)" Names="FleetstarF2070ADiffLock" ParentFrame="BoneChassis_cdt">

                      </Socket>
                    </AddonSockets>
                    <AddonSockets DefaultAddon="international_fleetstar_f2070a_transferbox_default">
                      <Socket Offset="(0; 0; 0)" Names="FleetstarF2070aTransferBox" ParentFrame="BoneChassis_cdt">
                            <ExtraParent Frame="BoneCabin_cdt">

                            </ExtraParent>
                            <ExtraParent Frame="BoneAxle1">

                            </ExtraParent>
                            <ExtraParent Frame="BoneRack">

                            </ExtraParent>
                      </Socket>
                    </AddonSockets>
                    <AddonSockets>
                      <Socket ParentFrame="BoneCabinRagdoll_cdt" Offset="(2.933; 2.047; 0.166)" Names="StuffDashboard" InCockpit="true">

                      </Socket>
                    </AddonSockets>
                    <AddonSockets>
                      <Socket ParentFrame="BoneCabinRagdoll_cdt" Names="internationalFleetstarF2070aSticker_1x1_01" InCockpit="true">

                      </Socket>
                    </AddonSockets>
                    <AddonSockets>
                      <Socket ParentFrame="BoneCabinRagdoll_cdt" Names="internationalFleetstarF2070aSticker_1x1_02" InCockpit="true">

                      </Socket>
                    </AddonSockets>
                    <AddonSockets>
                      <Socket ParentFrame="BoneCabinRagdoll_cdt" Names="internationalFleetstarF2070aSticker_1x1_03" InCockpit="true">

                      </Socket>
                    </AddonSockets>
                    <AddonSockets>
                      <Socket ParentFrame="BoneCabinRagdoll_cdt" Names="internationalFleetstarF2070aSticker_1x1_04" InCockpit="true">

                      </Socket>
                    </AddonSockets>
                    <AddonSockets>
                      <Socket ParentFrame="BoneSunshieldL_cdt" Names="internationalFleetstarF2070aSticker_1x2_01" InCockpit="true">

                      </Socket>
                    </AddonSockets>
                    <AddonSockets>
                      <Socket ParentFrame="BoneSunshieldR_cdt" Names="internationalFleetstarF2070aSticker_1x2_02" InCockpit="true">

                      </Socket>
                    </AddonSockets>
                    <AddonSockets>
                        <Socket ParentFrame="BoneCabinRagdoll_cdt" Offset="(2.794; 2.447; 0.098)" Names="StuffAirfreshener" InCockpit="true">

                        </Socket>
                        <Socket ParentFrame="BoneCabinRagdoll_cdt" Names="StuffCurtainInternationalFleetstarF2070a" InCockpit="true">

                        </Socket>
                    </AddonSockets>
                    <AddonSockets>
                      <Socket ParentFrame="BoneCabinRagdoll_cdt" Names="internationalFleetstarF2070ASticker_GlassTop" InCockpit="true">

                      </Socket>
                    </AddonSockets>
                    <AddonSockets>
                      <Socket ParentFrame="BoneCabinRagdoll_cdt" Names="internationalFleetstarF2070ASticker_GlassBottom" InCockpit="true">

                      </Socket>
                    </AddonSockets>
                    <AddonSockets>
                      <Socket Names="internationalFleetstarF2070ASticker_Door_R" ParentFrame="BoneCabinRagdoll_cdt">

                      </Socket>
                    </AddonSockets>
                    <AddonSockets>
                      <Socket Names="internationalFleetstarF2070ASticker_Door_L" ParentFrame="BoneCabinRagdoll_cdt">

                      </Socket>
                    </AddonSockets>
                    <AddonSockets>
                      <Socket Names="internationalFleetstarF2070ASticker_Roof" ParentFrame="BoneCabinRagdoll_cdt">

                      </Socket>
                    </AddonSockets>
                    <AddonSockets>
                      <Socket Names="internationalFleetstarF2070ASticker_Capote" ParentFrame="BoneCabinRagdoll_cdt">

                      </Socket>
                    </AddonSockets>
                    <AddonSockets>
                      <Socket Names="StuffHoodInternationalFleetstarF2070A" ParentFrame="BoneCabinRagdoll_cdt">

                      </Socket>
                    </AddonSockets>
                      <CraneSocket Pos="(4.247; 0.887; -0.465)" ParentFrame="BoneCabin_cdt">

                      </CraneSocket>
                      <CraneSocket Pos="(4.247; 0.887; 0.465)" ParentFrame="BoneCabin_cdt">

                      </CraneSocket>
                      <CraneSocket Pos="(-4.156; 0.841; 0)">

                      </CraneSocket>
                      <CraneSocket Pos="(1.181; 0.887; 0.445)">

                      </CraneSocket>
                      <CraneSocket Pos="(0.895; 0.887; -0.445)">

                      </CraneSocket>
                        <WinchSocket Pos="(4.247; 0.887; -0.465)" ParentFrame="BoneCabin_cdt">

                        </WinchSocket>
                        <WinchSocket Pos="(4.247; 0.887; 0.465)" ParentFrame="BoneCabin_cdt">

                        </WinchSocket>
                        <WinchSocket Pos="(-4.156; 0.841; 0)">

                        </WinchSocket>
                        <WinchSocket Pos="(1.181; 0.887; 0.445)">

                        </WinchSocket>
                        <WinchSocket Pos="(0.895; 0.887; -0.445)">

                        </WinchSocket>
        </GameData>
        <PhysicsModel Mesh="trucks/international_fleetstar_f2070a">
                <Body NetSync="pv" CenterOfMassOffset="(-.6,0,0)" ModelFrame="BoneChassis_cdt" Mass="3500" ImpactType="Truck">
                    <Body NetSync="pv" ModelFrame="BoneCabin_cdt" ForceBodyParams="true" Mass="1500" ImpactType="Truck">
                        <Constraint Type="Hinge" MaxLimit="1.5" AxisLocal="(1; 0; 0)" MinLimit="-1.5">
                            <Motor Spring="240000" Damping="24000" Type="Spring">

                            </Motor>
                        </Constraint>
                            <Body ModelFrame="BoneLugL_cdt" Mass="1" ImpactType="Truck" Collisions="None">
                              <Constraint Type="Hinge" MaxLimit="60" AxisLocal="(0; 0; 1)" MinLimit="0">

                              </Constraint>
                            </Body>
                            <Body ModelFrame="BoneLugR_cdt" Mass="1" ImpactType="Truck" Collisions="None">
                              <Constraint Type="Hinge" MaxLimit="60" AxisLocal="(0; 0; 1)" MinLimit="0">

                              </Constraint>
                            </Body>
                            <Body CenterOfMassOffset="(-1.2; 0; 0)" ModelFrame="BoneCabinRagdoll_cdt" Mass="1300" ImpactType="Truck">
                              <Constraint Type="Ragdoll" PlaneMin="-2.5" PlaneMax="2.5" TwistAxisLocal="(0; 1; 0)" Cone="2.5" PlaneAxisLocal="(1; 0; 0)">
                                  <ConeMotor Spring="1500000" Damping="20000" Type="Spring">

                                  </ConeMotor>
                                  <PlaneMotor Spring="450000" Damping="20000" Type="Spring">

                                  </PlaneMotor>
                              </Constraint>
                                  <Body Mass="0.2" ModelFrame="BoneKeyFob_cdt">
                                    <Constraint Type="Hinge" MaxLimit="50" AxisLocal="(1; 0; 0)" MinLimit="-50" PivotOffset="(0; 0; 0)">
                                        <Motor Spring="0.001" Damping="0.001" Type="Spring">

                                        </Motor>
                                    </Constraint>
                                  </Body>
                                  <Body Mass="1" ModelFrame="BoneWire_cdt">
                                    <Constraint Type="Hinge" MaxLimit="30" AxisLocal="(1; 0; 0)" MinLimit="-12">
                                        <Motor Spring=".25" Damping=".25" Type="Spring">

                                        </Motor>
                                    </Constraint>
                                  </Body>
                                  <Body ModelFrame="BoneMirrorLeft_cdt" _template="SideMirror">

                                  </Body>
                                  <Body ModelFrame="BoneMirrorRight_cdt" _template="SideMirror">

                                  </Body>
                            </Body>
                            <Body ModelFrame="BoneTieRod_cdt" _template="TieRod">
                              <Constraint MaxLimit="40" AxisLocal="(0; 0; 1)" MinLimit="-40" Name="TieRodSteer">

                              </Constraint>
                            </Body>
                    </Body>
                </Body>
                <NetSync Legacy="false">

                </NetSync>
        </PhysicsModel>
        <ControlledConstraints>
                  <Constraint IsLinkedSteering="true" Id="chassis_steer" Name="TieRodSteer">

                  </Constraint>
        </ControlledConstraints>
        <ModelAttachments>
                    <HeadLight>
                          <Flare Pos="(4.162; 1.283; -0.949)" ParentFrame="BoneCabin_cdt" _template="HeadLight">

                          </Flare>
                          <Flare Pos="(4.162; 1.283; 0.949)" ParentFrame="BoneCabin_cdt" _template="HeadLight">

                          </Flare>
                          <Flare Pos="(4.162; 1.283; -0.949)" ParentFrame="BoneCabin_cdt" _template="BlueStreak">

                          </Flare>
                          <Flare Pos="(4.162; 1.283; 0.949)" ParentFrame="BoneCabin_cdt" _template="BlueStreak">

                          </Flare>
                            <Model Org="(4.162; 1.283; -0.949)" ParentFrame="BoneCabin_cdt" _template="HeadLightRay">

                            </Model>
                            <Model Org="(4.162; 1.283; 0.949)" ParentFrame="BoneCabin_cdt" _template="HeadLightRay">

                            </Model>
                    </HeadLight>
                    <StopSignals>
                          <Light Pos="(-4.1; 0.671; 0)" _template="StopSignal">

                          </Light>
                              <Flare Pos="(-3.987; 0.671; -0.265)" Size=".4" _template="StopSignal">

                              </Flare>
                              <Flare Pos="(-3.987; 0.671; 0.265)" Size=".4" _template="StopSignal">

                              </Flare>
                    </StopSignals>
                    <Ignition>
                              <Light Pos="(4.55; 1.013; 0.9)" _template="IgnitionSignalWhite">

                              </Light>
                              <Light Pos="(4.55; 1.013; -0.9)" _template="IgnitionSignalWhite">

                              </Light>
                              <Light Pos="(-4.3; 1.025; -0)" _template="IgnitionSignalRed">

                              </Light>
                                <Flare Pos="(2.671; 2.586; -0.603)" ParentFrame="BoneCabinRagdoll_cdt" _template="MarkerBeacon">

                                </Flare>
                                <Flare Pos="(2.671; 2.586; 0.603)" ParentFrame="BoneCabinRagdoll_cdt" _template="MarkerBeacon">

                                </Flare>
                                <Flare Pos="(2.727; 2.618; 0)" ParentFrame="BoneCabinRagdoll_cdt" _template="MarkerBeacon">

                                </Flare>
                                <Flare Pos="(2.727; 2.614; -0.174)" ParentFrame="BoneCabinRagdoll_cdt" _template="MarkerBeacon">

                                </Flare>
                                <Flare Pos="(2.727; 2.614; 0.174)" ParentFrame="BoneCabinRagdoll_cdt" _template="MarkerBeacon">

                                </Flare>
                                <Flare Pos="(4.162; 1.283; -0.949)" _template="IgnitionSignalWhite" ParentFrame="BoneCabinRagdoll_cdt" DirAngle="120">

                                </Flare>
                                <Flare Pos="(4.162; 1.283; 0.949)" _template="IgnitionSignalWhite" ParentFrame="BoneCabinRagdoll_cdt" DirAngle="120">

                                </Flare>
                                <Flare Pos="(-3.987; 0.671; -0.265)" _template="IgnitionSignalRed">

                                </Flare>
                                <Flare Pos="(-3.987; 0.671; 0.265)" _template="IgnitionSignalRed">

                                </Flare>
                                <Flare Pos="(3.621; 1.322; -1.218)" _template="Beacon" Color="g(255; 192; 0) x 0.17" Size="0.2">

                                </Flare>
                                <Flare Pos="(3.621; 1.322; 1.218)" _template="Beacon" Color="g(255; 192; 0) x 0.17" Size="0.2">

                                </Flare>
                                <Flare Pos="(3.994; 1.57; -1.042)" Size="0.4" _template="Beacon">

                                </Flare>
                                <Flare Pos="(3.994; 1.57; 1.042)" Size="0.4" _template="Beacon">

                                </Flare>
                    </Ignition>
                    <ReverseSignals>
                              <Light Pos="(-4.4; 0.71; 0)" _template="ReverseSignal">

                              </Light>
                                  <Flare Pos="(-3.987; 0.71; -0.265)" Size="0.25" _template="ReverseSignal">

                                  </Flare>
                                  <Flare Pos="(-3.987; 0.71; 0.265)" Size="0.25" _template="ReverseSignal">

                                  </Flare>
                                  <Flare Pos="(-3.987; 0.71; -0.265)" Dir="(-1; 0; 0)" _template="BlueStreak" Color="g(220; 220; 255) x 0.05" Size="0.3">

                                  </Flare>
                                  <Flare Pos="(-3.987; 0.71; 0.265)" Dir="(-1; 0; 0)" _template="BlueStreak" Color="g(220; 220; 255) x 0.05" Size="0.3">

                                  </Flare>
                    </ReverseSignals>
        </ModelAttachments>
        <Landmark MaxScale="3.8" Mesh="landmarks/international_fleetstar_f2070a_lmk" MinScale="1.8">

        </Landmark>
        <AutomaticIK>
                        <IKBone ParentFrame="BoneTieRod_cdt" ModelFrame="BoneTieRodHinge2">
                            <IKJoint Type="Hinge2" AxisLocal="(1; 0; 0)">

                            </IKJoint>
                            <IKBone AttachToFrame="BoneRackLeft" AttachOffset="(0; 0; 0)" ModelFrame="BoneTieRodPrismatic">
                                  <IKJoint Type="Slider" AxisLocal="(1; 0; 0)">

                                  </IKJoint>
                            </IKBone>
                        </IKBone>
        </AutomaticIK>
        <TruckData SteerSpeed="0.033" EngineStartDelay="0.8" EngineIconMesh="env/engine_default" TruckType="HEAVY_DUTY" Responsiveness="0.1" BackSteerSpeed="0.025" TruckImage="fleetstarF2070A1mchr" FuelCapacity="240" DiffLockType="Installed" ExhaustStartTime="0.9" EngineIconScale="1.2">
                          <Driver Pos="(2.285; 1.643; 0.436)" ParentFrame="BoneCabinRagdoll_cdt" SteeringWheelPos="(2.667; 1.971; 0.433)">

                          </Driver>
                          <SoundsDamage _template="Heavy">

                          </SoundsDamage>
                          <OcclusionMap HalfSizeZ="2" MinX="-3.8" MaxX="4.809">

                          </OcclusionMap>
                          <FuelTank DamageCapacity="50">

                          </FuelTank>
                          <Intake Size="1" Dir="(1; 0; 0)" Origin="(4.207; 1.281; 0)">

                          </Intake>
                          <EngineSocket Type="e_us_truck_old, e_us_truck_old_top" Default="us_truck_old_engine_0">

                          </EngineSocket>
                          <SuspensionSocket Type="s_fleetstar_f2070a" MaxWheelRadiusWithoutSuspension="0.48" Default="fleetstar_f2070a_suspension_default">

                          </SuspensionSocket>
                          <Dashboard>
                                              <Gauge InputRange="(0;1)" Dir="(-0.972; 0.235; 0.008)" InputType="engineEnabled" Org="(2.862; 1.961; 0.569)" Damping="0.99" Mesh="trucks/arrows/international_fleetstar_f2070a_arrow_01" OutputAngles="(-54;-5)">

                                              </Gauge>
                                              <Gauge InputRange="(0;1)" Dir="(-0.972; 0.235; 0.008)" InputType="engineEnabled" Org="(2.862; 1.963; 0.51)" Damping="0.99" Mesh="trucks/arrows/international_fleetstar_f2070a_arrow_01" OutputAngles="(-133;23)">

                                              </Gauge>
                                              <Gauge InputRange="(0;1)" Dir="(-0.972; 0.235; 0.008)" InputType="engineEnabled" Org="(2.849; 1.91; 0.539)" Damping="0.99" Mesh="trucks/arrows/international_fleetstar_f2070a_arrow_01" OutputAngles="(-54;-28)">

                                              </Gauge>
                                              <Gauge InputRange="(0;1)" Dir="(-0.972; 0.235; 0.008)" InputType="rpm" Org="(2.86; 1.943; 0.431)" Damping="0.9" Mesh="trucks/arrows/international_fleetstar_f2070a_arrow_02" OutputAngles="(-135;135)">

                                              </Gauge>
                                              <Gauge InputRange="(0;120)" Dir="(-0.972; 0.235; 0.008)" InputType="speed" Org="(2.861; 1.946; 0.339)" Damping="0" Mesh="trucks/arrows/international_fleetstar_f2070a_arrow_02" OutputAngles="(-121;122)">

                                              </Gauge>
                                              <Gauge InputRange="(0;1)" Dir="(-0.972; 0.235; 0.008)" InputType="fuel" Org="(2.862; 1.968; 0.261)" Damping="0.9" Mesh="trucks/arrows/international_fleetstar_f2070a_arrow_01" OutputAngles="(-61;61)">

                                              </Gauge>
                                              <Gauge InputRange="(0;1)" Dir="(-0.972; 0.235; 0.008)" InputType="engineEnabled" Org="(2.862; 1.968; 0.2)" Damping="0.99" Mesh="trucks/arrows/international_fleetstar_f2070a_arrow_01" OutputAngles="(-135;75)">

                                              </Gauge>
                          </Dashboard>
                          <Axles>
                                                <Axle Frame="BoneAxle1">

                                                </Axle>
                                                <Axle Frame="BoneAxle2">

                                                </Axle>
                                                <Axle Frame="BoneAxle3">

                                                </Axle>
                          </Axles>
                          <Camera Center="(-1.2; 0; 0)" ParentFrame="BoneCabin_cdt">
                                                <Cockpit WindshieldDiffuseTexture="trucks/international_fleetstar_f2070a_glass__d_a.tga" _template="Default" WindshieldShadingTexture="trucks/international_fleetstar_f2070a_glass__sh_d.tga" ViewPos="(2.21; 2.3; 0.436)">
                                                    <Rear ViewPosOffset="(0.05; -0.15; 0.7)">

                                                    </Rear>
                                                        <Mirror LookAtOffset="(0.05; 0; 0.125)" Size="(0.175; 0.42)" FOVScale="2" ReflectionDir="(-0.897; -0.055; -0.438)" Pos="(2.508; 2.167; 1.041)" ClipDir="(-0.897; -0.055; -0.438)" MeshFrame="mirror_left" ClipOffset="0.125">
                                                          <SecondaryView FOVScale="1" ClipDir="(-0.897; -0.055; -0.438)" MeshFrame="mirror_left_1" Pos="(2.505; 1.856; 1.034)" CurveAngle="10" Size="(0.219; 0.219)" ClipOffset="0.1">

                                                          </SecondaryView>
                                                        </Mirror>
                                                        <Mirror FOVScale="2.5" ClipDir="(-0.797; -0.043; 0.603)" MeshFrame="mirror_right" Pos="(2.495; 2.165; -1.03)" ReflectionDir="(-0.797; -0.043; 0.603)" Size="(0.157; 0.409)" ClipOffset="0.1">
                                                          <SecondaryView FOVScale="1.2" ClipDir="(-0.797; -0.043; 0.603)" MeshFrame="mirror_right_1" Pos="(2.481; 1.859; -1.032)" CurveAngle="10" Size="(0.219; 0.219)" ClipOffset="0.1">

                                                          </SecondaryView>
                                                        </Mirror>
                                                </Cockpit>
                          </Camera>
                                                <CompatibleWheels Type="wheels_medium_double" Scale="0.53">

                                                </CompatibleWheels>
                                                <CompatibleWheels Type="wheels_medium_double" Scale="0.57">

                                                </CompatibleWheels>
                                                  <LimitedFluid SizeX="0.958" Center="(2.307; 0.681; -0.825)" Type="Box" SizeZ="0.584" SizeY="0.463">

                                                  </LimitedFluid>
                                                  <LimitedFluid SizeX="1.077" Center="(1.945; 0.68; 0.823)" Type="Box" SizeZ="0.589" SizeY="0.466">

                                                  </LimitedFluid>
                          <Sounds ParentFrame="BoneChassis_cdt" _template="Default" AirHissInterval="12.0" Origin="(3.2; 1.5; 0)" MinDist="10.0" DisableReversePitch="false">
                                                      <Reverse Sound="trucks/int_fleetstar_f2070a/int_fleetstar_f2070a_reverse">

                                                      </Reverse>
                                                      <EngineTrans Sound="">

                                                      </EngineTrans>
                                                      <EngineLow Sound="trucks/int_fleetstar_f2070a/int_fleetstar_f2070a_low">

                                                      </EngineLow>
                                                      <BrakePull Sound="trucks/int_fleetstar_f2070a/int_fleetstar_f2070a_brake_pull">

                                                      </BrakePull>
                                                      <EngineHigh Sound="trucks/int_fleetstar_f2070a/int_fleetstar_f2070a_high">

                                                      </EngineHigh>
                                                      <ChassisStress Sound="trucks/common/truck_swing_big_rnd_set/truck_swing_big_rnd">

                                                      </ChassisStress>
                                                      <EngineRev Sound="trucks/int_fleetstar_f2070a/int_fleetstar_f2070a_rev">

                                                      </EngineRev>
                                                      <AbruptStop Sound="trucks/common/truck_swing_big_old_rnd_set/truck_swing_big_old_rnd">

                                                      </AbruptStop>
                                                      <EngineHeavy_2d IsSound2D="true" Sound="trucks/int_fleetstar_f2070a/int_fleetstar_f2070a_heavy_2d">

                                                      </EngineHeavy_2d>
                                                      <EngineHigh_2d IsSound2D="true" Sound="trucks/int_fleetstar_f2070a/int_fleetstar_f2070a_high_2d">

                                                      </EngineHigh_2d>
                                                      <EngineHeavy Sound="trucks/int_fleetstar_f2070a/int_fleetstar_f2070a_heavy">

                                                      </EngineHeavy>
                                                      <EngineIdle_2d IsSound2D="true" Sound="trucks/int_fleetstar_f2070a/int_fleetstar_f2070a_idle_2d">

                                                      </EngineIdle_2d>
                                                      <EngineStart Sound="trucks/int_fleetstar_f2070a/int_fleetstar_f2070a_start">

                                                      </EngineStart>
                                                      <EngineIdle Sound="trucks/int_fleetstar_f2070a/int_fleetstar_f2070a_idle">

                                                      </EngineIdle>
                                                      <Honk Sound="trucks/int_fleetstar_f2070a/int_fleetstar_f2070a_honk">

                                                      </Honk>
                                                      <EngineLow_2d IsSound2D="true" Sound="trucks/int_fleetstar_f2070a/int_fleetstar_f2070a_low_2d">

                                                      </EngineLow_2d>
                                                      <BrakesSqueal Sound="trucks/int_fleetstar_f2070a/int_fleetstar_f2070a_brakes_squeal">

                                                      </BrakesSqueal>
                                                      <EngineStop Sound="trucks/int_fleetstar_f2070a/int_fleetstar_f2070a_stop">

                                                      </EngineStop>
                                                      <EngineAccel Sound="trucks/int_fleetstar_f2070a/int_fleetstar_f2070a_acc">

                                                      </EngineAccel>
                                                      <BrakeRelease Sound="trucks/gmc_9500/gmc_9500_brake_release">

                                                      </BrakeRelease>
                          </Sounds>
                          <Wheels DefaultWheelType="wheels_medium_double" DefaultTire="highway_1" DefaultRim="rim_1">
                                                          <Wheel Pos="(3.527; 0.523; 1.027)" _template="FrontWheel">

                                                          </Wheel>
                                                          <Wheel RightSide="true" Pos="(3.527; 0.523; 1.027)" _template="FrontWheel">

                                                          </Wheel>
                                                          <Wheel Pos="(-0.984; 0.523; 0.894)" _template="RearWheel">

                                                          </Wheel>
                                                          <Wheel RightSide="true" Pos="(-0.984; 0.523; 0.894)" _template="RearWheel">

                                                          </Wheel>
                                                          <Wheel Pos="(-2.204; 0.523; 0.894)" _template="RearWheel">

                                                          </Wheel>
                                                          <Wheel RightSide="true" Pos="(-2.204; 0.523; 0.894)" _template="RearWheel">

                                                          </Wheel>
                          </Wheels>
                                                        <Steam Origin="(1.984; 1; 0)">

                                                        </Steam>
                                                        <Steam Scale="0.5" Origin="(3.55; 1.2; 0)" ParentFrame="BoneCabin_cdt">

                                                        </Steam>
                          <GearboxSocket Type="gearboxes_trucks" Default="g_truck_default">

                          </GearboxSocket>
                          <WinchUpgradeSocket Type="winches_medium_trucks" Default="w_medium_trucks_default" IsUpgradable="true">

                          </WinchUpgradeSocket>
                          <SteeringRack Frame="BoneRack" RackHalfSizeZ="0.828" FrameSteerLeft="BoneRackLeft" FrameSteerRight="BoneRackRight">

                          </SteeringRack>
                          <SteeringWheel Frame="BoneSteering">

                          </SteeringWheel>
                          <SoundsWheels _template="Default">

                          </SoundsWheels>
                          <Damage>
                                                                        <DamageArea Min="(3; 0.9; -0.6)" ParentFrame="BoneCabin_cdt" Max="(4.15; 2; 0.6)" Type="Engine">

                                                                        </DamageArea>
                                                                        <DamageArea Min="(1.35; 0.358; -1.219)" ParentFrame="BoneCabin_cdt" Max="(2.892; 0.972; 1.219)" Type="FuelTank">

                                                                        </DamageArea>
                          </Damage>
                          <Shafts>
                                                                        <Shaft SocketPointA="ShaftWheel2WheelA" SocketPointB="ShaftWheel2WheelB">

                                                                        </Shaft>
                          </Shafts>
        </TruckData>
  </Truck>