  <_templates Include="trucks">
      <Wheel>
          <RearWheel Location="rear" ConnectedToHandbrake="true" Torque="default">

          </RearWheel>
          <FrontWheel ParentFrame="BoneCabin_cdt" SteeringAngle="40" Location="front" SteeringJointOffset="0.16" Torque="none" SteeringCastor="2">

          </FrontWheel>
      </Wheel>
      <Body>
            <SideMirror Mass="5" Collisions="None">
                <Constraint Type="Hinge" MaxLimit="15" AxisLocal="(0; 1; 0)" MinLimit="-15">
                    <Motor Spring="250" Damping="5" Type="Spring">

                    </Motor>
                </Constraint>
            </SideMirror>
      </Body>
  </_templates>
  <Truck>
        <HeadLight Pos="(3.357; 0.832; 0)" ParentFrame="BoneCabinPrismatic_cdt" _template="Default">

        </HeadLight>
        <GameData UnlockByExploration="false" Price="17900" UnlockByRank="6" Country="US">
              <CustomizationCameras>
                    <CameraPos Name="roof_sticker" InterestPosition="(5.503; 0.94; -0.62)" Position="(8.076; 4.463; -0.333)" Interior="true" FOV="32.0">

                    </CameraPos>
                    <CameraPos Name="sticker_1" InterestPosition="(6.177; -0.045; 2.232)" Position="(6.339; 2.377; -0.793)" Interior="true" FOV="32.0">

                    </CameraPos>
                    <CameraPos MaxYRotation="360" MaxZoom="2" Name="addon_1" InterestPosition="(2.488; 1.994; -0)" Position="(-5.538; 3.78; 6.364)" MaxXRotation="360" FOV="32.0">

                    </CameraPos>
                    <CameraPos MaxYRotation="360" MaxZoom="2" Name="addon_2" InterestPosition="(6.094; 1.716; 0)" Position="(10.936; 4.516; -3.212)" MaxXRotation="360" FOV="32.0">

                    </CameraPos>
                    <CameraPos Name="mirror_mount" InterestPosition="(10.134; 2.791; 2.414)" Position="(6.015; 2.377; -0.793)" Interior="true" FOV="32.0">

                    </CameraPos>
                    <CameraPos MaxYRotation="360" MaxZoom="2" Name="side_r" InterestPosition="(5.601; 1.97; 0)" Position="(3.352; 1.747; -7.216)" MaxXRotation="360" FOV="32.0">

                    </CameraPos>
                    <CameraPos Name="sticker" InterestPosition="(8.263; -0.08; 2.447)" Position="(6.274; 2.642; -0.04)" Interior="true" FOV="32.0">

                    </CameraPos>
                    <CameraPos Name="door_r_sticker" InterestPosition="(8.615; 1.383; 0)" Position="(5.762; 1.878; 2.639)" Interior="true" FOV="32.0">

                    </CameraPos>
                    <CameraPos MaxYRotation="360" MaxZoom="2" Name="roof" InterestPosition="(5.735; 2.091; 0)" Position="(0.191; 4.643; 4.422)" MaxXRotation="360" FOV="32.0">

                    </CameraPos>
                    <CameraPos Name="glass_sticker" InterestPosition="(6.058; 1.99; -1.29)" Position="(9.552; 3.16; 1.193)" Interior="true" FOV="32.0">

                    </CameraPos>
                    <CameraPos MaxYRotation="360" MaxZoom="2" Name="hoods" InterestPosition="(5.997; 1.735; 0)" Position="(13.213; 1.446; -3.663)" MaxXRotation="360" FOV="32.0">

                    </CameraPos>
                    <CameraPos Name="sticker_2" InterestPosition="(8.153; 4.391; 1.898)" Position="(6.4; 2.197; -0.509)" Interior="true" FOV="32.0">

                    </CameraPos>
                    <CameraPos MaxYRotation="360" MaxZoom="2" Name="side_l" InterestPosition="(4.104; 0.673; 0)" Position="(2.058; 3.425; -3.441)" MaxXRotation="360" FOV="32.0">

                    </CameraPos>
                    <CameraPos Name="bubble_head" InterestPosition="(9.879; 1.04; 1.374)" Position="(6.398; 2.350; -0.905)" Interior="true" FOV="32.0">

                    </CameraPos>
                    <CameraPos MaxYRotation="360" MaxZoom="2" Name="wheels" InterestPosition="(5.855; 0.77; 0)" Position="(8.851; 0.966; -4.483)" MaxXRotation="360" FOV="32.0">

                    </CameraPos>
                    <CameraPos MaxYRotation="360" MaxZoom="2" Name="default" InterestPosition="(5.997; 1.735; 0)" Position="(13.213; 1.446; -3.663)" MaxXRotation="360" FOV="32.0">

                    </CameraPos>
                    <CameraPos MaxYRotation="360" MaxZoom="2" Name="rear" InterestPosition="(0.479; 0.992; -0)" Position="(-5.767; 1.805; 2.899)" MaxXRotation="360" FOV="32.0">

                    </CameraPos>
                    <CameraPos Name="door_l_sticker" InterestPosition="(6.502; 1.49; 0)" Position="(5.659; 1.806; -2.543)" Interior="true" FOV="32.0">

                    </CameraPos>
                    <CameraPos Name="curtain" InterestPosition="(10.134; 2.791; 2.414)" Position="(6.015; 2.377; -0.793)" Interior="true" FOV="32.0">

                    </CameraPos>
              </CustomizationCameras>
              <UiDesc UiName="UI_VEHICLE_INTERNATIONAL_TRANSTAR_4070A_NAME" UiDesc="UI_VEHICLE_INTERNATIONAL_TRANSTAR_4070A_DESC" UiIconLogo="InternationalNavistarLogo80" UiIcon40x40="highwayVehicleImg" UiIcon30x30="highwayVehicleImg30" UiIcon328x458="shopImgTranstar4070">

              </UiDesc>
                    <AddonSockets>
                      <Socket Offset="(0; 0; 0)" Names="InternationalTranstar4070aSpareWheel" ParentFrame="BoneChassis_cdt">
                          <ExtraParent Frame="BoneCabin_cdt">

                          </ExtraParent>
                      </Socket>
                    </AddonSockets>
                    <AddonSockets>
                        <Socket Offset="(-1.2; 1.58; 0)" Names="LargeSemitrailer, LargeSemitrailerOiltank">

                        </Socket>
                        <Socket Offset="(-2.084; 1.58; 0)" Names="Semitrailer, SemitrailerOiltank">

                        </Socket>
                        <Socket Offset="(-3.49; 0.886; 0)" Names="Trailer">
                          <AddonsShift Offset="(0; 0; 0)" Types="MinicraneUS, FrameAddon" TrailerNamesBlock="Trailer">

                          </AddonsShift>
                        </Socket>
                    </AddonSockets>
                    <AddonSockets>
                        <Socket Offset="(0.695; 1.065; 0)" Names="LogLift" NamesBlock="MetalDetector, MinicraneUS, InternationalTranstar4070aSpareWheel">

                        </Socket>
                        <Socket Offset="(-4.962; 1.068; 0)" Names="BunkLog" NamesBlock="MinicraneUS, MetalDetector">

                        </Socket>
                        <Socket Offset="(-2.084; 1.064; 0)" Names="SaddleLow1">
                            <ExtraParent Offset="(0; 0; 0.01)" Frame="BoneChassis_cdt">

                            </ExtraParent>
                            <ExtraParent Offset="(0; 0; -0.01)" Frame="BoneChassis_cdt">

                            </ExtraParent>
                        </Socket>
                        <Socket Offset="(-1.2; 1.064; 0)" Names="SaddleHigh">
                            <ExtraParent Offset="(0; 0; 0.01)" Frame="BoneChassis_cdt">

                            </ExtraParent>
                            <ExtraParent Offset="(0; 0; -0.01)" Frame="BoneChassis_cdt">

                            </ExtraParent>
                        </Socket>
                        <Socket Offset="(-1; 1.063; 0)" Names="FrameAddon">
                          <AddonsShift Offset="(-1; 0; 0)" Types="MinicraneUS">

                          </AddonsShift>
                        </Socket>
                        <Socket Offset="(-0.5; 1.068; 0)" Names="FrameAddonTowPlatform" NamesBlock="MinicraneUS, MetalDetector, Trailer">

                        </Socket>
                        <Socket Offset="(-1.62; 1.14; 0)" Names="FrameAddonKung" ParentFrame="BoneChassis_cdt">
                            <ExtraParent Offset="(0; 0; -0.12)" Frame="BoneChassis_cdt">

                            </ExtraParent>
                            <ExtraParent Offset="(0; 0; 0.12)" Frame="BoneChassis_cdt">

                            </ExtraParent>
                        </Socket>
                        <Socket Offset="(-2; 1.063; 0)" Names="FrameAddonTank" ParentFrame="BoneChassis_cdt">

                        </Socket>
                        <Socket Offset="(-1.682; 1.065; 0)" Names="BigCraneUs" NamesBlock="MinicraneUS, Semitrailer">

                        </Socket>
                    </AddonSockets>
                    <AddonSockets>
                        <Socket ParentFrame="BoneChassis_cdt" Offset="(0.048; 0.011; 0)" Names="MetalDetector" NamesBlock="InternationalTranstar4070aSpareWheel, FrameAddonKung, FrameAddonTank, FrameAddon, BigCraneUs, BigCraneRu, SaddleHigh">

                        </Socket>
                        <Socket Offset="(0.9; 1.07; 0)" Names="MinicraneUS" NamesBlock="FrameAddonKung, FrameAddonTank">
                            <ExtraParent Offset="(0; 0; -0.025)" Frame="BoneChassis_cdt">

                            </ExtraParent>
                            <ExtraParent Offset="(0; 0; 0.025)" Frame="BoneChassis_cdt">

                            </ExtraParent>
                        </Socket>
                    </AddonSockets>
                    <AddonSockets DefaultAddon="international_transtar_4070a_bumper_default">
                      <Socket Offset="(0; 0; 0)" Names="InternationalTranstar4070Bumper" ParentFrame="BoneCabin_cdt">

                      </Socket>
                    </AddonSockets>
                    <AddonSockets DefaultAddon="international_transtar_4070a_exhaust">
                      <Socket Offset="(0; 0; 0)" Names="InternationalTranstar4070Exhaust" ParentFrame="BoneChassis_cdt">
                            <ExtraParent Frame="BoneCabin_cdt">

                            </ExtraParent>
                            <ExtraParent Frame="BoneRightExhaust">

                            </ExtraParent>
                      </Socket>
                    </AddonSockets>
                    <AddonSockets>
                      <Socket Offset="(0; 0; 0)" Names="InternationalTranstar4070Snorkel" ParentFrame="BoneChassis_cdt">
                            <ExtraParent Frame="BoneCabin_cdt">

                            </ExtraParent>
                            <ExtraParent Frame="BoneRightExhaust">

                            </ExtraParent>
                      </Socket>
                    </AddonSockets>
                    <AddonSockets DefaultAddon="international_transtar_4070a_horn_default">
                      <Socket Offset="(0; 0; 0)" Names="InternationalTranstar4070Horn" ParentFrame="BoneCabinPrismatic_cdt">

                      </Socket>
                    </AddonSockets>
                    <AddonSockets DefaultAddon="international_transtar_4070a_gabarite_default">
                      <Socket Offset="(0; 0; 0)" Names="InternationalTranstar4070Gabarite" ParentFrame="BoneCabinPrismatic_cdt">

                      </Socket>
                    </AddonSockets>
                    <AddonSockets>
                        <Socket Offset="(0; 0; 0)" Names="InternationalTranstar4070Beacon" ParentFrame="BoneCabinPrismatic_cdt">

                        </Socket>
                        <Socket Offset="(0; 0; 0)" Names="InternationalTranstar4070AirConditioner" ParentFrame="BoneCabinPrismatic_cdt">

                        </Socket>
                    </AddonSockets>
                    <AddonSockets>
                      <Socket Offset="(0; 0; 0)" Names="InternationalTranstar4070Visor" ParentFrame="BoneCabinPrismatic_cdt">

                      </Socket>
                    </AddonSockets>
                    <AddonSockets DefaultAddon="international_transtar_4070a_fender_default">
                      <Socket Offset="(0; 0; 0)" Names="InternationalTranstar4070Fender" ParentFrame="BoneChassis_cdt">
                          <ExtraParent Frame="BoneCabin_cdt">

                          </ExtraParent>
                      </Socket>
                    </AddonSockets>
                    <AddonSockets>
                      <Socket ParentFrame="BoneCabinPrismatic_cdt" Offset="(3.126; 2.037; 0.508)" Names="StuffDashboard" InCockpit="true">

                      </Socket>
                    </AddonSockets>
                    <AddonSockets>
                      <Socket ParentFrame="BoneCabinPrismatic_cdt" Names="internationalTranstar4070aSticker_1x1_01" InCockpit="true">

                      </Socket>
                    </AddonSockets>
                    <AddonSockets>
                      <Socket ParentFrame="BoneCabinPrismatic_cdt" Names="internationalTranstar4070aSticker_1x1_02" InCockpit="true">

                      </Socket>
                    </AddonSockets>
                    <AddonSockets>
                      <Socket ParentFrame="BoneCabinPrismatic_cdt" Names="internationalTranstar4070aSticker_1x1_03" InCockpit="true">

                      </Socket>
                    </AddonSockets>
                    <AddonSockets>
                      <Socket ParentFrame="BoneCabinPrismatic_cdt" Names="internationalTranstar4070aSticker_1x2_01" InCockpit="true">

                      </Socket>
                    </AddonSockets>
                    <AddonSockets>
                      <Socket ParentFrame="BoneVisor_cdt" Names="internationalTranstar4070aSticker_1x2_02" InCockpit="true">

                      </Socket>
                    </AddonSockets>
                    <AddonSockets>
                      <Socket ParentFrame="BoneCabinPrismatic_cdt" Names="internationalTranstar4070aSticker_1x2_03" InCockpit="true">

                      </Socket>
                    </AddonSockets>
                    <AddonSockets>
                      <Socket ParentFrame="BoneCabinPrismatic_cdt" Names="internationalTranstar4070ASticker_GlassTop" InCockpit="true">

                      </Socket>
                    </AddonSockets>
                    <AddonSockets>
                      <Socket ParentFrame="BoneCabinPrismatic_cdt" Names="internationalTranstar4070ASticker_GlassBottom" InCockpit="true">

                      </Socket>
                    </AddonSockets>
                    <AddonSockets>
                      <Socket Names="internationalTranstar4070ASticker_Door_R" ParentFrame="BoneCabinPrismatic_cdt">

                      </Socket>
                    </AddonSockets>
                    <AddonSockets>
                      <Socket Names="internationalTranstar4070ASticker_Door_L" ParentFrame="BoneCabinPrismatic_cdt">

                      </Socket>
                    </AddonSockets>
                    <AddonSockets>
                      <Socket Names="internationalTranstar4070ASticker_Roof" ParentFrame="BoneCabinPrismatic_cdt">

                      </Socket>
                    </AddonSockets>
                    <AddonSockets>
                        <Socket ParentFrame="BoneCabinPrismatic_cdt" Offset="(2.95; 2.76; 0.129)" Names="StuffAirfreshener" InCockpit="true">

                        </Socket>
                        <Socket ParentFrame="BoneCabinPrismatic_cdt" Names="StuffCurtainInternationalTranstar4070a" InCockpit="true">

                        </Socket>
                    </AddonSockets>
                    <AddonSockets DefaultAddon="zikz_5368_diff_lock_default">
                      <Socket Offset="(0; 0; 0)" Names="ZiKZ5368DiffLock" ParentFrame="BoneChassis_cdt">

                      </Socket>
                    </AddonSockets>
                      <CraneSocket Pos="(3.287; 0.7; -0.45)" ParentFrame="BoneCabin_cdt">

                      </CraneSocket>
                      <CraneSocket Pos="(3.287; 0.7; 0.45)" ParentFrame="BoneCabin_cdt">

                      </CraneSocket>
                      <CraneSocket Pos="(-0.42; 0.94; -0.44)">

                      </CraneSocket>
                      <CraneSocket Pos="(-0.42; 0.94; 0.44)">

                      </CraneSocket>
                      <CraneSocket Pos="(-3.285; 0.89; 0)">

                      </CraneSocket>
                        <WinchSocket Pos="(3.287; 0.7; -0.45)" ParentFrame="BoneCabin_cdt">

                        </WinchSocket>
                        <WinchSocket Pos="(3.287; 0.7; 0.45)" ParentFrame="BoneCabin_cdt">

                        </WinchSocket>
                        <WinchSocket Pos="(-0.42; 0.94; -0.44)">

                        </WinchSocket>
                        <WinchSocket Pos="(-0.42; 0.94; 0.44)">

                        </WinchSocket>
                        <WinchSocket Pos="(-3.285; 0.89; 0)">

                        </WinchSocket>
        </GameData>
        <PhysicsModel Mesh="trucks/international_transtar_4070a">
                <Body NetSync="pv" CenterOfMassOffset="(-1; 0; 0)" ModelFrame="BoneChassis_cdt" Mass="3500" ImpactType="Truck">
                    <Body NetSync="pv" CenterOfMassOffset="(1; 0; 0)" ModelFrame="BoneCabin_cdt" Mass="2000" ImpactType="Truck">
                        <Constraint Type="Hinge" MaxLimit="10" AxisLocal="(1; 0; 0)" MinLimit="-10" PivotOffset="(0; 0; 0)">
                            <Motor Spring="200000" Damping="24000" Type="Spring">

                            </Motor>
                        </Constraint>
                            <Body Mass="500" ModelFrame="BoneCabinPrismatic_cdt">
                              <Constraint Type="Prismatic" MaxLimit="0.1" AxisLocal="(0; 1; 0)" MinLimit="-0.1">
                                  <Motor Spring="200000" Damping="10000" Type="Spring">

                                  </Motor>
                              </Constraint>
                                  <Body ModelFrame="BoneMirrorLeft_cdt" _template="SideMirror">

                                  </Body>
                                  <Body ModelFrame="BoneMirrorRight_cdt" _template="SideMirror">

                                  </Body>
                                  <Body Mass="0.2" ModelFrame="BoneKeyFob_cdt">
                                    <Constraint Type="Hinge" MaxLimit="50" AxisLocal="(1; 0; 0)" MinLimit="-50" PivotOffset="(0; 0; 0)">
                                        <Motor Spring="0.001" Damping="0.001" Type="Spring">

                                        </Motor>
                                    </Constraint>
                                  </Body>
                                  <Body Mass="10" ModelFrame="BoneVisor_cdt">
                                    <Constraint Type="Hinge" MaxLimit="10" AxisLocal="(1; 0; 0)" MinLimit="-5" PivotOffset="(0; 0; 0)">
                                        <Motor Spring="5" Damping="1" Type="Spring">

                                        </Motor>
                                    </Constraint>
                                  </Body>
                                  <Body Mass="2" ModelFrame="BoneWire2Hinge_cdt">
                                    <Constraint Type="Hinge" MaxLimit="20" AxisLocal="(1; 0; 0)" MinLimit="-50">
                                        <Motor Spring="0.2" Damping="0.2" Type="Spring">

                                        </Motor>
                                    </Constraint>
                                  </Body>
                            </Body>
                            <Body Mass="2" ModelFrame="BoneWire1Hinge_cdt">
                              <Constraint Type="Hinge" MaxLimit="20" AxisLocal="(1; 0; 0)" MinLimit="-20">
                                  <Motor Spring="0.2" Damping="0.2" Type="Spring">

                                  </Motor>
                              </Constraint>
                            </Body>
                            <Body Mass="10" ModelFrame="BoneWire3_cdt">
                              <Constraint Type="Prismatic" MaxLimit="0.1" AxisLocal="(0; 1; 0)" MinLimit="-0.1">
                                  <Motor Spring="3000" Damping="15" Type="Spring">

                                  </Motor>
                              </Constraint>
                            </Body>
                            <Body Mass="2" ModelFrame="BoneWire4_cdt">
                              <Constraint Type="Prismatic" MaxLimit="0.3" AxisLocal="(0; 0; 1)" MinLimit="-0.3">
                                  <Motor Spring="500" Damping="10" Type="Spring">

                                  </Motor>
                              </Constraint>
                            </Body>
                            <Body Mass="5" ModelFrame="BoneWire5_cdt">
                              <Constraint Type="Prismatic" MaxLimit="0.2" AxisLocal="(0; 1; 0)" MinLimit="-0.1">
                                  <Motor Spring="1000" Damping="20" Type="Spring">

                                  </Motor>
                              </Constraint>
                            </Body>
                            <Body Mass="6" ModelFrame="BoneWire6_cdt">
                              <Constraint Type="Prismatic" MaxLimit="0.1" AxisLocal="(0; 0; 1)" MinLimit="-0.1">
                                  <Motor Spring="1000" Damping="20" Type="Spring">

                                  </Motor>
                              </Constraint>
                            </Body>
                            <Body ModelFrame="BoneTieRod_cdt" _template="TieRod">
                              <Constraint MaxLimit="40" AxisLocal="(0; 0; 1)" MinLimit="-40" Name="TieRodSteer">

                              </Constraint>
                            </Body>
                    </Body>
                </Body>
                <NetSync Legacy="false">

                </NetSync>
        </PhysicsModel>
        <ControlledConstraints>
                  <Constraint IsLinkedSteering="true" Id="chassis_steer" Name="TieRodSteer">

                  </Constraint>
        </ControlledConstraints>
        <ModelAttachments>
                    <HeadLight>
                          <Flare Pos="(3.182; 1.017; -0.904)" ParentFrame="BoneCabinPrismatic_cdt" _template="HeadLight">

                          </Flare>
                          <Flare Pos="(3.182; 1.017; 0.904)" ParentFrame="BoneCabinPrismatic_cdt" _template="HeadLight">

                          </Flare>
                          <Flare Pos="(3.182; 1.017; -0.904)" ParentFrame="BoneCabinPrismatic_cdt" _template="BlueStreak">

                          </Flare>
                          <Flare Pos="(3.182; 1.017; 0.904)" ParentFrame="BoneCabinPrismatic_cdt" _template="BlueStreak">

                          </Flare>
                            <Model Org="(3.182; 1.017; -0.904)" ParentFrame="BoneCabinPrismatic_cdt" _template="HeadLightRay">

                            </Model>
                            <Model Org="(3.182; 1.017; 0.904)" ParentFrame="BoneCabinPrismatic_cdt" _template="HeadLightRay">

                            </Model>
                    </HeadLight>
                    <StopSignals>
                          <Light Pos="(-3.376; 0.635; 0)" _template="StopSignal">

                          </Light>
                              <Flare Pos="(-3.312; 0.742; -0.273)" _template="StopSignal">

                              </Flare>
                              <Flare Pos="(-3.312; 0.742; 0.273)" _template="StopSignal">

                              </Flare>
                    </StopSignals>
                    <Ignition>
                              <Light Pos="(3.8; 1.013; 0.8)" _template="IgnitionSignalWhite">

                              </Light>
                              <Light Pos="(3.8; 1.013; -0.8)" _template="IgnitionSignalWhite">

                              </Light>
                              <Light Pos="(-3.7; 1.025; -0)" _template="IgnitionSignalRed">

                              </Light>
                                <Flare Pos="(3.2; 1.017; -0.904)" _template="IgnitionSignalWhite" ParentFrame="BoneCabinPrismatic_cdt" Color="g(165; 149; 130) x 0.9" Size="0.4" DirAngle="120">

                                </Flare>
                                <Flare Pos="(3.2; 1.017; 0.904)" _template="IgnitionSignalWhite" ParentFrame="BoneCabinPrismatic_cdt" Color="g(165; 149; 130) x 0.9" Size="0.4" DirAngle="120">

                                </Flare>
                                <Flare Pos="(3.26; 1.422; -0.788)" _template="IgnitionSignalWhite" Color="g(165; 149; 130) x 0.45" Size="0.2" ParentFrame="BoneCabinPrismatic_cdt">

                                </Flare>
                                <Flare Pos="(3.26; 1.422; 0.788)" _template="IgnitionSignalWhite" Color="g(165; 149; 130) x 0.45" Size="0.2" ParentFrame="BoneCabinPrismatic_cdt">

                                </Flare>
                                <Flare Pos="(2.993; 1.666; -1.232)" _template="Beacon" Size="0.3" ParentFrame="BoneCabinPrismatic_cdt">

                                </Flare>
                                <Flare Pos="(2.993; 1.666; 1.232)" _template="Beacon" Size="0.3" ParentFrame="BoneCabinPrismatic_cdt">

                                </Flare>
                                <Flare Pos="(-3.312; 0.742; -0.273)" Size="0.12" _template="IgnitionSignalRed">

                                </Flare>
                                <Flare Pos="(-3.312; 0.742; 0.273)" Size="0.12" _template="IgnitionSignalRed">

                                </Flare>
                    </Ignition>
                    <ReverseSignals>
                              <Light Pos="(-3.376; 0.635; 0)" _template="ReverseSignal">

                              </Light>
                                  <Flare Pos="(-3.312; 0.742; -0.273)" Size="0.4" _template="ReverseSignal">

                                  </Flare>
                                  <Flare Pos="(-3.312; 0.742; 0.273)" Size="0.4" _template="ReverseSignal">

                                  </Flare>
                                  <Flare Pos="(-3.312; 0.742; -0.273)" Dir="(-1; 0; 0)" _template="BlueStreak" Color="g(220; 220; 255) x 0.05" Size="0.4">

                                  </Flare>
                                  <Flare Pos="(-3.312; 0.742; 0.273)" Dir="(-1; 0; 0)" _template="BlueStreak" Color="g(220; 220; 255) x 0.05" Size="0.4">

                                  </Flare>
                    </ReverseSignals>
        </ModelAttachments>
        <Landmark MaxScale="3.8" Mesh="landmarks/international_transtar_4070a_lmk" MinScale="1.8">

        </Landmark>
        <AutomaticIK>
                        <IKBone ParentFrame="BoneTieRod_cdt" ModelFrame="BoneTieRodHinge2">
                            <IKJoint Type="Hinge2" AxisLocal="(1; 0; 0)">

                            </IKJoint>
                            <IKBone AttachToFrame="BoneRackL" AttachOffset="(0; 0; 0)" ModelFrame="BoneTieRodPrismatic">
                                  <IKJoint Type="Slider" AxisLocal="(1; 0; 0)">

                                  </IKJoint>
                            </IKBone>
                        </IKBone>
        </AutomaticIK>
        <TruckData SteerSpeed="0.03" EngineStartDelay="0.8" EngineIconMesh="env/engine_default" TruckType="HIGHWAY" Responsiveness="0.15" BackSteerSpeed="0.02" TruckImage="intertranstarmchr" FuelCapacity="265" DiffLockType="Uninstalled" ExhaustStartTime="0.9" EngineIconScale="1.3">
                          <Driver Pos="(2.406; 1.781; 0.718)" ParentFrame="BoneCabinPrismatic_cdt" AnimationSet="HeavyTruck" SteeringWheelPos="(2.793; 2.126; 0.718)">

                          </Driver>
                          <SoundsDamage _template="Heavy">

                          </SoundsDamage>
                          <Shakers>
                                    <Shaker MaxFrequency="1" MaxAngle="(0.5; 0.5; 0.5)" ParentFrame="BoneCabin_cdt" Frame="BoneRightExhaust">

                                    </Shaker>
                                    <Shaker MaxFrequency="0.1" MaxAngle="(1; 1; 1)" ParentFrame="BoneCabinPrismatic_cdt" Frame="BoneGearstick">

                                    </Shaker>
                                    <Shaker MaxFrequency="0.1" MaxAngle="(0; 0; 1)" ParentFrame="BoneCabinPrismatic_cdt" Frame="BoneHandle">

                                    </Shaker>
                          </Shakers>
                          <OcclusionMap HalfSizeZ="1.7" MinX="-3.5" MaxX="3.8">

                          </OcclusionMap>
                          <FuelTank DamageCapacity="50">

                          </FuelTank>
                          <Intake Size="1" Dir="(1; 0; 0)" Origin="(3.335; 1.221; 0)">

                          </Intake>
                          <EngineSocket Type="e_us_truck_old, e_us_truck_old_4070" Default="us_truck_old_engine_0">

                          </EngineSocket>
                          <SuspensionSocket Type="s_international_transtar_4070a" MaxWheelRadiusWithoutSuspension="0.27" Default="transtar_4070a_suspension_default">

                          </SuspensionSocket>
                          <Dashboard>
                                                <Gauge InputRange="(0;160)" Dir="(-0.795; 0.607; 0.001)" InputType="speed" Org="(2.968; 2.04; 0.803)" Damping="0.9" Mesh="trucks/arrows/international_transtar_4070a_arrow_01" OutputAngles="(-120;120)">

                                                </Gauge>
                                                <Gauge InputRange="(0;1)" Dir="(-0.795; 0.607; 0.001)" InputType="rpm" Org="(2.967; 2.04; 0.63)" Damping="0.9" Mesh="trucks/arrows/international_transtar_4070a_arrow_01" OutputAngles="(-130;130)">

                                                </Gauge>
                                                <Gauge InputRange="(0;1)" Dir="(-0.901; 0.375; 0.219)" InputType="fuel" Org="(2.851; 1.948; 0.244)" Damping="0.9" Mesh="trucks/arrows/international_transtar_4070a_arrow_02" OutputAngles="(-41;44)">

                                                </Gauge>
                                                <Gauge InputRange="(0;1)" Dir="(-0.901; 0.375; 0.219)" InputType="engineEnabled" Org="(2.851; 1.948; 0.173)" Damping="0.9" Mesh="trucks/arrows/international_transtar_4070a_arrow_02" OutputAngles="(-32;5)">

                                                </Gauge>
                                                <Gauge InputRange="(0;1)" Dir="(-0.901; 0.375; 0.219)" InputType="engineEnabled" Org="(2.855; 1.958; 0.106)" Damping="0.9" Mesh="trucks/arrows/international_transtar_4070a_arrow_02" OutputAngles="(-130;-100)">

                                                </Gauge>
                                                <Gauge InputRange="(0;1)" Dir="(-0.901; 0.375; 0.219)" InputType="engineEnabled" Org="(2.881; 2.019; 0.245)" Damping="0.9" Mesh="trucks/arrows/international_transtar_4070a_arrow_02" OutputAngles="(-131;-30)">

                                                </Gauge>
                                                <Gauge InputRange="(0;1)" Dir="(-0.901; 0.375; 0.219)" InputType="engineEnabled" Org="(2.881; 2.019; 0.174)" Damping="0.9" Mesh="trucks/arrows/international_transtar_4070a_arrow_02" OutputAngles="(-150;90)">

                                                </Gauge>
                                                <Gauge InputRange="(0;1)" Dir="(-0.795; 0.607; 0.001)" InputType="engineEnabled" Org="(2.968; 2.04; 0.63)" Damping="0.9" Mesh="trucks/arrows/international_transtar_4070a_arrow_03" OutputAngles="(-130;45)">

                                                </Gauge>
                                                <Gauge InputRange="(0;1)" Dir="(-0.795; 0.607; 0.001)" InputType="engineEnabled" Org="(2.969; 2.039; 0.63)" Damping="0.9" Mesh="trucks/arrows/international_transtar_4070a_arrow_03" OutputAngles="(-130;85)">

                                                </Gauge>
                          </Dashboard>
                          <Axles>
                                                  <Axle Frame="BoneAxle1">

                                                  </Axle>
                                                  <Axle Frame="BoneAxle2">

                                                  </Axle>
                                                  <Axle Frame="BoneAxle3">

                                                  </Axle>
                          </Axles>
                          <Camera Center="(-1.5; 0; 0)" ParentFrame="BoneCabin_cdt">
                                                  <Cockpit WindshieldDiffuseTexture="trucks/international_transtar_4070a_glass__d_a.tga" _template="Default" WindshieldShadingTexture="trucks/international_transtar_4070a_glass__sh_d.tga" ViewPos="(2.245; 2.482; 0.718)">
                                                      <Rear ViewPosOffset="(0.1; -0.1; 0.7)">

                                                      </Rear>
                                                          <Mirror LookAtOffset="(0; 0; 0.05)" Size="(0.185; 0.397)" FOVScale="1.8" ReflectionDir="(-0.9; -0.006; -0.436)" Pos="(2.652; 2.385; 1.402)" ClipDir="(-0.9; -0.006; -0.436)" MeshFrame="mirror_left" ClipOffset="0.075">

                                                          </Mirror>
                                                          <Mirror FOVScale="2.4" ClipDir="(-0.783; 0.007; 0.622)" MeshFrame="mirror_right" Pos="(2.648; 2.382; -1.404)" ReflectionDir="(-0.783; 0.007; 0.622)" Size="(0.185; 0.397)" ClipOffset="0.1">

                                                          </Mirror>
                                                  </Cockpit>
                          </Camera>
                                                  <CompatibleWheels Type="wheels_medium_double" Scale="0.5">

                                                  </CompatibleWheels>
                                                  <CompatibleWheels Type="wheels_medium_double" Scale="0.53">

                                                  </CompatibleWheels>
                                                    <LimitedFluid Type="Cylinder" Center="(1.064; 0.735; -0.88)" RadiusY="0.349" LengthX="0.765" RadiusZ="0.349">

                                                    </LimitedFluid>
                                                    <LimitedFluid Type="Cylinder" Center="(1.064; 0.735; 0.88)" RadiusY="0.349" LengthX="0.765" RadiusZ="0.349">

                                                    </LimitedFluid>
                          <Sounds ParentFrame="BoneCabin_cdt" _template="Default" AirHissInterval="12.0" Origin="(2.2; 1.25; 0)" MinDist="10.0" DisableReversePitch="false">
                                                        <Reverse Sound="trucks/int_transtar_4070a/int_transtar_4070a_reverse">

                                                        </Reverse>
                                                        <EngineTurbo Sound="">

                                                        </EngineTurbo>
                                                        <EngineLow Sound="trucks/int_transtar_4070a/int_transtar_4070a_low">

                                                        </EngineLow>
                                                        <BrakePull Sound="trucks/int_transtar_4070a/int_transtar_4070a_brake_pull">

                                                        </BrakePull>
                                                        <EngineHigh Sound="trucks/int_transtar_4070a/int_transtar_4070a_high">

                                                        </EngineHigh>
                                                        <HandbrakeOff Sound="trucks/int_transtar_4070a/int_transtar_4070a_handbrake_off">

                                                        </HandbrakeOff>
                                                        <EngineRev Sound="trucks/int_transtar_4070a/int_transtar_4070a_rev">

                                                        </EngineRev>
                                                        <AbruptStop Sound="trucks/common/truck_swing_big_rnd_set/truck_swing_big_rnd">

                                                        </AbruptStop>
                                                        <EngineHeavy Sound="">

                                                        </EngineHeavy>
                                                        <EngineHigh_2d IsSound2D="true" Sound="trucks/int_transtar_4070a/int_transtar_4070a_high_2d">

                                                        </EngineHigh_2d>
                                                        <EngineLow_2d IsSound2D="true" Sound="trucks/int_transtar_4070a/int_transtar_4070a_low_2d">

                                                        </EngineLow_2d>
                                                        <EngineIdle_2d IsSound2D="true" Sound="trucks/int_transtar_4070a/int_transtar_4070a_idle_2d">

                                                        </EngineIdle_2d>
                                                        <EngineStart Sound="trucks/int_transtar_4070a/int_transtar_4070a_start">

                                                        </EngineStart>
                                                        <Handbrake Sound="trucks/int_transtar_4070a/int_transtar_4070a_handbrake_on">

                                                        </Handbrake>
                                                        <BrakeRelease Sound="trucks/int_transtar_4070a/int_transtar_4070a_brake_release">

                                                        </BrakeRelease>
                                                        <Honk Sound="trucks/int_transtar_4070a/int_transtar_4070a_honk">

                                                        </Honk>
                                                        <EngineIdle Sound="trucks/int_transtar_4070a/int_transtar_4070a_idle">

                                                        </EngineIdle>
                                                        <EngineStop Sound="trucks/int_transtar_4070a/int_transtar_4070a_stop">

                                                        </EngineStop>
                                                        <BrakesSqueal Sound="trucks/int_transtar_4070a/int_transtar_4070a_brakes_squeal">

                                                        </BrakesSqueal>
                                                        <EngineAccel Sound="trucks/int_transtar_4070a/int_transtar_4070a_acc">

                                                        </EngineAccel>
                          </Sounds>
                          <GearboxSocket Type="gearboxes_trucks" Default="g_truck_default">

                          </GearboxSocket>
                                                          <Steam Origin="(1.949; 1.274; 0)">

                                                          </Steam>
                                                          <Steam Scale="0.5" Origin="(2.617; 0.926; 0)" ParentFrame="BoneCabin_cdt">

                                                          </Steam>
                          <Wheels DefaultWheelType="wheels_medium_double" DefaultTire="highway_1" DefaultRim="rim_1">
                                                                <Wheel Pos="(2.59; 0.561; 1)" _template="FrontWheel">

                                                                </Wheel>
                                                                <Wheel RightSide="true" Pos="(2.59; 0.561; 1)" _template="FrontWheel">

                                                                </Wheel>
                                                                <Wheel Pos="(-1.456; 0.559; 0.913)" _template="RearWheel">

                                                                </Wheel>
                                                                <Wheel RightSide="true" Pos="(-1.456; 0.559; 0.913)" _template="RearWheel">

                                                                </Wheel>
                                                                <Wheel Pos="(-2.716; 0.559; 0.913)" _template="RearWheel">

                                                                </Wheel>
                                                                <Wheel RightSide="true" Pos="(-2.716; 0.559; 0.913)" _template="RearWheel">

                                                                </Wheel>
                          </Wheels>
                          <WinchUpgradeSocket Type="winches_medium_trucks" Default="w_medium_trucks_default" IsUpgradable="true">

                          </WinchUpgradeSocket>
                          <SteeringRack Frame="BoneRack" RackHalfSizeZ="0.756" FrameSteerLeft="BoneRackL" FrameSteerRight="BoneRackR">

                          </SteeringRack>
                          <SteeringWheel Frame="BoneSteering">

                          </SteeringWheel>
                          <SoundsWheels _template="Default">

                          </SoundsWheels>
                          <Damage>
                                                                          <DamageArea Min="(1.9; 0.55; -0.6)" ParentFrame="BoneCabin_cdt" Max="(3.3; 1.9; 0.6)" Type="Engine">

                                                                          </DamageArea>
                                                                          <DamageArea Min="(0.6; 0.37; -1.25)" ParentFrame="BoneChassis_cdt" Max="(1.7; 1.1; 1.25)" Type="FuelTank">

                                                                          </DamageArea>
                          </Damage>
                          <Shafts>
                                                                            <Shaft SocketPointA="Shaft1a" SocketPointB="Shaft1b">

                                                                            </Shaft>
                                                                            <Shaft SocketPointA="Shaft2a" SocketPointB="Shaft2b">

                                                                            </Shaft>
                          </Shafts>
        </TruckData>
  </Truck>