  <_templates Include="trucks">
      <Wheel>
          <RearWheel Location="rear" ConnectedToHandbrake="true" Torque="default">

          </RearWheel>
          <FrontWheel ParentFrame="BoneCabin_cdt" SteeringAngle="40" Location="front" Torque="default" ConnectedToHandbrake="true" SteeringCastor="8">

          </FrontWheel>
      </Wheel>
      <Body>
            <SunShield Mass="2" Collisions="None">
                <Constraint Type="Hinge" MaxLimit="10" AxisLocal="(0; 0; 1)" MinLimit="-6">
                    <Motor Spring="8" Damping="0.008" Type="Spring">

                    </Motor>
                </Constraint>
            </SunShield>
      </Body>
  </_templates>
  <Truck>
        <Landmark MaxScale="3.5" Mesh="landmarks/khan_lo4f_lmk" MinScale="1.8">

        </Landmark>
        <GameData Recallable="true" UnlockByExploration="false" Price="3400" UnlockByRank="1" Country="RU,CAS">
              <CustomizationCameras>
                    <CameraPos Name="roof_sticker" InterestPosition="(4.382; 0.363; -0.304)" Position="(7.768; 5.509; -1.155)" FOV="32.0">

                    </CameraPos>
                    <CameraPos MaxYRotation="360" MaxZoom="2" Name="addon_1" InterestPosition="(1.036; 1.692; -0)" Position="(-6.923; 2.071; 10.147)" MaxXRotation="360" FOV="32.0">

                    </CameraPos>
                    <CameraPos MaxYRotation="360" MaxZoom="2" Name="addon_2" InterestPosition="(4.867; 1.185; 0)" Position="(10.328; 3.44; -2.861)" MaxXRotation="360" FOV="32.0">

                    </CameraPos>
                    <CameraPos Name="mirror_mount" InterestPosition="(8.323; 1.692; 1.299)" Position="(5.956; 1.621; -0.274)" Interior="true" FOV="32.0">

                    </CameraPos>
                    <CameraPos MaxYRotation="360" MaxZoom="2" Name="side_r" InterestPosition="(5.339; 1.222; -0)" Position="(9.396; 2.878; -2.281)" MaxXRotation="360" FOV="32.0">

                    </CameraPos>
                    <CameraPos Name="sticker" InterestPosition="(7.059; 2.385; 0.8)" Position="(6.118; 1.417; -0.1)" Interior="true" FOV="32.0">

                    </CameraPos>
                    <CameraPos Name="sticker_1" InterestPosition="(7.059; 1.2; 0.8)" Position="(6.2; 2; -0.1)" Interior="true" FOV="32.0">

                    </CameraPos>
                    <CameraPos Name="door_r_sticker" InterestPosition="(6.646; 0.658; 0)" Position="(3.519; 1.358; 2.838)" Interior="true" FOV="32.0">

                    </CameraPos>
                    <CameraPos MaxYRotation="360" MaxZoom="2" Name="roof" InterestPosition="(5.798; 0.713; 0)" Position="(10.212; 2.243; -3.182)" MaxXRotation="360" FOV="32.0">

                    </CameraPos>
                    <CameraPos Name="glass_sticker" InterestPosition="(6.809; 1.531; -0.952)" Position="(9.512; 2.290; 1.03)" Interior="true" FOV="32.0">

                    </CameraPos>
                    <CameraPos MaxYRotation="360" MaxZoom="2" Name="hoods" InterestPosition="(5.624; 0.976; 0)" Position="(11.091; 1.495; -3.925)" MaxXRotation="360" FOV="32.0">

                    </CameraPos>
                    <CameraPos MaxYRotation="360" MaxZoom="2" Name="side_l" InterestPosition="(5.944; 0.759; 0)" Position="(9.22; 3.041; 3.401)" MaxXRotation="360" FOV="32.0">

                    </CameraPos>
                    <CameraPos Name="bubble_head" InterestPosition="(7.059; 1.2; 0.8)" Position="(6.2; 1.7; -0.1)" Interior="true" FOV="32.0">

                    </CameraPos>
                    <CameraPos MaxYRotation="360" MaxZoom="2" Name="wheels" InterestPosition="(5.826; 0.253; -0.046)" Position="(7.585; 0.853; -3.686)" MaxXRotation="360" FOV="32.0">

                    </CameraPos>
                    <CameraPos MaxYRotation="360" MaxZoom="2" Name="default" InterestPosition="(5.624; 0.976; 0)" Position="(11.091; 1.495; -3.925)" MaxXRotation="360" FOV="32.0">

                    </CameraPos>
                    <CameraPos MaxYRotation="360" MaxZoom="2" Name="rear" InterestPosition="(4.857; 0.956; 0)" Position="(-0.612; 1.654; 4.180)" MaxXRotation="360" FOV="32.0">

                    </CameraPos>
                    <CameraPos Name="door_l_sticker" InterestPosition="(4.794; 0.782; 0.486)" Position="(3.53; 1.295; -2.898)" Interior="true" FOV="32.0">

                    </CameraPos>
              </CustomizationCameras>
              <UiDesc UiName="UI_VEHICLE_KHAN_Lo4F_NAME" UiDesc="UI_VEHICLE_KHAN_Lo4F_DESC" UiIconLogo="KhanLogo80" UiIcon40x40="scoutVehicleImg" UiIcon30x30="scoutVehicleImg30" UiIcon328x458="shopImgKhanlo4f">

              </UiDesc>
                    <AddonSockets DefaultAddon="khan_lo4f_front_bumper">
                      <Socket Names="Khanlo4fFrontBumper">

                      </Socket>
                    </AddonSockets>
                    <AddonSockets DefaultAddon="khan_lo4f_rear_bumper">
                        <Socket Names="Khanlo4fRearBumper">

                        </Socket>
                        <Socket Names="Khanlo4fRearBumper1">

                        </Socket>
                    </AddonSockets>
                    <AddonSockets>
                      <Socket Names="Khanlo4fRoofrack">

                      </Socket>
                    </AddonSockets>
                    <AddonSockets>
                      <Socket Names="Khanlo4fRoofrack2">

                      </Socket>
                    </AddonSockets>
                    <AddonSockets>
                        <Socket Names="Khanlo4fBeacon" NamesBlock="Khanlo4fGabarite">

                        </Socket>
                        <Socket Names="Khanlo4fConditioner">

                        </Socket>
                    </AddonSockets>
                    <AddonSockets>
                        <Socket Names="Khanlo4fGabarite">

                        </Socket>
                        <Socket Names="Khanlo4fGabarite2" NamesBlock="Khanlo4fVisor">

                        </Socket>
                    </AddonSockets>
                    <AddonSockets>
                      <Socket Names="Khanlo4fSnorkel">

                      </Socket>
                    </AddonSockets>
                    <AddonSockets>
                      <Socket Names="Khanlo4fVisor">

                      </Socket>
                    </AddonSockets>
                    <AddonSockets>
                      <Socket Names="Khanlo4fHorn">

                      </Socket>
                    </AddonSockets>
                    <AddonSockets>
                      <Socket Names="Khanlo4fStairs">

                      </Socket>
                    </AddonSockets>
                    <AddonSockets>
                      <Socket Names="Khanlo4fWheelAddon">

                      </Socket>
                    </AddonSockets>
                    <AddonSockets>
                      <Socket Offset="(-2.17; 0.76; 0)" Names="ScautTrailer" NamesBlock="Khanlo4fWheelAddon">
                          <AddonsShift Offset="(-0.109; 0; 0)" Types="Khanlo4fRearBumper1">

                          </AddonsShift>
                      </Socket>
                    </AddonSockets>
                    <AddonSockets>
                      <Socket Offset="(1.682; 1.824; 0)" Names="StuffAirfreshener" InCockpit="true">

                      </Socket>
                    </AddonSockets>
                    <AddonSockets>
                      <Socket Dir="(0; 0; 1)" Offset="(1.86; 1.42; -0.005)" Names="StuffDashboard" UpDir="(0.151; 0.989; 0)" InCockpit="true">

                      </Socket>
                    </AddonSockets>
                    <AddonSockets>
                      <Socket Names="khanLo4FSticker_1x1_01" InCockpit="true">

                      </Socket>
                    </AddonSockets>
                    <AddonSockets>
                      <Socket Names="khanLo4FSticker_1x1_02" InCockpit="true">

                      </Socket>
                    </AddonSockets>
                    <AddonSockets>
                      <Socket Names="khanLo4FSticker_1x1_03" InCockpit="true">

                      </Socket>
                    </AddonSockets>
                    <AddonSockets>
                      <Socket Names="khanLo4FSticker_1x1_04" InCockpit="true">

                      </Socket>
                    </AddonSockets>
                    <AddonSockets>
                      <Socket Names="khanLo4FSticker_1x2_01" InCockpit="true">

                      </Socket>
                    </AddonSockets>
                    <AddonSockets>
                      <Socket Names="khanLo4FSticker_1x2_02" InCockpit="true">

                      </Socket>
                    </AddonSockets>
                    <AddonSockets>
                      <Socket Names="khanLo4FSticker_GlassTop" InCockpit="true">

                      </Socket>
                    </AddonSockets>
                    <AddonSockets>
                      <Socket Names="khanLo4FSticker_Door_R">

                      </Socket>
                    </AddonSockets>
                    <AddonSockets>
                      <Socket Names="khanLo4FSticker_Door_L">

                      </Socket>
                    </AddonSockets>
                    <AddonSockets>
                      <Socket Names="khanLo4FSticker_Roof">

                      </Socket>
                    </AddonSockets>
                      <CraneSocket Pos="(-2.17; 0.747; 0)">

                      </CraneSocket>
                      <CraneSocket Pos="(2.202; 0.661; 0.335)">

                      </CraneSocket>
                      <CraneSocket Pos="(2.202; 0.661; -0.335)">

                      </CraneSocket>
                      <CraneSocket Pos="(0; 2.100; 0)">

                      </CraneSocket>
                      <CraneSocket Pos="(0.064; 0.455; 0.896)">

                      </CraneSocket>
                      <CraneSocket Pos="(0.064; 0.455; -0.896)">

                      </CraneSocket>
                        <WinchSocket Pos="(-2.17; 0.747; 0)">

                        </WinchSocket>
                        <WinchSocket Pos="(2.202; 0.661; 0.335)">

                        </WinchSocket>
                        <WinchSocket Pos="(2.202; 0.661; -0.335)">

                        </WinchSocket>
                        <WinchSocket Pos="(0.064; 0.455; 0.896)">

                        </WinchSocket>
                        <WinchSocket Pos="(0.064; 0.455; -0.896)">

                        </WinchSocket>
        </GameData>
        <PhysicsModel Mesh="trucks/khan_lo4f">
                <Body CenterOfMassOffset="(0; -0.6; 0)" NetSync="pv" Mass="1800" ImpactType="Truck">
                    <Body NetSync="pv" CenterOfMassOffset="(0; -0.4; 0)" ModelFrame="BoneCabin_cdt" Mass="1500" ImpactType="Truck">
                        <Constraint Type="Fixed">

                        </Constraint>
                            <Body ModelFrame="BoneMirrorLeft_cdt" _template="SideMirror">
                              <Constraint AxisLocal="(0; 1; 0)">

                              </Constraint>
                            </Body>
                            <Body ModelFrame="BoneMirrorRight_cdt" _template="SideMirror">
                              <Constraint AxisLocal="(0; 1; 0)">

                              </Constraint>
                            </Body>
                            <Body ModelFrame="BoneSunshieldLeft_cdt" _template="SunShield">

                            </Body>
                            <Body ModelFrame="BoneSunshieldRight_cdt" _template="SunShield">

                            </Body>
                    </Body>
                </Body>
                <NetSync Legacy="false">

                </NetSync>
        </PhysicsModel>
        <HeadLight Pos="(2.307; 0.985; 0)" _template="Default">

        </HeadLight>
        <ModelAttachments>
                    <HeadLight>
                          <Flare Pos="(2.223; 1.025; -0.531)" _template="HeadLight" Color="g(245; 225; 200) x 0.6" Size="0.4" DirAngle="135">

                          </Flare>
                          <Flare Pos="(2.223; 1.025; 0.531)" _template="HeadLight" Color="g(245; 225; 200) x 0.6" Size="0.4" DirAngle="135">

                          </Flare>
                          <Flare Pos="(2.244; 1.025; -0.531)" _template="BlueStreak" Color="g(220; 220; 255) x 0.05" Size="0.5">

                          </Flare>
                          <Flare Pos="(2.244; 1.025; 0.531)" _template="BlueStreak" Color="g(220; 220; 255) x 0.05" Size="0.5">

                          </Flare>
                            <Model Org="(2.244; 1.025; -0.531)" _template="HeadLightRay">

                            </Model>
                            <Model Org="(2.244; 1.025; 0.531)" _template="HeadLightRay">

                            </Model>
                    </HeadLight>
                    <StopSignals>
                          <Light Pos="(-2.276; 0.968; 0)" _template="StopSignal">

                          </Light>
                              <Flare Pos="(-2.068; 0.968; -0.843)" _template="StopSignal" Size="0.5" DirAngle="135">

                              </Flare>
                              <Flare Pos="(-2.068; 0.968; 0.843)" _template="StopSignal" Size="0.5" DirAngle="135">

                              </Flare>
                    </StopSignals>
                    <Ignition>
                              <Light Pos="(2.25; 0.85; 0.5)" _template="IgnitionSignalWhite">

                              </Light>
                              <Light Pos="(2.25; 0.85; -0.5)" _template="IgnitionSignalWhite">

                              </Light>
                              <Light Pos="(-1.8; 1.025; -0)" _template="IgnitionSignalRed">

                              </Light>
                                <Flare Pos="(2.223; 1.025; -0.531)" _template="IgnitionSignalWhite" Size="0.3" DirAngle="120">

                                </Flare>
                                <Flare Pos="(2.223; 1.025; 0.531)" _template="IgnitionSignalWhite" Size="0.3" DirAngle="120">

                                </Flare>
                                <Flare Pos="(2.187; 0.815; -0.531)" _template="IgnitionSignalWhite" Color="g(165; 149; 130) x 0.7" Size="0.08">

                                </Flare>
                                <Flare Pos="(2.187; 0.815; 0.531)" _template="IgnitionSignalWhite" Color="g(165; 149; 130) x 0.7" Size="0.08">

                                </Flare>
                                <Flare Pos="(1.43; 2.008; -0.789)" _template="IgnitionSignalOrange">

                                </Flare>
                                <Flare Pos="(1.43; 2.008; 0.789)" _template="IgnitionSignalOrange">

                                </Flare>
                                <Flare Pos="(-2.068; 0.968; -0.843)" Size="0.09" _template="IgnitionSignalRed">

                                </Flare>
                                <Flare Pos="(-2.068; 0.968; 0.843)" Size="0.09" _template="IgnitionSignalRed">

                                </Flare>
                    </Ignition>
                    <ReverseSignals>
                              <Light Pos="(-2.276; 0.854; 0)" _template="ReverseSignal">

                              </Light>
                                  <Flare Pos="(-2.068; 0.854; -0.843)" _template="ReverseSignal" Size="0.7" DirAngle="135">

                                  </Flare>
                                  <Flare Pos="(-2.068; 0.854; 0.843)" _template="ReverseSignal" Size="0.7" DirAngle="135">

                                  </Flare>
                                  <Flare Pos="(-2.077; 0.854; -0.843)" Dir="(-1; 0; 0)" _template="BlueStreak" Color="g(220; 220; 255) x 0.05" Size="0.4">

                                  </Flare>
                                  <Flare Pos="(-2.077; 0.854; 0.843)" Dir="(-1; 0; 0)" _template="BlueStreak" Color="g(220; 220; 255) x 0.05" Size="0.4">

                                  </Flare>
                    </ReverseSignals>
        </ModelAttachments>
        <Snorkel Origin="(2.208; 0.844; 0)">

        </Snorkel>
        <TruckData SteerSpeed="0.04" EngineStartDelay="1.7" EngineIconMesh="env/engine_small" TruckType="SCOUT" Responsiveness="0.65" BackSteerSpeed="0.06" TruckImage="KHANLo4Fmchr" FuelCapacity="80" DiffLockType="Always" ExhaustStartTime="1.6" EngineIconScale="1.15">
                        <Driver Pos="(1.172; 1.014; 0.565)" AnimationSet="Scout" SteeringWheelPos="(1.478; 1.401; 0.558)">

                        </Driver>
                        <SoundsDamage _template="Scout">

                        </SoundsDamage>
                        <Shakers>
                                  <Shaker MaxFrequency="4" Frame="BoneExhaust" MinAngle="(0.3; 0.3; 0.3)" MaxAngle="(0.8; 0.8; 0.8)">

                                  </Shaker>
                                  <Shaker MaxFrequency="0.1" Frame="BoneGearstick" MinAngle="(0.8; 0.8; 0.8)" MaxAngle="(3; 3; 3)">

                                  </Shaker>
                        </Shakers>
                        <OcclusionMap MinX="-2.85" Texture="trucks/occlusion/chassis_small__s_d_a.tga" HalfSizeZ="1.4" MaxX="2.6">

                        </OcclusionMap>
                        <FuelTank DamageCapacity="50">

                        </FuelTank>
                                    <CompatibleWheels Type="wheels_scout1" Scale="0.38">

                                    </CompatibleWheels>
                                    <CompatibleWheels Type="wheels_scout2" Scale="0.38">

                                    </CompatibleWheels>
                                    <CompatibleWheels Type="wheels_scout1" Scale="0.42">

                                    </CompatibleWheels>
                                    <CompatibleWheels Type="wheels_scout2" Scale="0.42">

                                    </CompatibleWheels>
                        <EngineSocket Type="e_ru_scout_old" Default="ru_scout_old_engine_0">

                        </EngineSocket>
                        <SuspensionSocket Type="s_khan_lo4f" MaxWheelRadiusWithoutSuspension="0.22" Default="khan_lo4f_suspension_default">

                        </SuspensionSocket>
                        <Dashboard>
                                              <Gauge InputRange="(0;1)" Dir="(-0.996; 0.088; 0)" InputType="engineEnabled" Org="(1.789; 1.312; 0.758)" Damping="0.99" Mesh="trucks/arrows/khan_lo4f_arrow_01" OutputAngles="(-50;10)">

                                              </Gauge>
                                              <Gauge InputRange="(0;1)" Dir="(-0.996; 0.085; -0.001)" InputType="engineEnabled" Org="(1.789; 1.312; 0.675)" Damping="0.9" Mesh="trucks/arrows/khan_lo4f_arrow_01" OutputAngles="(-50;0)">

                                              </Gauge>
                                              <Gauge InputRange="(0;1)" Dir="(-0.996; 0.089; -0.001)" InputType="fuel" Org="(1.789; 1.312; 0.526)" Damping="0.9" Mesh="trucks/arrows/khan_lo4f_arrow_01" OutputAngles="(-50;50)">

                                              </Gauge>
                                              <Gauge InputRange="(0;1)" Dir="(-0.996; 0.086; -0)" InputType="engineEnabled" Org="(1.789; 1.312; 0.443)" Damping="0.9995" Mesh="trucks/arrows/khan_lo4f_arrow_01" OutputAngles="(-50;10)">

                                              </Gauge>
                                              <Gauge InputRange="(0;160)" Dir="(-0.996; 0.087; -0)" InputType="speed" Org="(1.791; 1.338; 0.259)" Damping="0.9" Mesh="trucks/arrows/khan_lo4f_arrow_02" OutputAngles="(-120;120)">

                                              </Gauge>
                        </Dashboard>
                        <Axles>
                                                <Axle Frame="BoneAxleFront">

                                                </Axle>
                                                <Axle Frame="BoneAxleRear">

                                                </Axle>
                        </Axles>
                        <Camera Center="(-1.3; 0; 0)" RadiusMultiplier="0.8">
                                                <Cockpit WindshieldDiffuseTexture="trucks/khanlo4f_glass__d_a.tga" _template="Default" WindshieldShadingTexture="trucks/khanlo4f_glass__sh_d.tga" ViewPos="(1.143; 1.714; 0.565)">
                                                    <Rear HorTransitionEnd="-1.2" ViewPosOffset="(-0.1; -0.1; 0.55)" HorTransitionStart="-1.1">

                                                    </Rear>
                                                        <Mirror FOVScale="1.5" ClipDir="(-0.956; 0; -0.292)" MeshFrame="mirror_left" Pos="(1.598; 1.607; 0.999)" Size="(0.15; 0.23)" ReflectionDir="(-0.956; 0; -0.292)">

                                                        </Mirror>
                                                        <Mirror FOVScale="1.5" ClipDir="(-0.809; 0; 0.588)" MeshFrame="mirror_right" Pos="(1.555; 1.607; -0.991)" Size="(0.15; 0.23)" ReflectionDir="(-0.809; 0; 0.588)">

                                                        </Mirror>
                                                        <Mirror FOVScale="1.75" ClipDir="(-1; 0; 0)" MeshFrame="hp_cab_mirror" Pos="(1.66; 1.818; 0)" ReflectionDir="(-0.913; -0.186; 0.364)" Size="(0.22; 0.08)" ClipOffset="0.1">

                                                        </Mirror>
                                                </Cockpit>
                        </Camera>
                        <Exhaust IsLight="false" Dir="(-1; 0; 0)" Speed="2.0" Origin="(-2.165; 0.527; -0.393)">

                        </Exhaust>
                        <Sounds _template="Default" MinDist="10.0" Origin="(1.375; 0.866; 0)" DisableReversePitch="false">
                                                    <Reverse Sound="trucks/khan_lo4f/khan_lo4f_reverse">

                                                    </Reverse>
                                                    <EngineHeavy_2d IsSound2D="true" Sound="trucks/khan_lo4f/khan_lo4f_heavy_2d">

                                                    </EngineHeavy_2d>
                                                    <EngineLow Sound="trucks/khan_lo4f/khan_lo4f_low">

                                                    </EngineLow>
                                                    <BrakePull Sound="">

                                                    </BrakePull>
                                                    <EngineHigh Sound="trucks/khan_lo4f/khan_lo4f_high">

                                                    </EngineHigh>
                                                    <Gear Sound="trucks/int_scout_800/int_scout_800_gear_shift">

                                                    </Gear>
                                                    <EngineRev Sound="trucks/khan_lo4f/khan_lo4f_rev">

                                                    </EngineRev>
                                                    <EngineHeavy Sound="trucks/khan_lo4f/khan_lo4f_heavy">

                                                    </EngineHeavy>
                                                    <EngineLow_2d IsSound2D="true" Sound="trucks/khan_lo4f/khan_lo4f_low_2d">

                                                    </EngineLow_2d>
                                                    <EngineHigh_2d IsSound2D="true" Sound="trucks/khan_lo4f/khan_lo4f_high_2d">

                                                    </EngineHigh_2d>
                                                    <EngineIdle Sound="trucks/khan_lo4f/khan_lo4f_idle">

                                                    </EngineIdle>
                                                    <EngineIdle_2d IsSound2D="true" Sound="trucks/khan_lo4f/khan_lo4f_idle_2d">

                                                    </EngineIdle_2d>
                                                    <EngineStart Sound="trucks/khan_lo4f/khan_lo4f_start">

                                                    </EngineStart>
                                                    <Handbrake Sound="trucks/int_scout_800/int_scout_800_handbrake_on">

                                                    </Handbrake>
                                                    <BrakesSqueal Sound="trucks/khan_lo4f/khan_lo4f_brakes_squeal">

                                                    </BrakesSqueal>
                                                    <GearFail Sound="trucks/common/truck_gear_wrong/truck_gear_wrong_small_old">

                                                    </GearFail>
                                                    <Honk Sound="trucks/khan_lo4f/khan_lo4f_honk">

                                                    </Honk>
                                                    <EngineStop Sound="trucks/khan_lo4f/khan_lo4f_stop">

                                                    </EngineStop>
                                                    <BrakeRelease Sound="trucks/khan_lo4f/khan_lo4f_brake_release">

                                                    </BrakeRelease>
                                                    <EngineAccel Sound="trucks/khan_lo4f/khan_lo4f_acc">

                                                    </EngineAccel>
                        </Sounds>
                        <GearboxSocket Type="gearboxes_scouts" Default="g_scout_default">

                        </GearboxSocket>
                        <Steam Origin="(1.245; 0.789; 0)">

                        </Steam>
                        <Wheels DefaultWheelType="wheels_scout1" DefaultTire="highway_1" DefaultRim="rim_1">
                                                            <Wheel Pos="(1.248; 0.37; 0.789)" _template="FrontWheel">

                                                            </Wheel>
                                                            <Wheel RightSide="true" Pos="(1.248; 0.37; 0.789)" _template="FrontWheel">

                                                            </Wheel>
                                                            <Wheel Pos="(-1.056; 0.37; 0.789)" _template="RearWheel">

                                                            </Wheel>
                                                            <Wheel RightSide="true" Pos="(-1.056; 0.37; 0.789)" _template="RearWheel">

                                                            </Wheel>
                        </Wheels>
                        <WinchUpgradeSocket Type="winches_scouts" Default="w_scout_default" IsUpgradable="true">

                        </WinchUpgradeSocket>
                        <SteeringRack Frame="BoneRack" RackHalfSizeZ="0.672" FrameSteerLeft="BoneRackLeft" FrameSteerRight="BoneRackRight">

                        </SteeringRack>
                        <SteeringWheel Frame="BoneSteering">

                        </SteeringWheel>
                        <SoundsWheels _template="Default">

                        </SoundsWheels>
                        <Damage>
                                                                      <DamageArea Min="(1.5; 0.6; -0.5)" ParentFrame="BoneChassis_cdt" Max="(2.2; 1.3; 0.5)" Type="Engine">

                                                                      </DamageArea>
                                                                      <DamageArea Min="(-0.6; 0.35; -0.9)" ParentFrame="BoneChassis_cdt" Max="(0.8; 0.6; 0.9)" Type="FuelTank">

                                                                      </DamageArea>
                        </Damage>
                        <Shafts>
                                                                        <Shaft SocketPointA="Shaft1a" Mesh="env/minishaft" SocketPointB="Shaft1b">

                                                                        </Shaft>
                                                                        <Shaft SocketPointA="Shaft2a" Mesh="env/minishaft" SocketPointB="Shaft2b">

                                                                        </Shaft>
                        </Shafts>
        </TruckData>
  </Truck>