  <_templates Include="trucks">
      <Wheel>
          <RearAxle Location="front" ConnectedToHandbrake="true" Torque="default">

          </RearAxle>
          <FirstAxle SteeringAngle="36" Location="front" Torque="default" SteeringCastor="12">

          </FirstAxle>
          <SecondAxle SteeringCastor="4" SteeringAngle="24" _template="FirstAxle">

          </SecondAxle>
      </Wheel>
      <Body>
            <SideMirror Mass="5" Collisions="None">
                <Constraint Type="Hinge" MaxLimit="0.5" AxisLocal="(0; 1; 0)" MinLimit="-0.5">
                    <Motor Spring="150" Damping="5" Type="Spring">

                    </Motor>
                </Constraint>
            </SideMirror>
            <Panel Mass="5" Collisions="None">
                  <Constraint Type="Prismatic" MaxLimit="0.05" AxisLocal="(0; 1; 0)" MinLimit="-0.1">
                      <Motor Spring="600" Damping="50" Type="Spring">

                      </Motor>
                  </Constraint>
            </Panel>
            <MudguardFrame Mass="30" Collisions="None">
                    <Constraint Type="Hinge" MaxLimit="1" AxisLocal="(1; 0; 0)" MinLimit="-1">
                        <Motor Spring="5500" Damping="70" Type="Spring">

                        </Motor>
                    </Constraint>
            </MudguardFrame>
      </Body>
      <Flare>
              <HeadLight ColorMultAtDay="0.7" Dir="(1; 0; 0)" AspectRatio="1.4" Size="2.0" DirAngle="90" Color="g(141; 133; 117) x .9" Reflections="true" SizeMultAtDay="0.5">

              </HeadLight>
              <IgnitionSignalOrange ColorMultAtDay="0.6" Dir="(0; 1; 0)" DirAngle="135" Color="g(255; 140; 0) x 0.3" Size="0.1" AspectRatio="1.4">

              </IgnitionSignalOrange>
              <IgnitionSignalWhite Dir="(1; 0; 0)" DirAngle="90" Color="g(165; 149; 130) x 0.8" Size="0.4" AspectRatio="1.4">

              </IgnitionSignalWhite>
              <MarkerBeacon Color="g(117; 94; 72) x 0.7" Size="0.5">

              </MarkerBeacon>
      </Flare>
  </_templates>
  <Truck>
        <Landmark MaxScale="2.8" Mesh="landmarks/kolob_74760_lmk" MinScale="1.8">

        </Landmark>
        <GameData ExcludeAddons="trailer_log_pole" UnlockByExploration="false" Price="107700" UnlockByRank="22" Country="RU,CAS">
              <CustomizationCameras>
                    <CameraPos Name="roof_sticker" InterestPosition="(2.004; 1.167; -0.342)" Position="(6.089; 6.363; -0.944)" Interior="true" FOV="32.0">

                    </CameraPos>
                    <CameraPos Name="sticker_1" InterestPosition="(8.067; 3.057; 1.334)" Position="(5.608; 3.313; -0.554)" Interior="true" FOV="32.0">

                    </CameraPos>
                    <CameraPos MaxYRotation="360" MaxZoom="2" Name="addon_1" InterestPosition="(-0.28; 1.903; -0)" Position="(-8.733; 4.067; 5.257)" MaxXRotation="360" FOV="32.0">

                    </CameraPos>
                    <CameraPos MaxYRotation="360" MaxZoom="2" Name="addon_2" InterestPosition="(3.5; 2.387; 0)" Position="(-1.534; 4.27; 3.527)" MaxXRotation="360" FOV="32.0">

                    </CameraPos>
                    <CameraPos Name="mirror_mount" InterestPosition="(8.067; 3.057; 1.334)" Position="(5.275; 3.338; -0.599)" Interior="true" FOV="32.0">

                    </CameraPos>
                    <CameraPos MaxYRotation="360" MaxZoom="2" Name="side_r" InterestPosition="(4.764; 1.97; -0)" Position="(-0.226; 4.969; -4.508)" MaxXRotation="360" FOV="32.0">

                    </CameraPos>
                    <CameraPos Name="sticker" InterestPosition="(8.067; 1.461; 2.035)" Position="(5.914; 2.907; -0.241)" Interior="true" FOV="32.0">

                    </CameraPos>
                    <CameraPos Name="door_r_sticker" InterestPosition="(7.16; 2.03; -0.145)" Position="(3.239; 2.461; 3.59)" Interior="true" FOV="32.0">

                    </CameraPos>
                    <CameraPos MaxYRotation="360" MaxZoom="2" Name="roof" InterestPosition="(4.758; 2.358; -0)" Position="(10.787; 4.806; -3.717)" MaxXRotation="360" FOV="32.0">

                    </CameraPos>
                    <CameraPos Name="glass_sticker" InterestPosition="(6.227; 3.233; -1.219)" Position="(9.682; 3.105; 1.439)" Interior="true" FOV="32.0">

                    </CameraPos>
                    <CameraPos MaxYRotation="360" MaxZoom="2" Name="hoods" InterestPosition="(5.716; 1.735; 0)" Position="(13.576; 1.402; -3.863)" MaxXRotation="360" FOV="32.0">

                    </CameraPos>
                    <CameraPos Name="sticker_2" InterestPosition="(8.044; 0.68; 1.138)" Position="(6.193; 3.608; -0.463)" Interior="true" FOV="32.0">

                    </CameraPos>
                    <CameraPos MaxYRotation="360" MaxZoom="2" Name="side_l" InterestPosition="(6.27; 2.278; 0)" Position="(11.866; 5.284; -4.55)" MaxXRotation="360" FOV="32.0">

                    </CameraPos>
                    <CameraPos Name="bubble_head" InterestPosition="(8.067; 1.97; 1.534)" Position="(5.756; 3.132; -0.479)" Interior="true" FOV="32.0">

                    </CameraPos>
                    <CameraPos MaxYRotation="360" MaxZoom="2" Name="wheels" InterestPosition="(3.679; 0.627; -0)" Position="(6.058; 2.362; -6.974)" MaxXRotation="360" FOV="32.0">

                    </CameraPos>
                    <CameraPos MaxYRotation="360" MaxZoom="2" Name="default" InterestPosition="(5.716; 1.735; 0)" Position="(13.576; 1.402; -3.863)" MaxXRotation="360" FOV="32.0">

                    </CameraPos>
                    <CameraPos MaxYRotation="360" MaxZoom="2" Name="rear" InterestPosition="(0.479; 0.992; -0)" Position="(-5.767; 1.805; 2.899)" MaxXRotation="360" FOV="32.0">

                    </CameraPos>
                    <CameraPos Name="door_l_sticker" InterestPosition="(4.795; 2.061; 0.11)" Position="(3.255; 2.625; -3.526)" Interior="true" FOV="32.0">

                    </CameraPos>
                    <CameraPos Name="curtain" InterestPosition="(8.067; 3.057; 1.334)" Position="(5.275; 3.338; -0.599)" Interior="true" FOV="32.0">

                    </CameraPos>
              </CustomizationCameras>
              <UiDesc UiName="UI_VEHICLE_KOLOB_74760_NAME" UiDesc="UI_VEHICLE_KOLOB_74760_DESC" UiIconLogo="KolobLogo80" UiIcon40x40="heavyVehicleImg" UiIcon30x30="heavyVehicleImg30" UiIcon328x458="shopImgMZKTVolat">

              </UiDesc>
                    <AddonSockets>
                        <Socket Offset="(-4.704; 0.838; 0)" Names="Trailer">

                        </Socket>
                        <Socket Offset="(-1.95; 2; 0)" Names="LargeSemitrailer, LargeSemitrailerOiltank">

                        </Socket>
                    </AddonSockets>
                    <AddonSockets>
                      <Socket Offset="(-1.95; 1.65; -0)" Names="SaddleHigh1">

                      </Socket>
                    </AddonSockets>
                    <AddonSockets DefaultAddon="kolob_74760_snorkel_default">
                      <Socket Offset="(0; 0; 0)" Names="Kolob74760Snorkel">

                      </Socket>
                    </AddonSockets>
                    <AddonSockets DefaultAddon="kolob_74760_exhaust_default">
                      <Socket Offset="(0; 0; 0)" Names="Kolob74760Exhaust">

                      </Socket>
                    </AddonSockets>
                    <AddonSockets DefaultAddon="kolob_74760_headlamp_default">
                      <Socket Offset="(0; 0; 0)" Names="Kolob74760Headlamp">

                      </Socket>
                    </AddonSockets>
                    <AddonSockets>
                      <Socket Offset="(0; 0; 0)" Names="Kolob74760Spotlight">

                      </Socket>
                    </AddonSockets>
                    <AddonSockets>
                      <Socket Offset="(0; 0; 0)" Names="Kolob74760BeaconFront">

                      </Socket>
                    </AddonSockets>
                    <AddonSockets>
                      <Socket Offset="(0; 0; 0)" Names="Kolob74760Beacon">

                      </Socket>
                    </AddonSockets>
                    <AddonSockets>
                      <Socket Offset="(0; 0; 0)" Names="Kolob74760Gabarite">

                      </Socket>
                    </AddonSockets>
                    <AddonSockets>
                      <Socket Offset="(0; 0; 0)" Names="Kolob74760Bumper">

                      </Socket>
                    </AddonSockets>
                    <AddonSockets>
                      <Socket Offset="(0; 0; 0)" Names="Kolob74760SpareWheel">

                      </Socket>
                    </AddonSockets>
                    <AddonSockets>
                      <Socket Offset="(4.307; 2.814; 0.059)" Names="StuffDashboard" InCockpit="true">

                      </Socket>
                    </AddonSockets>
                    <AddonSockets>
                      <Socket Names="kolob74760Sticker_1x1_01" InCockpit="true">

                      </Socket>
                    </AddonSockets>
                    <AddonSockets>
                      <Socket Names="kolob74760Sticker_1x1_02" InCockpit="true">

                      </Socket>
                    </AddonSockets>
                    <AddonSockets>
                      <Socket Names="kolob74760Sticker_1x2_01" InCockpit="true">

                      </Socket>
                    </AddonSockets>
                    <AddonSockets>
                      <Socket Names="kolob74760Sticker_1x2_02" InCockpit="true">

                      </Socket>
                    </AddonSockets>
                    <AddonSockets>
                      <Socket Names="kolob74760Sticker_1x2_03" InCockpit="true">

                      </Socket>
                    </AddonSockets>
                    <AddonSockets>
                      <Socket Names="kolob74760Sticker_1x4_01" InCockpit="true">

                      </Socket>
                    </AddonSockets>
                    <AddonSockets>
                      <Socket Names="kolob74760Sticker_GlassTop" InCockpit="true">

                      </Socket>
                    </AddonSockets>
                    <AddonSockets>
                      <Socket Names="kolob74760Sticker_GlassBottom" InCockpit="true">

                      </Socket>
                    </AddonSockets>
                    <AddonSockets>
                      <Socket Names="kolob74760Sticker_Door_R">

                      </Socket>
                    </AddonSockets>
                    <AddonSockets>
                      <Socket Names="kolob74760Sticker_Door_L">

                      </Socket>
                    </AddonSockets>
                    <AddonSockets>
                      <Socket Names="kolob74760Sticker_Roof">

                      </Socket>
                    </AddonSockets>
                    <AddonSockets>
                      <Socket Offset="(4.203; 3.507; 0.113)" Names="StuffAirfreshener" InCockpit="true">

                      </Socket>
                    </AddonSockets>
                    <AddonSockets>
                      <Socket Names="StuffCurtainKolob74760" InCockpit="true">

                      </Socket>
                    </AddonSockets>
                      <CraneSocket Pos="(4.986; 1.302; 0.446)">

                      </CraneSocket>
                      <CraneSocket Pos="(4.986; 1.302; -0.446)">

                      </CraneSocket>
                      <CraneSocket Pos="(-4.644; 0.832; 0)">

                      </CraneSocket>
                      <CraneSocket Pos="(-0.605; 0.717; 1.483)">

                      </CraneSocket>
                      <CraneSocket Pos="(-0.605; 0.717; -1.483)">

                      </CraneSocket>
                        <WinchSocket Pos="(4.986; 1.302; 0.446)">

                        </WinchSocket>
                        <WinchSocket Pos="(4.986; 1.302; -0.446)">

                        </WinchSocket>
                        <WinchSocket Pos="(-4.644; 0.832; 0)">

                        </WinchSocket>
                        <WinchSocket Pos="(-0.605; 0.717; 1.483)">

                        </WinchSocket>
                        <WinchSocket Pos="(-0.605; 0.717; -1.483)">

                        </WinchSocket>
        </GameData>
        <PhysicsModel Mesh="trucks/kolob_74760">
                <Body NetSync="pv" CenterOfMassOffset="(-1; -0.3; 0)" ModelFrame="BoneChassis_cdt" Mass="28800" ImpactType="Truck">
                      <Body ModelFrame="BoneMirrorLeft_cdt" _template="SideMirror">

                      </Body>
                      <Body ModelFrame="BoneMirrorRight_cdt" _template="SideMirror">

                      </Body>
                      <Body ModelFrame="BoneMirrorLeft2_cdt" _template="SideMirror">

                      </Body>
                      <Body ModelFrame="BoneMirrorRight2_cdt" _template="SideMirror">

                      </Body>
                      <Body ModelFrame="BoneLeftMudguardFrame1_cdt" _template="MudguardFrame">

                      </Body>
                      <Body ModelFrame="BoneLeftMudguardFrame2_cdt" _template="MudguardFrame">

                      </Body>
                      <Body ModelFrame="BoneRightMudguardFrame1_cdt" _template="MudguardFrame">

                      </Body>
                      <Body ModelFrame="BoneRightMudguardFrame2_cdt" _template="MudguardFrame">

                      </Body>
                      <Body ModelFrame="BoneLeftPanel1_cdt" _template="Panel">

                      </Body>
                      <Body ModelFrame="BoneLeftPanel2_cdt" Mass="4" _template="Panel">
                        <Constraint>
                            <Motor Spring="700" Damping="25" Type="Spring">

                            </Motor>
                        </Constraint>
                      </Body>
                      <Body ModelFrame="BoneRightPanel1_cdt" _template="Panel">

                      </Body>
                      <Body ModelFrame="BoneRightPanel2_cdt" Mass="6" _template="Panel">
                        <Constraint>
                            <Motor Spring="800" Damping="30" Type="Spring">

                            </Motor>
                        </Constraint>
                      </Body>
                      <Body Mass="5" ModelFrame="BoneCrane1_cdt">
                        <Constraint Type="Hinge" MaxLimit="7" AxisLocal="(0; 1; 0)" MinLimit="-5" PivotOffset="(0; 0; 0)">
                            <Motor Spring="0.2" Damping="10" Type="Spring">

                            </Motor>
                        </Constraint>
                        <Body Mass="5" ModelFrame="BoneCrane2_cdt">
                              <Constraint Type="Hinge" MaxLimit="50" AxisLocal="(0; 0; 1)" MinLimit="-50" PivotOffset="(0; 0; 0)">
                                  <Motor Spring="0.2" Damping="0.1" Type="Spring">

                                  </Motor>
                              </Constraint>
                        </Body>
                      </Body>
                </Body>
                <NetSync Legacy="false">

                </NetSync>
        </PhysicsModel>
        <AutomaticIK>
                    <IKBone ParentFrame="BoneAxleL4" ModelFrame="BoneIKLeft1">
                      <IKJoint Type="Hinge2" AxisLocal="(1; 0; 0)">

                      </IKJoint>
                      <IKBone AttachToFrame="BoneAxleL3" AttachOffset="(0; 0; 0)" ModelFrame="BoneIKLeft2">
                            <IKJoint Type="Slider" AxisLocal="(1; 0; 0)">

                            </IKJoint>
                      </IKBone>
                    </IKBone>
                    <IKBone ParentFrame="BoneAxleR4" ModelFrame="BoneIKRight1">
                      <IKJoint Type="Hinge2" AxisLocal="(1; 0; 0)">

                      </IKJoint>
                      <IKBone AttachToFrame="BoneAxleR3" AttachOffset="(0; 0; 0)" ModelFrame="BoneIKRight2">
                            <IKJoint Type="Slider" AxisLocal="(1; 0; 0)">

                            </IKJoint>
                      </IKBone>
                    </IKBone>
        </AutomaticIK>
        <HeadLight Pos="(5.052; 1.103; 0)" ParentFrame="BoneChassis_cdt" _template="Default">

        </HeadLight>
        <ModelAttachments>
                      <HeadLight>
                            <Flare Pos="(4.846; 1.692; 1.297)" _template="HeadLight" Color="g(255; 235; 200) x 0.8" Size=".15">

                            </Flare>
                            <Flare Pos="(4.846; 1.692; -1.297)" _template="HeadLight" Color="g(255; 235; 200) x 0.8" Size=".15">

                            </Flare>
                            <Flare Pos="(4.846; 1.692; 1.297)" _template="BlueStreak">

                            </Flare>
                            <Flare Pos="(4.846; 1.692; -1.297)" _template="BlueStreak">

                            </Flare>
                              <Model Org="(4.846; 1.692; 1.297)" _template="HeadLightRay">

                              </Model>
                              <Model Org="(4.846; 1.692; -1.297)" _template="HeadLightRay">

                              </Model>
                      </HeadLight>
                      <StopSignals>
                            <Light Pos="(-4.726; 1.323; 0.005)" _template="StopSignal">

                            </Light>
                                <Flare Pos="(-4.586; 1.402; 1.282)" _template="StopSignal">

                                </Flare>
                                <Flare Pos="(-4.586; 1.402; -1.282)" _template="StopSignal">

                                </Flare>
                                <Flare Pos="(-4.586; 1.356; 1.282)" _template="StopSignal">

                                </Flare>
                                <Flare Pos="(-4.586; 1.356; -1.282)" _template="StopSignal">

                                </Flare>
                      </StopSignals>
                      <Ignition>
                                <Light Pos="(-4.726; 1.2; 0.005)" Color="g(168; 12; 0)" _template="IgnitionSignalRed">

                                </Light>
                                <Light Pos="(4.700; 1.2; 1.1)" Dir="(1; 0; 0)" _template="IgnitionSignalWhite">

                                </Light>
                                <Light Pos="(4.700; 1.2; -1.1)" Dir="(1; 0; 0)" _template="IgnitionSignalWhite">

                                </Light>
                                <Light Pos="(4.700; 1.2; 0.005)" Dir="(1; 0; 0)" _template="IgnitionSignalRed">

                                </Light>
                                  <Flare Pos="(-4.586; 1.402; 1.278)" Dir="(-1; 0; 0)" _template="IgnitionSignalOrange" Color="g(255; 0; 0) x 0.3" Size="0.1">

                                  </Flare>
                                  <Flare Pos="(-4.586; 1.402; -1.278)" Dir="(-1; 0; 0)" _template="IgnitionSignalOrange" Color="g(255; 0; 0) x 0.3" Size="0.1">

                                  </Flare>
                                  <Flare Pos="(-4.586; 1.356; 1.278)" Dir="(-1; 0; 0)" _template="IgnitionSignalOrange" Color="g(255; 0; 0) x 0.3" Size="0.1">

                                  </Flare>
                                  <Flare Pos="(-4.586; 1.356; -1.278)" Dir="(-1; 0; 0)" _template="IgnitionSignalOrange" Color="g(255; 0; 0) x 0.3" Size="0.1">

                                  </Flare>
                                  <Flare Pos="(-4.522; 1.383; 1.489)" Dir="(0; 0; 1)" _template="IgnitionSignalOrange" Color="g(255; 140; 0) x 0.3" Size="0.2">

                                  </Flare>
                                  <Flare Pos="(-4.522; 1.383; -1.489)" Dir="(0; 0; -1)" _template="IgnitionSignalOrange" Color="g(255; 140; 0) x 0.3" Size="0.2">

                                  </Flare>
                                  <Flare Pos="(-0.605; 0.883; 1.628)" Dir="(0; 0; 1)" _template="IgnitionSignalOrange" Color="g(255; 140; 0) x 0.4" Size="0.1">

                                  </Flare>
                                  <Flare Pos="(-0.605; 0.883; -1.628)" Dir="(0; 0; -1)" _template="IgnitionSignalOrange" Color="g(255; 140; 0) x 0.4" Size="0.1">

                                  </Flare>
                                  <Flare Pos="(0.603; 2.511; 1.269)" Dir="(0; 0; 1)" _template="IgnitionSignalOrange" Size="0.05">

                                  </Flare>
                                  <Flare Pos="(1.786; 1.54; 1.612)" Dir="(0; 0; 1)" _template="IgnitionSignalOrange" Size="0.05">

                                  </Flare>
                                  <Flare Pos="(4.493; 1.494; 1.599)" Dir="(0; 0; 1)" _template="IgnitionSignalOrange" Size="0.15">

                                  </Flare>
                                  <Flare Pos="(1.786; 1.54; -1.612)" Dir="(0; 0; -1)" _template="IgnitionSignalOrange" Size="0.05">

                                  </Flare>
                                  <Flare Pos="(4.493; 1.494; -1.599)" Dir="(0; 0; -1)" _template="IgnitionSignalOrange" Size="0.15">

                                  </Flare>
                                  <Flare Pos="(4.225; 3.509; 1.246)" Dir="(0; 0; 1)" _template="IgnitionSignalOrange" Size="0.1">

                                  </Flare>
                                  <Flare Pos="(4.225; 3.509; -1.246)" Dir="(0; 0; -1)" _template="IgnitionSignalOrange" Size="0.1">

                                  </Flare>
                                  <Flare Pos="(4.733; 1.993; 1.008)" Size="0.2" _template="IgnitionSignalWhite">

                                  </Flare>
                                  <Flare Pos="(4.733; 1.993; 1.008)" _template="IgnitionSignalWhite" Color="g(255; 255; 255) x 0.6" Size="0.04" DirAngle="40">

                                  </Flare>
                                  <Flare Pos="(4.733; 1.993; -1.008)" Size="0.2" _template="IgnitionSignalWhite">

                                  </Flare>
                                  <Flare Pos="(4.733; 1.993; -1.008)" _template="IgnitionSignalWhite" Color="g(255; 255; 255) x 0.6" Size="0.04" DirAngle="40">

                                  </Flare>
                                  <Flare Pos="(4.83; 1.599; 1.124)" Size="0.2" _template="IgnitionSignalWhite">

                                  </Flare>
                                  <Flare Pos="(4.83; 1.599; -1.124)" Size="0.2" _template="IgnitionSignalWhite">

                                  </Flare>
                                  <Flare Pos="(4.882; 1.449; 1.165)" Dir="(1; 0; 0)" _template="IgnitionSignalWhite" Size="0.05">

                                  </Flare>
                                  <Flare Pos="(4.882; 1.449; -1.165)" Dir="(1; 0; 0)" _template="IgnitionSignalWhite" Size="0.05">

                                  </Flare>
                                  <Flare Pos="(4.83; 1.599; -1.286)" Dir="(1; 0; 0)" _template="IgnitionSignalOrange" Color="g(255; 140; 0) x 0.2" Size="0.2">

                                  </Flare>
                                  <Flare Pos="(4.846; 1.692; -1.297)" Size="0.15" _template="IgnitionSignalWhite">

                                  </Flare>
                                  <Flare Pos="(4.846; 1.692; -1.297)" _template="IgnitionSignalWhite" Color="g(255; 255; 255) x 0.4" Size="0.1" DirAngle="20">

                                  </Flare>
                                  <Flare Pos="(4.846; 1.692; 1.297)" Size="0.15" _template="IgnitionSignalWhite">

                                  </Flare>
                                  <Flare Pos="(4.846; 1.692; 1.297)" _template="IgnitionSignalWhite" Color="g(255; 255; 255) x 0.4" Size="0.1" DirAngle="20">

                                  </Flare>
                                  <Flare Pos="(4.846; 1.692; -1.122)" Size="0.15" _template="IgnitionSignalWhite">

                                  </Flare>
                                  <Flare Pos="(4.846; 1.692; -1.122)" _template="IgnitionSignalWhite" Color="g(255; 255; 255) x 0.4" Size="0.1" DirAngle="20">

                                  </Flare>
                                  <Flare Pos="(4.846; 1.692; 1.122)" Size="0.15" _template="IgnitionSignalWhite">

                                  </Flare>
                                  <Flare Pos="(4.846; 1.692; 1.122)" _template="IgnitionSignalWhite" Color="g(255; 255; 255) x 0.4" Size="0.1" DirAngle="20">

                                  </Flare>
                                  <Flare Pos="(4.83; 1.599; 1.286)" Dir="(1; 0; 0)" _template="IgnitionSignalOrange" Color="g(255; 140; 0) x 0.2" Size="0.2">

                                  </Flare>
                                  <Flare Pos="(4.405; 3.58; 0.151)" Dir="(1; 0; 0)" _template="IgnitionSignalOrange" Color="g(255; 140; 0) x 0.35" Size="0.15">

                                  </Flare>
                                  <Flare Pos="(4.405; 3.58; 0)" Dir="(1; 0; 0)" _template="IgnitionSignalOrange" Color="g(255; 140; 0) x 0.35" Size="0.15">

                                  </Flare>
                                  <Flare Pos="(4.405; 3.58; -0.151)" Dir="(1; 0; 0)" _template="IgnitionSignalOrange" Color="g(255; 140; 0) x 0.35" Size="0.15">

                                  </Flare>
                      </Ignition>
                      <ReverseSignals>
                                <Light Pos="(-4.726; 1.2; 0.005)" _template="ReverseSignal">

                                </Light>
                                    <Flare Pos="(-4.586; 1.402; 1.209)" _template="ReverseSignal">

                                    </Flare>
                                    <Flare Pos="(-4.586; 1.356; 1.209)" _template="ReverseSignal">

                                    </Flare>
                                    <Flare Pos="(-4.586; 1.402; -1.209)" _template="ReverseSignal">

                                    </Flare>
                                    <Flare Pos="(-4.586; 1.356; -1.209)" _template="ReverseSignal">

                                    </Flare>
                                    <Flare Pos="(-4.586; 1.38; 1.209)" Dir="(-1; 0; 0)" _template="BlueStreak" Color="g(220; 220; 255) x 0.05" Size="0.4">

                                    </Flare>
                                    <Flare Pos="(-4.586; 1.38; -1.209)" Dir="(-1; 0; 0)" _template="BlueStreak" Color="g(220; 220; 255) x 0.05" Size="0.4">

                                    </Flare>
                      </ReverseSignals>
        </ModelAttachments>
        <TruckData SteerSpeed="0.016" EngineStartDelay="3.2" EngineIconMesh="env/engine_pacific_p16" TruckType="HEAVY" Responsiveness="0.2" BackSteerSpeed="0.01" TruckImage="KOLOB74760mchr" FuelCapacity="380" DiffLockType="Always" ExhaustStartTime="2.8" EngineIconScale="0.8">
                        <Driver Pos="(3.67; 2.370; 0.669)" AnimationSet="HeavyTruck" SteeringWheelPos="(4.057; 2.715; 0.67)">

                        </Driver>
                        <SoundsDamage _template="Heavy">

                        </SoundsDamage>
                        <OcclusionMap HalfSizeZ="2.932" MinX="-6.63" MaxX="4.88">

                        </OcclusionMap>
                        <FuelTank DamageCapacity="100">

                        </FuelTank>
                        <Intake Size="0.8" Dir="(1; 0; 0)" Origin="(4.971; 1.492; 0)">

                        </Intake>
                        <EngineSocket Type="e_ru_special" Default="ru_special_engine_0">

                        </EngineSocket>
                        <SuspensionSocket Type="s_kolob_74760" MaxWheelRadiusWithoutSuspension="0.76" Default="kolob_74760_suspension_default">

                        </SuspensionSocket>
                        <Dashboard>
                                            <Gauge InputRange="(0;1)" Dir="(-0.939; 0.344; 0)" InputType="rpm" Org="(4.386; 2.685; 0.854)" Damping="0.9" Mesh="trucks/arrows/kolob_74760_arrow_03" OutputAngles="(-124;124)">

                                            </Gauge>
                                            <Gauge InputRange="(0;120)" Dir="(-0.939; 0.344; 0)" InputType="speed" Org="(4.386; 2.685; 0.524)" Damping="0.9" Mesh="trucks/arrows/kolob_74760_arrow_03" OutputAngles="(-117;117)">

                                            </Gauge>
                                            <Gauge InputRange="(0;1)" Dir="(-0.939; 0.344; 0)" InputType="engineEnabled" Org="(4.355; 2.603; 0.911)" Damping="0.9" Mesh="trucks/arrows/kolob_74760_arrow_02" OutputAngles="(-30;5)">

                                            </Gauge>
                                            <Gauge InputRange="(0;1)" Dir="(-0.939; 0.344; 0)" InputType="engineEnabled" Org="(4.355; 2.603; 0.855)" Damping="0.9" Mesh="trucks/arrows/kolob_74760_arrow_02" OutputAngles="(-30;-5)">

                                            </Gauge>
                                            <Gauge InputRange="(0;1)" Dir="(-0.939; 0.344; 0)" InputType="engineEnabled" Org="(4.355; 2.603; 0.799)" Damping="0.9" Mesh="trucks/arrows/kolob_74760_arrow_02" OutputAngles="(-30;18)">

                                            </Gauge>
                                            <Gauge InputRange="(0;1)" Dir="(-0.939; 0.344; 0)" InputType="fuel" Org="(4.355; 2.603; 0.577)" Damping="0.9" Mesh="trucks/arrows/kolob_74760_arrow_02" OutputAngles="(-30;30)">

                                            </Gauge>
                                            <Gauge InputRange="(0;1)" Dir="(-0.939; 0.344; 0)" InputType="engineEnabled" Org="(4.355; 2.603; 0.522)" Damping="0.9" Mesh="trucks/arrows/kolob_74760_arrow_02" OutputAngles="(-30;4)">

                                            </Gauge>
                                            <Gauge InputRange="(0;1)" Dir="(-0.939; 0.344; 0)" InputType="engineEnabled" Org="(4.355; 2.603; 0.465)" Damping="0.9" Mesh="trucks/arrows/kolob_74760_arrow_02" OutputAngles="(-30;14)">

                                            </Gauge>
                                            <Gauge InputRange="(0;1)" Dir="(-0.939; 0.344; 0)" InputType="engineEnabled" Org="(4.162; 2.643; 0.043)" Damping="0.95" Mesh="trucks/arrows/kolob_74760_arrow_01" OutputAngles="(-134;-25)">

                                            </Gauge>
                                            <Gauge InputRange="(0;1)" Dir="(-0.939; 0.344; 0)" InputType="engineEnabled" Org="(4.162; 2.643; -0.033)" Damping="0.95" Mesh="trucks/arrows/kolob_74760_arrow_01" OutputAngles="(-134;5)">

                                            </Gauge>
                                            <Gauge InputRange="(0;1)" Dir="(-0.939; 0.344; 0)" InputType="engineEnabled" Org="(4.162; 2.643; -0.109)" Damping="0.95" Mesh="trucks/arrows/kolob_74760_arrow_01" OutputAngles="(-134;-35)">

                                            </Gauge>
                                            <Gauge InputRange="(0;1)" Dir="(-0.939; 0.344; 0)" InputType="engineEnabled" Org="(4.162; 2.643; -0.184)" Damping="0.95" Mesh="trucks/arrows/kolob_74760_arrow_01" OutputAngles="(-134;-93)">

                                            </Gauge>
                        </Dashboard>
                        <Axles>
                                              <Axle Frame="BoneAxleL1">

                                              </Axle>
                                              <Axle Frame="BoneAxleR1">

                                              </Axle>
                                              <Axle Frame="BoneAxleL2">

                                              </Axle>
                                              <Axle Frame="BoneAxleR2">

                                              </Axle>
                                              <Axle Frame="BoneAxleL3">

                                              </Axle>
                                              <Axle Frame="BoneAxleR3">

                                              </Axle>
                                              <Axle Frame="BoneAxleL4">

                                              </Axle>
                                              <Axle Frame="BoneAxleR4">

                                              </Axle>
                        </Axles>
                        <Camera Center="(-0.5; 0; 0)" ParentFrame="BoneChassis_cdt">
                                              <Cockpit WindshieldDiffuseTexture="trucks/kolob_74760_glass__d_a.tga" _template="Default" WindshieldShadingTexture="trucks/kolob_74760_glass__sh_d.tga" ViewPos="(3.6; 3.072; 0.669)">
                                                    <Mirror FOVScale="1.8" ClipDir="(-0.91; -0.019; -0.413)" MeshFrame="mirror_left" Pos="(4.266; 2.998; 1.585)" ReflectionDir="(-0.91; -0.019; -0.413)" Size="(0.22; 0.451)" ClipOffset="0.1">
                                                      <SecondaryView FOVScale="1.5" ClipDir="(-0.91; -0.019; -0.413)" MeshFrame="mirror_left_1" Pos="(4.294; 2.645; 1.585)" ReflectionDir="(-0.91; -0.019; -0.413)" Size="(0.236; 0.194)" ClipOffset=".1">

                                                      </SecondaryView>
                                                    </Mirror>
                                                    <Mirror FOVScale="2.5" ClipDir="(-0.813; -0.091; 0.576)" MeshFrame="mirror_right" Pos="(4.277; 3.115; -1.569)" ReflectionDir="(-0.813; -0.091; 0.576)" Size="(0.22; 0.451)" ClipOffset="0.1">
                                                      <SecondaryView ClipDir="(-0.813; -0.091; 0.576)" CurveAngle="10" Size="(0.236; 0.194)" FOVScale="1.5" ReflectionDir="(-0.813; -0.091; 0.576)" Pos="(4.306; 2.761; -1.569)" MeshFrame="mirror_right_1" ClipOffset=".1">

                                                      </SecondaryView>
                                                    </Mirror>
                                              </Cockpit>
                        </Camera>
                        <CompatibleWheels Type="wheels_superheavy_single" Scale="0.745">

                        </CompatibleWheels>
                                                <LimitedFluid SizeX="0.787" Center="(-0.605; 1.147; 1.112)" Type="Box" SizeZ="0.820" SizeY="0.655">

                                                </LimitedFluid>
                                                <LimitedFluid SizeX="0.787" Center="(-0.605; 1.147; -1.112)" Type="Box" SizeZ="0.820" SizeY="0.655">

                                                </LimitedFluid>
                        <Sounds _template="Default" Origin="(0.95; 1.3; 0)" MinDist="15.0" DisableReversePitch="true">
                                                    <Reverse Sound="trucks/kolob_74760/kolob_74760_back_beeper">

                                                    </Reverse>
                                                    <EngineHeavy_2d IsSound2D="true" Sound="trucks/kolob_74760/kolob_74760_heavy_2d">

                                                    </EngineHeavy_2d>
                                                    <EngineLow Sound="trucks/kolob_74760/kolob_74760_low">

                                                    </EngineLow>
                                                    <EngineHigh Sound="trucks/kolob_74760/kolob_74760_high">

                                                    </EngineHigh>
                                                    <HandbrakeOff Sound="trucks/kolob_74760/kolob_74760_handbrake_off">

                                                    </HandbrakeOff>
                                                    <ChassisStress Sound="trucks/common/truck_stress_rnd_set/truck_stress_rnd">

                                                    </ChassisStress>
                                                    <EngineRev Sound="trucks/kolob_74760/kolob_74760_rev">

                                                    </EngineRev>
                                                    <AbruptStop Sound="trucks/common/truck_swing_big_rnd_set/truck_swing_big_rnd">

                                                    </AbruptStop>
                                                    <EngineHeavy Sound="trucks/kolob_74760/kolob_74760_heavy">

                                                    </EngineHeavy>
                                                    <EngineHigh_2d IsSound2D="true" Sound="trucks/kolob_74760/kolob_74760_high_2d">

                                                    </EngineHigh_2d>
                                                    <EngineLow_2d IsSound2D="true" Sound="trucks/kolob_74760/kolob_74760_low_2d">

                                                    </EngineLow_2d>
                                                    <EngineIdle_2d IsSound2D="true" Sound="trucks/kolob_74760/kolob_74760_idle_2d">

                                                    </EngineIdle_2d>
                                                    <EngineStart Sound="trucks/kolob_74760/kolob_74760_start">

                                                    </EngineStart>
                                                    <Handbrake Sound="trucks/kolob_74760/kolob_74760_handbrake_on">

                                                    </Handbrake>
                                                    <BrakeRelease Sound="trucks/kolob_74760/kolob_74760_brake_release">

                                                    </BrakeRelease>
                                                    <EngineIdle Sound="trucks/kolob_74760/kolob_74760_idle">

                                                    </EngineIdle>
                                                    <BrakesSqueal Sound="trucks/kolob_74760/kolob_74760_brakes_squeal">

                                                    </BrakesSqueal>
                                                    <EngineStop Sound="trucks/kolob_74760/kolob_74760_stop">

                                                    </EngineStop>
                                                    <EngineAccel Sound="trucks/kolob_74760/kolob_74760_acc">

                                                    </EngineAccel>
                                                    <Honk Sound="trucks/kolob_74760/kolob_74760_honk">

                                                    </Honk>
                        </Sounds>
                        <Wheels DefaultWheelType="wheels_superheavy_single" DefaultTire="mudtires_1" DefaultRim="rim_1">
                                                        <Wheel Pos="(2.603; 0.816; 1.35)" _template="FirstAxle">

                                                        </Wheel>
                                                        <Wheel RightSide="true" Pos="(2.603; 0.816; 1.35)" _template="FirstAxle">

                                                        </Wheel>
                                                        <Wheel Pos="(0.789; 0.816; 1.35)" _template="SecondAxle">

                                                        </Wheel>
                                                        <Wheel RightSide="true" Pos="(0.789; 0.816; 1.35)" _template="SecondAxle">

                                                        </Wheel>
                                                        <Wheel Pos="(-1.961; 0.743; 1.35)" _template="RearAxle">

                                                        </Wheel>
                                                        <Wheel RightSide="true" Pos="(-1.961; 0.743; 1.35)" _template="RearAxle">

                                                        </Wheel>
                                                        <Wheel Pos="(-3.661; 0.743; 1.35)" _template="RearAxle">

                                                        </Wheel>
                                                        <Wheel RightSide="true" Pos="(-3.661; 0.743; 1.35)" _template="RearAxle">

                                                        </Wheel>
                        </Wheels>
                                                      <Steam Origin="(0.324; 1.902; 0)">

                                                      </Steam>
                                                      <Steam Scale="0.7" Origin="(1.29; 1.219; 0)" ParentFrame="BoneChassis_cdt">

                                                      </Steam>
                        <GearboxSocket Type="gearboxes_special, gearboxes_special_kolob" Default="g_special_default">

                        </GearboxSocket>
                        <WinchUpgradeSocket Type="winches_heavy_trucks" Default="w_heavy_trucks_default" IsUpgradable="true">

                        </WinchUpgradeSocket>
                                                            <SteeringRack Frame="BoneRack2" RackHalfSizeZ="1.078" FrameSteerLeft="BoneRackL2" FrameSteerRight="BoneRackR2">

                                                            </SteeringRack>
                                                            <SteeringRack Frame="BoneRack" RackHalfSizeZ="1.078" FrameSteerLeft="BoneRackL1" FrameSteerRight="BoneRackR1">

                                                            </SteeringRack>
                        <SteeringWheel Frame="BoneSteering">

                        </SteeringWheel>
                        <SoundsWheels _template="Default">

                        </SoundsWheels>
                        <Damage>
                                                                      <DamageArea Min="(2.688; 1.25; -1.1)" ParentFrame="BoneChassis_cdt" Max="(4.6; 2.5; 1.1)" Type="Engine">

                                                                      </DamageArea>
                                                                      <DamageArea Min="(-1.5; 0.753; -1.6)" ParentFrame="BoneChassis_cdt" Max="(0.5; 1.541; 1.6)" Type="FuelTank">

                                                                      </DamageArea>
                        </Damage>
                        <Shafts>
                                                                        <Shaft SocketPointA="Shaft1a" SocketPointB="Shaft1b">

                                                                        </Shaft>
                                                                        <Shaft SocketPointA="Shaft2a" SocketPointB="Shaft2b">

                                                                        </Shaft>
                                                                        <Shaft SocketPointA="Shaft3a" SocketPointB="Shaft3b">

                                                                        </Shaft>
                                                                        <Shaft SocketPointA="Shaft4a" SocketPointB="Shaft4b">

                                                                        </Shaft>
                                                                        <Shaft SocketPointA="Shaft5a" SocketPointB="Shaft5b">

                                                                        </Shaft>
                        </Shafts>
        </TruckData>
  </Truck>