  <_templates Include="trucks">
      <Wheel>
          <RearAxle Location="rear" ConnectedToHandbrake="true" Torque="default">

          </RearAxle>
          <FirstAxle SteeringAngle="36" Location="front" Torque="full" SteeringCastor="12">

          </FirstAxle>
          <SecondAxle SteeringCastor="4" SteeringAngle="24" _template="FirstAxle">

          </SecondAxle>
      </Wheel>
      <Body>
            <SideMirror Mass="5" Collisions="None">
                <Constraint Type="Hinge" MaxLimit="15" AxisLocal="(0; 1; 0)" MinLimit="-15">
                    <Motor Spring="150" Damping="1" Type="Spring">

                    </Motor>
                </Constraint>
            </SideMirror>
            <Panel Mass="0.1" Collisions="None">
                  <Constraint Type="Prismatic" MaxLimit="0.15" AxisLocal="(0; 1; 0)" MinLimit="-0.05">
                      <Motor Spring="35" Damping="2" Type="Spring">

                      </Motor>
                  </Constraint>
            </Panel>
      </Body>
      <Flare>
              <IgnitionSignalOrange ColorMultAtDay="0.6" Dir="(0; 1; 0)" DirAngle="135" Color="g(255; 140; 0) x 0.22" Size="0.08" AspectRatio="1.4">

              </IgnitionSignalOrange>
              <Beacon ColorMultAtDay="0.3" SizeMultAtDay="0.25" DirAngle="180" Color="g(255; 174; 0) x 0.4" Size="1.8" AspectRatio="1.4">

              </Beacon>
      </Flare>
  </_templates>
  <Truck>
        <Landmark MaxScale="2.8" Mesh="landmarks/kolob_74941_lmk" MinScale="1.8">

        </Landmark>
        <GameData ExcludeAddons="trailer_log_pole" UnlockByExploration="false" Price="92300" UnlockByRank="1" Country="RU,CAS">
              <CustomizationCameras>
                    <CameraPos Name="roof_sticker" InterestPosition="(2.635; 1.307; -0.745)" Position="(6.831; 5.649; -1.387)" Interior="true" FOV="32.0">

                    </CameraPos>
                    <CameraPos Name="sticker_1" InterestPosition="(6.876; 0.781; 0.876)" Position="(4.391; 3.487; -0.943)" Interior="true" FOV="32.0">

                    </CameraPos>
                    <CameraPos MaxYRotation="360" MaxZoom="2" Name="addon_1" InterestPosition="(-1.765; 1.692; -0)" Position="(-11.556; 4.444; 8.243)" MaxXRotation="360" FOV="32.0">

                    </CameraPos>
                    <CameraPos MaxYRotation="360" MaxZoom="2" Name="addon_2" InterestPosition="(3.194; 1.807; 0)" Position="(-8.093; 2.337; -6.718)" MaxXRotation="360" FOV="32.0">

                    </CameraPos>
                    <CameraPos Name="mirror_mount" InterestPosition="(7.444; 3.324; 0.942)" Position="(3.839; 3.187; -0.833)" Interior="true" FOV="32.0">

                    </CameraPos>
                    <CameraPos MaxYRotation="360" MaxZoom="2" Name="side_r" InterestPosition="(3.151; 2.581; -0)" Position="(-1.446; 4.761; -4.592)" MaxXRotation="360" FOV="32.0">

                    </CameraPos>
                    <CameraPos Name="sticker" InterestPosition="(7.243; 0.781; 1.878)" Position="(4.012; 3.396; -0.001)" Interior="true" FOV="32.0">

                    </CameraPos>
                    <CameraPos Name="glass_sticker" InterestPosition="(4.073; 2.539; -1.191)" Position="(8.386; 3.765; 1.074)" Interior="true" FOV="32.0">

                    </CameraPos>
                    <CameraPos Name="door_r_sticker" InterestPosition="(4.185; 2.267; 1.957)" Position="(1.936; 2.744; 3.161)" Interior="true" FOV="32.0">

                    </CameraPos>
                    <CameraPos MaxYRotation="360" MaxZoom="2" Name="roof" InterestPosition="(4.758; 2.358; -0)" Position="(10.787; 4.806; -3.717)" MaxXRotation="360" FOV="32.0">

                    </CameraPos>
                    <CameraPos Name="capote_sticker" InterestPosition="(5.143; 1.217; -0.167)" Position="(9.711; 4.321; -0.916)" Interior="true" FOV="32.0">

                    </CameraPos>
                    <CameraPos MaxYRotation="360" MaxZoom="2" Name="hoods" InterestPosition="(5.716; 1.735; 0)" Position="(13.576; 1.402; -3.863)" MaxXRotation="360" FOV="32.0">

                    </CameraPos>
                    <CameraPos Name="sticker_2" InterestPosition="(6.662; 0.61; 1.935)" Position="(5.221; 1.595; 0.03)" Interior="true" FOV="32.0">

                    </CameraPos>
                    <CameraPos MaxYRotation="360" MaxZoom="2" Name="side_l" InterestPosition="(4.996; 2.278; 0)" Position="(9.503; 4.502; 4.533)" MaxXRotation="360" FOV="32.0">

                    </CameraPos>
                    <CameraPos Name="bubble_head" InterestPosition="(8.466; 0.731; 1.569)" Position="(4.366; 3.198; -0.562)" Interior="true" FOV="32.0">

                    </CameraPos>
                    <CameraPos MaxYRotation="360" MaxZoom="2" Name="wheels" InterestPosition="(3.407; 0.627; -0)" Position="(6.058; 2.362; -6.974)" MaxXRotation="360" FOV="32.0">

                    </CameraPos>
                    <CameraPos MaxYRotation="360" MaxZoom="2" Name="default" InterestPosition="(5.716; 1.735; 0)" Position="(13.576; 1.402; -3.863)" MaxXRotation="360" FOV="32.0">

                    </CameraPos>
                    <CameraPos MaxYRotation="360" MaxZoom="2" Name="rear" InterestPosition="(0.479; 0.992; -0)" Position="(-5.767; 1.805; 2.899)" MaxXRotation="360" FOV="32.0">

                    </CameraPos>
                    <CameraPos Name="door_l_sticker" InterestPosition="(3.456; 2.225; 0.304)" Position="(2.237; 2.62; -3.149)" Interior="true" FOV="32.0">

                    </CameraPos>
              </CustomizationCameras>
              <UiDesc UiName="UI_VEHICLE_KOLOB_74941_NAME" UiDesc="UI_VEHICLE_KOLOB_74941_DESC" UiIconLogo="KolobLogo80" UiIcon40x40="heavyVehicleImg" UiIcon30x30="heavyVehicleImg30" UiIcon328x458="shopImgMZKT">

              </UiDesc>
                    <AddonSockets>
                        <Socket Offset="(-5.502; 0.905; 0)" Names="Trailer">

                        </Socket>
                        <Socket Offset="(-3.136; 1.86; 0)" Names="LargeSemitrailer, LargeSemitrailerOiltank">

                        </Socket>
                    </AddonSockets>
                    <AddonSockets DefaultAddon="kolob_74941_diff_lock_default">
                      <Socket Offset="(0; 0; 0)" Names="kolob74135DiffLock" ParentFrame="BoneChassis_cdt">

                      </Socket>
                    </AddonSockets>
                    <AddonSockets>
                      <Socket Offset="(-3.136; 1.547; 0)" Names="SaddleHigh1">

                      </Socket>
                    </AddonSockets>
                    <AddonSockets DefaultAddon="kolob_74941_beacon_default">
                      <Socket Offset="(0; 0; 0)" Names="Kolob74941Beacon">

                      </Socket>
                    </AddonSockets>
                    <AddonSockets DefaultAddon="kolob_74941_exhaust_default">
                      <Socket Offset="(0; 0; 0)" Names="Kolob74941Exhaust">

                      </Socket>
                    </AddonSockets>
                    <AddonSockets>
                      <Socket Offset="(0; 0; 0)" Names="Kolob74941Snorkel">

                      </Socket>
                    </AddonSockets>
                    <AddonSockets>
                      <Socket Offset="(0; 0; 0)" Names="Kolob74941Gabarite">

                      </Socket>
                    </AddonSockets>
                    <AddonSockets>
                      <Socket Offset="(0; 0; 0)" Names="Kolob74941Horn" NamesBlock="Kolob74941Spotlight, Kolob74941Spotlight2">

                      </Socket>
                    </AddonSockets>
                    <AddonSockets>
                      <Socket Offset="(0; 0; 0)" Names="Kolob74941Spotlight">

                      </Socket>
                    </AddonSockets>
                    <AddonSockets>
                      <Socket Offset="(0; 0; 0)" Names="Kolob74941Spotlight2" NamesBlock="Kolob74941Spotlight, Kolob74941Beacon">

                      </Socket>
                    </AddonSockets>
                    <AddonSockets>
                      <Socket Offset="(0; 0; 0)" Names="Kolob74941Visor">

                      </Socket>
                    </AddonSockets>
                    <AddonSockets>
                      <Socket Offset="(0; 0; 0)" Names="Kolob74941Bumper">

                      </Socket>
                    </AddonSockets>
                    <AddonSockets>
                      <Socket Offset="(2.479; 2.777; 0.266)" Names="StuffDashboard" InCockpit="true">

                      </Socket>
                    </AddonSockets>
                    <AddonSockets>
                      <Socket Names="kolob74941Sticker_1x1_01" InCockpit="true">

                      </Socket>
                    </AddonSockets>
                    <AddonSockets>
                      <Socket Names="kolob74941Sticker_1x1_02" InCockpit="true">

                      </Socket>
                    </AddonSockets>
                    <AddonSockets>
                      <Socket Names="kolob74941Sticker_1x1_03" InCockpit="true">

                      </Socket>
                    </AddonSockets>
                    <AddonSockets>
                      <Socket Names="kolob74941Sticker_1x2_01" InCockpit="true">

                      </Socket>
                    </AddonSockets>
                    <AddonSockets>
                      <Socket Names="kolob74941Sticker_1x2_02" InCockpit="true">

                      </Socket>
                    </AddonSockets>
                    <AddonSockets>
                      <Socket Names="kolob74941Sticker_1x4_01" InCockpit="true">

                      </Socket>
                    </AddonSockets>
                    <AddonSockets>
                      <Socket Names="kolob74941Sticker_GlassTop" InCockpit="true">

                      </Socket>
                    </AddonSockets>
                    <AddonSockets>
                      <Socket Names="kolob74941Sticker_GlassBottom" InCockpit="true">

                      </Socket>
                    </AddonSockets>
                    <AddonSockets>
                      <Socket Names="kolob74941Sticker_Door_R">

                      </Socket>
                    </AddonSockets>
                    <AddonSockets>
                      <Socket Names="kolob74941Sticker_Door_L">

                      </Socket>
                    </AddonSockets>
                    <AddonSockets>
                      <Socket Names="kolob74941Sticker_Capote">

                      </Socket>
                    </AddonSockets>
                    <AddonSockets>
                      <Socket Names="kolob74941Sticker_Roof">

                      </Socket>
                    </AddonSockets>
                    <AddonSockets>
                      <Socket Offset="(2.654; 3.505; 0.485)" Names="StuffAirfreshener" InCockpit="true">

                      </Socket>
                    </AddonSockets>
                      <CraneSocket Pos="(4.777; 1.145; -0.842)">

                      </CraneSocket>
                      <CraneSocket Pos="(4.777; 1.145; 0.842)">

                      </CraneSocket>
                      <CraneSocket Pos="(-5.434; 0.912; 0)">

                      </CraneSocket>
                      <CraneSocket Pos="(-1.422; 0.688; -1.326)">

                      </CraneSocket>
                      <CraneSocket Pos="(-1.422; 0.688; 1.326)">

                      </CraneSocket>
                        <WinchSocket Pos="(4.777; 1.145; -0.842)">

                        </WinchSocket>
                        <WinchSocket Pos="(4.777; 1.145; 0.842)">

                        </WinchSocket>
                        <WinchSocket Pos="(-5.434; 0.912; 0)">

                        </WinchSocket>
                        <WinchSocket Pos="(-1.422; 0.688; -1.326)">

                        </WinchSocket>
                        <WinchSocket Pos="(-1.422; 0.688; 1.326)">

                        </WinchSocket>
        </GameData>
        <PhysicsModel Mesh="trucks/kolob_74941">
                <Body NetSync="pv" CenterOfMassOffset="(-1; -1.3; 0)" ModelFrame="BoneChassis_cdt" Mass="26500" ImpactType="Truck">
                      <Body ModelFrame="BoneMirrorLeft_cdt" _template="SideMirror">

                      </Body>
                      <Body ModelFrame="BoneMirrorRight_cdt" _template="SideMirror">

                      </Body>
                      <Body ModelFrame="BoneLeftMudguard_cdt" _template="Mudguard">
                        <Constraint MinLimit="-10" MaxLimit="40" AxisLocal="(0; 0; -1)">

                        </Constraint>
                      </Body>
                      <Body ModelFrame="BoneRightMudguard_cdt" _template="Mudguard">
                        <Constraint MinLimit="-10" MaxLimit="40" AxisLocal="(0; 0; -1)">

                        </Constraint>
                      </Body>
                      <Body ModelFrame="BoneLeftPanel1_cdt" _template="Panel">

                      </Body>
                      <Body ModelFrame="BoneLeftPanel2_cdt" _template="Panel">

                      </Body>
                      <Body ModelFrame="BoneRightPanel1_cdt" _template="Panel">

                      </Body>
                      <Body ModelFrame="BoneRightPanel2_cdt" _template="Panel">

                      </Body>
                      <Body Mass="10" ModelFrame="BoneHandle_cdt">
                        <Constraint Type="Hinge" MaxLimit="70" AxisLocal="(1; 0; 0)" MinLimit="-70" PivotOffset="(0; 0; 0)">
                            <Motor Spring="0.2" Damping="0.52" Type="Spring">

                            </Motor>
                        </Constraint>
                      </Body>
                      <Body Mass="5" ModelFrame="BoneCable1_cdt">
                        <Constraint Type="Hinge" MaxLimit="28" AxisLocal="(0; 0; 1)" MinLimit="-7" PivotOffset="(0; 0; 0)">
                            <Motor Spring="0.2" Damping="0.02" Type="Spring">

                            </Motor>
                        </Constraint>
                        <Body Mass="0.02" ModelFrame="BoneCable1b_cdt">
                              <Constraint Type="Prismatic" MaxLimit="0.2" AxisLocal="(0; 0; 1)" MinLimit="-0.4">
                                  <Motor Spring="3" Damping="0.1" Type="Spring">

                                  </Motor>
                              </Constraint>
                        </Body>
                      </Body>
                      <Body Mass="5" ModelFrame="BoneCable2_cdt">
                        <Constraint Type="Hinge" MaxLimit="70" AxisLocal="(0; 0; 1)" MinLimit="-35" PivotOffset="(0; 0; 0)">
                            <Motor Spring="0.2" Damping="0.02" Type="Spring">

                            </Motor>
                        </Constraint>
                      </Body>
                      <Body Mass="5" ModelFrame="BoneCable3_cdt">
                        <Constraint Type="Hinge" MaxLimit="90" AxisLocal="(0; 0; 1)" MinLimit="-90" PivotOffset="(0; 0; 0)">
                            <Motor Spring="0.05" Damping="0.08" Type="Spring">

                            </Motor>
                        </Constraint>
                      </Body>
                      <Body ModelFrame="BoneBox_cdt" Mass="5" Collisions="None">
                        <Constraint Type="Fixed" LinearLimitsY="(0;0.01)" LinearLimitsX="(-0.03;0.03)" LinearLimitsZ="(-0.03;0.03)">
                            <Motor Spring="150" Damping="400" Type="Spring">

                            </Motor>
                        </Constraint>
                      </Body>
                      <Body Mass="5" ModelFrame="BoneCrane1_cdt">
                        <Constraint Type="Hinge" MaxLimit="5" AxisLocal="(0; 1; 0)" MinLimit="-95" PivotOffset="(0; 0; 0)">
                            <Motor Spring="0.2" Damping="10" Type="Spring">

                            </Motor>
                        </Constraint>
                        <Body Mass="5" ModelFrame="BoneCrane2_cdt">
                              <Constraint Type="Hinge" MaxLimit="50" AxisLocal="(0; 0; 1)" MinLimit="-50" PivotOffset="(0; 0; 0)">
                                  <Motor Spring="0.2" Damping="0.08" Type="Spring">

                                  </Motor>
                              </Constraint>
                        </Body>
                      </Body>
                      <Body Mass="25" ModelFrame="BoneRope1_cdt">
                        <Constraint Type="Hinge" MaxLimit="15" AxisLocal="(1; 0; 0)" MinLimit="-15" PivotOffset="(0; 0; 0)">
                            <Motor Spring="5" Damping="10" Type="Spring">

                            </Motor>
                        </Constraint>
                      </Body>
                      <Body Mass="5" ModelFrame="BoneRope2_cdt">
                        <Constraint Type="Prismatic" MaxLimit="0.05" AxisLocal="(0; 0; 1)" MinLimit="-0.1" PivotOffset="(0; 0; 0)">
                            <Motor Spring="250" Damping="30" Type="Spring">

                            </Motor>
                        </Constraint>
                      </Body>
                      <Body ModelFrame="BoneCrane3_cdt" Mass="5" Collisions="None">
                        <Constraint Type="Fixed" LinearLimitsY="(0;0)" LinearLimitsX="(-0.03;0.03)" LinearLimitsZ="(-0.03;0.03)">
                            <Motor Spring="250" Damping="30" Type="Spring">

                            </Motor>
                        </Constraint>
                      </Body>
                      <Body ModelFrame="BoneLeftMudguardFrame_cdt" Mass="3" Collisions="None">
                        <Constraint Type="Hinge" MaxLimit="2" AxisLocal="(1; 0; 0)" MinLimit="0" PivotOffset="(0; 0; 0)">
                            <Motor Spring="100" Damping="1" Type="Spring">

                            </Motor>
                        </Constraint>
                      </Body>
                      <Body ModelFrame="BoneRightMudguardFrame_cdt" Mass="3" Collisions="None">
                        <Constraint Type="Hinge" MaxLimit="0" AxisLocal="(1; 0; 0)" MinLimit="-2" PivotOffset="(0; 0; 0)">
                            <Motor Spring="100" Damping="1" Type="Spring">

                            </Motor>
                        </Constraint>
                      </Body>
                      <Body ModelFrame="BoneLeftMudguardFrameFront_cdt" Mass="3" Collisions="None">
                        <Constraint Type="Hinge" MaxLimit="2" AxisLocal="(1; 0; 0)" MinLimit="0" PivotOffset="(0; 0; 0)">
                            <Motor Spring="100" Damping="1" Type="Spring">

                            </Motor>
                        </Constraint>
                      </Body>
                      <Body ModelFrame="BoneRightMudguardFrameFront_cdt" Mass="3" Collisions="None">
                        <Constraint Type="Hinge" MaxLimit="0" AxisLocal="(1; 0; 0)" MinLimit="-2" PivotOffset="(0; 0; 0)">
                            <Motor Spring="100" Damping="1" Type="Spring">

                            </Motor>
                        </Constraint>
                      </Body>
                </Body>
                <NetSync Legacy="false">

                </NetSync>
        </PhysicsModel>
        <HeadLight Pos="(5.052; 1.103; 0)" ParentFrame="BoneChassis_cdt" _template="Default">

        </HeadLight>
        <ModelAttachments>
                    <HeadLight>
                          <Flare Pos="(4.601; 1.928; -0.831)" _template="HeadLight" Size=".4" ParentFrame="BoneChassis_cdt">

                          </Flare>
                          <Flare Pos="(4.601; 1.928; 0.831)" _template="HeadLight" Size=".4" ParentFrame="BoneChassis_cdt">

                          </Flare>
                          <Flare Pos="(4.667; 1.261; -1.176)" _template="HeadLight" Size=".5" ParentFrame="BoneChassis_cdt">

                          </Flare>
                          <Flare Pos="(4.667; 1.261; 1.176)" _template="HeadLight" Size=".5" ParentFrame="BoneChassis_cdt">

                          </Flare>
                          <Flare Pos="(4.634; 1.928; -0.831)" ParentFrame="BoneChassis_cdt" _template="BlueStreak">

                          </Flare>
                          <Flare Pos="(4.634; 1.928; 0.831)" ParentFrame="BoneChassis_cdt" _template="BlueStreak">

                          </Flare>
                          <Flare Pos="(4.698; 1.261; -1.176)" ParentFrame="BoneChassis_cdt" _template="BlueStreak">

                          </Flare>
                          <Flare Pos="(4.698; 1.261; 1.176)" ParentFrame="BoneChassis_cdt" _template="BlueStreak">

                          </Flare>
                            <Model Org="(4.634; 1.928; -0.831)" ParentFrame="BoneChassis_cdt" _template="HeadLightRay">

                            </Model>
                            <Model Org="(4.634; 1.928; 0.831)" ParentFrame="BoneChassis_cdt" _template="HeadLightRay">

                            </Model>
                            <Model Org="(4.896; 1.261; -1.176)" ParentFrame="BoneChassis_cdt" _template="HeadLightRay">

                            </Model>
                            <Model Org="(4.896; 1.261; 1.176)" ParentFrame="BoneChassis_cdt" _template="HeadLightRay">

                            </Model>
                    </HeadLight>
                    <StopSignals>
                          <Light Pos="(-5.305; 1.333; 0)" _template="StopSignal">

                          </Light>
                              <Flare Pos="(-5.305; 1.333; -1.236)" _template="StopSignal">

                              </Flare>
                              <Flare Pos="(-5.305; 1.333; 1.236)" _template="StopSignal">

                              </Flare>
                    </StopSignals>
                    <Ignition>
                              <Light Pos="(5; 1.013; 1.1)" _template="IgnitionSignalWhite">

                              </Light>
                              <Light Pos="(5; 1.013; -1.1)" _template="IgnitionSignalWhite">

                              </Light>
                              <Light Pos="(-5.8; 1.025; -0)" _template="IgnitionSignalRed">

                              </Light>
                                <Flare Pos="(2.569; 3.653; -0.225)" Size="0.4" _template="MarkerBeacon">

                                </Flare>
                                <Flare Pos="(2.569; 3.653; 0)" Size="0.4" _template="MarkerBeacon">

                                </Flare>
                                <Flare Pos="(2.569; 3.653; 0.225)" Size="0.4" _template="MarkerBeacon">

                                </Flare>
                                <Flare Pos="(4.667; 1.261; -1.176)" _template="IgnitionSignalWhite">

                                </Flare>
                                <Flare Pos="(4.667; 1.261; 1.176)" _template="IgnitionSignalWhite">

                                </Flare>
                                <Flare Pos="(4.659; 1.186; -1.412)" _template="IgnitionSignalWhite" Color="g(165; 149; 130) x 0.6" Size="0.12">

                                </Flare>
                                <Flare Pos="(4.659; 1.186; 1.412)" _template="IgnitionSignalWhite" Color="g(165; 149; 130) x 0.6" Size="0.12">

                                </Flare>
                                <Flare Pos="(4.694; 1.298; -1.412)" _template="IgnitionSignalWhite" Color="g(165; 149; 130) x 0.6" Size="0.12">

                                </Flare>
                                <Flare Pos="(4.694; 1.298; 1.412)" _template="IgnitionSignalWhite" Color="g(165; 149; 130) x 0.6" Size="0.12">

                                </Flare>
                                <Flare Pos="(4.601; 1.928; -0.831)" Color="g(165; 149; 130) x 1" _template="IgnitionSignalWhite">

                                </Flare>
                                <Flare Pos="(4.601; 1.928; 0.831)" Color="g(165; 149; 130) x 1" _template="IgnitionSignalWhite">

                                </Flare>
                                <Flare Pos="(3.617; 1.365; -1.576)" Dir="(0; 0; -1)" _template="IgnitionSignalOrange">

                                </Flare>
                                <Flare Pos="(3.617; 1.365; 1.576)" Dir="(0; 0; 1)" _template="IgnitionSignalOrange">

                                </Flare>
                                <Flare Pos="(4.586; 1.25; -1.627)" Dir="(0; 0; -1)" _template="MarkerBeacon">

                                </Flare>
                                <Flare Pos="(4.586; 1.25; 1.627)" Dir="(0; 0; 1)" _template="MarkerBeacon">

                                </Flare>
                                <Flare Pos="(-1.424; 0.936; -1.443)" Dir="(0; 0; -1)" _template="IgnitionSignalOrange">

                                </Flare>
                                <Flare Pos="(-1.424; 0.936; 1.443)" Dir="(0; 0; 1)" _template="IgnitionSignalOrange">

                                </Flare>
                                <Flare Pos="(-5.245; 1.33; -1.375)" Dir="(0; 0; -1)" _template="IgnitionSignalOrange">

                                </Flare>
                                <Flare Pos="(-5.245; 1.33; 1.375)" Dir="(0; 0; 1)" _template="IgnitionSignalOrange">

                                </Flare>
                                <Flare Pos="(-5.289; 1.328; -1.331)" Dir="(-1; 0; 0)" _template="IgnitionSignalOrange">

                                </Flare>
                                <Flare Pos="(-5.289; 1.328; 1.331)" Dir="(-1; 0; 0)" _template="IgnitionSignalOrange">

                                </Flare>
                                <Flare Pos="(-5.305; 1.333; -1.236)" _template="IgnitionSignalRed">

                                </Flare>
                                <Flare Pos="(-5.305; 1.333; 1.236)" _template="IgnitionSignalRed">

                                </Flare>
                    </Ignition>
                    <ReverseSignals>
                              <Light Pos="(-1.104; 3.451; 0.587)" _template="ReverseSignal">

                              </Light>
                                  <Flare Pos="(-1.088; 3.451; 0.724)" Size="0.7" _template="ReverseSignal">

                                  </Flare>
                                  <Flare Pos="(-1.088; 3.451; 0.451)" Size="0.7" _template="ReverseSignal">

                                  </Flare>
                                  <Flare Pos="(-1.088; 3.451; 0.587)" Dir="(-1; 0; 0)" _template="BlueStreak" Color="g(220; 220; 255) x 0.05" Size="0.4">

                                  </Flare>
                    </ReverseSignals>
        </ModelAttachments>
        <TruckData SteerSpeed="0.018" EngineStartDelay="3.2" EngineIconMesh="env/engine_big" TruckType="HEAVY" Responsiveness="0.15" BackSteerSpeed="0.025" TruckImage="KOLOBmchr" FuelCapacity="340" DiffLockType="Installed" ExhaustStartTime="2.8" EngineIconScale="1.5">
                      <Driver Pos="(1.718; 2.349; 0.663)" AnimationSet="HeavyTruck" SteeringWheelPos="(2.105; 2.695; 0.664)">

                      </Driver>
                      <SoundsDamage _template="Heavy">

                      </SoundsDamage>
                      <OcclusionMap HalfSizeZ="2.932" MinX="-5.3" MaxX="4.5">

                      </OcclusionMap>
                      <FuelTank DamageCapacity="100">

                      </FuelTank>
                      <Intake Size="0.8" Dir="(1; 0; 0)" Origin="(4.725; 1.763; 0)">

                      </Intake>
                      <EngineSocket Type="e_ru_special" Default="ru_special_engine_0">

                      </EngineSocket>
                      <SuspensionSocket Type="s_kolob_74941" MaxWheelRadiusWithoutSuspension="0.76" Default="kolob_74941_suspension_default">

                      </SuspensionSocket>
                      <Dashboard>
                                          <Gauge InputRange="(0;1)" Dir="(-0.878; 0.151; -0.453)" InputType="engineEnabled" Org="(2.362; 2.605; 0.997)" Damping="0.9" Mesh="trucks/arrows/kolob_74941_arrow_03" OutputAngles="(-40;0)">

                                          </Gauge>
                                          <Gauge InputRange="(0;1)" Dir="(-0.878; 0.151; -0.453)" InputType="engineEnabled" Org="(2.352; 2.528; 0.992)" Damping="0.9995" Mesh="trucks/arrows/kolob_74941_arrow_03" OutputAngles="(-40;0)">

                                          </Gauge>
                                          <Gauge InputRange="(0;1)" Dir="(-0.985; 0.174; -0)" InputType="engineEnabled" Org="(2.417; 2.625; 0.84)" Damping="0.9995" Mesh="trucks/arrows/kolob_74941_arrow_03" OutputAngles="(-40;0)">

                                          </Gauge>
                                          <Gauge InputRange="(0;160)" Dir="(-0.985; 0.173; -0)" InputType="speed" Org="(2.415; 2.612; 0.744)" Damping="0.9" Mesh="trucks/arrows/kolob_74941_arrow_02" OutputAngles="(-135;0)">

                                          </Gauge>
                                          <Gauge InputRange="(0;1)" Dir="(-0.985; 0.173; -0)" InputType="rpm" Org="(2.415; 2.612; 0.58)" Damping="0.9" Mesh="trucks/arrows/kolob_74941_arrow_02" OutputAngles="(135;-90)">

                                          </Gauge>
                                          <Gauge InputRange="(0;1)" Dir="(-0.985; 0.173; -0)" InputType="fuel" Org="(2.417; 2.626; 0.485)" Damping="0.9" Mesh="trucks/arrows/kolob_74941_arrow_03" OutputAngles="(-40;40)">

                                          </Gauge>
                                          <Gauge InputRange="(0;1)" Dir="(-0.722; 0.145; 0.677)" InputType="engineEnabled" Org="(2.345; 2.669; 0.339)" Damping="0.9" Mesh="trucks/arrows/kolob_74941_arrow_01" OutputAngles="(-125;60)">

                                          </Gauge>
                                          <Gauge InputRange="(0;1)" Dir="(-0.722; 0.145; 0.677)" InputType="engineEnabled" Org="(2.304; 2.681; 0.292)" Damping="0.9" Mesh="trucks/arrows/kolob_74941_arrow_01" OutputAngles="(-125;60)">

                                          </Gauge>
                                          <Gauge InputRange="(0;1)" Dir="(-0.722; 0.145; 0.677)" InputType="engineEnabled" Org="(2.333; 2.605; 0.341)" Damping="0.9" Mesh="trucks/arrows/kolob_74941_arrow_01" OutputAngles="(-125;20)">

                                          </Gauge>
                      </Dashboard>
                      <Axles>
                                            <Axle Frame="BoneAxleL1">

                                            </Axle>
                                            <Axle Frame="BoneAxleR1">

                                            </Axle>
                                            <Axle Frame="BoneAxleL2">

                                            </Axle>
                                            <Axle Frame="BoneAxleR2">

                                            </Axle>
                                            <Axle Frame="BoneAxleL3">

                                            </Axle>
                                            <Axle Frame="BoneAxleR3">

                                            </Axle>
                                            <Axle Frame="BoneAxleL4">

                                            </Axle>
                                            <Axle Frame="BoneAxleR4">

                                            </Axle>
                      </Axles>
                      <Camera Center="(-1.7; 0; 0)" ParentFrame="BoneChassis_cdt">
                                            <Cockpit WindshieldDiffuseTexture="trucks/kolob_74941_glass__d_a.tga" _template="Default" WindshieldShadingTexture="trucks/kolob_74941_glass__sh_d.tga" ViewPos="(1.65; 3.165; 0.664)">
                                                  <Mirror FOVScale="1.8" ClipDir="(-0.857; 0; -0.515)" MeshFrame="mirror_left" Pos="(2.073; 3.011; 1.739)" Size="(0.236; 0.436)" ReflectionDir="(-0.857; 0; -0.515)">

                                                  </Mirror>
                                                  <Mirror FOVScale="2.4" ClipDir="(-0.772; -0; 0.636)" MeshFrame="mirror_right" Pos="(2.077; 3.011; -1.739)" ReflectionDir="(-0.772; -0; 0.636)" Size="(0.236; 0.436)" ClipOffset="0.2">

                                                  </Mirror>
                                            </Cockpit>
                      </Camera>
                      <CompatibleWheels Type="wheels_superheavy_single" Scale="0.745">

                      </CompatibleWheels>
                                              <LimitedFluid SizeX="0.88" Center="(-1.419; 1.113; 0.972)" Type="Box" SizeZ="0.806" SizeY="0.612">

                                              </LimitedFluid>
                                              <LimitedFluid SizeX="0.88" Center="(-1.419; 1.113; -0.978)" Type="Box" SizeZ="0.806" SizeY="0.612">

                                              </LimitedFluid>
                      <Sounds _template="Default" MinDist="15.0" Origin="(3.1; 1.95; 0)" DisableReversePitch="true">
                                                  <Reverse Sound="trucks/kolob_74941/kolob_74941_back_beeper">

                                                  </Reverse>
                                                  <EngineHeavy_2d IsSound2D="true" Sound="trucks/kolob_74941/kolob_74941_heavy_2d">

                                                  </EngineHeavy_2d>
                                                  <EngineLow Sound="trucks/kolob_74941/kolob_74941_low">

                                                  </EngineLow>
                                                  <EngineHigh Sound="trucks/kolob_74941/kolob_74941_high">

                                                  </EngineHigh>
                                                  <HandbrakeOff Sound="trucks/kolob_74941/kolob_74941_handbrake_off">

                                                  </HandbrakeOff>
                                                  <ChassisStress Sound="trucks/common/truck_stress_rnd_set/truck_stress_rnd">

                                                  </ChassisStress>
                                                  <EngineRev Sound="">

                                                  </EngineRev>
                                                  <AbruptStop Sound="trucks/common/truck_swing_big_rnd_set/truck_swing_big_rnd">

                                                  </AbruptStop>
                                                  <EngineHeavy Sound="trucks/kolob_74941/kolob_74941_heavy">

                                                  </EngineHeavy>
                                                  <EngineHigh_2d IsSound2D="true" Sound="trucks/kolob_74941/kolob_74941_high_2d">

                                                  </EngineHigh_2d>
                                                  <EngineLow_2d IsSound2D="true" Sound="trucks/kolob_74941/kolob_74941_low_2d">

                                                  </EngineLow_2d>
                                                  <EngineIdle_2d IsSound2D="true" Sound="trucks/kolob_74941/kolob_74941_idle_2d">

                                                  </EngineIdle_2d>
                                                  <EngineStart Sound="trucks/kolob_74941/kolob_74941_start">

                                                  </EngineStart>
                                                  <Handbrake Sound="trucks/kolob_74941/kolob_74941_handbrake_on">

                                                  </Handbrake>
                                                  <BrakeRelease Sound="trucks/kolob_74760/kolob_74760_brake_release">

                                                  </BrakeRelease>
                                                  <EngineIdle Sound="trucks/kolob_74941/kolob_74941_idle">

                                                  </EngineIdle>
                                                  <BrakesSqueal Sound="trucks/kolob_74941/kolob_74941_brakes_squeal">

                                                  </BrakesSqueal>
                                                  <EngineStop Sound="trucks/kolob_74941/kolob_74941_stop">

                                                  </EngineStop>
                                                  <EngineAccel Sound="trucks/kolob_74941/kolob_74941_rev">

                                                  </EngineAccel>
                                                  <Honk Sound="trucks/kolob_74941/kolob_74941_honk">

                                                  </Honk>
                      </Sounds>
                      <Wheels DefaultWheelType="wheels_superheavy_single" DefaultTire="mudtires_1" DefaultRim="rim_1">
                                                      <Wheel Pos="(2.199; 0.745; 1.265)" _template="FirstAxle">

                                                      </Wheel>
                                                      <Wheel RightSide="true" Pos="(2.199; 0.745; 1.265)" _template="FirstAxle">

                                                      </Wheel>
                                                      <Wheel Pos="(-0.001; 0.745; 1.265)" _template="SecondAxle">

                                                      </Wheel>
                                                      <Wheel RightSide="true" Pos="(-0.001; 0.745; 1.265)" _template="SecondAxle">

                                                      </Wheel>
                                                      <Wheel Pos="(-2.751; 0.745; 1.265)" _template="RearAxle">

                                                      </Wheel>
                                                      <Wheel RightSide="true" Pos="(-2.751; 0.745; 1.265)" _template="RearAxle">

                                                      </Wheel>
                                                      <Wheel Pos="(-4.451; 0.745; 1.265)" _template="RearAxle">

                                                      </Wheel>
                                                      <Wheel RightSide="true" Pos="(-4.451; 0.745; 1.265)" _template="RearAxle">

                                                      </Wheel>
                      </Wheels>
                                                    <Steam Origin="(0.324; 1.902; 0)">

                                                    </Steam>
                                                    <Steam Origin="(1.29; 1.219; 0)" Scale="0.7">

                                                    </Steam>
                      <GearboxSocket Type="gearboxes_special, gearboxes_special_kolob" Default="g_special_default">

                      </GearboxSocket>
                      <WinchUpgradeSocket Type="winches_heavy_trucks" Default="w_heavy_trucks_default" IsUpgradable="true">

                      </WinchUpgradeSocket>
                                                          <SteeringRack Frame="BoneRack2" RackHalfSizeZ="1.025" FrameSteerLeft="BoneRackL2" FrameSteerRight="BoneRackR2">

                                                          </SteeringRack>
                                                          <SteeringRack Frame="BoneRack" RackHalfSizeZ="1.025" FrameSteerLeft="BoneRackL1" FrameSteerRight="BoneRackR1">

                                                          </SteeringRack>
                      <SteeringWheel Frame="BoneSteering">

                      </SteeringWheel>
                      <SoundsWheels _template="Default">

                      </SoundsWheels>
                      <Damage ParentFrame="BoneChassis_cdt" SensationMax="(2.622; 1.915; 1.225)" Capacity="800" SensationMin="(0.405; 3.593; -1.28)">
                                                                    <DamageArea Min="(2.688; 0.95; -0.7)" ParentFrame="BoneChassis_cdt" Max="(4.700; 2.5; 0.7)" Type="Engine">

                                                                    </DamageArea>
                                                                    <DamageArea Min="(-2.3; 0.6; -1.46)" ParentFrame="BoneChassis_cdt" Max="(-0.7; 1.6; 1.46)" Type="FuelTank">

                                                                    </DamageArea>
                      </Damage>
                      <Shafts>
                                                                      <Shaft SocketPointA="Shaft1a" SocketPointB="Shaft1b">

                                                                      </Shaft>
                                                                      <Shaft SocketPointA="Shaft2a" SocketPointB="Shaft2b">

                                                                      </Shaft>
                                                                      <Shaft SocketPointA="Shaft3a" SocketPointB="Shaft3b">

                                                                      </Shaft>
                      </Shafts>
        </TruckData>
  </Truck>