  <_templates Include="trucks">
      <Wheel>
          <Front ParentFrame="BoneCabin_cdt" SteeringAngle="28" Location="front" SteeringJointOffset="0.27" Torque="default" SteeringCastor="6">

          </Front>
          <Rear Location="rear" ConnectedToHandbrake="true" Torque="default">

          </Rear>
      </Wheel>
      <Body>
            <Antenna Mass=".1" Collisions="None">
                <Constraint Type="Ragdoll" TwistAxisLocal="(0; 1; 0)" Cone="100" PlaneAxisLocal="(0; 0; 1)">
                    <AllMotor Spring=".8" Damping=".001" Type="Spring">

                    </AllMotor>
                </Constraint>
            </Antenna>
            <Mirror Mass="5" Collisions="None">
                  <Constraint Type="Hinge" MaxLimit="45" AxisLocal="(0; 1; 0)" MinLimit="-45">
                      <Motor Spring="60" Damping="1" Type="Spring">

                      </Motor>
                  </Constraint>
            </Mirror>
      </Body>
      <Socket>
              <Chassis2Cabin Offset="(0; 0; 0)" ParentFrame="BoneChassis_cdt">
                  <ExtraParent Frame="BoneCabin_cdt">

                  </ExtraParent>
              </Chassis2Cabin>
              <Cabin2Chassis Offset="(0; 0; 0)" ParentFrame="BoneCabin_cdt">
                    <ExtraParent Frame="BoneChassis_cdt">

                    </ExtraParent>
              </Cabin2Chassis>
      </Socket>
  </_templates>
  <Truck>
        <HeadLight Pos="(2; 1.121; 0)" _template="Default">

        </HeadLight>
        <GameData UnlockByExploration="false" Price="113600" UnlockByRank="1" Country="US">
              <CustomizationCameras>
                    <CameraPos Name="roof_sticker" InterestPosition="(3.245; 1.667; -0.591)" Position="(6.352; 8.039; -0.024)" Interior="true" FOV="32.0">

                    </CameraPos>
                    <CameraPos Name="sticker_1" InterestPosition="(6.912; 3.311; -1.324)" Position="(4.273; 2.614; -0.064)" Interior="true" FOV="32.0">

                    </CameraPos>
                    <CameraPos MaxYRotation="360" MaxZoom="2" Name="addon_1" InterestPosition="(0.338; 1.675; -0)" Position="(-7.032; 2.99; 3.352)" MaxXRotation="360" FOV="32.0">

                    </CameraPos>
                    <CameraPos MaxYRotation="360" MaxZoom="2" Name="addon_2" InterestPosition="(4.991; 1.77; 0)" Position="(10.328; 3.173; 3.632)" MaxXRotation="360" FOV="32.0">

                    </CameraPos>
                    <CameraPos Name="mirror_mount" InterestPosition="(7.23; 2.74; 1.935)" Position="(4.267; 2.574; -0.656)" Interior="true" FOV="32.0">

                    </CameraPos>
                    <CameraPos MaxYRotation="360" MaxZoom="2" Name="side_r" InterestPosition="(3.136; 1.986; -0)" Position="(-2.522; 4.197; 2.717)" MaxXRotation="360" FOV="32.0">

                    </CameraPos>
                    <CameraPos Name="sticker" InterestPosition="(6.912; 0.96; -0.108)" Position="(4.672; 2.683; -0.244)" Interior="true" FOV="32.0">

                    </CameraPos>
                    <CameraPos Name="glass_sticker" InterestPosition="(5.509; 2.532; -0.841)" Position="(8.355; 3.56; 0.681)" Interior="true" FOV="32.0">

                    </CameraPos>
                    <CameraPos Name="door_r_sticker" InterestPosition="(4.631; 2.07; 0.593)" Position="(0.737; 2.674; 5.054)" Interior="true" FOV="32.0">

                    </CameraPos>
                    <CameraPos MaxYRotation="360" MaxZoom="2" Name="roof" InterestPosition="(5.282; 2.097; 0)" Position="(11.079; 3.805; -3.534)" MaxXRotation="360" FOV="32.0">

                    </CameraPos>
                    <CameraPos Name="capote_sticker" InterestPosition="(6.811; 2.242; -0.726)" Position="(8.352; 5.900; 0.052)" Interior="true" FOV="32.0">

                    </CameraPos>
                    <CameraPos MaxYRotation="360" MaxZoom="2" Name="hoods" InterestPosition="(6.412; 1.711; 0)" Position="(13.555; 1.659; -2.751)" MaxXRotation="360" FOV="32.0">

                    </CameraPos>
                    <CameraPos Name="sticker_2" InterestPosition="(6.662; 0.61; 1.935)" Position="(5.221; 1.595; 0.03)" Interior="true" FOV="32.0">

                    </CameraPos>
                    <CameraPos MaxYRotation="360" MaxZoom="2" Name="side_l" InterestPosition="(5.028; 1.776; -0)" Position="(10.515; 3.331; 3.554)" MaxXRotation="360" FOV="32.0">

                    </CameraPos>
                    <CameraPos Name="bubble_head" InterestPosition="(6.759; 1.23; 1.505)" Position="(4.552; 2.688; -0.455)" Interior="true" FOV="32.0">

                    </CameraPos>
                    <CameraPos MaxYRotation="360" MaxZoom="2" Name="wheels" InterestPosition="(4.569; 0.741; 1.014)" Position="(9.377; 1.28; -4.828)" MaxXRotation="360" FOV="32.0">

                    </CameraPos>
                    <CameraPos MaxYRotation="360" MaxZoom="2" Name="default" InterestPosition="(6.412; 1.711; 0)" Position="(13.555; 1.659; -2.751)" MaxXRotation="360" FOV="32.0">

                    </CameraPos>
                    <CameraPos MaxYRotation="360" MaxZoom="2" Name="rear" InterestPosition="(-0.391; 1.117; -0)" Position="(-6.509; 1.857; 2.371)" MaxXRotation="360" FOV="32.0">

                    </CameraPos>
                    <CameraPos Name="door_l_sticker" InterestPosition="(2.79; 2.172; -0.794)" Position="(0.633; 2.99; -4.873)" Interior="true" FOV="32.0">

                    </CameraPos>
                    <CameraPos Name="hood_ornament" InterestPosition="(7.506; 2.025; -1.231)" Position="(8.557; 2.961; -1.231)" Interior="true" FOV="32.0">

                    </CameraPos>
                    <CameraPos Name="curtain" InterestPosition="(7.23; 2.74; 1.935)" Position="(4.267; 2.574; -0.656)" Interior="true" FOV="32.0">

                    </CameraPos>
              </CustomizationCameras>
              <UiDesc UiName="UI_VEHICLE_NAVISTAR_5000_NAME" UiDesc="UI_VEHICLE_NAVISTAR_5000_DESC" UiIconLogo="InternationalNavistarLogo80" UiIcon40x40="heavyVehicleImg" UiIcon30x30="heavyVehicleImg30" UiIcon328x458="shopImgNavi500">

              </UiDesc>
                    <AddonSockets DefaultAddon="navistar_5000mv_window_mesh_default">
                      <Socket Names="Navistar5000mvWindowMesh" _template="Cabin2Chassis">

                      </Socket>
                    </AddonSockets>
                    <AddonSockets DefaultAddon="navistar_5000mv_snorkel_default">
                      <Socket Names="Navistar5000mvSnorkel" _template="Cabin2Chassis">

                      </Socket>
                    </AddonSockets>
                    <AddonSockets DefaultAddon="navistar_5000mv_fender_default">
                      <Socket Names="Navistar5000mvFender" _template="Chassis2Cabin">

                      </Socket>
                    </AddonSockets>
                    <AddonSockets DefaultAddon="navistar_5000mv_exhaust_default">
                      <Socket Names="Navistar500mvExhaust" _template="Chassis2Cabin">

                      </Socket>
                    </AddonSockets>
                    <AddonSockets DefaultAddon="navistar_5000mv_visor_default">
                      <Socket Names="Navistar5000mvVisor" _template="Cabin2Chassis">

                      </Socket>
                    </AddonSockets>
                    <AddonSockets>
                      <Socket Names="Navistar5000mvLights" _template="Cabin2Chassis">

                      </Socket>
                    </AddonSockets>
                    <AddonSockets>
                      <Socket Names="Navistar5000mvSpareWheel" _template="Chassis2Cabin">

                      </Socket>
                    </AddonSockets>
                    <AddonSockets DefaultAddon="navistar_5000mv_bumper_default">
                      <Socket Names="Navistar5000mvBumper" ParentFrame="BoneCabin_cdt">

                      </Socket>
                    </AddonSockets>
                    <AddonSockets>
                        <Socket Offset="(-6.356; 0.87; 0)" Names="Trailer">

                        </Socket>
                        <Socket Offset="(-4.747; 1.47; 0)" Names="Semitrailer, SemitrailerOiltank">

                        </Socket>
                        <Socket Offset="(-4.4; 1.64; 0)" Names="LargeSemitrailer, LargeSemitrailerOiltank">

                        </Socket>
                    </AddonSockets>
                    <AddonSockets>
                        <Socket Offset="(-7.993; 1.155; 0)" Names="BunkLog" NamesBlock="Navistar5000mvSpareWheel">

                        </Socket>
                        <Socket Offset="(-4.747; 1.15; 0)" Names="SaddleLow">

                        </Socket>
                        <Socket Offset="(-4.4; 1.15; 0)" Names="SaddleHigh">

                        </Socket>
                        <Socket Offset="(-3.6; 1.15; 0)" Names="MinicraneNavistar">

                        </Socket>
                    </AddonSockets>
                    <AddonSockets>
                      <Socket _template="Cabin2Chassis" Offset="(0.158; 2.28; 0.174)" Names="StuffDashboard" InCockpit="true">

                      </Socket>
                    </AddonSockets>
                    <AddonSockets>
                      <Socket InCockpit="true" Names="Navistar5000MvSticker_1x1_01" _template="Cabin2Chassis">

                      </Socket>
                    </AddonSockets>
                    <AddonSockets>
                      <Socket InCockpit="true" Names="Navistar5000MvSticker_1x1_02" _template="Cabin2Chassis">

                      </Socket>
                    </AddonSockets>
                    <AddonSockets>
                      <Socket InCockpit="true" Names="Navistar5000MvSticker_1x1_03" _template="Cabin2Chassis">

                      </Socket>
                    </AddonSockets>
                    <AddonSockets>
                      <Socket InCockpit="true" Names="Navistar5000MvSticker_1x2_01" _template="Cabin2Chassis">

                      </Socket>
                    </AddonSockets>
                    <AddonSockets>
                      <Socket InCockpit="true" Names="Navistar5000MvSticker_1x2_02" _template="Cabin2Chassis">

                      </Socket>
                    </AddonSockets>
                    <AddonSockets>
                      <Socket InCockpit="true" Names="Navistar5000MvSticker_1x4_01" _template="Cabin2Chassis">

                      </Socket>
                    </AddonSockets>
                    <AddonSockets>
                        <Socket _template="Cabin2Chassis" Offset="(0.048; 2.788; 0.18)" Names="StuffAirfreshener" InCockpit="true">

                        </Socket>
                        <Socket InCockpit="true" Names="StuffCurtainNavistar5000Mv" _template="Cabin2Chassis">

                        </Socket>
                    </AddonSockets>
                    <AddonSockets>
                      <Socket Names="Navistar5000MvSticker_Roof" _template="Cabin2Chassis">

                      </Socket>
                    </AddonSockets>
                    <AddonSockets>
                      <Socket InCockpit="true" Names="Navistar5000MvSticker_Capote" _template="Cabin2Chassis">

                      </Socket>
                    </AddonSockets>
                    <AddonSockets>
                      <Socket InCockpit="true" Names="Navistar5000MvSticker_Door_L" _template="Cabin2Chassis">

                      </Socket>
                    </AddonSockets>
                    <AddonSockets>
                      <Socket Names="Navistar5000MvSticker_Door_R" _template="Cabin2Chassis">

                      </Socket>
                    </AddonSockets>
                    <AddonSockets>
                      <Socket InCockpit="true" Names="Navistar5000MvSticker_GlassTop" _template="Cabin2Chassis">

                      </Socket>
                    </AddonSockets>
                    <AddonSockets>
                      <Socket InCockpit="true" Names="Navistar5000MvSticker_GlassBottom" _template="Cabin2Chassis">

                      </Socket>
                    </AddonSockets>
                    <AddonSockets>
                      <Socket Names="StuffHoodNavistar5000Mv" _template="Cabin2Chassis">

                      </Socket>
                    </AddonSockets>
                    <AddonSockets DefaultAddon="zikz_5368_diff_lock_default">
                      <Socket Offset="(0; 0; 0)" Names="ZiKZ5368DiffLock" ParentFrame="BoneChassis_cdt">

                      </Socket>
                    </AddonSockets>
                      <CraneSocket Pos="(2.383; 0.623; -0.57)" ParentFrame="BoneCabin_cdt">

                      </CraneSocket>
                      <CraneSocket Pos="(2.383; 0.623; 0.57)" ParentFrame="BoneCabin_cdt">

                      </CraneSocket>
                      <CraneSocket Pos="(-6.356; 0.887; 0)">

                      </CraneSocket>
                      <CraneSocket Pos="(-1.025; 0.602; -1.115)" ParentFrame="BoneCabin_cdt">

                      </CraneSocket>
                      <CraneSocket Pos="(-0.601; 0.602; 1.133)" ParentFrame="BoneCabin_cdt">

                      </CraneSocket>
                      <CraneSocket Pos="(-1.747; 3.375; 1.188)" ParentFrame="BoneCabin_cdt">

                      </CraneSocket>
                      <CraneSocket Pos="(-1.747; 3.375; -1.188)" ParentFrame="BoneCabin_cdt">

                      </CraneSocket>
                        <WinchSocket Pos="(2.383; 0.623; -0.57)" ParentFrame="BoneCabin_cdt">

                        </WinchSocket>
                        <WinchSocket Pos="(2.383; 0.623; 0.57)" ParentFrame="BoneCabin_cdt">

                        </WinchSocket>
                        <WinchSocket Pos="(-6.356; 0.887; 0)">

                        </WinchSocket>
                        <WinchSocket Pos="(-1.025; 0.602; -1.115)" ParentFrame="BoneCabin_cdt">

                        </WinchSocket>
                        <WinchSocket Pos="(-0.601; 0.602; 1.133)" ParentFrame="BoneCabin_cdt">

                        </WinchSocket>
                        <WinchSocket Pos="(-1.747; 3.375; 1.188)" ParentFrame="BoneCabin_cdt">

                        </WinchSocket>
                        <WinchSocket Pos="(-1.747; 3.375; -1.188)" ParentFrame="BoneCabin_cdt">

                        </WinchSocket>
        </GameData>
        <PhysicsModel Mesh="trucks/navistar_5000mv">
                <Body NetSync="pv" CenterOfMassOffset="(-0.5; 0; 0)" ModelFrame="BoneChassis_cdt" Mass="7000" ImpactType="Truck">
                    <Body NetSync="pv" CenterOfMassOffset="(0.5; -0.5; 0)" ModelFrame="BoneCabin_cdt" Mass="7000" ImpactType="Truck">
                        <Constraint Type="Hinge" MaxLimit="3" AxisLocal="(1; 0; 0)" MinLimit="-3">
                            <Motor Spring="400000" Damping="10000" Type="Spring">

                            </Motor>
                        </Constraint>
                            <Body ModelFrame="BoneMirrorL_cdt" _template="Mirror">
                              <Body ModelFrame="BoneAntenna_cdt" _template="Antenna">

                              </Body>
                            </Body>
                            <Body ModelFrame="BoneMirrorR_cdt" Mass="4.8" _template="Mirror">

                            </Body>
                            <Body ModelFrame="BoneTieRodL_cdt" _template="TieRod">
                              <Constraint MaxLimit="25" AxisLocal="(0; 0; 1)" MinLimit="-25" Name="TieRodSteerR">

                              </Constraint>
                            </Body>
                            <Body ModelFrame="BoneTieRodR_cdt" _template="TieRod">
                              <Constraint MaxLimit="25" AxisLocal="(0; 0; 1)" MinLimit="-25" Name="TieRodSteerL">

                              </Constraint>
                            </Body>
                            <Body ModelFrame="BoneWire1_cdt" Mass="4" ImpactType="Truck">
                              <Constraint Type="Hinge" MaxLimit="50" AxisLocal="(0; 0; 1)" MinLimit="-50">
                                  <Motor Spring="1" Damping="0.02" Type="Spring">

                                  </Motor>
                              </Constraint>
                              <Body ModelFrame="BoneWire2_cdt" Mass="0.2" Collisions="None">
                                    <Constraint Type="Fixed" LinearLimitsY="(-.2;.1)" LinearLimitsX="(-.2;.2)" LinearLimitsZ="(0;0)">
                                        <Motor Spring="70" Damping="3" Type="Spring">

                                        </Motor>
                                    </Constraint>
                              </Body>
                            </Body>
                            <Body ModelFrame="BoneCurtain_cdt" Mass="1" Collisions="None">
                              <Constraint Type="Fixed" LinearLimitsY="(0;0)" LinearLimitsX="(-.2;.2)" LinearLimitsZ="(-.2;.2)">
                                  <Motor Spring="100" Damping="5" Type="Spring">

                                  </Motor>
                              </Constraint>
                            </Body>
                    </Body>
                </Body>
                <NetSync Legacy="false">

                </NetSync>
        </PhysicsModel>
        <ControlledConstraints>
                    <Constraint IsLinkedSteering="true" Id="chassis_steer" Name="TieRodSteerR">

                    </Constraint>
                    <Constraint IsLinkedSteering="true" Id="chassis_steer" Name="TieRodSteerL">

                    </Constraint>
        </ControlledConstraints>
        <ModelAttachments>
                    <Ignition>
                          <Light Pos="(1.978; 1.121; -0.943)" _template="IgnitionSignalWhite">

                          </Light>
                          <Light Pos="(1.978; 1.121; 0.943)" _template="IgnitionSignalWhite">

                          </Light>
                          <Light Pos="(-6.5; 0.785; 0)" _template="IgnitionSignalRed">

                          </Light>
                            <Flare Pos="(1.978; 1.121; -0.943)" _template="IgnitionSignalWhite" Color="g(165; 149; 130) x 0.9" ParentFrame="BoneCabin_cdt" DirAngle="90">

                            </Flare>
                            <Flare Pos="(1.978; 1.121; 0.943)" _template="IgnitionSignalWhite" Color="g(165; 149; 130) x 0.9" ParentFrame="BoneCabin_cdt" DirAngle="90">

                            </Flare>
                            <Flare Pos="(1.945; 1.14; 1.134)" ParentFrame="BoneCabin_cdt" _template="IgnitionSignalWhite" DirAngle="130" AspectRatio=".9" Size="0.2" Color="g(165; 149; 130) x 0.9">

                            </Flare>
                            <Flare Pos="(1.945; 1.14; -1.134)" ParentFrame="BoneCabin_cdt" _template="IgnitionSignalWhite" DirAngle="130" AspectRatio=".9" Size="0.2" Color="g(165; 149; 130) x 0.9">

                            </Flare>
                            <Flare Pos="(-6.188; 0.785; -0.268)" _template="IgnitionSignalRed">

                            </Flare>
                            <Flare Pos="(-6.188; 0.785; 0.268)" _template="IgnitionSignalRed">

                            </Flare>
                    </Ignition>
                    <HeadLight>
                            <Flare Pos="(1.978; 1.121; -0.943)" ParentFrame="BoneCabin_cdt" _template="HeadLight">

                            </Flare>
                            <Flare Pos="(1.978; 1.121; 0.943)" ParentFrame="BoneCabin_cdt" _template="HeadLight">

                            </Flare>
                            <Flare Pos="(1.978; 1.121; -0.943)" ParentFrame="BoneCabin_cdt" _template="BlueStreak">

                            </Flare>
                            <Flare Pos="(1.978; 1.121; 0.943)" ParentFrame="BoneCabin_cdt" _template="BlueStreak">

                            </Flare>
                              <Model Org="(1.978; 1.121; -0.943)" ParentFrame="BoneCabin_cdt" _template="HeadLightRay">

                              </Model>
                              <Model Org="(1.978; 1.121; 0.943)" ParentFrame="BoneCabin_cdt" _template="HeadLightRay">

                              </Model>
                    </HeadLight>
                    <StopSignals>
                              <Light Pos="(-6.5; 0.785; -0.268)" _template="StopSignal">

                              </Light>
                              <Light Pos="(-6.5; 0.785; 0.268)" _template="StopSignal">

                              </Light>
                                <Flare Pos="(-6.188; 0.785; -0.268)" _template="StopSignal">

                                </Flare>
                                <Flare Pos="(-6.188; 0.785; 0.268)" _template="StopSignal">

                                </Flare>
                    </StopSignals>
        </ModelAttachments>
        <Landmark MaxScale="3.8" Mesh="landmarks/navistar_5000mv_lmk" MinScale="1.8">

        </Landmark>
        <AutomaticIK>
                          <IKBone ParentFrame="BoneTieRodR_cdt" ModelFrame="BoneTieRodHinge2R">
                            <IKJoint Type="Hinge2" AxisLocal="(1; 0; 0)">

                            </IKJoint>
                            <IKBone AttachToFrame="BoneRackR" AttachOffset="(0; 0; 0)" ModelFrame="BoneTieRodPrismaticR">
                                  <IKJoint Type="Slider" AxisLocal="(1; 0; 0)">

                                  </IKJoint>
                            </IKBone>
                          </IKBone>
                          <IKBone ParentFrame="BoneTieRodL_cdt" ModelFrame="BoneTieRodHinge2L">
                            <IKJoint Type="Hinge2" AxisLocal="(1; 0; 0)">

                            </IKJoint>
                            <IKBone AttachToFrame="BoneRackL" AttachOffset="(0; 0; 0)" ModelFrame="BoneTieRodPrismaticL">
                                  <IKJoint Type="Slider" AxisLocal="(1; 0; 0)">

                                  </IKJoint>
                            </IKBone>
                          </IKBone>
                          <IKBone ParentFrame="BoneCabin_cdt" ModelFrame="BoneMirrorL1">
                            <IKJoint Type="Hinge" AxisLocal="(0; 1; 0)">

                            </IKJoint>
                            <IKBone AttachToFrame="BoneMirrorL_cdt" AttachOffset="(0; 0; 0)" ModelFrame="BoneMirrorL2">
                                  <IKJoint Type="Hinge" AxisLocal="(0; 1; 0)">

                                  </IKJoint>
                            </IKBone>
                          </IKBone>
                          <IKBone ParentFrame="BoneCabin_cdt" ModelFrame="BoneMirrorR1">
                            <IKJoint Type="Hinge" AxisLocal="(0; 1; 0)">

                            </IKJoint>
                            <IKBone AttachToFrame="BoneMirrorR_cdt" AttachOffset="(0; 0; 0)" ModelFrame="BoneMirrorR2">
                                  <IKJoint Type="Hinge" AxisLocal="(0; 1; 0)">

                                  </IKJoint>
                            </IKBone>
                          </IKBone>
        </AutomaticIK>
        <TruckData SteerSpeed="0.025" EngineStartDelay="3.2" EngineIconMesh="env/engine_default" TruckType="HEAVY" Responsiveness="0.45" BackSteerSpeed="0.02" TruckImage="navistar5000mchr" FuelCapacity="340" DiffLockType="Installed" ExhaustStartTime="2.8" EngineIconScale="1.4">
                          <Driver Pos="(-0.57; 1.855; 0.505)" ParentFrame="BoneCabin_cdt" SteeringWheelPos="(-0.188; 2.183; 0.498)">

                          </Driver>
                          <SoundsDamage _template="Heavy">

                          </SoundsDamage>
                          <OcclusionMap HalfSizeZ="1.8" MinX="-6.6" MaxX="2.8">

                          </OcclusionMap>
                          <FuelTank DamageCapacity="100">

                          </FuelTank>
                          <Intake Size="1" Dir="(1; 0; 0)" Origin="(2.07; 1.439; 0)">

                          </Intake>
                          <EngineSocket Type="e_us_truck_military_navistar" Default="us_truck_military_navistar_0">

                          </EngineSocket>
                          <SuspensionSocket Type="s_navistar_5000mv" MaxWheelRadiusWithoutSuspension="0.36" Default="navistar_5000mv_suspension_default">

                          </SuspensionSocket>
                          <Dashboard>
                                              <Gauge InputRange="(0;1)" Dir="(-0.963; 0.27; 0)" InputType="engineEnabled" Org="(0.098; 2.203; 0.811)" Damping="0.99" Mesh="trucks/arrows/navistar_5000mv_arrow1" OutputAngles="(-140; 17)">

                                              </Gauge>
                                              <Gauge InputRange="(0;1)" Dir="(-0.963; 0.27; 0)" InputType="engineEnabled" Org="(0.08; 2.138; 0.811)" Damping="0.99" Mesh="trucks/arrows/navistar_5000mv_arrow1" OutputAngles="(-55; 4)">

                                              </Gauge>
                                              <Gauge InputRange="(0;1)" Dir="(-0.963; 0.27; 0)" InputType="engineEnabled" Org="(0.061; 2.072; 0.811)" Damping="0.99" Mesh="trucks/arrows/navistar_5000mv_arrow1" OutputAngles="(-55; -4)">

                                              </Gauge>
                                              <Gauge InputRange="(0;1)" Dir="(-0.963; 0.27; 0)" InputType="engineEnabled" Org="(0.098; 2.203; 0.713)" Damping="0.99" Mesh="trucks/arrows/navistar_5000mv_arrow1" OutputAngles="(-140; -60)">

                                              </Gauge>
                                              <Gauge InputRange="(0;1)" Dir="(-0.963; 0.27; 0)" InputType="engineEnabled" Org="(0.08; 2.138; 0.713)" Damping="0.99" Mesh="trucks/arrows/navistar_5000mv_arrow1" OutputAngles="(-140; 60)">

                                              </Gauge>
                                              <Gauge InputRange="(0;1)" Dir="(-0.963; 0.27; 0)" InputType="engineEnabled" Org="(0.061; 2.072; 0.713)" Damping="0.99" Mesh="trucks/arrows/navistar_5000mv_arrow1" OutputAngles="(-140; 30)">

                                              </Gauge>
                                              <Gauge InputRange="(0;1)" Dir="(-0.963; 0.27; 0)" InputType="rpm" Org="(0.091; 2.175; 0.574)" Damping="0.8" Mesh="trucks/arrows/navistar_5000mv_arrow4" OutputAngles="(-135;135)">

                                              </Gauge>
                                              <Gauge InputType="speed" Dir="(-0.963; 0.27; 0)" Org="(0.091; 2.175; 0.423)" Mesh="trucks/arrows/navistar_5000mv_arrow4" InputRange="(0;85)" OutputAngles="(-130;130)">

                                              </Gauge>
                                              <Gauge InputRange="(0;1)" Dir="(-0.963; 0.27; 0)" InputType="engineEnabled" Org="(0.098; 2.203; 0.282)" Damping="0.99" Mesh="trucks/arrows/navistar_5000mv_arrow1" OutputAngles="(-140; 30)">

                                              </Gauge>
                                              <Gauge InputRange="(0;1)" Dir="(-0.963; 0.27; 0)" InputType="engineEnabled" Org="(0.08; 2.138; 0.282)" Damping="0.99" Mesh="trucks/arrows/navistar_5000mv_arrow1" OutputAngles="(-140; 30)">

                                              </Gauge>
                                              <Gauge InputRange="(0;1)" Dir="(-0.963; 0.27; 0)" InputType="fuel" Org="(0.061; 2.072; 0.282)" Damping="0.99" Mesh="trucks/arrows/navistar_5000mv_arrow1" OutputAngles="(-140; 134)">

                                              </Gauge>
                                              <Gauge InputRange="(0;1)" Dir="(-0.963; 0.27; 0)" InputType="engineEnabled" Org="(0.098; 2.203; 0.185)" Damping="0.99" Mesh="trucks/arrows/navistar_5000mv_arrow1" OutputAngles="(-55; -10)">

                                              </Gauge>
                                              <Gauge InputRange="(0;1)" Dir="(-0.963; 0.27; 0)" InputType="engineEnabled" Org="(0.08; 2.138; 0.185)" Damping="0.99" Mesh="trucks/arrows/navistar_5000mv_arrow1" OutputAngles="(-55; 10)">

                                              </Gauge>
                                              <Gauge InputRange="(0;1)" Dir="(-0.963; 0.27; 0)" InputType="engineEnabled" Org="(0.061; 2.072; 0.185)" Damping="0.99" Mesh="trucks/arrows/navistar_5000mv_arrow1" OutputAngles="(-55; 30)">

                                              </Gauge>
                                              <Gauge InputRange="(0;1)" Dir="(-0.878; 0.248; 0.409)" InputType="engineEnabled" Org="(-0.045; 2.135; -0.142)" Damping="0.99" Mesh="trucks/arrows/navistar_5000mv_arrow3" OutputAngles="(-140; 17)">

                                              </Gauge>
                                              <Gauge InputRange="(0;1)" Dir="(-0.878; 0.248; 0.409)" InputType="engineEnabled" Org="(-0.064; 2.196; -0.224)" Damping="0.99" Mesh="trucks/arrows/navistar_5000mv_arrow2" OutputAngles="(-50; -5)">

                                              </Gauge>
                          </Dashboard>
                          <Axles>
                                                <Axle Frame="BoneAxle1">

                                                </Axle>
                                                <Axle Frame="BoneAxle3">

                                                </Axle>
                                                <Axle Frame="BoneAxle4">

                                                </Axle>
                          </Axles>
                          <Camera Center="(-3.4; 0; 0)" ParentFrame="BoneCabin_cdt">
                                                <Cockpit WindshieldDiffuseTexture="trucks/navistar_5000mv_glass__d_a.tga" _template="Default" WindshieldShadingTexture="trucks/navistar_5000mv_glass__sh_d.tga" ViewPos="(-0.65; 2.572; 0.505)">
                                                    <Rear ViewPosOffset="(0.1; -0.1; 0.7)">

                                                    </Rear>
                                                        <Mirror LookAtOffset="(0; 0; 0.05)" Size="(0.18; 0.37)" FOVScale="2" ReflectionDir="(-0.883; 0; -0.469)" Pos="(-0.279; 2.519; 1.299)" ClipDir="(-0.883; 0; -0.469)" MeshFrame="mirror_left" ClipOffset="0.25">

                                                        </Mirror>
                                                        <Mirror FOVScale="2" ClipDir="(-0.884; 0.18; -0.432)" MeshFrame="mirror_left_convex" Pos="(-0.28; 2.177; 1.26)" CurveAngle="10" Size="(0.155; 0.155)" ReflectionDir="(-0.884; 0.18; -0.432)">

                                                        </Mirror>
                                                        <Mirror FOVScale="2" ClipDir="(-0.788; 0; 0.616)" MeshFrame="mirror_right" Pos="(-0.278; 2.519; -1.298)" ReflectionDir="(-0.788; 0; 0.616)" Size="(0.18; 0.37)" ClipOffset="0.3">
                                                          <SecondaryView FOVScale="2" ClipDir="(-0.788; 0; 0.616)" MeshFrame="mirror_right_convex" CurveAngle="10" Size="(0.155; 0.155)" Pos="(-0.276; 2.174; -1.261)">

                                                          </SecondaryView>
                                                        </Mirror>
                                                </Cockpit>
                          </Camera>
                                                <CompatibleWheels Type="wheels_heavy_double1" Scale="0.56">

                                                </CompatibleWheels>
                                                <CompatibleWheels Type="wheels_heavy_double2" Scale="0.56">

                                                </CompatibleWheels>
                                                <CompatibleWheels Type="wheels_heavy_double1" Scale="0.62" RearOffsetZ=".02">

                                                </CompatibleWheels>
                                                <CompatibleWheels Type="wheels_heavy_double2" Scale="0.62">

                                                </CompatibleWheels>
                                                  <LimitedFluid Type="Cylinder" Center="(-1.493; 0.769; 0.8)" RadiusY="0.395" LengthX="1.416" RadiusZ="0.369">

                                                  </LimitedFluid>
                                                  <LimitedFluid Type="Cylinder" Center="(-1.863; 0.769; -0.775)" RadiusY="0.400" LengthX="1.416" RadiusZ="0.394">

                                                  </LimitedFluid>
                          <Sounds _template="Default" Origin="(0.962; 1.636; 0)" MinDist="15.0" DisableReversePitch="false">
                                                      <Reverse Sound="trucks/navistar_500mv/navistar_500mv_reverse">

                                                      </Reverse>
                                                      <EngineHeavy_2d IsSound2D="true" Sound="trucks/navistar_500mv/navistar_500mv_heavy_2d">

                                                      </EngineHeavy_2d>
                                                      <EngineLow Sound="trucks/navistar_500mv/navistar_500mv_low">

                                                      </EngineLow>
                                                      <BrakePull Sound="trucks/navistar_500mv/navistar_500mv_brake_pull">

                                                      </BrakePull>
                                                      <EngineHigh Sound="trucks/navistar_500mv/navistar_500mv_high">

                                                      </EngineHigh>
                                                      <HandbrakeOff Sound="trucks/navistar_500mv/navistar_500mv_handbrake_off">

                                                      </HandbrakeOff>
                                                      <ChassisStress Sound="trucks/common/truck_stress_rnd_set/truck_stress_rnd">

                                                      </ChassisStress>
                                                      <EngineRev Sound="trucks/navistar_500mv/navistar_500mv_rev">

                                                      </EngineRev>
                                                      <AbruptStop Sound="trucks/common/truck_swing_big_rnd_set/truck_swing_big_rnd">

                                                      </AbruptStop>
                                                      <EngineHeavy Sound="trucks/navistar_500mv/navistar_500mv_heavy">

                                                      </EngineHeavy>
                                                      <EngineHigh_2d IsSound2D="true" Sound="trucks/navistar_500mv/navistar_500mv_high_2d">

                                                      </EngineHigh_2d>
                                                      <EngineLow_2d IsSound2D="true" Sound="trucks/navistar_500mv/navistar_500mv_low_2d">

                                                      </EngineLow_2d>
                                                      <EngineIdle_2d IsSound2D="true" Sound="trucks/navistar_500mv/navistar_500mv_idle_2d">

                                                      </EngineIdle_2d>
                                                      <EngineStart Sound="trucks/navistar_500mv/navistar_500mv_start">

                                                      </EngineStart>
                                                      <Handbrake Sound="trucks/navistar_500mv/navistar_500mv_handbrake_on">

                                                      </Handbrake>
                                                      <Honk Sound="trucks/navistar_500mv/navistar_500mv_honk">

                                                      </Honk>
                                                      <BrakeRelease Sound="trucks/navistar_500mv/navistar_500mv_brake_release">

                                                      </BrakeRelease>
                                                      <EngineIdle Sound="trucks/navistar_500mv/navistar_500mv_idle">

                                                      </EngineIdle>
                                                      <EngineStop Sound="trucks/navistar_500mv/navistar_500mv_stop">

                                                      </EngineStop>
                                                      <BrakesSqueal Sound="trucks/navistar_500mv/navistar_500mv_brakes_squeal">

                                                      </BrakesSqueal>
                                                      <EngineAccel Sound="trucks/navistar_500mv/navistar_500mv_acc">

                                                      </EngineAccel>
                          </Sounds>
                          <Wheels DefaultWheelType="wheels_heavy_double1" DefaultTire="highway_1" DefaultRim="rim_5">
                                                          <Wheel Pos="(1.351; 0.546; 1.03)" _template="Front">

                                                          </Wheel>
                                                          <Wheel RightSide="true" Pos="(1.351; 0.546; 1.03)" _template="Front">

                                                          </Wheel>
                                                          <Wheel Pos="(-4.042; 0.546; 0.92)" _template="Rear">

                                                          </Wheel>
                                                          <Wheel RightSide="true" Pos="(-4.042; 0.546; 0.92)" _template="Rear">

                                                          </Wheel>
                                                          <Wheel Pos="(-5.451; 0.546; 0.92)" _template="Rear">

                                                          </Wheel>
                                                          <Wheel RightSide="true" Pos="(-5.451; 0.546; 0.92)" _template="Rear">

                                                          </Wheel>
                          </Wheels>
                                                        <Steam Origin="(-2.126; 1.048; 0)">

                                                        </Steam>
                                                        <Steam Origin="(1.243; 1.048; 0)">

                                                        </Steam>
                          <GearboxSocket Type="gearboxes_trucks" Default="g_truck_default">

                          </GearboxSocket>
                          <WinchUpgradeSocket Type="winches_medium_trucks" Default="w_medium_trucks_default" IsUpgradable="true">

                          </WinchUpgradeSocket>
                          <SteeringRack Frame="BoneRack" RackHalfSizeZ="0.785" FrameSteerLeft="BoneRackL" FrameSteerRight="BoneRackR">

                          </SteeringRack>
                          <SteeringWheel Frame="BoneSteering">

                          </SteeringWheel>
                          <SoundsWheels _template="Default">

                          </SoundsWheels>
                          <Damage>
                                                                        <DamageArea Min="(0.026; 0.806; -0.635)" ParentFrame="BoneCabin_cdt" Max="(2.093; 2.076; 0.635)" Type="Engine">

                                                                        </DamageArea>
                                                                        <DamageArea Min="(-2.636; 0.322; -1.173)" ParentFrame="BoneChassis_cdt" Max="(-0.78; 1.193; 1.173)" Type="FuelTank">

                                                                        </DamageArea>
                          </Damage>
                          <Shafts>
                                                                          <Shaft SocketPointA="ShaftEngine" SocketPointB="ShaftBoxEngine">

                                                                          </Shaft>
                                                                          <Shaft SocketPointA="ShaftBoxFrontWheel" SocketPointB="ShaftFrontWheel">

                                                                          </Shaft>
                                                                          <Shaft SocketPointA="ShaftBoxRearWheel" SocketPointB="ShaftRearWheel">

                                                                          </Shaft>
                                                                          <Shaft SocketPointA="ShaftWheel2WheelA" SocketPointB="ShaftWheel2WheelB">

                                                                          </Shaft>
                          </Shafts>
        </TruckData>
  </Truck>