  <_templates Include="trucks">
      <Wheel>
          <RearWheel Location="rear" ConnectedToHandbrake="true" Torque="default">

          </RearWheel>
          <FrontWheel ParentFrame="BoneCabin_cdt" SteeringAngle="30" Location="front" SteeringJointOffset="0.2" Torque="none" SteeringCastor="8">

          </FrontWheel>
      </Wheel>
      <Body>
            <Mudguard Mass="10" Collisions="None">
                <Constraint Type="Hinge">
                    <Motor Spring="10" Damping="1" Type="Spring">

                    </Motor>
                </Constraint>
            </Mudguard>
      </Body>
  </_templates>
  <Truck>
        <HeadLight Pos="(3.65; 1.709; 0)" ParentFrame="BoneCabin_cdt" _template="Default">

        </HeadLight>
        <GameData ExcludeAddons="ford_clt9000_top_fender, semitrailer_m747" UnlockByExploration="true" Price="116000" UnlockByRank="1" Country="US">
              <CustomizationCameras>
                    <CameraPos Name="sticker_1" InterestPosition="(6.662; 1.615; 0.513)" Position="(3.753; 2.779; -0.773)" Interior="true" FOV="32.0">

                    </CameraPos>
                    <CameraPos MaxYRotation="360" MaxZoom="2" Name="addon_1" InterestPosition="(-0.208; 1.88; -0)" Position="(-5.453; 3.694; 5.178)" MaxXRotation="360" FOV="32.0">

                    </CameraPos>
                    <CameraPos MaxYRotation="360" MaxZoom="2" Name="addon_2" InterestPosition="(3.194; 1.807; 0)" Position="(-8.093; 2.337; -6.718)" MaxXRotation="360" FOV="32.0">

                    </CameraPos>
                    <CameraPos Name="mirror_mount" InterestPosition="(6.662; 1.915; 1.935)" Position="(3.497; 2.937; -0.602)" Interior="true" FOV="32.0">

                    </CameraPos>
                    <CameraPos MaxYRotation="360" MaxZoom="2" Name="side_r" InterestPosition="(4.464; 2.277; -0)" Position="(9.116; 3.971; 3.907)" MaxXRotation="360" FOV="32.0">

                    </CameraPos>
                    <CameraPos Name="sticker" InterestPosition="(6.662; 1.075; 1.942)" Position="(3.708; 2.759; -0.234)" Interior="true" FOV="32.0">

                    </CameraPos>
                    <CameraPos Name="glass_sticker" InterestPosition="(4.575; 2.8; -1.011)" Position="(8.466; 3.823; 0.498)" Interior="true" FOV="32.0">

                    </CameraPos>
                    <CameraPos Name="door_r_sticker" InterestPosition="(5.595; 1.549; -0.204)" Position="(2.602; 2.672; 3.658)" Interior="true" FOV="32.0">

                    </CameraPos>
                    <CameraPos MaxYRotation="360" MaxZoom="2" Name="roof" InterestPosition="(3.331; 2.358; -0)" Position="(7.903; 4.243; 4.348)" MaxXRotation="360" FOV="32.0">

                    </CameraPos>
                    <CameraPos Name="capote_sticker" InterestPosition="(6.025; 2.219; -0.725)" Position="(9.586; 5.539; -0.364)" Interior="true" FOV="32.0">

                    </CameraPos>
                    <CameraPos MaxYRotation="360" MaxZoom="2" Name="hoods" InterestPosition="(5.47; 1.623; 0)" Position="(13.181; 1.445; -3.573)" MaxXRotation="360" FOV="32.0">

                    </CameraPos>
                    <CameraPos Name="sticker_2" InterestPosition="(6.662; 0.61; 1.935)" Position="(5.221; 1.595; 0.03)" Interior="true" FOV="32.0">

                    </CameraPos>
                    <CameraPos MaxYRotation="360" MaxZoom="2" Name="side_l" InterestPosition="(3.468; 2.784; 0)" Position="(8.623; 4.118; -2.927)" MaxXRotation="360" FOV="32.0">

                    </CameraPos>
                    <CameraPos Name="bubble_head" InterestPosition="(7.085; 1.174; 1.097)" Position="(3.96; 2.914; -0.813)" Interior="true" FOV="32.0">

                    </CameraPos>
                    <CameraPos MaxYRotation="360" MaxZoom="2" Name="wheels" InterestPosition="(5.255; 0.755; -0)" Position="(9.074; 2.258; -5.035)" MaxXRotation="360" FOV="32.0">

                    </CameraPos>
                    <CameraPos MaxYRotation="360" MaxZoom="2" Name="default" InterestPosition="(5.47; 1.623; -0)" Position="(13.181; 1.445; -3.573)" MaxXRotation="360" FOV="32.0">

                    </CameraPos>
                    <CameraPos MaxYRotation="360" MaxZoom="2" Name="rear" InterestPosition="(0.479; 0.992; -0)" Position="(-5.767; 1.805; 2.899)" MaxXRotation="360" FOV="32.0">

                    </CameraPos>
                    <CameraPos Name="door_l_sticker" InterestPosition="(3.413; 1.842; -0.692)" Position="(2.711; 2.689; -4.087)" Interior="true" FOV="32.0">

                    </CameraPos>
                    <CameraPos Name="hood_ornament" InterestPosition="(7.506; 2.598; -1.462)" Position="(8.798; 2.986; -1.462)" Interior="true" FOV="32.0">

                    </CameraPos>
              </CustomizationCameras>
              <UiDesc UiName="UI_VEHICLE_PACIFIC_P16_NAME" UiDesc="UI_VEHICLE_PACIFIC_P16_DESC" UiIconLogo="PacificLogo80" UiIcon40x40="heavyVehicleImg" UiIcon30x30="heavyVehicleImg30" UiIcon328x458="shopImgPacificP16">

              </UiDesc>
                    <AddonSockets>
                        <Socket Offset="(-2.379; 2.26; 0)" Names="LargeSemitrailer, LargeSemitrailerOiltank">

                        </Socket>
                        <Socket Offset="(-4.959; 1.239; 0)" Names="Trailer">

                        </Socket>
                    </AddonSockets>
                    <AddonSockets DefaultAddon="pacific_p16_bumper_default">
                      <Socket Offset="(0; 0; 0)" Names="PacificP16Bumper" ParentFrame="BoneCabin_cdt">

                      </Socket>
                    </AddonSockets>
                    <AddonSockets DefaultAddon="pacific_p16_exhaust_default">
                      <Socket Offset="(0; 0; 0)" Names="PacificP16Exhaust" ParentFrame="BoneCabin_cdt">

                      </Socket>
                    </AddonSockets>
                    <AddonSockets>
                        <Socket Offset="(-5.896; 1.804; 0)" Names="BunkLog">

                        </Socket>
                        <Socket Offset="(-2.379; 1.798; 0)" Names="SaddlePacific">

                        </Socket>
                    </AddonSockets>
                    <AddonSockets>
                      <Socket Offset="(0; 0; 0)" Names="PacificP16GabariteFenderFront">

                      </Socket>
                    </AddonSockets>
                    <AddonSockets DefaultAddon="pacific_p16_gabarite_default">
                        <Socket Offset="(0; 0; 0)" Names="PacificP16Gabarite" ParentFrame="BoneCabin_cdt">

                        </Socket>
                        <Socket Offset="(0; 0; 0)" Names="PacificP16FenderFront" ParentFrame="BoneCabin_cdt">

                        </Socket>
                    </AddonSockets>
                    <AddonSockets DefaultAddon="pacific_p16_horn_default">
                      <Socket Offset="(0; 0; 0)" Names="PacificP16Horn" ParentFrame="BoneCabin_cdt">

                      </Socket>
                    </AddonSockets>
                    <AddonSockets DefaultAddon="pacific_p16_snorkel_default">
                      <Socket Offset="(0; 0; 0)" Names="PacificP16Snorkel" ParentFrame="BoneCabin_cdt">

                      </Socket>
                    </AddonSockets>
                    <AddonSockets>
                      <Socket ParentFrame="BoneCabin_cdt" Offset="(2.117; 2.489; 0.58)" Names="StuffDashboard" InCockpit="true">

                      </Socket>
                    </AddonSockets>
                    <AddonSockets>
                      <Socket ParentFrame="BoneCabin_cdt" Names="pacificP16Sticker_1x1_01" InCockpit="true">

                      </Socket>
                    </AddonSockets>
                    <AddonSockets>
                      <Socket ParentFrame="BoneCabin_cdt" Names="pacificP16Sticker_1x1_02" InCockpit="true">

                      </Socket>
                    </AddonSockets>
                    <AddonSockets>
                      <Socket ParentFrame="BoneCabin_cdt" Names="pacificP16Sticker_1x1_03" InCockpit="true">

                      </Socket>
                    </AddonSockets>
                    <AddonSockets>
                      <Socket ParentFrame="BoneCabin_cdt" Names="pacificP16Sticker_1x2_01" InCockpit="true">

                      </Socket>
                    </AddonSockets>
                    <AddonSockets>
                      <Socket ParentFrame="BoneCabin_cdt" Names="pacificP16Sticker_1x2_02" InCockpit="true">

                      </Socket>
                    </AddonSockets>
                    <AddonSockets>
                      <Socket ParentFrame="BoneCabin_cdt" Names="pacificP16Sticker_1x4_01" InCockpit="true">

                      </Socket>
                    </AddonSockets>
                    <AddonSockets>
                      <Socket ParentFrame="BoneCabin_cdt" Names="pacificP16Sticker_GlassTop" InCockpit="true">

                      </Socket>
                    </AddonSockets>
                    <AddonSockets>
                      <Socket ParentFrame="BoneCabin_cdt" Names="pacificP16Sticker_GlassBottom" InCockpit="true">

                      </Socket>
                    </AddonSockets>
                    <AddonSockets>
                      <Socket Names="pacificP16Sticker_Door_R" ParentFrame="BoneCabin_cdt">

                      </Socket>
                    </AddonSockets>
                    <AddonSockets>
                      <Socket Names="pacificP16Sticker_Door_L" ParentFrame="BoneCabin_cdt">

                      </Socket>
                    </AddonSockets>
                    <AddonSockets>
                      <Socket Names="pacificP16Sticker_Capote" ParentFrame="BoneCabin_cdt">

                      </Socket>
                    </AddonSockets>
                    <AddonSockets>
                      <Socket ParentFrame="BoneCabineFan_cdt" Offset="(1.984; 2.831; 0.116)" Names="StuffAirfreshener" InCockpit="true">

                      </Socket>
                    </AddonSockets>
                    <AddonSockets>
                      <Socket Names="StuffHoodPacificP16" ParentFrame="BoneCabin_cdt">

                      </Socket>
                    </AddonSockets>
                      <CraneSocket Pos="(4.842; 0.843; 0)" ParentFrame="BoneCabin_cdt">

                      </CraneSocket>
                      <CraneSocket Pos="(-4.844; 1.287; 0)">

                      </CraneSocket>
                      <CraneSocket Pos="(0.006; 1.625; 1.243)" ParentFrame="BoneCabin_cdt">

                      </CraneSocket>
                      <CraneSocket Pos="(0.006; 1.625; -1.243)" ParentFrame="BoneCabin_cdt">

                      </CraneSocket>
                        <WinchSocket Pos="(4.842; 0.843; 0)" ParentFrame="BoneCabin_cdt">

                        </WinchSocket>
                        <WinchSocket Pos="(-4.844; 1.287; 0)">

                        </WinchSocket>
                        <WinchSocket Pos="(0.006; 1.625; 1.243)" ParentFrame="BoneCabin_cdt">

                        </WinchSocket>
                        <WinchSocket Pos="(0.006; 1.625; -1.243)" ParentFrame="BoneCabin_cdt">

                        </WinchSocket>
        </GameData>
        <PhysicsModel Mesh="trucks/pacific_p16">
                <Body NetSync="pv" CenterOfMassOffset="(-1; 0; 0)" ModelFrame="BoneChassis_cdt" Mass="10000" ImpactType="Truck">
                    <Body NetSync="pv" CenterOfMassOffset="(1; 0; 0)" ModelFrame="BoneCabin_cdt" Mass="15000" ImpactType="Truck">
                        <Constraint Type="Hinge" MaxLimit="22" AxisLocal="(1; 0; 0)" MinLimit="-22" PivotOffset="(0; 0; 0)">
                            <Motor Spring="4000000" Damping="0.001" Type="Spring">

                            </Motor>
                        </Constraint>
                            <Body CenterOfMassOffset="(0; 0; 0)" ModelFrame="SeatBelt_cdt" Mass="1" Collisions="None">
                              <Constraint Type="Prismatic" MaxLimit="0.1" AxisLocal="(1; 0; 0)" MinLimit="-0.05">
                                  <Motor Spring="400" Damping="40" Type="Spring">

                                  </Motor>
                              </Constraint>
                            </Body>
                            <Body ModelFrame="BoneStickMirrorRight_cdt" Mass="10" ImpactType="Truck">
                              <Constraint Type="Ragdoll" PlaneMin="-3" PlaneMax="3" TwistAxisLocal="(0; 1; 0)" Cone="3" PlaneAxisLocal="(1; 0; 1)">
                                  <AllMotor Spring="9500" Damping="20" Type="Spring">

                                  </AllMotor>
                              </Constraint>
                            </Body>
                            <Body ModelFrame="BoneStickMirrorLeft_cdt" Mass="10" ImpactType="Truck">
                              <Constraint Type="Ragdoll" PlaneMin="-3" PlaneMax="3" TwistAxisLocal="(0; 1; 0)" Cone="3" PlaneAxisLocal="(1; 0; 1)">
                                  <AllMotor Spring="10000" Damping="20" Type="Spring">

                                  </AllMotor>
                              </Constraint>
                            </Body>
                            <Body ModelFrame="BoneRightMudguard_cdt" _template="Mudguard">
                              <Constraint MinLimit="-40" MaxLimit="45" AxisLocal="(0; 0; 1)">

                              </Constraint>
                            </Body>
                            <Body ModelFrame="BoneLeftMudguard_cdt" _template="Mudguard">
                              <Constraint MinLimit="-70" MaxLimit="45" AxisLocal="(0; 0; 1)">

                              </Constraint>
                            </Body>
                            <Body ModelFrame="BoneFireExtinguisher_cdt" _template="Mudguard">
                              <Constraint MaxLimit="5" AxisLocal="(0; 0; 1)" Damping="10" MinLimit="-40">

                              </Constraint>
                            </Body>
                            <Body ModelFrame="BoneShovel_cdt" _template="Mudguard">
                              <Constraint MinLimit="-3" MaxLimit="1" AxisLocal="(0; 0; 1)">

                              </Constraint>
                            </Body>
                            <Body CenterOfMassOffset="(0; 0; 0)" ModelFrame="BoneCabineFan_cdt" Mass="10" ImpactType="Truck">
                              <Constraint Type="Hinge" MaxLimit="20" AxisLocal="(0; 0; 1)" MinLimit="-20" PivotOffset="(0; 0; 0)">
                                  <Motor Spring="150" Damping="0.1" Type="Spring">

                                  </Motor>
                              </Constraint>
                            </Body>
                            <Body ModelFrame="BoneCabChain1_cdt" CenterOfMassOffset="(0; 0; 0)" Mass="15" ImpactType="Truck" Collisions="None">
                              <Constraint Type="Hinge" MaxLimit="80" AxisLocal="(1; 0; 0)" MinLimit="-80" PivotOffset="(0; 0; 0)">
                                  <Motor Spring="1" Damping="0.05" Type="Spring">

                                  </Motor>
                              </Constraint>
                              <Body ModelFrame="BoneCabChain2_cdt" Mass="5" Collisions="None">
                                    <Constraint Type="Prismatic" MaxLimit="0.1" AxisLocal="(1; 0; 0)" MinLimit="-0.1">
                                        <Motor Spring="500" Damping="10" Type="Spring">

                                        </Motor>
                                    </Constraint>
                              </Body>
                            </Body>
                    </Body>
                </Body>
                <NetSync Legacy="false">

                </NetSync>
        </PhysicsModel>
        <ModelAttachments>
                  <HeadLight>
                        <Flare Pos="(4.522; 1.31; 0.879)" _template="HeadLight" ParentFrame="BoneCabin_cdt" Size="0.30" DirAngle="135">

                        </Flare>
                        <Flare Pos="(4.522; 1.31; -0.879)" _template="HeadLight" ParentFrame="BoneCabin_cdt" Size="0.30" DirAngle="135">

                        </Flare>
                        <Flare Pos="(4.522; 1.31; 1.122)" _template="HeadLight" ParentFrame="BoneCabin_cdt" Size="0.30" DirAngle="135">

                        </Flare>
                        <Flare Pos="(4.522; 1.31; -1.122)" _template="HeadLight" ParentFrame="BoneCabin_cdt" Size="0.30" DirAngle="135">

                        </Flare>
                        <Flare Pos="(4.474; 1.372; 1.074)" ParentFrame="BoneCabin_cdt" _template="BlueStreak">

                        </Flare>
                        <Flare Pos="(4.474; 1.372; -1.074)" ParentFrame="BoneCabin_cdt" _template="BlueStreak">

                        </Flare>
                          <Model Org="(4.474; 1.372; 1.074)" ParentFrame="BoneCabin_cdt" _template="HeadLightRay">

                          </Model>
                          <Model Org="(4.474; 1.372; -1.074)" ParentFrame="BoneCabin_cdt" _template="HeadLightRay">

                          </Model>
                  </HeadLight>
                  <StopSignals>
                        <Light Pos="(-4.656; 1.225; 0)" _template="StopSignal">

                        </Light>
                            <Flare Pos="(-4.656; 1.225; 0.545)" Size="1" _template="StopSignal">

                            </Flare>
                            <Flare Pos="(-4.656; 1.225; -0.545)" Size="1" _template="StopSignal">

                            </Flare>
                  </StopSignals>
                        <Ignition>

                        </Ignition>
                        <Ignition>
                            <Light Pos="(4.55; 1.013; 1.1)" Color="g(255; 196; 152) x 1" _template="IgnitionSignalWhite">

                            </Light>
                            <Light Pos="(4.55; 1.013; -1.1)" Color="g(255; 186; 112) x 1" _template="IgnitionSignalWhite">

                            </Light>
                            <Light Pos="(-5; 1.025; -0)" _template="IgnitionSignalRed">

                            </Light>
                              <Flare Pos="(4.522; 1.31; 0.879)" _template="IgnitionSignalWhite" ParentFrame="BoneCabin_cdt" Size="0.20" DirAngle="120">

                              </Flare>
                              <Flare Pos="(4.522; 1.31; -0.879)" _template="IgnitionSignalWhite" ParentFrame="BoneCabin_cdt" Size="0.20" DirAngle="120">

                              </Flare>
                              <Flare Pos="(4.522; 1.31; 1.122)" _template="IgnitionSignalWhite" ParentFrame="BoneCabin_cdt" Size="0.20" DirAngle="120">

                              </Flare>
                              <Flare Pos="(4.522; 1.31; -1.122)" _template="IgnitionSignalWhite" ParentFrame="BoneCabin_cdt" Size="0.20" DirAngle="120">

                              </Flare>
                              <Flare Pos="(-4.656; 1.225; 0.545)" Size="0.12" _template="IgnitionSignalRed">

                              </Flare>
                              <Flare Pos="(-4.656; 1.225; -0.545)" Size="0.12" _template="IgnitionSignalRed">

                              </Flare>
                        </Ignition>
                  <ReverseSignals>
                              <Light Pos="(0.312; 3.259; 1.345)" ParentFrame="BoneCabin_cdt" _template="ReverseSignal">

                              </Light>
                              <Light Pos="(0.312; 3.259; -1.345)" ParentFrame="BoneCabin_cdt" _template="ReverseSignal">

                              </Light>
                                <Flare Pos="(0.3; 3.259; 1.345)" _template="ReverseSignal" Size="0.2" ParentFrame="BoneCabin_cdt">

                                </Flare>
                                <Flare Pos="(0.3; 3.259; -1.345)" _template="ReverseSignal" Size="0.2" ParentFrame="BoneCabin_cdt">

                                </Flare>
                                <Flare Pos="(0.3; 3.259; 1.345)" Dir="(-1; 0; 0)" _template="IgnitionSignalWhite" Size="0.6" ParentFrame="BoneCabin_cdt">

                                </Flare>
                                <Flare Pos="(0.3; 3.259; -1.345)" Dir="(-1; 0; 0)" _template="IgnitionSignalWhite" Size="0.6" ParentFrame="BoneCabin_cdt">

                                </Flare>
                                <Flare Pos="(0.312; 3.259; 1.345)" Dir="(-1; 0; 0)" _template="BlueStreak" Color="g(220; 220; 255) x 0.05" Size="0.4" ParentFrame="BoneCabin_cdt">

                                </Flare>
                                <Flare Pos="(0.312; 3.259; -1.345)" Dir="(-1; 0; 0)" _template="BlueStreak" Color="g(220; 220; 255) x 0.05" Size="0.4" ParentFrame="BoneCabin_cdt">

                                </Flare>
                  </ReverseSignals>
        </ModelAttachments>
        <Landmark MaxScale="3.5" Mesh="landmarks/pacific_p16_lmk" MinScale="1.8">

        </Landmark>
        <Rotator RotationSpeed="-20" Frame="BoneEngineFan" EngineTorqueFactor="0.5">

        </Rotator>
        <AutomaticIK>
                          <IKBone ParentFrame="BoneCabin_cdt" ModelFrame="BoneRudderHingeFront">
                            <IKJoint Type="Hinge" AxisLocal="(0; 0; 1)">

                            </IKJoint>
                            <IKBone AttachToFrame="BoneRackLeft" AttachOffset="(-0.94; 0; 0)" ModelFrame="BoneRudderSlideFront_1">
                                  <IKJoint Type="Hinge2" AxisLocal="(1; 0; 0)">

                                  </IKJoint>
                            </IKBone>
                          </IKBone>
                          <IKBone ParentFrame="BoneCabin_cdt" ModelFrame="BoneRudderHingeBack">
                            <IKJoint Type="Hinge" AxisLocal="(0; 0; 1)">

                            </IKJoint>
                            <IKBone AttachToFrame="BoneRudderHingeFront" AttachOffset="(2.366; 0; 0)" ModelFrame="BoneRudderSlideBack_1">
                                  <IKJoint Type="Hinge" AxisLocal="(0; 0; 1)">

                                  </IKJoint>
                            </IKBone>
                          </IKBone>
                          <IKBone ParentFrame="BoneCabin_cdt" ModelFrame="BonePistonHinge">
                            <IKJoint Type="Hinge" AxisLocal="(0; 0; 1)">

                            </IKJoint>
                            <IKBone AttachToFrame="BoneRudderSlideBack_1" AttachOffset="(0.607; 0; 0)" ModelFrame="BonePistonSlide">
                                  <IKJoint Type="Slider" AxisLocal="(1; 0; 0)">

                                  </IKJoint>
                            </IKBone>
                          </IKBone>
        </AutomaticIK>
        <TruckData SteerSpeed="0.02" EngineStartDelay="0.8" EngineIconMesh="env/engine_pacific_p16" TruckType="HEAVY" Responsiveness="0.15" BackSteerSpeed="0.01" TruckImage="pacificp16mchr" FuelCapacity="300" DiffLockType="Always" ExhaustStartTime="0.9" EngineIconScale="1">
                          <Driver Pos="(1.293; 2.083; 0.654)" ParentFrame="BoneCabin_cdt" AnimationSet="HeavyTruck" SteeringWheelPos="(1.68; 2.428; 0.654)">

                          </Driver>
                          <SoundsDamage _template="Heavy">

                          </SoundsDamage>
                          <Shakers>
                                  <Shaker MaxFrequency="10" Frame="BoneEngine" MinAngle="(0.4; 0.4; 0.4)" MaxAngle="(0.7; 0.7; 0.7)">

                                  </Shaker>
                          </Shakers>
                          <Snorkel Origin="(2.379; 1.802; -0.878)">

                          </Snorkel>
                          <OcclusionMap HalfSizeZ="2.2" MinX="-5" MaxX="5">

                          </OcclusionMap>
                          <FuelTank DamageCapacity="50">

                          </FuelTank>
                          <Intake Size="1.219" Dir="(1; 0; 0)" Origin="(4.486; 1.802; 0)">

                          </Intake>
                          <EngineSocket Type="e_us_truck_old_heavy" Default="us_truck_old_heavy_engine_0">

                          </EngineSocket>
                          <SuspensionSocket Type="s_pacific_p16" MaxWheelRadiusWithoutSuspension="0.8" Default="pacific_p16_suspension_default">

                          </SuspensionSocket>
                          <Dashboard>
                                                  <Gauge InputRange="(0;1)" Dir="(-0.9; 0.435; 0)" InputType="engineEnabled" Org="(2.023; 2.431; 0.934)" Damping="0.99" Mesh="trucks/arrows/pacific_p16_arrow_1" OutputAngles="(-137; -17)">

                                                  </Gauge>
                                                  <Gauge InputRange="(0;1)" Dir="(-0.9; 0.435; 0)" InputType="engineEnabled" Org="(1.989; 2.362; 0.853)" Damping="0.99" Mesh="trucks/arrows/pacific_p16_arrow_1" OutputAngles="(-135; -111)">

                                                  </Gauge>
                                                  <Gauge InputRange="(0;1)" Dir="(-0.901; 0.433; 0)" InputType="engineEnabled" Org="(1.95; 2.279; 0.936)" Damping="0.99" Mesh="trucks/arrows/pacific_p16_arrow_5" OutputAngles="(-134; -26)">

                                                  </Gauge>
                                                  <Gauge InputRange="(0;1)" Dir="(-0.9; 0.435; 0)" InputType="engineEnabled" Org="(1.989; 2.362; 0.934)" Damping="0.99" Mesh="trucks/arrows/pacific_p16_arrow_2" OutputAngles="(-46; 12)">

                                                  </Gauge>
                                                  <Gauge InputRange="(0;1)" Dir="(-0.9; 0.435; 0)" InputType="fuel" Org="(2.023; 2.431; 0.853)" Damping="0.99" Mesh="trucks/arrows/pacific_p16_arrow_2" OutputAngles="(-59; 58)">

                                                  </Gauge>
                                                  <Gauge InputRange="(0;1)" Dir="(-0.9; 0.435; 0)" InputType="rpm" Org="(2.006; 2.369; 0.72)" Damping="0.99" Mesh="trucks/arrows/pacific_p16_arrow_3" OutputAngles="(-130; 130)">

                                                  </Gauge>
                                                  <Gauge InputType="speed" Dir="(-0.9; 0.435; 0)" Org="(2.006; 2.369; 0.583)" Mesh="trucks/arrows/pacific_p16_arrow_4" InputRange="(0;145)" OutputAngles="(-128; 131)">

                                                  </Gauge>
                                                  <Gauge InputRange="(0;1)" Dir="(-0.9; 0.435; 0)" InputType="engineEnabled" Org="(2.014; 2.413; 0.445)" Damping="0.99" Mesh="trucks/arrows/pacific_p16_arrow_6" OutputAngles="(-132; -99)">

                                                  </Gauge>
                                                  <Gauge InputRange="(0;1)" Dir="(-0.9; 0.435; 0)" InputType="engineEnabled" Org="(1.972; 2.327; 0.445)" Damping="0.99" Mesh="trucks/arrows/pacific_p16_arrow_6" OutputAngles="(-133; -28)">

                                                  </Gauge>
                                                  <Gauge InputRange="(0;1)" Dir="(-0.9; 0.435; 0)" InputType="engineEnabled" Org="(1.928; 2.237; 0.445)" Damping="0.99" Mesh="trucks/arrows/pacific_p16_arrow_6" OutputAngles="(-131; -120)">

                                                  </Gauge>
                                                  <Gauge InputRange="(0;1)" Dir="(-0.9; 0.435; 0)" InputType="engineEnabled" Org="(2.02; 2.427; 0.364)" Damping="0.99" Mesh="trucks/arrows/pacific_p16_arrow_2" OutputAngles="(-69; -39)">

                                                  </Gauge>
                                                  <Gauge InputRange="(0;1)" Dir="(-0.9; 0.435; 0)" InputType="engineEnabled" Org="(1.987; 2.358; 0.364)" Damping="0.99" Mesh="trucks/arrows/pacific_p16_arrow_2" OutputAngles="(-69; -54)">

                                                  </Gauge>
                                                  <Gauge InputRange="(0;1)" Dir="(-0.9; 0.435; 0)" InputType="engineEnabled" Org="(1.951; 2.282; 0.364)" Damping="0.99" Mesh="trucks/arrows/pacific_p16_arrow_2" OutputAngles="(-61; 27)">

                                                  </Gauge>
                                                  <Gauge InputRange="(0;1)" Dir="(-0.9; 0.435; 0)" InputType="engineEnabled" Org="(1.917; 2.212; 0.364)" Damping="0.99" Mesh="trucks/arrows/pacific_p16_arrow_2" OutputAngles="(-58; 8)">

                                                  </Gauge>
                                                  <Gauge InputRange="(0;1)" Dir="(-0.9; 0.435; 0.001)" InputType="engineEnabled" Org="(2.028; 2.435; 0.152)" Damping="0.99" Mesh="trucks/arrows/pacific_p16_arrow_2" OutputAngles="(-136; -87)">

                                                  </Gauge>
                                                  <Gauge InputRange="(0;1)" Dir="(-0.9; 0.435; 0)" InputType="engineEnabled" Org="(2.028; 2.435; 0.047)" Damping="0.99" Mesh="trucks/arrows/pacific_p16_arrow_2" OutputAngles="(-61; -17)">

                                                  </Gauge>
                                                  <Gauge InputType="none" Dir="(-0.9; 0.435; 0)" Org="(2.028; 2.435; -0.027)" Mesh="trucks/arrows/pacific_p16_arrow_2" InputRange="(0;1)" OutputAngles="(25; 38)">

                                                  </Gauge>
                                                  <Gauge InputRange="(0;1)" Dir="(-0.803; 0.068; 0.591)" InputType="engineEnabled" Org="(2.142; 2.56; 0.172)" Damping="0.99" Mesh="trucks/arrows/pacific_p16_arrow_6" OutputAngles="(-129; -11)">

                                                  </Gauge>
                          </Dashboard>
                          <Axles>
                                                    <Axle Frame="BoneAxleFront">

                                                    </Axle>
                                                    <Axle Frame="BoneAxleRear1">

                                                    </Axle>
                                                    <Axle Frame="BoneAxleRear2">

                                                    </Axle>
                          </Axles>
                          <Camera Center="(-1.5; 0; 0)" ParentFrame="BoneCabin_cdt">
                                                    <Cockpit WindshieldDiffuseTexture="trucks/pacific_p16_glass__d_a.tga" _template="Default" WindshieldShadingTexture="trucks/pacific_p16_glass__sh_d.tga" ViewPos="(1.316; 2.814; 0.654)">
                                                          <Mirror FOVScale="2" ClipDir="(-0.939; -0.023; -0.344)" MeshFrame="mirror_left" Pos="(2.178; 2.686; 1.601)" Size="(0.158; 0.409)" ClipOffset="0.1">
                                                              <SecondaryView FOVScale="1.2" ClipDir="(-0.96; 0; -0.281)" MeshFrame="mirror_left_1" CurveAngle="40" Size="(0.16; 0.16)" Pos="(2.155; 2.375; 1.564)">

                                                              </SecondaryView>
                                                              <SecondaryView FOVScale="1.1" ClipDir="(-0.96; 0; -0.281)" MeshFrame="mirror_left_2" CurveAngle="60" Size="(0.16; 0.16)" Pos="(2.198; 2.976; 1.544)">

                                                              </SecondaryView>
                                                          </Mirror>
                                                          <Mirror FOVScale="2.5" ClipDir="(-0.85; -0; 0.527)" MeshFrame="mirror_right" Pos="(2.207; 2.686; -1.621)" Size="(0.158; 0.409)" ClipOffset="0.1">
                                                              <SecondaryView FOVScale="1.25" ClipDir="(-0.85; -0; 0.527)" MeshFrame="mirror_right_1" CurveAngle="60" Size="(0.16; 0.16)" Pos="(2.227; 2.976; -1.556)">

                                                              </SecondaryView>
                                                              <SecondaryView FOVScale="1.15" ClipDir="(-0.85; -0; 0.527)" MeshFrame="mirror_right_2" CurveAngle="40" Size="(0.16; 0.16)" Pos="(2.182; 2.376; -1.582)">

                                                              </SecondaryView>
                                                          </Mirror>
                                                    </Cockpit>
                          </Camera>
                          <CompatibleWheels Type="wheels_heavy_double_p16" Scale="0.73" OffsetZ="0.0">

                          </CompatibleWheels>
                          <LimitedFluid SizeX="0.256" Center="(0.675; 2.084; 0.264)" Type="Box" SizeZ="1.866" SizeY="0.743">

                          </LimitedFluid>
                                                        <Exhaust IsLight="true" Dir="(-0.429; -0.903; 0)" Speed="3.82" Origin="(-0.642; 1.226; 0.691)">

                                                        </Exhaust>
                                                        <Exhaust IsLight="true" Dir="(-0.429; -0.903; 0)" Speed="3.82" Origin="(-0.642; 1.226; -0.691)">

                                                        </Exhaust>
                          <Sounds ParentFrame="BoneCabin_cdt" _template="Default" AirHissInterval="12.0" Origin="(0.28; 1.45; 0)" MinDist="15.0" DisableReversePitch="true">
                                                            <Reverse Sound="trucks/pacific_p16/pacific_p16_back_beeper">

                                                            </Reverse>
                                                            <EngineHeavy_2d IsSound2D="true" Sound="trucks/pacific_p16/pacific_p16_heavy_2d">

                                                            </EngineHeavy_2d>
                                                            <EngineLow Sound="trucks/pacific_p16/pacific_p16_low">

                                                            </EngineLow>
                                                            <BrakePull Sound="trucks/pacific_p16/pacific_p16_brake_pull">

                                                            </BrakePull>
                                                            <EngineHigh Sound="trucks/pacific_p16/pacific_p16_high">

                                                            </EngineHigh>
                                                            <HandbrakeOff Sound="trucks/pacific_p16/pacific_p16_handbrake_off">

                                                            </HandbrakeOff>
                                                            <AbruptStop Sound="trucks/common/truck_swing_big_rnd_set/truck_swing_big_rnd">

                                                            </AbruptStop>
                                                            <EngineRev Sound="trucks/pacific_p16/pacific_p16_rev">

                                                            </EngineRev>
                                                            <EngineTurbo Sound="trucks/pacific_p16/pacific_p16_turbo">

                                                            </EngineTurbo>
                                                            <EngineHeavy Sound="trucks/pacific_p16/pacific_p16_heavy">

                                                            </EngineHeavy>
                                                            <EngineHigh_2d IsSound2D="true" Sound="trucks/pacific_p16/pacific_p16_high_2d">

                                                            </EngineHigh_2d>
                                                            <EngineLow_2d IsSound2D="true" Sound="trucks/pacific_p16/pacific_p16_low_2d">

                                                            </EngineLow_2d>
                                                            <EngineIdle_2d IsSound2D="true" Sound="trucks/pacific_p16/pacific_p16_idle_2d">

                                                            </EngineIdle_2d>
                                                            <EngineStart Sound="trucks/pacific_p16/pacific_p16_start">

                                                            </EngineStart>
                                                            <Handbrake Sound="trucks/pacific_p16/pacific_p16_handbrake_on">

                                                            </Handbrake>
                                                            <BrakeRelease Sound="trucks/pacific_p16/pacific_p16_brake_release">

                                                            </BrakeRelease>
                                                            <Honk Sound="trucks/pacific_p16/pacific_p16_honk">

                                                            </Honk>
                                                            <EngineIdle Sound="trucks/pacific_p16/pacific_p16_idle">

                                                            </EngineIdle>
                                                            <EngineStop Sound="trucks/pacific_p16/pacific_p16_stop">

                                                            </EngineStop>
                                                            <EngineAccel Sound="trucks/pacific_p16/pacific_p16_acc">

                                                            </EngineAccel>
                                                            <BrakesSqueal Sound="trucks/pacific_p16/pacific_p16_brakes_squeal">

                                                            </BrakesSqueal>
                          </Sounds>
                          <GearboxSocket Type="gearboxes_special" Default="g_special_default">

                          </GearboxSocket>
                                                              <Steam Origin="(-0.01; 1.32; 0)">

                                                              </Steam>
                                                              <Steam Scale="0.5" Origin="(3.517; 1.427; 0)" ParentFrame="BoneCabin_cdt">

                                                              </Steam>
                          <Wheels DefaultWheelType="wheels_heavy_double_p16" DefaultTire="offroad_1" DefaultRim="rim_p16">
                                                                    <Wheel Pos="(3.492; 0.702; 1.25)" _template="FrontWheel">

                                                                    </Wheel>
                                                                    <Wheel RightSide="true" Pos="(3.492; 0.702; 1.25)" _template="FrontWheel">

                                                                    </Wheel>
                                                                    <Wheel Pos="(-1.583; 0.702; 1.4)" _template="RearWheel">

                                                                    </Wheel>
                                                                    <Wheel RightSide="true" Pos="(-1.583; 0.702; 1.4)" _template="RearWheel">

                                                                    </Wheel>
                                                                    <Wheel Pos="(-3.366; 0.702; 1.4)" _template="RearWheel">

                                                                    </Wheel>
                                                                    <Wheel RightSide="true" Pos="(-3.366; 0.702; 1.4)" _template="RearWheel">

                                                                    </Wheel>
                          </Wheels>
                          <WinchUpgradeSocket Type="winches_heavy_trucks" Default="w_heavy_trucks_default" IsUpgradable="true">

                          </WinchUpgradeSocket>
                          <SteeringRack Frame="BoneRack" RackHalfSizeZ="0.797" FrameSteerLeft="BoneRackLeft" FrameSteerRight="BoneRackRight">

                          </SteeringRack>
                          <SteeringWheel Frame="BoneSteering">

                          </SteeringWheel>
                          <SoundsWheels _template="Default">

                          </SoundsWheels>
                          <Damage ParentFrame="BoneCabin_cdt" SensationMax="(2.24; 2.945; 0.949)" Capacity="600" SensationMin="(0.412; 2.204; -0.949)">
                                                                            <DamageArea Min="(2; 0.5; -0.8)" ParentFrame="BoneCabin_cdt" Max="(4.5; 2.5; 0.8)" Type="Engine">

                                                                            </DamageArea>
                          </Damage>
                          <Shafts>
                                                                                <Shaft SocketPointA="Shaft1a" SocketPointB="Shaft1b">

                                                                                </Shaft>
                                                                                <Shaft SocketPointA="Shaft2a" SocketPointB="Shaft2b">

                                                                                </Shaft>
                          </Shafts>
        </TruckData>
  </Truck>