  <_templates Include="trucks">
      <Wheel>
          <RearWheel Location="rear" ConnectedToHandbrake="true" Torque="default">

          </RearWheel>
          <FrontWheel SteeringAngle="40" Location="front" ParentFrame="BoneCabin_cdt" Torque="full" SteeringCastor="8">

          </FrontWheel>
      </Wheel>
      <Body>
            <Mudguard Mass="10" Collisions="None">
                <Constraint Type="Hinge">
                    <Motor Spring="10" Damping="1" Type="Spring">

                    </Motor>
                </Constraint>
            </Mudguard>
      </Body>
  </_templates>
  <Truck>
        <HeadLight Pos="(3.65; 1.709; 0)" ParentFrame="BoneCabin_cdt" _template="Default">

        </HeadLight>
        <GameData UnlockByExploration="false" Price="104400" UnlockByRank="1" Country="US">
              <CustomizationCameras>
                    <CameraPos Name="roof_sticker" InterestPosition="(4.198; 3.026; -0.711)" Position="(6.864; 6.697; -0.206)" Interior="true" FOV="32.0">

                    </CameraPos>
                    <CameraPos Name="sticker_1" InterestPosition="(5.837; 1.41; -0.13)" Position="(4.272; 3.475; -0.306)" Interior="true" FOV="32.0">

                    </CameraPos>
                    <CameraPos MaxYRotation="360" MaxZoom="2" Name="addon_1" InterestPosition="(-1.197; 1.973; -0)" Position="(-10.159; 3.873; 4.75)" MaxXRotation="360" FOV="32.0">

                    </CameraPos>
                    <CameraPos MaxYRotation="360" MaxZoom="2" Name="addon_2" InterestPosition="(3.194; 1.807; 0)" Position="(-8.093; 2.337; -6.718)" MaxXRotation="360" FOV="32.0">

                    </CameraPos>
                    <CameraPos Name="mirror_mount" InterestPosition="(6.909; 3.307; 1.585)" Position="(3.793; 3.494; -0.589)" Interior="true" FOV="32.0">

                    </CameraPos>
                    <CameraPos MaxYRotation="360" MaxZoom="2" Name="side_r" InterestPosition="(4.162; 2.38; -0)" Position="(-0.456; 4.808; -4.392)" MaxXRotation="360" FOV="32.0">

                    </CameraPos>
                    <CameraPos Name="sticker" InterestPosition="(6.813; 1.734; 2.098)" Position="(4.019; 3.259; -0.073)" Interior="true" FOV="32.0">

                    </CameraPos>
                    <CameraPos Name="glass_sticker" InterestPosition="(4.751; 3.289; -0.899)" Position="(7.967; 3.966; 0.691)" Interior="true" FOV="32.0">

                    </CameraPos>
                    <CameraPos Name="door_r_sticker" InterestPosition="(5.718; 2.217; 0.353)" Position="(3.192; 3.123; 2.922)" Interior="true" FOV="32.0">

                    </CameraPos>
                    <CameraPos MaxYRotation="360" MaxZoom="2" Name="roof" InterestPosition="(4.758; 2.358; -0)" Position="(10.787; 4.806; -3.717)" MaxXRotation="360" FOV="32.0">

                    </CameraPos>
                    <CameraPos Name="capote_sticker" InterestPosition="(6.381; 2.539; -0.773)" Position="(9.121; 5.87; -0.304)" Interior="true" FOV="32.0">

                    </CameraPos>
                    <CameraPos MaxYRotation="360" MaxZoom="2" Name="hoods" InterestPosition="(5.997; 1.735; 0)" Position="(13.57; 1.44; -3.425)" MaxXRotation="360" FOV="32.0">

                    </CameraPos>
                    <CameraPos Name="sticker_2" InterestPosition="(6.662; 0.61; 1.935)" Position="(5.221; 1.595; 0.03)" Interior="true" FOV="32.0">

                    </CameraPos>
                    <CameraPos MaxYRotation="360" MaxZoom="2" Name="side_l" InterestPosition="(6.27; 2.278; 0)" Position="(11.866; 5.284; -4.55)" MaxXRotation="360" FOV="32.0">

                    </CameraPos>
                    <CameraPos Name="bubble_head" InterestPosition="(6.909; 1.953; 1.748)" Position="(4.212; 3.341; -0.485)" Interior="true" FOV="32.0">

                    </CameraPos>
                    <CameraPos MaxYRotation="360" MaxZoom="2" Name="wheels" InterestPosition="(4.806; 0.522; -0)" Position="(8.486; 2.14; -5.7)" MaxXRotation="360" FOV="32.0">

                    </CameraPos>
                    <CameraPos MaxYRotation="360" MaxZoom="2" Name="default" InterestPosition="(5.997; 1.735; 0)" Position="(13.57; 1.44; -3.425)" MaxXRotation="360" FOV="32.0">

                    </CameraPos>
                    <CameraPos MaxYRotation="360" MaxZoom="2" Name="rear" InterestPosition="(3.751; 2.322; 0)" Position="(-1.114; 4.362; 3.504)" MaxXRotation="360" FOV="32.0">

                    </CameraPos>
                    <CameraPos Name="door_l_sticker" InterestPosition="(3.756; 2.364; -0.058)" Position="(3.199; 3.144; -2.926)" Interior="true" FOV="32.0">

                    </CameraPos>
                    <CameraPos Name="hood_ornament" InterestPosition="(8.111; 3.237; -2.051)" Position="(9.162; 3.553; -2.051)" Interior="true" FOV="32.0">

                    </CameraPos>
              </CustomizationCameras>
              <UiDesc UiName="UI_VEHICLE_PACIFIC_P12W_NAME" UiDesc="UI_VEHICLE_PACIFIC_P12W_DESC" UiIconLogo="PacificLogo80" UiIcon40x40="heavyVehicleImg" UiIcon30x30="heavyVehicleImg30" UiIcon328x458="shopImgPacificP12w">

              </UiDesc>
                    <AddonSockets>
                      <Socket ParentFrame="BoneChassis_cdt" Offset="(-0.1; 0; 0)" Names="PacificP12wSpareWheel" NamesBlock="PacificP12WCabinProtector">
                          <ExtraParent Frame="BoneCabin_cdt">

                          </ExtraParent>
                      </Socket>
                    </AddonSockets>
                    <AddonSockets>
                        <Socket Offset="(-4.641; 2.15; 0)" Names="LargeSemitrailer, LargeSemitrailerOiltank">

                        </Socket>
                        <Socket Offset="(-6.94; 1.35; 0)" Names="Trailer">

                        </Socket>
                    </AddonSockets>
                    <AddonSockets DefaultAddon="pacific_p12w_bumper_default">
                      <Socket Offset="(0; 0; 0)" Names="PacificP12Bumper" ParentFrame="BoneCabin_cdt">

                      </Socket>
                    </AddonSockets>
                    <AddonSockets>
                      <Socket Offset="(0.129; 1.821; 0)" Names="LogLift" NamesBlock="BigCraneUs, MetalDetector, FrameAddonTank, FrameAddonMaintainerBig, FrameAddonLogShort">
                            <AddonsShift Offset="(-1.5; 0; 0)" Types="PacificP12wSpareWheel">

                            </AddonsShift>
                            <AddonsShift Offset="(-0.9; 0; 0)" Types="PacificP12WCabinProtector">

                            </AddonsShift>
                      </Socket>
                    </AddonSockets>
                    <AddonSockets>
                        <Socket Offset="(-8.094; 1.825; 0)" Names="BunkLog">

                        </Socket>
                        <Socket Offset="(-3.7; 1.821; 0)" Names="FrameAddonLogShort" NamesBlock="MetalDetector">

                        </Socket>
                        <Socket Offset="(-2.7; 1.821; 0)" Names="FrameAddonLogMedium" NamesBlock="MetalDetector, LogLift">
                            <AddonsShift Offset="(-0.43; 0; 0)" Types="PacificP12WCabinProtector">

                            </AddonsShift>
                            <AddonsShift Offset="(-1; 0; 0)" Types="PacificP12wSpareWheel">

                            </AddonsShift>
                        </Socket>
                        <Socket Offset="(-4.641; 1.821; 0)" Names="SaddleHigh1">

                        </Socket>
                        <Socket Offset="(-4.36; 1.82; 0)" Names="FrameAddonTank">
                          <AddonsShift Offset="(-0.5; 0; 0)" Types="PacificP12wSpareWheel">

                          </AddonsShift>
                        </Socket>
                        <Socket Offset="(-2.8; 1.82; 0)" Names="FrameAddonTowPlatform" NamesBlock="LogLift, MetalDetector, PacificP12wSpareWheel, Trailer">

                        </Socket>
                        <Socket Offset="(0; 1.82; 0)" Names="FrameAddonMaintainerBig" NamesBlock="PacificP12wSpareWheel, Trailer, PacificP12WCabinProtector">

                        </Socket>
                        <Socket Offset="(-3.064; 1.921; 0)" Names="BigCraneUs" NamesBlock="MetalDetector, PacificP12wSpareWheel, PacificP12WCabinProtector">
                            <ExtraParent Offset="(0; -0.1; 0)" Frame="BoneChassis_cdt">

                            </ExtraParent>
                            <ExtraParent Offset="(0; -0.1; 0)" Frame="BoneChassis_cdt">

                            </ExtraParent>
                        </Socket>
                    </AddonSockets>
                    <AddonSockets DefaultAddon="pacific_p12w_horn_default">
                      <Socket ParentFrame="BoneCabin_cdt" Offset="(0; 0; 0)" Names="PacificP12wHorn" NamesBlock="PacificP12WSpotLight">

                      </Socket>
                    </AddonSockets>
                    <AddonSockets DefaultAddon="pacific_p12w_gabarite_default">
                      <Socket Offset="(0; 0; 0)" Names="PacificP12wGabarite" ParentFrame="BoneCabin_cdt">

                      </Socket>
                    </AddonSockets>
                    <AddonSockets DefaultAddon="pacific_p12w_exhaust_default">
                      <Socket Offset="(0; 0; 0)" Names="PacificP12wExhaust" ParentFrame="BoneCabin_cdt">

                      </Socket>
                    </AddonSockets>
                    <AddonSockets>
                      <Socket Offset="(0; 0; 0)" Names="PacificP12WCabinProtector" ParentFrame="BoneCabin_cdt">

                      </Socket>
                    </AddonSockets>
                    <AddonSockets>
                        <Socket Offset="(0; 0; 0)" Names="PacificP12WSpotLight" ParentFrame="BoneCabin_cdt">

                        </Socket>
                        <Socket Offset="(0; 0; 0)" Names="PacificP12WBeacon" ParentFrame="BoneCabin_cdt">

                        </Socket>
                    </AddonSockets>
                    <AddonSockets>
                      <Socket ParentFrame="BoneChassis_cdt" Offset="(-1.997; 0.768; 0)" Names="MetalDetector" NamesBlock="BunkLog, FrameAddonTank, FrameAddonMaintainerBig">

                      </Socket>
                    </AddonSockets>
                    <AddonSockets>
                      <Socket ParentFrame="BoneCabin_cdt" Offset="(1.817; 2.994; 0.141)" Names="StuffDashboard" InCockpit="true">

                      </Socket>
                    </AddonSockets>
                    <AddonSockets>
                      <Socket ParentFrame="BoneCabin_cdt" Names="pacificP12WSticker_1x1_01" InCockpit="true">

                      </Socket>
                    </AddonSockets>
                    <AddonSockets>
                      <Socket ParentFrame="BoneCabin_cdt" Names="pacificP12WSticker_1x1_02" InCockpit="true">

                      </Socket>
                    </AddonSockets>
                    <AddonSockets>
                      <Socket ParentFrame="BoneCabin_cdt" Names="pacificP12WSticker_1x1_03" InCockpit="true">

                      </Socket>
                    </AddonSockets>
                    <AddonSockets>
                      <Socket ParentFrame="BoneCabin_cdt" Names="pacificP12WSticker_1x2_01" InCockpit="true">

                      </Socket>
                    </AddonSockets>
                    <AddonSockets>
                      <Socket ParentFrame="BoneCabin_cdt" Names="pacificP12WSticker_1x2_02" InCockpit="true">

                      </Socket>
                    </AddonSockets>
                    <AddonSockets>
                      <Socket ParentFrame="BoneCabin_cdt" Names="pacificP12WSticker_1x2_03" InCockpit="true">

                      </Socket>
                    </AddonSockets>
                    <AddonSockets>
                      <Socket ParentFrame="BoneCabin_cdt" Names="pacificP12WSticker_GlassTop" InCockpit="true">

                      </Socket>
                    </AddonSockets>
                    <AddonSockets>
                      <Socket ParentFrame="BoneCabin_cdt" Names="pacificP12WSticker_GlassBottom" InCockpit="true">

                      </Socket>
                    </AddonSockets>
                    <AddonSockets>
                      <Socket Names="pacificP12WSticker_Door_R" ParentFrame="BoneCabin_cdt">

                      </Socket>
                    </AddonSockets>
                    <AddonSockets>
                      <Socket Names="pacificP12WSticker_Door_L" ParentFrame="BoneCabin_cdt">

                      </Socket>
                    </AddonSockets>
                    <AddonSockets>
                      <Socket Names="pacificP12WSticker_Roof" ParentFrame="BoneCabin_cdt">

                      </Socket>
                    </AddonSockets>
                    <AddonSockets>
                      <Socket Names="pacificP12WSticker_Capote" ParentFrame="BoneCabin_cdt">

                      </Socket>
                    </AddonSockets>
                    <AddonSockets>
                      <Socket ParentFrame="BoneCabin_cdt" Offset="(1.61; 3.65; 0.232)" Names="StuffAirfreshener" InCockpit="true">

                      </Socket>
                    </AddonSockets>
                    <AddonSockets>
                      <Socket Names="StuffHoodPacificP12W" ParentFrame="BoneCabin_cdt">

                      </Socket>
                    </AddonSockets>
                      <CraneSocket Pos="(4.3; 1.097; 1.105)" ParentFrame="BoneCabin_cdt">

                      </CraneSocket>
                      <CraneSocket Pos="(4.3; 1.097; -1.105)" ParentFrame="BoneCabin_cdt">

                      </CraneSocket>
                      <CraneSocket Pos="(-6.875; 1.367; 0)">

                      </CraneSocket>
                      <CraneSocket Pos="(-0.827; 1.674; 0.534)">

                      </CraneSocket>
                      <CraneSocket Pos="(-0.827; 1.674; -0.534)">

                      </CraneSocket>
                        <WinchSocket Pos="(4.3; 1.097; 1.105)" ParentFrame="BoneCabin_cdt">

                        </WinchSocket>
                        <WinchSocket Pos="(4.3; 1.097; -1.105)" ParentFrame="BoneCabin_cdt">

                        </WinchSocket>
                        <WinchSocket Pos="(-6.875; 1.367; 0)">

                        </WinchSocket>
                        <WinchSocket Pos="(-0.827; 1.674; 0.534)">

                        </WinchSocket>
                        <WinchSocket Pos="(-0.827; 1.674; -0.534)">

                        </WinchSocket>
        </GameData>
        <PhysicsModel Mesh="trucks/pacific_p12w">
                <Body NetSync="pv" CenterOfMassOffset="(-0.5; 0; 0)" ModelFrame="BoneChassis_cdt" Mass="15000" ImpactType="Truck">
                    <Body NetSync="pv" CenterOfMassOffset="(0.8; -0.1; 0)" ModelFrame="BoneCabin_cdt" Mass="10000" ImpactType="Truck">
                        <Constraint Type="Hinge" MaxLimit="22" AxisLocal="(1; 0; 0)" MinLimit="-22" PivotOffset="(0; 0; 0)">
                            <Motor Spring="4000000" Damping="0.001" Type="Spring">

                            </Motor>
                        </Constraint>
                            <Body ModelFrame="BoneRadioWireHinge_cdt" Mass=".2" Collisions="None">
                              <Constraint Type="Hinge" MaxLimit="50" AxisLocal="(1; 0; 0)" MinLimit="-50">
                                  <Motor Spring=".2" Damping=".5" Type="Spring">

                                  </Motor>
                              </Constraint>
                              <Body ModelFrame="BoneRadioWireFixed_cdt" Mass=".2" Collisions="None">
                                    <Constraint Type="Fixed" LinearLimitsY="(0;0)" LinearLimitsX="(-.2;.2)" LinearLimitsZ="(0;0)">
                                        <Motor Spring="15" Damping=".3" Type="Spring">

                                        </Motor>
                                    </Constraint>
                              </Body>
                            </Body>
                            <Body ModelFrame="BoneTieRod_cdt" _template="TieRod">
                              <Constraint MaxLimit="25" AxisLocal="(0; 0; 1)" MinLimit="-25" Name="TieRodSteer">

                              </Constraint>
                            </Body>
                            <Body ModelFrame="BoneStickMirrorLeft_cdt" Mass="10" ImpactType="Truck">
                              <Constraint Type="Ragdoll" PlaneMin="-15" PlaneMax="15" TwistAxisLocal="(0; 1; 0)" Cone="4.5" PlaneAxisLocal="(1; 0; 1)">
                                  <AllMotor Spring="500" Damping="4" Type="Spring">

                                  </AllMotor>
                              </Constraint>
                            </Body>
                            <Body ModelFrame="BoneStickMirrorRight_cdt" Mass="10" ImpactType="Truck">
                              <Constraint Type="Ragdoll" PlaneMin="-15" PlaneMax="15" TwistAxisLocal="(0; 1; 0)" Cone="4.5" PlaneAxisLocal="(1; 0; 1)">
                                  <AllMotor Spring="500" Damping="4" Type="Spring">

                                  </AllMotor>
                              </Constraint>
                            </Body>
                            <Body ModelFrame="BoneLeftMudguard_cdt" _template="Mudguard">
                              <Constraint MinLimit="-30" MaxLimit="10" AxisLocal="(0; 0; 1)">

                              </Constraint>
                            </Body>
                            <Body ModelFrame="BoneRightMudguard_cdt" _template="Mudguard">
                              <Constraint MinLimit="-70" MaxLimit="10" AxisLocal="(0; 0; 1)">

                              </Constraint>
                            </Body>
                    </Body>
                </Body>
                <NetSync Legacy="false">

                </NetSync>
        </PhysicsModel>
        <ControlledConstraints>
                  <Constraint IsLinkedSteering="true" Id="chassis_steer" Name="TieRodSteer">

                  </Constraint>
        </ControlledConstraints>
                  <Snorkel Origin="(2.251; 2.619; 1.244)">

                  </Snorkel>
                  <Snorkel Origin="(2.251; 2.619; 1.244)">

                  </Snorkel>
        <AutomaticIK>
                      <IKBone ParentFrame="BoneTieRod_cdt" ModelFrame="BoneTieRodHinge2">
                          <IKJoint Type="Hinge2" AxisLocal="(1; 0; 0)">

                          </IKJoint>
                          <IKBone AttachToFrame="BoneRackLeft" AttachOffset="(0; 0; 0)" ModelFrame="BoneTieRodPrismatic">
                                <IKJoint Type="Slider" AxisLocal="(1; 0; 0)">

                                </IKJoint>
                          </IKBone>
                      </IKBone>
        </AutomaticIK>
        <Landmark MaxScale="3.5" Mesh="landmarks/pacific_p12w_lmk" MinScale="1.8">

        </Landmark>
        <ModelAttachments>
                          <HeadLight>
                                <Flare Pos="(3.65; 1.709; 1.317)" _template="HeadLight" ParentFrame="BoneCabin_cdt" Color="g(255; 235; 200) x 0.7" Size=".3" DirAngle="120">

                                </Flare>
                                <Flare Pos="(3.65; 1.709; -1.317)" _template="HeadLight" ParentFrame="BoneCabin_cdt" Color="g(255; 235; 200) x 0.7" Size=".3" DirAngle="120">

                                </Flare>
                                <Flare Pos="(3.711; 1.709; 1.317)" ParentFrame="BoneCabin_cdt" _template="BlueStreak">

                                </Flare>
                                <Flare Pos="(3.711; 1.709; -1.317)" ParentFrame="BoneCabin_cdt" _template="BlueStreak">

                                </Flare>
                                  <Model Org="(3.65; 1.709; 1.317)" ParentFrame="BoneCabin_cdt" _template="HeadLightRay">

                                  </Model>
                                  <Model Org="(3.65; 1.709; -1.317)" ParentFrame="BoneCabin_cdt" _template="HeadLightRay">

                                  </Model>
                          </HeadLight>
                          <StopSignals>
                                <Light Pos="(-7.6; 1.142; 0)" _template="StopSignal">

                                </Light>
                                    <Flare Pos="(-6.521; 1.142; -0.34)" Size="1" _template="StopSignal">

                                    </Flare>
                                    <Flare Pos="(-6.521; 1.142; 0.34)" Size="1" _template="StopSignal">

                                    </Flare>
                          </StopSignals>
                          <Ignition>
                                    <Light Pos="(4.55; 1.013; 1.1)" _template="IgnitionSignalWhite">

                                    </Light>
                                    <Light Pos="(4.55; 1.013; -1.1)" _template="IgnitionSignalWhite">

                                    </Light>
                                    <Light Pos="(-6.3; 1.025; -0)" _template="IgnitionSignalRed">

                                    </Light>
                                      <Flare Pos="(3.789; 2.101; -1.457)" _template="Beacon" Color="g(255; 174; 0) x 0.22" Size="0.4" ParentFrame="BoneCabin_cdt">

                                      </Flare>
                                      <Flare Pos="(3.789; 2.101; 1.457)" _template="Beacon" Color="g(255; 174; 0) x 0.22" Size="0.4" ParentFrame="BoneCabin_cdt">

                                      </Flare>
                                      <Flare Pos="(3.7; 1.711; 1.027)" _template="IgnitionSignalWhite" ParentFrame="BoneCabin_cdt" DirAngle="90">

                                      </Flare>
                                      <Flare Pos="(3.7; 1.711; -1.027)" _template="IgnitionSignalWhite" ParentFrame="BoneCabin_cdt" DirAngle="90">

                                      </Flare>
                                      <Flare Pos="(3.7; 1.709; 1.317)" _template="IgnitionSignalWhite" ParentFrame="BoneCabin_cdt" DirAngle="90">

                                      </Flare>
                                      <Flare Pos="(3.7; 1.709; -1.317)" _template="IgnitionSignalWhite" ParentFrame="BoneCabin_cdt" DirAngle="90">

                                      </Flare>
                                      <Flare Pos="(-6.521; 1.142; -0.34)" _template="IgnitionSignalRed" Color="g(169; 0; 0) x 0.8" Size="0.15">

                                      </Flare>
                                      <Flare Pos="(-6.521; 1.142; 0.34)" _template="IgnitionSignalRed" Color="g(169; 0; 0) x 0.8" Size="0.15">

                                      </Flare>
                          </Ignition>
                          <ReverseSignals>
                                    <Light Pos="(-7.6; 1.142; 0)" _template="ReverseSignal">

                                    </Light>
                                        <Flare Pos="(-6.521; 1.142; -0.34)" Size="0.4" _template="ReverseSignal">

                                        </Flare>
                                        <Flare Pos="(-6.521; 1.142; 0.34)" Size="0.4" _template="ReverseSignal">

                                        </Flare>
                                        <Flare Pos="(-6.521; 1.142; -0.34)" Dir="(-1; 0; 0)" _template="BlueStreak" Color="g(220; 220; 255) x 0.05" Size="0.4">

                                        </Flare>
                                        <Flare Pos="(-6.521; 1.142; 0.34)" Dir="(-1; 0; 0)" _template="BlueStreak" Color="g(220; 220; 255) x 0.05" Size="0.4">

                                        </Flare>
                          </ReverseSignals>
        </ModelAttachments>
        <TruckData SteerSpeed="0.02" EngineStartDelay="0.8" EngineIconMesh="env/engine_default" TruckType="HEAVY" Responsiveness="0.15" BackSteerSpeed="0.01" TruckImage="pacificP1mchr" FuelCapacity="350" DiffLockType="Always" ExhaustStartTime="0.9" EngineIconScale="1.6">
                            <Driver Pos="(1.027; 2.59; 0.466)" ParentFrame="BoneCabin_cdt" AnimationSet="HeavyTruck" SteeringWheelPos="(1.413; 2.935; 0.467)">

                            </Driver>
                            <SoundsDamage _template="Heavy">

                            </SoundsDamage>
                            <OcclusionMap HalfSizeZ="2" MinX="-7" MaxX="4.5">

                            </OcclusionMap>
                            <FuelTank DamageCapacity="50">

                            </FuelTank>
                            <Intake Size="1.2" Dir="(1; 0; 0)" Origin="(3.91; 2.13; 0)">

                            </Intake>
                            <EngineSocket Type="e_us_truck_old_heavy" Default="us_truck_old_heavy_engine_0">

                            </EngineSocket>
                            <SuspensionSocket Type="s_pacific_p12w" MaxWheelRadiusWithoutSuspension="0.8" Default="pacific_p12w_suspension_default">

                            </SuspensionSocket>
                            <Dashboard>
                                                <Gauge InputType="speed" Dir="(-0.966; 0.259; 0)" Org="(1.639; 2.854; 0.396)" Mesh="trucks/arrows/pacific_p12w_arrow_1" InputRange="(0;130)" OutputAngles="(-120; 120)">

                                                </Gauge>
                                                <Gauge InputRange="(0;1)" Dir="(-0.966; 0.259; 0)" InputType="rpm" Org="(1.639; 2.854; 0.536)" Damping="0.99" Mesh="trucks/arrows/pacific_p12w_arrow_1" OutputAngles="(-120; 120)">

                                                </Gauge>
                                                <Gauge InputRange="(0;1)" Dir="(-0.951; 0.255; -0.175)" InputType="engineEnabled" Org="(1.641; 2.881; 0.666)" Damping="0.99" Mesh="trucks/arrows/pacific_p12w_arrow_2" OutputAngles="(-130; -50)">

                                                </Gauge>
                                                <Gauge InputRange="(0;1)" Dir="(-0.951; 0.255; -0.175)" InputType="engineEnabled" Org="(1.63; 2.884; 0.734)" Damping="0.99" Mesh="trucks/arrows/pacific_p12w_arrow_2" OutputAngles="(-132; -90)">

                                                </Gauge>
                                                <Gauge InputRange="(0;1)" Dir="(-0.951; 0.255; -0.177)" InputType="engineEnabled" Org="(1.648; 2.954; 0.735)" Damping="0.99" Mesh="trucks/arrows/pacific_p12w_arrow_5" OutputAngles="(-114; 16)">

                                                </Gauge>
                                                <Gauge InputRange="(0;1)" Dir="(-0.951; 0.255; -0.177)" InputType="engineEnabled" Org="(1.66; 2.951; 0.667)" Damping="0.99" Mesh="trucks/arrows/pacific_p12w_arrow_5" OutputAngles="(-114; -7)">

                                                </Gauge>
                                                <Gauge InputRange="(0;1)" Dir="(-0.966; 0.258; -0.006)" InputType="engineEnabled" Org="(1.666; 2.949; 0.590)" Damping="0.99" Mesh="trucks/arrows/pacific_p12w_arrow_4" OutputAngles="(-149; 34)">

                                                </Gauge>
                                                <Gauge InputRange="(0;1)" Dir="(-0.966; 0.258; -0.006)" InputType="engineEnabled" Org="(1.667; 2.949; 0.51)" Damping="0.99" Mesh="trucks/arrows/pacific_p12w_arrow_4" OutputAngles="(-133; 10)">

                                                </Gauge>
                                                <Gauge InputRange="(0;1)" Dir="(-0.966; 0.258; -0.006)" InputType="engineEnabled" Org="(1.667; 2.949; 0.417)" Damping="0.99" Mesh="trucks/arrows/pacific_p12w_arrow_4" OutputAngles="(-133; 15)">

                                                </Gauge>
                                                <Gauge InputRange="(0;1)" Dir="(-0.966; 0.258; -0.006)" InputType="fuel" Org="(1.668; 2.949; 0.336)" Damping="0.99" Mesh="trucks/arrows/pacific_p12w_arrow_4" OutputAngles="(-57; 54)">

                                                </Gauge>
                                                <Gauge InputRange="(0;1)" Dir="(-0.941; 0.252; 0.227)" InputType="engineEnabled" Org="(1.657; 2.952; 0.249)" Damping="0.99" Mesh="trucks/arrows/pacific_p12w_arrow_3" OutputAngles="(-152; -44)">

                                                </Gauge>
                                                <Gauge InputRange="(0;1)" Dir="(-0.941; 0.252; 0.227)" InputType="engineEnabled" Org="(1.642; 2.956; 0.18)" Damping="0.99" Mesh="trucks/arrows/pacific_p12w_arrow_3" OutputAngles="(-152; -127)">

                                                </Gauge>
                                                <Gauge InputRange="(0;1)" Dir="(-0.941; 0.252; 0.227)" InputType="engineEnabled" Org="(1.627; 2.96; 0.114)" Damping="0.99" Mesh="trucks/arrows/pacific_p12w_arrow_3" OutputAngles="(-153; -101)">

                                                </Gauge>
                                                <Gauge InputRange="(0;1)" Dir="(-0.941; 0.252; 0.227)" InputType="engineEnabled" Org="(1.611; 2.964; 0.046)" Damping="0.99" Mesh="trucks/arrows/pacific_p12w_arrow_3" OutputAngles="(-153; -15)">

                                                </Gauge>
                            </Dashboard>
                            <Axles>
                                                  <Axle Frame="BoneAxleFront">

                                                  </Axle>
                                                  <Axle Frame="BoneAxleRear1">

                                                  </Axle>
                                                  <Axle Frame="BoneAxleRear2">

                                                  </Axle>
                            </Axles>
                            <Camera Center="(-2.5; 0; 0)" ParentFrame="BoneCabin_cdt">
                                                  <Cockpit WindshieldDiffuseTexture="trucks/pacific_p12w_glass__d_a.tga" _template="Default" WindshieldShadingTexture="trucks/pacific_p12w_glass__sh_d.tga" ViewPos="(1; 3.3; 0.466)">
                                                        <Mirror FOVScale="2" ClipDir="(-0.864; -0.085; -0.496)" MeshFrame="mirror_left" Pos="(1.854; 3.149; 1.986)" Size="(0.184; 0.482)" ClipOffset="0.1">

                                                        </Mirror>
                                                        <Mirror FOVScale="2.4" ClipDir="(-0.806; -0.057; 0.589)" MeshFrame="mirror_right" Pos="(1.87; 3.149; -1.985)" Size="(0.184; 0.482)" ClipOffset="0.1">

                                                        </Mirror>
                                                  </Cockpit>
                            </Camera>
                                                  <CompatibleWheels Type="wheels_heavy_offroad_p12" Scale="0.73" OffsetZ="0">

                                                  </CompatibleWheels>
                                                  <CompatibleWheels Type="wheels_heavy_double2" Scale="0.73" OffsetZ=".0">

                                                  </CompatibleWheels>
                                                  <CompatibleWheels Type="wheels_heavy_single" Scale="0.73" OffsetZ="-0.1">

                                                  </CompatibleWheels>
                                                    <LimitedFluid SizeX="1.522" Center="(0.603; 1.193; 1.065)" Type="Box" SizeZ="0.620" SizeY="0.754">

                                                    </LimitedFluid>
                                                    <LimitedFluid SizeX="1.522" Center="(-0.382; 1.193; -1.065)" Type="Box" SizeZ="0.620" SizeY="0.754">

                                                    </LimitedFluid>
                            <Sounds ParentFrame="BoneCabin_cdt" _template="Default" AirHissInterval="12.0" MinDist="15.0" Origin="(2.55; 2.3; 0)" DisableReversePitch="true">
                                                        <Reverse Sound="trucks/ws_6900xd_twin/ws_6900xd_twin_back_beeper">

                                                        </Reverse>
                                                        <EngineHeavy_2d IsSound2D="true" Sound="trucks/pacific_p12w/pacific_p12w_heavy_2d">

                                                        </EngineHeavy_2d>
                                                        <EngineLow Sound="trucks/pacific_p12w/pacific_p12w_low">

                                                        </EngineLow>
                                                        <BrakePull Sound="trucks/pacific_p12w/pacific_p12w_brake_pull">

                                                        </BrakePull>
                                                        <EngineHigh Sound="trucks/pacific_p12w/pacific_p12w_high">

                                                        </EngineHigh>
                                                        <EngineRev Sound="trucks/pacific_p12w/pacific_p12w_rev">

                                                        </EngineRev>
                                                        <AbruptStop Sound="trucks/common/truck_swing_big_rnd_set/truck_swing_big_rnd">

                                                        </AbruptStop>
                                                        <EngineHigh_2d IsSound2D="true" Sound="trucks/pacific_p12w/pacific_p12w_high_2d">

                                                        </EngineHigh_2d>
                                                        <EngineHeavy Sound="trucks/pacific_p12w/pacific_p12w_heavy">

                                                        </EngineHeavy>
                                                        <EngineIdle_2d IsSound2D="true" Sound="trucks/pacific_p12w/pacific_p12w_idle_2d">

                                                        </EngineIdle_2d>
                                                        <EngineStart Sound="trucks/pacific_p12w/pacific_p12w_start">

                                                        </EngineStart>
                                                        <EngineIdle Sound="trucks/pacific_p12w/pacific_p12w_idle">

                                                        </EngineIdle>
                                                        <Honk Sound="trucks/pacific_p12w/pacific_p12w_honk">

                                                        </Honk>
                                                        <EngineLow_2d IsSound2D="true" Sound="trucks/pacific_p12w/pacific_p12w_low_2d">

                                                        </EngineLow_2d>
                                                        <BrakeRelease Sound="trucks/pacific_p12w/pacific_p12w_brake_release">

                                                        </BrakeRelease>
                                                        <EngineStop Sound="trucks/pacific_p12w/pacific_p12w_stop">

                                                        </EngineStop>
                                                        <BrakesSqueal Sound="trucks/pacific_p12w/pacific_p12w_brakes_squeal">

                                                        </BrakesSqueal>
                                                        <EngineAccel Sound="trucks/pacific_p12w/pacific_p12w_acc">

                                                        </EngineAccel>
                            </Sounds>
                            <Wheels DefaultWheelType="wheels_heavy_offroad_p12" DefaultTire="allterrain" DefaultRim="rim">
                                                            <Wheel Pos="(2.72; 0.788; 1.25)" _template="FrontWheel">

                                                            </Wheel>
                                                            <Wheel RightSide="true" Pos="(2.72; 0.788; 1.25)" _template="FrontWheel">

                                                            </Wheel>
                                                            <Wheel Pos="(-3.678; 0.787; 1.15)" _template="RearWheel">

                                                            </Wheel>
                                                            <Wheel RightSide="true" Pos="(-3.678; 0.787; 1.15)" _template="RearWheel">

                                                            </Wheel>
                                                            <Wheel Pos="(-5.606; 0.787; 1.15)" _template="RearWheel">

                                                            </Wheel>
                                                            <Wheel RightSide="true" Pos="(-5.606; 0.787; 1.15)" _template="RearWheel">

                                                            </Wheel>
                            </Wheels>
                                                          <Steam Origin="(0.62; 1.744; 0)" ParentFrame="BoneCabin_cdt">

                                                          </Steam>
                                                          <Steam Scale="0.5" Origin="(3.795; 2.221; 0)" ParentFrame="BoneCabin_cdt">

                                                          </Steam>
                            <GearboxSocket Type="gearboxes_special" Default="g_special_default">

                            </GearboxSocket>
                            <WinchUpgradeSocket Type="winches_heavy_trucks" Default="w_heavy_trucks_default" IsUpgradable="true">

                            </WinchUpgradeSocket>
                            <SteeringRack Frame="BoneRack" RackHalfSizeZ="1.013" FrameSteerLeft="BoneRackLeft" FrameSteerRight="BoneRackRight">

                            </SteeringRack>
                            <SteeringWheel Frame="BoneSteering">

                            </SteeringWheel>
                            <SoundsWheels _template="Default">

                            </SoundsWheels>
                            <Damage ParentFrame="BoneCabin_cdt" SensationMax="(2.24; 2.945; 0.949)" Capacity="600" SensationMin="(0.412; 2.204; -0.949)">
                                                                          <DamageArea Min="(2; 1.5; -0.9)" ParentFrame="BoneCabin_cdt" Max="(3.9; 2.9; 0.9)" Type="Engine">

                                                                          </DamageArea>
                                                                          <DamageArea Min="(-1.2; 0.8; -1.4)" ParentFrame="BoneCabin_cdt" Max="(1.4; 1.6; 1.4)" Type="FuelTank">

                                                                          </DamageArea>
                            </Damage>
                            <Shafts>
                                                                            <Shaft SocketPointA="Shaft1a" SocketPointB="Shaft1b">

                                                                            </Shaft>
                                                                            <Shaft SocketPointA="Shaft2a" SocketPointB="Shaft2b">

                                                                            </Shaft>
                                                                            <Shaft SocketPointA="Shaft3a" SocketPointB="Shaft3b">

                                                                            </Shaft>
                                                                            <Shaft SocketPointA="Shaft4a" SocketPointB="Shaft4b">

                                                                            </Shaft>
                                                                            <Shaft SocketPointA="Shaft5a" SocketPointB="Shaft5b">

                                                                            </Shaft>
                                                                            <Shaft SocketPointA="Shaft6a" SocketPointB="Shaft6b">

                                                                            </Shaft>
                            </Shafts>
        </TruckData>
  </Truck>