  <_templates Include="trucks">
      <Wheel>
          <RearWheel Location="rear" ConnectedToHandbrake="true" Torque="default">

          </RearWheel>
          <FrontWheel ParentFrame="BoneCabin_cdt" SteeringAngle="37" Location="front" SteeringJointOffset="0.2" Torque="full" SteeringCastor="8">

          </FrontWheel>
      </Wheel>
      <Body>
            <SideMirror Mass="5" Collisions="None">
                <Constraint Type="Hinge" MaxLimit="35" AxisLocal="(0; 1; 0)" MinLimit="-35">
                    <Motor Spring="280" Damping="5" Type="Spring">

                    </Motor>
                </Constraint>
            </SideMirror>
            <Mudguard Mass="10" Collisions="None">
                  <Constraint Type="Hinge">
                      <Motor Spring="10" Damping="1" Type="Spring">

                      </Motor>
                  </Constraint>
            </Mudguard>
      </Body>
      <Flare>
              <IgnitionSignalOrange ColorMultAtDay="0.6" Dir="(0; 1; 0)" DirAngle="135" Color="g(255; 140; 0) x 0.3" Size="0.1" AspectRatio="1.4">

              </IgnitionSignalOrange>
      </Flare>
  </_templates>
  <Truck>
        <HeadLight Pos="(3.709; 1.056; 0)" ParentFrame="BoneCabin_cdt" _template="Default">

        </HeadLight>
        <GameData UnlockByExploration="true" Price="104500" UnlockByRank="1" Country="US">
              <CustomizationCameras>
                    <CameraPos Name="roof_sticker" InterestPosition="(3.589; 0.674; -0.706)" Position="(6.453; 5.829; -0.285)" Interior="true" FOV="32.0">

                    </CameraPos>
                    <CameraPos Name="sticker_1" InterestPosition="(6.609; 1.277; 1.412)" Position="(4.474; 2.728; -0.212)" Interior="true" FOV="32.0">

                    </CameraPos>
                    <CameraPos MaxYRotation="360" MaxZoom="2" Name="addon_1" InterestPosition="(-0.508; 2.026; -0)" Position="(-9.259; 3.714; 6.213)" MaxXRotation="360" FOV="32.0">

                    </CameraPos>
                    <CameraPos MaxYRotation="360" MaxZoom="2" Name="addon_2" InterestPosition="(3.496; 0.486; 0)" Position="(-0.029; 4.180; 4.334)" MaxXRotation="360" FOV="32.0">

                    </CameraPos>
                    <CameraPos Name="mirror_mount" InterestPosition="(6.438; 2.587; 1.715)" Position="(4.104; 2.885; -0.632)" Interior="true" FOV="32.0">

                    </CameraPos>
                    <CameraPos MaxYRotation="360" MaxZoom="2" Name="side_r" InterestPosition="(4.764; 2.196; -0)" Position="(-0.590; 4.639; 3.718)" MaxXRotation="360" FOV="32.0">

                    </CameraPos>
                    <CameraPos Name="sticker" InterestPosition="(6.726; 1.277; 2.848)" Position="(4.474; 2.728; -0.212)" Interior="true" FOV="32.0">

                    </CameraPos>
                    <CameraPos Name="glass_sticker" InterestPosition="(4.613; 2.54; -0.956)" Position="(8.46; 3.409; 0.655)" Interior="true" FOV="32.0">

                    </CameraPos>
                    <CameraPos Name="door_r_sticker" InterestPosition="(6.471; 1.745; 0)" Position="(3.984; 2.354; 3.093)" Interior="true" FOV="32.0">

                    </CameraPos>
                    <CameraPos MaxYRotation="360" MaxZoom="2" Name="roof" InterestPosition="(4.758; 2.358; -0)" Position="(10.787; 4.806; -3.717)" MaxXRotation="360" FOV="32.0">

                    </CameraPos>
                    <CameraPos Name="capote_sticker" InterestPosition="(5.454; 0.713; -0.581)" Position="(9.190; 5.504; -0.312)" Interior="true" FOV="32.0">

                    </CameraPos>
                    <CameraPos MaxYRotation="360" MaxZoom="2" Name="hoods" InterestPosition="(5.716; 1.735; 0)" Position="(13.576; 1.402; -3.863)" MaxXRotation="360" FOV="32.0">

                    </CameraPos>
                    <CameraPos Name="sticker_2" InterestPosition="(6.062; 1.277; 0.322)" Position="(4.651; 2.846; -0.267)" Interior="true" FOV="32.0">

                    </CameraPos>
                    <CameraPos MaxYRotation="360" MaxZoom="2" Name="side_l" InterestPosition="(5.516; 1.36; 0)" Position="(10.32; 4.555; 4.896)" MaxXRotation="360" FOV="32.0">

                    </CameraPos>
                    <CameraPos Name="bubble_head" InterestPosition="(6.609; 1.268; 1.367)" Position="(4.693; 2.899; -0.208)" Interior="true" FOV="32.0">

                    </CameraPos>
                    <CameraPos MaxYRotation="360" MaxZoom="2" Name="wheels" InterestPosition="(4.925; 0.749; 0.052)" Position="(8.037; 2.025; -5.492)" MaxXRotation="360" FOV="32.0">

                    </CameraPos>
                    <CameraPos MaxYRotation="360" MaxZoom="2" Name="default" InterestPosition="(5.716; 1.735; 0)" Position="(13.576; 1.402; -3.863)" MaxXRotation="360" FOV="32.0">

                    </CameraPos>
                    <CameraPos MaxYRotation="360" MaxZoom="2" Name="rear" InterestPosition="(-0.868; 1.09; -0)" Position="(-6.285; 2.053; 3.418)" MaxXRotation="360" FOV="32.0">

                    </CameraPos>
                    <CameraPos Name="door_l_sticker" InterestPosition="(4.476; 1.822; -0)" Position="(4.16; 2.415; -3.29)" Interior="true" FOV="32.0">

                    </CameraPos>
                    <CameraPos Name="hood_ornament" InterestPosition="(7.506; 2.361; -1.52)" Position="(8.557; 2.677; -1.52)" Interior="true" FOV="32.0">

                    </CameraPos>
                    <CameraPos Name="curtain" InterestPosition="(6.438; 2.587; 1.715)" Position="(4.104; 2.885; -0.632)" Interior="true" FOV="32.0">

                    </CameraPos>
              </CustomizationCameras>
              <UiDesc UiName="UI_VEHICLE_ROYAL_BM17_NAME" UiDesc="UI_VEHICLE_ROYAL_BM17_DESC" UiIconLogo="RoyalLogo80" UiIcon40x40="offroadVehicleImg" UiIcon30x30="offroadVehicleImg30" UiIcon328x458="shopImgScammell">

              </UiDesc>
                    <AddonSockets>
                      <Socket Offset="(0; 0; 0)" Names="RoyalBm17SpareWheel" ParentFrame="BoneChassis_cdt">
                          <ExtraParent Frame="BoneCabin_cdt">

                          </ExtraParent>
                      </Socket>
                    </AddonSockets>
                    <AddonSockets>
                        <Socket Offset="(-1.76; 1.84; 0)" Names="LargeSemitrailer">

                        </Socket>
                        <Socket Offset="(-1.76; 1.84; 0)" Names="LargeSemitrailer, LargeSemitrailerOiltank">

                        </Socket>
                        <Socket Offset="(-2.46; 1.67; 0)" Names="Semitrailer, SemitrailerOiltank">

                        </Socket>
                        <Socket Offset="(-4.638; 0.932; 0)" Names="Trailer">
                          <AddonsShift Offset="(0; 0; 0)" Types="MinicraneUS, FrameAddon" TrailerNamesBlock="Trailer">

                          </AddonsShift>
                        </Socket>
                    </AddonSockets>
                    <AddonSockets>
                        <Socket Offset="(-0.693; 1.345; 0)" Names="LogLift" NamesBlock="MetalDetector, MinicraneUS">

                        </Socket>
                        <Socket Offset="(-6.611; 1.344; 0)" Names="BunkLog" NamesBlock="MinicraneUS, MetalDetector">

                        </Socket>
                        <Socket Offset="(-2.18; 1.34; 0)" Names="FrameAddonLogShort" NamesBlock="MinicraneUS, MetalDetector, RoyalBM17CabinProtector">

                        </Socket>
                        <Socket Offset="(-2.18; 1.34; 0)" Names="FrameAddonLogMedium" NamesBlock="MinicraneUS, MetalDetector, RoyalBM17CabinProtector, Trailer">

                        </Socket>
                        <Socket Offset="(-3.095; 1.34; 0)" Names="SaddleLowRoyalBm17">
                          <ExtraParent Frame="BoneCabin_cdt">

                          </ExtraParent>
                        </Socket>
                        <Socket Offset="(-2.365; 1.34; 0)" Names="SaddleHighRoyalBm17">
                          <AddonsShift Offset="(0; 0; 0)" Types="MinicraneUS, RoyalBM17CabinProtector" TrailerNamesBlock="SaddleHighRoyalBm17">

                          </AddonsShift>
                          <ExtraParent Frame="BoneCabin_cdt">

                          </ExtraParent>
                        </Socket>
                        <Socket ParentFrame="BoneChassis_cdt" Offset="(-2.9; 1.339; 0)" Names="FrameAddonTow" NamesBlock="MinicraneUS, MetalDetector, Trailer">
                          <AddonsShift Offset="(-0.5; 0; 0)" Types="RoyalBM17CabinProtector">

                          </AddonsShift>
                        </Socket>
                        <Socket Offset="(-2.218; 1.339; 0)" Names="FrameAddon" ParentFrame="BoneChassis_cdt">
                            <AddonsShift Offset="(-1.21; 0; 0)" Types="MinicraneUS">

                            </AddonsShift>
                            <AddonsShift Offset="(-0.545; 0; 0)" Types="RoyalBM17CabinProtector">

                            </AddonsShift>
                            <AddonsShift Offset="(0; 0; 0)" Types="MinicraneUS, RoyalBM17CabinProtector" TrailerNamesBlock="FrameAddon">

                            </AddonsShift>
                        </Socket>
                        <Socket Offset="(-2.84; 1.413; 0)" Names="FrameAddonKung" ParentFrame="BoneChassis_cdt">
                            <ExtraParent Offset="(0; 0; -0.08)" Frame="BoneChassis_cdt">

                            </ExtraParent>
                            <ExtraParent Offset="(0; 0; 0.08)" Frame="BoneChassis_cdt">

                            </ExtraParent>
                        </Socket>
                        <Socket Offset="(-3.165; 1.339; 0)" Names="FrameAddonTank" ParentFrame="BoneChassis_cdt">
                          <AddonsShift Offset="(-0.588; 0; 0)" Types="RoyalBM17CabinProtector">

                          </AddonsShift>
                        </Socket>
                        <Socket ParentFrame="BoneChassis_cdt" Offset="(-2.85; 0.307; 0)" Names="FrameAddonMaintainer" NamesBlock="Trailer, RoyalBM17CabinProtector">

                        </Socket>
                        <Socket ParentFrame="BoneChassis_cdt" Offset="(-0.08; 1.341; 0)" Names="FrameAddonSeismicVibrator" NamesBlock="MinicraneUS, Trailer, RoyalBM17CabinProtector">

                        </Socket>
                        <Socket Offset="(-2.891; 1.442; 0)" Names="BigCraneUs" NamesBlock="MetalDetector, MinicraneUS, Semitrailer, RoyalBM17CabinProtector">
                            <ExtraParent Offset="(0; -0.1; 0)" Frame="BoneChassis_cdt">

                            </ExtraParent>
                            <ExtraParent Offset="(0; -0.1; 0)" Frame="BoneChassis_cdt">

                            </ExtraParent>
                        </Socket>
                    </AddonSockets>
                    <AddonSockets>
                        <Socket ParentFrame="BoneChassis_cdt" Offset="(-1.256; 0.287; 0)" Names="MetalDetector" NamesBlock="SaddleLowRoyalBm17, FrameAddonKung, FrameAddonTank, FrameAddonSeismicVibrator, FrameAddon, SaddleHighRoyalBm17, RoyalBm17SpareWheel">

                        </Socket>
                        <Socket Offset="(-0.48; 1.343; 0)" Names="MinicraneUS" NamesBlock="SemitrailerOiltank, LargeSemitrailerOiltank, FrameAddonKung, FrameAddonTank, FrameAddonMaintainer">
                          <AddonsShift Offset="(-0.588; 0; 0)" Types="RoyalBM17CabinProtector">

                          </AddonsShift>
                        </Socket>
                    </AddonSockets>
                    <AddonSockets>
                      <Socket Offset="(0; 0; 0)" Names="RoyalBM17Bumper" ParentFrame="BoneCabin_cdt">

                      </Socket>
                    </AddonSockets>
                    <AddonSockets>
                      <Socket NamesBlock="RoyalBM17Horn2, RoyalBM17SpotLight2" Names="RoyalBM17Horn" ParentFrame="BoneCabin_cdt">

                      </Socket>
                    </AddonSockets>
                    <AddonSockets>
                      <Socket Offset="(0; 0; 0)" Names="RoyalBM17Horn2" ParentFrame="BoneCabin_cdt">

                      </Socket>
                    </AddonSockets>
                    <AddonSockets DefaultAddon="royal_bm17_visor_default">
                      <Socket Offset="(0; 0; 0)" Names="RoyalBM17Visor" ParentFrame="BoneCabin_cdt">

                      </Socket>
                    </AddonSockets>
                    <AddonSockets>
                      <Socket Offset="(0; 0; 0)" Names="RoyalBM17Beacon" ParentFrame="BoneCabin_cdt">

                      </Socket>
                    </AddonSockets>
                    <AddonSockets>
                        <Socket NamesBlock="RoyalBM17Beacon" Names="RoyalBM17SpotLight2" ParentFrame="BoneCabin_cdt">

                        </Socket>
                        <Socket Names="RoyalBM17SpotLight" ParentFrame="BoneCabin_cdt">

                        </Socket>
                    </AddonSockets>
                    <AddonSockets>
                      <Socket Offset="(0; 0; 0)" Names="RoyalBM17Gabarite" ParentFrame="BoneCabin_cdt">

                      </Socket>
                    </AddonSockets>
                    <AddonSockets DefaultAddon="royal_bm17_air_conditioner_default">
                      <Socket Offset="(0; 0; 0)" Names="RoyalBM17Conditioner" ParentFrame="BoneCabin_cdt">

                      </Socket>
                    </AddonSockets>
                    <AddonSockets>
                      <Socket Offset="(-0.05; 0; 0)" Names="RoyalBM17CabinProtector" ParentFrame="BoneCabin_cdt">
                          <ExtraParent Frame="BoneChassis_cdt">

                          </ExtraParent>
                      </Socket>
                    </AddonSockets>
                    <AddonSockets DefaultAddon="royal_bm17_snorkel_default">
                      <Socket Offset="(0; 0; 0)" Names="RoyalBM17Snorkel" ParentFrame="BoneCabin_cdt">

                      </Socket>
                    </AddonSockets>
                    <AddonSockets DefaultAddon="royal_bm17_exhaust_default">
                      <Socket Offset="(0; 0; 0)" Names="RoyalBM17Exhaust" ParentFrame="BoneCabin_cdt">

                      </Socket>
                    </AddonSockets>
                    <AddonSockets>
                      <Socket ParentFrame="BoneCabin_cdt" Offset="(1.907; 2.428; 0.016)" Names="StuffDashboard" InCockpit="true">

                      </Socket>
                    </AddonSockets>
                    <AddonSockets>
                      <Socket ParentFrame="BoneCabin_cdt" Names="royalBm17Sticker_1x1_01" InCockpit="true">

                      </Socket>
                    </AddonSockets>
                    <AddonSockets>
                      <Socket ParentFrame="BoneCabin_cdt" Names="royalBm17Sticker_1x1_02" InCockpit="true">

                      </Socket>
                    </AddonSockets>
                    <AddonSockets>
                      <Socket ParentFrame="BoneCabin_cdt" Names="royalBm17Sticker_1x1_03" InCockpit="true">

                      </Socket>
                    </AddonSockets>
                    <AddonSockets>
                      <Socket ParentFrame="BoneCabin_cdt" Names="royalBm17Sticker_1x1_04" InCockpit="true">

                      </Socket>
                    </AddonSockets>
                    <AddonSockets>
                      <Socket ParentFrame="BoneCabin_cdt" Names="royalBm17Sticker_1x2_01" InCockpit="true">

                      </Socket>
                    </AddonSockets>
                    <AddonSockets>
                      <Socket ParentFrame="BoneCabin_cdt" Names="royalBm17Sticker_1x4_01" InCockpit="true">

                      </Socket>
                    </AddonSockets>
                    <AddonSockets>
                      <Socket ParentFrame="BoneCabin_cdt" Names="royalBm17Sticker_GlassTop" InCockpit="true">

                      </Socket>
                    </AddonSockets>
                    <AddonSockets>
                      <Socket ParentFrame="BoneCabin_cdt" Names="royalBm17Sticker_GlassBottom" InCockpit="true">

                      </Socket>
                    </AddonSockets>
                    <AddonSockets>
                      <Socket Names="royalBm17Sticker_Door_L" ParentFrame="BoneCabin_cdt">

                      </Socket>
                    </AddonSockets>
                    <AddonSockets>
                      <Socket Names="royalBm17Sticker_Door_R" ParentFrame="BoneCabin_cdt">

                      </Socket>
                    </AddonSockets>
                    <AddonSockets>
                      <Socket Names="royalBm17Sticker_Capote" ParentFrame="BoneCabin_cdt">

                      </Socket>
                    </AddonSockets>
                    <AddonSockets>
                      <Socket Names="royalBm17Sticker_Roof" ParentFrame="BoneCabin_cdt">

                      </Socket>
                    </AddonSockets>
                    <AddonSockets>
                        <Socket ParentFrame="BoneCabin_cdt" Offset="(1.758; 3.008; 0.044)" Names="StuffAirfreshener" InCockpit="true">

                        </Socket>
                        <Socket ParentFrame="BoneCabin_cdt" Names="StuffCurtainRoyalBm17" InCockpit="true">

                        </Socket>
                    </AddonSockets>
                    <AddonSockets>
                      <Socket Names="StuffHoodRoyalBm17" ParentFrame="BoneCabin_cdt">

                      </Socket>
                    </AddonSockets>
                    <AddonSockets DefaultAddon="zikz_5368_diff_lock_default">
                      <Socket Offset="(0; 0; 0)" Names="ZiKZ5368DiffLock" ParentFrame="BoneChassis_cdt">

                      </Socket>
                    </AddonSockets>
                      <CraneSocket Pos="(-4.626; 0.933; 0)">

                      </CraneSocket>
                      <CraneSocket Pos="(-1.815; 1.229; -0.389)">

                      </CraneSocket>
                      <CraneSocket Pos="(-1.815; 1.229; 0.389)">

                      </CraneSocket>
                      <CraneSocket Pos="(3.792; 1.184; 0.641)" ParentFrame="BoneCabin_cdt">

                      </CraneSocket>
                      <CraneSocket Pos="(3.792; 1.184; -0.641)" ParentFrame="BoneCabin_cdt">

                      </CraneSocket>
                        <WinchSocket Pos="(-4.626; 0.933; 0)">

                        </WinchSocket>
                        <WinchSocket Pos="(-1.815; 1.229; -0.389)">

                        </WinchSocket>
                        <WinchSocket Pos="(-1.815; 1.229; 0.389)">

                        </WinchSocket>
                        <WinchSocket Pos="(3.792; 1.184; 0.641)" ParentFrame="BoneCabin_cdt">

                        </WinchSocket>
                        <WinchSocket Pos="(3.792; 1.184; -0.641)" ParentFrame="BoneCabin_cdt">

                        </WinchSocket>
        </GameData>
        <PhysicsModel Mesh="trucks/royal_bm17">
                <Body NetSync="pv" CenterOfMassOffset="(-0.5; 0; 0)" ModelFrame="BoneChassis_cdt" Mass="5100" ImpactType="Truck">
                    <Body NetSync="pv" CenterOfMassOffset="(0.3; 0; 0)" ModelFrame="BoneCabin_cdt" Mass="4360" ImpactType="Truck">
                        <Constraint Type="Hinge" MaxLimit="10" AxisLocal="(1; 0; 0)" MinLimit="-10" PivotOffset="(0; 0; 0)">
                            <Motor Spring="1800000" Damping="90000" Type="Spring">

                            </Motor>
                        </Constraint>
                            <Body ModelFrame="BoneTieRod1_cdt" _template="TieRod">
                              <Constraint MaxLimit="30" AxisLocal="(0; -1; 0)" MinLimit="-30" Name="TieRodSteer">

                              </Constraint>
                            </Body>
                            <Body ModelFrame="BoneMirrorLeft_cdt" _template="SideMirror">

                            </Body>
                            <Body ModelFrame="BoneMirrorRight_cdt" _template="SideMirror">

                            </Body>
                            <Body CenterOfMassOffset="(0; 0; 0)" ModelFrame="BoneSunshieldLeft_cdt" Mass="5" ImpactType="Truck">
                              <Constraint Type="Hinge" MaxLimit="1" AxisLocal="(0; 0; -1)" MinLimit="-11" PivotOffset="(0; 0; 0)">
                                  <Motor Spring="40" Damping="0.004" Type="Spring">

                                  </Motor>
                              </Constraint>
                            </Body>
                            <Body CenterOfMassOffset="(0; 0; 0)" ModelFrame="BoneSunshieldRight_cdt" Mass="5" ImpactType="Truck">
                              <Constraint Type="Hinge" MaxLimit="1" AxisLocal="(0; 0; -1)" MinLimit="-15" PivotOffset="(0; 0; 0)">
                                  <Motor Spring="35" Damping="0.001" Type="Spring">

                                  </Motor>
                              </Constraint>
                            </Body>
                            <Body ModelFrame="BoneLeftFrontMudguard_cdt" _template="Mudguard">
                              <Constraint MinLimit="-50" MaxLimit="35" AxisLocal="(0; 0; 1)">

                              </Constraint>
                            </Body>
                            <Body ModelFrame="BoneRightFrontMudguard_cdt" _template="Mudguard">
                              <Constraint MinLimit="-50" MaxLimit="35" AxisLocal="(0; 0; 1)">

                              </Constraint>
                            </Body>
                            <Body CenterOfMassOffset="(0; 0; 0)" ModelFrame="SeatBealt_cdt" Mass="1" Collisions="None">
                              <Constraint Type="Prismatic" MaxLimit="0.015" AxisLocal="(1; 0; 0)" MinLimit="-0.03" PivotOffset="(0; 0; 0)">
                                  <Motor Spring="700" Damping="70" Type="Spring">

                                  </Motor>
                              </Constraint>
                            </Body>
                            <Body CenterOfMassOffset="(0; 0; 0)" ModelFrame="CordLeft_cdt" Mass="1" Collisions="None">
                              <Constraint Type="Prismatic" MaxLimit="0.02" AxisLocal="(1; 0; 0)" MinLimit="-0.04" PivotOffset="(0; 0; 0)">
                                  <Motor Spring="50" Damping="3" Type="Spring">

                                  </Motor>
                              </Constraint>
                            </Body>
                            <Body CenterOfMassOffset="(0; 0; 0)" ModelFrame="CordRight_cdt" Mass="1" Collisions="None">
                              <Constraint Type="Prismatic" MaxLimit="0.02" AxisLocal="(1; 0; 0)" MinLimit="-0.04" PivotOffset="(0; 0; 0)">
                                  <Motor Spring="40" Damping="4" Type="Spring">

                                  </Motor>
                              </Constraint>
                            </Body>
                    </Body>
                </Body>
                <NetSync Legacy="false">

                </NetSync>
        </PhysicsModel>
        <ControlledConstraints>
                  <Constraint IsLinkedSteering="true" Id="chassis_steer" Name="TieRodSteer">

                  </Constraint>
        </ControlledConstraints>
        <ModelAttachments>
                    <HeadLight>
                          <Flare Pos="(3.709; 1.056; -0.896)" _template="HeadLight" Color="g(245; 225; 180) x 0.5" Size="0.45" ParentFrame="BoneCabin_cdt">

                          </Flare>
                          <Flare Pos="(3.709; 1.056; 0.896)" _template="HeadLight" Color="g(245; 225; 180) x 0.5" Size="0.45" ParentFrame="BoneCabin_cdt">

                          </Flare>
                          <Flare Pos="(3.709; 1.056; -0.896)" ParentFrame="BoneCabin_cdt" _template="BlueStreak">

                          </Flare>
                          <Flare Pos="(3.709; 1.056; 0.896)" ParentFrame="BoneCabin_cdt" _template="BlueStreak">

                          </Flare>
                            <Model Org="(3.709; 1.056; -0.896)" ParentFrame="BoneCabin_cdt" _template="HeadLightRay">

                            </Model>
                            <Model Org="(3.709; 1.056; 0.896)" ParentFrame="BoneCabin_cdt" _template="HeadLightRay">

                            </Model>
                    </HeadLight>
                    <StopSignals>
                          <Light Pos="(-4.712; 1.237; 0)" _template="StopSignal">

                          </Light>
                              <Flare Pos="(-4.675; 1.237; -0.85)" _template="StopSignal">

                              </Flare>
                              <Flare Pos="(-4.675; 1.237; 0.85)" _template="StopSignal">

                              </Flare>
                    </StopSignals>
                    <Ignition>
                              <Light Pos="(3.8; 1.056; 1.060)" ParentFrame="BoneCabin_cdt" _template="IgnitionSignalWhite">

                              </Light>
                              <Light Pos="(3.8; 1.056; -1.060)" ParentFrame="BoneCabin_cdt" _template="IgnitionSignalWhite">

                              </Light>
                              <Light Pos="(-4.712; 1.237; 0)" _template="IgnitionSignalRed">

                              </Light>
                                <Flare Pos="(-4.675; 1.234; 0.853)" Dir="(-1; 0; 0)" _template="IgnitionSignalRed" Size="0.1">

                                </Flare>
                                <Flare Pos="(-4.675; 1.234; -0.853)" Dir="(-1; 0; 0)" _template="IgnitionSignalRed" Size="0.1">

                                </Flare>
                                <Flare Pos="(1.625; 3.184; -0.273)" _template="MarkerBeacon" Color="g(255; 174; 0) x 0.3" ParentFrame="BoneCabin_cdt">

                                </Flare>
                                <Flare Pos="(1.625; 3.184; 0)" _template="MarkerBeacon" Color="g(255; 174; 0) x 0.3" ParentFrame="BoneCabin_cdt">

                                </Flare>
                                <Flare Pos="(1.625; 3.184; 0.273)" _template="MarkerBeacon" Color="g(255; 174; 0) x 0.3" ParentFrame="BoneCabin_cdt">

                                </Flare>
                                <Flare Pos="(3.54; 1.055; -1.199)" Dir="(1; 0; 0)" _template="IgnitionSignalRed" Color="g(169; 0; 0) x 0.7" Size="0.1" ParentFrame="BoneCabin_cdt">

                                </Flare>
                                <Flare Pos="(3.54; 1.055; 1.199)" Dir="(1; 0; 0)" _template="IgnitionSignalRed" Color="g(169; 0; 0) x 0.7" Size="0.1" ParentFrame="BoneCabin_cdt">

                                </Flare>
                                <Flare Pos="(1.952; 2.163; -0.999)" Dir="(0; 0; -1)" _template="IgnitionSignalOrange" ParentFrame="BoneCabin_cdt">

                                </Flare>
                                <Flare Pos="(1.952; 2.163; 0.999)" Dir="(0; 0; 1)" _template="IgnitionSignalOrange" ParentFrame="BoneCabin_cdt">

                                </Flare>
                                <Flare Pos="(1.64; 2.77; -1.471)" Dir="(1; 0; 0)" _template="IgnitionSignalOrange" ParentFrame="BoneCabin_cdt">

                                </Flare>
                                <Flare Pos="(1.64; 2.77; 1.471)" Dir="(1; 0; 0)" _template="IgnitionSignalOrange" ParentFrame="BoneCabin_cdt">

                                </Flare>
                                <Flare Pos="(3.6; 1.056; -1.060)" _template="IgnitionSignalWhite" ParentFrame="BoneCabin_cdt" Size="0.2" DirAngle="120">

                                </Flare>
                                <Flare Pos="(3.6; 1.056; 1.060)" _template="IgnitionSignalWhite" ParentFrame="BoneCabin_cdt" Size="0.2" DirAngle="120">

                                </Flare>
                                <Flare Pos="(3.703; 1.056; -0.905)" _template="IgnitionSignalWhite" ParentFrame="BoneCabin_cdt" Size="0.2" DirAngle="120">

                                </Flare>
                                <Flare Pos="(3.703; 1.056; 0.905)" _template="IgnitionSignalWhite" ParentFrame="BoneCabin_cdt" Size="0.2" DirAngle="120">

                                </Flare>
                    </Ignition>
                    <ReverseSignals>
                              <Light Pos="(-4.712; 1.237; 0)" _template="ReverseSignal">

                              </Light>
                                  <Flare Pos="(-4.675; 1.237; -0.728)" Size="0.7" _template="ReverseSignal">

                                  </Flare>
                                  <Flare Pos="(-4.675; 1.237; 0.728)" Size="0.7" _template="ReverseSignal">

                                  </Flare>
                                  <Flare Pos="(-4.675; 1.237; -0.728)" Dir="(-1; 0; 0)" _template="BlueStreak" Color="g(220; 220; 255) x 0.05" Size="0.4">

                                  </Flare>
                                  <Flare Pos="(-4.675; 1.237; 0.728)" Dir="(-1; 0; 0)" _template="BlueStreak" Color="g(220; 220; 255) x 0.05" Size="0.4">

                                  </Flare>
                    </ReverseSignals>
        </ModelAttachments>
        <Landmark MaxScale="2.5" Mesh="landmarks/royal_bm17_lmk" MinScale="1.5">

        </Landmark>
        <AutomaticIK>
                        <IKBone ParentFrame="BoneTieRod1_cdt" ModelFrame="BoneTieRod2">
                            <IKJoint Type="Hinge2" AxisLocal="(1; 0; 0)">

                            </IKJoint>
                            <IKBone AttachToFrame="BoneRackLeft" AttachOffset="(0; 0; 0)" ModelFrame="BoneTieRod3">
                                  <IKJoint Type="Slider" AxisLocal="(1; 0; 0)">

                                  </IKJoint>
                            </IKBone>
                        </IKBone>
        </AutomaticIK>
        <TruckData SteerSpeed="0.025" EngineStartDelay="0.8" EngineIconMesh="env/engine_default" TruckType="OFFROAD" Responsiveness="0.15" BackSteerSpeed="0.025" TruckImage="royalbm17mchr" FuelCapacity="280" DiffLockType="Installed" ExhaustStartTime="0.9" EngineIconScale="1.3">
                          <Driver Pos="(1.045; 2.062; 0.51)" ParentFrame="BoneCabin_cdt" AnimationSet="HeavyTruck" SteeringWheelPos="(1.441; 2.392; 0.516)">

                          </Driver>
                          <SoundsDamage _template="Heavy">

                          </SoundsDamage>
                          <OcclusionMap HalfSizeZ="1.7" MinX="-5.050" MaxX="4.300">

                          </OcclusionMap>
                          <FuelTank DamageCapacity="120">

                          </FuelTank>
                          <Intake Size="1" Dir="(1; 0; 0)" Origin="(3.655; 1.617; 0)">

                          </Intake>
                          <EngineSocket Type="e_us_truck_modern, e_us_truck_modern_catroyal" Default="us_truck_modern_engine_cat_royal">

                          </EngineSocket>
                          <SuspensionSocket Type="s_royal_bm17" MaxWheelRadiusWithoutSuspension="0.53" Default="royal_bm17_suspension_default">

                          </SuspensionSocket>
                          <Dashboard>
                                              <Gauge InputRange="(0;1)" Dir="(-0.769; 0.64; 0)" InputType="engineEnabled" Org="(1.794; 2.339; 0.743)" Damping="0.99" Mesh="trucks/arrows/royal_bm17_arrow1" OutputAngles="(-125; 18)">

                                              </Gauge>
                                              <Gauge InputRange="(0;1)" Dir="(-0.768; 0.64; 0)" InputType="engineEnabled" Org="(1.743; 2.277; 0.743)" Damping="0.99" Mesh="trucks/arrows/royal_bm17_arrow1" OutputAngles="(-125; -19)">

                                              </Gauge>
                                              <Gauge InputRange="(0;1)" Dir="(-0.776; 0.631; 0)" InputType="engineEnabled" Org="(1.76; 2.303; 0.639)" Damping="0.99" Mesh="trucks/arrows/royal_bm17_arrow2" OutputAngles="(-128; 37)">

                                              </Gauge>
                                              <Gauge InputRange="(0;1)" Dir="(-0.768; 0.64; 0)" InputType="rpm" Org="(1.786; 2.327; 0.514)" Damping="0.99" Mesh="trucks/arrows/royal_bm17_arrow3" OutputAngles="(-120; 121)">

                                              </Gauge>
                                              <Gauge InputRange="(0;1)" Dir="(-0.768; 0.64; 0)" InputType="engineEnabled" Org="(1.794; 2.339; 0.281)" Damping="0.99" Mesh="trucks/arrows/royal_bm17_arrow1" OutputAngles="(-125; 77)">

                                              </Gauge>
                                              <Gauge InputType="speed" Dir="(-0.768; 0.64; 0)" Org="(1.761; 2.304; 0.388)" Mesh="trucks/arrows/royal_bm17_arrow4" InputRange="(0;130)" OutputAngles="(-139; 116)">

                                              </Gauge>
                                              <Gauge InputRange="(0;1)" Dir="(-0.768; 0.64; 0)" InputType="none" Org="(1.762; 2.303; 0.388)" Damping="0.99" Mesh="trucks/arrows/royal_bm17_arrow5" OutputAngles="(107; 107)">

                                              </Gauge>
                                              <Gauge InputRange="(0;1)" Dir="(-0.768; 0.64; 0)" InputType="none" Org="(1.763; 2.302; 0.388)" Damping="0.99" Mesh="trucks/arrows/royal_bm17_arrow6" OutputAngles="(-28; -28)">

                                              </Gauge>
                                              <Gauge InputRange="(0;1)" Dir="(-0.79; 0.613; 0)" InputType="fuel" Org="(1.741; 2.275; 0.639)" Damping="0.99" Mesh="trucks/arrows/royal_bm17_arrow7" OutputAngles="(-152; -208)">

                                              </Gauge>
                          </Dashboard>
                          <Axles>
                                                <Axle Frame="BoneAxle1">

                                                </Axle>
                                                <Axle Frame="BoneAxle2">

                                                </Axle>
                                                <Axle Frame="BoneAxle3">

                                                </Axle>
                          </Axles>
                          <Camera Center="(-1.7; 0; 0)" ParentFrame="BoneCabin_cdt">
                                                <Cockpit WindshieldDiffuseTexture="trucks/royal_bm17_glass__d_a.tga" _template="Default" WindshieldShadingTexture="trucks/royal_bm17_glass__sh_d.tga" ViewPos="(1.031; 2.786; 0.519)">
                                                      <Mirror FOVScale="2" ClipDir="(-0.897; -0.089; -0.433)" MeshFrame="mirror_left" Pos="(1.576; 2.751; 1.44)" ReflectionDir="(-0.897; -0.089; -0.433)" Size="(0.2; 0.38)" ClipOffset="0.1">
                                                        <SecondaryView FOVScale="1.5" ClipDir="(-0.897; -0.089; -0.433)" MeshFrame="mirror_left_convex" CurveAngle="7" Size="(0.24; 0.24)" Pos="(1.578; 2.442; 1.435)">

                                                        </SecondaryView>
                                                      </Mirror>
                                                      <Mirror FOVScale="2.5" ClipDir="(-0.795; -0.102; 0.598)" MeshFrame="mirror_right" Pos="(1.577; 2.752; -1.438)" ReflectionDir="(-0.795; -0.102; 0.598)" Size="(0.2; 0.38)" ClipOffset="0.3">
                                                        <SecondaryView FOVScale="1.75" ClipDir="(-0.795; -0.102; 0.598)" MeshFrame="mirror_right_convex" Pos="(1.582; 2.444; -1.433)" CurveAngle="7" Size="(0.24; 0.24)" ClipOffset="0.3">

                                                        </SecondaryView>
                                                      </Mirror>
                                                </Cockpit>
                          </Camera>
                                                <CompatibleWheels Type="wheels_medium_double" Scale="0.6" RearOffsetZ="0.06" OffsetZ="0.04">

                                                </CompatibleWheels>
                                                <CompatibleWheels Type="wheels_medium_double" Scale="0.65" RearOffsetZ="0.08">

                                                </CompatibleWheels>
                                                  <LimitedFluid Type="Cylinder" ParentFrame="BoneChassis_cdt" Center="(0.978; 1; -0.781)" RadiusY="0.30" LengthX="1.05" RadiusZ="0.30">

                                                  </LimitedFluid>
                                                  <LimitedFluid Type="Cylinder" ParentFrame="BoneChassis_cdt" Center="(0.975; 1; 0.79)" RadiusY="0.300" LengthX="1.05" RadiusZ="0.300">

                                                  </LimitedFluid>
                          <Sounds ParentFrame="BoneCabin_cdt" _template="Default" AirHissInterval="12.0" MinDist="15.0" Origin="(2.417; 1.737; 0)" DisableReversePitch="false">
                                                      <Reverse Sound="trucks/royal_bm17/royal_bm17_reverse">

                                                      </Reverse>
                                                      <EngineTrans Sound="">

                                                      </EngineTrans>
                                                      <EngineLow Sound="trucks/royal_bm17/royal_bm17_low">

                                                      </EngineLow>
                                                      <EngineHigh Sound="trucks/royal_bm17/royal_bm17_high">

                                                      </EngineHigh>
                                                      <EngineRev Sound="trucks/royal_bm17/royal_bm17_rev">

                                                      </EngineRev>
                                                      <AbruptStop Sound="trucks/common/truck_swing_big_rnd_set/truck_swing_big_rnd">

                                                      </AbruptStop>
                                                      <EngineHeavy_2d IsSound2D="true" Sound="trucks/royal_bm17/royal_bm17_heavy_2d">

                                                      </EngineHeavy_2d>
                                                      <EngineHigh_2d IsSound2D="true" Sound="trucks/royal_bm17/royal_bm17_high_2d">

                                                      </EngineHigh_2d>
                                                      <EngineHeavy Sound="trucks/royal_bm17/royal_bm17_heavy">

                                                      </EngineHeavy>
                                                      <EngineIdle_2d IsSound2D="true" Sound="trucks/royal_bm17/royal_bm17_idle_2d">

                                                      </EngineIdle_2d>
                                                      <EngineIdle Sound="trucks/royal_bm17/royal_bm17_idle">

                                                      </EngineIdle>
                                                      <EngineLow_2d IsSound2D="true" Sound="trucks/royal_bm17/royal_bm17_low_2d">

                                                      </EngineLow_2d>
                                                      <Honk Sound="trucks/royal_bm17/royal_bm17_honk">

                                                      </Honk>
                                                      <EngineStart Sound="trucks/royal_bm17/royal_bm17_start">

                                                      </EngineStart>
                                                      <BrakeRelease Sound="trucks/royal_bm17/royal_bm17_brake_release">

                                                      </BrakeRelease>
                                                      <EngineStop Sound="trucks/royal_bm17/royal_bm17_stop">

                                                      </EngineStop>
                                                      <BrakesSqueal Sound="trucks/royal_bm17/royal_bm17_brakes_squeal">

                                                      </BrakesSqueal>
                                                      <EngineAccel Sound="trucks/royal_bm17/royal_bm17_acc">

                                                      </EngineAccel>
                          </Sounds>
                          <Wheels DefaultWheelType="wheels_medium_double" DefaultTire="highway_1" DefaultRim="rim_1">
                                                          <Wheel Pos="(2.307; 0.63; 1.04)" _template="FrontWheel">

                                                          </Wheel>
                                                          <Wheel RightSide="true" Pos="(2.307; 0.63; 1.04)" _template="FrontWheel">

                                                          </Wheel>
                                                          <Wheel Pos="(-2.402; 0.63; 0.934)" _template="RearWheel">

                                                          </Wheel>
                                                          <Wheel RightSide="true" Pos="(-2.402; 0.63; 0.934)" _template="RearWheel">

                                                          </Wheel>
                                                          <Wheel Pos="(-3.798; 0.63; 0.934)" _template="RearWheel">

                                                          </Wheel>
                                                          <Wheel RightSide="true" Pos="(-3.798; 0.63; 0.934)" _template="RearWheel">

                                                          </Wheel>
                          </Wheels>
                                                        <Steam Origin="(2.578; 1.405; 0)" ParentFrame="BoneCabin_cdt">

                                                        </Steam>
                                                        <Steam Origin="(0.937; 1.315; 0)" ParentFrame="BoneCabin_cdt">

                                                        </Steam>
                          <GearboxSocket Type="gearboxes_trucks" Default="g_truck_default">

                          </GearboxSocket>
                          <WinchUpgradeSocket Type="winches_medium_trucks" Default="w_medium_trucks_default" IsUpgradable="true">

                          </WinchUpgradeSocket>
                          <SteeringRack Frame="BoneRack" RackHalfSizeZ="0.750" FrameSteerLeft="BoneRackLeft" FrameSteerRight="BoneRackRight">

                          </SteeringRack>
                          <SteeringWheel Frame="BoneSteering">

                          </SteeringWheel>
                          <SoundsWheels _template="Default">

                          </SoundsWheels>
                          <Damage>
                                                                        <DamageArea Min="(2.01; 1.154; -0.797)" ParentFrame="BoneCabin_cdt" Max="(3.608; 2.314; 0.797)" Type="Engine">

                                                                        </DamageArea>
                                                                        <DamageArea Min="(0.345; 0.559; -1.31)" ParentFrame="BoneChassis_cdt" Max="(2.817; 1.452; 1.31)" Type="FuelTank">

                                                                        </DamageArea>
                          </Damage>
                          <Shafts>
                                                                          <Shaft SocketPointA="Shaft1a" SocketPointB="Shaft1b">

                                                                          </Shaft>
                                                                          <Shaft SocketPointA="Shaft2a" SocketPointB="Shaft2b">

                                                                          </Shaft>
                                                                          <Shaft SocketPointA="Shaft3a" SocketPointB="Shaft3b">

                                                                          </Shaft>
                                                                          <Shaft SocketPointA="Shaft4a" SocketPointB="Shaft4b">

                                                                          </Shaft>
                          </Shafts>
        </TruckData>
  </Truck>