  <_templates Include="trucks">
      <Wheel>
          <RearWheel Location="rear" ConnectedToHandbrake="true" Torque="default">

          </RearWheel>
          <FrontWheel ParentFrame="BoneCabin_cdt" SteeringAngle="40" Location="front" SteeringJointOffset="0.08" Torque="default" SteeringCastor="0">

          </FrontWheel>
      </Wheel>
      <Body>
            <Mudguard Mass="10" Collisions="None">
                <Constraint Type="Hinge">
                    <Motor Spring="10" Damping="1" Type="Spring">

                    </Motor>
                </Constraint>
            </Mudguard>
      </Body>
      <Flare>
              <ReverseSignal ColorMultAtDay="0.6" Dir="(-1; 0; 0)" DirAngle="90" Size="0.01" Color="g(255; 255; 255) x 0.4" Reflections="true" AspectRatio="1.4">

              </ReverseSignal>
      </Flare>
  </_templates>
  <Truck>
        <HeadLight Pos="(5; 1.131; 0)" _template="Default">

        </HeadLight>
        <GameData UnlockByExploration="true" Price="57100" UnlockByRank="1" Country="RU,CAS">
              <CustomizationCameras>
                    <CameraPos Name="roof_sticker" InterestPosition="(2.574; 0.363; -0.12)" Position="(7.518; 6.659; -0.663)" Interior="true" FOV="32.0">

                    </CameraPos>
                    <CameraPos MaxYRotation="360" MaxZoom="2" Name="addon_1" InterestPosition="(0.697; 1.869; 0)" Position="(-7.265; 3.31; 8.244)" MaxXRotation="360" FOV="32.0">

                    </CameraPos>
                    <CameraPos MaxYRotation="360" MaxZoom="2" Name="addon_2" InterestPosition="(4.777; 1.589; 0)" Position="(0.811; 3.681; 4.794)" MaxXRotation="360" FOV="32.0">

                    </CameraPos>
                    <CameraPos Name="mirror_mount" InterestPosition="(6.729; 2.666; -0.34)" Position="(4.147; 2.501; -0.111)" Interior="true" FOV="32.0">

                    </CameraPos>
                    <CameraPos MaxYRotation="360" MaxZoom="2" Name="side_r" InterestPosition="(4.764; 1.97; -0)" Position="(-0.226; 4.969; -4.508)" MaxXRotation="360" FOV="32.0">

                    </CameraPos>
                    <CameraPos Name="sticker" InterestPosition="(6.729; 1.044; 1.759)" Position="(4.199; 2.517; -0.369)" Interior="true" FOV="32.0">

                    </CameraPos>
                    <CameraPos Name="sticker_1" InterestPosition="(6.729; 1.845; 0.266)" Position="(4.38; 2.452; -0.529)" Interior="true" FOV="32.0">

                    </CameraPos>
                    <CameraPos Name="glass_sticker" InterestPosition="(4.252; 2.181; -0.988)" Position="(8.71; 3.42; 1.018)" Interior="true" FOV="32.0">

                    </CameraPos>
                    <CameraPos Name="door_r_sticker" InterestPosition="(6.426; 0.918; 0)" Position="(3.929; 2.715; 3.395)" Interior="true" FOV="32.0">

                    </CameraPos>
                    <CameraPos MaxYRotation="360" MaxZoom="2" Name="roof" InterestPosition="(5.584; 1.615; -0)" Position="(9.203; 3.854; 5.047)" MaxXRotation="360" FOV="32.0">

                    </CameraPos>
                    <CameraPos Name="capote_sticker" InterestPosition="(4.348; 0.1; 0.007)" Position="(8.161; 4.17; -0.723)" Interior="true" FOV="32.0">

                    </CameraPos>
                    <CameraPos MaxYRotation="360" MaxZoom="2" Name="hoods" InterestPosition="(5.275; 1.623; 0)" Position="(12.823; 1.44; -4.73)" MaxXRotation="360" FOV="32.0">

                    </CameraPos>
                    <CameraPos MaxYRotation="360" MaxZoom="2" Name="side_l" InterestPosition="(4.737; 2.557; 0)" Position="(9.507; 4.376; -3.37)" MaxXRotation="360" FOV="32.0">

                    </CameraPos>
                    <CameraPos Name="bubble_head" InterestPosition="(6.729; 2.108; 1.201)" Position="(4.573; 2.407; -0.249)" Interior="true" FOV="32.0">

                    </CameraPos>
                    <CameraPos MaxYRotation="360" MaxZoom="2" Name="wheels" InterestPosition="(2.46; 1.133; 0)" Position="(-4.539; 1.488; -5.755)" MaxXRotation="360" FOV="32.0">

                    </CameraPos>
                    <CameraPos MaxYRotation="360" MaxZoom="2" Name="default" InterestPosition="(5.275; 1.623; 0)" Position="(12.823; 1.44; -4.73)" MaxXRotation="360" FOV="32.0">

                    </CameraPos>
                    <CameraPos MaxYRotation="360" MaxZoom="2" Name="rear" InterestPosition="(0.733; 0.896; -0)" Position="(-4.606; 3.102; 2.778)" MaxXRotation="360" FOV="32.0">

                    </CameraPos>
                    <CameraPos Name="door_l_sticker" InterestPosition="(4.595; 1.16; 0)" Position="(3.968; 2.793; -3.391)" Interior="true" FOV="32.0">

                    </CameraPos>
                    <CameraPos Name="hood_ornament" InterestPosition="(7.506; 2.039; -1.174)" Position="(8.557; 2.355; -1.174)" Interior="true" FOV="32.0">

                    </CameraPos>
                    <CameraPos Name="curtain" InterestPosition="(6.729; 2.666; -0.34)" Position="(4.147; 2.501; -0.111)" Interior="true" FOV="32.0">

                    </CameraPos>
              </CustomizationCameras>
              <UiDesc UiName="UI_VEHICLE_TAYGA_6436_NAME" UiDesc="UI_VEHICLE_TAYGA_6436_DESC" UiIconLogo="TaygaLogo80" UiIcon40x40="offroadVehicleImg" UiIcon30x30="offroadVehicleImg30" UiIcon328x458="shopImgTayga6436">

              </UiDesc>
                    <AddonSockets>
                        <Socket Offset="(-2; 1.75; 0)" Names="LargeSemitrailer">

                        </Socket>
                        <Socket Offset="(-2; 1.75; 0)" Names="LargeSemitrailerOiltank">
                          <AddonsShift Offset="(0; 0; 0)" Types="MinicraneRU, Tayga6436WheelAddon" TrailerNamesBlock="LargeSemitrailerOiltank">

                          </AddonsShift>
                        </Socket>
                        <Socket Offset="(-2.5; 1.53; 0)" Names="SemitrailerOiltank">
                          <AddonsShift Offset="(0; 0; 0)" Types="MinicraneRU, Tayga6436WheelAddon" TrailerNamesBlock="SemitrailerOiltank">

                          </AddonsShift>
                        </Socket>
                        <Socket Offset="(-2.5; 1.58; 0)" Names="Semitrailer">

                        </Socket>
                        <Socket Offset="(-4.23; 1.060; 0)" Names="Trailer">

                        </Socket>
                    </AddonSockets>
                    <AddonSockets>
                        <Socket Offset="(-5.958; 1.249; 0)" Names="BunkLog">

                        </Socket>
                        <Socket Offset="(-1.97; 1.244; 0)" Names="FrameAddonLogShort" NamesBlock="MinicraneRU, Tayga6436WheelAddon, Trailer">

                        </Socket>
                        <Socket Offset="(-2.5; 1.245; 0)" Names="SaddleLow">
                            <ExtraParent Offset="(0; 0; -0.04)" Frame="BoneChassis_cdt">

                            </ExtraParent>
                            <ExtraParent Offset="(0; 0; 0.04)" Frame="BoneChassis_cdt">

                            </ExtraParent>
                        </Socket>
                        <Socket Offset="(-2; 1.245; 0)" Names="SaddleHigh">
                            <ExtraParent Offset="(0; 0; -0.085)" Frame="BoneChassis_cdt">

                            </ExtraParent>
                            <ExtraParent Offset="(0; 0; 0.085)" Frame="BoneChassis_cdt">

                            </ExtraParent>
                        </Socket>
                        <Socket Offset="(-2; 1.344; 0)" Names="FrameAddon" ParentFrame="BoneChassis_cdt">
                            <AddonsShift Offset="(-1.12; 0; 0)" Types="MinicraneRU">

                            </AddonsShift>
                            <AddonsShift Offset="(-0.530; 0; 0)" Types="Tayga6436WheelAddon">

                            </AddonsShift>
                              <ExtraParent Offset="(0; -0.1; 0)" Frame="BoneChassis_cdt">

                              </ExtraParent>
                              <ExtraParent Offset="(0; -0.1; 0)" Frame="BoneChassis_cdt">

                              </ExtraParent>
                        </Socket>
                        <Socket Offset="(-2.100; 1.32; 0)" Names="FrameAddonKung" ParentFrame="BoneChassis_cdt">
                            <ExtraParent Offset="(0; 0; -0.11)" Frame="BoneChassis_cdt">

                            </ExtraParent>
                            <ExtraParent Offset="(0; 0; 0.11)" Frame="BoneChassis_cdt">

                            </ExtraParent>
                        </Socket>
                        <Socket Offset="(-3.1; 1.244; 0)" Names="FrameAddonTank" ParentFrame="BoneChassis_cdt">

                        </Socket>
                        <Socket ParentFrame="BoneChassis_cdt" Offset="(0.378; 1.244; 0)" Names="FrameAddonSeismicVibrator" NamesBlock="Trailer">

                        </Socket>
                        <Socket ParentFrame="BoneChassis_cdt" Offset="(-3.152; 1.348; 0)" Names="BigCraneRu" NamesBlock="MinicraneRU, Tayga6436WheelAddon, Trailer">
                            <ExtraParent Offset="(0; -0.1; 0)" Frame="BoneChassis_cdt">

                            </ExtraParent>
                            <ExtraParent Offset="(0; -0.1; 0)" Frame="BoneChassis_cdt">

                            </ExtraParent>
                        </Socket>
                    </AddonSockets>
                    <AddonSockets>
                      <Socket Offset="(-0.23; 1.243; 0)" Names="MinicraneRU" NamesBlock="BunkLog, FrameAddon, FrameAddonTank, FrameAddonKung, FrameAddonSeismicVibrator">
                          <AddonsShift Offset="(-0.42; 0; 0)" Types="Tayga6436WheelAddon">

                          </AddonsShift>
                              <ExtraParent Offset="(0; 0; -0.02)" Frame="BoneChassis_cdt">

                              </ExtraParent>
                              <ExtraParent Offset="(0; 0; 0.02)" Frame="BoneChassis_cdt">

                              </ExtraParent>
                      </Socket>
                    </AddonSockets>
                    <AddonSockets>
                      <Socket ParentFrame="BoneChassis_cdt" Offset="(0; 0; 0)" Names="Tayga6436WheelAddon" NamesBlock="FrameAddonKung, FrameAddonSeismicVibrator, FrameAddonTank">
                          <ExtraParent Frame="BoneCabin_cdt">

                          </ExtraParent>
                      </Socket>
                    </AddonSockets>
                    <AddonSockets DefaultAddon="tayga_6436_bumper_default">
                      <Socket Offset="(0; 0; 0)" Names="Tayga6436Bumper" ParentFrame="BoneCabin_cdt">

                      </Socket>
                    </AddonSockets>
                    <AddonSockets DefaultAddon="tayga_6436_exhaust_default">
                        <Socket Offset="(0; 0; 0)" Names="Tayga6436ExhaustDefault" ParentFrame="BoneCabin_cdt">
                          <ExtraParent Frame="BoneChassis_cdt">

                          </ExtraParent>
                        </Socket>
                        <Socket Offset="(0; 0; 0)" Names="Tayga6436Exhaust" ParentFrame="BoneCabinDamper_cdt">
                            <ExtraParent Frame="BoneCabin_cdt">

                            </ExtraParent>
                            <ExtraParent Frame="BoneChassis_cdt">

                            </ExtraParent>
                        </Socket>
                    </AddonSockets>
                    <AddonSockets DefaultAddon="tayga_6436_fender_default">
                      <Socket Offset="(0; 0; 0)" Names="Tayga6436Fender" ParentFrame="BoneChassis_cdt">
                          <ExtraParent Frame="BoneCabin_cdt">

                          </ExtraParent>
                      </Socket>
                    </AddonSockets>
                    <AddonSockets>
                      <Socket Offset="(0; 0; 0)" Names="Tayga6436Horn" ParentFrame="BoneCabinDamper_cdt">
                          <ExtraParent Frame="BoneChassis_cdt">

                          </ExtraParent>
                      </Socket>
                    </AddonSockets>
                    <AddonSockets>
                      <Socket ParentFrame="BoneCabinDamper_cdt" Offset="(0; 0; 0)" Names="Tayga6436SpotLight" NamesBlock="Tayga6436AirConditioner">
                          <ExtraParent Frame="BoneChassis_cdt">

                          </ExtraParent>
                      </Socket>
                    </AddonSockets>
                    <AddonSockets>
                      <Socket ParentFrame="BoneCabinDamper_cdt" Offset="(0; 0; 0)" Names="Tayga6436SpotLight2" NamesBlock="Tayga6436SpotLight, Tayga6436Beacon">
                          <ExtraParent Frame="BoneChassis_cdt">

                          </ExtraParent>
                      </Socket>
                    </AddonSockets>
                    <AddonSockets>
                      <Socket Offset="(0; 0; 0)" Names="Tayga6436Beacon" ParentFrame="BoneCabinDamper_cdt">
                          <ExtraParent Frame="BoneChassis_cdt">

                          </ExtraParent>
                      </Socket>
                    </AddonSockets>
                    <AddonSockets>
                      <Socket Offset="(0; 0; 0)" Names="Tayga6436Visor" ParentFrame="BoneCabinDamper_cdt">
                          <ExtraParent Frame="BoneChassis_cdt">

                          </ExtraParent>
                      </Socket>
                    </AddonSockets>
                    <AddonSockets>
                      <Socket Offset="(0.18; 0; 0)" Names="Tayga6436AirConditioner" ParentFrame="BoneCabinDamper_cdt">
                          <ExtraParent Frame="BoneChassis_cdt">

                          </ExtraParent>
                      </Socket>
                    </AddonSockets>
                    <AddonSockets>
                      <Socket Offset="(0; 0; 0)" Names="Tayga6436Gabarite" ParentFrame="BoneCabinDamper_cdt">
                          <ExtraParent Frame="BoneChassis_cdt">

                          </ExtraParent>
                      </Socket>
                    </AddonSockets>
                    <AddonSockets>
                      <Socket Offset="(0; 0; 0)" Names="Tayga6436Snorkel" ParentFrame="BoneCabinDamper_cdt">
                          <ExtraParent Frame="BoneChassis_cdt">

                          </ExtraParent>
                      </Socket>
                    </AddonSockets>
                    <AddonSockets>
                      <Socket ParentFrame="BoneCabinDamper_cdt" Offset="(2.166; 2.299; 0.049)" Names="StuffDashboard" InCockpit="true">
                          <ExtraParent Frame="BoneChassis_cdt">

                          </ExtraParent>
                      </Socket>
                    </AddonSockets>
                    <AddonSockets>
                      <Socket ParentFrame="BoneCabinDamper_cdt" Names="tayga6436Sticker_1x1_01" InCockpit="true">
                          <ExtraParent Frame="BoneChassis_cdt">

                          </ExtraParent>
                      </Socket>
                    </AddonSockets>
                    <AddonSockets>
                      <Socket ParentFrame="BoneCabinDamper_cdt" Names="tayga6436Sticker_1x1_02" InCockpit="true">
                          <ExtraParent Frame="BoneChassis_cdt">

                          </ExtraParent>
                      </Socket>
                    </AddonSockets>
                    <AddonSockets>
                      <Socket ParentFrame="BoneCabinDamper_cdt" Names="tayga6436Sticker_1x1_03" InCockpit="true">
                          <ExtraParent Frame="BoneChassis_cdt">

                          </ExtraParent>
                      </Socket>
                    </AddonSockets>
                    <AddonSockets>
                      <Socket ParentFrame="BoneCabinDamper_cdt" Names="tayga6436Sticker_1x1_04" InCockpit="true">
                          <ExtraParent Frame="BoneChassis_cdt">

                          </ExtraParent>
                      </Socket>
                    </AddonSockets>
                    <AddonSockets>
                      <Socket ParentFrame="BoneCabinDamper_cdt" Names="tayga6436Sticker_1x2_01" InCockpit="true">
                          <ExtraParent Frame="BoneChassis_cdt">

                          </ExtraParent>
                      </Socket>
                    </AddonSockets>
                    <AddonSockets>
                      <Socket ParentFrame="BoneCabinDamper_cdt" Names="tayga6436Sticker_1x2_02" InCockpit="true">
                          <ExtraParent Frame="BoneChassis_cdt">

                          </ExtraParent>
                      </Socket>
                    </AddonSockets>
                    <AddonSockets>
                      <Socket ParentFrame="BoneCabinDamper_cdt" Names="tayga6436Sticker_GlassTop" InCockpit="true">
                          <ExtraParent Frame="BoneChassis_cdt">

                          </ExtraParent>
                      </Socket>
                    </AddonSockets>
                    <AddonSockets>
                      <Socket ParentFrame="BoneCabinDamper_cdt" Names="tayga6436Sticker_GlassBottom" InCockpit="true">
                          <ExtraParent Frame="BoneChassis_cdt">

                          </ExtraParent>
                      </Socket>
                    </AddonSockets>
                    <AddonSockets>
                      <Socket Names="tayga6436Sticker_Door_L" ParentFrame="BoneCabinDamper_cdt">
                          <ExtraParent Frame="BoneChassis_cdt">

                          </ExtraParent>
                      </Socket>
                    </AddonSockets>
                    <AddonSockets>
                      <Socket Names="tayga6436Sticker_Door_R" ParentFrame="BoneCabinDamper_cdt">
                          <ExtraParent Frame="BoneChassis_cdt">

                          </ExtraParent>
                      </Socket>
                    </AddonSockets>
                    <AddonSockets>
                      <Socket Names="tayga6436Sticker_Roof" ParentFrame="BoneCabinDamper_cdt">
                          <ExtraParent Frame="BoneChassis_cdt">

                          </ExtraParent>
                      </Socket>
                    </AddonSockets>
                    <AddonSockets>
                      <Socket Names="tayga6436Sticker_Capote" ParentFrame="BoneCabinDamper_cdt">
                          <ExtraParent Frame="BoneChassis_cdt">

                          </ExtraParent>
                      </Socket>
                    </AddonSockets>
                    <AddonSockets>
                        <Socket ParentFrame="BoneCabinDamper_cdt" Offset="(1.992; 2.763; 0.744)" Names="StuffAirfreshener" InCockpit="true">
                          <ExtraParent Frame="BoneChassis_cdt">

                          </ExtraParent>
                        </Socket>
                        <Socket ParentFrame="BoneCabinDamper_cdt" Names="StuffCurtainTayga6436" InCockpit="true">
                          <ExtraParent Frame="BoneChassis_cdt">

                          </ExtraParent>
                        </Socket>
                    </AddonSockets>
                    <AddonSockets>
                      <Socket Names="StuffHoodTayga6436" ParentFrame="BoneCabinDamper_cdt">
                          <ExtraParent Frame="BoneChassis_cdt">

                          </ExtraParent>
                      </Socket>
                    </AddonSockets>
                      <CraneSocket Pos="(4.045; 1.064; -0.444)" ParentFrame="BoneCabin_cdt">

                      </CraneSocket>
                      <CraneSocket Pos="(4.045; 1.064; 0.444)" ParentFrame="BoneCabin_cdt">

                      </CraneSocket>
                      <CraneSocket Pos="(-4.197; 1.064; 0)">

                      </CraneSocket>
                      <CraneSocket Pos="(-0.728; 1.064; -0.445)">

                      </CraneSocket>
                      <CraneSocket Pos="(-0.728; 1.064; 0.445)">

                      </CraneSocket>
                        <WinchSocket Pos="(4.045; 1.064; -0.444)" ParentFrame="BoneCabin_cdt">

                        </WinchSocket>
                        <WinchSocket Pos="(4.045; 1.064; 0.444)" ParentFrame="BoneCabin_cdt">

                        </WinchSocket>
                        <WinchSocket Pos="(-4.197; 1.064; 0)">

                        </WinchSocket>
                        <WinchSocket Pos="(-0.728; 1.064; -0.445)">

                        </WinchSocket>
                        <WinchSocket Pos="(-0.728; 1.064; 0.445)">

                        </WinchSocket>
        </GameData>
        <PhysicsModel Mesh="trucks/tayga_6436">
                <Body NetSync="pv" CenterOfMassOffset="(-0.3; 0; 0)" ModelFrame="BoneChassis_cdt" Mass="5000" ImpactType="Truck">
                    <Body NetSync="pv" CenterOfMassOffset="(-0.5; 0; 0)" ModelFrame="BoneCabin_cdt" Mass="4000" ImpactType="Truck">
                        <Constraint Type="Hinge" MaxLimit="22" AxisLocal="(1; 0; 0)" MinLimit="-22" PivotOffset="(0; 0; 0)">
                            <Motor Spring="600000" Damping=".001" Type="Spring">

                            </Motor>
                        </Constraint>
                            <Body ModelFrame="BoneCabinDamper_cdt" Mass="2000" ImpactType="Truck">
                              <Constraint Type="Ragdoll" PlaneMin="-3" PlaneMax="3" TwistAxisLocal="(0; 1; 0)" Cone="4.5" PlaneAxisLocal="(0; 0; 1)">
                                  <ConeMotor Spring="1500000" Damping="700000" Type="Spring">

                                  </ConeMotor>
                                  <PlaneMotor Spring="3000000" Damping="1500000" Type="Spring">

                                  </PlaneMotor>
                              </Constraint>
                                  <Body ModelFrame="BoneLeftMudguard_cdt" _template="Mudguard">
                                    <Constraint MinLimit="-20" MaxLimit="30" AxisLocal="(1; 0; 0)">

                                    </Constraint>
                                  </Body>
                                  <Body ModelFrame="BoneRightMudguard_cdt" _template="Mudguard">
                                    <Constraint MinLimit="-20" MaxLimit="30" AxisLocal="(1; 0; 0)">

                                    </Constraint>
                                  </Body>
                                  <Body ModelFrame="BoneMirrorLeft_cdt" _template="SideMirror">
                                    <Constraint AxisLocal="(0; 1; 0)">

                                    </Constraint>
                                  </Body>
                                  <Body ModelFrame="BoneMirrorRight_cdt" _template="SideMirror">
                                    <Constraint AxisLocal="(0; 1; 0)">

                                    </Constraint>
                                  </Body>
                                  <Body Mass="0.2" ModelFrame="BoneKeyRing_cdt">
                                    <Constraint Type="Ragdoll" PlaneMin="-15" PlaneMax="5" TwistAxisLocal="(0; 1; 0)" Cone="15" PlaneAxisLocal="(-1; 0; 0)">
                                        <ConeMotor Spring="0" Damping="1" Type="Spring">

                                        </ConeMotor>
                                        <PlaneMotor Spring="0" Damping="1" Type="Spring">

                                        </PlaneMotor>
                                    </Constraint>
                                    <Body Mass="0.3" ModelFrame="BoneKeyChain_cdt">
                                          <Constraint Type="Ragdoll" PlaneMin="-30" PlaneMax="30" TwistAxisLocal="(0; 1; 0)" Cone="30" PlaneAxisLocal="(-1; 0; 0)">
                                              <ConeMotor Spring="0" Damping="1" Type="Spring">

                                              </ConeMotor>
                                              <PlaneMotor Spring="0" Damping="1" Type="Spring">

                                              </PlaneMotor>
                                          </Constraint>
                                    </Body>
                                  </Body>
                                  <Body Mass="100" ModelFrame="BoneSeat_cdt">
                                    <Constraint Type="Prismatic" MaxLimit="0.1" AxisLocal="(0; 1; 0)" MinLimit="-0.2">
                                        <Motor Spring="200000" Damping="10000" Type="Spring">

                                        </Motor>
                                    </Constraint>
                                  </Body>
                            </Body>
                            <Body ModelFrame="BoneTieRod_cdt" _template="TieRod">
                              <Constraint MaxLimit="25" AxisLocal="(0; 0; 1)" MinLimit="-25" Name="TieRodSteer">

                              </Constraint>
                            </Body>
                    </Body>
                </Body>
                <NetSync Legacy="false">

                </NetSync>
        </PhysicsModel>
        <ControlledConstraints>
                  <Constraint IsLinkedSteering="true" Id="chassis_steer" Name="TieRodSteer">

                  </Constraint>
        </ControlledConstraints>
        <ModelAttachments>
                    <Ignition>
                          <Flare Pos="(2.227; 2.905; 0.005)" Dir="(1; 0; 0)" _template="IgnitionSignalOrange" ParentFrame="BoneCabin_cdt">

                          </Flare>
                          <Flare Pos="(2.227; 2.905; 0.114)" Dir="(1; 0; 0)" _template="IgnitionSignalOrange" ParentFrame="BoneCabin_cdt">

                          </Flare>
                          <Flare Pos="(2.227; 2.905; -0.114)" Dir="(1; 0; 0)" _template="IgnitionSignalOrange" ParentFrame="BoneCabin_cdt">

                          </Flare>
                          <Flare Pos="(2.108; 2.888; 0.826)" Dir="(1; 0; 0)" _template="IgnitionSignalOrange" Color="g(167; 153; 138) x 0.7" Size="0.12" ParentFrame="BoneCabin_cdt">

                          </Flare>
                          <Flare Pos="(2.108; 2.888; -0.826)" Dir="(1; 0; 0)" _template="IgnitionSignalOrange" Color="g(167; 153; 138) x 0.7" Size="0.12" ParentFrame="BoneCabin_cdt">

                          </Flare>
                    </Ignition>
        </ModelAttachments>
        <Landmark MaxScale="3.8" Mesh="landmarks/tayga_6436_lmk" MinScale="1.8">

        </Landmark>
        <AutomaticIK>
                        <IKBone ParentFrame="BoneTieRod_cdt" ModelFrame="BoneTieRodHinge2">
                            <IKJoint Type="Hinge2" AxisLocal="(1; 0; 0)">

                            </IKJoint>
                            <IKBone AttachToFrame="BoneRackLeft" AttachOffset="(0; 0; 0)" ModelFrame="BoneTieRodPrismatic">
                                  <IKJoint Type="Slider" AxisLocal="(1; 0; 0)">

                                  </IKJoint>
                            </IKBone>
                        </IKBone>
        </AutomaticIK>
        <TruckData SteerSpeed="0.03" EngineStartDelay="0.8" EngineIconMesh="env/engine_default" TruckType="OFFROAD" Responsiveness="0.15" BackSteerSpeed="0.03" TruckImage="Tayga6436mchr" FuelCapacity="330" DiffLockType="Always" ExhaustStartTime="0.9" EngineIconScale="1.3">
                          <Driver Pos="(1.35; 1.858; 0.449)" ParentFrame="BoneSeat_cdt" AnimationSet="HeavyTruck" SteeringWheelPos="(1.736; 2.203; 0.45)">

                          </Driver>
                          <SoundsDamage _template="Heavy">

                          </SoundsDamage>
                          <OcclusionMap HalfSizeZ="2.1" MinX="-5" MaxX="4.7">

                          </OcclusionMap>
                          <FuelTank DamageCapacity="50">

                          </FuelTank>
                          <Intake Size="1.219" Dir="(1; 0; 0)" Origin="(3.986; 1.624; 0)">

                          </Intake>
                          <EngineSocket Type="e_ru_truck_old_heavy" Default="ru_truck_old_heavy_engine_0">

                          </EngineSocket>
                          <SuspensionSocket Type="s_tayga_6436" MaxWheelRadiusWithoutSuspension="0.5" Default="tayga_6436_suspension_default">

                          </SuspensionSocket>
                          <Dashboard>
                                              <Gauge InputRange="(0;1)" Dir="(-0.84; 0.542; 0)" InputType="engineEnabled" Org="(1.921; 2.182; 0.644)" Damping="0.9995" Mesh="trucks/arrows/tayga_6436_arrow_03" OutputAngles="(-50;10)">

                                              </Gauge>
                                              <Gauge InputRange="(0;1)" Dir="(-0.84; 0.542; 0)" InputType="engineEnabled" Org="(1.86; 2.089; 0.613)" Damping="0.99" Mesh="trucks/arrows/tayga_6436_arrow_03" OutputAngles="(-60;0)">

                                              </Gauge>
                                              <Gauge InputRange="(0;1)" Dir="(-0.84; 0.542; 0)" InputType="rpm" Org="(1.928; 2.194; 0.519)" Damping="0.9" Mesh="trucks/arrows/tayga_6436_arrow_02" OutputAngles="(-90;90)">

                                              </Gauge>
                                              <Gauge InputRange="(0;160)" Dir="(-0.84; 0.542; 0)" InputType="speed" Org="(1.928; 2.194; 0.384)" Damping="0.9" Mesh="trucks/arrows/tayga_6436_arrow_02" OutputAngles="(-135;135)">

                                              </Gauge>
                                              <Gauge InputRange="(0;1)" Dir="(-0.84; 0.542; 0)" InputType="fuel" Org="(1.92; 2.182; 0.266)" Damping="0.9" Mesh="trucks/arrows/tayga_6436_arrow_03" OutputAngles="(-50;50)">

                                              </Gauge>
                                              <Gauge InputRange="(0;1)" Dir="(-0.84; 0.542; 0)" InputType="engineEnabled" Org="(1.861; 2.090; 0.293)" Damping="0.9" Mesh="trucks/arrows/tayga_6436_arrow_03" OutputAngles="(-50;0)">

                                              </Gauge>
                                              <Gauge InputRange="(0;1)" Dir="(-0.84; 0.542; 0)" InputType="engineEnabled" Org="(1.869; 2.101; 0.025)" Damping="0.9" Mesh="trucks/arrows/tayga_6436_arrow_01" OutputAngles="(-120;20)">

                                              </Gauge>
                          </Dashboard>
                          <Axles>
                                                <Axle Frame="BoneAxle1">

                                                </Axle>
                                                <Axle Frame="BoneAxle2">

                                                </Axle>
                                                <Axle Frame="BoneAxle3">

                                                </Axle>
                          </Axles>
                          <Camera Center="(-1.7; 0; 0)" ParentFrame="BoneCabinDamper_cdt">
                                                <Cockpit WindshieldDiffuseTexture="trucks/tayga_6436_glass__d_a.tga" _template="Default" WindshieldShadingTexture="trucks/tayga_6436_glass__sh_d.tga" ViewPos="(1.254; 2.6; 0.45)">
                                                      <Mirror FOVScale="2" ClipDir="(-0.927; 0; -0.375)" MeshFrame="mirror_left" Pos="(1.93; 2.495; 1.352)" ReflectionDir="(-0.927; 0; -0.375)" Size="(0.229; 0.425)" ClipOffset="0.1">

                                                      </Mirror>
                                                      <Mirror FOVScale="2" ClipDir="(-0.848; 0; 0.530)" MeshFrame="mirror_right" Pos="(1.941; 2.495; -1.347)" ReflectionDir="(-0.848; 0; 0.530)" Size="(0.229; 0.425)" ClipOffset="0.1">

                                                      </Mirror>
                                                </Cockpit>
                          </Camera>
                                                <CompatibleWheels Type="wheels_heavy_double1" Scale="0.6" RearOffsetZ="-0.02">

                                                </CompatibleWheels>
                                                <CompatibleWheels Type="wheels_heavy_double2" Scale="0.6" RearOffsetZ="-0.02">

                                                </CompatibleWheels>
                                                <CompatibleWheels Type="wheels_heavy_single" Scale="0.6">

                                                </CompatibleWheels>
                                                <CompatibleWheels Type="wheels_heavy_single2" Scale="0.6">

                                                </CompatibleWheels>
                                                <CompatibleWheels Type="wheels_heavy_mudtires_tayga" Scale="0.6">

                                                </CompatibleWheels>
                                                <CompatibleWheels Type="wheels_heavy_double1" Scale="0.65" RearOffsetZ="0.08">

                                                </CompatibleWheels>
                                                <CompatibleWheels Type="wheels_heavy_double2" Scale="0.65" RearOffsetZ="0.08">

                                                </CompatibleWheels>
                                                <CompatibleWheels Type="wheels_heavy_single" Scale="0.65">

                                                </CompatibleWheels>
                                                <CompatibleWheels Type="wheels_heavy_single2" Scale="0.65">

                                                </CompatibleWheels>
                                                <CompatibleWheels Type="wheels_heavy_mudtires_tayga" Scale="0.65">

                                                </CompatibleWheels>
                                                  <LimitedFluid SizeX="1.38" Center="(0.216; 0.911; -0.898)" Type="Box" SizeZ="0.67" SizeY="0.6">

                                                  </LimitedFluid>
                                                  <LimitedFluid SizeX="0.91" Center="(0.455; 0.911; 0.898)" Type="Box" SizeZ="0.67" SizeY="0.6">

                                                  </LimitedFluid>
                          <Sounds ParentFrame="BoneCabinDamper_cdt" _template="Default" AirHissInterval="12.0" MinDist="10.0" Origin="(2.86; 1.64; 0)" DisableReversePitch="false">
                                                      <Reverse Sound="">

                                                      </Reverse>
                                                      <EngineTrans Sound="">

                                                      </EngineTrans>
                                                      <EngineLow Sound="trucks/tayga_6436/tayga_6436_low">

                                                      </EngineLow>
                                                      <EngineHigh Sound="trucks/tayga_6436/tayga_6436_high">

                                                      </EngineHigh>
                                                      <HandbrakeOff Sound="trucks/tayga_6436/tayga_6436_handbrake_off">

                                                      </HandbrakeOff>
                                                      <AbruptStop Sound="trucks/common/truck_swing_big_rnd_set/truck_swing_big_rnd">

                                                      </AbruptStop>
                                                      <EngineRev Sound="trucks/tayga_6436/tayga_6436_rev">

                                                      </EngineRev>
                                                      <EngineHeavy_2d IsSound2D="true" Sound="trucks/tayga_6436/tayga_6436_heavy_2d">

                                                      </EngineHeavy_2d>
                                                      <EngineHeavy Sound="trucks/tayga_6436/tayga_6436_heavy">

                                                      </EngineHeavy>
                                                      <EngineHigh_2d IsSound2D="true" Sound="trucks/tayga_6436/tayga_6436_high_2d">

                                                      </EngineHigh_2d>
                                                      <EngineLow_2d IsSound2D="true" Sound="trucks/tayga_6436/tayga_6436_low_2d">

                                                      </EngineLow_2d>
                                                      <EngineIdle_2d IsSound2D="true" Sound="trucks/tayga_6436/tayga_6436_idle_2d">

                                                      </EngineIdle_2d>
                                                      <EngineStart Sound="trucks/tayga_6436/tayga_6436_start">

                                                      </EngineStart>
                                                      <Handbrake Sound="trucks/tayga_6436/tayga_6436_handbrake_on">

                                                      </Handbrake>
                                                      <Honk Sound="trucks/tayga_6436/tayga_6436_honk">

                                                      </Honk>
                                                      <EngineIdle Sound="trucks/tayga_6436/tayga_6436_idle">

                                                      </EngineIdle>
                                                      <BrakesSqueal Sound="trucks/tayga_6436/tayga_6436_brakes_squeal">

                                                      </BrakesSqueal>
                                                      <EngineStop Sound="trucks/tayga_6436/tayga_6436_stop">

                                                      </EngineStop>
                                                      <BrakeRelease Sound="trucks/common/truck_brake_release_alt2_rnd_set/truck_brake_release_alt2_rnd">

                                                      </BrakeRelease>
                                                      <EngineAccel Sound="trucks/tayga_6436/tayga_6436_rev">

                                                      </EngineAccel>
                          </Sounds>
                          <Wheels DefaultWheelType="wheels_heavy_double1" DefaultTire="highway_1" DefaultRim="rim_6">
                                                          <Wheel Pos="(2.801; 0.615; 1.060)" _template="FrontWheel">

                                                          </Wheel>
                                                          <Wheel RightSide="true" Pos="(2.801; 0.615; 1.060)" _template="FrontWheel">

                                                          </Wheel>
                                                          <Wheel Pos="(-1.789; 0.615; 1.060)" _template="RearWheel">

                                                          </Wheel>
                                                          <Wheel RightSide="true" Pos="(-1.789; 0.615; 1.060)" _template="RearWheel">

                                                          </Wheel>
                                                          <Wheel Pos="(-3.207; 0.615; 1.060)" _template="RearWheel">

                                                          </Wheel>
                                                          <Wheel RightSide="true" Pos="(-3.207; 0.615; 1.060)" _template="RearWheel">

                                                          </Wheel>
                          </Wheels>
                                                        <Steam Origin="(0.23; 1.307; 0)">

                                                        </Steam>
                                                        <Steam Scale="0.5" Origin="(2.674; 1.307; 0)" ParentFrame="BoneCabinDamper_cdt">

                                                        </Steam>
                          <GearboxSocket Type="gearboxes_trucks" Default="g_truck_default">

                          </GearboxSocket>
                          <WinchUpgradeSocket Type="winches_medium_trucks" Default="w_medium_trucks_default" IsUpgradable="true">

                          </WinchUpgradeSocket>
                          <SteeringRack Frame="BoneRack" RackHalfSizeZ="0.88" FrameSteerLeft="BoneRackLeft" FrameSteerRight="BoneRackRight">

                          </SteeringRack>
                          <SteeringWheel Frame="BoneSteering">

                          </SteeringWheel>
                          <SoundsWheels _template="Default">

                          </SoundsWheels>
                          <Damage>
                                                                        <DamageArea Min="(2; 0.9; -0.6)" ParentFrame="BoneCabin_cdt" Max="(4; 2.3; 0.6)" Type="Engine">

                                                                        </DamageArea>
                                                                        <DamageArea Min="(-0.5; 0.5; -1.3)" ParentFrame="BoneChassis_cdt" Max="(0.95; 1.3; 1.3)" Type="FuelTank">

                                                                        </DamageArea>
                          </Damage>
                          <Shafts>
                                                                          <Shaft SocketPointA="Shaft1a" SocketPointB="Shaft1b">

                                                                          </Shaft>
                                                                          <Shaft SocketPointA="Shaft2a" SocketPointB="Shaft2b">

                                                                          </Shaft>
                                                                          <Shaft SocketPointA="Shaft3a" SocketPointB="Shaft3b">

                                                                          </Shaft>
                                                                          <Shaft SocketPointA="Shaft4a" SocketPointB="Shaft4b">

                                                                          </Shaft>
                          </Shafts>
        </TruckData>
  </Truck>