  <_templates Include="trucks">
      <Wheel>
          <RearAxle Location="rear" ConnectedToHandbrake="true" Torque="default">

          </RearAxle>
          <FirstAxle ParentFrame="BoneCabin_cdt" SteeringAngle="32" Location="front" SteeringJointOffset="0.3" Torque="default" SteeringCastor="0">

          </FirstAxle>
          <SecondAxle SteeringCastor="4" SteeringAngle="24" _template="FirstAxle">

          </SecondAxle>
      </Wheel>
      <Body>
            <Hook Mass="10" Collisions="None">
                <Constraint Type="Hinge" MaxLimit="3" AxisLocal="(0; 0; 1)" MinLimit="0">

                </Constraint>
            </Hook>
      </Body>
  </_templates>
  <Truck>
        <HeadLight Pos="(4.273; 1.098; 0)" _template="Default">

        </HeadLight>
        <GameData UnlockByExploration="true" Price="106700" UnlockByRank="1" Country="RU,CAS">
              <CustomizationCameras>
                    <CameraPos Name="roof_sticker" InterestPosition="(1.597; 0.674; -0.498)" Position="(6.777; 5.943; -0.106)" Interior="true" FOV="32.0">

                    </CameraPos>
                    <CameraPos Name="sticker_1" InterestPosition="(7.736; 1.695; 2.324)" Position="(4.861; 1.677; -0.658)" Interior="true" FOV="32.0">

                    </CameraPos>
                    <CameraPos MaxYRotation="360" MaxZoom="2" Name="addon_1" InterestPosition="(0.697; 1.869; 0)" Position="(-7.265; 3.31; 8.244)" MaxXRotation="360" FOV="32.0">

                    </CameraPos>
                    <CameraPos MaxYRotation="360" MaxZoom="2" Name="addon_2" InterestPosition="(3.194; 1.807; 0)" Position="(-8.093; 2.337; -6.718)" MaxXRotation="360" FOV="32.0">

                    </CameraPos>
                    <CameraPos Name="mirror_mount" InterestPosition="(7.736; 1.695; 2.324)" Position="(4.861; 1.677; -0.658)" Interior="true" FOV="32.0">

                    </CameraPos>
                    <CameraPos MaxYRotation="360" MaxZoom="2" Name="side_r" InterestPosition="(4.764; 1.97; -0)" Position="(-0.226; 4.969; -4.508)" MaxXRotation="360" FOV="32.0">

                    </CameraPos>
                    <CameraPos Name="sticker" InterestPosition="(7.752; 0.707; 0.089)" Position="(5.068; 2.039; 0.005)" Interior="true" FOV="32.0">

                    </CameraPos>
                    <CameraPos Name="glass_sticker" InterestPosition="(4.832; 1.273; -1.119)" Position="(9.164; 2.715; 0.97)" Interior="true" FOV="32.0">

                    </CameraPos>
                    <CameraPos Name="door_r_sticker" InterestPosition="(4.582; 1.255; 1.593)" Position="(1.592; 1.77; 3.23)" Interior="true" FOV="32.0">

                    </CameraPos>
                    <CameraPos MaxYRotation="360" MaxZoom="2" Name="roof" InterestPosition="(3.76; 1.352; 0)" Position="(9.577; 4.402; -3.898)" MaxXRotation="360" FOV="32.0">

                    </CameraPos>
                    <CameraPos Name="capote_sticker" InterestPosition="(5.048; 1.335; -0.771)" Position="(7.918; 4.649; -0.237)" Interior="true" FOV="32.0">

                    </CameraPos>
                    <CameraPos MaxYRotation="360" MaxZoom="2" Name="hoods" InterestPosition="(5.085; 1.623; 0)" Position="(12.823; 1.44; -4.73)" MaxXRotation="360" FOV="32.0">

                    </CameraPos>
                    <CameraPos Name="sticker_2" InterestPosition="(6.662; 0.61; 1.935)" Position="(5.221; 1.595; 0.03)" Interior="true" FOV="32.0">

                    </CameraPos>
                    <CameraPos MaxYRotation="360" MaxZoom="2" Name="side_l" InterestPosition="(5.186; 1.352; 0)" Position="(10.692; 4.402; -3.898)" MaxXRotation="360" FOV="32.0">

                    </CameraPos>
                    <CameraPos Name="bubble_head" InterestPosition="(6.594; 1.391; 2.082)" Position="(5.115; 1.677; -0.399)" Interior="true" FOV="32.0">

                    </CameraPos>
                    <CameraPos MaxYRotation="360" MaxZoom="2" Name="wheels" InterestPosition="(4.207; 0.853; -0)" Position="(-2.998; 2.036; -6.125)" MaxXRotation="360" FOV="32.0">

                    </CameraPos>
                    <CameraPos MaxYRotation="360" MaxZoom="2" Name="default" InterestPosition="(5.085; 1.623; 0)" Position="(12.823; 1.44; -4.73)" MaxXRotation="360" FOV="32.0">

                    </CameraPos>
                    <CameraPos MaxYRotation="360" MaxZoom="2" Name="rear" InterestPosition="(1.169; 1.557; -0)" Position="(-4.101; 4.145; 3.662)" MaxXRotation="360" FOV="32.0">

                    </CameraPos>
                    <CameraPos Name="door_l_sticker" InterestPosition="(3.36; 1.341; -0)" Position="(1.814; 1.599; -3.266)" Interior="true" FOV="32.0">

                    </CameraPos>
              </CustomizationCameras>
              <UiDesc UiName="UI_VEHICLE_TUZ_420_TATARIN_NAME" UiDesc="UI_VEHICLE_TUZ_420_TATARIN_DESC" UiIconLogo="TUZLogo80" UiIcon40x40="scoutVehicleImg" UiIcon30x30="scoutVehicleImg30" UiIcon328x458="shopImgTuz420tatarin">

              </UiDesc>
                    <AddonSockets>
                      <Socket Names="Tuz420TatarinTrunk">

                      </Socket>
                    </AddonSockets>
                    <AddonSockets>
                      <Socket Names="Tuz420TatarinSpotlight">

                      </Socket>
                    </AddonSockets>
                    <AddonSockets>
                      <Socket Names="Tuz420TatarinBeacon">

                      </Socket>
                    </AddonSockets>
                    <AddonSockets>
                      <Socket Names="Tuz420TatarinVisor1">

                      </Socket>
                    </AddonSockets>
                    <AddonSockets>
                      <Socket Names="Tuz420TatarinVisor2">

                      </Socket>
                    </AddonSockets>
                    <AddonSockets>
                      <Socket Names="Tuz420TatarinHorn">

                      </Socket>
                    </AddonSockets>
                    <AddonSockets>
                      <Socket ParentFrame="BoneCabin_cdt" Offset="(0; 0; 0)" Names="Tuz420TatarinSticker_1x1_01" InCockpit="true">

                      </Socket>
                    </AddonSockets>
                    <AddonSockets>
                      <Socket ParentFrame="BoneCabin_cdt" Offset="(0; 0; 0)" Names="Tuz420TatarinSticker_1x1_02" InCockpit="true">

                      </Socket>
                    </AddonSockets>
                    <AddonSockets>
                      <Socket ParentFrame="BoneCabin_cdt" Offset="(0; 0; 0)" Names="Tuz420TatarinSticker_1x1_03" InCockpit="true">

                      </Socket>
                    </AddonSockets>
                    <AddonSockets>
                      <Socket ParentFrame="BoneCabin_cdt" Offset="(0; 0; 0)" Names="Tuz420TatarinSticker_1x1_04" InCockpit="true">

                      </Socket>
                    </AddonSockets>
                    <AddonSockets>
                      <Socket ParentFrame="BoneCabin_cdt" Offset="(0; 0; 0)" Names="Tuz420TatarinSticker_1x2_01" InCockpit="true">

                      </Socket>
                    </AddonSockets>
                    <AddonSockets>
                      <Socket ParentFrame="BoneCabin_cdt" Offset="(0; 0; 0)" Names="Tuz420TatarinSticker_1x2_02" InCockpit="true">

                      </Socket>
                    </AddonSockets>
                    <AddonSockets>
                      <Socket ParentFrame="BoneCabin_cdt" Offset="(2.373; 1.854; 0)" Names="StuffAirfreshener" InCockpit="true">

                      </Socket>
                    </AddonSockets>
                    <AddonSockets>
                      <Socket Dir="(0.721; 0.126; 0.681)" ParentFrame="BoneCabin_cdt" Offset="(2.676; 1.543; -0.568)" Names="StuffDashboard" UpDir="(-0.133; 0.99; 0.043)" InCockpit="true">

                      </Socket>
                    </AddonSockets>
                    <AddonSockets>
                      <Socket ParentFrame="BoneCabin_cdt" Names="tuz420TatarinSticker_GlassTop" InCockpit="true">

                      </Socket>
                    </AddonSockets>
                    <AddonSockets>
                      <Socket ParentFrame="BoneCabin_cdt" Names="tuz420TatarinSticker_GlassBottom" InCockpit="true">

                      </Socket>
                    </AddonSockets>
                    <AddonSockets>
                      <Socket Names="tuz420TatarinSticker_Door_L" ParentFrame="BoneCabin_cdt">

                      </Socket>
                    </AddonSockets>
                    <AddonSockets>
                      <Socket Names="tuz420TatarinSticker_Door_R" ParentFrame="BoneCabin_cdt">

                      </Socket>
                    </AddonSockets>
                    <AddonSockets>
                      <Socket Names="tuz420TatarinSticker_Capote" ParentFrame="BoneCabin_cdt">

                      </Socket>
                    </AddonSockets>
                    <AddonSockets>
                      <Socket Names="tuz420TatarinSticker_Roof" ParentFrame="BoneCabin_cdt">

                      </Socket>
                    </AddonSockets>
                      <CraneSocket Pos="(3.549; 1.038; -0.908)">

                      </CraneSocket>
                      <CraneSocket Pos="(3.549; 1.038; 0.908)">

                      </CraneSocket>
                      <CraneSocket Pos="(1.666; 1.585; -1.437)">

                      </CraneSocket>
                      <CraneSocket Pos="(1.666; 1.585; 1.437)">

                      </CraneSocket>
                      <CraneSocket Pos="(-3.56; 1.43; 0)">

                      </CraneSocket>
                        <WinchSocket Pos="(3.549; 1.038; -0.908)">

                        </WinchSocket>
                        <WinchSocket Pos="(3.549; 1.038; 0.908)">

                        </WinchSocket>
                        <WinchSocket Pos="(1.666; 1.585; -1.437)">

                        </WinchSocket>
                        <WinchSocket Pos="(1.666; 1.585; 1.437)">

                        </WinchSocket>
                        <WinchSocket Pos="(-3.56; 1.43; 0)">

                        </WinchSocket>
        </GameData>
        <PhysicsModel Mesh="trucks/tuz_420_tatarin">
                <Body CenterOfMassOffset="(-1.6; 0; 0)" NetSync="pv" Mass="7000" ImpactType="Truck">
                      <Body NetSync="pv" CenterOfMassOffset="(1.7; -1; 0)" ModelFrame="BoneCabin_cdt" Mass="7000" ImpactType="Truck">
                        <Constraint Type="Fixed">

                        </Constraint>
                            <Body ModelFrame="BoneMirrorLeft_cdt" Mass="1.5" _template="SideMirror">

                            </Body>
                            <Body ModelFrame="BoneMirrorRight_cdt" Mass="1.5" _template="SideMirror">

                            </Body>
                            <Body ModelFrame="BoneHookLeft_cdt" _template="Hook">

                            </Body>
                            <Body ModelFrame="BoneHookRight_cdt" _template="Hook">

                            </Body>
                            <Body ModelFrame="BoneSunshieldRight_cdt" Mass="5" Collisions="None">
                              <Constraint Type="Hinge" MaxLimit="5" AxisLocal="(0; 1; 0)" MinLimit="0">

                              </Constraint>
                            </Body>
                            <Body ModelFrame="BoneShield_cdt" Mass="100" Collisions="None">
                              <Constraint Type="Hinge" MaxLimit="0" AxisLocal="(0; 0; 1)" MinLimit="-5">

                              </Constraint>
                            </Body>
                            <Body ModelFrame="BoneDevice_cdt" Mass="3" Collisions="None">
                              <Constraint Type="Hinge" MaxLimit="10" AxisLocal="(0; 0; 1)" MinLimit="-10">
                                  <Motor Spring="50" Damping="1" Type="Spring">

                                  </Motor>
                              </Constraint>
                            </Body>
                      </Body>
                      <Body ModelFrame="BoneFanCap_cdt" Mass="20" Collisions="None">
                        <Constraint Type="Hinge" MaxLimit="5" AxisLocal="(0; 0; 1)" MinLimit="-5">
                            <Motor Spring="100" Damping="1" Type="Spring">

                            </Motor>
                        </Constraint>
                      </Body>
                </Body>
                <NetSync Legacy="false">

                </NetSync>
        </PhysicsModel>
        <ModelAttachments>
                  <HeadLight>
                        <Flare Pos="(3.114; 1.385; -1.326)" _template="HeadLight" Color="g(255; 225; 180) x 0.6" Size=".25">

                        </Flare>
                        <Flare Pos="(3.114; 1.385; 1.326)" _template="HeadLight" Color="g(255; 225; 180) x 0.6" Size=".25">

                        </Flare>
                        <Flare Pos="(3.114; 1.385; -1.326)" _template="BlueStreak">

                        </Flare>
                        <Flare Pos="(3.114; 1.385; 1.326)" _template="BlueStreak">

                        </Flare>
                        <Flare Pos="(2.267; 2.109; -0.259)" _template="HeadLight" Color="g(255; 235; 205) x 0.35" Size=".3">

                        </Flare>
                        <Flare Pos="(2.267; 2.109; 0.259)" _template="HeadLight" Color="g(255; 235; 205) x 0.35" Size=".3">

                        </Flare>
                        <Flare Pos="(2.267; 2.109; -0.442)" _template="HeadLight" Color="g(255; 235; 205) x 0.35" Size=".3">

                        </Flare>
                        <Flare Pos="(2.267; 2.109; 0.442)" _template="HeadLight" Color="g(255; 235; 205) x 0.35" Size=".3">

                        </Flare>
                        <Flare Pos="(2.267; 2.109; -0.259)" _template="BlueStreak">

                        </Flare>
                        <Flare Pos="(2.267; 2.109; 0.259)" _template="BlueStreak">

                        </Flare>
                          <Model Org="(3.114; 1.385; -1.326)" _template="HeadLightRay">

                          </Model>
                          <Model Org="(3.114; 1.385; 1.326)" _template="HeadLightRay">

                          </Model>
                          <Model Org="(2.267; 2.109; -0.259)" _template="HeadLightRay">

                          </Model>
                          <Model Org="(2.267; 2.109; 0.259)" _template="HeadLightRay">

                          </Model>
                  </HeadLight>
                  <StopSignals>
                        <Light Pos="(-4.078; 0.89; 0)" _template="StopSignal">

                        </Light>
                            <Flare Pos="(-3.608; 1.825; -0.89)" Size="0.4" _template="StopSignal">

                            </Flare>
                            <Flare Pos="(-3.608; 1.825; 0.89)" Size="0.4" _template="StopSignal">

                            </Flare>
                  </StopSignals>
                  <Ignition>
                            <Light Pos="(4.3; 1.013; 1)" _template="IgnitionSignalWhite">

                            </Light>
                            <Light Pos="(4.3; 1.013; -1)" _template="IgnitionSignalWhite">

                            </Light>
                            <Light Pos="(-4.25; 1.025; 0)" _template="IgnitionSignalRed">

                            </Light>
                              <Flare Pos="(3.114; 1.385; -1.326)" _template="IgnitionSignalWhite">

                              </Flare>
                              <Flare Pos="(3.114; 1.385; 1.326)" _template="IgnitionSignalWhite">

                              </Flare>
                              <Flare Pos="(2.961; 1.46; -1.478)" Dir="(1; 0; 0)" _template="IgnitionSignalOrange" Size="0.2">

                              </Flare>
                              <Flare Pos="(2.961; 1.46; 1.478)" Dir="(1; 0; 0)" _template="IgnitionSignalOrange" Size="0.2">

                              </Flare>
                              <Flare Pos="(-3.621; 1.825; -0.959)" _template="IgnitionSignalRed">

                              </Flare>
                              <Flare Pos="(-3.621; 1.825; 0.959)" _template="IgnitionSignalRed">

                              </Flare>
                  </Ignition>
                  <ReverseSignals>
                            <Light Pos="(-3.647; 1.975; 0.19)" Color="g(240; 220; 220) x 1.0" _template="ReverseSignal">

                            </Light>
                                <Flare Pos="(-3.647; 1.975; 0.19)" _template="ReverseSignal" Color="g(240; 230; 220) x 0.6" Size="0.4">

                                </Flare>
                                <Flare Pos="(-3.647; 1.975; 0.19)" Dir="(-1; 0; 0)" _template="BlueStreak" Color="g(220; 220; 255) x 0.05" Size="0.4">

                                </Flare>
                  </ReverseSignals>
        </ModelAttachments>
        <Landmark MaxScale="3.8" Mesh="landmarks/tuz_420_tatarin_lmk" MinScale="1.8">

        </Landmark>
                    <Rotator RotationSpeed="12" Frame="BoneRotatorFanL">

                    </Rotator>
                    <Rotator RotationSpeed="12" Frame="BoneRotatorFanR">

                    </Rotator>
        <AutomaticIK>
                          <IKBone ParentFrame="BoneCabin_cdt" ModelFrame="BoneBalancer1_L1">
                            <IKJoint Type="Hinge" AxisLocal="(1; 0; 0)">

                            </IKJoint>
                            <IKBone AttachToFrame="BoneAxleL1" AttachOffset="(0; 0; 0)" ModelFrame="BoneBalancer2_L1">
                                  <IKJoint Type="Hinge" AxisLocal="(1; 0; 0)">

                                  </IKJoint>
                            </IKBone>
                          </IKBone>
                          <IKBone ParentFrame="BoneCabin_cdt" ModelFrame="BoneBalancer1_R1">
                            <IKJoint Type="Hinge" AxisLocal="(1; 0; 0)">

                            </IKJoint>
                            <IKBone AttachToFrame="BoneAxleR1" AttachOffset="(0; 0; 0)" ModelFrame="BoneBalancer2_R1">
                                  <IKJoint Type="Hinge" AxisLocal="(1; 0; 0)">

                                  </IKJoint>
                            </IKBone>
                          </IKBone>
                          <IKBone ParentFrame="BoneCabin_cdt" ModelFrame="BoneBalancer1_L2">
                            <IKJoint Type="Hinge" AxisLocal="(1; 0; 0)">

                            </IKJoint>
                            <IKBone AttachToFrame="BoneAxleL2" AttachOffset="(0; 0; 0)" ModelFrame="BoneBalancer2_L2">
                                  <IKJoint Type="Hinge" AxisLocal="(1; 0; 0)">

                                  </IKJoint>
                            </IKBone>
                          </IKBone>
                          <IKBone ParentFrame="BoneCabin_cdt" ModelFrame="BoneBalancer1_R2">
                            <IKJoint Type="Hinge" AxisLocal="(1; 0; 0)">

                            </IKJoint>
                            <IKBone AttachToFrame="BoneAxleR2" AttachOffset="(0; 0; 0)" ModelFrame="BoneBalancer2_R2">
                                  <IKJoint Type="Hinge" AxisLocal="(1; 0; 0)">

                                  </IKJoint>
                            </IKBone>
                          </IKBone>
        </AutomaticIK>
        <TruckData SteerSpeed="0.03" EngineStartDelay="3.2" EngineIconMesh="env/engine_default" TruckType="SCOUT" Responsiveness="0.2" BackSteerSpeed="0.01" EngineMarkerOffset="(-0.5; 0.5; 0)" TruckImage="TUZ420Tatarinmchr" FuelCapacity="300" DiffLockType="Always" ExhaustStartTime="2.8" EngineIconScale="1.5">
                          <Driver Pos="(2.057; 1.1; 0.377)" SteeringWheelPos="(2.439; 1.428; 0.37)">

                          </Driver>
                          <Wheels DefaultWheelType="wheels_scout_btr" DefaultTire="offroad_btr_1" DefaultRim="rim_1">
                                  <Wheel Pos="(1.975; 0.567; 1.25)" _template="FirstAxle">

                                  </Wheel>
                                  <Wheel RightSide="true" Pos="(1.975; 0.567; 1.25)" _template="FirstAxle">

                                  </Wheel>
                                  <Wheel Pos="(0.625; 0.567; 1.25)" _template="SecondAxle">

                                  </Wheel>
                                  <Wheel RightSide="true" Pos="(0.625; 0.567; 1.25)" _template="SecondAxle">

                                  </Wheel>
                                  <Wheel Pos="(-1.064; 0.567; 1.25)" _template="RearAxle">

                                  </Wheel>
                                  <Wheel RightSide="true" Pos="(-1.064; 0.567; 1.25)" _template="RearAxle">

                                  </Wheel>
                                  <Wheel Pos="(-2.401; 0.567; 1.25)" _template="RearAxle">

                                  </Wheel>
                                  <Wheel RightSide="true" Pos="(-2.401; 0.567; 1.25)" _template="RearAxle">

                                  </Wheel>
                          </Wheels>
                          <SoundsDamage _template="Heavy">

                          </SoundsDamage>
                          <OcclusionMap HalfSizeZ="2.2" MinX="-4.3" MaxX="4.5">

                          </OcclusionMap>
                          <FuelTank DamageCapacity="100">

                          </FuelTank>
                                      <Intake Size="0.5" Dir="(0.951; 0.168; -0.259)" Origin="(-2.806; 1.55; -1.338)">

                                      </Intake>
                                      <Intake Size="0.5" Dir="(0.951; 0.168; 0.259)" Origin="(-2.806; 1.55; 1.338)">

                                      </Intake>
                          <EngineSocket Type="e_ru_tuz_tatarin" Default="ru_tuz_tatarin">

                          </EngineSocket>
                          <SuspensionSocket Type="s_tuz_420_tatarin" MaxWheelRadiusWithoutSuspension="0.62" Default="tuz_420_tatarin_suspension_default">

                          </SuspensionSocket>
                          <Dashboard>
                                                <Gauge InputRange="(0;1)" Dir="(-0.874; 0.486; 0)" InputType="rpm" Org="(2.679; 1.37; 0.428)" Damping="0.99" Mesh="trucks/arrows/tuz_420_tatarin_arrow_1" OutputAngles="(-110; 120)">

                                                </Gauge>
                                                <Gauge InputType="speed" Dir="(-0.874; 0.486; 0)" Org="(2.683; 1.368; 0.272)" Mesh="trucks/arrows/tuz_420_tatarin_arrow_1" InputRange="(0;120)" OutputAngles="(-104; 104)">

                                                </Gauge>
                                                <Gauge InputRange="(0;1)" Dir="(-0.874; 0.486; 0)" InputType="engineEnabled" Org="(2.672; 1.349; 0.548)" Damping="0.99" Mesh="trucks/arrows/tuz_420_tatarin_arrow_2" OutputAngles="(-50; 24)">

                                                </Gauge>
                                                <Gauge InputRange="(0;1)" Dir="(-0.874; 0.486; 0)" InputType="fuel" Org="(2.678; 1.359; 0.163)" Damping="0.99" Mesh="trucks/arrows/tuz_420_tatarin_arrow_2" OutputAngles="(-80; 80)">

                                                </Gauge>
                                                <Gauge InputRange="(0;1)" Dir="(-0.873; 0.487; 0)" InputType="engineEnabled" Org="(2.716; 1.422; 0.548)" Damping="0.99" Mesh="trucks/arrows/tuz_420_tatarin_arrow_3" OutputAngles="(-67; 14)">

                                                </Gauge>
                                                <Gauge InputRange="(0;1)" Dir="(-0.873; 0.487; 0)" InputType="engineEnabled" Org="(2.715; 1.422; 0.345)" Damping="0.99" Mesh="trucks/arrows/tuz_420_tatarin_arrow_3" OutputAngles="(-55; 37)">

                                                </Gauge>
                                                <Gauge InputRange="(0;1)" Dir="(-0.874; 0.486; 0)" InputType="engineEnabled" Org="(2.714; 1.421; 0.163)" Damping="0.99" Mesh="trucks/arrows/tuz_420_tatarin_arrow_3" OutputAngles="(-61; 10)">

                                                </Gauge>
                                                <Gauge InputType="none" Dir="(-0.468; 0; -0.884)" Org="(2.58; 1.362; 0.868)" Mesh="trucks/arrows/tuz_420_tatarin_arrow_4" InputRange="(0;1)" OutputAngles="(0; 0)">

                                                </Gauge>
                          </Dashboard>
                          <Axles>
                                                  <Axle Frame="BoneAxleL1" IsIndependent="true">

                                                  </Axle>
                                                  <Axle Frame="BoneAxleR1" IsIndependent="true">

                                                  </Axle>
                                                  <Axle Frame="BoneAxleL2" IsIndependent="true">

                                                  </Axle>
                                                  <Axle Frame="BoneAxleR2" IsIndependent="true">

                                                  </Axle>
                                                  <Axle Frame="BoneAxleL3" IsIndependent="true">

                                                  </Axle>
                                                  <Axle Frame="BoneAxleR3" IsIndependent="true">

                                                  </Axle>
                                                  <Axle Frame="BoneAxleL4" IsIndependent="true">

                                                  </Axle>
                                                  <Axle Frame="BoneAxleR4" IsIndependent="true">

                                                  </Axle>
                          </Axles>
                          <Camera Center="(-1.5; 0; 0)" Radius="1.2">
                                                  <Cockpit WindshieldDiffuseTexture="trucks/tuz_420_tatarin_glass__d_a.tga" _template="Default" WindshieldShadingTexture="trucks/tuz_420_tatarin_glass__sh_d.tga" ViewPos="(1.98; 1.8; 0.377)">
                                                      <Rear HorTransitionEnd="-1.2" ViewPosOffset="(0.45; -0.1; 0.9)" HorTransitionStart="-1.1">

                                                      </Rear>
                                                          <Mirror FOVScale="2" ClipDir="(-0.914; -0.005; -0.407)" MeshFrame="mirror_left" Pos="(2.712; 1.652; 1.503)" ReflectionDir="(-0.914; -0.005; -0.407)" Size="(0.23; 0.2)" ClipOffset="0.1">

                                                          </Mirror>
                                                          <Mirror FOVScale="2" ClipDir="(-0.848; -0; 0.530)" MeshFrame="mirror_right" Pos="(2.71; 1.65; -1.499)" ReflectionDir="(-0.848; -0; 0.530)" Size="(0.23; 0.2)" ClipOffset="0.1">

                                                          </Mirror>
                                                  </Cockpit>
                          </Camera>
                                                  <Exhaust IsLight="false" Dir="(-0.25; -0.433; -0.866)" Speed="2.0" Origin="(-3.573; 1.911; -1.245)">

                                                  </Exhaust>
                                                  <Exhaust IsLight="false" Dir="(-0.25; -0.433; 0.866)" Speed="2.0" Origin="(-3.573; 1.911; 1.245)">

                                                  </Exhaust>
                          <Sounds _template="Default" Origin="(-2.8; 1.4; 0)" MinDist="10.0" DisableReversePitch="false">
                                                      <Reverse Sound="trucks/tuz_420_tatarin/tuz_420_tatarin_reverse">

                                                      </Reverse>
                                                      <EngineTurbo Sound="trucks/tuz_420_tatarin/tuz_420_tatarin_turbo">

                                                      </EngineTurbo>
                                                      <EngineLow Sound="trucks/tuz_420_tatarin/tuz_420_tatarin_low">

                                                      </EngineLow>
                                                      <BrakePull Sound="trucks/voron_grad/voron_grad_brake_pull">

                                                      </BrakePull>
                                                      <EngineHigh Sound="trucks/tuz_420_tatarin/tuz_420_tatarin_high">

                                                      </EngineHigh>
                                                      <HandbrakeOff Sound="trucks/tuz_420_tatarin/tuz_420_tatarin_handbrake_off">

                                                      </HandbrakeOff>
                                                      <AbruptStop Sound="trucks/common/truck_stress_rnd_set/truck_stress_rnd">

                                                      </AbruptStop>
                                                      <EngineHeavy_2d IsSound2D="true" Sound="">

                                                      </EngineHeavy_2d>
                                                      <EngineHeavy Sound="">

                                                      </EngineHeavy>
                                                      <EngineRev Sound="trucks/tuz_420_tatarin/tuz_420_tatarin_rev">

                                                      </EngineRev>
                                                      <AWD Sound="trucks/tuz_420_tatarin/tuz_420_tatarin_awd">

                                                      </AWD>
                                                      <EngineLow_2d IsSound2D="true" Sound="trucks/tuz_420_tatarin/tuz_420_tatarin_low_2d">

                                                      </EngineLow_2d>
                                                      <EngineHigh_2d IsSound2D="true" Sound="trucks/tuz_420_tatarin/tuz_420_tatarin_high_2d">

                                                      </EngineHigh_2d>
                                                      <EngineIdle Sound="trucks/tuz_420_tatarin/tuz_420_tatarin_idle">

                                                      </EngineIdle>
                                                      <EngineIdle_2d IsSound2D="true" Sound="trucks/tuz_420_tatarin/tuz_420_tatarin_idle_2d">

                                                      </EngineIdle_2d>
                                                      <EngineStart Sound="trucks/tuz_420_tatarin/tuz_420_tatarin_start">

                                                      </EngineStart>
                                                      <Handbrake Sound="trucks/tuz_420_tatarin/tuz_420_tatarin_handbrake_on">

                                                      </Handbrake>
                                                      <BrakesSqueal Sound="trucks/voron_grad/voron_grad_brakes_squeal">

                                                      </BrakesSqueal>
                                                      <GearFail Sound="trucks/common/truck_gear_wrong/truck_gear_wrong_small_modern">

                                                      </GearFail>
                                                      <Honk Sound="trucks/tuz_420_tatarin/tuz_420_tatarin_honk">

                                                      </Honk>
                                                      <EngineStop Sound="trucks/tuz_420_tatarin/tuz_420_tatarin_stop">

                                                      </EngineStop>
                                                      <BrakeRelease Sound="trucks/common/truck_brake_release_alt3_rnd_set/truck_brake_release_alt3_rnd">

                                                      </BrakeRelease>
                                                      <EngineAccel Sound="trucks/tuz_420_tatarin/tuz_420_tatarin_acc">

                                                      </EngineAccel>
                          </Sounds>
                          <CompatibleWheels Type="wheels_scout_btr" Scale="0.6">

                          </CompatibleWheels>
                          <Steam Origin="(-2.7; 1.3; 0)">

                          </Steam>
                          <WinchUpgradeSocket Type="winches_scouts" Default="w_scout_default" IsUpgradable="true">

                          </WinchUpgradeSocket>
                                                            <SteeringRack Frame="BoneRack1" RackHalfSizeZ="1.069" FrameSteerLeft="BoneRackL1" FrameSteerRight="BoneRackR1">

                                                            </SteeringRack>
                                                            <SteeringRack Frame="BoneRack2" RackHalfSizeZ="1.069" FrameSteerLeft="BoneRackL2" FrameSteerRight="BoneRackR2">

                                                            </SteeringRack>
                          <SteeringWheel Frame="BoneSteering">

                          </SteeringWheel>
                          <SoundsWheels _template="Default">

                          </SoundsWheels>
                          <Damage>
                                                                    <DamageArea Min="(-3.6; 1.3; -1.1)" ParentFrame="BoneChassis_cdt" Max="(-3; 2; 1.1)" Type="FuelTank">

                                                                    </DamageArea>
                          </Damage>
                          <GearboxSocket Type="gearboxes_special" Default="g_special_default">

                          </GearboxSocket>
        </TruckData>
  </Truck>