  <_templates Include="trucks">
      <Wheel>
          <RearWheel Location="rear" ConnectedToHandbrake="true" Torque="default">

          </RearWheel>
          <FrontWheel SteeringAngle="40" Location="front" ParentFrame="BoneCabin_cdt" Torque="default" SteeringCastor="8">

          </FrontWheel>
      </Wheel>
      <Body>
            <SideMirror Mass="5" Collisions="None">
                <Constraint Type="Hinge" MaxLimit="15" AxisLocal="(0; 1; 0)" MinLimit="-15">
                    <Motor Spring="250" Damping="1" Type="Spring">

                    </Motor>
                </Constraint>
            </SideMirror>
      </Body>
  </_templates>
  <Truck>
        <Landmark MaxScale="3.8" Mesh="landmarks/tuz_166_lmk" MinScale="1.8">

        </Landmark>
        <GameData Recallable="true" UnlockByExploration="true" Price="7200" UnlockByRank="1" Country="RU,CAS">
              <CustomizationCameras>
                    <CameraPos Name="sticker_1" InterestPosition="(7.669; 0.590; 1.361)" Position="(5.502; 1.589; 0.07)" Interior="true" FOV="32.0">

                    </CameraPos>
                    <CameraPos MaxYRotation="360" MaxZoom="2" Name="addon_1" InterestPosition="(1.036; 1.692; -0)" Position="(-6.923; 2.071; 10.147)" MaxXRotation="360" FOV="32.0">

                    </CameraPos>
                    <CameraPos MaxYRotation="360" MaxZoom="2" Name="addon_2" InterestPosition="(4.991; 1.77; 0)" Position="(10.328; 3.173; 3.632)" MaxXRotation="360" FOV="32.0">

                    </CameraPos>
                    <CameraPos Name="mirror_mount" InterestPosition="(7.736; 1.366; 2.214)" Position="(5.012; 1.587; -0.604)" Interior="true" FOV="32.0">

                    </CameraPos>
                    <CameraPos MaxYRotation="360" MaxZoom="2" Name="side_r" InterestPosition="(4.990; 0.759; -0)" Position="(8.402; 2.059; -3.713)" MaxXRotation="360" FOV="32.0">

                    </CameraPos>
                    <CameraPos Name="sticker" InterestPosition="(7.669; 0.818; 0.297)" Position="(5.427; 1.532; -0.193)" Interior="true" FOV="32.0">

                    </CameraPos>
                    <CameraPos Name="glass_sticker" InterestPosition="(6.227; 1.498; -0.788)" Position="(8.225; 2.090; 0.896)" Interior="true" FOV="32.0">

                    </CameraPos>
                    <CameraPos Name="door_r_sticker" InterestPosition="(7.368; 0.527; 0)" Position="(4.938; 1.201; 2.296)" Interior="true" FOV="32.0">

                    </CameraPos>
                    <CameraPos MaxYRotation="360" MaxZoom="2" Name="roof" InterestPosition="(5.474; 0.759; 0)" Position="(10.148; 3.473; -2.51)" MaxXRotation="360" FOV="32.0">

                    </CameraPos>
                    <CameraPos Name="capote_sticker" InterestPosition="(6.966; 0.662; -0.869)" Position="(8.658; 2.876; -0.262)" Interior="true" FOV="32.0">

                    </CameraPos>
                    <CameraPos MaxYRotation="360" MaxZoom="2" Name="hoods" InterestPosition="(5.735; 0.976; 0)" Position="(10.78; 1.486; -3.957)" MaxXRotation="360" FOV="32.0">

                    </CameraPos>
                    <CameraPos Name="sticker_2" InterestPosition="(6.662; 0.61; 1.935)" Position="(5.221; 1.595; 0.03)" Interior="true" FOV="32.0">

                    </CameraPos>
                    <CameraPos MaxYRotation="360" MaxZoom="2" Name="side_l" InterestPosition="(5.944; 0.759; 0)" Position="(9.22; 3.041; 3.401)" MaxXRotation="360" FOV="32.0">

                    </CameraPos>
                    <CameraPos MaxYRotation="360" MaxZoom="2" Name="wheels" InterestPosition="(6.02; 0.191; -0)" Position="(8.421; 1.608; -3.51)" MaxXRotation="360" FOV="32.0">

                    </CameraPos>
                    <CameraPos MaxYRotation="360" MaxZoom="2" Name="default" InterestPosition="(5.735; 0.976; 0)" Position="(10.78; 1.486; -3.957)" MaxXRotation="360" FOV="32.0">

                    </CameraPos>
                    <CameraPos MaxYRotation="360" MaxZoom="2" Name="rear" InterestPosition="(5.141; 0.956; 0)" Position="(-0.112; 1.595; 3.721)" MaxXRotation="360" FOV="32.0">

                    </CameraPos>
                    <CameraPos Name="door_l_sticker" InterestPosition="(5.443; 0.519; 0.685)" Position="(5.008; 1.27; -2.246)" Interior="true" FOV="32.0">

                    </CameraPos>
                    <CameraPos Name="hood_ornament" InterestPosition="(7.114; 1.152; -0.812)" Position="(8.271; 1.5; -0.812)" Interior="true" FOV="32.0">

                    </CameraPos>
              </CustomizationCameras>
              <UiDesc UiName="UI_VEHICLE_TUZ_166_NAME" UiDesc="UI_VEHICLE_TUZ_166_DESC" UiIconLogo="TUZLogo80" UiIcon40x40="scoutVehicleImg" UiIcon30x30="scoutVehicleImg30" UiIcon328x458="shopImgTUZ166">

              </UiDesc>
                    <AddonSockets DefaultAddon="tuz_166_bumper_default">
                      <Socket Offset="(0; 0; 0)" Names="Tuz166Bumper">

                      </Socket>
                    </AddonSockets>
                    <AddonSockets DefaultAddon="tuz_166_rear_bumper_default">
                      <Socket Offset="(0; 0; 0)" Names="Tuz166RearBumper, Tuz166RearBumperSpareWheel, Tuz166RearBumper1">

                      </Socket>
                    </AddonSockets>
                    <AddonSockets>
                      <Socket Offset="(0; 0; 0)" Names="Tuz166Horn">

                      </Socket>
                    </AddonSockets>
                    <AddonSockets>
                      <Socket Offset="(0; 0; 0)" Names="Tuz166Roofrack">

                      </Socket>
                    </AddonSockets>
                    <AddonSockets>
                      <Socket Offset="(0; 0; 0)" Names="Tuz166SpotLight">

                      </Socket>
                    </AddonSockets>
                    <AddonSockets>
                      <Socket Offset="(0; 0; 0)" Names="Tuz166Visor" NamesBlock="Tuz166Snorkel">

                      </Socket>
                    </AddonSockets>
                    <AddonSockets>
                      <Socket Offset="(0; 0; 0)" Names="Tuz166Threshold">

                      </Socket>
                    </AddonSockets>
                    <AddonSockets>
                      <Socket Offset="(0; 0; 0)" Names="Tuz166Snorkel, Tuz166Snorkel2">

                      </Socket>
                    </AddonSockets>
                    <AddonSockets>
                      <Socket Offset="(-1.87; 0.74; 0)" Names="ScautTrailer" NamesBlock="Tuz166RearBumperSpareWheel">
                          <AddonsShift Offset="(-0.122; 0; 0)" Types="Tuz166RearBumper1">

                          </AddonsShift>
                      </Socket>
                    </AddonSockets>
                    <AddonSockets>
                      <Socket Offset="(0; 0; 0)" Names="tuz166Sticker_1x1_01" InCockpit="true">

                      </Socket>
                    </AddonSockets>
                    <AddonSockets>
                      <Socket Offset="(0; 0; 0)" Names="tuz166Sticker_1x1_02" InCockpit="true">

                      </Socket>
                    </AddonSockets>
                    <AddonSockets>
                      <Socket Offset="(0; 0; 0)" Names="tuz166Sticker_1x1_03" InCockpit="true">

                      </Socket>
                    </AddonSockets>
                    <AddonSockets>
                      <Socket Offset="(0; 0; 0)" Names="tuz166Sticker_1x2_01" InCockpit="true">

                      </Socket>
                    </AddonSockets>
                    <AddonSockets>
                      <Socket Offset="(0; 0; 0)" Names="tuz166Sticker_1x2_02" InCockpit="true">

                      </Socket>
                    </AddonSockets>
                    <AddonSockets>
                      <Socket Offset="(0; 0; 0)" Names="tuz166Sticker_1x4_01" InCockpit="true">

                      </Socket>
                    </AddonSockets>
                    <AddonSockets>
                      <Socket Names="tuz166Sticker_GlassTop" InCockpit="true">

                      </Socket>
                    </AddonSockets>
                    <AddonSockets>
                      <Socket Names="tuz166Sticker_Door_L">

                      </Socket>
                    </AddonSockets>
                    <AddonSockets>
                      <Socket Names="tuz166Sticker_Door_R">

                      </Socket>
                    </AddonSockets>
                    <AddonSockets>
                      <Socket Names="tuz166Sticker_Capote">

                      </Socket>
                    </AddonSockets>
                    <AddonSockets>
                      <Socket Names="StuffHoodTuz166">

                      </Socket>
                    </AddonSockets>
                    <AddonSockets>
                      <Socket Offset="(0.387; 1.686; -0.005)" Names="StuffAirfreshener" InCockpit="true">

                      </Socket>
                    </AddonSockets>
                      <CraneSocket Pos="(1.859; 0.738; -0.381)">

                      </CraneSocket>
                      <CraneSocket Pos="(1.859; 0.738; 0.381)">

                      </CraneSocket>
                      <CraneSocket Pos="(-1.872; 0.727; 0)">

                      </CraneSocket>
                      <CraneSocket Pos="(-0.2; 1.9; 0)">

                      </CraneSocket>
                      <CraneSocket Pos="(-0.119; 0.503; 0.854)">

                      </CraneSocket>
                      <CraneSocket Pos="(-0.119; 0.503; -0.854)">

                      </CraneSocket>
                        <WinchSocket Pos="(1.859; 0.738; -0.381)">

                        </WinchSocket>
                        <WinchSocket Pos="(1.859; 0.738; 0.381)">

                        </WinchSocket>
                        <WinchSocket Pos="(-1.872; 0.727; 0)">

                        </WinchSocket>
                        <WinchSocket Pos="(-0.119; 0.503; 0.854)">

                        </WinchSocket>
                        <WinchSocket Pos="(-0.119; 0.503; -0.854)">

                        </WinchSocket>
        </GameData>
        <PhysicsModel Mesh="trucks/tuz_166">
                <Body CenterOfMassOffset="(0; -0.4; 0)" NetSync="pv" Mass="760" ImpactType="Truck">
                      <Body NetSync="pv" CenterOfMassOffset="(0; 0; 0)" ModelFrame="BoneCabin_cdt" Mass="760" ImpactType="Truck">
                        <Constraint Type="Fixed">

                        </Constraint>
                      </Body>
                      <Body ModelFrame="BoneMirrorLeft_cdt" _template="SideMirror">

                      </Body>
                      <Body ModelFrame="BoneMirrorRight_cdt" _template="SideMirror">

                      </Body>
                      <Body ModelFrame="BoneTent1_cdt" Mass="5" Collisions="None">
                        <Constraint Type="Prismatic" MaxLimit="0.05" AxisLocal="(0; 1; 0)" MinLimit="-0.05">
                            <Motor Spring="1000" Damping="100" Type="Spring">

                            </Motor>
                        </Constraint>
                      </Body>
                      <Body ModelFrame="BoneTent2_cdt" Mass="5" Collisions="None">
                        <Constraint Type="Prismatic" MaxLimit="0.05" AxisLocal="(0; 1; 0)" MinLimit="-0.05">
                            <Motor Spring="2000" Damping="100" Type="Spring">

                            </Motor>
                        </Constraint>
                      </Body>
                      <Body ModelFrame="BoneTent3_cdt" Mass="5" Collisions="None">
                        <Constraint Type="Prismatic" MaxLimit="0.05" AxisLocal="(0; 1; 0)" MinLimit="-0.05">
                            <Motor Spring="2000" Damping="100" Type="Spring">

                            </Motor>
                        </Constraint>
                      </Body>
                      <Body ModelFrame="BoneTentLeft_cdt" Mass="5" Collisions="None">
                        <Constraint Type="Prismatic" MaxLimit="0.02" AxisLocal="(0; 0; -1)" MinLimit="-0.1">
                            <Motor Spring="500" Damping="100" Type="Spring">

                            </Motor>
                        </Constraint>
                      </Body>
                      <Body ModelFrame="BoneTentRight_cdt" Mass="5" Collisions="None">
                        <Constraint Type="Prismatic" MaxLimit="0.02" AxisLocal="(0; 0; 1)" MinLimit="-0.1">
                            <Motor Spring="500" Damping="100" Type="Spring">

                            </Motor>
                        </Constraint>
                      </Body>
                </Body>
                <NetSync Legacy="false">

                </NetSync>
        </PhysicsModel>
        <HeadLight Pos="(1.707; 0.928; 0)" ParentFrame="BoneChassis_cdt" _template="Default">

        </HeadLight>
        <ModelAttachments>
                    <Ignition>
                          <Light Pos="(1.936; 0.805; 0.726)" ParentFrame="BoneChassis_cdt" _template="IgnitionSignalWhite">

                          </Light>
                          <Light Pos="(1.936; 0.805; -0.726)" ParentFrame="BoneChassis_cdt" _template="IgnitionSignalWhite">

                          </Light>
                          <Light Pos="(-1.95; 1; 0)" ParentFrame="BoneChassis_cdt" _template="IgnitionSignalRed">

                          </Light>
                            <Flare Pos="(1.707; 0.928; 0.726)" ParentFrame="BoneChassis_cdt" _template="IgnitionSignalWhite">

                            </Flare>
                            <Flare Pos="(1.707; 0.928; -0.726)" ParentFrame="BoneChassis_cdt" _template="IgnitionSignalWhite">

                            </Flare>
                            <Flare Pos="(1.76; 0.805; 0.519)" _template="IgnitionSignalWhite" Size="0.15" ParentFrame="BoneChassis_cdt">

                            </Flare>
                            <Flare Pos="(1.76; 0.805; -0.519)" _template="IgnitionSignalWhite" Size="0.15" ParentFrame="BoneChassis_cdt">

                            </Flare>
                            <Flare Pos="(-1.857; 1.1; -0.645)" _template="IgnitionSignalRed" Size="0.25" ParentFrame="BoneChassis_cdt">

                            </Flare>
                            <Flare Pos="(-1.857; 1.1; 0.645)" _template="IgnitionSignalRed" Size="0.25" ParentFrame="BoneChassis_cdt">

                            </Flare>
                    </Ignition>
                    <HeadLight>
                            <Flare Pos="(1.707; 0.928; -0.726)" _template="HeadLight" ParentFrame="BoneChassis_cdt" Color="g(255; 235; 200) x 0.6" Size="0.3" DirAngle="135">

                            </Flare>
                            <Flare Pos="(1.707; 0.928; 0.726)" _template="HeadLight" ParentFrame="BoneChassis_cdt" Color="g(255; 235; 200) x 0.6" Size="0.3" DirAngle="135">

                            </Flare>
                            <Flare Pos="(1.707; 0.928; -0.726)" _template="BlueStreak" Color="g(220; 220; 255) x 0.05" Size="0.4" ParentFrame="BoneChassis_cdt">

                            </Flare>
                            <Flare Pos="(1.707; 0.928; 0.726)" _template="BlueStreak" Color="g(220; 220; 255) x 0.05" Size="0.4" ParentFrame="BoneChassis_cdt">

                            </Flare>
                              <Model Org="(1.707; 0.928; -0.726)" ParentFrame="BoneChassis_cdt" _template="HeadLightRay">

                              </Model>
                              <Model Org="(1.707; 0.928; 0.726)" ParentFrame="BoneChassis_cdt" _template="HeadLightRay">

                              </Model>
                    </HeadLight>
                    <StopSignals>
                            <Light Pos="(-2; 1.243; 0)" ParentFrame="BoneChassis_cdt" _template="StopSignal">

                            </Light>
                                <Flare Pos="(-1.857; 1.1; -0.645)" _template="StopSignal" ParentFrame="BoneChassis_cdt" Size="0.5" DirAngle="135">

                                </Flare>
                                <Flare Pos="(-1.857; 1.1; 0.645)" _template="StopSignal" ParentFrame="BoneChassis_cdt" Size="0.5" DirAngle="135">

                                </Flare>
                    </StopSignals>
        </ModelAttachments>
        <Snorkel Origin="(1.861; 0.919; 0)">

        </Snorkel>
        <TruckData SteerSpeed="0.03" EngineStartDelay="1.7" EngineIconMesh="env/engine_small" TruckType="SCOUT" Responsiveness="0.5" BackSteerSpeed="0.058" TruckImage="tuz166mchr" FuelCapacity="60" DiffLockType="Always" ExhaustStartTime="1.6" EngineIconScale="1.15">
                        <Driver Pos="(0.016; 0.887; 0.349)" AnimationSet="Scout" SteeringWheelPos="(0.322; 1.275; 0.342)">

                        </Driver>
                        <SoundsDamage _template="Scout">

                        </SoundsDamage>
                        <Shakers>
                                <Shaker MaxFrequency="4" Frame="BoneExhaust" MaxAngle="(1.5; 1.5; 1.5)">

                                </Shaker>
                        </Shakers>
                        <OcclusionMap MinX="-2.2" Texture="trucks/occlusion/chassis_small__s_d_a.tga" HalfSizeZ="1.4" MaxX="2.2">

                        </OcclusionMap>
                        <FuelTank DamageCapacity="50">

                        </FuelTank>
                                    <CompatibleWheels Type="wheels_scout1" Scale="0.40">

                                    </CompatibleWheels>
                                    <CompatibleWheels Type="wheels_scout2" Scale="0.40">

                                    </CompatibleWheels>
                                    <CompatibleWheels Type="wheels_scout1" Scale="0.45">

                                    </CompatibleWheels>
                                    <CompatibleWheels Type="wheels_scout2" Scale="0.45" OffsetZ="0.03">

                                    </CompatibleWheels>
                                    <CompatibleWheels Type="wheels_scout2" Scale="0.50" OffsetZ="0.045">

                                    </CompatibleWheels>
                        <EngineSocket Type="e_ru_scout_old_tuz, e_ru_scout_old" Default="ru_scout_old_engine_tuz">

                        </EngineSocket>
                        <SuspensionSocket Type="s_tuz_166" HardpointY="0.424" Default="tuz_166_suspension_default" MaxWheelRadiusWithoutSuspension="0.3">

                        </SuspensionSocket>
                        <Dashboard>
                                              <Gauge InputRange="(0;1)" Dir="(-0.993; 0.12; 0.002)" InputType="engineEnabled" Org="(0.501; 1.227; 0.509)" Damping="0.9" Mesh="trucks/arrows/tuz_166_arrow_01" OutputAngles="(-50;15)">

                                              </Gauge>
                                              <Gauge InputRange="(0;1)" Dir="(-0.993; 0.12; 0.002)" InputType="engineEnabled" Org="(0.503; 1.236; 0.429)" Damping="0.9995" Mesh="trucks/arrows/tuz_166_arrow_01" OutputAngles="(-50;-5)">

                                              </Gauge>
                                              <Gauge InputRange="(0;160)" Dir="(-0.993; 0.12; 0.002)" InputType="speed" Org="(0.502; 1.237; 0.339)" Damping="0.9" Mesh="trucks/arrows/tuz_166_arrow_02" OutputAngles="(-105;105)">

                                              </Gauge>
                                              <Gauge InputRange="(0;1)" Dir="(-0.993; 0.12; 0.002)" InputType="fuel" Org="(0.503; 1.235; 0.249)" Damping="0.9" Mesh="trucks/arrows/tuz_166_arrow_01" OutputAngles="(-50;50)">

                                              </Gauge>
                                              <Gauge InputRange="(0;1)" Dir="(-0.993; 0.12; 0.002)" InputType="engineEnabled" Org="(0.502; 1.227; 0.17)" Damping="0.9" Mesh="trucks/arrows/tuz_166_arrow_01" OutputAngles="(-50;25)">

                                              </Gauge>
                        </Dashboard>
                        <Axles>
                                                <Axle Frame="BoneAxleFront">

                                                </Axle>
                                                <Axle Frame="BoneAxleRear">

                                                </Axle>
                        </Axles>
                        <Camera Center="(-1.2; 0; 0)" RadiusMultiplier="0.8">
                                                <Cockpit WindshieldDiffuseTexture="trucks/tuz_166_glass__d_a.tga" _template="Default" WindshieldShadingTexture="trucks/tuz_166_glass__sh_d.tga" ViewPos="(-0.072; 1.599; 0.349)">
                                                    <Rear HorTransitionEnd="-1.2" ViewPosOffset="(0.2; -0.1; 0.55)" HorTransitionStart="-1.1">

                                                    </Rear>
                                                        <Mirror FOVScale="1.5" LookAtOffset="(0; 0; 0.05)" MeshFrame="mirror_left" Pos="(0.378; 1.322; 0.921)" ReflectionDir="(-0.951; 0; -0.309)" Size="(0.2; 0.238)" ClipDir="(-0.951; 0; -0.309)">

                                                        </Mirror>
                                                        <Mirror FOVScale="1.5" ClipDir="(-0.857; 0; 0.515)" MeshFrame="mirror_right" Pos="(0.404; 1.322; -0.896)" Size="(0.2; 0.238)" ReflectionDir="(-0.857; 0; 0.515)">

                                                        </Mirror>
                                                        <Mirror FOVScale="1" ClipDir="(-0.935; -0.192; 0.297)" MeshFrame="hp_cab_mirror" Pos="(0.366; 1.655; 0.001)" Size="(0.174; 0.065)" ReflectionDir="(-0.948; -0.086; 0.306)">

                                                        </Mirror>
                                                </Cockpit>
                        </Camera>
                        <Exhaust IsLight="true" Dir="(-0.037; -0.575; -0.817)" Speed="2.0" Origin="(-0.28; 0.423; -0.638)">

                        </Exhaust>
                        <Sounds _template="Default" MinDist="8.0" Origin="(1; 0.9; 0)" DisableReversePitch="true">
                                                    <Reverse Sound="">

                                                    </Reverse>
                                                    <EngineHeavy_2d IsSound2D="true" Sound="">

                                                    </EngineHeavy_2d>
                                                    <EngineLow Sound="trucks/tuz_166/tuz_166_low">

                                                    </EngineLow>
                                                    <DiffLock Sound="trucks/tuz_166/tuz_166_diff_lock">

                                                    </DiffLock>
                                                    <EngineHigh Sound="trucks/tuz_166/tuz_166_high">

                                                    </EngineHigh>
                                                    <Gear Sound="trucks/tuz_166/tuz_166_gear_shift">

                                                    </Gear>
                                                    <EngineHeavy Sound="">

                                                    </EngineHeavy>
                                                    <EngineRev Sound="trucks/tuz_166/tuz_166_rev">

                                                    </EngineRev>
                                                    <EngineAccel Sound="trucks/tuz_166/tuz_166_acc">

                                                    </EngineAccel>
                                                    <EngineLow_2d IsSound2D="true" Sound="trucks/tuz_166/tuz_166_low_2d">

                                                    </EngineLow_2d>
                                                    <EngineHigh_2d IsSound2D="true" Sound="trucks/tuz_166/tuz_166_high_2d">

                                                    </EngineHigh_2d>
                                                    <EngineIdle Sound="trucks/tuz_166/tuz_166_idle">

                                                    </EngineIdle>
                                                    <EngineIdle_2d IsSound2D="true" Sound="trucks/tuz_166/tuz_166_idle_2d">

                                                    </EngineIdle_2d>
                                                    <EngineStart Sound="trucks/tuz_166/tuz_166_start">

                                                    </EngineStart>
                                                    <Handbrake Sound="trucks/tuz_166/tuz_166_handbrake_on">

                                                    </Handbrake>
                                                    <Honk Sound="trucks/tuz_166/tuz_166_honk">

                                                    </Honk>
                                                    <GearFail Sound="trucks/common/truck_gear_wrong/truck_gear_wrong_small_old">

                                                    </GearFail>
                                                    <BrakesSqueal Sound="trucks/tuz_166/tuz_166_brakes_squeal">

                                                    </BrakesSqueal>
                                                    <EngineStop Sound="trucks/tuz_166/tuz_166_stop">

                                                    </EngineStop>
                                                    <BrakePull Sound="">

                                                    </BrakePull>
                                                    <BrakeRelease Sound="trucks/tuz_166/tuz_166_brake_release">

                                                    </BrakeRelease>
                        </Sounds>
                        <GearboxSocket Type="gearboxes_scouts_tuz, gearboxes_scouts" Default="g_scout_tuz">

                        </GearboxSocket>
                        <Steam Origin="(1.241; 0.866; 0)">

                        </Steam>
                        <Wheels DefaultWheelType="wheels_scout1" DefaultTire="highway_1" DefaultRim="rim_1">
                                                            <Wheel Pos="(1.237; 0.355; 0.746)" _template="FrontWheel">

                                                            </Wheel>
                                                            <Wheel RightSide="true" Pos="(1.237; 0.355; 0.746)" _template="FrontWheel">

                                                            </Wheel>
                                                            <Wheel Pos="(-1.079; 0.355; 0.746)" _template="RearWheel">

                                                            </Wheel>
                                                            <Wheel RightSide="true" Pos="(-1.079; 0.355; 0.746)" _template="RearWheel">

                                                            </Wheel>
                        </Wheels>
                        <WinchUpgradeSocket Type="winches_scouts" Default="w_scout_default" IsUpgradable="true">

                        </WinchUpgradeSocket>
                        <SteeringRack Frame="BoneRack" RackHalfSizeZ="0.636" FrameSteerLeft="BoneRackLeft" FrameSteerRight="BoneRackRight">

                        </SteeringRack>
                        <SteeringWheel Frame="BoneSteering">

                        </SteeringWheel>
                        <SoundsWheels _template="Default">

                        </SoundsWheels>
                        <Damage SensationMin="(-0.8; 1.2; -0.7)" SensationMax="(0.6; 1.8; 0.7)" Capacity="300">
                                                                      <DamageArea Min="(0.6; 0.45; -0.4)" ParentFrame="BoneChassis_cdt" Max="(1.8; 1.3; 0.4)" Type="Engine">

                                                                      </DamageArea>
                                                                      <DamageArea Min="(-1.85; 0.4; -0.8)" ParentFrame="BoneChassis_cdt" Max="(-0.7; 0.9; 0.8)" Type="FuelTank">

                                                                      </DamageArea>
                        </Damage>
                        <Shafts>
                                                                        <Shaft SocketPointA="Shaft1a" Mesh="env/minishaft" SocketPointB="Shaft1b">

                                                                        </Shaft>
                                                                        <Shaft SocketPointA="Shaft2a" Mesh="env/minishaft" SocketPointB="Shaft2b">

                                                                        </Shaft>
                        </Shafts>
        </TruckData>
  </Truck>