  <_templates Include="trucks">
      <Wheel>
          <RearWheel Location="rear" ConnectedToHandbrake="true" Torque="default">

          </RearWheel>
          <FrontWheel ParentFrame="BoneCabin_cdt" SteeringAngle="35" Location="front" SteeringJointOffset="0.27" Torque="default" SteeringCastor="0">

          </FrontWheel>
      </Wheel>
      <Body>
            <WireWiggle Mass="1.5" Collisions="None">
                <Constraint Type="Fixed" LinearLimitsY="(-0.02;0.02)" LinearLimitsX="(-0.1;0.1)" LinearLimitsZ="(-0.1;0.1)">
                    <Motor Spring="250" Damping="2" Type="Spring">

                    </Motor>
                </Constraint>
            </WireWiggle>
            <SideMirror Mass="5" AngularDamping=".9" Collisions="None">
                  <Constraint Type="Hinge" MaxLimit="25" AxisLocal="(0; 1; 0)" MinLimit="-25">
                      <Motor Spring="70" Damping=".3" Type="Spring">

                      </Motor>
                  </Constraint>
            </SideMirror>
            <Antenna Mass="10" Collisions="None">
                    <Constraint Type="Ragdoll" PlaneMin="-20" PlaneMax="20" TwistAxisLocal="(0; 1; 0)" Cone="20" PlaneAxisLocal="(0; 0; 1)">
                        <ConeMotor Spring="200" Damping="4" Type="Spring">

                        </ConeMotor>
                        <PlaneMotor Spring="200" Damping="4" Type="Spring">

                        </PlaneMotor>
                    </Constraint>
            </Antenna>
            <Mudguard Mass="10" Collisions="None">
                      <Constraint Type="Hinge">
                          <Motor Spring="10" Damping="1" Type="Spring">

                          </Motor>
                      </Constraint>
            </Mudguard>
      </Body>
  </_templates>
  <Truck>
        <HeadLight Pos="(3.284; 1.4; 0)" ParentFrame="BoneCabinDamper_cdt" _template="Default">

        </HeadLight>
        <GameData UnlockByExploration="false" Price="62600" UnlockByRank="1" Country="RU,CAS">
              <CustomizationCameras>
                    <CameraPos Name="roof_sticker" InterestPosition="(3.638; 0.674; -0.623)" Position="(6.636; 4.978; -0.223)" Interior="true" FOV="32.0">

                    </CameraPos>
                    <CameraPos Name="sticker_1" InterestPosition="(7.202; 3.678; 1.493)" Position="(4.682; 2.264; -0.31)" Interior="true" FOV="32.0">

                    </CameraPos>
                    <CameraPos MaxYRotation="360" MaxZoom="2" Name="addon_1" InterestPosition="(0.697; 1.869; 0)" Position="(-7.265; 3.31; 8.244)" MaxXRotation="360" FOV="32.0">

                    </CameraPos>
                    <CameraPos MaxYRotation="360" MaxZoom="2" Name="addon_2" InterestPosition="(3.194; 1.807; 0)" Position="(-8.093; 2.337; -6.718)" MaxXRotation="360" FOV="32.0">

                    </CameraPos>
                    <CameraPos Name="mirror_mount" InterestPosition="(6.976; 2.561; 1.274)" Position="(4.428; 2.51; -0.534)" Interior="true" FOV="32.0">

                    </CameraPos>
                    <CameraPos MaxYRotation="360" MaxZoom="2" Name="side_r" InterestPosition="(4.764; 1.97; -0)" Position="(-0.226; 4.969; -4.508)" MaxXRotation="360" FOV="32.0">

                    </CameraPos>
                    <CameraPos Name="sticker" InterestPosition="(6.662; 0.996; 1.798)" Position="(4.69; 2.631; 0.094)" Interior="true" FOV="32.0">

                    </CameraPos>
                    <CameraPos Name="glass_sticker" InterestPosition="(4.973; 2.05; -1.105)" Position="(8.234; 3.389; 0.975)" Interior="true" FOV="32.0">

                    </CameraPos>
                    <CameraPos Name="door_r_sticker" InterestPosition="(7.116; 1.291; 0.13)" Position="(4.224; 1.975; 2.893)" Interior="true" FOV="32.0">

                    </CameraPos>
                    <CameraPos MaxYRotation="360" MaxZoom="2" Name="roof" InterestPosition="(5.584; 1.615; -0)" Position="(9.203; 3.854; 5.047)" MaxXRotation="360" FOV="32.0">

                    </CameraPos>
                    <CameraPos Name="capote_sticker" InterestPosition="(5.647; 0.546; -0.444)" Position="(8.872; 4.406; -0.741)" Interior="true" FOV="32.0">

                    </CameraPos>
                    <CameraPos MaxYRotation="360" MaxZoom="2" Name="hoods" InterestPosition="(5.275; 1.623; 0)" Position="(12.823; 1.44; -4.73)" MaxXRotation="360" FOV="32.0">

                    </CameraPos>
                    <CameraPos Name="sticker_2" InterestPosition="(6.662; 0.61; 1.935)" Position="(5.221; 1.595; 0.03)" Interior="true" FOV="32.0">

                    </CameraPos>
                    <CameraPos MaxYRotation="360" MaxZoom="2" Name="side_l" InterestPosition="(4.737; 2.557; 0)" Position="(9.507; 4.376; -3.37)" MaxXRotation="360" FOV="32.0">

                    </CameraPos>
                    <CameraPos Name="bubble_head" InterestPosition="(6.662; 1.168; 1.935)" Position="(4.549; 2.631; -0.513)" Interior="true" FOV="32.0">

                    </CameraPos>
                    <CameraPos MaxYRotation="360" MaxZoom="2" Name="wheels" InterestPosition="(4.756; 1.133; -0)" Position="(-4.539; 2.191; -5.755)" MaxXRotation="360" FOV="32.0">

                    </CameraPos>
                    <CameraPos MaxYRotation="360" MaxZoom="2" Name="default" InterestPosition="(5.275; 1.623; 0)" Position="(12.823; 1.44; -4.73)" MaxXRotation="360" FOV="32.0">

                    </CameraPos>
                    <CameraPos MaxYRotation="360" MaxZoom="2" Name="rear" InterestPosition="(4.777; 1.589; 0)" Position="(0.811; 3.681; 4.794)" MaxXRotation="360" FOV="32.0">

                    </CameraPos>
                    <CameraPos Name="door_l_sticker" InterestPosition="(5.038; 1.458; 0)" Position="(4.295; 1.918; -3.012)" Interior="true" FOV="32.0">

                    </CameraPos>
                    <CameraPos Name="hood_ornament" InterestPosition="(7.506; 2.048; -1.439)" Position="(8.557; 2.364; -1.439)" Interior="true" FOV="32.0">

                    </CameraPos>
                    <CameraPos Name="curtain" InterestPosition="(6.976; 2.561; 1.274)" Position="(4.428; 2.51; -0.534)" Interior="true" FOV="32.0">

                    </CameraPos>
              </CustomizationCameras>
              <UiDesc UiName="UI_VEHICLE_VORON_D53233_NAME" UiDesc="UI_VEHICLE_VORON_D53233_DESC" UiIconLogo="VoronLogo80" UiIcon40x40="offroadVehicleImg" UiIcon30x30="offroadVehicleImg30" UiIcon328x458="shopImgVoronD53233">

              </UiDesc>
                    <AddonSockets>
                        <Socket Offset="(-2.817; 1.485; -0.002)" Names="Semitrailer, SemitrailerOiltank">

                        </Socket>
                        <Socket Offset="(-2.100; 1.65; -0.002)" Names="LargeSemitrailer, LargeSemitrailerOiltank">
                          <AddonsShift Offset="(0; 0; 0)" Types="MinicraneRU, VoronD53233WheelAddon" TrailerNamesBlock="LargeSemitrailerOiltank">

                          </AddonsShift>
                        </Socket>
                        <Socket Offset="(-5; 0.81; 0)" Names="Trailer">

                        </Socket>
                    </AddonSockets>
                    <AddonSockets>
                        <Socket Offset="(-2.4; 1.157; 0)" Names="FrameAddonTow" NamesBlock="Trailer, MetalDetector">
                            <AddonsShift Offset="(-0.35; 0; 0)" Types="VoronD53233WheelAddon">

                            </AddonsShift>
                            <AddonsShift Offset="(-1; 0; 0)" Types="MinicraneRU">

                            </AddonsShift>
                            <AddonsShift Offset="(0; 0; 0)" Types="MinicraneRU, VoronD53233WheelAddon" TrailerNamesBlock="FrameAddonTow">

                            </AddonsShift>
                        </Socket>
                        <Socket Offset="(-0.24; 1.157; 0)" Names="LogLift" NamesBlock="MetalDetector, MinicraneRU">

                        </Socket>
                        <Socket Offset="(-6.339; 1.16; 0)" Names="BunkLog" NamesBlock="MinicraneRU, MetalDetector">

                        </Socket>
                        <Socket Offset="(-1.68; 1.157; 0)" Names="FrameAddonLogShort" NamesBlock="MinicraneRU, MetalDetector">
                          <AddonsShift Offset="(-0.44; 0; 0)" Types="VoronD53233WheelAddon">

                          </AddonsShift>
                        </Socket>
                        <Socket Offset="(-1.68; 1.157; 0)" Names="FrameAddonLogMedium" NamesBlock="MinicraneRU, MetalDetector, VoronD53233WheelAddon">

                        </Socket>
                        <Socket Offset="(-2.817; 1.16; -0.002)" Names="SaddleLow">
                            <ExtraParent Offset="(0; 0; 0.02)" Frame="BoneChassis_cdt">

                            </ExtraParent>
                            <ExtraParent Offset="(0; 0; -0.02)" Frame="BoneChassis_cdt">

                            </ExtraParent>
                        </Socket>
                        <Socket Offset="(-2.100; 1.16; -0.002)" Names="SaddleHigh">
                            <ExtraParent Offset="(0; 0; 0.015)" Frame="BoneChassis_cdt">

                            </ExtraParent>
                            <ExtraParent Offset="(0; 0; -0.015)" Frame="BoneChassis_cdt">

                            </ExtraParent>
                        </Socket>
                        <Socket Offset="(-2.090; 1.16; 0)" Names="FrameAddon" ParentFrame="BoneChassis_cdt">
                            <AddonsShift Offset="(-0.85; 0; 0)" Types="MinicraneRU">

                            </AddonsShift>
                            <AddonsShift Offset="(0; 0; 0)" Types="MinicraneRU, VoronD53233WheelAddon" TrailerNamesBlock="FrameAddon">

                            </AddonsShift>
                        </Socket>
                        <Socket Offset="(-2.33; 1.23; 0)" Names="FrameAddonKung" ParentFrame="BoneChassis_cdt">
                            <ExtraParent Offset="(0; 0; -0.08)" Frame="BoneChassis_cdt">

                            </ExtraParent>
                            <ExtraParent Offset="(0; 0; 0.08)" Frame="BoneChassis_cdt">

                            </ExtraParent>
                        </Socket>
                        <Socket Offset="(-3.05; 1.16; 0)" Names="FrameAddonTank" ParentFrame="BoneChassis_cdt">

                        </Socket>
                        <Socket ParentFrame="BoneChassis_cdt" Offset="(-2.75; 0.125; 0)" Names="FrameAddonMaintainer" NamesBlock="MinicraneRU, Trailer">

                        </Socket>
                        <Socket ParentFrame="BoneChassis_cdt" Offset="(-2.856; 1.257; 0)" Names="BigCraneRu" NamesBlock="MetalDetector, MinicraneRU, VoronD53233WheelAddon">
                            <ExtraParent Offset="(0; -0.1; 0)" Frame="BoneChassis_cdt">

                            </ExtraParent>
                            <ExtraParent Offset="(0; -0.1; 0)" Frame="BoneChassis_cdt">

                            </ExtraParent>
                        </Socket>
                    </AddonSockets>
                    <AddonSockets>
                        <Socket ParentFrame="BoneChassis_cdt" Offset="(-0.707; 0.104; 0)" Names="MetalDetector" NamesBlock="FrameAddonMaintainer, FrameAddonKung, FrameAddonTank, FrameAddon, SaddleHigh">

                        </Socket>
                        <Socket Offset="(0.3; 1.156; 0)" Names="MinicraneRU" NamesBlock="FrameAddonKung, FrameAddonTank">
                          <AddonsShift Offset="(-0.25; 0; 0)" Types="VoronD53233WheelAddon">

                          </AddonsShift>
                              <ExtraParent Offset="(0; 0; -0.01)" Frame="BoneChassis_cdt">

                              </ExtraParent>
                              <ExtraParent Offset="(0; 0; 0.01)" Frame="BoneChassis_cdt">

                              </ExtraParent>
                        </Socket>
                    </AddonSockets>
                    <AddonSockets DefaultAddon="voron_d53233_bumper_default">
                      <Socket Offset="(0; 0; 0)" Names="VoronD53233Bumper" ParentFrame="BoneCabin_cdt">

                      </Socket>
                    </AddonSockets>
                    <AddonSockets>
                      <Socket Offset="(0; 0; 0)" Names="VoronD53233Horn" ParentFrame="BoneCabinDamper_cdt">

                      </Socket>
                    </AddonSockets>
                    <AddonSockets>
                      <Socket Offset="(0; 0; 0)" Names="VoronD53233Beacon" ParentFrame="BoneCabinDamper_cdt">

                      </Socket>
                    </AddonSockets>
                    <AddonSockets>
                        <Socket Offset="(0; 0; 0)" Names="VoronD53233SpotLight1" ParentFrame="BoneCabinDamper_cdt">

                        </Socket>
                        <Socket ParentFrame="BoneCabinDamper_cdt" Offset="(0; 0; 0)" Names="VoronD53233SpotLight2" NamesBlock="VoronD53233Beacon">

                        </Socket>
                    </AddonSockets>
                    <AddonSockets>
                      <Socket Offset="(0; 0; 0)" Names="VoronD53233Snorkel" ParentFrame="BoneCabinDamper_cdt">

                      </Socket>
                    </AddonSockets>
                    <AddonSockets>
                      <Socket Offset="(0; 0; 0)" Names="VoronD53233WheelAddon" ParentFrame="BoneChassis_cdt">
                          <ExtraParent Frame="BoneCabin_cdt">

                          </ExtraParent>
                      </Socket>
                    </AddonSockets>
                    <AddonSockets>
                      <Socket ParentFrame="BoneCabinDamper_cdt" Names="voronD53233Sticker_1x1_01" InCockpit="true">

                      </Socket>
                    </AddonSockets>
                    <AddonSockets>
                      <Socket ParentFrame="BoneCabinDamper_cdt" Names="voronD53233Sticker_1x1_02" InCockpit="true">

                      </Socket>
                    </AddonSockets>
                    <AddonSockets>
                      <Socket ParentFrame="BoneCabinDamper_cdt" Names="voronD53233Sticker_1x1_03" InCockpit="true">

                      </Socket>
                    </AddonSockets>
                    <AddonSockets>
                      <Socket ParentFrame="BoneCabinDamper_cdt" Names="voronD53233Sticker_1x2_01" InCockpit="true">

                      </Socket>
                    </AddonSockets>
                    <AddonSockets>
                      <Socket ParentFrame="BoneCabinDamper_cdt" Names="voronD53233Sticker_1x2_02" InCockpit="true">

                      </Socket>
                    </AddonSockets>
                    <AddonSockets>
                      <Socket ParentFrame="BoneCabinDamper_cdt" Names="voronD53233Sticker_1x4_01" InCockpit="true">

                      </Socket>
                    </AddonSockets>
                    <AddonSockets>
                      <Socket ParentFrame="BoneCabinDamper_cdt" Names="voronD53233Sticker_GlassTop" InCockpit="true">

                      </Socket>
                    </AddonSockets>
                    <AddonSockets>
                      <Socket ParentFrame="BoneCabinDamper_cdt" Names="voronD53233Sticker_GlassBottom" InCockpit="true">

                      </Socket>
                    </AddonSockets>
                    <AddonSockets>
                      <Socket Names="voronD53233Sticker_Door_L" ParentFrame="BoneCabinDamper_cdt">

                      </Socket>
                    </AddonSockets>
                    <AddonSockets>
                      <Socket Names="voronD53233Sticker_Door_R" ParentFrame="BoneCabinDamper_cdt">

                      </Socket>
                    </AddonSockets>
                    <AddonSockets>
                      <Socket Names="voronD53233Sticker_Roof" ParentFrame="BoneCabinDamper_cdt">

                      </Socket>
                    </AddonSockets>
                    <AddonSockets>
                      <Socket Names="voronD53233Sticker_Capote" ParentFrame="BoneCabinDamper_cdt">

                      </Socket>
                    </AddonSockets>
                    <AddonSockets>
                        <Socket ParentFrame="BoneCabinDamper_cdt" Offset="(1.681; 2.767; 0.239)" Names="StuffAirfreshener" InCockpit="true">

                        </Socket>
                        <Socket ParentFrame="BoneCabinDamper_cdt" Names="StuffCurtainVoronD53233" InCockpit="true">

                        </Socket>
                    </AddonSockets>
                    <AddonSockets>
                      <Socket ParentFrame="BoneCabinDamper_cdt" Offset="(1.977; 2.195; 0.037)" Names="StuffDashboard" InCockpit="true">

                      </Socket>
                    </AddonSockets>
                    <AddonSockets>
                      <Socket Names="StuffHoodVoronD53233" ParentFrame="BoneCabinDamper_cdt">

                      </Socket>
                    </AddonSockets>
                      <CraneSocket Pos="(3.799; 1.067; 0.346)" ParentFrame="BoneCabin_cdt">

                      </CraneSocket>
                      <CraneSocket Pos="(3.799; 1.067; -0.346)" ParentFrame="BoneCabin_cdt">

                      </CraneSocket>
                      <CraneSocket Pos="(-1.024; 1.111; 0.444)">

                      </CraneSocket>
                      <CraneSocket Pos="(-0.44; 0.899; -0.426)">

                      </CraneSocket>
                      <CraneSocket Pos="(-4.524; 1.111; 0.502)">

                      </CraneSocket>
                      <CraneSocket Pos="(-4.524; 1.111; -0.502)">

                      </CraneSocket>
                      <CraneSocket Pos="(-4.950; 0.817; 0)">

                      </CraneSocket>
                        <WinchSocket Pos="(3.799; 1.067; 0.346)" ParentFrame="BoneCabin_cdt">

                        </WinchSocket>
                        <WinchSocket Pos="(3.799; 1.067; -0.346)" ParentFrame="BoneCabin_cdt">

                        </WinchSocket>
                        <WinchSocket Pos="(-1.024; 1.111; 0.444)">

                        </WinchSocket>
                        <WinchSocket Pos="(-0.44; 0.899; -0.426)">

                        </WinchSocket>
                        <WinchSocket Pos="(-4.524; 1.111; 0.502)">

                        </WinchSocket>
                        <WinchSocket Pos="(-4.524; 1.111; -0.502)">

                        </WinchSocket>
                        <WinchSocket Pos="(-4.950; 0.817; 0)">

                        </WinchSocket>
        </GameData>
        <PhysicsModel Mesh="trucks/voron_d53233">
                <Body NetSync="pv" CenterOfMassOffset="(0.5; 0; 0)" ModelFrame="BoneChassis_cdt" Mass="4000" ImpactType="Truck">
                    <Body NetSync="pv" CenterOfMassOffset="(0.95; 0.7; 0)" ModelFrame="BoneCabin_cdt" Mass="6000" ImpactType="Truck">
                        <Constraint Type="Hinge" MaxLimit="10" AxisLocal="(1; 0; 0)" MinLimit="-10" PivotOffset="(0; 0; 0)">
                            <Motor Spring="1500000" Damping="10000" Type="Spring">

                            </Motor>
                        </Constraint>
                            <Body ModelFrame="BoneCabinDamper_cdt" Mass="1000" ImpactType="Truck">
                              <Constraint Type="Prismatic" MaxLimit="0.5" AxisLocal="(0; 1; 0)" MinLimit="-0.2">
                                  <Motor Spring="200000" Damping="300000" Type="Spring">

                                  </Motor>
                              </Constraint>
                                  <Body ModelFrame="BoneMudguardFrontLeft_cdt" _template="Mudguard">
                                    <Constraint MinLimit="-33" MaxLimit="10" AxisLocal="(0; 0; 1)">

                                    </Constraint>
                                  </Body>
                                  <Body ModelFrame="BoneMudguardFrontRight_cdt" _template="Mudguard">
                                    <Constraint MinLimit="-31" MaxLimit="10" AxisLocal="(0; 0; 1)">

                                    </Constraint>
                                  </Body>
                                  <Body ModelFrame="BoneMirrorLeft_cdt" _template="SideMirror">

                                  </Body>
                                  <Body ModelFrame="BoneMirrorRight_cdt" _template="SideMirror">

                                  </Body>
                                  <Body ModelFrame="BoneAntennaLeft_cdt" _template="Antenna">

                                  </Body>
                                  <Body ModelFrame="BoneAntennaRight_cdt" _template="Antenna">

                                  </Body>
                                  <Body ModelFrame="BoneSunshieldLeft_cdt" CenterOfMassOffset="(0; 0; 0)" Mass="5" ImpactType="Truck" Collisions="None">
                                    <Constraint Type="Hinge" MaxLimit="15" AxisLocal="(0; 0; 1)" MinLimit="0" PivotOffset="(0; 0; 0)">
                                        <Motor Spring="30" Damping="0.65" Type="Spring">

                                        </Motor>
                                    </Constraint>
                                  </Body>
                                  <Body ModelFrame="BoneSunshieldRight_cdt" CenterOfMassOffset="(0; 0; 0)" Mass="3" ImpactType="Truck" Collisions="None">
                                    <Constraint Type="Hinge" MaxLimit="15" AxisLocal="(0; 0; 1)" MinLimit="0" PivotOffset="(0; 0; 0)">
                                        <Motor Spring="32" Damping="0.65" Type="Spring">

                                        </Motor>
                                    </Constraint>
                                  </Body>
                                  <Body CenterOfMassOffset="(0; 0; 0)" ModelFrame="BoneSeatbelt_cdt" Mass="1" Collisions="None">
                                    <Constraint Type="Prismatic" MaxLimit="0.1" AxisLocal="(1; 0; 0)" MinLimit="-0.1" PivotOffset="(0; 0; 0)">
                                        <Motor Spring="650" Damping="65" Type="Spring">

                                        </Motor>
                                    </Constraint>
                                  </Body>
                            </Body>
                            <Body ModelFrame="BoneTieRod_cdt" _template="TieRod">
                              <Constraint MaxLimit="40" AxisLocal="(0; 0; 1)" MinLimit="-40" Name="TieRodSteer">

                              </Constraint>
                            </Body>
                            <Body ModelFrame="BoneWiggle5_cdt" Mass="10" Collisions="None">
                              <Constraint Type="Fixed" LinearLimitsY="(0;0.2)" LinearLimitsX="(0;0)" LinearLimitsZ="(0;0)">
                                  <Motor Spring="0.1" Damping="2" Type="Spring">

                                  </Motor>
                              </Constraint>
                              <Body ModelFrame="BoneWiggle6_cdt" Mass="2" Collisions="None">
                                    <Constraint Type="Fixed" LinearLimitsY="(0;0.1)" LinearLimitsX="(-0.2;0.01)" LinearLimitsZ="(-0.01;0.05)">
                                        <Motor Spring="100" Damping="25" Type="Spring">

                                        </Motor>
                                    </Constraint>
                              </Body>
                            </Body>
                    </Body>
                </Body>
                <NetSync Legacy="false">

                </NetSync>
        </PhysicsModel>
        <ControlledConstraints>
                  <Constraint IsLinkedSteering="true" Id="chassis_steer" Name="TieRodSteer">

                  </Constraint>
        </ControlledConstraints>
        <ModelAttachments>
                    <HeadLight>
                          <Flare Pos="(3.284; 1.4; -0.977)" ParentFrame="BoneCabinDamper_cdt" _template="HeadLight">

                          </Flare>
                          <Flare Pos="(3.284; 1.4; 0.977)" ParentFrame="BoneCabinDamper_cdt" _template="HeadLight">

                          </Flare>
                          <Flare Pos="(1.641; 2.819; 1.15)" _template="HeadLight" Color="g(181; 163; 142) x 1.5" Size="0.4" ParentFrame="BoneCabinDamper_cdt">

                          </Flare>
                          <Flare Pos="(3.284; 1.4; -0.977)" ParentFrame="BoneCabinDamper_cdt" _template="BlueStreak">

                          </Flare>
                          <Flare Pos="(3.284; 1.4; 0.977)" ParentFrame="BoneCabinDamper_cdt" _template="BlueStreak">

                          </Flare>
                          <Flare Pos="(1.641; 2.819; 1.15)" _template="BlueStreak" Color="g(220; 220; 255) x 0.05" Size="0.5" ParentFrame="BoneCabinDamper_cdt">

                          </Flare>
                            <Model Org="(3.284; 1.4; -0.977)" ParentFrame="BoneCabinDamper_cdt" _template="HeadLightRay">

                            </Model>
                            <Model Org="(3.284; 1.4; 0.977)" ParentFrame="BoneCabinDamper_cdt" _template="HeadLightRay">

                            </Model>
                            <Model Org="(1.641; 2.819; 1.15)" ParentFrame="BoneCabinDamper_cdt" _template="HeadLightRay">

                            </Model>
                    </HeadLight>
                    <StopSignals>
                          <Light Pos="(-4.892; 0.905; 0)" _template="StopSignal">

                          </Light>
                              <Flare Pos="(-4.81; 0.905; 0.508)" Size="0.8" _template="StopSignal">

                              </Flare>
                              <Flare Pos="(-4.81; 0.905; -0.508)" Size="0.8" _template="StopSignal">

                              </Flare>
                    </StopSignals>
                    <Ignition>
                              <Light Pos="(4; 1.013; 0.9)" ParentFrame="BoneCabinDamper_cdt" _template="IgnitionSignalWhite">

                              </Light>
                              <Light Pos="(4; 1.013; -0.9)" ParentFrame="BoneCabinDamper_cdt" _template="IgnitionSignalWhite">

                              </Light>
                              <Light Pos="(-4.932; 1.025; 0)" _template="IgnitionSignalRed">

                              </Light>
                                <Flare Pos="(1.774; 2.893; -0.176)" ParentFrame="BoneCabinDamper_cdt" _template="MarkerBeacon">

                                </Flare>
                                <Flare Pos="(1.774; 2.893; 0.176)" ParentFrame="BoneCabinDamper_cdt" _template="MarkerBeacon">

                                </Flare>
                                <Flare Pos="(1.774; 2.893; 0)" ParentFrame="BoneCabinDamper_cdt" _template="MarkerBeacon">

                                </Flare>
                                <Flare Pos="(-4.81; 0.905; -0.57)" _template="IgnitionSignalRed" Color="g(169; 0; 0) x 0.8" Size="0.15">

                                </Flare>
                                <Flare Pos="(-4.81; 0.905; 0.57)" _template="IgnitionSignalRed" Color="g(169; 0; 0) x 0.8" Size="0.15">

                                </Flare>
                                <Flare Pos="(3.284; 1.4; -0.947)" _template="IgnitionSignalWhite" ParentFrame="BoneCabinDamper_cdt" DirAngle="120">

                                </Flare>
                                <Flare Pos="(3.284; 1.4; 0.947)" _template="IgnitionSignalWhite" ParentFrame="BoneCabinDamper_cdt" DirAngle="120">

                                </Flare>
                    </Ignition>
                    <ReverseSignals>
                                <Light Pos="(-4.81; 0.777; 0.57)" _template="ReverseSignal">

                                </Light>
                                <Light Pos="(-4.81; 0.777; -0.57)" _template="ReverseSignal">

                                </Light>
                                  <Flare Pos="(-4.81; 0.777; 0.57)" Size="0.7" _template="ReverseSignal">

                                  </Flare>
                                  <Flare Pos="(-4.81; 0.777; -0.57)" Size="0.7" _template="ReverseSignal">

                                  </Flare>
                                  <Flare Pos="(-4.81; 0.777; 0.57)" Dir="(-1; 0; 0)" _template="BlueStreak" Color="g(220; 220; 255) x 0.05" Size="0.4">

                                  </Flare>
                                  <Flare Pos="(-4.81; 0.777; -0.57)" Dir="(-1; 0; 0)" _template="BlueStreak" Color="g(220; 220; 255) x 0.05" Size="0.4">

                                  </Flare>
                    </ReverseSignals>
        </ModelAttachments>
        <Landmark MaxScale="3.8" Mesh="landmarks/voron_d53233_lmk" MinScale="1.8">

        </Landmark>
        <AutomaticIK>
                          <IKBone ParentFrame="BoneTieRod_cdt" ModelFrame="BoneBeamHinge">
                            <IKJoint Type="Hinge2" AxisLocal="(1; 0; 0)">

                            </IKJoint>
                            <IKBone AttachToFrame="BoneRackLeft" AttachOffset="(0; 0; 0)" ModelFrame="BoneBeamSlider">
                                  <IKJoint Type="Slider" AxisLocal="(1; 0; 0)">

                                  </IKJoint>
                            </IKBone>
                          </IKBone>
                          <IKBone ParentFrame="BoneCabin_cdt" ModelFrame="BonePiston1Hinge">
                            <IKJoint Type="Hinge2" AxisLocal="(1; 0; 0)">

                            </IKJoint>
                            <IKBone AttachToFrame="BoneAxle1" AttachOffset="(0; 0; 0)" ModelFrame="BonePiston1Slider">
                                  <IKJoint Type="Slider" AxisLocal="(1; 0; 0)">

                                  </IKJoint>
                            </IKBone>
                          </IKBone>
                          <IKBone ParentFrame="BoneCabin_cdt" ModelFrame="BonePiston2Hinge">
                            <IKJoint Type="Hinge2" AxisLocal="(1; 0; 0)">

                            </IKJoint>
                            <IKBone AttachToFrame="BoneAxle1" AttachOffset="(0; 0; 0)" ModelFrame="BonePiston2Slider">
                                  <IKJoint Type="Slider" AxisLocal="(1; 0; 0)">

                                  </IKJoint>
                            </IKBone>
                          </IKBone>
                          <IKBone ParentFrame="BoneCabin_cdt" ModelFrame="BonePiston3Hinge">
                            <IKJoint Type="Hinge2" AxisLocal="(1; 0; 0)">

                            </IKJoint>
                            <IKBone AttachToFrame="BoneRackLeft" AttachOffset="(0; 0; 0)" ModelFrame="BonePiston3Slider">
                                  <IKJoint Type="Slider" AxisLocal="(1; 0; 0)">

                                  </IKJoint>
                            </IKBone>
                          </IKBone>
        </AutomaticIK>
        <TruckData SteerSpeed="0.025" EngineStartDelay="0.8" EngineIconMesh="env/engine_default" TruckType="OFFROAD" Responsiveness="0.2" BackSteerSpeed="0.02" TruckImage="voron55223mchr" FuelCapacity="270" DiffLockType="Always" ExhaustStartTime="0.9" EngineIconScale="1.3">
                          <Driver Pos="(1.3; 1.8; 0.488)" ParentFrame="BoneCabin_cdt" AnimationSet="Truck" SteeringWheelPos="(1.685; 2.167; 0.489)">

                          </Driver>
                          <SoundsDamage _template="Heavy">

                          </SoundsDamage>
                          <Shakers>
                                  <Shaker MaxFrequency="4" Frame="BoneExhaust" MinAngle="(0.9; 0.9; 0.9)" MaxAngle="(3.3; 3.3; 3.3)">

                                  </Shaker>
                          </Shakers>
                          <OcclusionMap HalfSizeZ="1.9" MinX="-5.123" MaxX="3.917">

                          </OcclusionMap>
                          <FuelTank DamageCapacity="50">

                          </FuelTank>
                          <Intake Size="1.219" Dir="(1; 0; 0)" Origin="(3.503; 1.662; -0)">

                          </Intake>
                          <EngineSocket Type="e_ru_truck_old_heavy" Default="ru_truck_old_heavy_engine_0">

                          </EngineSocket>
                          <SuspensionSocket Type="s_voron_d53233" MaxWheelRadiusWithoutSuspension="0.45" Default="voron_d53233_suspension_default">

                          </SuspensionSocket>
                          <Dashboard>
                                                <Gauge InputRange="(0;1)" Dir="(-0.896; 0.444; 0)" InputType="engineEnabled" Org="(1.842; 2.045; 0.798)" Damping="0.1" Mesh="trucks/arrows/voron_d53233_arrow_01" OutputAngles="(-120;20)">

                                                </Gauge>
                                                <Gauge InputRange="(0;1)" Dir="(-0.896; 0.444; 0)" InputType="engineEnabled" Org="(1.836; 2.032; 0.7)" Damping="0.1" Mesh="trucks/arrows/voron_d53233_arrow_02" OutputAngles="(-45;10)">

                                                </Gauge>
                                                <Gauge InputRange="(0;1)" Dir="(-0.896; 0.444; 0)" InputType="engineEnabled" Org="(1.879; 2.118; 0.7)" Damping="0.1" Mesh="trucks/arrows/voron_d53233_arrow_02" OutputAngles="(-60;-5)">

                                                </Gauge>
                                                <Gauge InputRange="(0;1)" Dir="(-0.896; 0.444; 0)" InputType="rpm" Org="(1.882; 2.128; 0.568)" Damping="0.1" Mesh="trucks/arrows/voron_d53233_arrow_03" OutputAngles="(-135;135)">

                                                </Gauge>
                                                <Gauge InputRange="(0;120)" Dir="(-0.896; 0.444; 0)" InputType="speed" Org="(1.883; 2.127; 0.394)" Damping="0.1" Mesh="trucks/arrows/voron_d53233_arrow_04" OutputAngles="(-120;120)">

                                                </Gauge>
                                                <Gauge InputRange="(0;1)" Dir="(-0.896; 0.444; 0)" InputType="engineEnabled" Org="(1.885; 2.131; 0.259)" Damping="0.1" Mesh="trucks/arrows/voron_d53233_arrow_01" OutputAngles="(-120;20)">

                                                </Gauge>
                                                <Gauge InputRange="(0;1)" Dir="(-0.896; 0.444; 0)" InputType="engineEnabled" Org="(1.836; 2.032; 0.259)" Damping="0.1" Mesh="trucks/arrows/voron_d53233_arrow_02" OutputAngles="(-60;40)">

                                                </Gauge>
                                                <Gauge InputRange="(0;1)" Dir="(-0.896; 0.444; 0)" InputType="fuel" Org="(1.836; 2.032; 0.163)" Damping="0.1" Mesh="trucks/arrows/voron_d53233_arrow_02" OutputAngles="(-55;55)">

                                                </Gauge>
                          </Dashboard>
                          <Axles>
                                                  <Axle Frame="BoneAxle1">

                                                  </Axle>
                                                  <Axle Frame="BoneAxle2">

                                                  </Axle>
                                                  <Axle Frame="BoneAxle3">

                                                  </Axle>
                          </Axles>
                          <Camera Center="(-1.95; 0; 0)" ParentFrame="BoneCabin_cdt">
                                                  <Cockpit WindshieldDiffuseTexture="trucks/voron_d53233_glass__d_a.tga" _template="Default" WindshieldShadingTexture="trucks/voron_d53233_glass__sh_d.tga" ViewPos="(1.26; 2.48; 0.479)">
                                                        <Mirror FOVScale="2" LookAtOffset="(0; -0.05; 0)" MeshFrame="mirror_left" Pos="(1.719; 2.471; 1.349)" ReflectionDir="(-0.892; -0.048; -0.45)" Size="(0.14; 0.24)" ClipDir="(-0.892; -0.048; -0.45)">
                                                          <SecondaryView FOVScale="1.6" ClipDir="(-0.892; -0.048; -0.45)" MeshFrame="mirror_left_1" CurveAngle="5" Size="(0.14; 0.14)" Pos="(1.725; 2.266; 1.352)">

                                                          </SecondaryView>
                                                        </Mirror>
                                                        <Mirror FOVScale="2.5" ClipDir="(-0.819; -0.093; 0.566)" MeshFrame="mirror_right" Pos="(1.845; 2.47; -1.308)" ReflectionDir="(-0.819; -0.093; 0.566)" Size="(0.14; 0.24)" ClipOffset=".1">
                                                          <SecondaryView FOVScale="1.8" ClipDir="(-0.819; -0.093; 0.566)" MeshFrame="mirror_right_1" CurveAngle="30" Size="(0.14; 0.14)" Pos="(1.854; 2.262; -1.316)">

                                                          </SecondaryView>
                                                        </Mirror>
                                                  </Cockpit>
                          </Camera>
                                                  <CompatibleWheels Type="wheels_heavy_double1" Scale="0.55" RearOffsetZ=".16">

                                                  </CompatibleWheels>
                                                  <CompatibleWheels Type="wheels_heavy_double2" Scale="0.55" RearOffsetZ=".16" OffsetZ="-0.05">

                                                  </CompatibleWheels>
                                                  <CompatibleWheels Type="wheels_heavy_single" Scale="0.55" RearOffsetZ=".13">

                                                  </CompatibleWheels>
                                                  <CompatibleWheels Type="wheels_heavy_single2" Scale="0.55" RearOffsetZ=".08" OffsetZ="-0.03">

                                                  </CompatibleWheels>
                                                  <CompatibleWheels Type="wheels_heavy_double1" Scale="0.63" RearOffsetZ=".22">

                                                  </CompatibleWheels>
                                                  <CompatibleWheels Type="wheels_heavy_double2" Scale="0.63" RearOffsetZ=".22" OffsetZ="-0.05">

                                                  </CompatibleWheels>
                                                  <CompatibleWheels Type="wheels_heavy_single" Scale="0.63" RearOffsetZ=".14">

                                                  </CompatibleWheels>
                                                  <CompatibleWheels Type="wheels_heavy_single2" Scale="0.63" RearOffsetZ=".1" OffsetZ="-0.03">

                                                  </CompatibleWheels>
                          <LimitedFluid SizeX="1.154" ParentFrame="BoneCabin_cdt" Center="(0.267; 0.891; 0.821)" Type="Box" SizeZ="0.708" SizeY="0.516">

                          </LimitedFluid>
                          <Exhaust IsLight="false" Dir="(-0.813; -0.58; -0.049)" Speed="3.82" Origin="(-0.159; 0.76; -0.278)">

                          </Exhaust>
                          <Sounds ParentFrame="BoneCabin_cdt" _template="Default" AirHissInterval="12.0" Origin="(2.45; 1.55; 0)" MinDist="11.0" DisableReversePitch="false">
                                                          <Reverse Sound="trucks/voron_d53233/voron_d53233_reverse">

                                                          </Reverse>
                                                          <EngineHeavy_2d IsSound2D="true" Sound="trucks/voron_d53233/voron_d53233_heavy_2d">

                                                          </EngineHeavy_2d>
                                                          <EngineLow Sound="trucks/voron_d53233/voron_d53233_low">

                                                          </EngineLow>
                                                          <EngineHigh Sound="trucks/voron_d53233/voron_d53233_high">

                                                          </EngineHigh>
                                                          <HandbrakeOff Sound="trucks/voron_d53233/voron_d53233_handbrake_off">

                                                          </HandbrakeOff>
                                                          <EngineRev Sound="trucks/voron_d53233/voron_d53233_rev">

                                                          </EngineRev>
                                                          <AbruptStop Sound="trucks/common/truck_swing_big_rnd_set/truck_swing_big_rnd">

                                                          </AbruptStop>
                                                          <EngineHeavy Sound="trucks/voron_d53233/voron_d53233_heavy">

                                                          </EngineHeavy>
                                                          <EngineHigh_2d IsSound2D="true" Sound="trucks/voron_d53233/voron_d53233_high_2d">

                                                          </EngineHigh_2d>
                                                          <EngineLow_2d IsSound2D="true" Sound="trucks/voron_d53233/voron_d53233_low_2d">

                                                          </EngineLow_2d>
                                                          <EngineIdle_2d IsSound2D="true" Sound="trucks/voron_d53233/voron_d53233_idle_2d">

                                                          </EngineIdle_2d>
                                                          <EngineStart Sound="trucks/voron_d53233/voron_d53233_start">

                                                          </EngineStart>
                                                          <Handbrake Sound="trucks/voron_d53233/voron_d53233_handbrake_on">

                                                          </Handbrake>
                                                          <BrakesSqueal Sound="trucks/voron_d53233/voron_d53233_brakes_squeal">

                                                          </BrakesSqueal>
                                                          <EngineIdle Sound="trucks/voron_d53233/voron_d53233_idle">

                                                          </EngineIdle>
                                                          <Honk Sound="trucks/voron_d53233/voron_d53233_honk">

                                                          </Honk>
                                                          <EngineStop Sound="trucks/voron_d53233/voron_d53233_stop">

                                                          </EngineStop>
                                                          <EngineAccel Sound="trucks/voron_d53233/voron_d53233_acc">

                                                          </EngineAccel>
                                                          <BrakeRelease Sound="trucks/voron_d53233/voron_d53233_brake_release">

                                                          </BrakeRelease>
                          </Sounds>
                          <GearboxSocket Type="gearboxes_trucks_unique_offroad" Default="g_truck_unique_offroad">

                          </GearboxSocket>
                                                            <Steam Origin="(0.594; 1.406; 0)">

                                                            </Steam>
                                                            <Steam Origin="(2.238; 1.15; 0)">

                                                            </Steam>
                          <Wheels DefaultWheelType="wheels_heavy_double1" DefaultTire="highway_1" DefaultRim="rim_2">
                                                                  <Wheel Pos="(2.441; 0.63; 1.1)" _template="FrontWheel">

                                                                  </Wheel>
                                                                  <Wheel RightSide="true" Pos="(2.441; 0.63; 1.1)" _template="FrontWheel">

                                                                  </Wheel>
                                                                  <Wheel Pos="(-2.114; 0.63; 0.897)" _template="RearWheel">

                                                                  </Wheel>
                                                                  <Wheel RightSide="true" Pos="(-2.114; 0.63; 0.897)" _template="RearWheel">

                                                                  </Wheel>
                                                                  <Wheel Pos="(-3.52; 0.63; 0.897)" _template="RearWheel">

                                                                  </Wheel>
                                                                  <Wheel RightSide="true" Pos="(-3.52; 0.63; 0.897)" _template="RearWheel">

                                                                  </Wheel>
                          </Wheels>
                          <WinchUpgradeSocket Type="winches_medium_trucks" Default="w_medium_trucks_default" IsUpgradable="true">

                          </WinchUpgradeSocket>
                          <SteeringRack Frame="BoneRack" RackHalfSizeZ="0.756" FrameSteerLeft="BoneRackLeft" FrameSteerRight="BoneRackRight">

                          </SteeringRack>
                          <SteeringWheel Frame="BoneSteering">

                          </SteeringWheel>
                          <SoundsWheels _template="Default">

                          </SoundsWheels>
                          <Damage ParentFrame="BoneCabin_cdt" SensationMax="(2.24; 2.945; 0.949)" Capacity="600" SensationMin="(0.412; 2.204; -0.949)">
                                                                            <DamageArea Min="(2.100; 0.9; -0.8)" ParentFrame="BoneCabin_cdt" Max="(3.5; 2.100; 0.8)" Type="Engine">

                                                                            </DamageArea>
                                                                            <DamageArea Min="(-0.35; 0.55; 0.2)" ParentFrame="BoneCabin_cdt" Max="(0.9; 1.159; 1.3)" Type="FuelTank">

                                                                            </DamageArea>
                          </Damage>
                          <Shafts>
                                                                              <Shaft SocketPointA="Shaft1a" SocketPointB="Shaft1b">

                                                                              </Shaft>
                                                                              <Shaft SocketPointA="Shaft2a" SocketPointB="Shaft2b">

                                                                              </Shaft>
                                                                              <Shaft SocketPointA="Shaft3a" SocketPointB="Shaft3b">

                                                                              </Shaft>
                                                                              <Shaft SocketPointA="Shaft4a" SocketPointB="Shaft4b">

                                                                              </Shaft>
                          </Shafts>
        </TruckData>
  </Truck>