  <_templates Include="trucks">
      <Wheel>
          <RearWheel Location="rear" ConnectedToHandbrake="true" Torque="default">

          </RearWheel>
          <FrontWheel SteeringAngle="32" Location="front" ParentFrame="BoneCabin_cdt" Torque="full" SteeringCastor="8">

          </FrontWheel>
      </Wheel>
      <Body>
            <Step Mass="1" Friction=".0001">
                <Constraint Type="Fixed" LinearLimitsY="(-0;.5)" LinearLimitsX="(-.3;.3)" LinearLimitsZ="(-.3;.3)">
                    <Motor Spring="350" Damping="20" Type="Spring">

                    </Motor>
                </Constraint>
            </Step>
            <WireWiggle Mass="1.5" Collisions="None">
                  <Constraint Type="Fixed" LinearLimitsY="(0;0.02)" LinearLimitsX="(-0.1;0.1)" LinearLimitsZ="(-0.1;0.1)">
                      <Motor Spring="250" Damping="2" Type="Spring">

                      </Motor>
                  </Constraint>
            </WireWiggle>
            <SideMirror Mass="5" Collisions="None">
                    <Constraint Type="Hinge" MaxLimit="25" AxisLocal="(0; 1; 0)" MinLimit="-25">
                        <Motor Spring="200" Damping="1" Type="Spring">

                        </Motor>
                    </Constraint>
            </SideMirror>
            <Sunshield Mass="2" Collisions="None">
                      <Constraint Type="Hinge" MaxLimit="4" AxisLocal="(0; 0; 1)" MinLimit="0">
                          <Motor Spring="40" Damping=".4" Type="Spring">

                          </Motor>
                      </Constraint>
            </Sunshield>
            <Mudguard Mass="10" Collisions="None">
                        <Constraint Type="Hinge">
                            <Motor Spring="10" Damping="1" Type="Spring">

                            </Motor>
                        </Constraint>
            </Mudguard>
      </Body>
      <Flare>
              <IgnitionSignalOrange ColorMultAtDay="0.6" Dir="(0; 1; 0)" DirAngle="135" Color="g(255; 140; 0) x 0.3" Size="0.1" AspectRatio="1.4">

              </IgnitionSignalOrange>
              <IgnitionSignalWhite ColorMultAtDay="0.6" Dir="(1; 0; 0)" DirAngle="90" Color="g(168; 148; 127) x 0.5 " Size="0.3" AspectRatio="1.4">

              </IgnitionSignalWhite>
              <IgnitionSignalWhiteCold ColorMultAtDay="0.6" Dir="(1; 0; 0)" DirAngle="90" Color="g(168; 158; 147) x 0.5 " Size="0.15" AspectRatio="1.4">

              </IgnitionSignalWhiteCold>
      </Flare>
  </_templates>
  <Truck>
        <HeadLight Pos="(4; 1.417; 0)" ParentFrame="BoneCabin_cdt" _template="Default">

        </HeadLight>
        <GameData UnlockByExploration="false" Price="65700" UnlockByRank="18" Country="RU,CAS">
              <CustomizationCameras>
                    <CameraPos Name="roof_sticker" InterestPosition="(3.115; 0.363; -0.658)" Position="(6.637; 5.34; -0.377)" Interior="true" FOV="32.0">

                    </CameraPos>
                    <CameraPos Name="sticker_1" InterestPosition="(7.169; 3.149; 1.45)" Position="(4.5; 2.55; -0.75)" Interior="true" FOV="32.0">

                    </CameraPos>
                    <CameraPos MaxYRotation="360" MaxZoom="2" Name="addon_1" InterestPosition="(0.697; 1.869; 0)" Position="(-7.265; 3.31; 8.244)" MaxXRotation="360" FOV="32.0">

                    </CameraPos>
                    <CameraPos MaxYRotation="360" MaxZoom="2" Name="addon_2" InterestPosition="(3.451; 0.656; 0)" Position="(4.749; 2.305; 3.103)" MaxXRotation="360" FOV="32.0">

                    </CameraPos>
                    <CameraPos Name="mirror_mount" InterestPosition="(7.173; 2.949; -0.256)" Position="(4.705; 2.515; 0.31)" Interior="true" FOV="32.0">

                    </CameraPos>
                    <CameraPos MaxYRotation="360" MaxZoom="2" Name="side_r" InterestPosition="(5.782; 1.48; 0)" Position="(0.386; 3.779; 4.018)" MaxXRotation="360" FOV="32.0">

                    </CameraPos>
                    <CameraPos Name="sticker" InterestPosition="(6.729; -0.002; 1.221)" Position="(5.033; 2.776; -0.831)" Interior="true" FOV="32.0">

                    </CameraPos>
                    <CameraPos Name="glass_sticker" InterestPosition="(5.694; 2.431; -0.754)" Position="(8.249; 3.627; 1.015)" Interior="true" FOV="32.0">

                    </CameraPos>
                    <CameraPos Name="door_r_sticker" InterestPosition="(6.274; 1.034; 0.518)" Position="(3.688; 1.986; 3.089)" Interior="true" FOV="32.0">

                    </CameraPos>
                    <CameraPos MaxYRotation="360" MaxZoom="2" Name="roof" InterestPosition="(5.024; 1.924; -0)" Position="(9.466; 4.071; -3.096)" MaxXRotation="360" FOV="32.0">

                    </CameraPos>
                    <CameraPos Name="capote_sticker" InterestPosition="(4.707; 0.009; -0.311)" Position="(9.015; 4.521; -0.515)" Interior="true" FOV="32.0">

                    </CameraPos>
                    <CameraPos MaxYRotation="360" MaxZoom="2" Name="hoods" InterestPosition="(5.275; 1.623; 0)" Position="(12.823; 1.44; -4.73)" MaxXRotation="360" FOV="32.0">

                    </CameraPos>
                    <CameraPos Name="sticker_3" InterestPosition="(7.169; 3.149; 2.16)" Position="(4.5; 2.55; 0.131)" Interior="true" FOV="32.0">

                    </CameraPos>
                    <CameraPos Name="sticker_2" InterestPosition="(6.729; 1.149; 2.16)" Position="(4.67; 2.39; 0.131)" Interior="true" FOV="32.0">

                    </CameraPos>
                    <CameraPos MaxYRotation="360" MaxZoom="2" Name="side_l" InterestPosition="(5.981; 1.619; 0)" Position="(9.311; 3.738; 3.747)" MaxXRotation="360" FOV="32.0">

                    </CameraPos>
                    <CameraPos Name="bubble_head" InterestPosition="(6.729; 1.259; 1.72)" Position="(4.851; 2.5; -0.309)" Interior="true" FOV="32.0">

                    </CameraPos>
                    <CameraPos MaxYRotation="360" MaxZoom="2" Name="wheels" InterestPosition="(2.46; 1.133; 0)" Position="(-4.539; 1.488; -5.755)" MaxXRotation="360" FOV="32.0">

                    </CameraPos>
                    <CameraPos MaxYRotation="360" MaxZoom="2" Name="default" InterestPosition="(5.275; 1.623; 0)" Position="(12.823; 1.44; -4.73)" MaxXRotation="360" FOV="32.0">

                    </CameraPos>
                    <CameraPos MaxYRotation="360" MaxZoom="2" Name="rear" InterestPosition="(0.479; 0.992; -0)" Position="(-5.767; 1.805; 2.899)" MaxXRotation="360" FOV="32.0">

                    </CameraPos>
                    <CameraPos Name="door_l_sticker" InterestPosition="(4.352; 1.144; -0)" Position="(3.585; 2.03; -3.044)" Interior="true" FOV="32.0">

                    </CameraPos>
                    <CameraPos Name="hood_ornament" InterestPosition="(7.731; 2.034; -1.483)" Position="(8.782; 2.350; -1.483)" Interior="true" FOV="32.0">

                    </CameraPos>
                    <CameraPos Name="curtain" InterestPosition="(7.173; 2.949; -0.256)" Position="(4.705; 2.515; 0.31)" Interior="true" FOV="32.0">

                    </CameraPos>
              </CustomizationCameras>
              <UiDesc UiName="UI_VEHICLE_VORON_GRAD_NAME" UiDesc="UI_VEHICLE_VORON_GRAD_DESC" UiIconLogo="VoronLogo80" UiIcon40x40="offroadVehicleImg" UiIcon30x30="offroadVehicleImg30" UiIcon328x458="shopImgVoronGrad">

              </UiDesc>
                    <AddonSockets>
                      <Socket Offset="(0; 0; 0)" Names="VoronGradSpareWheel" ParentFrame="BoneChassis_cdt">
                          <ExtraParent Frame="BoneCabin_cdt">

                          </ExtraParent>
                      </Socket>
                    </AddonSockets>
                    <AddonSockets DefaultAddon="voron_grad_exhaust_default">
                      <Socket Offset="(0; 0; 0)" Names="VoronGradExhaust" ParentFrame="BoneCabin_cdt">
                            <ExtraParent Frame="BoneChassis_cdt">

                            </ExtraParent>
                            <ExtraParent Frame="BoneCabinDamper_cdt">

                            </ExtraParent>
                      </Socket>
                    </AddonSockets>
                    <AddonSockets>
                      <Socket Offset="(0; 0; 0)" Names="VoronGradAirFilter" ParentFrame="BoneCabinDamper_cdt">

                      </Socket>
                    </AddonSockets>
                    <AddonSockets DefaultAddon="voron_grad_bumper_default">
                      <Socket Offset="(0; 0; 0)" Names="VoronGradBumper" ParentFrame="BoneCabin_cdt">

                      </Socket>
                    </AddonSockets>
                    <AddonSockets>
                      <Socket Offset="(0; 0; 0)" Names="VoronGradHorn" ParentFrame="BoneCabinDamper_cdt">

                      </Socket>
                    </AddonSockets>
                    <AddonSockets DefaultAddon="voron_grad_air_beacon_default">
                      <Socket Offset="(0; 0; 0)" Names="VoronGradVisor" ParentFrame="BoneCabinDamper_cdt">

                      </Socket>
                    </AddonSockets>
                    <AddonSockets>
                        <Socket ParentFrame="BoneCabinDamper_cdt" Offset="(0; 0; 0)" Names="VoronGradSpotLight1" NamesBlock="VoronGradBeacon">

                        </Socket>
                        <Socket Offset="(0; 0; 0)" Names="VoronGradSpotLight2" ParentFrame="BoneCabinDamper_cdt">

                        </Socket>
                    </AddonSockets>
                    <AddonSockets>
                      <Socket Offset="(0; 0; 0)" Names="VoronGradBeacon" ParentFrame="BoneCabinDamper_cdt">

                      </Socket>
                    </AddonSockets>
                    <AddonSockets>
                        <Socket Offset="(-3.017; 1.46; -0.002)" Names="Semitrailer, SemitrailerOiltank">

                        </Socket>
                        <Socket Offset="(-2; 1.62; -0.002)" Names="LargeSemitrailer, LargeSemitrailerOiltank">

                        </Socket>
                        <Socket Offset="(-5; 1.013; 0)" Names="Trailer">
                          <AddonsShift Offset="(0; 0; 0)" Types="MinicraneRU, FrameAddon" TrailerNamesBlock="Trailer">

                          </AddonsShift>
                        </Socket>
                    </AddonSockets>
                    <AddonSockets>
                        <Socket ParentFrame="BoneChassis_cdt" Offset="(-1.45; 1.15; 0)" Names="FrameAddonTowPlatform" NamesBlock="MinicraneRU, Trailer">

                        </Socket>
                        <Socket Offset="(-6.339; 1.160; 0)" Names="BunkLog" NamesBlock="MinicraneRU">

                        </Socket>
                        <Socket Offset="(-3.017; 1.16; -0.002)" Names="SaddleLow">
                            <ExtraParent Offset="(0; 0; 0.02)" Frame="BoneChassis_cdt">

                            </ExtraParent>
                            <ExtraParent Offset="(0; 0; -0.02)" Frame="BoneChassis_cdt">

                            </ExtraParent>
                        </Socket>
                        <Socket Offset="(-2; 1.16; -0.002)" Names="SaddleHigh">
                            <ExtraParent Offset="(0; 0; 0.015)" Frame="BoneChassis_cdt">

                            </ExtraParent>
                            <ExtraParent Offset="(0; 0; -0.015)" Frame="BoneChassis_cdt">

                            </ExtraParent>
                        </Socket>
                        <Socket Offset="(-2.100; 1.15; 0)" Names="FrameAddon" ParentFrame="BoneChassis_cdt">
                          <AddonsShift Offset="(-0.9; 0; 0)" Types="MinicraneRU">

                          </AddonsShift>
                              <ExtraParent Offset="(0; 0; 0.05)" Frame="BoneChassis_cdt">

                              </ExtraParent>
                              <ExtraParent Offset="(0; 0; -0.05)" Frame="BoneChassis_cdt">

                              </ExtraParent>
                        </Socket>
                        <Socket Offset="(-2.350; 1.24; 0)" Names="FrameAddonKung" ParentFrame="BoneChassis_cdt">
                            <ExtraParent Offset="(0; 0; -0.08)" Frame="BoneChassis_cdt">

                            </ExtraParent>
                            <ExtraParent Offset="(0; 0; 0.08)" Frame="BoneChassis_cdt">

                            </ExtraParent>
                        </Socket>
                        <Socket Offset="(-3.1; 1.15; 0)" Names="FrameAddonTank" ParentFrame="BoneChassis_cdt">

                        </Socket>
                        <Socket Offset="(-3.1; 1.265; 0)" Names="BigCraneRu" NamesBlock="MinicraneRU">
                            <ExtraParent Offset="(0; -0.1; 0)" Frame="BoneChassis_cdt">

                            </ExtraParent>
                            <ExtraParent Offset="(0; -0.1; 0)" Frame="BoneChassis_cdt">

                            </ExtraParent>
                        </Socket>
                        <Socket ParentFrame="BoneChassis_cdt" Offset="(-2.87; 0.126; 0)" Names="FrameAddonMaintainer" NamesBlock="Trailer, MinicraneRU">

                        </Socket>
                    </AddonSockets>
                    <AddonSockets DefaultAddon="voron_grad_diff_lock_default">
                      <Socket Offset="(0; 0; 0)" Names="VoronGradDiffLock" ParentFrame="BoneChassis_cdt">

                      </Socket>
                    </AddonSockets>
                    <AddonSockets>
                      <Socket Offset="(-0.1; 1.16; 0)" Names="MinicraneRU" NamesBlock="FrameAddonKung, FrameAddonTank">

                      </Socket>
                    </AddonSockets>
                    <AddonSockets>
                      <Socket ParentFrame="BoneCabinDamper_cdt" Offset="(1.867; 2.209; -0.014)" Names="StuffDashboard" InCockpit="true">

                      </Socket>
                    </AddonSockets>
                    <AddonSockets>
                        <Socket ParentFrame="BoneCabinDamper_cdt" Offset="(1.7; 2.803; 0.207)" Names="StuffAirfreshener" InCockpit="true">

                        </Socket>
                        <Socket ParentFrame="BoneCabinDamper_cdt" Names="StuffCurtainVoronGrad" InCockpit="true">

                        </Socket>
                    </AddonSockets>
                    <AddonSockets>
                      <Socket ParentFrame="BoneCabinDamper_cdt" Offset="(0; 0; 0)" Names="VoronGradSticker_1x1_01" InCockpit="true">

                      </Socket>
                    </AddonSockets>
                    <AddonSockets>
                      <Socket ParentFrame="BoneCabinDamper_cdt" Offset="(0; 0; 0)" Names="VoronGradSticker_1x1_02" InCockpit="true">

                      </Socket>
                    </AddonSockets>
                    <AddonSockets>
                      <Socket ParentFrame="BoneSunshieldLeft_cdt" Offset="(0; 0; 0)" Names="VoronGradSticker_1x1_03" InCockpit="true">

                      </Socket>
                    </AddonSockets>
                    <AddonSockets>
                      <Socket ParentFrame="BoneCabinDamper_cdt" Offset="(0; 0; 0)" Names="VoronGradSticker_1x2_01" InCockpit="true">

                      </Socket>
                    </AddonSockets>
                    <AddonSockets>
                      <Socket ParentFrame="BoneSunshieldRight_cdt" Offset="(0; 0; 0)" Names="VoronGradSticker_1x2_02" InCockpit="true">

                      </Socket>
                    </AddonSockets>
                    <AddonSockets>
                      <Socket ParentFrame="BoneCabinDamper_cdt" Offset="(0; 0; 0)" Names="VoronGradSticker_1x4_01" InCockpit="true">

                      </Socket>
                    </AddonSockets>
                    <AddonSockets>
                      <Socket ParentFrame="BoneCabinDamper_cdt" Offset="(0; 0; 0)" Names="voronGradSticker_GlassTop" InCockpit="true">

                      </Socket>
                    </AddonSockets>
                    <AddonSockets>
                      <Socket ParentFrame="BoneCabinDamper_cdt" Offset="(0; 0; 0)" Names="voronGradSticker_GlassBottom" InCockpit="true">

                      </Socket>
                    </AddonSockets>
                    <AddonSockets>
                      <Socket Offset="(0; 0; 0)" Names="voronGradSticker_Door_L" ParentFrame="BoneCabinDamper_cdt">

                      </Socket>
                    </AddonSockets>
                    <AddonSockets>
                      <Socket Offset="(0; 0; 0)" Names="voronGradSticker_Door_R" ParentFrame="BoneCabinDamper_cdt">

                      </Socket>
                    </AddonSockets>
                    <AddonSockets>
                      <Socket Offset="(0; 0; 0)" Names="voronGradSticker_Roof" ParentFrame="BoneCabinDamper_cdt">

                      </Socket>
                    </AddonSockets>
                    <AddonSockets>
                      <Socket Offset="(0; 0; 0)" Names="voronGradSticker_Capote" ParentFrame="BoneCabinDamper_cdt">

                      </Socket>
                    </AddonSockets>
                    <AddonSockets>
                      <Socket Offset="(0; 0; 0)" Names="StuffHoodVoronGrad" ParentFrame="BoneCabinDamper_cdt">

                      </Socket>
                    </AddonSockets>
                      <CraneSocket Pos="(3.799; 1.067; 0.346)" ParentFrame="BoneCabin_cdt">

                      </CraneSocket>
                      <CraneSocket Pos="(3.799; 1.067; -0.346)" ParentFrame="BoneCabin_cdt">

                      </CraneSocket>
                      <CraneSocket Pos="(0.408; 0.876; 0.386)">

                      </CraneSocket>
                      <CraneSocket Pos="(-0.44; 0.899; -0.426)">

                      </CraneSocket>
                      <CraneSocket Pos="(-4.524; 1.111; 0.502)">

                      </CraneSocket>
                      <CraneSocket Pos="(-4.524; 1.111; -0.502)">

                      </CraneSocket>
                      <CraneSocket Pos="(-4.946; 0.988; 0)">

                      </CraneSocket>
                        <WinchSocket Pos="(3.799; 1.067; 0.346)" ParentFrame="BoneCabin_cdt">

                        </WinchSocket>
                        <WinchSocket Pos="(3.799; 1.067; -0.346)" ParentFrame="BoneCabin_cdt">

                        </WinchSocket>
                        <WinchSocket Pos="(0.408; 0.876; 0.386)">

                        </WinchSocket>
                        <WinchSocket Pos="(-0.44; 0.899; -0.426)">

                        </WinchSocket>
                        <WinchSocket Pos="(-4.524; 1.111; 0.502)">

                        </WinchSocket>
                        <WinchSocket Pos="(-4.524; 1.111; -0.502)">

                        </WinchSocket>
                        <WinchSocket Pos="(-4.946; 0.988; 0)">

                        </WinchSocket>
        </GameData>
        <PhysicsModel Mesh="trucks/voron_grad">
                <Body NetSync="pv" CenterOfMassOffset="(-0.5; 0; 0)" ModelFrame="BoneChassis_cdt" Mass="7000" ImpactType="Truck">
                      <Body Mass="40" ModelFrame="BoneWiggle4_cdt">
                        <Constraint Type="Hinge" MaxLimit="70" AxisLocal="(1; 0; 0)" MinLimit="-70" PivotOffset="(0; 0; 0)">
                            <Motor Spring="3" Damping="1" Type="Spring">

                            </Motor>
                        </Constraint>
                      </Body>
                      <Body Mass="40" ModelFrame="BoneWiggle3_cdt">
                        <Constraint Type="Hinge" MaxLimit="70" AxisLocal="(1; 0; 0)" MinLimit="-70" PivotOffset="(0; 0; 0)">
                            <Motor Spring="3" Damping="1" Type="Spring">

                            </Motor>
                        </Constraint>
                      </Body>
                      <Body ModelFrame="BoneMudguardRearLeft_cdt" _template="Mudguard">
                        <Constraint MinLimit="-40" MaxLimit="40" AxisLocal="(0; 0; 1)">

                        </Constraint>
                      </Body>
                      <Body ModelFrame="BoneMudguardRearRight_cdt" _template="Mudguard">
                        <Constraint MinLimit="-40" MaxLimit="40" AxisLocal="(0; 0; 1)">

                        </Constraint>
                      </Body>
                      <Body NetSync="pv" CenterOfMassOffset="(-0.5; 0; 0)" ModelFrame="BoneCabin_cdt" Mass="3000" ImpactType="Truck">
                        <Constraint Type="Hinge" MaxLimit="10" AxisLocal="(1; 0; 0)" MinLimit="-10" PivotOffset="(0; 0; 0)">
                            <Motor Spring="1500000" Damping="10000" Type="Spring">

                            </Motor>
                        </Constraint>
                            <Body ModelFrame="BoneCabinDamper_cdt" Mass="1000" ImpactType="Truck">
                              <Constraint Type="Fixed" LinearLimitsY="(-0.2;0.2)">
                                  <Motor Spring="800000" Damping="300000" Type="Spring">

                                  </Motor>
                              </Constraint>
                                  <Body ModelFrame="BoneMudguardFrontLeft_cdt" _template="Mudguard">
                                    <Constraint MinLimit="-40" MaxLimit="30" AxisLocal="(0; 0; 1)">

                                    </Constraint>
                                  </Body>
                                  <Body ModelFrame="BoneMudguardFrontRight_cdt" _template="Mudguard">
                                    <Constraint MinLimit="-40" MaxLimit="30" AxisLocal="(0; 0; 1)">

                                    </Constraint>
                                  </Body>
                                  <Body ModelFrame="BoneMirrorLeft_cdt" _template="SideMirror">

                                  </Body>
                                  <Body ModelFrame="BoneMirrorRight_cdt" _template="SideMirror">

                                  </Body>
                                  <Body ModelFrame="BoneStepLeft_cdt" _template="Step">

                                  </Body>
                                  <Body ModelFrame="BoneStepRight_cdt" _template="Step">

                                  </Body>
                                  <Body ModelFrame="BoneSunshieldLeft_cdt" _template="Sunshield">

                                  </Body>
                                  <Body ModelFrame="BoneSunshieldRight_cdt" _template="Sunshield">

                                  </Body>
                            </Body>
                            <Body ModelFrame="BoneTieRod_cdt" _template="TieRod">
                              <Constraint MaxLimit="40" AxisLocal="(0; 0; 1)" MinLimit="-40" Name="TieRodSteer">

                              </Constraint>
                            </Body>
                            <Body ModelFrame="BoneWiggle5_cdt" Mass="10" Collisions="None">
                              <Constraint Type="Fixed" LinearLimitsY="(0;0.2)" LinearLimitsX="(0;0)" LinearLimitsZ="(0;0)">
                                  <Motor Spring="0.1" Damping="2" Type="Spring">

                                  </Motor>
                              </Constraint>
                              <Body ModelFrame="BoneWiggle6_cdt" Mass="2" Collisions="None">
                                    <Constraint Type="Fixed" LinearLimitsY="(0;0.1)" LinearLimitsX="(-0.2;0.01)" LinearLimitsZ="(-0.01;0.05)">
                                        <Motor Spring="100" Damping="25" Type="Spring">

                                        </Motor>
                                    </Constraint>
                              </Body>
                            </Body>
                      </Body>
                      <Body ModelFrame="BoneWiggle1_cdt" Mass="1.0" _template="WireWiggle">
                        <Constraint>
                            <Motor Spring="300" Damping="10">

                            </Motor>
                        </Constraint>
                      </Body>
                      <Body ModelFrame="BoneWiggle2_cdt" Mass="1.0" _template="WireWiggle">
                        <Constraint>
                            <Motor Spring="300" Damping="8">

                            </Motor>
                        </Constraint>
                      </Body>
                </Body>
                <NetSync Legacy="false">

                </NetSync>
        </PhysicsModel>
        <ControlledConstraints>
                  <Constraint IsLinkedSteering="true" Id="chassis_steer" Name="TieRodSteer">

                  </Constraint>
        </ControlledConstraints>
        <ModelAttachments>
                    <HeadLight>
                          <Flare Pos="(3.5; 1.417; 0.915)" Dir="(1; 0; 0.5)" _template="HeadLight" ParentFrame="BoneCabinDamper_cdt" Color="g(255; 235; 215) x 0.5" Size="0.8" DirAngle="110">

                          </Flare>
                          <Flare Pos="(3.5; 1.417; -0.915)" Dir="(1; 0; -0.5)" _template="HeadLight" ParentFrame="BoneCabinDamper_cdt" Color="g(255; 235; 215) x 0.5" Size="0.8" DirAngle="110">

                          </Flare>
                          <Flare Pos="(3.5; 1.417; 0.828)" ParentFrame="BoneCabinDamper_cdt" _template="BlueStreak">

                          </Flare>
                          <Flare Pos="(3.5; 1.417; -0.828)" ParentFrame="BoneCabinDamper_cdt" _template="BlueStreak">

                          </Flare>
                            <Model Org="(3.5; 1.417; 0.828)" ParentFrame="BoneCabinDamper_cdt" _template="HeadLightRay">

                            </Model>
                            <Model Org="(3.5; 1.417; -0.828)" ParentFrame="BoneCabinDamper_cdt" _template="HeadLightRay">

                            </Model>
                    </HeadLight>
                    <StopSignals>
                          <Light Pos="(-4.878; 1.025; -0)" _template="StopSignal">

                          </Light>
                              <Flare Pos="(-4.766; 0.989; 0.908)" Size="0.8" _template="StopSignal">

                              </Flare>
                              <Flare Pos="(-4.766; 0.989; -0.908)" Size="0.8" _template="StopSignal">

                              </Flare>
                    </StopSignals>
                    <Ignition>
                              <Light Pos="(4.15; 1.013; 0.7)" _template="IgnitionSignalWhite" Color="g(255; 203; 166) x 1" ParentFrame="BoneCabinDamper_cdt">

                              </Light>
                              <Light Pos="(4.15; 1.013; -0.7)" _template="IgnitionSignalWhite" Color="g(255; 203; 166) x 1" ParentFrame="BoneCabinDamper_cdt">

                              </Light>
                              <Light Pos="(-5.5; 1.025; -0)" _template="IgnitionSignalRed">

                              </Light>
                                <Flare Pos="(3.376; 1.423; -0.999)" ParentFrame="BoneCabinDamper_cdt" _template="IgnitionSignalWhiteCold">

                                </Flare>
                                <Flare Pos="(3.422; 1.421; -0.915)" ParentFrame="BoneCabinDamper_cdt" _template="IgnitionSignalWhiteCold">

                                </Flare>
                                <Flare Pos="(3.469; 1.419; -0.829)" ParentFrame="BoneCabinDamper_cdt" _template="IgnitionSignalWhiteCold">

                                </Flare>
                                <Flare Pos="(3.376; 1.423; 0.999)" ParentFrame="BoneCabinDamper_cdt" _template="IgnitionSignalWhiteCold">

                                </Flare>
                                <Flare Pos="(3.422; 1.421; 0.915)" ParentFrame="BoneCabinDamper_cdt" _template="IgnitionSignalWhiteCold">

                                </Flare>
                                <Flare Pos="(3.469; 1.419; 0.829)" ParentFrame="BoneCabinDamper_cdt" _template="IgnitionSignalWhiteCold">

                                </Flare>
                                <Flare Pos="(-4.774; 0.986; -1.09)" _template="IgnitionSignalRed">

                                </Flare>
                                <Flare Pos="(-4.774; 0.986; 1.09)" _template="IgnitionSignalRed">

                                </Flare>
                                <Flare Pos="(-4.774; 0.962; -0.862)" Size="0.1" _template="IgnitionSignalRed">

                                </Flare>
                                <Flare Pos="(-4.774; 0.962; 0.862)" Size="0.1" _template="IgnitionSignalRed">

                                </Flare>
                                <Flare Pos="(-4.774; 1.022; -0.862)" Size="0.1" _template="IgnitionSignalRed">

                                </Flare>
                                <Flare Pos="(-4.774; 1.022; 0.862)" Size="0.1" _template="IgnitionSignalRed">

                                </Flare>
                    </Ignition>
                    <ReverseSignals>
                                <Light Pos="(-4.766; 0.989; 0.8)" _template="ReverseSignal">

                                </Light>
                                <Light Pos="(-4.766; 0.989; -0.8)" _template="ReverseSignal">

                                </Light>
                                  <Flare Pos="(-4.766; 0.989; 0.8)" Size="0.7" _template="ReverseSignal">

                                  </Flare>
                                  <Flare Pos="(-4.766; 0.989; -0.8)" Size="0.7" _template="ReverseSignal">

                                  </Flare>
                                  <Flare Pos="(-4.766; 0.989; 0.8)" Dir="(-1; 0; 0)" _template="BlueStreak" Color="g(220; 220; 255) x 0.05" Size="0.4">

                                  </Flare>
                                  <Flare Pos="(-4.766; 0.989; -0.8)" Dir="(-1; 0; 0)" _template="BlueStreak" Color="g(220; 220; 255) x 0.05" Size="0.4">

                                  </Flare>
                    </ReverseSignals>
        </ModelAttachments>
        <Landmark MaxScale="3.8" Mesh="landmarks/voron_grad_lmk" MinScale="1.8">

        </Landmark>
        <AutomaticIK>
                          <IKBone ParentFrame="BoneTieRod_cdt" ModelFrame="BoneBeamHinge">
                            <IKJoint Type="Hinge2" AxisLocal="(1; 0; 0)">

                            </IKJoint>
                            <IKBone AttachToFrame="BoneRackLeft" AttachOffset="(0; 0; 0)" ModelFrame="BoneBeamSlider">
                                  <IKJoint Type="Slider" AxisLocal="(1; 0; 0)">

                                  </IKJoint>
                            </IKBone>
                          </IKBone>
                          <IKBone ParentFrame="BoneCabin_cdt" ModelFrame="BonePiston1Hinge">
                            <IKJoint Type="Hinge2" AxisLocal="(1; 0; 0)">

                            </IKJoint>
                            <IKBone AttachToFrame="BoneAxle1" AttachOffset="(0; 0; 0)" ModelFrame="BonePiston1Slider">
                                  <IKJoint Type="Slider" AxisLocal="(1; 0; 0)">

                                  </IKJoint>
                            </IKBone>
                          </IKBone>
                          <IKBone ParentFrame="BoneCabin_cdt" ModelFrame="BonePiston2Hinge">
                            <IKJoint Type="Hinge2" AxisLocal="(1; 0; 0)">

                            </IKJoint>
                            <IKBone AttachToFrame="BoneAxle1" AttachOffset="(0; 0; 0)" ModelFrame="BonePiston2Slider">
                                  <IKJoint Type="Slider" AxisLocal="(1; 0; 0)">

                                  </IKJoint>
                            </IKBone>
                          </IKBone>
                          <IKBone ParentFrame="BoneCabin_cdt" ModelFrame="BonePiston3Hinge">
                            <IKJoint Type="Hinge2" AxisLocal="(1; 0; 0)">

                            </IKJoint>
                            <IKBone AttachToFrame="BoneRackLeft" AttachOffset="(0; 0; 0)" ModelFrame="BonePiston3Slider">
                                  <IKJoint Type="Slider" AxisLocal="(1; 0; 0)">

                                  </IKJoint>
                            </IKBone>
                          </IKBone>
        </AutomaticIK>
        <TruckData SteerSpeed="0.02" EngineStartDelay="0.8" EngineIconMesh="env/engine_default" TruckType="OFFROAD" Responsiveness="0.2" BackSteerSpeed="0.025" TruckImage="vorongradmchr" FuelCapacity="330" DiffLockType="Installed" ExhaustStartTime="0.9" EngineIconScale="1.3">
                          <Driver Pos="(1.169; 1.852; 0.485)" ParentFrame="BoneCabin_cdt" AnimationSet="Truck" SteeringWheelPos="(1.551; 2.18; 0.482)">

                          </Driver>
                          <SoundsDamage _template="Heavy">

                          </SoundsDamage>
                          <OcclusionMap HalfSizeZ="1.9" MinX="-5.123" MaxX="3.917">

                          </OcclusionMap>
                          <FuelTank DamageCapacity="50">

                          </FuelTank>
                          <Intake Size="1.219" Dir="(1; 0; 0)" Origin="(3.986; 1.624; 0)">

                          </Intake>
                          <EngineSocket Type="e_ru_truck_modern, e_ru_truck_modern_grad" Default="ru_truck_modern_engine_0">

                          </EngineSocket>
                          <SuspensionSocket Type="s_voron_grad" MaxWheelRadiusWithoutSuspension="0.67" Default="voron_grad_suspension_default">

                          </SuspensionSocket>
                          <Dashboard>
                                              <Gauge InputRange="(0;1)" Dir="(-0.419; 0.161; 0)" InputType="engineEnabled" Org="(1.85; 2.184; 0.498)" Damping="0.1" Mesh="trucks/arrows/voron_grad_arrow_01" OutputAngles="(-45;4)">

                                              </Gauge>
                                              <Gauge InputRange="(0;1)" Dir="(-0.419; 0.161; 0)" InputType="fuel" Org="(1.85; 2.184; 0.445)" Damping="0.99" Mesh="trucks/arrows/voron_grad_arrow_01" OutputAngles="(-41;41)">

                                              </Gauge>
                                              <Gauge InputRange="(0;1)" Dir="(-0.419; 0.161; 0)" InputType="rpm" Org="(1.839; 2.127; 0.577)" Damping="0.99" Mesh="trucks/arrows/voron_grad_arrow_02" OutputAngles="(-120;120)">

                                              </Gauge>
                                              <Gauge InputRange="(0;160)" Dir="(-0.419; 0.161; 0)" InputType="speed" Org="(1.839; 2.127; 0.37)" Damping="0.99" Mesh="trucks/arrows/voron_grad_arrow_02" OutputAngles="(-120;120)">

                                              </Gauge>
                          </Dashboard>
                          <Axles>
                                                <Axle Frame="BoneAxle1">

                                                </Axle>
                                                <Axle Frame="BoneAxle2">

                                                </Axle>
                                                <Axle Frame="BoneAxle3">

                                                </Axle>
                          </Axles>
                          <Camera Center="(-2; 0; 0)" ParentFrame="BoneCabin_cdt">
                                                <Cockpit WindshieldDiffuseTexture="trucks/voron_grad_glass__d_a.tga" _template="Default" WindshieldShadingTexture="trucks/voron_grad_glass__sh_d.tga" ViewPos="(1.1; 2.55; 0.479)">
                                                    <Rear ViewPosOffset="(0.15; -0.1; 0.7)">

                                                    </Rear>
                                                        <Mirror FOVScale="2" LookAtOffset="(0; 0; 0.05)" MeshFrame="mirror_left" Pos="(1.681; 2.306; 1.231)" ReflectionDir="(-0.964; 0; -0.264)" Size="(0.21; 0.45)" ClipDir="(-0.097; 0; -0.026)">
                                                          <SecondaryView FOVScale="1.7" ClipDir="(-0.954; 0; -0.301)" MeshFrame="mirror_left_1" CurveAngle="50" Size="(0.21; 0.21)" Pos="(1.684; 2.642; 1.227)">

                                                          </SecondaryView>
                                                        </Mirror>
                                                        <Mirror FOVScale="2" ClipDir="(-0.824; 0; 0.573)" MeshFrame="mirror_right" Pos="(1.574; 2.306; -1.198)" Size="(0.21; 0.45)" ReflectionDir="(-0.817; 0.04; 0.576)">
                                                          <SecondaryView FOVScale="1" ClipDir="(-0.792; 0; 0.604)" MeshFrame="mirror_right_1" CurveAngle="40" Size="(0.21; 0.21)" Pos="(1.579; 2.642; -1.194)">

                                                          </SecondaryView>
                                                        </Mirror>
                                                </Cockpit>
                          </Camera>
                                                <CompatibleWheels Type="wheels_heavy_double1" Scale="0.55" RearOffsetZ=".16" OffsetZ="-0.06">

                                                </CompatibleWheels>
                                                <CompatibleWheels Type="wheels_heavy_double2" Scale="0.55" RearOffsetZ=".16" OffsetZ="-0.06">

                                                </CompatibleWheels>
                                                <CompatibleWheels Type="wheels_heavy_single" Scale="0.55" RearOffsetZ="0.1">

                                                </CompatibleWheels>
                                                <CompatibleWheels Type="wheels_heavy_single2" Scale="0.55" RearOffsetZ=".08" OffsetZ="-0.03">

                                                </CompatibleWheels>
                                                <CompatibleWheels Type="wheels_heavy_double1" Scale="0.63" RearOffsetZ=".2" OffsetZ="-0.1">

                                                </CompatibleWheels>
                                                <CompatibleWheels Type="wheels_heavy_double2" Scale="0.63" RearOffsetZ=".2" OffsetZ="-0.1">

                                                </CompatibleWheels>
                                                <CompatibleWheels Type="wheels_heavy_single" Scale="0.63" RearOffsetZ=".12">

                                                </CompatibleWheels>
                                                <CompatibleWheels Type="wheels_heavy_single2" Scale="0.63" RearOffsetZ=".13" OffsetZ="-0.03">

                                                </CompatibleWheels>
                          <LimitedFluid SizeX="1.154" ParentFrame="BoneCabin_cdt" Center="(-0.388; 0.89; 0.856)" Type="Box" SizeZ="0.708" SizeY="0.516">

                          </LimitedFluid>
                          <Sounds ParentFrame="BoneChassis_cdt" _template="Default" AirHissInterval="12.0" Origin="(2.6; 1.55; 0)" MinDist="12.0" DisableReversePitch="false">
                                                      <Reverse Sound="trucks/voron_grad/voron_grad_reverse">

                                                      </Reverse>
                                                      <EngineHeavy_2d IsSound2D="true" Sound="trucks/voron_grad/voron_grad_heavy_2d">

                                                      </EngineHeavy_2d>
                                                      <EngineLow Sound="trucks/voron_grad/voron_grad_low">

                                                      </EngineLow>
                                                      <BrakePull Sound="trucks/voron_grad/voron_grad_brake_pull">

                                                      </BrakePull>
                                                      <EngineHigh Sound="trucks/voron_grad/voron_grad_high">

                                                      </EngineHigh>
                                                      <HandbrakeOff Sound="trucks/voron_grad/voron_grad_handbrake_off">

                                                      </HandbrakeOff>
                                                      <AbruptStop Sound="trucks/common/truck_swing_big_rnd_set/truck_swing_big_rnd">

                                                      </AbruptStop>
                                                      <EngineRev Sound="trucks/voron_grad/voron_grad_rev">

                                                      </EngineRev>
                                                      <EngineHeavy Sound="trucks/voron_grad/voron_grad_heavy">

                                                      </EngineHeavy>
                                                      <EngineLow_2d IsSound2D="true" Sound="trucks/voron_grad/voron_grad_low_2d">

                                                      </EngineLow_2d>
                                                      <EngineHigh_2d IsSound2D="true" Sound="trucks/voron_grad/voron_grad_high_2d">

                                                      </EngineHigh_2d>
                                                      <EngineIdle Sound="trucks/voron_grad/voron_grad_idle">

                                                      </EngineIdle>
                                                      <EngineIdle_2d IsSound2D="true" Sound="trucks/voron_grad/voron_grad_idle_2d">

                                                      </EngineIdle_2d>
                                                      <EngineStart Sound="trucks/voron_grad/voron_grad_start">

                                                      </EngineStart>
                                                      <Handbrake Sound="trucks/voron_grad/voron_grad_handbrake_on">

                                                      </Handbrake>
                                                      <BrakeRelease Sound="trucks/common/truck_brake_release_alt3_rnd_set/truck_brake_release_alt3_rnd">

                                                      </BrakeRelease>
                                                      <GearFail Sound="trucks/common/truck_gear_wrong/truck_gear_wrong_small_old">

                                                      </GearFail>
                                                      <Honk Sound="trucks/voron_grad/voron_grad_honk">

                                                      </Honk>
                                                      <EngineStop Sound="trucks/voron_grad/voron_grad_stop">

                                                      </EngineStop>
                                                      <BrakesSqueal Sound="trucks/voron_grad/voron_grad_brakes_squeal">

                                                      </BrakesSqueal>
                                                      <EngineAccel Sound="trucks/voron_grad/voron_grad_acc">

                                                      </EngineAccel>
                          </Sounds>
                          <Wheels DefaultWheelType="wheels_heavy_double1" DefaultTire="highway_1" DefaultRim="rim_2">
                                                          <Wheel Pos="(2.441; 0.63; 1.1)" _template="FrontWheel">

                                                          </Wheel>
                                                          <Wheel RightSide="true" Pos="(2.441; 0.63; 1.1)" _template="FrontWheel">

                                                          </Wheel>
                                                          <Wheel Pos="(-2.114; 0.63; 0.897)" _template="RearWheel">

                                                          </Wheel>
                                                          <Wheel RightSide="true" Pos="(-2.114; 0.63; 0.897)" _template="RearWheel">

                                                          </Wheel>
                                                          <Wheel Pos="(-3.52; 0.63; 0.897)" _template="RearWheel">

                                                          </Wheel>
                                                          <Wheel RightSide="true" Pos="(-3.52; 0.63; 0.897)" _template="RearWheel">

                                                          </Wheel>
                          </Wheels>
                                                        <Steam Origin="(0.696; 1.182; 0)">

                                                        </Steam>
                                                        <Steam Origin="(2.574; 1.348; 0)">

                                                        </Steam>
                          <GearboxSocket Type="gearboxes_trucks" Default="g_truck_default">

                          </GearboxSocket>
                          <WinchUpgradeSocket Type="winches_medium_trucks" Default="w_medium_trucks_default" IsUpgradable="true">

                          </WinchUpgradeSocket>
                          <SteeringRack Frame="BoneRack" RackHalfSizeZ="0.756" FrameSteerLeft="BoneRackLeft" FrameSteerRight="BoneRackRight">

                          </SteeringRack>
                          <SteeringWheel Frame="BoneSteering">

                          </SteeringWheel>
                          <SoundsWheels _template="Default">

                          </SoundsWheels>
                          <Damage>
                                                                        <DamageArea Min="(2.4; 0.75; -0.5)" ParentFrame="BoneCabin_cdt" Max="(3.8; 2.100; 0.5)" Type="Engine">

                                                                        </DamageArea>
                                                                        <DamageArea Min="(-1.1; 0.5; -1.25)" ParentFrame="BoneCabin_cdt" Max="(1.5; 1.2; 1.25)" Type="FuelTank">

                                                                        </DamageArea>
                          </Damage>
                          <Shafts>
                                                                          <Shaft SocketPointA="Shaft1a" SocketPointB="Shaft1b">

                                                                          </Shaft>
                                                                          <Shaft SocketPointA="Shaft2a" SocketPointB="Shaft2b">

                                                                          </Shaft>
                                                                          <Shaft SocketPointA="Shaft3a" SocketPointB="Shaft3b">

                                                                          </Shaft>
                                                                          <Shaft SocketPointA="Shaft4a" SocketPointB="Shaft4b">

                                                                          </Shaft>
                          </Shafts>
        </TruckData>
  </Truck>