  <_templates Include="trucks">
      <Wheel>
          <RearWheel Torque="default" Location="rear" ConnectedToHandbrake="true" ParentFrame="BoneSuspension_cdt">

          </RearWheel>
          <FrontWheel SteeringAngle="30" Location="front" ParentFrame="BoneCabin_cdt" Torque="default" SteeringCastor="8">

          </FrontWheel>
      </Wheel>
      <Body>
            <SunShield Mass="2" Collisions="None">
                <Constraint Type="Hinge" MaxLimit="11" AxisLocal="(0; 0; 1)" MinLimit="-1">
                    <Motor Spring="30" Damping="0.03" Type="Spring">

                    </Motor>
                </Constraint>
            </SunShield>
            <Mudguard Mass="10">
                  <Constraint Type="Hinge" MaxLimit="35" AxisLocal="(0; 0; 1)" MinLimit="-65">
                      <Motor Spring="10" Damping="1" Type="Spring">

                      </Motor>
                  </Constraint>
            </Mudguard>
      </Body>
      <Flare>
              <IgnitionSignalOrange ColorMultAtDay="0.6" Dir="(0; 1; 0)" DirAngle="180" Color="g(255; 140; 0) x 0.4" Size="0.1" AspectRatio="1.4">

              </IgnitionSignalOrange>
      </Flare>
  </_templates>
  <Truck>
        <HeadLight Pos="(3.707; 1.456; 0)" _template="Default">

        </HeadLight>
        <GameData ExcludeAddons="stuff_hula_girl, stuff_masha, stuff_bobblehead_joker" UnlockByExploration="false" Price="64900" UnlockByRank="1" Country="RU,CAS">
              <CustomizationCameras>
                    <CameraPos Name="roof_sticker" InterestPosition="(4.185; 0.732; -0.587)" Position="(6.651; 4.868; -0.294)" Interior="true" FOV="32.0">

                    </CameraPos>
                    <CameraPos Name="sticker_1" InterestPosition="(7.805; 3.088; 2.145)" Position="(4.987; 2.435; -0.335)" Interior="true" FOV="32.0">

                    </CameraPos>
                    <CameraPos MaxYRotation="360" MaxZoom="2" Name="addon_1" InterestPosition="(0.697; 1.869; 0)" Position="(-7.265; 3.31; 8.244)" MaxXRotation="360" FOV="32.0">

                    </CameraPos>
                    <CameraPos MaxYRotation="360" MaxZoom="2" Name="addon_2" InterestPosition="(3.194; 1.807; 0)" Position="(-8.093; 2.337; -6.718)" MaxXRotation="360" FOV="32.0">

                    </CameraPos>
                    <CameraPos Name="mirror_mount" InterestPosition="(7.736; 1.436; 2.408)" Position="(4.63; 2.617; -0.765)" Interior="true" FOV="32.0">

                    </CameraPos>
                    <CameraPos MaxYRotation="360" MaxZoom="2" Name="side_r" InterestPosition="(5.477; 1.429; -0)" Position="(0.756; 3.745; 3.905)" MaxXRotation="360" FOV="32.0">

                    </CameraPos>
                    <CameraPos Name="sticker" InterestPosition="(7.805; 0.816; 2.536)" Position="(4.775; 2.423; -0.212)" Interior="true" FOV="32.0">

                    </CameraPos>
                    <CameraPos Name="glass_sticker" InterestPosition="(4.403; 1.987; -1.078)" Position="(8.33; 3.012; 0.726)" Interior="true" FOV="32.0">

                    </CameraPos>
                    <CameraPos Name="door_r_sticker" InterestPosition="(6.963; 1.244; 0)" Position="(3.982; 1.798; 2.918)" Interior="true" FOV="32.0">

                    </CameraPos>
                    <CameraPos MaxYRotation="360" MaxZoom="2" Name="roof" InterestPosition="(5.149; 1.833; -0)" Position="(9.83; 4.253; -2.466)" MaxXRotation="360" FOV="32.0">

                    </CameraPos>
                    <CameraPos Name="capote_sticker" InterestPosition="(6.452; 0.918; -0.776)" Position="(8.454; 4.353; -0.274)" Interior="true" FOV="32.0">

                    </CameraPos>
                    <CameraPos MaxYRotation="360" MaxZoom="2" Name="hoods" InterestPosition="(5.275; 1.623; 0)" Position="(12.823; 1.44; -4.73)" MaxXRotation="360" FOV="32.0">

                    </CameraPos>
                    <CameraPos Name="sticker_2" InterestPosition="(6.662; 0.61; 1.935)" Position="(5.221; 1.595; 0.03)" Interior="true" FOV="32.0">

                    </CameraPos>
                    <CameraPos MaxYRotation="360" MaxZoom="2" Name="side_l" InterestPosition="(5.663; 1.86; 0)" Position="(9.507; 3.746; 3.761)" MaxXRotation="360" FOV="32.0">

                    </CameraPos>
                    <CameraPos Name="bubble_head" InterestPosition="(7.805; 1.192; 2.145)" Position="(4.987; 2.435; -0.335)" Interior="true" FOV="32.0">

                    </CameraPos>
                    <CameraPos MaxYRotation="360" MaxZoom="2" Name="wheels" InterestPosition="(4.756; 1.133; -0)" Position="(-4.539; 2.191; -5.755)" MaxXRotation="360" FOV="32.0">

                    </CameraPos>
                    <CameraPos MaxYRotation="360" MaxZoom="2" Name="default" InterestPosition="(5.275; 1.623; 0)" Position="(12.823; 1.44; -4.73)" MaxXRotation="360" FOV="32.0">

                    </CameraPos>
                    <CameraPos MaxYRotation="360" MaxZoom="2" Name="rear" InterestPosition="(4.777; 1.589; 0)" Position="(0.811; 3.681; 4.794)" MaxXRotation="360" FOV="32.0">

                    </CameraPos>
                    <CameraPos Name="door_l_sticker" InterestPosition="(4.739; 1.444; 0)" Position="(4.025; 1.632; -3.076)" Interior="true" FOV="32.0">

                    </CameraPos>
                    <CameraPos Name="hood_ornament" InterestPosition="(7.506; 1.998; -1.334)" Position="(8.557; 2.314; -1.334)" Interior="true" FOV="32.0">

                    </CameraPos>
              </CustomizationCameras>
              <UiDesc UiName="UI_VEHICLE_VORON_AE4380_NAME" UiDesc="UI_VEHICLE_VORON_AE4380_DESC" UiIconLogo="VoronLogo80" UiIcon40x40="offroadVehicleImg" UiIcon30x30="offroadVehicleImg30" UiIcon328x458="shopImgVoronAE4380">

              </UiDesc>
                    <AddonSockets>
                        <Socket Offset="(-2.2; 1.66; 0)" Names="LargeSemitrailer, LargeSemitrailerOiltank">

                        </Socket>
                        <Socket Offset="(-2.84; 1.45; 0)" Names="Semitrailer, SemitrailerOiltank">

                        </Socket>
                        <Socket Offset="(-4.996; 0.988; 0)" Names="Trailer">

                        </Socket>
                    </AddonSockets>
                    <AddonSockets>
                      <Socket Names="VoronAE4380WheelAddon" ParentFrame="BoneCabin_cdt">
                          <ExtraParent Frame="BoneChassis_cdt">

                          </ExtraParent>
                      </Socket>
                    </AddonSockets>
                    <AddonSockets>
                        <Socket Offset="(-6.339; 1.16; 0)" Names="BunkLog" NamesBlock="MinicraneRU, MetalDetector">

                        </Socket>
                        <Socket Offset="(-1.68; 1.157; 0)" Names="FrameAddonLogShort" NamesBlock="MinicraneRU, MetalDetector">
                          <AddonsShift Offset="(-0.48; 0; 0)" Types="VoronAE4380WheelAddon">

                          </AddonsShift>
                        </Socket>
                        <Socket Offset="(-1.68; 1.157; 0)" Names="FrameAddonLogMedium" NamesBlock="MinicraneRU, MetalDetector, VoronAE4380WheelAddon">

                        </Socket>
                        <Socket Offset="(-2.817; 1.156; 0)" Names="SaddleLow">
                            <ExtraParent Offset="(0; 0; 0.02)" Frame="BoneChassis_cdt">

                            </ExtraParent>
                            <ExtraParent Offset="(0; 0; -0.02)" Frame="BoneChassis_cdt">

                            </ExtraParent>
                        </Socket>
                        <Socket Offset="(-2.2; 1.156; 0)" Names="SaddleHigh">
                            <ExtraParent Offset="(0; 0; 0.015)" Frame="BoneChassis_cdt">

                            </ExtraParent>
                            <ExtraParent Offset="(0; 0; -0.015)" Frame="BoneChassis_cdt">

                            </ExtraParent>
                        </Socket>
                        <Socket Offset="(-1.82; 1.156; 0)" Names="FrameAddon" ParentFrame="BoneChassis_cdt">
                            <AddonsShift Offset="(-0.5; 0; 0)" Types="VoronAE4380WheelAddon">

                            </AddonsShift>
                            <AddonsShift Offset="(-1; 0; 0)" Types="MinicraneRU">

                            </AddonsShift>
                            <AddonsShift Offset="(0; 0; 0)" Types="MinicraneRU, VoronAE4380WheelAddon" TrailerNamesBlock="FrameAddon">

                            </AddonsShift>
                            <AddonsShift Offset="(0; 0; 0)" Types="MinicraneRU, Trailer" TrailerNamesBlock="FrameAddon">

                            </AddonsShift>
                        </Socket>
                        <Socket ParentFrame="BoneChassis_cdt" Offset="(-2.4; 1.15; 0.000)" Names="FrameAddonTow" NamesBlock="Trailer">
                            <AddonsShift Offset="(-0.5; 0; 0)" Types="VoronAE4380WheelAddon">

                            </AddonsShift>
                            <AddonsShift Offset="(-1; 0; 0)" Types="MinicraneRU">

                            </AddonsShift>
                            <AddonsShift Offset="(0; 0; 0)" Types="MinicraneRU, VoronAE4380WheelAddon" TrailerNamesBlock="FrameAddonTow">

                            </AddonsShift>
                        </Socket>
                        <Socket Offset="(-2.348; 1.242; 0)" Names="FrameAddonKung" ParentFrame="BoneChassis_cdt">
                          <AddonsShift Offset="(-0.2; 0; 0)" Types="VoronAE4380WheelAddon">

                          </AddonsShift>
                              <ExtraParent Offset="(0; 0; -0.08)" Frame="BoneChassis_cdt">

                              </ExtraParent>
                              <ExtraParent Offset="(0; 0; 0.08)" Frame="BoneChassis_cdt">

                              </ExtraParent>
                        </Socket>
                        <Socket Offset="(-2.741; 1.156; 0)" Names="FrameAddonTank" ParentFrame="BoneChassis_cdt">
                          <AddonsShift Offset="(-0.5; 0; 0)" Types="VoronAE4380WheelAddon">

                          </AddonsShift>
                        </Socket>
                        <Socket ParentFrame="BoneChassis_cdt" Offset="(-2.9; 1.261; 0)" Names="BigCraneRu" NamesBlock="MinicraneRU, MetalDetector, VoronAE4380WheelAddon">
                            <ExtraParent Offset="(0; -0.1; 0)" Frame="BoneChassis_cdt">

                            </ExtraParent>
                            <ExtraParent Offset="(0; -0.1; 0)" Frame="BoneChassis_cdt">

                            </ExtraParent>
                        </Socket>
                    </AddonSockets>
                    <AddonSockets>
                        <Socket ParentFrame="BoneChassis_cdt" Offset="(-1.014; 0.104; 0)" Names="MetalDetector" NamesBlock="SemitrailerOiltank, FrameAddonKung, FrameAddonTank, FrameAddon, SaddleHigh, FrameAddonTow">

                        </Socket>
                        <Socket Offset="(0.25; 1.156; 0)" Names="MinicraneRU" NamesBlock="FrameAddonKung, FrameAddonTank">
                          <AddonsShift Offset="(-0.35; 0; 0)" Types="VoronAE4380WheelAddon">

                          </AddonsShift>
                              <ExtraParent Offset="(0; 0; 0.01)" Frame="BoneChassis_cdt">

                              </ExtraParent>
                              <ExtraParent Offset="(0; 0; -0.01)" Frame="BoneChassis_cdt">

                              </ExtraParent>
                        </Socket>
                    </AddonSockets>
                    <AddonSockets DefaultAddon="voron_ae4380_bumper_default">
                      <Socket Names="VoronAE4380Bumper" ParentFrame="BoneCabin_cdt">

                      </Socket>
                    </AddonSockets>
                    <AddonSockets DefaultAddon="voron_ae4380_exhaust_default">
                        <Socket Names="VoronAE4380ExhaustDefault" ParentFrame="BoneChassis_cdt">
                          <ExtraParent Frame="BoneCabin_cdt">

                          </ExtraParent>
                        </Socket>
                        <Socket Names="VoronAE4380Exhaust" ParentFrame="BoneCabinDamper_cdt">
                            <ExtraParent Frame="BoneCabin_cdt">

                            </ExtraParent>
                            <ExtraParent Frame="BoneChassis_cdt">

                            </ExtraParent>
                        </Socket>
                    </AddonSockets>
                    <AddonSockets>
                      <Socket Names="VoronAE4380Searchlight" ParentFrame="BoneCabinDamper_cdt">

                      </Socket>
                    </AddonSockets>
                    <AddonSockets>
                        <Socket NamesBlock="VoronAE4380Visor" Names="VoronAE4380Snorkel" ParentFrame="BoneCabinDamper_cdt">

                        </Socket>
                        <Socket Names="VoronAE4380Snorkel2" ParentFrame="BoneCabinDamper_cdt">

                        </Socket>
                    </AddonSockets>
                    <AddonSockets>
                        <Socket Names="VoronAE4380Spotlight1" ParentFrame="BoneCabinDamper_cdt">

                        </Socket>
                        <Socket NamesBlock="VoronAE4380Conditioner, VoronAE4380Beacon" Names="VoronAE4380Spotlight2" ParentFrame="BoneCabinDamper_cdt">

                        </Socket>
                    </AddonSockets>
                    <AddonSockets>
                      <Socket Names="VoronAE4380Beacon" ParentFrame="BoneCabinDamper_cdt">

                      </Socket>
                    </AddonSockets>
                    <AddonSockets>
                      <Socket Names="VoronAE4380Conditioner" ParentFrame="BoneCabinDamper_cdt">

                      </Socket>
                    </AddonSockets>
                    <AddonSockets>
                      <Socket Names="VoronAE4380Horn" ParentFrame="BoneCabinDamper_cdt">

                      </Socket>
                    </AddonSockets>
                    <AddonSockets>
                      <Socket Names="VoronAE4380Visor" ParentFrame="BoneCabinDamper_cdt">

                      </Socket>
                    </AddonSockets>
                    <AddonSockets>
                      <Socket ParentFrame="BoneCabinDamper_cdt" Offset="(1.905; 2.102; -0.043)" Names="StuffDashboard" InCockpit="true">

                      </Socket>
                    </AddonSockets>
                    <AddonSockets>
                      <Socket ParentFrame="BoneCabinDamper_cdt" Offset="(1.799; 2.493; 0)" Names="StuffAirfreshener" InCockpit="true">

                      </Socket>
                    </AddonSockets>
                    <AddonSockets>
                      <Socket ParentFrame="BoneCabinDamper_cdt" Names="voronAe4380Sticker_1x1_01" InCockpit="true">

                      </Socket>
                    </AddonSockets>
                    <AddonSockets>
                      <Socket ParentFrame="BoneCabinDamper_cdt" Names="voronAe4380Sticker_1x1_02" InCockpit="true">

                      </Socket>
                    </AddonSockets>
                    <AddonSockets>
                      <Socket ParentFrame="BoneCabinDamper_cdt" Names="voronAe4380Sticker_1x1_03" InCockpit="true">

                      </Socket>
                    </AddonSockets>
                    <AddonSockets>
                      <Socket ParentFrame="BoneCabinDamper_cdt" Names="voronAe4380Sticker_1x1_04" InCockpit="true">

                      </Socket>
                    </AddonSockets>
                    <AddonSockets>
                      <Socket ParentFrame="BoneCabinDamper_cdt" Names="voronAe4380Sticker_1x2_01" InCockpit="true">

                      </Socket>
                    </AddonSockets>
                    <AddonSockets>
                      <Socket ParentFrame="BoneCabinDamper_cdt" Names="voronAe4380Sticker_1x4_01" InCockpit="true">

                      </Socket>
                    </AddonSockets>
                    <AddonSockets>
                      <Socket ParentFrame="BoneCabinDamper_cdt" Names="voronAe4380Sticker_GlassTop" InCockpit="true">

                      </Socket>
                    </AddonSockets>
                    <AddonSockets>
                      <Socket ParentFrame="BoneCabinDamper_cdt" Names="voronAe4380Sticker_GlassBottom" InCockpit="true">

                      </Socket>
                    </AddonSockets>
                    <AddonSockets>
                      <Socket Names="voronAe4380Sticker_Door_L" ParentFrame="BoneCabinDamper_cdt">

                      </Socket>
                    </AddonSockets>
                    <AddonSockets>
                      <Socket Names="voronAe4380Sticker_Door_R" ParentFrame="BoneCabinDamper_cdt">

                      </Socket>
                    </AddonSockets>
                    <AddonSockets>
                      <Socket Names="voronAe4380Sticker_Capote" ParentFrame="BoneCabinDamper_cdt">

                      </Socket>
                    </AddonSockets>
                    <AddonSockets>
                      <Socket Names="voronAe4380Sticker_Roof" ParentFrame="BoneCabinDamper_cdt">

                      </Socket>
                    </AddonSockets>
                    <AddonSockets>
                      <Socket Names="StuffHoodVoronAE4380" ParentFrame="BoneCabinDamper_cdt">

                      </Socket>
                    </AddonSockets>
                      <CraneSocket Pos="(3.638; 1.219; -0.509)" ParentFrame="BoneCabin_cdt">

                      </CraneSocket>
                      <CraneSocket Pos="(3.638; 1.219; 0.509)" ParentFrame="BoneCabin_cdt">

                      </CraneSocket>
                      <CraneSocket Pos="(-1.271; 1.03; -0.368)">

                      </CraneSocket>
                      <CraneSocket Pos="(-1.271; 1.03; 0.368)">

                      </CraneSocket>
                      <CraneSocket Pos="(-4.802; 1.002; -0.366)">

                      </CraneSocket>
                      <CraneSocket Pos="(-4.802; 1.002; 0.366)">

                      </CraneSocket>
                        <WinchSocket Pos="(3.638; 1.219; -0.509)" ParentFrame="BoneCabin_cdt">

                        </WinchSocket>
                        <WinchSocket Pos="(3.638; 1.219; 0.509)" ParentFrame="BoneCabin_cdt">

                        </WinchSocket>
                        <WinchSocket Pos="(-1.271; 1.03; -0.368)">

                        </WinchSocket>
                        <WinchSocket Pos="(-1.271; 1.03; 0.368)">

                        </WinchSocket>
                        <WinchSocket Pos="(-4.802; 1.002; -0.366)">

                        </WinchSocket>
                        <WinchSocket Pos="(-4.802; 1.002; 0.366)">

                        </WinchSocket>
                        <WinchSocket Pos="(2.656; 0.562; 0.153)">

                        </WinchSocket>
        </GameData>
        <PhysicsModel Mesh="trucks/voron_ae4380">
                <Body NetSync="pv" CenterOfMassOffset="(-0.5; 0; 0)" ModelFrame="BoneChassis_cdt" Mass="2600" ImpactType="Truck">
                      <Body NetSync="pv" CenterOfMassOffset="(-0.2; 0; 0)" ModelFrame="BoneCabin_cdt" Mass="2500" ImpactType="Truck">
                        <Constraint Type="Hinge" MaxLimit="10" AxisLocal="(1; 0; 0)" MinLimit="-10" PivotOffset="(0; 0; 0)">
                            <Motor Spring="600000" Damping="0.001" Type="Spring">

                            </Motor>
                        </Constraint>
                            <Body CenterOfMassOffset="(-0.6; 0; 0)" ModelFrame="BoneCabinDamper_cdt" Mass="1500" ImpactType="Truck">
                              <Constraint Type="Ragdoll" PlaneMin="-2" PlaneMax="2" TwistAxisLocal="(0; 1; 0)" Cone="2" PlaneAxisLocal="(0; 0; 1)">
                                  <ConeMotor Spring="150000" Damping="70000" Type="Spring">

                                  </ConeMotor>
                                  <PlaneMotor Spring="300000" Damping="150000" Type="Spring">

                                  </PlaneMotor>
                              </Constraint>
                                  <Body ModelFrame="BoneLeftMudguard_cdt" _template="Mudguard">

                                  </Body>
                                  <Body ModelFrame="BoneRightMudguard_cdt" _template="Mudguard">

                                  </Body>
                                  <Body ModelFrame="BoneMirrorLeft_cdt" _template="SideMirror">
                                    <Constraint AxisLocal="(0; 1; 0)">

                                    </Constraint>
                                  </Body>
                                  <Body ModelFrame="BoneMirrorRight_cdt" _template="SideMirror">
                                    <Constraint AxisLocal="(0; 1; 0)">

                                    </Constraint>
                                  </Body>
                                  <Body ModelFrame="BoneMirror_cdt" _template="SideMirror">
                                    <Constraint Type="Hinge" MaxLimit="5" AxisLocal="(0; 0; 1)" MinLimit="-5">
                                        <Motor Spring="10" Damping="1" Type="Spring">

                                        </Motor>
                                    </Constraint>
                                  </Body>
                                  <Body Mass="0.2" ModelFrame="BoneKeyFob_cdt">
                                    <Constraint Type="Hinge" MaxLimit="50" AxisLocal="(0; 0; 1)" MinLimit="-50" PivotOffset="(0; 0; 0)">
                                        <Motor Spring="0.001" Damping="0.001" Type="Spring">

                                        </Motor>
                                    </Constraint>
                                  </Body>
                                  <Body ModelFrame="BoneSunshieldLeft_cdt" _template="SunShield">

                                  </Body>
                                  <Body ModelFrame="BoneSunshieldRight_cdt" _template="SunShield">

                                  </Body>
                                  <Body ModelFrame="BoneBelt_cdt" Mass="1" ImpactType="Truck" Collisions="None">
                                    <Constraint Type="Hinge" MaxLimit="43" AxisLocal="(0; 1; 0)" MinLimit="-30">
                                        <Motor Spring="2.5" Damping="25" Type="Spring">

                                        </Motor>
                                    </Constraint>
                                  </Body>
                                  <Body ModelFrame="BoneBelt2_cdt" Mass="1" ImpactType="Truck" Collisions="None">
                                    <Constraint Type="Hinge" MaxLimit="6" AxisLocal="(0; 0; 1)" MinLimit="-6">
                                        <Motor Spring="20" Damping="2" Type="Spring">

                                        </Motor>
                                    </Constraint>
                                  </Body>
                                  <Body ModelFrame="BoneCord1_cdt" Mass="1" Collisions="None">
                                    <Constraint Type="Prismatic" MaxLimit="0.6" AxisLocal="(1; 0; 0)" MinLimit="-0.2">
                                        <Motor Spring="70" Damping="7" Type="Spring">

                                        </Motor>
                                    </Constraint>
                                  </Body>
                            </Body>
                            <Body ModelFrame="BoneTieRod_cdt" _template="TieRod">
                              <Constraint MaxLimit="30" AxisLocal="(0; 0; 1)" MinLimit="-30" Name="TieRodSteer">

                              </Constraint>
                            </Body>
                      </Body>
                      <Body ModelFrame="BoneSuspension_cdt" Mass="2000" Collisions="None">
                        <Constraint Type="Hinge" MaxLimit="6.5" AxisLocal="(0; 0; 1)" MinLimit="-6.5">

                        </Constraint>
                      </Body>
                      <Body ModelFrame="BoneCord2_cdt" Mass="1" Collisions="None">
                        <Constraint Type="Prismatic" MaxLimit="0.4" AxisLocal="(0; 0; 1)" MinLimit="-0.3">
                            <Motor Spring="30" Damping="5" Type="Spring">

                            </Motor>
                        </Constraint>
                      </Body>
                </Body>
                <NetSync Legacy="false">

                </NetSync>
        </PhysicsModel>
        <ControlledConstraints>
                  <Constraint IsLinkedSteering="true" Id="chassis_steer" Name="TieRodSteer">

                  </Constraint>
        </ControlledConstraints>
        <ModelAttachments>
                    <HeadLight>
                          <Flare Pos="(3.256; 1.456; -0.705)" _template="HeadLight" Size="0.6" ParentFrame="BoneCabinDamper_cdt">

                          </Flare>
                          <Flare Pos="(3.256; 1.456; 0.705)" _template="HeadLight" Size="0.6" ParentFrame="BoneCabinDamper_cdt">

                          </Flare>
                          <Flare Pos="(3.256; 1.456; -0.705)" ParentFrame="BoneCabinDamper_cdt" _template="BlueStreak">

                          </Flare>
                          <Flare Pos="(3.256; 1.456; 0.705)" ParentFrame="BoneCabinDamper_cdt" _template="BlueStreak">

                          </Flare>
                            <Model Org="(3.256; 1.456; -0.705)" ParentFrame="BoneCabinDamper_cdt" _template="HeadLightRay">

                            </Model>
                            <Model Org="(3.256; 1.456; 0.705)" ParentFrame="BoneCabinDamper_cdt" _template="HeadLightRay">

                            </Model>
                    </HeadLight>
                    <StopSignals>
                            <Light Pos="(-4.813; 0.987; -0.909)" _template="StopSignal">

                            </Light>
                            <Light Pos="(-4.813; 0.987; 0.909)" _template="StopSignal">

                            </Light>
                              <Flare Pos="(-4.767; 0.987; -0.909)" _template="StopSignal">

                              </Flare>
                              <Flare Pos="(-4.767; 0.987; 0.909)" _template="StopSignal">

                              </Flare>
                    </StopSignals>
                    <Ignition>
                              <Light Pos="(4; 1.013; 0.7)" ParentFrame="BoneCabinDamper_cdt" _template="IgnitionSignalWhite">

                              </Light>
                              <Light Pos="(4; 1.013; -0.7)" ParentFrame="BoneCabinDamper_cdt" _template="IgnitionSignalWhite">

                              </Light>
                              <Light Pos="(-4.8; 1.025; -0)" _template="IgnitionSignalRed">

                              </Light>
                                <Flare Pos="(1.736; 2.699; -0.833)" Dir="(0.342; 0.94; 0)" _template="MarkerBeacon" ParentFrame="BoneCabinDamper_cdt">

                                </Flare>
                                <Flare Pos="(1.736; 2.699; -0.245)" Dir="(0.342; 0.94; 0)" _template="MarkerBeacon" ParentFrame="BoneCabinDamper_cdt">

                                </Flare>
                                <Flare Pos="(1.736; 2.699; 0)" Dir="(0.342; 0.94; 0)" _template="MarkerBeacon" ParentFrame="BoneCabinDamper_cdt">

                                </Flare>
                                <Flare Pos="(1.736; 2.699; 0.245)" Dir="(0.342; 0.94; 0)" _template="MarkerBeacon" ParentFrame="BoneCabinDamper_cdt">

                                </Flare>
                                <Flare Pos="(1.736; 2.699; 0.833)" Dir="(0.342; 0.94; 0)" _template="MarkerBeacon" ParentFrame="BoneCabinDamper_cdt">

                                </Flare>
                                <Flare Pos="(3.256; 1.456; -0.705)" _template="IgnitionSignalWhite" ParentFrame="BoneCabinDamper_cdt" Color="g(165; 149; 130) x 1.2" Size="0.25" DirAngle="120">

                                </Flare>
                                <Flare Pos="(3.256; 1.456; 0.705)" _template="IgnitionSignalWhite" ParentFrame="BoneCabinDamper_cdt" Color="g(165; 149; 130) x 1.2" Size="0.25" DirAngle="120">

                                </Flare>
                                <Flare Pos="(-4.774; 0.987; -0.917)" _template="IgnitionSignalRed" AspectRatio="0.8" Size="0.15">

                                </Flare>
                                <Flare Pos="(-4.774; 0.987; 0.917)" _template="IgnitionSignalRed" AspectRatio="0.8" Size="0.15">

                                </Flare>
                                <Flare Pos="(-4.774; 0.987; -1.09)" _template="IgnitionSignalRed" AspectRatio="0.8" Size="0.15">

                                </Flare>
                                <Flare Pos="(-4.774; 0.987; 1.09)" _template="IgnitionSignalRed" AspectRatio="0.8" Size="0.15">

                                </Flare>
                    </Ignition>
                    <ReverseSignals>
                                <Light Pos="(0.718; 2.486; 0.718)" _template="ReverseSignal" Color="g(245; 235; 220) x 0.9" ParentFrame="BoneCabinDamper_cdt">

                                </Light>
                                <Light Pos="(-4.774; 0.987; 0)" Color="g(245; 235; 220) x 1.1" _template="ReverseSignal">

                                </Light>
                                  <Flare Pos="(0.718; 2.486; 0.718)" _template="ReverseSignal" Color="g(245; 235; 220) x 0.6" Size="0.4" ParentFrame="BoneCabinDamper_cdt">

                                  </Flare>
                                  <Flare Pos="(-4.774; 0.987; -0.813)" Size="0.4" _template="ReverseSignal">

                                  </Flare>
                                  <Flare Pos="(-4.774; 0.987; 0.813)" Size="0.4" _template="ReverseSignal">

                                  </Flare>
                                  <Flare Pos="(0.705; 2.486; 0.718)" Dir="(-1; 0; 0)" _template="BlueStreak" Color="g(220; 220; 255) x 0.05" Size="0.4" ParentFrame="BoneCabinDamper_cdt">

                                  </Flare>
                                  <Flare Pos="(-4.774; 0.987; -0.813)" Dir="(-1; 0; 0)" _template="BlueStreak" Color="g(220; 220; 255) x 0.05" Size="0.4">

                                  </Flare>
                                  <Flare Pos="(-4.774; 0.987; 0.813)" Dir="(-1; 0; 0)" _template="BlueStreak" Color="g(220; 220; 255) x 0.05" Size="0.4">

                                  </Flare>
                    </ReverseSignals>
        </ModelAttachments>
        <Landmark MaxScale="3.8" Mesh="landmarks/voron_ae4380_lmk" MinScale="1.8">

        </Landmark>
        <AutomaticIK>
                          <IKBone ParentFrame="BoneTieRod_cdt" ModelFrame="BoneTieRodHinge2">
                            <IKJoint Type="Hinge2" AxisLocal="(1; 0; 0)">

                            </IKJoint>
                            <IKBone AttachToFrame="BoneRackL" AttachOffset="(0; 0; 0)" ModelFrame="BoneTieRodPrismatic">
                                  <IKJoint Type="Slider" AxisLocal="(0; 0; 1)">

                                  </IKJoint>
                            </IKBone>
                          </IKBone>
                          <IKBone ParentFrame="BoneCabin_cdt" ModelFrame="BonePistonBase">
                            <IKJoint Type="Hinge2" AxisLocal="(1; 0; 0)">

                            </IKJoint>
                            <IKBone AttachToFrame="BoneRackL" AttachOffset="(0; 0; 0)" ModelFrame="BonePiston">
                                  <IKJoint Type="Slider" AxisLocal="(1; 0; 0)">

                                  </IKJoint>
                            </IKBone>
                          </IKBone>
        </AutomaticIK>
        <TruckData SteerSpeed="0.022" EngineStartDelay="0.8" EngineIconMesh="env/engine_default" TruckType="OFFROAD" Responsiveness="0.15" BackSteerSpeed="0.02" TruckImage="voronAE4380mchr" FuelCapacity="250" DiffLockType="Always" ExhaustStartTime="0.9" EngineIconScale="1.3">
                          <Driver Pos="(1.201; 1.77; 0.517)" ParentFrame="BoneCabin_cdt" LegsOffset="(0; 0.07; 0)" SteeringWheelPos="(1.583; 2.098; 0.51)">

                          </Driver>
                          <SoundsDamage _template="Heavy">

                          </SoundsDamage>
                          <Shakers>
                                  <Shaker MaxFrequency="0.1" Frame="BoneGearstick" ParentFrame="BoneCabinDamper_cdt" MinAngle="(0.3; 0.3; 0.3)" MaxAngle="(2; 2; 2)">

                                  </Shaker>
                          </Shakers>
                          <OcclusionMap HalfSizeZ="2" MinX="-5" MaxX="4">

                          </OcclusionMap>
                          <FuelTank DamageCapacity="50">

                          </FuelTank>
                          <Intake Size="1" Dir="(1; 0; 0)" Origin="(3.602; 1.543; 0)">

                          </Intake>
                          <EngineSocket Type="e_ru_truck_old_heavy" Default="ru_truck_old_heavy_engine_0">

                          </EngineSocket>
                          <SuspensionSocket Type="s_voron_ae4380" MaxWheelRadiusWithoutSuspension="0.45" Default="voron_ae4380_suspension_default">

                          </SuspensionSocket>
                          <Dashboard>
                                                <Gauge InputRange="(0;1)" Dir="(-0.941; 0.339; -0.005)" InputType="engineEnabled" Org="(1.819; 2.063; 0.772)" Damping="0" Mesh="trucks/arrows/voron_ae4380_arrow_03" OutputAngles="(-65;-7)">

                                                </Gauge>
                                                <Gauge InputRange="(0;1)" Dir="(-0.94; 0.343; 0.002)" InputType="engineEnabled" Org="(1.794; 1.993; 0.772)" Damping="0" Mesh="trucks/arrows/voron_ae4380_arrow_03" OutputAngles="(-60;25)">

                                                </Gauge>
                                                <Gauge InputRange="(0;1)" Dir="(-0.941; 0.339; -0.001)" InputType="engineEnabled" Org="(1.815; 2.045; 0.683)" Damping="0" Mesh="trucks/arrows/voron_ae4380_arrow_01" OutputAngles="(-90;5)">

                                                </Gauge>
                                                <Gauge InputRange="(0;1)" Dir="(-0.941; 0.339; 0.002)" InputType="engineEnabled" Org="(1.813; 2.039; 0.683)" Damping="0" Mesh="trucks/arrows/voron_ae4380_arrow_01" OutputAngles="(-90;-220)">

                                                </Gauge>
                                                <Gauge InputRange="(0;1)" Dir="(-0.941; 0.338; 0.001)" InputType="rpm" Org="(1.818; 2.057; 0.575)" Damping="0" Mesh="trucks/arrows/voron_ae4380_arrow_02" OutputAngles="(-100;110)">

                                                </Gauge>
                                                <Gauge InputRange="(0;160)" Dir="(-0.941; 0.338; 0)" InputType="speed" Org="(1.818; 2.057; 0.449)" Damping="0" Mesh="trucks/arrows/voron_ae4380_arrow_02" OutputAngles="(-122;140)">

                                                </Gauge>
                                                <Gauge InputRange="(0;1)" Dir="(-0.94; 0.34; -0.009)" InputType="engineEnabled" Org="(1.808; 2.03; 0.345)" Damping="0" Mesh="trucks/arrows/voron_ae4380_arrow_02" OutputAngles="(-130;-36)">

                                                </Gauge>
                                                <Gauge InputRange="(0;1)" Dir="(-0.941; 0.339; -0.006)" InputType="fuel" Org="(1.817; 2.058; 0.248)" Damping="0" Mesh="trucks/arrows/voron_ae4380_arrow_03" OutputAngles="(-55;55)">

                                                </Gauge>
                                                <Gauge InputRange="(0;1)" Dir="(-0.94; 0.34; -0.005)" InputType="engineEnabled" Org="(1.791; 1.986; 0.248)" Damping="0" Mesh="trucks/arrows/voron_ae4380_arrow_03" OutputAngles="(0;23)">

                                                </Gauge>
                          </Dashboard>
                          <Axles>
                                                  <Axle Frame="BoneAxle1">

                                                  </Axle>
                                                  <Axle Frame="BoneAxle2">

                                                  </Axle>
                                                  <Axle Frame="BoneAxle3">

                                                  </Axle>
                          </Axles>
                          <Camera Center="(-2; 0; 0)" ParentFrame="BoneCabin_cdt">
                                                  <Cockpit WindshieldDiffuseTexture="trucks/voron_ae4380_glass__d_a.tga" _template="Default" WindshieldShadingTexture="trucks/voron_ae4380_glass__sh_d.tga" ViewPos="(1.252; 2.41; 0.517)">
                                                      <Rear ViewPosOffset="(0; -0.1; 0.7)">

                                                      </Rear>
                                                          <Mirror FOVScale="1.8" ClipDir="(-0.905; -0.082; -0.418)" MeshFrame="mirror_left" Pos="(1.574; 2.373; 1.194)" Size="(0.17; 0.36)" ReflectionDir="(-0.905; -0.082; -0.418)">
                                                            <SecondaryView FOVScale="1.25" ClipDir="(-0.905; -0.082; -0.418)" MeshFrame="mirror_left_1" CurveAngle="5" Size="(0.17; 0.12)" Pos="(1.613; 2.117; 1.214)">

                                                            </SecondaryView>
                                                          </Mirror>
                                                          <Mirror FOVScale="2.4" ClipDir="(-0.811; -0.07; 0.581)" MeshFrame="mirror_right" Pos="(1.685; 2.378; -1.194)" ReflectionDir="(-0.811; -0.07; 0.581)" Size="(0.17; 0.36)" ClipOffset="0.1">
                                                            <SecondaryView FOVScale="1.4" ClipDir="(-0.811; -0.07; 0.581)" MeshFrame="mirror_right_1" CurveAngle="5" Size="(0.17; 0.12)" Pos="(1.723; 2.118; -1.225)">

                                                            </SecondaryView>
                                                          </Mirror>
                                                          <Mirror FOVScale="1.75" ClipDir="(-0.93; -0.073; 0.36)" MeshFrame="hp_cab_mirror" Pos="(1.769; 2.478; 0.004)" ReflectionDir="(-0.93; -0.073; 0.36)" Size="(0.27; 0.08)" ClipOffset="0.1">

                                                          </Mirror>
                                                  </Cockpit>
                          </Camera>
                                                  <CompatibleWheels Type="wheels_heavy_double1" Scale="0.55" RearOffsetZ=".04">

                                                  </CompatibleWheels>
                                                  <CompatibleWheels Type="wheels_heavy_double2" Scale="0.55" RearOffsetZ=".04">

                                                  </CompatibleWheels>
                                                  <CompatibleWheels Type="wheels_heavy_single" Scale="0.55">

                                                  </CompatibleWheels>
                                                  <CompatibleWheels Type="wheels_heavy_single2" Scale="0.55" OffsetZ="-0.03">

                                                  </CompatibleWheels>
                                                  <CompatibleWheels Type="wheels_heavy_double1" Scale="0.63" RearOffsetZ=".08">

                                                  </CompatibleWheels>
                                                  <CompatibleWheels Type="wheels_heavy_double2" Scale="0.63" RearOffsetZ=".08">

                                                  </CompatibleWheels>
                                                  <CompatibleWheels Type="wheels_heavy_single" Scale="0.63">

                                                  </CompatibleWheels>
                                                  <CompatibleWheels Type="wheels_heavy_single2" Scale="0.63" OffsetZ="-0.03">

                                                  </CompatibleWheels>
                          <LimitedFluid SizeX="0.678" Center="(-0.237; 0.914; -0.857)" Type="Box" SizeZ="0.640" SizeY="0.429">

                          </LimitedFluid>
                          <Sounds ParentFrame="BoneCabin_cdt" _template="Default" AirHissInterval="12.0" Origin="(2.45; 1.575; 0)" MinDist="10.0" DisableReversePitch="false">
                                                        <Reverse Sound="trucks/voron_ae4380/voron_ae4380_reverse">

                                                        </Reverse>
                                                        <EngineHeavy_2d IsSound2D="true" Sound="trucks/voron_ae4380/voron_ae4380_heavy_2d">

                                                        </EngineHeavy_2d>
                                                        <EngineLow Sound="trucks/voron_ae4380/voron_ae4380_low">

                                                        </EngineLow>
                                                        <EngineHigh Sound="trucks/voron_ae4380/voron_ae4380_high">

                                                        </EngineHigh>
                                                        <HandbrakeOff Sound="trucks/voron_ae4380/voron_ae4380_handbrake_off">

                                                        </HandbrakeOff>
                                                        <EngineRev Sound="trucks/voron_ae4380/voron_ae4380_rev">

                                                        </EngineRev>
                                                        <AbruptStop Sound="trucks/common/truck_swing_big_rnd_set/truck_swing_big_rnd">

                                                        </AbruptStop>
                                                        <EngineHeavy Sound="trucks/voron_ae4380/voron_ae4380_heavy">

                                                        </EngineHeavy>
                                                        <EngineHigh_2d IsSound2D="true" Sound="trucks/voron_ae4380/voron_ae4380_high_2d">

                                                        </EngineHigh_2d>
                                                        <EngineLow_2d IsSound2D="true" Sound="trucks/voron_ae4380/voron_ae4380_low_2d">

                                                        </EngineLow_2d>
                                                        <EngineIdle_2d IsSound2D="true" Sound="trucks/voron_ae4380/voron_ae4380_idle_2d">

                                                        </EngineIdle_2d>
                                                        <EngineStart Sound="trucks/voron_ae4380/voron_ae4380_start">

                                                        </EngineStart>
                                                        <Handbrake Sound="trucks/voron_ae4380/voron_ae4380_handbrake_on">

                                                        </Handbrake>
                                                        <Honk Sound="trucks/voron_ae4380/voron_ae4380_honk">

                                                        </Honk>
                                                        <EngineIdle Sound="trucks/voron_ae4380/voron_ae4380_idle">

                                                        </EngineIdle>
                                                        <BrakesSqueal Sound="trucks/voron_ae4380/voron_ae4380_brakes_squeal">

                                                        </BrakesSqueal>
                                                        <EngineStop Sound="trucks/voron_ae4380/voron_ae4380_stop">

                                                        </EngineStop>
                                                        <BrakeRelease Sound="trucks/common/truck_brake_release_alt2_rnd_set/truck_brake_release_alt2_rnd">

                                                        </BrakeRelease>
                                                        <EngineAccel Sound="trucks/voron_ae4380/voron_ae4380_acc">

                                                        </EngineAccel>
                          </Sounds>
                          <GearboxSocket Type="gearboxes_trucks" Default="g_truck_default">

                          </GearboxSocket>
                          <Steam Origin="(2.751; 1.458; 0)">

                          </Steam>
                          <Wheels DefaultWheelType="wheels_heavy_double1" DefaultTire="highway_1" DefaultRim="rim_2">
                                                                <Wheel Pos="(2.443; 0.63; 1.056)" _template="FrontWheel">

                                                                </Wheel>
                                                                <Wheel RightSide="true" Pos="(2.443; 0.63; 1.056)" _template="FrontWheel">

                                                                </Wheel>
                                                                <Wheel Pos="(-2.114; 0.643; 1.056)" _template="RearWheel">

                                                                </Wheel>
                                                                <Wheel RightSide="true" Pos="(-2.114; 0.643; 1.056)" _template="RearWheel">

                                                                </Wheel>
                                                                <Wheel Pos="(-3.519; 0.617; 1.056)" _template="RearWheel">

                                                                </Wheel>
                                                                <Wheel RightSide="true" Pos="(-3.519; 0.617; 1.056)" _template="RearWheel">

                                                                </Wheel>
                          </Wheels>
                          <WinchUpgradeSocket Type="winches_medium_trucks" Default="w_medium_trucks_default" IsUpgradable="true">

                          </WinchUpgradeSocket>
                          <SteeringRack Frame="BoneRack" RackHalfSizeZ="0.756" FrameSteerLeft="BoneRackL" FrameSteerRight="BoneRackR">

                          </SteeringRack>
                          <SteeringWheel Frame="BoneSteering">

                          </SteeringWheel>
                          <SoundsWheels _template="Default">

                          </SoundsWheels>
                          <Damage>
                                                                          <DamageArea Min="(2; 1.180; -0.63)" ParentFrame="BoneCabin_cdt" Max="(3.63; 2.120; 0.63)" Type="Engine">

                                                                          </DamageArea>
                                                                          <DamageArea Min="(-0.62; 0.64; -1.31)" ParentFrame="BoneChassis_cdt" Max="(1; 1.23; 1.3)" Type="FuelTank">

                                                                          </DamageArea>
                          </Damage>
                          <Shafts>
                                                                            <Shaft SocketPointA="Shaft1a" SocketPointB="Shaft1b">

                                                                            </Shaft>
                                                                            <Shaft SocketPointA="Shaft2a" SocketPointB="Shaft2b">

                                                                            </Shaft>
                                                                            <Shaft SocketPointA="Shaft3a" SocketPointB="Shaft3b">

                                                                            </Shaft>
                                                                            <Shaft SocketPointA="Shaft4a" SocketPointB="Shaft4b">

                                                                            </Shaft>
                          </Shafts>
        </TruckData>
  </Truck>