  <_templates Include="trucks">
      <Wheel>
          <RearWheel Location="rear" ConnectedToHandbrake="true" Torque="default">

          </RearWheel>
          <FrontWheel SteeringAngle="40" Location="front" ParentFrame="BoneCabin_cdt" Torque="connectable" SteeringCastor="8">

          </FrontWheel>
      </Wheel>
      <Body>
            <SideMirror Mass="5" Collisions="None">
                <Constraint Type="Hinge" MaxLimit="15" AxisLocal="(0; 1; 0)" MinLimit="-15">
                    <Motor Spring="350" Damping="1" Type="Spring">

                    </Motor>
                </Constraint>
            </SideMirror>
      </Body>
      <Flare>
              <MarkerBeacon Color="g(125; 81; 18) x 0.7" Size="0.3">

              </MarkerBeacon>
              <IgnitionSignalWhite Dir="(1; 0; 0)" DirAngle="120" Color="g(165; 149; 130) x 1" Size="0.4" AspectRatio="1.4">

              </IgnitionSignalWhite>
      </Flare>
  </_templates>
  <Truck>
        <HeadLight Pos="(4.539; 1.163; -0)" ParentFrame="BoneCabin_cdt" _template="Default">

        </HeadLight>
        <GameData UnlockByExploration="true" Price="32200" UnlockByRank="1" Country="US">
              <CustomizationCameras>
                    <CameraPos Name="roof_sticker" InterestPosition="(4.92; 1.979; -0.723)" Position="(7.301; 6.355; -0.113)" Interior="true" FOV="32.0">

                    </CameraPos>
                    <CameraPos Name="sticker_1" InterestPosition="(6.729; 4.297; 1.961)" Position="(4.38; 1.798; -0.738)" Interior="true" FOV="32.0">

                    </CameraPos>
                    <CameraPos MaxYRotation="360" MaxZoom="2" Name="addon_1" InterestPosition="(0.058; 1.675; -0)" Position="(-8.726; 3.91; 6.637)" MaxXRotation="360" FOV="32.0">

                    </CameraPos>
                    <CameraPos MaxYRotation="360" MaxZoom="2" Name="addon_2" InterestPosition="(4.991; 1.77; 0)" Position="(10.328; 3.173; 3.632)" MaxXRotation="360" FOV="32.0">

                    </CameraPos>
                    <CameraPos Name="mirror_mount" InterestPosition="(8.93; 2.152; 2.164)" Position="(4.293; 2.405; -0.487)" Interior="true" FOV="32.0">

                    </CameraPos>
                    <CameraPos MaxYRotation="360" MaxZoom="2" Name="side_r" InterestPosition="(1.954; 0.308; -0)" Position="(0.742; 3.473; -4.445)" MaxXRotation="360" FOV="32.0">

                    </CameraPos>
                    <CameraPos Name="sticker" InterestPosition="(6.729; 0.67; 1.775)" Position="(4.642; 2.451; 0.099)" Interior="true" FOV="32.0">

                    </CameraPos>
                    <CameraPos Name="glass_sticker" InterestPosition="(5.908; 2.39; -0.827)" Position="(8.482; 3.083; 0.403)" Interior="true" FOV="32.0">

                    </CameraPos>
                    <CameraPos Name="door_r_sticker" InterestPosition="(5.947; 1.391; 1.022)" Position="(3.295; 2.199; 3.414)" Interior="true" FOV="32.0">

                    </CameraPos>
                    <CameraPos MaxYRotation="360" MaxZoom="2" Name="roof" InterestPosition="(5.372; 1.663; 0)" Position="(-1.402; 3.19; 3.677)" MaxXRotation="360" FOV="32.0">

                    </CameraPos>
                    <CameraPos Name="capote_sticker" InterestPosition="(6.846; 1.674; -0.726)" Position="(9.143; 5.576; 0.036)" Interior="true" FOV="32.0">

                    </CameraPos>
                    <CameraPos MaxYRotation="360" MaxZoom="2" Name="hoods" InterestPosition="(6.01; 1.711; 0)" Position="(13.555; 1.659; -2.751)" MaxXRotation="360" FOV="32.0">

                    </CameraPos>
                    <CameraPos Name="sticker_2" InterestPosition="(7.511; 0.883; 0.809)" Position="(4.718; 2.389; -0.517)" Interior="true" FOV="32.0">

                    </CameraPos>
                    <CameraPos MaxYRotation="360" MaxZoom="2" Name="side_l" InterestPosition="(5.282; 2.097; -0)" Position="(11.079; 3.805; -3.533)" MaxXRotation="360" FOV="32.0">

                    </CameraPos>
                    <CameraPos Name="bubble_head" InterestPosition="(6.729; 1.259; 1.72)" Position="(4.787; 2.445; -0.325)" Interior="true" FOV="32.0">

                    </CameraPos>
                    <CameraPos MaxYRotation="360" MaxZoom="2" Name="wheels" InterestPosition="(6.049; 0.613; 0)" Position="(9.127; 1.902; -5.565)" MaxXRotation="360" FOV="32.0">

                    </CameraPos>
                    <CameraPos MaxYRotation="360" MaxZoom="2" Name="default" InterestPosition="(6.01; 1.711; 0)" Position="(13.555; 1.659; -2.751)" MaxXRotation="360" FOV="32.0">

                    </CameraPos>
                    <CameraPos MaxYRotation="360" MaxZoom="2" Name="rear" InterestPosition="(-0.391; 1.117; -0)" Position="(-6.509; 1.857; 2.371)" MaxXRotation="360" FOV="32.0">

                    </CameraPos>
                    <CameraPos Name="door_l_sticker" InterestPosition="(4.226; 1.468; -0.391)" Position="(3.343; 2.193; -3.512)" Interior="true" FOV="32.0">

                    </CameraPos>
                    <CameraPos Name="hood_ornament" InterestPosition="(7.506; 2.011; -1.114)" Position="(8.863; 2.419; -1.114)" Interior="true" FOV="32.0">

                    </CameraPos>
                    <CameraPos Name="curtain" InterestPosition="(8.93; 2.152; 2.164)" Position="(4.293; 2.405; -0.487)" Interior="true" FOV="32.0">

                    </CameraPos>
              </CustomizationCameras>
              <UiDesc UiName="UI_VEHICLE_WS_4964_WHITE_NAME" UiDesc="UI_VEHICLE_WS_4964_WHITE_DESC" UiIconLogo="WesternStarLogo80" UiIcon40x40="heavyDutyVehicleImg" UiIcon30x30="heavyDutyVehicleImg30" UiIcon328x458="shopImgWesternStarWhite">

              </UiDesc>
                    <AddonSockets>
                      <Socket Offset="(0; 0; 0)" Names="Ws4964WhiteSpareWheel" ParentFrame="BoneChassis_cdt">
                          <ExtraParent Frame="BoneCabin_cdt">

                          </ExtraParent>
                      </Socket>
                    </AddonSockets>
                    <AddonSockets>
                        <Socket Offset="(-1.8; 1.61; 0)" Names="LargeSemitrailer, LargeSemitrailerOiltank">
                          <AddonsShift Offset="(0; 0; 0)" Types="MinicraneUS, WS4964WhiteCabinProtector" TrailerNamesBlock="LargeSemitrailerOiltank">

                          </AddonsShift>
                        </Socket>
                        <Socket Offset="(-2.76; 1.62; 0)" Names="Semitrailer, SemitrailerOiltank">

                        </Socket>
                        <Socket Offset="(-4.329; 0.865; 0)" Names="Trailer">
                            <AddonsShift Offset="(0; 0; 0)" Types="MinicraneUS, FrameAddon" TrailerNamesBlock="Trailer">

                            </AddonsShift>
                            <AddonsShift Offset="(0; 0; 0)" Types="WS4964WhiteCabinProtector, FrameAddon" TrailerNamesBlock="Trailer">

                            </AddonsShift>
                        </Socket>
                    </AddonSockets>
                    <AddonSockets>
                        <Socket Offset="(-0.85; 1.091; 0)" Names="FrameAddonTowPlatform" NamesBlock="WS4964WhiteCabinProtector, MinicraneUS, Trailer">

                        </Socket>
                        <Socket Offset="(0.123; 1.091; 0)" Names="LogLift" NamesBlock="MinicraneUS, Ws4964WhiteSpareWheel">

                        </Socket>
                        <Socket Offset="(-4.772; 1.143; 0)" Names="BunkLog" NamesBlock="MinicraneUS">
                          <ExtraParent Offset="(0; -0.05; 0)" Frame="BoneChassis_cdt">

                          </ExtraParent>
                        </Socket>
                        <Socket Offset="(-1.37; 1.089; 0)" Names="FrameAddonLogShort" NamesBlock="MinicraneUS, WS4964WhiteCabinProtector">

                        </Socket>
                        <Socket Offset="(-1.37; 1.089; 0)" Names="FrameAddonLogMedium" NamesBlock="MinicraneUS, WS4964WhiteCabinProtector">

                        </Socket>
                        <Socket Offset="(-2.747; 1.11; 0)" Names="SaddleLow1">

                        </Socket>
                        <Socket Offset="(-1.8; 1.11; 0)" Names="SaddleHigh">

                        </Socket>
                        <Socket Offset="(-1.5; 1.09; 0)" Names="FrameAddon" ParentFrame="BoneChassis_cdt">
                            <AddonsShift Offset="(-1; 0; 0)" Types="MinicraneUS">

                            </AddonsShift>
                            <AddonsShift Offset="(-0.85; 0; 0)" Types="WS4964WhiteCabinProtector">

                            </AddonsShift>
                            <AddonsShift Offset="(0; 0; 0)" Types="MinicraneUS, WS4964WhiteCabinProtector" TrailerNamesBlock="FrameAddon">

                            </AddonsShift>
                        </Socket>
                        <Socket Offset="(-2.17; 1.170; 0)" Names="FrameAddonKung" ParentFrame="BoneChassis_cdt">
                            <ExtraParent Offset="(0; 0; -0.16)" Frame="BoneChassis_cdt">

                            </ExtraParent>
                            <ExtraParent Offset="(0; 0; 0.16)" Frame="BoneChassis_cdt">

                            </ExtraParent>
                        </Socket>
                        <Socket Offset="(-2.370; 1.09; 0)" Names="FrameAddonTank" ParentFrame="BoneChassis_cdt">

                        </Socket>
                        <Socket ParentFrame="BoneChassis_cdt" Offset="(-2.05; 0.061; 0)" Names="FrameAddonMaintainer" NamesBlock="MinicraneUS, WS4964WhiteCabinProtector, Trailer">

                        </Socket>
                        <Socket Offset="(-1.947; 1.097; 0)" Names="BigCraneUsWS4964" NamesBlock="MinicraneUS, WS4964WhiteCabinProtector">

                        </Socket>
                    </AddonSockets>
                    <AddonSockets>
                      <Socket Offset="(0.5; 1.11; 0)" Names="MinicraneUS" NamesBlock="FrameAddonKung, FrameAddonTank">
                          <AddonsShift Offset="(-0.912; -0.018; 0)" Types="WS4964WhiteCabinProtector">

                          </AddonsShift>
                              <ExtraParent Offset="(0; 0; -0.07)" Frame="BoneChassis_cdt">

                              </ExtraParent>
                              <ExtraParent Offset="(0; 0; 0.07)" Frame="BoneChassis_cdt">

                              </ExtraParent>
                      </Socket>
                    </AddonSockets>
                    <AddonSockets>
                        <Socket Offset="(0.5; -0.1; 0)" Names="UsLoadLogsShort">

                        </Socket>
                        <Socket Offset="(0.5; -0.1; 0)" Names="UsLoadLogsShortLoaderA">

                        </Socket>
                    </AddonSockets>
                    <AddonSockets DefaultAddon="ws_4964_white_bumper_default">
                      <Socket Offset="(0; 0; 0)" Names="WS4964WhiteBumper" ParentFrame="BoneCabin_cdt">

                      </Socket>
                    </AddonSockets>
                    <AddonSockets DefaultAddon="ws_4964_white_exhaust_default">
                      <Socket Offset="(0; 0; 0)" Names="WS4964WhiteExhaust" ParentFrame="BoneCabin_cdt">

                      </Socket>
                    </AddonSockets>
                    <AddonSockets DefaultAddon="ws_4964_white_fender_default">
                      <Socket Offset="(0; 0; 0)" Names="WS4964WhiteFender" ParentFrame="BoneChassis_cdt">
                          <ExtraParent Frame="BoneCabin_cdt">

                          </ExtraParent>
                      </Socket>
                    </AddonSockets>
                    <AddonSockets DefaultAddon="ws_4964_white_horn_1">
                      <Socket Offset="(0; 0; 0)" Names="WS4964WhiteHorn" ParentFrame="BoneCabin_cdt">

                      </Socket>
                    </AddonSockets>
                    <AddonSockets>
                      <Socket Offset="(0; 0; 0)" Names="WS4964WhiteBeacon" ParentFrame="BoneCabin_cdt">

                      </Socket>
                    </AddonSockets>
                    <AddonSockets>
                      <Socket Offset="(0; 0; 0)" Names="WS4964WhiteVisor" ParentFrame="BoneCabin_cdt">

                      </Socket>
                    </AddonSockets>
                    <AddonSockets>
                      <Socket Offset="(0; 0; 0)" Names="WS4964WhiteGabarite" ParentFrame="BoneCabin_cdt">

                      </Socket>
                    </AddonSockets>
                    <AddonSockets>
                      <Socket ParentFrame="BoneCabin_cdt" Offset="(0; 0; 0)" Names="WS4964WhiteCabinProtector" NamesBlock="FrameAddonKung, FrameAddonTank">

                      </Socket>
                    </AddonSockets>
                    <AddonSockets DefaultAddon="ws_4964_white_snorkel_1">
                      <Socket Offset="(0; 0; 0)" Names="WS4964WhiteSnorkel" ParentFrame="BoneCabin_cdt">

                      </Socket>
                    </AddonSockets>
                    <AddonSockets>
                      <Socket ParentFrame="BoneCabin_cdt" Offset="(0; 0; 0)" Names="WS4964WhiteSpotLight" NamesBlock="WS4964WhiteBeacon, WS4964WhiteHorn">

                      </Socket>
                    </AddonSockets>
                    <AddonSockets DefaultAddon="ws_4964_white_transferbox_default">
                      <Socket Offset="(0; 0; 0)" Names="Ws4964WhiteTransferBox" ParentFrame="BoneCabin_cdt">
                            <ExtraParent Frame="BoneAxle1">

                            </ExtraParent>
                            <ExtraParent Frame="BoneChassis_cdt">

                            </ExtraParent>
                      </Socket>
                    </AddonSockets>
                    <AddonSockets DefaultAddon="ws_4964_white_diff_lock_default">
                      <Socket Offset="(0; 0; 0)" Names="WS4964WhiteDiffLock" ParentFrame="BoneChassis_cdt">

                      </Socket>
                    </AddonSockets>
                    <AddonSockets>
                      <Socket ParentFrame="BoneCabin_cdt" Offset="(2.376; 2.178; -0)" Names="StuffDashboard" InCockpit="true">

                      </Socket>
                    </AddonSockets>
                    <AddonSockets>
                        <Socket ParentFrame="BoneCabin_cdt" Offset="(2.352; 2.58; 0.074)" Names="StuffAirfreshener" InCockpit="true">

                        </Socket>
                        <Socket ParentFrame="BoneCabin_cdt" Names="StuffCurtainWS4964White" InCockpit="true">

                        </Socket>
                    </AddonSockets>
                    <AddonSockets>
                      <Socket ParentFrame="BoneCabin_cdt" Offset="(0; 0; 0)" Names="WS4964WhiteSticker_1x1_01" InCockpit="true">

                      </Socket>
                    </AddonSockets>
                    <AddonSockets>
                      <Socket ParentFrame="BoneCabin_cdt" Offset="(0; 0; 0)" Names="WS4964WhiteSticker_1x1_02" InCockpit="true">

                      </Socket>
                    </AddonSockets>
                    <AddonSockets>
                      <Socket ParentFrame="BoneSunshieldLeft_cdt" Offset="(0; 0; 0)" Names="WS4964WhiteSticker_1x1_03" InCockpit="true">

                      </Socket>
                    </AddonSockets>
                    <AddonSockets>
                      <Socket ParentFrame="BoneCabin_cdt" Offset="(0; 0; 0)" Names="WS4964WhiteSticker_1x2_01" InCockpit="true">

                      </Socket>
                    </AddonSockets>
                    <AddonSockets>
                      <Socket ParentFrame="BoneSunshieldLeft_cdt" Offset="(0; 0; 0)" Names="WS4964WhiteSticker_1x2_02" InCockpit="true">

                      </Socket>
                    </AddonSockets>
                    <AddonSockets>
                      <Socket ParentFrame="BoneSunshieldRight_cdt" Offset="(0; 0; 0)" Names="WS4964WhiteSticker_1x4_01" InCockpit="true">

                      </Socket>
                    </AddonSockets>
                    <AddonSockets>
                      <Socket Offset="(0; 0; 0)" Names="WS4964WhiteSticker_Roof" ParentFrame="BoneCabin_cdt">

                      </Socket>
                    </AddonSockets>
                    <AddonSockets>
                      <Socket ParentFrame="BoneCabin_cdt" Offset="(0; 0; 0)" Names="WS4964WhiteSticker_Capote" InCockpit="true">

                      </Socket>
                    </AddonSockets>
                    <AddonSockets>
                      <Socket ParentFrame="BoneCabin_cdt" Offset="(0; 0; 0)" Names="WS4964WhiteSticker_Door_L" InCockpit="true">

                      </Socket>
                    </AddonSockets>
                    <AddonSockets>
                      <Socket Offset="(0; 0; 0)" Names="WS4964WhiteSticker_Door_R" ParentFrame="BoneCabin_cdt">

                      </Socket>
                    </AddonSockets>
                    <AddonSockets>
                      <Socket ParentFrame="BoneCabin_cdt" Names="WS4964WhiteSticker_GlassTop" InCockpit="true">

                      </Socket>
                    </AddonSockets>
                    <AddonSockets>
                      <Socket ParentFrame="BoneCabin_cdt" Names="WS4964WhiteSticker_GlassBottom" InCockpit="true">

                      </Socket>
                    </AddonSockets>
                    <AddonSockets>
                      <Socket Names="StuffHoodWS4964White" ParentFrame="BoneCabin_cdt">

                      </Socket>
                    </AddonSockets>
                      <CraneSocket Pos="(4.406; 0.777; 0.502)" ParentFrame="BoneCabin_cdt">

                      </CraneSocket>
                      <CraneSocket Pos="(4.406; 0.777; -0.502)" ParentFrame="BoneCabin_cdt">

                      </CraneSocket>
                      <CraneSocket Pos="(-4.33; 0.867; -0)">

                      </CraneSocket>
                      <CraneSocket Pos="(-0.321; 0.945; 0.505)">

                      </CraneSocket>
                      <CraneSocket Pos="(-0.321; 0.945; -0.505)">

                      </CraneSocket>
                        <WinchSocket Pos="(4.406; 0.777; 0.502)" ParentFrame="BoneCabin_cdt">

                        </WinchSocket>
                        <WinchSocket Pos="(4.406; 0.777; -0.502)" ParentFrame="BoneCabin_cdt">

                        </WinchSocket>
                        <WinchSocket Pos="(-4.33; 0.867; -0)">

                        </WinchSocket>
                        <WinchSocket Pos="(-0.321; 0.945; 0.505)">

                        </WinchSocket>
                        <WinchSocket Pos="(-0.321; 0.945; -0.505)">

                        </WinchSocket>
        </GameData>
        <PhysicsModel Mesh="trucks/ws_4964_white">
                <Body NetSync="pv" CenterOfMassOffset="(-0.2; 0; 0)" ModelFrame="BoneChassis_cdt" Mass="4500" ImpactType="Truck">
                    <Body NetSync="pv" CenterOfMassOffset="(0.1; 0.1; 0)" ModelFrame="BoneCabin_cdt" Mass="3500" ImpactType="Truck">
                        <Constraint Type="Hinge" MaxLimit="22" AxisLocal="(1; 0; 0)" MinLimit="-22" PivotOffset="(0; 0; 0)">
                            <Motor Spring="350000" Damping="35000" Type="Spring">

                            </Motor>
                        </Constraint>
                            <Body ModelFrame="BoneLeftMudguard_cdt" _template="Mudguard">
                              <Constraint MinLimit="0" MaxLimit="23" AxisLocal="(1; 0; 0)">

                              </Constraint>
                            </Body>
                            <Body ModelFrame="BoneRightMudguard_cdt" _template="Mudguard">
                              <Constraint MinLimit="0" MaxLimit="6" AxisLocal="(1; 0; 0)">

                              </Constraint>
                            </Body>
                            <Body ModelFrame="BoneMirrorLeft_cdt" _template="SideMirror">

                            </Body>
                            <Body ModelFrame="BoneMirrorRight_cdt" _template="SideMirror">

                            </Body>
                            <Body ModelFrame="BoneSunshieldLeft_cdt" CenterOfMassOffset="(0; 0; 0)" Mass="5" ImpactType="Truck" Collisions="None">
                              <Constraint Type="Hinge" MaxLimit="5" AxisLocal="(0; 0; 1)" MinLimit="-10" PivotOffset="(0; 0; 0)">
                                  <Motor Spring="55" Damping="0.65" Type="Spring">

                                  </Motor>
                              </Constraint>
                            </Body>
                            <Body ModelFrame="BoneSunshieldRight_cdt" CenterOfMassOffset="(0; 0; 0)" Mass="3" ImpactType="Truck" Collisions="None">
                              <Constraint Type="Hinge" MaxLimit="5" AxisLocal="(0; 0; 1)" MinLimit="-10" PivotOffset="(0; 0; 0)">
                                  <Motor Spring="52" Damping="0.63" Type="Spring">

                                  </Motor>
                              </Constraint>
                            </Body>
                            <Body CenterOfMassOffset="(0; 0; 0)" ModelFrame="BoneKey1_cdt" Mass="0.1" Collisions="None">
                              <Constraint Type="Hinge" MaxLimit="40" AxisLocal="(0; 0; 1)" MinLimit="-60" PivotOffset="(0; 0; 0)">
                                  <Motor Spring="0.01" Damping="0.001" Type="Spring">

                                  </Motor>
                              </Constraint>
                              <Body CenterOfMassOffset="(0; 0; 0)" ModelFrame="BoneKey2_cdt" Mass="0.1" Collisions="None">
                                    <Constraint Type="Hinge" MaxLimit="25" AxisLocal="(1; 0; 0)" MinLimit="-60" PivotOffset="(0; 0; 0)">
                                        <Motor Spring="0.02" Damping="0.002" Type="Spring">

                                        </Motor>
                                    </Constraint>
                              </Body>
                            </Body>
                            <Body ModelFrame="BoneTieRod_cdt" _template="TieRod">
                              <Constraint MaxLimit="30" AxisLocal="(0; 0; 1)" MinLimit="-30" Name="TieRodSteer">

                              </Constraint>
                            </Body>
                    </Body>
                </Body>
                <NetSync Legacy="false">

                </NetSync>
        </PhysicsModel>
        <ControlledConstraints>
                  <Constraint IsLinkedSteering="true" Id="chassis_steer" Name="TieRodSteer">

                  </Constraint>
        </ControlledConstraints>
        <ModelAttachments>
                    <HeadLight>
                          <Flare Pos="(4.287; 1.336; -1.074)" _template="HeadLight" Size="0.8" ParentFrame="BoneCabin_cdt">

                          </Flare>
                          <Flare Pos="(4.287; 1.336; 1.074)" _template="HeadLight" Size="0.8" ParentFrame="BoneCabin_cdt">

                          </Flare>
                          <Flare Pos="(4.287; 1.336; -1.074)" ParentFrame="BoneCabin_cdt" _template="BlueStreak">

                          </Flare>
                          <Flare Pos="(4.287; 1.336; 1.074)" ParentFrame="BoneCabin_cdt" _template="BlueStreak">

                          </Flare>
                            <Model Org="(4.287; 1.336; -1.074)" ParentFrame="BoneCabin_cdt" _template="HeadLightRay">

                            </Model>
                            <Model Org="(4.287; 1.336; 1.074)" ParentFrame="BoneCabin_cdt" _template="HeadLightRay">

                            </Model>
                    </HeadLight>
                    <StopSignals>
                          <Light Pos="(-4.292; 0.698; -0)" _template="StopSignal">

                          </Light>
                              <Flare Pos="(-4.106; 0.716; 0.401)" _template="StopSignal">

                              </Flare>
                              <Flare Pos="(-4.106; 0.716; -0.401)" _template="StopSignal">

                              </Flare>
                    </StopSignals>
                    <Ignition>
                              <Light Pos="(4.539; 1.163; 1)" _template="IgnitionSignalWhite" Color="g(255; 205; 145) x 0.8" ParentFrame="BoneCabin_cdt">

                              </Light>
                              <Light Pos="(4.539; 1.163; -1)" _template="IgnitionSignalWhite" Color="g(255; 205; 145) x 0.8" ParentFrame="BoneCabin_cdt">

                              </Light>
                              <Light Pos="(-4.200; 0.716; 0)" Size="0.15" _template="IgnitionSignalRed">

                              </Light>
                                <Flare Pos="(4.073; 1.625; -1.255)" ParentFrame="BoneCabin_cdt" _template="MarkerBeacon">

                                </Flare>
                                <Flare Pos="(4.124; 1.625; -1.255)" ParentFrame="BoneCabin_cdt" _template="MarkerBeacon">

                                </Flare>
                                <Flare Pos="(4.073; 1.625; 1.255)" ParentFrame="BoneCabin_cdt" _template="MarkerBeacon">

                                </Flare>
                                <Flare Pos="(4.124; 1.625; 1.255)" ParentFrame="BoneCabin_cdt" _template="MarkerBeacon">

                                </Flare>
                                <Flare Pos="(2.196; 2.702; -0.695)" ParentFrame="BoneCabin_cdt" _template="MarkerBeacon">

                                </Flare>
                                <Flare Pos="(2.197; 2.746; -0.143)" ParentFrame="BoneCabin_cdt" _template="MarkerBeacon">

                                </Flare>
                                <Flare Pos="(2.197; 2.747; 0)" ParentFrame="BoneCabin_cdt" _template="MarkerBeacon">

                                </Flare>
                                <Flare Pos="(2.197; 2.746; 0.143)" ParentFrame="BoneCabin_cdt" _template="MarkerBeacon">

                                </Flare>
                                <Flare Pos="(2.196; 2.702; 0.695)" ParentFrame="BoneCabin_cdt" _template="MarkerBeacon">

                                </Flare>
                                <Flare Pos="(4.091; 1.41; -1.31)" Dir="(0; 0; -1)" _template="IgnitionSignalOrange" ParentFrame="BoneCabin_cdt">

                                </Flare>
                                <Flare Pos="(4.091; 1.41; 1.31)" Dir="(0; 0; 1)" _template="IgnitionSignalOrange" ParentFrame="BoneCabin_cdt">

                                </Flare>
                                <Flare Pos="(4.287; 1.336; -1.074)" ParentFrame="BoneCabin_cdt" _template="IgnitionSignalWhite">

                                </Flare>
                                <Flare Pos="(4.287; 1.336; 1.074)" ParentFrame="BoneCabin_cdt" _template="IgnitionSignalWhite">

                                </Flare>
                                <Flare Pos="(-4.106; 0.716; -0.401)" _template="IgnitionSignalRed">

                                </Flare>
                                <Flare Pos="(-4.106; 0.716; 0.401)" Size="0.15" _template="IgnitionSignalRed">

                                </Flare>
                    </Ignition>
                    <ReverseSignals>
                              <Light Pos="(-4.292; 0.698; -0)" _template="ReverseSignal">

                              </Light>
                                  <Flare Pos="(-4.106; 0.716; 0.401)" Size="0.4" _template="ReverseSignal">

                                  </Flare>
                                  <Flare Pos="(-4.106; 0.716; -0.401)" Size="0.4" _template="ReverseSignal">

                                  </Flare>
                                  <Flare Pos="(-4.106; 0.716; 0.401)" Dir="(-1; 0; 0)" _template="BlueStreak" Color="g(220; 220; 255) x 0.05" Size="0.4">

                                  </Flare>
                                  <Flare Pos="(-4.106; 0.716; -0.401)" Dir="(-1; 0; 0)" _template="BlueStreak" Color="g(220; 220; 255) x 0.05" Size="0.4">

                                  </Flare>
                    </ReverseSignals>
        </ModelAttachments>
        <Landmark MaxScale="3.8" Mesh="landmarks/ws_4964_white_lmk" MinScale="1.8">

        </Landmark>
        <AutomaticIK>
                        <IKBone ParentFrame="BoneTieRod_cdt" ModelFrame="BoneBeam1">
                            <IKJoint Type="Hinge2" AxisLocal="(0; 1; 0)">

                            </IKJoint>
                            <IKBone AttachToFrame="BoneRackLeft" AttachOffset="(0; 0; 0)" ModelFrame="BoneBeam2">
                                  <IKJoint Type="Slider" AxisLocal="(0; 1; 0)">

                                  </IKJoint>
                            </IKBone>
                        </IKBone>
        </AutomaticIK>
        <TruckData SteerSpeed="0.025" EngineStartDelay="0.8" EngineIconMesh="env/engine_default" TruckType="HEAVY_DUTY" Responsiveness="0.15" BackSteerSpeed="0.02" TruckImage="ws4964mchr" FuelCapacity="300" DiffLockType="Installed" ExhaustStartTime="0.9" EngineIconScale="1.3">
                          <Driver Pos="(1.753; 1.728; 0.457)" ParentFrame="BoneCabin_cdt" SteeringWheelPos="(2.136; 2.056; 0.455)">

                          </Driver>
                          <SoundsDamage _template="Heavy">

                          </SoundsDamage>
                          <OcclusionMap HalfSizeZ="2" MinX="-4.462" MaxX="4.809">

                          </OcclusionMap>
                          <FuelTank DamageCapacity="50">

                          </FuelTank>
                          <Intake Size="1.219" Dir="(1; 0; 0)" Origin="(4.422; 1.446; -0)">

                          </Intake>
                          <EngineSocket Type="e_us_truck_old, e_us_truck_old_top" Default="us_truck_old_engine_0">

                          </EngineSocket>
                          <SuspensionSocket Type="s_white_ws4964" MaxWheelRadiusWithoutSuspension="0.4" Default="white_ws4964_suspension_default">

                          </SuspensionSocket>
                          <Dashboard>
                                              <Gauge RandomInputRange="(0;0.1)" Dir="(-0.875; 0.485; -0.001)" Mesh="trucks/arrows/ws_4964_white_arrow_02" OutputAngles="(-115;115)" InputType="rpm" Org="(2.367; 1.994; 0.208)" Damping="0.9" InputRange="(0;1)">

                                              </Gauge>
                                              <Gauge InputRange="(0;1)" Dir="(-0.962; 0.274; -0.003)" InputType="engineEnabled" Org="(2.388; 2.069; 0.444)" Damping="0.9" Mesh="trucks/arrows/ws_4964_white_arrow_03" OutputAngles="(-40;0)">

                                              </Gauge>
                                              <Gauge InputRange="(0;1)" Dir="(-0.962; 0.274; -0.003)" InputType="none" Org="(2.365; 1.989; 0.444)" Damping="0.9" Mesh="trucks/arrows/ws_4964_white_arrow_03" OutputAngles="(-130;130)">

                                              </Gauge>
                                              <Gauge InputRange="(0;1)" Dir="(-0.962; 0.274; -0.003)" InputType="engineEnabled" Org="(2.379; 2.035; 0.394)" Damping="0.99" Mesh="trucks/arrows/ws_4964_white_arrow_03" OutputAngles="(-130;50)">

                                              </Gauge>
                                              <Gauge InputRange="(0;1)" Dir="(-0.962; 0.274; -0.003)" InputType="engineEnabled" Org="(2.387; 2.067; 0.338)" Damping="0.9992" Mesh="trucks/arrows/ws_4964_white_arrow_01" OutputAngles="(-40;10)">

                                              </Gauge>
                                              <Gauge InputRange="(0;1)" Dir="(-0.962; 0.274; -0.003)" InputType="fuel" Org="(2.362; 1.98; 0.338)" Damping="0.9" Mesh="trucks/arrows/ws_4964_white_arrow_01" OutputAngles="(-30;30)">

                                              </Gauge>
                                              <Gauge InputRange="(0;160)" Dir="(-0.875; 0.485; -0.001)" InputType="speed" Org="(2.367; 1.995; 0.6)" Damping="0.9" Mesh="trucks/arrows/ws_4964_white_arrow_02" OutputAngles="(-115;115)">

                                              </Gauge>
                                              <Gauge InputRange="(0;1)" Dir="(-1; 0; 0)" InputType="none" Org="(2.331; 2.05; 0.06)" Damping="0.9" Mesh="trucks/arrows/ws_4964_white_arrow_03" OutputAngles="(-130;130)">

                                              </Gauge>
                                              <Gauge InputRange="(0;1)" Dir="(-1; 0; 0)" InputType="engineEnabled" Org="(2.331; 2.005; 0)" Damping="0.9995" Mesh="trucks/arrows/ws_4964_white_arrow_01" OutputAngles="(-30;5)">

                                              </Gauge>
                                              <Gauge InputRange="(0;1)" Dir="(-1; 0; 0)" InputType="none" Org="(2.331; 2.05; -0.06)" Damping="0.9" Mesh="trucks/arrows/ws_4964_white_arrow_03" OutputAngles="(-130;130)">

                                              </Gauge>
                          </Dashboard>
                          <Axles>
                                                <Axle Frame="BoneAxle1">

                                                </Axle>
                                                <Axle Frame="BoneAxle2">

                                                </Axle>
                                                <Axle Frame="BoneAxle3">

                                                </Axle>
                          </Axles>
                          <Camera Center="(-1.25; 0; 0)" ParentFrame="BoneCabin_cdt">
                                                <Cockpit WindshieldDiffuseTexture="trucks/white_ws4964_glass__d_a.tga" _template="Default" WindshieldShadingTexture="trucks/white_ws4964_glass__sh_d.tga" ViewPos="(1.665; 2.411; 0.457)">
                                                    <Rear ViewPosOffset="(0; -0.1; 0.7)">

                                                    </Rear>
                                                        <Mirror FOVScale="2" ClipDir="(-0.895; 0; -0.447)" MeshFrame="mirror_left" Pos="(2.026; 2.318; 1.247)" ReflectionDir="(-0.895; 0; -0.447)" Size="(0.17; 0.38)" ClipOffset="0.25">

                                                        </Mirror>
                                                        <Mirror FOVScale="2.4" ClipDir="(-0.811; 0; 0.586)" MeshFrame="mirror_right" Pos="(2.027; 2.317; -1.25)" ReflectionDir="(-0.811; 0; 0.586)" Size="(0.17; 0.38)" ClipOffset="0.25">

                                                        </Mirror>
                                                </Cockpit>
                          </Camera>
                                                <CompatibleWheels Type="wheels_medium_double" Scale="0.55">

                                                </CompatibleWheels>
                                                <CompatibleWheels Type="wheels_medium_double" Scale="0.60">

                                                </CompatibleWheels>
                                                  <LimitedFluid Type="Cylinder" Center="(2.124; 0.828; -0.857)" RadiusY="0.285" LengthX="1.529" RadiusZ="0.285">

                                                  </LimitedFluid>
                                                  <LimitedFluid Type="Cylinder" Center="(1.791; 0.828; 0.857)" RadiusY="0.285" LengthX="1.118" RadiusZ="0.285">

                                                  </LimitedFluid>
                          <Sounds ParentFrame="BoneCabin_cdt" _template="Default" AirHissInterval="12.0" Origin="(3.35; 1.6; -0)" MinDist="10.0" DisableReversePitch="true">
                                                      <Reverse Sound="">

                                                      </Reverse>
                                                      <EngineHeavy_2d IsSound2D="true" Sound="trucks/ws_4964_white/ws_4964_white_heavy_2d">

                                                      </EngineHeavy_2d>
                                                      <EngineLow Sound="trucks/ws_4964_white/ws_4964_white_low">

                                                      </EngineLow>
                                                      <EngineHigh Sound="trucks/ws_4964_white/ws_4964_white_high">

                                                      </EngineHigh>
                                                      <HandbrakeOff Sound="trucks/ws_4964_white/ws_4964_white_handbrake_off">

                                                      </HandbrakeOff>
                                                      <EngineRev Sound="trucks/ws_4964_white/ws_4964_white_rev">

                                                      </EngineRev>
                                                      <AbruptStop Sound="trucks/common/truck_swing_big_old_rnd_set/truck_swing_big_old_rnd">

                                                      </AbruptStop>
                                                      <EngineHeavy Sound="trucks/ws_4964_white/ws_4964_white_heavy">

                                                      </EngineHeavy>
                                                      <EngineHigh_2d IsSound2D="true" Sound="trucks/ws_4964_white/ws_4964_white_high_2d">

                                                      </EngineHigh_2d>
                                                      <EngineLow_2d IsSound2D="true" Sound="trucks/ws_4964_white/ws_4964_white_low_2d">

                                                      </EngineLow_2d>
                                                      <EngineIdle_2d IsSound2D="true" Sound="trucks/ws_4964_white/ws_4964_white_idle_2d">

                                                      </EngineIdle_2d>
                                                      <EngineStart Sound="trucks/ws_4964_white/ws_4964_white_start">

                                                      </EngineStart>
                                                      <Handbrake Sound="trucks/ws_4964_white/ws_4964_white_handbrake_on">

                                                      </Handbrake>
                                                      <BrakesSqueal Sound="trucks/ws_4964_white/ws_4964_white_brakes_squeal">

                                                      </BrakesSqueal>
                                                      <GearFail Sound="trucks/common/truck_gear_wrong/truck_gear_wrong_big_old">

                                                      </GearFail>
                                                      <EngineIdle Sound="trucks/ws_4964_white/ws_4964_white_idle">

                                                      </EngineIdle>
                                                      <EngineStop Sound="trucks/ws_4964_white/ws_4964_white_stop">

                                                      </EngineStop>
                                                      <EngineAccel Sound="trucks/ws_4964_white/ws_4964_white_acc">

                                                      </EngineAccel>
                                                      <Honk Sound="trucks/common/truck_honk_default">

                                                      </Honk>
                          </Sounds>
                          <Wheels DefaultWheelType="wheels_medium_double" DefaultTire="highway_1" DefaultRim="rim_1">
                                                          <Wheel Pos="(-3.41; 0.579; 1.086)" _template="RearWheel">

                                                          </Wheel>
                                                          <Wheel RightSide="true" Pos="(-3.41; 0.579; 1.086)" _template="RearWheel">

                                                          </Wheel>
                                                          <Wheel Pos="(-2.090; 0.579; 1.086)" _template="RearWheel">

                                                          </Wheel>
                                                          <Wheel RightSide="true" Pos="(-2.090; 0.579; 1.086)" _template="RearWheel">

                                                          </Wheel>
                                                          <Wheel Pos="(3.629; 0.579; 1.09)" _template="FrontWheel">

                                                          </Wheel>
                                                          <Wheel RightSide="true" Pos="(3.629; 0.579; 1.09)" _template="FrontWheel">

                                                          </Wheel>
                          </Wheels>
                                                        <Steam Origin="(1.472; 1.097; -0)">

                                                        </Steam>
                                                        <Steam Scale="0.5" Origin="(3.55; 1.2; -0)" ParentFrame="BoneCabin_cdt">

                                                        </Steam>
                          <GearboxSocket Type="gearboxes_trucks" Default="g_truck_default">

                          </GearboxSocket>
                          <WinchUpgradeSocket Type="winches_medium_trucks" Default="w_medium_trucks_default" IsUpgradable="true">

                          </WinchUpgradeSocket>
                          <SteeringRack Frame="BoneRack" RackHalfSizeZ="0.809" FrameSteerLeft="BoneRackLeft" FrameSteerRight="BoneRackRight">

                          </SteeringRack>
                          <SteeringWheel Frame="BoneSteering">

                          </SteeringWheel>
                          <SoundsWheels _template="Default">

                          </SoundsWheels>
                          <Damage ParentFrame="BoneCabin_cdt" SensationMax="(2.362; 2.629; 0.827)" Capacity="600" SensationMin="(1.342; 1.95; -0.84)">
                                                                        <DamageArea Min="(2.5; 0.9; -0.6)" ParentFrame="BoneCabin_cdt" Max="(4.4; 2; 0.6)" Type="Engine">

                                                                        </DamageArea>
                                                                        <DamageArea Min="(1.27; 0.5; -1.25)" ParentFrame="BoneChassis_cdt" Max="(2.95; 1.15; 1.25)" Type="FuelTank">

                                                                        </DamageArea>
                          </Damage>
                          <Shafts>
                                                                        <Shaft SocketPointA="ShaftWheel2WheelA" SocketPointB="ShaftWheel2WheelB">

                                                                        </Shaft>
                          </Shafts>
        </TruckData>
  </Truck>