  <_templates Include="trucks">
      <Wheel>
          <RearWheel Location="rear" ConnectedToHandbrake="true" Torque="full">

          </RearWheel>
          <MiddleWheel Location="rear" ConnectedToHandbrake="true" Torque="default">

          </MiddleWheel>
          <FrontWheel ParentFrame="BoneCabin_cdt" SteeringAngle="32" Location="front" SteeringJointOffset="0.35" Torque="default" SteeringCastor="8">

          </FrontWheel>
      </Wheel>
      <Body>
            <SunShield Mass="2" Collisions="None">
                <Constraint Type="Hinge" MaxLimit="5" AxisLocal="(0; 0; 1)" MinLimit="-3">
                    <Motor Spring="10" Damping="0.01" Type="Spring">

                    </Motor>
                </Constraint>
            </SunShield>
            <TieRod Mass="1">
                  <Constraint Type="Hinge" MaxLimit="25" AxisLocal="(0; 0; 1)" MinLimit="-25">
                      <Motor Type="Position" Force="6000" Damping="1.0" Tau="1">

                      </Motor>
                  </Constraint>
            </TieRod>
      </Body>
  </_templates>
  <Truck>
        <HeadLight Pos="(3; 1.2; 0)" Color="g(255; 212; 154) x 5" _template="Default">

        </HeadLight>
        <GameData UnlockByExploration="false" Price="15100" UnlockByRank="10" Country="RU,CAS">
              <CustomizationCameras>
                    <CameraPos Name="roof_sticker" InterestPosition="(3.234; 1.445; -0.471)" Position="(7.505; 7.775; -0.198)" Interior="true" FOV="32.0">

                    </CameraPos>
                    <CameraPos Name="sticker_1" InterestPosition="(6.363; 0.83; 2.481)" Position="(4.52; 2.221; 0.045)" Interior="true" FOV="32.0">

                    </CameraPos>
                    <CameraPos MaxYRotation="360" MaxZoom="2" Name="addon_1" InterestPosition="(1.036; 1.692; -0)" Position="(-6.923; 2.071; 10.147)" MaxXRotation="360" FOV="32.0">

                    </CameraPos>
                    <CameraPos MaxYRotation="360" MaxZoom="2" Name="addon_2" InterestPosition="(4.991; 1.77; 0)" Position="(10.328; 3.173; 3.632)" MaxXRotation="360" FOV="32.0">

                    </CameraPos>
                    <CameraPos Name="mirror_mount" InterestPosition="(6.662; 2.007; 2.102)" Position="(4.511; 2.221; -0.645)" Interior="true" FOV="32.0">

                    </CameraPos>
                    <CameraPos MaxYRotation="360" MaxZoom="2" Name="side_r" InterestPosition="(4.679; 0.759; -0)" Position="(9.22; 3.041; -2.085)" MaxXRotation="360" FOV="32.0">

                    </CameraPos>
                    <CameraPos Name="sticker" InterestPosition="(7.05; 0.239; -0.366)" Position="(4.727; 2.429; -0.234)" Interior="true" FOV="32.0">

                    </CameraPos>
                    <CameraPos Name="glass_sticker" InterestPosition="(5.353; 2.095; -0.865)" Position="(8.771; 2.86; 0.742)" Interior="true" FOV="32.0">

                    </CameraPos>
                    <CameraPos Name="door_r_sticker" InterestPosition="(6.279; 1.198; 0.998)" Position="(3.667; 2.206; 3.558)" Interior="true" FOV="32.0">

                    </CameraPos>
                    <CameraPos MaxYRotation="360" MaxZoom="2" Name="roof" InterestPosition="(4.356; 1.826; -0)" Position="(9.734; 4.242; -2.181)" MaxXRotation="360" FOV="32.0">

                    </CameraPos>
                    <CameraPos Name="capote_sticker" InterestPosition="(5.848; 0.674; -0.74)" Position="(9.036; 4.256; -0.274)" Interior="true" FOV="32.0">

                    </CameraPos>
                    <CameraPos MaxYRotation="360" MaxZoom="2" Name="hoods" InterestPosition="(5.614; 1.07; 0)" Position="(11.871; 1.596; -4.389)" MaxXRotation="360" FOV="32.0">

                    </CameraPos>
                    <CameraPos Name="sticker_2" InterestPosition="(6.662; 0.61; 1.935)" Position="(5.221; 1.595; 0.03)" Interior="true" FOV="32.0">

                    </CameraPos>
                    <CameraPos MaxYRotation="360" MaxZoom="2" Name="side_l" InterestPosition="(5.944; 0.759; 0)" Position="(9.22; 3.041; 3.401)" MaxXRotation="360" FOV="32.0">

                    </CameraPos>
                    <CameraPos Name="bubble_head" InterestPosition="(6.662; 1.054; 1.687)" Position="(4.625; 2.161; -0.442)" Interior="true" FOV="32.0">

                    </CameraPos>
                    <CameraPos MaxYRotation="360" MaxZoom="2" Name="wheels" InterestPosition="(5.622; 0.493; -0)" Position="(8.75; 1.882; -4.557)" MaxXRotation="360" FOV="32.0">

                    </CameraPos>
                    <CameraPos MaxYRotation="360" MaxZoom="2" Name="default" InterestPosition="(5.614; 1.07; 0)" Position="(11.871; 1.596; -4.389)" MaxXRotation="360" FOV="32.0">

                    </CameraPos>
                    <CameraPos MaxYRotation="360" MaxZoom="2" Name="rear" InterestPosition="(3.374; 1.35; 0)" Position="(-3.117; 1.878; 5.651)" MaxXRotation="360" FOV="32.0">

                    </CameraPos>
                    <CameraPos Name="door_l_sticker" InterestPosition="(4.531; 1.263; -0.316)" Position="(3.937; 2.122; -3.867)" Interior="true" FOV="32.0">

                    </CameraPos>
                    <CameraPos Name="hood_ornament" InterestPosition="(7.114; 1.592; -1.286)" Position="(8.271; 1.94; -1.286)" Interior="true" FOV="32.0">

                    </CameraPos>
              </CustomizationCameras>
              <UiDesc UiName="UI_VEHICLE_YAR_87_NAME" UiDesc="UI_VEHICLE_YAR_87_DESC" UiIconLogo="YARLogo80" UiIcon40x40="scoutVehicleImg" UiIcon30x30="scoutVehicleImg30" UiIcon328x458="shopImgYar87">

              </UiDesc>
                    <AddonSockets DefaultAddon="yar_87_front_bumper_default">
                      <Socket Names="Yar87FrontBumper">

                      </Socket>
                    </AddonSockets>
                    <AddonSockets DefaultAddon="yar_87_rear_bumper">
                      <Socket Names="Yar87RearBumper">

                      </Socket>
                    </AddonSockets>
                    <AddonSockets DefaultAddon="yar_87_beacon">
                      <Socket Names="Yar87Beacon">

                      </Socket>
                    </AddonSockets>
                    <AddonSockets>
                      <Socket Names="Yar87Beacon2">

                      </Socket>
                    </AddonSockets>
                    <AddonSockets DefaultAddon="yar_87_spotlight">
                      <Socket Names="Yar87SpotlightDefault">

                      </Socket>
                    </AddonSockets>
                    <AddonSockets>
                        <Socket Names="Yar87Spotlight1" NamesBlock="Yar87SpotlightDefault">

                        </Socket>
                        <Socket Names="Yar87Roofrack" NamesBlock="Yar87Beacon">

                        </Socket>
                    </AddonSockets>
                    <AddonSockets>
                      <Socket Names="Yar87Horn">

                      </Socket>
                    </AddonSockets>
                    <AddonSockets>
                      <Socket Names="Yar87Visor">

                      </Socket>
                    </AddonSockets>
                    <AddonSockets>
                      <Socket Names="Yar87Gabarite">

                      </Socket>
                    </AddonSockets>
                    <AddonSockets>
                      <Socket Names="Yar87Snorkel">

                      </Socket>
                    </AddonSockets>
                    <AddonSockets>
                      <Socket Offset="(-2.776; 0.78; 0)" Names="ScautTrailer">

                      </Socket>
                    </AddonSockets>
                    <AddonSockets>
                      <Socket ParentFrame="BoneCabin_cdt" Offset="(0.994; 1.79; 0.026)" Names="StuffDashboard" InCockpit="true">

                      </Socket>
                    </AddonSockets>
                    <AddonSockets>
                      <Socket ParentFrame="BoneCabin_cdt" Offset="(0.8; 2.328; -0.007)" Names="StuffAirfreshener" InCockpit="true">

                      </Socket>
                    </AddonSockets>
                    <AddonSockets>
                      <Socket ParentFrame="BoneCabin_cdt" Offset="(0; 0; 0)" Names="Yar87Sticker_1x1_01" InCockpit="true">

                      </Socket>
                    </AddonSockets>
                    <AddonSockets>
                      <Socket ParentFrame="BoneCabin_cdt" Offset="(0; 0; 0)" Names="Yar87Sticker_1x1_02" InCockpit="true">

                      </Socket>
                    </AddonSockets>
                    <AddonSockets>
                      <Socket ParentFrame="BoneCabin_cdt" Offset="(0; 0; 0)" Names="Yar87Sticker_1x2_01" InCockpit="true">

                      </Socket>
                    </AddonSockets>
                    <AddonSockets>
                      <Socket ParentFrame="BoneCabin_cdt" Offset="(0; 0; 0)" Names="Yar87Sticker_1x2_02" InCockpit="true">

                      </Socket>
                    </AddonSockets>
                    <AddonSockets>
                      <Socket ParentFrame="BoneCabin_cdt" Offset="(0; 0; 0)" Names="Yar87Sticker_1x4_01" InCockpit="true">

                      </Socket>
                    </AddonSockets>
                    <AddonSockets>
                      <Socket ParentFrame="BoneCabin_cdt" Names="yar87Sticker_GlassTop" InCockpit="true">

                      </Socket>
                    </AddonSockets>
                    <AddonSockets>
                      <Socket ParentFrame="BoneCabin_cdt" Names="Yar87Sticker_Capote" InCockpit="true">

                      </Socket>
                    </AddonSockets>
                    <AddonSockets>
                      <Socket Names="Yar87Sticker_Roof" ParentFrame="BoneCabin_cdt">

                      </Socket>
                    </AddonSockets>
                    <AddonSockets>
                      <Socket Names="Yar87Sticker_Door_R" ParentFrame="BoneCabin_cdt">

                      </Socket>
                    </AddonSockets>
                    <AddonSockets>
                      <Socket ParentFrame="BoneCabin_cdt" Names="Yar87Sticker_Door_L" InCockpit="true">

                      </Socket>
                    </AddonSockets>
                    <AddonSockets>
                      <Socket Names="StuffHoodYar87" ParentFrame="BoneCabin_cdt">

                      </Socket>
                    </AddonSockets>
                      <CraneSocket Pos="(2.881; 1.007; -0.304)">

                      </CraneSocket>
                      <CraneSocket Pos="(2.881; 1.007; 0.304)">

                      </CraneSocket>
                      <CraneSocket Pos="(-2.777; 0.754; 0)">

                      </CraneSocket>
                      <CraneSocket Pos="(-0.2; 2.55; 0)">

                      </CraneSocket>
                      <CraneSocket Pos="(0.064; 1.075; 1.181)">

                      </CraneSocket>
                      <CraneSocket Pos="(0.064; 1.075; -1.181)">

                      </CraneSocket>
                        <WinchSocket Pos="(2.881; 1.007; -0.304)">

                        </WinchSocket>
                        <WinchSocket Pos="(2.881; 1.007; 0.304)">

                        </WinchSocket>
                        <WinchSocket Pos="(-2.777; 0.754; 0)">

                        </WinchSocket>
                        <WinchSocket Pos="(0.064; 1.075; 1.181)">

                        </WinchSocket>
                        <WinchSocket Pos="(0.064; 1.075; -1.181)">

                        </WinchSocket>
        </GameData>
        <PhysicsModel Mesh="trucks/yar_87">
                <Body CenterOfMassOffset="(-0.4; -0.2; 0)" NetSync="pv" Mass="2300" ImpactType="Truck">
                    <Body NetSync="pv" CenterOfMassOffset="(0.4; -0.1; 0)" ModelFrame="BoneCabin_cdt" Mass="2000" ImpactType="Truck">
                        <Constraint Type="Fixed">

                        </Constraint>
                            <Body ModelFrame="BoneTieRod_cdt" _template="TieRod">
                              <Constraint Name="TieRodSteer">

                              </Constraint>
                            </Body>
                            <Body ModelFrame="BoneMirrorRight_cdt" _template="SideMirror">

                            </Body>
                            <Body ModelFrame="BoneMirrorLeft_cdt" _template="SideMirror">

                            </Body>
                            <Body ModelFrame="BoneSunshieldLeft_cdt" _template="SunShield">

                            </Body>
                            <Body ModelFrame="BoneSunshieldRight_cdt" _template="SunShield">

                            </Body>
                            <Body CenterOfMassOffset="(0; 0; 0)" ModelFrame="BoneKey1_cdt" Mass="0.1" Collisions="None">
                              <Constraint Type="Hinge" MaxLimit="1" AxisLocal="(0; 0; 1)" MinLimit="-50" PivotOffset="(0; 0; 0)">
                                  <Motor Spring="0.001" Damping="0.0001" Type="Spring">

                                  </Motor>
                              </Constraint>
                              <Body CenterOfMassOffset="(0; 0; 0)" ModelFrame="BoneKey2_cdt" Mass="0.1" Collisions="None">
                                    <Constraint Type="Hinge" MaxLimit="5" AxisLocal="(0; 1; 0)" MinLimit="-50" PivotOffset="(0; 0; 0)">
                                        <Motor Spring="0.001" Damping="0.001" Type="Spring">

                                        </Motor>
                                    </Constraint>
                              </Body>
                            </Body>
                    </Body>
                </Body>
                <NetSync Legacy="false">

                </NetSync>
        </PhysicsModel>
        <ControlledConstraints>
                  <Constraint IsLinkedSteering="true" Id="chassis_steer" Name="TieRodSteer">

                  </Constraint>
        </ControlledConstraints>
        <Snorkel Origin="(2.56; 1.31; 0)">

        </Snorkel>
        <AutomaticIK>
                        <IKBone ParentFrame="BoneChassis_cdt" ModelFrame="BonePistonL1Base">
                          <IKJoint Type="Hinge" AxisLocal="(0; 0; 1)">

                          </IKJoint>
                          <IKBone AttachToFrame="BoneAxle1" AttachOffset="(0; 0; 0)" ModelFrame="BonePistonL1">
                                <IKJoint Type="Slider" AxisLocal="(1; 0; 0)">

                                </IKJoint>
                          </IKBone>
                        </IKBone>
                        <IKBone ParentFrame="BoneChassis_cdt" ModelFrame="BonePistonR1Base">
                          <IKJoint Type="Hinge" AxisLocal="(0; 0; 1)">

                          </IKJoint>
                          <IKBone AttachToFrame="BoneAxle1" AttachOffset="(0; 0; 0)" ModelFrame="BonePistonR1">
                                <IKJoint Type="Slider" AxisLocal="(1; 0; 0)">

                                </IKJoint>
                          </IKBone>
                        </IKBone>
                        <IKBone ParentFrame="BoneChassis_cdt" ModelFrame="BonePistonL2Base">
                          <IKJoint Type="Hinge" AxisLocal="(0; 0; 1)">

                          </IKJoint>
                          <IKBone AttachToFrame="BoneAxle2" AttachOffset="(0; 0; 0)" ModelFrame="BonePistonL2">
                                <IKJoint Type="Slider" AxisLocal="(1; 0; 0)">

                                </IKJoint>
                          </IKBone>
                        </IKBone>
                        <IKBone ParentFrame="BoneChassis_cdt" ModelFrame="BonePistonR2Base">
                          <IKJoint Type="Hinge" AxisLocal="(0; 0; 1)">

                          </IKJoint>
                          <IKBone AttachToFrame="BoneAxle2" AttachOffset="(0; 0; 0)" ModelFrame="BonePistonR2">
                                <IKJoint Type="Slider" AxisLocal="(1; 0; 0)">

                                </IKJoint>
                          </IKBone>
                        </IKBone>
                        <IKBone ParentFrame="BoneChassis_cdt" ModelFrame="BonePistonL3Base">
                          <IKJoint Type="Hinge" AxisLocal="(0; 0; 1)">

                          </IKJoint>
                          <IKBone AttachToFrame="BoneAxle3" AttachOffset="(0; 0; 0)" ModelFrame="BonePistonL3">
                                <IKJoint Type="Slider" AxisLocal="(1; 0; 0)">

                                </IKJoint>
                          </IKBone>
                        </IKBone>
                        <IKBone ParentFrame="BoneChassis_cdt" ModelFrame="BonePistonR3Base">
                          <IKJoint Type="Hinge" AxisLocal="(0; 0; 1)">

                          </IKJoint>
                          <IKBone AttachToFrame="BoneAxle3" AttachOffset="(0; 0; 0)" ModelFrame="BonePistonR3">
                                <IKJoint Type="Slider" AxisLocal="(1; 0; 0)">

                                </IKJoint>
                          </IKBone>
                        </IKBone>
        </AutomaticIK>
        <Landmark MaxScale="3.8" Mesh="landmarks/yar_87_lmk" MinScale="1.8">

        </Landmark>
        <ModelAttachments>
                          <HeadLight>
                                <Flare Pos="(2.478; 1.342; -0.616)" _template="HeadLight" Color="g(235; 230; 220) x 0.5" Size="0.3">

                                </Flare>
                                <Flare Pos="(2.478; 1.342; 0.616)" _template="HeadLight" Color="g(235; 230; 220) x 0.5" Size="0.3">

                                </Flare>
                                <Flare Pos="(2.506; 1.342; -0.616)" _template="BlueStreak">

                                </Flare>
                                <Flare Pos="(2.506; 1.342; 0.616)" _template="BlueStreak">

                                </Flare>
                                  <Model Org="(2.506; 1.342; -0.616)" _template="HeadLightRay">

                                  </Model>
                                  <Model Org="(2.506; 1.342; 0.616)" _template="HeadLightRay">

                                  </Model>
                          </HeadLight>
                          <StopSignals>
                                <Light Pos="(-2.746; 1.208; 0)" _template="StopSignal">

                                </Light>
                                    <Flare Pos="(-2.67; 1.24; -0.877)" _template="StopSignal">

                                    </Flare>
                                    <Flare Pos="(-2.67; 1.24; 0.877)" _template="StopSignal">

                                    </Flare>
                          </StopSignals>
                          <Ignition>
                                    <Light Pos="(-2.809; 1.268; -0.858)" Color="g(169; 0; 0) x 0.8" _template="IgnitionSignalRed">

                                    </Light>
                                    <Light Pos="(-2.809; 1.268; 0.858)" Color="g(169; 0; 0) x 0.8" _template="IgnitionSignalRed">

                                    </Light>
                                    <Light Pos="(2.9; 1.342; -0.765)" _template="IgnitionSignalWhite" Color="g(255; 235; 225) x 0.9" ParentFrame="BoneCabin_cdt">

                                    </Light>
                                    <Light Pos="(2.9; 1.342; 0.765)" _template="IgnitionSignalWhite" Color="g(255; 235; 225) x 0.9" ParentFrame="BoneCabin_cdt">

                                    </Light>
                                      <Flare Pos="(2.464; 1.342; -0.765)" _template="IgnitionSignalWhite" Color="g(240; 225; 215) x 0.3" Size="0.18" ParentFrame="BoneCabin_cdt">

                                      </Flare>
                                      <Flare Pos="(2.464; 1.342; 0.765)" _template="IgnitionSignalWhite" Color="g(240; 225; 215) x 0.3" Size="0.18" ParentFrame="BoneCabin_cdt">

                                      </Flare>
                                      <Flare Pos="(2.506; 1.342; -0.616)" _template="IgnitionSignalWhite" Color="g(240; 225; 215) x 0.3" Size="0.25" ParentFrame="BoneCabin_cdt">

                                      </Flare>
                                      <Flare Pos="(2.506; 1.342; 0.616)" _template="IgnitionSignalWhite" Color="g(240; 225; 215) x 0.3" Size="0.25" ParentFrame="BoneCabin_cdt">

                                      </Flare>
                                      <Flare Pos="(2.464; 1.344; -0.887)" _template="IgnitionSignalWhite" Color="g(240; 225; 215) x 0.3" Size="0.12" ParentFrame="BoneCabin_cdt">

                                      </Flare>
                                      <Flare Pos="(2.464; 1.344; 0.887)" _template="IgnitionSignalWhite" Color="g(240; 225; 215) x 0.3" Size="0.12" ParentFrame="BoneCabin_cdt">

                                      </Flare>
                                      <Flare Pos="(-2.681; 1.297; -0.877)" _template="IgnitionSignalRed" Color="g(169; 0; 0) x 0.8" Size="0.12">

                                      </Flare>
                                      <Flare Pos="(-2.681; 1.297; 0.877)" _template="IgnitionSignalRed" Color="g(169; 0; 0) x 0.8" Size="0.12">

                                      </Flare>
                          </Ignition>
                          <ReverseSignals>
                                      <Light Pos="(-2.681; 1.103; -0.88)" _template="ReverseSignal">

                                      </Light>
                                      <Light Pos="(-2.681; 1.103; 0.88)" _template="ReverseSignal">

                                      </Light>
                                        <Flare Pos="(-2.67; 1.103; -0.88)" _template="ReverseSignal">

                                        </Flare>
                                        <Flare Pos="(-2.67; 1.103; 0.88)" _template="ReverseSignal">

                                        </Flare>
                                        <Flare Pos="(-2.681; 1.103; -0.88)" Dir="(-1; 0; 0)" _template="BlueStreak" Color="g(220; 220; 255) x 0.05" Size="0.4">

                                        </Flare>
                                        <Flare Pos="(-2.681; 1.103; 0.88)" Dir="(-1; 0; 0)" _template="BlueStreak" Color="g(220; 220; 255) x 0.05" Size="0.4">

                                        </Flare>
                          </ReverseSignals>
        </ModelAttachments>
        <TruckData SteerSpeed="0.05" EngineStartDelay="2" EngineIconMesh="env/engine_small" TruckType="SCOUT" Responsiveness="0.55" BackSteerSpeed="0.05" TruckImage="YARmchr" FuelCapacity="110" DiffLockType="Always" ExhaustStartTime="1.8" EngineIconScale="1.35">
                            <Driver Pos="(0.36; 1.349; 0.548)" LegsOffset="(0; -0.03; 0)" AnimationSet="Scout" SteeringWheelPos="(0.673; 1.739; 0.545)">

                            </Driver>
                            <SoundsDamage _template="Scout">

                            </SoundsDamage>
                            <Shakers>
                                      <Shaker MaxFrequency="3" Frame="BoneExhaust" MaxAngle="(0.7; 0.7; 0.7)">

                                      </Shaker>
                                      <Shaker MaxFrequency="0.5" Frame="BoneGearstick" MaxAngle="(2; 2; 2)">

                                      </Shaker>
                            </Shakers>
                            <OcclusionMap MinX="-3.2" Texture="trucks/occlusion/chassis_small__s_d_a.tga" HalfSizeZ="2.4" MaxX="3.5">

                            </OcclusionMap>
                            <FuelTank DamageCapacity="50">

                            </FuelTank>
                                        <CompatibleWheels Type="wheels_scout_yar_871" Scale="0.62" OffsetZ="0.08">

                                        </CompatibleWheels>
                                        <CompatibleWheels Type="wheels_scout_yar_87" Scale="0.62" OffsetZ="0.02">

                                        </CompatibleWheels>
                            <EngineSocket Type="e_ru_scout_modern" Default="ru_scout_modern_engine_0">

                            </EngineSocket>
                            <SuspensionSocket Type="s_yar_87" MaxWheelRadiusWithoutSuspension="1.62" Default="yar_87_suspension_default">

                            </SuspensionSocket>
                            <Dashboard>
                                                  <Gauge InputRange="(0;1)" Dir="(-1; 0; 0)" InputType="engineEnabled" Org="(0.993; 1.852; 0.84)" Damping="0.99" Mesh="trucks/arrows/yar_87_arrow_3" OutputAngles="(-134; 54)">

                                                  </Gauge>
                                                  <Gauge InputRange="(0;1)" Dir="(-0.954; 0.3; 0)" InputType="fuel" Org="(0.941; 1.695; 0.731)" Damping="0.99" Mesh="trucks/arrows/yar_87_arrow_2" OutputAngles="(-40; 40)">

                                                  </Gauge>
                                                  <Gauge InputType="speed" Dir="(-0.954; 0.3; 0)" Org="(0.949; 1.718; 0.628)" Mesh="trucks/arrows/yar_87_arrow_1" InputRange="(0;200)" OutputAngles="(-118; 120)">

                                                  </Gauge>
                                                  <Gauge InputRange="(0;1)" Dir="(-0.954; 0.3; 0)" InputType="rpm" Org="(0.948; 1.718; 0.458)" Damping="0.99" Mesh="trucks/arrows/yar_87_arrow_1" OutputAngles="(-118; 119)">

                                                  </Gauge>
                                                  <Gauge InputRange="(0;1)" Dir="(-0.954; 0.3; 0)" InputType="engineEnabled" Org="(0.941; 1.695; 0.355)" Damping="0.99" Mesh="trucks/arrows/yar_87_arrow_2" OutputAngles="(-39; 11)">

                                                  </Gauge>
                            </Dashboard>
                            <Axles>
                                                    <Axle Frame="BoneAxle1">

                                                    </Axle>
                                                    <Axle Frame="BoneAxle2">

                                                    </Axle>
                                                    <Axle Frame="BoneAxle3">

                                                    </Axle>
                            </Axles>
                            <Camera Center="(-1.6; 0; 0)" Radius="1.2">
                                                    <Cockpit WindshieldDiffuseTexture="trucks/yar_87_glass__d_a.tga" _template="Default" WindshieldShadingTexture="trucks/yar_87_glass__sh_d.tga" ViewPos="(0.323; 2.074; 0.548)">
                                                          <Mirror FOVScale="1.5" LookAtOffset="(0; 0; 0.06)" MeshFrame="mirror_left" Pos="(0.848; 1.87; 1.136)" ReflectionDir="(-0.94; 0; -0.342)" Size="(0.19; 0.3)" ClipDir="(-0.94; 0; -0.342)">

                                                          </Mirror>
                                                          <Mirror FOVScale="1.5" ClipDir="(-0.819; 0; 0.574)" MeshFrame="mirror_right" Pos="(0.83; 1.87; -1.114)" Size="(0.19; 0.3)" ReflectionDir="(-0.819; 0; 0.574)">

                                                          </Mirror>
                                                          <Mirror FOVScale=".8" ClipDir="(-0.888; -0.25; 0.386)" MeshFrame="hp_cab_mirror" Pos="(0.781; 2.329; -0.002)" ReflectionDir="(-0.888; -0.25; 0.386)" Size="(0.24; 0.085)" ClipOffset="0.1">

                                                          </Mirror>
                                                    </Cockpit>
                            </Camera>
                            <Exhaust IsLight="true" Dir="(0; 0; -1)" Speed="2.0" Origin="(-1.215; 0.729; -0.528)">

                            </Exhaust>
                            <Sounds _template="Default" MinDist="10.0" Origin="(1.5; 1.24; 0)" DisableReversePitch="false">
                                                        <Reverse Sound="trucks/yar_87/yar_87_reverse">

                                                        </Reverse>
                                                        <EngineTrans Sound="">

                                                        </EngineTrans>
                                                        <EngineLow Sound="trucks/yar_87/yar_87_low">

                                                        </EngineLow>
                                                        <BrakePull Sound="">

                                                        </BrakePull>
                                                        <EngineHigh Sound="trucks/yar_87/yar_87_high">

                                                        </EngineHigh>
                                                        <HandbrakeOff Sound="trucks/yar_87/yar_87_handbrake_off">

                                                        </HandbrakeOff>
                                                        <Gear Sound="trucks/common/truck_gear_shift_medium_rnd_set/truck_gear_shift_medium_rnd">

                                                        </Gear>
                                                        <AbruptStop Sound="trucks/common/truck_swing_big_rnd_set/truck_swing_big_rnd">

                                                        </AbruptStop>
                                                        <EngineHeavy_2d IsSound2D="true" Sound="trucks/yar_87/yar_87_heavy_2d">

                                                        </EngineHeavy_2d>
                                                        <EngineRev Sound="trucks/yar_87/yar_87_rev">

                                                        </EngineRev>
                                                        <EngineHeavy Sound="trucks/yar_87/yar_87_heavy">

                                                        </EngineHeavy>
                                                        <EngineLow_2d IsSound2D="true" Sound="trucks/yar_87/yar_87_low_2d">

                                                        </EngineLow_2d>
                                                        <EngineHigh_2d IsSound2D="true" Sound="trucks/yar_87/yar_87_high_2d">

                                                        </EngineHigh_2d>
                                                        <EngineIdle Sound="trucks/yar_87/yar_87_idle">

                                                        </EngineIdle>
                                                        <EngineIdle_2d IsSound2D="true" Sound="trucks/yar_87/yar_87_idle_2d">

                                                        </EngineIdle_2d>
                                                        <EngineStart Sound="trucks/yar_87/yar_87_start">

                                                        </EngineStart>
                                                        <Handbrake Sound="trucks/yar_87/yar_87_handbrake_on">

                                                        </Handbrake>
                                                        <BrakesSqueal Sound="trucks/yar_87/yar_87_brakes_squeal">

                                                        </BrakesSqueal>
                                                        <GearFail Sound="trucks/common/truck_gear_wrong/truck_gear_wrong_small_modern">

                                                        </GearFail>
                                                        <EngineAccel Sound="trucks/yar_87/yar_87_acc">

                                                        </EngineAccel>
                                                        <EngineStop Sound="trucks/yar_87/yar_87_stop">

                                                        </EngineStop>
                                                        <BrakeRelease Sound="">

                                                        </BrakeRelease>
                                                        <Honk Sound="trucks/yar_87/yar_87_honk">

                                                        </Honk>
                            </Sounds>
                            <GearboxSocket Type="gearboxes_scouts" Default="g_scout_default">

                            </GearboxSocket>
                            <Steam Origin="(1.724; 1.245; 0)">

                            </Steam>
                            <Wheels DefaultWheelType="wheels_scout_yar_871" DefaultTire="mudtires_1" DefaultRim="rim_1">
                                                                <Wheel Pos="(2.065; 0.61; 0.97)" _template="FrontWheel">

                                                                </Wheel>
                                                                <Wheel RightSide="true" Pos="(2.065; 0.61; 0.97)" _template="FrontWheel">

                                                                </Wheel>
                                                                <Wheel Pos="(-0.515; 0.61; 0.97)" _template="MiddleWheel">

                                                                </Wheel>
                                                                <Wheel RightSide="true" Pos="(-0.515; 0.61; 0.97)" _template="MiddleWheel">

                                                                </Wheel>
                                                                <Wheel Pos="(-1.915; 0.61; 0.97)" _template="RearWheel">

                                                                </Wheel>
                                                                <Wheel RightSide="true" Pos="(-1.915; 0.61; 0.97)" _template="RearWheel">

                                                                </Wheel>
                            </Wheels>
                            <WinchUpgradeSocket Type="winches_scouts" Default="w_scout_default" IsUpgradable="true">

                            </WinchUpgradeSocket>
                            <SteeringRack Frame="BoneRack" RackHalfSizeZ="0.795" FrameSteerLeft="BoneRackL" FrameSteerRight="BoneRackR">

                            </SteeringRack>
                            <SteeringWheel Frame="BoneSteering">

                            </SteeringWheel>
                            <SoundsWheels _template="Default">

                            </SoundsWheels>
                            <Damage>
                                                                          <DamageArea Min="(1.011; 0.6; -0.5)" ParentFrame="BoneChassis_cdt" Max="(3; 1.7; 0.5)" Type="Engine">

                                                                          </DamageArea>
                                                                          <DamageArea Min="(-2.624; 0.6; -1)" ParentFrame="BoneChassis_cdt" Max="(-1; 1.508; 1)" Type="FuelTank">

                                                                          </DamageArea>
                            </Damage>
                            <Shafts>
                                                                            <Shaft SocketPointA="Shaft1a" Mesh="env/minishaft" SocketPointB="Shaft1b">

                                                                            </Shaft>
                                                                            <Shaft SocketPointA="Shaft2a" Mesh="env/minishaft" SocketPointB="Shaft2b">

                                                                            </Shaft>
                                                                            <Shaft SocketPointA="Shaft3a" Mesh="env/minishaft" SocketPointB="Shaft3b">

                                                                            </Shaft>
                                                                            <Shaft SocketPointA="Shaft4a" Mesh="env/minishaft" SocketPointB="Shaft4b">

                                                                            </Shaft>
                                                                            <Shaft SocketPointA="Shaft5a" Mesh="env/minishaft" SocketPointB="Shaft5b">

                                                                            </Shaft>
                            </Shafts>
        </TruckData>
  </Truck>