  <Truck>
      <ControlledConstraints>
            <Constraint Name="TieRodSteer" IsLinkedSteering="true" Id="chassis_steer">

            </Constraint>
            <Constraint Name="TieRodSteer2" IsLinkedSteering="true" Id="chassis_steer">

            </Constraint>
      </ControlledConstraints>
      <PhysicsModel Mesh="trucks/pacific_p512">
            <NetSync Legacy="false">

            </NetSync>
            <Body ModelFrame="BoneChassis_cdt" ImpactType="Truck" Mass="7000" NetSync="pv" CenterOfMassOffset="(-0.5; 0; 0)">
                    <Body ModelFrame="BoneCabin_cdt" ImpactType="Truck" Mass="4500" NetSync="pv" CenterOfMassOffset="(0.2; 0.7; 0)">
                      <Constraint AxisLocal="(1; 0; 0)" MaxLimit="32" MinLimit="-32" PivotOffset="(0; 0; 0)" Type="Hinge">
                          <Motor Type="Spring" Spring="500000" Damping="20000">

                          </Motor>
                      </Constraint>
                          <Body Mass="2" Collisions="None" ModelFrame="BoneAntenna_cdt">
                            <Constraint Cone="10" PlaneMin="-10" Type="Ragdoll" TwistAxisLocal="(0; 1; 0)" PlaneMax="10" PlaneAxisLocal="(0; 0; 1)">
                                <ConeMotor Type="Spring" Spring="350" Damping="7">

                                </ConeMotor>
                                <PlaneMotor Type="Spring" Spring="350" Damping="7">

                                </PlaneMotor>
                            </Constraint>
                          </Body>
                          <Body ModelFrame="BoneMirrorL_cdt" _template="Mirror">
                            <Body ModelFrame="boneMirrorCordL_cdt" _template="MirrorCord">

                            </Body>
                          </Body>
                          <Body ModelFrame="BoneMirrorR_cdt" _template="Mirror">
                            <Body ModelFrame="boneMirrorCordR_cdt" _template="MirrorCord">

                            </Body>
                          </Body>
                          <Body Mass="2" Collisions="None" ModelFrame="BoneChain_cdt">
                            <Constraint AxisLocal="(1; 0; 0)" MaxLimit="40" MinLimit="-40" Type="Hinge">
                                <Motor Type="Spring" Spring="0.05" Damping="0.01">

                                </Motor>
                            </Constraint>
                          </Body>
                          <Body ModelFrame="BoneTieRod1_1_cdt" _template="TieRod">
                            <Constraint AxisLocal="(0; 0; 1)" MaxLimit="27" Name="TieRodSteer" MinLimit="-27">

                            </Constraint>
                          </Body>
                          <Body ModelFrame="BoneTieRod2_1_cdt" _template="TieRod">
                            <Constraint AxisLocal="(0; 0; 1)" MaxLimit="20" Name="TieRodSteer2" MinLimit="-20">

                            </Constraint>
                          </Body>
                          <Body ModelFrame="boneChassisCord1_cdt" _template="ChassisCord">

                          </Body>
                          <Body ModelFrame="BoneSunshieldR_cdt" _template="Sunshield">

                          </Body>
                          <Body ModelFrame="BoneSunshieldL_cdt" _template="Sunshield">

                          </Body>
                          <Body ModelFrame="boneMudguardL_cdt" _template="Mudguard">

                          </Body>
                          <Body ModelFrame="boneMudguardR_cdt" _template="Mudguard">

                          </Body>
                    </Body>
                    <Body ModelFrame="boneChassisCord2_cdt" _template="ChassisCord">
                      <Constraint MaxLimit="1" MinLimit="-0.8">

                      </Constraint>
                    </Body>
                    <Body ModelFrame="boneChassisCord3_cdt" _template="ChassisCord">
                      <Constraint MaxLimit="0.75" MinLimit="-0.75">

                      </Constraint>
                    </Body>
            </Body>
      </PhysicsModel>
      <TruckData BackSteerSpeed="0.015" DiffLockType="Installed" EngineIconScale="1.2" TruckType="HEAVY" FuelCapacity="200" EngineStartDelay="0.8" SteerSpeed="0.03" ExhaustStartTime="0.9" Responsiveness="0.15" TruckImage="pacificp512mchr" EngineIconMesh="env/engine_default">
                <Steam Origin="(1.556; 1.284; 0)">

                </Steam>
                <Steam ParentFrame="BoneCabin_cdt" Scale="0.5" Origin="(3.747; 1.284; 0)">

                </Steam>
              <Intake Size="1" Dir="(1; 0; 0)" Origin="(4.734; 1.792; 0)">

              </Intake>
              <GearboxSocket Default="g_truck_default" Type="gearboxes_trucks">

              </GearboxSocket>
              <Wheels DefaultRim="rim" DefaultWheelType="wheels_heavy_offroad_p512" DefaultTire="offroad">
                          <Wheel Pos="(3.729; 0.638; 1.013)" _template="FrontWheel">

                          </Wheel>
                          <Wheel Pos="(3.729; 0.638; 1.013)" _template="FrontWheel" RightSide="true">

                          </Wheel>
                          <Wheel Pos="(-1.981; 0.638; 1.085)" _template="RearWheel">

                          </Wheel>
                          <Wheel Pos="(-1.981; 0.638; 1.085)" _template="RearWheel" RightSide="true">

                          </Wheel>
                          <Wheel Pos="(-3.768; 0.638; 1.085)" _template="RearWheel">

                          </Wheel>
                          <Wheel Pos="(-3.768; 0.638; 1.085)" _template="RearWheel" RightSide="true">

                          </Wheel>
              </Wheels>
              <WinchUpgradeSocket Default="w_medium_trucks_default" Type="winches_medium_trucks" IsUpgradable="true">

              </WinchUpgradeSocket>
              <SteeringWheel Frame="BoneSteering">

              </SteeringWheel>
              <Damage>
                                <DamageArea Min="(3.263; 1.068; -0.644)" Max="(4.656; 2.27; 0.644)" Type="Engine">

                                </DamageArea>
                                <DamageArea Min="(1.353; 0.609; -1.082)" Max="(2.853; 1.37; 1.082)" Type="FuelTank">

                                </DamageArea>
              </Damage>
                              <LimitedFluid RadiusY="0.311" Center="(2.097; 1.054; -0.773)" RadiusZ="0.310" LengthX="1.323" Type="Cylinder">

                              </LimitedFluid>
                              <LimitedFluid RadiusY="0.311" Center="(2.097; 1.054; 0.773)" RadiusZ="0.310" LengthX="1.323" Type="Cylinder">

                              </LimitedFluid>
              <EngineSocket Default="us_truck_old_heavy_engine_0" Type="e_us_truck_old_heavy">

              </EngineSocket>
              <SoundsDamage _template="Heavy">

              </SoundsDamage>
              <Camera Center="(-1.2; 0; 0)" ParentFrame="BoneCabin_cdt">
                                      <Cockpit WindshieldShadingTexture="trucks\pacific_p512pf_glass__sh_d.tga" WindshieldDiffuseTexture="trucks\pacific_p512pf_glass__d_a.tga" ViewPos="(1.876; 2.777; 0.37)" _template="Default">
                                            <Mirror Pos="(2.375; 2.663; 1.407)" MeshFrame="mirror_l" FOVScale="2" Size="(0.17; 0.39)" ReflectionDir="(-0.882; -0.003; -0.471)" ClipDir="(-0.882; -0.003; -0.471)" ClipOffset="0.2">

                                            </Mirror>
                                            <Mirror Pos="(2.26; 2.663; -1.381)" MeshFrame="mirror_r" FOVScale="2" Size="(0.17; 0.39)" ReflectionDir="(-0.805; -0.013; 0.593)" ClipDir="(-0.805; -0.013; 0.593)" ClipOffset="0.2">

                                            </Mirror>
                                      </Cockpit>
              </Camera>
              <Shafts>
                                          <Shaft SocketPointA="Shaft1a" SocketPointB="Shaft1b">

                                          </Shaft>
                                          <Shaft SocketPointA="Shaft2a" SocketPointB="Shaft2b">

                                          </Shaft>
                                          <Shaft SocketPointA="Shaft3a" SocketPointB="Shaft3b">

                                          </Shaft>
              </Shafts>
              <FuelTank DamageCapacity="50">

              </FuelTank>
              <SoundsWheels _template="Default">

              </SoundsWheels>
              <SuspensionSocket Default="pacific_p512_suspension_default" MaxWheelRadiusWithoutSuspension="0.75" Type="s_pacific_p512">

              </SuspensionSocket>
              <Axles>
                                                  <Axle Frame="BoneAxle1">

                                                  </Axle>
                                                  <Axle Frame="BoneAxle2">

                                                  </Axle>
                                                  <Axle Frame="BoneAxle3">

                                                  </Axle>
              </Axles>
              <CompatibleWheels Scale="0.646" Type="wheels_heavy_offroad_p512">

              </CompatibleWheels>
              <Sounds DisableReversePitch="false" ParentFrame="BoneCabin_cdt" MinDist="12.0" AirHissInterval="12.0" _template="Default" Origin="(3.699; 1.797; 0)">
                                                    <EngineHigh Sound="trucks/pacific_p512/pacific_p512_high">

                                                    </EngineHigh>
                                                    <ChassisStress Sound="trucks/common/truck_stress_rnd_set/truck_stress_rnd">

                                                    </ChassisStress>
                                                    <HandbrakeOff Sound="trucks/pacific_p512/pacific_p512_handbrake_off">

                                                    </HandbrakeOff>
                                                    <BrakesSqueal Sound="trucks/pacific_p512/pacific_p512_brakes_squeal">

                                                    </BrakesSqueal>
                                                    <AbruptStop Sound="trucks/common/truck_swing_big_rnd_set/truck_swing_big_rnd">

                                                    </AbruptStop>
                                                    <EngineTrans Sound="">

                                                    </EngineTrans>
                                                    <EngineHeavy_2d IsSound2D="true" Sound="trucks/pacific_p512/pacific_p512_heavy_2d">

                                                    </EngineHeavy_2d>
                                                    <Reverse Sound="">

                                                    </Reverse>
                                                    <EngineHeavy Sound="trucks/pacific_p512/pacific_p512_heavy">

                                                    </EngineHeavy>
                                                    <EngineStart Sound="trucks/pacific_p512/pacific_p512_start">

                                                    </EngineStart>
                                                    <EngineLow_2d IsSound2D="true" Sound="trucks/pacific_p512/pacific_p512_low_2d">

                                                    </EngineLow_2d>
                                                    <EngineHigh_2d IsSound2D="true" Sound="trucks/pacific_p512/pacific_p512_high_2d">

                                                    </EngineHigh_2d>
                                                    <EngineLow Sound="trucks/pacific_p512/pacific_p512_low">

                                                    </EngineLow>
                                                    <EngineIdle_2d IsSound2D="true" Sound="trucks/pacific_p512/pacific_p512_idle_2d">

                                                    </EngineIdle_2d>
                                                    <EngineStop Sound="trucks/pacific_p512/pacific_p512_stop">

                                                    </EngineStop>
                                                    <EngineIdle Sound="trucks/pacific_p512/pacific_p512_idle">

                                                    </EngineIdle>
                                                    <Handbrake Sound="trucks/pacific_p512/pacific_p512_handbrake_on">

                                                    </Handbrake>
                                                    <Honk Sound="trucks/pacific_p512/pacific_p512_honk">

                                                    </Honk>
                                                    <EngineRev Sound="trucks/pacific_p512/pacific_p512_rev">

                                                    </EngineRev>
                                                    <EngineAccel Sound="trucks/pacific_p512/pacific_p512_acc">

                                                    </EngineAccel>
                                                    <BrakeRelease Sound="trucks/common/truck_brake_release_alt2_rnd_set/truck_brake_release_alt2_rnd">

                                                    </BrakeRelease>
              </Sounds>
              <Driver SteeringWheelPos="(2.262; 2.424; 0.375)" Pos="(1.876; 2.078; 0.37)" ParentFrame="BoneCabin_cdt" AnimationSet="HeavyTruck">

              </Driver>
              <Dashboard>
                                                          <Gauge Mesh="trucks/arrows/pacific_p512_arrow_1" Org="(2.485; 2.402; 0.665)" OutputAngles="(-51; 9)" InputType="engineEnabled" Dir="(-0.92; 0.296; -0.256)" InputRange="(0;1)" Damping="0.99">

                                                          </Gauge>
                                                          <Gauge Mesh="trucks/arrows/pacific_p512_arrow_1" Org="(2.501; 2.397; 0.603)" OutputAngles="(-54; -7)" InputType="engineEnabled" Dir="(-0.92; 0.296; -0.256)" InputRange="(0;1)" Damping="0.99">

                                                          </Gauge>
                                                          <Gauge Mesh="trucks/arrows/pacific_p512_arrow_1" Org="(2.465; 2.339; 0.663)" OutputAngles="(-55; 28)" InputType="engineEnabled" Dir="(-0.92; 0.296; -0.256)" InputRange="(0;1)" Damping="0.99">

                                                          </Gauge>
                                                          <Gauge Mesh="trucks/arrows/pacific_p512_arrow_1" Org="(2.481; 2.334; 0.601)" OutputAngles="(-55; 4)" InputType="engineEnabled" Dir="(-0.92; 0.296; -0.256)" InputRange="(0;1)" Damping="0.99">

                                                          </Gauge>
                                                          <Gauge Mesh="trucks/arrows/pacific_p512_arrow_1" Org="(2.441; 2.26; 0.66)" OutputAngles="(-44; -18)" InputType="engineEnabled" Dir="(-0.92; 0.296; -0.256)" InputRange="(0;1)" Damping="0.99">

                                                          </Gauge>
                                                          <Gauge Mesh="trucks/arrows/pacific_p512_arrow_1" Org="(2.456; 2.255; 0.598)" OutputAngles="(-139; 31)" InputType="engineEnabled" Dir="(-0.92; 0.296; -0.256)" InputRange="(0;1)" Damping="0.99">

                                                          </Gauge>
                                                          <Gauge Mesh="trucks/arrows/pacific_p512_arrow_1" Org="(2.512; 2.394; 0.518)" OutputAngles="(-136; 48)" InputType="engineEnabled" Dir="(-0.952; 0.307; -0.003)" InputRange="(0;1)" Damping="0.99">

                                                          </Gauge>
                                                          <Gauge Mesh="trucks/arrows/pacific_p512_arrow_1" Org="(2.512; 2.394; 0.44)" OutputAngles="(-38; 26)" InputType="engineEnabled" Dir="(-0.952; 0.307; -0.003)" InputRange="(0;1)" Damping="0.99">

                                                          </Gauge>
                                                          <Gauge Mesh="trucks/arrows/pacific_p512_arrow_1" Org="(2.512; 2.394; 0.324)" OutputAngles="(-59; 7)" InputType="engineEnabled" Dir="(-0.952; 0.307; -0.003)" InputRange="(0;1)" Damping="0.99">

                                                          </Gauge>
                                                          <Gauge Mesh="trucks/arrows/pacific_p512_arrow_1" Org="(2.513; 2.394; 0.245)" OutputAngles="(-58; 56)" InputType="fuel" Dir="(-0.952; 0.307; -0.003)" InputRange="(0;1)" Damping="0.99">

                                                          </Gauge>
                                                          <Gauge Mesh="trucks/arrows/pacific_p512_arrow_1" Org="(2.503; 2.396; 0.159)" OutputAngles="(-135; -13)" InputType="engineEnabled" Dir="(-0.937; 0.291; 0.192)" InputRange="(0;1)" Damping="0.99">

                                                          </Gauge>
                                                          <Gauge Mesh="trucks/arrows/pacific_p512_arrow_1" Org="(2.49; 2.4; 0.093)" OutputAngles="(-136; 39)" InputType="engineEnabled" Dir="(-0.937; 0.291; 0.192)" InputRange="(0;1)" Damping="0.99">

                                                          </Gauge>
                                                          <Gauge Mesh="trucks/arrows/pacific_p512_arrow_1" Org="(2.478; 2.404; 0.028)" OutputAngles="(-136; 7)" InputType="engineEnabled" Dir="(-0.937; 0.291; 0.192)" InputRange="(0;1)" Damping="0.99">

                                                          </Gauge>
                                                          <Gauge Mesh="trucks/arrows/pacific_p512_arrow_1" Org="(2.467; 2.408; -0.037)" OutputAngles="(-135; 59)" InputType="engineEnabled" Dir="(-0.94; 0.292; 0.178)" InputRange="(0;1)" Damping="0.99">

                                                          </Gauge>
                                                          <Gauge Mesh="trucks/arrows/pacific_p512_arrow_1" Org="(2.444; 2.469; -0.132)" OutputAngles="(-135; -17)" InputType="engineEnabled" Dir="(-0.781; 0.249; 0.572)" InputRange="(0;1)" Damping="0.99">

                                                          </Gauge>
                                                          <Gauge Mesh="trucks/arrows/pacific_p512_arrow_1" Org="(2.407; 2.481; -0.187)" OutputAngles="(-135; 7)" InputType="engineEnabled" Dir="(-0.781; 0.249; 0.572)" InputRange="(0;1)" Damping="0.99">

                                                          </Gauge>
                                                          <Gauge Mesh="trucks/arrows/pacific_p512_arrow_2" Org="(2.481; 2.301; 0.456)" OutputAngles="(-125; 121)" InputType="rpm" Dir="(-0.953; 0.302; -0.004)" InputRange="(0;1)" Damping="0.99">

                                                          </Gauge>
                                                          <Gauge Org="(2.482; 2.301; 0.309)" OutputAngles="(-125; 121)" Mesh="trucks/arrows/pacific_p512_arrow_2" InputRange="(0;140)" Dir="(-0.953; 0.302; -0.004)" InputType="speed">

                                                          </Gauge>
              </Dashboard>
              <SteeringRack FrameSteerRight="BoneRackR" Frame="BoneRack" FrameSteerLeft="BoneRackL" RackHalfSizeZ="0.703">

              </SteeringRack>
              <OcclusionMap MaxX="5.4" HalfSizeZ="1.9" MinX="-5.2">

              </OcclusionMap>
      </TruckData>
      <ModelAttachments>
                <StopSignals>
                    <Light Pos="(-4.823; 1.126; 0)" _template="StopSignal">

                    </Light>
                        <Flare Size="0.4" _template="StopSignal" Pos="(-4.67; 1.176; -0.235)">

                        </Flare>
                        <Flare Size="0.4" _template="StopSignal" Pos="(-4.67; 1.176; 0.235)">

                        </Flare>
                </StopSignals>
                <Ignition>
                        <Light Pos="(5; 1.579; -1.029)" _template="IgnitionSignalWhite" ParentFrame="BoneCabin_cdt">

                        </Light>
                        <Light Pos="(5; 1.579; 1.029)" _template="IgnitionSignalWhite" ParentFrame="BoneCabin_cdt">

                        </Light>
                        <Light Pos="(-4.823; 1.126; 0)" _template="IgnitionSignalRed">

                        </Light>
                          <Flare ParentFrame="BoneCabin_cdt" Pos="(4.549; 1.579; -1.029)" Size=".2" _template="IgnitionSignalWhite">

                          </Flare>
                          <Flare ParentFrame="BoneCabin_cdt" Pos="(4.549; 1.579; 1.029)" Size=".2" _template="IgnitionSignalWhite">

                          </Flare>
                          <Flare ParentFrame="BoneCabin_cdt" Pos="(4.549; 1.579; -0.856)" Size=".2" _template="IgnitionSignalWhite">

                          </Flare>
                          <Flare ParentFrame="BoneCabin_cdt" Pos="(4.549; 1.579; 0.856)" Size=".2" _template="IgnitionSignalWhite">

                          </Flare>
                          <Flare Pos="(-4.67; 1.176; -0.235)" _template="IgnitionSignalRed">

                          </Flare>
                          <Flare Pos="(-4.67; 1.176; 0.235)" _template="IgnitionSignalRed">

                          </Flare>
                          <Flare Pos="(2.4; 3.248; -0.639)" _template="MarkerBeacon" ParentFrame="BoneCabin_cdt">

                          </Flare>
                          <Flare Pos="(2.4; 3.248; 0.639)" _template="MarkerBeacon" ParentFrame="BoneCabin_cdt">

                          </Flare>
                          <Flare Pos="(2.488; 3.248; -0.167)" _template="MarkerBeacon" ParentFrame="BoneCabin_cdt">

                          </Flare>
                          <Flare Pos="(2.488; 3.248; 0.167)" _template="MarkerBeacon" ParentFrame="BoneCabin_cdt">

                          </Flare>
                          <Flare Pos="(2.531; 3.245; 0)" _template="MarkerBeacon" ParentFrame="BoneCabin_cdt">

                          </Flare>
                          <Flare ParentFrame="BoneCabin_cdt" Pos="(4.518; 1.426; -0.941)" Size="0.2" _template="IgnitionSignalOrange">

                          </Flare>
                          <Flare ParentFrame="BoneCabin_cdt" Pos="(4.518; 1.426; 0.941)" Size="0.2" _template="IgnitionSignalOrange">

                          </Flare>
                          <Flare ParentFrame="BoneMirrorR_cdt" Size="0.1" Dir="(0.5; 0; -0.5)" Pos="(2.291; 2.692; -1.41)" _template="IgnitionSignalOrange">

                          </Flare>
                          <Flare ParentFrame="BoneMirrorL_cdt" Size="0.1" Dir="(0.5; 0; 0.5)" Pos="(2.412; 2.698; 1.43)" _template="IgnitionSignalOrange">

                          </Flare>
                          <Flare ParentFrame="BoneMirrorR_cdt" Size="0.1" Dir="(0.5; 0; -0.5)" Pos="(2.292; 2.618; -1.409)" _template="IgnitionSignalOrange">

                          </Flare>
                          <Flare ParentFrame="BoneMirrorL_cdt" Size="0.1" Dir="(0.5; 0; 0.5)" Pos="(2.412; 2.618; 1.43)" _template="IgnitionSignalOrange">

                          </Flare>
                          <Flare ParentFrame="BoneCabin_cdt" Pos="(4.196; 1.764; -0.946)" Size="0.5" _template="Beacon">

                          </Flare>
                          <Flare ParentFrame="BoneCabin_cdt" Pos="(4.196; 1.764; 0.946)" Size="0.5" _template="Beacon">

                          </Flare>
                </Ignition>
                <HeadLight>
                          <Model _template="HeadLightRay" Org="(4.59; 1.579; -1.029)" ParentFrame="BoneCabin_cdt">

                          </Model>
                          <Model _template="HeadLightRay" Org="(4.59; 1.579; 1.029)" ParentFrame="BoneCabin_cdt">

                          </Model>
                            <Flare Pos="(4.548; 1.579; -1.035)" ParentFrame="BoneCabin_cdt" Size=".15" DirAngle="135" Color="g(255; 235; 205) x 0.7" _template="HeadLight">

                            </Flare>
                            <Flare Pos="(4.548; 1.579; 1.035)" ParentFrame="BoneCabin_cdt" Size=".15" DirAngle="135" Color="g(255; 235; 205) x 0.7" _template="HeadLight">

                            </Flare>
                            <Flare Pos="(4.548; 1.579; -0.852)" ParentFrame="BoneCabin_cdt" Size=".15" DirAngle="135" Color="g(255; 235; 205) x 0.7" _template="HeadLight">

                            </Flare>
                            <Flare Pos="(4.548; 1.579; 0.852)" ParentFrame="BoneCabin_cdt" Size=".15" DirAngle="135" Color="g(255; 235; 205) x 0.7" _template="HeadLight">

                            </Flare>
                            <Flare Pos="(4.551; 1.581; -1.035)" _template="BlueStreak" ParentFrame="BoneCabin_cdt">

                            </Flare>
                            <Flare Pos="(4.551; 1.581; 1.035)" _template="BlueStreak" ParentFrame="BoneCabin_cdt">

                            </Flare>
                </HeadLight>
                <ReverseSignals>
                          <Light Pos="(-4.823; 1.234; 0)" _template="ReverseSignal">

                          </Light>
                              <Flare Size="0.4" _template="ReverseSignal" Pos="(-4.67; 1.234; -0.235)">

                              </Flare>
                              <Flare Size="0.4" _template="ReverseSignal" Pos="(-4.67; 1.234; 0.235)">

                              </Flare>
                              <Flare Pos="(-4.67; 1.234; -0.235)" Size="0.4" Dir="(-1; 0; 0)" Color="g(220; 220; 255) x 0.05" _template="BlueStreak">

                              </Flare>
                              <Flare Pos="(-4.67; 1.234; 0.235)" Size="0.4" Dir="(-1; 0; 0)" Color="g(220; 220; 255) x 0.05" _template="BlueStreak">

                              </Flare>
                </ReverseSignals>
      </ModelAttachments>
      <HeadLight Pos="(5.292; 0.982; 0)" _template="Default">

      </HeadLight>
      <GameData Price="108300" Country="US" UnlockByExploration="true" UnlockByRank="1">
                      <CraneSocket Pos="(4.824; 1.103; 0)" ParentFrame="BoneCabin_cdt">

                      </CraneSocket>
                      <CraneSocket Pos="(-4.813; 1.185; 0)">

                      </CraneSocket>
                      <CraneSocket Pos="(0.012; 1.185; 0.425)">

                      </CraneSocket>
                      <CraneSocket Pos="(0.012; 1.185; -0.425)">

                      </CraneSocket>
                    <UiDesc UiIcon30x30="offroadVehicleImg30" UiName="UI_VEHICLE_PACIFIC_P512_NAME" UiIcon328x458="shopImgPacificP512" UiIconLogo="PacificLogo80" UiDesc="UI_VEHICLE_PACIFIC_P512_DESC" UiIcon40x40="offroadVehicleImg">

                    </UiDesc>
                          <AddonSockets>
                              <Socket Offset="(-2.878; 1.81; 0)" Names="LargeSemitrailer, LargeSemitrailerOiltank">

                              </Socket>
                              <Socket Offset="(-2.878; 1.642; 0)" Names="Semitrailer, SemitrailerOiltank">

                              </Socket>
                              <Socket Offset="(-4.813; 1.189; 0)" Names="Trailer">
                                <AddonsShift Types="FrameAddonLogMedium, Pacific512CabinProtector" Offset="(0; 0; 0)" TrailerNamesBlock="Trailer">

                                </AddonsShift>
                              </Socket>
                          </AddonSockets>
                          <AddonSockets>
                            <Socket Offset="(0.6; 1.324; 0)" NamesBlock="FrameAddonKung, BigCraneUs, MinicraneUS, SaddleLow, SaddleHigh, FrameAddon, FrameAddonTank, FrameAddonMaintainer, FrameAddonSeismicVibrator, Pacific512SpareWheel" Names="LogLift">

                            </Socket>
                          </AddonSockets>
                          <AddonSockets>
                              <Socket Offset="(-2.4; 1.41; 0)" ParentFrame="BoneChassis_cdt" NamesBlock="MetalDetector, MinicraneUS" Names="FrameAddonKung">
                                  <ExtraParent Frame="BoneChassis_cdt" Offset="(0; 0; -0.07)">

                                  </ExtraParent>
                                  <ExtraParent Frame="BoneChassis_cdt" Offset="(0; 0; 0.07)">

                                  </ExtraParent>
                              </Socket>
                              <Socket Offset="(-6.5; 1.33; 0)" Names="BunkLog">

                              </Socket>
                              <Socket Offset="(-1.455; 1.324; 0)" NamesBlock="MinicraneUS, MetalDetector, LogLift, Pacific512SpareWheel" Names="FrameAddonLogShort">
                                <AddonsShift Offset="(-0.25; 0; 0)" Types="Pacific512CabinProtector">

                                </AddonsShift>
                              </Socket>
                              <Socket Offset="(-1.455; 1.324; 0)" NamesBlock="MinicraneUS, MetalDetector, LogLift, Pacific512SpareWheel" Names="FrameAddonLogMedium">
                                <AddonsShift Offset="(-0.25; 0; 0)" Types="Pacific512CabinProtector">

                                </AddonsShift>
                              </Socket>
                              <Socket Offset="(-3.07; 1.324; 0)" Names="BigCraneUs">
                                  <ExtraParent Frame="BoneChassis_cdt" Offset="(0; 0; 0.03)">

                                  </ExtraParent>
                                  <ExtraParent Frame="BoneChassis_cdt" Offset="(0; 0; -0.03)">

                                  </ExtraParent>
                              </Socket>
                              <Socket Offset="(-2.875; 1.324; 0)" Names="SaddleLow">
                                  <ExtraParent Frame="BoneChassis_cdt" Offset="(0; 0; 0.03)">

                                  </ExtraParent>
                                  <ExtraParent Frame="BoneChassis_cdt" Offset="(0; 0; -0.03)">

                                  </ExtraParent>
                              </Socket>
                              <Socket Offset="(-2.875; 1.324; 0)" Names="SaddleHigh">
                                  <ExtraParent Frame="BoneChassis_cdt" Offset="(0; 0; 0.015)">

                                  </ExtraParent>
                                  <ExtraParent Frame="BoneChassis_cdt" Offset="(0; 0; -0.015)">

                                  </ExtraParent>
                              </Socket>
                              <Socket Offset="(-0.82; 1.324; 0)" NamesBlock="Pacific512CabinProtector, LogLift, MetalDetector, MinicraneUS, Pacific512SpareWheel, Trailer" Names="FrameAddonTowPlatform">

                              </Socket>
                              <Socket Offset="(-1.87; 1.324; 0)" NamesBlock="Pacific512SpareWheel" Names="FrameAddon">
                                <AddonsShift Offset="(-0.48; 0; 0)" Types="MinicraneUS">

                                </AddonsShift>
                              </Socket>
                              <Socket Offset="(-2.38; 1.324; 0)" NamesBlock="Pacific512SpareWheel, Pacific512CabinProtector" Names="FrameAddonTank">

                              </Socket>
                              <Socket Offset="(-2; 0.298; 0)" NamesBlock="Trailer, MinicraneUS, MetalDetector, Pacific512SpareWheel, Pacific512CabinProtector" Names="FrameAddonMaintainer">

                              </Socket>
                              <Socket Offset="(0.174; 1.324; 0)" NamesBlock="Trailer, MinicraneUS, MetalDetector" Names="FrameAddonSeismicVibrator">

                              </Socket>
                          </AddonSockets>
                          <AddonSockets>
                              <Socket Offset="(0.657; 1.327; 0)" ParentFrame="BoneCabin_cdt" NamesBlock="BigCraneUs, LogLift, FrameAddonTank, Pacific512SpareWheel, Pacific512CabinProtector" Names="MinicraneUS">

                              </Socket>
                              <Socket Offset="(-0.52; 0.272; 0)" NamesBlock="BigCraneUs, LogLift, FrameAddonTank, FrameAddon" Names="MetalDetector">

                              </Socket>
                          </AddonSockets>
                          <AddonSockets DefaultAddon="pacific512_bumper_default">
                            <Socket ParentFrame="BoneCabin_cdt" Offset="(0; 0; 0)" Names="Pacific512Bumper">

                            </Socket>
                          </AddonSockets>
                          <AddonSockets DefaultAddon="pacific512_visor_default">
                            <Socket ParentFrame="BoneCabin_cdt" Offset="(0; 0; 0)" Names="Pacific512Visor">

                            </Socket>
                          </AddonSockets>
                          <AddonSockets DefaultAddon="pacific512_horn_default">
                            <Socket ParentFrame="BoneCabin_cdt" Offset="(0; 0; 0)" Names="Pacific512Horns">

                            </Socket>
                          </AddonSockets>
                          <AddonSockets DefaultAddon="pacific512_snorkel_default">
                            <Socket ParentFrame="BoneCabin_cdt" Offset="(0; 0; 0)" Names="Pacific512Snorkel">

                            </Socket>
                          </AddonSockets>
                          <AddonSockets DefaultAddon="pacific512_exhaust_default">
                            <Socket ParentFrame="BoneCabin_cdt" Offset="(0; 0; 0)" Names="Pacific512Exhaust">

                            </Socket>
                          </AddonSockets>
                          <AddonSockets DefaultAddon="pacific512_air_conditioner_default">
                            <Socket ParentFrame="BoneCabin_cdt" Offset="(0; 0; 0)" Names="Pacific512AirConditioner">

                            </Socket>
                          </AddonSockets>
                          <AddonSockets>
                            <Socket ParentFrame="BoneCabin_cdt" Offset="(0; 0; 0)" Names="Pacific512SpotLight">

                            </Socket>
                          </AddonSockets>
                          <AddonSockets>
                            <Socket ParentFrame="BoneCabin_cdt" Offset="(0; 0; 0)" Names="Pacific512Beacon">

                            </Socket>
                          </AddonSockets>
                          <AddonSockets>
                              <Socket ParentFrame="BoneCabin_cdt" Offset="(0; 0; 0)" Names="Pacific512CabinProtector">
                                <ExtraParent Frame="BoneChassis_cdt" Offset="(0; 0; 0)">

                                </ExtraParent>
                              </Socket>
                              <Socket ParentFrame="BoneCabin_cdt" Offset="(0; 0; 0)" Names="Pacific512SpareWheel">
                                <ExtraParent Frame="BoneChassis_cdt" Offset="(0; 0; 0)">

                                </ExtraParent>
                              </Socket>
                          </AddonSockets>
                          <AddonSockets>
                            <Socket ParentFrame="BoneCabin_cdt" Names="pacificP512Sticker_1x1_01" InCockpit="true">

                            </Socket>
                          </AddonSockets>
                          <AddonSockets>
                            <Socket ParentFrame="BoneCabin_cdt" Names="pacificP512Sticker_1x1_02" InCockpit="true">

                            </Socket>
                          </AddonSockets>
                          <AddonSockets>
                            <Socket ParentFrame="BoneCabin_cdt" Names="pacificP512Sticker_1x1_03" InCockpit="true">

                            </Socket>
                          </AddonSockets>
                          <AddonSockets>
                            <Socket ParentFrame="BoneCabin_cdt" Names="pacificP512Sticker_1x2_01" InCockpit="true">

                            </Socket>
                          </AddonSockets>
                          <AddonSockets>
                            <Socket ParentFrame="BoneCabin_cdt" Names="pacificP512Sticker_1x2_02" InCockpit="true">

                            </Socket>
                          </AddonSockets>
                          <AddonSockets>
                            <Socket ParentFrame="BoneCabin_cdt" Names="pacificP512Sticker_1x4_01" InCockpit="true">

                            </Socket>
                          </AddonSockets>
                          <AddonSockets>
                            <Socket ParentFrame="BoneCabin_cdt" Names="pacificP512Sticker_GlassTop" InCockpit="true">

                            </Socket>
                          </AddonSockets>
                          <AddonSockets>
                            <Socket ParentFrame="BoneCabin_cdt" Names="pacificP512Sticker_GlassBottom" InCockpit="true">

                            </Socket>
                          </AddonSockets>
                          <AddonSockets>
                            <Socket ParentFrame="BoneCabin_cdt" Names="pacificP512Sticker_Door_R">

                            </Socket>
                          </AddonSockets>
                          <AddonSockets>
                            <Socket ParentFrame="BoneCabin_cdt" Names="pacificP512Sticker_Door_L">

                            </Socket>
                          </AddonSockets>
                          <AddonSockets>
                            <Socket ParentFrame="BoneCabin_cdt" Names="pacificP512Sticker_Roof">

                            </Socket>
                          </AddonSockets>
                          <AddonSockets>
                            <Socket ParentFrame="BoneCabin_cdt" Names="pacificP512Sticker_Capote">

                            </Socket>
                          </AddonSockets>
                          <AddonSockets>
                            <Socket Offset="(2.423; 3.097; 0.153)" ParentFrame="BoneCabin_cdt" Names="StuffAirfreshener" InCockpit="true">

                            </Socket>
                          </AddonSockets>
                          <AddonSockets>
                            <Socket Offset="(2.656; 2.455; -0.057)" ParentFrame="BoneCabin_cdt" UpDir="(-0.061; 0.998; 0)" Names="StuffDashboard" InCockpit="true">

                            </Socket>
                          </AddonSockets>
                          <AddonSockets>
                            <Socket ParentFrame="BoneCabin_cdt" Names="StuffHoodPacificP512">

                            </Socket>
                          </AddonSockets>
                          <AddonSockets DefaultAddon="pacific512_diff_lock_default">
                            <Socket ParentFrame="BoneChassis_cdt" Offset="(0; 0; 0)" Names="PacificP512DiffLock">

                            </Socket>
                          </AddonSockets>
                    <CustomizationCameras>
                                <CameraPos Interior="true" Position="(7.238; 6.111; -0.596)" Name="roof_sticker" InterestPosition="(4.262; 2.356; -0.794)" FOV="32.0">

                                </CameraPos>
                                <CameraPos MaxZoom="2" MaxYRotation="360" InterestPosition="(5.056; 1.675; 1.297)" FOV="32.0" Interior="true" Position="(4.223; 2.817; -0.416)" MaxXRotation="360" Name="sticker_1">

                                </CameraPos>
                                <CameraPos MaxZoom="2" MaxYRotation="360" Position="(-9.257; 5.579; 9.919)" MaxXRotation="360" Name="addon_1" InterestPosition="(-0.697; 2.256; 1.55)" FOV="32.0">

                                </CameraPos>
                                <CameraPos MaxZoom="2" MaxYRotation="360" Position="(-8.093; 2.337; -6.718)" MaxXRotation="360" Name="addon_2" InterestPosition="(3.194; 1.807; 0)" FOV="32.0">

                                </CameraPos>
                                <CameraPos Interior="true" Position="(4.113; 2.917; -0.358)" Name="mirror_mount" InterestPosition="(6.067; 2.924; 1.03)" FOV="32.0">

                                </CameraPos>
                                <CameraPos MaxZoom="2" MaxYRotation="360" Position="(-1.309; 3.85; 3.87)" MaxXRotation="360" Name="side_r" InterestPosition="(4.553; 2.114; 0.508)" FOV="32.0">

                                </CameraPos>
                                <CameraPos MaxZoom="2" MaxYRotation="360" InterestPosition="(7.565; 2.313; -1.111)" FOV="32.0" Interior="true" Position="(8.762; 2.755; -0.905)" MaxXRotation="360" Name="hood_ornament">

                                </CameraPos>
                                <CameraPos Interior="true" Position="(4.609; 3.157; 0.403)" Name="sticker" InterestPosition="(6.135; 1.698; 0.398)" FOV="32.0">

                                </CameraPos>
                                <CameraPos Interior="true" Position="(8.867; 3.529; 0.71)" Name="glass_sticker" InterestPosition="(4.39; 2.625; -0.831)" FOV="32.0">

                                </CameraPos>
                                <CameraPos MaxZoom="2" MaxYRotation="360" InterestPosition="(5.655; 1.962; 0.862)" FOV="32.0" Interior="true" Position="(3.133; 2.711; 3.727)" MaxXRotation="360" Name="door_r_sticker">

                                </CameraPos>
                                <CameraPos MaxZoom="2" MaxYRotation="360" Position="(8.783; 4.714; -1.952)" MaxXRotation="360" Name="roof" InterestPosition="(4.917; 2.867; -1.1)" FOV="32.0">

                                </CameraPos>
                                <CameraPos Interior="true" Position="(10.359; 6.227; -0.719)" Name="capote_sticker" InterestPosition="(6.556; 2.022; -0.716)" FOV="32.0">

                                </CameraPos>
                                <CameraPos MaxZoom="2" MaxYRotation="360" Position="(12.419; 1.899; -2.148)" MaxXRotation="360" Name="hoods" InterestPosition="(6.557; 1.338; -0.466)" FOV="32.0">

                                </CameraPos>
                                <CameraPos MaxZoom="2" MaxYRotation="360" Position="(10.150; 3.597; 3.415)" MaxXRotation="360" Name="side_l" InterestPosition="(5.809; 1.905; -0.207)" FOV="32.0">

                                </CameraPos>
                                <CameraPos Interior="true" Position="(4.217; 2.831; -0.39)" Name="bubble_head" InterestPosition="(6.611; 1.914; 1.454)" FOV="32.0">

                                </CameraPos>
                                <CameraPos MaxZoom="2" MaxYRotation="360" Position="(9.43; 1.241; -4.453)" MaxXRotation="360" Name="wheels" InterestPosition="(5.394; 0.655; -0.801)" FOV="32.0">

                                </CameraPos>
                                <CameraPos MaxZoom="2" MaxYRotation="360" Position="(13.641; 1.384; -4.536)" MaxXRotation="360" Name="default" InterestPosition="(5.197; 1.735; -0)" FOV="32.0">

                                </CameraPos>
                                <CameraPos MaxZoom="2" MaxYRotation="360" Position="(-5.767; 1.805; 2.899)" MaxXRotation="360" Name="rear" InterestPosition="(0.479; 0.992; -0)" FOV="32.0">

                                </CameraPos>
                                <CameraPos Interior="true" Position="(2.776; 2.655; -4.430)" Name="door_l_sticker" InterestPosition="(4.113; 1.995; -0.56)" FOV="32.0">

                                </CameraPos>
                    </CustomizationCameras>
                              <WinchSocket Pos="(4.824; 1.103; 0)" ParentFrame="BoneCabin_cdt">

                              </WinchSocket>
                              <WinchSocket Pos="(-4.813; 1.185; 0)">

                              </WinchSocket>
                              <WinchSocket Pos="(0.012; 1.185; 0.425)">

                              </WinchSocket>
                              <WinchSocket Pos="(0.012; 1.185; -0.425)">

                              </WinchSocket>
      </GameData>
      <Landmark MaxScale="2.5" MinScale="1.5" Mesh="landmarks/pacific_p512_lmk">

      </Landmark>
      <Rotator Frame="BoneFan" RotationAxis="(-1; 0; 0)" RotationSpeed="15" EngineTorqueFactor="0">

      </Rotator>
      <AutomaticIK>
                            <IKBone ModelFrame="BoneTieRod1_2" ParentFrame="BoneTieRod1_1_cdt">
                              <IKJoint AxisLocal="(1; 0; 0)" Type="Hinge2">

                              </IKJoint>
                              <IKBone AttachOffset="(0; 0; 0)" ModelFrame="BoneTieRod1_3" AttachToFrame="BoneRackL">
                                    <IKJoint AxisLocal="(1; 0; 0)" Type="Slider">

                                    </IKJoint>
                              </IKBone>
                            </IKBone>
                            <IKBone ModelFrame="BoneTieRod2_2" ParentFrame="BoneTieRod2_1_cdt">
                              <IKJoint AxisLocal="(1; 0; 0)" Type="Hinge2">

                              </IKJoint>
                              <IKBone AttachOffset="(0; 0; 0)" ModelFrame="BoneTieRod2_3" AttachToFrame="BoneTieRod1_1_cdt">
                                    <IKJoint AxisLocal="(1; 0; 0)" Type="Slider">

                                    </IKJoint>
                              </IKBone>
                            </IKBone>
      </AutomaticIK>
  </Truck>
  <_templates Include="trucks">
        <Wheel>
            <FrontWheel SteeringJointOffset="0.25" ParentFrame="BoneCabin_cdt" SteeringCastor="5" Torque="connectable" Location="front" SteeringAngle="36">

            </FrontWheel>
            <RearWheel Torque="default" Location="rear" ConnectedToHandbrake="true">

            </RearWheel>
        </Wheel>
        <Body>
              <Mudguard AngularDamping="3.0" Collisions="None" Mass="10">
                  <Constraint AxisLocal="(0; 0; 1)" MaxLimit="10" MinLimit="-35" Type="Hinge">

                  </Constraint>
              </Mudguard>
              <Mirror Mass="1" Collisions="None">
                    <Constraint AxisLocal="(0; 1; 0)" MaxLimit="25" MinLimit="-25" Type="Hinge">
                        <Motor Type="Spring" Spring="200" Damping=".1">

                        </Motor>
                    </Constraint>
              </Mirror>
              <Sunshield Mass="3" Collisions="None">
                      <Constraint AxisLocal="(0; 0; 1)" MaxLimit="5" MinLimit="-3" Type="Hinge">
                          <Motor Type="Spring" Spring="25" Damping="0.5">

                          </Motor>
                      </Constraint>
              </Sunshield>
              <ChassisCord Mass="1" Collisions="None">
                        <Constraint AxisLocal="(0; 0; 1)" MaxLimit="0.4" MinLimit="-0.4" Type="Prismatic">
                            <Motor Type="Spring" Spring="0.1" Damping="1">

                            </Motor>
                        </Constraint>
              </ChassisCord>
              <MirrorCord Mass="1" Collisions="None">
                          <Constraint AxisLocal="(0; 0; 1)" MaxLimit="35" MinLimit="-35" Type="Hinge">
                              <Motor Type="Spring" Spring="1" Damping="0.1">

                              </Motor>
                          </Constraint>
              </MirrorCord>
        </Body>
  </_templates>