  <Truck>
      <ControlledConstraints>
            <Constraint Name="TieRodSteerL1" IsLinkedSteering="true" Id="chassis_steer">

            </Constraint>
            <Constraint Name="TieRodSteerR1" IsLinkedSteering="true" Id="chassis_steer">

            </Constraint>
            <Constraint Name="TieRodSteerL2" IsLinkedSteering="true" Id="chassis_steer">

            </Constraint>
            <Constraint Name="TieRodSteerR2" IsLinkedSteering="true" Id="chassis_steer">

            </Constraint>
      </ControlledConstraints>
      <PhysicsModel Mesh="trucks/paystar_5600ts">
            <NetSync Legacy="false">

            </NetSync>
            <Body ModelFrame="BoneChassis_cdt" ImpactType="Truck" Mass="10200" NetSync="pv" CenterOfMassOffset="(0.5; 0; 0)">
                    <Body ModelFrame="BoneMudguardRL_cdt" _template="Mudguard">
                      <Constraint AxisLocal="(1; 0; 0)" MaxLimit="5" MinLimit="-5">
                          <Motor Type="Spring" Spring="3000" Damping="5">

                          </Motor>
                      </Constraint>
                      <Body ModelFrame="BoneMudguardRL2_cdt" _template="Mudguard">
                            <Constraint AxisLocal="(0; 0; 1)" MaxLimit="13" MinLimit="-45">
                                <Motor Type="Spring" Spring="10" Damping="0">

                                </Motor>
                            </Constraint>
                      </Body>
                    </Body>
                    <Body ModelFrame="BoneMudguardRR_cdt" _template="Mudguard">
                      <Constraint AxisLocal="(1; 0; 0)" MaxLimit="5" MinLimit="-5">
                          <Motor Type="Spring" Spring="3000" Damping="3">

                          </Motor>
                      </Constraint>
                      <Body ModelFrame="BoneMudguardRR2_cdt" _template="Mudguard">
                            <Constraint AxisLocal="(0; 0; 1)" MaxLimit="13" MinLimit="-45">
                                <Motor Type="Spring" Spring="15" Damping="3">

                                </Motor>
                            </Constraint>
                      </Body>
                    </Body>
                    <Body ModelFrame="BoneCabin_cdt" Mass="4000" NetSync="pv" _template="Twist" CenterOfMassOffset="(1; 0; 0)">
                        <Body Mass="5000" ModelFrame="BoneCabinSusp_cdt" CenterOfMassOffset="(0.7; 0.5; 0)">
                          <Constraint AxisLocal="(0; 1; 0)" MaxLimit="0.06" MinLimit="-0.03" Type="Prismatic">
                              <Motor Type="Spring" Spring="3500000" Damping="500000">

                              </Motor>
                          </Constraint>
                              <Body ModelFrame="BoneMirrorFL_cdt" _template="MirrorRagdoll">

                              </Body>
                              <Body ModelFrame="BoneMirrorFR_cdt" _template="MirrorRagdoll">

                              </Body>
                              <Body ModelFrame="BoneSunshieldL_cdt" _template="SunShield">

                              </Body>
                              <Body ModelFrame="BoneSunshieldR_cdt" _template="SunShield">

                              </Body>
                              <Body ModelFrame="BoneMirrorLeft_cdt" _template="SideMirror">
                                  <Body ModelFrame="BoneMirrorWire1_cdt" ImpactType="Truck" Mass="4" Collisions="None" CenterOfMassOffset="(0; 0; 0)">
                                    <Constraint AxisLocal="(0; 0; 1)" MaxLimit="86" MinLimit="-20" PivotOffset="(0; 0; 0)" Type="Hinge">
                                        <Motor Type="Spring" Spring="1.2" Damping=".1">

                                        </Motor>
                                    </Constraint>
                                  </Body>
                                  <Body ModelFrame="BoneAntenna_cdt" _template="Antenna">

                                  </Body>
                              </Body>
                              <Body ModelFrame="BoneMirrorRight_cdt" _template="SideMirror">

                              </Body>
                              <Body Mass="0.05" Collisions="None" ModelFrame="BoneKeyfob_cdt">
                                <Constraint Cone="20" PlaneMin="-20" Type="Ragdoll" TwistAxisLocal="(0; 1; 0)" PlaneMax="20" PlaneAxisLocal="(0; 0; 1)">
                                    <ConeMotor Type="Spring" Spring="5" Damping=".1">

                                    </ConeMotor>
                                    <PlaneMotor Type="Spring" Spring="5" Damping=".1">

                                    </PlaneMotor>
                                </Constraint>
                              </Body>
                              <Body ModelFrame="BoneRadioWire1_cdt" ImpactType="Truck" Mass="1" Collisions="None" CenterOfMassOffset="(0; 0; 0)">
                                <Constraint AxisLocal="(0; 0; 1)" MaxLimit="80" MinLimit="-80" PivotOffset="(0; 0; 0)" Type="Hinge">
                                    <Motor Type="Spring" Spring="1" Damping=".5">

                                    </Motor>
                                </Constraint>
                                <Body Mass="1" Collisions="None" ModelFrame="BoneRadioWire2_cdt">
                                      <Constraint LinearLimitsX="(-0.02;0.02)" LinearLimitsZ="(-0.1;0.1)" LinearLimitsY="(-0.05;0.05)" Type="Fixed">
                                          <Motor Type="Spring" Spring="500" Damping="5">

                                          </Motor>
                                      </Constraint>
                                </Body>
                              </Body>
                        </Body>
                        <Body ModelFrame="BoneMudguardFL1_cdt" _template="Mudguard">
                          <Constraint AxisLocal="(0; 0; 1)" MaxLimit="3" MinLimit="-40">
                              <Motor Type="Spring" Spring="30" Damping="0">

                              </Motor>
                          </Constraint>
                        </Body>
                        <Body ModelFrame="BoneMudguardFL2_cdt" _template="Mudguard">
                          <Constraint AxisLocal="(0; 0; 1)" MaxLimit="11" MinLimit="-12">
                              <Motor Type="Spring" Spring="30" Damping="0">

                              </Motor>
                          </Constraint>
                        </Body>
                        <Body ModelFrame="BoneMudguardFR1_cdt" _template="Mudguard">
                          <Constraint AxisLocal="(0; 0; 1)" MaxLimit="3" MinLimit="-30">
                              <Motor Type="Spring" Spring="30" Damping="0">

                              </Motor>
                          </Constraint>
                        </Body>
                        <Body ModelFrame="BoneMudguardFR2_cdt" _template="Mudguard">
                          <Constraint AxisLocal="(0; 0; 1)" MaxLimit="11" MinLimit="-15">
                              <Motor Type="Spring" Spring="30" Damping="0">

                              </Motor>
                          </Constraint>
                        </Body>
                        <Body ModelFrame="BoneTieRodL1_cdt" _template="TieRodL">
                          <Constraint Name="TieRodSteerL1">

                          </Constraint>
                        </Body>
                        <Body ModelFrame="BoneTieRodR1_cdt" _template="TieRodR">
                          <Constraint Name="TieRodSteerR1">

                          </Constraint>
                        </Body>
                        <Body ModelFrame="BoneTieRodL2_cdt" _template="TieRodL">
                          <Constraint Name="TieRodSteerL2">

                          </Constraint>
                        </Body>
                        <Body ModelFrame="BoneTieRodR2_cdt" _template="TieRodR">
                          <Constraint Name="TieRodSteerR2">

                          </Constraint>
                        </Body>
                    </Body>
            </Body>
      </PhysicsModel>
      <TruckData BackSteerSpeed="0.016" DiffLockType="Installed" EngineIconScale=".9" TruckType="HEAVY" FuelCapacity="280" EngineStartDelay="3.2" SteerSpeed="0.024" ExhaustStartTime="2.8" Responsiveness="0.15" TruckImage="InternationalPaystar5600TSmchr" EngineIconMesh="env/engine_pacific_p16">
                <Steam Origin="(3.122; 1.402; 0)">

                </Steam>
                <Steam ParentFrame="BoneCabin_cdt" Scale="0.7" Origin="(4.423; 0.666; 0)">

                </Steam>
              <Intake Size="0.8" Dir="(1; 0; 0)" Origin="(6.138; 1.589; 0)">

              </Intake>
              <GearboxSocket Default="g_truck_default" Type="gearboxes_trucks">

              </GearboxSocket>
              <Wheels DefaultRim="rim_2" DefaultWheelType="wheels_heavy_double1" DefaultTire="highway_1">
                          <Wheel Pos="(4.852; 0.548; 1.061)" _template="FirstAxle">

                          </Wheel>
                          <Wheel Pos="(4.852; 0.548; 1.061)" _template="FirstAxle" RightSide="true">

                          </Wheel>
                          <Wheel Pos="(3.232; 0.548; 1.061)" _template="SecondAxle">

                          </Wheel>
                          <Wheel Pos="(3.232; 0.548; 1.061)" _template="SecondAxle" RightSide="true">

                          </Wheel>
                          <Wheel Pos="(-1.861; 0.548; 0.9)" _template="RearAxle">

                          </Wheel>
                          <Wheel Pos="(-1.861; 0.548; 0.9)" _template="RearAxle" RightSide="true">

                          </Wheel>
                          <Wheel Pos="(-3.282; 0.548; 0.9)" _template="RearAxle">

                          </Wheel>
                          <Wheel Pos="(-3.282; 0.548; 0.9)" _template="RearAxle" RightSide="true">

                          </Wheel>
                          <Wheel Pos="(-4.678; 0.548; 0.9)" _template="RearAxle">

                          </Wheel>
                          <Wheel Pos="(-4.678; 0.548; 0.9)" _template="RearAxle" RightSide="true">

                          </Wheel>
              </Wheels>
              <WinchUpgradeSocket Default="w_heavy_trucks_default" Type="winches_heavy_trucks" IsUpgradable="true">

              </WinchUpgradeSocket>
              <SteeringWheel Frame="BoneSteering">

              </SteeringWheel>
              <Damage>
                                <DamageArea Max="(6.157; 2.276; 0.988)" ParentFrame="BoneCabin_cdt" Min="(4.593; 1.136; -0.988)" Type="Engine">

                                </DamageArea>
                                <DamageArea Max="(2.5; 1.1; 1.3)" ParentFrame="BoneCabin_cdt" Min="(0.5; 0.4; -1.3)" Type="FuelTank">

                                </DamageArea>
              </Damage>
              <LimitedFluid RadiusY="0.307" Center="(1.851; 0.777; -0.81)" RadiusZ="0.307" LengthX="1.149" Type="Cylinder">

              </LimitedFluid>
              <EngineSocket Default="us_special_engine_0" Type="e_us_special">

              </EngineSocket>
              <SoundsDamage _template="Heavy">

              </SoundsDamage>
              <Camera RadiusMultiplier="1.4" Center="(-2; 0; 0)" ParentFrame="BoneCabin_cdt">
                                      <Cockpit WindshieldShadingTexture="trucks/paystar_5600ts_glass__sh_d.tga" WindshieldDiffuseTexture="trucks/paystar_5600ts_glass__d_a.tga" ViewPos="(3.605; 2.605; 0.498)" _template="Default">
                                            <Mirror Pos="(3.981; 2.534; 1.282)" MeshFrame="mirror_left" FOVScale="2.1" Size="(0.16; 0.35)" ReflectionDir="(-0.899; -0.037; -0.436)" ClipDir="(-0.899; -0.037; -0.436)" ClipOffset="0.2">
                                              <SecondaryView MeshFrame="mirror_left_1" Size="(0.17; 0.17)" Pos="(3.979; 2.188; 1.238)" FOVScale="1.2" ClipDir="(-0.899; -0.037; -0.436)">

                                              </SecondaryView>
                                            </Mirror>
                                            <Mirror Pos="(6.017; 2.198; -0.823)" MeshFrame="mirror_right_2" FOVScale="1.4" Size="(0.14; 0.14)" ReflectionDir="(-0.987; 0.002; 0.158)" ClipDir="(-0.987; 0.002; 0.158)" ClipOffset="0.1">

                                            </Mirror>
                                            <Mirror Pos="(3.978; 2.534; -1.278)" MeshFrame="mirror_right" FOVScale="2.1" Size="(0.16; 0.35)" ReflectionDir="(-0.803; -0.038; 0.595)" ClipDir="(-0.803; -0.038; 0.595)" ClipOffset="0.2">
                                              <SecondaryView MeshFrame="mirror_right_1" Size="(0.17; 0.17)" Pos="(3.994; 2.186; -1.249)" FOVScale="1.2" ClipDir="(-0.803; -0.038; 0.595)">

                                              </SecondaryView>
                                            </Mirror>
                                            <Mirror Pos="(6.017; 2.198; 0.823)" MeshFrame="mirror_left_2" FOVScale="1.4" Size="(0.14; 0.14)" ReflectionDir="(-0.999; 0.029; 0.013)" ClipDir="(-0.999; 0.029; 0.013)" ClipOffset="0.1">

                                            </Mirror>
                                      </Cockpit>
              </Camera>
              <Shafts>
                                          <Shaft SocketPointA="ShaftRearWheel1RearWheel2" SocketPointB="ShaftRearWheel2RearWheel1">

                                          </Shaft>
                                          <Shaft SocketPointA="ShaftRearWheel2RearWheel3" SocketPointB="ShaftRearWheel3RearWheel2">

                                          </Shaft>
              </Shafts>
              <FuelTank DamageCapacity="100">

              </FuelTank>
              <SoundsWheels _template="Default">

              </SoundsWheels>
              <SuspensionSocket Default="paystar_5600ts_suspension_default" MaxWheelRadiusWithoutSuspension="0.6" Type="s_paystar_5600ts">

              </SuspensionSocket>
              <Axles>
                                                  <Axle Frame="BoneAxleFront1">

                                                  </Axle>
                                                  <Axle Frame="BoneAxleFront2">

                                                  </Axle>
                                                  <Axle Frame="BoneAxleRear1">

                                                  </Axle>
                                                  <Axle Frame="BoneAxleRear2">

                                                  </Axle>
                                                  <Axle Frame="BoneAxleRear3">

                                                  </Axle>
              </Axles>
                                                <CompatibleWheels Scale="0.545" RearOffsetZ=".16" Type="wheels_heavy_double1">

                                                </CompatibleWheels>
                                                <CompatibleWheels OffsetZ="0.03" Scale="0.545" RearOffsetZ=".16" Type="wheels_heavy_double2">

                                                </CompatibleWheels>
                                                <CompatibleWheels Scale="0.545" Type="wheels_heavy_single">

                                                </CompatibleWheels>
                                                <CompatibleWheels OffsetZ="-0.03" Scale="0.545" RearOffsetZ=".08" Type="wheels_heavy_single2">

                                                </CompatibleWheels>
                                                <CompatibleWheels Scale="0.63" RearOffsetZ=".22" Type="wheels_heavy_double1">

                                                </CompatibleWheels>
                                                <CompatibleWheels OffsetZ="0.03" Scale="0.63" RearOffsetZ=".22" Type="wheels_heavy_double2">

                                                </CompatibleWheels>
                                                <CompatibleWheels Scale="0.63" Type="wheels_heavy_single">

                                                </CompatibleWheels>
                                                <CompatibleWheels OffsetZ="-0.03" Scale="0.63" RearOffsetZ=".1" Type="wheels_heavy_single2">

                                                </CompatibleWheels>
              <Sounds _template="Default" DisableReversePitch="true" Origin="(2.5; 1.25; 0)" MinDist="15.0">
                                                    <EngineHigh Sound="trucks/paystar_5600ts/int_paystar_5600ts_high">

                                                    </EngineHigh>
                                                    <ChassisStress Sound="trucks/common/truck_stress_rnd_set/truck_stress_rnd">

                                                    </ChassisStress>
                                                    <HandbrakeOff Sound="trucks/common/truck_handbrake_switch_off">

                                                    </HandbrakeOff>
                                                    <BrakesSqueal Sound="trucks/int_paystar_5070/int_paystar_5070_brakes_squeal">

                                                    </BrakesSqueal>
                                                    <AbruptStop Sound="trucks/common/truck_swing_big_rnd_set/truck_swing_big_rnd">

                                                    </AbruptStop>
                                                    <EngineTrans Sound="trucks/common/truck_trans_forward_loop">

                                                    </EngineTrans>
                                                    <EngineHeavy_2d IsSound2D="true" Sound="">

                                                    </EngineHeavy_2d>
                                                    <Reverse Sound="trucks/paystar_5600ts/int_paystar_5600ts_back_beeper">

                                                    </Reverse>
                                                    <EngineHeavy Sound="">

                                                    </EngineHeavy>
                                                    <EngineStart Sound="trucks/paystar_5600ts/int_paystar_5600ts_start">

                                                    </EngineStart>
                                                    <EngineLow_2d IsSound2D="true" Sound="trucks/paystar_5600ts/int_paystar_5600ts_low_2d">

                                                    </EngineLow_2d>
                                                    <EngineHigh_2d IsSound2D="true" Sound="trucks/paystar_5600ts/int_paystar_5600ts_high_2d">

                                                    </EngineHigh_2d>
                                                    <EngineLow Sound="trucks/paystar_5600ts/int_paystar_5600ts_low">

                                                    </EngineLow>
                                                    <EngineIdle_2d IsSound2D="true" Sound="trucks/paystar_5600ts/int_paystar_5600ts_idle_2d">

                                                    </EngineIdle_2d>
                                                    <EngineStop Sound="trucks/paystar_5600ts/int_paystar_5600ts_stop">

                                                    </EngineStop>
                                                    <EngineIdle Sound="trucks/paystar_5600ts/int_paystar_5600ts_idle">

                                                    </EngineIdle>
                                                    <Honk Sound="trucks/paystar_5600ts/int_paystar_5600ts_honk">

                                                    </Honk>
                                                    <BrakeRelease Sound="trucks/common/truck_brake_release_alt2_rnd_set/truck_brake_release_alt2_rnd">

                                                    </BrakeRelease>
                                                    <EngineRev Sound="trucks/paystar_5600ts/int_paystar_5600ts_rev">

                                                    </EngineRev>
                                                    <EngineAccel Sound="trucks/int_paystar_5070/int_paystar_5070_acc">

                                                    </EngineAccel>
                                                    <Handbrake Sound="trucks/common/truck_handbrake_switch_alt1">

                                                    </Handbrake>
              </Sounds>
              <Driver SteeringWheelPos="(4.128; 2.235; 0.498)" Pos="(3.745; 1.907; 0.505)" ParentFrame="BoneCabinSusp_cdt" AnimationSet="Truck">

              </Driver>
              <Dashboard>
                                                          <Gauge Mesh="trucks/arrows/paystar_5600ts_arrow_02" Org="(4.401; 2.234; 0.415)" OutputAngles="(-130;130)" InputType="speed" Dir="(-0.962; 0.272; -0.001)" InputRange="(0;137)" Damping="0.9">

                                                          </Gauge>
                                                          <Gauge Mesh="trucks/arrows/paystar_5600ts_arrow_02" Org="(4.401; 2.234; 0.566)" OutputAngles="(-135;135)" InputType="rpm" Dir="(-0.962; 0.272; -0.001)" InputRange="(0;1)" Damping="0.9">

                                                          </Gauge>
                                                          <Gauge Mesh="trucks/arrows/paystar_5600ts_arrow_01" Org="(4.372; 2.131; 0.282)" OutputAngles="(-120;120)" InputType="fuel" Dir="(-0.962; 0.272; -0.001)" InputRange="(0;1)" Damping="0.9">

                                                          </Gauge>
                                                          <Gauge Mesh="trucks/arrows/paystar_5600ts_arrow_01" Org="(4.391; 2.196; 0.791)" OutputAngles="(-48;-6)" InputType="engineEnabled" Dir="(-0.962; 0.272; -0.001)" InputRange="(0;1)" Damping="0.9">

                                                          </Gauge>
                                                          <Gauge Mesh="trucks/arrows/paystar_5600ts_arrow_01" Org="(4.372; 2.131; 0.694)" OutputAngles="(-130;48)" InputType="engineEnabled" Dir="(-0.962; 0.272; -0.001)" InputRange="(0;1)" Damping="0.9">

                                                          </Gauge>
                                                          <Gauge Mesh="trucks/arrows/paystar_5600ts_arrow_01" Org="(4.409; 2.262; 0.694)" OutputAngles="(-135;10)" InputType="engineEnabled" Dir="(-0.962; 0.272; -0.001)" InputRange="(0;1)" Damping="0.9">

                                                          </Gauge>
                                                          <Gauge Mesh="trucks/arrows/paystar_5600ts_arrow_01" Org="(4.409; 2.262; 0.791)" OutputAngles="(-140;25)" InputType="engineEnabled" Dir="(-0.962; 0.272; -0.001)" InputRange="(0;1)" Damping="0.9">

                                                          </Gauge>
                                                          <Gauge Mesh="trucks/arrows/paystar_5600ts_arrow_01" Org="(4.388; 2.196; 0.694)" OutputAngles="(-130;32)" InputType="engineEnabled" Dir="(-0.962; 0.272; -0.001)" InputRange="(0;1)" Damping="0.9">

                                                          </Gauge>
                                                          <Gauge Mesh="trucks/arrows/paystar_5600ts_arrow_01" Org="(4.372; 2.131; 0.791)" OutputAngles="(-60;-)" InputType="engineEnabled" Dir="(-0.962; 0.272; -0.001)" InputRange="(0;1)" Damping="0.9">

                                                          </Gauge>
                                                          <Gauge Mesh="trucks/arrows/paystar_5600ts_arrow_01" Org="(4.409; 2.262; 0.282)" OutputAngles="(-140;60)" InputType="engineEnabled" Dir="(-0.962; 0.272; -0.001)" InputRange="(0;1)" Damping="0.9">

                                                          </Gauge>
                                                          <Gauge Mesh="trucks/arrows/paystar_5600ts_arrow_01" Org="(4.409; 2.262; 0.185)" OutputAngles="(-48;-5)" InputType="engineEnabled" Dir="(-0.962; 0.272; -0.001)" InputRange="(0;1)" Damping="0.9">

                                                          </Gauge>
                                                          <Gauge Mesh="trucks/arrows/paystar_5600ts_arrow_01" Org="(4.391; 2.196; 0.282)" OutputAngles="(-140;84)" InputType="engineEnabled" Dir="(-0.962; 0.272; -0.001)" InputRange="(0;1)" Damping="0.9">

                                                          </Gauge>
                                                          <Gauge Mesh="trucks/arrows/paystar_5600ts_arrow_01" Org="(4.391; 2.196; 0.185)" OutputAngles="(-48;3)" InputType="engineEnabled" Dir="(-0.962; 0.272; -0.001)" InputRange="(0;1)" Damping="0.9">

                                                          </Gauge>
                                                          <Gauge Mesh="trucks/arrows/paystar_5600ts_arrow_01" Org="(4.372; 2.131; 0.185)" OutputAngles="(-50;-12)" InputType="engineEnabled" Dir="(-0.962; 0.272; -0.001)" InputRange="(0;1)" Damping="0.9">

                                                          </Gauge>
                                                          <Gauge Mesh="trucks/arrows/paystar_5600ts_arrow_01" Org="(4.266; 2.196; -0.141)" OutputAngles="(-50;-17)" InputType="engineEnabled" Dir="(-0.463; 0.116; 0.215)" InputRange="(0;1)" Damping="0.9">

                                                          </Gauge>
                                                          <Gauge Mesh="trucks/arrows/paystar_5600ts_arrow_01" Org="(4.247; 2.262; -0.225)" OutputAngles="(-60;12)" InputType="engineEnabled" Dir="(-0.463; 0.116; 0.215)" InputRange="(0;1)" Damping="0.9">

                                                          </Gauge>
              </Dashboard>
                                                        <SteeringRack FrameSteerRight="BoneRackR1" Frame="BoneRack1" FrameSteerLeft="BoneRackL1" RackHalfSizeZ="0.822">

                                                        </SteeringRack>
                                                        <SteeringRack FrameSteerRight="BoneRackR2" Frame="BoneRack2" FrameSteerLeft="BoneRackL2" RackHalfSizeZ="0.822">

                                                        </SteeringRack>
              <OcclusionMap MaxX="6.3" HalfSizeZ="1.3" MinX="-6.4">

              </OcclusionMap>
      </TruckData>
      <ModelAttachments>
                <StopSignals>
                    <Light Pos="(-6.206; 0.947; 0)" _template="StopSignal">

                    </Light>
                        <Flare Size="0.5" _template="StopSignal" Pos="(-6.039; 0.987; 0.346)">

                        </Flare>
                        <Flare Size="0.5" _template="StopSignal" Pos="(-6.039; 0.987; -0.346)">

                        </Flare>
                </StopSignals>
                <Ignition>
                        <Light ParentFrame="BoneCabin_cdt" Pos="(6; 1.362; -0.979)" Color="g(255; 205; 145) x 1" _template="IgnitionSignalWhite">

                        </Light>
                        <Light ParentFrame="BoneCabin_cdt" Pos="(6; 1.362; 0.979)" Color="g(255; 205; 145) x 1" _template="IgnitionSignalWhite">

                        </Light>
                        <Light Pos="(-5.7; 0.983; 0)" Dir="(-1; 0; 0)" Color="g(255; 0; 0) x 1" _template="IgnitionSignalRed">

                        </Light>
                          <Flare Pos="(-6.039; 0.934; 0.346)" _template="IgnitionSignalRed" ParentFrame="BoneCabin_cdt">

                          </Flare>
                          <Flare Pos="(-6.039; 0.934; -0.346)" _template="IgnitionSignalRed" ParentFrame="BoneCabin_cdt">

                          </Flare>
                          <Flare ParentFrame="BoneCabin_cdt" Size="0.3" Pos="(5.601; 1.714; 1.01)" Color="g(255; 174; 0) x 0.4" _template="MarkerBeacon">

                          </Flare>
                          <Flare ParentFrame="BoneCabin_cdt" Size="0.3" Pos="(5.601; 1.714; -1.01)" Color="g(255; 174; 0) x 0.4" _template="MarkerBeacon">

                          </Flare>
                          <Flare ParentFrame="BoneCabin_cdt" Size="0.2" Pos="(4.506; 2.002; -1)" Color="g(255; 174; 0) x 0.3" _template="MarkerBeacon">

                          </Flare>
                          <Flare ParentFrame="BoneCabin_cdt" Size="0.2" Pos="(4.506; 2.002; 1)" Color="g(255; 174; 0) x 0.3" _template="MarkerBeacon">

                          </Flare>
                          <Flare ParentFrame="BoneCabinSusp_cdt" Size="0.3" Pos="(5.579; 1.362; -0.979)" Color="g(225; 210; 190) x 0.8" _template="IgnitionSignalWhite">

                          </Flare>
                          <Flare ParentFrame="BoneCabinSusp_cdt" Size="0.3" Pos="(5.579; 1.362; 0.979)" Color="g(225; 210; 190) x 0.8" _template="IgnitionSignalWhite">

                          </Flare>
                </Ignition>
                <HeadLight>
                          <Model _template="HeadLightRay" Org="(5.579; 1.362; 0.979)" ParentFrame="BoneCabinSusp_cdt">

                          </Model>
                          <Model _template="HeadLightRay" Org="(5.579; 1.362; -0.979)" ParentFrame="BoneCabinSusp_cdt">

                          </Model>
                            <Flare ParentFrame="BoneCabinSusp_cdt" Size="0.4" Pos="(5.579; 1.362; 0.979)" DirAngle="135" _template="HeadLight">

                            </Flare>
                            <Flare ParentFrame="BoneCabinSusp_cdt" Size="0.4" Pos="(5.579; 1.362; -0.979)" DirAngle="135" _template="HeadLight">

                            </Flare>
                            <Flare Pos="(5.579; 1.362; 0.979)" _template="BlueStreak" ParentFrame="BoneCabinSusp_cdt">

                            </Flare>
                            <Flare Pos="(5.579; 1.362; -0.979)" _template="BlueStreak" ParentFrame="BoneCabinSusp_cdt">

                            </Flare>
                </HeadLight>
                <ReverseSignals>
                            <Light Pos="(-6.206; 0.947; 0)" _template="ReverseSignal">

                            </Light>
                            <Light Pos="(2.734; 1.278; 1.37)" _template="ReverseSignal" ParentFrame="BoneCabin_cdt">

                            </Light>
                            <Light Pos="(2.734; 1.278; -1.37)" _template="ReverseSignal" ParentFrame="BoneCabin_cdt">

                            </Light>
                              <Flare ParentFrame="BoneCabin_cdt" Size="0.2" Pos="(-6.039; 0.989; 0.346)" Color="g(255; 255; 255) x 0.6" _template="ReverseSignal">

                              </Flare>
                              <Flare ParentFrame="BoneCabin_cdt" Size="0.2" Pos="(-6.039; 0.989; -0.346)" Color="g(255; 255; 255) x 0.6" _template="ReverseSignal">

                              </Flare>
                              <Flare Pos="(-6.039; 0.93; 0.346)" Size="0.4" Dir="(-1; 0; 0)" Color="g(220; 220; 255) x 0.05" _template="BlueStreak">

                              </Flare>
                              <Flare Pos="(-6.039; 0.93; -0.346)" Size="0.4" Dir="(-1; 0; 0)" Color="g(220; 220; 255) x 0.05" _template="BlueStreak">

                              </Flare>
                              <Flare ParentFrame="BoneCabin_cdt" Size="0.4" Pos="(2.734; 1.278; 1.37)" Color="g(255; 255; 255) x 0.6" _template="ReverseSignal">

                              </Flare>
                              <Flare ParentFrame="BoneCabin_cdt" Size="0.4" Pos="(2.734; 1.278; -1.37)" Color="g(255; 255; 255) x 0.6" _template="ReverseSignal">

                              </Flare>
                              <Flare Pos="(2.734; 1.278; -1.37)" ParentFrame="BoneCabin_cdt" Size="0.4" Dir="(-1; 0; 0)" Color="g(220; 220; 255) x 0.05" _template="BlueStreak">

                              </Flare>
                              <Flare Pos="(2.734; 1.278; 1.37)" ParentFrame="BoneCabin_cdt" Size="0.4" Dir="(-1; 0; 0)" Color="g(220; 220; 255) x 0.05" _template="BlueStreak">

                              </Flare>
                </ReverseSignals>
      </ModelAttachments>
      <HeadLight Pos="(6.917; 0.94; 0)" _template="Default" ParentFrame="BoneCabinSusp_cdt">

      </HeadLight>
      <GameData Price="102600" ExcludeAddons="frame_addon_sideboard_2" UnlockByExploration="true" UnlockByRank="1" Country="US">
                      <CraneSocket Pos="(6.229; 0.997; 0)" ParentFrame="BoneCabin_cdt">

                      </CraneSocket>
                      <CraneSocket Pos="(-5.889; 0.978; 0)">

                      </CraneSocket>
                      <CraneSocket Pos="(0.385; 1.072; 0.469)">

                      </CraneSocket>
                      <CraneSocket Pos="(0.385; 1.072; -0.469)">

                      </CraneSocket>
                    <UiDesc UiIcon30x30="heavyVehicleImg30" UiName="UI_VEHICLE_INTERNATIONAL_PAYSTAR_5600TS_NAME" UiIcon328x458="shopImgInternationalPaystar5600TS" UiIconLogo="InternationalNavistarLogo80" UiDesc="UI_VEHICLE_INTERNATIONAL_PAYSTAR_5600TS_DESC" UiIcon40x40="heavyVehicleImg">

                    </UiDesc>
                          <AddonSockets>
                            <Socket Offset="(1.9; 1.136; 0)" NamesBlock="FrameAddonLogMediumHigh, SemitrailerOiltank, BigCraneUs, MinicraneUS, FrameAddon3, FrameAddonSideboard3, FrameAddonTankLong, FrameAddonKung" Names="LogLift">

                            </Socket>
                          </AddonSockets>
                          <AddonSockets>
                              <Socket NamesBlock="FrameAddonKung, Trailer" Offset="(-1.85; 1.14; 0)" Names="FrameAddonTowPlatform">

                              </Socket>
                              <Socket Offset="(-6.097; 1.14; 0)" Names="BunkLog">

                              </Socket>
                              <Socket Offset="(-2.857; 1.136; 0)" Names="FrameAddonLogShort">

                              </Socket>
                              <Socket Offset="(-1.89; 1.136; 0)" Names="FrameAddonLogMediumHigh">

                              </Socket>
                              <Socket Offset="(-3.98; 1.135; 0)" Names="SaddleLow">
                                  <ExtraParent Frame="BoneChassis_cdt" Offset="(0; 0; -0.01)">

                                  </ExtraParent>
                                  <ExtraParent Frame="BoneChassis_cdt" Offset="(0; 0; 0.01)">

                                  </ExtraParent>
                              </Socket>
                              <Socket ParentFrame="BoneChassis_cdt" Offset="(-2.226; 1.135; 0)" Names="FrameAddon3">
                                <AddonsShift Offset="(-0.43; 0; 0)" Types="MinicraneUS">

                                </AddonsShift>
                              </Socket>
                              <Socket ParentFrame="BoneChassis_cdt" Offset="(-2.05; 1.135; 0)" Names="FrameAddonSideboard3">
                                <AddonsShift Offset="(-0.745; 0; 0)" Types="MinicraneUS">

                                </AddonsShift>
                              </Socket>
                              <Socket ParentFrame="BoneChassis_cdt" Offset="(-1.85; 1.135; 0)" Names="FrameAddonTankLong">
                                <ExtraParent Frame="BoneCabin_cdt">

                                </ExtraParent>
                              </Socket>
                              <Socket Offset="(-3.8; 1.215; 0)" Names="BigCraneUs">
                                  <ExtraParent Frame="BoneChassis_cdt" Offset="(0; -0.08; 0)">

                                  </ExtraParent>
                                  <ExtraParent Frame="BoneChassis_cdt" Offset="(0; -0.08; 0)">

                                  </ExtraParent>
                              </Socket>
                          </AddonSockets>
                          <AddonSockets>
                            <Socket Offset="(-0.15; 1.221; 0)" ParentFrame="BoneCabin_cdt" NamesBlock="FrameAddonLogMediumHigh, BunkLog, FrameAddonLogShort, FrameAddon3, FrameAddonSideboard3, FrameAddonTankLong, BigCraneUs, SemitrailerOiltank" Names="FrameAddonKung">
                                  <ExtraParent Frame="BoneChassis_cdt" Offset="(0; 0; -0.1)">

                                  </ExtraParent>
                                  <ExtraParent Frame="BoneChassis_cdt" Offset="(0; 0; 0.1)">

                                  </ExtraParent>
                            </Socket>
                          </AddonSockets>
                          <AddonSockets>
                            <Socket Offset="(1.8; 1.135; 0)" ParentFrame="BoneCabin_cdt" NamesBlock="BigCraneUs, FrameAddonTankLong, FrameAddonKung" Names="MinicraneUS">

                            </Socket>
                          </AddonSockets>
                          <AddonSockets>
                              <Socket Offset="(-3.98; 1.44; 0)" Names="Semitrailer, SemitrailerOiltank">

                              </Socket>
                              <Socket Offset="(-5.935; 0.98; 0)" Names="Trailer">

                              </Socket>
                          </AddonSockets>
                          <AddonSockets DefaultAddon="paystar_5600ts_bumper_default">
                            <Socket ParentFrame="BoneCabin_cdt" Names="paystar5600TsBumper">

                            </Socket>
                          </AddonSockets>
                          <AddonSockets DefaultAddon="paystar_5600ts_exhaust_default">
                            <Socket ParentFrame="BoneCabin_cdt" Names="paystar5600TsExhaust">

                            </Socket>
                          </AddonSockets>
                          <AddonSockets DefaultAddon="paystar_5600ts_gabarite_1">
                            <Socket ParentFrame="BoneCabinSusp_cdt" Names="paystar5600TsGabarite1">

                            </Socket>
                          </AddonSockets>
                          <AddonSockets DefaultAddon="paystar_5600ts_gabarite_2">
                            <Socket ParentFrame="BoneCabinSusp_cdt" Names="paystar5600TsGabarite2">

                            </Socket>
                          </AddonSockets>
                          <AddonSockets>
                            <Socket ParentFrame="BoneCabinSusp_cdt" Names="paystar5600TsSnorkel">

                            </Socket>
                          </AddonSockets>
                          <AddonSockets>
                            <Socket ParentFrame="BoneCabinSusp_cdt" Names="paystar5600TsSpotlight">

                            </Socket>
                          </AddonSockets>
                          <AddonSockets>
                              <Socket ParentFrame="BoneCabinSusp_cdt" NamesBlock="paystar5600TsConditioner" Names="paystar5600TsBeacon1">

                              </Socket>
                              <Socket ParentFrame="BoneCabinSusp_cdt" Names="paystar5600TsBeacon2">

                              </Socket>
                          </AddonSockets>
                          <AddonSockets>
                              <Socket ParentFrame="BoneCabinSusp_cdt" Names="paystar5600TsVisor1">

                              </Socket>
                              <Socket ParentFrame="BoneCabinSusp_cdt" NamesBlock="paystar5600TsGabarite1, paystar5600TsGabarite2" Names="paystar5600TsVisor2">

                              </Socket>
                          </AddonSockets>
                          <AddonSockets>
                            <Socket ParentFrame="BoneCabinSusp_cdt" Names="paystar5600TsHorn">

                            </Socket>
                          </AddonSockets>
                          <AddonSockets>
                            <Socket ParentFrame="BoneCabinSusp_cdt" Names="paystar5600TsConditioner">

                            </Socket>
                          </AddonSockets>
                          <AddonSockets>
                            <Socket Offset="(4.549; 2.333; 0.217)" ParentFrame="BoneCabinSusp_cdt" Names="StuffDashboard" InCockpit="true">

                            </Socket>
                          </AddonSockets>
                          <AddonSockets>
                            <Socket ParentFrame="BoneCabinSusp_cdt" Names="paystar5600TsSticker_1x1_01" InCockpit="true">

                            </Socket>
                          </AddonSockets>
                          <AddonSockets>
                            <Socket ParentFrame="BoneCabinSusp_cdt" Names="paystar5600TsSticker_1x1_02" InCockpit="true">

                            </Socket>
                          </AddonSockets>
                          <AddonSockets>
                            <Socket ParentFrame="BoneCabinSusp_cdt" Names="paystar5600TsSticker_1x1_03" InCockpit="true">

                            </Socket>
                          </AddonSockets>
                          <AddonSockets>
                            <Socket ParentFrame="BoneCabinSusp_cdt" Names="paystar5600TsSticker_1x1_04" InCockpit="true">

                            </Socket>
                          </AddonSockets>
                          <AddonSockets>
                            <Socket ParentFrame="BoneCabinSusp_cdt" Names="paystar5600TsSticker_1x2_01" InCockpit="true">

                            </Socket>
                          </AddonSockets>
                          <AddonSockets>
                            <Socket ParentFrame="BoneCabinSusp_cdt" Names="paystar5600TsSticker_1x2_02" InCockpit="true">

                            </Socket>
                          </AddonSockets>
                          <AddonSockets>
                            <Socket ParentFrame="BoneCabinSusp_cdt" Names="paystar5600TsSticker_GlassTop" InCockpit="true">

                            </Socket>
                          </AddonSockets>
                          <AddonSockets>
                            <Socket ParentFrame="BoneCabinSusp_cdt" Names="paystar5600TsSticker_GlassBottom" InCockpit="true">

                            </Socket>
                          </AddonSockets>
                          <AddonSockets>
                            <Socket ParentFrame="BoneCabinSusp_cdt" Names="paystar5600TsSticker_Door_R">

                            </Socket>
                          </AddonSockets>
                          <AddonSockets>
                            <Socket ParentFrame="BoneCabinSusp_cdt" Names="paystar5600TsSticker_Door_L">

                            </Socket>
                          </AddonSockets>
                          <AddonSockets>
                            <Socket ParentFrame="BoneCabinSusp_cdt" Names="paystar5600TsSticker_Capote">

                            </Socket>
                          </AddonSockets>
                          <AddonSockets>
                            <Socket ParentFrame="BoneCabinSusp_cdt" Names="paystar5600TsSticker_Roof">

                            </Socket>
                          </AddonSockets>
                          <AddonSockets>
                              <Socket Offset="(4.326; 2.842; 0.733)" ParentFrame="BoneCabinSusp_cdt" Names="StuffAirfreshener" InCockpit="true">

                              </Socket>
                              <Socket ParentFrame="BoneCabinSusp_cdt" Names="StuffCurtainPaystar5600ts" InCockpit="true">

                              </Socket>
                          </AddonSockets>
                          <AddonSockets>
                            <Socket ParentFrame="BoneCabinSusp_cdt" Names="StuffHoodPaystar5600Ts">

                            </Socket>
                          </AddonSockets>
                          <AddonSockets DefaultAddon="paystar_5600ts_diff_lock_default">
                            <Socket ParentFrame="BoneChassis_cdt" Offset="(0; 0; 0)" Names="Paystar5600TSDiffLock">

                            </Socket>
                          </AddonSockets>
                          <AddonSockets DefaultAddon="paystar_5600ts_transferbox_default">
                            <Socket ParentFrame="BoneChassis_cdt" Offset="(0; 0; 0)" Names="Paystar5600TsTransferBox">
                                  <ExtraParent Frame="BoneCabin_cdt">

                                  </ExtraParent>
                                  <ExtraParent Frame="BoneTieRodL1_cdt">

                                  </ExtraParent>
                                  <ExtraParent Frame="BoneTieRodR1_cdt">

                                  </ExtraParent>
                                  <ExtraParent Frame="BoneTieRodL2_cdt">

                                  </ExtraParent>
                                  <ExtraParent Frame="BoneTieRodR2_cdt">

                                  </ExtraParent>
                                  <ExtraParent Frame="BoneTieRodL1_IK1">

                                  </ExtraParent>
                                  <ExtraParent Frame="BoneTieRodL1_IK1b">

                                  </ExtraParent>
                                  <ExtraParent Frame="BoneTieRod_L2_IK1">

                                  </ExtraParent>
                                  <ExtraParent Frame="BoneTieRod_L2_IK1b">

                                  </ExtraParent>
                                  <ExtraParent Frame="BoneTieRod_L2_IK2">

                                  </ExtraParent>
                                  <ExtraParent Frame="BoneTieRod_L2_IK2b">

                                  </ExtraParent>
                                  <ExtraParent Frame="BoneIKPistonFrontLa">

                                  </ExtraParent>
                                  <ExtraParent Frame="BoneIKPistonFrontLb">

                                  </ExtraParent>
                                  <ExtraParent Frame="BoneTieRod_R2_IK1">

                                  </ExtraParent>
                                  <ExtraParent Frame="BoneTieRod_R2_IK1b">

                                  </ExtraParent>
                                  <ExtraParent Frame="BoneTieRod_R2_IK2">

                                  </ExtraParent>
                                  <ExtraParent Frame="BoneTieRod_R2_IK2b">

                                  </ExtraParent>
                                  <ExtraParent Frame="BoneIKPistonFrontRa">

                                  </ExtraParent>
                                  <ExtraParent Frame="BoneIKPistonFrontRb">

                                  </ExtraParent>
                                  <ExtraParent Frame="BoneTieRodR1_IK1">

                                  </ExtraParent>
                                  <ExtraParent Frame="BoneTieRodR1_IK1b">

                                  </ExtraParent>
                                  <ExtraParent Frame="BoneAxleFront1">

                                  </ExtraParent>
                                  <ExtraParent Frame="BoneRackL1">

                                  </ExtraParent>
                                  <ExtraParent Frame="BoneRackR1">

                                  </ExtraParent>
                                  <ExtraParent Frame="BoneRack1">

                                  </ExtraParent>
                                  <ExtraParent Frame="BoneAxleFront2">

                                  </ExtraParent>
                                  <ExtraParent Frame="BoneRackL2">

                                  </ExtraParent>
                                  <ExtraParent Frame="BoneRackR2">

                                  </ExtraParent>
                                  <ExtraParent Frame="BoneRack2">

                                  </ExtraParent>
                            </Socket>
                          </AddonSockets>
                    <CustomizationCameras>
                                <CameraPos Interior="true" Position="(7.274; 6.491; -0.228)" Name="roof_sticker" InterestPosition="(5.267; 2.724; -0.813)" FOV="32.0">

                                </CameraPos>
                                <CameraPos Interior="true" Position="(4.576; 2.395; -0.542)" Name="sticker_1" InterestPosition="(5.586; 1.912; 1.193)" FOV="32.0">

                                </CameraPos>
                                <CameraPos MaxZoom="2" MaxYRotation="360" Position="(-11.556; 4.444; 8.243)" MaxXRotation="360" Name="addon_1" InterestPosition="(-2.629; 1.692; -0)" FOV="32.0">

                                </CameraPos>
                                <CameraPos MaxZoom="2" MaxYRotation="360" Position="(-8.093; 2.337; -6.718)" MaxXRotation="360" Name="addon_2" InterestPosition="(3.194; 1.807; 0)" FOV="32.0">

                                </CameraPos>
                                <CameraPos Interior="true" Position="(4.19; 2.68; -0.513)" Name="mirror_mount" InterestPosition="(7.164; 2.597; 0.002)" FOV="32.0">

                                </CameraPos>
                                <CameraPos MaxZoom="2" MaxYRotation="360" Position="(9.535; 3.452; 4.053)" MaxXRotation="360" Name="side_r" InterestPosition="(5.613; 2.384; 0.246)" FOV="32.0">

                                </CameraPos>
                                <CameraPos Interior="true" Position="(4.598; 2.413; 0.144)" Name="sticker" InterestPosition="(6.581; 1.692; 2.100)" FOV="32.0">

                                </CameraPos>
                                <CameraPos Interior="true" Position="(9.104; 3.254; 0.614)" Name="glass_sticker" InterestPosition="(5.32; 2.634; -0.821)" FOV="32.0">

                                </CameraPos>
                                <CameraPos Interior="true" Position="(3.874; 2.163; 2.761)" Name="door_r_sticker" InterestPosition="(7.275; 1.4; -0.737)" FOV="32.0">

                                </CameraPos>
                                <CameraPos MaxZoom="2" MaxYRotation="360" Position="(10.787; 4.806; -3.717)" MaxXRotation="360" Name="roof" InterestPosition="(4.758; 2.358; -0)" FOV="32.0">

                                </CameraPos>
                                <CameraPos Interior="true" Position="(9.225; 5.807; -0.367)" Name="capote_sticker" InterestPosition="(5.501; 0.274; -0.49)" FOV="32.0">

                                </CameraPos>
                                <CameraPos MaxZoom="2" MaxYRotation="360" Position="(13.57; 1.44; -3.425)" MaxXRotation="360" Name="hoods" InterestPosition="(5.997; 1.735; 0)" FOV="32.0">

                                </CameraPos>
                                <CameraPos Interior="true" Position="(4.332; 2.736; -0.615)" Name="sticker_2" InterestPosition="(6.414; 2.642; 0.324)" FOV="32.0">

                                </CameraPos>
                                <CameraPos MaxZoom="2" MaxYRotation="360" Position="(11.866; 5.284; -4.55)" MaxXRotation="360" Name="side_l" InterestPosition="(6.27; 2.278; 0)" FOV="32.0">

                                </CameraPos>
                                <CameraPos Interior="true" Position="(4.557; 2.664; -0.329)" Name="bubble_head" InterestPosition="(10.038; 1.131; 1.086)" FOV="32.0">

                                </CameraPos>
                                <CameraPos MaxZoom="2" MaxYRotation="360" Position="(9.423; 1.45; -4.393)" MaxXRotation="360" Name="wheels" InterestPosition="(3.716; 0.535; 0.075)" FOV="32.0">

                                </CameraPos>
                                <CameraPos MaxZoom="2" MaxYRotation="360" Position="(13.641; 1.384; -4.536)" MaxXRotation="360" Name="default" InterestPosition="(5.197; 1.735; -0)" FOV="32.0">

                                </CameraPos>
                                <CameraPos MaxZoom="2" MaxYRotation="360" Position="(-5.767; 1.805; 2.899)" MaxXRotation="360" Name="rear" InterestPosition="(0.479; 0.992; -0)" FOV="32.0">

                                </CameraPos>
                                <CameraPos Interior="true" Position="(3.906; 2.23; -2.734)" Name="door_l_sticker" InterestPosition="(5.93; 1.335; 1.608)" FOV="32.0">

                                </CameraPos>
                                <CameraPos Interior="true" Position="(8.972; 2.439; -1.708)" Name="hood_ornament" InterestPosition="(7.921; 2.123; -1.708)" FOV="32.0">

                                </CameraPos>
                                <CameraPos Interior="true" Position="(4.19; 2.68; -0.513)" Name="curtain" InterestPosition="(7.164; 2.597; 0.002)" FOV="32.0">

                                </CameraPos>
                    </CustomizationCameras>
                              <WinchSocket Pos="(6.229; 0.997; 0)" ParentFrame="BoneCabin_cdt">

                              </WinchSocket>
                              <WinchSocket Pos="(-5.889; 0.978; 0)">

                              </WinchSocket>
                              <WinchSocket Pos="(0.385; 1.072; 0.469)">

                              </WinchSocket>
                              <WinchSocket Pos="(0.385; 1.072; -0.469)">

                              </WinchSocket>
      </GameData>
      <Landmark MaxScale="2.5" MinScale="1.5" Mesh="landmarks/paystar_5600ts_lmk">

      </Landmark>
      <AutomaticIK>
                          <IKBone ModelFrame="BoneTieRodL1_IK1" ParentFrame="BoneTieRodL1_cdt">
                            <IKJoint AxisLocal="(1; 0; 0)" Type="Hinge2">

                            </IKJoint>
                            <IKBone AttachOffset="(0; 0; 0)" ModelFrame="BoneTieRodL1_IK1b" AttachToFrame="BoneRackL1">
                                  <IKJoint AxisLocal="(1; 0; 0)" Type="Slider">

                                  </IKJoint>
                            </IKBone>
                          </IKBone>
                          <IKBone ModelFrame="BoneTieRod_L2_IK1" ParentFrame="BoneTieRodL2_cdt">
                            <IKJoint AxisLocal="(1; 0; 0)" Type="Hinge2">

                            </IKJoint>
                            <IKBone AttachOffset="(0; 0; 0)" ModelFrame="BoneTieRod_L2_IK1b" AttachToFrame="BoneRackL1">
                                  <IKJoint AxisLocal="(1; 0; 0)" Type="Slider">

                                  </IKJoint>
                            </IKBone>
                          </IKBone>
                          <IKBone ModelFrame="BoneTieRod_L2_IK2" ParentFrame="BoneTieRodL2_cdt">
                            <IKJoint AxisLocal="(1; 0; 0)" Type="Hinge2">

                            </IKJoint>
                            <IKBone AttachOffset="(0; 0; 0)" ModelFrame="BoneTieRod_L2_IK2b" AttachToFrame="BoneRackL2">
                                  <IKJoint AxisLocal="(1; 0; 0)" Type="Slider">

                                  </IKJoint>
                            </IKBone>
                          </IKBone>
                          <IKBone ModelFrame="BoneIKPistonFrontLa" ParentFrame="BoneCabin_cdt">
                            <IKJoint AxisLocal="(1; 0; 0)" Type="Hinge2">

                            </IKJoint>
                            <IKBone AttachOffset="(0; 0; 0)" ModelFrame="BoneIKPistonFrontLb" AttachToFrame="BoneAxleFront2">
                                  <IKJoint AxisLocal="(1; 0; 0)" Type="Slider">

                                  </IKJoint>
                            </IKBone>
                          </IKBone>
                          <IKBone ModelFrame="BoneTieRod_R2_IK1" ParentFrame="BoneTieRodR2_cdt">
                            <IKJoint AxisLocal="(1; 0; 0)" Type="Hinge2">

                            </IKJoint>
                            <IKBone AttachOffset="(0; 0; 0)" ModelFrame="BoneTieRod_R2_IK1b" AttachToFrame="BoneRackR1">
                                  <IKJoint AxisLocal="(1; 0; 0)" Type="Slider">

                                  </IKJoint>
                            </IKBone>
                          </IKBone>
                          <IKBone ModelFrame="BoneTieRod_R2_IK2" ParentFrame="BoneTieRodR2_cdt">
                            <IKJoint AxisLocal="(1; 0; 0)" Type="Hinge2">

                            </IKJoint>
                            <IKBone AttachOffset="(0; 0; 0)" ModelFrame="BoneTieRod_R2_IK2b" AttachToFrame="BoneRackR2">
                                  <IKJoint AxisLocal="(1; 0; 0)" Type="Slider">

                                  </IKJoint>
                            </IKBone>
                          </IKBone>
                          <IKBone ModelFrame="BoneIKPistonFrontRa" ParentFrame="BoneCabin_cdt">
                            <IKJoint AxisLocal="(1; 0; 0)" Type="Hinge2">

                            </IKJoint>
                            <IKBone AttachOffset="(0; 0; 0)" ModelFrame="BoneIKPistonFrontRb" AttachToFrame="BoneAxleFront2">
                                  <IKJoint AxisLocal="(1; 0; 0)" Type="Slider">

                                  </IKJoint>
                            </IKBone>
                          </IKBone>
                          <IKBone ModelFrame="BoneIKSuspRear1La" ParentFrame="BoneChassis_cdt">
                            <IKJoint AxisLocal="(1; 0; 0)" Type="Hinge2">

                            </IKJoint>
                            <IKBone AttachOffset="(0; 0; 0)" ModelFrame="BoneIKSuspRear1Lb" AttachToFrame="BoneAxleRear1">
                                  <IKJoint AxisLocal="(1; 0; 0)" Type="Slider">

                                  </IKJoint>
                            </IKBone>
                          </IKBone>
                          <IKBone ModelFrame="BoneIKSuspRear2La" ParentFrame="BoneChassis_cdt">
                            <IKJoint AxisLocal="(1; 0; 0)" Type="Hinge2">

                            </IKJoint>
                            <IKBone AttachOffset="(0; 0; 0)" ModelFrame="BoneIKSuspRear2Lb" AttachToFrame="BoneAxleRear2">
                                  <IKJoint AxisLocal="(1; 0; 0)" Type="Slider">

                                  </IKJoint>
                            </IKBone>
                          </IKBone>
                          <IKBone ModelFrame="BoneIKSuspRear3La" ParentFrame="BoneChassis_cdt">
                            <IKJoint AxisLocal="(1; 0; 0)" Type="Hinge2">

                            </IKJoint>
                            <IKBone AttachOffset="(0; 0; 0)" ModelFrame="BoneIKSuspRear3Lb" AttachToFrame="BoneAxleRear3">
                                  <IKJoint AxisLocal="(1; 0; 0)" Type="Slider">

                                  </IKJoint>
                            </IKBone>
                          </IKBone>
                          <IKBone ModelFrame="BoneIKSuspRear1Ra" ParentFrame="BoneChassis_cdt">
                            <IKJoint AxisLocal="(1; 0; 0)" Type="Hinge2">

                            </IKJoint>
                            <IKBone AttachOffset="(0; 0; 0)" ModelFrame="BoneIKSuspRear1Rb" AttachToFrame="BoneAxleRear1">
                                  <IKJoint AxisLocal="(1; 0; 0)" Type="Slider">

                                  </IKJoint>
                            </IKBone>
                          </IKBone>
                          <IKBone ModelFrame="BoneIKSuspRear2Ra" ParentFrame="BoneChassis_cdt">
                            <IKJoint AxisLocal="(1; 0; 0)" Type="Hinge2">

                            </IKJoint>
                            <IKBone AttachOffset="(0; 0; 0)" ModelFrame="BoneIKSuspRear2Rb" AttachToFrame="BoneAxleRear2">
                                  <IKJoint AxisLocal="(1; 0; 0)" Type="Slider">

                                  </IKJoint>
                            </IKBone>
                          </IKBone>
                          <IKBone ModelFrame="BoneIKSuspRear3Ra" ParentFrame="BoneChassis_cdt">
                            <IKJoint AxisLocal="(1; 0; 0)" Type="Hinge2">

                            </IKJoint>
                            <IKBone AttachOffset="(0; 0; 0)" ModelFrame="BoneIKSuspRear3Rb" AttachToFrame="BoneAxleRear3">
                                  <IKJoint AxisLocal="(1; 0; 0)" Type="Slider">

                                  </IKJoint>
                            </IKBone>
                          </IKBone>
                          <IKBone ModelFrame="BoneTieRodR1_IK1" ParentFrame="BoneTieRodR1_cdt">
                            <IKJoint AxisLocal="(1; 0; 0)" Type="Hinge2">

                            </IKJoint>
                            <IKBone AttachOffset="(0; 0; 0)" ModelFrame="BoneTieRodR1_IK1b" AttachToFrame="BoneRackR1">
                                  <IKJoint AxisLocal="(1; 0; 0)" Type="Slider">

                                  </IKJoint>
                            </IKBone>
                          </IKBone>
      </AutomaticIK>
  </Truck>
  <_templates Include="trucks">
        <Body>
            <Antenna Mass="2" Collisions="None">
                <Constraint Cone="20" PlaneMin="-20" Type="Ragdoll" TwistAxisLocal="(0; 1; 0)" PlaneMax="20" PlaneAxisLocal="(0; 0; 1)">
                    <ConeMotor Type="Spring" Spring="125" Damping="4">

                    </ConeMotor>
                    <PlaneMotor Type="Spring" Spring="125" Damping="4">

                    </PlaneMotor>
                </Constraint>
            </Antenna>
            <Twist ImpactType="Truck">
                  <Constraint AxisLocal="(1; 0; 0)" MaxLimit="7" MinLimit="-7" PivotOffset="(0; 0; 0)" Type="Hinge">
                      <Motor Type="Spring" Spring="900000" Damping="10000">

                      </Motor>
                  </Constraint>
            </Twist>
            <MirrorRagdoll Mass="3" Collisions="None">
                    <Constraint Cone="20" PlaneMin="-20" Type="Ragdoll" TwistAxisLocal="(0; 1; 0)" PlaneMax="20" PlaneAxisLocal="(0; 0; 1)">
                        <ConeMotor Type="Spring" Spring="130" Damping="1">

                        </ConeMotor>
                        <PlaneMotor Type="Spring" Spring="130" Damping="1">

                        </PlaneMotor>
                    </Constraint>
            </MirrorRagdoll>
            <TieRodL Mass="1" Collisions="None">
                      <Constraint AxisLocal="(0; 0; 1)" MaxLimit="30" MinLimit="-30" Type="Hinge">
                          <Motor Type="Position" Tau="1" Force="6000" Damping="1.0">

                          </Motor>
                      </Constraint>
            </TieRodL>
            <SideMirror Mass="50" Collisions="None">
                        <Constraint AxisLocal="(0; 1; 0)" MaxLimit="1" MinLimit="-1" Type="Hinge">
                            <Motor Type="Spring" Spring="1000" Damping="10">

                            </Motor>
                        </Constraint>
            </SideMirror>
            <TieRodR Mass="1" Collisions="None">
                          <Constraint AxisLocal="(0; 0; -1)" MaxLimit="30" MinLimit="-30" Type="Hinge">
                              <Motor Type="Position" Tau="1" Force="6000" Damping="1.0">

                              </Motor>
                          </Constraint>
            </TieRodR>
            <SunShield Mass="2" Collisions="None">
                            <Constraint AxisLocal="(1; 0; 0)" MaxLimit="20" MinLimit="-20" Type="Hinge">
                                <Motor Type="Spring" Spring="20" Damping="0.5">

                                </Motor>
                            </Constraint>
            </SunShield>
        </Body>
        <Wheel>
              <RearAxle Torque="default" Location="rear" ConnectedToHandbrake="true">

              </RearAxle>
              <FirstAxle SteeringJointOffset="0.25" SuspensionMin="-0.3" ParentFrame="BoneCabin_cdt" SteeringCastor="1" Torque="connectable" Location="front" SteeringAngle="35">

              </FirstAxle>
              <SecondAxle SteeringCastor="4" _template="FirstAxle" SteeringAngle="28">

              </SecondAxle>
        </Wheel>
        <Flare>
                <IgnitionSignalOrange ColorMultAtDay="0.6" DirAngle="135" Size="0.1" Dir="(0; 1; 0)" Color="g(255; 140; 0) x 0.3" AspectRatio="1.4">

                </IgnitionSignalOrange>
                <MarkerBeacon AttenStart="1" Size="0.175" ColorMultAtDay="0.5" Color="g(255; 174; 0) x 0.12" AttenEnd="200">

                </MarkerBeacon>
                <IgnitionSignalRedSmall ColorMultAtDay="0.3" DirAngle="90" Size="0.12" Dir="(-1; 0; 0)" Color="g(169; 0; 0) x 0.8" AspectRatio="1.4">

                </IgnitionSignalRedSmall>
        </Flare>
  </_templates>