  <_templates Include="trucks">
      <Wheel>
          <RearWheel Location="rear" ConnectedToHandbrake="true" Torque="default">

          </RearWheel>
          <FrontWheel SteeringAngle="35" Location="front" Torque="full" SteeringCastor="8">

          </FrontWheel>
      </Wheel>
      <Body>
            <SideMirror Mass="5" Collisions="None">
                <Constraint Type="Hinge" MaxLimit="2" AxisLocal="(0; 1; 0)" MinLimit="-2">
                    <Motor Spring="250" Damping="7.5" Type="Spring">

                    </Motor>
                </Constraint>
            </SideMirror>
            <Antenna Mass="2" Collisions="None">
                  <Constraint Type="Ragdoll" PlaneMin="-7" PlaneMax="7" TwistAxisLocal="(0; 1; 0)" Cone="7" PlaneAxisLocal="(0; 0; 1)">
                      <ConeMotor Spring="60" Damping=".1" Type="Spring">

                      </ConeMotor>
                      <PlaneMotor Spring="60" Damping=".1" Type="Spring">

                      </PlaneMotor>
                  </Constraint>
            </Antenna>
            <SunShield Mass="2" Collisions="None">
                    <Constraint Type="Hinge" MaxLimit="3" AxisLocal="(0; 1; 0)" MinLimit="-3">
                        <Motor Spring="5" Damping="0.1" Type="Spring">

                        </Motor>
                    </Constraint>
            </SunShield>
      </Body>
  </_templates>
  <Truck>
        <HeadLight Pos="(1.49; 0.853; 0)" _template="Default">

        </HeadLight>
        <GameData Recallable="true" UnlockByExploration="false" Price="2500" UnlockByRank="1" Country="US">
              <CustomizationCameras>
                    <CameraPos Name="sticker" InterestPosition="(6.6; 0.2; 1.1)" Position="(5.4; 1.5; -0.5)" Interior="true" FOV="32.0">

                    </CameraPos>
                    <CameraPos Name="sticker_1" InterestPosition="(6.6; 0.2; 1.7)" Position="(5.25; 1.55; -0.4)" Interior="true" FOV="32.0">

                    </CameraPos>
                    <CameraPos MaxYRotation="360" MaxZoom="2" Name="addon_1" InterestPosition="(3.896; 0.774; 0)" Position="(0.912; 4.08; 2.215)" MaxXRotation="360" FOV="32.0">

                    </CameraPos>
                    <CameraPos MaxYRotation="360" MaxZoom="2" Name="addon_2" InterestPosition="(4.5; 1.5; 0)" Position="(0; 3; -4)" MaxXRotation="360" FOV="32.0">

                    </CameraPos>
                    <CameraPos Name="mirror_mount" InterestPosition="(7.1; 0.7; 1.2)" Position="(5; 1.5; -0.4)" Interior="true" FOV="32.0">

                    </CameraPos>
                    <CameraPos MaxYRotation="360" MaxZoom="2" Name="side_r" InterestPosition="(4.679; 0.759; -0)" Position="(9.22; 3; -2.085)" MaxXRotation="360" FOV="32.0">

                    </CameraPos>
                    <CameraPos MaxYRotation="360" MaxZoom="2" Name="side_l" InterestPosition="(6.5; 1; 0)" Position="(8.5; 3; 4)" MaxXRotation="360" FOV="32.0">

                    </CameraPos>
                    <CameraPos MaxYRotation="360" MaxZoom="2" Name="roof" InterestPosition="(5; 1; 0)" Position="(10; 3.473; -2.51)" MaxXRotation="360" FOV="32.0">

                    </CameraPos>
                    <CameraPos Name="glass_sticker" InterestPosition="(6.517; 1.5; -0.706)" Position="(8.821; 2.615; 0.877)" Interior="true" FOV="32.0">

                    </CameraPos>
                    <CameraPos MaxYRotation="360" MaxZoom="2" Name="hoods" InterestPosition="(5.569; 0.976; 0)" Position="(11.332; 1.526; -4.276)" MaxXRotation="360" FOV="32.0">

                    </CameraPos>
                    <CameraPos Name="bubble_head" InterestPosition="(7.1; 0.7; 1.2)" Position="(5; 1.5; -0.4)" Interior="true" FOV="32.0">

                    </CameraPos>
                    <CameraPos MaxYRotation="360" MaxZoom="2" Name="wheels" InterestPosition="(5.421; 0.413; -0)" Position="(8.421; 0.885; -3.51)" MaxXRotation="360" FOV="32.0">

                    </CameraPos>
                    <CameraPos MaxYRotation="360" MaxZoom="2" Name="default" InterestPosition="(5.569; 0.976; 0)" Position="(11.332; 1.526; -4.276)" MaxXRotation="360" FOV="32.0">

                    </CameraPos>
                    <CameraPos MaxYRotation="360" MaxZoom="2" Name="rear" InterestPosition="(5; 0.956; 0)" Position="(1; 1.683; 3.899)" MaxXRotation="360" FOV="32.0">

                    </CameraPos>
                    <CameraPos Name="capote_sticker" InterestPosition="(6.708; 0.662; -0.826)" Position="(9.299; 3.937; -0.485)" Interior="true" FOV="32.0">

                    </CameraPos>
                    <CameraPos Name="roof_sticker" InterestPosition="(4.34; 0.363; -0.479)" Position="(7.692; 4.063; -0.578)" Interior="true" FOV="32.0">

                    </CameraPos>
                    <CameraPos Name="door_r_sticker" InterestPosition="(6.582; 0.793; 1.174)" Position="(4.358; 1.478; 2.92)" Interior="true" FOV="32.0">

                    </CameraPos>
                    <CameraPos Name="door_l_sticker" InterestPosition="(5.384; 0.765; 0.362)" Position="(4.296; 1.361; -2.777)" Interior="true" FOV="32.0">

                    </CameraPos>
                    <CameraPos Name="hood_ornament" InterestPosition="(6.9; 0.95; -0.812)" Position="(8; 1.3; -0.812)" Interior="true" FOV="32.0">

                    </CameraPos>
              </CustomizationCameras>
              <UiDesc UiName="UI_VEHICLE_JEEP_CJ7_RENEGADE_NAME" UiDesc="UI_VEHICLE_JEEP_CJ7_RENEGADE_DESC" UiIconLogo="JeepLogo80" UiIcon40x40="scoutVehicleImg" UiIcon30x30="scoutVehicleImg30" UiIcon328x458="shopImgJeepRenegade">

              </UiDesc>
                    <AddonSockets DefaultAddon="jeep_cj7_renegade_bumper_default">
                      <Socket Names="CJ7FrontBumper">

                      </Socket>
                    </AddonSockets>
                    <AddonSockets DefaultAddon="jeep_cj7_renegade_rear_bumper_default">
                      <Socket Names="CJ7RearBumper" ParentFrame="BoneCabin_cdt">

                      </Socket>
                    </AddonSockets>
                    <AddonSockets DefaultAddon="jeep_cj7_renegade_threshold_default">
                      <Socket Names="CJ7Threshold" ParentFrame="BoneCabin_cdt">

                      </Socket>
                    </AddonSockets>
                    <AddonSockets DefaultAddon="jeep_cj7_renegade_diff_lock_default">
                      <Socket Offset="(0; 0; 0)" Names="JeepCJ7RenegadeDiffLock" ParentFrame="BoneChassis_cdt">

                      </Socket>
                    </AddonSockets>
                    <AddonSockets>
                      <Socket Names="JeepCJ7RenegadeSpotlight" ParentFrame="BoneCabin_cdt">

                      </Socket>
                    </AddonSockets>
                    <AddonSockets>
                      <Socket NamesBlock="JeepCJ7RenegadeHorn1" Names="JeepCJ7RenegadeFlasher" ParentFrame="BoneCabin_cdt">

                      </Socket>
                    </AddonSockets>
                    <AddonSockets>
                      <Socket Names="JeepCJ7RenegadeVisor" ParentFrame="BoneCabin_cdt">

                      </Socket>
                    </AddonSockets>
                    <AddonSockets>
                      <Socket NamesBlock="JeepCJ7RenegadeVisor" Names="CJ7RenegadeRoofrack" ParentFrame="BoneCabin_cdt">

                      </Socket>
                    </AddonSockets>
                    <AddonSockets>
                        <Socket Names="JeepCJ7RenegadeHorn1" ParentFrame="BoneCabin_cdt">

                        </Socket>
                        <Socket Names="JeepCJ7RenegadeHorn2" ParentFrame="BoneCabin_cdt">

                        </Socket>
                    </AddonSockets>
                    <AddonSockets>
                      <Socket Names="CJ7RenegadeSnorkel">

                      </Socket>
                    </AddonSockets>
                    <AddonSockets>
                      <Socket ParentFrame="BoneCabin_cdt" Offset="(0.069; 1.470; 0.014)" Names="StuffAirfreshener" InCockpit="true">

                      </Socket>
                    </AddonSockets>
                    <AddonSockets>
                      <Socket ParentFrame="BoneCabin_cdt" Offset="(0.14; 1.211; 0.157)" Names="StuffDashboard" InCockpit="true">

                      </Socket>
                    </AddonSockets>
                    <AddonSockets>
                      <Socket ParentFrame="BoneCabin_cdt" Names="StuffHoodJeepCJ7Renegade" InCockpit="true">

                      </Socket>
                    </AddonSockets>
                    <AddonSockets>
                      <Socket ParentFrame="BoneCabin_cdt" Names="JeepCJ7RenegadeSticker_1x1_01" InCockpit="true">

                      </Socket>
                    </AddonSockets>
                    <AddonSockets>
                      <Socket ParentFrame="BoneCabin_cdt" Names="JeepCJ7RenegadeSticker_1x1_02" InCockpit="true">

                      </Socket>
                    </AddonSockets>
                    <AddonSockets>
                      <Socket ParentFrame="BoneCabin_cdt" Names="JeepCJ7RenegadeSticker_1x1_03" InCockpit="true">

                      </Socket>
                    </AddonSockets>
                    <AddonSockets>
                      <Socket ParentFrame="BoneCabin_cdt" Names="JeepCJ7RenegadeSticker_1x2_01" InCockpit="true">

                      </Socket>
                    </AddonSockets>
                    <AddonSockets>
                      <Socket ParentFrame="BoneCabin_cdt" Names="JeepCJ7RenegadeSticker_1x2_02" InCockpit="true">

                      </Socket>
                    </AddonSockets>
                    <AddonSockets>
                      <Socket ParentFrame="BoneCabin_cdt" Names="JeepCJ7RenegadeSticker_1x4_01" InCockpit="true">

                      </Socket>
                    </AddonSockets>
                    <AddonSockets>
                      <Socket ParentFrame="BoneCabin_cdt" Names="JeepCJ7RenegadeSticker_Roof" InCockpit="true">

                      </Socket>
                    </AddonSockets>
                    <AddonSockets>
                      <Socket ParentFrame="BoneCabin_cdt" Names="JeepCJ7RenegadeSticker_Capote" InCockpit="true">

                      </Socket>
                    </AddonSockets>
                    <AddonSockets>
                      <Socket ParentFrame="BoneCabin_cdt" Names="JeepCJ7RenegadeSticker_Door_L" InCockpit="true">

                      </Socket>
                    </AddonSockets>
                    <AddonSockets>
                      <Socket ParentFrame="BoneCabin_cdt" Names="JeepCJ7RenegadeSticker_Door_R" InCockpit="true">

                      </Socket>
                    </AddonSockets>
                    <AddonSockets>
                      <Socket ParentFrame="BoneCabin_cdt" Names="JeepCJ7RenegadeSticker_GlassTop" InCockpit="true">

                      </Socket>
                    </AddonSockets>
                      <CraneSocket Pos="(1.786; 0.464; 0.373)">

                      </CraneSocket>
                      <CraneSocket Pos="(1.786; 0.464; -0.373)">

                      </CraneSocket>
                      <CraneSocket Pos="(-0.5; 1.65; 0)">

                      </CraneSocket>
                      <CraneSocket Pos="(-0.072; 0.499; 0.814)">

                      </CraneSocket>
                      <CraneSocket Pos="(-0.072; 0.499; -0.814)">

                      </CraneSocket>
                      <CraneSocket Pos="(-1.9; 0.568; 0)">

                      </CraneSocket>
                        <WinchSocket Pos="(1.786; 0.464; 0.373)">

                        </WinchSocket>
                        <WinchSocket Pos="(1.786; 0.464; -0.373)">

                        </WinchSocket>
                        <WinchSocket Pos="(-0.072; 0.499; 0.814)">

                        </WinchSocket>
                        <WinchSocket Pos="(-0.072; 0.499; -0.814)">

                        </WinchSocket>
                        <WinchSocket Pos="(-1.9; 0.568; 0)">

                        </WinchSocket>
        </GameData>
        <PhysicsModel Mesh="trucks/jeep_cj7_renegade">
                <Body NetSync="pv" CenterOfMassOffset="(0; 0; 0)" ModelFrame="BoneChassis_cdt" Mass="1000" ImpactType="Truck">
                      <Body NetSync="pv" CenterOfMassOffset="(0; 0; 0)" ModelFrame="BoneCabin_cdt" Mass="700" ImpactType="Truck">
                        <Constraint Type="Fixed">

                        </Constraint>
                            <Body ModelFrame="BoneMirrorLeft_cdt" _template="SideMirror">

                            </Body>
                            <Body ModelFrame="BoneMirrorRight_cdt" _template="SideMirror">

                            </Body>
                            <Body ModelFrame="BoneSunshieldLeft_cdt" _template="SunShield">

                            </Body>
                            <Body ModelFrame="BoneSunshieldRight_cdt" _template="SunShield">

                            </Body>
                            <Body ModelFrame="BoneAntenna_cdt" _template="Antenna">

                            </Body>
                      </Body>
                      <Body ModelFrame="BoneTieRod1_cdt" _template="TieRod">
                        <Constraint MaxLimit="30" AxisLocal="(0; 1; 0)" MinLimit="-30" Name="TieRodSteer">

                        </Constraint>
                      </Body>
                </Body>
                <NetSync Legacy="false">

                </NetSync>
        </PhysicsModel>
        <ControlledConstraints>
                  <Constraint IsLinkedSteering="true" Id="chassis_steer" Name="TieRodSteer">

                  </Constraint>
        </ControlledConstraints>
        <Snorkel Origin="(1.491; 0.839; 0)">

        </Snorkel>
        <AutomaticIK>
                      <IKBone ParentFrame="BoneTieRod1_cdt" ModelFrame="BoneTieRod2">
                          <IKJoint Type="Hinge2" AxisLocal="(0; 0; 1)">

                          </IKJoint>
                          <IKBone AttachToFrame="BoneRackRight" AttachOffset="(0; 0; 0)" ModelFrame="BoneTieRod3">
                                <IKJoint Type="Slider" AxisLocal="(0; 0; 1)">

                                </IKJoint>
                          </IKBone>
                      </IKBone>
        </AutomaticIK>
        <Landmark MaxScale="3.8" Mesh="landmarks/jeep_cj7_renegade_lmk" MinScale="1.8">

        </Landmark>
        <ModelAttachments>
                          <HeadLight>
                                <Flare Pos="(1.513; 0.853; -0.317)" _template="HeadLight" Color="g(255; 235; 215) x 0.37" Size="0.4">

                                </Flare>
                                <Flare Pos="(1.513; 0.853; 0.317)" _template="HeadLight" Color="g(255; 235; 215) x 0.37" Size="0.4">

                                </Flare>
                                <Flare Pos="(1.513; 0.853; -0.317)" _template="HeadLight" Color="g(255; 235; 215) x 0.37" Size="0.1">

                                </Flare>
                                <Flare Pos="(1.513; 0.853; 0.317)" _template="HeadLight" Color="g(255; 235; 215) x 0.37" Size="0.1">

                                </Flare>
                                <Flare Pos="(1.513; 0.853; -0.317)" _template="BlueStreak" Color="g(220; 220; 255) x 0.07" Size="0.7">

                                </Flare>
                                <Flare Pos="(1.513; 0.853; 0.317)" _template="BlueStreak" Color="g(220; 220; 255) x 0.07" Size="0.7">

                                </Flare>
                                  <Model Org="(1.513; 0.853; -0.317)" _template="HeadLightRay">

                                  </Model>
                                  <Model Org="(1.513; 0.853; 0.317)" _template="HeadLightRay">

                                  </Model>
                          </HeadLight>
                          <StopSignals>
                                <Light Pos="(-1.929; 0.628; 0)" _template="StopSignal">

                                </Light>
                                    <Flare Pos="(-1.877; 0.77; -0.594)" Size="0.4" _template="StopSignal">

                                    </Flare>
                                    <Flare Pos="(-1.877; 0.77; 0.594)" Size="0.4" _template="StopSignal">

                                    </Flare>
                          </StopSignals>
                          <Ignition>
                                    <Light Pos="(1.513; 0.853; -0.317)" Color="g(240; 200; 165) x 1.0" _template="IgnitionSignalWhite">

                                    </Light>
                                    <Light Pos="(1.513; 0.853; 0.317)" Color="g(240; 200; 165) x 1.0" _template="IgnitionSignalWhite">

                                    </Light>
                                    <Light Pos="(-1.877; 0.77; 0)" _template="IgnitionSignalRed">

                                    </Light>
                                      <Flare Pos="(-1.877; 0.77; -0.594)" _template="IgnitionSignalRed">

                                      </Flare>
                                      <Flare Pos="(-1.877; 0.77; 0.594)" _template="IgnitionSignalRed">

                                      </Flare>
                                      <Flare Pos="(1.513; 0.853; -0.317)" _template="IgnitionSignalWhite" Color="g(255; 235; 215) x 0.5" Size=".3">

                                      </Flare>
                                      <Flare Pos="(1.513; 0.853; 0.317)" _template="IgnitionSignalWhite" Color="g(255; 235; 215) x 0.5" Size=".3">

                                      </Flare>
                                      <Flare Pos="(1.513; 0.67; -0.281)" _template="IgnitionSignalOrange" Color="g(255; 215; 105) x 0.3" Size=".3">

                                      </Flare>
                                      <Flare Pos="(1.513; 0.67; 0.281)" _template="IgnitionSignalOrange" Color="g(255; 215; 105) x 0.3" Size=".3">

                                      </Flare>
                                      <Flare Pos="(1.451; 0.787; -0.723)" Size=".2" _template="IgnitionSignalOrange">

                                      </Flare>
                                      <Flare Pos="(1.451; 0.787; 0.723)" Size=".2" _template="IgnitionSignalOrange">

                                      </Flare>
                                      <Flare Pos="(-1.702; 0.787; -0.723)" Size=".2" _template="IgnitionSignalOrange">

                                      </Flare>
                                      <Flare Pos="(-1.702; 0.787; 0.723)" Size=".2" _template="IgnitionSignalOrange">

                                      </Flare>
                          </Ignition>
                          <ReverseSignals>
                                    <Light Pos="(-1.877; 0.628; 0)" Color="g(255; 230; 215) x 0.8" _template="ReverseSignal">

                                    </Light>
                                        <Flare Pos="(-1.877; 0.825; -0.594)" Dir="(-1; 0; 0)" _template="ReverseSignal" Size="0.5">

                                        </Flare>
                                        <Flare Pos="(-1.877; 0.825; 0.594)" Dir="(-1; 0; 0)" _template="ReverseSignal" Size="0.5">

                                        </Flare>
                          </ReverseSignals>
        </ModelAttachments>
        <TruckData SteerSpeed="0.032" EngineStartDelay="1.8" EngineIconMesh="env/engine_small" TruckType="SCOUT" Responsiveness="0.6" BackSteerSpeed="0.06" TruckImage="jeeprenegatemchr" FuelCapacity="75" DiffLockType="Uninstalled" ExhaustStartTime="1.6" EngineIconScale="1.15">
                            <Driver Pos="(-0.38; 0.737; 0.31)" AnimationSet="Scout" SteeringWheelPos="(-0.074; 1.124; 0.369)">

                            </Driver>
                            <SoundsDamage _template="Scout">

                            </SoundsDamage>
                            <Shakers>
                                      <Shaker MaxFrequency="6" Frame="BoneExhaust" MinAngle="(0.3; 0.3; 0.3)" MaxAngle="(1.2; 1.2; 1.2)">

                                      </Shaker>
                                      <Shaker MaxFrequency="0.6" Frame="BoneGearbox" MinAngle="(0.6; 0.6; 0.6)" MaxAngle="(0.8; 0.8; 0.8)">

                                      </Shaker>
                                      <Shaker MaxFrequency="0.6" Frame="BoneShaker1" MinAngle="(0.5; 0.5; 0.5)" MaxAngle="(0.7; 0.7; 0.7)">

                                      </Shaker>
                            </Shakers>
                            <OcclusionMap MinX="-2.4" Texture="trucks/occlusion/chassis_small__s_d_a.tga" HalfSizeZ="1.5" MaxX="2.5">

                            </OcclusionMap>
                            <FuelTank DamageCapacity="50">

                            </FuelTank>
                                        <CompatibleWheels Type="wheels_scout_offroad2_jeep_wrangler" Scale="0.35" OffsetZ="0.02">

                                        </CompatibleWheels>
                                        <CompatibleWheels Type="wheels_scout1" Scale="0.35" OffsetZ="0.04">

                                        </CompatibleWheels>
                                        <CompatibleWheels Type="wheels_scout2" Scale="0.35" OffsetZ="0.04">

                                        </CompatibleWheels>
                                        <CompatibleWheels Type="wheels_scout2" Scale="0.4" OffsetZ="0.05">

                                        </CompatibleWheels>
                            <EngineSocket Type="e_us_scout_old" Default="us_scout_old_engine_0">

                            </EngineSocket>
                            <SuspensionSocket Type="s_jeep_cj7_renegade" MaxWheelRadiusWithoutSuspension="0.27" Default="jeep_cj7_renegade_suspension_default">

                            </SuspensionSocket>
                            <Dashboard>
                                                  <Gauge InputRange="(0;120)" Dir="(-1; 0; 0)" InputType="speed" Org="(0.216; 0.972; 0.038)" Damping="0.99" Mesh="trucks/arrows/jeep_cj7_renegade_arrow_01" OutputAngles="(-95; 95)">

                                                  </Gauge>
                                                  <Gauge InputRange="(0;1)" Dir="(-1; 0; 0)" InputType="rpm" Org="(0.222; 1.002; 0.231)" Damping="0.99" Mesh="trucks/arrows/jeep_cj7_renegade_arrow_02" OutputAngles="(-135; 135)">

                                                  </Gauge>
                                                  <Gauge InputRange="(0;1)" Dir="(-1; 0; 0)" InputType="fuel" Org="(0.216; 0.95; 0.02)" Damping="0.99" Mesh="trucks/arrows/jeep_cj7_renegade_arrow_04" OutputAngles="(165; 125)">

                                                  </Gauge>
                                                  <Gauge InputRange="(0;1)" Dir="(-1; 0; 0)" InputType="engineEnabled" Org="(0.217; 0.955; -0.074)" Damping="0.99" Mesh="trucks/arrows/jeep_cj7_renegade_arrow_03" OutputAngles="(-32; -12)">

                                                  </Gauge>
                                                  <Gauge InputRange="(0;1)" Dir="(-1; 0; 0)" InputType="engineEnabled" Org="(0.217; 0.955; -0.145)" Damping="0.99" Mesh="trucks/arrows/jeep_cj7_renegade_arrow_03" OutputAngles="(-32; 5)">

                                                  </Gauge>
                                                  <Gauge InputRange="(0;1)" Dir="(-1; 0; 0)" InputType="engineEnabled" Org="(0.216; 0.948; 0.056)" Damping="0.99" Mesh="trucks/arrows/jeep_cj7_renegade_arrow_04" OutputAngles="(-120; -145)">

                                                  </Gauge>
                            </Dashboard>
                            <Axles>
                                                    <Axle Frame="BoneAxle1">

                                                    </Axle>
                                                    <Axle Frame="BoneAxle2">

                                                    </Axle>
                            </Axles>
                            <Camera Center="(-1.2; 0; 0)" RadiusMultiplier="0.8">
                                                    <Cockpit WindshieldDiffuseTexture="trucks/jeep_cj7_renegade_glass__d_a.tga" _template="Default" WindshieldShadingTexture="trucks/jeep_cj7_renegade_glass__sh_d.tga" ViewPos="(-0.439; 1.416; 0.389)">
                                                          <Mirror FOVScale="1" ClipDir="(-0.926; 0.012; -0.377)" MeshFrame="mirror_left" Pos="(0.181; 1.289; 0.942)" ReflectionDir="(-0.926; 0.012; -0.377)" Size="(0.22; 0.22)" ClipOffset="0.1">

                                                          </Mirror>
                                                          <Mirror FOVScale="1" ClipDir="(-0.826; 0.098; 0.555)" MeshFrame="mirror_right" Pos="(0.162; 1.261; -0.898)" ReflectionDir="(-0.826; 0.098; 0.555)" Size="(0.22; 0.22)" ClipOffset="0.1">

                                                          </Mirror>
                                                          <Mirror FOVScale="1.5" ClipDir="(-0.946; -0.094; 0.311)" MeshFrame="hp_cab_mirror" Pos="(0.028; 1.443; 0.017)" ReflectionDir="(-0.946; -0.094; 0.311)" Size="(0.20; 0.06)" ClipOffset="0.1">

                                                          </Mirror>
                                                    </Cockpit>
                            </Camera>
                            <Exhaust IsLight="true" Dir="(-0.711; 0; 0.703)" Speed="2.0" Origin="(-1.745; 0.376; 0.644)">

                            </Exhaust>
                            <Sounds _template="Default" Origin="(0.81; 0.779; -0.2)" MinDist="8.0" DisableReversePitch="false">
                                                        <Reverse Sound="">

                                                        </Reverse>
                                                        <EngineHeavy_2d IsSound2D="true" Sound="trucks/jeep_cj7/jeep_cj7_heavy_2d">

                                                        </EngineHeavy_2d>
                                                        <EngineLow Sound="trucks/jeep_cj7/jeep_cj7_low">

                                                        </EngineLow>
                                                        <BrakePull Sound="">

                                                        </BrakePull>
                                                        <EngineHigh Sound="trucks/jeep_cj7/jeep_cj7_high">

                                                        </EngineHigh>
                                                        <HandbrakeOff Sound="trucks/jeep_cj7/jeep_cj7_handbrake_off">

                                                        </HandbrakeOff>
                                                        <Gear Sound="trucks/jeep_cj7/jeep_cj7_gear_shift">

                                                        </Gear>
                                                        <ChassisStress Sound="trucks/hummer_h2/hummer_h2_chassis">

                                                        </ChassisStress>
                                                        <AbruptStop Sound="">

                                                        </AbruptStop>
                                                        <EngineRev Sound="trucks/jeep_cj7/jeep_cj7_rev">

                                                        </EngineRev>
                                                        <EngineHeavy Sound="trucks/jeep_cj7/jeep_cj7_heavy">

                                                        </EngineHeavy>
                                                        <EngineLow_2d IsSound2D="true" Sound="trucks/jeep_cj7/jeep_cj7_low_2d">

                                                        </EngineLow_2d>
                                                        <EngineHigh_2d IsSound2D="true" Sound="trucks/jeep_cj7/jeep_cj7_high_2d">

                                                        </EngineHigh_2d>
                                                        <EngineAccel Sound="trucks/jeep_cj7/jeep_cj7_acc">

                                                        </EngineAccel>
                                                        <EngineIdle_2d IsSound2D="true" Sound="trucks/jeep_cj7/jeep_cj7_idle_2d">

                                                        </EngineIdle_2d>
                                                        <EngineStart Sound="trucks/jeep_cj7/jeep_cj7_start">

                                                        </EngineStart>
                                                        <Handbrake Sound="trucks/jeep_cj7/jeep_cj7_handbrake_on">

                                                        </Handbrake>
                                                        <BrakeRelease Sound="">

                                                        </BrakeRelease>
                                                        <GearFail Sound="trucks/common/truck_gear_wrong/truck_gear_wrong_small_modern">

                                                        </GearFail>
                                                        <EngineIdle Sound="trucks/jeep_cj7/jeep_cj7_idle">

                                                        </EngineIdle>
                                                        <EngineStop Sound="trucks/jeep_cj7/jeep_cj7_stop">

                                                        </EngineStop>
                                                        <BrakesSqueal Sound="trucks/jeep_cj7/jeep_cj7_brakes_squeal">

                                                        </BrakesSqueal>
                                                        <Honk Sound="trucks/jeep_cj7/jeep_cj7_honk">

                                                        </Honk>
                            </Sounds>
                            <GearboxSocket Type="gearboxes_scouts" Default="g_scout_default">

                            </GearboxSocket>
                            <Steam Origin="(0.83; 0.91; 0)">

                            </Steam>
                            <Wheels DefaultWheelType="wheels_scout1" DefaultTire="highway_1" DefaultRim="rim_1">
                                                                <Wheel Pos="(1.187; 0.297; 0.655)" _template="FrontWheel">

                                                                </Wheel>
                                                                <Wheel RightSide="true" Pos="(1.187; 0.297; 0.655)" _template="FrontWheel">

                                                                </Wheel>
                                                                <Wheel Pos="(-1.186; 0.299; 0.655)" _template="RearWheel">

                                                                </Wheel>
                                                                <Wheel RightSide="true" Pos="(-1.186; 0.299; 0.655)" _template="RearWheel">

                                                                </Wheel>
                            </Wheels>
                            <WinchUpgradeSocket Type="winches_scouts" Default="w_scout_default" IsUpgradable="true">

                            </WinchUpgradeSocket>
                            <SteeringRack Frame="BoneRack" RackHalfSizeZ="0.589" FrameSteerLeft="BoneRackLeft" FrameSteerRight="BoneRackRight">

                            </SteeringRack>
                            <SteeringWheel Frame="BoneSteering">

                            </SteeringWheel>
                            <SoundsWheels _template="Default">

                            </SoundsWheels>
                            <Damage>
                                                                          <DamageArea Type="Engine" Max="(1.491; 0.963; 0.471)" Min="(0.75; 0.512; -0.471)">

                                                                          </DamageArea>
                                                                          <DamageArea Min="(-0.8; 0.34; -0.6)" ParentFrame="BoneChassis_cdt" Max="(0.7; 0.64; 0.6)" Type="FuelTank">

                                                                          </DamageArea>
                            </Damage>
                            <Shafts>
                                                                            <Shaft SocketPointA="Shaft1a" Mesh="env/minishaft" SocketPointB="Shaft1b">

                                                                            </Shaft>
                                                                            <Shaft SocketPointA="Shaft2a" Mesh="env/minishaft" SocketPointB="Shaft2b">

                                                                            </Shaft>
                            </Shafts>
        </TruckData>
  </Truck>