  <_templates Include="trucks">
      <Wheel>
          <RearWheel Location="rear" ConnectedToHandbrake="true" Torque="default">

          </RearWheel>
          <FrontWheel SteeringAngle="32" Location="front" Torque="full" SteeringCastor="8">

          </FrontWheel>
      </Wheel>
      <Body>
            <Sunshield Mass="3" Collisions="None">
                <Constraint Type="Hinge" MaxLimit="5" AxisLocal="(0; 0; 1)" MinLimit="-5">
                    <Motor Spring="20" Damping="0.5" Type="Spring">

                    </Motor>
                </Constraint>
            </Sunshield>
            <Antenna Mass="2" Collisions="None">
                  <Constraint Type="Ragdoll" PlaneMin="-10" PlaneMax="10" TwistAxisLocal="(0; 1; 0)" Cone="10" PlaneAxisLocal="(0; 0; 1)">
                      <ConeMotor Spring="120" Damping="0.1" Type="Spring">

                      </ConeMotor>
                      <PlaneMotor Spring="120" Damping="0.1" Type="Spring">

                      </PlaneMotor>
                  </Constraint>
            </Antenna>
            <SideMirror Mass="5" Collisions="None">
                    <Constraint Type="Hinge" MaxLimit="4" AxisLocal="(0; 1; 0)" MinLimit="-4">
                        <Motor Spring="200" Damping="3" Type="Spring">

                        </Motor>
                    </Constraint>
            </SideMirror>
            <Key Mass="1" Collisions="None">
                      <Constraint Type="Hinge" MaxLimit="30" AxisLocal="(0; 0; 1)" MinLimit="-30">
                          <Motor Spring="0.005" Damping="0.005" Type="Spring">

                          </Motor>
                      </Constraint>
            </Key>
      </Body>
      <Flare>
              <Beacon ColorMultAtDay="0.3" SizeMultAtDay="0.5" DirAngle="180" Color="g(169; 115; 0) x 0.6" Size="0.2" AspectRatio="1.4">

              </Beacon>
      </Flare>
  </_templates>
  <Truck>
        <HeadLight Pos="(2.5; 0.979; 0)" _template="Default">

        </HeadLight>
        <GameData Recallable="true" UnlockByExploration="false" Price="2900" UnlockByRank="1" Country="US">
              <CustomizationCameras>
                    <CameraPos Name="sticker" InterestPosition="(6.662; 0.61; 2.3)" Position="(4.7; 1.651; -0.5)" Interior="true" FOV="32.0">

                    </CameraPos>
                    <CameraPos Name="sticker_1" InterestPosition="(4.611; 1; 2.078)" Position="(5.3; 1.568; -0.7)" Interior="true" FOV="32.0">

                    </CameraPos>
                    <CameraPos Name="sticker_2" InterestPosition="(6.662; 0.61; 1.935)" Position="(5.221; 1.595; 0.03)" Interior="true" FOV="32.0">

                    </CameraPos>
                    <CameraPos MaxYRotation="360" MaxZoom="2" Name="addon_1" InterestPosition="(3.896; 0.774; 0)" Position="(0.912; 4.08; 2.215)" MaxXRotation="360" FOV="32.0">

                    </CameraPos>
                    <CameraPos MaxYRotation="360" MaxZoom="2" Name="addon_2" InterestPosition="(4.5; 1.5; 0)" Position="(0; 3; -4)" MaxXRotation="360" FOV="32.0">

                    </CameraPos>
                    <CameraPos Name="mirror_mount" InterestPosition="(7.736; 1.436; 2.408)" Position="(4.737; 1.631; -0.715)" Interior="true" FOV="32.0">

                    </CameraPos>
                    <CameraPos MaxYRotation="360" MaxZoom="2" Name="side_r" InterestPosition="(4.679; 0.759; -0)" Position="(9.22; 3; -2.085)" MaxXRotation="360" FOV="32.0">

                    </CameraPos>
                    <CameraPos MaxYRotation="360" MaxZoom="2" Name="side_l" InterestPosition="(6.5; 1; 0)" Position="(8.5; 3; 4)" MaxXRotation="360" FOV="32.0">

                    </CameraPos>
                    <CameraPos MaxYRotation="360" MaxZoom="2" Name="roof" InterestPosition="(5; 1; 0)" Position="(10; 3.473; -2.51)" MaxXRotation="360" FOV="32.0">

                    </CameraPos>
                    <CameraPos Name="glass_sticker" InterestPosition="(6.517; 1.5; -0.706)" Position="(8.821; 2.615; 0.877)" Interior="true" FOV="32.0">

                    </CameraPos>
                    <CameraPos MaxYRotation="360" MaxZoom="2" Name="hoods" InterestPosition="(5.569; 0.976; 0)" Position="(11.332; 1.526; -4.276)" MaxXRotation="360" FOV="32.0">

                    </CameraPos>
                    <CameraPos Name="bubble_head" InterestPosition="(6.662; 1.073; 1.935)" Position="(5; 1.648; -0.5)" Interior="true" FOV="32.0">

                    </CameraPos>
                    <CameraPos MaxYRotation="360" MaxZoom="2" Name="wheels" InterestPosition="(5.421; 0.413; -0)" Position="(8.421; 0.885; -3.51)" MaxXRotation="360" FOV="32.0">

                    </CameraPos>
                    <CameraPos MaxYRotation="360" MaxZoom="2" Name="default" InterestPosition="(5.569; 0.976; 0)" Position="(11.332; 1.526; -4.276)" MaxXRotation="360" FOV="32.0">

                    </CameraPos>
                    <CameraPos MaxYRotation="360" MaxZoom="2" Name="rear" InterestPosition="(5; 0.956; 0)" Position="(1; 1.683; 3.899)" MaxXRotation="360" FOV="32.0">

                    </CameraPos>
                    <CameraPos Name="capote_sticker" InterestPosition="(6.708; 0.662; -0.826)" Position="(9.299; 3.937; -0.485)" Interior="true" FOV="32.0">

                    </CameraPos>
                    <CameraPos Name="door_r_sticker" InterestPosition="(6.582; 0.793; 1.174)" Position="(4.358; 1.478; 2.92)" Interior="true" FOV="32.0">

                    </CameraPos>
                    <CameraPos Name="door_l_sticker" InterestPosition="(5.384; 0.765; 0.362)" Position="(4.296; 1.361; -2.777)" Interior="true" FOV="32.0">

                    </CameraPos>
                    <CameraPos Name="hood_ornament" InterestPosition="(7.387; 1.219; -0.964)" Position="(8.6; 1.567; -0.5)" Interior="true" FOV="32.0">

                    </CameraPos>
              </CustomizationCameras>
              <UiDesc UiName="UI_VEHICLE_JEEP_WRANGLER_NAME" UiDesc="UI_VEHICLE_JEEP_WRANGLER_DESC" UiIconLogo="JeepLogo80" UiIcon40x40="scoutVehicleImg" UiIcon30x30="scoutVehicleImg30" UiIcon328x458="shopImgJeepWrangler">

              </UiDesc>
                    <AddonSockets DefaultAddon="jeep_wrangler_bumper_front_default">
                      <Socket Offset="(0; 0; 0)" Names="JeepWranglerFrontBumper" ParentFrame="BoneEngine_cdt">

                      </Socket>
                    </AddonSockets>
                    <AddonSockets DefaultAddon="jeep_wrangler_bumper_rear_default" ParentFrame="BoneChassis_cdt">
                        <Socket Names="JeepWranglerRearBumper">

                        </Socket>
                        <Socket Names="JeepWranglerRearBumper1">

                        </Socket>
                        <Socket Names="JeepWranglerRearBumper2">

                        </Socket>
                    </AddonSockets>
                    <AddonSockets DefaultAddon="jeep_wrangler_treshhold_default">
                      <Socket Offset="(0; 0; 0)" Names="JeepWranglerThreshold" ParentFrame="BoneEngine_cdt">

                      </Socket>
                    </AddonSockets>
                    <AddonSockets DefaultAddon="jeep_wrangler_wheel_addon_default">
                      <Socket NamesBlock="JeepWranglerRearBumper1" Names="JeepWranglerSpareWheel" ParentFrame="BoneChassis_cdt">

                      </Socket>
                    </AddonSockets>
                    <AddonSockets>
                      <Socket Offset="(0; 0; 0)" Names="JeepWranglerTrunkRoof" ParentFrame="BoneChassis_cdt">

                      </Socket>
                    </AddonSockets>
                    <AddonSockets>
                      <Socket ParentFrame="BoneChassis_cdt" Offset="(0; 0; 0)" Names="JeepWranglerRoofrack" NamesBlock="JeepWranglerFlasher">

                      </Socket>
                    </AddonSockets>
                    <AddonSockets>
                      <Socket Offset="(0; 0; 0)" Names="JeepWranglerSpotlight" ParentFrame="BoneChassis_cdt">

                      </Socket>
                    </AddonSockets>
                    <AddonSockets>
                      <Socket Offset="(0; 0; 0)" Names="JeepWranglerFlasher" NamesBlock="JeepWranglerRoofrack">

                      </Socket>
                    </AddonSockets>
                    <AddonSockets>
                      <Socket ParentFrame="BoneChassis_cdt" Offset="(0; 0; 0)" Names="JeepWranglerBeacon" NamesBlock="JeepWranglerBeacon2">

                      </Socket>
                    </AddonSockets>
                    <AddonSockets>
                      <Socket Offset="(0; 0; 0)" Names="JeepWranglerBeacon2" ParentFrame="BoneChassis_cdt">

                      </Socket>
                    </AddonSockets>
                    <AddonSockets>
                      <Socket Offset="(0; 0; 0)" Names="JeepWranglerSnorkel" ParentFrame="BoneChassis_cdt">

                      </Socket>
                    </AddonSockets>
                    <AddonSockets>
                      <Socket Offset="(0; 0; 0)" Names="JeepWranglerVisor" ParentFrame="BoneChassis_cdt">

                      </Socket>
                    </AddonSockets>
                    <AddonSockets>
                      <Socket ParentFrame="BoneChassis_cdt" Offset="(0; 0; 0)" Names="JeepWranglerHorn1" NamesBlock="JeepWranglerSpotlight">

                      </Socket>
                    </AddonSockets>
                    <AddonSockets>
                      <Socket ParentFrame="BoneChassis_cdt" Offset="(0; 0; 0)" Names="JeepWranglerHorn2" NamesBlock="">

                      </Socket>
                    </AddonSockets>
                    <AddonSockets>
                      <Socket Offset="(-1.85; 0.56; 0)" Names="ScautTrailer">
                            <AddonsShift Offset="(-0.02; 0.01; 0)" Types="JeepWranglerRearBumper1">

                            </AddonsShift>
                            <AddonsShift Offset="(0.045; -0.04; 0)" Types="JeepWranglerRearBumper2">

                            </AddonsShift>
                      </Socket>
                    </AddonSockets>
                    <AddonSockets DefaultAddon="jeep_wrangler_diff_lock_default">
                      <Socket Offset="(0; 0; 0)" Names="JeepWranglerDiffLock" ParentFrame="BoneChassis_cdt">

                      </Socket>
                    </AddonSockets>
                    <AddonSockets>
                      <Socket ParentFrame="BoneEngine_cdt" Offset="(0.749; 1.356; -0.24)" Names="StuffDashboard" InCockpit="true">

                      </Socket>
                    </AddonSockets>
                    <AddonSockets>
                      <Socket ParentFrame="BoneEngine_cdt" Offset="(0; 0; 0)" Names="JeepWranglerSticker_1x1_01" InCockpit="true">

                      </Socket>
                    </AddonSockets>
                    <AddonSockets>
                      <Socket ParentFrame="BoneEngine_cdt" Offset="(0; 0; 0)" Names="JeepWranglerSticker_1x1_02" InCockpit="true">

                      </Socket>
                    </AddonSockets>
                    <AddonSockets>
                      <Socket ParentFrame="BoneEngine_cdt" Offset="(0; 0; 0)" Names="JeepWranglerSticker_1x1_03" InCockpit="true">

                      </Socket>
                    </AddonSockets>
                    <AddonSockets>
                      <Socket ParentFrame="BoneEngine_cdt" Offset="(0; 0; 0)" Names="JeepWranglerSticker_1x2_01" InCockpit="true">

                      </Socket>
                    </AddonSockets>
                    <AddonSockets>
                      <Socket ParentFrame="BoneEngine_cdt" Offset="(0; 0; 0)" Names="JeepWranglerSticker_1x2_02" InCockpit="true">

                      </Socket>
                    </AddonSockets>
                    <AddonSockets>
                      <Socket ParentFrame="BoneEngine_cdt" Offset="(0; 0; 0)" Names="JeepWranglerSticker_1x4_01" InCockpit="true">

                      </Socket>
                    </AddonSockets>
                    <AddonSockets>
                      <Socket ParentFrame="BoneEngine_cdt" Offset="(0.665; 1.674; 0)" Names="StuffAirfreshener" InCockpit="true">

                      </Socket>
                    </AddonSockets>
                    <AddonSockets>
                      <Socket ParentFrame="BoneEngine_cdt" Names="JeepWranglerSticker_GlassTop" InCockpit="true">

                      </Socket>
                    </AddonSockets>
                    <AddonSockets>
                      <Socket Names="JeepWranglerSticker_Door_L" ParentFrame="BoneEngine_cdt">

                      </Socket>
                    </AddonSockets>
                    <AddonSockets>
                      <Socket Names="JeepWranglerSticker_Door_R" ParentFrame="BoneEngine_cdt">

                      </Socket>
                    </AddonSockets>
                    <AddonSockets>
                      <Socket Names="JeepWranglerSticker_Capote" ParentFrame="BoneEngine_cdt">

                      </Socket>
                    </AddonSockets>
                    <AddonSockets>
                      <Socket Names="StuffHoodJeepWrangler" ParentFrame="BoneEngine_cdt">

                      </Socket>
                    </AddonSockets>
                      <CraneSocket Pos="(2.51; 0.66; -0.398)">

                      </CraneSocket>
                      <CraneSocket Pos="(2.51; 0.66; 0.398)">

                      </CraneSocket>
                      <CraneSocket Pos="(0; 1.85; 0)">

                      </CraneSocket>
                      <CraneSocket Pos="(-2.365; 0.661; -0.532)">

                      </CraneSocket>
                      <CraneSocket Pos="(-2.365; 0.661; 0.532)">

                      </CraneSocket>
                      <CraneSocket Pos="(0.189; 0.505; 1.025)">

                      </CraneSocket>
                      <CraneSocket Pos="(0.189; 0.505; -1.025)">

                      </CraneSocket>
                        <WinchSocket Pos="(2.356; 0.612; 0.389)">

                        </WinchSocket>
                        <WinchSocket Pos="(2.356; 0.612; -0.389)">

                        </WinchSocket>
                        <WinchSocket Pos="(-1.651; 0.566; 0.512)">

                        </WinchSocket>
                        <WinchSocket Pos="(-1.651; 0.566; -0.512)">

                        </WinchSocket>
                        <WinchSocket Pos="(0.422; 0.529; 0.649)">

                        </WinchSocket>
                        <WinchSocket Pos="(0.422; 0.529; -0.649)">

                        </WinchSocket>
        </GameData>
        <PhysicsModel Mesh="trucks/jeep_wrangler">
                <Body CenterOfMassOffset="(1; -0.5; 0)" NetSync="pv" Mass="1000" ImpactType="Truck">
                      <Body NetSync="pv" CenterOfMassOffset="(0; -0.5; 0)" ModelFrame="BoneEngine_cdt" Mass="1000" ImpactType="Truck">
                        <Constraint Type="Fixed">

                        </Constraint>
                            <Body ModelFrame="BoneMirrorLeft_cdt" _template="SideMirror">
                              <Constraint AxisLocal="(0; 1; 0)">

                              </Constraint>
                            </Body>
                            <Body ModelFrame="BoneMirrorRight_cdt" _template="SideMirror">
                              <Constraint AxisLocal="(0; 1; 0)">

                              </Constraint>
                            </Body>
                            <Body ModelFrame="BoneSunshieldLeft_cdt" _template="Sunshield">

                            </Body>
                            <Body ModelFrame="BoneSunshieldRight_cdt" _template="Sunshield">

                            </Body>
                            <Body ModelFrame="BoneAntenna_cdt" _template="Antenna">

                            </Body>
                            <Body Mass="0.2" ModelFrame="BoneKeyFob_cdt">
                              <Constraint Type="Hinge" MaxLimit="50" AxisLocal="(1; 0; 0)" MinLimit="-50">
                                  <Motor Spring="0.001" Damping="0.001" Type="Spring">

                                  </Motor>
                              </Constraint>
                            </Body>
                      </Body>
                      <Body ModelFrame="BoneTieRod1_cdt" _template="TieRod">
                        <Constraint MaxLimit="30" AxisLocal="(0; 1; 0)" MinLimit="-30" Name="TieRodSteer">

                        </Constraint>
                      </Body>
                </Body>
                <NetSync Legacy="false">

                </NetSync>
        </PhysicsModel>
        <ControlledConstraints>
                  <Constraint IsLinkedSteering="true" Id="chassis_steer" Name="TieRodSteer">

                  </Constraint>
        </ControlledConstraints>
        <Snorkel Origin="(1.754; 1.063; -0.38)">

        </Snorkel>
        <AutomaticIK>
                      <IKBone ParentFrame="BoneTieRod1_cdt" ModelFrame="BoneTieRod2">
                          <IKJoint Type="Hinge2" AxisLocal="(0; 0; 1)">

                          </IKJoint>
                          <IKBone AttachToFrame="BoneRack" AttachOffset="(0; 0; 0)" ModelFrame="BoneTieRod3">
                                <IKJoint Type="Slider" AxisLocal="(0; 0; 1)">

                                </IKJoint>
                          </IKBone>
                      </IKBone>
        </AutomaticIK>
        <Landmark MaxScale="3.8" Mesh="landmarks/jeep_wrangler_lmk" MinScale="1.8">

        </Landmark>
        <ModelAttachments>
                          <HeadLight>
                                <Flare Pos="(2.15; 0.979; -0.406)" _template="HeadLight" Color="g(255; 240; 225) x 0.37" Size="0.4">

                                </Flare>
                                <Flare Pos="(2.15; 0.979; 0.406)" _template="HeadLight" Color="g(255; 240; 225) x 0.37" Size="0.4">

                                </Flare>
                                <Flare Pos="(2.15; 0.979; -0.406)" _template="BlueStreak" Color="g(220; 220; 255) x 0.07" Size="0.7">

                                </Flare>
                                <Flare Pos="(2.15; 0.979; 0.406)" _template="BlueStreak" Color="g(220; 220; 255) x 0.07" Size="0.7">

                                </Flare>
                                  <Model Org="(2.15; 0.979; -0.406)" _template="HeadLightRay">

                                  </Model>
                                  <Model Org="(2.15; 0.979; 0.406)" _template="HeadLightRay">

                                  </Model>
                          </HeadLight>
                          <StopSignals>
                                <Light Pos="(-2.049; 0.916; 0)" _template="StopSignal">

                                </Light>
                                    <Flare Pos="(-1.718; 0.899; -0.575)" _template="StopSignal">

                                    </Flare>
                                    <Flare Pos="(-1.718; 0.899; 0.575)" _template="StopSignal">

                                    </Flare>
                          </StopSignals>
                          <Ignition>
                                    <Light Pos="(2.717; 0.342; 0.425)" Color="g(240; 200; 165) x 1.0" _template="IgnitionSignalWhite">

                                    </Light>
                                    <Light Pos="(2.717; 0.342; -0.425)" Color="g(240; 200; 165) x 1.0" _template="IgnitionSignalWhite">

                                    </Light>
                                    <Light Pos="(-2.049; 0.916; 0.575)" _template="IgnitionSignalRed">

                                    </Light>
                                    <Light Pos="(-2.049; 0.916; -0.575)" _template="IgnitionSignalRed">

                                    </Light>
                                      <Flare Pos="(2.15; 0.979; 0.406)" Color="g(255; 253; 246) x 0.37" _template="IgnitionSignalWhite">

                                      </Flare>
                                      <Flare Pos="(2.15; 0.979; -0.406)" Color="g(255; 253; 246) x 0.37" _template="IgnitionSignalWhite">

                                      </Flare>
                                      <Flare Pos="(-1.718; 0.899; 0.575)" Size="0.27" _template="IgnitionSignalRed">

                                      </Flare>
                                      <Flare Pos="(-1.718; 0.899; -0.575)" Size="0.27" _template="IgnitionSignalRed">

                                      </Flare>
                                      <Flare Pos="(2.141; 0.894; -0.862)" Dir="(0; 0; -1)" _template="Beacon" Size="0.3">

                                      </Flare>
                                      <Flare Pos="(2.141; 0.894; 0.862)" Dir="(0; 0; 1)" _template="Beacon" Size="0.3">

                                      </Flare>
                                      <Flare Pos="(2.238; 0.91; -0.658)" Size="0.3" _template="Beacon">

                                      </Flare>
                                      <Flare Pos="(2.238; 0.91; 0.658)" Size="0.3" _template="Beacon">

                                      </Flare>
                          </Ignition>
                          <ReverseSignals>
                                      <Light OuterCone="160" Dir="(-1; -0.2; 0)" AttenEnd="2.0" InnerCone="120" Color="(80; 80; 80)" Pos="(-1.718; 0.969; -0.575)">

                                      </Light>
                                      <Light OuterCone="160" Dir="(-1; -0.2; 0)" AttenEnd="2.0" InnerCone="120" Color="(80; 80; 80)" Pos="(-1.718; 0.969; 0.575)">

                                      </Light>
                                        <Flare ColorMultAtDay="0.6" Dir="(-1; 0; 0)" AspectRatio="1.4" Size="1.2" Pos="(-1.718; 0.969; -0.575)" DirAngle="90" Color="g(200; 200; 200) x 0.4" Reflections="true">

                                        </Flare>
                                        <Flare Pos="(-1.718; 0.969; -0.575)" Dir="(-1; 0; 0)" _template="BlueStreak" Color="g(220; 220; 255) x 0.05" Size="0.4">

                                        </Flare>
                                        <Flare ColorMultAtDay="0.6" Dir="(-1; 0; 0)" AspectRatio="1.4" Size="1.2" Pos="(-1.718; 0.969; 0.575)" DirAngle="90" Color="g(200; 200; 200) x 0.4" Reflections="true">

                                        </Flare>
                                        <Flare Pos="(-1.718; 0.969; 0.575)" Dir="(-1; 0; 0)" _template="BlueStreak" Color="g(220; 220; 255) x 0.05" Size="0.4">

                                        </Flare>
                          </ReverseSignals>
        </ModelAttachments>
        <TruckData SteerSpeed="0.032" EngineStartDelay="1.8" EngineIconMesh="env/engine_small" TruckType="SCOUT" Responsiveness="0.6" BackSteerSpeed="0.1" TruckImage="JeepWranglermchr" FuelCapacity="80" DiffLockType="Uninstalled" ExhaustStartTime="1.6" EngineIconScale="1.15">
                            <Driver Pos="(0.141; 0.89; 0.357)" AnimationSet="Scout" SteeringWheelPos="(0.446; 1.285; 0.357)">

                            </Driver>
                            <SoundsDamage _template="Scout">

                            </SoundsDamage>
                            <Shakers>
                                      <Shaker MaxFrequency="3" Frame="BoneExhaust" MaxAngle="(1.1; 1.1; 1.1)">

                                      </Shaker>
                                      <Shaker MaxFrequency="0.25" Frame="BoneGearstick" MaxAngle="(2; 2; 2)">

                                      </Shaker>
                            </Shakers>
                            <OcclusionMap MinX="-2.57" Texture="trucks/occlusion/chassis_small__s_d_a.tga" HalfSizeZ="1.5" MaxX="2.65">

                            </OcclusionMap>
                            <FuelTank DamageCapacity="50">

                            </FuelTank>
                                        <CompatibleWheels Type="wheels_scout_offroad2_jeep_wrangler" Scale="0.41">

                                        </CompatibleWheels>
                                        <CompatibleWheels Type="wheels_scout1" Scale="0.41" OffsetZ="0.05">

                                        </CompatibleWheels>
                                        <CompatibleWheels Type="wheels_scout2" Scale="0.41" OffsetZ="0.05">

                                        </CompatibleWheels>
                                        <CompatibleWheels Type="wheels_scout2" Scale="0.46" OffsetZ="0.05">

                                        </CompatibleWheels>
                            <EngineSocket Type="e_us_scout_modern" Default="us_scout_modern_engine_0">

                            </EngineSocket>
                            <SuspensionSocket Type="s_jeep_wrangler" MaxWheelRadiusWithoutSuspension="0.38" Default="jeep_wrangler_suspension_default">

                            </SuspensionSocket>
                            <Dashboard>></Dashboard>
                            <Axles>
                                                  <Axle Frame="BoneAxleRear">

                                                  </Axle>
                                                  <Axle Frame="BoneAxleFront">

                                                  </Axle>
                            </Axles>
                            <Camera Center="(-1.2; 0; 0)" RadiusMultiplier="0.8">
                                                  <Cockpit WindshieldDiffuseTexture="trucks/jeep_wrangler_glass__d_a.tga" _template="Default" WindshieldShadingTexture="trucks/jeep_wrangler_glass__sh_d.tga" ViewPos="(0.088; 1.575; 0.364)">
                                                      <Rear HorTransitionEnd="-1.2" ViewPosOffset="(0.2; -0.1; 0.55)" HorTransitionStart="-1.1">

                                                      </Rear>
                                                          <Mirror FOVScale="1.5" ClipDir="(-0.90; 0; -0.44)" MeshFrame="mirror_left" Pos="(0.586; 1.39; 0.867)" Size="(0.185; 0.180)" ReflectionDir="(-0.95; 0.05; -0.31)">

                                                          </Mirror>
                                                          <Mirror FOVScale="1.5" ClipDir="(-0.90; 0; 0.44)" MeshFrame="mirror_right" Pos="(0.586; 1.39; -0.867)" Size="(0.185; 0.180)" ReflectionDir="(-0.85; 0.05; 0.53)">

                                                          </Mirror>
                                                          <Mirror FOVScale="1.5" ClipDir="(-0.94; -0.33; 0)" MeshFrame="hp_mirror" Pos="(0.609; 1.627; 0)" ReflectionDir="(-0.96; -0.07; 0.26)" Size="(0.253; 0.064)	" ClipOffset="0.1">

                                                          </Mirror>
                                                  </Cockpit>
                            </Camera>
                            <Exhaust IsLight="true" Dir="(-0.5; -0.87; 0)" Speed="2.0" Origin="(-1.612; 0.393; -0.51)">

                            </Exhaust>
                            <Sounds _template="Default" Origin="(1.35 ; 0.870; 0)" MinDist="8.0" DisableReversePitch="false">
                                                      <Reverse Sound="trucks/jeep_wrangler/jeep_wrangler_reverse">

                                                      </Reverse>
                                                      <EngineHeavy_2d IsSound2D="true" Sound="trucks/jeep_wrangler/jeep_wrangler_heavy_2d">

                                                      </EngineHeavy_2d>
                                                      <EngineLow Sound="trucks/jeep_wrangler/jeep_wrangler_low">

                                                      </EngineLow>
                                                      <BrakePull Sound="">

                                                      </BrakePull>
                                                      <EngineHigh Sound="trucks/jeep_wrangler/jeep_wrangler_high">

                                                      </EngineHigh>
                                                      <HandbrakeOff Sound="trucks/jeep_wrangler/jeep_wrangler_handbrake_off">

                                                      </HandbrakeOff>
                                                      <Gear Sound="trucks/jeep_wrangler/jeep_wrangler_gear_shift">

                                                      </Gear>
                                                      <ChassisStress Sound="trucks/hummer_h2/hummer_h2_chassis">

                                                      </ChassisStress>
                                                      <AbruptStop Sound="">

                                                      </AbruptStop>
                                                      <EngineHeavy Sound="trucks/jeep_wrangler/jeep_wrangler_heavy">

                                                      </EngineHeavy>
                                                      <EngineRev Sound="trucks/jeep_wrangler/jeep_wrangler_rev">

                                                      </EngineRev>
                                                      <AWD Sound="trucks/jeep_wrangler/jeep_wrangler_awd">

                                                      </AWD>
                                                      <EngineLow_2d IsSound2D="true" Sound="trucks/jeep_wrangler/jeep_wrangler_low_2d">

                                                      </EngineLow_2d>
                                                      <EngineHigh_2d IsSound2D="true" Sound="trucks/jeep_wrangler/jeep_wrangler_high_2d">

                                                      </EngineHigh_2d>
                                                      <EngineIdle Sound="trucks/jeep_wrangler/jeep_wrangler_idle">

                                                      </EngineIdle>
                                                      <EngineIdle_2d IsSound2D="true" Sound="trucks/jeep_wrangler/jeep_wrangler_idle_2d">

                                                      </EngineIdle_2d>
                                                      <EngineStart Sound="trucks/jeep_wrangler/jeep_wrangler_start">

                                                      </EngineStart>
                                                      <Handbrake Sound="trucks/jeep_wrangler/jeep_wrangler_handbrake_on">

                                                      </Handbrake>
                                                      <BrakeRelease Sound="">

                                                      </BrakeRelease>
                                                      <GearFail Sound="trucks/common/truck_gear_wrong/truck_gear_wrong_small_modern">

                                                      </GearFail>
                                                      <EngineAccel Sound="trucks/jeep_wrangler/jeep_wrangler_acc">

                                                      </EngineAccel>
                                                      <EngineStop Sound="trucks/jeep_wrangler/jeep_wrangler_stop">

                                                      </EngineStop>
                                                      <BrakesSqueal Sound="trucks/jeep_wrangler/jeep_wrangler_brakes_squeal">

                                                      </BrakesSqueal>
                                                      <Honk Sound="trucks/jeep_wrangler/jeep_wrangler_honk">

                                                      </Honk>
                            </Sounds>
                            <GearboxSocket Type="gearboxes_scouts" Default="g_scout_default">

                            </GearboxSocket>
                            <Steam Origin="(1.753; 0.9; 0)">

                            </Steam>
                            <Wheels DefaultWheelType="wheels_scout_offroad2_jeep_wrangler" DefaultTire="tire1" DefaultRim="rim1">
                                                              <Wheel Pos="(1.736; 0.319; 0.72)" _template="FrontWheel">

                                                              </Wheel>
                                                              <Wheel RightSide="true" Pos="(1.736; 0.319; 0.72)" _template="FrontWheel">

                                                              </Wheel>
                                                              <Wheel Pos="(-0.89; 0.319; 0.72)" _template="RearWheel">

                                                              </Wheel>
                                                              <Wheel RightSide="true" Pos="(-0.89; 0.319; 0.72)" _template="RearWheel">

                                                              </Wheel>
                            </Wheels>
                            <WinchUpgradeSocket Type="winches_scouts" Default="w_scout_default" IsUpgradable="true">

                            </WinchUpgradeSocket>
                            <SteeringRack Frame="BoneRack" RackHalfSizeZ="0.698" FrameSteerLeft="BoneRackLeft" FrameSteerRight="BoneRackRight">

                            </SteeringRack>
                            <SteeringWheel Frame="BoneSteering">

                            </SteeringWheel>
                            <SoundsWheels _template="Default">

                            </SoundsWheels>
                            <Damage>
                                                                        <DamageArea Min="(1.15; 0.433; 0.4)" ParentFrame="BoneEngine_cdt" Max="(2.2; 1.2; -0.4)" Type="Engine">

                                                                        </DamageArea>
                                                                        <DamageArea Min="(-0.5; 0.34; -0.6)" ParentFrame="BoneChassis_cdt" Max="(1; 0.64; 0.6)" Type="FuelTank">

                                                                        </DamageArea>
                            </Damage>
                            <Shafts>
                                                                          <Shaft SocketPointA="Shaft1a" Mesh="env/minishaft" SocketPointB="Shaft1b">

                                                                          </Shaft>
                                                                          <Shaft SocketPointA="Shaft2a" Mesh="env/minishaft" SocketPointB="Shaft2b">

                                                                          </Shaft>
                            </Shafts>
        </TruckData>
  </Truck>