  <_templates Include="trucks">
      <Wheel>
          <RearAxle CamberSuspensionMultiplier="1.8" Torque="default" Location="rear" CamberAnglePhysics="0" ConnectedToHandbrake="true" CamberAngleRender="6">

          </RearAxle>
          <FirstAxle CamberSuspensionMultiplier="1.8" CamberAnglePhysics="0" Location="front" SteeringJointOffset="0.3" SteeringCastor="12" SteeringAngle="24" Torque="full" CamberAngleRender="6">

          </FirstAxle>
          <SecondAxle _template="FirstAxle" SteeringJointOffset="0.3" SteeringAngle="18" SteeringCastor="4">

          </SecondAxle>
      </Wheel>
      <Body>
            <SunShield2 Mass="1" Collisions="None">
                <Constraint Type="Hinge" MaxLimit="4" AxisLocal="(0; 0; 1)" MinLimit="-4">
                    <Motor Spring="30" Damping="0.3" Type="Spring">

                    </Motor>
                </Constraint>
            </SunShield2>
            <SideMirror Mass="5" Collisions="None">
                  <Constraint Type="Hinge" MaxLimit="1" AxisLocal="(0; 1; 0)" MinLimit="-1">
                      <Motor Spring="250" Damping="7.5" Type="Spring">

                      </Motor>
                  </Constraint>
            </SideMirror>
            <SunShield Mass="1" Collisions="None">
                    <Constraint Type="Hinge" MaxLimit="3" AxisLocal="(0; 0; 1)" MinLimit="-3">
                        <Motor Spring="60" Damping="0.6" Type="Spring">

                        </Motor>
                    </Constraint>
            </SunShield>
            <Mudguard Mass="2" Collisions="None">
                      <Constraint Type="Hinge" MaxLimit="40" AxisLocal="(0; 0; 1)" MinLimit="-40">
                          <Motor Spring="2.5" Damping="0.25" Type="Spring">

                          </Motor>
                      </Constraint>
            </Mudguard>
      </Body>
  </_templates>
  <Truck>
        <HeadLight Pos="(4.541; 1.196; 0)" _template="Default">

        </HeadLight>
        <GameData ExcludeAddons="trailer_log_pole" UnlockByExploration="true" Price="182600" UnlockByRank="1" Country="RU,CAS">
              <CustomizationCameras>
                    <CameraPos Name="roof_sticker" InterestPosition="(4.6; 1.3; -1)" Position="(8.8; 5.7; -1.7)" Interior="true" FOV="32.0">

                    </CameraPos>
                    <CameraPos MaxYRotation="360" MaxZoom="2" Name="addon_1" InterestPosition="(2.608; 1.692; -0.304)" Position="(-7.274; 4.273; 9.012)" MaxXRotation="360" FOV="32.0">

                    </CameraPos>
                    <CameraPos MaxYRotation="360" MaxZoom="2" Name="addon_2" InterestPosition="(3.917; 2.341; -1.149)" Position="(9.628; 4.331; 1.437)" MaxXRotation="360" FOV="32.0">

                    </CameraPos>
                    <CameraPos Name="mirror_mount" InterestPosition="(8.400; 2.3; 1)" Position="(5.8; 2.4; -0.1)" Interior="true" FOV="32.0">

                    </CameraPos>
                    <CameraPos MaxYRotation="360" MaxZoom="2" Name="side_r" InterestPosition="(4.38; 1.459; 1.201)" Position="(0.375; 2.349; -5.941)" MaxXRotation="360" FOV="32.0">

                    </CameraPos>
                    <CameraPos Name="sticker" InterestPosition="(9; 1; 1.4)" Position="(6; 2.5; -0.3)" Interior="true" FOV="32.0">

                    </CameraPos>
                    <CameraPos Name="door_r_sticker" InterestPosition="(8; 1.15; 1)" Position="(5; 2.350; 4)" Interior="true" FOV="32.0">

                    </CameraPos>
                    <CameraPos MaxYRotation="360" MaxZoom="2" Name="roof" InterestPosition="(7.013; 1.785; -0.523)" Position="(12.239; 3.484; 2.419)" MaxXRotation="360" FOV="32.0">

                    </CameraPos>
                    <CameraPos Name="glass_sticker" InterestPosition="(6.954; 1.622; -0.849)" Position="(11.526; 2.689; 1.541)" Interior="true" FOV="32.0">

                    </CameraPos>
                    <CameraPos MaxYRotation="360" MaxZoom="2" Name="hoods" InterestPosition="(5.461; 1.397; -0.216)" Position="(12.724; 2.120; -1.717)" MaxXRotation="360" FOV="32.0">

                    </CameraPos>
                    <CameraPos MaxYRotation="360" MaxZoom="2" Name="side_l" InterestPosition="(6.409; 1.497; -0.536)" Position="(-0.335; 4.157; 4.161)" MaxXRotation="360" FOV="32.0">

                    </CameraPos>
                    <CameraPos Name="bubble_head" InterestPosition="(9; 1; 1.4)" Position="(6; 2.5; -0.3)" Interior="true" FOV="32.0">

                    </CameraPos>
                    <CameraPos MaxYRotation="360" MaxZoom="2" Name="wheels" InterestPosition="(4.136; 0.634; 0.126)" Position="(8.844; 0.97; -4.882)" MaxXRotation="360" FOV="32.0">

                    </CameraPos>
                    <CameraPos MaxYRotation="360" MaxZoom="2" Name="default" InterestPosition="(5.197; 1.735; -0.23)" Position="(13.641; 2.738; -4.536)" MaxXRotation="360" FOV="32.0">

                    </CameraPos>
                    <CameraPos MaxYRotation="360" MaxZoom="2" Name="rear" InterestPosition="(0.479; 0.992; -0)" Position="(-5.767; 1.805; 2.899)" MaxXRotation="360" FOV="32.0">

                    </CameraPos>
                    <CameraPos Name="door_l_sticker" InterestPosition="(5.8; 1.4; -1)" Position="(4.9; 2.7; -4)" Interior="true" FOV="32.0">

                    </CameraPos>
              </CustomizationCameras>
              <UiDesc UiName="UI_VEHICLE_TATRA_FORCE_T815_7_NAME" UiDesc="UI_VEHICLE_TATRA_FORCE_T815_7_DESC" UiIconLogo="TatraLogo80" UiIcon40x40="heavyVehicleImg" UiIcon30x30="heavyVehicleImg30" UiIcon328x458="shopImgTatraForce">

              </UiDesc>
                    <AddonSockets>
                        <Socket Offset="(-5.546; 1.002; 0)" Names="Trailer">

                        </Socket>
                        <Socket Offset="(-3.452; 1.746; 0)" Names="LargeSemitrailer, LargeSemitrailerOiltank">

                        </Socket>
                    </AddonSockets>
                    <AddonSockets>
                        <Socket Offset="(-1.2; 0.04; 0)" Names="TatraFrameAddonTank">

                        </Socket>
                        <Socket Offset="(-1.060; 0.021; 0)" Names="TatraSideboard">
                          <AddonsShift Offset="(-0.33; 0; 0)" Types="TatraCrane">

                          </AddonsShift>
                        </Socket>
                        <Socket Offset="(-3.437; 1.207; 0)" Names="SaddleHigh">
                            <ExtraParent Offset="(0; 0; -0.015)" Frame="BoneChassis_cdt">

                            </ExtraParent>
                            <ExtraParent Offset="(0; 0; 0.015)" Frame="BoneChassis_cdt">

                            </ExtraParent>
                        </Socket>
                        <Socket Names="TatraFrameAddonTow" NamesBlock="TatraFrameAddonTow, Trailer, LargeSemitrailerOiltank">

                        </Socket>
                    </AddonSockets>
                    <AddonSockets>
                      <Socket Names="TatraCrane" NamesBlock="TatraForceT8157Fender, TatraFrameAddonTank">

                      </Socket>
                    </AddonSockets>
                    <AddonSockets DefaultAddon="tatra_force_t815_7_bumper_default">
                      <Socket Names="TatraForceT8157Bumper">

                      </Socket>
                    </AddonSockets>
                    <AddonSockets DefaultAddon="tatra_force_t815_7_fender_default">
                      <Socket Names="TatraForceT8157Fender">

                      </Socket>
                    </AddonSockets>
                    <AddonSockets>
                      <Socket Names="TatraForceT8157Horn">

                      </Socket>
                    </AddonSockets>
                    <AddonSockets>
                        <Socket Names="TatraForceT8157Spotlight">

                        </Socket>
                        <Socket Names="TatraForceT8157Beacon">

                        </Socket>
                    </AddonSockets>
                    <AddonSockets>
                      <Socket Names="TatraForceT8157AirConditioner">

                      </Socket>
                    </AddonSockets>
                    <AddonSockets>
                      <Socket Names="TatraForceT8157Visor">

                      </Socket>
                    </AddonSockets>
                    <AddonSockets DefaultAddon="tatra_force_t815_7_exhaust_default">
                      <Socket Names="TatraForceT8157Exhaust">

                      </Socket>
                    </AddonSockets>
                    <AddonSockets DefaultAddon="tatra_force_t815_7_snorkel_default">
                      <Socket Names="TatraForceT8157Snorkel">

                      </Socket>
                    </AddonSockets>
                    <AddonSockets>
                      <Socket Names="TatraForceT8157Roofrack" NamesBlock="TatraForceT8157AirConditioner, TatraForceT8157Beacon">

                      </Socket>
                    </AddonSockets>
                    <AddonSockets>
                      <Socket Names="tatraForSticker_1x1_01" InCockpit="true">

                      </Socket>
                    </AddonSockets>
                    <AddonSockets>
                      <Socket Names="tatraForSticker_1x1_02" InCockpit="true">

                      </Socket>
                    </AddonSockets>
                    <AddonSockets>
                      <Socket Names="tatraForSticker_1x2_01" InCockpit="true">

                      </Socket>
                    </AddonSockets>
                    <AddonSockets>
                      <Socket Names="tatraForSticker_1x2_02" InCockpit="true">

                      </Socket>
                    </AddonSockets>
                    <AddonSockets>
                      <Socket Names="tatraForSticker_1x4_01" InCockpit="true">

                      </Socket>
                    </AddonSockets>
                    <AddonSockets>
                      <Socket Names="tatraForSticker_doorR">

                      </Socket>
                    </AddonSockets>
                    <AddonSockets>
                      <Socket Names="tatraForSticker_doorL">

                      </Socket>
                    </AddonSockets>
                    <AddonSockets>
                      <Socket Names="tatraForSticker_roof">

                      </Socket>
                    </AddonSockets>
                    <AddonSockets>
                      <Socket Names="tatraForSticker_GlassTop" InCockpit="true">

                      </Socket>
                    </AddonSockets>
                    <AddonSockets>
                      <Socket Names="tatraForSticker_GlassBot" InCockpit="true">

                      </Socket>
                    </AddonSockets>
                    <AddonSockets>
                      <Socket Offset="(3.888; 2.527; 0.016)" Names="StuffAirfreshener" InCockpit="true">

                      </Socket>
                    </AddonSockets>
                    <AddonSockets>
                      <Socket Offset="(4.265; 1.821; 0.002)" Names="StuffDashboard" InCockpit="true">

                      </Socket>
                    </AddonSockets>
                    <AddonSockets DefaultAddon="tatra_force_t815_7_diff_lock_default">
                      <Socket Offset="(0; 0; 0)" Names="TatraForceT8157DiffLock" ParentFrame="BoneChassis_cdt">

                      </Socket>
                    </AddonSockets>
                      <CraneSocket Pos="(4.391; 0.997; 0.41)">

                      </CraneSocket>
                      <CraneSocket Pos="(4.391; 0.997; -0.41)">

                      </CraneSocket>
                      <CraneSocket Pos="(-0.301; 1.04; 0.464)">

                      </CraneSocket>
                      <CraneSocket Pos="(-1.657; 1.04; -0.465)">

                      </CraneSocket>
                      <CraneSocket Pos="(-5.546; 1.002; 0)">

                      </CraneSocket>
                        <WinchSocket Pos="(4.391; 0.997; 0.41)">

                        </WinchSocket>
                        <WinchSocket Pos="(4.391; 0.997; -0.41)">

                        </WinchSocket>
                        <WinchSocket Pos="(-0.301; 1.04; 0.464)">

                        </WinchSocket>
                        <WinchSocket Pos="(-1.657; 1.04; -0.465)">

                        </WinchSocket>
                        <WinchSocket Pos="(-5.546; 1.002; 0)">

                        </WinchSocket>
        </GameData>
        <PhysicsModel Mesh="trucks/tatra_force_t815_7">
                <Body NetSync="pv" CenterOfMassOffset="(1; 0; 0)" ModelFrame="BoneChassis_cdt" Mass="12000" ImpactType="Truck">
                      <Body NetSync="pv" CenterOfMassOffset="(0; 0; 0)" ModelFrame="BoneAddonAttachment_cdt" Mass="2000" ImpactType="Truck">
                        <Constraint Type="Hinge" MaxLimit="5" AxisLocal="(1; 0; 0)" MinLimit="-5">
                            <Motor Spring="4500000" Damping="100000" Type="Spring">

                            </Motor>
                        </Constraint>
                      </Body>
                      <Body ModelFrame="BoneMirrorL_cdt" _template="SideMirror">

                      </Body>
                      <Body ModelFrame="BoneMirrorR_cdt" _template="SideMirror">

                      </Body>
                      <Body ModelFrame="Sunshield1_cdt" _template="SunShield">

                      </Body>
                      <Body ModelFrame="Sunshield2_cdt" _template="SunShield2">

                      </Body>
                      <Body ModelFrame="Sunshield3_cdt" _template="SunShield">

                      </Body>
                      <Body ModelFrame="BoneMudguardL1_cdt" _template="Mudguard">

                      </Body>
                      <Body ModelFrame="BoneMudguardR1_cdt" _template="Mudguard">

                      </Body>
                      <Body ModelFrame="BoneMudguardL3_cdt" _template="Mudguard">

                      </Body>
                      <Body ModelFrame="BoneMudguardR3_cdt" _template="Mudguard">

                      </Body>
                      <Body ModelFrame="BoneMudguardL4_cdt" _template="Mudguard">

                      </Body>
                      <Body ModelFrame="BoneMudguardR4_cdt" _template="Mudguard">

                      </Body>
                      <Body ModelFrame="BoneWire_cdt" Mass="2" Collisions="None">
                        <Constraint Type="Hinge" MaxLimit="50" AxisLocal="(0; 0; 1)" MinLimit="-50">
                            <Motor Spring="0.4" Damping="0.04" Type="Spring">

                            </Motor>
                        </Constraint>
                      </Body>
                      <Body ModelFrame="BoneRadio_cdt" Mass="2" Collisions="None">
                        <Constraint Type="Hinge" MaxLimit="6" AxisLocal="(1; 0; 0)" MinLimit="-6">
                            <Motor Spring="1" Damping="0.1" Type="Spring">

                            </Motor>
                        </Constraint>
                      </Body>
                      <Body ModelFrame="BoneHook1_cdt" Mass="20" Collisions="None">
                        <Constraint Type="Hinge" MaxLimit="6" AxisLocal="(0; 1; 0)" MinLimit="-6">
                            <Motor Spring="800" Damping="80" Type="Spring">

                            </Motor>
                        </Constraint>
                        <Body ModelFrame="BoneHook2_cdt" Mass="2" Collisions="None">
                              <Constraint Type="Ragdoll" PlaneMin="-20" PlaneMax="20" TwistAxisLocal="(0; 1; 0)" Cone="7" PlaneAxisLocal="(1; 0; 0)">
                                  <Motor Spring="100" Damping="10" Type="Spring">

                                  </Motor>
                              </Constraint>
                        </Body>
                      </Body>
                      <Body ModelFrame="BoneTieRod1_cdt" _template="TieRod">
                        <Constraint MaxLimit="16" AxisLocal="(0; 1; 0)" MinLimit="-16" Name="TieRodSteer1">

                        </Constraint>
                      </Body>
                      <Body ModelFrame="BoneTieRod2_cdt" _template="TieRod">
                        <Constraint MaxLimit="16" AxisLocal="(0; 1; 0)" MinLimit="-16" Name="TieRodSteer2">

                        </Constraint>
                      </Body>
                      <Body ModelFrame="BoneTieRod3_cdt" _template="TieRod">
                        <Constraint MaxLimit="26" AxisLocal="(0; 1; 0)" MinLimit="-26" Name="TieRodSteer3">

                        </Constraint>
                      </Body>
                      <Body ModelFrame="BoneTieRod4_cdt" _template="TieRod">
                        <Constraint MaxLimit="26" AxisLocal="(0; 1; 0)" MinLimit="-26" Name="TieRodSteer4">

                        </Constraint>
                      </Body>
                      <Body ModelFrame="BoneTieRod5_cdt" _template="TieRod">
                        <Constraint MaxLimit="26" AxisLocal="(0; 1; 0)" MinLimit="-26" Name="TieRodSteer5">

                        </Constraint>
                      </Body>
                </Body>
                <NetSync Legacy="false">

                </NetSync>
        </PhysicsModel>
        <ControlledConstraints>
                    <Constraint IsLinkedSteering="true" Id="chassis_steer" Name="TieRodSteer1">

                    </Constraint>
                    <Constraint IsLinkedSteering="true" Id="chassis_steer" Name="TieRodSteer2">

                    </Constraint>
                    <Constraint IsLinkedSteering="true" Id="chassis_steer" Name="TieRodSteer3">

                    </Constraint>
                    <Constraint IsLinkedSteering="true" Id="chassis_steer" Name="TieRodSteer4">

                    </Constraint>
                    <Constraint IsLinkedSteering="true" Id="chassis_steer" Name="TieRodSteer5">

                    </Constraint>
        </ControlledConstraints>
        <ModelAttachments>
                    <Ignition>
                        <Light Pos="(-5.451; 0.882; 0)" Color="g(255; 0; 0)x 0.3" _template="IgnitionSignalRed">

                        </Light>
                            <Flare Pos="(-5.449; 0.88; 0.848)" Size="0.2" _template="IgnitionSignalRed">

                            </Flare>
                            <Flare Pos="(-5.449; 0.88; -0.848)" Size="0.2" _template="IgnitionSignalRed">

                            </Flare>
                            <Flare Pos="(-2.197; 1.248; 1.21)" Dir="(0; 0; 1)" _template="IgnitionSignalOrange" Size="0.15">

                            </Flare>
                            <Flare Pos="(3.048; 1.417; 1.279)" Dir="(0; 0; 1)" _template="IgnitionSignalOrange" Size="0.15">

                            </Flare>
                            <Flare Pos="(3.048; 1.417; -1.279)" Dir="(0; 0; -1)" _template="IgnitionSignalOrange" Size="0.15">

                            </Flare>
                            <Flare Pos="(4.174; 2.614; 1.045)" Dir="(1; 0; 0)" _template="IgnitionSignalOrange" Size="0.2">

                            </Flare>
                            <Flare Pos="(4.174; 2.614; -1.045)" Dir="(1; 0; 0)" _template="IgnitionSignalOrange" Size="0.2">

                            </Flare>
                    </Ignition>
                    <ReverseSignals>
                          <Light OuterCone="120" _template="ReverseSignal" InnerCone="90" Color="g(255; 230; 215) x 2" Pos="(-5.451; 0.882; 0)">

                          </Light>
                              <Flare Pos="(-5.449; 0.88; 0.789)" Dir="(-1; 0; 0)" _template="ReverseSignal" Size="0.2">

                              </Flare>
                              <Flare Pos="(-5.449; 0.88; -0.789)" Dir="(-1; 0; 0)" _template="ReverseSignal" Size="0.2">

                              </Flare>
                              <Flare Pos="(-5.449; 0.88; 0.789)" Dir="(-1; 0; 0)" _template="BlueStreak" Color="g(220; 220; 255) x 0.05" Size="0.4">

                              </Flare>
                              <Flare Pos="(-5.449; 0.88; -0.789)" Dir="(-1; 0; 0)" _template="BlueStreak" Color="g(220; 220; 255) x 0.05" Size="0.4">

                              </Flare>
                    </ReverseSignals>
                    <StopSignals>
                            <Light Pos="(-5.467; 0.854; 0)" _template="StopSignal">

                            </Light>
                                <Flare Pos="(-5.449; 0.88; 0.848)" _template="StopSignal" Color="g(255; 0; 0) x 0.7" Size="0.2">

                                </Flare>
                                <Flare Pos="(-5.449; 0.88; -0.848)" _template="StopSignal" Color="g(255; 0; 0) x 0.7" Size="0.2">

                                </Flare>
                                <Flare Pos="(-5.449; 0.88; 0.729)" _template="StopSignal" Color="g(255; 0; 0) x 0.7" Size="0.2">

                                </Flare>
                                <Flare Pos="(-5.449; 0.88; -0.729)" _template="StopSignal" Color="g(255; 0; 0) x 0.7" Size="0.2">

                                </Flare>
                                <Flare Pos="(-5.449; 0.88; 0.906)" _template="StopSignal" Color="g(255; 0; 0) x 0.7" Size="0.2">

                                </Flare>
                                <Flare Pos="(-5.449; 0.88; -0.906)" _template="StopSignal" Color="g(255; 0; 0) x 0.7" Size="0.2">

                                </Flare>
                    </StopSignals>
        </ModelAttachments>
        <Landmark MaxScale="2.8" Mesh="landmarks/tatra_force_t815_7_lmk" MinScale="1.8">

        </Landmark>
        <AutomaticIK>
                          <IKBone ParentFrame="BoneTieRod2_cdt" ModelFrame="BoneTieRodRack1">
                            <IKJoint Type="Hinge2" AxisLocal="(1; 0; 0)">

                            </IKJoint>
                            <IKBone AttachToFrame="BoneTieRod1_cdt" AttachOffset="(0; 0; 0)" ModelFrame="BoneTieRodRack1_2">
                                  <IKJoint Type="Slider" AxisLocal="(1; 0; 0)">

                                  </IKJoint>
                            </IKBone>
                          </IKBone>
                          <IKBone ParentFrame="BoneTieRod4_cdt" ModelFrame="BoneTieRod4_2">
                            <IKJoint Type="Hinge2" AxisLocal="(1; 0; 0)">

                            </IKJoint>
                            <IKBone AttachToFrame="BoneTieRod5_cdt" AttachOffset="(0; 0; 0)" ModelFrame="BoneTieRod4_3">
                                  <IKJoint Type="Slider" AxisLocal="(1; 0; 0)">

                                  </IKJoint>
                            </IKBone>
                          </IKBone>
                          <IKBone ParentFrame="BoneTieRod5_cdt" ModelFrame="BoneTieRodRack2">
                            <IKJoint Type="Hinge2" AxisLocal="(1; 0; 0)">

                            </IKJoint>
                            <IKBone AttachToFrame="BoneTieRod3_cdt" AttachOffset="(0; 0; 0)" ModelFrame="BoneTieRodRack2_2">
                                  <IKJoint Type="Slider" AxisLocal="(1; 0; 0)">

                                  </IKJoint>
                            </IKBone>
                          </IKBone>
                          <IKBone ParentFrame="BoneChassis_cdt" ModelFrame="BoneAxle1L_IK_A">
                            <IKJoint Type="Hinge" AxisLocal="(1; 0; 0)">

                            </IKJoint>
                            <IKBone AttachToFrame="BoneAxle1L" AttachOffset="(0; 0; 0)" ModelFrame="BoneAxle1L_IK_B">
                                  <IKJoint Type="Hinge" AxisLocal="(1; 0; 0)">

                                  </IKJoint>
                            </IKBone>
                          </IKBone>
                          <IKBone ParentFrame="BoneChassis_cdt" ModelFrame="BoneAxle1R_IK_A">
                            <IKJoint Type="Hinge" AxisLocal="(1; 0; 0)">

                            </IKJoint>
                            <IKBone AttachToFrame="BoneAxle1R" AttachOffset="(0; 0; 0)" ModelFrame="BoneAxle1R_IK_B">
                                  <IKJoint Type="Hinge" AxisLocal="(1; 0; 0)">

                                  </IKJoint>
                            </IKBone>
                          </IKBone>
                          <IKBone ParentFrame="BoneChassis_cdt" ModelFrame="BoneAxle2L_IK_A">
                            <IKJoint Type="Hinge" AxisLocal="(1; 0; 0)">

                            </IKJoint>
                            <IKBone AttachToFrame="BoneAxle2L" AttachOffset="(0; 0; 0)" ModelFrame="BoneAxle2L_IK_B">
                                  <IKJoint Type="Hinge" AxisLocal="(1; 0; 0)">

                                  </IKJoint>
                            </IKBone>
                          </IKBone>
                          <IKBone ParentFrame="BoneChassis_cdt" ModelFrame="BoneAxle2R_IK_A">
                            <IKJoint Type="Hinge" AxisLocal="(1; 0; 0)">

                            </IKJoint>
                            <IKBone AttachToFrame="BoneAxle2R" AttachOffset="(0; 0; 0)" ModelFrame="BoneAxle2R_IK_B">
                                  <IKJoint Type="Hinge" AxisLocal="(1; 0; 0)">

                                  </IKJoint>
                            </IKBone>
                          </IKBone>
                          <IKBone ParentFrame="BoneChassis_cdt" ModelFrame="BoneAxle3L_IK_A">
                            <IKJoint Type="Hinge" AxisLocal="(1; 0; 0)">

                            </IKJoint>
                            <IKBone AttachToFrame="BoneAxle3L" AttachOffset="(0; 0; 0)" ModelFrame="BoneAxle3L_IK_B">
                                  <IKJoint Type="Hinge" AxisLocal="(1; 0; 0)">

                                  </IKJoint>
                            </IKBone>
                          </IKBone>
                          <IKBone ParentFrame="BoneChassis_cdt" ModelFrame="BoneAxle3R_IK_A">
                            <IKJoint Type="Hinge" AxisLocal="(1; 0; 0)">

                            </IKJoint>
                            <IKBone AttachToFrame="BoneAxle3R" AttachOffset="(0; 0; 0)" ModelFrame="BoneAxle3R_IK_B">
                                  <IKJoint Type="Hinge" AxisLocal="(1; 0; 0)">

                                  </IKJoint>
                            </IKBone>
                          </IKBone>
                          <IKBone ParentFrame="BoneChassis_cdt" ModelFrame="BoneAxle4L_IK_A">
                            <IKJoint Type="Hinge" AxisLocal="(1; 0; 0)">

                            </IKJoint>
                            <IKBone AttachToFrame="BoneAxle4L" AttachOffset="(0; 0; 0)" ModelFrame="BoneAxle4L_IK_B">
                                  <IKJoint Type="Hinge" AxisLocal="(1; 0; 0)">

                                  </IKJoint>
                            </IKBone>
                          </IKBone>
                          <IKBone ParentFrame="BoneChassis_cdt" ModelFrame="BoneAxle4R_IK_A">
                            <IKJoint Type="Hinge" AxisLocal="(1; 0; 0)">

                            </IKJoint>
                            <IKBone AttachToFrame="BoneAxle4R" AttachOffset="(0; 0; 0)" ModelFrame="BoneAxle4R_IK_B">
                                  <IKJoint Type="Hinge" AxisLocal="(1; 0; 0)">

                                  </IKJoint>
                            </IKBone>
                          </IKBone>
                          <IKBone ParentFrame="BoneAxle4R_IK_A" ModelFrame="BonePistonIKR">
                            <IKJoint Type="Hinge" AxisLocal="(1; 0; 0)">

                            </IKJoint>
                            <IKBone AttachToFrame="BoneChassis_cdt" AttachOffset="(0; 0; 0)" ModelFrame="BonePistonIKRend">
                                  <IKJoint Type="Slider" AxisLocal="(0; 1; 0)">

                                  </IKJoint>
                            </IKBone>
                          </IKBone>
                          <IKBone ParentFrame="BoneAxle4L_IK_A" ModelFrame="BonePistonIKL">
                            <IKJoint Type="Hinge" AxisLocal="(1; 0; 0)">

                            </IKJoint>
                            <IKBone AttachToFrame="BoneChassis_cdt" AttachOffset="(0; 0; 0)" ModelFrame="BonePistonIKLend">
                                  <IKJoint Type="Slider" AxisLocal="(0; 1; 0)">

                                  </IKJoint>
                            </IKBone>
                          </IKBone>
        </AutomaticIK>
        <TruckData SteerSpeed="0.022" EngineStartDelay="3.2" EngineIconMesh="env/engine_pacific_p16" TruckType="HEAVY" Responsiveness="0.2" BackSteerSpeed="0.015" TruckImage="tatraforcemchr" FuelCapacity="380" DiffLockType="Installed" SetHandbrakeOnWinchRelease="false" ExhaustStartTime="2.8" EngineIconScale="0.8">
                          <Driver Pos="(3.512; 1.617; 0.793)" AnimationSet="HeavyTruck" SteeringWheelPos="(3.93; 1.956; 0.794)">

                          </Driver>
                          <SoundsDamage _template="Heavy">

                          </SoundsDamage>
                          <Shakers>
                                    <Shaker MaxFrequency="3" Frame="BoneStickShaker1" MinAngle="(0.2; 0.2; 0.2)" MaxAngle="(0.7; 0.7; 0.7)">

                                    </Shaker>
                                    <Shaker MaxFrequency="3" Frame="BoneStickShaker2" MinAngle="(0.2; 0.2; 0.2)" MaxAngle="(0.7; 0.7; 0.7)">

                                    </Shaker>
                          </Shakers>
                          <OcclusionMap HalfSizeZ="2.3" MinX="-6.2" MaxX="5.1">

                          </OcclusionMap>
                          <FuelTank DamageCapacity="100">

                          </FuelTank>
                          <Intake Size="0.75" Dir="(1; 0; 0)" Origin="(4.507; 0.975; 0)">

                          </Intake>
                          <EngineSocket Type="e_ru_special" Default="ru_special_engine_0">

                          </EngineSocket>
                          <SuspensionSocket Type="s_tatra_force_t815_7" MaxWheelRadiusWithoutSuspension="0.76" Default="tatra_force_t815_7_suspension_default">

                          </SuspensionSocket>
                          <Dashboard>
                                                <Gauge InputRange="(0;120)" Dir="(-0.883; 0.469; 0.001)" InputType="speed" Org="(4.180; 1.834; 0.754)" Damping="0.99" Mesh="trucks/arrows/tatra_force_t815_7_arrow_1" OutputAngles="(-126; 126)">

                                                </Gauge>
                                                <Gauge InputRange="(0;1)" Dir="(-0.873; 0.488; -0.006)" InputType="rpm" Org="(4.171; 1.792; 0.895)" Damping="0.99" Mesh="trucks/arrows/tatra_force_t815_7_arrow_1" OutputAngles="(-134; 132)">

                                                </Gauge>
                                                <Gauge InputRange="(0;1)" Dir="(-0.884; 0.468; 0)" InputType="engineEnabled" Org="(4.202; 1.858; 0.933)" Damping="0.99" Mesh="trucks/arrows/tatra_force_t815_7_arrow_2" OutputAngles="(-48; 8)">

                                                </Gauge>
                                                <Gauge InputRange="(0;1)" Dir="(-0.884; 0.468; 0)" InputType="engineEnabled" Org="(4.202; 1.858; 0.864)" Damping="0.99" Mesh="trucks/arrows/tatra_force_t815_7_arrow_2" OutputAngles="(-45; -10)">

                                                </Gauge>
                                                <Gauge InputRange="(0;1)" Dir="(-0.884; 0.468; 0)" InputType="engineEnabled" Org="(4.207; 1.868; 0.654)" Damping="0.99" Mesh="trucks/arrows/tatra_force_t815_7_arrow_2" OutputAngles="(-140; -35)">

                                                </Gauge>
                                                <Gauge InputRange="(0;1)" Dir="(-0.884; 0.468; 0)" InputType="fuel" Org="(4.201; 1.855; 0.588)" Damping="0.99" Mesh="trucks/arrows/tatra_force_t815_7_arrow_2" OutputAngles="(-42; 42)">

                                                </Gauge>
                                                <Gauge InputRange="(0;1)" Dir="(-0.884; 0.468; 0)" InputType="engineEnabled" Org="(4.183; 1.82; 0.62)" Damping="0.99" Mesh="trucks/arrows/tatra_force_t815_7_arrow_2" OutputAngles="(-128; -29)">

                                                </Gauge>
                          </Dashboard>
                          <Axles>
                                                  <Axle Frame="BoneAxle1L" IsIndependent="true">

                                                  </Axle>
                                                  <Axle Frame="BoneAxle1R" IsIndependent="true">

                                                  </Axle>
                                                  <Axle Frame="BoneAxle2L" IsIndependent="true">

                                                  </Axle>
                                                  <Axle Frame="BoneAxle2R" IsIndependent="true">

                                                  </Axle>
                                                  <Axle Frame="BoneAxle3L" IsIndependent="true">

                                                  </Axle>
                                                  <Axle Frame="BoneAxle3R" IsIndependent="true">

                                                  </Axle>
                                                  <Axle Frame="BoneAxle4L" IsIndependent="true">

                                                  </Axle>
                                                  <Axle Frame="BoneAxle4R" IsIndependent="true">

                                                  </Axle>
                          </Axles>
                          <Camera Center="(-1.7; 0; 0)" ParentFrame="BoneChassis_cdt">
                                                  <Cockpit WindshieldDiffuseTexture="trucks\tatra_force_t815_7_glass__d_a.tga" _template="Default" WindshieldShadingTexture="trucks\tatra_force_t815_7_glass__sh_d.tga" ViewPos="(3.521; 2.328; 0.801)">
                                                        <Mirror FOVScale="1.8" ClipDir="(-0.942; 0; -0.337)" MeshFrame="mirror_left" Pos="(3.998; 2.181; 1.396)" Size="(0.25; 0.45)" ReflectionDir="(-0.942; 0; -0.337)">

                                                        </Mirror>
                                                        <Mirror ClipDir="(-0.795; -0.005; 0.606)" CurveAngle="10" Size="(0.25; 0.45)" FOVScale="2" ReflectionDir="(-0.795; -0.005; 0.606)" Pos="(4.008; 2.181; -1.385)" MeshFrame="mirror_right" ClipOffset="0.05">

                                                        </Mirror>
                                                  </Cockpit>
                          </Camera>
                                                  <CompatibleWheels Type="wheels_tatra_force_815_7" Scale="0.64" RearOffsetZ="0.04">

                                                  </CompatibleWheels>
                                                  <CompatibleWheels Type="wheels_heavy_single" Scale="0.64" RearOffsetZ="0.04">

                                                  </CompatibleWheels>
                          <LimitedFluid SizeX="1.262" Center="(-1.208; 0.905; 0.863)" Type="Box" SizeZ="0.622" SizeY="0.572">

                          </LimitedFluid>
                          <Sounds _template="Default" Origin="(0.028; 1.347; 0)" MinDist="15.0" DisableReversePitch="true">
                                                        <Reverse Sound="trucks/tatra_force/tatra_force_back_beeper">

                                                        </Reverse>
                                                        <EngineHeavy_2d IsSound2D="true" Sound="trucks/tatra_force/tatra_force_heavy_2d">

                                                        </EngineHeavy_2d>
                                                        <EngineLow Sound="trucks/tatra_force/tatra_force_low">

                                                        </EngineLow>
                                                        <EngineHigh Sound="trucks/tatra_force/tatra_force_high">

                                                        </EngineHigh>
                                                        <HandbrakeOff Sound="trucks/tatra_force/tatra_force_handbrake_off">

                                                        </HandbrakeOff>
                                                        <ChassisStress Sound="trucks/common/truck_stress_rnd_set/truck_stress_rnd">

                                                        </ChassisStress>
                                                        <EngineRev Sound="trucks/tatra_force/tatra_force_rev">

                                                        </EngineRev>
                                                        <AbruptStop Sound="trucks/common/truck_swing_big_rnd_set/truck_swing_big_rnd">

                                                        </AbruptStop>
                                                        <EngineHeavy Sound="trucks/tatra_force/tatra_force_heavy">

                                                        </EngineHeavy>
                                                        <EngineHigh_2d IsSound2D="true" Sound="trucks/tatra_force/tatra_force_high_2d">

                                                        </EngineHigh_2d>
                                                        <EngineLow_2d IsSound2D="true" Sound="trucks/tatra_force/tatra_force_low_2d">

                                                        </EngineLow_2d>
                                                        <EngineIdle_2d IsSound2D="true" Sound="trucks/tatra_force/tatra_force_idle_2d">

                                                        </EngineIdle_2d>
                                                        <EngineStart Sound="trucks/tatra_force/tatra_force_start">

                                                        </EngineStart>
                                                        <Handbrake Sound="trucks/tatra_force/tatra_force_handbrake_on">

                                                        </Handbrake>
                                                        <BrakesSqueal Sound="trucks/tatra_force/tatra_force_brakes_squeal">

                                                        </BrakesSqueal>
                                                        <EngineIdle Sound="trucks/tatra_force/tatra_force_idle">

                                                        </EngineIdle>
                                                        <Honk Sound="trucks/tatra_force/tatra_force_honk">

                                                        </Honk>
                                                        <EngineStop Sound="trucks/tatra_force/tatra_force_stop">

                                                        </EngineStop>
                                                        <EngineAccel Sound="trucks/tatra_force/tatra_force_acc">

                                                        </EngineAccel>
                                                        <BrakeRelease Sound="trucks/common/truck_brake_release_alt2_rnd_set/truck_brake_release_alt2_rnd">

                                                        </BrakeRelease>
                          </Sounds>
                          <GearboxSocket Type="gearboxes_special, gearboxes_special_kolob" Default="g_special_default">

                          </GearboxSocket>
                                                          <Steam Origin="(-0.134; 1.62; 0)">

                                                          </Steam>
                                                          <Steam Origin="(2.292; 0.867; 0)" Scale="0.5">

                                                          </Steam>
                          <Wheels DefaultWheelType="wheels_tatra_force_815_7" DefaultTire="tire" DefaultRim="rim">
                                                                <Wheel Pos="(2.929; 0.609; 1.047)" _template="FirstAxle">

                                                                </Wheel>
                                                                <Wheel RightSide="true" Pos="(2.981; 0.609; 1.047)" _template="FirstAxle">

                                                                </Wheel>
                                                                <Wheel Pos="(0.779; 0.609; 1.047)" _template="SecondAxle">

                                                                </Wheel>
                                                                <Wheel RightSide="true" Pos="(0.83; 0.609; 1.047)" _template="SecondAxle">

                                                                </Wheel>
                                                                <Wheel Pos="(-2.88; 0.609; 1.047)" _template="RearAxle">

                                                                </Wheel>
                                                                <Wheel RightSide="true" Pos="(-2.829; 0.609; 1.047)" _template="RearAxle">

                                                                </Wheel>
                                                                <Wheel Pos="(-4.331; 0.609; 1.047)" _template="RearAxle">

                                                                </Wheel>
                                                                <Wheel RightSide="true" Pos="(-4.28; 0.609; 1.047)" _template="RearAxle">

                                                                </Wheel>
                          </Wheels>
                          <WinchUpgradeSocket Type="winches_heavy_trucks" Default="w_heavy_trucks_default" IsUpgradable="true">

                          </WinchUpgradeSocket>
                                                                <SteeringRack Frame="BoneRack1" RackHalfSizeZ="0.709" FrameSteerLeft="BoneAxle1Rack_L" FrameSteerRight="BoneAxle1Rack_R">

                                                                </SteeringRack>
                                                                <SteeringRack Frame="BoneRack2" RackHalfSizeZ="0.709" FrameSteerLeft="BoneAxle2Rack_L" FrameSteerRight="BoneAxle2Rack_R">

                                                                </SteeringRack>
                          <SteeringWheel Frame="BoneSteering">

                          </SteeringWheel>
                          <SoundsWheels _template="Default">

                          </SoundsWheels>
                          <Damage>
                                                                          <DamageArea Type="Engine" Max="(4.408; 1.689; 0.65)" Min="(3.275; 0.813; -0.65)">

                                                                          </DamageArea>
                                                                          <DamageArea Type="FuelTank" Max="(-0.56; 1.21; 1.25)" Min="(-1.9; 0.5; 0.5)">

                                                                          </DamageArea>
                          </Damage>
                          <Shafts>
                                                                          <Shaft SocketPointA="Shaft1a" SocketPointB="Shaft1b">

                                                                          </Shaft>
                          </Shafts>
        </TruckData>
  </Truck>