  <Truck>
      <PhysicsModel Mesh="trucks/khan_317_sentinel">
          <NetSync Legacy="false">

          </NetSync>
          <Body CenterOfMassOffset="(0; 0; 0)" ImpactType="Truck" NetSync="pv" Mass="1135">
                  <Body CenterOfMassOffset="(0; 0; 0)" ImpactType="Truck" NetSync="pv" ModelFrame="BoneCabin_cdt" Mass="1000">
                    <Constraint Type="Fixed">

                    </Constraint>
                        <Body _template="SideMirror" ModelFrame="BoneMirrorLeft_cdt">
                          <Constraint AxisLocal="(0; 1; 0)">

                          </Constraint>
                        </Body>
                        <Body _template="SideMirror" ModelFrame="BoneMirrorRight_cdt">
                          <Constraint AxisLocal="(0; 1; 0)">

                          </Constraint>
                        </Body>
                        <Body _template="Belt" ModelFrame="BoneBelt1_cdt">

                        </Body>
                        <Body _template="Belt" ModelFrame="BoneBelt2_cdt">

                        </Body>
                        <Body _template="Sunshield" ModelFrame="BoneSunshieldL_cdt">

                        </Body>
                        <Body _template="Sunshield" ModelFrame="BoneSunshieldR_cdt">

                        </Body>
                        <Body _template="Key" ModelFrame="BoneKey1_cdt">
                          <Body _template="Key" ModelFrame="BoneKey2_cdt">
                              <Constraint AxisLocal="(1; 0; 0)">

                              </Constraint>
                          </Body>
                        </Body>
                  </Body>
                  <Body _template="TieRod" ModelFrame="BoneTieRod1_cdt">
                    <Constraint MinLimit="-30" Name="TieRodSteer" MaxLimit="30" AxisLocal="(0; 1; 0)">

                    </Constraint>
                  </Body>
          </Body>
      </PhysicsModel>
      <GameData Country="RU,CAS" Price="28200" Recallable="true" UnlockByRank="1" UnlockByExploration="false">
            <CustomizationCameras>
                  <CameraPos InterestPosition="(4.8754;2.1673;-0.8001)" Name="roof_sticker" Position="(7.9131;5.9254;-0.3965)" FOV="32.0">

                  </CameraPos>
                  <CameraPos InterestPosition="(6.5798;2.2887;0.7548)" Interior="true" Position="(4.7255;1.8225;-0.4275)" FOV="32.0" Name="sticker_1">

                  </CameraPos>
                  <CameraPos InterestPosition="(1.3316;1.6924;-0.0)" Name="addon_1" MaxXRotation="360" Position="(-8.5502;4.2727;9.3153)" MaxZoom="2" FOV="32.0" MaxYRotation="360">

                  </CameraPos>
                  <CameraPos InterestPosition="(4.6745;0.253;-0.3407)" Name="addon_2" MaxXRotation="360" Position="(-0.6345;5.6148;2.5696)" MaxZoom="2" FOV="32.0" MaxYRotation="360">

                  </CameraPos>
                  <CameraPos InterestPosition="(6.5222;1.6401;1.1191)" Interior="true" Position="(4.6678;1.7223;-0.0632)" FOV="32.0" Name="mirror_mount">

                  </CameraPos>
                  <CameraPos InterestPosition="(5.4317;1.5543;1.8221)" Name="side_r" MaxXRotation="360" Position="(0.7404;2.3868;4.9435)" MaxZoom="2" FOV="32.0" MaxYRotation="360">

                  </CameraPos>
                  <CameraPos InterestPosition="(6.2158;0.9343;-0.7837)" Name="hood_ornament" MaxXRotation="360" Position="(9.9007;2.0748;-1.3509)" MaxZoom="2" FOV="32.0" MaxYRotation="360">

                  </CameraPos>
                  <CameraPos InterestPosition="(6.7573;0.9581;2.7993)" Interior="true" Position="(5.0868;1.9011;-0.6413)" FOV="32.0" Name="sticker">

                  </CameraPos>
                  <CameraPos InterestPosition="(6.6459;1.7622;-1.347)" Name="glass_sticker" Position="(10.1433;2.9089;-2.0325)" FOV="32.0">

                  </CameraPos>
                  <CameraPos InterestPosition="(7.0454;0.5763;0.1959)" Name="door_r_sticker" MaxXRotation="360" Position="(3.5987;1.6689;3.824)" MaxZoom="2" FOV="32.0" MaxYRotation="360">

                  </CameraPos>
                  <CameraPos InterestPosition="(7.5659;1.7741;-0.3443)" Name="roof" MaxXRotation="360" Position="(11.8227;2.9804;1.9292)" MaxZoom="2" FOV="32.0" MaxYRotation="360">

                  </CameraPos>
                  <CameraPos InterestPosition="(6.0598;0.9166;-0.6826)" Name="capote_sticker" Position="(10.8567;5.004;-0.9644)" FOV="32.0">

                  </CameraPos>
                  <CameraPos InterestPosition="(4.7683;0.6497;0.1947)" Name="hoods" MaxXRotation="360" Position="(11.5146;1.8558;-3.6713)" MaxZoom="2" FOV="32.0" MaxYRotation="360">

                  </CameraPos>
                  <CameraPos InterestPosition="(6.5798;2.2887;1.41)" Interior="true" Position="(4.7255;1.8225;0.2277)" FOV="32.0" Name="sticker_2">

                  </CameraPos>
                  <CameraPos InterestPosition="(5.1026;1.4194;-0.4712)" Name="side_l" MaxXRotation="360" Position="(11.1009;4.0109;-3.3519)" MaxZoom="2" FOV="32.0" MaxYRotation="360">

                  </CameraPos>
                  <CameraPos InterestPosition="(6.5222;1.3807;1.433)" Interior="true" Position="(4.7313;1.7223;-0.4913)" FOV="32.0" Name="bubble_head">

                  </CameraPos>
                  <CameraPos InterestPosition="(3.0383;0.1803;1.4418)" Name="wheels" MaxXRotation="360" Position="(10.0945;0.9888;-3.7651)" MaxZoom="2" FOV="32.0" MaxYRotation="360">

                  </CameraPos>
                  <CameraPos InterestPosition="(5.1967;0.6607;-0.096)" Name="default" MaxXRotation="360" Position="(13.6412;2.6701;-4.4023)" MaxZoom="2" FOV="32.0" MaxYRotation="360">

                  </CameraPos>
                  <CameraPos InterestPosition="(5.2399;0.253;-0.5935)" Name="rear" MaxXRotation="360" Position="(-1.3721;2.2188;2.556)" MaxZoom="2" FOV="32.0" MaxYRotation="360">

                  </CameraPos>
                  <CameraPos InterestPosition="(5.2171;0.753;0.2633)" Name="door_l_sticker" Position="(3.8258;1.5295;-3.715)" FOV="32.0">

                  </CameraPos>
            </CustomizationCameras>
                <CraneSocket Pos="(3.792; 0.711; 0.307)">

                </CraneSocket>
                <CraneSocket Pos="(3.792; 0.711; -0.307)">

                </CraneSocket>
                <CraneSocket Pos="(-1.391; 0.51; 0)">

                </CraneSocket>
                <CraneSocket Pos="(1; 2.1; 0)">

                </CraneSocket>
                <CraneSocket Pos="(1.385; 0.604; -0.921)">

                </CraneSocket>
                <CraneSocket Pos="(1.385; 0.604; 0.921)">

                </CraneSocket>
                  <AddonSockets DefaultAddon="khan_317_sentinel_diff_lock_default">
                    <Socket Names="Khan317SentinelDiffLock">

                    </Socket>
                  </AddonSockets>
                  <AddonSockets>
                      <Socket Names="Khan317Horn1">

                      </Socket>
                      <Socket Names="Khan317Horn2">

                      </Socket>
                  </AddonSockets>
                  <AddonSockets>
                    <Socket Names="Khan317Snorkel">

                    </Socket>
                  </AddonSockets>
                  <AddonSockets>
                    <Socket Names="Khan317SpotLight">

                    </Socket>
                  </AddonSockets>
                  <AddonSockets>
                      <Socket Names="Khan317Visor1">

                      </Socket>
                      <Socket Names="Khan317Visor2">

                      </Socket>
                  </AddonSockets>
                  <AddonSockets DefaultAddon="khan_317_sentinel_bumper_default">
                    <Socket Names="khan317sentinelBumper">

                    </Socket>
                  </AddonSockets>
                  <AddonSockets DefaultAddon="khan_317_sentinel_bumper_rear_default">
                      <Socket Names="khan317sentinelRearBumper">

                      </Socket>
                      <Socket Names="khan317sentinelRearBumper1">

                      </Socket>
                  </AddonSockets>
                  <AddonSockets>
                    <Socket Names="khan317sentinelSideBumper">

                    </Socket>
                  </AddonSockets>
                  <AddonSockets>
                    <Socket NamesBlock="Khan317Horn2, Khan317SpotLight" Names="khan317sentinelRoofRack">

                    </Socket>
                  </AddonSockets>
                  <AddonSockets>
                    <Socket Names="khan317sentinelTrunk">

                    </Socket>
                  </AddonSockets>
                  <AddonSockets>
                    <Socket Offset="(-1.392; 0.546; 0)" Names="ScautTrailer">
                        <AddonsShift Types="khan317sentinelRearBumper1" Offset="(0; 0.08; 0)">

                        </AddonsShift>
                    </Socket>
                  </AddonSockets>
                  <AddonSockets>
                    <Socket ParentFrame="BoneCabin_cdt" InCockpit="true" Names="khan317SentinelSticker_1x1_01">

                    </Socket>
                  </AddonSockets>
                  <AddonSockets>
                    <Socket ParentFrame="BoneCabin_cdt" InCockpit="true" Names="khan317SentinelSticker_1x1_02">

                    </Socket>
                  </AddonSockets>
                  <AddonSockets>
                    <Socket ParentFrame="BoneCabin_cdt" InCockpit="true" Names="khan317SentinelSticker_1x1_03">

                    </Socket>
                  </AddonSockets>
                  <AddonSockets>
                    <Socket ParentFrame="BoneSunshieldL_cdt" InCockpit="true" Names="khan317SentinelSticker_1x2_01">

                    </Socket>
                  </AddonSockets>
                  <AddonSockets>
                    <Socket ParentFrame="BoneSunshieldR_cdt" InCockpit="true" Names="khan317SentinelSticker_1x2_02">

                    </Socket>
                  </AddonSockets>
                  <AddonSockets>
                    <Socket ParentFrame="BoneCabin_cdt" InCockpit="true" Names="khan317SentinelSticker_1x4_01">

                    </Socket>
                  </AddonSockets>
                  <AddonSockets>
                    <Socket ParentFrame="BoneCabin_cdt" Names="khan317SentinelSticker_Roof">

                    </Socket>
                  </AddonSockets>
                  <AddonSockets>
                    <Socket ParentFrame="BoneCabin_cdt" Names="khan317SentinelSticker_Capote">

                    </Socket>
                  </AddonSockets>
                  <AddonSockets>
                    <Socket ParentFrame="BoneCabin_cdt" Names="khan317SentinelSticker_Door_L">

                    </Socket>
                  </AddonSockets>
                  <AddonSockets>
                    <Socket ParentFrame="BoneCabin_cdt" Names="khan317SentinelSticker_Door_R">

                    </Socket>
                  </AddonSockets>
                  <AddonSockets>
                    <Socket ParentFrame="BoneCabin_cdt" Names="khan317sentinel_GlassTop">

                    </Socket>
                  </AddonSockets>
                  <AddonSockets>
                    <Socket ParentFrame="BoneCabin_cdt" Names="stuffHoodKhan317Sentinel">

                    </Socket>
                  </AddonSockets>
                  <AddonSockets>
                    <Socket Names="StuffAirfreshener" InCockpit="true" ParentFrame="BoneCabin_cdt" Offset="(2.111; 1.883; -0.009)">

                    </Socket>
                  </AddonSockets>
                    <WinchSocket Pos="(3.792; 0.711; 0.307)">

                    </WinchSocket>
                    <WinchSocket Pos="(3.792; 0.711; -0.307)">

                    </WinchSocket>
                    <WinchSocket Pos="(-1.391; 0.51; 0)">

                    </WinchSocket>
                    <WinchSocket Pos="(1.385; 0.604; 0.921)">

                    </WinchSocket>
                    <WinchSocket Pos="(1.385; 0.604; -0.921)">

                    </WinchSocket>
            <UiDesc UiDesc="UI_VEHICLE_KHAN_317_SENTINEL_DESC" UiIcon30x30="scoutVehicleImg30" UiName="UI_VEHICLE_KHAN_317_SENTINEL_H2_NAME" UiIconLogo="KhanLogo80" UiIcon40x40="scoutVehicleImg" UiIcon328x458="shopImgKhan317Sentinel">

            </UiDesc>
      </GameData>
      <ControlledConstraints>
              <Constraint Name="TieRodSteer" IsLinkedSteering="true" Id="chassis_steer">

              </Constraint>
      </ControlledConstraints>
      <HeadLight _template="Default" Pos="(4.142; 0.963; 0)">

      </HeadLight>
      <Landmark Mesh="landmarks/khan_317_sentinel_lmk" MaxScale="3.8" MinScale="1.8">

      </Landmark>
      <AutomaticIK>
                    <IKBone ParentFrame="BoneTieRod1_cdt" ModelFrame="BoneTieRod2">
                        <IKBone AttachToFrame="BoneRack" AttachOffset="(0; 0; 0)" ModelFrame="BoneTieRod3">
                            <IKJoint AxisLocal="(0; 0; 1)" Type="Slider">

                            </IKJoint>
                        </IKBone>
                        <IKJoint AxisLocal="(0; 0; 1)" Type="Hinge2">

                        </IKJoint>
                    </IKBone>
      </AutomaticIK>
      <ModelAttachments>
                      <StopSignals>
                            <Flare _template="StopSignal" Pos="(-1.184; 1.246; 0.84)">

                            </Flare>
                            <Flare _template="StopSignal" Pos="(-1.184; 1.246; -0.84)">

                            </Flare>
                            <Flare Size="0.4" _template="StopSignal" Pos="(-1.188; 1.064; 0.836)">

                            </Flare>
                            <Flare Size="0.4" _template="StopSignal" Pos="(-1.188; 1.064; -0.836)">

                            </Flare>
                          <Light Pos="(-1.384; 1.059; 0)" _template="StopSignal" Color="g(102; 1; 1) x 4">

                          </Light>
                      </StopSignals>
                      <Ignition>
                              <Flare Size="0.3" _template="IgnitionSignalWhite" Pos="(3.627; 1.209; 0.528)">

                              </Flare>
                              <Flare Size="0.3" _template="IgnitionSignalWhite" Pos="(3.627; 1.209; -0.528)">

                              </Flare>
                              <Flare Color="g(255; 253; 246) x 0.4" Pos="(3.677; 1.136; -0.572)" ParentFrame="BoneCabin_cdt" Size="0.05" _template="IgnitionSignalWhite">

                              </Flare>
                              <Flare Color="g(255; 253; 246) x 0.4" Pos="(3.684; 1.136; -0.544)" ParentFrame="BoneCabin_cdt" Size="0.05" _template="IgnitionSignalWhite">

                              </Flare>
                              <Flare Color="g(255; 253; 246) x 0.4" Pos="(3.692; 1.136; -0.517)" ParentFrame="BoneCabin_cdt" Size="0.05" _template="IgnitionSignalWhite">

                              </Flare>
                              <Flare Color="g(255; 253; 246) x 0.4" Pos="(3.701; 1.136; -0.489)" ParentFrame="BoneCabin_cdt" Size="0.05" _template="IgnitionSignalWhite">

                              </Flare>
                              <Flare Color="g(255; 253; 246) x 0.4" Pos="(3.71; 1.136; -0.462)" ParentFrame="BoneCabin_cdt" Size="0.05" _template="IgnitionSignalWhite">

                              </Flare>
                              <Flare Color="g(255; 253; 246) x 0.4" Pos="(3.677; 1.136; 0.572)" ParentFrame="BoneCabin_cdt" Size="0.05" _template="IgnitionSignalWhite">

                              </Flare>
                              <Flare Color="g(255; 253; 246) x 0.4" Pos="(3.684; 1.136; 0.544)" ParentFrame="BoneCabin_cdt" Size="0.05" _template="IgnitionSignalWhite">

                              </Flare>
                              <Flare Color="g(255; 253; 246) x 0.4" Pos="(3.692; 1.136; 0.517)" ParentFrame="BoneCabin_cdt" Size="0.05" _template="IgnitionSignalWhite">

                              </Flare>
                              <Flare Color="g(255; 253; 246) x 0.4" Pos="(3.701; 1.136; 0.489)" ParentFrame="BoneCabin_cdt" Size="0.05" _template="IgnitionSignalWhite">

                              </Flare>
                              <Flare Color="g(255; 253; 246) x 0.4" Pos="(3.71; 1.136; 0.462)" ParentFrame="BoneCabin_cdt" Size="0.05" _template="IgnitionSignalWhite">

                              </Flare>
                              <Flare _template="IgnitionSignalRed" Pos="(-1.184; 1.246; 0.84)">

                              </Flare>
                              <Flare _template="IgnitionSignalRed" Pos="(-1.184; 1.246; -0.84)">

                              </Flare>
                                <Light Color="g(255; 190; 100) x 0.4" ParentFrame="BoneCabin_cdt" _template="IgnitionSignalWhite" Pos="(3.95; 1.209; 0.528)">

                                </Light>
                                <Light Color="g(255; 190; 100) x 0.4" ParentFrame="BoneCabin_cdt" _template="IgnitionSignalWhite" Pos="(3.95; 1.209; -0.528)">

                                </Light>
                                <Light Pos="(-1.384; 1.059; 0)" _template="StopSignal" Color="g(102; 1; 1) x 4">

                                </Light>
                      </Ignition>
                      <HeadLight>
                                <Flare Color="g(255; 235; 200) x 0.5" Pos="(3.627; 1.209; 0.528)" Size="0.3" _template="HeadLight">

                                </Flare>
                                <Flare Color="g(255; 235; 200) x 0.5" Pos="(3.627; 1.209; -0.528)" Size="0.3" _template="HeadLight">

                                </Flare>
                                <Flare Color="g(255; 253; 246) x 0.6" Pos="(3.575; 1.185; 0.654)" Size="0.2" _template="HeadLight">

                                </Flare>
                                <Flare Color="g(255; 253; 246) x 0.6" Pos="(3.575; 1.185; -0.654)" Size="0.2" _template="HeadLight">

                                </Flare>
                                <Flare Color="g(220; 220; 255) x 0.07" Pos="(3.661; 1.187; 0.653)" Size="0.7" _template="BlueStreak">

                                </Flare>
                                <Flare Color="g(220; 220; 255) x 0.07" Pos="(3.661; 1.187; -0.653)" Size="0.7" _template="BlueStreak">

                                </Flare>
                                  <Model Org="(3.661; 1.187; 0.653)" _template="HeadLightRay">

                                  </Model>
                                  <Model Org="(3.661; 1.187; -0.653)" _template="HeadLightRay">

                                  </Model>
                      </HeadLight>
                      <ReverseSignals>
                                  <Flare Size="0.3" _template="ReverseSignal" Pos="(-1.186; 0.982; 0.823)">

                                  </Flare>
                                  <Flare Size="0.3" _template="ReverseSignal" Pos="(-1.186; 0.982; -0.823)">

                                  </Flare>
                                  <Flare Color="g(220; 220; 255) x 0.05" Pos="(-1.186; 0.982; 0.823)" Dir="(-1; 0; 0)" Size="0.4" _template="BlueStreak">

                                  </Flare>
                                  <Flare Color="g(220; 220; 255) x 0.05" Pos="(-1.186; 0.982; -0.823)" Dir="(-1; 0; 0)" Size="0.4" _template="BlueStreak">

                                  </Flare>
                                    <Light _template="ReverseSignal" Pos="(-1.186; 0.982; 0.823)">

                                    </Light>
                                    <Light _template="ReverseSignal" Pos="(-1.186; 0.982; -0.823)">

                                    </Light>
                      </ReverseSignals>
      </ModelAttachments>
      <TruckData EngineIconMesh="env/engine_small" EngineStartDelay="1.8" TruckType="SCOUT" ExhaustStartTime="1.6" SteerSpeed="0.032" TruckImage="khansentinelmchr" DiffLockType="Uninstalled" Responsiveness="0.6" FuelCapacity="80" EngineIconScale="1.15" BackSteerSpeed="0.15">
                        <Driver SteeringWheelPos="(2.057; 1.531; 0.418)" Pos="(1.722; 1.144; 0.425)" AnimationSet="Scout">

                        </Driver>
                        <Shafts>
                                <Shaft Mesh="env/minishaft" SocketPointB="Shaft1b" SocketPointA="Shaft1a">

                                </Shaft>
                                <Shaft Mesh="env/minishaft" SocketPointB="Shaft2b" SocketPointA="Shaft2a">

                                </Shaft>
                                <Shaft Mesh="env/minishaft" SocketPointB="Shaft3b" SocketPointA="Shaft3a">

                                </Shaft>
                        </Shafts>
                        <FuelTank DamageCapacity="50">

                        </FuelTank>
                        <Dashboard>
                                    <Gauge Org="(2.368; 1.524; 0.509)" OutputAngles="(-115; 115)" Mesh="trucks/arrows/khan_317_sentinel_arrows_1" Damping="0.99" InputRange="(0;1)" InputType="rpm" Dir="(-0.989; 0.148; 0)">

                                    </Gauge>
                                    <Gauge Org="(2.368; 1.524; 0.328)" OutputAngles="(-116; 116)" Dir="(-0.989; 0.148; 0)" InputType="speed" Mesh="trucks/arrows/khan_317_sentinel_arrows_1" InputRange="(0;200)">

                                    </Gauge>
                                    <Gauge Org="(2.368; 1.499; 0.509)" OutputAngles="(-126; -186)" Mesh="trucks/arrows/khan_317_sentinel_arrows_2" Damping="0.99" InputRange="(0;1)" InputType="engineEnabled" Dir="(-0.989; 0.148; 0)">

                                    </Gauge>
                                    <Gauge Org="(2.368; 1.499; 0.328)" OutputAngles="(-127; -233)" Mesh="trucks/arrows/khan_317_sentinel_arrows_2" Damping="0.99" InputRange="(0;1)" InputType="fuel" Dir="(-0.989; 0.148; 0)">

                                    </Gauge>
                        </Dashboard>
                        <SoundsWheels _template="Default">

                        </SoundsWheels>
                        <GearboxSocket Default="g_scout_default" Type="gearboxes_scouts">

                        </GearboxSocket>
                        <Steam Origin="(3.04; 1.154; 0)">

                        </Steam>
                        <Sounds DisableReversePitch="false" MinDist="8.0" _template="Default" Origin="(2.889; 1.071; 0)">
                                          <BrakesSqueal Sound="trucks/khan_317_sentinel/khan_317_sentinel_brakes_squeal">

                                          </BrakesSqueal>
                                          <AbruptStop Sound="">

                                          </AbruptStop>
                                          <EngineLow Sound="trucks/khan_317_sentinel/khan_317_sentinel_low">

                                          </EngineLow>
                                          <EngineRev Sound="">

                                          </EngineRev>
                                          <GearFail Sound="trucks/common/truck_gear_wrong/truck_gear_wrong_small_modern">

                                          </GearFail>
                                          <Honk Sound="trucks/khan_317_sentinel/khan_317_sentinel_honk">

                                          </Honk>
                                          <EngineStop Sound="trucks/khan_317_sentinel/khan_317_sentinel_stop">

                                          </EngineStop>
                                          <Handbrake Sound="trucks/khan_317_sentinel/khan_317_sentinel_handbrake_on">

                                          </Handbrake>
                                          <AWD Sound="trucks/hummer_h2/hummer_h2_awd">

                                          </AWD>
                                          <Gear Sound="trucks/khan_317_sentinel/khan_317_sentinel_gear_shift">

                                          </Gear>
                                          <EngineIdle_2d IsSound2D="true" Sound="trucks/khan_317_sentinel/khan_317_sentinel_idle_2d">

                                          </EngineIdle_2d>
                                          <HandbrakeOff Sound="trucks/khan_317_sentinel/khan_317_sentinel_handbrake_off">

                                          </HandbrakeOff>
                                          <EngineHeavy_2d IsSound2D="true" Sound="">

                                          </EngineHeavy_2d>
                                          <ChassisStress Sound="trucks/hummer_h2/hummer_h2_chassis">

                                          </ChassisStress>
                                          <Reverse Sound="trucks/khan_317_sentinel/khan_317_sentinel_reverse">

                                          </Reverse>
                                          <EngineHigh_2d IsSound2D="true" Sound="trucks/khan_317_sentinel/khan_317_sentinel_high_2d">

                                          </EngineHigh_2d>
                                          <EngineIdle Sound="trucks/khan_317_sentinel/khan_317_sentinel_idle">

                                          </EngineIdle>
                                          <EngineAccel Sound="trucks/khan_317_sentinel/khan_317_sentinel_acc">

                                          </EngineAccel>
                                          <EngineHigh Sound="trucks/khan_317_sentinel/khan_317_sentinel_high">

                                          </EngineHigh>
                                          <BrakePull Sound="">

                                          </BrakePull>
                                          <EngineLow_2d IsSound2D="true" Sound="trucks/khan_317_sentinel/khan_317_sentinel_low_2d">

                                          </EngineLow_2d>
                                          <EngineHeavy Sound="">

                                          </EngineHeavy>
                                          <BrakeRelease Sound="">

                                          </BrakeRelease>
                                          <EngineStart Sound="trucks/khan_317_sentinel/khan_317_sentinel_start">

                                          </EngineStart>
                        </Sounds>
                        <Exhaust IsLight="true" Dir="(-0.825; -0.293; -0.484)" Origin="(-1.075; 0.577; 0.395)" Speed="2.0">

                        </Exhaust>
                        <SoundsDamage _template="Scout">

                        </SoundsDamage>
                        <Shakers>
                                                  <Shaker MaxFrequency="3" MaxAngle="(1.1; 1.1; 1.1)" Frame="BoneExhaust">

                                                  </Shaker>
                                                  <Shaker MaxFrequency="0.25" MaxAngle="(2; 2; 2)" Frame="BoneGearstick">

                                                  </Shaker>
                        </Shakers>
                        <Camera Center="(-0.3; 0; 0)" RadiusMultiplier="0.8">
                                                  <Cockpit WindshieldShadingTexture="trucks/khan_317_sentinel_glass__sh_d.tga" WindshieldDiffuseTexture="trucks/khan_317_sentinel_glass__d_a.tga" _template="Default" ViewPos="(1.63; 1.845; 0.425)">
                                                        <Mirror FOVScale="1.1" ClipDir="(-0.95; 0.136; -0.28)" Pos="(2.201; 1.599; 0.928)" Size="(0.235; 0.18)" MeshFrame="mirror_left" ReflectionDir="(-0.95; 0.136; -0.28)">

                                                        </Mirror>
                                                        <Mirror FOVScale="1.3" ClipDir="(-0.848; 0.072; 0.524)" Pos="(2.186; 1.599; -0.916)" Size="(0.235; 0.18)" MeshFrame="mirror_right" ReflectionDir="(-0.848; 0.072; 0.524)">

                                                        </Mirror>
                                                        <Mirror FOVScale="2" ClipDir="(-0.939; -0.079; 0.336)" Pos="(2.085; 1.913; 0)" Size="(0.235; 0.09)" MeshFrame="mirror_cab" ReflectionDir="(-0.939; -0.079; 0.336)">

                                                        </Mirror>
                                                      <Rear HorTransitionEnd="-1.2" ViewPosOffset="(0.2; -0.1; 0.55)" HorTransitionStart="-1.1">

                                                      </Rear>
                                                  </Cockpit>
                        </Camera>
                        <SuspensionSocket Default="khan_317_sentinel_suspension_default" Type="s_khan_317_sentinel" MaxWheelRadiusWithoutSuspension="0.3">

                        </SuspensionSocket>
                        <Wheels DefaultTire="highway_1" DefaultWheelType="wheels_scout1" DefaultRim="rim_1">
                                                        <Wheel _template="FrontWheel" Pos="(3.004; 0.428; 0.803)">

                                                        </Wheel>
                                                        <Wheel Pos="(3.004; 0.428; 0.803)" _template="FrontWheel" RightSide="true">

                                                        </Wheel>
                                                        <Wheel _template="RearWheel" Pos="(0; 0.428; 0.803)">

                                                        </Wheel>
                                                        <Wheel Pos="(0; 0.428; 0.803)" _template="RearWheel" RightSide="true">

                                                        </Wheel>
                        </Wheels>
                        <Axles>
                                                          <Axle Frame="BoneAxleRear">

                                                          </Axle>
                                                          <Axle Frame="BoneAxleFront">

                                                          </Axle>
                        </Axles>
                        <Damage>
                                                            <DamageArea Max="(3.7; 1.497; 0.6)" Type="Engine" ParentFrame="BoneChassis_cdt" Min="(2.599; 0.75; -0.6)">

                                                            </DamageArea>
                                                            <DamageArea Max="(1.466; 1; 0.891)" Type="FuelTank" ParentFrame="BoneChassis_cdt" Min="(0.457; 0.4; -0.891)">

                                                            </DamageArea>
                        </Damage>
                        <OcclusionMap Texture="trucks/occlusion/chassis_small__s_d_a.tga" MaxX="4.3" MinX="-1.85" HalfSizeZ="1.8">

                        </OcclusionMap>
                        <EngineSocket Default="ru_scout_modern_engine_0" Type="e_ru_scout_modern">

                        </EngineSocket>
                        <WinchUpgradeSocket Default="w_scout_default" IsUpgradable="true" Type="winches_scouts">

                        </WinchUpgradeSocket>
                        <SteeringWheel Frame="BoneSteering">

                        </SteeringWheel>
                                                                  <CompatibleWheels OffsetZ="0.045" Scale="0.42" Type="wheels_scout1">

                                                                  </CompatibleWheels>
                                                                  <CompatibleWheels OffsetZ="0.045" Scale="0.42" Type="wheels_scout2">

                                                                  </CompatibleWheels>
                                                                  <CompatibleWheels OffsetZ="0.045" Scale="0.47" Type="wheels_scout1">

                                                                  </CompatibleWheels>
                                                                  <CompatibleWheels OffsetZ="0.055" Scale="0.47" Type="wheels_scout2">

                                                                  </CompatibleWheels>
                                                                  <CompatibleWheels OffsetZ="0.1" Scale="0.52" Type="wheels_scout2">

                                                                  </CompatibleWheels>
                        <SteeringRack RackHalfSizeZ="0.706" Frame="BoneRack" FrameSteerLeft="BoneRackLeft" FrameSteerRight="BoneRackRight">

                        </SteeringRack>
      </TruckData>
  </Truck>
  <_templates Include="trucks">
        <Wheel>
            <RearWheel Torque="default" Location="rear" ConnectedToHandbrake="true">

            </RearWheel>
            <FrontWheel SteeringCastor="8" Torque="full" SteeringAngle="32" Location="front">

            </FrontWheel>
        </Wheel>
        <Body>
              <SideMirror Collisions="None" Mass="5">
                  <Constraint MinLimit="-4" Type="Hinge" MaxLimit="4" AxisLocal="(0; 1; 0)">
                      <Motor Spring="200" Type="Spring" Damping="3">

                      </Motor>
                  </Constraint>
              </SideMirror>
              <Sunshield Collisions="None" Mass="3">
                    <Constraint MinLimit="-5" Type="Hinge" MaxLimit="5" AxisLocal="(0; 0; 1)">
                        <Motor Spring="20" Type="Spring" Damping="0.5">

                        </Motor>
                    </Constraint>
              </Sunshield>
              <Key Collisions="None" Mass="1">
                      <Constraint MinLimit="-30" Type="Hinge" MaxLimit="30" AxisLocal="(0; 0; 1)">
                          <Motor Spring="0.005" Type="Spring" Damping="0.005">

                          </Motor>
                      </Constraint>
              </Key>
              <Belt Collisions="None" Mass="2">
                        <Constraint MinLimit="-4" Type="Hinge" MaxLimit="4" AxisLocal="(0; 0; 1)">
                            <Motor Spring="10" Type="Spring" Damping="10">

                            </Motor>
                        </Constraint>
              </Belt>
        </Body>
        <Flare>
                <Beacon Color="g(169; 115; 0) x 0.6" AspectRatio="1.4" SizeMultAtDay="0.5" DirAngle="180" Size="0.2" ColorMultAtDay="0.3">

                </Beacon>
        </Flare>
  </_templates>