  <Truck>
      <TruckData EngineIconMesh="env/engine_pacific_p16" EngineStartDelay="3.2" TruckType="HEAVY" ExhaustStartTime="2.8" SteerSpeed="0.022" TruckImage="tatra813mchr" DiffLockType="Installed" Responsiveness="0.2" FuelCapacity="380" EngineIconScale="0.8" BackSteerSpeed="0.015">
          <Driver SteeringWheelPos="(3.293; 2.053; 0.722)" Pos="(2.907; 1.708; 0.672)" AnimationSet="HeavyTruck">

          </Driver>
          <FuelTank DamageCapacity="100">

          </FuelTank>
          <Dashboard>
                    <Gauge Org="(3.614; 1.976; 0.861)" OutputAngles="(-90; 42)" Mesh="trucks/arrows/tatra_t813_arrows_1" Damping="0.99" InputRange="(0;1)" InputType="engineEnabled" Dir="(-0.771; 0.637; 0)">

                    </Gauge>
                    <Gauge Org="(3.63; 2.003; 0.735)" OutputAngles="(72; 252)" Mesh="trucks/arrows/tatra_t813_arrows_2" Damping="0.99" InputRange="(0;1)" InputType="rpm" Dir="(-0.761; 0.648; -0.018)">

                    </Gauge>
                    <Gauge Org="(3.585; 1.945; 0.735)" OutputAngles="(-142; -20)" Mesh="trucks/arrows/tatra_t813_arrows_3" Damping="0.99" InputRange="(0;1)" InputType="engineEnabled" Dir="(-0.759; 0.651; 0)">

                    </Gauge>
                    <Gauge Org="(3.613; 1.977; 0.609)" OutputAngles="(-121; 119)" Dir="(-0.762; 0.647; -0.001)" InputType="speed" Mesh="trucks/arrows/tatra_t813_arrows_4" InputRange="(0;90)">

                    </Gauge>
                    <Gauge Org="(3.613; 1.977; 0.85)" OutputAngles="(-96; -77)" Mesh="trucks/arrows/tatra_t813_arrows_5" Damping="0.99" InputRange="(0;1)" InputType="engineEnabled" Dir="(-0.771; 0.637; -0.001)">

                    </Gauge>
                    <Gauge Org="(3.612; 1.976; 0.871)" OutputAngles="(67; 81)" Mesh="trucks/arrows/tatra_t813_arrows_5" Damping="0.99" InputRange="(0;1)" InputType="engineEnabled" Dir="(-0.771; 0.637; 0.001)">

                    </Gauge>
                    <Gauge Org="(3.621; 1.986; 0.861)" OutputAngles="(165; 176)" Mesh="trucks/arrows/tatra_t813_arrows_5" Damping="0.99" InputRange="(0;1)" InputType="engineEnabled" Dir="(-0.771; 0.637; 0)">

                    </Gauge>
                    <Gauge Org="(3.606; 1.969; 0.861)" OutputAngles="(-15; 14)" Mesh="trucks/arrows/tatra_t813_arrows_5" Damping="0.99" InputRange="(0;1)" InputType="fuel" Dir="(-0.771; 0.637; 0)">

                    </Gauge>
          </Dashboard>
          <SoundsWheels _template="Default">

          </SoundsWheels>
          <GearboxSocket Default="g_special_default" Type="gearboxes_special, gearboxes_special_kolob">

          </GearboxSocket>
                      <Steam Origin="(-0.198; 1.683; 0)">

                      </Steam>
                      <Steam Origin="(1.465; 1.083; 0)" Scale="0.5">

                      </Steam>
          <Sounds DisableReversePitch="true" MinDist="15.0" _template="Default" Origin="(0.76; 1.2; 0)">
                          <BrakesSqueal Sound="trucks/tatra_813/tatra_813_brakes_squeal">

                          </BrakesSqueal>
                          <AbruptStop Sound="trucks/common/truck_swing_big_rnd_set/truck_swing_big_rnd">

                          </AbruptStop>
                          <EngineLow Sound="trucks/tatra_813/tatra_813_low">

                          </EngineLow>
                          <EngineRev Sound="trucks/tatra_813/tatra_813_rev">

                          </EngineRev>
                          <EngineAccel Sound="trucks/tatra_813/tatra_813_acc">

                          </EngineAccel>
                          <Honk Sound="trucks/tatra_813/tatra_813_honk">

                          </Honk>
                          <EngineStop Sound="trucks/tatra_813/tatra_813_stop">

                          </EngineStop>
                          <Handbrake Sound="trucks/tatra_813/tatra_813_handbrake_on">

                          </Handbrake>
                          <EngineIdle_2d IsSound2D="true" Sound="trucks/tatra_813/tatra_813_idle_2d">

                          </EngineIdle_2d>
                          <HandbrakeOff Sound="trucks/tatra_813/tatra_813_handbrake_off">

                          </HandbrakeOff>
                          <EngineHeavy_2d IsSound2D="true" Sound="trucks/tatra_813/tatra_813_heavy_2d">

                          </EngineHeavy_2d>
                          <ChassisStress Sound="trucks/common/truck_stress_rnd_set/truck_stress_rnd">

                          </ChassisStress>
                          <Reverse Sound="trucks/tatra_813/tatra_813_back_beeper">

                          </Reverse>
                          <EngineHigh_2d IsSound2D="true" Sound="trucks/tatra_813/tatra_813_high_2d">

                          </EngineHigh_2d>
                          <EngineIdle Sound="trucks/tatra_813/tatra_813_idle">

                          </EngineIdle>
                          <EngineLow_2d IsSound2D="true" Sound="trucks/tatra_813/tatra_813_low_2d">

                          </EngineLow_2d>
                          <EngineHigh Sound="trucks/tatra_813/tatra_813_high">

                          </EngineHigh>
                          <EngineHeavy Sound="trucks/tatra_813/tatra_813_heavy">

                          </EngineHeavy>
                          <BrakeRelease Sound="trucks/tatra_813/tatra_813_brake_release">

                          </BrakeRelease>
                          <EngineStart Sound="trucks/tatra_813/tatra_813_start">

                          </EngineStart>
          </Sounds>
          <Intake Size="0.75" Origin="(4.038; 1.623; 0)" Dir="(1; 0; 0)">

          </Intake>
          <SoundsDamage _template="Heavy">

          </SoundsDamage>
          <Damage>
                                  <DamageArea Max="(3.705; 1.631; 0.5)" Type="Engine" Min="(2.049; 0.631; -0.5)">

                                  </DamageArea>
                                  <DamageArea Max="(0.3; 1.358; 1.3)" Type="FuelTank" Min="(-1; 0.65; -1.3)">

                                  </DamageArea>
          </Damage>
          <Camera ParentFrame="BoneChassis_cdt" Center="(-1.7; 0; 0)">
                                  <Cockpit WindshieldShadingTexture="trucks/tatra_t813_glass__sh_d.tga" WindshieldDiffuseTexture="trucks/tatra_t813_glass__d_a.tga" _template="Default" ViewPos="(2.971; 2.402; 0.722)">
                                        <Mirror FOVScale="1.2" Pos="(3.267; 2.304; 1.181)" ClipDir="(-0.940; 0.000; -0.342)" ReflectionDir="(-0.921; 0.000; -0.391)" Size="(0.18; 0.26)" ClipOffset="0.1" MeshFrame="mirror_left">

                                        </Mirror>
                                        <Mirror FOVScale="1.6" Pos="(3.279; 2.304; -1.16)" ClipDir="(-0.766; 0.000; 0.643)" ReflectionDir="(-0.788; 0.000; 0.616)" Size="(0.18; 0.26)" ClipOffset="0.1" MeshFrame="mirror_right">

                                        </Mirror>
                                  </Cockpit>
          </Camera>
          <Shakers>
                                      <Shaker MinAngle="(0.5; 0.5; 0.5)" Frame="BoneStickShaker1" MaxAngle="(1; 1; 1)" MaxFrequency="4">

                                      </Shaker>
                                      <Shaker MinAngle="(0.5; 0.5; 0.5)" Frame="BoneStickShaker2" MaxAngle="(1; 1; 1)" MaxFrequency="4">

                                      </Shaker>
                                      <Shaker MinAngle="(0.5; 0.5; 0.5)" Frame="BoneStickShaker3" MaxAngle="(1; 1; 1)" MaxFrequency="4">

                                      </Shaker>
                                      <Shaker MinAngle="(0.5; 0.5; 0.5)" Frame="BoneStickShaker4" MaxAngle="(1; 1; 1)" MaxFrequency="4">

                                      </Shaker>
          </Shakers>
          <SuspensionSocket Default="tatra_t813_suspension_default" Type="s_tatra_t813" MaxWheelRadiusWithoutSuspension="0.76">

          </SuspensionSocket>
          <Wheels DefaultTire="tire" DefaultWheelType="wheels_tatra_t813" DefaultRim="rim">
                                          <Wheel _template="FirstAxle" Pos="(2.474; 0.638; 1.050)">

                                          </Wheel>
                                          <Wheel Pos="(2.474; 0.638; 1.050)" _template="FirstAxle" RightSide="true">

                                          </Wheel>
                                          <Wheel _template="SecondAxle" Pos="(0.832; 0.638; 1)">

                                          </Wheel>
                                          <Wheel Pos="(0.832; 0.638; 1)" _template="SecondAxle" RightSide="true">

                                          </Wheel>
                                          <Wheel _template="RearAxle" Pos="(-1.402; 0.638; 1)">

                                          </Wheel>
                                          <Wheel Pos="(-1.402; 0.638; 1)" _template="RearAxle" RightSide="true">

                                          </Wheel>
                                          <Wheel _template="RearAxle" Pos="(-2.844; 0.638; 1)">

                                          </Wheel>
                                          <Wheel Pos="(-2.844; 0.638; 1)" _template="RearAxle" RightSide="true">

                                          </Wheel>
          </Wheels>
          <Axles>
                                            <Axle IsIndependent="true" Frame="BoneAxle1L">

                                            </Axle>
                                            <Axle IsIndependent="true" Frame="BoneAxle1R">

                                            </Axle>
                                            <Axle IsIndependent="true" Frame="BoneAxle2L">

                                            </Axle>
                                            <Axle IsIndependent="true" Frame="BoneAxle2R">

                                            </Axle>
                                            <Axle IsIndependent="true" Frame="BoneAxle3L">

                                            </Axle>
                                            <Axle IsIndependent="true" Frame="BoneAxle3R">

                                            </Axle>
                                            <Axle IsIndependent="true" Frame="BoneAxle4L">

                                            </Axle>
                                            <Axle IsIndependent="true" Frame="BoneAxle4R">

                                            </Axle>
          </Axles>
          <EngineSocket Default="ru_special_engine_0" Type="e_ru_special">

          </EngineSocket>
          <OcclusionMap HalfSizeZ="2.6" MinX="-4.2" MaxX="4.6">

          </OcclusionMap>
                                              <LimitedFluid Type="Box" SizeX="0.623" Center="(-0.314; 0.992; 0.909)" SizeY="0.592" SizeZ="0.598">

                                              </LimitedFluid>
                                              <LimitedFluid Type="Box" SizeX="0.623" Center="(-0.314; 0.992; -0.909)" SizeY="0.592" SizeZ="0.598">

                                              </LimitedFluid>
          <WinchUpgradeSocket Default="w_heavy_trucks_default" IsUpgradable="true" Type="winches_heavy_trucks">

          </WinchUpgradeSocket>
          <SteeringWheel Frame="BoneSteering">

          </SteeringWheel>
                                                    <CompatibleWheels Type="wheels_tatra_t813" RearOffsetZ="0.04" Scale="0.64">

                                                    </CompatibleWheels>
                                                    <CompatibleWheels Type="wheels_heavy_single" RearOffsetZ="0.04" Scale="0.64">

                                                    </CompatibleWheels>
                                                      <SteeringRack RackHalfSizeZ="0.895" Frame="BoneRack1" FrameSteerLeft="BoneAxle1Rack_L" FrameSteerRight="BoneAxle1Rack_R">

                                                      </SteeringRack>
                                                      <SteeringRack RackHalfSizeZ="0.895" Frame="BoneRack2" FrameSteerLeft="BoneAxle2Rack_L" FrameSteerRight="BoneAxle2Rack_R">

                                                      </SteeringRack>
      </TruckData>
      <GameData Country="RU,CAS" ExcludeAddons="trailer_log_pole" Price="177100" UnlockByRank="1" UnlockByExploration="false">
            <CustomizationCameras>
                  <CameraPos Interior="true" Position="(5.976; 2.505; -0.574)" FOV="32.0" InterestPosition="(8.177; 1.082; 3.488)" Name="sticker_1">

                  </CameraPos>
                  <CameraPos InterestPosition="(2.608; 1.692; -0.304)" Name="addon_1" MaxXRotation="360" Position="(-7.274; 4.273; 9.012)" MaxZoom="2" FOV="32.0" MaxYRotation="360">

                  </CameraPos>
                  <CameraPos InterestPosition="(3.917; 2.341; -1.149)" Name="addon_2" MaxXRotation="360" Position="(9.628; 4.331; 1.437)" MaxZoom="2" FOV="32.0" MaxYRotation="360">

                  </CameraPos>
                  <CameraPos Interior="true" Position="(5.714; 2.370; -0.507)" FOV="32.0" InterestPosition="(8.439; 2.177; 0.671)" Name="mirror_mount">

                  </CameraPos>
                  <CameraPos InterestPosition="(4.38; 1.459; 1.201)" Name="side_r" MaxXRotation="360" Position="(0.375; 2.349; -5.941)" MaxZoom="2" FOV="32.0" MaxYRotation="360">

                  </CameraPos>
                  <CameraPos InterestPosition="(6.727; 2.16; -0.851)" Name="hood_ornament" MaxXRotation="360" Position="(9.918; 2.816; -1.653)" MaxZoom="2" FOV="32.0" MaxYRotation="360">

                  </CameraPos>
                  <CameraPos Interior="true" Position="(5.69; 2.717; -0.795)" FOV="32.0" InterestPosition="(7.9; 0.42; 2.478)" Name="sticker">

                  </CameraPos>
                  <CameraPos InterestPosition="(9.181; 1.158; -0.683)" Name="door_r_sticker" MaxXRotation="360" Position="(2.991; 2.459; 4.731)" MaxZoom="2" FOV="32.0" MaxYRotation="360">

                  </CameraPos>
                  <CameraPos InterestPosition="(7.013; 1.785; -0.523)" Name="roof" MaxXRotation="360" Position="(12.239; 3.484; 2.419)" MaxZoom="2" FOV="32.0" MaxYRotation="360">

                  </CameraPos>
                  <CameraPos InterestPosition="(6.954; 1.622; -0.849)" Name="glass_sticker" Position="(11.526; 2.689; 1.541)" FOV="32.0">

                  </CameraPos>
                  <CameraPos InterestPosition="(5.461; 1.397; -0.216)" Name="hoods" MaxXRotation="360" Position="(12.724; 2.120; -1.717)" MaxZoom="2" FOV="32.0" MaxYRotation="360">

                  </CameraPos>
                  <CameraPos Interior="true" Position="(6.297; 2.323; -0.935)" FOV="32.0" InterestPosition="(6.272; 2.277; 2.389)" Name="sticker_2">

                  </CameraPos>
                  <CameraPos InterestPosition="(6.409; 1.497; -0.536)" Name="side_l" MaxXRotation="360" Position="(-0.335; 4.157; 4.161)" MaxZoom="2" FOV="32.0" MaxYRotation="360">

                  </CameraPos>
                  <CameraPos Interior="true" Position="(5.858; 2.511; -0.736)" FOV="32.0" InterestPosition="(9.063; 1.381; 1.023)" Name="bubble_head">

                  </CameraPos>
                  <CameraPos InterestPosition="(4.136; 0.634; 0.126)" Name="wheels" MaxXRotation="360" Position="(8.844; 0.97; -4.882)" MaxZoom="2" FOV="32.0" MaxYRotation="360">

                  </CameraPos>
                  <CameraPos InterestPosition="(5.197; 1.735; -0.23)" Name="default" MaxXRotation="360" Position="(13.641; 2.738; -4.536)" MaxZoom="2" FOV="32.0" MaxYRotation="360">

                  </CameraPos>
                  <CameraPos InterestPosition="(0.479; 0.992; -0)" Name="rear" MaxXRotation="360" Position="(-5.767; 1.805; 2.899)" MaxZoom="2" FOV="32.0" MaxYRotation="360">

                  </CameraPos>
                  <CameraPos InterestPosition="(5.89; 1.697; -0.956)" Name="door_l_sticker" Position="(3.501; 2.725; -5.13)" FOV="32.0">

                  </CameraPos>
            </CustomizationCameras>
                <CraneSocket Pos="(4.091; 1.175; -0.499)">

                </CraneSocket>
                <CraneSocket Pos="(4.091; 1.175; 0.499)">

                </CraneSocket>
                <CraneSocket Pos="(-0.839; 1.079; -0.509)">

                </CraneSocket>
                <CraneSocket Pos="(-0.839; 1.079; 0.509)">

                </CraneSocket>
                <CraneSocket Pos="(-4.309; 0.929; 0)">

                </CraneSocket>
                  <AddonSockets>
                      <Socket Offset="(-4.309; 0.929; 0)" Names="Trailer">

                      </Socket>
                      <Socket Offset="(-2.136; 1.649; 0)" Names="LargeSemitrailer, LargeSemitrailerOiltank">

                      </Socket>
                  </AddonSockets>
                  <AddonSockets>
                      <Socket ParentFrame="BoneAddonAttachment_cdt" Offset="(0; 0; 0)" Names="TatraT813Sideboard">

                      </Socket>
                      <Socket NamesBlock="Trailer, SaddleHigh, TatraT813ChassisWinch" Names="FrameAddonTow" ParentFrame="BoneChassis_cdt" Offset="(-2.3; 1.08; 0)">

                      </Socket>
                  </AddonSockets>
                  <AddonSockets>
                    <Socket Names="TatraT813ChassisWinch">

                    </Socket>
                  </AddonSockets>
                  <AddonSockets DefaultAddon="tatra_t813_chassis_winch" RequiredAddonIfNoConflicts="tatra_t813_chassis_winch">
                    <Socket Offset="(-2.133; 1.184; 0)" NamesBlock="TatraT813ChassisWinch, TatraT813Sideboard, FrameAddonTowPlatform" Names="SaddleHigh">
                          <ExtraParent Offset="(0; 0; -0.06)" Frame="BoneChassis_cdt">

                          </ExtraParent>
                          <ExtraParent Offset="(0; 0; 0.06)" Frame="BoneChassis_cdt">

                          </ExtraParent>
                    </Socket>
                  </AddonSockets>
                  <AddonSockets DefaultAddon="tatra_t813_exhaust_default">
                      <Socket ParentFrame="BoneChassis_cdt" Offset="(0; 0; 0)" Names="TatraT813ExhaustDefault">

                      </Socket>
                      <Socket ParentFrame="BoneChassis_cdt" Offset="(0; 0; 0)" Names="TatraT813Exhaust">

                      </Socket>
                  </AddonSockets>
                  <AddonSockets DefaultAddon="tatra_t813_bumper_default">
                    <Socket ParentFrame="BoneChassis_cdt" Offset="(0; 0; 0)" Names="TatraT813Bumper">

                    </Socket>
                  </AddonSockets>
                  <AddonSockets>
                    <Socket ParentFrame="BoneChassis_cdt" Offset="(0; 0; 0)" Names="TatraT813Airfilter">

                    </Socket>
                  </AddonSockets>
                  <AddonSockets>
                    <Socket ParentFrame="BoneChassis_cdt" Offset="(0; 0; 0)" Names="TatraT813Beacon">

                    </Socket>
                  </AddonSockets>
                  <AddonSockets>
                    <Socket ParentFrame="BoneChassis_cdt" Offset="(0; 0; 0)" Names="TatraT813Gabarite">

                    </Socket>
                  </AddonSockets>
                  <AddonSockets>
                      <Socket ParentFrame="BoneChassis_cdt" Offset="(0; 0; 0)" Names="TatraT813Horn1">

                      </Socket>
                      <Socket ParentFrame="BoneChassis_cdt" Offset="(0; 0; 0)" Names="TatraT813Horn2">

                      </Socket>
                  </AddonSockets>
                  <AddonSockets DefaultAddon="tatra_t813_spotlight_default">
                    <Socket NamesBlock="TatraT813Horn1, TatraT813Spotlight, TatraT813Beacon" Names="TatraT813RooftopTrunk" ParentFrame="BoneChassis_cdt" Offset="(0; 0; 0)">

                    </Socket>
                  </AddonSockets>
                  <AddonSockets>
                    <Socket ParentFrame="BoneChassis_cdt" Offset="(0; 0; 0)" Names="TatraT813Spotlight">

                    </Socket>
                  </AddonSockets>
                  <AddonSockets>
                    <Socket Offset="(3.871; 2.012; 0.379)" InCockpit="true" Names="StuffDashboard">

                    </Socket>
                  </AddonSockets>
                  <AddonSockets>
                    <Socket Offset="(3.751; 2.676; 0.374)" InCockpit="true" Names="StuffAirfreshener">

                    </Socket>
                  </AddonSockets>
                  <AddonSockets>
                    <Socket InCockpit="true" Names="TatraT813Sticker_Door_R">

                    </Socket>
                  </AddonSockets>
                  <AddonSockets>
                    <Socket InCockpit="true" Names="TatraT813Sticker_Door_L">

                    </Socket>
                  </AddonSockets>
                  <AddonSockets>
                    <Socket InCockpit="true" Names="TatraT813Sticker_GlassTop">

                    </Socket>
                  </AddonSockets>
                  <AddonSockets>
                    <Socket InCockpit="true" Names="TatraT813Sticker_GlassBottom">

                    </Socket>
                  </AddonSockets>
                  <AddonSockets>
                    <Socket InCockpit="true" Names="tatraT813Sticker_1x1_01">

                    </Socket>
                  </AddonSockets>
                  <AddonSockets>
                    <Socket InCockpit="true" Names="tatraT813Sticker_1x1_02">

                    </Socket>
                  </AddonSockets>
                  <AddonSockets>
                    <Socket InCockpit="true" Names="tatraT813Sticker_1x1_03">

                    </Socket>
                  </AddonSockets>
                  <AddonSockets>
                    <Socket InCockpit="true" Names="tatraT813Sticker_1x2_01">

                    </Socket>
                  </AddonSockets>
                  <AddonSockets>
                    <Socket InCockpit="true" Names="tatraT813Sticker_1x2_02">

                    </Socket>
                  </AddonSockets>
                  <AddonSockets>
                    <Socket InCockpit="true" Names="tatraT813Sticker_1x4_01">

                    </Socket>
                  </AddonSockets>
                  <AddonSockets DefaultAddon="tatra_t813_diff_lock_default">
                    <Socket ParentFrame="BoneChassis_cdt" Offset="(0; 0; 0)" Names="Tatra813TDiffLock">

                    </Socket>
                  </AddonSockets>
                    <WinchSocket Pos="(4.091; 1.175; -0.499)">

                    </WinchSocket>
                    <WinchSocket Pos="(4.091; 1.175; 0.499)">

                    </WinchSocket>
                    <WinchSocket Pos="(-0.839; 1.079; -0.509)">

                    </WinchSocket>
                    <WinchSocket Pos="(-0.839; 1.079; 0.509)">

                    </WinchSocket>
                    <WinchSocket Pos="(-4.309; 0.929; 0)">

                    </WinchSocket>
            <UiDesc UiDesc="UI_VEHICLE_TATRA_T813_DESC" UiIcon30x30="heavyVehicleImg30" UiName="UI_VEHICLE_TATRA_T813_NAME" UiIconLogo="TatraLogo80" UiIcon40x40="heavyVehicleImg" UiIcon328x458="shopImgTatra813">

            </UiDesc>
      </GameData>
      <ControlledConstraints>
                <Constraint Name="TieRodSteer1" IsLinkedSteering="true" Id="chassis_steer">

                </Constraint>
                <Constraint Name="TieRodSteer2" IsLinkedSteering="true" Id="chassis_steer">

                </Constraint>
      </ControlledConstraints>
      <HeadLight _template="Default" Pos="(4.541; 1.196; 0)">

      </HeadLight>
      <MainHeadLight _template="Multiply1">

      </MainHeadLight>
      <Landmark Mesh="landmarks/tatra_t813_lmk" MaxScale="2.8" MinScale="1.8">

      </Landmark>
      <AutomaticIK>
                        <IKBone ParentFrame="BoneTieRod1_cdt" ModelFrame="BoneRack1_R_IK1">
                          <IKBone AttachToFrame="BoneAxle1Rack_R" AttachOffset="(0; 0; 0)" ModelFrame="BoneRack1_R_IK2">
                              <IKJoint AxisLocal="(1; 0; 0)" Type="Slider">

                              </IKJoint>
                          </IKBone>
                          <IKJoint AxisLocal="(1; 0; 0)" Type="Hinge2">

                          </IKJoint>
                        </IKBone>
                        <IKBone ParentFrame="BoneTieRod1_cdt" ModelFrame="BoneRack1_L_IK1">
                          <IKBone AttachToFrame="BoneAxle1Rack_L" AttachOffset="(0; 0; 0)" ModelFrame="BoneRack1_L_IK2">
                              <IKJoint AxisLocal="(1; 0; 0)" Type="Slider">

                              </IKJoint>
                          </IKBone>
                          <IKJoint AxisLocal="(1; 0; 0)" Type="Hinge2">

                          </IKJoint>
                        </IKBone>
                        <IKBone ParentFrame="BoneTieRod1_cdt" ModelFrame="BoneRackLinkIK1">
                          <IKBone AttachToFrame="BoneTieRod2_cdt" AttachOffset="(0; 0; 0)" ModelFrame="BoneRackLinkIK2">
                              <IKJoint AxisLocal="(1; 0; 0)" Type="Slider">

                              </IKJoint>
                          </IKBone>
                          <IKJoint AxisLocal="(1; 0; 0)" Type="Hinge2">

                          </IKJoint>
                        </IKBone>
                        <IKBone ParentFrame="BoneTieRod2_cdt" ModelFrame="BoneRack2_L_IK1">
                          <IKBone AttachToFrame="BoneAxle2Rack_L" AttachOffset="(0; 0; 0)" ModelFrame="BoneRack2_L_IK2">
                              <IKJoint AxisLocal="(1; 0; 0)" Type="Slider">

                              </IKJoint>
                          </IKBone>
                          <IKJoint AxisLocal="(1; 0; 0)" Type="Hinge2">

                          </IKJoint>
                        </IKBone>
                        <IKBone ParentFrame="BoneTieRod2_cdt" ModelFrame="BoneRack2_R_IK1">
                          <IKBone AttachToFrame="BoneAxle2Rack_R" AttachOffset="(0; 0; 0)" ModelFrame="BoneRack2_R_IK2">
                              <IKJoint AxisLocal="(1; 0; 0)" Type="Slider">

                              </IKJoint>
                          </IKBone>
                          <IKJoint AxisLocal="(1; 0; 0)" Type="Hinge2">

                          </IKJoint>
                        </IKBone>
                        <IKBone ParentFrame="BoneChassis_cdt" ModelFrame="BoneAxle1L_IK_A">
                          <IKBone AttachToFrame="BoneAxle1L" AttachOffset="(0; 0; 0)" ModelFrame="BoneAxle1L_IK_B">
                              <IKJoint AxisLocal="(1; 0; 0)" Type="Hinge">

                              </IKJoint>
                          </IKBone>
                          <IKJoint AxisLocal="(1; 0; 0)" Type="Hinge">

                          </IKJoint>
                        </IKBone>
                        <IKBone ParentFrame="BoneChassis_cdt" ModelFrame="BoneAxle1R_IK_A">
                          <IKBone AttachToFrame="BoneAxle1R" AttachOffset="(0; 0; 0)" ModelFrame="BoneAxle1R_IK_B">
                              <IKJoint AxisLocal="(1; 0; 0)" Type="Hinge">

                              </IKJoint>
                          </IKBone>
                          <IKJoint AxisLocal="(1; 0; 0)" Type="Hinge">

                          </IKJoint>
                        </IKBone>
                        <IKBone ParentFrame="BoneChassis_cdt" ModelFrame="BoneAxle2L_IK_A">
                          <IKBone AttachToFrame="BoneAxle2L" AttachOffset="(0; 0; 0)" ModelFrame="BoneAxle2L_IK_B">
                              <IKJoint AxisLocal="(1; 0; 0)" Type="Hinge">

                              </IKJoint>
                          </IKBone>
                          <IKJoint AxisLocal="(1; 0; 0)" Type="Hinge">

                          </IKJoint>
                        </IKBone>
                        <IKBone ParentFrame="BoneChassis_cdt" ModelFrame="BoneAxle2R_IK_A">
                          <IKBone AttachToFrame="BoneAxle2R" AttachOffset="(0; 0; 0)" ModelFrame="BoneAxle2R_IK_B">
                              <IKJoint AxisLocal="(1; 0; 0)" Type="Hinge">

                              </IKJoint>
                          </IKBone>
                          <IKJoint AxisLocal="(1; 0; 0)" Type="Hinge">

                          </IKJoint>
                        </IKBone>
                        <IKBone ParentFrame="BoneChassis_cdt" ModelFrame="BoneAxle3L_IK_A">
                          <IKBone AttachToFrame="BoneAxle3L" AttachOffset="(0; 0; 0)" ModelFrame="BoneAxle3L_IK_B">
                              <IKJoint AxisLocal="(1; 0; 0)" Type="Hinge">

                              </IKJoint>
                          </IKBone>
                          <IKJoint AxisLocal="(1; 0; 0)" Type="Hinge">

                          </IKJoint>
                        </IKBone>
                        <IKBone ParentFrame="BoneChassis_cdt" ModelFrame="BoneAxle3R_IK_A">
                          <IKBone AttachToFrame="BoneAxle3R" AttachOffset="(0; 0; 0)" ModelFrame="BoneAxle3R_IK_B">
                              <IKJoint AxisLocal="(1; 0; 0)" Type="Hinge">

                              </IKJoint>
                          </IKBone>
                          <IKJoint AxisLocal="(1; 0; 0)" Type="Hinge">

                          </IKJoint>
                        </IKBone>
                        <IKBone ParentFrame="BoneChassis_cdt" ModelFrame="BoneAxle4L_IK_A">
                          <IKBone AttachToFrame="BoneAxle4L" AttachOffset="(0; 0; 0)" ModelFrame="BoneAxle4L_IK_B">
                              <IKJoint AxisLocal="(1; 0; 0)" Type="Hinge">

                              </IKJoint>
                          </IKBone>
                          <IKJoint AxisLocal="(1; 0; 0)" Type="Hinge">

                          </IKJoint>
                        </IKBone>
                        <IKBone ParentFrame="BoneChassis_cdt" ModelFrame="BoneAxle4R_IK_A">
                          <IKBone AttachToFrame="BoneAxle4R" AttachOffset="(0; 0; 0)" ModelFrame="BoneAxle4R_IK_B">
                              <IKJoint AxisLocal="(1; 0; 0)" Type="Hinge">

                              </IKJoint>
                          </IKBone>
                          <IKJoint AxisLocal="(1; 0; 0)" Type="Hinge">

                          </IKJoint>
                        </IKBone>
      </AutomaticIK>
      <ModelAttachments>
                        <ReverseSignals>
                              <Flare Dir="(-1; 0; 0)" Size="0.2" _template="ReverseSignal" Pos="(-3.962; 1.301; 1.058)">

                              </Flare>
                              <Flare Dir="(-1; 0; 0)" Size="0.6" _template="IgnitionSignalWhite" Pos="(-3.962; 1.301; 1.058)">

                              </Flare>
                              <Flare Color="g(220; 220; 255) x 0.05" Pos="(-3.984; 1.301; 1.058)" Dir="(-1; 0; 0)" Size="0.4" _template="BlueStreak">

                              </Flare>
                            <Light Color="g(255; 230; 215) x 2" OuterCone="120" InnerCone="90" Pos="(-4.469; 0.899; 1.058)" _template="ReverseSignal">

                            </Light>
                        </ReverseSignals>
                        <Ignition>
                                <Flare Color="g(255; 140; 0) x 0.6" Pos="(4.015; 1.54; -0.978)" Size="0.2" _template="IgnitionSignalOrange">

                                </Flare>
                                <Flare Color="g(255; 140; 0) x 0.6" Pos="(4.015; 1.54; 0.978)" Size="0.2" _template="IgnitionSignalOrange">

                                </Flare>
                                <Flare Color="g(255; 140; 0) x 0.6" Pos="(2.441; 1.67; -1.177)" Size="0.2" _template="IgnitionSignalOrange">

                                </Flare>
                                <Flare Color="g(255; 140; 0) x 0.6" Pos="(2.441; 1.67; 1.177)" Size="0.2" _template="IgnitionSignalOrange">

                                </Flare>
                                <Flare Size="0.2" _template="IgnitionSignalRed" Pos="(-3.975; 1.060; -1.089)">

                                </Flare>
                                <Flare Size="0.2" _template="IgnitionSignalRed" Pos="(-3.975; 1.060; 1.089)">

                                </Flare>
                              <Light Pos="(-4.597; 0.863; 0)" _template="IgnitionSignalRed" Color="g(255; 0; 0)x 0.3">

                              </Light>
                        </Ignition>
                        <StopSignals>
                                  <Flare Color="g(255; 0; 0) x 0.7" Pos="(-3.975; 1.060; -1.089)" Size="0.2" _template="StopSignal">

                                  </Flare>
                                  <Flare Color="g(255; 0; 0) x 0.7" Pos="(-3.975; 1.060; 1.089)" Size="0.2" _template="StopSignal">

                                  </Flare>
                                <Light _template="StopSignal" Pos="(-4.597; 0.863; 0)">

                                </Light>
                        </StopSignals>
      </ModelAttachments>
      <PhysicsModel Mesh="trucks/tatra_t813">
                          <NetSync Legacy="false">

                          </NetSync>
                          <Body CenterOfMassOffset="(-2.2; -0.5; 0)" ImpactType="Truck" NetSync="pv" ModelFrame="BoneChassis_cdt" Mass="13000">
                                  <Body _template="SideMirror" ModelFrame="BoneMirrorL_cdt">

                                  </Body>
                                  <Body _template="SideMirror" ModelFrame="BoneMirrorR_cdt">

                                  </Body>
                                  <Body _template="SunShield" ModelFrame="BoneSunshieldL_cdt">

                                  </Body>
                                  <Body _template="SunShield" ModelFrame="BoneSunshieldR_cdt">

                                  </Body>
                                  <Body _template="Mudguard" ModelFrame="BoneKatafotL_cdt">
                                    <Constraint MaxLimit="30" AxisLocal="(0; 0; 1)" MinLimit="-30">

                                    </Constraint>
                                  </Body>
                                  <Body _template="Mudguard" ModelFrame="BoneKatafotR_cdt">
                                    <Constraint MaxLimit="30" AxisLocal="(0; 0; 1)" MinLimit="-30">

                                    </Constraint>
                                  </Body>
                                  <Body Collisions="None" ModelFrame="BoneWire1_cdt" Mass="15">
                                    <Constraint Type="Hinge" MaxLimit="50" PivotOffset="(0; 0; 0)" AxisLocal="(0; 0; 1)" MinLimit="-50">
                                        <Motor Spring="30" Type="Spring" Damping="3">

                                        </Motor>
                                    </Constraint>
                                  </Body>
                                  <Body ImpactType="Truck" NetSync="pv" ModelFrame="BoneAddonAttachment_cdt" Mass="1000">
                                    <Constraint CenterOfMassOffset="(0,0,0)" Type="Hinge" MaxLimit="5" MinLimit="-5" AxisLocal="(1; 0; 0)">
                                        <Motor Spring="1000000" Type="Spring" Damping="25000">

                                        </Motor>
                                    </Constraint>
                                  </Body>
                                  <Body _template="TieRod" ModelFrame="BoneTieRod1_cdt">
                                    <Constraint MinLimit="-12" Name="TieRodSteer1" MaxLimit="12" AxisLocal="(0; 1; 0)">

                                    </Constraint>
                                  </Body>
                                  <Body _template="TieRod" ModelFrame="BoneTieRod2_cdt">
                                    <Constraint MinLimit="-14" Name="TieRodSteer2" MaxLimit="14" AxisLocal="(0; 1; 0)">

                                    </Constraint>
                                  </Body>
                          </Body>
      </PhysicsModel>
  </Truck>
  <_templates Include="trucks">
        <Wheel>
            <RearAxle CamberSuspensionMultiplier="1.8" Torque="default" Location="rear" CamberAnglePhysics="0" ConnectedToHandbrake="true" CamberAngleRender="5">

            </RearAxle>
            <SecondAxle SteeringCastor="4" SteeringJointOffset="0.3" SteeringAngle="18" _template="FirstAxle">

            </SecondAxle>
            <FirstAxle CamberSuspensionMultiplier="1.8" SteeringCastor="12" CamberAngleRender="9" Torque="full" CamberAnglePhysics="0" SteeringJointOffset="0.3" SteeringAngle="24" Location="front">

            </FirstAxle>
        </Wheel>
        <Body>
              <SideMirror Collisions="None" Mass="5">
                  <Constraint MinLimit="-1" Type="Hinge" MaxLimit="1" AxisLocal="(0; 0; 1)">
                      <Motor Spring="250" Type="Spring" Damping="7.5">

                      </Motor>
                  </Constraint>
              </SideMirror>
              <SunShield Collisions="None" Mass="1">
                    <Constraint MinLimit="-5" Type="Hinge" MaxLimit="5" AxisLocal="(0; 0; 1)">
                        <Motor Spring="18" Type="Spring" Damping="0.25">

                        </Motor>
                    </Constraint>
              </SunShield>
        </Body>
  </_templates>