  <Truck>
      <Landmark Mesh="landmarks/zikz_605r_lmk" MaxScale="2.8" MinScale="1.8">

      </Landmark>
      <PhysicsModel Mesh="trucks/zikz_605r">
            <NetSync Legacy="false">

            </NetSync>
            <Body CenterOfMassOffset="(0; -0.25; 0)" ImpactType="Truck" NetSync="pv" ModelFrame="BoneChassis_cdt" Mass="13600">
                    <Body ImpactType="Truck" NetSync="pv" ModelFrame="BoneAddonAttachment_cdt" Mass="1000">
                      <Constraint CenterOfMassOffset="(0,0,0)" Type="Hinge" MaxLimit="5" MinLimit="-5" AxisLocal="(1; 0; 0)">
                          <Motor Spring="4500000" Type="Spring" Damping="100000">

                          </Motor>
                      </Constraint>
                    </Body>
                    <Body _template="SideMirror" ModelFrame="BoneMirrorL_cdt">

                    </Body>
                    <Body _template="SideMirror" ModelFrame="BoneMirrorR_cdt">

                    </Body>
                    <Body _template="SunShield" ModelFrame="BoneSunshieldL_cdt">

                    </Body>
                    <Body _template="SunShield" ModelFrame="BoneSunshieldR_cdt">

                    </Body>
                    <Body CenterOfMassOffset="(0; 0; 0)" ModelFrame="BoneWire1_cdt" Collisions="None" Mass="1">
                      <Constraint Type="Hinge" MaxLimit="15" PivotOffset="(0; 0; 0)" AxisLocal="(1; 0; 0)" MinLimit="-5">
                          <Motor Spring="1" Type="Spring" Damping=".1">

                          </Motor>
                      </Constraint>
                      <Body CenterOfMassOffset="(0; 0; 0)" ModelFrame="BoneWire2_cdt" Collisions="None" Mass="1">
                            <Constraint Type="Hinge" MaxLimit="4" PivotOffset="(0; 0; 0)" AxisLocal="(0; 0; 1)" MinLimit="-20">
                                <Motor Spring=".25" Type="Spring" Damping=".025">

                                </Motor>
                            </Constraint>
                      </Body>
                    </Body>
                    <Body CenterOfMassOffset="(0; 0; 0)" ModelFrame="BoneChassisWireL_cdt" Collisions="None" Mass="1">
                      <Constraint Type="Hinge" MaxLimit="30" PivotOffset="(0; 0; 0)" AxisLocal="(0; 0; 1)" MinLimit="-20">
                          <Motor Spring="1" Type="Spring" Damping=".1">

                          </Motor>
                      </Constraint>
                    </Body>
                    <Body CenterOfMassOffset="(0; 0; 0)" ModelFrame="BoneChassisWireR_cdt" Collisions="None" Mass="1">
                      <Constraint Type="Hinge" MaxLimit="30" PivotOffset="(0; 0; 0)" AxisLocal="(0; 0; 1)" MinLimit="-20">
                          <Motor Spring="1" Type="Spring" Damping=".1">

                          </Motor>
                      </Constraint>
                    </Body>
                    <Body AngularDamping="0.8" ImpactType="Truck" Collisions="None" ModelFrame="BoneSuspensionRockerLeft_cdt" Mass="3500">
                      <Constraint MinLimit="-8" Type="Hinge" MaxLimit="8" AxisLocal="(0; 0; 1)">
                          <Motor Spring="1500" Type="Spring" Damping="150">

                          </Motor>
                      </Constraint>
                    </Body>
                    <Body AngularDamping="0.8" ImpactType="Truck" Collisions="None" ModelFrame="BoneSuspensionRockerRight_cdt" Mass="3500">
                      <Constraint MinLimit="-8" Type="Hinge" MaxLimit="8" AxisLocal="(0; 0; 1)">
                          <Motor Spring="1500" Type="Spring" Damping="150">

                          </Motor>
                      </Constraint>
                    </Body>
            </Body>
      </PhysicsModel>
      <TruckData EngineIconMesh="env/engine_pacific_p16" EngineStartDelay="3.2" TruckType="HEAVY" ExhaustStartTime="2.8" SteerSpeed="0.016" TruckImage="zikz605rmchr" DiffLockType="Always" Responsiveness="0.2" FuelCapacity="380" EngineIconScale="0.8" BackSteerSpeed="0.01">
              <Driver SteeringWheelPos="(3.451; 2.147; 0.703)" Pos="(3.067; 1.801; 0.707)" AnimationSet="HeavyTruck">

              </Driver>
              <Shafts>
                      <Shaft SocketPointB="Shaft1b" SocketPointA="Shaft1a">

                      </Shaft>
                      <Shaft SocketPointB="Shaft2b" SocketPointA="Shaft2a">

                      </Shaft>
                      <Shaft SocketPointB="Shaft3b" SocketPointA="Shaft3a">

                      </Shaft>
              </Shafts>
              <FuelTank DamageCapacity="100">

              </FuelTank>
              <Dashboard>
                          <Gauge Org="(3.815; 2.072; 0.864)" OutputAngles="(-62; 14)" Mesh="trucks/arrows/zikz_605r_arrow_1" Damping="0.99" InputRange="(0;1)" InputType="engineEnabled" Dir="(-0.83; 0.558; 0)">

                          </Gauge>
                          <Gauge Org="(3.815; 2.072; 0.773)" OutputAngles="(-65; -8)" Mesh="trucks/arrows/zikz_605r_arrow_1" Damping="0.99" InputRange="(0;1)" InputType="engineEnabled" Dir="(-0.83; 0.558; 0)">

                          </Gauge>
                          <Gauge Org="(3.77; 2.005; 0.818)" OutputAngles="(-65; 6)" Mesh="trucks/arrows/zikz_605r_arrow_1" Damping="0.99" InputRange="(0;1)" InputType="engineEnabled" Dir="(-0.83; 0.558; 0)">

                          </Gauge>
                          <Gauge Org="(3.815; 2.072; 0.583)" OutputAngles="(-63; 36)" Mesh="trucks/arrows/zikz_605r_arrow_1" Damping="0.99" InputRange="(0;1)" InputType="engineEnabled" Dir="(-0.83; 0.558; 0)">

                          </Gauge>
                          <Gauge Org="(3.815; 2.072; 0.491)" OutputAngles="(-51; -5)" Mesh="trucks/arrows/zikz_605r_arrow_1" Damping="0.99" InputRange="(0;1)" InputType="engineEnabled" Dir="(-0.83; 0.558; 0)">

                          </Gauge>
                          <Gauge Org="(3.815; 2.072; 0.344)" OutputAngles="(-65; 10)" Mesh="trucks/arrows/zikz_605r_arrow_1" Damping="0.99" InputRange="(0;1)" InputType="engineEnabled" Dir="(-0.83; 0.558; 0)">

                          </Gauge>
                          <Gauge Org="(3.815; 2.072; 0.244)" OutputAngles="(-62; -20)" Mesh="trucks/arrows/zikz_605r_arrow_1" Damping="0.99" InputRange="(0;1)" InputType="engineEnabled" Dir="(-0.83; 0.558; 0)">

                          </Gauge>
                          <Gauge Org="(3.815; 2.072; 0.144)" OutputAngles="(-63; 38)" Mesh="trucks/arrows/zikz_605r_arrow_1" Damping="0.99" InputRange="(0;1)" InputType="engineEnabled" Dir="(-0.83; 0.558; 0)">

                          </Gauge>
                          <Gauge Org="(3.772; 2.007; 0.302)" OutputAngles="(-65; -33)" Mesh="trucks/arrows/zikz_605r_arrow_1" Damping="0.99" InputRange="(0;1)" InputType="engineEnabled" Dir="(-0.83; 0.558; 0)">

                          </Gauge>
                          <Gauge Org="(3.772; 2.007; 0.187)" OutputAngles="(-65; 10)" Mesh="trucks/arrows/zikz_605r_arrow_1" Damping="0.99" InputRange="(0;1)" InputType="engineEnabled" Dir="(-0.83; 0.558; 0)">

                          </Gauge>
                          <Gauge Org="(3.777; 2.012; 0.537)" OutputAngles="(-91; 165)" Mesh="trucks/arrows/zikz_605r_arrows_2" Damping="0.99" InputRange="(0;1)" InputType="rpm" Dir="(-0.83; 0.558; 0)">

                          </Gauge>
                          <Gauge Org="(3.807; 2.044; 0.678)" OutputAngles="(-119; 136)" Dir="(-0.83; 0.558; 0)" InputType="speed" Mesh="trucks/arrows/zikz_605r_arrows_3" InputRange="(0;120)">

                          </Gauge>
              </Dashboard>
              <SoundsWheels _template="Default">

              </SoundsWheels>
              <GearboxSocket Default="g_special_default" Type="gearboxes_special">

              </GearboxSocket>
                            <Steam Origin="(-0.198; 1.683; 0)">

                            </Steam>
                            <Steam Origin="(1.465; 1.083; 0)" Scale="0.7">

                            </Steam>
              <Sounds DisableReversePitch="true" MinDist="15.0" _template="Default" Origin="(-1.065; 2.04; 0)">
                                <BrakesSqueal Sound="trucks/zikz_605r/zikz_605r_brakes_squeal">

                                </BrakesSqueal>
                                <AbruptStop Sound="trucks/common/truck_swing_big_rnd_set/truck_swing_big_rnd">

                                </AbruptStop>
                                <EngineLow Sound="trucks/zikz_605r/zikz_605r_low">

                                </EngineLow>
                                <EngineRev Sound="trucks/zikz_605r/zikz_605r_rev">

                                </EngineRev>
                                <EngineAccel Sound="trucks/zikz_605r/zikz_605r_acc">

                                </EngineAccel>
                                <Honk Sound="trucks/zikz_605r/zikz_605r_honk">

                                </Honk>
                                <EngineStop Sound="trucks/zikz_605r/zikz_605r_stop">

                                </EngineStop>
                                <Handbrake Sound="trucks/zikz_605r/zikz_605r_handbrake_on">

                                </Handbrake>
                                <EngineIdle_2d IsSound2D="true" Sound="trucks/zikz_605r/zikz_605r_idle_2d">

                                </EngineIdle_2d>
                                <HandbrakeOff Sound="trucks/zikz_605r/zikz_605r_handbrake_off">

                                </HandbrakeOff>
                                <EngineHeavy_2d IsSound2D="true" Sound="trucks/zikz_605r/zikz_605r_heavy_2d">

                                </EngineHeavy_2d>
                                <ChassisStress Sound="trucks/common/truck_stress_rnd_set/truck_stress_rnd">

                                </ChassisStress>
                                <Reverse Sound="">

                                </Reverse>
                                <EngineHigh_2d IsSound2D="true" Sound="trucks/zikz_605r/zikz_605r_high_2d">

                                </EngineHigh_2d>
                                <EngineIdle Sound="trucks/zikz_605r/zikz_605r_idle">

                                </EngineIdle>
                                <EngineLow_2d IsSound2D="true" Sound="trucks/zikz_605r/zikz_605r_low_2d">

                                </EngineLow_2d>
                                <EngineHigh Sound="trucks/zikz_605r/zikz_605r_high">

                                </EngineHigh>
                                <EngineHeavy Sound="trucks/zikz_605r/zikz_605r_heavy">

                                </EngineHeavy>
                                <BrakeRelease Sound="trucks/zikz_605r/zikz_605r_brake_release">

                                </BrakeRelease>
                                <EngineStart Sound="trucks/zikz_605r/zikz_605r_start">

                                </EngineStart>
              </Sounds>
                                <Intake Size="0.75" Origin="(2.205; 2.436; 1.183)" Dir="(0.475; 0; 0.88)">

                                </Intake>
                                <Intake Size="0.75" Origin="(2.205; 2.436; -1.183)" Dir="(0.475; 0; -0.88)">

                                </Intake>
              <SoundsDamage _template="Heavy">

              </SoundsDamage>
              <Damage>
                                        <DamageArea Max="(4; 2.100; 0.6)" Type="Engine" Min="(0.122; 1.1; -0.6)">

                                        </DamageArea>
                                        <DamageArea Max="(-0.6; 1.351; 0.822)" Type="FuelTank" Min="(-1.631; 0.55; -0.822)">

                                        </DamageArea>
              </Damage>
              <Camera ParentFrame="BoneChassis_cdt" Center="(-1.7; 0; 0)">
                                        <Cockpit WindshieldShadingTexture="trucks/zikz_605r_glass__sh_d.tga" WindshieldDiffuseTexture="trucks/zikz_605r_glass__d_a.tga" _template="Default" ViewPos="(3.004; 2.517; 0.71)">
                                              <Mirror FOVScale="1.5" ClipDir="(-0.915; -0.008; -0.404)" Pos="(3.507; 2.419; 1.397)" Size="(0.18; 0.38)" MeshFrame="mirror_left" ReflectionDir="(-0.915; -0.008; -0.404)">

                                              </Mirror>
                                              <Mirror FOVScale="2.2" Pos="(3.509; 2.419; -1.388)" ClipDir="(-0.811; -0.019; 0.584)" ReflectionDir="(-0.811; -0.019; 0.584)" Size="(0.18; 0.38)" ClipOffset="0.1" MeshFrame="mirror_right">

                                              </Mirror>
                                        </Cockpit>
              </Camera>
              <Shakers>
                                            <Shaker MaxFrequency="0.2" MaxAngle="(0; 0; 0.6)" Frame="BoneLever">

                                            </Shaker>
                                            <Shaker MaxFrequency="0.1" MaxAngle="(3; 0; 0)" Frame="BoneRadio">

                                            </Shaker>
                                            <Shaker MaxFrequency="0.15" MaxAngle="(8; 0; 0)" Frame="BoneHinch1">

                                            </Shaker>
                                            <Shaker MaxFrequency="0.2" MaxAngle="(5; 0; 0)" Frame="BoneHinch2">

                                            </Shaker>
              </Shakers>
              <SuspensionSocket Default="zikz_605r_suspension_default" Type="s_zikz_605r" MaxWheelRadiusWithoutSuspension="0.76">

              </SuspensionSocket>
              <Wheels DefaultTire="mudtires_zikz605r_1" DefaultWheelType="wheels_zikz_605r_1" DefaultRim="rim_1">
                                                <Wheel _template="FirstAxle" Pos="(2.338; 0.781; 1.23)">

                                                </Wheel>
                                                <Wheel Pos="(2.338; 0.781; 1.23)" _template="FirstAxle" RightSide="true">

                                                </Wheel>
                                                <Wheel _template="SecondAxle" Pos="(0.638; 0.781; 1.23)">

                                                </Wheel>
                                                <Wheel Pos="(0.638; 0.781; 1.23)" _template="SecondAxle" RightSide="true">

                                                </Wheel>
                                                <Wheel ParentFrame="BoneSuspensionRockerLeft_cdt" _template="RearAxle" Pos="(-2.012; 0.781; 1.23)">

                                                </Wheel>
                                                <Wheel RightSide="true" ParentFrame="BoneSuspensionRockerRight_cdt" _template="RearAxle" Pos="(-2.012; 0.781; 1.23)">

                                                </Wheel>
                                                <Wheel ParentFrame="BoneSuspensionRockerLeft_cdt" _template="RearAxle" Pos="(-3.712; 0.781; 1.23)">

                                                </Wheel>
                                                <Wheel RightSide="true" ParentFrame="BoneSuspensionRockerRight_cdt" _template="RearAxle" Pos="(-3.712; 0.781; 1.23)">

                                                </Wheel>
              </Wheels>
              <Axles>
                                                  <Axle IsIndependent="true" Frame="BoneAxleL1">

                                                  </Axle>
                                                  <Axle IsIndependent="true" Frame="BoneAxleR1">

                                                  </Axle>
                                                  <Axle IsIndependent="true" Frame="BoneAxleL2">

                                                  </Axle>
                                                  <Axle IsIndependent="true" Frame="BoneAxleR2">

                                                  </Axle>
                                                  <Axle IsIndependent="true" Frame="BoneWheelRight_1">

                                                  </Axle>
                                                  <Axle IsIndependent="true" Frame="BoneWheelRight_2">

                                                  </Axle>
                                                  <Axle IsIndependent="true" Frame="BoneWheelLeft_1">

                                                  </Axle>
                                                  <Axle IsIndependent="true" Frame="BoneWheelLeft_2">

                                                  </Axle>
              </Axles>
              <EngineSocket Default="ru_special_engine_0" Type="e_ru_special">

              </EngineSocket>
              <OcclusionMap HalfSizeZ="2.6" MinX="-5.5" MaxX="4.85">

              </OcclusionMap>
              <LimitedFluid Type="Box" SizeX="0.932" Center="(-1.161; 1.101; -0.724)" SizeY="0.48" SizeZ="0.192">

              </LimitedFluid>
              <WinchUpgradeSocket Default="w_heavy_trucks_default" IsUpgradable="true" Type="winches_heavy_trucks">

              </WinchUpgradeSocket>
              <SteeringWheel Frame="BoneSteering">

              </SteeringWheel>
              <CompatibleWheels Scale="0.78" Type="wheels_zikz_605r_1">

              </CompatibleWheels>
                                                            <SteeringRack RackHalfSizeZ="0.895" Frame="BoneRack1" FrameSteerLeft="BoneRackL1" FrameSteerRight="BoneRackR1">

                                                            </SteeringRack>
                                                            <SteeringRack RackHalfSizeZ="0.895" Frame="BoneRack2" FrameSteerLeft="BoneRackL2" FrameSteerRight="BoneRackR2">

                                                            </SteeringRack>
      </TruckData>
      <GameData Country="RU,CAS" ExcludeAddons="trailer_log_pole" Price="165300" UnlockByRank="1" UnlockByExploration="true">
                <CustomizationCameras>
                      <CameraPos InterestPosition="(7.033; 2.167; -0.956)" Name="roof_sticker" Position="(9.7; 5.925; -0.553)" FOV="32.0">

                      </CameraPos>
                      <CameraPos Interior="true" Position="(6; 2.868; -0.533)" FOV="32.0" InterestPosition="(8.595; 0.767; 1.237)" Name="sticker_1">

                      </CameraPos>
                      <CameraPos InterestPosition="(1.332; 1.692; -0)" Name="addon_1" MaxXRotation="360" Position="(-8.55; 4.273; 9.315)" MaxZoom="2" FOV="32.0" MaxYRotation="360">

                      </CameraPos>
                      <CameraPos InterestPosition="(3.917; 2.341; -1.149)" Name="addon_2" MaxXRotation="360" Position="(9.628; 4.331; 1.437)" MaxZoom="2" FOV="32.0" MaxYRotation="360">

                      </CameraPos>
                      <CameraPos Interior="true" Position="(5.714; 2.661; -0.37)" FOV="32.0" InterestPosition="(8.439; 2.221; 1.066)" Name="mirror_mount">

                      </CameraPos>
                      <CameraPos InterestPosition="(7.013; 2.118; -0.523)" Name="roofs" MaxXRotation="360" Position="(12.239; 4.145; 2.722)" MaxZoom="2" FOV="32.0" MaxYRotation="360">

                      </CameraPos>
                      <CameraPos InterestPosition="(6.727; 2.16; -0.851)" Name="hood_ornament" MaxXRotation="360" Position="(9.918; 2.816; -1.653)" MaxZoom="2" FOV="32.0" MaxYRotation="360">

                      </CameraPos>
                      <CameraPos Interior="true" Position="(6.062; 2.498; -0.015)" FOV="32.0" InterestPosition="(8.595; 1.207; 2.389)" Name="sticker">

                      </CameraPos>
                      <CameraPos InterestPosition="(7.178; 1.767; -0.683)" Name="capote_sticker" Position="(12.379; 3.126; -1.45)" FOV="32.0">

                      </CameraPos>
                      <CameraPos InterestPosition="(5.461; 1.397; -0.216)" Name="hoods" MaxXRotation="360" Position="(13.151; 2.641; -2.289)" MaxZoom="2" FOV="32.0" MaxYRotation="360">

                      </CameraPos>
                      <CameraPos Interior="true" Position="(6.401; 2.473; -0.527)" FOV="32.0" InterestPosition="(5.96; 1.482; 2.389)" Name="sticker_2">

                      </CameraPos>
                      <CameraPos InterestPosition="(5.103; 1.419; -0.471)" Name="side_l" MaxXRotation="360" Position="(11.101; 4.011; -3.352)" MaxZoom="2" FOV="32.0" MaxYRotation="360">

                      </CameraPos>
                      <CameraPos Interior="true" Position="(5.907; 2.577; -0.716)" FOV="32.0" InterestPosition="(9.063; 1.667; 2.088)" Name="bubble_head">

                      </CameraPos>
                      <CameraPos InterestPosition="(2.813; 0.409; 0.126)" Name="wheels" MaxXRotation="360" Position="(8.853; 1.52; -5.155)" MaxZoom="2" FOV="32.0" MaxYRotation="360">

                      </CameraPos>
                      <CameraPos InterestPosition="(5.432; 1.554; 1.822)" Name="side_r" MaxXRotation="360" Position="(0.74; 2.387; 4.944)" MaxZoom="2" FOV="32.0" MaxYRotation="360">

                      </CameraPos>
                      <CameraPos InterestPosition="(5.197; 1.735; -0.23)" Name="default" MaxXRotation="360" Position="(13.641; 2.738; -4.536)" MaxZoom="2" FOV="32.0" MaxYRotation="360">

                      </CameraPos>
                      <CameraPos InterestPosition="(0.479; 0.992; -0)" Name="rear" MaxXRotation="360" Position="(-5.767; 1.805; 2.899)" MaxZoom="2" FOV="32.0" MaxYRotation="360">

                      </CameraPos>
                      <CameraPos InterestPosition="(6.954; 1.85; -0.725)" Name="glass_sticker" Position="(11.7; 2.977; 1.399)" FOV="32.0">

                      </CameraPos>
                </CustomizationCameras>
                    <CraneSocket Pos="(4.223; 1.21; 0)">

                    </CraneSocket>
                    <CraneSocket Pos="(-4.805; 0.826; 0)">

                    </CraneSocket>
                    <CraneSocket Pos="(-0.461; 1.662; 1.378)">

                    </CraneSocket>
                    <CraneSocket Pos="(-0.461; 1.662; -1.378)">

                    </CraneSocket>
                      <AddonSockets>
                          <Socket Offset="(-4.823; 0.838; 0)" Names="Trailer">

                          </Socket>
                          <Socket Offset="(-2.53; 1.718; 0)" Names="LargeSemitrailer, LargeSemitrailerOiltank">

                          </Socket>
                      </AddonSockets>
                      <AddonSockets>
                          <Socket ParentFrame="BoneAddonAttachment_cdt" Names="ZikzLogLift">
                            <AddonsShift Types="zikz605rTrunk" Offset="(-0.35; 0; 0)">

                            </AddonsShift>
                          </Socket>
                          <Socket ParentFrame="BoneAddonAttachment_cdt" Names="ZikzFrameAddon">

                          </Socket>
                          <Socket ParentFrame="BoneAddonAttachment_cdt" Names="ZikzBigCrane">

                          </Socket>
                          <Socket Names="ZikzSaddleHigh">

                          </Socket>
                          <Socket ParentFrame="BoneAddonAttachment_cdt" Names="FrameAddonKungZikz">

                          </Socket>
                          <Socket ParentFrame="BoneAddonAttachment_cdt" Names="FrameAddonSeismicVibratorZikz">

                          </Socket>
                          <Socket ParentFrame="BoneAddonAttachment_cdt" Names="FrameAddonTankZikz">

                          </Socket>
                          <Socket ParentFrame="BoneAddonAttachment_cdt" Offset="(-2.849; 1.64; 0)" Names="FrameAddonLogShortZikz">

                          </Socket>
                      </AddonSockets>
                      <AddonSockets>
                        <Socket NamesBlock="ZikzBigCrane, ZikzFrameAddon, LargeSemitrailerOiltank, FrameAddonKungZikz, FrameAddonSeismicVibratorZikz, FrameAddonTankZikz, FrameAddonLogShortZikz" Names="zikz605rTrunk">

                        </Socket>
                      </AddonSockets>
                      <AddonSockets DefaultAddon="zikz_605r_horn_default">
                        <Socket Names="zikz605rHorn">

                        </Socket>
                      </AddonSockets>
                      <AddonSockets>
                        <Socket Names="zikz605rVisor">

                        </Socket>
                      </AddonSockets>
                      <AddonSockets DefaultAddon="zikz_605r_spot_light_default">
                        <Socket Names="zikz605rSpotLight">

                        </Socket>
                      </AddonSockets>
                      <AddonSockets>
                        <Socket Names="zikz605rBeacon">

                        </Socket>
                      </AddonSockets>
                      <AddonSockets>
                        <Socket Names="zikz605rSnorkel">

                        </Socket>
                      </AddonSockets>
                      <AddonSockets>
                        <Socket Names="zikz605rAirConditioner">

                        </Socket>
                      </AddonSockets>
                      <AddonSockets DefaultAddon="zikz_605r_exhaust_default">
                        <Socket Names="zikz605rExhaust">

                        </Socket>
                      </AddonSockets>
                      <AddonSockets DefaultAddon="zikz_605r_bumper_default">
                        <Socket Names="zikz605rBumper">

                        </Socket>
                      </AddonSockets>
                      <AddonSockets>
                        <Socket NamesBlock="zikz605rAirConditioner, zikz605rBeacon, zikz605rSpotLight" Names="zikz605rRoofRack">

                        </Socket>
                      </AddonSockets>
                      <AddonSockets>
                        <Socket InCockpit="true" Names="zikz605RSticker_1x1_01">

                        </Socket>
                      </AddonSockets>
                      <AddonSockets>
                        <Socket InCockpit="true" Names="zikz605RSticker_1x1_02">

                        </Socket>
                      </AddonSockets>
                      <AddonSockets>
                        <Socket InCockpit="true" Names="zikz605RSticker_1x1_03">

                        </Socket>
                      </AddonSockets>
                      <AddonSockets>
                        <Socket InCockpit="true" Names="zikz605RSticker_1x2_01">

                        </Socket>
                      </AddonSockets>
                      <AddonSockets>
                        <Socket InCockpit="true" Names="zikz605RSticker_1x2_02">

                        </Socket>
                      </AddonSockets>
                      <AddonSockets>
                        <Socket InCockpit="true" Names="zikz605RSticker_1x4_01">

                        </Socket>
                      </AddonSockets>
                      <AddonSockets>
                        <Socket Names="zikz605RSticker_Capote">

                        </Socket>
                      </AddonSockets>
                      <AddonSockets>
                        <Socket Names="zikz605RSticker_Roof">

                        </Socket>
                      </AddonSockets>
                      <AddonSockets>
                        <Socket Names="zikz605rSticker_GlassTop">

                        </Socket>
                      </AddonSockets>
                      <AddonSockets>
                        <Socket Names="zikz605rSticker_GlassBot">

                        </Socket>
                      </AddonSockets>
                      <AddonSockets>
                        <Socket Offset="(3.613; 2.793; 0.122)" InCockpit="true" Names="StuffAirfreshener">

                        </Socket>
                      </AddonSockets>
                        <WinchSocket Pos="(4.223; 1.21; 0)">

                        </WinchSocket>
                        <WinchSocket Pos="(-4.805; 0.826; 0)">

                        </WinchSocket>
                        <WinchSocket Pos="(-0.461; 1.662; 1.378)">

                        </WinchSocket>
                        <WinchSocket Pos="(-0.461; 1.662; -1.378)">

                        </WinchSocket>
                <UiDesc UiDesc="UI_VEHICLE_ZIKZ_605R_DESC" UiIcon30x30="heavyVehicleImg30" UiName="UI_VEHICLE_ZIKZ_605R_NAME" UiIconLogo="ZiKZLogo80" UiIcon40x40="heavyVehicleImg" UiIcon328x458="shopImgZiKZ605R">

                </UiDesc>
      </GameData>
      <HeadLight _template="Default" Pos="(5.052; 1.103; 0)">

      </HeadLight>
      <AutomaticIK>
                      <IKBone ParentFrame="BoneChassis_cdt" ModelFrame="SuspensionUpR1">
                        <IKBone AttachToFrame="BoneSuspensionRockerRight_cdt" AttachOffset="(0; 0; 0)" ModelFrame="SuspensionUpR1_end">
                            <IKJoint AxisLocal="(1; 0; 0)" Type="Slider">

                            </IKJoint>
                        </IKBone>
                        <IKJoint AxisLocal="(1; 0; 0)" Type="Hinge">

                        </IKJoint>
                      </IKBone>
                      <IKBone ParentFrame="BoneChassis_cdt" ModelFrame="SuspensionDnR1">
                        <IKBone AttachToFrame="BoneSuspensionRockerRight_cdt" AttachOffset="(0; 0; 0)" ModelFrame="SuspensionDnR1_end">
                            <IKJoint AxisLocal="(1; 0; 0)" Type="Slider">

                            </IKJoint>
                        </IKBone>
                        <IKJoint AxisLocal="(1; 0; 0)" Type="Hinge">

                        </IKJoint>
                      </IKBone>
                      <IKBone ParentFrame="BoneChassis_cdt" ModelFrame="SuspensionUpL1">
                        <IKBone AttachToFrame="BoneSuspensionRockerLeft_cdt" AttachOffset="(0; 0; 0)" ModelFrame="SuspensionUpL1_end">
                            <IKJoint AxisLocal="(1; 0; 0)" Type="Slider">

                            </IKJoint>
                        </IKBone>
                        <IKJoint AxisLocal="(1; 0; 0)" Type="Hinge">

                        </IKJoint>
                      </IKBone>
                      <IKBone ParentFrame="BoneChassis_cdt" ModelFrame="SuspensionDnL1">
                        <IKBone AttachToFrame="BoneSuspensionRockerLeft_cdt" AttachOffset="(0; 0; 0)" ModelFrame="SuspensionDnL1_end">
                            <IKJoint AxisLocal="(1; 0; 0)" Type="Slider">

                            </IKJoint>
                        </IKBone>
                        <IKJoint AxisLocal="(1; 0; 0)" Type="Hinge">

                        </IKJoint>
                      </IKBone>
                      <IKBone ParentFrame="BoneWheelLeft_1" ModelFrame="AxleIkL">
                        <IKBone AttachToFrame="BoneSuspensionRockerLeft_cdt" AttachOffset="(0; 0; 0)" ModelFrame="AxleIkL_End">
                            <IKJoint AxisLocal="(1; 0; 0)" Type="Slider">

                            </IKJoint>
                        </IKBone>
                        <IKJoint AxisLocal="(0; 0; 1)" Type="Hinge">

                        </IKJoint>
                      </IKBone>
                      <IKBone ParentFrame="BoneWheelRight_1" ModelFrame="AxleIkR">
                        <IKBone AttachToFrame="BoneSuspensionRockerRight_cdt" AttachOffset="(0; 0; 0)" ModelFrame="AxleIkR_End">
                            <IKJoint AxisLocal="(1; 0; 0)" Type="Slider">

                            </IKJoint>
                        </IKBone>
                        <IKJoint AxisLocal="(0; 0; 1)" Type="Hinge">

                        </IKJoint>
                      </IKBone>
                      <IKBone ParentFrame="BoneChassis_cdt" ModelFrame="SuspensionUpL1">
                        <IKBone AttachToFrame="AxleIkL" AttachOffset="(0; 0; 0)" ModelFrame="SuspensionUpL1_end">
                            <IKJoint AxisLocal="(1; 0; 0)" Type="Slider">

                            </IKJoint>
                        </IKBone>
                        <IKJoint AxisLocal="(0; 0; 1)" Type="Hinge">

                        </IKJoint>
                      </IKBone>
                      <IKBone ParentFrame="BoneChassis_cdt" ModelFrame="SuspensionUpR1">
                        <IKBone AttachToFrame="AxleIkR" AttachOffset="(0; 0; 0)" ModelFrame="SuspensionUpR1_end">
                            <IKJoint AxisLocal="(1; 0; 0)" Type="Slider">

                            </IKJoint>
                        </IKBone>
                        <IKJoint AxisLocal="(0; 0; 1)" Type="Hinge">

                        </IKJoint>
                      </IKBone>
                      <IKBone ParentFrame="BoneChassis_cdt" ModelFrame="SuspensionDnL1">
                        <IKBone AttachToFrame="AxleIkL" AttachOffset="(0; 0; 0)" ModelFrame="SuspensionDnL1_end">
                            <IKJoint AxisLocal="(1; 0; 0)" Type="Slider">

                            </IKJoint>
                        </IKBone>
                        <IKJoint AxisLocal="(0; 0; 1)" Type="Hinge">

                        </IKJoint>
                      </IKBone>
                      <IKBone ParentFrame="BoneChassis_cdt" ModelFrame="SuspensionDnR1">
                        <IKBone AttachToFrame="AxleIkR" AttachOffset="(0; 0; 0)" ModelFrame="SuspensionDnR1_end">
                            <IKJoint AxisLocal="(1; 0; 0)" Type="Slider">

                            </IKJoint>
                        </IKBone>
                        <IKJoint AxisLocal="(0; 0; 1)" Type="Hinge">

                        </IKJoint>
                      </IKBone>
      </AutomaticIK>
      <ModelAttachments>
                      <StopSignals>
                            <Flare Size="0.3" _template="StopSignal" Pos="(-4.588; 1.224; 0.667)">

                            </Flare>
                            <Flare Size="0.3" _template="StopSignal" Pos="(-4.588; 1.224; -0.667)">

                            </Flare>
                          <Light Pos="(-4.712; 1.162; 0)" _template="StopSignal" Color="g(102; 1; 1) x 4">

                          </Light>
                      </StopSignals>
                      <Ignition>
                              <Flare Color="g(255; 140; 0) x 0.35" Pos="(3.805; 2.866; 0.924)" Size="0.25" _template="IgnitionSignalOrange">

                              </Flare>
                              <Flare Color="g(255; 140; 0) x 0.35" Pos="(3.805; 2.866; -0.924)" Size="0.25" _template="IgnitionSignalOrange">

                              </Flare>
                              <Flare Dir="(-1; 0; 0)" Size="0.3" _template="IgnitionSignalRed" Pos="(-4.588; 1.278; 0.667)">

                              </Flare>
                              <Flare Dir="(-1; 0; 0)" Size="0.3" _template="IgnitionSignalRed" Pos="(-4.588; 1.278; -0.667)">

                              </Flare>
                              <Flare Size="0.4" _template="IgnitionSignalWhite" Pos="(4.1; 1.757; 0.947)">

                              </Flare>
                              <Flare Size="0.4" _template="IgnitionSignalWhite" Pos="(4.1; 1.757; -0.947)">

                              </Flare>
                                <Light Color="g(255; 190; 100) x 0.4" ParentFrame="BoneCabin_cdt" _template="IgnitionSignalWhite" Pos="(4.5; 1.057; -0.947)">

                                </Light>
                                <Light Color="g(255; 190; 100) x 0.4" ParentFrame="BoneCabin_cdt" _template="IgnitionSignalWhite" Pos="(4.5; 1.057; 0.947)">

                                </Light>
                                <Light Pos="(-4.712; 1.162; 0)" _template="IgnitionSignalRed" Color="g(102; 1; 1) x 4">

                                </Light>
                      </Ignition>
                      <HeadLight>
                                <Flare Color="g(255; 235; 200) x 0.8" Pos="(4.1; 1.757; 0.947)" Size=".4" _template="HeadLight">

                                </Flare>
                                <Flare Color="g(255; 235; 200) x 0.8" Pos="(4.1; 1.757; -0.947)" Size=".4" _template="HeadLight">

                                </Flare>
                                <Flare _template="BlueStreak" Pos="(4.1; 1.757; 0.947)">

                                </Flare>
                                <Flare _template="BlueStreak" Pos="(4.1; 1.757; -0.947)">

                                </Flare>
                                  <Model Org="(4.1; 1.757; 0.947)" _template="HeadLightRay">

                                  </Model>
                                  <Model Org="(4.1; 1.757; -0.947)" _template="HeadLightRay">

                                  </Model>
                      </HeadLight>
      </ModelAttachments>
  </Truck>
  <_templates Include="trucks">
        <Wheel>
            <RearAxle Location="rear" Torque="default">

            </RearAxle>
            <SecondAxle SteeringCastor="4" ConnectedToHandbrake="true" Torque="default" Location="front" SteeringAngle="24">

            </SecondAxle>
            <FirstAxle SteeringCastor="12" ConnectedToHandbrake="true" Torque="default" Location="front" SteeringAngle="36">

            </FirstAxle>
        </Wheel>
        <Body>
              <SideMirror Collisions="None" Mass="5">
                  <Constraint MinLimit="-1" Type="Hinge" MaxLimit="1" AxisLocal="(0; 0; 1)">
                      <Motor Spring="250" Type="Spring" Damping="7.5">

                      </Motor>
                  </Constraint>
              </SideMirror>
              <SunShield Collisions="None" Mass="1">
                    <Constraint MinLimit="-5" Type="Hinge" MaxLimit="5" AxisLocal="(0; 0; 1)">
                        <Motor Spring="18" Type="Spring" Damping="0.25">

                        </Motor>
                    </Constraint>
              </SunShield>
        </Body>
  </_templates>