  <_templates Include="trucks">
      <Wheel>
          <RearWheel Location="rear" ConnectedToHandbrake="true" Torque="default">

          </RearWheel>
          <FrontWheel ParentFrame="BoneCabin_cdt" SteeringAngle="30" Location="front" SteeringJointOffset="0.25" Torque="default" SteeringCastor="0">

          </FrontWheel>
      </Wheel>
      <Body>
            <SideMirror Mass="5" Collisions="None">
                <Constraint Type="Hinge" MaxLimit="5" AxisLocal="(0; 1; 0)" MinLimit="-5">
                    <Motor Spring="110" Damping="0.9" Type="Spring">

                    </Motor>
                </Constraint>
            </SideMirror>
            <Sunshield Mass="3" Collisions="None">
                  <Constraint Type="Hinge" MaxLimit="10" AxisLocal="(0; 0; 1)" MinLimit="-10">
                      <Motor Spring="30" Damping="1" Type="Spring">

                      </Motor>
                  </Constraint>
            </Sunshield>
      </Body>
      <Socket>
              <Cabin2Chassis Offset="(0; 0; 0)" ParentFrame="BoneCabin_cdt">
                  <ExtraParent Frame="BoneChassis_cdt">

                  </ExtraParent>
              </Cabin2Chassis>
      </Socket>
  </_templates>
  <Truck>
        <HeadLight Pos="(4.239; 1.202; 0)" ParentFrame="BoneCabin_cdt" _template="Default">

        </HeadLight>
        <GameData UnlockByExploration="true" Price="58500" UnlockByRank="1" Country="RU,CAS">
              <CustomizationCameras>
                    <CameraPos Name="roof_sticker" InterestPosition="(5.936; 2.017; -0.834)" Position="(8.653; 5.974; -0.086)" FOV="32.0">

                    </CameraPos>
                    <CameraPos Name="sticker_1" InterestPosition="(5.662; 2.263; 0.886)" Position="(6.519; 2.599; -0.762)" Interior="true" FOV="32.0">

                    </CameraPos>
                    <CameraPos Name="mirror_mount" InterestPosition="(9.044; 2.213; 0.906)" Position="(5.641; 2.647; -0.037)" Interior="true" FOV="32.0">

                    </CameraPos>
                    <CameraPos MaxYRotation="360" MaxZoom="2" Name="side_r" InterestPosition="(4.728; 1.342; -0.64)" Position="(12.396; 5.813; 3.063)" MaxXRotation="360" FOV="32.0">

                    </CameraPos>
                    <CameraPos Name="glass_sticker" InterestPosition="(5.602; 1.393; -0.767)" Position="(11.639; 3.197; 1.408)" FOV="32.0">

                    </CameraPos>
                    <CameraPos MaxYRotation="360" MaxZoom="2" Name="door_r_sticker" InterestPosition="(6.999; 1.678; 0.614)" Position="(3.651; 2.084; 3.895)" MaxXRotation="360" FOV="32.0">

                    </CameraPos>
                    <CameraPos MaxYRotation="360" MaxZoom="2" Name="roof" InterestPosition="(6.131; 1.803; -0.407)" Position="(11.885; 5.036; 2.752)" MaxXRotation="360" FOV="32.0">

                    </CameraPos>
                    <CameraPos MaxYRotation="360" MaxZoom="2" Name="hoods" InterestPosition="(6.764; 1.109; -0.954)" Position="(11.41; 1.651; -2.083)" MaxXRotation="360" FOV="32.0">

                    </CameraPos>
                    <CameraPos Name="sticker_2" InterestPosition="(5.86; 1.762; 0.153)" Position="(5.873; 2.961; -0.613)" Interior="true" FOV="32.0">

                    </CameraPos>
                    <CameraPos MaxYRotation="360" MaxZoom="2" Name="side_l" InterestPosition="(5.304; 0.8; -0.817)" Position="(11.014; 2.008; 3.127)" MaxXRotation="360" FOV="32.0">

                    </CameraPos>
                    <CameraPos Name="bubble_head" InterestPosition="(9.265; 1.211; 0.474)" Position="(5.885; 2.717; -0.563)" Interior="true" FOV="32.0">

                    </CameraPos>
                    <CameraPos MaxYRotation="360" MaxZoom="2" Name="wheels" InterestPosition="(5.161; 0.677; -1.163)" Position="(9.818; 1.013; -4.063)" MaxXRotation="360" FOV="32.0">

                    </CameraPos>
                    <CameraPos MaxYRotation="360" MaxZoom="2" Name="default" InterestPosition="(4.058; 1.206; 0.469)" Position="(13.298; 2.215; -2.43)" MaxXRotation="360" FOV="32.0">

                    </CameraPos>
                    <CameraPos MaxYRotation="360" MaxZoom="2" Name="rear" InterestPosition="(5.929; 0.792; -0.468)" Position="(-0.649; 1.605; 1.978)" MaxXRotation="360" FOV="32.0">

                    </CameraPos>
                    <CameraPos Name="door_l_sticker" InterestPosition="(5.124; 1.724; -0.206)" Position="(3.738; 2.175; -3.775)" FOV="32.0">

                    </CameraPos>
              </CustomizationCameras>
              <UiDesc UiName="UI_VEHICLE_AZOV_42_191_SPRINTER__NAME" UiDesc="UI_VEHICLE_AZOV_42_191_SPRINTER_DESC" UiIconLogo="AzovLogo80" UiIcon40x40="offroadVehicleImg" UiIcon30x30="offroadVehicleImg30" UiIcon328x458="shopImgAzovSprinter">

              </UiDesc>
                    <AddonSockets DefaultAddon="azov_43_191_sprinter_bumper_default">
                      <Socket Names="azovSprinterBumper" ParentFrame="BoneCabin_cdt">

                      </Socket>
                    </AddonSockets>
                    <AddonSockets DefaultAddon="azov_43_191_sprinter_snorkel_default">
                      <Socket ParentFrame="BoneCabin_cdt" Names="azovSprinterSnorkel" _template="Cabin2Chassis">

                      </Socket>
                    </AddonSockets>
                    <AddonSockets DefaultAddon="azov_43_191_sprinter_gabarite_default">
                      <Socket Names="azovSprinterGabarite" ParentFrame="BoneCabin_cdt">

                      </Socket>
                    </AddonSockets>
                    <AddonSockets>
                      <Socket Names="azovSprinterHorn" ParentFrame="BoneCabin_cdt">

                      </Socket>
                    </AddonSockets>
                    <AddonSockets>
                      <Socket Names="azovSprinterAirConditioner" ParentFrame="BoneCabin_cdt">

                      </Socket>
                    </AddonSockets>
                    <AddonSockets>
                      <Socket Names="azovSprinterSpotlight" ParentFrame="BoneCabin_cdt">

                      </Socket>
                    </AddonSockets>
                    <AddonSockets>
                      <Socket Names="azovSprinterBeacon" ParentFrame="BoneCabin_cdt">

                      </Socket>
                    </AddonSockets>
                    <AddonSockets>
                      <Socket Names="azovSprinterVisor" ParentFrame="BoneCabin_cdt">

                      </Socket>
                    </AddonSockets>
                    <AddonSockets DefaultAddon="azov_43_191_sprinter_supplies">
                      <Socket Names="azovSupplies" ParentFrame="BoneCabin_cdt">

                      </Socket>
                    </AddonSockets>
                    <AddonSockets>
                      <Socket ParentFrame="BoneCabin_cdt" Names="azov43191SprinterSticker_1x1_01" InCockpit="true">

                      </Socket>
                    </AddonSockets>
                    <AddonSockets>
                      <Socket ParentFrame="BoneCabin_cdt" Names="azov43191SprinterSticker_1x1_02" InCockpit="true">

                      </Socket>
                    </AddonSockets>
                    <AddonSockets>
                      <Socket ParentFrame="BoneCabin_cdt" Names="azov43191SprinterSticker_1x2_01" InCockpit="true">

                      </Socket>
                    </AddonSockets>
                    <AddonSockets>
                      <Socket ParentFrame="BoneCabin_cdt" Names="azov43191SprinterSticker_1x2_02" InCockpit="true">

                      </Socket>
                    </AddonSockets>
                    <AddonSockets>
                      <Socket ParentFrame="BoneCabin_cdt" Names="azov43191SprinterSticker_1x4_01" InCockpit="true">

                      </Socket>
                    </AddonSockets>
                    <AddonSockets>
                      <Socket ParentFrame="BoneCabin_cdt" Names="azov43191SprinterSticker_1x4_02" InCockpit="true">

                      </Socket>
                    </AddonSockets>
                    <AddonSockets>
                      <Socket Names="azov43191SprinterSticker_Door_R" ParentFrame="BoneCabin_cdt">

                      </Socket>
                    </AddonSockets>
                    <AddonSockets>
                      <Socket Names="azov43191SprinterSticker_Door_L" ParentFrame="BoneCabin_cdt">

                      </Socket>
                    </AddonSockets>
                    <AddonSockets>
                      <Socket Names="azov43191SprinterSticker_Roof" ParentFrame="BoneCabin_cdt">

                      </Socket>
                    </AddonSockets>
                    <AddonSockets>
                      <Socket Names="azov43191SprinterSticker_topGlass" ParentFrame="BoneCabin_cdt">

                      </Socket>
                    </AddonSockets>
                    <AddonSockets>
                      <Socket Names="azov43191SprinterSticker_botGlass" ParentFrame="BoneCabin_cdt">

                      </Socket>
                    </AddonSockets>
                    <AddonSockets>
                      <Socket ParentFrame="BoneCabin_cdt" Offset="(2.808; 2.758; 0)" Names="StuffAirfreshener" InCockpit="true">

                      </Socket>
                    </AddonSockets>
                    <AddonSockets>
                      <Socket ParentFrame="BoneCabin_cdt" Offset="(2.97; 2.245; 0.58)" Names="StuffDashboard" InCockpit="true">

                      </Socket>
                    </AddonSockets>
                      <CraneSocket Pos="(3.476; 1.155; 0.43)">

                      </CraneSocket>
                      <CraneSocket Pos="(3.476; 1.155; -0.43)">

                      </CraneSocket>
                      <CraneSocket Pos="(0.327; 1.238; 1.138)">

                      </CraneSocket>
                      <CraneSocket Pos="(0.327; 1.238; -1.138)">

                      </CraneSocket>
                      <CraneSocket Pos="(-3.625; 1.358; 0)">

                      </CraneSocket>
                        <WinchSocket Pos="(3.476; 1.155; 0.43)">

                        </WinchSocket>
                        <WinchSocket Pos="(3.476; 1.155; -0.43)">

                        </WinchSocket>
                        <WinchSocket Pos="(0.327; 1.238; 1.138)">

                        </WinchSocket>
                        <WinchSocket Pos="(0.327; 1.238; -1.138)">

                        </WinchSocket>
                        <WinchSocket Pos="(-3.625; 1.358; 0)">

                        </WinchSocket>
        </GameData>
        <PhysicsModel Mesh="trucks/azov_43_191_sprinter">
                <Body CenterOfMassOffset="(0; 0; 0)" NetSync="pv" Mass="6000" ImpactType="Truck">
                    <Body NetSync="pv" CenterOfMassOffset="(0; 0; 0)" ModelFrame="BoneCabin_cdt" Mass="3500" ImpactType="Truck">
                        <Constraint Type="Hinge" MaxLimit="10" AxisLocal="(1; 0; 0)" CenterOfMassOffset="(0; 0; 0)" MinLimit="-10">
                            <Motor Spring="525000" Damping="52500" Type="Spring">

                            </Motor>
                        </Constraint>
                            <Body ModelFrame="BoneMirrorRight_cdt" _template="SideMirror">

                            </Body>
                            <Body ModelFrame="BoneMirrorLeft_cdt" _template="SideMirror">

                            </Body>
                            <Body ModelFrame="BoneSunshield_cdt" _template="Sunshield">

                            </Body>
                            <Body ModelFrame="BoneCord_cdt" Mass="1" Collisions="None">
                              <Constraint Type="Hinge" MaxLimit="3" AxisLocal="(1; 0; 0)" MinLimit="-60" Collisions="None">
                                  <Motor Spring="1" Damping="0.1" Type="Spring">

                                  </Motor>
                              </Constraint>
                            </Body>
                            <Body ModelFrame="BoneCord2_cdt" Mass="1" Collisions="None">
                              <Constraint Type="Hinge" MaxLimit="0" AxisLocal="(0; 0; 1)" MinLimit="-60" Collisions="None">
                                  <Motor Spring="0.7" Damping="0.07" Type="Spring">

                                  </Motor>
                              </Constraint>
                            </Body>
                            <Body ModelFrame="BoneNetLeft_cdt" Mass="1" Collisions="None">
                              <Constraint Type="Hinge" MaxLimit="4" AxisLocal="(1; 0; 0)" MinLimit="-4" Collisions="None">
                                  <Motor Spring="4" Damping="0.4" Type="Spring">

                                  </Motor>
                              </Constraint>
                            </Body>
                            <Body ModelFrame="BoneNetRight_cdt" Mass="1" Collisions="None">
                              <Constraint Type="Hinge" MaxLimit="4" AxisLocal="(1; 0; 0)" MinLimit="-4" Collisions="None">
                                  <Motor Spring="4" Damping="0.4" Type="Spring">

                                  </Motor>
                              </Constraint>
                            </Body>
                            <Body ModelFrame="BoneTieRod1_cdt" _template="TieRod">
                              <Constraint MaxLimit="26" AxisLocal="(0; 0; 1)" MinLimit="-26" Name="TieRodSteer">

                              </Constraint>
                            </Body>
                            <Body ModelFrame="BoneBelt1_cdt" Mass="0.5" Collisions="None">
                              <Constraint Type="Hinge" MaxLimit="10" AxisLocal="(0; 1; 0)" MinLimit="-10">
                                  <Motor Spring="1.5" Damping="10" Type="Spring">

                                  </Motor>
                              </Constraint>
                            </Body>
                            <Body ModelFrame="BoneBelt2_cdt" Mass="0.5" Collisions="None">
                              <Constraint Type="Hinge" MaxLimit="20" AxisLocal="(0; 1; 0)" MinLimit="-10">
                                  <Motor Spring="2" Damping="10" Type="Spring">

                                  </Motor>
                              </Constraint>
                            </Body>
                    </Body>
                </Body>
                <NetSync Legacy="false">

                </NetSync>
        </PhysicsModel>
        <ControlledConstraints>
                  <Constraint IsLinkedSteering="true" Id="chassis_steer" Name="TieRodSteer">

                  </Constraint>
        </ControlledConstraints>
        <ModelAttachments>
                    <HeadLight>
                          <Flare Pos="(3.339; 1.541; -0.817)" ParentFrame="BoneCabin_cdt" _template="HeadLight" DirAngle="140" AspectRatio="2" Size=".35" Color="g(255; 235; 200) x 0.6">

                          </Flare>
                          <Flare Pos="(3.339; 1.541; 0.817)" ParentFrame="BoneCabin_cdt" _template="HeadLight" DirAngle="140" AspectRatio="2" Size=".35" Color="g(255; 235; 200) x 0.6">

                          </Flare>
                          <Flare Pos="(3.339; 1.541; -0.817)" ParentFrame="BoneCabin_cdt" _template="BlueStreak">

                          </Flare>
                          <Flare Pos="(3.339; 1.541; 0.817)" ParentFrame="BoneCabin_cdt" _template="BlueStreak">

                          </Flare>
                            <Model Org="(3.339; 1.541; -0.817)" ParentFrame="BoneCabin_cdt" _template="HeadLightRay">

                            </Model>
                            <Model Org="(3.339; 1.541; 0.817)" ParentFrame="BoneCabin_cdt" _template="HeadLightRay">

                            </Model>
                    </HeadLight>
                    <StopSignals>
                          <Light Pos="(-3.782; 1.417; 0)" _template="StopSignal">

                          </Light>
                              <Flare Pos="(-3.68; 1.63; 0.99)" Size="0.3" _template="StopSignal">

                              </Flare>
                              <Flare Pos="(-3.68; 1.63; -0.99)" Size="0.3" _template="StopSignal">

                              </Flare>
                    </StopSignals>
                    <Ignition>
                              <Light Pos="(3.339; 1.541; -0.817)" ParentFrame="BoneCabin_cdt" _template="IgnitionSignalWhite">

                              </Light>
                              <Light Pos="(3.339; 1.541; 0.817)" ParentFrame="BoneCabin_cdt" _template="IgnitionSignalWhite">

                              </Light>
                                <Flare Pos="(3.339; 1.541; -0.817)" ParentFrame="BoneCabin_cdt" _template="IgnitionSignalWhite">

                                </Flare>
                                <Flare Pos="(3.339; 1.541; 0.817)" ParentFrame="BoneCabin_cdt" _template="IgnitionSignalWhite">

                                </Flare>
                                <Flare Pos="(-3.68; 1.63; 0.99)" Dir="(-1; 0; 0)" _template="IgnitionSignalRed" Size="0.2">

                                </Flare>
                                <Flare Pos="(-3.68; 1.63; -0.99)" Dir="(-1; 0; 0)" _template="IgnitionSignalRed" Size="0.2">

                                </Flare>
                                <Flare Pos="(-3.622; 2.763; 0.945)" Dir="(-1; 0; 0)" _template="IgnitionSignalRed" Size="0.2">

                                </Flare>
                                <Flare Pos="(-3.622; 2.763; -0.945)" Dir="(-1; 0; 0)" _template="IgnitionSignalRed" Size="0.2">

                                </Flare>
                                <Flare Pos="(1.9; 1.422; -1.248)" _template="MarkerBeacon" Size="0.3" ParentFrame="BoneCabin_cdt">

                                </Flare>
                                <Flare Pos="(1.9; 1.422; 1.248)" _template="MarkerBeacon" Size="0.3" ParentFrame="BoneCabin_cdt">

                                </Flare>
                    </Ignition>
                    <ReverseSignals>
                              <Light Pos="(-3.761; 1.562; 0)" _template="ReverseSignal">

                              </Light>
                                  <Flare Pos="(-3.662; 1.465; 0.99)" Size="0.3" _template="ReverseSignal">

                                  </Flare>
                                  <Flare Pos="(-3.662; 1.465; -0.99)" Size="0.3" _template="ReverseSignal">

                                  </Flare>
                                  <Flare Pos="(-3.662; 1.465; -0.99)" Dir="(-1; 0; 0)" _template="BlueStreak" Color="g(220; 220; 255) x 0.05" Size="0.4">

                                  </Flare>
                                  <Flare Pos="(-3.662; 1.465; 0.99)" Dir="(-1; 0; 0)" _template="BlueStreak" Color="g(220; 220; 255) x 0.05" Size="0.4">

                                  </Flare>
                    </ReverseSignals>
        </ModelAttachments>
        <AutomaticIK>
                        <IKBone ParentFrame="BoneTieRod1_cdt" ModelFrame="BoneTieRod2">
                          <IKJoint Type="Hinge" AxisLocal="(0; 0; 1)">

                          </IKJoint>
                          <IKBone AttachToFrame="BoneRackLeft" AttachOffset="(0; 0; 0)" ModelFrame="BoneTieRod3">
                                <IKJoint Type="Slider" AxisLocal="(0; 0; 1)">

                                </IKJoint>
                          </IKBone>
                        </IKBone>
                        <IKBone ParentFrame="BoneAxle1" ModelFrame="BonePiston1">
                          <IKJoint Type="Hinge" AxisLocal="(0; 0; 1)">

                          </IKJoint>
                          <IKBone AttachToFrame="BoneRackRight" AttachOffset="(0; 0; 0)" ModelFrame="BonePiston2">
                                <IKJoint Type="Slider" AxisLocal="(1; 0; 0)">

                                </IKJoint>
                          </IKBone>
                        </IKBone>
                        <IKBone ParentFrame="BoneCabin_cdt" ModelFrame="BonePistonRight1">
                          <IKJoint Type="Hinge2" AxisLocal="(1; 0; 0)">

                          </IKJoint>
                          <IKBone AttachToFrame="BoneRackRight" AttachOffset="(0; 0; 0)" ModelFrame="BonePistonRight2">
                                <IKJoint Type="Slider" AxisLocal="(0; 1; 0)">

                                </IKJoint>
                          </IKBone>
                        </IKBone>
                        <IKBone ParentFrame="BoneCabin_cdt" ModelFrame="BonePistonLeft1">
                          <IKJoint Type="Hinge2" AxisLocal="(1; 0; 0)">

                          </IKJoint>
                          <IKBone AttachToFrame="BoneRackLeft" AttachOffset="(0; 0; 0)" ModelFrame="BonePistonLeft2">
                                <IKJoint Type="Slider" AxisLocal="(0; 1; 0)">

                                </IKJoint>
                          </IKBone>
                        </IKBone>
        </AutomaticIK>
                      <Rotator Frame="BoneFanRotator" RotationSpeed="10" EngineTorqueFactor="0" RotationAxis="(0; -1; 0)">

                      </Rotator>
                      <Rotator Frame="BoneFanRotator2" RotationSpeed="10" EngineTorqueFactor="0" RotationAxis="(0; -1; 0)">

                      </Rotator>
        <Landmark MaxScale="2.5" Mesh="landmarks/azov_43_191_sprinter_lmk" MinScale="1.5">

        </Landmark>
        <TruckData SteerSpeed="0.02" EngineStartDelay="0.6" EngineIconMesh="env/engine_big" TruckType="OFFROAD" Responsiveness="0.25" BackSteerSpeed="0.02" TruckImage="azovsprintermchr" FuelCapacity="350" DiffLockType="Always" ExhaustStartTime="0.6" EngineIconScale="1.2">
                            <Driver Pos="(2.344; 1.813; 0.653)" ParentFrame="BoneCabin_cdt" SteeringWheelPos="(2.701; 2.141; 0.693)">

                            </Driver>
                            <SoundsDamage _template="Heavy">

                            </SoundsDamage>
                            <Shakers>
                                    <Shaker MaxFrequency="0.1" MaxAngle="(3; 3; 3)" ParentFrame="BoneCabin_cdt" Frame="BoneGearbox">

                                    </Shaker>
                            </Shakers>
                            <OcclusionMap HalfSizeZ="2" MinX="-4.8" MaxX="4.5">

                            </OcclusionMap>
                            <FuelTank DamageCapacity="100">

                            </FuelTank>
                                        <Intake Size="1.219" Dir="(0.916; 0; -0.401)" Origin="(1.893; 1.791; -1.154)">

                                        </Intake>
                                        <Intake Size="1.219" Dir="(0.916; 0; 0.401)" Origin="(1.893; 1.791; 1.154)">

                                        </Intake>
                            <EngineSocket Type="e_ru_truck_modern, e_ru_azov_sprinter" Default="ru_truck_modern_engine_0">

                            </EngineSocket>
                            <SuspensionSocket Type="s_azov_43_191_sprinter" MaxWheelRadiusWithoutSuspension="1" Default="azov_43_191_sprinter_suspension_default">

                            </SuspensionSocket>
                            <Dashboard>
                                                  <Gauge InputRange="(0;1)" Dir="(-0.989; 0; -0.15)" InputType="engineEnabled" Org="(2.934; 2.271; 0.935)" Damping="0.99" Mesh="trucks/arrows/azov_43_191_sprinter_arrow_1" OutputAngles="(-129; 31)">

                                                  </Gauge>
                                                  <Gauge InputRange="(0;1)" Dir="(-0.989; -0.002; -0.15)" InputType="engineEnabled" Org="(2.941; 2.271; 0.888)" Damping="0.99" Mesh="trucks/arrows/azov_43_191_sprinter_arrow_1" OutputAngles="(-128; -13)">

                                                  </Gauge>
                                                  <Gauge InputRange="(0;1)" Dir="(-0.98; 0; 0.198)" InputType="engineEnabled" Org="(2.934; 2.271; 0.495)" Damping="0.99" Mesh="trucks/arrows/azov_43_191_sprinter_arrow_1" OutputAngles="(-129; -52)">

                                                  </Gauge>
                                                  <Gauge InputRange="(0;1)" Dir="(-0.98; 0; 0.198)" InputType="engineEnabled" Org="(2.924; 2.271; 0.449)" Damping="0.99" Mesh="trucks/arrows/azov_43_191_sprinter_arrow_1" OutputAngles="(-128; 5)">

                                                  </Gauge>
                                                  <Gauge InputRange="(0;1)" Dir="(-0.963; 0.264; -0.053)" InputType="fuel" Org="(2.915; 2.164; 0.862)" Damping="0.99" Mesh="trucks/arrows/azov_43_191_sprinter_arrow_3" OutputAngles="(-57; 57)">

                                                  </Gauge>
                                                  <Gauge InputRange="(0;1)" Dir="(-0.963; 0.264; -0.053)" InputType="engineEnabled" Org="(2.903; 2.121; 0.862)" Damping="0.99" Mesh="trucks/arrows/azov_43_191_sprinter_arrow_3" OutputAngles="(-56; 44)">

                                                  </Gauge>
                                                  <Gauge InputRange="(0;1)" Dir="(-0.963; 0.264; 0.052)" InputType="engineEnabled" Org="(2.915; 2.164; 0.522)" Damping="0.99" Mesh="trucks/arrows/azov_43_191_sprinter_arrow_3" OutputAngles="(-55; 35)">

                                                  </Gauge>
                                                  <Gauge InputRange="(0;1)" Dir="(-0.963; 0.264; 0.052)" InputType="engineEnabled" Org="(2.903; 2.121; 0.523)" Damping="0.99" Mesh="trucks/arrows/azov_43_191_sprinter_arrow_3" OutputAngles="(-56; 8)">

                                                  </Gauge>
                                                  <Gauge InputType="speed" Dir="(-0.964; 0.265; 0.001)" Org="(2.902; 2.157; 0.643)" Mesh="trucks/arrows/azov_43_191_sprinter_arrow_5" InputRange="(0;160)" OutputAngles="(-117; 116)">

                                                  </Gauge>
                                                  <Gauge InputRange="(0;1)" Dir="(-0.968; 0.25; 0.002)" InputType="rpm" Org="(2.904; 2.158; 0.747)" Damping="0.99" Mesh="trucks/arrows/azov_43_191_sprinter_arrow_4" OutputAngles="(-130; 135)">

                                                  </Gauge>
                                                  <Gauge InputRange="(0;1)" Dir="(-0.977; 0.211; 0)" InputType="engineEnabled" Org="(2.637; 2.189; -0.095)" Damping="0.99" Mesh="trucks/arrows/azov_43_191_sprinter_arrow_2" OutputAngles="(-56; 12)">

                                                  </Gauge>
                                                  <Gauge InputRange="(0;1)" Dir="(-0.974; 0.225; 0.003)" InputType="engineEnabled" Org="(2.639; 2.201; -0.169)" Damping="0.99" Mesh="trucks/arrows/azov_43_191_sprinter_arrow_6" OutputAngles="(-127; -38)">

                                                  </Gauge>
                            </Dashboard>
                            <Axles>
                                                    <Axle Frame="BoneAxle1">

                                                    </Axle>
                                                    <Axle Frame="BoneAxle2">

                                                    </Axle>
                            </Axles>
                            <Camera Center="(-1.5; 0; 0)" ParentFrame="BoneCabin_cdt">
                                                    <Cockpit WindshieldDiffuseTexture="trucks/azov_43_191_glass__d_a.tga" _template="Default" WindshieldShadingTexture="trucks/azov_43_191_glass__sh_d.tga" ViewPos="(2.37; 2.49; 0.7)">
                                                          <Mirror FOVScale="1.5" ClipDir="(-0.95; 0.073; -0.305)" MeshFrame="mirror_left" Pos="(2.976; 2.391; 1.273)" ReflectionDir="(-0.95; 0.073; -0.305)" Size="(0.19; 0.32)" ClipOffset="0.15">

                                                          </Mirror>
                                                          <Mirror FOVScale="2" ClipDir="(-0.829; 0.044; 0.557)" MeshFrame="mirror_right" Pos="(2.983; 2.391; -1.261)" ReflectionDir="(-0.829; 0.044; 0.557)" Size="(0.19; 0.32)" ClipOffset="0.15">

                                                          </Mirror>
                                                    </Cockpit>
                            </Camera>
                                                    <CompatibleWheels Type="wheels_azov_43_191_sprinter" Scale="0.6">

                                                    </CompatibleWheels>
                                                    <CompatibleWheels Type="wheels_heavy_single" Scale="0.6">

                                                    </CompatibleWheels>
                                                      <Exhaust IsLight="false" Dir="(0; -0.884; 0.468)" Speed="3.82" Origin="(-0.205; 0.808; 0.75)">

                                                      </Exhaust>
                                                      <Exhaust IsLight="false" Dir="(0; -0.884; -0.468)" Speed="3.82" Origin="(-0.205; 0.808; -0.75)">

                                                      </Exhaust>
                            <Sounds _template="Default" MinDist="15.0" Origin="(0.669; 1.441; 0)" DisableReversePitch="false">
                                                            <Reverse _inheritRemove="true">

                                                            </Reverse>
                                                            <Reverse Sound="trucks/azov_43_191_sprinter/azov_43_191_sprinter_reverse">

                                                            </Reverse>
                                                          <EngineTrans Sound="trucks/azov_43_191_sprinter/azov_43_191_sprinter_turbo">

                                                          </EngineTrans>
                                                          <EngineLow Sound="trucks/azov_43_191_sprinter/azov_43_191_sprinter_low">

                                                          </EngineLow>
                                                          <BrakePull Sound="trucks/azov_43_191_sprinter/azov_43_191_sprinter_brake_pull">

                                                          </BrakePull>
                                                          <EngineHigh Sound="trucks/azov_43_191_sprinter/azov_43_191_sprinter_high">

                                                          </EngineHigh>
                                                          <HandbrakeOff Sound="trucks/azov_43_191_sprinter/azov_43_191_sprinter_handbrake_off">

                                                          </HandbrakeOff>
                                                          <Gear Sound="trucks/azov_43_191_sprinter/azov_43_191_sprinter_gear_shift">

                                                          </Gear>
                                                          <AbruptStop Sound="trucks/common/truck_swing_big_rnd_set/truck_swing_big_rnd">

                                                          </AbruptStop>
                                                          <EngineRev Sound="trucks/azov_43_191_sprinter/azov_43_191_sprinter_rev">

                                                          </EngineRev>
                                                          <EngineHeavy_2d IsSound2D="true" Sound="trucks/azov_43_191_sprinter/azov_43_191_sprinter_heavy_2d">

                                                          </EngineHeavy_2d>
                                                          <EngineHeavy Sound="trucks/azov_43_191_sprinter/azov_43_191_sprinter_heavy">

                                                          </EngineHeavy>
                                                          <EngineHigh_2d IsSound2D="true" Sound="trucks/azov_43_191_sprinter/azov_43_191_sprinter_high_2d">

                                                          </EngineHigh_2d>
                                                          <EngineLow_2d IsSound2D="true" Sound="trucks/azov_43_191_sprinter/azov_43_191_sprinter_low_2d">

                                                          </EngineLow_2d>
                                                          <EngineIdle_2d IsSound2D="true" Sound="trucks/azov_43_191_sprinter/azov_43_191_sprinter_idle_2d">

                                                          </EngineIdle_2d>
                                                          <EngineIdle Sound="trucks/azov_43_191_sprinter/azov_43_191_sprinter_idle">

                                                          </EngineIdle>
                                                          <Handbrake Sound="trucks/azov_43_191_sprinter/azov_43_191_sprinter_handbrake_on">

                                                          </Handbrake>
                                                          <BrakeRelease Sound="trucks/azov_43_191_sprinter/azov_43_191_sprinter_brake_release">

                                                          </BrakeRelease>
                                                          <EngineStart Sound="trucks/azov_43_191_sprinter/azov_43_191_sprinter_start">

                                                          </EngineStart>
                                                          <Honk Sound="trucks/azov_43_191_sprinter/azov_43_191_sprinter_honk">

                                                          </Honk>
                                                          <EngineStop Sound="trucks/azov_43_191_sprinter/azov_43_191_sprinter_stop">

                                                          </EngineStop>
                                                          <BrakesSqueal Sound="trucks/azov_43_191_sprinter/azov_43_191_sprinter_brakes_squeal">

                                                          </BrakesSqueal>
                                                          <EngineAccel Sound="trucks/azov_43_191_sprinter/azov_43_191_sprinter_acc">

                                                          </EngineAccel>
                            </Sounds>
                            <GearboxSocket Type="gearboxes_trucks, gearboxes_azov_sprinter" Default="g_truck_default">

                            </GearboxSocket>
                            <Steam Origin="(1.857; 1.036; -0)">

                            </Steam>
                            <Wheels DefaultWheelType="wheels_azov_43_191_sprinter" DefaultTire="tire" DefaultRim="rim">
                                                                  <Wheel Pos="(2.275; 0.604; 1.055)" _template="FrontWheel">

                                                                  </Wheel>
                                                                  <Wheel RightSide="true" Pos="(2.275; 0.604; 1.055)" _template="FrontWheel">

                                                                  </Wheel>
                                                                  <Wheel Pos="(-2.006; 0.604; 1.055)" _template="RearWheel">

                                                                  </Wheel>
                                                                  <Wheel RightSide="true" Pos="(-2.006; 0.604; 1.055)" _template="RearWheel">

                                                                  </Wheel>
                            </Wheels>
                            <WinchUpgradeSocket Type="winches_medium_trucks" Default="w_medium_trucks_default" IsUpgradable="true">

                            </WinchUpgradeSocket>
                            <SteeringRack Frame="BoneRack" RackHalfSizeZ="0.789" FrameSteerLeft="BoneRackLeft" FrameSteerRight="BoneRackRight">

                            </SteeringRack>
                            <SteeringWheel Frame="BoneSteering">

                            </SteeringWheel>
                            <SoundsWheels _template="Default">

                            </SoundsWheels>
                            <Damage>
                                                                            <DamageArea Min="(1.662; 0.869; -0.574)" ParentFrame="BoneChassis_cdt" Max="(3.352; 1.651; 0.574)" Type="Engine">

                                                                            </DamageArea>
                                                                            <DamageArea Min="(0.176; 1.807; -1.107)" ParentFrame="BoneChassis_cdt" Max="(1.287; 2.761; 1.107)" Type="FuelTank">

                                                                            </DamageArea>
                            </Damage>
                            <Shafts>
                                                                              <Shaft SocketPointA="Shaft1a" SocketPointB="Shaft1b">

                                                                              </Shaft>
                                                                              <Shaft SocketPointA="Shaft2a" SocketPointB="Shaft2b">

                                                                              </Shaft>
                                                                              <Shaft SocketPointA="Shaft3a" SocketPointB="Shaft3b">

                                                                              </Shaft>
                                                                              <Shaft SocketPointA="Shaft4a" SocketPointB="Shaft4b">

                                                                              </Shaft>
                            </Shafts>
        </TruckData>
  </Truck>