  <_templates Include="trucks">
      <Wheel>
          <RearWheel Location="rear" ConnectedToHandbrake="true" Torque="default">

          </RearWheel>
          <FrontWheel ParentFrame="BoneCabin_cdt" SteeringAngle="30" Location="front" SteeringJointOffset="0.12" Torque="full" SteeringCastor="8">

          </FrontWheel>
      </Wheel>
      <Body>
            <Sunshield Mass="4" Collisions="None">
                <Constraint Type="Hinge" MaxLimit="10" AxisLocal="(0; 0; 1)" MinLimit="0">
                    <Motor Spring="10" Damping="0.05" Type="Spring">

                    </Motor>
                </Constraint>
            </Sunshield>
      </Body>
  </_templates>
  <Truck>
        <HeadLight Pos="(1.7; 0.7; 0)" _template="Default">

        </HeadLight>
        <GameData Recallable="true" ExcludeAddons="stuff_hula_girl, stuff_masha" UnlockByExploration="true" Price="3600" UnlockByRank="1" Country="RU,CAS">
              <CustomizationCameras>
                    <CameraPos Name="roof_sticker" InterestPosition="(4.9; 0.652; -0.658)" Position="(7.637; 4.708; -0.542)" Interior="true" FOV="32.0">

                    </CameraPos>
                    <CameraPos MaxYRotation="360" MaxZoom="2" Name="addon_1" InterestPosition="(1.036; 1.692; -0)" Position="(-6.923; 2.071; 10.147)" MaxXRotation="360" FOV="32.0">

                    </CameraPos>
                    <CameraPos MaxYRotation="360" MaxZoom="2" Name="addon_2" InterestPosition="(4.991; 1.77; 0)" Position="(10.328; 3.173; 3.632)" MaxXRotation="360" FOV="32.0">

                    </CameraPos>
                    <CameraPos Name="mirror_mount" InterestPosition="(7.7; 1.1; 1.1)" Position="(5.2; 1; 0)" Interior="true" FOV="32.0">

                    </CameraPos>
                    <CameraPos Name="bubble_head" InterestPosition="(7.7; 1.1; 1.1)" Position="(5.2; 1; 0)" Interior="true" FOV="32.0">

                    </CameraPos>
                    <CameraPos Name="sticker" InterestPosition="(7.7; 1.1; 1.1)" Position="(5.2; 1; 0)" Interior="true" FOV="32.0">

                    </CameraPos>
                    <CameraPos MaxYRotation="360" MaxZoom="2" Name="side_r" InterestPosition="(4.679; 0.759; -0)" Position="(9.22; 3.041; -2.085)" MaxXRotation="360" FOV="32.0">

                    </CameraPos>
                    <CameraPos Name="glass_sticker" InterestPosition="(5.6; 0.75; -0.95)" Position="(8.400; 2.25; 0.48)" Interior="true" FOV="32.0">

                    </CameraPos>
                    <CameraPos Name="door_r_sticker" InterestPosition="(7.122; 0.455; 0.563)" Position="(4.281; 1.252; 2.56)" Interior="true" FOV="32.0">

                    </CameraPos>
                    <CameraPos MaxYRotation="360" MaxZoom="2" Name="roof" InterestPosition="(5.798; 0.713; 0)" Position="(10.212; 2.243; -3.182)" MaxXRotation="360" FOV="32.0">

                    </CameraPos>
                    <CameraPos Name="capote_sticker" InterestPosition="(7.229; 0.689; -0.829)" Position="(9.359; 3.23; -0.138)" Interior="true" FOV="32.0">

                    </CameraPos>
                    <CameraPos MaxYRotation="360" MaxZoom="2" Name="hoods" InterestPosition="(5.787; 0.976; 0)" Position="(11.091; 1.495; -3.925)" MaxXRotation="360" FOV="32.0">

                    </CameraPos>
                    <CameraPos MaxYRotation="360" MaxZoom="2" Name="side_l" InterestPosition="(5.944; 0.759; 0)" Position="(9.22; 3.041; 3.401)" MaxXRotation="360" FOV="32.0">

                    </CameraPos>
                    <CameraPos MaxYRotation="360" MaxZoom="2" Name="wheels" InterestPosition="(5.926; 0.292; -0.046)" Position="(8.193; 0.885; -3.594)" MaxXRotation="360" FOV="32.0">

                    </CameraPos>
                    <CameraPos MaxYRotation="360" MaxZoom="2" Name="default" InterestPosition="(5.787; 0.976; 0)" Position="(11.091; 1.495; -3.925)" MaxXRotation="360" FOV="32.0">

                    </CameraPos>
                    <CameraPos MaxYRotation="360" MaxZoom="2" Name="rear" InterestPosition="(5.042; 0.956; 0)" Position="(-0.258; 1.601; 3.76)" MaxXRotation="360" FOV="32.0">

                    </CameraPos>
                    <CameraPos Name="door_l_sticker" InterestPosition="(4.861; 0.675; -0.496)" Position="(4.494; 1.458; -2.563)" Interior="true" FOV="32.0">

                    </CameraPos>
              </CustomizationCameras>
              <UiDesc UiName="UI_VEHICLE_GOR_BY4_NAME" UiDesc="UI_VEHICLE_GOR_BY4_DESC" UiIconLogo="GorLogo80" UiIcon40x40="scoutVehicleImg" UiIcon30x30="scoutVehicleImg30" UiIcon328x458="ShopImgGorBy">

              </UiDesc>
                    <AddonSockets>
                      <Socket Offset="(-1.989; 0.62; 0)" Names="ScautTrailer" ParentFrame="BoneCabin_cdt">
                          <AddonsShift Offset="(-0.085; 0; 0)" Types="GorBy4RearBumper">

                          </AddonsShift>
                      </Socket>
                    </AddonSockets>
                    <AddonSockets DefaultAddon="gor_by4_front_bumper_default">
                        <Socket Names="GorBy4FrontBumper" ParentFrame="BoneCabin_cdt">

                        </Socket>
                        <Socket Names="GorBy4DefenceFrame" ParentFrame="BoneCabin_cdt">

                        </Socket>
                    </AddonSockets>
                    <AddonSockets DefaultAddon="gor_by4_rear_bumper_default">
                        <Socket Names="GorBy4RearBumperDefault" ParentFrame="BoneCabin_cdt">

                        </Socket>
                        <Socket NamesBlock="GorBy4DefenceFrame" Names="GorBy4RearBumper" ParentFrame="BoneCabin_cdt">

                        </Socket>
                    </AddonSockets>
                    <AddonSockets DefaultAddon="gor_by4_threshold_default">
                      <Socket Names="GorBy4Threshold" ParentFrame="BoneCabin_cdt">

                      </Socket>
                    </AddonSockets>
                    <AddonSockets>
                        <Socket Names="GorBy4bRoofrack" ParentFrame="BoneCabin_cdt">

                        </Socket>
                        <Socket NamesBlock="GorBy4DefenceFrame, GorBy4Threshold, GorBy4Spotlight" Names="GorBy4bRoofrack2" ParentFrame="BoneCabin_cdt">

                        </Socket>
                    </AddonSockets>
                    <AddonSockets>
                      <Socket Names="GorBy4bSnorkel" ParentFrame="BoneCabin_cdt">

                      </Socket>
                    </AddonSockets>
                    <AddonSockets>
                      <Socket NamesBlock="GorBy4DefenceFrame" Names="GorBy4Spotlight" ParentFrame="BoneCabin_cdt">

                      </Socket>
                    </AddonSockets>
                    <AddonSockets>
                      <Socket Names="GorBy4Visor" ParentFrame="BoneCabin_cdt">

                      </Socket>
                    </AddonSockets>
                    <AddonSockets>
                      <Socket Names="GorBy4Horn" ParentFrame="BoneCabin_cdt">

                      </Socket>
                    </AddonSockets>
                    <AddonSockets DefaultAddon="gor_by4_diff_lock_default">
                      <Socket Offset="(0; 0; 0)" Names="gor_by4_DiffLock" ParentFrame="BoneChassis_cdt">

                      </Socket>
                    </AddonSockets>
                    <AddonSockets>
                      <Socket ParentFrame="BoneCabin_cdt" Names="GorBy4Sticker_1x1_01" InCockpit="true">

                      </Socket>
                    </AddonSockets>
                    <AddonSockets>
                      <Socket ParentFrame="BoneCabin_cdt" Names="GorBy4Sticker_1x1_02" InCockpit="true">

                      </Socket>
                    </AddonSockets>
                    <AddonSockets>
                      <Socket ParentFrame="BoneCabin_cdt" Names="GorBy4Sticker_1x1_03" InCockpit="true">

                      </Socket>
                    </AddonSockets>
                    <AddonSockets>
                      <Socket ParentFrame="BoneCabin_cdt" Names="GorBy4Sticker_1x2_01" InCockpit="true">

                      </Socket>
                    </AddonSockets>
                    <AddonSockets>
                      <Socket ParentFrame="BoneCabin_cdt" Names="GorBy4Sticker_1x2_02" InCockpit="true">

                      </Socket>
                    </AddonSockets>
                    <AddonSockets>
                      <Socket ParentFrame="BoneCabin_cdt" Names="GorBy4Sticker_1x4_01" InCockpit="true">

                      </Socket>
                    </AddonSockets>
                    <AddonSockets>
                      <Socket ParentFrame="BoneCabin_cdt" Names="GorBy4Sticker_GlassTop" InCockpit="true">

                      </Socket>
                    </AddonSockets>
                    <AddonSockets>
                      <Socket Names="GorBy4Sticker_Door_L" ParentFrame="BoneCabin_cdt">

                      </Socket>
                    </AddonSockets>
                    <AddonSockets>
                      <Socket Names="GorBy4Sticker_Door_R" ParentFrame="BoneCabin_cdt">

                      </Socket>
                    </AddonSockets>
                    <AddonSockets>
                      <Socket Names="GorBy4Sticker_Capote" ParentFrame="BoneCabin_cdt">

                      </Socket>
                    </AddonSockets>
                    <AddonSockets>
                      <Socket Names="GorBy4Sticker_Roof" ParentFrame="BoneCabin_cdt">

                      </Socket>
                    </AddonSockets>
                    <AddonSockets>
                      <Socket ParentFrame="BoneCabin_cdt" Offset="(0.442; 1.283; 0)" Names="StuffAirfreshener" InCockpit="true">

                      </Socket>
                    </AddonSockets>
                    <AddonSockets>
                      <Socket UpDir="(-0.276; 0.961; 0)" ParentFrame="BoneCabin_cdt" Offset="(0.622; 1.026; 0.084)" Names="StuffDashboard" InCockpit="true">

                      </Socket>
                    </AddonSockets>
                      <CraneSocket Pos="(-0.355; 1.487; 0)">

                      </CraneSocket>
                      <CraneSocket Pos="(1.5; 0.3; -0.35)">

                      </CraneSocket>
                      <CraneSocket Pos="(1.5; 0.3; 0.35)">

                      </CraneSocket>
                      <CraneSocket Pos="(-1.855; 0.31; 0)">

                      </CraneSocket>
                      <CraneSocket Pos="(0; 0.3; -0.7)">

                      </CraneSocket>
                      <CraneSocket Pos="(0; 0.3; 0.7)">

                      </CraneSocket>
                        <WinchSocket Pos="(1.5; 0.3; -0.35)">

                        </WinchSocket>
                        <WinchSocket Pos="(1.5; 0.3; 0.35)">

                        </WinchSocket>
                        <WinchSocket Pos="(-1.75; 0.267; 0)">

                        </WinchSocket>
                        <WinchSocket Pos="(0; 0.3; -0.75)">

                        </WinchSocket>
                        <WinchSocket Pos="(0; 0.3; 0.75)">

                        </WinchSocket>
        </GameData>
        <PhysicsModel Mesh="trucks/gor_by4">
                <Body CenterOfMassOffset="(-0.3; -0.2; 0)" NetSync="pv" Mass="700" ImpactType="Truck">
                    <Body NetSync="pv" CenterOfMassOffset="(0.7; -0.5; 0)" ModelFrame="BoneCabin_cdt" Mass="450" ImpactType="Truck">
                        <Constraint Type="Fixed">

                        </Constraint>
                            <Body ModelFrame="BoneSunshieldRight_cdt" _template="Sunshield">

                            </Body>
                            <Body ModelFrame="BoneSunshieldLeft_cdt" _template="Sunshield">

                            </Body>
                    </Body>
                </Body>
                <NetSync Legacy="false">

                </NetSync>
        </PhysicsModel>
        <Snorkel Origin="(-1.73; 0.76; 0)">

        </Snorkel>
        <AutomaticIK>
                      <IKBone ParentFrame="BoneChassis_cdt" ModelFrame="BoneBalancerAxleL2_A">
                        <IKJoint Type="Hinge" AxisLocal="(0; 0; 1)">

                        </IKJoint>
                        <IKBone AttachToFrame="BoneAxleL2" AttachOffset="(0; 0; 0)" ModelFrame="BoneBalancerAxleL2_B">
                              <IKJoint Type="Hinge" AxisLocal="(0; 0; 1)">

                              </IKJoint>
                        </IKBone>
                      </IKBone>
                      <IKBone ParentFrame="BoneChassis_cdt" ModelFrame="BoneBalancerAxleR2_A">
                        <IKJoint Type="Hinge" AxisLocal="(0; 0; 1)">

                        </IKJoint>
                        <IKBone AttachToFrame="BoneAxleR2" AttachOffset="(0; 0; 0)" ModelFrame="BoneBalancerAxleR2_B">
                              <IKJoint Type="Hinge" AxisLocal="(0; 0; 1)">

                              </IKJoint>
                        </IKBone>
                      </IKBone>
        </AutomaticIK>
        <Landmark MaxScale="3.8" Mesh="landmarks/gor_by4_lmk" MinScale="1.8">

        </Landmark>
        <Rotator RotationSpeed="-20" Frame="BoneEngineFan" EngineTorqueFactor="0.5">

        </Rotator>
        <ModelAttachments>
                          <Ignition>
                                <Light Pos="(-2; 0.3; 0)" _template="IgnitionSignalRed" Color="g(169; 0; 0) x 0.8" ParentFrame="BoneCabin_cdt">

                                </Light>
                                <Light Pos="(1.85; 0.3; 0)" _template="IgnitionSignalWhite" Color="g(255; 235; 225) x 0.9" ParentFrame="BoneCabin_cdt">

                                </Light>
                                  <Flare Pos="(-1.619; 0.843; -0.616)" _template="IgnitionSignalRed" Color="g(169; 0; 0) x 0.8" Size="0.12" ParentFrame="BoneCabin_cdt">

                                  </Flare>
                                  <Flare Pos="(-1.619; 0.843; 0.616)" _template="IgnitionSignalRed" Color="g(169; 0; 0) x 0.8" Size="0.12" ParentFrame="BoneCabin_cdt">

                                  </Flare>
                                  <Flare Pos="(1.56; 0.739; -0.555)" _template="IgnitionSignalWhite" Color="g(240; 225; 215) x 0.7" Size="0.3" ParentFrame="BoneCabin_cdt">

                                  </Flare>
                                  <Flare Pos="(1.56; 0.739; 0.555)" _template="IgnitionSignalWhite" Color="g(240; 225; 215) x 0.7" Size="0.3" ParentFrame="BoneCabin_cdt">

                                  </Flare>
                                  <Flare Pos="(1.596; 0.407; -0.509)" _template="IgnitionSignalWhite" Color="g(240; 225; 215) x 0.4" Size="0.2" ParentFrame="BoneCabin_cdt">

                                  </Flare>
                                  <Flare Pos="(1.596; 0.407; 0.509)" _template="IgnitionSignalWhite" Color="g(240; 225; 215) x 0.4" Size="0.2" ParentFrame="BoneCabin_cdt">

                                  </Flare>
                          </Ignition>
                          <HeadLight>
                                  <Flare Pos="(1.56; 0.739; -0.555)" _template="HeadLight" Color="g(255; 245; 215) x 0.5" Size="0.6" ParentFrame="BoneCabin_cdt">

                                  </Flare>
                                  <Flare Pos="(1.56; 0.739; 0.555)" _template="HeadLight" Color="g(255; 245; 215) x 0.5" Size="0.6" ParentFrame="BoneCabin_cdt">

                                  </Flare>
                                  <Flare Pos="(1.58; 0.739; -0.555)" _template="BlueStreak" Color="g(220; 220; 255) x 0.05" Size="0.5" ParentFrame="BoneCabin_cdt">

                                  </Flare>
                                  <Flare Pos="(1.58; 0.739; 0.555)" _template="BlueStreak" Color="g(220; 220; 255) x 0.05" Size="0.5" ParentFrame="BoneCabin_cdt">

                                  </Flare>
                                    <Model Org="(1.56; 0.739; -0.555)" ParentFrame="BoneCabin_cdt" _template="HeadLightRay">

                                    </Model>
                                    <Model Org="(1.56; 0.739; 0.555)" ParentFrame="BoneCabin_cdt" _template="HeadLightRay">

                                    </Model>
                          </HeadLight>
                          <StopSignals>
                                  <Light Pos="(-2; 0.3; 0)" ParentFrame="BoneCabin_cdt" _template="StopSignal">

                                  </Light>
                                      <Flare Pos="(-1.619; 0.843; -0.616)" ParentFrame="BoneCabin_cdt" _template="StopSignal">

                                      </Flare>
                                      <Flare Pos="(-1.619; 0.843; 0.616)" ParentFrame="BoneCabin_cdt" _template="StopSignal">

                                      </Flare>
                                      <Flare Pos="(-1.67; 0.75; -0.616)" _template="StopSignal" Size="0.3" ParentFrame="BoneCabin_cdt">

                                      </Flare>
                                      <Flare Pos="(-1.67; 0.75; 0.616)" _template="StopSignal" Size="0.3" ParentFrame="BoneCabin_cdt">

                                      </Flare>
                          </StopSignals>
        </ModelAttachments>
        <TruckData SteerSpeed="0.03" EngineStartDelay="1.7" EngineIconMesh="env/engine_gor_by4" TruckType="SCOUT" Responsiveness="0.6" BackSteerSpeed="0.06" TruckImage="gorbymchr" FuelCapacity="50" DiffLockType="Installed" ExhaustStartTime="1.6" EngineIconScale="1">
                            <Driver Pos="(-0.041; 0.538; 0.29)" LegsOffset="(-0.1; 0.04; 0)" AnimationSet="Scout" SteeringWheelPos="(0.265; 0.925; 0.284)">

                            </Driver>
                            <Wheels DefaultWheelType="wheels_gor_by4" DefaultTire="tire_1" DefaultRim="rim_1">
                                    <Wheel Pos="(1.159; 0.196; 0.75)" _template="FrontWheel">

                                    </Wheel>
                                    <Wheel RightSide="true" Pos="(1.159; 0.196; 0.75)" _template="FrontWheel">

                                    </Wheel>
                                    <Wheel Pos="(-1.159; 0.196; 0.75)" _template="RearWheel">

                                    </Wheel>
                                    <Wheel RightSide="true" Pos="(-1.159; 0.196; 0.75)" _template="RearWheel">

                                    </Wheel>
                            </Wheels>
                            <SoundsDamage _template="Scout">

                            </SoundsDamage>
                            <Shakers>
                                      <Shaker MaxFrequency="4" Frame="BoneExhaust" MinAngle="(0.15; 0.15; 0.15)" MaxAngle="(0.3; 0.3; 0.3)">

                                      </Shaker>
                            </Shakers>
                            <OcclusionMap MinX="-2.3" Texture="trucks/occlusion/chassis_small__s_d_a.tga" HalfSizeZ="1.5" MaxX="2.3">

                            </OcclusionMap>
                            <FuelTank DamageCapacity="50">

                            </FuelTank>
                                          <CompatibleWheels Type="wheels_gor_by4" Scale="0.37">

                                          </CompatibleWheels>
                                          <CompatibleWheels Type="wheels_gor_by4" Scale="0.39">

                                          </CompatibleWheels>
                                          <CompatibleWheels Type="wheels_scout1" Scale="0.37">

                                          </CompatibleWheels>
                                          <CompatibleWheels Type="wheels_scout1" Scale="0.39">

                                          </CompatibleWheels>
                                          <CompatibleWheels Type="wheels_scout2" Scale="0.37">

                                          </CompatibleWheels>
                                          <CompatibleWheels Type="wheels_scout2" Scale="0.39">

                                          </CompatibleWheels>
                            <EngineSocket Type="e_ru_scout_old" Default="ru_scout_old_engine_0">

                            </EngineSocket>
                            <SuspensionSocket Type="s_gor_by4" MaxWheelRadiusWithoutSuspension="0.29" Default="gor_by4_suspension_default">

                            </SuspensionSocket>
                            <Dashboard>
                                                    <Gauge InputType="speed" Dir="(-0.894; 0.449; 0)" Org="(0.535; 0.905; 0.284)" Mesh="trucks/arrows/gor_by4_arrow_1" InputRange="(0;120)" OutputAngles="(-112; 112)">

                                                    </Gauge>
                                                    <Gauge InputRange="(0;1)" Dir="(-0.549; 0.836; 0)" InputType="rpm" Org="(0.466; 0.752; 0)" Damping="0.99" Mesh="trucks/arrows/gor_by4_arrow_2" OutputAngles="(-210; 40)">

                                                    </Gauge>
                                                    <Gauge InputRange="(0;1)" Dir="(-0.893; 0.449; 0)" InputType="fuel" Org="(0.537; 0.904; 0.403)" Damping="0.99" Mesh="trucks/arrows/gor_by4_arrow_4" OutputAngles="(-32; 32)">

                                                    </Gauge>
                                                    <Gauge InputRange="(0;1)" Dir="(-0.894; 0.449; 0)" InputType="engineEnabled" Org="(0.537; 0.904; 0.164)" Damping="0.99" Mesh="trucks/arrows/gor_by4_arrow_4" OutputAngles="(-32; -20)">

                                                    </Gauge>
                                                    <Gauge InputRange="(0;1)" Dir="(-0.893; 0.449; 0)" InputType="engineEnabled" Org="(0.522; 0.875; 0.164)" Damping="0.99" Mesh="trucks/arrows/gor_by4_arrow_5" OutputAngles="(0; 30)">

                                                    </Gauge>
                                                    <Gauge InputRange="(0;1)" Dir="(-0.981; 0; 0.196)" InputType="engineEnabled" Org="(0.504; 0.8; 0.081)" Damping="0.99" Mesh="trucks/arrows/gor_by4_arrow_3" OutputAngles="(-64; -14)">

                                                    </Gauge>
                                                    <Gauge InputRange="(0;1)" Dir="(-0.981; 0; 0.196)" InputType="engineEnabled" Org="(0.504; 0.8; 0.027)" Damping="0.99" Mesh="trucks/arrows/gor_by4_arrow_3" OutputAngles="(-64; 10)">

                                                    </Gauge>
                                                    <Gauge InputRange="(0;1)" Dir="(-0.981; 0; 0.196)" InputType="engineEnabled" Org="(0.504; 0.8; -0.026)" Damping="0.99" Mesh="trucks/arrows/gor_by4_arrow_3" OutputAngles="(-64; -10)">

                                                    </Gauge>
                                                    <Gauge InputRange="(0;1)" Dir="(-0.981; 0; 0.196)" InputType="engineEnabled" Org="(0.504; 0.8; -0.08)" Damping="0.99" Mesh="trucks/arrows/gor_by4_arrow_3" OutputAngles="(-64; -20)">

                                                    </Gauge>
                            </Dashboard>
                            <Axles>
                                                      <Axle Frame="BoneAxleL1" IsIndependent="true">

                                                      </Axle>
                                                      <Axle Frame="BoneAxleR1" IsIndependent="true">

                                                      </Axle>
                                                      <Axle Frame="BoneAxleL2" IsIndependent="true">

                                                      </Axle>
                                                      <Axle Frame="BoneAxleR2" IsIndependent="true">

                                                      </Axle>
                            </Axles>
                                                    <Exhaust IsLight="false" Dir="(-1; 0; 0)" Speed="2.0" Origin="(-1.624; 0.319; -0.336)">

                                                    </Exhaust>
                                                    <Exhaust IsLight="false" Dir="(-1; 0; 0)" Speed="2.0" Origin="(-1.624; 0.319; 0.336)">

                                                    </Exhaust>
                            <GearboxSocket Type="gearboxes_scouts" Default="g_scout_default">

                            </GearboxSocket>
                            <Camera Center="(-1.2; 0; 0)" RadiusMultiplier="0.8">
                                                          <Cockpit WindshieldDiffuseTexture="trucks/gor_by4_glass__d_a.tga" _template="Default" WindshieldShadingTexture="trucks/gor_by4_glass__sh_d.tga" ViewPos="(-0.1; 1.238; 0.289)">
                                                                <Mirror FOVScale="1.5" ClipDir="(-0.995; 0.087; -0.052)" MeshFrame="mirror_left" Pos="(1.191; 0.972; 0.635)" CurveAngle="10" Size="(0.13; 0.13)" ReflectionDir="(-0.995; 0.087; -0.052)">

                                                                </Mirror>
                                                                <Mirror FOVScale="1.5" ClipDir="(-0.974; 0.017; 0.225)" MeshFrame="mirror_right" Pos="(1.192; 1.026; -0.626)" CurveAngle="10" Size="(0.13; 0.13)" ReflectionDir="(-0.974; 0.017; 0.225)">

                                                                </Mirror>
                                                                <Mirror FOVScale="1" ClipDir="(-0.976; -0.068; 0.208)" MeshFrame="hp_cab_mirror" Pos="(0.425; 1.28; 0)" Size="(0.2; 0.08)" ReflectionDir="(-0.976; -0.068; 0.208)">

                                                                </Mirror>
                                                          </Cockpit>
                            </Camera>
                            <Steam Origin="(-1.73; 0.76; 0)">

                            </Steam>
                            <WinchUpgradeSocket Type="winches_scouts" Default="w_scout_default" IsUpgradable="true">

                            </WinchUpgradeSocket>
                            <SteeringRack Frame="BoneRack" RackHalfSizeZ="0.573" FrameSteerLeft="BoneRackL" FrameSteerRight="BoneRackR">

                            </SteeringRack>
                            <SteeringWheel Frame="BoneSteering">

                            </SteeringWheel>
                            <SoundsWheels _template="Default">

                            </SoundsWheels>
                            <Damage>
                                                                        <DamageArea Min="(-1.68; 0.3; -0.4)" ParentFrame="BoneChassis_cdt" Max="(-0.8; 0.9; 0.4)" Type="Engine">

                                                                        </DamageArea>
                                                                        <DamageArea Min="(0.7; 0.3; -0.6)" ParentFrame="BoneChassis_cdt" Max="(1.68; 0.8; 0.6)" Type="FuelTank">

                                                                        </DamageArea>
                            </Damage>
                            <Sounds _template="Default" Origin="(-1.2; 0.4; 0)" MinDist="10.0" DisableReversePitch="false">
                                                                        <Reverse Sound="">

                                                                        </Reverse>
                                                                        <EngineHeavy_2d IsSound2D="true" Sound="">

                                                                        </EngineHeavy_2d>
                                                                        <EngineLow Sound="trucks/gorby4/gorby4_low">

                                                                        </EngineLow>
                                                                        <BrakePull Sound="">

                                                                        </BrakePull>
                                                                        <EngineHigh Sound="trucks/gorby4/gorby4_high">

                                                                        </EngineHigh>
                                                                        <HandbrakeOff Sound="trucks/gorby4/gorby4_handbrake_off">

                                                                        </HandbrakeOff>
                                                                        <Gear Sound="trucks/gorby4/gorby4_gear_shift">

                                                                        </Gear>
                                                                        <ChassisStress Sound="trucks/common/truck_stress_small_rnd_set/truck_stress_small_rnd">

                                                                        </ChassisStress>
                                                                        <AbruptStop Sound="trucks/gorby4/gorby4_swing_and_burst_rnd">

                                                                        </AbruptStop>
                                                                        <EngineHeavy Sound="">

                                                                        </EngineHeavy>
                                                                        <EngineRev Sound="trucks/gorby4/gorby4_rev">

                                                                        </EngineRev>
                                                                        <AWD Sound="trucks/gorby4/gorby4_awd">

                                                                        </AWD>
                                                                        <EngineLow_2d IsSound2D="true" Sound="trucks/gorby4/gorby4_low_2d">

                                                                        </EngineLow_2d>
                                                                        <EngineHigh_2d IsSound2D="true" Sound="trucks/gorby4/gorby4_high_2d">

                                                                        </EngineHigh_2d>
                                                                        <EngineIdle Sound="trucks/gorby4/gorby4_idle">

                                                                        </EngineIdle>
                                                                        <EngineIdle_2d IsSound2D="true" Sound="trucks/gorby4/gorby4_idle_2d">

                                                                        </EngineIdle_2d>
                                                                        <EngineStart Sound="trucks/gorby4/gorby4_start">

                                                                        </EngineStart>
                                                                        <Handbrake Sound="trucks/gorby4/gorby4_handbrake_on">

                                                                        </Handbrake>
                                                                        <BrakeRelease Sound="">

                                                                        </BrakeRelease>
                                                                        <GearFail Sound="trucks/common/truck_gear_wrong/truck_gear_wrong_small_old">

                                                                        </GearFail>
                                                                        <EngineAccel Sound="trucks/gorby4/gorby4_acc">

                                                                        </EngineAccel>
                                                                        <EngineStop Sound="trucks/gorby4/gorby4_stop">

                                                                        </EngineStop>
                                                                        <BrakesSqueal Sound="trucks/gorby4/gorby4_brakes_squeal">

                                                                        </BrakesSqueal>
                                                                        <Honk Sound="trucks/gorby4/gorby4_honk">

                                                                        </Honk>
                            </Sounds>
        </TruckData>
  </Truck>