  <_templates Include="trucks">
      <Wheel>
          <RearWheel Location="rear" ConnectedToHandbrake="true" Torque="default">

          </RearWheel>
          <FrontWheel ParentFrame="BoneCabin_cdt" SteeringAngle="36" Location="front" SteeringJointOffset="0.13" Torque="connectable" SteeringCastor="0">

          </FrontWheel>
      </Wheel>
      <Body>
            <Sunshield Mass="10" Collisions="None">
                <Constraint Type="Hinge" MaxLimit="3" AxisLocal="(0; 0; 1)" MinLimit="-3">
                    <Motor Spring="150" Damping="1.5" Type="Spring">

                    </Motor>
                </Constraint>
            </Sunshield>
            <Mirror Mass="10" Collisions="None">
                  <Constraint Type="Hinge" MaxLimit="2" AxisLocal="(0; 1; 0)" MinLimit="-2">
                      <Motor Spring="400" Damping="12" Type="Spring">

                      </Motor>
                  </Constraint>
            </Mirror>
            <Mudguard Mass="2" Collisions="None">
                    <Constraint Type="Hinge" MaxLimit="30" AxisLocal="(0; 0; 1)" MinLimit="-40">
                        <Motor Spring="2.5" Damping="0.25" Type="Spring">

                        </Motor>
                    </Constraint>
            </Mudguard>
      </Body>
  </_templates>
  <Truck>
        <HeadLight Pos="(7.084; 1.180; 0)" ParentFrame="BoneCabinDamper_cdt" _template="Default">

        </HeadLight>
        <GameData UnlockByExploration="false" Price="115700" UnlockByRank="1" Country="US">
              <CustomizationCameras>
                    <CameraPos Name="roof_sticker" InterestPosition="(-3.124; 0.199; 0.419)" Position="(9.943; 5.542; -0.651)" FOV="32.0">

                    </CameraPos>
                    <CameraPos Name="sticker_1" InterestPosition="(5.901; 2.47; 1.044)" Position="(4.177; 2.577; -0.062)" Interior="true" FOV="32.0">

                    </CameraPos>
                    <CameraPos MaxYRotation="360" MaxZoom="2" Name="addon_1" InterestPosition="(1.352; 1.716; 0.504)" Position="(-7.165; 4.028; -6.18)" MaxXRotation="360" FOV="32.0">

                    </CameraPos>
                    <CameraPos MaxYRotation="360" MaxZoom="2" Name="addon_2" InterestPosition="(5.265; 2.861; -0.327)" Position="(10.742; 5.075; 4.202)" MaxXRotation="360" FOV="32.0">

                    </CameraPos>
                    <CameraPos Name="mirror_mount" InterestPosition="(8.227; 2.348; 1.033)" Position="(4.221; 2.45; 0.032)" Interior="true" FOV="32.0">

                    </CameraPos>
                    <CameraPos MaxYRotation="360" MaxZoom="2" Name="side_r" InterestPosition="(6.695; 1.797; 0.334)" Position="(13.06; 2.795; 4.364)" MaxXRotation="360" FOV="32.0">

                    </CameraPos>
                    <CameraPos MaxYRotation="360" MaxZoom="2" Name="hood_ornament" InterestPosition="(6.775; 1.887; -1.029)" Position="(9.426; 2.211; -1.391)" MaxXRotation="360" FOV="32.0">

                    </CameraPos>
                    <CameraPos Name="sticker" InterestPosition="(4.617; 1.238; 1.255)" Position="(4.471; 2.54; -0.479)" Interior="true" FOV="32.0">

                    </CameraPos>
                    <CameraPos Name="glass_sticker" InterestPosition="(6.013; 1.912; -0.861)" Position="(10.844; 3.623; 1.35)" FOV="32.0">

                    </CameraPos>
                    <CameraPos MaxYRotation="360" MaxZoom="2" Name="door_r_sticker" InterestPosition="(6.632; 1.085; 0.401)" Position="(2.125; 2.631; 4.607)" MaxXRotation="360" FOV="32.0">

                    </CameraPos>
                    <CameraPos MaxYRotation="360" MaxZoom="2" Name="roof" InterestPosition="(4.807; 1.782; -0.506)" Position="(11.573; 5.499; 2.951)" MaxXRotation="360" FOV="32.0">

                    </CameraPos>
                    <CameraPos Name="capote_sticker" InterestPosition="(3.926; 0.661; -0.133)" Position="(11.077; 4.356; -1.442)" FOV="32.0">

                    </CameraPos>
                    <CameraPos MaxYRotation="360" MaxZoom="2" Name="hoods" InterestPosition="(4.917; 1.352; -0.38)" Position="(13.232; 1.502; -2.124)" MaxXRotation="360" FOV="32.0">

                    </CameraPos>
                    <CameraPos Name="sticker_2" InterestPosition="(4.681; 2.799; 1.976)" Position="(4.648; 2.352; -0.754)" Interior="true" FOV="32.0">

                    </CameraPos>
                    <CameraPos MaxYRotation="360" MaxZoom="2" Name="side_l" InterestPosition="(2.985; 2.087; 0.794)" Position="(-5.607; 3.22; -5.485)" MaxXRotation="360" FOV="32.0">

                    </CameraPos>
                    <CameraPos Name="bubble_head" InterestPosition="(7.723; 1.106; 2.815)" Position="(4.879; 2.576; -0.457)" Interior="true" FOV="32.0">

                    </CameraPos>
                    <CameraPos MaxYRotation="360" MaxZoom="2" Name="wheels" InterestPosition="(4.256; 0.191; 0.074)" Position="(9.425; 1.166; -3.857)" MaxXRotation="360" FOV="32.0">

                    </CameraPos>
                    <CameraPos MaxYRotation="360" MaxZoom="2" Name="default" InterestPosition="(3.576; 0.962; 0.649)" Position="(13.078; 2.686; -3.232)" MaxXRotation="360" FOV="32.0">

                    </CameraPos>
                    <CameraPos MaxYRotation="360" MaxZoom="2" Name="rear" InterestPosition="(4.052; 1.902; 0.411)" Position="(-3.876; 3.135; 6.466)" MaxXRotation="360" FOV="32.0">

                    </CameraPos>
                    <CameraPos Name="door_l_sticker" InterestPosition="(3.745; 1.654; -1.317)" Position="(2.471; 2.598; -4.668)" FOV="32.0">

                    </CameraPos>
              </CustomizationCameras>
              <UiDesc UiName="UI_VEHICLE_WESTERN_STAR_57X_NAME" UiDesc="UI_VEHICLE_WESTERN_STAR_57X_DESC" UiIconLogo="WesternStarLogo80" UiIcon40x40="heavyVehicleImg" UiIcon30x30="heavyVehicleImg30" UiIcon328x458="shopImgWs57x">

              </UiDesc>
                    <AddonSockets>
                        <Socket Offset="(-4.73; 0.847; 0)" Names="Trailer">

                        </Socket>
                        <Socket Offset="(-3.004; 1.425; 0)" Names="Semitrailer, SemitrailerOiltank">

                        </Socket>
                        <Socket Offset="(-3.004; 1.605; 0)" Names="LargeSemitrailer, LargeSemitrailerOiltank">

                        </Socket>
                    </AddonSockets>
                    <AddonSockets>
                        <Socket Offset="(-1.857; 1.068; 0)" Names="MinicraneNavistar">

                        </Socket>
                        <Socket Offset="(-6.398; 1.068; 0)" Names="BunkLog">

                        </Socket>
                        <Socket Offset="(-3.008; 1.068; 0)" Names="SaddleLow">

                        </Socket>
                        <Socket Offset="(-3.008; 1.068; 0)" Names="SaddleHigh">
                            <ExtraParent Offset="(0; 0; 0.02)" Frame="BoneChassis_cdt">

                            </ExtraParent>
                            <ExtraParent Offset="(0; 0; -0.02)" Frame="BoneChassis_cdt">

                            </ExtraParent>
                        </Socket>
                    </AddonSockets>
                    <AddonSockets DefaultAddon="western_star_57x_bumper_default">
                      <Socket Names="ws57xBumper" ParentFrame="BoneCabin_cdt">

                      </Socket>
                    </AddonSockets>
                    <AddonSockets DefaultAddon="western_star_57x_visor_default">
                      <Socket Names="ws57xVisor" ParentFrame="BoneCabinDamper_cdt">

                      </Socket>
                    </AddonSockets>
                    <AddonSockets DefaultAddon="western_star_57x_exhaust_default">
                      <Socket Names="ws57xExhaust" ParentFrame="BoneCabin_cdt">

                      </Socket>
                    </AddonSockets>
                    <AddonSockets DefaultAddon="western_star_57x_wings_default">
                      <Socket Names="ws57xWings" ParentFrame="BoneCabinDamper_cdt">

                      </Socket>
                    </AddonSockets>
                    <AddonSockets DefaultAddon="western_star_57x_side_bumper_default">
                      <Socket Names="ws57xSideBumper" ParentFrame="BoneCabin_cdt">

                      </Socket>
                    </AddonSockets>
                    <AddonSockets>
                      <Socket Names="ws57xHorn" ParentFrame="BoneCabinDamper_cdt">

                      </Socket>
                    </AddonSockets>
                    <AddonSockets>
                      <Socket Names="ws57xGabarite" ParentFrame="BoneCabinDamper_cdt">

                      </Socket>
                    </AddonSockets>
                    <AddonSockets>
                      <Socket Names="ws57xWheelAddon" ParentFrame="BoneChassis_cdt">

                      </Socket>
                    </AddonSockets>
                    <AddonSockets>
                      <Socket Names="ws57xSnorkel" ParentFrame="BoneCabinDamper_cdt">

                      </Socket>
                    </AddonSockets>
                    <AddonSockets>
                      <Socket Names="ws57xSpotlight" ParentFrame="BoneCabinDamper_cdt">

                      </Socket>
                    </AddonSockets>
                    <AddonSockets DefaultAddon="western_star_57x_diff_lock_default">
                      <Socket Names="WesternStar57xDiffLock">

                      </Socket>
                    </AddonSockets>
                    <AddonSockets DefaultAddon="western_star_57x_transferbox_default">
                      <Socket Offset="(0; 0; 0)" Names="WesternStar57xTransferBox" ParentFrame="BoneChassis_cdt">

                      </Socket>
                    </AddonSockets>
                    <AddonSockets>
                      <Socket Names="westernStar57XSticker_Door_R" ParentFrame="BoneCabinDamper_cdt">

                      </Socket>
                    </AddonSockets>
                    <AddonSockets>
                      <Socket Names="westernStar57XSticker_Door_L" ParentFrame="BoneCabinDamper_cdt">

                      </Socket>
                    </AddonSockets>
                    <AddonSockets>
                      <Socket Names="westernStar57XSticker_Capote" ParentFrame="BoneCabinDamper_cdt">

                      </Socket>
                    </AddonSockets>
                    <AddonSockets>
                      <Socket Names="westernStar57XSticker_Roof" ParentFrame="BoneCabinDamper_cdt">

                      </Socket>
                    </AddonSockets>
                    <AddonSockets>
                      <Socket ParentFrame="BoneCabinDamper_cdt" Names="westernStar57XSticker_1x1_01" InCockpit="true">

                      </Socket>
                    </AddonSockets>
                    <AddonSockets>
                      <Socket ParentFrame="BoneCabinDamper_cdt" Names="westernStar57XSticker_1x1_02" InCockpit="true">

                      </Socket>
                    </AddonSockets>
                    <AddonSockets>
                      <Socket ParentFrame="BoneCabinDamper_cdt" Names="westernStar57XSticker_1x2_01" InCockpit="true">

                      </Socket>
                    </AddonSockets>
                    <AddonSockets>
                      <Socket ParentFrame="BoneCabinDamper_cdt" Names="westernStar57XSticker_1x2_02" InCockpit="true">

                      </Socket>
                    </AddonSockets>
                    <AddonSockets>
                      <Socket ParentFrame="BoneCabinDamper_cdt" Names="westernStar57XSticker_1x4_01" InCockpit="true">

                      </Socket>
                    </AddonSockets>
                    <AddonSockets>
                      <Socket ParentFrame="BoneCabinDamper_cdt" Names="westernStar57XSticker_1x4_02" InCockpit="true">

                      </Socket>
                    </AddonSockets>
                    <AddonSockets>
                      <Socket ParentFrame="BoneCabinDamper_cdt" Names="westernStar57XSticker_GlassBot" InCockpit="true">

                      </Socket>
                    </AddonSockets>
                    <AddonSockets>
                      <Socket ParentFrame="BoneCabinDamper_cdt" Offset="(2.559; 2.7; 0)" Names="StuffAirfreshener" InCockpit="true">

                      </Socket>
                    </AddonSockets>
                    <AddonSockets>
                      <Socket ParentFrame="BoneCabinDamper_cdt" Offset="(2.67; 2.22; -0.13)" Names="StuffDashboard" InCockpit="true">

                      </Socket>
                    </AddonSockets>
                    <AddonSockets>
                      <Socket Names="StuffHood57X" ParentFrame="BoneCabinDamper_cdt">

                      </Socket>
                    </AddonSockets>
                      <CraneSocket Pos="(4.501; 0.439; 0)" ParentFrame="BoneCabin_cdt">

                      </CraneSocket>
                      <CraneSocket Pos="(-0.153; 0.802; -1.188)" ParentFrame="BoneCabin_cdt">

                      </CraneSocket>
                      <CraneSocket Pos="(-0.153; 0.802; 1.188)" ParentFrame="BoneCabin_cdt">

                      </CraneSocket>
                      <CraneSocket Pos="(-4.729; 0.854; 0)">

                      </CraneSocket>
                        <WinchSocket Pos="(4.501; 0.439; 0)" ParentFrame="BoneCabin_cdt">

                        </WinchSocket>
                        <WinchSocket Pos="(-0.153; 0.802; -1.188)" ParentFrame="BoneCabin_cdt">

                        </WinchSocket>
                        <WinchSocket Pos="(-0.153; 0.802; 1.188)" ParentFrame="BoneCabin_cdt">

                        </WinchSocket>
                        <WinchSocket Pos="(-4.729; 0.854; 0)">

                        </WinchSocket>
        </GameData>
        <PhysicsModel Mesh="trucks/western_star_57x">
                <Body CenterOfMassOffset="(-1.5; -0.2; 0)" NetSync="pv" Mass="3500" ImpactType="Truck">
                      <Body ModelFrame="BoneMudguardL_cdt" _template="Mudguard">

                      </Body>
                      <Body ModelFrame="BoneMudguardR_cdt" _template="Mudguard">

                      </Body>
                      <Body NetSync="pv" CenterOfMassOffset="(2.7; 0.4; 0)" ModelFrame="BoneCabin_cdt" Mass="2750" ImpactType="Truck">
                        <Constraint Type="Hinge" MaxLimit="5" AxisLocal="(1; 0; 0)" MinLimit="-5">
                            <Motor Spring="600000" Damping="30000" Type="Spring">

                            </Motor>
                        </Constraint>
                            <Body CenterOfMassOffset="(-0.2; -0.8; 0)" ModelFrame="BoneCabinDamper_cdt" Mass="1250" ImpactType="Truck">
                              <Constraint Type="Ragdoll" PlaneMin="-0.1" PlaneMax="1" TwistAxisLocal="(0; 1; 0)" Cone="2" PlaneAxisLocal="(1; 0; 0)">
                                  <ConeMotor Spring="350000" Damping="42500" Type="Spring">

                                  </ConeMotor>
                                  <PlaneMotor Spring="250000" Damping="38500" Type="Spring">

                                  </PlaneMotor>
                              </Constraint>
                                  <Body Mass="5" ModelFrame="BoneCurtain1_cdt">
                                    <Constraint Type="Prismatic" MaxLimit="0.02" AxisLocal="(1; 0; 0)" MinLimit="-0.02" PivotOffset="(0; 0; 0)">
                                        <Motor Spring="800" Damping="8" Type="Spring">

                                        </Motor>
                                    </Constraint>
                                  </Body>
                                  <Body Mass="10" ModelFrame="BoneCurtain2_cdt">
                                    <Constraint Type="Prismatic" MaxLimit="0.05" AxisLocal="(1; 0; 0)" MinLimit="-0.2" PivotOffset="(0; 0; 0)">
                                        <Motor Spring="1800" Damping="180" Type="Spring">

                                        </Motor>
                                    </Constraint>
                                  </Body>
                                  <Body ModelFrame="BoneMirrorL_cdt" _template="Mirror">

                                  </Body>
                                  <Body ModelFrame="BoneMirrorR_cdt" _template="Mirror">

                                  </Body>
                                  <Body ModelFrame="BoneMirrorFrontL_cdt" _template="Mirror">
                                    <Constraint MaxLimit="1" MinLimit="-1">
                                        <Motor Spring="300" Damping="10" Type="Spring">

                                        </Motor>
                                    </Constraint>
                                  </Body>
                                  <Body ModelFrame="BoneMirrorFrontR_cdt" _template="Mirror">
                                    <Constraint MaxLimit="1" MinLimit="-1">
                                        <Motor Spring="300" Damping="10" Type="Spring">

                                        </Motor>
                                    </Constraint>
                                  </Body>
                                  <Body ModelFrame="BoneSunshieldL_cdt" _template="Sunshield">

                                  </Body>
                                  <Body ModelFrame="BoneSunshieldR_cdt" _template="Sunshield">

                                  </Body>
                            </Body>
                            <Body ModelFrame="BoneTieRod1_cdt" _template="TieRod">
                              <Constraint MaxLimit="30" AxisLocal="(0; 0; 1)" MinLimit="-30" Name="TieRodSteer">

                              </Constraint>
                            </Body>
                      </Body>
                </Body>
                <NetSync Legacy="false">

                </NetSync>
        </PhysicsModel>
        <ControlledConstraints>
                  <Constraint IsLinkedSteering="true" Id="chassis_steer" Name="TieRodSteer">

                  </Constraint>
        </ControlledConstraints>
        <ModelAttachments>
                    <HeadLight>
                          <Flare Pos="(4.162; 1.12; 1.023)" _template="HeadLight" Color="g(255; 235; 215) x 1" Size="0.2" ParentFrame="BoneCabinDamper_cdt">

                          </Flare>
                          <Flare Pos="(4.162; 1.12; -1.023)" _template="HeadLight" Color="g(255; 235; 215) x 1" Size="0.2" ParentFrame="BoneCabinDamper_cdt">

                          </Flare>
                          <Flare Pos="(4.233; 1.12; 0.899)" _template="HeadLight" Color="g(255; 235; 215) x 1" Size="0.2" ParentFrame="BoneCabinDamper_cdt">

                          </Flare>
                          <Flare Pos="(4.233; 1.12; -0.899)" _template="HeadLight" Color="g(255; 235; 215) x 1" Size="0.2" ParentFrame="BoneCabinDamper_cdt">

                          </Flare>
                          <Flare Pos="(4.158; 1.12; 1.025)" Dir="(1; 0; 0)" _template="BlueStreak" Color="g(220; 220; 255) x 0.1" Size="0.8" ParentFrame="BoneCabinDamper_cdt">

                          </Flare>
                          <Flare Pos="(4.158; 1.12; -1.025)" Dir="(1; 0; 0)" _template="BlueStreak" Color="g(220; 220; 255) x 0.1" Size="0.8" ParentFrame="BoneCabinDamper_cdt">

                          </Flare>
                            <Model Org="(4.158; 1.12; 1.025)" ParentFrame="BoneCabinDamper_cdt" _template="HeadLightRay">

                            </Model>
                            <Model Org="(4.158; 1.12; -1.025)" ParentFrame="BoneCabinDamper_cdt" _template="HeadLightRay">

                            </Model>
                    </HeadLight>
                    <StopSignals>
                          <Light Pos="(-4.433; 0.641; 0)" _template="StopSignal">

                          </Light>
                              <Flare Pos="(-4.418; 0.667; 0.289)" Size="0.3" _template="StopSignal">

                              </Flare>
                              <Flare Pos="(-4.418; 0.667; -0.289)" Size="0.3" _template="StopSignal">

                              </Flare>
                    </StopSignals>
                    <Ignition>
                              <Light Pos="(5; 1.12; -1.025)" _template="IgnitionSignalWhite" Color="g(255; 235; 215) x 1.0" ParentFrame="BoneCabinDamper_cdt">

                              </Light>
                              <Light Pos="(5; 1.12; 1.025)" _template="IgnitionSignalWhite" Color="g(255; 235; 215) x 1.0" ParentFrame="BoneCabinDamper_cdt">

                              </Light>
                              <Light Pos="(-4.417; 0.685; 0)" Color="g(255; 10; 10) x 0.5" _template="IgnitionSignalRed">

                              </Light>
                                <Flare Pos="(3.325; 1.695; -1.059)" Dir="(1; 0; 0)" _template="IgnitionSignalOrange" ParentFrame="BoneCabinDamper_cdt" AspectRatio="0.5" Size="0.7" Color="g(255; 140; 0) x 0.5">

                                </Flare>
                                <Flare Pos="(3.325; 1.695; 1.059)" Dir="(1; 0; 0)" _template="IgnitionSignalOrange" ParentFrame="BoneCabinDamper_cdt" AspectRatio="0.5" Size="0.7" Color="g(255; 140; 0) x 0.5">

                                </Flare>
                                <Flare Pos="(4.242; 1.193; 0.97)" Dir="(1; 0; 0.8)" _template="IgnitionSignalOrange" ParentFrame="BoneCabinDamper_cdt" AspectRatio="4" Size="0.2" Color="g(255; 140; 0) x 0.5">

                                </Flare>
                                <Flare Pos="(4.242; 1.193; -0.97)" Dir="(1; 0; -0.8)" _template="IgnitionSignalOrange" ParentFrame="BoneCabinDamper_cdt" AspectRatio="4" Size="0.2" Color="g(255; 140; 0) x 0.5">

                                </Flare>
                                <Flare Pos="(3.268; 1.305; -1.259)" Dir="(0; 0; -1)" _template="IgnitionSignalOrange" ParentFrame="BoneCabinDamper_cdt" AspectRatio="2" Size="0.2" Color="g(255; 140; 0) x 0.5">

                                </Flare>
                                <Flare Pos="(3.268; 1.305; 1.259)" Dir="(0; 0; 1)" _template="IgnitionSignalOrange" ParentFrame="BoneCabinDamper_cdt" AspectRatio="2" Size="0.2" Color="g(255; 140; 0) x 0.5">

                                </Flare>
                                <Flare Pos="(-4.418; 0.667; 0.289)" Dir="(-1; 0; 0)" _template="IgnitionSignalRed" AspectRatio="2">

                                </Flare>
                                <Flare Pos="(-4.418; 0.667; -0.289)" Dir="(-1; 0; 0)" _template="IgnitionSignalRed" AspectRatio="2">

                                </Flare>
                                <Flare Pos="(4.223; 1.12; 0.899)" _template="IgnitionSignalWhite" Color="g(255; 235; 215) x 0.2" Size="0.4" ParentFrame="BoneCabinDamper_cdt">

                                </Flare>
                                <Flare Pos="(4.223; 1.12; -0.899 " _template="IgnitionSignalWhite" Color="g(255; 235; 215) x 0.2" Size="0.4" ParentFrame="BoneCabinDamper_cdt">

                                </Flare>
                                <Flare Pos="(4.158; 1.12; 1.025)" _template="IgnitionSignalWhite" Color="g(255; 235; 215) x 0.2" Size="0.4" ParentFrame="BoneCabinDamper_cdt">

                                </Flare>
                                <Flare Pos="(4.158; 1.12; -1.025)" _template="IgnitionSignalWhite" Color="g(255; 235; 215) x 0.2" Size="0.4" ParentFrame="BoneCabinDamper_cdt">

                                </Flare>
                    </Ignition>
                    <ReverseSignals>
                              <Light Pos="(-4.423; 0.691; 0)" _template="ReverseSignal">

                              </Light>
                                  <Flare Pos="(-4.418; 0.714; 0.289)" Size="0.2" _template="ReverseSignal">

                                  </Flare>
                                  <Flare Pos="(-4.418; 0.714; -0.289)" Size="0.2" _template="ReverseSignal">

                                  </Flare>
                                  <Flare Pos="(-4.418; 0.714; 0.289)" Dir="(-1; 0; 0)" _template="BlueStreak" Color="g(220; 220; 255) x 0.1" Size="0.3">

                                  </Flare>
                                  <Flare Pos="(-4.418; 0.714; -0.289)" Dir="(-1; 0; 0)" _template="BlueStreak" Color="g(220; 220; 255) x 0.1" Size="0.3">

                                  </Flare>
                    </ReverseSignals>
        </ModelAttachments>
        <Landmark MaxScale="3.8" Mesh="landmarks/western_star_57x_lmk" MinScale="1.8">

        </Landmark>
        <AutomaticIK>
                        <IKBone ParentFrame="BoneTieRod1_cdt" ModelFrame="BoneTieRod2">
                            <IKJoint Type="Hinge2" AxisLocal="(1; 0; 0)">

                            </IKJoint>
                            <IKBone AttachToFrame="BoneRackL" AttachOffset="(0; 0; 0)" ModelFrame="BoneTieRod3">
                                  <IKJoint Type="Slider" AxisLocal="(1; 0; 0)">

                                  </IKJoint>
                            </IKBone>
                        </IKBone>
        </AutomaticIK>
        <TruckData SteerSpeed="0.02" EngineStartDelay="3.2" EngineIconMesh="env/engine_default" TruckType="HIGHWAY" Responsiveness="0.3" BackSteerSpeed="0.025" TruckImage="ws57xmchr" FuelCapacity="290" DiffLockType="Uninstalled" ExhaustStartTime="2.8" EngineIconScale="1.4">
                          <Driver Pos="(1.92; 1.821; 0.609)" SteeringWheelPos="(2.354; 2.178; 0.602)">

                          </Driver>
                          <SoundsDamage _template="Heavy">

                          </SoundsDamage>
                          <OcclusionMap MinX="-5.5" Texture="trucks/occlusion/chassis_small__s_d_a.tga" HalfSizeZ="2" MaxX="5.5">

                          </OcclusionMap>
                          <FuelTank DamageCapacity="100">

                          </FuelTank>
                          <Intake Size="0.8" Dir="(1; 0; 0)" Origin="(4.544; 1.301; 0)">

                          </Intake>
                          <EngineSocket Type="e_us_truck_modern, e_us_truck_modern_ws_49x" Default="us_truck_modern_engine_0">

                          </EngineSocket>
                          <SuspensionSocket Type="s_western_star_57x" MaxWheelRadiusWithoutSuspension="0.47" Default="western_star_57x_suspension_default">

                          </SuspensionSocket>
                          <Dashboard>
                                              <Gauge InputType="speed" Dir="(-0.917; 0.4; 0)" Org="(2.672; 2.096; 0.601)" Mesh="trucks/arrows/western_star_57x_arrow_1" InputRange="(0;135)" OutputAngles="(-118; 26)">

                                              </Gauge>
                                              <Gauge InputRange="(0;1)" Dir="(-0.917; 0.4; 0)" InputType="rpm" Org="(2.672; 2.096; 0.602)" Damping="0.97" Mesh="trucks/arrows/western_star_57x_arrow_1" OutputAngles="(119; 45)">

                                              </Gauge>
                          </Dashboard>
                          <Axles>
                                                <Axle Frame="BoneAxle1">

                                                </Axle>
                                                <Axle Frame="BoneAxle2">

                                                </Axle>
                                                <Axle Frame="BoneAxle3">

                                                </Axle>
                          </Axles>
                          <Camera Center="(-1.5; 0; 0)" ParentFrame="BoneCabin_cdt">
                                                <Cockpit WindshieldDiffuseTexture="trucks/westernstar_57x_glass__d_a.tga" _template="Default" WindshieldShadingTexture="trucks/westernstar_57x_glass__sh_d.tga" ViewPos="(1.976; 2.451; 0.61)">
                                                      <Mirror FOVScale="2" ClipDir="(-0.916; 0.021; -0.401)" MeshFrame="mirror_left" Pos="(2.526; 2.389; 1.398)" ReflectionDir="(-0.916; 0.021; -0.401)" Size="(0.19; 0.32)" ClipOffset="0.25">
                                                        <SecondaryView FOVScale="1.6" ClipDir="(-0.916; 0.021; -0.401)" MeshFrame="mirror_left_convex" Pos="(2.5; 2.155; 1.386)" CurveAngle="20" Size="(0.19; 0.13)" ClipOffset="0.1">

                                                        </SecondaryView>
                                                      </Mirror>
                                                      <Mirror FOVScale="2" ClipDir="(-0.804; -0.003; 0.594)" MeshFrame="mirror_right" Pos="(2.481; 2.383; -1.408)" ReflectionDir="(-0.804; -0.003; 0.594)" Size="(0.19; 0.32)" ClipOffset="0.25">
                                                        <SecondaryView FOVScale="1.6" ClipDir="(-0.804; -0.003; 0.594)" MeshFrame="mirror_right_convex" Pos="(2.47; 2.149; -1.393)" CurveAngle="20" Size="(0.19; 0.13)" ClipOffset="0.1">

                                                        </SecondaryView>
                                                      </Mirror>
                                                      <Mirror ClipDir="(-0.129; -0.804; 0.58)" CurveAngle="10" Size="(0.29; 0.2)" FOVScale="2.5" ReflectionDir="(-0.129; -0.804; 0.58)" Pos="(1.945; 2.591; -1.192)" MeshFrame="mirror_additional" ClipOffset="0.1">

                                                      </Mirror>
                                                      <Mirror FOVScale="2.6" ClipDir="(-0.988; 0.067; 0.138)" MeshFrame="mirror_left_front" Pos="(4.193; 2.021; 1.010)" ReflectionDir="(-0.988; 0.067; 0.138)" Size="(0.23; 0.18)" ClipOffset="0.15">

                                                      </Mirror>
                                                      <Mirror FOVScale="2.6" ClipDir="(-0.994; 0.047; 0.104)" MeshFrame="mirror_right_front" Pos="(4.188; 2.018; -1.008)" ReflectionDir="(-0.994; 0.047; 0.104)" Size="(0.23; 0.18)" ClipOffset="0.15">

                                                      </Mirror>
                                                </Cockpit>
                          </Camera>
                                                <CompatibleWheels Type="wheels_medium_double" Scale="0.54" RearOffsetZ="0.07">

                                                </CompatibleWheels>
                                                <CompatibleWheels Type="wheels_medium_double" Scale="0.56" RearOffsetZ="0.07">

                                                </CompatibleWheels>
                                                  <LimitedFluid Type="Cylinder" Center="(0.093; 0.71; 0.813)" RadiusY="0.317" LengthX="1.122" RadiusZ="0.317">

                                                  </LimitedFluid>
                                                  <LimitedFluid Type="Cylinder" Center="(0.093; 0.71; -0.803)" RadiusY="0.317" LengthX="1.122" RadiusZ="0.317">

                                                  </LimitedFluid>
                          <Sounds _template="Default" MinDist="15.0" Origin="(3.289; 1.4; 0)" DisableReversePitch="true">
                                                      <Reverse Sound="trucks/western_star_57x/western_star_57x_back_beeper">

                                                      </Reverse>
                                                      <EngineTrans Sound="trucks/common/truck_trans_forward_loop">

                                                      </EngineTrans>
                                                      <EngineLow Sound="trucks/western_star_57x/western_star_57x_low">

                                                      </EngineLow>
                                                      <BrakePull Sound="trucks/western_star_57x/western_star_57x_brake_pull">

                                                      </BrakePull>
                                                      <EngineHigh Sound="trucks/western_star_57x/western_star_57x_high">

                                                      </EngineHigh>
                                                      <HandbrakeOff Sound="trucks/western_star_57x/western_star_57x_handbrake_off">

                                                      </HandbrakeOff>
                                                      <AbruptStop Sound="trucks/common/truck_swing_big_rnd_set/truck_swing_big_rnd">

                                                      </AbruptStop>
                                                      <EngineRev Sound="trucks/western_star_57x/western_star_57x_rev">

                                                      </EngineRev>
                                                      <EngineHeavy_2d IsSound2D="true" Sound="trucks/ws_6900xd_twin/ws_6900xd_twin_heavy_2d">

                                                      </EngineHeavy_2d>
                                                      <EngineHeavy Sound="trucks/ws_6900xd_twin/ws_6900xd_twin_heavy">

                                                      </EngineHeavy>
                                                      <EngineHigh_2d IsSound2D="true" Sound="trucks/western_star_57x/western_star_57x_high_2d">

                                                      </EngineHigh_2d>
                                                      <EngineLow_2d IsSound2D="true" Sound="trucks/western_star_57x/western_star_57x_low_2d">

                                                      </EngineLow_2d>
                                                      <EngineIdle_2d IsSound2D="true" Sound="trucks/western_star_57x/western_star_57x_idle_2d">

                                                      </EngineIdle_2d>
                                                      <EngineStart Sound="trucks/western_star_57x/western_star_57x_start">

                                                      </EngineStart>
                                                      <Handbrake Sound="trucks/western_star_57x/western_star_57x_handbrake_on">

                                                      </Handbrake>
                                                      <BrakesSqueal Sound="trucks/western_star_57x/western_star_57x_brakes_squeal">

                                                      </BrakesSqueal>
                                                      <Honk Sound="trucks/western_star_57x/western_star_57x_honk">

                                                      </Honk>
                                                      <EngineIdle Sound="trucks/western_star_57x/western_star_57x_idle">

                                                      </EngineIdle>
                                                      <EngineStop Sound="trucks/western_star_57x/western_star_57x_stop">

                                                      </EngineStop>
                                                      <BrakeRelease Sound="trucks/western_star_57x/western_star_57x_brake_release">

                                                      </BrakeRelease>
                                                      <EngineAccel Sound="trucks/western_star_57x/western_star_57x_acc">

                                                      </EngineAccel>
                          </Sounds>
                          <Wheels DefaultWheelType="wheels_medium_double" DefaultTire="highway_1" DefaultRim="rim_2">
                                                          <Wheel Pos="(3.285; 0.57; 1.068)" _template="FrontWheel">

                                                          </Wheel>
                                                          <Wheel RightSide="true" Pos="(3.285; 0.57; 1.068)" _template="FrontWheel">

                                                          </Wheel>
                                                          <Wheel Pos="(-2.29; 0.529; 0.86)" _template="RearWheel">

                                                          </Wheel>
                                                          <Wheel RightSide="true" Pos="(-2.29; 0.529; 0.86)" _template="RearWheel">

                                                          </Wheel>
                                                          <Wheel Pos="(-3.686; 0.529; 0.86)" _template="RearWheel">

                                                          </Wheel>
                                                          <Wheel RightSide="true" Pos="(-3.686; 0.529; 0.86)" _template="RearWheel">

                                                          </Wheel>
                          </Wheels>
                          <Steam Origin="(1.972; 1.122; 0)" ParentFrame="BoneCabin_cdt">

                          </Steam>
                          <GearboxSocket Type="gearboxes_trucks" Default="g_truck_default">

                          </GearboxSocket>
                          <WinchUpgradeSocket Type="winches_heavy_trucks" Default="w_heavy_trucks_default" IsUpgradable="true">

                          </WinchUpgradeSocket>
                          <SteeringRack Frame="BoneRack" RackHalfSizeZ="0.872" FrameSteerLeft="BoneRackL" FrameSteerRight="BoneRackR">

                          </SteeringRack>
                          <SteeringWheel Frame="BoneSteering">

                          </SteeringWheel>
                          <SoundsWheels _template="Default">

                          </SoundsWheels>
                          <Damage>
                                                                        <DamageArea Min="(2.802; 0.929; -1.008)" ParentFrame="BoneCabinDamper_cdt" Max="(4.493; 1.758; 1.008)" Type="Engine">

                                                                        </DamageArea>
                                                                        <DamageArea Min="(-0.519; 0.389; -1.124)" ParentFrame="BoneCabin_cdt" Max="(0.709; 1.03; 1.133)" Type="FuelTank">

                                                                        </DamageArea>
                          </Damage>
                          <Shafts>
                                                                          <Shaft SocketPointA="Shaft1a" SocketPointB="Shaft1b">

                                                                          </Shaft>
                                                                          <Shaft SocketPointA="Shaft2a" SocketPointB="Shaft2b">

                                                                          </Shaft>
                                                                          <Shaft SocketPointA="Shaft3a" SocketPointB="Shaft3b">

                                                                          </Shaft>
                                                                          <Shaft SocketPointA="Shaft4a" SocketPointB="Shaft4b">

                                                                          </Shaft>
                          </Shafts>
        </TruckData>
  </Truck>