  <_templates Include="trucks">
      <Wheel>
          <RearAxle CamberSuspensionMultiplier="1.8" Torque="default" Location="rear" CamberAnglePhysics="0" ConnectedToHandbrake="true" CamberAngleRender="5">

          </RearAxle>
          <FirstAxle CamberSuspensionMultiplier="1.8" CamberAnglePhysics="0" Location="front" SteeringJointOffset="0.3" SteeringCastor="12" SteeringAngle="24" Torque="full" CamberAngleRender="9">

          </FirstAxle>
          <SecondAxle _template="FirstAxle" SteeringJointOffset="0.3" SteeringAngle="18" SteeringCastor="4">

          </SecondAxle>
      </Wheel>
      <Body>
            <SideMirror Mass="5" Collisions="None">
                <Constraint Type="Hinge" MaxLimit="1" AxisLocal="(0; 0; 1)" MinLimit="-1">
                    <Motor Spring="250" Damping="7.5" Type="Spring">

                    </Motor>
                </Constraint>
            </SideMirror>
            <SunShield Mass="1" Collisions="None">
                  <Constraint Type="Hinge" MaxLimit="5" AxisLocal="(0; 0; 1)" MinLimit="-5">
                      <Motor Spring="18" Damping="0.25" Type="Spring">

                      </Motor>
                  </Constraint>
            </SunShield>
      </Body>
  </_templates>
  <Truck>
        <HeadLight Pos="(4.541; 1.196; 0)" _template="Default">

        </HeadLight>
        <GameData ExcludeAddons="trailer_log_pole" UnlockByExploration="false" Price="177100" UnlockByRank="1" Country="RU,CAS">
              <CustomizationCameras>
                    <CameraPos Name="sticker_1" InterestPosition="(8.177; 1.082; 3.488)" Position="(5.976; 2.505; -0.574)" Interior="true" FOV="32.0">

                    </CameraPos>
                    <CameraPos MaxYRotation="360" MaxZoom="2" Name="addon_1" InterestPosition="(2.608; 1.692; -0.304)" Position="(-7.274; 4.273; 9.012)" MaxXRotation="360" FOV="32.0">

                    </CameraPos>
                    <CameraPos MaxYRotation="360" MaxZoom="2" Name="addon_2" InterestPosition="(3.917; 2.341; -1.149)" Position="(9.628; 4.331; 1.437)" MaxXRotation="360" FOV="32.0">

                    </CameraPos>
                    <CameraPos Name="mirror_mount" InterestPosition="(8.439; 2.177; 0.671)" Position="(5.714; 2.370; -0.507)" Interior="true" FOV="32.0">

                    </CameraPos>
                    <CameraPos MaxYRotation="360" MaxZoom="2" Name="side_r" InterestPosition="(4.38; 1.459; 1.201)" Position="(0.375; 2.349; -5.941)" MaxXRotation="360" FOV="32.0">

                    </CameraPos>
                    <CameraPos MaxYRotation="360" MaxZoom="2" Name="hood_ornament" InterestPosition="(6.727; 2.16; -0.851)" Position="(9.918; 2.816; -1.653)" MaxXRotation="360" FOV="32.0">

                    </CameraPos>
                    <CameraPos Name="sticker" InterestPosition="(7.9; 0.42; 2.478)" Position="(5.69; 2.717; -0.795)" Interior="true" FOV="32.0">

                    </CameraPos>
                    <CameraPos MaxYRotation="360" MaxZoom="2" Name="door_r_sticker" InterestPosition="(9.181; 1.158; -0.683)" Position="(2.991; 2.459; 4.731)" MaxXRotation="360" FOV="32.0">

                    </CameraPos>
                    <CameraPos MaxYRotation="360" MaxZoom="2" Name="roof" InterestPosition="(7.013; 1.785; -0.523)" Position="(12.239; 3.484; 2.419)" MaxXRotation="360" FOV="32.0">

                    </CameraPos>
                    <CameraPos Name="glass_sticker" InterestPosition="(6.954; 1.622; -0.849)" Position="(11.526; 2.689; 1.541)" FOV="32.0">

                    </CameraPos>
                    <CameraPos MaxYRotation="360" MaxZoom="2" Name="hoods" InterestPosition="(5.461; 1.397; -0.216)" Position="(12.724; 2.120; -1.717)" MaxXRotation="360" FOV="32.0">

                    </CameraPos>
                    <CameraPos Name="sticker_2" InterestPosition="(6.272; 2.277; 2.389)" Position="(6.297; 2.323; -0.935)" Interior="true" FOV="32.0">

                    </CameraPos>
                    <CameraPos MaxYRotation="360" MaxZoom="2" Name="side_l" InterestPosition="(6.409; 1.497; -0.536)" Position="(-0.335; 4.157; 4.161)" MaxXRotation="360" FOV="32.0">

                    </CameraPos>
                    <CameraPos Name="bubble_head" InterestPosition="(9.063; 1.381; 1.023)" Position="(5.858; 2.511; -0.736)" Interior="true" FOV="32.0">

                    </CameraPos>
                    <CameraPos MaxYRotation="360" MaxZoom="2" Name="wheels" InterestPosition="(4.136; 0.634; 0.126)" Position="(8.844; 0.97; -4.882)" MaxXRotation="360" FOV="32.0">

                    </CameraPos>
                    <CameraPos MaxYRotation="360" MaxZoom="2" Name="default" InterestPosition="(5.197; 1.735; -0.23)" Position="(13.641; 2.738; -4.536)" MaxXRotation="360" FOV="32.0">

                    </CameraPos>
                    <CameraPos MaxYRotation="360" MaxZoom="2" Name="rear" InterestPosition="(0.479; 0.992; -0)" Position="(-5.767; 1.805; 2.899)" MaxXRotation="360" FOV="32.0">

                    </CameraPos>
                    <CameraPos Name="door_l_sticker" InterestPosition="(5.89; 1.697; -0.956)" Position="(3.501; 2.725; -5.13)" FOV="32.0">

                    </CameraPos>
              </CustomizationCameras>
              <UiDesc UiName="UI_VEHICLE_TATRA_T813_NAME" UiDesc="UI_VEHICLE_TATRA_T813_DESC" UiIconLogo="TatraLogo80" UiIcon40x40="heavyVehicleImg" UiIcon30x30="heavyVehicleImg30" UiIcon328x458="shopImgTatra813">

              </UiDesc>
                    <AddonSockets>
                        <Socket Offset="(-4.309; 0.929; 0)" Names="Trailer">

                        </Socket>
                        <Socket Offset="(-2.136; 1.649; 0)" Names="LargeSemitrailer, LargeSemitrailerOiltank">

                        </Socket>
                    </AddonSockets>
                    <AddonSockets>
                        <Socket Offset="(0; 0; 0)" Names="TatraT813Sideboard" ParentFrame="BoneAddonAttachment_cdt">

                        </Socket>
                        <Socket ParentFrame="BoneChassis_cdt" Offset="(-2.3; 1.08; 0)" Names="FrameAddonTow" NamesBlock="Trailer, SaddleHigh, TatraT813ChassisWinch">

                        </Socket>
                    </AddonSockets>
                    <AddonSockets>
                      <Socket Names="TatraT813ChassisWinch">

                      </Socket>
                    </AddonSockets>
                    <AddonSockets RequiredAddonIfNoConflicts="tatra_t813_chassis_winch" DefaultAddon="tatra_t813_chassis_winch">
                      <Socket Offset="(-2.133; 1.184; 0)" Names="SaddleHigh" NamesBlock="TatraT813ChassisWinch, TatraT813Sideboard, FrameAddonTowPlatform">
                            <ExtraParent Offset="(0; 0; -0.06)" Frame="BoneChassis_cdt">

                            </ExtraParent>
                            <ExtraParent Offset="(0; 0; 0.06)" Frame="BoneChassis_cdt">

                            </ExtraParent>
                      </Socket>
                    </AddonSockets>
                    <AddonSockets DefaultAddon="tatra_t813_exhaust_default">
                        <Socket Offset="(0; 0; 0)" Names="TatraT813ExhaustDefault" ParentFrame="BoneChassis_cdt">

                        </Socket>
                        <Socket Offset="(0; 0; 0)" Names="TatraT813Exhaust" ParentFrame="BoneChassis_cdt">

                        </Socket>
                    </AddonSockets>
                    <AddonSockets DefaultAddon="tatra_t813_bumper_default">
                      <Socket Offset="(0; 0; 0)" Names="TatraT813Bumper" ParentFrame="BoneChassis_cdt">

                      </Socket>
                    </AddonSockets>
                    <AddonSockets>
                      <Socket Offset="(0; 0; 0)" Names="TatraT813Airfilter" ParentFrame="BoneChassis_cdt">

                      </Socket>
                    </AddonSockets>
                    <AddonSockets>
                      <Socket Offset="(0; 0; 0)" Names="TatraT813Beacon" ParentFrame="BoneChassis_cdt">

                      </Socket>
                    </AddonSockets>
                    <AddonSockets>
                      <Socket Offset="(0; 0; 0)" Names="TatraT813Gabarite" ParentFrame="BoneChassis_cdt">

                      </Socket>
                    </AddonSockets>
                    <AddonSockets>
                        <Socket Offset="(0; 0; 0)" Names="TatraT813Horn1" ParentFrame="BoneChassis_cdt">

                        </Socket>
                        <Socket Offset="(0; 0; 0)" Names="TatraT813Horn2" ParentFrame="BoneChassis_cdt">

                        </Socket>
                    </AddonSockets>
                    <AddonSockets DefaultAddon="tatra_t813_spotlight_default">
                      <Socket ParentFrame="BoneChassis_cdt" Offset="(0; 0; 0)" Names="TatraT813RooftopTrunk" NamesBlock="TatraT813Horn1, TatraT813Spotlight, TatraT813Beacon">

                      </Socket>
                    </AddonSockets>
                    <AddonSockets>
                      <Socket Offset="(0; 0; 0)" Names="TatraT813Spotlight" ParentFrame="BoneChassis_cdt">

                      </Socket>
                    </AddonSockets>
                    <AddonSockets>
                      <Socket Offset="(3.871; 2.012; 0.379)" Names="StuffDashboard" InCockpit="true">

                      </Socket>
                    </AddonSockets>
                    <AddonSockets>
                      <Socket Offset="(3.751; 2.676; 0.374)" Names="StuffAirfreshener" InCockpit="true">

                      </Socket>
                    </AddonSockets>
                    <AddonSockets>
                      <Socket Names="TatraT813Sticker_Door_R" InCockpit="true">

                      </Socket>
                    </AddonSockets>
                    <AddonSockets>
                      <Socket Names="TatraT813Sticker_Door_L" InCockpit="true">

                      </Socket>
                    </AddonSockets>
                    <AddonSockets>
                      <Socket Names="TatraT813Sticker_GlassTop" InCockpit="true">

                      </Socket>
                    </AddonSockets>
                    <AddonSockets>
                      <Socket Names="TatraT813Sticker_GlassBottom" InCockpit="true">

                      </Socket>
                    </AddonSockets>
                    <AddonSockets>
                      <Socket Names="tatraT813Sticker_1x1_01" InCockpit="true">

                      </Socket>
                    </AddonSockets>
                    <AddonSockets>
                      <Socket Names="tatraT813Sticker_1x1_02" InCockpit="true">

                      </Socket>
                    </AddonSockets>
                    <AddonSockets>
                      <Socket Names="tatraT813Sticker_1x1_03" InCockpit="true">

                      </Socket>
                    </AddonSockets>
                    <AddonSockets>
                      <Socket Names="tatraT813Sticker_1x2_01" InCockpit="true">

                      </Socket>
                    </AddonSockets>
                    <AddonSockets>
                      <Socket Names="tatraT813Sticker_1x2_02" InCockpit="true">

                      </Socket>
                    </AddonSockets>
                    <AddonSockets>
                      <Socket Names="tatraT813Sticker_1x4_01" InCockpit="true">

                      </Socket>
                    </AddonSockets>
                    <AddonSockets DefaultAddon="tatra_t813_diff_lock_default">
                      <Socket Offset="(0; 0; 0)" Names="Tatra813TDiffLock" ParentFrame="BoneChassis_cdt">

                      </Socket>
                    </AddonSockets>
                      <CraneSocket Pos="(4.091; 1.175; -0.499)">

                      </CraneSocket>
                      <CraneSocket Pos="(4.091; 1.175; 0.499)">

                      </CraneSocket>
                      <CraneSocket Pos="(-0.839; 1.079; -0.509)">

                      </CraneSocket>
                      <CraneSocket Pos="(-0.839; 1.079; 0.509)">

                      </CraneSocket>
                      <CraneSocket Pos="(-4.309; 0.929; 0)">

                      </CraneSocket>
                        <WinchSocket Pos="(4.091; 1.175; -0.499)">

                        </WinchSocket>
                        <WinchSocket Pos="(4.091; 1.175; 0.499)">

                        </WinchSocket>
                        <WinchSocket Pos="(-0.839; 1.079; -0.509)">

                        </WinchSocket>
                        <WinchSocket Pos="(-0.839; 1.079; 0.509)">

                        </WinchSocket>
                        <WinchSocket Pos="(-4.309; 0.929; 0)">

                        </WinchSocket>
        </GameData>
        <PhysicsModel Mesh="trucks/tatra_t813">
                <Body NetSync="pv" CenterOfMassOffset="(-2.2; -0.5; 0)" ModelFrame="BoneChassis_cdt" Mass="13000" ImpactType="Truck">
                      <Body ModelFrame="BoneMirrorL_cdt" _template="SideMirror">

                      </Body>
                      <Body ModelFrame="BoneMirrorR_cdt" _template="SideMirror">

                      </Body>
                      <Body ModelFrame="BoneSunshieldL_cdt" _template="SunShield">

                      </Body>
                      <Body ModelFrame="BoneSunshieldR_cdt" _template="SunShield">

                      </Body>
                      <Body ModelFrame="BoneKatafotL_cdt" _template="Mudguard">
                        <Constraint MinLimit="-30" MaxLimit="30" AxisLocal="(0; 0; 1)">

                        </Constraint>
                      </Body>
                      <Body ModelFrame="BoneKatafotR_cdt" _template="Mudguard">
                        <Constraint MinLimit="-30" MaxLimit="30" AxisLocal="(0; 0; 1)">

                        </Constraint>
                      </Body>
                      <Body ModelFrame="BoneWire1_cdt" Mass="15" Collisions="None">
                        <Constraint Type="Hinge" MaxLimit="50" AxisLocal="(0; 0; 1)" MinLimit="-50" PivotOffset="(0; 0; 0)">
                            <Motor Spring="30" Damping="3" Type="Spring">

                            </Motor>
                        </Constraint>
                      </Body>
                      <Body NetSync="pv" ModelFrame="BoneAddonAttachment_cdt" Mass="1000" ImpactType="Truck">
                        <Constraint Type="Hinge" MaxLimit="5" AxisLocal="(1; 0; 0)" CenterOfMassOffset="(0,0,0)" MinLimit="-5">
                            <Motor Spring="1000000" Damping="25000" Type="Spring">

                            </Motor>
                        </Constraint>
                      </Body>
                      <Body ModelFrame="BoneTieRod1_cdt" _template="TieRod">
                        <Constraint MaxLimit="12" AxisLocal="(0; 1; 0)" MinLimit="-12" Name="TieRodSteer1">

                        </Constraint>
                      </Body>
                      <Body ModelFrame="BoneTieRod2_cdt" _template="TieRod">
                        <Constraint MaxLimit="14" AxisLocal="(0; 1; 0)" MinLimit="-14" Name="TieRodSteer2">

                        </Constraint>
                      </Body>
                </Body>
                <NetSync Legacy="false">

                </NetSync>
        </PhysicsModel>
        <ControlledConstraints>
                    <Constraint IsLinkedSteering="true" Id="chassis_steer" Name="TieRodSteer1">

                    </Constraint>
                    <Constraint IsLinkedSteering="true" Id="chassis_steer" Name="TieRodSteer2">

                    </Constraint>
        </ControlledConstraints>
        <ModelAttachments>
                    <Ignition>
                        <Light Pos="(-4.597; 0.863; 0)" Color="g(255; 0; 0)x 0.3" _template="IgnitionSignalRed">

                        </Light>
                            <Flare Pos="(4.015; 1.54; -0.978)" _template="IgnitionSignalOrange" Color="g(255; 140; 0) x 0.6" Size="0.2">

                            </Flare>
                            <Flare Pos="(4.015; 1.54; 0.978)" _template="IgnitionSignalOrange" Color="g(255; 140; 0) x 0.6" Size="0.2">

                            </Flare>
                            <Flare Pos="(2.441; 1.67; -1.177)" _template="IgnitionSignalOrange" Color="g(255; 140; 0) x 0.6" Size="0.2">

                            </Flare>
                            <Flare Pos="(2.441; 1.67; 1.177)" _template="IgnitionSignalOrange" Color="g(255; 140; 0) x 0.6" Size="0.2">

                            </Flare>
                            <Flare Pos="(-3.975; 1.060; -1.089)" Size="0.2" _template="IgnitionSignalRed">

                            </Flare>
                            <Flare Pos="(-3.975; 1.060; 1.089)" Size="0.2" _template="IgnitionSignalRed">

                            </Flare>
                    </Ignition>
                    <ReverseSignals>
                          <Light OuterCone="120" _template="ReverseSignal" InnerCone="90" Color="g(255; 230; 215) x 2" Pos="(-4.469; 0.899; 1.058)">

                          </Light>
                              <Flare Pos="(-3.962; 1.301; 1.058)" Dir="(-1; 0; 0)" _template="ReverseSignal" Size="0.2">

                              </Flare>
                              <Flare Pos="(-3.962; 1.301; 1.058)" Dir="(-1; 0; 0)" _template="IgnitionSignalWhite" Size="0.6">

                              </Flare>
                              <Flare Pos="(-3.984; 1.301; 1.058)" Dir="(-1; 0; 0)" _template="BlueStreak" Color="g(220; 220; 255) x 0.05" Size="0.4">

                              </Flare>
                    </ReverseSignals>
                    <StopSignals>
                            <Light Pos="(-4.597; 0.863; 0)" _template="StopSignal">

                            </Light>
                                <Flare Pos="(-3.975; 1.060; -1.089)" _template="StopSignal" Color="g(255; 0; 0) x 0.7" Size="0.2">

                                </Flare>
                                <Flare Pos="(-3.975; 1.060; 1.089)" _template="StopSignal" Color="g(255; 0; 0) x 0.7" Size="0.2">

                                </Flare>
                    </StopSignals>
        </ModelAttachments>
        <AutomaticIK>
                        <IKBone ParentFrame="BoneTieRod1_cdt" ModelFrame="BoneRack1_R_IK1">
                          <IKJoint Type="Hinge2" AxisLocal="(1; 0; 0)">

                          </IKJoint>
                          <IKBone AttachToFrame="BoneAxle1Rack_R" AttachOffset="(0; 0; 0)" ModelFrame="BoneRack1_R_IK2">
                                <IKJoint Type="Slider" AxisLocal="(1; 0; 0)">

                                </IKJoint>
                          </IKBone>
                        </IKBone>
                        <IKBone ParentFrame="BoneTieRod1_cdt" ModelFrame="BoneRack1_L_IK1">
                          <IKJoint Type="Hinge2" AxisLocal="(1; 0; 0)">

                          </IKJoint>
                          <IKBone AttachToFrame="BoneAxle1Rack_L" AttachOffset="(0; 0; 0)" ModelFrame="BoneRack1_L_IK2">
                                <IKJoint Type="Slider" AxisLocal="(1; 0; 0)">

                                </IKJoint>
                          </IKBone>
                        </IKBone>
                        <IKBone ParentFrame="BoneTieRod1_cdt" ModelFrame="BoneRackLinkIK1">
                          <IKJoint Type="Hinge2" AxisLocal="(1; 0; 0)">

                          </IKJoint>
                          <IKBone AttachToFrame="BoneTieRod2_cdt" AttachOffset="(0; 0; 0)" ModelFrame="BoneRackLinkIK2">
                                <IKJoint Type="Slider" AxisLocal="(1; 0; 0)">

                                </IKJoint>
                          </IKBone>
                        </IKBone>
                        <IKBone ParentFrame="BoneTieRod2_cdt" ModelFrame="BoneRack2_L_IK1">
                          <IKJoint Type="Hinge2" AxisLocal="(1; 0; 0)">

                          </IKJoint>
                          <IKBone AttachToFrame="BoneAxle2Rack_L" AttachOffset="(0; 0; 0)" ModelFrame="BoneRack2_L_IK2">
                                <IKJoint Type="Slider" AxisLocal="(1; 0; 0)">

                                </IKJoint>
                          </IKBone>
                        </IKBone>
                        <IKBone ParentFrame="BoneTieRod2_cdt" ModelFrame="BoneRack2_R_IK1">
                          <IKJoint Type="Hinge2" AxisLocal="(1; 0; 0)">

                          </IKJoint>
                          <IKBone AttachToFrame="BoneAxle2Rack_R" AttachOffset="(0; 0; 0)" ModelFrame="BoneRack2_R_IK2">
                                <IKJoint Type="Slider" AxisLocal="(1; 0; 0)">

                                </IKJoint>
                          </IKBone>
                        </IKBone>
                        <IKBone ParentFrame="BoneChassis_cdt" ModelFrame="BoneAxle1L_IK_A">
                          <IKJoint Type="Hinge" AxisLocal="(1; 0; 0)">

                          </IKJoint>
                          <IKBone AttachToFrame="BoneAxle1L" AttachOffset="(0; 0; 0)" ModelFrame="BoneAxle1L_IK_B">
                                <IKJoint Type="Hinge" AxisLocal="(1; 0; 0)">

                                </IKJoint>
                          </IKBone>
                        </IKBone>
                        <IKBone ParentFrame="BoneChassis_cdt" ModelFrame="BoneAxle1R_IK_A">
                          <IKJoint Type="Hinge" AxisLocal="(1; 0; 0)">

                          </IKJoint>
                          <IKBone AttachToFrame="BoneAxle1R" AttachOffset="(0; 0; 0)" ModelFrame="BoneAxle1R_IK_B">
                                <IKJoint Type="Hinge" AxisLocal="(1; 0; 0)">

                                </IKJoint>
                          </IKBone>
                        </IKBone>
                        <IKBone ParentFrame="BoneChassis_cdt" ModelFrame="BoneAxle2L_IK_A">
                          <IKJoint Type="Hinge" AxisLocal="(1; 0; 0)">

                          </IKJoint>
                          <IKBone AttachToFrame="BoneAxle2L" AttachOffset="(0; 0; 0)" ModelFrame="BoneAxle2L_IK_B">
                                <IKJoint Type="Hinge" AxisLocal="(1; 0; 0)">

                                </IKJoint>
                          </IKBone>
                        </IKBone>
                        <IKBone ParentFrame="BoneChassis_cdt" ModelFrame="BoneAxle2R_IK_A">
                          <IKJoint Type="Hinge" AxisLocal="(1; 0; 0)">

                          </IKJoint>
                          <IKBone AttachToFrame="BoneAxle2R" AttachOffset="(0; 0; 0)" ModelFrame="BoneAxle2R_IK_B">
                                <IKJoint Type="Hinge" AxisLocal="(1; 0; 0)">

                                </IKJoint>
                          </IKBone>
                        </IKBone>
                        <IKBone ParentFrame="BoneChassis_cdt" ModelFrame="BoneAxle3L_IK_A">
                          <IKJoint Type="Hinge" AxisLocal="(1; 0; 0)">

                          </IKJoint>
                          <IKBone AttachToFrame="BoneAxle3L" AttachOffset="(0; 0; 0)" ModelFrame="BoneAxle3L_IK_B">
                                <IKJoint Type="Hinge" AxisLocal="(1; 0; 0)">

                                </IKJoint>
                          </IKBone>
                        </IKBone>
                        <IKBone ParentFrame="BoneChassis_cdt" ModelFrame="BoneAxle3R_IK_A">
                          <IKJoint Type="Hinge" AxisLocal="(1; 0; 0)">

                          </IKJoint>
                          <IKBone AttachToFrame="BoneAxle3R" AttachOffset="(0; 0; 0)" ModelFrame="BoneAxle3R_IK_B">
                                <IKJoint Type="Hinge" AxisLocal="(1; 0; 0)">

                                </IKJoint>
                          </IKBone>
                        </IKBone>
                        <IKBone ParentFrame="BoneChassis_cdt" ModelFrame="BoneAxle4L_IK_A">
                          <IKJoint Type="Hinge" AxisLocal="(1; 0; 0)">

                          </IKJoint>
                          <IKBone AttachToFrame="BoneAxle4L" AttachOffset="(0; 0; 0)" ModelFrame="BoneAxle4L_IK_B">
                                <IKJoint Type="Hinge" AxisLocal="(1; 0; 0)">

                                </IKJoint>
                          </IKBone>
                        </IKBone>
                        <IKBone ParentFrame="BoneChassis_cdt" ModelFrame="BoneAxle4R_IK_A">
                          <IKJoint Type="Hinge" AxisLocal="(1; 0; 0)">

                          </IKJoint>
                          <IKBone AttachToFrame="BoneAxle4R" AttachOffset="(0; 0; 0)" ModelFrame="BoneAxle4R_IK_B">
                                <IKJoint Type="Hinge" AxisLocal="(1; 0; 0)">

                                </IKJoint>
                          </IKBone>
                        </IKBone>
        </AutomaticIK>
        <Landmark MaxScale="2.8" Mesh="landmarks/tatra_t813_lmk" MinScale="1.8">

        </Landmark>
        <MainHeadLight _template="Multiply1">

        </MainHeadLight>
        <TruckData SteerSpeed="0.022" EngineStartDelay="3.2" EngineIconMesh="env/engine_pacific_p16" TruckType="HEAVY" Responsiveness="0.2" BackSteerSpeed="0.015" TruckImage="tatra813mchr" FuelCapacity="380" DiffLockType="Installed" ExhaustStartTime="2.8" EngineIconScale="0.8">
                            <Driver Pos="(2.907; 1.708; 0.672)" AnimationSet="HeavyTruck" SteeringWheelPos="(3.293; 2.053; 0.722)">

                            </Driver>
                            <SoundsDamage _template="Heavy">

                            </SoundsDamage>
                            <Shakers>
                                      <Shaker MaxFrequency="4" Frame="BoneStickShaker1" MinAngle="(0.5; 0.5; 0.5)" MaxAngle="(1; 1; 1)">

                                      </Shaker>
                                      <Shaker MaxFrequency="4" Frame="BoneStickShaker2" MinAngle="(0.5; 0.5; 0.5)" MaxAngle="(1; 1; 1)">

                                      </Shaker>
                                      <Shaker MaxFrequency="4" Frame="BoneStickShaker3" MinAngle="(0.5; 0.5; 0.5)" MaxAngle="(1; 1; 1)">

                                      </Shaker>
                                      <Shaker MaxFrequency="4" Frame="BoneStickShaker4" MinAngle="(0.5; 0.5; 0.5)" MaxAngle="(1; 1; 1)">

                                      </Shaker>
                            </Shakers>
                            <OcclusionMap HalfSizeZ="2.6" MinX="-4.2" MaxX="4.6">

                            </OcclusionMap>
                            <FuelTank DamageCapacity="100">

                            </FuelTank>
                            <Intake Size="0.75" Dir="(1; 0; 0)" Origin="(4.038; 1.623; 0)">

                            </Intake>
                            <EngineSocket Type="e_ru_special" Default="ru_special_engine_0">

                            </EngineSocket>
                            <SuspensionSocket Type="s_tatra_t813" MaxWheelRadiusWithoutSuspension="0.76" Default="tatra_t813_suspension_default">

                            </SuspensionSocket>
                            <Dashboard>
                                                  <Gauge InputRange="(0;1)" Dir="(-0.771; 0.637; 0)" InputType="engineEnabled" Org="(3.614; 1.976; 0.861)" Damping="0.99" Mesh="trucks/arrows/tatra_t813_arrows_1" OutputAngles="(-90; 42)">

                                                  </Gauge>
                                                  <Gauge InputRange="(0;1)" Dir="(-0.761; 0.648; -0.018)" InputType="rpm" Org="(3.63; 2.003; 0.735)" Damping="0.99" Mesh="trucks/arrows/tatra_t813_arrows_2" OutputAngles="(72; 252)">

                                                  </Gauge>
                                                  <Gauge InputRange="(0;1)" Dir="(-0.759; 0.651; 0)" InputType="engineEnabled" Org="(3.585; 1.945; 0.735)" Damping="0.99" Mesh="trucks/arrows/tatra_t813_arrows_3" OutputAngles="(-142; -20)">

                                                  </Gauge>
                                                  <Gauge InputType="speed" Dir="(-0.762; 0.647; -0.001)" Org="(3.613; 1.977; 0.609)" Mesh="trucks/arrows/tatra_t813_arrows_4" InputRange="(0;90)" OutputAngles="(-121; 119)">

                                                  </Gauge>
                                                  <Gauge InputRange="(0;1)" Dir="(-0.771; 0.637; -0.001)" InputType="engineEnabled" Org="(3.613; 1.977; 0.85)" Damping="0.99" Mesh="trucks/arrows/tatra_t813_arrows_5" OutputAngles="(-96; -77)">

                                                  </Gauge>
                                                  <Gauge InputRange="(0;1)" Dir="(-0.771; 0.637; 0.001)" InputType="engineEnabled" Org="(3.612; 1.976; 0.871)" Damping="0.99" Mesh="trucks/arrows/tatra_t813_arrows_5" OutputAngles="(67; 81)">

                                                  </Gauge>
                                                  <Gauge InputRange="(0;1)" Dir="(-0.771; 0.637; 0)" InputType="engineEnabled" Org="(3.621; 1.986; 0.861)" Damping="0.99" Mesh="trucks/arrows/tatra_t813_arrows_5" OutputAngles="(165; 176)">

                                                  </Gauge>
                                                  <Gauge InputRange="(0;1)" Dir="(-0.771; 0.637; 0)" InputType="fuel" Org="(3.606; 1.969; 0.861)" Damping="0.99" Mesh="trucks/arrows/tatra_t813_arrows_5" OutputAngles="(-15; 14)">

                                                  </Gauge>
                            </Dashboard>
                            <Axles>
                                                    <Axle Frame="BoneAxle1L" IsIndependent="true">

                                                    </Axle>
                                                    <Axle Frame="BoneAxle1R" IsIndependent="true">

                                                    </Axle>
                                                    <Axle Frame="BoneAxle2L" IsIndependent="true">

                                                    </Axle>
                                                    <Axle Frame="BoneAxle2R" IsIndependent="true">

                                                    </Axle>
                                                    <Axle Frame="BoneAxle3L" IsIndependent="true">

                                                    </Axle>
                                                    <Axle Frame="BoneAxle3R" IsIndependent="true">

                                                    </Axle>
                                                    <Axle Frame="BoneAxle4L" IsIndependent="true">

                                                    </Axle>
                                                    <Axle Frame="BoneAxle4R" IsIndependent="true">

                                                    </Axle>
                            </Axles>
                            <Camera Center="(-1.7; 0; 0)" ParentFrame="BoneChassis_cdt">
                                                    <Cockpit WindshieldDiffuseTexture="trucks/tatra_t813_glass__d_a.tga" _template="Default" WindshieldShadingTexture="trucks/tatra_t813_glass__sh_d.tga" ViewPos="(2.971; 2.402; 0.722)">
                                                          <Mirror FOVScale="1.2" ClipDir="(-0.940; 0.000; -0.342)" MeshFrame="mirror_left" Pos="(3.267; 2.304; 1.181)" ReflectionDir="(-0.921; 0.000; -0.391)" Size="(0.18; 0.26)" ClipOffset="0.1">

                                                          </Mirror>
                                                          <Mirror FOVScale="1.6" ClipDir="(-0.766; 0.000; 0.643)" MeshFrame="mirror_right" Pos="(3.279; 2.304; -1.16)" ReflectionDir="(-0.788; 0.000; 0.616)" Size="(0.18; 0.26)" ClipOffset="0.1">

                                                          </Mirror>
                                                    </Cockpit>
                            </Camera>
                                                    <CompatibleWheels Type="wheels_tatra_t813" Scale="0.64" RearOffsetZ="0.04">

                                                    </CompatibleWheels>
                                                    <CompatibleWheels Type="wheels_heavy_single" Scale="0.64" RearOffsetZ="0.04">

                                                    </CompatibleWheels>
                            <Sounds _template="Default" Origin="(0.76; 1.2; 0)" MinDist="15.0" DisableReversePitch="true">
                                                        <Reverse Sound="trucks/tatra_813/tatra_813_back_beeper">

                                                        </Reverse>
                                                        <EngineHeavy_2d IsSound2D="true" Sound="trucks/tatra_813/tatra_813_heavy_2d">

                                                        </EngineHeavy_2d>
                                                        <EngineLow Sound="trucks/tatra_813/tatra_813_low">

                                                        </EngineLow>
                                                        <EngineHigh Sound="trucks/tatra_813/tatra_813_high">

                                                        </EngineHigh>
                                                        <HandbrakeOff Sound="trucks/tatra_813/tatra_813_handbrake_off">

                                                        </HandbrakeOff>
                                                        <ChassisStress Sound="trucks/common/truck_stress_rnd_set/truck_stress_rnd">

                                                        </ChassisStress>
                                                        <EngineRev Sound="trucks/tatra_813/tatra_813_rev">

                                                        </EngineRev>
                                                        <AbruptStop Sound="trucks/common/truck_swing_big_rnd_set/truck_swing_big_rnd">

                                                        </AbruptStop>
                                                        <EngineHeavy Sound="trucks/tatra_813/tatra_813_heavy">

                                                        </EngineHeavy>
                                                        <EngineHigh_2d IsSound2D="true" Sound="trucks/tatra_813/tatra_813_high_2d">

                                                        </EngineHigh_2d>
                                                        <EngineLow_2d IsSound2D="true" Sound="trucks/tatra_813/tatra_813_low_2d">

                                                        </EngineLow_2d>
                                                        <EngineIdle_2d IsSound2D="true" Sound="trucks/tatra_813/tatra_813_idle_2d">

                                                        </EngineIdle_2d>
                                                        <EngineStart Sound="trucks/tatra_813/tatra_813_start">

                                                        </EngineStart>
                                                        <Handbrake Sound="trucks/tatra_813/tatra_813_handbrake_on">

                                                        </Handbrake>
                                                        <BrakesSqueal Sound="trucks/tatra_813/tatra_813_brakes_squeal">

                                                        </BrakesSqueal>
                                                        <EngineIdle Sound="trucks/tatra_813/tatra_813_idle">

                                                        </EngineIdle>
                                                        <Honk Sound="trucks/tatra_813/tatra_813_honk">

                                                        </Honk>
                                                        <EngineStop Sound="trucks/tatra_813/tatra_813_stop">

                                                        </EngineStop>
                                                        <EngineAccel Sound="trucks/tatra_813/tatra_813_acc">

                                                        </EngineAccel>
                                                        <BrakeRelease Sound="trucks/tatra_813/tatra_813_brake_release">

                                                        </BrakeRelease>
                            </Sounds>
                            <GearboxSocket Type="gearboxes_special, gearboxes_special_kolob" Default="g_special_default">

                            </GearboxSocket>
                                                          <Steam Origin="(-0.198; 1.683; 0)">

                                                          </Steam>
                                                          <Steam Origin="(1.465; 1.083; 0)" Scale="0.5">

                                                          </Steam>
                            <Wheels DefaultWheelType="wheels_tatra_t813" DefaultTire="tire" DefaultRim="rim">
                                                                <Wheel Pos="(2.474; 0.638; 1.050)" _template="FirstAxle">

                                                                </Wheel>
                                                                <Wheel RightSide="true" Pos="(2.474; 0.638; 1.050)" _template="FirstAxle">

                                                                </Wheel>
                                                                <Wheel Pos="(0.832; 0.638; 1)" _template="SecondAxle">

                                                                </Wheel>
                                                                <Wheel RightSide="true" Pos="(0.832; 0.638; 1)" _template="SecondAxle">

                                                                </Wheel>
                                                                <Wheel Pos="(-1.402; 0.638; 1)" _template="RearAxle">

                                                                </Wheel>
                                                                <Wheel RightSide="true" Pos="(-1.402; 0.638; 1)" _template="RearAxle">

                                                                </Wheel>
                                                                <Wheel Pos="(-2.844; 0.638; 1)" _template="RearAxle">

                                                                </Wheel>
                                                                <Wheel RightSide="true" Pos="(-2.844; 0.638; 1)" _template="RearAxle">

                                                                </Wheel>
                            </Wheels>
                            <WinchUpgradeSocket Type="winches_heavy_trucks" Default="w_heavy_trucks_default" IsUpgradable="true">

                            </WinchUpgradeSocket>
                                                                <SteeringRack Frame="BoneRack1" RackHalfSizeZ="0.895" FrameSteerLeft="BoneAxle1Rack_L" FrameSteerRight="BoneAxle1Rack_R">

                                                                </SteeringRack>
                                                                <SteeringRack Frame="BoneRack2" RackHalfSizeZ="0.895" FrameSteerLeft="BoneAxle2Rack_L" FrameSteerRight="BoneAxle2Rack_R">

                                                                </SteeringRack>
                            <SteeringWheel Frame="BoneSteering">

                            </SteeringWheel>
                            <SoundsWheels _template="Default">

                            </SoundsWheels>
                            <Damage>
                                                                          <DamageArea Type="Engine" Max="(3.705; 1.631; 0.5)" Min="(2.049; 0.631; -0.5)">

                                                                          </DamageArea>
                                                                          <DamageArea Type="FuelTank" Max="(0.3; 1.358; 1.3)" Min="(-1; 0.65; -1.3)">

                                                                          </DamageArea>
                            </Damage>
                                                                        <LimitedFluid SizeX="0.623" Center="(-0.314; 0.992; 0.909)" Type="Box" SizeZ="0.598" SizeY="0.592">

                                                                        </LimitedFluid>
                                                                        <LimitedFluid SizeX="0.623" Center="(-0.314; 0.992; -0.909)" Type="Box" SizeZ="0.598" SizeY="0.592">

                                                                        </LimitedFluid>
        </TruckData>
  </Truck>