  <_templates Include="trucks">
      <Wheel>
          <RearAxle Location="rear" Torque="default">

          </RearAxle>
          <FirstAxle SteeringAngle="36" Location="front" Torque="default" ConnectedToHandbrake="true" SteeringCastor="12">

          </FirstAxle>
          <SecondAxle SteeringAngle="24" Location="front" Torque="default" ConnectedToHandbrake="true" SteeringCastor="4">

          </SecondAxle>
      </Wheel>
      <Body>
            <SideMirror Mass="5" Collisions="None">
                <Constraint Type="Hinge" MaxLimit="1" AxisLocal="(0; 0; 1)" MinLimit="-1">
                    <Motor Spring="250" Damping="7.5" Type="Spring">

                    </Motor>
                </Constraint>
            </SideMirror>
            <SunShield Mass="1" Collisions="None">
                  <Constraint Type="Hinge" MaxLimit="5" AxisLocal="(0; 0; 1)" MinLimit="-5">
                      <Motor Spring="18" Damping="0.25" Type="Spring">

                      </Motor>
                  </Constraint>
            </SunShield>
      </Body>
  </_templates>
  <Truck>
        <Landmark MaxScale="2.8" Mesh="landmarks/zikz_605r_lmk" MinScale="1.8">

        </Landmark>
        <GameData ExcludeAddons="trailer_log_pole" UnlockByExploration="true" Price="165300" UnlockByRank="1" Country="RU,CAS">
              <CustomizationCameras>
                    <CameraPos Name="roof_sticker" InterestPosition="(7.033; 2.167; -0.956)" Position="(9.7; 5.925; -0.553)" FOV="32.0">

                    </CameraPos>
                    <CameraPos Name="sticker_1" InterestPosition="(8.595; 0.767; 1.237)" Position="(6; 2.868; -0.533)" Interior="true" FOV="32.0">

                    </CameraPos>
                    <CameraPos MaxYRotation="360" MaxZoom="2" Name="addon_1" InterestPosition="(1.332; 1.692; -0)" Position="(-8.55; 4.273; 9.315)" MaxXRotation="360" FOV="32.0">

                    </CameraPos>
                    <CameraPos MaxYRotation="360" MaxZoom="2" Name="addon_2" InterestPosition="(3.917; 2.341; -1.149)" Position="(9.628; 4.331; 1.437)" MaxXRotation="360" FOV="32.0">

                    </CameraPos>
                    <CameraPos Name="mirror_mount" InterestPosition="(8.439; 2.221; 1.066)" Position="(5.714; 2.661; -0.37)" Interior="true" FOV="32.0">

                    </CameraPos>
                    <CameraPos MaxYRotation="360" MaxZoom="2" Name="roofs" InterestPosition="(7.013; 2.118; -0.523)" Position="(12.239; 4.145; 2.722)" MaxXRotation="360" FOV="32.0">

                    </CameraPos>
                    <CameraPos MaxYRotation="360" MaxZoom="2" Name="hood_ornament" InterestPosition="(6.727; 2.16; -0.851)" Position="(9.918; 2.816; -1.653)" MaxXRotation="360" FOV="32.0">

                    </CameraPos>
                    <CameraPos Name="sticker" InterestPosition="(8.595; 1.207; 2.389)" Position="(6.062; 2.498; -0.015)" Interior="true" FOV="32.0">

                    </CameraPos>
                    <CameraPos Name="capote_sticker" InterestPosition="(7.178; 1.767; -0.683)" Position="(12.379; 3.126; -1.45)" FOV="32.0">

                    </CameraPos>
                    <CameraPos MaxYRotation="360" MaxZoom="2" Name="hoods" InterestPosition="(5.461; 1.397; -0.216)" Position="(13.151; 2.641; -2.289)" MaxXRotation="360" FOV="32.0">

                    </CameraPos>
                    <CameraPos Name="sticker_2" InterestPosition="(5.96; 1.482; 2.389)" Position="(6.401; 2.473; -0.527)" Interior="true" FOV="32.0">

                    </CameraPos>
                    <CameraPos MaxYRotation="360" MaxZoom="2" Name="side_l" InterestPosition="(5.103; 1.419; -0.471)" Position="(11.101; 4.011; -3.352)" MaxXRotation="360" FOV="32.0">

                    </CameraPos>
                    <CameraPos Name="bubble_head" InterestPosition="(9.063; 1.667; 2.088)" Position="(5.907; 2.577; -0.716)" Interior="true" FOV="32.0">

                    </CameraPos>
                    <CameraPos MaxYRotation="360" MaxZoom="2" Name="wheels" InterestPosition="(2.813; 0.409; 0.126)" Position="(8.853; 1.52; -5.155)" MaxXRotation="360" FOV="32.0">

                    </CameraPos>
                    <CameraPos MaxYRotation="360" MaxZoom="2" Name="side_r" InterestPosition="(5.432; 1.554; 1.822)" Position="(0.74; 2.387; 4.944)" MaxXRotation="360" FOV="32.0">

                    </CameraPos>
                    <CameraPos MaxYRotation="360" MaxZoom="2" Name="default" InterestPosition="(5.197; 1.735; -0.23)" Position="(13.641; 2.738; -4.536)" MaxXRotation="360" FOV="32.0">

                    </CameraPos>
                    <CameraPos MaxYRotation="360" MaxZoom="2" Name="rear" InterestPosition="(0.479; 0.992; -0)" Position="(-5.767; 1.805; 2.899)" MaxXRotation="360" FOV="32.0">

                    </CameraPos>
                    <CameraPos Name="glass_sticker" InterestPosition="(6.954; 1.85; -0.725)" Position="(11.7; 2.977; 1.399)" FOV="32.0">

                    </CameraPos>
              </CustomizationCameras>
              <UiDesc UiName="UI_VEHICLE_ZIKZ_605R_NAME" UiDesc="UI_VEHICLE_ZIKZ_605R_DESC" UiIconLogo="ZiKZLogo80" UiIcon40x40="heavyVehicleImg" UiIcon30x30="heavyVehicleImg30" UiIcon328x458="shopImgZiKZ605R">

              </UiDesc>
                    <AddonSockets>
                        <Socket Offset="(-4.823; 0.838; 0)" Names="Trailer">

                        </Socket>
                        <Socket Offset="(-2.53; 1.718; 0)" Names="LargeSemitrailer, LargeSemitrailerOiltank">

                        </Socket>
                    </AddonSockets>
                    <AddonSockets>
                        <Socket Names="ZikzLogLift" ParentFrame="BoneAddonAttachment_cdt">
                          <AddonsShift Offset="(-0.35; 0; 0)" Types="zikz605rTrunk">

                          </AddonsShift>
                        </Socket>
                        <Socket Names="ZikzFrameAddon" ParentFrame="BoneAddonAttachment_cdt">

                        </Socket>
                        <Socket Names="ZikzBigCrane" ParentFrame="BoneAddonAttachment_cdt">

                        </Socket>
                        <Socket Names="ZikzSaddleHigh">

                        </Socket>
                        <Socket Names="FrameAddonKungZikz" ParentFrame="BoneAddonAttachment_cdt">

                        </Socket>
                        <Socket Names="FrameAddonSeismicVibratorZikz" ParentFrame="BoneAddonAttachment_cdt">

                        </Socket>
                        <Socket Names="FrameAddonTankZikz" ParentFrame="BoneAddonAttachment_cdt">

                        </Socket>
                        <Socket Offset="(-2.849; 1.64; 0)" Names="FrameAddonLogShortZikz" ParentFrame="BoneAddonAttachment_cdt">

                        </Socket>
                    </AddonSockets>
                    <AddonSockets>
                      <Socket Names="zikz605rTrunk" NamesBlock="ZikzBigCrane, ZikzFrameAddon, LargeSemitrailerOiltank, FrameAddonKungZikz, FrameAddonSeismicVibratorZikz, FrameAddonTankZikz, FrameAddonLogShortZikz">

                      </Socket>
                    </AddonSockets>
                    <AddonSockets DefaultAddon="zikz_605r_horn_default">
                      <Socket Names="zikz605rHorn">

                      </Socket>
                    </AddonSockets>
                    <AddonSockets>
                      <Socket Names="zikz605rVisor">

                      </Socket>
                    </AddonSockets>
                    <AddonSockets DefaultAddon="zikz_605r_spot_light_default">
                      <Socket Names="zikz605rSpotLight">

                      </Socket>
                    </AddonSockets>
                    <AddonSockets>
                      <Socket Names="zikz605rBeacon">

                      </Socket>
                    </AddonSockets>
                    <AddonSockets>
                      <Socket Names="zikz605rSnorkel">

                      </Socket>
                    </AddonSockets>
                    <AddonSockets>
                      <Socket Names="zikz605rAirConditioner">

                      </Socket>
                    </AddonSockets>
                    <AddonSockets DefaultAddon="zikz_605r_exhaust_default">
                      <Socket Names="zikz605rExhaust">

                      </Socket>
                    </AddonSockets>
                    <AddonSockets DefaultAddon="zikz_605r_bumper_default">
                      <Socket Names="zikz605rBumper">

                      </Socket>
                    </AddonSockets>
                    <AddonSockets>
                      <Socket Names="zikz605rRoofRack" NamesBlock="zikz605rAirConditioner, zikz605rBeacon, zikz605rSpotLight">

                      </Socket>
                    </AddonSockets>
                    <AddonSockets>
                      <Socket Names="zikz605RSticker_1x1_01" InCockpit="true">

                      </Socket>
                    </AddonSockets>
                    <AddonSockets>
                      <Socket Names="zikz605RSticker_1x1_02" InCockpit="true">

                      </Socket>
                    </AddonSockets>
                    <AddonSockets>
                      <Socket Names="zikz605RSticker_1x1_03" InCockpit="true">

                      </Socket>
                    </AddonSockets>
                    <AddonSockets>
                      <Socket Names="zikz605RSticker_1x2_01" InCockpit="true">

                      </Socket>
                    </AddonSockets>
                    <AddonSockets>
                      <Socket Names="zikz605RSticker_1x2_02" InCockpit="true">

                      </Socket>
                    </AddonSockets>
                    <AddonSockets>
                      <Socket Names="zikz605RSticker_1x4_01" InCockpit="true">

                      </Socket>
                    </AddonSockets>
                    <AddonSockets>
                      <Socket Names="zikz605RSticker_Capote">

                      </Socket>
                    </AddonSockets>
                    <AddonSockets>
                      <Socket Names="zikz605RSticker_Roof">

                      </Socket>
                    </AddonSockets>
                    <AddonSockets>
                      <Socket Names="zikz605rSticker_GlassTop">

                      </Socket>
                    </AddonSockets>
                    <AddonSockets>
                      <Socket Names="zikz605rSticker_GlassBot">

                      </Socket>
                    </AddonSockets>
                    <AddonSockets>
                      <Socket Offset="(3.613; 2.793; 0.122)" Names="StuffAirfreshener" InCockpit="true">

                      </Socket>
                    </AddonSockets>
                      <CraneSocket Pos="(4.223; 1.21; 0)">

                      </CraneSocket>
                      <CraneSocket Pos="(-4.805; 0.826; 0)">

                      </CraneSocket>
                      <CraneSocket Pos="(-0.461; 1.662; 1.378)">

                      </CraneSocket>
                      <CraneSocket Pos="(-0.461; 1.662; -1.378)">

                      </CraneSocket>
                        <WinchSocket Pos="(4.223; 1.21; 0)">

                        </WinchSocket>
                        <WinchSocket Pos="(-4.805; 0.826; 0)">

                        </WinchSocket>
                        <WinchSocket Pos="(-0.461; 1.662; 1.378)">

                        </WinchSocket>
                        <WinchSocket Pos="(-0.461; 1.662; -1.378)">

                        </WinchSocket>
        </GameData>
        <PhysicsModel Mesh="trucks/zikz_605r">
                <Body NetSync="pv" CenterOfMassOffset="(0; -0.25; 0)" ModelFrame="BoneChassis_cdt" Mass="13600" ImpactType="Truck">
                      <Body NetSync="pv" ModelFrame="BoneAddonAttachment_cdt" Mass="1000" ImpactType="Truck">
                        <Constraint Type="Hinge" MaxLimit="5" AxisLocal="(1; 0; 0)" CenterOfMassOffset="(0,0,0)" MinLimit="-5">
                            <Motor Spring="4500000" Damping="100000" Type="Spring">

                            </Motor>
                        </Constraint>
                      </Body>
                      <Body ModelFrame="BoneMirrorL_cdt" _template="SideMirror">

                      </Body>
                      <Body ModelFrame="BoneMirrorR_cdt" _template="SideMirror">

                      </Body>
                      <Body ModelFrame="BoneSunshieldL_cdt" _template="SunShield">

                      </Body>
                      <Body ModelFrame="BoneSunshieldR_cdt" _template="SunShield">

                      </Body>
                      <Body CenterOfMassOffset="(0; 0; 0)" ModelFrame="BoneWire1_cdt" Mass="1" Collisions="None">
                        <Constraint Type="Hinge" MaxLimit="15" AxisLocal="(1; 0; 0)" MinLimit="-5" PivotOffset="(0; 0; 0)">
                            <Motor Spring="1" Damping=".1" Type="Spring">

                            </Motor>
                        </Constraint>
                        <Body CenterOfMassOffset="(0; 0; 0)" ModelFrame="BoneWire2_cdt" Mass="1" Collisions="None">
                              <Constraint Type="Hinge" MaxLimit="4" AxisLocal="(0; 0; 1)" MinLimit="-20" PivotOffset="(0; 0; 0)">
                                  <Motor Spring=".25" Damping=".025" Type="Spring">

                                  </Motor>
                              </Constraint>
                        </Body>
                      </Body>
                      <Body CenterOfMassOffset="(0; 0; 0)" ModelFrame="BoneChassisWireL_cdt" Mass="1" Collisions="None">
                        <Constraint Type="Hinge" MaxLimit="30" AxisLocal="(0; 0; 1)" MinLimit="-20" PivotOffset="(0; 0; 0)">
                            <Motor Spring="1" Damping=".1" Type="Spring">

                            </Motor>
                        </Constraint>
                      </Body>
                      <Body CenterOfMassOffset="(0; 0; 0)" ModelFrame="BoneChassisWireR_cdt" Mass="1" Collisions="None">
                        <Constraint Type="Hinge" MaxLimit="30" AxisLocal="(0; 0; 1)" MinLimit="-20" PivotOffset="(0; 0; 0)">
                            <Motor Spring="1" Damping=".1" Type="Spring">

                            </Motor>
                        </Constraint>
                      </Body>
                      <Body ModelFrame="BoneSuspensionRockerLeft_cdt" Mass="3500" ImpactType="Truck" AngularDamping="0.8" Collisions="None">
                        <Constraint Type="Hinge" MaxLimit="8" AxisLocal="(0; 0; 1)" MinLimit="-8">
                            <Motor Spring="1500" Damping="150" Type="Spring">

                            </Motor>
                        </Constraint>
                      </Body>
                      <Body ModelFrame="BoneSuspensionRockerRight_cdt" Mass="3500" ImpactType="Truck" AngularDamping="0.8" Collisions="None">
                        <Constraint Type="Hinge" MaxLimit="8" AxisLocal="(0; 0; 1)" MinLimit="-8">
                            <Motor Spring="1500" Damping="150" Type="Spring">

                            </Motor>
                        </Constraint>
                      </Body>
                </Body>
                <NetSync Legacy="false">

                </NetSync>
        </PhysicsModel>
        <AutomaticIK>
                    <IKBone ParentFrame="BoneChassis_cdt" ModelFrame="SuspensionUpR1">
                      <IKJoint Type="Hinge" AxisLocal="(1; 0; 0)">

                      </IKJoint>
                      <IKBone AttachToFrame="BoneSuspensionRockerRight_cdt" AttachOffset="(0; 0; 0)" ModelFrame="SuspensionUpR1_end">
                            <IKJoint Type="Slider" AxisLocal="(1; 0; 0)">

                            </IKJoint>
                      </IKBone>
                    </IKBone>
                    <IKBone ParentFrame="BoneChassis_cdt" ModelFrame="SuspensionDnR1">
                      <IKJoint Type="Hinge" AxisLocal="(1; 0; 0)">

                      </IKJoint>
                      <IKBone AttachToFrame="BoneSuspensionRockerRight_cdt" AttachOffset="(0; 0; 0)" ModelFrame="SuspensionDnR1_end">
                            <IKJoint Type="Slider" AxisLocal="(1; 0; 0)">

                            </IKJoint>
                      </IKBone>
                    </IKBone>
                    <IKBone ParentFrame="BoneChassis_cdt" ModelFrame="SuspensionUpL1">
                      <IKJoint Type="Hinge" AxisLocal="(1; 0; 0)">

                      </IKJoint>
                      <IKBone AttachToFrame="BoneSuspensionRockerLeft_cdt" AttachOffset="(0; 0; 0)" ModelFrame="SuspensionUpL1_end">
                            <IKJoint Type="Slider" AxisLocal="(1; 0; 0)">

                            </IKJoint>
                      </IKBone>
                    </IKBone>
                    <IKBone ParentFrame="BoneChassis_cdt" ModelFrame="SuspensionDnL1">
                      <IKJoint Type="Hinge" AxisLocal="(1; 0; 0)">

                      </IKJoint>
                      <IKBone AttachToFrame="BoneSuspensionRockerLeft_cdt" AttachOffset="(0; 0; 0)" ModelFrame="SuspensionDnL1_end">
                            <IKJoint Type="Slider" AxisLocal="(1; 0; 0)">

                            </IKJoint>
                      </IKBone>
                    </IKBone>
                    <IKBone ParentFrame="BoneWheelLeft_1" ModelFrame="AxleIkL">
                      <IKJoint Type="Hinge" AxisLocal="(0; 0; 1)">

                      </IKJoint>
                      <IKBone AttachToFrame="BoneSuspensionRockerLeft_cdt" AttachOffset="(0; 0; 0)" ModelFrame="AxleIkL_End">
                            <IKJoint Type="Slider" AxisLocal="(1; 0; 0)">

                            </IKJoint>
                      </IKBone>
                    </IKBone>
                    <IKBone ParentFrame="BoneWheelRight_1" ModelFrame="AxleIkR">
                      <IKJoint Type="Hinge" AxisLocal="(0; 0; 1)">

                      </IKJoint>
                      <IKBone AttachToFrame="BoneSuspensionRockerRight_cdt" AttachOffset="(0; 0; 0)" ModelFrame="AxleIkR_End">
                            <IKJoint Type="Slider" AxisLocal="(1; 0; 0)">

                            </IKJoint>
                      </IKBone>
                    </IKBone>
                    <IKBone ParentFrame="BoneChassis_cdt" ModelFrame="SuspensionUpL1">
                      <IKJoint Type="Hinge" AxisLocal="(0; 0; 1)">

                      </IKJoint>
                      <IKBone AttachToFrame="AxleIkL" AttachOffset="(0; 0; 0)" ModelFrame="SuspensionUpL1_end">
                            <IKJoint Type="Slider" AxisLocal="(1; 0; 0)">

                            </IKJoint>
                      </IKBone>
                    </IKBone>
                    <IKBone ParentFrame="BoneChassis_cdt" ModelFrame="SuspensionUpR1">
                      <IKJoint Type="Hinge" AxisLocal="(0; 0; 1)">

                      </IKJoint>
                      <IKBone AttachToFrame="AxleIkR" AttachOffset="(0; 0; 0)" ModelFrame="SuspensionUpR1_end">
                            <IKJoint Type="Slider" AxisLocal="(1; 0; 0)">

                            </IKJoint>
                      </IKBone>
                    </IKBone>
                    <IKBone ParentFrame="BoneChassis_cdt" ModelFrame="SuspensionDnL1">
                      <IKJoint Type="Hinge" AxisLocal="(0; 0; 1)">

                      </IKJoint>
                      <IKBone AttachToFrame="AxleIkL" AttachOffset="(0; 0; 0)" ModelFrame="SuspensionDnL1_end">
                            <IKJoint Type="Slider" AxisLocal="(1; 0; 0)">

                            </IKJoint>
                      </IKBone>
                    </IKBone>
                    <IKBone ParentFrame="BoneChassis_cdt" ModelFrame="SuspensionDnR1">
                      <IKJoint Type="Hinge" AxisLocal="(0; 0; 1)">

                      </IKJoint>
                      <IKBone AttachToFrame="AxleIkR" AttachOffset="(0; 0; 0)" ModelFrame="SuspensionDnR1_end">
                            <IKJoint Type="Slider" AxisLocal="(1; 0; 0)">

                            </IKJoint>
                      </IKBone>
                    </IKBone>
        </AutomaticIK>
        <HeadLight Pos="(5.052; 1.103; 0)" _template="Default">

        </HeadLight>
        <ModelAttachments>
                      <Ignition>
                            <Light Pos="(4.5; 1.057; -0.947)" _template="IgnitionSignalWhite" Color="g(255; 190; 100) x 0.4" ParentFrame="BoneCabin_cdt">

                            </Light>
                            <Light Pos="(4.5; 1.057; 0.947)" _template="IgnitionSignalWhite" Color="g(255; 190; 100) x 0.4" ParentFrame="BoneCabin_cdt">

                            </Light>
                            <Light Pos="(-4.712; 1.162; 0)" Color="g(102; 1; 1) x 4" _template="IgnitionSignalRed">

                            </Light>
                              <Flare Pos="(3.805; 2.866; 0.924)" _template="IgnitionSignalOrange" Color="g(255; 140; 0) x 0.35" Size="0.25">

                              </Flare>
                              <Flare Pos="(3.805; 2.866; -0.924)" _template="IgnitionSignalOrange" Color="g(255; 140; 0) x 0.35" Size="0.25">

                              </Flare>
                              <Flare Pos="(-4.588; 1.278; 0.667)" Dir="(-1; 0; 0)" _template="IgnitionSignalRed" Size="0.3">

                              </Flare>
                              <Flare Pos="(-4.588; 1.278; -0.667)" Dir="(-1; 0; 0)" _template="IgnitionSignalRed" Size="0.3">

                              </Flare>
                              <Flare Pos="(4.1; 1.757; 0.947)" Size="0.4" _template="IgnitionSignalWhite">

                              </Flare>
                              <Flare Pos="(4.1; 1.757; -0.947)" Size="0.4" _template="IgnitionSignalWhite">

                              </Flare>
                      </Ignition>
                      <HeadLight>
                              <Flare Pos="(4.1; 1.757; 0.947)" _template="HeadLight" Color="g(255; 235; 200) x 0.8" Size=".4">

                              </Flare>
                              <Flare Pos="(4.1; 1.757; -0.947)" _template="HeadLight" Color="g(255; 235; 200) x 0.8" Size=".4">

                              </Flare>
                              <Flare Pos="(4.1; 1.757; 0.947)" _template="BlueStreak">

                              </Flare>
                              <Flare Pos="(4.1; 1.757; -0.947)" _template="BlueStreak">

                              </Flare>
                                <Model Org="(4.1; 1.757; 0.947)" _template="HeadLightRay">

                                </Model>
                                <Model Org="(4.1; 1.757; -0.947)" _template="HeadLightRay">

                                </Model>
                      </HeadLight>
                      <StopSignals>
                              <Light Pos="(-4.712; 1.162; 0)" Color="g(102; 1; 1) x 4" _template="StopSignal">

                              </Light>
                                  <Flare Pos="(-4.588; 1.224; 0.667)" Size="0.3" _template="StopSignal">

                                  </Flare>
                                  <Flare Pos="(-4.588; 1.224; -0.667)" Size="0.3" _template="StopSignal">

                                  </Flare>
                      </StopSignals>
        </ModelAttachments>
        <TruckData SteerSpeed="0.016" EngineStartDelay="3.2" EngineIconMesh="env/engine_pacific_p16" TruckType="HEAVY" Responsiveness="0.2" BackSteerSpeed="0.01" TruckImage="zikz605rmchr" FuelCapacity="380" DiffLockType="Always" ExhaustStartTime="2.8" EngineIconScale="0.8">
                        <Driver Pos="(3.067; 1.801; 0.707)" AnimationSet="HeavyTruck" SteeringWheelPos="(3.451; 2.147; 0.703)">

                        </Driver>
                        <SoundsDamage _template="Heavy">

                        </SoundsDamage>
                        <Shakers>
                                  <Shaker MaxFrequency="0.2" Frame="BoneLever" MaxAngle="(0; 0; 0.6)">

                                  </Shaker>
                                  <Shaker MaxFrequency="0.1" Frame="BoneRadio" MaxAngle="(3; 0; 0)">

                                  </Shaker>
                                  <Shaker MaxFrequency="0.15" Frame="BoneHinch1" MaxAngle="(8; 0; 0)">

                                  </Shaker>
                                  <Shaker MaxFrequency="0.2" Frame="BoneHinch2" MaxAngle="(5; 0; 0)">

                                  </Shaker>
                        </Shakers>
                        <OcclusionMap HalfSizeZ="2.6" MinX="-5.5" MaxX="4.85">

                        </OcclusionMap>
                        <FuelTank DamageCapacity="100">

                        </FuelTank>
                                    <Intake Size="0.75" Dir="(0.475; 0; 0.88)" Origin="(2.205; 2.436; 1.183)">

                                    </Intake>
                                    <Intake Size="0.75" Dir="(0.475; 0; -0.88)" Origin="(2.205; 2.436; -1.183)">

                                    </Intake>
                        <EngineSocket Type="e_ru_special" Default="ru_special_engine_0">

                        </EngineSocket>
                        <SuspensionSocket Type="s_zikz_605r" MaxWheelRadiusWithoutSuspension="0.76" Default="zikz_605r_suspension_default">

                        </SuspensionSocket>
                        <Dashboard>
                                              <Gauge InputRange="(0;1)" Dir="(-0.83; 0.558; 0)" InputType="engineEnabled" Org="(3.815; 2.072; 0.864)" Damping="0.99" Mesh="trucks/arrows/zikz_605r_arrow_1" OutputAngles="(-62; 14)">

                                              </Gauge>
                                              <Gauge InputRange="(0;1)" Dir="(-0.83; 0.558; 0)" InputType="engineEnabled" Org="(3.815; 2.072; 0.773)" Damping="0.99" Mesh="trucks/arrows/zikz_605r_arrow_1" OutputAngles="(-65; -8)">

                                              </Gauge>
                                              <Gauge InputRange="(0;1)" Dir="(-0.83; 0.558; 0)" InputType="engineEnabled" Org="(3.77; 2.005; 0.818)" Damping="0.99" Mesh="trucks/arrows/zikz_605r_arrow_1" OutputAngles="(-65; 6)">

                                              </Gauge>
                                              <Gauge InputRange="(0;1)" Dir="(-0.83; 0.558; 0)" InputType="engineEnabled" Org="(3.815; 2.072; 0.583)" Damping="0.99" Mesh="trucks/arrows/zikz_605r_arrow_1" OutputAngles="(-63; 36)">

                                              </Gauge>
                                              <Gauge InputRange="(0;1)" Dir="(-0.83; 0.558; 0)" InputType="engineEnabled" Org="(3.815; 2.072; 0.491)" Damping="0.99" Mesh="trucks/arrows/zikz_605r_arrow_1" OutputAngles="(-51; -5)">

                                              </Gauge>
                                              <Gauge InputRange="(0;1)" Dir="(-0.83; 0.558; 0)" InputType="engineEnabled" Org="(3.815; 2.072; 0.344)" Damping="0.99" Mesh="trucks/arrows/zikz_605r_arrow_1" OutputAngles="(-65; 10)">

                                              </Gauge>
                                              <Gauge InputRange="(0;1)" Dir="(-0.83; 0.558; 0)" InputType="engineEnabled" Org="(3.815; 2.072; 0.244)" Damping="0.99" Mesh="trucks/arrows/zikz_605r_arrow_1" OutputAngles="(-62; -20)">

                                              </Gauge>
                                              <Gauge InputRange="(0;1)" Dir="(-0.83; 0.558; 0)" InputType="engineEnabled" Org="(3.815; 2.072; 0.144)" Damping="0.99" Mesh="trucks/arrows/zikz_605r_arrow_1" OutputAngles="(-63; 38)">

                                              </Gauge>
                                              <Gauge InputRange="(0;1)" Dir="(-0.83; 0.558; 0)" InputType="engineEnabled" Org="(3.772; 2.007; 0.302)" Damping="0.99" Mesh="trucks/arrows/zikz_605r_arrow_1" OutputAngles="(-65; -33)">

                                              </Gauge>
                                              <Gauge InputRange="(0;1)" Dir="(-0.83; 0.558; 0)" InputType="engineEnabled" Org="(3.772; 2.007; 0.187)" Damping="0.99" Mesh="trucks/arrows/zikz_605r_arrow_1" OutputAngles="(-65; 10)">

                                              </Gauge>
                                              <Gauge InputRange="(0;1)" Dir="(-0.83; 0.558; 0)" InputType="rpm" Org="(3.777; 2.012; 0.537)" Damping="0.99" Mesh="trucks/arrows/zikz_605r_arrows_2" OutputAngles="(-91; 165)">

                                              </Gauge>
                                              <Gauge InputType="speed" Dir="(-0.83; 0.558; 0)" Org="(3.807; 2.044; 0.678)" Mesh="trucks/arrows/zikz_605r_arrows_3" InputRange="(0;120)" OutputAngles="(-119; 136)">

                                              </Gauge>
                        </Dashboard>
                        <Axles>
                                                <Axle Frame="BoneAxleL1" IsIndependent="true">

                                                </Axle>
                                                <Axle Frame="BoneAxleR1" IsIndependent="true">

                                                </Axle>
                                                <Axle Frame="BoneAxleL2" IsIndependent="true">

                                                </Axle>
                                                <Axle Frame="BoneAxleR2" IsIndependent="true">

                                                </Axle>
                                                <Axle Frame="BoneWheelRight_1" IsIndependent="true">

                                                </Axle>
                                                <Axle Frame="BoneWheelRight_2" IsIndependent="true">

                                                </Axle>
                                                <Axle Frame="BoneWheelLeft_1" IsIndependent="true">

                                                </Axle>
                                                <Axle Frame="BoneWheelLeft_2" IsIndependent="true">

                                                </Axle>
                        </Axles>
                        <Camera Center="(-1.7; 0; 0)" ParentFrame="BoneChassis_cdt">
                                                <Cockpit WindshieldDiffuseTexture="trucks/zikz_605r_glass__d_a.tga" _template="Default" WindshieldShadingTexture="trucks/zikz_605r_glass__sh_d.tga" ViewPos="(3.004; 2.517; 0.71)">
                                                      <Mirror FOVScale="1.5" ClipDir="(-0.915; -0.008; -0.404)" MeshFrame="mirror_left" Pos="(3.507; 2.419; 1.397)" Size="(0.18; 0.38)" ReflectionDir="(-0.915; -0.008; -0.404)">

                                                      </Mirror>
                                                      <Mirror FOVScale="2.2" ClipDir="(-0.811; -0.019; 0.584)" MeshFrame="mirror_right" Pos="(3.509; 2.419; -1.388)" ReflectionDir="(-0.811; -0.019; 0.584)" Size="(0.18; 0.38)" ClipOffset="0.1">

                                                      </Mirror>
                                                </Cockpit>
                        </Camera>
                        <CompatibleWheels Type="wheels_zikz_605r_1" Scale="0.78">

                        </CompatibleWheels>
                        <LimitedFluid SizeX="0.932" Center="(-1.161; 1.101; -0.724)" Type="Box" SizeZ="0.192" SizeY="0.48">

                        </LimitedFluid>
                        <Sounds _template="Default" Origin="(-1.065; 2.04; 0)" MinDist="15.0" DisableReversePitch="true">
                                                      <Reverse Sound="">

                                                      </Reverse>
                                                      <EngineHeavy_2d IsSound2D="true" Sound="trucks/zikz_605r/zikz_605r_heavy_2d">

                                                      </EngineHeavy_2d>
                                                      <EngineLow Sound="trucks/zikz_605r/zikz_605r_low">

                                                      </EngineLow>
                                                      <EngineHigh Sound="trucks/zikz_605r/zikz_605r_high">

                                                      </EngineHigh>
                                                      <HandbrakeOff Sound="trucks/zikz_605r/zikz_605r_handbrake_off">

                                                      </HandbrakeOff>
                                                      <ChassisStress Sound="trucks/common/truck_stress_rnd_set/truck_stress_rnd">

                                                      </ChassisStress>
                                                      <EngineRev Sound="trucks/zikz_605r/zikz_605r_rev">

                                                      </EngineRev>
                                                      <AbruptStop Sound="trucks/common/truck_swing_big_rnd_set/truck_swing_big_rnd">

                                                      </AbruptStop>
                                                      <EngineHeavy Sound="trucks/zikz_605r/zikz_605r_heavy">

                                                      </EngineHeavy>
                                                      <EngineHigh_2d IsSound2D="true" Sound="trucks/zikz_605r/zikz_605r_high_2d">

                                                      </EngineHigh_2d>
                                                      <EngineLow_2d IsSound2D="true" Sound="trucks/zikz_605r/zikz_605r_low_2d">

                                                      </EngineLow_2d>
                                                      <EngineIdle_2d IsSound2D="true" Sound="trucks/zikz_605r/zikz_605r_idle_2d">

                                                      </EngineIdle_2d>
                                                      <EngineStart Sound="trucks/zikz_605r/zikz_605r_start">

                                                      </EngineStart>
                                                      <Handbrake Sound="trucks/zikz_605r/zikz_605r_handbrake_on">

                                                      </Handbrake>
                                                      <BrakeRelease Sound="trucks/zikz_605r/zikz_605r_brake_release">

                                                      </BrakeRelease>
                                                      <EngineIdle Sound="trucks/zikz_605r/zikz_605r_idle">

                                                      </EngineIdle>
                                                      <BrakesSqueal Sound="trucks/zikz_605r/zikz_605r_brakes_squeal">

                                                      </BrakesSqueal>
                                                      <EngineStop Sound="trucks/zikz_605r/zikz_605r_stop">

                                                      </EngineStop>
                                                      <EngineAccel Sound="trucks/zikz_605r/zikz_605r_acc">

                                                      </EngineAccel>
                                                      <Honk Sound="trucks/zikz_605r/zikz_605r_honk">

                                                      </Honk>
                        </Sounds>
                        <GearboxSocket Type="gearboxes_special" Default="g_special_default">

                        </GearboxSocket>
                                                        <Steam Origin="(-0.198; 1.683; 0)">

                                                        </Steam>
                                                        <Steam Origin="(1.465; 1.083; 0)" Scale="0.7">

                                                        </Steam>
                        <Wheels DefaultWheelType="wheels_zikz_605r_1" DefaultTire="mudtires_zikz605r_1" DefaultRim="rim_1">
                                                              <Wheel Pos="(2.338; 0.781; 1.23)" _template="FirstAxle">

                                                              </Wheel>
                                                              <Wheel RightSide="true" Pos="(2.338; 0.781; 1.23)" _template="FirstAxle">

                                                              </Wheel>
                                                              <Wheel Pos="(0.638; 0.781; 1.23)" _template="SecondAxle">

                                                              </Wheel>
                                                              <Wheel RightSide="true" Pos="(0.638; 0.781; 1.23)" _template="SecondAxle">

                                                              </Wheel>
                                                              <Wheel Pos="(-2.012; 0.781; 1.23)" ParentFrame="BoneSuspensionRockerLeft_cdt" _template="RearAxle">

                                                              </Wheel>
                                                              <Wheel Pos="(-2.012; 0.781; 1.23)" _template="RearAxle" RightSide="true" ParentFrame="BoneSuspensionRockerRight_cdt">

                                                              </Wheel>
                                                              <Wheel Pos="(-3.712; 0.781; 1.23)" ParentFrame="BoneSuspensionRockerLeft_cdt" _template="RearAxle">

                                                              </Wheel>
                                                              <Wheel Pos="(-3.712; 0.781; 1.23)" _template="RearAxle" RightSide="true" ParentFrame="BoneSuspensionRockerRight_cdt">

                                                              </Wheel>
                        </Wheels>
                        <WinchUpgradeSocket Type="winches_heavy_trucks" Default="w_heavy_trucks_default" IsUpgradable="true">

                        </WinchUpgradeSocket>
                                                              <SteeringRack Frame="BoneRack1" RackHalfSizeZ="0.895" FrameSteerLeft="BoneRackL1" FrameSteerRight="BoneRackR1">

                                                              </SteeringRack>
                                                              <SteeringRack Frame="BoneRack2" RackHalfSizeZ="0.895" FrameSteerLeft="BoneRackL2" FrameSteerRight="BoneRackR2">

                                                              </SteeringRack>
                        <SteeringWheel Frame="BoneSteering">

                        </SteeringWheel>
                        <SoundsWheels _template="Default">

                        </SoundsWheels>
                        <Damage>
                                                                        <DamageArea Type="Engine" Max="(4; 2.100; 0.6)" Min="(0.122; 1.1; -0.6)">

                                                                        </DamageArea>
                                                                        <DamageArea Type="FuelTank" Max="(-0.6; 1.351; 0.822)" Min="(-1.631; 0.55; -0.822)">

                                                                        </DamageArea>
                        </Damage>
                        <Shafts>
                                                                          <Shaft SocketPointA="Shaft1a" SocketPointB="Shaft1b">

                                                                          </Shaft>
                                                                          <Shaft SocketPointA="Shaft2a" SocketPointB="Shaft2b">

                                                                          </Shaft>
                                                                          <Shaft SocketPointA="Shaft3a" SocketPointB="Shaft3b">

                                                                          </Shaft>
                        </Shafts>
        </TruckData>
  </Truck>