  <Truck>
      <ControlledConstraints>
          <Constraint Name="TieRodSteer" IsLinkedSteering="true" Id="chassis_steer">

          </Constraint>
      </ControlledConstraints>
      <PhysicsModel Mesh="trucks/cat_770g">
            <NetSync Legacy="false">

            </NetSync>
            <Body ModelFrame="BoneChassis_cdt" ImpactType="Truck" Mass="12750" NetSync="pv" CenterOfMassOffset="(-1.5; 0; 0)">
                  <Body ModelFrame="BoneCabin_cdt" ImpactType="Truck" Mass="12250" NetSync="pv" CenterOfMassOffset="(-0.5; -0.8; 0)">
                      <Constraint Type="Fixed">

                      </Constraint>
                          <Body ModelFrame="BoneTieRod_cdt" _template="TieRod">
                            <Constraint AxisLocal="(0; -1; 0)" MaxLimit="35" Name="TieRodSteer" MinLimit="-35">

                            </Constraint>
                          </Body>
                          <Body Mass="10" ImpactType="Truck" ModelFrame="BoneMirrorFrontL_cdt">
                            <Constraint Cone="1" PlaneMin="-1" Type="Ragdoll" TwistAxisLocal="(0; 1; 0)" PlaneMax="1" PlaneAxisLocal="(1; 0; 1)">
                                <AllMotor Type="Spring" Spring="5500" Damping="10">

                                </AllMotor>
                            </Constraint>
                          </Body>
                          <Body Mass="10" ImpactType="Truck" ModelFrame="BoneMirrorFrontR_cdt">
                            <Constraint Cone="2" PlaneMin="-1" Type="Ragdoll" TwistAxisLocal="(0; 1; 0)" PlaneMax="1" PlaneAxisLocal="(1; 0; 1)">
                                <AllMotor Type="Spring" Spring="5500" Damping="1">

                                </AllMotor>
                            </Constraint>
                          </Body>
                          <Body Mass="3" ImpactType="Truck" ModelFrame="BoneAntenna_cdt">
                            <Constraint Cone="90" PlaneMin="-1" Type="Ragdoll" TwistAxisLocal="(0; 1; 0)" PlaneMax="20" PlaneAxisLocal="(0; 0; 1)">
                                <AllMotor Type="Spring" Spring="50" Damping="1">

                                </AllMotor>
                            </Constraint>
                          </Body>
                          <Body ModelFrame="BoneMudguardL_cdt" _template="Mudguard">
                            <Constraint AxisLocal="(0; 0; 1)" MaxLimit="1" MinLimit="-3">

                            </Constraint>
                          </Body>
                          <Body ModelFrame="BoneMudguardR_cdt" _template="Mudguard">
                            <Constraint AxisLocal="(0; 0; 1)" MaxLimit="2" MinLimit="-10">

                            </Constraint>
                          </Body>
                          <Body Mass="30" Collisions="None" ModelFrame="BoneMudguardL2_cdt">
                            <Constraint AxisLocal="(1; 0; 0)" MaxLimit="10" MinLimit="-10" Type="Hinge">
                                <Motor Type="Spring" Spring="100" Damping="1">

                                </Motor>
                            </Constraint>
                          </Body>
                          <Body Mass="30" Collisions="None" ModelFrame="BoneMudguardR2_cdt">
                            <Constraint AxisLocal="(1; 0; 0)" MaxLimit="10" MinLimit="-10" Type="Hinge">
                                <Motor Type="Spring" Spring="200" Damping="1">

                                </Motor>
                            </Constraint>
                          </Body>
                          <Body Mass="20" Collisions="None" ModelFrame="BoneMudguardL3_cdt">
                            <Constraint AxisLocal="(1; 0; 0)" MaxLimit="30" MinLimit="-30" Type="Hinge">
                                <Motor Type="Spring" Spring="200" Damping="5">

                                </Motor>
                            </Constraint>
                          </Body>
                          <Body Mass="20" Collisions="None" ModelFrame="BoneMudguardL4_cdt">
                            <Constraint AxisLocal="(0; 1; 0)" MaxLimit="30" MinLimit="-30" Type="Hinge">
                                <Motor Type="Spring" Spring="100" Damping="2">

                                </Motor>
                            </Constraint>
                          </Body>
                          <Body Mass="20" Collisions="None" ModelFrame="BoneMudguardR3_cdt">
                            <Constraint AxisLocal="(1; 0; 0)" MaxLimit="30" MinLimit="-30" Type="Hinge">
                                <Motor Type="Spring" Spring="200" Damping="5">

                                </Motor>
                            </Constraint>
                          </Body>
                          <Body Mass="20" Collisions="None" ModelFrame="BoneMudguardR4_cdt">
                            <Constraint AxisLocal="(0; 1; 0)" MaxLimit="30" MinLimit="-30" Type="Hinge">
                                <Motor Type="Spring" Spring="100" Damping="2">

                                </Motor>
                            </Constraint>
                          </Body>
                          <Body Mass="30" ModelFrame="BoneChock1_cdt">
                            <Constraint AxisLocal="(0; 0; 1)" MaxLimit="50" MinLimit="-6" Type="Hinge">
                                <Motor Type="Spring" Spring="300" Damping="5">

                                </Motor>
                            </Constraint>
                          </Body>
                          <Body Mass="20" ModelFrame="BoneChock2_cdt">
                            <Constraint AxisLocal="(0; 0; 1)" MaxLimit="50" MinLimit="-6" Type="Hinge">
                                <Motor Type="Spring" Spring="200" Damping="15">

                                </Motor>
                            </Constraint>
                          </Body>
                          <Body Mass="5" Collisions="None" ModelFrame="BoneLock_cdt">
                            <Constraint AxisLocal="(1; 0; 0)" MaxLimit="10" MinLimit="-140" Type="Hinge">
                                <Motor Type="Spring" Spring="1" Damping=".01">

                                </Motor>
                            </Constraint>
                          </Body>
                          <Body Mass="15" Collisions="None" ModelFrame="BoneMirrorL_cdt">
                            <Constraint AxisLocal="(0; 1; 0)" MaxLimit="2" MinLimit="-2" Type="Hinge">
                                <Motor Type="Spring" Spring="1000" Damping="1">

                                </Motor>
                            </Constraint>
                          </Body>
                          <Body Mass="15" Collisions="None" ModelFrame="BoneMirrorR_cdt">
                            <Constraint AxisLocal="(0; 1; 0)" MaxLimit="2" MinLimit="-2" Type="Hinge">
                                <Motor Type="Spring" Spring="1000" Damping="1">

                                </Motor>
                            </Constraint>
                          </Body>
                  </Body>
            </Body>
      </PhysicsModel>
      <TruckData BackSteerSpeed="0.015" DiffLockType="Always" EngineIconScale="1.7" TruckType="HEAVY" FuelCapacity="530" EngineStartDelay="0.6" SteerSpeed="0.017" ExhaustStartTime="0.6" Responsiveness="0.05" TruckImage="cat770gmchr" EngineIconMesh="env/engine_default">
                <Steam Origin="(2.3; 1.8; 0)">

                </Steam>
                <Steam Origin="(0.4; 1.75; 0)">

                </Steam>
              <Intake Size="1.2" Dir="(1; 0; 0)" Origin="(3.632; 1.845; 0)">

              </Intake>
              <GearboxSocket Default="g_special_default" Type="gearboxes_special">

              </GearboxSocket>
              <Wheels DefaultRim="rim_1" DefaultWheelType="wheels_superheavy_cat770g_double" DefaultTire="mudtires_1">
                          <Wheel Pos="(1.556; 0.952; 1.5)" _template="Front">

                          </Wheel>
                          <Wheel Pos="(1.556; 0.952; 1.5)" _template="Front" RightSide="true">

                          </Wheel>
                          <Wheel Pos="(-2.287; 0.952; 1.307)" _template="Rear">

                          </Wheel>
                          <Wheel Pos="(-2.287; 0.952; 1.307)" _template="Rear" RightSide="true">

                          </Wheel>
              </Wheels>
              <WinchUpgradeSocket Default="w_heavy_trucks_default" Type="winches_heavy_trucks" IsUpgradable="true">

              </WinchUpgradeSocket>
              <SteeringWheel Frame="BoneSteering">

              </SteeringWheel>
              <Damage>
                                <DamageArea Max="(3.7; 2.9; 0.9)" ParentFrame="BoneCabin_cdt" Min="(2.6; 0.9; -0.9)" Type="Engine">

                                </DamageArea>
                                <DamageArea Max="(0.4; 1.75; 1.3)" ParentFrame="BoneChassis_cdt" Min="(-1.15; 0.65; -1.45)" Type="FuelTank">

                                </DamageArea>
              </Damage>
              <LimitedFluid Center="(-0.414; 1.24; 0.935)" Type="Box" SizeX="0.878" SizeZ="0.675" SizeY="0.743">

              </LimitedFluid>
              <EngineSocket Default="us_special_engine_0" Type="e_us_special">

              </EngineSocket>
              <SoundsDamage _template="Heavy">

              </SoundsDamage>
              <Camera Center="(-1.5; 0; 0)" RadiusMultiplier="1.1">
                                      <Cockpit WindshieldShadingTexture="trucks/cat_770g_glass__sh_d.tga" WindshieldDiffuseTexture="trucks/cat_770g_glass__d_a.tga" ViewPos="(1.7; 3.381; -0.041)" _template="Default">
                                            <Mirror Pos="(2.147; 3.194; 2.189)" MeshFrame="mirror_left" FOVScale="2.5" Size="(0.45; 0.6)" ReflectionDir="(-0.821; 0.059; -0.567)" ClipDir="(-0.867; 0; -0.498)" ClipOffset="0.5">

                                            </Mirror>
                                            <Mirror Pos="(3.886; 3.002; 1.37)" MeshFrame="mirror_left_front" FOVScale="10" Size="(0.4; 0.2)" ReflectionDir="(-0.728; -0.489; -0.481)" ClipDir="(-0.728; -0.489; -0.481)" CurveAngle="15">

                                            </Mirror>
                                            <Mirror Pos="(2.147; 3.194; -2.189)" MeshFrame="mirror_right" FOVScale="2.5" Size="(0.45; 0.6)" ReflectionDir="(-0.835; 0.06; 0.547)" ClipDir="(-0.867; 0; 0.498)" ClipOffset="0.5">

                                            </Mirror>
                                            <Mirror Pos="(3.881; 3.011; -1.378)" MeshFrame="mirror_right_front" FOVScale="10" Size="(0.4; 0.2)" ReflectionDir="(-0.723; -0.519; 0.456)" ClipDir="(-0.723; -0.519; 0.456)" CurveAngle="15">

                                            </Mirror>
                                          <Rear _inheritRemove="true">

                                          </Rear>
                                      </Cockpit>
              </Camera>
              <Shafts>
                                        <Shaft SocketPointA="Shaft1a" SocketPointB="Shaft1b">

                                        </Shaft>
              </Shafts>
              <FuelTank DamageCapacity="100">

              </FuelTank>
              <Axles>
                                              <Axle Frame="BoneAxleL1" IsIndependent="true">

                                              </Axle>
                                              <Axle Frame="BoneAxleR1" IsIndependent="true">

                                              </Axle>
                                              <Axle Frame="BoneAxle2">

                                              </Axle>
              </Axles>
              <SoundsWheels _template="Default">

              </SoundsWheels>
              <SuspensionSocket Default="cat_770g_suspension_default" MaxWheelRadiusWithoutSuspension="1" Type="s_cat_770g">

              </SuspensionSocket>
              <CompatibleWheels Scale="0.94" Type="wheels_superheavy_cat770g_double">

              </CompatibleWheels>
              <Dashboard>
                                                      <Gauge Mesh="trucks/arrows/cat_770g_arrow_01" Org="(2.513; 3.033; -0.059)" OutputAngles="(-110; 110)" InputType="rpm" Dir="(-0.966; 0.255; -0.039)" InputRange="(0;1)" Damping="0.99">

                                                      </Gauge>
                                                      <Gauge Mesh="trucks/arrows/cat_770g_arrow_03" Org="(2.521; 3.06; -0.11)" OutputAngles="(121; 59)" InputType="fuel" Dir="(-0.966; 0.255; -0.039)" InputRange="(0;1)" Damping="0.99">

                                                      </Gauge>
                                                      <Gauge Mesh="trucks/arrows/cat_770g_arrow_02" Org="(2.507; 3.023; 0.023)" OutputAngles="(-45; -5)" InputType="engineEnabled" Dir="(-0.966; 0.255; -0.039)" InputRange="(0;1)" Damping="0.99">

                                                      </Gauge>
                                                      <Gauge Mesh="trucks/arrows/cat_770g_arrow_02" Org="(2.513; 3.022; -0.141)" OutputAngles="(-45; 5)" InputType="engineEnabled" Dir="(-0.966; 0.255; -0.039)" InputRange="(0;1)" Damping="0.99">

                                                      </Gauge>
                                                      <Gauge Mesh="trucks/arrows/cat_770g_arrow_02" Org="(2.514; 3.049; -0.001)" OutputAngles="(-46; -10)" InputType="engineEnabled" Dir="(-0.966; 0.255; -0.039)" InputRange="(0;1)" Damping="0.99">

                                                      </Gauge>
                                                      <Gauge Mesh="trucks/arrows/cat_770g_arrow_03" Org="(2.522; 3.06; -0.141)" OutputAngles="(119; 90)" InputType="engineEnabled" Dir="(-0.966; 0.255; -0.039)" InputRange="(0;1)" Damping="0.99">

                                                      </Gauge>
              </Dashboard>
              <Sounds _template="Default" DisableReversePitch="true" Origin="(2.3; 1.8; 0)" MinDist="15.0">
                                                      <EngineHigh Sound="trucks/cat_770g/cat_770g_high">

                                                      </EngineHigh>
                                                      <ChassisStress Sound="trucks/common/truck_stress_rnd_set/truck_stress_rnd">

                                                      </ChassisStress>
                                                      <HandbrakeOff Sound="trucks/cat_770g/cat_770g_handbrake_off">

                                                      </HandbrakeOff>
                                                      <Honk Sound="trucks/cat_770g/cat_770g_honk">

                                                      </Honk>
                                                      <AbruptStop Sound="trucks/common/truck_swing_big_old_rnd_set/truck_swing_big_old_rnd">

                                                      </AbruptStop>
                                                      <EngineTrans Sound="trucks/cat_770g/cat_770g_turbo">

                                                      </EngineTrans>
                                                      <EngineHeavy_2d IsSound2D="true" Sound="trucks/cat_770g/cat_770g_heavy_2d">

                                                      </EngineHeavy_2d>
                                                                      <Reverse _inheritRemove="true">

                                                                      </Reverse>
                                                                      <Reverse Sound="trucks/cat_770g/cat_770g_back_beeper">

                                                                      </Reverse>
                                                      <EngineHeavy Sound="trucks/cat_770g/cat_770g_heavy">

                                                      </EngineHeavy>
                                                      <EngineStart Sound="trucks/cat_770g/cat_770g_start">

                                                      </EngineStart>
                                                      <EngineLow_2d IsSound2D="true" Sound="trucks/cat_770g/cat_770g_low_2d">

                                                      </EngineLow_2d>
                                                      <EngineHigh_2d IsSound2D="true" Sound="trucks/cat_770g/cat_770g_high_2d">

                                                      </EngineHigh_2d>
                                                      <EngineLow Sound="trucks/cat_770g/cat_770g_low">

                                                      </EngineLow>
                                                      <EngineIdle_2d IsSound2D="true" Sound="trucks/cat_770g/cat_770g_idle_2d">

                                                      </EngineIdle_2d>
                                                      <EngineStop Sound="trucks/cat_770g/cat_770g_stop">

                                                      </EngineStop>
                                                      <EngineIdle Sound="trucks/cat_770g/cat_770g_idle">

                                                      </EngineIdle>
                                                      <BrakeRelease Sound="trucks/cat_770g/cat_770g_brake_release">

                                                      </BrakeRelease>
                                                      <BrakesSqueal Sound="trucks/cat_770g/cat_770g_brakes_squeal">

                                                      </BrakesSqueal>
                                                      <EngineRev Sound="trucks/cat_770g/cat_770g_rev">

                                                      </EngineRev>
                                                      <EngineAccel Sound="trucks/cat_770g/cat_770g_acc">

                                                      </EngineAccel>
                                                      <Handbrake Sound="trucks/cat_770g/cat_770g_handbrake_on">

                                                      </Handbrake>
              </Sounds>
              <Driver Pos="(1.792; 2.714; -0.041)" SteeringWheelPos="(2.174; 3.042; -0.048)">

              </Driver>
              <Exhaust Speed="3.00" IsLight="true" Dir="(0; 0.275; -0.961)" Origin="(0.551; 2.427; -1.8)">

              </Exhaust>
              <SteeringRack FrameSteerRight="BoneRackR" Frame="BoneRack" FrameSteerLeft="BoneRackL" RackHalfSizeZ="1.05">

              </SteeringRack>
              <OcclusionMap MaxX="4.5" HalfSizeZ="2.7" MinX="-4">

              </OcclusionMap>
      </TruckData>
      <ModelAttachments>
                <StopSignals>
                    <Light Pos="(-3.269; 1.274; 0)" _template="StopSignal" Dir="(-0.707; -0.707; 0)">

                    </Light>
                        <Flare Size="0.4" _template="StopSignal" Pos="(-2.623; 1.631; -0.239)">

                        </Flare>
                        <Flare Size="0.4" _template="StopSignal" Pos="(-2.623; 1.631; 0.239)">

                        </Flare>
                </StopSignals>
                <Ignition>
                        <Light Pos="(3.488; 2.527; -0.525)" _template="IgnitionSignalWhite" ParentFrame="BoneCabin_cdt">

                        </Light>
                        <Light Pos="(3.488; 2.527; 0.525)" _template="IgnitionSignalWhite" ParentFrame="BoneCabin_cdt">

                        </Light>
                        <Light Pos="(-3.269; 1.087; 0)" _template="IgnitionSignalRed" Dir="(-0.707; -0.707; 0)">

                        </Light>
                          <Flare Size="0.2" Pos="(3.488; 2.527; -0.525)" Color="g(255; 235; 205) x 0.3" _template="IgnitionSignalWhite">

                          </Flare>
                          <Flare Size="0.2" Pos="(3.488; 2.527; 0.525)" Color="g(255; 235; 205) x 0.3" _template="IgnitionSignalWhite">

                          </Flare>
                          <Flare Size="0.2" Pos="(3.488; 2.527; -0.387)" Color="g(255; 235; 205) x 0.3" _template="IgnitionSignalWhite">

                          </Flare>
                          <Flare Size="0.2" Pos="(3.488; 2.527; 0.387)" Color="g(255; 235; 205) x 0.3" _template="IgnitionSignalWhite">

                          </Flare>
                          <Flare Size="0.25" Pos="(-2.621; 1.63; -0.238)" _template="IgnitionSignalRed" AspectRatio="1.3">

                          </Flare>
                          <Flare Size="0.25" Pos="(-2.621; 1.63; 0.238)" _template="IgnitionSignalRed" AspectRatio="1.3">

                          </Flare>
                </Ignition>
                <HeadLight>
                          <Model _template="HeadLightRay" Org="(3.488; 2.527; -0.525)">

                          </Model>
                          <Model _template="HeadLightRay" Org="(3.488; 2.527; 0.525)">

                          </Model>
                            <Flare Size="0.2" Pos="(3.488; 2.527; -0.525)" Color="g(255; 235; 205) x 0.6" _template="HeadLight">

                            </Flare>
                            <Flare Size="0.2" Pos="(3.488; 2.527; 0.525)" Color="g(255; 235; 205) x 0.6" _template="HeadLight">

                            </Flare>
                            <Flare Size="0.2" Pos="(3.488; 2.527; -0.387)" Color="g(255; 235; 205) x 0.6" _template="HeadLight">

                            </Flare>
                            <Flare Size="0.2" Pos="(3.488; 2.527; 0.387)" Color="g(255; 235; 205) x 0.6" _template="HeadLight">

                            </Flare>
                            <Flare Pos="(3.523; 2.445; -0.649)" _template="BlueStreak">

                            </Flare>
                            <Flare Pos="(3.523; 2.445; 0.649)" _template="BlueStreak">

                            </Flare>
                </HeadLight>
                <ReverseSignals>
                            <Light Pos="(-3; 1; 0)" Dir="(-0.707; -0.707; 0)" Color="g(235; 220; 205) x 1.5" _template="ReverseSignal">

                            </Light>
                            <Light Pos="(-0.4; 2.176; -1.657)" OuterCone="90" InnerCone="70" Dir="(0; -1; 0)" Color="g(235; 220; 205) x 1.5" _template="ReverseSignal">

                            </Light>
                            <Light Pos="(-0.4; 2.176; 1.657)" OuterCone="90" InnerCone="70" Dir="(0; -1; 0)" Color="g(235; 220; 205) x 1.5" _template="ReverseSignal">

                            </Light>
                              <Flare Size="0.3" Pos="(-2.747; 1.365; -0.201)" Color="g(235; 220; 205) x 0.65" _template="ReverseSignal">

                              </Flare>
                              <Flare Size="0.3" Pos="(-2.747; 1.365; 0.201)" Color="g(235; 220; 205) x 0.65" _template="ReverseSignal">

                              </Flare>
                              <Flare Size="0.1" Pos="(0.826; 2.204; -1.657)" Color="g(235; 220; 205) x 0.6" _template="ReverseSignal">

                              </Flare>
                              <Flare Size="0.1" Pos="(0.826; 2.15; -1.657)" Color="g(235; 220; 205) x 0.6" _template="ReverseSignal">

                              </Flare>
                              <Flare Size="0.1" Pos="(0.826; 2.204; 1.657)" Color="g(235; 220; 205) x 0.6" _template="ReverseSignal">

                              </Flare>
                              <Flare Size="0.1" Pos="(0.826; 2.15; 1.657)" Color="g(235; 220; 205) x 0.6" _template="ReverseSignal">

                              </Flare>
                              <Flare Pos="(-2.573; 1.53; -0.223)" Size="0.4" Dir="(-1; 0; 0)" Color="g(220; 220; 255) x 0.05" _template="BlueStreak">

                              </Flare>
                              <Flare Pos="(-2.573; 1.53; 0.223)" Size="0.4" Dir="(-1; 0; 0)" Color="g(220; 220; 255) x 0.05" _template="BlueStreak">

                              </Flare>
                </ReverseSignals>
      </ModelAttachments>
      <HeadLight AttenStart="1" Pos="(3.874; 2.305; 0)" OuterCone="130" InnerCone="0" Dir="(1; -0.2; 0)" Color="g(255; 212; 154) x 8.5" AttenEnd="40">

      </HeadLight>
      <GameData Price="143500" Country="US" UnlockByExploration="true" UnlockByRank="1">
                      <CraneSocket Pos="(3.66; 0.869; -0.908)">

                      </CraneSocket>
                      <CraneSocket Pos="(3.66; 0.869; 0.908)">

                      </CraneSocket>
                      <CraneSocket Pos="(0.173; 1.63; -0.532)">

                      </CraneSocket>
                      <CraneSocket Pos="(0.173; 1.63; 0.532)">

                      </CraneSocket>
                      <CraneSocket Pos="(-2.594; 1.57; 0)">

                      </CraneSocket>
                    <UiDesc UiIcon30x30="heavyVehicleImg30" UiName="UI_VEHICLE_CAT_770G_NAME" UiIcon328x458="shopImgCat770g" UiIconLogo="CatterpillarLogo80" UiDesc="UI_VEHICLE_CAT_770G_DESC" UiIcon40x40="heavyVehicleImg">

                    </UiDesc>
                          <AddonSockets>
                              <Socket Offset="(0; 0; 0)" Names="Cat770gSaddle">

                              </Socket>
                              <Socket Offset="(0; 0; 0)" NamesBlock="SemitrailerCat770g" Names="Cat770gTank">

                              </Socket>
                          </AddonSockets>
                          <AddonSockets>
                            <Socket ParentFrame="BoneChassis_cdt" Offset="(-1.493; 2.04; 0)" Names="SemitrailerCat770g">

                            </Socket>
                          </AddonSockets>
                          <AddonSockets>
                            <Socket Offset="(2.333; 2.815; -0.626)" ParentFrame="BoneCabin_cdt" Names="StuffDashboard" InCockpit="true">

                            </Socket>
                          </AddonSockets>
                          <AddonSockets>
                            <Socket ParentFrame="BoneCabin_cdt" Names="cat770GSticker_1x1_01" InCockpit="true">

                            </Socket>
                          </AddonSockets>
                          <AddonSockets>
                            <Socket ParentFrame="BoneCabin_cdt" Names="cat770GSticker_1x1_02" InCockpit="true">

                            </Socket>
                          </AddonSockets>
                          <AddonSockets>
                            <Socket ParentFrame="BoneCabin_cdt" Names="cat770GSticker_1x1_03" InCockpit="true">

                            </Socket>
                          </AddonSockets>
                          <AddonSockets>
                            <Socket ParentFrame="BoneCabin_cdt" Names="cat770GSticker_1x2_01" InCockpit="true">

                            </Socket>
                          </AddonSockets>
                          <AddonSockets>
                            <Socket ParentFrame="BoneCabin_cdt" Names="cat770GSticker_1x2_02" InCockpit="true">

                            </Socket>
                          </AddonSockets>
                          <AddonSockets>
                            <Socket ParentFrame="BoneCabin_cdt" Names="cat770GSticker_1x4_01" InCockpit="true">

                            </Socket>
                          </AddonSockets>
                          <AddonSockets>
                            <Socket ParentFrame="BoneCabin_cdt" Names="cat770GSticker_GlassTop" InCockpit="true">

                            </Socket>
                          </AddonSockets>
                          <AddonSockets>
                            <Socket ParentFrame="BoneCabin_cdt" Names="cat770GSticker_GlassBottom" InCockpit="true">

                            </Socket>
                          </AddonSockets>
                          <AddonSockets>
                            <Socket ParentFrame="BoneCabin_cdt" Names="cat770GSticker_Door_R">

                            </Socket>
                          </AddonSockets>
                          <AddonSockets>
                            <Socket ParentFrame="BoneCabin_cdt" Names="cat770GSticker_Roof">

                            </Socket>
                          </AddonSockets>
                          <AddonSockets>
                            <Socket ParentFrame="BoneCabin_cdt" Names="cat770GSticker_Capote">

                            </Socket>
                          </AddonSockets>
                          <AddonSockets>
                            <Socket Offset="(2.147; 3.723; -0.248)" ParentFrame="BoneCabin_cdt" Names="StuffAirfreshener" InCockpit="true">

                            </Socket>
                          </AddonSockets>
                          <AddonSockets>
                            <Socket ParentFrame="BoneCabin_cdt" Names="StuffCurtainCat770g" InCockpit="true">

                            </Socket>
                          </AddonSockets>
                    <CustomizationCameras>
                                <CameraPos Interior="true" Position="(7.6563;7.7975;-0.0651)" InterestPosition="(4.4457;1.7962;-0.5581)" Name="roof_sticker" FOV="32.0">

                                </CameraPos>
                                <CameraPos Interior="true" Position="(5.4516;3.3453;-0.7229)" InterestPosition="(3.99;2.2247;2.5343)" Name="sticker_1" FOV="32.0">

                                </CameraPos>
                                <CameraPos MaxZoom="2" MaxYRotation="360" Position="(-7.113; 4.445; 8.243)" Name="addon_1" InterestPosition="(1.814; 1.692; 0)" MaxXRotation="360" FOV="32.0">

                                </CameraPos>
                                <CameraPos MaxZoom="2" MaxYRotation="360" Position="(-8.0926;2.3374;-6.7182)" Name="addon_2" InterestPosition="(3.1938;1.8074;0.0)" MaxXRotation="360" FOV="32.0">

                                </CameraPos>
                                <CameraPos Interior="true" Position="(4.5874;3.6803;0.0727)" InterestPosition="(7.345;3.0025;1.4987)" Name="mirror_mount" FOV="32.0">

                                </CameraPos>
                                <CameraPos MaxZoom="2" MaxYRotation="360" Position="(-0.2259;4.9691;-4.5076)" Name="side_r" InterestPosition="(4.7642;1.9696;-0.0)" MaxXRotation="360" FOV="32.0">

                                </CameraPos>
                                <CameraPos Interior="true" Position="(4.694;3.55;-0.1004)" InterestPosition="(7.2766;1.7382;-0.7342)" Name="sticker" FOV="32.0">

                                </CameraPos>
                                <CameraPos Interior="true" Position="(4.0326;3.7016;3.9699)" InterestPosition="(6.3883;2.2248;0.5097)" Name="door_r_sticker" FOV="32.0">

                                </CameraPos>
                                <CameraPos MaxZoom="2" MaxYRotation="360" Position="(10.7871;4.8062;-3.7174)" Name="roof" InterestPosition="(4.7579;2.3584;-0.0)" MaxXRotation="360" FOV="32.0">

                                </CameraPos>
                                <CameraPos Interior="true" Position="(9.0422;5.5084;-0.4206)" InterestPosition="(6.071;1.8092;-0.6331)" Name="capote_sticker" FOV="32.0">

                                </CameraPos>
                                <CameraPos MaxZoom="2" MaxYRotation="360" Position="(13.57;1.44;-3.425)" Name="hoods" InterestPosition="(5.997;1.735;0.0)" MaxXRotation="360" FOV="32.0">

                                </CameraPos>
                                <CameraPos MaxZoom="2" MaxYRotation="360" Position="(11.866;5.284;-4.55)" Name="side_l" InterestPosition="(6.27;2.278;0.0)" MaxXRotation="360" FOV="32.0">

                                </CameraPos>
                                <CameraPos Interior="true" Position="(4.7774;3.8079;-0.2615)" InterestPosition="(7.4574;0.2866;3.293)" Name="bubble_head" FOV="32.0">

                                </CameraPos>
                                <CameraPos MaxZoom="2" MaxYRotation="360" Position="(5.9393;2.2174;-6.2555)" Name="wheels" InterestPosition="(3.2365;1.1327;-0.0)" MaxXRotation="360" FOV="32.0">

                                </CameraPos>
                                <CameraPos MaxZoom="2" MaxYRotation="360" Position="(13.6412;1.3843;-4.5364)" Name="default" InterestPosition="(5.1967;1.735;-0.0)" MaxXRotation="360" FOV="32.0">

                                </CameraPos>
                                <CameraPos MaxZoom="2" MaxYRotation="360" Position="(-5.7668;1.8049;2.8989)" Name="rear" InterestPosition="(0.4787;0.9924;-0.0)" MaxXRotation="360" FOV="32.0">

                                </CameraPos>
                                <CameraPos Interior="true" Position="(9.0056;4.7772;0.6588)" InterestPosition="(3.8767;2.6219;-1.0871)" Name="glass_sticker" FOV="32.0">

                                </CameraPos>
                                <CameraPos Interior="true" Position="(4.5874;3.6803;0.0727)" InterestPosition="(7.345;3.0025;1.4987)" Name="curtain" FOV="32.0">

                                </CameraPos>
                    </CustomizationCameras>
                              <WinchSocket Pos="(3.66; 0.869; -0.908)">

                              </WinchSocket>
                              <WinchSocket Pos="(3.66; 0.869; 0.908)">

                              </WinchSocket>
                              <WinchSocket Pos="(0.173; 1.63; -0.532)">

                              </WinchSocket>
                              <WinchSocket Pos="(0.173; 1.63; 0.532)">

                              </WinchSocket>
                              <WinchSocket Pos="(-2.594; 1.57; 0)">

                              </WinchSocket>
      </GameData>
      <Landmark MaxScale="3.8" MinScale="1.8" Mesh="landmarks/cat_770g_lmk">

      </Landmark>
      <Snorkel Origin="(2.335; 2.76; -1.632)">

      </Snorkel>
      <AutomaticIK>
                            <IKBone ModelFrame="BonePistonLBase2" ParentFrame="BoneTieRod_cdt">
                              <IKJoint AxisLocal="(1; 0; 0)" Type="Hinge2">

                              </IKJoint>
                              <IKBone AttachOffset="(0; 0; 0)" ModelFrame="BonePistonL2" AttachToFrame="BoneRackL">
                                    <IKJoint AxisLocal="(1; 0; 0)" Type="Slider">

                                    </IKJoint>
                              </IKBone>
                            </IKBone>
                            <IKBone ModelFrame="BonePistonRBase2" ParentFrame="BoneTieRod_cdt">
                              <IKJoint AxisLocal="(1; 0; 0)" Type="Hinge2">

                              </IKJoint>
                              <IKBone AttachOffset="(0; 0; 0)" ModelFrame="BonePistonR2" AttachToFrame="BoneRackR">
                                    <IKJoint AxisLocal="(1; 0; 0)" Type="Slider">

                                    </IKJoint>
                              </IKBone>
                            </IKBone>
                            <IKBone ModelFrame="BonePistonLBase" ParentFrame="BoneCabin_cdt">
                              <IKJoint AxisLocal="(1; 0; 0)" Type="Hinge2">

                              </IKJoint>
                              <IKBone AttachOffset="(0; 0; 0)" ModelFrame="BonePistonL" AttachToFrame="BoneRackL">
                                    <IKJoint AxisLocal="(1; 0; 0)" Type="Slider">

                                    </IKJoint>
                              </IKBone>
                            </IKBone>
                            <IKBone ModelFrame="BonePistonRBase" ParentFrame="BoneCabin_cdt">
                              <IKJoint AxisLocal="(1; 0; 0)" Type="Hinge2">

                              </IKJoint>
                              <IKBone AttachOffset="(0; 0; 0)" ModelFrame="BonePistonR" AttachToFrame="BoneRackR">
                                    <IKJoint AxisLocal="(1; 0; 0)" Type="Slider">

                                    </IKJoint>
                              </IKBone>
                            </IKBone>
      </AutomaticIK>
  </Truck>
  <_templates Include="trucks">
        <Wheel>
            <Front SteeringJointOffset="0.6" ParentFrame="BoneCabin_cdt" SteeringCastor="8" Torque="none" Location="front" SteeringAngle="25">

            </Front>
            <Rear Torque="default" Location="rear" ConnectedToHandbrake="true">

            </Rear>
        </Wheel>
        <Body>
              <Mudguard Mass="10">
                  <Constraint Type="Hinge">
                      <Motor Type="Spring" Spring="20" Damping="30">

                      </Motor>
                  </Constraint>
              </Mudguard>
        </Body>
  </_templates>