  <Truck>
      <ControlledConstraints>
            <Constraint Name="TieRodSteer" IsLinkedSteering="true" Id="chassis_steer">

            </Constraint>
            <Constraint Name="TieRodSteer2" IsLinkedSteering="true" Id="chassis_steer">

            </Constraint>
      </ControlledConstraints>
      <PhysicsModel Mesh="trucks/western_star_49x">
            <NetSync Legacy="false">

            </NetSync>
            <Body ModelFrame="BoneChassis_cdt" ImpactType="Truck" Mass="4000" NetSync="pv" CenterOfMassOffset="(0; -0; 0)">
                  <Body ModelFrame="BoneCabin_cdt" ImpactType="Truck" Mass="4000" NetSync="pv" CenterOfMassOffset="(0.5; 0; 0)">
                      <Constraint AxisLocal="(1; 0; 0)" MaxLimit="5" MinLimit="-5" PivotOffset="(0; 0; 0)" Type="Hinge">
                          <Motor Type="Spring" Spring="400000" Damping="100000">

                          </Motor>
                      </Constraint>
                          <Body ModelFrame="BoneMirrorLeft_cdt" _template="Mirror">

                          </Body>
                          <Body ModelFrame="BoneMirrorRight_cdt" _template="Mirror">

                          </Body>
                          <Body Mass="20" Collisions="None" ModelFrame="BoneMirrorSide_cdt">
                            <Constraint AxisLocal="(1; 0; 0)" MaxLimit="10" MinLimit="-10" Type="Hinge">
                                <Motor Type="Spring" Spring="90" Damping="1">

                                </Motor>
                            </Constraint>
                          </Body>
                          <Body ModelFrame="BoneSunshieldL_cdt" _template="Sunshield">

                          </Body>
                          <Body ModelFrame="BoneSunshieldR_cdt" _template="Sunshield">

                          </Body>
                          <Body ModelFrame="BoneTieRodL_cdt" _template="TieRod">
                            <Constraint AxisLocal="(0; 0; -1)" MaxLimit="28" Name="TieRodSteer" MinLimit="-28">

                            </Constraint>
                          </Body>
                          <Body ModelFrame="BoneTieRodR_cdt" _template="TieRod">
                            <Constraint AxisLocal="(0; 0; 1)" MaxLimit="28" Name="TieRodSteer2" MinLimit="-28">

                            </Constraint>
                          </Body>
                  </Body>
            </Body>
      </PhysicsModel>
      <TruckData BackSteerSpeed="0.025" DiffLockType="Installed" EngineIconScale="1.4" TruckType="HEAVY" FuelCapacity="290" EngineStartDelay="3.2" SteerSpeed="0.02" ExhaustStartTime="2.8" Responsiveness="0.3" TruckImage="ws49xmchr" EngineIconMesh="env/engine_default">
                <Steam Origin="(0.899; 1.081; 0)">

                </Steam>
                <Steam ParentFrame="BoneCabin_cdt" Scale="0.7" Origin="(3.029; 0.847; 0)">

                </Steam>
              <Intake Size="0.8" Dir="(1; 0; 0)" Origin="(3.792; 1.352; 0)">

              </Intake>
              <GearboxSocket Default="g_truck_default" Type="gearboxes_trucks">

              </GearboxSocket>
              <Wheels DefaultRim="rim_2" DefaultWheelType="wheels_medium_double" DefaultTire="highway_1">
                          <Wheel Pos="(3.07; 0.558; 1.025)" _template="FirstAxle">

                          </Wheel>
                          <Wheel Pos="(3.07; 0.558; 1.025)" _template="FirstAxle" RightSide="true">

                          </Wheel>
                          <Wheel Pos="(-2.721; 0.556; 0.9)" _template="RearAxle">

                          </Wheel>
                          <Wheel Pos="(-2.721; 0.556; 0.9)" _template="RearAxle" RightSide="true">

                          </Wheel>
                          <Wheel Pos="(-4.119; 0.556; 0.9)" _template="RearAxle">

                          </Wheel>
                          <Wheel Pos="(-4.119; 0.556; 0.9)" _template="RearAxle" RightSide="true">

                          </Wheel>
              </Wheels>
              <WinchUpgradeSocket Default="w_heavy_trucks_default" Type="winches_heavy_trucks" IsUpgradable="true">

              </WinchUpgradeSocket>
              <SteeringWheel Frame="BoneSteering">

              </SteeringWheel>
              <Damage>
                                <DamageArea Max="(3.767; 1.855; 0.728)" ParentFrame="BoneCabin_cdt" Min="(2.47; 0.8; -0.6)" Type="Engine">

                                </DamageArea>
                                <DamageArea Max="(2.316; 1.132; 1.212)" ParentFrame="BoneCabin_cdt" Min="(0.783; 0.404; -1.217)" Type="FuelTank">

                                </DamageArea>
              </Damage>
              <LimitedFluid RadiusY="0.320" Center="(1.322; 0.727; 0.803)" RadiusZ="0.319" LengthX="1.227" Type="Cylinder">

              </LimitedFluid>
              <EngineSocket Default="us_truck_modern_engine_0" Type="e_us_truck_modern, e_us_truck_modern_ws_49x">

              </EngineSocket>
              <SoundsDamage _template="Heavy">

              </SoundsDamage>
              <Camera Center="(-1.5; 0; 0)" ParentFrame="BoneCabin_cdt">
                                      <Cockpit WindshieldShadingTexture="trucks/ws_49x_glass__sh_d.tga" WindshieldDiffuseTexture="trucks/ws_49x_glass__d_a.tga" ViewPos="(1.25; 2.561; 0.602)" _template="Default">
                                            <Mirror Pos="(1.917; 2.402; 1.402)" MeshFrame="mirror_left" FOVScale="2" Size="(0.2; 0.34)" ReflectionDir="(-0.921; 0; -0.391)" ClipDir="(-0.921; 0; -0.391)" ClipOffset="0.2">
                                              <SecondaryView MeshFrame="mirror_left_convex" Pos="(1.891; 2.17; 1.392)" Size="(0.2; 0.14)" FOVScale="1.5" ClipDir="(-0.928; 0; -0.371)" CurveAngle="10">

                                              </SecondaryView>
                                            </Mirror>
                                            <Mirror Pos="(1.849; 2.402; -1.396)" MeshFrame="mirror_right" FOVScale="2" Size="(0.2; 0.34)" ReflectionDir="(-0.819; 0; 0.574)" ClipDir="(-0.819; 0; 0.574)" ClipOffset="0.1">
                                              <SecondaryView MeshFrame="mirror_right_convex" Pos="(1.842; 2.169; -1.393)" Size="(0.2; 0.14)" FOVScale="1.5" ClipDir="(-0.838; 0; 0.546)" CurveAngle="10">

                                              </SecondaryView>
                                            </Mirror>
                                            <Mirror Pos="(1.349; 2.636; -1.201)" MeshFrame="mirror_right_1" FOVScale="2.5" Size="(0.32; 0.27)" ReflectionDir="(0.279; -0.868; 0.412)" ClipDir="(0.279; -0.868; 0.412)" ClipOffset="0.1">

                                            </Mirror>
                                      </Cockpit>
              </Camera>
              <Shafts>
                                          <Shaft SocketPointA="ShaftRearGimbal2RearWheel" SocketPointB="ShaftRearWheel">

                                          </Shaft>
                                          <Shaft SocketPointA="ShaftWheel2WheelA" SocketPointB="ShaftWheel2WheelB">

                                          </Shaft>
              </Shafts>
              <FuelTank DamageCapacity="100">

              </FuelTank>
              <Axles>
                                              <Axle Frame="BoneAxleFront">

                                              </Axle>
                                              <Axle Frame="BoneAxleRear1">

                                              </Axle>
                                              <Axle Frame="BoneAxleRear2">

                                              </Axle>
                                              <Axle Frame="BoneAxleRear3">

                                              </Axle>
              </Axles>
              <SoundsWheels _template="Default">

              </SoundsWheels>
              <SuspensionSocket Default="western_star_49x_suspension_default" MaxWheelRadiusWithoutSuspension="0.85" Type="s_western_star_49x">

              </SuspensionSocket>
              <CompatibleWheels Scale="0.60" RearOffsetZ="0.07" Type="wheels_medium_double">

              </CompatibleWheels>
              <Dashboard>
                                                      <Gauge Mesh="trucks/arrows/western_star_49x_arrow_02" Org="(2.133; 2.068; 0.704)" OutputAngles="(-99; 99)" InputType="rpm" Dir="(-0.889; 0.458; -0.006)" InputRange="(0;1)" Damping="0.99">

                                                      </Gauge>
                                                      <Gauge Org="(2.134; 2.067; 0.499)" OutputAngles="(-99; 99)" Mesh="trucks/arrows/western_star_49x_arrow_02" InputRange="(0;140)" Dir="(-0.889; 0.458; -0.006)" InputType="speed">

                                                      </Gauge>
                                                      <Gauge Mesh="trucks/arrows/western_star_49x_arrow_01" Org="(2.116; 2.034; 0.678)" OutputAngles="(-113; 113)" InputType="fuel" Dir="(-0.889; 0.458; -0.006)" InputRange="(0;1)" Damping="0.99">

                                                      </Gauge>
                                                      <Gauge Mesh="trucks/arrows/western_star_49x_arrow_01" Org="(2.112; 2.027; 0.735)" OutputAngles="(-113; 17)" InputType="engineEnabled" Dir="(-0.889; 0.458; -0.006)" InputRange="(0;1)" Damping="0.99">

                                                      </Gauge>
                                                      <Gauge Mesh="trucks/arrows/western_star_49x_arrow_01" Org="(2.117; 2.034; 0.525)" OutputAngles="(-113; 55)" InputType="engineEnabled" Dir="(-0.889; 0.458; -0.006)" InputRange="(0;1)" Damping="0.99">

                                                      </Gauge>
                                                      <Gauge Mesh="trucks/arrows/western_star_49x_arrow_01" Org="(2.114; 2.027; 0.468)" OutputAngles="(-113; -10)" InputType="engineEnabled" Dir="(-0.889; 0.458; -0.006)" InputRange="(0;1)" Damping="0.99">

                                                      </Gauge>
                                                      <Gauge Mesh="trucks/arrows/western_star_49x_arrow_01" Org="(1.729; 2.092; -0.075)" OutputAngles="(-95;17)" InputType="engineEnabled" Dir="(-0.759; 0.355; 0.545)" InputRange="(0;1)" Damping="0.99">

                                                      </Gauge>
              </Dashboard>
              <Sounds _template="Default" DisableReversePitch="true" MinDist="15.0" Origin="(2.7; 1.5; 0)">
                                                      <BrakePull Sound="trucks/western_star_49x/western_star_49x_brake_pull">

                                                      </BrakePull>
                                                      <EngineHigh Sound="trucks/western_star_49x/western_star_49x_high">

                                                      </EngineHigh>
                                                      <AbruptStop Sound="trucks/common/truck_swing_big_rnd_set/truck_swing_big_rnd">

                                                      </AbruptStop>
                                                      <HandbrakeOff Sound="trucks/western_star_49x/western_star_49x_handbrake_off">

                                                      </HandbrakeOff>
                                                      <BrakesSqueal Sound="trucks/western_star_49x/western_star_49x_brakes_squeal">

                                                      </BrakesSqueal>
                                                      <EngineTrans Sound="trucks/common/truck_trans_forward_loop">

                                                      </EngineTrans>
                                                      <EngineHeavy_2d IsSound2D="true" Sound="trucks/ws_6900xd_twin/ws_6900xd_twin_heavy_2d">

                                                      </EngineHeavy_2d>
                                                      <Reverse Sound="trucks/western_star_49x/western_star_49x_back_beeper">

                                                      </Reverse>
                                                      <EngineHeavy Sound="trucks/ws_6900xd_twin/ws_6900xd_twin_heavy">

                                                      </EngineHeavy>
                                                      <BrakeRelease Sound="trucks/western_star_49x/western_star_49x_brake_release">

                                                      </BrakeRelease>
                                                      <EngineLow_2d IsSound2D="true" Sound="trucks/western_star_49x/western_star_49x_low_2d">

                                                      </EngineLow_2d>
                                                      <EngineHigh_2d IsSound2D="true" Sound="trucks/western_star_49x/western_star_49x_high_2d">

                                                      </EngineHigh_2d>
                                                      <EngineLow Sound="trucks/western_star_49x/western_star_49x_low">

                                                      </EngineLow>
                                                      <EngineIdle_2d IsSound2D="true" Sound="trucks/western_star_49x/western_star_49x_idle_2d">

                                                      </EngineIdle_2d>
                                                      <EngineStop Sound="trucks/western_star_49x/western_star_49x_stop">

                                                      </EngineStop>
                                                      <EngineIdle Sound="trucks/western_star_49x/western_star_49x_idle">

                                                      </EngineIdle>
                                                      <EngineRev Sound="trucks/western_star_49x/western_star_49x_rev">

                                                      </EngineRev>
                                                      <Honk Sound="trucks/western_star_49x/western_star_49x_honk">

                                                      </Honk>
                                                      <EngineStart Sound="trucks/western_star_49x/western_star_49x_start">

                                                      </EngineStart>
                                                      <EngineAccel Sound="trucks/western_star_49x/western_star_49x_acc">

                                                      </EngineAccel>
                                                      <Handbrake Sound="trucks/western_star_49x/western_star_49x_handbrake_on">

                                                      </Handbrake>
              </Sounds>
              <Driver Pos="(1.369; 1.854; 0.602)" AnimationSet="Truck" SteeringWheelPos="(1.752; 2.182; 0.595)">

              </Driver>
              <SteeringRack FrameSteerRight="BoneRackRight" Frame="BoneRack" FrameSteerLeft="BoneRackLeft" RackHalfSizeZ="1.009">

              </SteeringRack>
              <ExtraWheels Scale="0.6" Tire="highway_2" Rim="rim_2" WheelType="wheels_medium_double">
                                                              <Wheel Pos="(-1.356; 0.556; 0.9)" _template="MiddleAxle">

                                                              </Wheel>
                                                              <Wheel Pos="(-1.356; 0.556; 0.9)" _template="MiddleAxle" RightSide="true">

                                                              </Wheel>
              </ExtraWheels>
              <OcclusionMap MaxX="4" HalfSizeZ="1.8" MinX="-5">

              </OcclusionMap>
      </TruckData>
      <ModelAttachments>
                <StopSignals>
                    <Light Pos="(-5.214; 0.659; 0)" _template="StopSignal">

                    </Light>
                        <Flare Size="0.3" _template="StopSignal" Pos="(-4.894; 0.699; -0.383)">

                        </Flare>
                        <Flare Size="0.3" _template="StopSignal" Pos="(-4.894; 0.699; 0.383)">

                        </Flare>
                </StopSignals>
                <Ignition>
                        <Light Pos="(4.5; 1.013; 0.8)" _template="IgnitionSignalWhite" Color="g(255; 235; 215) x 1.0">

                        </Light>
                        <Light Pos="(4.5; 1.013; -0.8)" _template="IgnitionSignalWhite" Color="g(255; 235; 215) x 1.0">

                        </Light>
                        <Light Pos="(-5; 0.643; 0)" _template="IgnitionSignalRed" Color="g(255; 10; 10) x 0.4">

                        </Light>
                          <Flare Size="0.2" _template="IgnitionSignalRed" Pos="(-4.889; 0.643; 0.388)">

                          </Flare>
                          <Flare Size="0.2" _template="IgnitionSignalRed" Pos="(-4.889; 0.643; -0.388)">

                          </Flare>
                          <Flare Pos="(3.069; 1.352; 1.248)" ParentFrame="BoneCabin_cdt" Size="0.2" Dir="(0; 0; 1)" Color="g(255; 140; 0) x 0.5" _template="IgnitionSignalOrange">

                          </Flare>
                          <Flare Pos="(3.069; 1.352; -1.248)" ParentFrame="BoneCabin_cdt" Size="0.2" Dir="(0; 0; -1)" Color="g(255; 140; 0) x 0.5" _template="IgnitionSignalOrange">

                          </Flare>
                          <Flare _template="IgnitionSignalOrange" Pos="(2.69; 1.724; 1.060)" ParentFrame="BoneCabin_cdt" Size="0.8" Dir="(1; 0; 0)" Color="g(255; 140; 0) x 0.3" AspectRatio="0.5">

                          </Flare>
                          <Flare _template="IgnitionSignalOrange" Pos="(2.69; 1.724; -1.060)" ParentFrame="BoneCabin_cdt" Size="0.8" Dir="(1; 0; 0)" Color="g(255; 140; 0) x 0.3" AspectRatio="0.5">

                          </Flare>
                          <Flare _template="IgnitionSignalOrange" Pos="(2.803; 1.823; -0.995)" ParentFrame="BoneCabin_cdt" Size="0.3" Dir="(0.589; 0; -0.808)" Color="g(255; 140; 0) x 0.2" AspectRatio="3">

                          </Flare>
                          <Flare _template="IgnitionSignalOrange" Pos="(2.807; 1.623; -1.005)" ParentFrame="BoneCabin_cdt" Size="0.3" Dir="(0.589; 0; -0.808)" Color="g(255; 140; 0) x 0.2" AspectRatio="3">

                          </Flare>
                          <Flare _template="IgnitionSignalOrange" Pos="(2.803; 1.823; 0.995)" ParentFrame="BoneCabin_cdt" Size="0.3" Dir="(0.589; 0; 0.808)" Color="g(255; 140; 0) x 0.2" AspectRatio="3">

                          </Flare>
                          <Flare _template="IgnitionSignalOrange" Pos="(2.807; 1.623; 1.005)" ParentFrame="BoneCabin_cdt" Size="0.3" Dir="(0.589; 0; 0.808)" Color="g(255; 140; 0) x 0.2" AspectRatio="3">

                          </Flare>
                          <Flare _template="IgnitionSignalOrange" Pos="(3.729; 1.237; 1.017)" ParentFrame="BoneCabin_cdt" Size="0.4" Dir="(1; 0; 0)" Color="g(255; 140; 0) x 0.4" AspectRatio="3">

                          </Flare>
                          <Flare _template="IgnitionSignalOrange" Pos="(3.729; 1.237; -1.017)" ParentFrame="BoneCabin_cdt" Size="0.4" Dir="(1; 0; 0)" Color="g(255; 140; 0) x 0.4" AspectRatio="3">

                          </Flare>
                          <Flare ParentFrame="BoneCabin_cdt" Size="0.2" Pos="(3.714; 1.173; -0.955)" Color="g(255; 235; 215) x 0.3" _template="IgnitionSignalWhite">

                          </Flare>
                          <Flare ParentFrame="BoneCabin_cdt" Size="0.2" Pos="(3.695; 1.176; -1.109)" Color="g(255; 235; 215) x 0.3" _template="IgnitionSignalWhite">

                          </Flare>
                          <Flare ParentFrame="BoneCabin_cdt" Size="0.2" Pos="(3.714; 1.173; 0.955)" Color="g(255; 235; 215) x 0.3" _template="IgnitionSignalWhite">

                          </Flare>
                          <Flare ParentFrame="BoneCabin_cdt" Size="0.2" Pos="(3.695; 1.176; 1.109)" Color="g(255; 235; 215) x 0.3" _template="IgnitionSignalWhite">

                          </Flare>
                </Ignition>
                <HeadLight>
                          <Model _template="HeadLightRay" Org="(3.714; 1.173; 1.04)" ParentFrame="BoneCabin_cdt">

                          </Model>
                          <Model _template="HeadLightRay" Org="(3.714; 1.173; -1.04)" ParentFrame="BoneCabin_cdt">

                          </Model>
                            <Flare ParentFrame="BoneCabin_cdt" Size=".1" Pos="(3.714; 1.173; 0.955)" Color="g(255; 235; 215) x 1" _template="HeadLight">

                            </Flare>
                            <Flare ParentFrame="BoneCabin_cdt" Size=".1" Pos="(3.695; 1.176; 1.109)" Color="g(255; 235; 215) x 1" _template="HeadLight">

                            </Flare>
                            <Flare ParentFrame="BoneCabin_cdt" Size=".1" Pos="(3.714; 1.173; -0.955)" Color="g(255; 235; 215) x 1" _template="HeadLight">

                            </Flare>
                            <Flare ParentFrame="BoneCabin_cdt" Size=".1" Pos="(3.695; 1.176; -1.109)" Color="g(255; 235; 215) x 1" _template="HeadLight">

                            </Flare>
                            <Flare Pos="(3.714; 1.173; 1.04)" _template="BlueStreak" ParentFrame="BoneCabin_cdt">

                            </Flare>
                            <Flare Pos="(3.714; 1.173; -1.04)" _template="BlueStreak" ParentFrame="BoneCabin_cdt">

                            </Flare>
                </HeadLight>
                <ReverseSignals>
                          <Light Pos="(-4.941; 0.555; -0.388)" OuterCone="160" InnerCone="120" Dir="(-1; -0.2; 0)" Color="(80; 80; 80)" AttenEnd="2.0">

                          </Light>
                              <Flare Reflections="true" Size="0.4" Dir="(-1; 0; 0)" Color="g(200; 200; 200) x 0.6" AspectRatio="1.4" Pos="(-4.894; 0.72; 0.383)" ColorMultAtDay="0.6" DirAngle="90">

                              </Flare>
                              <Flare Reflections="true" Size="0.4" Dir="(-1; 0; 0)" Color="g(200; 200; 200) x 0.6" AspectRatio="1.4" Pos="(-4.894; 0.72; -0.383)" ColorMultAtDay="0.6" DirAngle="90">

                              </Flare>
                              <Flare Pos="(-4.894; 0.72; 0.383)" Size="0.4" Dir="(-1; 0; 0)" Color="g(220; 220; 255) x 0.05" _template="BlueStreak">

                              </Flare>
                              <Flare Pos="(-4.894; 0.72; -0.383)" Size="0.4" Dir="(-1; 0; 0)" Color="g(220; 220; 255) x 0.05" _template="BlueStreak">

                              </Flare>
                </ReverseSignals>
      </ModelAttachments>
      <HeadLight Pos="(4.576; 1.033; 0)" _template="Default" ParentFrame="BoneCabin_cdt">

      </HeadLight>
      <GameData Price="121500" Country="US" UnlockByExploration="false" UnlockByRank="1">
                      <CraneSocket Pos="(3.845; 0.723; -0.52)" ParentFrame="BoneCabin_cdt">

                      </CraneSocket>
                      <CraneSocket Pos="(3.845; 0.723; 0.52)" ParentFrame="BoneCabin_cdt">

                      </CraneSocket>
                      <CraneSocket Pos="(-5.1; 0.786; 0)">

                      </CraneSocket>
                      <CraneSocket Pos="(-0.161; 1.032; -0.436)">

                      </CraneSocket>
                      <CraneSocket Pos="(-0.161; 1.032; 0.436)">

                      </CraneSocket>
                    <UiDesc UiIcon30x30="heavyVehicleImg30" UiName="UI_VEHICLE_WESTERN_STAR_49X_NAME" UiIcon328x458="shopImgWS49line" UiIconLogo="WesternStarLogo80" UiDesc="UI_VEHICLE_WESTERN_STAR_49X_DESC" UiIcon40x40="heavyVehicleImg">

                    </UiDesc>
                          <AddonSockets>
                              <Socket Offset="(-1.3; 1.093; 0)" NamesBlock="MetalDetector, MinicraneUS,Trailer" Names="FrameAddonTowPlatform">

                              </Socket>
                              <Socket Offset="(0.5; 1.093; 0)" NamesBlock="MetalDetector, MinicraneUS" Names="LogLift">

                              </Socket>
                              <Socket Offset="(-6.926; 1.094; 0)" NamesBlock="MinicraneUS, MetalDetector" Names="BunkLog">

                              </Socket>
                              <Socket Offset="(-2.2; 1.09; 0)" NamesBlock="MinicraneUS, MetalDetector" Names="FrameAddonLogShort">

                              </Socket>
                              <Socket Offset="(-1.9; 1.09; 0)" NamesBlock="MinicraneUS, MetalDetector" Names="FrameAddonLogMedium">

                              </Socket>
                              <Socket Offset="(-3.425; 1.087; 0)" Names="SaddleLow">
                                  <ExtraParent Frame="BoneChassis_cdt" Offset="(0; 0; 0.02)">

                                  </ExtraParent>
                                  <ExtraParent Frame="BoneChassis_cdt" Offset="(0; 0; -0.02)">

                                  </ExtraParent>
                              </Socket>
                              <Socket Offset="(-3.425; 1.087; 0)" Names="SaddleHigh">
                                  <ExtraParent Frame="BoneChassis_cdt" Offset="(0; 0; 0.02)">

                                  </ExtraParent>
                                  <ExtraParent Frame="BoneChassis_cdt" Offset="(0; 0; -0.02)">

                                  </ExtraParent>
                              </Socket>
                              <Socket Offset="(-2.100; 1.087; 0)" Names="FrameAddon">
                                  <AddonsShift Offset="(-1.037; 0; 0)" Types="MinicraneUS">

                                  </AddonsShift>
                                  <AddonsShift Offset="(-0.743; 0; 0)" Types="MetalDetector">

                                  </AddonsShift>
                              </Socket>
                              <Socket Offset="(-2.7; 1.087; 0)" Names="FrameAddonTank">

                              </Socket>
                              <Socket Offset="(-0.2; 1.087; 0)" ParentFrame="BoneChassis_cdt" NamesBlock="Trailer, MinicraneUS" Names="FrameAddonSeismicVibrator">

                              </Socket>
                              <Socket Offset="(-2.55; 0.055; 0)" ParentFrame="BoneChassis_cdt" NamesBlock="Trailer, MinicraneUS" Names="FrameAddonMaintainer">

                              </Socket>
                          </AddonSockets>
                          <AddonSockets>
                            <Socket Offset="(0.075; 0.038; 0)" ParentFrame="BoneChassis_cdt" NamesBlock="MinicraneUS, FrameAddonSeismicVibrator, FrameAddonKung, FrameAddonTank, FrameAddonMaintainer," Names="MetalDetector">

                            </Socket>
                          </AddonSockets>
                          <AddonSockets>
                            <Socket Offset="(-0.147; 1.09; 0)" NamesBlock="FrameAddonTank, FrameAddonMaintainer, FrameAddonSeismicVibrator, FrameAddonKung" Names="MinicraneUS">

                            </Socket>
                          </AddonSockets>
                          <AddonSockets>
                              <Socket Offset="(-3.425; 1.39; 0)" Names="Semitrailer, SemitrailerOiltank">

                              </Socket>
                              <Socket Offset="(-3.44; 1.6; 0)" Names="LargeSemitrailer, LargeSemitrailerOiltank">

                              </Socket>
                              <Socket Offset="(-5.16; 0.786; 0)" Names="Trailer">

                              </Socket>
                          </AddonSockets>
                          <AddonSockets>
                            <Socket Offset="(2.061; 2.22; -0.131)" Names="StuffDashboard" _template="Cabin2Chassis" InCockpit="true">

                            </Socket>
                          </AddonSockets>
                          <AddonSockets DefaultAddon="western_star_49x_bumper_default">
                            <Socket _template="Cabin2Chassis" Names="WS49XBumper">

                            </Socket>
                          </AddonSockets>
                          <AddonSockets DefaultAddon="western_star_49x_exhaust_default">
                            <Socket _template="Cabin2Chassis" Names="WS49XExhaust">

                            </Socket>
                          </AddonSockets>
                          <AddonSockets DefaultAddon="western_star_49x_visor_default">
                              <Socket _template="Cabin2Chassis" Names="WS49XVisor">

                              </Socket>
                              <Socket _template="Cabin2Chassis" NamesBlock="WS49XSpotlight" Names="WS49XVisor1">

                              </Socket>
                          </AddonSockets>
                          <AddonSockets DefaultAddon="western_star_49x_horn_default">
                            <Socket _template="Cabin2Chassis" Names="WS49XHorn">

                            </Socket>
                          </AddonSockets>
                          <AddonSockets>
                            <Socket _template="Cabin2Chassis" Names="WS49XSnorkel">

                            </Socket>
                          </AddonSockets>
                          <AddonSockets>
                            <Socket _template="Cabin2Chassis" Names="WS49XSpotlight">

                            </Socket>
                          </AddonSockets>
                          <AddonSockets>
                              <Socket _template="Cabin2Chassis" Names="WS49XBeacon1">

                              </Socket>
                              <Socket _template="Cabin2Chassis" NamesBlock="WS49XConditioner" Names="WS49XBeacon2">

                              </Socket>
                          </AddonSockets>
                          <AddonSockets>
                            <Socket _template="Cabin2Chassis" NamesBlock="WS49XSpotlight" Names="WS49XGabarite1">

                            </Socket>
                          </AddonSockets>
                          <AddonSockets>
                            <Socket _template="Cabin2Chassis" Names="WS49XGabarite2">

                            </Socket>
                          </AddonSockets>
                          <AddonSockets>
                            <Socket _template="Cabin2Chassis" Names="WS49XConditioner">

                            </Socket>
                          </AddonSockets>
                          <AddonSockets DefaultAddon="western_star_49x_diff_lock_default">
                            <Socket ParentFrame="BoneChassis_cdt" Offset="(0; 0; 0)" Names="WS49XDiffLock">

                            </Socket>
                          </AddonSockets>
                          <AddonSockets DefaultAddon="western_star_49x_transferbox_default">
                            <Socket ParentFrame="BoneChassis_cdt" Offset="(0; 0; 0)" Names="WesternStar49XTransferBox">
                                  <ExtraParent Frame="BoneCabin_cdt">

                                  </ExtraParent>
                                  <ExtraParent Frame="BoneTieRodL_cdt">

                                  </ExtraParent>
                                  <ExtraParent Frame="BoneTieRodR_cdt">

                                  </ExtraParent>
                                  <ExtraParent Frame="BoneAxleFront">

                                  </ExtraParent>
                                  <ExtraParent Frame="BoneRackLeft">

                                  </ExtraParent>
                                  <ExtraParent Frame="BoneRackRight">

                                  </ExtraParent>
                            </Socket>
                          </AddonSockets>
                          <AddonSockets>
                              <Socket Offset="(1.818; 2.727; 0)" Names="StuffAirfreshener" _template="Cabin2Chassis" InCockpit="true">

                              </Socket>
                              <Socket Names="StuffCurtainWesternStar49X" _template="Cabin2Chassis" InCockpit="true">

                              </Socket>
                          </AddonSockets>
                          <AddonSockets>
                            <Socket Offset="(0; 0; 0)" ParentFrame="BoneCabin_cdt" Names="WesternStar49xSticker_1x1_01" InCockpit="true">
                                <ExtraParent Frame="BoneChassis_cdt">

                                </ExtraParent>
                            </Socket>
                          </AddonSockets>
                          <AddonSockets>
                            <Socket Offset="(0; 0; 0)" ParentFrame="BoneCabin_cdt" Names="WesternStar49xSticker_1x1_02" InCockpit="true">
                                <ExtraParent Frame="BoneChassis_cdt">

                                </ExtraParent>
                            </Socket>
                          </AddonSockets>
                          <AddonSockets>
                            <Socket Offset="(0; 0; 0)" ParentFrame="BoneCabin_cdt" Names="WesternStar49xSticker_1x2_01" InCockpit="true">
                                <ExtraParent Frame="BoneChassis_cdt">

                                </ExtraParent>
                            </Socket>
                          </AddonSockets>
                          <AddonSockets>
                            <Socket Offset="(0; 0; 0)" ParentFrame="BoneCabin_cdt" Names="WesternStar49xSticker_1x2_02" InCockpit="true">
                                <ExtraParent Frame="BoneChassis_cdt">

                                </ExtraParent>
                            </Socket>
                          </AddonSockets>
                          <AddonSockets>
                            <Socket Offset="(0; 0; 0)" ParentFrame="BoneCabin_cdt" Names="WesternStar49xSticker_1x4_01" InCockpit="true">
                                <ExtraParent Frame="BoneChassis_cdt">

                                </ExtraParent>
                            </Socket>
                          </AddonSockets>
                          <AddonSockets>
                            <Socket Offset="(0; 0; 0)" ParentFrame="BoneCabin_cdt" Names="westernStar49XSticker_GlassTop" InCockpit="true">
                                <ExtraParent Frame="BoneChassis_cdt">

                                </ExtraParent>
                            </Socket>
                          </AddonSockets>
                          <AddonSockets>
                            <Socket Offset="(0; 0; 0)" ParentFrame="BoneCabin_cdt" Names="westernStar49XSticker_GlassBottom" InCockpit="true">
                                <ExtraParent Frame="BoneChassis_cdt">

                                </ExtraParent>
                            </Socket>
                          </AddonSockets>
                          <AddonSockets>
                            <Socket ParentFrame="BoneCabin_cdt" Offset="(0; 0; 0)" Names="westernStar49XSticker_Door_L">
                                <ExtraParent Frame="BoneChassis_cdt">

                                </ExtraParent>
                            </Socket>
                          </AddonSockets>
                          <AddonSockets>
                            <Socket ParentFrame="BoneCabin_cdt" Offset="(0; 0; 0)" Names="westernStar49XSticker_Door_R">
                                <ExtraParent Frame="BoneChassis_cdt">

                                </ExtraParent>
                            </Socket>
                          </AddonSockets>
                          <AddonSockets>
                            <Socket ParentFrame="BoneCabin_cdt" Offset="(0; 0; 0)" Names="westernStar49XSticker_Capote">
                                <ExtraParent Frame="BoneChassis_cdt">

                                </ExtraParent>
                            </Socket>
                          </AddonSockets>
                          <AddonSockets>
                            <Socket ParentFrame="BoneCabin_cdt" Offset="(0; 0; 0)" Names="westernStar49XSticker_Roof">
                                <ExtraParent Frame="BoneChassis_cdt">

                                </ExtraParent>
                            </Socket>
                          </AddonSockets>
                          <AddonSockets>
                            <Socket Offset="(0; 0; 0)" ParentFrame="BoneCabin_cdt" Names="WesternStar49xSticker_1x4_02" InCockpit="true">
                                <ExtraParent Frame="BoneChassis_cdt">

                                </ExtraParent>
                            </Socket>
                          </AddonSockets>
                          <AddonSockets>
                            <Socket _template="Cabin2Chassis" Names="StuffHoodWesternStar49X">

                            </Socket>
                          </AddonSockets>
                    <CustomizationCameras>
                                <CameraPos Interior="true" Position="(7.586; 6.491; -0.239)" Name="roof_sticker" InterestPosition="(5.579; 2.724; -0.823)" FOV="32.0">

                                </CameraPos>
                                <CameraPos Interior="true" Position="(4.671; 2.49; -0.421)" Name="sticker" InterestPosition="(6.161; 2.836; 1.333)" FOV="32.0">

                                </CameraPos>
                                <CameraPos Interior="true" Position="(4.774; 2.658; -0.448)" Name="sticker_1" InterestPosition="(6.154; 1.493; 1)" FOV="32.0">

                                </CameraPos>
                                <CameraPos Interior="true" Position="(4.781; 2.495; -0.674)" Name="sticker_2" InterestPosition="(6.154; 3.193; 0.395)" FOV="32.0">

                                </CameraPos>
                                <CameraPos MaxZoom="2" MaxYRotation="360" Position="(-7.975; 4.814; 6.571)" MaxXRotation="360" Name="addon_1" InterestPosition="(0.561; 1.684; -0)" FOV="32.0">

                                </CameraPos>
                                <CameraPos MaxZoom="2" MaxYRotation="360" Position="(10.793; 4.409; -3.424)" MaxXRotation="360" Name="addon_2" InterestPosition="(5.759; 2.49; 0)" FOV="32.0">

                                </CameraPos>
                                <CameraPos Interior="true" Position="(4.797; 2.528; -0.397)" Name="mirror_mount" InterestPosition="(6.161; 2.63; 1.333)" FOV="32.0">

                                </CameraPos>
                                <CameraPos MaxZoom="2" MaxYRotation="360" Position="(9.992; 4.09; 5.732)" MaxXRotation="360" Name="side_r" InterestPosition="(5.924; 1.654; 0)" FOV="32.0">

                                </CameraPos>
                                <CameraPos Interior="true" Position="(9.617; 2.63; 0.784)" Name="glass_sticker" InterestPosition="(5.32; 2.542; -0.827)" FOV="32.0">

                                </CameraPos>
                                <CameraPos Interior="true" Position="(3.77; 2.322; 3.892)" Name="door_r_sticker" InterestPosition="(6.848; 1.255; -0.31)" FOV="32.0">

                                </CameraPos>
                                <CameraPos MaxZoom="2" MaxYRotation="360" Position="(11.064; 4.396; -4.015)" MaxXRotation="360" Name="roof" InterestPosition="(5.118; 2.383; 0)" FOV="32.0">

                                </CameraPos>
                                <CameraPos Interior="true" Position="(9.796; 5.807; -0.371)" Name="capote_sticker" InterestPosition="(6.071; 0.274; -0.493)" FOV="32.0">

                                </CameraPos>
                                <CameraPos MaxZoom="2" MaxYRotation="360" Position="(13.18; 1.275; -5.377)" MaxXRotation="360" Name="hoods" InterestPosition="(5.187; 1.818; 0)" FOV="32.0">

                                </CameraPos>
                                <CameraPos MaxZoom="2" MaxYRotation="360" Position="(-0.015; 4.489; 5.666)" MaxXRotation="360" Name="side_l" InterestPosition="(5.232; 2.207; 0)" FOV="32.0">

                                </CameraPos>
                                <CameraPos Interior="true" Position="(4.733; 2.472; -0.2)" Name="bubble_head" InterestPosition="(6.154; 1.833; 1.183)" FOV="32.0">

                                </CameraPos>
                                <CameraPos MaxZoom="2" MaxYRotation="360" Position="(7.631; 1.733; -6.123)" MaxXRotation="360" Name="wheels" InterestPosition="(5.548; 0.545; -0)" FOV="32.0">

                                </CameraPos>
                                <CameraPos MaxZoom="2" MaxYRotation="360" Position="(13.18; 1.275; -5.377)" MaxXRotation="360" Name="default" InterestPosition="(5.187; 1.818; 0)" FOV="32.0">

                                </CameraPos>
                                <CameraPos MaxZoom="2" MaxYRotation="360" Position="(-10.631; 2.524; 6.535)" MaxXRotation="360" Name="rear" InterestPosition="(-1.423; 1.831; -0)" FOV="32.0">

                                </CameraPos>
                                <CameraPos Interior="true" Position="(3.919; 2.245; -3.915)" Name="door_l_sticker" InterestPosition="(5.4; 1.35; 0.903)" FOV="32.0">

                                </CameraPos>
                                <CameraPos Interior="true" Position="(8.878; 2.296; -1.633)" Name="hood_ornament" InterestPosition="(7.827; 1.98; -1.633)" FOV="32.0">

                                </CameraPos>
                                <CameraPos Interior="true" Position="(4.797; 2.528; -0.397)" Name="curtain" InterestPosition="(6.161; 2.63; 1.333)" FOV="32.0">

                                </CameraPos>
                    </CustomizationCameras>
                              <WinchSocket Pos="(3.89; 0.839; -0)" ParentFrame="BoneCabin_cdt">

                              </WinchSocket>
                              <WinchSocket Pos="(-5.1; 0.786; 0)">

                              </WinchSocket>
                              <WinchSocket Pos="(-0.161; 1.032; -0.436)">

                              </WinchSocket>
                              <WinchSocket Pos="(-0.161; 1.032; 0.436)">

                              </WinchSocket>
      </GameData>
      <Landmark MaxScale="3.8" MinScale="1.8" Mesh="landmarks/western_star_49x_lmk">

      </Landmark>
      <AutomaticIK>
                          <IKBone ModelFrame="BoneTorqueRod1" ParentFrame="BoneChassis_cdt">
                            <IKJoint AxisLocal="(1; 0; 0)" Type="Hinge2">

                            </IKJoint>
                            <IKBone AttachOffset="(0; 0; 0)" ModelFrame="BoneTorqueRod1_end" AttachToFrame="BoneAxleRear2">
                                  <IKJoint AxisLocal="(1; 0; 0)" Type="Slider">

                                  </IKJoint>
                            </IKBone>
                          </IKBone>
                          <IKBone ModelFrame="BoneTorqueRod2" ParentFrame="BoneChassis_cdt">
                            <IKJoint AxisLocal="(1; 0; 0)" Type="Hinge2">

                            </IKJoint>
                            <IKBone AttachOffset="(0; 0; 0)" ModelFrame="BoneTorqueRod2_end" AttachToFrame="BoneAxleRear3">
                                  <IKJoint AxisLocal="(1; 0; 0)" Type="Slider">

                                  </IKJoint>
                            </IKBone>
                          </IKBone>
                          <IKBone ModelFrame="BoneIK1" ParentFrame="BoneChassis_cdt">
                            <IKJoint AxisLocal="(1; 0; 0)" Type="Hinge2">

                            </IKJoint>
                            <IKBone AttachOffset="(0; 0; 0)" ModelFrame="BoneIK1_end" AttachToFrame="BoneAxleRear3">
                                  <IKJoint AxisLocal="(1; 0; 0)" Type="Slider">

                                  </IKJoint>
                            </IKBone>
                          </IKBone>
                          <IKBone ModelFrame="BoneIK2" ParentFrame="BoneChassis_cdt">
                            <IKJoint AxisLocal="(1; 0; 0)" Type="Hinge2">

                            </IKJoint>
                            <IKBone AttachOffset="(0; 0; 0)" ModelFrame="BoneIK2_end" AttachToFrame="BoneAxleRear3">
                                  <IKJoint AxisLocal="(1; 0; 0)" Type="Slider">

                                  </IKJoint>
                            </IKBone>
                          </IKBone>
                          <IKBone ModelFrame="BoneIK3" ParentFrame="BoneChassis_cdt">
                            <IKJoint AxisLocal="(1; 0; 0)" Type="Hinge2">

                            </IKJoint>
                            <IKBone AttachOffset="(0; 0; 0)" ModelFrame="BoneIK3_end" AttachToFrame="BoneAxleRear3">
                                  <IKJoint AxisLocal="(1; 0; 0)" Type="Slider">

                                  </IKJoint>
                            </IKBone>
                          </IKBone>
                          <IKBone ModelFrame="BoneIK4" ParentFrame="BoneChassis_cdt">
                            <IKJoint AxisLocal="(1; 0; 0)" Type="Hinge2">

                            </IKJoint>
                            <IKBone AttachOffset="(0; 0; 0)" ModelFrame="BoneIK4_end" AttachToFrame="BoneAxleRear3">
                                  <IKJoint AxisLocal="(1; 0; 0)" Type="Slider">

                                  </IKJoint>
                            </IKBone>
                          </IKBone>
                          <IKBone ModelFrame="BoneIK5" ParentFrame="BoneChassis_cdt">
                            <IKJoint AxisLocal="(1; 0; 0)" Type="Hinge2">

                            </IKJoint>
                            <IKBone AttachOffset="(0; 0; 0)" ModelFrame="BoneIK5_end" AttachToFrame="BoneAxleRear3">
                                  <IKJoint AxisLocal="(1; 0; 0)" Type="Slider">

                                  </IKJoint>
                            </IKBone>
                          </IKBone>
                          <IKBone ModelFrame="BoneIK6" ParentFrame="BoneChassis_cdt">
                            <IKJoint AxisLocal="(1; 0; 0)" Type="Hinge2">

                            </IKJoint>
                            <IKBone AttachOffset="(0; 0; 0)" ModelFrame="BoneIK6_end" AttachToFrame="BoneAxleRear3">
                                  <IKJoint AxisLocal="(1; 0; 0)" Type="Slider">

                                  </IKJoint>
                            </IKBone>
                          </IKBone>
                          <IKBone ModelFrame="BoneIK7" ParentFrame="BoneChassis_cdt">
                            <IKJoint AxisLocal="(1; 0; 0)" Type="Hinge2">

                            </IKJoint>
                            <IKBone AttachOffset="(0; 0; 0)" ModelFrame="BoneIK7_end" AttachToFrame="BoneAxleRear3">
                                  <IKJoint AxisLocal="(1; 0; 0)" Type="Slider">

                                  </IKJoint>
                            </IKBone>
                          </IKBone>
                          <IKBone ModelFrame="BoneIK8" ParentFrame="BoneChassis_cdt">
                            <IKJoint AxisLocal="(1; 0; 0)" Type="Hinge2">

                            </IKJoint>
                            <IKBone AttachOffset="(0; 0; 0)" ModelFrame="BoneIK8_end" AttachToFrame="BoneAxleRear3">
                                  <IKJoint AxisLocal="(1; 0; 0)" Type="Slider">

                                  </IKJoint>
                            </IKBone>
                          </IKBone>
                          <IKBone ModelFrame="BoneAxleRear1_IK_L" ParentFrame="BoneChassis_cdt">
                            <IKJoint AxisLocal="(1; 0; 0)" Type="Hinge2">

                            </IKJoint>
                            <IKBone AttachOffset="(0; 0; 0)" ModelFrame="BoneAxleRear1_IK_L_end" AttachToFrame="BoneAxleRear1">
                                  <IKJoint AxisLocal="(1; 0; 0)" Type="Slider">

                                  </IKJoint>
                            </IKBone>
                          </IKBone>
                          <IKBone ModelFrame="BoneAxleRear1_IK_R" ParentFrame="BoneChassis_cdt">
                            <IKJoint AxisLocal="(1; 0; 0)" Type="Hinge2">

                            </IKJoint>
                            <IKBone AttachOffset="(0; 0; 0)" ModelFrame="BoneAxleRear1_IK_R_end" AttachToFrame="BoneAxleRear1">
                                  <IKJoint AxisLocal="(1; 0; 0)" Type="Slider">

                                  </IKJoint>
                            </IKBone>
                          </IKBone>
      </AutomaticIK>
  </Truck>
  <_templates Include="trucks">
        <Socket>
            <Cabin2Chassis Offset="(0; 0; 0)" ParentFrame="BoneCabin_cdt">
                <ExtraParent Frame="BoneChassis_cdt">

                </ExtraParent>
            </Cabin2Chassis>
        </Socket>
        <Wheel>
              <RearAxle Torque="default" Location="rear" ConnectedToHandbrake="true">

              </RearAxle>
              <MiddleAxle Torque="none" Location="middle" MeshType="rear">

              </MiddleAxle>
              <FirstAxle SteeringJointOffset="0.23" ParentFrame="BoneCabin_cdt" SteeringCastor="0" Torque="connectable" Location="front" SteeringAngle="36">

              </FirstAxle>
        </Wheel>
        <Flare>
                <IgnitionSignalOrangeSmall ColorMultAtDay="0.6" DirAngle="60" Size="0.1" Dir="(1; 0; 0)" Color="g(255; 140; 0) x 0.25" AspectRatio="1.4">

                </IgnitionSignalOrangeSmall>
                <IgnitionSignalOrange ColorMultAtDay="0.6" DirAngle="135" Size="0.1" Dir="(0; 1; 0)" Color="g(255; 140; 0) x 0.3" AspectRatio="1.4">

                </IgnitionSignalOrange>
        </Flare>
        <Body>
                  <Mirror Mass="10" Collisions="None">
                      <Constraint AxisLocal="(1; 0; 0)" MaxLimit=".5" MinLimit="-.5" PivotOffset="(0; 0; 0)" Type="Hinge">
                          <Motor Type="Spring" Spring="300" Damping="10">

                          </Motor>
                      </Constraint>
                  </Mirror>
                  <Sunshield Mass="10" Collisions="None">
                        <Constraint AxisLocal="(1; 0; 0)" MaxLimit="10" MinLimit="-10" PivotOffset="(0; 0; 0)" Type="Hinge">
                            <Motor Type="Spring" Spring="100" Damping="1">

                            </Motor>
                        </Constraint>
                  </Sunshield>
        </Body>
  </_templates>