  <Truck>
      <PhysicsModel Mesh="trucks/boar_45318">
          <NetSync Legacy="false">

          </NetSync>
          <Body CenterOfMassOffset="(-0.55; 0; 0)" ImpactType="Truck" NetSync="pv" ModelFrame="BoneChassis_cdt" Mass="10600">
                <Body CenterOfMassOffset="(0.1; 0; 0)" ImpactType="Truck" NetSync="pv" ModelFrame="BoneCabin_cdt" Mass="9400">
                    <Constraint Type="Hinge" MaxLimit="10" PivotOffset="(0; 0; 0)" AxisLocal="(1; 0; 0)" MinLimit="-10">
                        <Motor Spring="2800000" Type="Spring" Damping="160000">

                        </Motor>
                    </Constraint>
                        <Body _template="TieRod" ModelFrame="BoneTieRod1_cdt">
                          <Constraint MinLimit="-30" Name="TieRodSteer" MaxLimit="30" AxisLocal="(0; 0; 1)">

                          </Constraint>
                        </Body>
                        <Body Collisions="None" ModelFrame="BoneBelt_cdt" Mass="1">
                          <Constraint MinLimit="-0.02" Type="Prismatic" MaxLimit="0.06" AxisLocal="(0; 0; 1)">
                              <Motor Spring="200" Type="Spring" Damping="30">

                              </Motor>
                          </Constraint>
                        </Body>
                        <Body _template="SideMirror" ModelFrame="BoneMirrorLeft_cdt">

                        </Body>
                        <Body _template="SideMirror" ModelFrame="BoneMirrorRight_cdt">

                        </Body>
                        <Body Collisions="None" ModelFrame="BoneWire1_cdt" Mass="1">
                          <Constraint MinLimit="-65" Type="Hinge" MaxLimit="65" AxisLocal="(0; 0; 1)">
                              <Motor Spring="1" Type="Spring" Damping="0.1">

                              </Motor>
                          </Constraint>
                          <Body Collisions="None" ModelFrame="BoneWire2_cdt" Mass="1">
                                <Constraint Type="Prismatic" MaxLimit="0.1" MinLimit="-0.1" PivotOffset="(0; 0; 0)" AxisLocal="(0; 1; 0)" Collisions="None">
                                    <Motor Spring="500" Type="Spring" Damping="2.5">

                                    </Motor>
                                </Constraint>
                          </Body>
                        </Body>
                </Body>
          </Body>
      </PhysicsModel>
      <GameData Country="RU,CAS" Price="155800" UnlockByRank="1" UnlockByExploration="false">
            <CustomizationCameras>
                  <CameraPos Name="sticker_1" MaxZoom="2" MaxYRotation="360" InterestPosition="(4.289; 1.675; 1.339)" Interior="true" Position="(3.559; 4.005; -0.378)" FOV="32.0" MaxXRotation="360">

                  </CameraPos>
                  <CameraPos InterestPosition="(-0.014; 1.692; -0)" Name="addon_1" MaxXRotation="360" Position="(-8.717; 4.556; 8.243)" MaxZoom="2" FOV="32.0" MaxYRotation="360">

                  </CameraPos>
                  <CameraPos InterestPosition="(3.194; 1.807; 0)" Name="addon_2" MaxXRotation="360" Position="(-8.093; 2.337; -6.718)" MaxZoom="2" FOV="32.0" MaxYRotation="360">

                  </CameraPos>
                  <CameraPos Interior="true" Position="(3.497; 3.68; -0.138)" FOV="32.0" InterestPosition="(6.729; 3.065; 0.909)" Name="mirror_mount">

                  </CameraPos>
                  <CameraPos InterestPosition="(4.063; 2.883; 0.986)" Name="side_r" MaxXRotation="360" Position="(-3.064; 3.942; 4.021)" MaxZoom="2" FOV="32.0" MaxYRotation="360">

                  </CameraPos>
                  <CameraPos Name="hood_ornament" MaxZoom="2" MaxYRotation="360" InterestPosition="(7.717; 2.874; -1.766)" Interior="true" Position="(8.769; 3.19; -1.766)" FOV="32.0" MaxXRotation="360">

                  </CameraPos>
                  <CameraPos Interior="true" Position="(3.422; 3.885; -0.528)" FOV="32.0" InterestPosition="(6.025; 1.129; 0.321)" Name="sticker">

                  </CameraPos>
                  <CameraPos Interior="true" Position="(8.429; 4.276; 0.711)" FOV="32.0" InterestPosition="(3.877; 3.28; -0.871)" Name="glass_sticker">

                  </CameraPos>
                  <CameraPos Name="door_r_sticker" MaxZoom="2" MaxYRotation="360" InterestPosition="(5.285; 2.147; 0.378)" Interior="true" Position="(2.046; 3.039; 3.839)" FOV="32.0" MaxXRotation="360">

                  </CameraPos>
                  <CameraPos InterestPosition="(3.961; 3.673; -0.761)" Name="roof" MaxXRotation="360" Position="(8.162; 6.118; -1.689)" MaxZoom="2" FOV="32.0" MaxYRotation="360">

                  </CameraPos>
                  <CameraPos Interior="true" Position="(8.868; 5.94; -0.414)" FOV="32.0" InterestPosition="(6.203; 2.413; -0.817)" Name="capote_sticker">

                  </CameraPos>
                  <CameraPos InterestPosition="(5.735; 1.735; -0)" Name="hoods" MaxXRotation="360" Position="(13.57; 2.201; -2.971)" MaxZoom="2" FOV="32.0" MaxYRotation="360">

                  </CameraPos>
                  <CameraPos InterestPosition="(5.602; 1.899; 0)" Name="side_l" MaxXRotation="360" Position="(10.257; 4.018; 6.384)" MaxZoom="2" FOV="32.0" MaxYRotation="360">

                  </CameraPos>
                  <CameraPos Interior="true" Position="(3.307; 3.498; -0.317)" FOV="32.0" InterestPosition="(6.58; 2; 1.444)" Name="bubble_head">

                  </CameraPos>
                  <CameraPos InterestPosition="(3.931; 0.362; -0.077)" Name="wheels" MaxXRotation="360" Position="(7.574; 1.74; -7.505)" MaxZoom="2" FOV="32.0" MaxYRotation="360">

                  </CameraPos>
                  <CameraPos InterestPosition="(5.197; 1.735; -0)" Name="default" MaxXRotation="360" Position="(13.641; 1.384; -4.536)" MaxZoom="2" FOV="32.0" MaxYRotation="360">

                  </CameraPos>
                  <CameraPos InterestPosition="(0.479; 0.992; -0)" Name="rear" MaxXRotation="360" Position="(-5.767; 1.805; 2.899)" MaxZoom="2" FOV="32.0" MaxYRotation="360">

                  </CameraPos>
                  <CameraPos Interior="true" Position="(2.29; 3.182; -3.81)" FOV="32.0" InterestPosition="(3.066; 2.362; -0.591)" Name="door_l_sticker">

                  </CameraPos>
                  <CameraPos Interior="true" Position="(3.497; 3.68; -0.138)" FOV="32.0" InterestPosition="(6.729; 3.065; 0.909)" Name="curtain">

                  </CameraPos>
            </CustomizationCameras>
                <CraneSocket Pos="(4.706; 1.23; -0.786)" ParentFrame="BoneCabin_cdt">

                </CraneSocket>
                <CraneSocket Pos="(4.706; 1.23; 0.786)" ParentFrame="BoneCabin_cdt">

                </CraneSocket>
                <CraneSocket Pos="(-1.247; 1.274; -0.553)">

                </CraneSocket>
                <CraneSocket Pos="(-1.247; 1.274; 0.553)">

                </CraneSocket>
                <CraneSocket Pos="(-4.653; 1.232; 0)">

                </CraneSocket>
                  <AddonSockets>
                      <Socket Offset="(-2.517; 2.068; 0)" Names="LargeSemitrailer">

                      </Socket>
                      <Socket Offset="(-2.517; 2.068; 0)" Names="LargeSemitrailer, LargeSemitrailerOiltank">

                      </Socket>
                      <Socket Offset="(-4.653; 1.228; 0)" Names="Trailer">

                      </Socket>
                  </AddonSockets>
                  <AddonSockets>
                      <Socket Offset="(-6.3; 1.568; 0)" Names="BunkLog">

                      </Socket>
                      <Socket Offset="(-2.498; 1.568; 0)" Names="SaddleHigh">
                          <ExtraParent Offset="(0; 0; -0.134)" Frame="BoneChassis_cdt">

                          </ExtraParent>
                          <ExtraParent Offset="(0; 0; 0.134)" Frame="BoneChassis_cdt">

                          </ExtraParent>
                      </Socket>
                      <Socket NamesBlock="Trailer" Names="FrameAddonSeismicVibrator" ParentFrame="BoneChassis_cdt" Offset="(-0.08; 1.341; 0)">

                      </Socket>
                      <Socket ParentFrame="BoneChassis_cdt" Offset="(-3; 1.65; 0)" Names="FrameAddonKung">
                          <ExtraParent Offset="(0; 0; -0.3)" Frame="BoneChassis_cdt">

                          </ExtraParent>
                          <ExtraParent Offset="(0; 0; 0.3)" Frame="BoneChassis_cdt">

                          </ExtraParent>
                      </Socket>
                  </AddonSockets>
                  <AddonSockets>
                    <Socket ParentFrame="BoneCabin_cdt" Names="boar45318Bumper">

                    </Socket>
                  </AddonSockets>
                  <AddonSockets DefaultAddon="boar_45318_snorkel_default">
                    <Socket ParentFrame="BoneCabin_cdt" Names="boar45318Snorkel">

                    </Socket>
                  </AddonSockets>
                  <AddonSockets>
                    <Socket ParentFrame="BoneCabin_cdt" Names="boar45318Horn">

                    </Socket>
                  </AddonSockets>
                  <AddonSockets>
                      <Socket ParentFrame="BoneCabin_cdt" Names="boar45318Gabarite1">

                      </Socket>
                      <Socket ParentFrame="BoneCabin_cdt" Names="boar45318Gabarite2">

                      </Socket>
                  </AddonSockets>
                  <AddonSockets>
                      <Socket ParentFrame="BoneCabin_cdt" Names="boar45318DoubleBeacon">

                      </Socket>
                      <Socket ParentFrame="BoneCabin_cdt" Names="boar45318Beacon">

                      </Socket>
                  </AddonSockets>
                  <AddonSockets DefaultAddon="boar_45318_visor_default">
                    <Socket ParentFrame="BoneCabin_cdt" Names="boar45318Visor">

                    </Socket>
                  </AddonSockets>
                  <AddonSockets DefaultAddon="boar_45318_air_conditioner_default">
                    <Socket ParentFrame="BoneCabin_cdt" NamesBlock="boar45318Beacon, boar45318Gabarite1" Names="boar45318AirConditioner">

                    </Socket>
                  </AddonSockets>
                  <AddonSockets>
                    <Socket ParentFrame="BoneCabin_cdt" Names="boar45318SpotLight">

                    </Socket>
                  </AddonSockets>
                  <AddonSockets DefaultAddon="boar_45318_exhaust_default">
                    <Socket ParentFrame="BoneCabin_cdt" Names="boar45318Exhaust">

                    </Socket>
                  </AddonSockets>
                  <AddonSockets>
                    <Socket Names="StuffDashboard" InCockpit="true" ParentFrame="BoneCabin_cdt" Offset="(1.679; 3.024; 0.059)">

                    </Socket>
                  </AddonSockets>
                  <AddonSockets>
                      <Socket Names="StuffAirfreshener" InCockpit="true" ParentFrame="BoneCabin_cdt" Offset="(1.776; 3.678; 0.091)">

                      </Socket>
                      <Socket ParentFrame="BoneCabin_cdt" InCockpit="true" Names="StuffCurtainBoar45318">

                      </Socket>
                  </AddonSockets>
                  <AddonSockets>
                    <Socket ParentFrame="BoneCabin_cdt" InCockpit="true" Names="boar45318Sticker_1x1_01">

                    </Socket>
                  </AddonSockets>
                  <AddonSockets>
                    <Socket ParentFrame="BoneCabin_cdt" InCockpit="true" Names="boar45318Sticker_1x1_02">

                    </Socket>
                  </AddonSockets>
                  <AddonSockets>
                    <Socket ParentFrame="BoneCabin_cdt" InCockpit="true" Names="boar45318Sticker_1x2_01">

                    </Socket>
                  </AddonSockets>
                  <AddonSockets>
                    <Socket ParentFrame="BoneCabin_cdt" InCockpit="true" Names="boar45318Sticker_1x2_02">

                    </Socket>
                  </AddonSockets>
                  <AddonSockets>
                    <Socket ParentFrame="BoneCabin_cdt" InCockpit="true" Names="boar45318Sticker_1x2_03">

                    </Socket>
                  </AddonSockets>
                  <AddonSockets>
                    <Socket ParentFrame="BoneCabin_cdt" InCockpit="true" Names="boar45318Sticker_1x4_01">

                    </Socket>
                  </AddonSockets>
                  <AddonSockets>
                    <Socket ParentFrame="BoneCabin_cdt" InCockpit="true" Names="boar45318Sticker_GlassTop">

                    </Socket>
                  </AddonSockets>
                  <AddonSockets>
                    <Socket ParentFrame="BoneCabin_cdt" InCockpit="true" Names="boar45318Sticker_GlassBottom">

                    </Socket>
                  </AddonSockets>
                  <AddonSockets>
                    <Socket ParentFrame="BoneCabin_cdt" Names="boar45318Sticker_Door_L">

                    </Socket>
                  </AddonSockets>
                  <AddonSockets>
                    <Socket ParentFrame="BoneCabin_cdt" Names="boar45318Sticker_Door_R">

                    </Socket>
                  </AddonSockets>
                  <AddonSockets>
                    <Socket ParentFrame="BoneCabin_cdt" Names="boar45318Sticker_Capote">

                    </Socket>
                  </AddonSockets>
                  <AddonSockets DefaultAddon="stuff_hood_default_boar_45318">
                    <Socket ParentFrame="BoneCabin_cdt" Names="StuffHoodBoar45318">

                    </Socket>
                  </AddonSockets>
                  <AddonSockets DefaultAddon="boar_45318_diff_lock_default">
                    <Socket ParentFrame="BoneChassis_cdt" Offset="(0; 0; 0)" Names="Boar45318DiffLock">

                    </Socket>
                  </AddonSockets>
                    <WinchSocket Pos="(4.706; 1.23; -0.786)" ParentFrame="BoneCabin_cdt">

                    </WinchSocket>
                    <WinchSocket Pos="(4.706; 1.23; 0.786)" ParentFrame="BoneCabin_cdt">

                    </WinchSocket>
                    <WinchSocket Pos="(-1.247; 1.274; -0.553)">

                    </WinchSocket>
                    <WinchSocket Pos="(-1.247; 1.274; 0.553)">

                    </WinchSocket>
                    <WinchSocket Pos="(-4.653; 1.232; 0)">

                    </WinchSocket>
            <UiDesc UiDesc="UI_VEHICLE_BOAR_45318_DESC" UiIcon30x30="offroadVehicleImg30" UiName="UI_VEHICLE_BOAR_45318_NAME" UiIconLogo="BoarLogo80" UiIcon40x40="offroadVehicleImg" UiIcon328x458="shopImgBoar">

            </UiDesc>
      </GameData>
      <ControlledConstraints>
              <Constraint Name="TieRodSteer" IsLinkedSteering="true" Id="chassis_steer">

              </Constraint>
      </ControlledConstraints>
      <HeadLight ParentFrame="BoneCabin_cdt" _template="Default" Pos="(4.5; 1.343; 0)">

      </HeadLight>
      <Landmark Mesh="landmarks/boar_45318_lmk" MaxScale="2.5" MinScale="1.5">

      </Landmark>
      <AutomaticIK>
                      <IKBone ParentFrame="BoneTieRod1_cdt" ModelFrame="BoneTieRod2">
                        <IKBone AttachToFrame="BoneRackLeft" AttachOffset="(0; 0; 0)" ModelFrame="BoneTieRod3">
                            <IKJoint AxisLocal="(1; 0; 0)" Type="Slider">

                            </IKJoint>
                        </IKBone>
                        <IKJoint AxisLocal="(1; 0; 0)" Type="Hinge2">

                        </IKJoint>
                      </IKBone>
                      <IKBone ParentFrame="BoneAxle1" ModelFrame="BonePistonBaseLeft">
                        <IKBone AttachToFrame="BoneRackLeft" AttachOffset="(0; 0; 0)" ModelFrame="BonePistonLeft">
                            <IKJoint AxisLocal="(0; 0; 1)" Type="Slider">

                            </IKJoint>
                        </IKBone>
                        <IKJoint AxisLocal="(0; 0; 1)" Type="Hinge2">

                        </IKJoint>
                      </IKBone>
                      <IKBone ParentFrame="BoneAxle1" ModelFrame="BonePistonBaseRight">
                        <IKBone AttachToFrame="BoneRackRight" AttachOffset="(0; 0; 0)" ModelFrame="BonePistonRight">
                            <IKJoint AxisLocal="(0; 0; 1)" Type="Slider">

                            </IKJoint>
                        </IKBone>
                        <IKJoint AxisLocal="(0; 0; -1)" Type="Hinge2">

                        </IKJoint>
                      </IKBone>
      </AutomaticIK>
      <ModelAttachments>
                      <StopSignals>
                            <Flare Size="0.3" _template="StopSignal" Pos="(-4.563; 1.222; 1.135)">

                            </Flare>
                            <Flare Size="0.3" _template="StopSignal" Pos="(-4.563; 1.222; -1.135)">

                            </Flare>
                          <Light _template="StopSignal" Pos="(-4.73; 1.222; 0)">

                          </Light>
                      </StopSignals>
                      <Ignition>
                              <Flare Color="g(165; 149; 130) x 0.8" Pos="(4.6; 1.386; 1.246)" ParentFrame="BoneCabin_cdt" Size="0.4" _template="IgnitionSignalWhite">

                              </Flare>
                              <Flare Color="g(165; 149; 130) x 0.8" Pos="(4.6; 1.386; -1.246)" ParentFrame="BoneCabin_cdt" Size="0.4" _template="IgnitionSignalWhite">

                              </Flare>
                              <Flare ParentFrame="BoneChassis_cdt" Size="0.3" Pos="(-4.563; 1.222; -1.131)" _template="IgnitionSignalRed">

                              </Flare>
                              <Flare ParentFrame="BoneChassis_cdt" Size="0.3" Pos="(-4.563; 1.222; 1.131)" _template="IgnitionSignalRed">

                              </Flare>
                              <Flare Color="g(165; 149; 130) x 0.4" ParentFrame="BoneCabin_cdt" Pos="(4.466; 1.325; 1.414)" Dir="(1; 0; 0)" Size="0.2" _template="IgnitionSignalWhite">

                              </Flare>
                              <Flare Color="g(165; 149; 130) x 0.4" ParentFrame="BoneCabin_cdt" Pos="(4.466; 1.325; -1.414)" Dir="(1; 0; 0)" Size="0.2" _template="IgnitionSignalWhite">

                              </Flare>
                                <Light ParentFrame="BoneCabin_cdt" _template="IgnitionSignalWhite" Pos="(4.9; 1.386; 1.246)">

                                </Light>
                                <Light ParentFrame="BoneCabin_cdt" _template="IgnitionSignalWhite" Pos="(4.9; 1.386; -1.246)">

                                </Light>
                                <Light _template="IgnitionSignalRed" Pos="(-4.8; 1.22; -)">

                                </Light>
                      </Ignition>
                      <HeadLight>
                                <Flare Color="g(235; 225; 190) x 0.65" Pos="(4.579; 1.386; 1.246)" ParentFrame="BoneCabin_cdt" Size="0.45" _template="HeadLight">

                                </Flare>
                                <Flare Color="g(235; 225; 190) x 0.65" Pos="(4.579; 1.386; -1.246)" ParentFrame="BoneCabin_cdt" Size="0.45" _template="HeadLight">

                                </Flare>
                                <Flare ParentFrame="BoneCabin_cdt" _template="BlueStreak" Pos="(4.579; 1.386; 1.246)">

                                </Flare>
                                <Flare ParentFrame="BoneCabin_cdt" _template="BlueStreak" Pos="(4.579; 1.386; -1.246)">

                                </Flare>
                                  <Model Org="(4.579; 1.386; 1.246)" _template="HeadLightRay" ParentFrame="BoneCabin_cdt">

                                  </Model>
                                  <Model Org="(4.579; 1.386; -1.246)" _template="HeadLightRay" ParentFrame="BoneCabin_cdt">

                                  </Model>
                      </HeadLight>
                      <ReverseSignals>
                                  <Flare Color="g(245; 235; 220) x 0.6" Pos="(-4.563; 1.222; 0.893)" Size="0.4" _template="ReverseSignal">

                                  </Flare>
                                  <Flare Color="g(245; 235; 220) x 0.6" Pos="(-4.563; 1.222; -0.893)" Size="0.4" _template="ReverseSignal">

                                  </Flare>
                                  <Flare Color="g(220; 220; 255) x 0.05" Pos="(-4.563; 1.222; 0.893)" Dir="(-1; 0; 0)" Size="0.4" _template="BlueStreak">

                                  </Flare>
                                  <Flare Color="g(220; 220; 255) x 0.05" Pos="(-4.563; 1.222; -0.893)" Dir="(-1; 0; 0)" Size="0.4" _template="BlueStreak">

                                  </Flare>
                                <Light _template="ReverseSignal" Pos="(-4.566; 1.222; 0)">

                                </Light>
                      </ReverseSignals>
      </ModelAttachments>
      <TruckData EngineIconMesh="env/engine_big" EngineStartDelay="0.8" TruckType="HEAVY" ExhaustStartTime="0.9" SteerSpeed="0.025" TruckImage="Boar45318mchr" DiffLockType="Installed" Responsiveness="0.15" FuelCapacity="300" EngineIconScale="1.3" BackSteerSpeed="0.025">
                        <Driver ParentFrame="BoneCabin_cdt" SteeringWheelPos="(1.368; 2.961; 0.507)" Pos="(0.912; 2.636; 0.51)" AnimationSet="Truck">

                        </Driver>
                        <Shafts>
                                <Shaft SocketPointB="Shaft1b" SocketPointA="Shaft1a">

                                </Shaft>
                                <Shaft SocketPointB="Shaft2b" SocketPointA="Shaft2a">

                                </Shaft>
                                <Shaft SocketPointB="Shaft3b" SocketPointA="Shaft3a">

                                </Shaft>
                                <Shaft SocketPointB="Shaft4b" SocketPointA="Shaft4a">

                                </Shaft>
                        </Shafts>
                        <FuelTank DamageCapacity="120">

                        </FuelTank>
                        <Dashboard>
                                    <Gauge Org="(1.577; 2.913; 0.568)" OutputAngles="(-121; 116)" Mesh="trucks/arrows/boar_45318_arrow_2" Damping="0.99" InputRange="(0;1)" InputType="rpm" Dir="(-0.937; 0.35; 0)">

                                    </Gauge>
                                    <Gauge Org="(1.576; 2.914; 0.44)" OutputAngles="(-121; 117)" Dir="(-0.936; 0.351; 0)" InputType="speed" Mesh="trucks/arrows/boar_45318_arrow_2" InputRange="(0;120)">

                                    </Gauge>
                                    <Gauge Org="(1.599; 2.975; 0.727)" OutputAngles="(-49; 15)" Mesh="trucks/arrows/boar_45318_arrow_3" Damping="0.99" InputRange="(0;1)" InputType="engineEnabled" Dir="(-0.94; 0.342; -0.007)">

                                    </Gauge>
                                    <Gauge Org="(1.598; 2.972; 0.654)" OutputAngles="(-45; 8)" Mesh="trucks/arrows/boar_45318_arrow_3" Damping="0.99" InputRange="(0;1)" InputType="engineEnabled" Dir="(-0.94; 0.342; -0.007)">

                                    </Gauge>
                                    <Gauge Org="(1.57; 2.897; 0.697)" OutputAngles="(-53; 54)" Mesh="trucks/arrows/boar_45318_arrow_3" Damping="0.99" InputRange="(0;1)" InputType="fuel" Dir="(-0.936; 0.351; -0.007)">

                                    </Gauge>
                                    <Gauge Org="(1.598; 2.973; 0.351)" OutputAngles="(-47; -6)" Mesh="trucks/arrows/boar_45318_arrow_3" Damping="0.99" InputRange="(0;1)" InputType="engineEnabled" Dir="(-0.94; 0.342; -0.007)">

                                    </Gauge>
                                    <Gauge Org="(1.598; 2.973; 0.277)" OutputAngles="(-49; 7)" Mesh="trucks/arrows/boar_45318_arrow_3" Damping="0.99" InputRange="(0;1)" InputType="engineEnabled" Dir="(-0.94; 0.341; -0.007)">

                                    </Gauge>
                                    <Gauge Org="(1.57; 2.898; 0.312)" OutputAngles="(-51; 31)" Mesh="trucks/arrows/boar_45318_arrow_3" Damping="0.99" InputRange="(0;1)" InputType="engineEnabled" Dir="(-0.94; 0.342; -0.007)">

                                    </Gauge>
                                    <Gauge Org="(1.515; 2.751; 0.654)" OutputAngles="(-123; 69)" Mesh="trucks/arrows/boar_45318_arrow_1" Damping="0.99" InputRange="(0;1)" InputType="engineEnabled" Dir="(-0.937; 0.349; 0.004)">

                                    </Gauge>
                                    <Gauge Org="(1.515; 2.751; 0.345)" OutputAngles="(-124; 47)" Mesh="trucks/arrows/boar_45318_arrow_1" Damping="0.99" InputRange="(0;1)" InputType="engineEnabled" Dir="(-0.937; 0.35; 0.004)">

                                    </Gauge>
                        </Dashboard>
                        <SoundsWheels _template="Default">

                        </SoundsWheels>
                        <GearboxSocket Default="g_truck_default" Type="gearboxes_trucks">

                        </GearboxSocket>
                                      <Steam Origin="(3.326; 2.044; 0)" ParentFrame="BoneCabin_cdt">

                                      </Steam>
                                      <Steam Origin="(0.029; 1.122; 0)" ParentFrame="BoneCabin_cdt">

                                      </Steam>
                        <Sounds DisableReversePitch="true" MinDist="15.0" Origin="(2.915; 2.15; 0)" ParentFrame="BoneCabin_cdt" AirHissInterval="12.0" _template="Default">
                                          <BrakesSqueal Sound="trucks/boar_45318/boar_45318_brakes_squeal">

                                          </BrakesSqueal>
                                          <AbruptStop Sound="trucks/common/truck_swing_big_rnd_set/truck_swing_big_rnd">

                                          </AbruptStop>
                                          <EngineLow Sound="trucks/boar_45318/boar_45318_low">

                                          </EngineLow>
                                          <EngineRev Sound="trucks/boar_45318/boar_45318_rev">

                                          </EngineRev>
                                          <EngineAccel Sound="trucks/boar_45318/boar_45318_acc">

                                          </EngineAccel>
                                          <Honk Sound="trucks/boar_45318/boar_45318_honk">

                                          </Honk>
                                          <EngineStop Sound="trucks/boar_45318/boar_45318_stop">

                                          </EngineStop>
                                          <Handbrake Sound="trucks/boar_45318/boar_45318_handbrake_on">

                                          </Handbrake>
                                          <EngineIdle_2d IsSound2D="true" Sound="trucks/boar_45318/boar_45318_idle_2d">

                                          </EngineIdle_2d>
                                          <EngineTrans Sound="">

                                          </EngineTrans>
                                          <EngineHeavy_2d IsSound2D="true" Sound="">

                                          </EngineHeavy_2d>
                                          <ChassisStress Sound="trucks/common/truck_stress_rnd_set/truck_stress_rnd">

                                          </ChassisStress>
                                          <Reverse Sound="trucks/boar_45318/boar_45318_back_beeper">

                                          </Reverse>
                                          <EngineHigh_2d IsSound2D="true" Sound="trucks/boar_45318/boar_45318_high_2d">

                                          </EngineHigh_2d>
                                          <EngineIdle Sound="trucks/boar_45318/boar_45318_idle">

                                          </EngineIdle>
                                          <HandbrakeOff Sound="trucks/boar_45318/boar_45318_handbrake_off">

                                          </HandbrakeOff>
                                          <EngineHigh Sound="trucks/boar_45318/boar_45318_high">

                                          </EngineHigh>
                                          <EngineLow_2d IsSound2D="true" Sound="trucks/boar_45318/boar_45318_low_2d">

                                          </EngineLow_2d>
                                          <EngineHeavy Sound="">

                                          </EngineHeavy>
                                          <BrakeRelease Sound="trucks/boar_45318/boar_45318_brake_release">

                                          </BrakeRelease>
                                          <EngineStart Sound="trucks/boar_45318/boar_45318_start">

                                          </EngineStart>
                        </Sounds>
                        <Intake Size="1" Origin="(4.222; 1.83; 0)" Dir="(1; 0; 0)">

                        </Intake>
                        <SoundsDamage _template="Heavy">

                        </SoundsDamage>
                                              <LimitedFluid Type="Box" SizeX="1.111" Center="(-0.554; 1.09; -1.152)" ParentFrame="BoneChassis_cdt" SizeY="0.848" SizeZ="0.802">

                                              </LimitedFluid>
                                              <LimitedFluid Type="Box" SizeX="1.111" Center="(-0.554; 1.09; 1.152)" ParentFrame="BoneChassis_cdt" SizeY="0.848" SizeZ="0.802">

                                              </LimitedFluid>
                        <Camera ParentFrame="BoneCabin_cdt" Center="(-1.5; 0; 0)">
                                                  <Cockpit WindshieldShadingTexture="trucks/boar_45318_glass__sh_d.tga" WindshieldDiffuseTexture="trucks/boar_45318_glass__d_a.tga" _template="Default" ViewPos="(0.95; 3.347; 0.513)">
                                                        <Mirror FOVScale="2.5" Pos="(1.742; 3.299; 1.938)" ClipDir="(-0.785; 0.007; -0.62)" ReflectionDir="(-0.909; 0.007; -0.416)" Size="(0.29; 0.56)" ClipOffset="0.1" MeshFrame="mirror_left">

                                                        </Mirror>
                                                        <Mirror FOVScale="2.5" Pos="(1.68; 3.299; -1.899)" ClipDir="(-0.653; 0.003; 0.757)" ReflectionDir="(-0.793; 0.003; 0.61)" Size="(0.29; 0.56)" ClipOffset="0.1" MeshFrame="mirror_right">

                                                        </Mirror>
                                                  </Cockpit>
                        </Camera>
                        <SuspensionSocket Default="boar_45318_suspension_default" Type="s_boar_45318" MaxWheelRadiusWithoutSuspension="0.75">

                        </SuspensionSocket>
                        <Wheels DefaultTire="offroad_1" DefaultWheelType="wheels_medium_double" DefaultRim="rim_1">
                                                        <Wheel _template="FrontWheel" Pos="(2.52; 0.664; 1.332)">

                                                        </Wheel>
                                                        <Wheel Pos="(2.52; 0.664; 1.332)" _template="FrontWheel" RightSide="true">

                                                        </Wheel>
                                                        <Wheel _template="RearWheel" Pos="(-2.269; 0.664; 1.069)">

                                                        </Wheel>
                                                        <Wheel Pos="(-2.269; 0.664; 1.069)" _template="RearWheel" RightSide="true">

                                                        </Wheel>
                                                        <Wheel _template="RearWheel" Pos="(-3.811; 0.664; 1.069)">

                                                        </Wheel>
                                                        <Wheel Pos="(-3.811; 0.664; 1.069)" _template="RearWheel" RightSide="true">

                                                        </Wheel>
                        </Wheels>
                        <Axles>
                                                          <Axle Frame="BoneAxle1">

                                                          </Axle>
                                                          <Axle Frame="BoneAxle2">

                                                          </Axle>
                                                          <Axle Frame="BoneAxle3">

                                                          </Axle>
                        </Axles>
                        <Damage>
                                                            <DamageArea Max="(4.457; 2.73; 0.932)" Type="Engine" ParentFrame="BoneCabin_cdt" Min="(1.916; 1.145; -0.932)">

                                                            </DamageArea>
                                                            <DamageArea Max="(0.014; 1.53; 1.57)" Type="FuelTank" ParentFrame="BoneChassis_cdt" Min="(-1.125; 0.56; -1.57)">

                                                            </DamageArea>
                        </Damage>
                        <OcclusionMap HalfSizeZ="2.15" MinX="-5.25" MaxX="5.20">

                        </OcclusionMap>
                        <EngineSocket Default="ru_special_engine_0" Type="e_ru_special">

                        </EngineSocket>
                        <WinchUpgradeSocket Default="w_heavy_trucks_default" IsUpgradable="true" Type="winches_heavy_trucks">

                        </WinchUpgradeSocket>
                        <SteeringWheel Frame="BoneSteering">

                        </SteeringWheel>
                                                                  <CompatibleWheels OffsetZ="0.04" RearOffsetZ="0.06" Scale="0.69" Type="wheels_medium_double">

                                                                  </CompatibleWheels>
                                                                  <CompatibleWheels Type="wheels_medium_double" RearOffsetZ="0.08" Scale="0.74">

                                                                  </CompatibleWheels>
                                                                  <CompatibleWheels Type="wheels_heavy_double2" RearOffsetZ="0.1" Scale="0.74">

                                                                  </CompatibleWheels>
                        <SteeringRack RackHalfSizeZ="1.009" Frame="BoneRack" FrameSteerLeft="BoneRackLeft" FrameSteerRight="BoneRackRight">

                        </SteeringRack>
      </TruckData>
  </Truck>
  <_templates Include="trucks">
        <Wheel>
            <RearWheel Torque="default" Location="rear" ConnectedToHandbrake="true">

            </RearWheel>
            <FrontWheel SteeringCastor="8" Torque="full" ParentFrame="BoneCabin_cdt" SteeringJointOffset="0.2" SteeringAngle="37" Location="front">

            </FrontWheel>
        </Wheel>
        <Body>
              <SideMirror Collisions="None" Mass="5">
                  <Constraint MinLimit="-5" Type="Hinge" MaxLimit="5" AxisLocal="(0; 1; 0)">
                      <Motor Spring="300" Type="Spring" Damping="5">

                      </Motor>
                  </Constraint>
              </SideMirror>
        </Body>
        <Flare>
                <IgnitionSignalOrange Color="g(255; 140; 0) x 0.3" AspectRatio="1.4" DirAngle="135" Dir="(0; 1; 0)" Size="0.1" ColorMultAtDay="0.6">

                </IgnitionSignalOrange>
        </Flare>
  </_templates>