  <Truck>
      <PhysicsModel Mesh="trucks/paystar_5600ts">
          <NetSync Legacy="false">

          </NetSync>
          <Body CenterOfMassOffset="(0.5; 0; 0)" ImpactType="Truck" NetSync="pv" ModelFrame="BoneChassis_cdt" Mass="10200">
                  <Body _template="Mudguard" ModelFrame="BoneMudguardRL_cdt">
                    <Constraint MaxLimit="5" AxisLocal="(1; 0; 0)" MinLimit="-5">
                        <Motor Spring="3000" Type="Spring" Damping="5">

                        </Motor>
                    </Constraint>
                    <Body _template="Mudguard" ModelFrame="BoneMudguardRL2_cdt">
                          <Constraint MaxLimit="13" AxisLocal="(0; 0; 1)" MinLimit="-45">
                              <Motor Spring="10" Type="Spring" Damping="0">

                              </Motor>
                          </Constraint>
                    </Body>
                  </Body>
                  <Body _template="Mudguard" ModelFrame="BoneMudguardRR_cdt">
                    <Constraint MaxLimit="5" AxisLocal="(1; 0; 0)" MinLimit="-5">
                        <Motor Spring="3000" Type="Spring" Damping="3">

                        </Motor>
                    </Constraint>
                    <Body _template="Mudguard" ModelFrame="BoneMudguardRR2_cdt">
                          <Constraint MaxLimit="13" AxisLocal="(0; 0; 1)" MinLimit="-45">
                              <Motor Spring="15" Type="Spring" Damping="3">

                              </Motor>
                          </Constraint>
                    </Body>
                  </Body>
                  <Body CenterOfMassOffset="(1; 0; 0)" ModelFrame="BoneCabin_cdt" NetSync="pv" _template="Twist" Mass="4000">
                      <Body ModelFrame="BoneCabinSusp_cdt" CenterOfMassOffset="(0.7; 0.5; 0)" Mass="5000">
                        <Constraint MinLimit="-0.03" Type="Prismatic" MaxLimit="0.06" AxisLocal="(0; 1; 0)">
                            <Motor Spring="3500000" Type="Spring" Damping="500000">

                            </Motor>
                        </Constraint>
                            <Body _template="MirrorRagdoll" ModelFrame="BoneMirrorFL_cdt">

                            </Body>
                            <Body _template="MirrorRagdoll" ModelFrame="BoneMirrorFR_cdt">

                            </Body>
                            <Body _template="SunShield" ModelFrame="BoneSunshieldL_cdt">

                            </Body>
                            <Body _template="SunShield" ModelFrame="BoneSunshieldR_cdt">

                            </Body>
                            <Body _template="SideMirror" ModelFrame="BoneMirrorLeft_cdt">
                                <Body CenterOfMassOffset="(0; 0; 0)" ImpactType="Truck" ModelFrame="BoneMirrorWire1_cdt" Collisions="None" Mass="4">
                                  <Constraint Type="Hinge" MaxLimit="86" PivotOffset="(0; 0; 0)" AxisLocal="(0; 0; 1)" MinLimit="-20">
                                      <Motor Spring="1.2" Type="Spring" Damping=".1">

                                      </Motor>
                                  </Constraint>
                                </Body>
                                <Body _template="Antenna" ModelFrame="BoneAntenna_cdt">

                                </Body>
                            </Body>
                            <Body _template="SideMirror" ModelFrame="BoneMirrorRight_cdt">

                            </Body>
                            <Body Collisions="None" ModelFrame="BoneKeyfob_cdt" Mass="0.05">
                              <Constraint Type="Ragdoll" PlaneAxisLocal="(0; 0; 1)" PlaneMax="20" PlaneMin="-20" Cone="20" TwistAxisLocal="(0; 1; 0)">
                                  <PlaneMotor Spring="5" Type="Spring" Damping=".1">

                                  </PlaneMotor>
                                  <ConeMotor Spring="5" Type="Spring" Damping=".1">

                                  </ConeMotor>
                              </Constraint>
                            </Body>
                            <Body CenterOfMassOffset="(0; 0; 0)" ImpactType="Truck" ModelFrame="BoneRadioWire1_cdt" Collisions="None" Mass="1">
                              <Constraint Type="Hinge" MaxLimit="80" PivotOffset="(0; 0; 0)" AxisLocal="(0; 0; 1)" MinLimit="-80">
                                  <Motor Spring="1" Type="Spring" Damping=".5">

                                  </Motor>
                              </Constraint>
                              <Body Collisions="None" ModelFrame="BoneRadioWire2_cdt" Mass="1">
                                    <Constraint LinearLimitsZ="(-0.1;0.1)" Type="Fixed" LinearLimitsY="(-0.05;0.05)" LinearLimitsX="(-0.02;0.02)">
                                        <Motor Spring="500" Type="Spring" Damping="5">

                                        </Motor>
                                    </Constraint>
                              </Body>
                            </Body>
                      </Body>
                      <Body _template="Mudguard" ModelFrame="BoneMudguardFL1_cdt">
                        <Constraint MaxLimit="3" AxisLocal="(0; 0; 1)" MinLimit="-40">
                            <Motor Spring="30" Type="Spring" Damping="0">

                            </Motor>
                        </Constraint>
                      </Body>
                      <Body _template="Mudguard" ModelFrame="BoneMudguardFL2_cdt">
                        <Constraint MaxLimit="11" AxisLocal="(0; 0; 1)" MinLimit="-12">
                            <Motor Spring="30" Type="Spring" Damping="0">

                            </Motor>
                        </Constraint>
                      </Body>
                      <Body _template="Mudguard" ModelFrame="BoneMudguardFR1_cdt">
                        <Constraint MaxLimit="3" AxisLocal="(0; 0; 1)" MinLimit="-30">
                            <Motor Spring="30" Type="Spring" Damping="0">

                            </Motor>
                        </Constraint>
                      </Body>
                      <Body _template="Mudguard" ModelFrame="BoneMudguardFR2_cdt">
                        <Constraint MaxLimit="11" AxisLocal="(0; 0; 1)" MinLimit="-15">
                            <Motor Spring="30" Type="Spring" Damping="0">

                            </Motor>
                        </Constraint>
                      </Body>
                      <Body _template="TieRodL" ModelFrame="BoneTieRodL1_cdt">
                        <Constraint Name="TieRodSteerL1">

                        </Constraint>
                      </Body>
                      <Body _template="TieRodR" ModelFrame="BoneTieRodR1_cdt">
                        <Constraint Name="TieRodSteerR1">

                        </Constraint>
                      </Body>
                      <Body _template="TieRodL" ModelFrame="BoneTieRodL2_cdt">
                        <Constraint Name="TieRodSteerL2">

                        </Constraint>
                      </Body>
                      <Body _template="TieRodR" ModelFrame="BoneTieRodR2_cdt">
                        <Constraint Name="TieRodSteerR2">

                        </Constraint>
                      </Body>
                  </Body>
          </Body>
      </PhysicsModel>
      <GameData Country="US" ExcludeAddons="frame_addon_sideboard_2" Price="102600" UnlockByRank="1" UnlockByExploration="true">
            <CustomizationCameras>
                  <CameraPos Interior="true" Position="(7.274; 6.491; -0.228)" FOV="32.0" InterestPosition="(5.267; 2.724; -0.813)" Name="roof_sticker">

                  </CameraPos>
                  <CameraPos Interior="true" Position="(4.576; 2.395; -0.542)" FOV="32.0" InterestPosition="(5.586; 1.912; 1.193)" Name="sticker_1">

                  </CameraPos>
                  <CameraPos InterestPosition="(-2.629; 1.692; -0)" Name="addon_1" MaxXRotation="360" Position="(-11.556; 4.444; 8.243)" MaxZoom="2" FOV="32.0" MaxYRotation="360">

                  </CameraPos>
                  <CameraPos InterestPosition="(3.194; 1.807; 0)" Name="addon_2" MaxXRotation="360" Position="(-8.093; 2.337; -6.718)" MaxZoom="2" FOV="32.0" MaxYRotation="360">

                  </CameraPos>
                  <CameraPos Interior="true" Position="(4.19; 2.68; -0.513)" FOV="32.0" InterestPosition="(7.164; 2.597; 0.002)" Name="mirror_mount">

                  </CameraPos>
                  <CameraPos InterestPosition="(5.613; 2.384; 0.246)" Name="side_r" MaxXRotation="360" Position="(9.535; 3.452; 4.053)" MaxZoom="2" FOV="32.0" MaxYRotation="360">

                  </CameraPos>
                  <CameraPos Interior="true" Position="(4.598; 2.413; 0.144)" FOV="32.0" InterestPosition="(6.581; 1.692; 2.100)" Name="sticker">

                  </CameraPos>
                  <CameraPos Interior="true" Position="(9.104; 3.254; 0.614)" FOV="32.0" InterestPosition="(5.32; 2.634; -0.821)" Name="glass_sticker">

                  </CameraPos>
                  <CameraPos Interior="true" Position="(3.874; 2.163; 2.761)" FOV="32.0" InterestPosition="(7.275; 1.4; -0.737)" Name="door_r_sticker">

                  </CameraPos>
                  <CameraPos InterestPosition="(4.758; 2.358; -0)" Name="roof" MaxXRotation="360" Position="(10.787; 4.806; -3.717)" MaxZoom="2" FOV="32.0" MaxYRotation="360">

                  </CameraPos>
                  <CameraPos Interior="true" Position="(9.225; 5.807; -0.367)" FOV="32.0" InterestPosition="(5.501; 0.274; -0.49)" Name="capote_sticker">

                  </CameraPos>
                  <CameraPos InterestPosition="(5.997; 1.735; 0)" Name="hoods" MaxXRotation="360" Position="(13.57; 1.44; -3.425)" MaxZoom="2" FOV="32.0" MaxYRotation="360">

                  </CameraPos>
                  <CameraPos Interior="true" Position="(4.332; 2.736; -0.615)" FOV="32.0" InterestPosition="(6.414; 2.642; 0.324)" Name="sticker_2">

                  </CameraPos>
                  <CameraPos InterestPosition="(6.27; 2.278; 0)" Name="side_l" MaxXRotation="360" Position="(11.866; 5.284; -4.55)" MaxZoom="2" FOV="32.0" MaxYRotation="360">

                  </CameraPos>
                  <CameraPos Interior="true" Position="(4.557; 2.664; -0.329)" FOV="32.0" InterestPosition="(10.038; 1.131; 1.086)" Name="bubble_head">

                  </CameraPos>
                  <CameraPos InterestPosition="(3.716; 0.535; 0.075)" Name="wheels" MaxXRotation="360" Position="(9.423; 1.45; -4.393)" MaxZoom="2" FOV="32.0" MaxYRotation="360">

                  </CameraPos>
                  <CameraPos InterestPosition="(5.197; 1.735; -0)" Name="default" MaxXRotation="360" Position="(13.641; 1.384; -4.536)" MaxZoom="2" FOV="32.0" MaxYRotation="360">

                  </CameraPos>
                  <CameraPos InterestPosition="(0.479; 0.992; -0)" Name="rear" MaxXRotation="360" Position="(-5.767; 1.805; 2.899)" MaxZoom="2" FOV="32.0" MaxYRotation="360">

                  </CameraPos>
                  <CameraPos Interior="true" Position="(3.906; 2.23; -2.734)" FOV="32.0" InterestPosition="(5.93; 1.335; 1.608)" Name="door_l_sticker">

                  </CameraPos>
                  <CameraPos Interior="true" Position="(8.972; 2.439; -1.708)" FOV="32.0" InterestPosition="(7.921; 2.123; -1.708)" Name="hood_ornament">

                  </CameraPos>
                  <CameraPos Interior="true" Position="(4.19; 2.68; -0.513)" FOV="32.0" InterestPosition="(7.164; 2.597; 0.002)" Name="curtain">

                  </CameraPos>
            </CustomizationCameras>
                <CraneSocket Pos="(6.229; 0.997; 0)" ParentFrame="BoneCabin_cdt">

                </CraneSocket>
                <CraneSocket Pos="(-5.889; 0.978; 0)">

                </CraneSocket>
                <CraneSocket Pos="(0.385; 1.072; 0.469)">

                </CraneSocket>
                <CraneSocket Pos="(0.385; 1.072; -0.469)">

                </CraneSocket>
                  <AddonSockets>
                    <Socket Offset="(1.9; 1.136; 0)" NamesBlock="FrameAddonLogMediumHigh, SemitrailerOiltank, BigCraneUs, MinicraneUS, FrameAddon3, FrameAddonSideboard3, FrameAddonTankLong, FrameAddonKung" Names="LogLift">

                    </Socket>
                  </AddonSockets>
                  <AddonSockets>
                      <Socket NamesBlock="FrameAddonKung, Trailer" Offset="(-1.85; 1.14; 0)" Names="FrameAddonTowPlatform">

                      </Socket>
                      <Socket Offset="(-6.097; 1.14; 0)" Names="BunkLog">

                      </Socket>
                      <Socket Offset="(-2.857; 1.136; 0)" Names="FrameAddonLogShort">

                      </Socket>
                      <Socket Offset="(-1.89; 1.136; 0)" Names="FrameAddonLogMediumHigh">

                      </Socket>
                      <Socket Offset="(-3.98; 1.135; 0)" Names="SaddleLow">
                          <ExtraParent Offset="(0; 0; -0.01)" Frame="BoneChassis_cdt">

                          </ExtraParent>
                          <ExtraParent Offset="(0; 0; 0.01)" Frame="BoneChassis_cdt">

                          </ExtraParent>
                      </Socket>
                      <Socket ParentFrame="BoneChassis_cdt" Offset="(-2.226; 1.135; 0)" Names="FrameAddon3">
                        <AddonsShift Types="MinicraneUS" Offset="(-0.43; 0; 0)">

                        </AddonsShift>
                      </Socket>
                      <Socket ParentFrame="BoneChassis_cdt" Offset="(-2.05; 1.135; 0)" Names="FrameAddonSideboard3">
                        <AddonsShift Types="MinicraneUS" Offset="(-0.745; 0; 0)">

                        </AddonsShift>
                      </Socket>
                      <Socket ParentFrame="BoneChassis_cdt" Offset="(-1.85; 1.135; 0)" Names="FrameAddonTankLong">
                        <ExtraParent Frame="BoneCabin_cdt">

                        </ExtraParent>
                      </Socket>
                      <Socket Offset="(-3.8; 1.215; 0)" Names="BigCraneUs">
                          <ExtraParent Offset="(0; -0.08; 0)" Frame="BoneChassis_cdt">

                          </ExtraParent>
                          <ExtraParent Offset="(0; -0.08; 0)" Frame="BoneChassis_cdt">

                          </ExtraParent>
                      </Socket>
                  </AddonSockets>
                  <AddonSockets>
                    <Socket NamesBlock="FrameAddonLogMediumHigh, BunkLog, FrameAddonLogShort, FrameAddon3, FrameAddonSideboard3, FrameAddonTankLong, BigCraneUs, SemitrailerOiltank" Names="FrameAddonKung" ParentFrame="BoneCabin_cdt" Offset="(-0.15; 1.221; 0)">
                          <ExtraParent Offset="(0; 0; -0.1)" Frame="BoneChassis_cdt">

                          </ExtraParent>
                          <ExtraParent Offset="(0; 0; 0.1)" Frame="BoneChassis_cdt">

                          </ExtraParent>
                    </Socket>
                  </AddonSockets>
                  <AddonSockets>
                    <Socket NamesBlock="BigCraneUs, FrameAddonTankLong, FrameAddonKung" Names="MinicraneUS" ParentFrame="BoneCabin_cdt" Offset="(1.8; 1.135; 0)">

                    </Socket>
                  </AddonSockets>
                  <AddonSockets>
                      <Socket Offset="(-3.98; 1.44; 0)" Names="Semitrailer, SemitrailerOiltank">

                      </Socket>
                      <Socket Offset="(-5.935; 0.98; 0)" Names="Trailer">

                      </Socket>
                  </AddonSockets>
                  <AddonSockets DefaultAddon="paystar_5600ts_bumper_default">
                    <Socket ParentFrame="BoneCabin_cdt" Names="paystar5600TsBumper">

                    </Socket>
                  </AddonSockets>
                  <AddonSockets DefaultAddon="paystar_5600ts_exhaust_default">
                    <Socket ParentFrame="BoneCabin_cdt" Names="paystar5600TsExhaust">

                    </Socket>
                  </AddonSockets>
                  <AddonSockets DefaultAddon="paystar_5600ts_gabarite_1">
                    <Socket ParentFrame="BoneCabinSusp_cdt" Names="paystar5600TsGabarite1">

                    </Socket>
                  </AddonSockets>
                  <AddonSockets DefaultAddon="paystar_5600ts_gabarite_2">
                    <Socket ParentFrame="BoneCabinSusp_cdt" Names="paystar5600TsGabarite2">

                    </Socket>
                  </AddonSockets>
                  <AddonSockets>
                    <Socket ParentFrame="BoneCabinSusp_cdt" Names="paystar5600TsSnorkel">

                    </Socket>
                  </AddonSockets>
                  <AddonSockets>
                    <Socket ParentFrame="BoneCabinSusp_cdt" Names="paystar5600TsSpotlight">

                    </Socket>
                  </AddonSockets>
                  <AddonSockets>
                      <Socket ParentFrame="BoneCabinSusp_cdt" NamesBlock="paystar5600TsConditioner" Names="paystar5600TsBeacon1">

                      </Socket>
                      <Socket ParentFrame="BoneCabinSusp_cdt" Names="paystar5600TsBeacon2">

                      </Socket>
                  </AddonSockets>
                  <AddonSockets>
                      <Socket ParentFrame="BoneCabinSusp_cdt" Names="paystar5600TsVisor1">

                      </Socket>
                      <Socket ParentFrame="BoneCabinSusp_cdt" NamesBlock="paystar5600TsGabarite1, paystar5600TsGabarite2" Names="paystar5600TsVisor2">

                      </Socket>
                  </AddonSockets>
                  <AddonSockets>
                    <Socket ParentFrame="BoneCabinSusp_cdt" Names="paystar5600TsHorn">

                    </Socket>
                  </AddonSockets>
                  <AddonSockets>
                    <Socket ParentFrame="BoneCabinSusp_cdt" Names="paystar5600TsConditioner">

                    </Socket>
                  </AddonSockets>
                  <AddonSockets>
                    <Socket Names="StuffDashboard" InCockpit="true" ParentFrame="BoneCabinSusp_cdt" Offset="(4.549; 2.333; 0.217)">

                    </Socket>
                  </AddonSockets>
                  <AddonSockets>
                    <Socket ParentFrame="BoneCabinSusp_cdt" InCockpit="true" Names="paystar5600TsSticker_1x1_01">

                    </Socket>
                  </AddonSockets>
                  <AddonSockets>
                    <Socket ParentFrame="BoneCabinSusp_cdt" InCockpit="true" Names="paystar5600TsSticker_1x1_02">

                    </Socket>
                  </AddonSockets>
                  <AddonSockets>
                    <Socket ParentFrame="BoneCabinSusp_cdt" InCockpit="true" Names="paystar5600TsSticker_1x1_03">

                    </Socket>
                  </AddonSockets>
                  <AddonSockets>
                    <Socket ParentFrame="BoneCabinSusp_cdt" InCockpit="true" Names="paystar5600TsSticker_1x1_04">

                    </Socket>
                  </AddonSockets>
                  <AddonSockets>
                    <Socket ParentFrame="BoneCabinSusp_cdt" InCockpit="true" Names="paystar5600TsSticker_1x2_01">

                    </Socket>
                  </AddonSockets>
                  <AddonSockets>
                    <Socket ParentFrame="BoneCabinSusp_cdt" InCockpit="true" Names="paystar5600TsSticker_1x2_02">

                    </Socket>
                  </AddonSockets>
                  <AddonSockets>
                    <Socket ParentFrame="BoneCabinSusp_cdt" InCockpit="true" Names="paystar5600TsSticker_GlassTop">

                    </Socket>
                  </AddonSockets>
                  <AddonSockets>
                    <Socket ParentFrame="BoneCabinSusp_cdt" InCockpit="true" Names="paystar5600TsSticker_GlassBottom">

                    </Socket>
                  </AddonSockets>
                  <AddonSockets>
                    <Socket ParentFrame="BoneCabinSusp_cdt" Names="paystar5600TsSticker_Door_R">

                    </Socket>
                  </AddonSockets>
                  <AddonSockets>
                    <Socket ParentFrame="BoneCabinSusp_cdt" Names="paystar5600TsSticker_Door_L">

                    </Socket>
                  </AddonSockets>
                  <AddonSockets>
                    <Socket ParentFrame="BoneCabinSusp_cdt" Names="paystar5600TsSticker_Capote">

                    </Socket>
                  </AddonSockets>
                  <AddonSockets>
                    <Socket ParentFrame="BoneCabinSusp_cdt" Names="paystar5600TsSticker_Roof">

                    </Socket>
                  </AddonSockets>
                  <AddonSockets>
                      <Socket Names="StuffAirfreshener" InCockpit="true" ParentFrame="BoneCabinSusp_cdt" Offset="(4.326; 2.842; 0.733)">

                      </Socket>
                      <Socket ParentFrame="BoneCabinSusp_cdt" InCockpit="true" Names="StuffCurtainPaystar5600ts">

                      </Socket>
                  </AddonSockets>
                  <AddonSockets>
                    <Socket ParentFrame="BoneCabinSusp_cdt" Names="StuffHoodPaystar5600Ts">

                    </Socket>
                  </AddonSockets>
                  <AddonSockets DefaultAddon="paystar_5600ts_diff_lock_default">
                    <Socket ParentFrame="BoneChassis_cdt" Offset="(0; 0; 0)" Names="Paystar5600TSDiffLock">

                    </Socket>
                  </AddonSockets>
                  <AddonSockets DefaultAddon="paystar_5600ts_transferbox_default">
                    <Socket ParentFrame="BoneChassis_cdt" Offset="(0; 0; 0)" Names="Paystar5600TsTransferBox">
                          <ExtraParent Frame="BoneCabin_cdt">

                          </ExtraParent>
                          <ExtraParent Frame="BoneTieRodL1_cdt">

                          </ExtraParent>
                          <ExtraParent Frame="BoneTieRodR1_cdt">

                          </ExtraParent>
                          <ExtraParent Frame="BoneTieRodL2_cdt">

                          </ExtraParent>
                          <ExtraParent Frame="BoneTieRodR2_cdt">

                          </ExtraParent>
                          <ExtraParent Frame="BoneTieRodL1_IK1">

                          </ExtraParent>
                          <ExtraParent Frame="BoneTieRodL1_IK1b">

                          </ExtraParent>
                          <ExtraParent Frame="BoneTieRod_L2_IK1">

                          </ExtraParent>
                          <ExtraParent Frame="BoneTieRod_L2_IK1b">

                          </ExtraParent>
                          <ExtraParent Frame="BoneTieRod_L2_IK2">

                          </ExtraParent>
                          <ExtraParent Frame="BoneTieRod_L2_IK2b">

                          </ExtraParent>
                          <ExtraParent Frame="BoneIKPistonFrontLa">

                          </ExtraParent>
                          <ExtraParent Frame="BoneIKPistonFrontLb">

                          </ExtraParent>
                          <ExtraParent Frame="BoneTieRod_R2_IK1">

                          </ExtraParent>
                          <ExtraParent Frame="BoneTieRod_R2_IK1b">

                          </ExtraParent>
                          <ExtraParent Frame="BoneTieRod_R2_IK2">

                          </ExtraParent>
                          <ExtraParent Frame="BoneTieRod_R2_IK2b">

                          </ExtraParent>
                          <ExtraParent Frame="BoneIKPistonFrontRa">

                          </ExtraParent>
                          <ExtraParent Frame="BoneIKPistonFrontRb">

                          </ExtraParent>
                          <ExtraParent Frame="BoneTieRodR1_IK1">

                          </ExtraParent>
                          <ExtraParent Frame="BoneTieRodR1_IK1b">

                          </ExtraParent>
                          <ExtraParent Frame="BoneAxleFront1">

                          </ExtraParent>
                          <ExtraParent Frame="BoneRackL1">

                          </ExtraParent>
                          <ExtraParent Frame="BoneRackR1">

                          </ExtraParent>
                          <ExtraParent Frame="BoneRack1">

                          </ExtraParent>
                          <ExtraParent Frame="BoneAxleFront2">

                          </ExtraParent>
                          <ExtraParent Frame="BoneRackL2">

                          </ExtraParent>
                          <ExtraParent Frame="BoneRackR2">

                          </ExtraParent>
                          <ExtraParent Frame="BoneRack2">

                          </ExtraParent>
                    </Socket>
                  </AddonSockets>
                    <WinchSocket Pos="(6.229; 0.997; 0)" ParentFrame="BoneCabin_cdt">

                    </WinchSocket>
                    <WinchSocket Pos="(-5.889; 0.978; 0)">

                    </WinchSocket>
                    <WinchSocket Pos="(0.385; 1.072; 0.469)">

                    </WinchSocket>
                    <WinchSocket Pos="(0.385; 1.072; -0.469)">

                    </WinchSocket>
            <UiDesc UiDesc="UI_VEHICLE_INTERNATIONAL_PAYSTAR_5600TS_DESC" UiIcon30x30="heavyVehicleImg30" UiName="UI_VEHICLE_INTERNATIONAL_PAYSTAR_5600TS_NAME" UiIconLogo="InternationalNavistarLogo80" UiIcon40x40="heavyVehicleImg" UiIcon328x458="shopImgInternationalPaystar5600TS">

            </UiDesc>
      </GameData>
      <ControlledConstraints>
                <Constraint Name="TieRodSteerL1" IsLinkedSteering="true" Id="chassis_steer">

                </Constraint>
                <Constraint Name="TieRodSteerR1" IsLinkedSteering="true" Id="chassis_steer">

                </Constraint>
                <Constraint Name="TieRodSteerL2" IsLinkedSteering="true" Id="chassis_steer">

                </Constraint>
                <Constraint Name="TieRodSteerR2" IsLinkedSteering="true" Id="chassis_steer">

                </Constraint>
      </ControlledConstraints>
      <HeadLight ParentFrame="BoneCabinSusp_cdt" _template="Default" Pos="(6.917; 0.94; 0)">

      </HeadLight>
      <Landmark Mesh="landmarks/paystar_5600ts_lmk" MaxScale="2.5" MinScale="1.5">

      </Landmark>
      <AutomaticIK>
                      <IKBone ParentFrame="BoneTieRodL1_cdt" ModelFrame="BoneTieRodL1_IK1">
                        <IKBone AttachToFrame="BoneRackL1" AttachOffset="(0; 0; 0)" ModelFrame="BoneTieRodL1_IK1b">
                            <IKJoint AxisLocal="(1; 0; 0)" Type="Slider">

                            </IKJoint>
                        </IKBone>
                        <IKJoint AxisLocal="(1; 0; 0)" Type="Hinge2">

                        </IKJoint>
                      </IKBone>
                      <IKBone ParentFrame="BoneTieRodL2_cdt" ModelFrame="BoneTieRod_L2_IK1">
                        <IKBone AttachToFrame="BoneRackL1" AttachOffset="(0; 0; 0)" ModelFrame="BoneTieRod_L2_IK1b">
                            <IKJoint AxisLocal="(1; 0; 0)" Type="Slider">

                            </IKJoint>
                        </IKBone>
                        <IKJoint AxisLocal="(1; 0; 0)" Type="Hinge2">

                        </IKJoint>
                      </IKBone>
                      <IKBone ParentFrame="BoneTieRodL2_cdt" ModelFrame="BoneTieRod_L2_IK2">
                        <IKBone AttachToFrame="BoneRackL2" AttachOffset="(0; 0; 0)" ModelFrame="BoneTieRod_L2_IK2b">
                            <IKJoint AxisLocal="(1; 0; 0)" Type="Slider">

                            </IKJoint>
                        </IKBone>
                        <IKJoint AxisLocal="(1; 0; 0)" Type="Hinge2">

                        </IKJoint>
                      </IKBone>
                      <IKBone ParentFrame="BoneCabin_cdt" ModelFrame="BoneIKPistonFrontLa">
                        <IKBone AttachToFrame="BoneAxleFront2" AttachOffset="(0; 0; 0)" ModelFrame="BoneIKPistonFrontLb">
                            <IKJoint AxisLocal="(1; 0; 0)" Type="Slider">

                            </IKJoint>
                        </IKBone>
                        <IKJoint AxisLocal="(1; 0; 0)" Type="Hinge2">

                        </IKJoint>
                      </IKBone>
                      <IKBone ParentFrame="BoneTieRodR2_cdt" ModelFrame="BoneTieRod_R2_IK1">
                        <IKBone AttachToFrame="BoneRackR1" AttachOffset="(0; 0; 0)" ModelFrame="BoneTieRod_R2_IK1b">
                            <IKJoint AxisLocal="(1; 0; 0)" Type="Slider">

                            </IKJoint>
                        </IKBone>
                        <IKJoint AxisLocal="(1; 0; 0)" Type="Hinge2">

                        </IKJoint>
                      </IKBone>
                      <IKBone ParentFrame="BoneTieRodR2_cdt" ModelFrame="BoneTieRod_R2_IK2">
                        <IKBone AttachToFrame="BoneRackR2" AttachOffset="(0; 0; 0)" ModelFrame="BoneTieRod_R2_IK2b">
                            <IKJoint AxisLocal="(1; 0; 0)" Type="Slider">

                            </IKJoint>
                        </IKBone>
                        <IKJoint AxisLocal="(1; 0; 0)" Type="Hinge2">

                        </IKJoint>
                      </IKBone>
                      <IKBone ParentFrame="BoneCabin_cdt" ModelFrame="BoneIKPistonFrontRa">
                        <IKBone AttachToFrame="BoneAxleFront2" AttachOffset="(0; 0; 0)" ModelFrame="BoneIKPistonFrontRb">
                            <IKJoint AxisLocal="(1; 0; 0)" Type="Slider">

                            </IKJoint>
                        </IKBone>
                        <IKJoint AxisLocal="(1; 0; 0)" Type="Hinge2">

                        </IKJoint>
                      </IKBone>
                      <IKBone ParentFrame="BoneChassis_cdt" ModelFrame="BoneIKSuspRear1La">
                        <IKBone AttachToFrame="BoneAxleRear1" AttachOffset="(0; 0; 0)" ModelFrame="BoneIKSuspRear1Lb">
                            <IKJoint AxisLocal="(1; 0; 0)" Type="Slider">

                            </IKJoint>
                        </IKBone>
                        <IKJoint AxisLocal="(1; 0; 0)" Type="Hinge2">

                        </IKJoint>
                      </IKBone>
                      <IKBone ParentFrame="BoneChassis_cdt" ModelFrame="BoneIKSuspRear2La">
                        <IKBone AttachToFrame="BoneAxleRear2" AttachOffset="(0; 0; 0)" ModelFrame="BoneIKSuspRear2Lb">
                            <IKJoint AxisLocal="(1; 0; 0)" Type="Slider">

                            </IKJoint>
                        </IKBone>
                        <IKJoint AxisLocal="(1; 0; 0)" Type="Hinge2">

                        </IKJoint>
                      </IKBone>
                      <IKBone ParentFrame="BoneChassis_cdt" ModelFrame="BoneIKSuspRear3La">
                        <IKBone AttachToFrame="BoneAxleRear3" AttachOffset="(0; 0; 0)" ModelFrame="BoneIKSuspRear3Lb">
                            <IKJoint AxisLocal="(1; 0; 0)" Type="Slider">

                            </IKJoint>
                        </IKBone>
                        <IKJoint AxisLocal="(1; 0; 0)" Type="Hinge2">

                        </IKJoint>
                      </IKBone>
                      <IKBone ParentFrame="BoneChassis_cdt" ModelFrame="BoneIKSuspRear1Ra">
                        <IKBone AttachToFrame="BoneAxleRear1" AttachOffset="(0; 0; 0)" ModelFrame="BoneIKSuspRear1Rb">
                            <IKJoint AxisLocal="(1; 0; 0)" Type="Slider">

                            </IKJoint>
                        </IKBone>
                        <IKJoint AxisLocal="(1; 0; 0)" Type="Hinge2">

                        </IKJoint>
                      </IKBone>
                      <IKBone ParentFrame="BoneChassis_cdt" ModelFrame="BoneIKSuspRear2Ra">
                        <IKBone AttachToFrame="BoneAxleRear2" AttachOffset="(0; 0; 0)" ModelFrame="BoneIKSuspRear2Rb">
                            <IKJoint AxisLocal="(1; 0; 0)" Type="Slider">

                            </IKJoint>
                        </IKBone>
                        <IKJoint AxisLocal="(1; 0; 0)" Type="Hinge2">

                        </IKJoint>
                      </IKBone>
                      <IKBone ParentFrame="BoneChassis_cdt" ModelFrame="BoneIKSuspRear3Ra">
                        <IKBone AttachToFrame="BoneAxleRear3" AttachOffset="(0; 0; 0)" ModelFrame="BoneIKSuspRear3Rb">
                            <IKJoint AxisLocal="(1; 0; 0)" Type="Slider">

                            </IKJoint>
                        </IKBone>
                        <IKJoint AxisLocal="(1; 0; 0)" Type="Hinge2">

                        </IKJoint>
                      </IKBone>
                      <IKBone ParentFrame="BoneTieRodR1_cdt" ModelFrame="BoneTieRodR1_IK1">
                        <IKBone AttachToFrame="BoneRackR1" AttachOffset="(0; 0; 0)" ModelFrame="BoneTieRodR1_IK1b">
                            <IKJoint AxisLocal="(1; 0; 0)" Type="Slider">

                            </IKJoint>
                        </IKBone>
                        <IKJoint AxisLocal="(1; 0; 0)" Type="Hinge2">

                        </IKJoint>
                      </IKBone>
      </AutomaticIK>
      <ModelAttachments>
                      <StopSignals>
                            <Flare Size="0.5" _template="StopSignal" Pos="(-6.039; 0.987; 0.346)">

                            </Flare>
                            <Flare Size="0.5" _template="StopSignal" Pos="(-6.039; 0.987; -0.346)">

                            </Flare>
                          <Light _template="StopSignal" Pos="(-6.206; 0.947; 0)">

                          </Light>
                      </StopSignals>
                      <Ignition>
                              <Flare ParentFrame="BoneCabin_cdt" _template="IgnitionSignalRed" Pos="(-6.039; 0.934; 0.346)">

                              </Flare>
                              <Flare ParentFrame="BoneCabin_cdt" _template="IgnitionSignalRed" Pos="(-6.039; 0.934; -0.346)">

                              </Flare>
                              <Flare Color="g(255; 174; 0) x 0.4" Pos="(5.601; 1.714; 1.01)" ParentFrame="BoneCabin_cdt" Size="0.3" _template="MarkerBeacon">

                              </Flare>
                              <Flare Color="g(255; 174; 0) x 0.4" Pos="(5.601; 1.714; -1.01)" ParentFrame="BoneCabin_cdt" Size="0.3" _template="MarkerBeacon">

                              </Flare>
                              <Flare Color="g(255; 174; 0) x 0.3" Pos="(4.506; 2.002; -1)" ParentFrame="BoneCabin_cdt" Size="0.2" _template="MarkerBeacon">

                              </Flare>
                              <Flare Color="g(255; 174; 0) x 0.3" Pos="(4.506; 2.002; 1)" ParentFrame="BoneCabin_cdt" Size="0.2" _template="MarkerBeacon">

                              </Flare>
                              <Flare Color="g(225; 210; 190) x 0.8" Pos="(5.579; 1.362; -0.979)" ParentFrame="BoneCabinSusp_cdt" Size="0.3" _template="IgnitionSignalWhite">

                              </Flare>
                              <Flare Color="g(225; 210; 190) x 0.8" Pos="(5.579; 1.362; 0.979)" ParentFrame="BoneCabinSusp_cdt" Size="0.3" _template="IgnitionSignalWhite">

                              </Flare>
                                <Light Color="g(255; 205; 145) x 1" ParentFrame="BoneCabin_cdt" _template="IgnitionSignalWhite" Pos="(6; 1.362; -0.979)">

                                </Light>
                                <Light Color="g(255; 205; 145) x 1" ParentFrame="BoneCabin_cdt" _template="IgnitionSignalWhite" Pos="(6; 1.362; 0.979)">

                                </Light>
                                <Light Color="g(255; 0; 0) x 1" Dir="(-1; 0; 0)" Pos="(-5.7; 0.983; 0)" _template="IgnitionSignalRed">

                                </Light>
                      </Ignition>
                      <HeadLight>
                                <Flare ParentFrame="BoneCabinSusp_cdt" DirAngle="135" Size="0.4" _template="HeadLight" Pos="(5.579; 1.362; 0.979)">

                                </Flare>
                                <Flare ParentFrame="BoneCabinSusp_cdt" DirAngle="135" Size="0.4" _template="HeadLight" Pos="(5.579; 1.362; -0.979)">

                                </Flare>
                                <Flare ParentFrame="BoneCabinSusp_cdt" _template="BlueStreak" Pos="(5.579; 1.362; 0.979)">

                                </Flare>
                                <Flare ParentFrame="BoneCabinSusp_cdt" _template="BlueStreak" Pos="(5.579; 1.362; -0.979)">

                                </Flare>
                                  <Model Org="(5.579; 1.362; 0.979)" _template="HeadLightRay" ParentFrame="BoneCabinSusp_cdt">

                                  </Model>
                                  <Model Org="(5.579; 1.362; -0.979)" _template="HeadLightRay" ParentFrame="BoneCabinSusp_cdt">

                                  </Model>
                      </HeadLight>
                      <ReverseSignals>
                                  <Flare Color="g(255; 255; 255) x 0.6" Pos="(-6.039; 0.989; 0.346)" ParentFrame="BoneCabin_cdt" Size="0.2" _template="ReverseSignal">

                                  </Flare>
                                  <Flare Color="g(255; 255; 255) x 0.6" Pos="(-6.039; 0.989; -0.346)" ParentFrame="BoneCabin_cdt" Size="0.2" _template="ReverseSignal">

                                  </Flare>
                                  <Flare Color="g(220; 220; 255) x 0.05" Pos="(-6.039; 0.93; 0.346)" Dir="(-1; 0; 0)" Size="0.4" _template="BlueStreak">

                                  </Flare>
                                  <Flare Color="g(220; 220; 255) x 0.05" Pos="(-6.039; 0.93; -0.346)" Dir="(-1; 0; 0)" Size="0.4" _template="BlueStreak">

                                  </Flare>
                                  <Flare Color="g(255; 255; 255) x 0.6" Pos="(2.734; 1.278; 1.37)" ParentFrame="BoneCabin_cdt" Size="0.4" _template="ReverseSignal">

                                  </Flare>
                                  <Flare Color="g(255; 255; 255) x 0.6" Pos="(2.734; 1.278; -1.37)" ParentFrame="BoneCabin_cdt" Size="0.4" _template="ReverseSignal">

                                  </Flare>
                                  <Flare Color="g(220; 220; 255) x 0.05" ParentFrame="BoneCabin_cdt" Pos="(2.734; 1.278; -1.37)" Dir="(-1; 0; 0)" Size="0.4" _template="BlueStreak">

                                  </Flare>
                                  <Flare Color="g(220; 220; 255) x 0.05" ParentFrame="BoneCabin_cdt" Pos="(2.734; 1.278; 1.37)" Dir="(-1; 0; 0)" Size="0.4" _template="BlueStreak">

                                  </Flare>
                                    <Light _template="ReverseSignal" Pos="(-6.206; 0.947; 0)">

                                    </Light>
                                    <Light ParentFrame="BoneCabin_cdt" _template="ReverseSignal" Pos="(2.734; 1.278; 1.37)">

                                    </Light>
                                    <Light ParentFrame="BoneCabin_cdt" _template="ReverseSignal" Pos="(2.734; 1.278; -1.37)">

                                    </Light>
                      </ReverseSignals>
      </ModelAttachments>
      <TruckData EngineIconMesh="env/engine_pacific_p16" EngineStartDelay="3.2" TruckType="HEAVY" ExhaustStartTime="2.8" SteerSpeed="0.024" TruckImage="InternationalPaystar5600TSmchr" DiffLockType="Installed" Responsiveness="0.15" FuelCapacity="280" EngineIconScale=".9" BackSteerSpeed="0.016">
                        <Driver ParentFrame="BoneCabinSusp_cdt" SteeringWheelPos="(4.128; 2.235; 0.498)" Pos="(3.745; 1.907; 0.505)" AnimationSet="Truck">

                        </Driver>
                        <Shafts>
                                <Shaft SocketPointB="ShaftRearWheel2RearWheel1" SocketPointA="ShaftRearWheel1RearWheel2">

                                </Shaft>
                                <Shaft SocketPointB="ShaftRearWheel3RearWheel2" SocketPointA="ShaftRearWheel2RearWheel3">

                                </Shaft>
                        </Shafts>
                        <FuelTank DamageCapacity="100">

                        </FuelTank>
                        <Dashboard>
                                    <Gauge Org="(4.401; 2.234; 0.415)" OutputAngles="(-130;130)" Mesh="trucks/arrows/paystar_5600ts_arrow_02" Damping="0.9" InputRange="(0;137)" InputType="speed" Dir="(-0.962; 0.272; -0.001)">

                                    </Gauge>
                                    <Gauge Org="(4.401; 2.234; 0.566)" OutputAngles="(-135;135)" Mesh="trucks/arrows/paystar_5600ts_arrow_02" Damping="0.9" InputRange="(0;1)" InputType="rpm" Dir="(-0.962; 0.272; -0.001)">

                                    </Gauge>
                                    <Gauge Org="(4.372; 2.131; 0.282)" OutputAngles="(-120;120)" Mesh="trucks/arrows/paystar_5600ts_arrow_01" Damping="0.9" InputRange="(0;1)" InputType="fuel" Dir="(-0.962; 0.272; -0.001)">

                                    </Gauge>
                                    <Gauge Org="(4.391; 2.196; 0.791)" OutputAngles="(-48;-6)" Mesh="trucks/arrows/paystar_5600ts_arrow_01" Damping="0.9" InputRange="(0;1)" InputType="engineEnabled" Dir="(-0.962; 0.272; -0.001)">

                                    </Gauge>
                                    <Gauge Org="(4.372; 2.131; 0.694)" OutputAngles="(-130;48)" Mesh="trucks/arrows/paystar_5600ts_arrow_01" Damping="0.9" InputRange="(0;1)" InputType="engineEnabled" Dir="(-0.962; 0.272; -0.001)">

                                    </Gauge>
                                    <Gauge Org="(4.409; 2.262; 0.694)" OutputAngles="(-135;10)" Mesh="trucks/arrows/paystar_5600ts_arrow_01" Damping="0.9" InputRange="(0;1)" InputType="engineEnabled" Dir="(-0.962; 0.272; -0.001)">

                                    </Gauge>
                                    <Gauge Org="(4.409; 2.262; 0.791)" OutputAngles="(-140;25)" Mesh="trucks/arrows/paystar_5600ts_arrow_01" Damping="0.9" InputRange="(0;1)" InputType="engineEnabled" Dir="(-0.962; 0.272; -0.001)">

                                    </Gauge>
                                    <Gauge Org="(4.388; 2.196; 0.694)" OutputAngles="(-130;32)" Mesh="trucks/arrows/paystar_5600ts_arrow_01" Damping="0.9" InputRange="(0;1)" InputType="engineEnabled" Dir="(-0.962; 0.272; -0.001)">

                                    </Gauge>
                                    <Gauge Org="(4.372; 2.131; 0.791)" OutputAngles="(-60;-)" Mesh="trucks/arrows/paystar_5600ts_arrow_01" Damping="0.9" InputRange="(0;1)" InputType="engineEnabled" Dir="(-0.962; 0.272; -0.001)">

                                    </Gauge>
                                    <Gauge Org="(4.409; 2.262; 0.282)" OutputAngles="(-140;60)" Mesh="trucks/arrows/paystar_5600ts_arrow_01" Damping="0.9" InputRange="(0;1)" InputType="engineEnabled" Dir="(-0.962; 0.272; -0.001)">

                                    </Gauge>
                                    <Gauge Org="(4.409; 2.262; 0.185)" OutputAngles="(-48;-5)" Mesh="trucks/arrows/paystar_5600ts_arrow_01" Damping="0.9" InputRange="(0;1)" InputType="engineEnabled" Dir="(-0.962; 0.272; -0.001)">

                                    </Gauge>
                                    <Gauge Org="(4.391; 2.196; 0.282)" OutputAngles="(-140;84)" Mesh="trucks/arrows/paystar_5600ts_arrow_01" Damping="0.9" InputRange="(0;1)" InputType="engineEnabled" Dir="(-0.962; 0.272; -0.001)">

                                    </Gauge>
                                    <Gauge Org="(4.391; 2.196; 0.185)" OutputAngles="(-48;3)" Mesh="trucks/arrows/paystar_5600ts_arrow_01" Damping="0.9" InputRange="(0;1)" InputType="engineEnabled" Dir="(-0.962; 0.272; -0.001)">

                                    </Gauge>
                                    <Gauge Org="(4.372; 2.131; 0.185)" OutputAngles="(-50;-12)" Mesh="trucks/arrows/paystar_5600ts_arrow_01" Damping="0.9" InputRange="(0;1)" InputType="engineEnabled" Dir="(-0.962; 0.272; -0.001)">

                                    </Gauge>
                                    <Gauge Org="(4.266; 2.196; -0.141)" OutputAngles="(-50;-17)" Mesh="trucks/arrows/paystar_5600ts_arrow_01" Damping="0.9" InputRange="(0;1)" InputType="engineEnabled" Dir="(-0.463; 0.116; 0.215)">

                                    </Gauge>
                                    <Gauge Org="(4.247; 2.262; -0.225)" OutputAngles="(-60;12)" Mesh="trucks/arrows/paystar_5600ts_arrow_01" Damping="0.9" InputRange="(0;1)" InputType="engineEnabled" Dir="(-0.463; 0.116; 0.215)">

                                    </Gauge>
                        </Dashboard>
                        <SoundsWheels _template="Default">

                        </SoundsWheels>
                        <GearboxSocket Default="g_truck_default" Type="gearboxes_trucks">

                        </GearboxSocket>
                                      <Steam Origin="(3.122; 1.402; 0)">

                                      </Steam>
                                      <Steam ParentFrame="BoneCabin_cdt" Origin="(4.423; 0.666; 0)" Scale="0.7">

                                      </Steam>
                        <Sounds DisableReversePitch="true" MinDist="15.0" Origin="(2.5; 1.25; 0)" _template="Default">
                                          <BrakesSqueal Sound="trucks/int_paystar_5070/int_paystar_5070_brakes_squeal">

                                          </BrakesSqueal>
                                          <AbruptStop Sound="trucks/common/truck_swing_big_rnd_set/truck_swing_big_rnd">

                                          </AbruptStop>
                                          <EngineLow Sound="trucks/paystar_5600ts/int_paystar_5600ts_low">

                                          </EngineLow>
                                          <EngineRev Sound="trucks/paystar_5600ts/int_paystar_5600ts_rev">

                                          </EngineRev>
                                          <EngineAccel Sound="trucks/int_paystar_5070/int_paystar_5070_acc">

                                          </EngineAccel>
                                          <Honk Sound="trucks/paystar_5600ts/int_paystar_5600ts_honk">

                                          </Honk>
                                          <EngineStop Sound="trucks/paystar_5600ts/int_paystar_5600ts_stop">

                                          </EngineStop>
                                          <Handbrake Sound="trucks/common/truck_handbrake_switch_alt1">

                                          </Handbrake>
                                          <EngineIdle_2d IsSound2D="true" Sound="trucks/paystar_5600ts/int_paystar_5600ts_idle_2d">

                                          </EngineIdle_2d>
                                          <EngineTrans Sound="trucks/common/truck_trans_forward_loop">

                                          </EngineTrans>
                                          <EngineHeavy_2d IsSound2D="true" Sound="">

                                          </EngineHeavy_2d>
                                          <ChassisStress Sound="trucks/common/truck_stress_rnd_set/truck_stress_rnd">

                                          </ChassisStress>
                                          <Reverse Sound="trucks/paystar_5600ts/int_paystar_5600ts_back_beeper">

                                          </Reverse>
                                          <EngineHigh_2d IsSound2D="true" Sound="trucks/paystar_5600ts/int_paystar_5600ts_high_2d">

                                          </EngineHigh_2d>
                                          <EngineIdle Sound="trucks/paystar_5600ts/int_paystar_5600ts_idle">

                                          </EngineIdle>
                                          <HandbrakeOff Sound="trucks/common/truck_handbrake_switch_off">

                                          </HandbrakeOff>
                                          <EngineHigh Sound="trucks/paystar_5600ts/int_paystar_5600ts_high">

                                          </EngineHigh>
                                          <EngineLow_2d IsSound2D="true" Sound="trucks/paystar_5600ts/int_paystar_5600ts_low_2d">

                                          </EngineLow_2d>
                                          <EngineHeavy Sound="">

                                          </EngineHeavy>
                                          <BrakeRelease Sound="trucks/common/truck_brake_release_alt2_rnd_set/truck_brake_release_alt2_rnd">

                                          </BrakeRelease>
                                          <EngineStart Sound="trucks/paystar_5600ts/int_paystar_5600ts_start">

                                          </EngineStart>
                        </Sounds>
                        <Intake Size="0.8" Origin="(6.138; 1.589; 0)" Dir="(1; 0; 0)">

                        </Intake>
                        <SoundsDamage _template="Heavy">

                        </SoundsDamage>
                        <LimitedFluid Type="Cylinder" Center="(1.851; 0.777; -0.81)" LengthX="1.149" RadiusZ="0.307" RadiusY="0.307">

                        </LimitedFluid>
                        <Camera ParentFrame="BoneCabin_cdt" Center="(-2; 0; 0)" RadiusMultiplier="1.4">
                                                  <Cockpit WindshieldShadingTexture="trucks/paystar_5600ts_glass__sh_d.tga" WindshieldDiffuseTexture="trucks/paystar_5600ts_glass__d_a.tga" _template="Default" ViewPos="(3.605; 2.605; 0.498)">
                                                        <Mirror FOVScale="2.1" Pos="(3.981; 2.534; 1.282)" ClipDir="(-0.899; -0.037; -0.436)" ReflectionDir="(-0.899; -0.037; -0.436)" Size="(0.16; 0.35)" ClipOffset="0.2" MeshFrame="mirror_left">
                                                          <SecondaryView FOVScale="1.2" ClipDir="(-0.899; -0.037; -0.436)" Size="(0.17; 0.17)" MeshFrame="mirror_left_1" Pos="(3.979; 2.188; 1.238)">

                                                          </SecondaryView>
                                                        </Mirror>
                                                        <Mirror FOVScale="1.4" Pos="(6.017; 2.198; -0.823)" ClipDir="(-0.987; 0.002; 0.158)" ReflectionDir="(-0.987; 0.002; 0.158)" Size="(0.14; 0.14)" ClipOffset="0.1" MeshFrame="mirror_right_2">

                                                        </Mirror>
                                                        <Mirror FOVScale="2.1" Pos="(3.978; 2.534; -1.278)" ClipDir="(-0.803; -0.038; 0.595)" ReflectionDir="(-0.803; -0.038; 0.595)" Size="(0.16; 0.35)" ClipOffset="0.2" MeshFrame="mirror_right">
                                                          <SecondaryView FOVScale="1.2" ClipDir="(-0.803; -0.038; 0.595)" Size="(0.17; 0.17)" MeshFrame="mirror_right_1" Pos="(3.994; 2.186; -1.249)">

                                                          </SecondaryView>
                                                        </Mirror>
                                                        <Mirror FOVScale="1.4" Pos="(6.017; 2.198; 0.823)" ClipDir="(-0.999; 0.029; 0.013)" ReflectionDir="(-0.999; 0.029; 0.013)" Size="(0.14; 0.14)" ClipOffset="0.1" MeshFrame="mirror_left_2">

                                                        </Mirror>
                                                  </Cockpit>
                        </Camera>
                        <SuspensionSocket Default="paystar_5600ts_suspension_default" Type="s_paystar_5600ts" MaxWheelRadiusWithoutSuspension="0.6">

                        </SuspensionSocket>
                        <Wheels DefaultTire="highway_1" DefaultWheelType="wheels_heavy_double1" DefaultRim="rim_2">
                                                        <Wheel _template="FirstAxle" Pos="(4.852; 0.548; 1.061)">

                                                        </Wheel>
                                                        <Wheel Pos="(4.852; 0.548; 1.061)" _template="FirstAxle" RightSide="true">

                                                        </Wheel>
                                                        <Wheel _template="SecondAxle" Pos="(3.232; 0.548; 1.061)">

                                                        </Wheel>
                                                        <Wheel Pos="(3.232; 0.548; 1.061)" _template="SecondAxle" RightSide="true">

                                                        </Wheel>
                                                        <Wheel _template="RearAxle" Pos="(-1.861; 0.548; 0.9)">

                                                        </Wheel>
                                                        <Wheel Pos="(-1.861; 0.548; 0.9)" _template="RearAxle" RightSide="true">

                                                        </Wheel>
                                                        <Wheel _template="RearAxle" Pos="(-3.282; 0.548; 0.9)">

                                                        </Wheel>
                                                        <Wheel Pos="(-3.282; 0.548; 0.9)" _template="RearAxle" RightSide="true">

                                                        </Wheel>
                                                        <Wheel _template="RearAxle" Pos="(-4.678; 0.548; 0.9)">

                                                        </Wheel>
                                                        <Wheel Pos="(-4.678; 0.548; 0.9)" _template="RearAxle" RightSide="true">

                                                        </Wheel>
                        </Wheels>
                        <Axles>
                                                          <Axle Frame="BoneAxleFront1">

                                                          </Axle>
                                                          <Axle Frame="BoneAxleFront2">

                                                          </Axle>
                                                          <Axle Frame="BoneAxleRear1">

                                                          </Axle>
                                                          <Axle Frame="BoneAxleRear2">

                                                          </Axle>
                                                          <Axle Frame="BoneAxleRear3">

                                                          </Axle>
                        </Axles>
                        <Damage>
                                                            <DamageArea Max="(6.157; 2.276; 0.988)" Type="Engine" ParentFrame="BoneCabin_cdt" Min="(4.593; 1.136; -0.988)">

                                                            </DamageArea>
                                                            <DamageArea Max="(2.5; 1.1; 1.3)" Type="FuelTank" ParentFrame="BoneCabin_cdt" Min="(0.5; 0.4; -1.3)">

                                                            </DamageArea>
                        </Damage>
                        <OcclusionMap HalfSizeZ="1.3" MinX="-6.4" MaxX="6.3">

                        </OcclusionMap>
                        <EngineSocket Default="us_special_engine_0" Type="e_us_special">

                        </EngineSocket>
                        <WinchUpgradeSocket Default="w_heavy_trucks_default" IsUpgradable="true" Type="winches_heavy_trucks">

                        </WinchUpgradeSocket>
                        <SteeringWheel Frame="BoneSteering">

                        </SteeringWheel>
                                                                  <CompatibleWheels Type="wheels_heavy_double1" RearOffsetZ=".16" Scale="0.545">

                                                                  </CompatibleWheels>
                                                                  <CompatibleWheels OffsetZ="0.03" RearOffsetZ=".16" Scale="0.545" Type="wheels_heavy_double2">

                                                                  </CompatibleWheels>
                                                                  <CompatibleWheels Scale="0.545" Type="wheels_heavy_single">

                                                                  </CompatibleWheels>
                                                                  <CompatibleWheels OffsetZ="-0.03" RearOffsetZ=".08" Scale="0.545" Type="wheels_heavy_single2">

                                                                  </CompatibleWheels>
                                                                  <CompatibleWheels Type="wheels_heavy_double1" RearOffsetZ=".22" Scale="0.63">

                                                                  </CompatibleWheels>
                                                                  <CompatibleWheels OffsetZ="0.03" RearOffsetZ=".22" Scale="0.63" Type="wheels_heavy_double2">

                                                                  </CompatibleWheels>
                                                                  <CompatibleWheels Scale="0.63" Type="wheels_heavy_single">

                                                                  </CompatibleWheels>
                                                                  <CompatibleWheels OffsetZ="-0.03" RearOffsetZ=".1" Scale="0.63" Type="wheels_heavy_single2">

                                                                  </CompatibleWheels>
                                                                    <SteeringRack RackHalfSizeZ="0.822" Frame="BoneRack1" FrameSteerLeft="BoneRackL1" FrameSteerRight="BoneRackR1">

                                                                    </SteeringRack>
                                                                    <SteeringRack RackHalfSizeZ="0.822" Frame="BoneRack2" FrameSteerLeft="BoneRackL2" FrameSteerRight="BoneRackR2">

                                                                    </SteeringRack>
      </TruckData>
  </Truck>
  <_templates Include="trucks">
        <Wheel>
            <RearAxle Torque="default" Location="rear" ConnectedToHandbrake="true">

            </RearAxle>
            <SecondAxle SteeringCastor="4" _template="FirstAxle" SteeringAngle="28">

            </SecondAxle>
            <FirstAxle SteeringCastor="1" SuspensionMin="-0.3" Torque="connectable" ParentFrame="BoneCabin_cdt" SteeringJointOffset="0.25" SteeringAngle="35" Location="front">

            </FirstAxle>
        </Wheel>
        <Body>
              <SunShield Collisions="None" Mass="2">
                  <Constraint MinLimit="-20" Type="Hinge" MaxLimit="20" AxisLocal="(1; 0; 0)">
                      <Motor Spring="20" Type="Spring" Damping="0.5">

                      </Motor>
                  </Constraint>
              </SunShield>
              <Antenna Collisions="None" Mass="2">
                    <Constraint Type="Ragdoll" PlaneAxisLocal="(0; 0; 1)" PlaneMax="20" PlaneMin="-20" Cone="20" TwistAxisLocal="(0; 1; 0)">
                        <PlaneMotor Spring="125" Type="Spring" Damping="4">

                        </PlaneMotor>
                        <ConeMotor Spring="125" Type="Spring" Damping="4">

                        </ConeMotor>
                    </Constraint>
              </Antenna>
              <TieRodR Collisions="None" Mass="1">
                      <Constraint MinLimit="-30" Type="Hinge" MaxLimit="30" AxisLocal="(0; 0; -1)">
                          <Motor Type="Position" Damping="1.0" Tau="1" Force="6000">

                          </Motor>
                      </Constraint>
              </TieRodR>
              <Twist ImpactType="Truck">
                        <Constraint Type="Hinge" MaxLimit="7" PivotOffset="(0; 0; 0)" AxisLocal="(1; 0; 0)" MinLimit="-7">
                            <Motor Spring="900000" Type="Spring" Damping="10000">

                            </Motor>
                        </Constraint>
              </Twist>
              <MirrorRagdoll Collisions="None" Mass="3">
                          <Constraint Type="Ragdoll" PlaneAxisLocal="(0; 0; 1)" PlaneMax="20" PlaneMin="-20" Cone="20" TwistAxisLocal="(0; 1; 0)">
                              <PlaneMotor Spring="130" Type="Spring" Damping="1">

                              </PlaneMotor>
                              <ConeMotor Spring="130" Type="Spring" Damping="1">

                              </ConeMotor>
                          </Constraint>
              </MirrorRagdoll>
              <SideMirror Collisions="None" Mass="50">
                            <Constraint MinLimit="-1" Type="Hinge" MaxLimit="1" AxisLocal="(0; 1; 0)">
                                <Motor Spring="1000" Type="Spring" Damping="10">

                                </Motor>
                            </Constraint>
              </SideMirror>
              <TieRodL Collisions="None" Mass="1">
                              <Constraint MinLimit="-30" Type="Hinge" MaxLimit="30" AxisLocal="(0; 0; 1)">
                                  <Motor Type="Position" Damping="1.0" Tau="1" Force="6000">

                                  </Motor>
                              </Constraint>
              </TieRodL>
        </Body>
        <Flare>
                <IgnitionSignalRedSmall Color="g(169; 0; 0) x 0.8" AspectRatio="1.4" DirAngle="90" Dir="(-1; 0; 0)" Size="0.12" ColorMultAtDay="0.3">

                </IgnitionSignalRedSmall>
                <MarkerBeacon AttenEnd="200" AttenStart="1" Color="g(255; 174; 0) x 0.12" Size="0.175" ColorMultAtDay="0.5">

                </MarkerBeacon>
                <IgnitionSignalOrange Color="g(255; 140; 0) x 0.3" AspectRatio="1.4" DirAngle="135" Dir="(0; 1; 0)" Size="0.1" ColorMultAtDay="0.6">

                </IgnitionSignalOrange>
        </Flare>
  </_templates>