  <_templates Include="trucks">
      <Wheel>
          <RearWheel ParentFrame="BoneRear_cdt" SteeringAngle="-32" Location="rear" Torque="default" ConnectedToHandbrake="true" SteeringCastor="5">

          </RearWheel>
          <FrontWheel Torque="default" SteeringAngle="32" Location="front" SteeringJointOffset="0.35" ConnectedToHandbrake="true" SteeringCastor="5">

          </FrontWheel>
      </Wheel>
  </_templates>
  <Truck>
        <HeadLight OuterCone="130" Dir="(1; -0.2; 0)" AttenStart="1" InnerCone="0" Color="g(255; 212; 154) x 8.5" Pos="(2.059; 1.466; 0)" AttenEnd="40">

        </HeadLight>
        <GameData UnlockByExploration="true" Price="85200" UnlockByRank="1" Country="US">
              <CustomizationCameras>
                    <CameraPos Name="sticker_1" InterestPosition="(5.074; 1.364; 0.358)" Position="(5.168; 2.002; -1.093)" Interior="true" FOV="32.0">

                    </CameraPos>
                    <CameraPos MaxYRotation="360" MaxZoom="2" Name="addon_1" InterestPosition="(-2.629; 1.692; -0)" Position="(-11.556; 4.444; 8.243)" MaxXRotation="360" FOV="32.0">

                    </CameraPos>
                    <CameraPos MaxYRotation="360" MaxZoom="2" Name="addon_2" InterestPosition="(3.194; 1.807; 0)" Position="(-8.093; 2.337; -6.718)" MaxXRotation="360" FOV="32.0">

                    </CameraPos>
                    <CameraPos Name="mirror_mount" InterestPosition="(5.452; 2.14; 0.181)" Position="(4.54; 2.120; -0.892)" Interior="true" FOV="32.0">

                    </CameraPos>
                    <CameraPos Name="bubble_head" InterestPosition="(5.452; 2.14; 0.181)" Position="(4.54; 2.120; -0.892)" Interior="true" FOV="32.0">

                    </CameraPos>
                    <CameraPos MaxYRotation="360" MaxZoom="2" Name="side_r" InterestPosition="(4.764; 1.97; -0)" Position="(-0.226; 4.969; -4.508)" MaxXRotation="360" FOV="32.0">

                    </CameraPos>
                    <CameraPos Name="sticker" InterestPosition="(5.695; -0.044; -0.420)" Position="(5.545; 2.314; -0.952)" Interior="true" FOV="32.0">

                    </CameraPos>
                    <CameraPos MaxYRotation="360" MaxZoom="2" Name="roof" InterestPosition="(4.758; 2.358; -0)" Position="(10.787; 4.806; -3.717)" MaxXRotation="360" FOV="32.0">

                    </CameraPos>
                    <CameraPos Name="capote_sticker" InterestPosition="(5.15; 1.053; -0.135)" Position="(7.644; 4.3; 0.222)" Interior="true" FOV="32.0">

                    </CameraPos>
                    <CameraPos Name="sticker_2" InterestPosition="(2.916; 0.774; -0.114)" Position="(5.616; 2.183; -1.04)" Interior="true" FOV="32.0">

                    </CameraPos>
                    <CameraPos MaxYRotation="360" MaxZoom="2" Name="side_l" InterestPosition="(6.27; 2.278; 0)" Position="(11.866; 5.284; -4.55)" MaxXRotation="360" FOV="32.0">

                    </CameraPos>
                    <CameraPos MaxYRotation="360" MaxZoom="2" Name="hoods" InterestPosition="(5.997; 1.735; 0)" Position="(13.57; 1.44; -3.425)" MaxXRotation="360" FOV="32.0">

                    </CameraPos>
                    <CameraPos MaxYRotation="360" MaxZoom="2" Name="wheels" InterestPosition="(5.526; 0.451; 0)" Position="(9.673; 1.599; -6.255)" MaxXRotation="360" FOV="32.0">

                    </CameraPos>
                    <CameraPos MaxYRotation="360" MaxZoom="2" Name="default" InterestPosition="(5.197; 1.735; -0)" Position="(13.641; 1.384; -4.536)" MaxXRotation="360" FOV="32.0">

                    </CameraPos>
                    <CameraPos MaxYRotation="360" MaxZoom="2" Name="rear" InterestPosition="(0.479; 0.992; -0)" Position="(-5.767; 1.805; 2.899)" MaxXRotation="360" FOV="32.0">

                    </CameraPos>
                    <CameraPos Name="glass_sticker" InterestPosition="(5.893; 2.212; -1.16)" Position="(6.22; 2.737; 2.22)" Interior="true" FOV="32.0">

                    </CameraPos>
              </CustomizationCameras>
              <UiDesc UiName="UI_VEHICLE_CAT_TH357_NAME" UiDesc="UI_VEHICLE_CAT_TH357_DESC" UiIconLogo="CatterpillarLogo80" UiIcon40x40="scoutVehicleImg" UiIcon30x30="scoutVehicleImg30" UiIcon328x458="shopImgCaterpillarTH357">

              </UiDesc>
                    <AddonSockets DefaultAddon="crane_cat_th357">
                      <Socket Offset="(0; 0; 0)" Names="CraneCatTh357">

                      </Socket>
                    </AddonSockets>
                    <AddonSockets>
                      <Socket Offset="(0.408; 2.373; 0.674)" Names="StuffAirfreshener" InCockpit="true">

                      </Socket>
                    </AddonSockets>
                    <AddonSockets>
                      <Socket Names="catTh357Sticker_1x1_01" InCockpit="true">

                      </Socket>
                    </AddonSockets>
                    <AddonSockets>
                      <Socket Names="catTh357Sticker_1x1_02" InCockpit="true">

                      </Socket>
                    </AddonSockets>
                    <AddonSockets>
                      <Socket Names="catTh357Sticker_1x2_01" InCockpit="true">

                      </Socket>
                    </AddonSockets>
                    <AddonSockets>
                      <Socket Names="catTh357Sticker_1x2_02" InCockpit="true">

                      </Socket>
                    </AddonSockets>
                    <AddonSockets>
                      <Socket Names="catTh357Sticker_1x2_03" InCockpit="true">

                      </Socket>
                    </AddonSockets>
                    <AddonSockets>
                      <Socket Names="catTh357Sticker_1x2_04" InCockpit="true">

                      </Socket>
                    </AddonSockets>
                    <AddonSockets>
                      <Socket Names="catTh357Sticker_Capote">

                      </Socket>
                    </AddonSockets>
                    <AddonSockets>
                      <Socket Names="catTh357Sticker_GlassTop" InCockpit="true">

                      </Socket>
                    </AddonSockets>
                      <CraneSocket Pos="(-2.117; 1.226; 0)">

                      </CraneSocket>
                      <CraneSocket Pos="(1.839; 0.875; 0)">

                      </CraneSocket>
                      <CraneSocket Pos="(0.061; 0.893; -1.1)">

                      </CraneSocket>
                      <CraneSocket Pos="(0.061; 0.893; 1.1)">

                      </CraneSocket>
                        <WinchSocket Pos="(1.839; 0.875; 0)">

                        </WinchSocket>
                        <WinchSocket Pos="(-2.117; 0.797; 0)">

                        </WinchSocket>
                        <WinchSocket Pos="(-0.021; 0.596; -1.112)">

                        </WinchSocket>
                        <WinchSocket Pos="(-0.159; 0.607; 1.12)">

                        </WinchSocket>
        </GameData>
        <PhysicsModel Mesh="trucks/cat_th357">
                <Body CenterOfMassOffset="(0.7; -0.4; 0)" NetSync="pv" Mass="1100" ImpactType="Truck">
                      <Body CenterOfMassOffset="(0.1; -0.4; 0)" Mass="4600" ModelFrame="BoneRear_cdt">
                        <Constraint Type="Hinge" MaxLimit="10" AxisLocal="(1; 0; 0)" MinLimit="-10">
                            <Motor Spring="4000" Damping="300000" Type="Spring">

                            </Motor>
                        </Constraint>
                      </Body>
                      <Body ModelFrame="BoneMirrorL_cdt" Mass="1" Collisions="None">
                        <Constraint Type="Hinge" MaxLimit="15" AxisLocal="(0; 1; 0)" MinLimit="-15">
                            <Motor Spring="20" Damping=".2" Type="Spring">

                            </Motor>
                        </Constraint>
                      </Body>
                      <Body ModelFrame="BoneMirrorR_cdt" Mass="1" Collisions="None">
                        <Constraint Type="Ragdoll" PlaneMin="-27" PlaneMax="27" TwistAxisLocal="(0; 0; 1)" Cone="27" PlaneAxisLocal="(0; 1; 0)">
                            <AllMotor Spring="20" Damping="1" Type="Spring">

                            </AllMotor>
                        </Constraint>
                      </Body>
                      <Body ModelFrame="BoneMirrorBack_cdt" Mass="1" Collisions="None">
                        <Constraint Type="Ragdoll" PlaneMin="-27" PlaneMax="27" TwistAxisLocal="(0; 1; 0)" Cone="27" PlaneAxisLocal="(0; 0; 1)">
                            <AllMotor Spring="30" Damping="1" Type="Spring">

                            </AllMotor>
                        </Constraint>
                      </Body>
                      <Body ModelFrame="BoneAntenna_cdt" Mass="2" Collisions="None">
                        <Constraint Type="Ragdoll" PlaneMin="-7" PlaneMax="7" TwistAxisLocal="(0; 1; 0)" Cone="7" PlaneAxisLocal="(0; 0; 1)">
                            <AllMotor Spring="60" Damping=".1" Type="Spring">

                            </AllMotor>
                        </Constraint>
                      </Body>
                </Body>
                <NetSync Legacy="true">

                </NetSync>
        </PhysicsModel>
        <Snorkel Origin="(1.093; 1.077; -0.653)">

        </Snorkel>
        <AutomaticIK>
                      <IKBone ParentFrame="BoneAxle2" ModelFrame="BoneRackRearPrismaticL">
                        <IKJoint Type="Slider" AxisLocal="(0; 0; 1)">

                        </IKJoint>
                        <IKBone AttachToFrame="BoneRackLeftRear" AttachOffset="(0; 0; 0)" ModelFrame="BoneRackRearHingeL">
                              <IKJoint Type="Hinge2" AxisLocal="(1; 0; 0)">

                              </IKJoint>
                        </IKBone>
                      </IKBone>
                      <IKBone ParentFrame="BoneAxle2" ModelFrame="BoneRackRearPrismaticR">
                        <IKJoint Type="Slider" AxisLocal="(0; 0; 1)">

                        </IKJoint>
                        <IKBone AttachToFrame="BoneRackRightRear" AttachOffset="(0; 0; 0)" ModelFrame="BoneRackRearHingeR">
                              <IKJoint Type="Hinge2" AxisLocal="(1; 0; 0)">

                              </IKJoint>
                        </IKBone>
                      </IKBone>
                      <IKBone ParentFrame="BoneAxle1" ModelFrame="BoneRackFrontPrismaticL">
                        <IKJoint Type="Slider" AxisLocal="(0; 0; 1)">

                        </IKJoint>
                        <IKBone AttachToFrame="BoneRackLeftFront" AttachOffset="(0; 0; 0)" ModelFrame="BoneRackFrontHingeL">
                              <IKJoint Type="Hinge2" AxisLocal="(1; 0; 0)">

                              </IKJoint>
                        </IKBone>
                      </IKBone>
                      <IKBone ParentFrame="BoneAxle1" ModelFrame="BoneRackFrontPrismaticR">
                        <IKJoint Type="Slider" AxisLocal="(0; 0; 1)">

                        </IKJoint>
                        <IKBone AttachToFrame="BoneRackRightFront" AttachOffset="(0; 0; 0)" ModelFrame="BoneRackFrontHingeR">
                              <IKJoint Type="Hinge2" AxisLocal="(1; 0; 0)">

                              </IKJoint>
                        </IKBone>
                      </IKBone>
        </AutomaticIK>
        <Landmark MaxScale="3.8" Mesh="landmarks/cat_th357_lmk" MinScale="1.8">

        </Landmark>
        <ModelAttachments>
                        <HeadLight>
                              <Flare Pos="(2.055; 1.464; -0.421)" _template="HeadLight" Color="g(255; 225; 195) x 0.8" Size="0.2">

                              </Flare>
                              <Flare Pos="(2.055; 1.464; 0.421)" _template="HeadLight" Color="g(255; 225; 195) x 0.8" Size="0.2">

                              </Flare>
                              <Flare Pos="(0.587; 2.386; 1.065)" _template="HeadLight" Color="g(255; 235; 215) x 0.6" Size="0.3">

                              </Flare>
                              <Flare Pos="(0.587; 2.386; 0.281)" _template="HeadLight" Color="g(255; 235; 215) x 0.6" Size="0.3">

                              </Flare>
                                <Model Org="(2.055; 1.464; -0.421)" _template="HeadLightRay">

                                </Model>
                                <Model Org="(2.055; 1.464; 0.421)" _template="HeadLightRay">

                                </Model>
                                <Model Org="(0.587; 2.386; 1.065)" _template="HeadLightRay">

                                </Model>
                                <Model Org="(0.587; 2.386; 0.281)" _template="HeadLightRay">

                                </Model>
                        </HeadLight>
                        <StopSignals>
                              <Light Pos="(-2.661; 1.56; 0)" _template="StopSignal">

                              </Light>
                                  <Flare Pos="(-2.161; 1.56; -0.847)" _template="StopSignal">

                                  </Flare>
                                  <Flare Pos="(-2.161; 1.56; 0.847)" _template="StopSignal">

                                  </Flare>
                        </StopSignals>
                              <Ignition>
                                  <Light Pos="(2.055; 1.464; -0.421)" Color="g(255; 235; 225) x 0.9" _template="IgnitionSignalWhite">

                                  </Light>
                                  <Light Pos="(2.055; 1.464; 0.421)" Color="g(255; 235; 225) x 0.9" _template="IgnitionSignalWhite">

                                  </Light>
                                  <Light Pos="(-2.361; 1.56; 0)" Color="g(169; 0; 0) x 0.8" _template="IgnitionSignalRed">

                                  </Light>
                                    <Flare Pos="(1.298; 1.574; 0.994)" _template="IgnitionSignalWhite" Color="g(255; 225; 210) x 0.3" Size="0.18">

                                    </Flare>
                                    <Flare Pos="(1.298; 1.56; -1.13)" _template="IgnitionSignalWhite" Color="g(255; 225; 210) x 0.3" Size="0.18">

                                    </Flare>
                                    <Flare Pos="(2.055; 1.464; -0.421)" _template="IgnitionSignalWhite" Color="g(255; 225; 195) x 0.3" Size="0.25">

                                    </Flare>
                                    <Flare Pos="(2.055; 1.464; 0.421)" _template="IgnitionSignalWhite" Color="g(255; 225; 195) x 0.3" Size="0.25">

                                    </Flare>
                                    <Flare Pos="(-2.161; 1.56; -0.847)" _template="IgnitionSignalRed" Color="g(169; 0; 0) x 0.8" Size="0.12">

                                    </Flare>
                                    <Flare Pos="(-2.161; 1.56; 0.847)" _template="IgnitionSignalRed" Color="g(169; 0; 0) x 0.8" Size="0.12">

                                    </Flare>
                              </Ignition>
                              <Ignition ControlledRotatorName="CabinFlare" _template="Flasher">
                                <Light Pos="(-0.266; 2.627; 0.876)" Dir="(0; 0; 1)" ParentFrame="BoneRotator">

                                </Light>
                                <Model Org="(-0.266; 2.627; 0.876)" Dir="(0; 0; 1)" ParentFrame="BoneRotator">

                                </Model>
                                      <Flare Pos="(-0.266; 2.627; 0.876)" Dir="(0; 0; 1)" ParentFrame="BoneRotator">

                                      </Flare>
                                      <Flare Pos="(-0.266; 2.627; 0.876)" Dir="(0; 0; 1)" ParentFrame="BoneRotator">

                                      </Flare>
                                      <Flare Pos="(-0.266; 2.627; 0.852)" Size=".6">

                                      </Flare>
                              </Ignition>
                        <ReverseSignals>
                                    <Light Pos="(-2.661; 1.53; 0)" _template="ReverseSignal">

                                    </Light>
                                    <Light Pos="(-1.028; 2.452; 1.03)" _template="ReverseSignal">

                                    </Light>
                                    <Light Pos="(-1.028; 2.452; 0.317)" _template="ReverseSignal">

                                    </Light>
                                      <Flare Pos="(-1.028; 2.452; 1.03)" Dir="(-1; 0; 0)" _template="IgnitionSignalWhite" Color="g(255; 235; 215) x 0.6" Size="0.3">

                                      </Flare>
                                      <Flare Pos="(-1.028; 2.452; 0.317)" Dir="(-1; 0; 0)" _template="IgnitionSignalWhite" Color="g(255; 235; 215) x 0.6" Size="0.3">

                                      </Flare>
                                      <Flare Pos="(-2.161; 1.53; -0.753)" Size="0.4" _template="ReverseSignal">

                                      </Flare>
                                      <Flare Pos="(-2.161; 1.53; 0.753)" Size="0.4" _template="ReverseSignal">

                                      </Flare>
                                      <Flare Pos="(-2.161; 1.53; -0.753)" Dir="(-1; 0; 0)" _template="BlueStreak" Color="g(220; 220; 255) x 0.05" Size="0.4">

                                      </Flare>
                                      <Flare Pos="(-2.161; 1.53; 0.753)" Dir="(-1; 0; 0)" _template="BlueStreak" Color="g(220; 220; 255) x 0.05" Size="0.4">

                                      </Flare>
                        </ReverseSignals>
        </ModelAttachments>
        <Rotator Frame="BoneRotator" Name="CabinFlare" RotationSpeed="4" EngineTorqueFactor="0">

        </Rotator>
        <NetSync Legacy="false">

        </NetSync>
        <TruckData SteerSpeed="0.015" EngineStartDelay="2" EngineIconMesh="env/engine_big" TruckType="SCOUT" Responsiveness="0.1" BackSteerSpeed="0.05" TruckImage="catth357mchr" FuelCapacity="110" DiffLockType="Always" ExhaustStartTime="1.8" EngineIconScale="1">
                              <Driver Pos="(-0.072; 1.338; 0.719)" AnimationSet="Truck" SteeringWheelPos="(0.31; 1.666; 0.712)">

                              </Driver>
                              <SoundsDamage _template="Scout">

                              </SoundsDamage>
                              <Shakers>
                                      <Shaker MaxFrequency="5" Frame="BoneExhaust" MaxAngle="(1; 1; 1)">

                                      </Shaker>
                              </Shakers>
                              <OcclusionMap MinX="-3.2" Texture="trucks/occlusion/chassis_small__s_d_a.tga" HalfSizeZ="2.4" MaxX="3.5">

                              </OcclusionMap>
                              <FuelTank DamageCapacity="50">

                              </FuelTank>
                              <CompatibleWheels Type="wheels_cat_th357_single" Scale="0.648">

                              </CompatibleWheels>
                              <EngineSocket Type="e_us_special_cat_th357" Default="us_special_cat_th357_engine_0">

                              </EngineSocket>
                              <SuspensionSocket Type="s_cat_th357" MaxWheelRadiusWithoutSuspension="1.62" Default="cat_th357_suspension_default">

                              </SuspensionSocket>
                              <Dashboard>
                                                    <Gauge InputRange="(0;.8)" Dir="(-0.857; 0.515; 0)" InputType="rpm" Org="(0.579; 1.651; 0.707)" Damping="0.99" Mesh="trucks/arrows/cat_th357_arrow_02" OutputAngles="(-105; 105)">

                                                    </Gauge>
                                                    <Gauge InputRange="(0;1)" Dir="(-0.857; 0.515; 0)" InputType="fuel" Org="(0.573; 1.642; 0.64)" Damping="0.99" Mesh="trucks/arrows/cat_th357_arrow_01" OutputAngles="(-30; 30)">

                                                    </Gauge>
                                                    <Gauge InputRange="(0;1)" Dir="(-0.857; 0.515; 0)" InputType="engineEnabled" Org="(0.551; 1.604; 0.645)" Damping="0.99" Mesh="trucks/arrows/cat_th357_arrow_01" OutputAngles="(-30; 3)">

                                                    </Gauge>
                                                    <Gauge InputRange="(0;1)" Dir="(-0.857; 0.515; 0)" InputType="engineEnabled" Org="(0.573; 1.642; 0.776)" Damping="0.99" Mesh="trucks/arrows/cat_th357_arrow_01" OutputAngles="(-30; 15)">

                                                    </Gauge>
                                                    <Gauge InputRange="(0;1)" Dir="(-0.857; 0.515; 0)" InputType="engineEnabled" Org="(0.553; 1.608; 0.765)" Damping="0.99" Mesh="trucks/arrows/cat_th357_arrow_01" OutputAngles="(-55; -5)">

                                                    </Gauge>
                              </Dashboard>
                              <Axles>
                                                      <Axle Frame="BoneAxle1">

                                                      </Axle>
                                                      <Axle Frame="BoneAxle2">

                                                      </Axle>
                              </Axles>
                              <Camera Center="(-1.6; 0; 0)" Radius="1.2">
                                                      <Cockpit WindshieldDiffuseTexture="trucks/cat_th357d_ag_glass__d_a.tga" _template="Default" WindshieldShadingTexture="trucks/cat_th357d_ag_glass__sh_d.tga" ViewPos="(-0.138; 2; 0.702)">
                                                          <Rear _inheritRemove="true">

                                                          </Rear>
                                                              <Mirror FOVScale="2.5" ClipDir="(-0.934; -0.244; -0.259)" MeshFrame="mirror_left" Pos="(0.617; 2.307; 1.34)" ReflectionDir="(-0.934; -0.244; -0.259)" Size="(0.234; 0.329)" ClipOffset="0.05">

                                                              </Mirror>
                                                              <Mirror FOVScale="2.5" ClipDir="(-0.918; -0.107; 0.383)" MeshFrame="mirror_right" Pos="(1.294; 2.152; -1.248)" ReflectionDir="(-0.918; -0.107; 0.383)" Size="(0.2; 0.292)" ClipOffset="0.05">
                                                                <SecondaryView FOVScale="1" ClipDir="(-0.918; -0.107; 0.383)" MeshFrame="miror_right_2" Pos="(1.294; 1.969; -1.248)" CurveAngle="10" Size="(0.212; 0.172)" ClipOffset="0.05">

                                                                </SecondaryView>
                                                              </Mirror>
                                                              <Mirror FOVScale="2" ClipDir="(-0.891; -0.346; 0.293)" MeshFrame="hp_cab_mirror" Pos="(0.429; 2.305; 0.326)" ReflectionDir="(-0.891; -0.346; 0.293)" Size="(0.172; 0.151)" ClipOffset="0.05">

                                                              </Mirror>
                                                              <Mirror FOVScale="2" ClipDir="(0.999; -0.043; 0.021)" MeshFrame="mirror_rear" Pos="(-2.069; 2.194; 0.002)" ReflectionDir="(0.999; -0.043; 0.021)" Size="(0.331; 0.251)" ClipOffset="0.05">

                                                              </Mirror>
                                                      </Cockpit>
                              </Camera>
                              <LimitedFluid SizeX="0.348" Center="(-0.515; 1.13; 0.738)" Type="Box" SizeZ="0.619" SizeY="0.439">

                              </LimitedFluid>
                              <Exhaust IsLight="true" Dir="(-0.931; 0; -0.365)" Speed="2.0" Origin="(-1.78; 1.801; -0.368)">

                              </Exhaust>
                              <Sounds _template="Default" EngineHeavyVolume="0.6" MinDist="8.0" Origin="(-0.25; 1.1; -0.663)" DisableReversePitch="true">
                                                            <Reverse Sound="trucks/cat_th357/cat_th357_back_beeper">

                                                            </Reverse>
                                                            <EngineTrans Sound="">

                                                            </EngineTrans>
                                                            <EngineLow Sound="trucks/cat_th357/cat_th357_low">

                                                            </EngineLow>
                                                            <BrakePull Sound="">

                                                            </BrakePull>
                                                            <EngineHigh Sound="trucks/cat_th357/cat_th357_high">

                                                            </EngineHigh>
                                                            <HandbrakeOff Sound="trucks/cat_th357/cat_th357_handbrake_off">

                                                            </HandbrakeOff>
                                                            <Gear Sound="trucks/common/truck_gear_shift_light_rnd_set/truck_gear_shift_light_rnd">

                                                            </Gear>
                                                            <ChassisStress Sound="trucks/common/truck_swing_small_rnd_set/truck_swing_small_rnd">

                                                            </ChassisStress>
                                                            <AbruptStop Sound="trucks/common/truck_stress_rnd_set/truck_stress_rnd">

                                                            </AbruptStop>
                                                            <EngineHeavy_2d IsSound2D="true" Sound="">

                                                            </EngineHeavy_2d>
                                                            <EngineRev Sound="trucks/cat_th357/cat_th357_rev">

                                                            </EngineRev>
                                                            <EngineHeavy Sound="">

                                                            </EngineHeavy>
                                                            <EngineLow_2d IsSound2D="true" Sound="trucks/cat_th357/cat_th357_low_2d">

                                                            </EngineLow_2d>
                                                            <EngineHigh_2d IsSound2D="true" Sound="trucks/cat_th357/cat_th357_high_2d">

                                                            </EngineHigh_2d>
                                                            <EngineIdle Sound="trucks/cat_th357/cat_th357_idle">

                                                            </EngineIdle>
                                                            <EngineIdle_2d IsSound2D="true" Sound="trucks/cat_th357/cat_th357_idle_2d">

                                                            </EngineIdle_2d>
                                                            <EngineStart Sound="trucks/cat_th357/cat_th357_start">

                                                            </EngineStart>
                                                            <Handbrake Sound="trucks/cat_th357/cat_th357_handbrake_on">

                                                            </Handbrake>
                                                            <BrakesSqueal Sound="">

                                                            </BrakesSqueal>
                                                            <GearFail Sound="trucks/common/truck_gear_wrong/truck_gear_wrong_small_modern">

                                                            </GearFail>
                                                            <EngineAccel Sound="trucks/cat_th357/cat_th357_acc">

                                                            </EngineAccel>
                                                            <EngineStop Sound="trucks/cat_th357/cat_th357_stop">

                                                            </EngineStop>
                                                            <BrakeRelease Sound="">

                                                            </BrakeRelease>
                                                            <Honk Sound="trucks/cat_th357/cat_th357_honk">

                                                            </Honk>
                              </Sounds>
                              <Wheels DefaultWheelType="wheels_cat_th357_single" DefaultTire="mudtires_1" DefaultRim="rim_1">
                                                                <Wheel Pos="(1.632; 0.662; 0.944)" _template="FrontWheel">

                                                                </Wheel>
                                                                <Wheel RightSide="true" Pos="(1.632; 0.662; 0.944)" _template="FrontWheel">

                                                                </Wheel>
                                                                <Wheel Pos="(-1.524; 0.662; 0.944)" _template="RearWheel">

                                                                </Wheel>
                                                                <Wheel RightSide="true" Pos="(-1.524; 0.662; 0.944)" _template="RearWheel">

                                                                </Wheel>
                              </Wheels>
                              <Steam Origin="(-0.622; 1.145; -0.727)">

                              </Steam>
                              <GearboxSocket Type="gearboxes_special" Default="g_special_default">

                              </GearboxSocket>
                              <WinchUpgradeSocket Type="winches_scouts" Default="w_scout_default" IsUpgradable="true">

                              </WinchUpgradeSocket>
                                                                    <SteeringRack Frame="BoneRackFront" RackHalfSizeZ="0.777" FrameSteerLeft="BoneRackLeftFront" FrameSteerRight="BoneRackRightFront">

                                                                    </SteeringRack>
                                                                    <SteeringRack Frame="BoneRackRear" RackHalfSizeZ="0.777" FrameSteerLeft="BoneRackLeftRear" FrameSteerRight="BoneRackRightRear">

                                                                    </SteeringRack>
                              <SteeringWheel Frame="BoneSteering">

                              </SteeringWheel>
                              <SoundsWheels _template="Default">

                              </SoundsWheels>
                              <Damage>
                                                                              <DamageArea Type="Engine" Max="(0.958; 1.52; -0.101)" Min="(-0.867; 0.52; -1.132)">

                                                                              </DamageArea>
                                                                              <DamageArea Type="FuelTank" Max="(-0.016; 1.505; 1.14)" Min="(-0.824; 0.576; 0.008)">

                                                                              </DamageArea>
                              </Damage>
                              <Shafts>
                                                                                <Shaft SocketPointA="Shaft1a" SocketPointB="Shaft1b">

                                                                                </Shaft>
                                                                                <Shaft SocketPointA="Shaft2a" SocketPointB="Shaft2b">

                                                                                </Shaft>
                              </Shafts>
        </TruckData>
  </Truck>