  <_templates Include="trucks">
      <Wheel>
          <Front ParentFrame="BoneCabin_cdt" SteeringAngle="25" Location="front" SteeringJointOffset="0.6" Torque="none" SteeringCastor="8">

          </Front>
          <Rear Location="rear" ConnectedToHandbrake="true" Torque="default">

          </Rear>
      </Wheel>
      <Body>
            <Mudguard Mass="10">
                <Constraint Type="Hinge">
                    <Motor Spring="20" Damping="30" Type="Spring">

                    </Motor>
                </Constraint>
            </Mudguard>
      </Body>
  </_templates>
  <Truck>
        <HeadLight OuterCone="130" Dir="(1; -0.2; 0)" AttenStart="1" InnerCone="0" Color="g(255; 212; 154) x 8.5" Pos="(3.874; 2.305; 0)" AttenEnd="40">

        </HeadLight>
        <GameData UnlockByExploration="true" Price="143500" UnlockByRank="1" Country="US">
              <CustomizationCameras>
                    <CameraPos Name="roof_sticker" InterestPosition="(4.4457;1.7962;-0.5581)" Position="(7.6563;7.7975;-0.0651)" Interior="true" FOV="32.0">

                    </CameraPos>
                    <CameraPos Name="sticker_1" InterestPosition="(3.99;2.2247;2.5343)" Position="(5.4516;3.3453;-0.7229)" Interior="true" FOV="32.0">

                    </CameraPos>
                    <CameraPos MaxZoom="2" Name="addon_1" MaxYRotation="360" InterestPosition="(1.814; 1.692; 0)" Position="(-7.113; 4.445; 8.243)" MaxXRotation="360" FOV="32.0">

                    </CameraPos>
                    <CameraPos MaxZoom="2" Name="addon_2" MaxYRotation="360" InterestPosition="(3.1938;1.8074;0.0)" Position="(-8.0926;2.3374;-6.7182)" MaxXRotation="360" FOV="32.0">

                    </CameraPos>
                    <CameraPos Name="mirror_mount" InterestPosition="(7.345;3.0025;1.4987)" Position="(4.5874;3.6803;0.0727)" Interior="true" FOV="32.0">

                    </CameraPos>
                    <CameraPos MaxZoom="2" Name="side_r" MaxYRotation="360" InterestPosition="(4.7642;1.9696;-0.0)" Position="(-0.2259;4.9691;-4.5076)" MaxXRotation="360" FOV="32.0">

                    </CameraPos>
                    <CameraPos Name="sticker" InterestPosition="(7.2766;1.7382;-0.7342)" Position="(4.694;3.55;-0.1004)" Interior="true" FOV="32.0">

                    </CameraPos>
                    <CameraPos Name="door_r_sticker" InterestPosition="(6.3883;2.2248;0.5097)" Position="(4.0326;3.7016;3.9699)" Interior="true" FOV="32.0">

                    </CameraPos>
                    <CameraPos MaxZoom="2" Name="roof" MaxYRotation="360" InterestPosition="(4.7579;2.3584;-0.0)" Position="(10.7871;4.8062;-3.7174)" MaxXRotation="360" FOV="32.0">

                    </CameraPos>
                    <CameraPos Name="capote_sticker" InterestPosition="(6.071;1.8092;-0.6331)" Position="(9.0422;5.5084;-0.4206)" Interior="true" FOV="32.0">

                    </CameraPos>
                    <CameraPos MaxZoom="2" Name="hoods" MaxYRotation="360" InterestPosition="(5.997;1.735;0.0)" Position="(13.57;1.44;-3.425)" MaxXRotation="360" FOV="32.0">

                    </CameraPos>
                    <CameraPos MaxZoom="2" Name="side_l" MaxYRotation="360" InterestPosition="(6.27;2.278;0.0)" Position="(11.866;5.284;-4.55)" MaxXRotation="360" FOV="32.0">

                    </CameraPos>
                    <CameraPos Name="bubble_head" InterestPosition="(7.4574;0.2866;3.293)" Position="(4.7774;3.8079;-0.2615)" Interior="true" FOV="32.0">

                    </CameraPos>
                    <CameraPos MaxZoom="2" Name="wheels" MaxYRotation="360" InterestPosition="(3.2365;1.1327;-0.0)" Position="(5.9393;2.2174;-6.2555)" MaxXRotation="360" FOV="32.0">

                    </CameraPos>
                    <CameraPos MaxZoom="2" Name="default" MaxYRotation="360" InterestPosition="(5.1967;1.735;-0.0)" Position="(13.6412;1.3843;-4.5364)" MaxXRotation="360" FOV="32.0">

                    </CameraPos>
                    <CameraPos MaxZoom="2" Name="rear" MaxYRotation="360" InterestPosition="(0.4787;0.9924;-0.0)" Position="(-5.7668;1.8049;2.8989)" MaxXRotation="360" FOV="32.0">

                    </CameraPos>
                    <CameraPos Name="glass_sticker" InterestPosition="(3.8767;2.6219;-1.0871)" Position="(9.0056;4.7772;0.6588)" Interior="true" FOV="32.0">

                    </CameraPos>
                    <CameraPos Name="curtain" InterestPosition="(7.345;3.0025;1.4987)" Position="(4.5874;3.6803;0.0727)" Interior="true" FOV="32.0">

                    </CameraPos>
              </CustomizationCameras>
              <UiDesc UiName="UI_VEHICLE_CAT_770G_NAME" UiDesc="UI_VEHICLE_CAT_770G_DESC" UiIconLogo="CatterpillarLogo80" UiIcon40x40="heavyVehicleImg" UiIcon30x30="heavyVehicleImg30" UiIcon328x458="shopImgCat770g">

              </UiDesc>
                    <AddonSockets>
                        <Socket Offset="(0; 0; 0)" Names="Cat770gSaddle">

                        </Socket>
                        <Socket Offset="(0; 0; 0)" Names="Cat770gTank" NamesBlock="SemitrailerCat770g">

                        </Socket>
                    </AddonSockets>
                    <AddonSockets>
                      <Socket Offset="(-1.493; 2.04; 0)" Names="SemitrailerCat770g" ParentFrame="BoneChassis_cdt">

                      </Socket>
                    </AddonSockets>
                    <AddonSockets>
                      <Socket ParentFrame="BoneCabin_cdt" Offset="(2.333; 2.815; -0.626)" Names="StuffDashboard" InCockpit="true">

                      </Socket>
                    </AddonSockets>
                    <AddonSockets>
                      <Socket ParentFrame="BoneCabin_cdt" Names="cat770GSticker_1x1_01" InCockpit="true">

                      </Socket>
                    </AddonSockets>
                    <AddonSockets>
                      <Socket ParentFrame="BoneCabin_cdt" Names="cat770GSticker_1x1_02" InCockpit="true">

                      </Socket>
                    </AddonSockets>
                    <AddonSockets>
                      <Socket ParentFrame="BoneCabin_cdt" Names="cat770GSticker_1x1_03" InCockpit="true">

                      </Socket>
                    </AddonSockets>
                    <AddonSockets>
                      <Socket ParentFrame="BoneCabin_cdt" Names="cat770GSticker_1x2_01" InCockpit="true">

                      </Socket>
                    </AddonSockets>
                    <AddonSockets>
                      <Socket ParentFrame="BoneCabin_cdt" Names="cat770GSticker_1x2_02" InCockpit="true">

                      </Socket>
                    </AddonSockets>
                    <AddonSockets>
                      <Socket ParentFrame="BoneCabin_cdt" Names="cat770GSticker_1x4_01" InCockpit="true">

                      </Socket>
                    </AddonSockets>
                    <AddonSockets>
                      <Socket ParentFrame="BoneCabin_cdt" Names="cat770GSticker_GlassTop" InCockpit="true">

                      </Socket>
                    </AddonSockets>
                    <AddonSockets>
                      <Socket ParentFrame="BoneCabin_cdt" Names="cat770GSticker_GlassBottom" InCockpit="true">

                      </Socket>
                    </AddonSockets>
                    <AddonSockets>
                      <Socket Names="cat770GSticker_Door_R" ParentFrame="BoneCabin_cdt">

                      </Socket>
                    </AddonSockets>
                    <AddonSockets>
                      <Socket Names="cat770GSticker_Roof" ParentFrame="BoneCabin_cdt">

                      </Socket>
                    </AddonSockets>
                    <AddonSockets>
                      <Socket Names="cat770GSticker_Capote" ParentFrame="BoneCabin_cdt">

                      </Socket>
                    </AddonSockets>
                    <AddonSockets>
                      <Socket ParentFrame="BoneCabin_cdt" Offset="(2.147; 3.723; -0.248)" Names="StuffAirfreshener" InCockpit="true">

                      </Socket>
                    </AddonSockets>
                    <AddonSockets>
                      <Socket ParentFrame="BoneCabin_cdt" Names="StuffCurtainCat770g" InCockpit="true">

                      </Socket>
                    </AddonSockets>
                      <CraneSocket Pos="(3.66; 0.869; -0.908)">

                      </CraneSocket>
                      <CraneSocket Pos="(3.66; 0.869; 0.908)">

                      </CraneSocket>
                      <CraneSocket Pos="(0.173; 1.63; -0.532)">

                      </CraneSocket>
                      <CraneSocket Pos="(0.173; 1.63; 0.532)">

                      </CraneSocket>
                      <CraneSocket Pos="(-2.594; 1.57; 0)">

                      </CraneSocket>
                        <WinchSocket Pos="(3.66; 0.869; -0.908)">

                        </WinchSocket>
                        <WinchSocket Pos="(3.66; 0.869; 0.908)">

                        </WinchSocket>
                        <WinchSocket Pos="(0.173; 1.63; -0.532)">

                        </WinchSocket>
                        <WinchSocket Pos="(0.173; 1.63; 0.532)">

                        </WinchSocket>
                        <WinchSocket Pos="(-2.594; 1.57; 0)">

                        </WinchSocket>
        </GameData>
        <PhysicsModel Mesh="trucks/cat_770g">
                <Body NetSync="pv" CenterOfMassOffset="(-1.5; 0; 0)" ModelFrame="BoneChassis_cdt" Mass="12750" ImpactType="Truck">
                    <Body NetSync="pv" CenterOfMassOffset="(-0.5; -0.8; 0)" ModelFrame="BoneCabin_cdt" Mass="12250" ImpactType="Truck">
                        <Constraint Type="Fixed">

                        </Constraint>
                            <Body ModelFrame="BoneTieRod_cdt" _template="TieRod">
                              <Constraint MaxLimit="35" AxisLocal="(0; -1; 0)" MinLimit="-35" Name="TieRodSteer">

                              </Constraint>
                            </Body>
                            <Body ModelFrame="BoneMirrorFrontL_cdt" Mass="10" ImpactType="Truck">
                              <Constraint Type="Ragdoll" PlaneMin="-1" PlaneMax="1" TwistAxisLocal="(0; 1; 0)" Cone="1" PlaneAxisLocal="(1; 0; 1)">
                                  <AllMotor Spring="5500" Damping="10" Type="Spring">

                                  </AllMotor>
                              </Constraint>
                            </Body>
                            <Body ModelFrame="BoneMirrorFrontR_cdt" Mass="10" ImpactType="Truck">
                              <Constraint Type="Ragdoll" PlaneMin="-1" PlaneMax="1" TwistAxisLocal="(0; 1; 0)" Cone="2" PlaneAxisLocal="(1; 0; 1)">
                                  <AllMotor Spring="5500" Damping="1" Type="Spring">

                                  </AllMotor>
                              </Constraint>
                            </Body>
                            <Body ModelFrame="BoneAntenna_cdt" Mass="3" ImpactType="Truck">
                              <Constraint Type="Ragdoll" PlaneMin="-1" PlaneMax="20" TwistAxisLocal="(0; 1; 0)" Cone="90" PlaneAxisLocal="(0; 0; 1)">
                                  <AllMotor Spring="50" Damping="1" Type="Spring">

                                  </AllMotor>
                              </Constraint>
                            </Body>
                            <Body ModelFrame="BoneMudguardL_cdt" _template="Mudguard">
                              <Constraint MinLimit="-3" MaxLimit="1" AxisLocal="(0; 0; 1)">

                              </Constraint>
                            </Body>
                            <Body ModelFrame="BoneMudguardR_cdt" _template="Mudguard">
                              <Constraint MinLimit="-10" MaxLimit="2" AxisLocal="(0; 0; 1)">

                              </Constraint>
                            </Body>
                            <Body ModelFrame="BoneMudguardL2_cdt" Mass="30" Collisions="None">
                              <Constraint Type="Hinge" MaxLimit="10" AxisLocal="(1; 0; 0)" MinLimit="-10">
                                  <Motor Spring="100" Damping="1" Type="Spring">

                                  </Motor>
                              </Constraint>
                            </Body>
                            <Body ModelFrame="BoneMudguardR2_cdt" Mass="30" Collisions="None">
                              <Constraint Type="Hinge" MaxLimit="10" AxisLocal="(1; 0; 0)" MinLimit="-10">
                                  <Motor Spring="200" Damping="1" Type="Spring">

                                  </Motor>
                              </Constraint>
                            </Body>
                            <Body ModelFrame="BoneMudguardL3_cdt" Mass="20" Collisions="None">
                              <Constraint Type="Hinge" MaxLimit="30" AxisLocal="(1; 0; 0)" MinLimit="-30">
                                  <Motor Spring="200" Damping="5" Type="Spring">

                                  </Motor>
                              </Constraint>
                            </Body>
                            <Body ModelFrame="BoneMudguardL4_cdt" Mass="20" Collisions="None">
                              <Constraint Type="Hinge" MaxLimit="30" AxisLocal="(0; 1; 0)" MinLimit="-30">
                                  <Motor Spring="100" Damping="2" Type="Spring">

                                  </Motor>
                              </Constraint>
                            </Body>
                            <Body ModelFrame="BoneMudguardR3_cdt" Mass="20" Collisions="None">
                              <Constraint Type="Hinge" MaxLimit="30" AxisLocal="(1; 0; 0)" MinLimit="-30">
                                  <Motor Spring="200" Damping="5" Type="Spring">

                                  </Motor>
                              </Constraint>
                            </Body>
                            <Body ModelFrame="BoneMudguardR4_cdt" Mass="20" Collisions="None">
                              <Constraint Type="Hinge" MaxLimit="30" AxisLocal="(0; 1; 0)" MinLimit="-30">
                                  <Motor Spring="100" Damping="2" Type="Spring">

                                  </Motor>
                              </Constraint>
                            </Body>
                            <Body Mass="30" ModelFrame="BoneChock1_cdt">
                              <Constraint Type="Hinge" MaxLimit="50" AxisLocal="(0; 0; 1)" MinLimit="-6">
                                  <Motor Spring="300" Damping="5" Type="Spring">

                                  </Motor>
                              </Constraint>
                            </Body>
                            <Body Mass="20" ModelFrame="BoneChock2_cdt">
                              <Constraint Type="Hinge" MaxLimit="50" AxisLocal="(0; 0; 1)" MinLimit="-6">
                                  <Motor Spring="200" Damping="15" Type="Spring">

                                  </Motor>
                              </Constraint>
                            </Body>
                            <Body ModelFrame="BoneLock_cdt" Mass="5" Collisions="None">
                              <Constraint Type="Hinge" MaxLimit="10" AxisLocal="(1; 0; 0)" MinLimit="-140">
                                  <Motor Spring="1" Damping=".01" Type="Spring">

                                  </Motor>
                              </Constraint>
                            </Body>
                            <Body ModelFrame="BoneMirrorL_cdt" Mass="15" Collisions="None">
                              <Constraint Type="Hinge" MaxLimit="2" AxisLocal="(0; 1; 0)" MinLimit="-2">
                                  <Motor Spring="1000" Damping="1" Type="Spring">

                                  </Motor>
                              </Constraint>
                            </Body>
                            <Body ModelFrame="BoneMirrorR_cdt" Mass="15" Collisions="None">
                              <Constraint Type="Hinge" MaxLimit="2" AxisLocal="(0; 1; 0)" MinLimit="-2">
                                  <Motor Spring="1000" Damping="1" Type="Spring">

                                  </Motor>
                              </Constraint>
                            </Body>
                    </Body>
                </Body>
                <NetSync Legacy="false">

                </NetSync>
        </PhysicsModel>
        <ControlledConstraints>
                  <Constraint IsLinkedSteering="true" Id="chassis_steer" Name="TieRodSteer">

                  </Constraint>
        </ControlledConstraints>
        <Snorkel Origin="(2.335; 2.76; -1.632)">

        </Snorkel>
        <AutomaticIK>
                        <IKBone ParentFrame="BoneTieRod_cdt" ModelFrame="BonePistonLBase2">
                          <IKJoint Type="Hinge2" AxisLocal="(1; 0; 0)">

                          </IKJoint>
                          <IKBone AttachToFrame="BoneRackL" AttachOffset="(0; 0; 0)" ModelFrame="BonePistonL2">
                                <IKJoint Type="Slider" AxisLocal="(1; 0; 0)">

                                </IKJoint>
                          </IKBone>
                        </IKBone>
                        <IKBone ParentFrame="BoneTieRod_cdt" ModelFrame="BonePistonRBase2">
                          <IKJoint Type="Hinge2" AxisLocal="(1; 0; 0)">

                          </IKJoint>
                          <IKBone AttachToFrame="BoneRackR" AttachOffset="(0; 0; 0)" ModelFrame="BonePistonR2">
                                <IKJoint Type="Slider" AxisLocal="(1; 0; 0)">

                                </IKJoint>
                          </IKBone>
                        </IKBone>
                        <IKBone ParentFrame="BoneCabin_cdt" ModelFrame="BonePistonLBase">
                          <IKJoint Type="Hinge2" AxisLocal="(1; 0; 0)">

                          </IKJoint>
                          <IKBone AttachToFrame="BoneRackL" AttachOffset="(0; 0; 0)" ModelFrame="BonePistonL">
                                <IKJoint Type="Slider" AxisLocal="(1; 0; 0)">

                                </IKJoint>
                          </IKBone>
                        </IKBone>
                        <IKBone ParentFrame="BoneCabin_cdt" ModelFrame="BonePistonRBase">
                          <IKJoint Type="Hinge2" AxisLocal="(1; 0; 0)">

                          </IKJoint>
                          <IKBone AttachToFrame="BoneRackR" AttachOffset="(0; 0; 0)" ModelFrame="BonePistonR">
                                <IKJoint Type="Slider" AxisLocal="(1; 0; 0)">

                                </IKJoint>
                          </IKBone>
                        </IKBone>
        </AutomaticIK>
        <Landmark MaxScale="3.8" Mesh="landmarks/cat_770g_lmk" MinScale="1.8">

        </Landmark>
        <ModelAttachments>
                          <HeadLight>
                                <Flare Pos="(3.488; 2.527; -0.525)" _template="HeadLight" Color="g(255; 235; 205) x 0.6" Size="0.2">

                                </Flare>
                                <Flare Pos="(3.488; 2.527; 0.525)" _template="HeadLight" Color="g(255; 235; 205) x 0.6" Size="0.2">

                                </Flare>
                                <Flare Pos="(3.488; 2.527; -0.387)" _template="HeadLight" Color="g(255; 235; 205) x 0.6" Size="0.2">

                                </Flare>
                                <Flare Pos="(3.488; 2.527; 0.387)" _template="HeadLight" Color="g(255; 235; 205) x 0.6" Size="0.2">

                                </Flare>
                                <Flare Pos="(3.523; 2.445; -0.649)" _template="BlueStreak">

                                </Flare>
                                <Flare Pos="(3.523; 2.445; 0.649)" _template="BlueStreak">

                                </Flare>
                                  <Model Org="(3.488; 2.527; -0.525)" _template="HeadLightRay">

                                  </Model>
                                  <Model Org="(3.488; 2.527; 0.525)" _template="HeadLightRay">

                                  </Model>
                          </HeadLight>
                          <StopSignals>
                                <Light Pos="(-3.269; 1.274; 0)" Dir="(-0.707; -0.707; 0)" _template="StopSignal">

                                </Light>
                                    <Flare Pos="(-2.623; 1.631; -0.239)" Size="0.4" _template="StopSignal">

                                    </Flare>
                                    <Flare Pos="(-2.623; 1.631; 0.239)" Size="0.4" _template="StopSignal">

                                    </Flare>
                          </StopSignals>
                          <Ignition>
                                    <Light Pos="(3.488; 2.527; -0.525)" ParentFrame="BoneCabin_cdt" _template="IgnitionSignalWhite">

                                    </Light>
                                    <Light Pos="(3.488; 2.527; 0.525)" ParentFrame="BoneCabin_cdt" _template="IgnitionSignalWhite">

                                    </Light>
                                    <Light Pos="(-3.269; 1.087; 0)" Dir="(-0.707; -0.707; 0)" _template="IgnitionSignalRed">

                                    </Light>
                                      <Flare Pos="(3.488; 2.527; -0.525)" _template="IgnitionSignalWhite" Color="g(255; 235; 205) x 0.3" Size="0.2">

                                      </Flare>
                                      <Flare Pos="(3.488; 2.527; 0.525)" _template="IgnitionSignalWhite" Color="g(255; 235; 205) x 0.3" Size="0.2">

                                      </Flare>
                                      <Flare Pos="(3.488; 2.527; -0.387)" _template="IgnitionSignalWhite" Color="g(255; 235; 205) x 0.3" Size="0.2">

                                      </Flare>
                                      <Flare Pos="(3.488; 2.527; 0.387)" _template="IgnitionSignalWhite" Color="g(255; 235; 205) x 0.3" Size="0.2">

                                      </Flare>
                                      <Flare Pos="(-2.621; 1.63; -0.238)" _template="IgnitionSignalRed" AspectRatio="1.3" Size="0.25">

                                      </Flare>
                                      <Flare Pos="(-2.621; 1.63; 0.238)" _template="IgnitionSignalRed" AspectRatio="1.3" Size="0.25">

                                      </Flare>
                          </Ignition>
                          <ReverseSignals>
                                      <Light Pos="(-3; 1; 0)" Dir="(-0.707; -0.707; 0)" _template="ReverseSignal" Color="g(235; 220; 205) x 1.5">

                                      </Light>
                                      <Light OuterCone="90" Dir="(0; -1; 0)" _template="ReverseSignal" InnerCone="70" Color="g(235; 220; 205) x 1.5" Pos="(-0.4; 2.176; -1.657)">

                                      </Light>
                                      <Light OuterCone="90" Dir="(0; -1; 0)" _template="ReverseSignal" InnerCone="70" Color="g(235; 220; 205) x 1.5" Pos="(-0.4; 2.176; 1.657)">

                                      </Light>
                                        <Flare Pos="(-2.747; 1.365; -0.201)" _template="ReverseSignal" Color="g(235; 220; 205) x 0.65" Size="0.3">

                                        </Flare>
                                        <Flare Pos="(-2.747; 1.365; 0.201)" _template="ReverseSignal" Color="g(235; 220; 205) x 0.65" Size="0.3">

                                        </Flare>
                                        <Flare Pos="(0.826; 2.204; -1.657)" _template="ReverseSignal" Color="g(235; 220; 205) x 0.6" Size="0.1">

                                        </Flare>
                                        <Flare Pos="(0.826; 2.15; -1.657)" _template="ReverseSignal" Color="g(235; 220; 205) x 0.6" Size="0.1">

                                        </Flare>
                                        <Flare Pos="(0.826; 2.204; 1.657)" _template="ReverseSignal" Color="g(235; 220; 205) x 0.6" Size="0.1">

                                        </Flare>
                                        <Flare Pos="(0.826; 2.15; 1.657)" _template="ReverseSignal" Color="g(235; 220; 205) x 0.6" Size="0.1">

                                        </Flare>
                                        <Flare Pos="(-2.573; 1.53; -0.223)" Dir="(-1; 0; 0)" _template="BlueStreak" Color="g(220; 220; 255) x 0.05" Size="0.4">

                                        </Flare>
                                        <Flare Pos="(-2.573; 1.53; 0.223)" Dir="(-1; 0; 0)" _template="BlueStreak" Color="g(220; 220; 255) x 0.05" Size="0.4">

                                        </Flare>
                          </ReverseSignals>
        </ModelAttachments>
        <TruckData SteerSpeed="0.017" EngineStartDelay="0.6" EngineIconMesh="env/engine_default" TruckType="HEAVY" Responsiveness="0.05" BackSteerSpeed="0.015" TruckImage="cat770gmchr" FuelCapacity="530" DiffLockType="Always" ExhaustStartTime="0.6" EngineIconScale="1.7">
                            <Driver Pos="(1.792; 2.714; -0.041)" SteeringWheelPos="(2.174; 3.042; -0.048)">

                            </Driver>
                            <SoundsDamage _template="Heavy">

                            </SoundsDamage>
                            <OcclusionMap HalfSizeZ="2.7" MinX="-4" MaxX="4.5">

                            </OcclusionMap>
                            <FuelTank DamageCapacity="100">

                            </FuelTank>
                            <Intake Size="1.2" Dir="(1; 0; 0)" Origin="(3.632; 1.845; 0)">

                            </Intake>
                            <EngineSocket Type="e_us_special" Default="us_special_engine_0">

                            </EngineSocket>
                            <SuspensionSocket Type="s_cat_770g" MaxWheelRadiusWithoutSuspension="1" Default="cat_770g_suspension_default">

                            </SuspensionSocket>
                            <Dashboard>
                                                <Gauge InputRange="(0;1)" Dir="(-0.966; 0.255; -0.039)" InputType="rpm" Org="(2.513; 3.033; -0.059)" Damping="0.99" Mesh="trucks/arrows/cat_770g_arrow_01" OutputAngles="(-110; 110)">

                                                </Gauge>
                                                <Gauge InputRange="(0;1)" Dir="(-0.966; 0.255; -0.039)" InputType="fuel" Org="(2.521; 3.06; -0.11)" Damping="0.99" Mesh="trucks/arrows/cat_770g_arrow_03" OutputAngles="(121; 59)">

                                                </Gauge>
                                                <Gauge InputRange="(0;1)" Dir="(-0.966; 0.255; -0.039)" InputType="engineEnabled" Org="(2.507; 3.023; 0.023)" Damping="0.99" Mesh="trucks/arrows/cat_770g_arrow_02" OutputAngles="(-45; -5)">

                                                </Gauge>
                                                <Gauge InputRange="(0;1)" Dir="(-0.966; 0.255; -0.039)" InputType="engineEnabled" Org="(2.513; 3.022; -0.141)" Damping="0.99" Mesh="trucks/arrows/cat_770g_arrow_02" OutputAngles="(-45; 5)">

                                                </Gauge>
                                                <Gauge InputRange="(0;1)" Dir="(-0.966; 0.255; -0.039)" InputType="engineEnabled" Org="(2.514; 3.049; -0.001)" Damping="0.99" Mesh="trucks/arrows/cat_770g_arrow_02" OutputAngles="(-46; -10)">

                                                </Gauge>
                                                <Gauge InputRange="(0;1)" Dir="(-0.966; 0.255; -0.039)" InputType="engineEnabled" Org="(2.522; 3.06; -0.141)" Damping="0.99" Mesh="trucks/arrows/cat_770g_arrow_03" OutputAngles="(119; 90)">

                                                </Gauge>
                            </Dashboard>
                            <Axles>
                                                  <Axle Frame="BoneAxleL1" IsIndependent="true">

                                                  </Axle>
                                                  <Axle Frame="BoneAxleR1" IsIndependent="true">

                                                  </Axle>
                                                  <Axle Frame="BoneAxle2">

                                                  </Axle>
                            </Axles>
                            <Camera Center="(-1.5; 0; 0)" RadiusMultiplier="1.1">
                                                  <Cockpit WindshieldDiffuseTexture="trucks/cat_770g_glass__d_a.tga" _template="Default" WindshieldShadingTexture="trucks/cat_770g_glass__sh_d.tga" ViewPos="(1.7; 3.381; -0.041)">
                                                      <Rear _inheritRemove="true">

                                                      </Rear>
                                                          <Mirror FOVScale="2.5" ClipDir="(-0.867; 0; -0.498)" MeshFrame="mirror_left" Pos="(2.147; 3.194; 2.189)" ReflectionDir="(-0.821; 0.059; -0.567)" Size="(0.45; 0.6)" ClipOffset="0.5">

                                                          </Mirror>
                                                          <Mirror FOVScale="10" ClipDir="(-0.728; -0.489; -0.481)" MeshFrame="mirror_left_front" Pos="(3.886; 3.002; 1.37)" CurveAngle="15" Size="(0.4; 0.2)" ReflectionDir="(-0.728; -0.489; -0.481)">

                                                          </Mirror>
                                                          <Mirror FOVScale="2.5" ClipDir="(-0.867; 0; 0.498)" MeshFrame="mirror_right" Pos="(2.147; 3.194; -2.189)" ReflectionDir="(-0.835; 0.06; 0.547)" Size="(0.45; 0.6)" ClipOffset="0.5">

                                                          </Mirror>
                                                          <Mirror FOVScale="10" ClipDir="(-0.723; -0.519; 0.456)" MeshFrame="mirror_right_front" Pos="(3.881; 3.011; -1.378)" CurveAngle="15" Size="(0.4; 0.2)" ReflectionDir="(-0.723; -0.519; 0.456)">

                                                          </Mirror>
                                                  </Cockpit>
                            </Camera>
                            <CompatibleWheels Type="wheels_superheavy_cat770g_double" Scale="0.94">

                            </CompatibleWheels>
                            <LimitedFluid SizeX="0.878" Center="(-0.414; 1.24; 0.935)" Type="Box" SizeZ="0.675" SizeY="0.743">

                            </LimitedFluid>
                            <Exhaust IsLight="true" Dir="(0; 0.275; -0.961)" Speed="3.00" Origin="(0.551; 2.427; -1.8)">

                            </Exhaust>
                            <Sounds _template="Default" MinDist="15.0" Origin="(2.3; 1.8; 0)" DisableReversePitch="true">
                                                            <Reverse _inheritRemove="true">

                                                            </Reverse>
                                                            <Reverse Sound="trucks/cat_770g/cat_770g_back_beeper">

                                                            </Reverse>
                                                          <EngineTrans Sound="trucks/cat_770g/cat_770g_turbo">

                                                          </EngineTrans>
                                                          <EngineLow Sound="trucks/cat_770g/cat_770g_low">

                                                          </EngineLow>
                                                          <EngineHigh Sound="trucks/cat_770g/cat_770g_high">

                                                          </EngineHigh>
                                                          <HandbrakeOff Sound="trucks/cat_770g/cat_770g_handbrake_off">

                                                          </HandbrakeOff>
                                                          <ChassisStress Sound="trucks/common/truck_stress_rnd_set/truck_stress_rnd">

                                                          </ChassisStress>
                                                          <AbruptStop Sound="trucks/common/truck_swing_big_old_rnd_set/truck_swing_big_old_rnd">

                                                          </AbruptStop>
                                                          <EngineRev Sound="trucks/cat_770g/cat_770g_rev">

                                                          </EngineRev>
                                                          <EngineHeavy_2d IsSound2D="true" Sound="trucks/cat_770g/cat_770g_heavy_2d">

                                                          </EngineHeavy_2d>
                                                          <EngineHeavy Sound="trucks/cat_770g/cat_770g_heavy">

                                                          </EngineHeavy>
                                                          <EngineHigh_2d IsSound2D="true" Sound="trucks/cat_770g/cat_770g_high_2d">

                                                          </EngineHigh_2d>
                                                          <EngineLow_2d IsSound2D="true" Sound="trucks/cat_770g/cat_770g_low_2d">

                                                          </EngineLow_2d>
                                                          <EngineIdle_2d IsSound2D="true" Sound="trucks/cat_770g/cat_770g_idle_2d">

                                                          </EngineIdle_2d>
                                                          <EngineStart Sound="trucks/cat_770g/cat_770g_start">

                                                          </EngineStart>
                                                          <Handbrake Sound="trucks/cat_770g/cat_770g_handbrake_on">

                                                          </Handbrake>
                                                          <BrakeRelease Sound="trucks/cat_770g/cat_770g_brake_release">

                                                          </BrakeRelease>
                                                          <EngineIdle Sound="trucks/cat_770g/cat_770g_idle">

                                                          </EngineIdle>
                                                          <Honk Sound="trucks/cat_770g/cat_770g_honk">

                                                          </Honk>
                                                          <EngineStop Sound="trucks/cat_770g/cat_770g_stop">

                                                          </EngineStop>
                                                          <EngineAccel Sound="trucks/cat_770g/cat_770g_acc">

                                                          </EngineAccel>
                                                          <BrakesSqueal Sound="trucks/cat_770g/cat_770g_brakes_squeal">

                                                          </BrakesSqueal>
                            </Sounds>
                            <Wheels DefaultWheelType="wheels_superheavy_cat770g_double" DefaultTire="mudtires_1" DefaultRim="rim_1">
                                                              <Wheel Pos="(1.556; 0.952; 1.5)" _template="Front">

                                                              </Wheel>
                                                              <Wheel RightSide="true" Pos="(1.556; 0.952; 1.5)" _template="Front">

                                                              </Wheel>
                                                              <Wheel Pos="(-2.287; 0.952; 1.307)" _template="Rear">

                                                              </Wheel>
                                                              <Wheel RightSide="true" Pos="(-2.287; 0.952; 1.307)" _template="Rear">

                                                              </Wheel>
                            </Wheels>
                                                            <Steam Origin="(2.3; 1.8; 0)">

                                                            </Steam>
                                                            <Steam Origin="(0.4; 1.75; 0)">

                                                            </Steam>
                            <GearboxSocket Type="gearboxes_special" Default="g_special_default">

                            </GearboxSocket>
                            <WinchUpgradeSocket Type="winches_heavy_trucks" Default="w_heavy_trucks_default" IsUpgradable="true">

                            </WinchUpgradeSocket>
                            <SteeringRack Frame="BoneRack" RackHalfSizeZ="1.05" FrameSteerLeft="BoneRackL" FrameSteerRight="BoneRackR">

                            </SteeringRack>
                            <SteeringWheel Frame="BoneSteering">

                            </SteeringWheel>
                            <SoundsWheels _template="Default">

                            </SoundsWheels>
                            <Damage>
                                                                            <DamageArea Min="(2.6; 0.9; -0.9)" ParentFrame="BoneCabin_cdt" Max="(3.7; 2.9; 0.9)" Type="Engine">

                                                                            </DamageArea>
                                                                            <DamageArea Min="(-1.15; 0.65; -1.45)" ParentFrame="BoneChassis_cdt" Max="(0.4; 1.75; 1.3)" Type="FuelTank">

                                                                            </DamageArea>
                            </Damage>
                            <Shafts>
                                                                            <Shaft SocketPointA="Shaft1a" SocketPointB="Shaft1b">

                                                                            </Shaft>
                            </Shafts>
        </TruckData>
  </Truck>