  <_templates Include="trucks">
      <Socket>
          <Cabin2Chassis Offset="(0; 0; 0)" ParentFrame="BoneCabin_cdt">
              <ExtraParent Frame="BoneChassis_cdt">

              </ExtraParent>
          </Cabin2Chassis>
      </Socket>
      <Wheel>
            <MiddleAxle Location="middle" MeshType="rear" Torque="none">

            </MiddleAxle>
            <FirstAxle ParentFrame="BoneCabin_cdt" SteeringAngle="36" Location="front" SteeringJointOffset="0.23" Torque="connectable" SteeringCastor="0">

            </FirstAxle>
            <RearAxle Location="rear" ConnectedToHandbrake="true" Torque="default">

            </RearAxle>
      </Wheel>
      <Flare>
              <IgnitionSignalOrangeSmall ColorMultAtDay="0.6" Dir="(1; 0; 0)" DirAngle="60" Color="g(255; 140; 0) x 0.25" Size="0.1" AspectRatio="1.4">

              </IgnitionSignalOrangeSmall>
              <IgnitionSignalOrange ColorMultAtDay="0.6" Dir="(0; 1; 0)" DirAngle="135" Color="g(255; 140; 0) x 0.3" Size="0.1" AspectRatio="1.4">

              </IgnitionSignalOrange>
      </Flare>
      <Body>
                <Sunshield Mass="10" Collisions="None">
                    <Constraint Type="Hinge" MaxLimit="10" AxisLocal="(1; 0; 0)" MinLimit="-10" PivotOffset="(0; 0; 0)">
                        <Motor Spring="100" Damping="1" Type="Spring">

                        </Motor>
                    </Constraint>
                </Sunshield>
                <Mirror Mass="10" Collisions="None">
                      <Constraint Type="Hinge" MaxLimit=".5" AxisLocal="(1; 0; 0)" MinLimit="-.5" PivotOffset="(0; 0; 0)">
                          <Motor Spring="300" Damping="10" Type="Spring">

                          </Motor>
                      </Constraint>
                </Mirror>
      </Body>
  </_templates>
  <Truck>
        <HeadLight Pos="(4.576; 1.033; 0)" ParentFrame="BoneCabin_cdt" _template="Default">

        </HeadLight>
        <GameData UnlockByExploration="false" Price="121500" UnlockByRank="1" Country="US">
              <CustomizationCameras>
                    <CameraPos Name="roof_sticker" InterestPosition="(5.579; 2.724; -0.823)" Position="(7.586; 6.491; -0.239)" Interior="true" FOV="32.0">

                    </CameraPos>
                    <CameraPos Name="sticker" InterestPosition="(6.161; 2.836; 1.333)" Position="(4.671; 2.49; -0.421)" Interior="true" FOV="32.0">

                    </CameraPos>
                    <CameraPos Name="sticker_1" InterestPosition="(6.154; 1.493; 1)" Position="(4.774; 2.658; -0.448)" Interior="true" FOV="32.0">

                    </CameraPos>
                    <CameraPos Name="sticker_2" InterestPosition="(6.154; 3.193; 0.395)" Position="(4.781; 2.495; -0.674)" Interior="true" FOV="32.0">

                    </CameraPos>
                    <CameraPos MaxYRotation="360" MaxZoom="2" Name="addon_1" InterestPosition="(0.561; 1.684; -0)" Position="(-7.975; 4.814; 6.571)" MaxXRotation="360" FOV="32.0">

                    </CameraPos>
                    <CameraPos MaxYRotation="360" MaxZoom="2" Name="addon_2" InterestPosition="(5.759; 2.49; 0)" Position="(10.793; 4.409; -3.424)" MaxXRotation="360" FOV="32.0">

                    </CameraPos>
                    <CameraPos Name="mirror_mount" InterestPosition="(6.161; 2.63; 1.333)" Position="(4.797; 2.528; -0.397)" Interior="true" FOV="32.0">

                    </CameraPos>
                    <CameraPos MaxYRotation="360" MaxZoom="2" Name="side_r" InterestPosition="(5.924; 1.654; 0)" Position="(9.992; 4.09; 5.732)" MaxXRotation="360" FOV="32.0">

                    </CameraPos>
                    <CameraPos Name="glass_sticker" InterestPosition="(5.32; 2.542; -0.827)" Position="(9.617; 2.63; 0.784)" Interior="true" FOV="32.0">

                    </CameraPos>
                    <CameraPos Name="door_r_sticker" InterestPosition="(6.848; 1.255; -0.31)" Position="(3.77; 2.322; 3.892)" Interior="true" FOV="32.0">

                    </CameraPos>
                    <CameraPos MaxYRotation="360" MaxZoom="2" Name="roof" InterestPosition="(5.118; 2.383; 0)" Position="(11.064; 4.396; -4.015)" MaxXRotation="360" FOV="32.0">

                    </CameraPos>
                    <CameraPos Name="capote_sticker" InterestPosition="(6.071; 0.274; -0.493)" Position="(9.796; 5.807; -0.371)" Interior="true" FOV="32.0">

                    </CameraPos>
                    <CameraPos MaxYRotation="360" MaxZoom="2" Name="hoods" InterestPosition="(5.187; 1.818; 0)" Position="(13.18; 1.275; -5.377)" MaxXRotation="360" FOV="32.0">

                    </CameraPos>
                    <CameraPos MaxYRotation="360" MaxZoom="2" Name="side_l" InterestPosition="(5.232; 2.207; 0)" Position="(-0.015; 4.489; 5.666)" MaxXRotation="360" FOV="32.0">

                    </CameraPos>
                    <CameraPos Name="bubble_head" InterestPosition="(6.154; 1.833; 1.183)" Position="(4.733; 2.472; -0.2)" Interior="true" FOV="32.0">

                    </CameraPos>
                    <CameraPos MaxYRotation="360" MaxZoom="2" Name="wheels" InterestPosition="(5.548; 0.545; -0)" Position="(7.631; 1.733; -6.123)" MaxXRotation="360" FOV="32.0">

                    </CameraPos>
                    <CameraPos MaxYRotation="360" MaxZoom="2" Name="default" InterestPosition="(5.187; 1.818; 0)" Position="(13.18; 1.275; -5.377)" MaxXRotation="360" FOV="32.0">

                    </CameraPos>
                    <CameraPos MaxYRotation="360" MaxZoom="2" Name="rear" InterestPosition="(-1.423; 1.831; -0)" Position="(-10.631; 2.524; 6.535)" MaxXRotation="360" FOV="32.0">

                    </CameraPos>
                    <CameraPos Name="door_l_sticker" InterestPosition="(5.4; 1.35; 0.903)" Position="(3.919; 2.245; -3.915)" Interior="true" FOV="32.0">

                    </CameraPos>
                    <CameraPos Name="hood_ornament" InterestPosition="(7.827; 1.98; -1.633)" Position="(8.878; 2.296; -1.633)" Interior="true" FOV="32.0">

                    </CameraPos>
                    <CameraPos Name="curtain" InterestPosition="(6.161; 2.63; 1.333)" Position="(4.797; 2.528; -0.397)" Interior="true" FOV="32.0">

                    </CameraPos>
              </CustomizationCameras>
              <UiDesc UiName="UI_VEHICLE_WESTERN_STAR_49X_NAME" UiDesc="UI_VEHICLE_WESTERN_STAR_49X_DESC" UiIconLogo="WesternStarLogo80" UiIcon40x40="heavyVehicleImg" UiIcon30x30="heavyVehicleImg30" UiIcon328x458="shopImgWS49line">

              </UiDesc>
                    <AddonSockets>
                        <Socket Offset="(-1.3; 1.093; 0)" Names="FrameAddonTowPlatform" NamesBlock="MetalDetector, MinicraneUS,Trailer">

                        </Socket>
                        <Socket Offset="(0.5; 1.093; 0)" Names="LogLift" NamesBlock="MetalDetector, MinicraneUS">

                        </Socket>
                        <Socket Offset="(-6.926; 1.094; 0)" Names="BunkLog" NamesBlock="MinicraneUS, MetalDetector">

                        </Socket>
                        <Socket Offset="(-2.2; 1.09; 0)" Names="FrameAddonLogShort" NamesBlock="MinicraneUS, MetalDetector">

                        </Socket>
                        <Socket Offset="(-1.9; 1.09; 0)" Names="FrameAddonLogMedium" NamesBlock="MinicraneUS, MetalDetector">

                        </Socket>
                        <Socket Offset="(-3.425; 1.087; 0)" Names="SaddleLow">
                            <ExtraParent Offset="(0; 0; 0.02)" Frame="BoneChassis_cdt">

                            </ExtraParent>
                            <ExtraParent Offset="(0; 0; -0.02)" Frame="BoneChassis_cdt">

                            </ExtraParent>
                        </Socket>
                        <Socket Offset="(-3.425; 1.087; 0)" Names="SaddleHigh">
                            <ExtraParent Offset="(0; 0; 0.02)" Frame="BoneChassis_cdt">

                            </ExtraParent>
                            <ExtraParent Offset="(0; 0; -0.02)" Frame="BoneChassis_cdt">

                            </ExtraParent>
                        </Socket>
                        <Socket Offset="(-2.100; 1.087; 0)" Names="FrameAddon">
                            <AddonsShift Offset="(-1.037; 0; 0)" Types="MinicraneUS">

                            </AddonsShift>
                            <AddonsShift Offset="(-0.743; 0; 0)" Types="MetalDetector">

                            </AddonsShift>
                        </Socket>
                        <Socket Offset="(-2.7; 1.087; 0)" Names="FrameAddonTank">

                        </Socket>
                        <Socket ParentFrame="BoneChassis_cdt" Offset="(-0.2; 1.087; 0)" Names="FrameAddonSeismicVibrator" NamesBlock="Trailer, MinicraneUS">

                        </Socket>
                        <Socket ParentFrame="BoneChassis_cdt" Offset="(-2.55; 0.055; 0)" Names="FrameAddonMaintainer" NamesBlock="Trailer, MinicraneUS">

                        </Socket>
                    </AddonSockets>
                    <AddonSockets>
                      <Socket ParentFrame="BoneChassis_cdt" Offset="(0.075; 0.038; 0)" Names="MetalDetector" NamesBlock="MinicraneUS, FrameAddonSeismicVibrator, FrameAddonKung, FrameAddonTank, FrameAddonMaintainer,">

                      </Socket>
                    </AddonSockets>
                    <AddonSockets>
                      <Socket Offset="(-0.147; 1.09; 0)" Names="MinicraneUS" NamesBlock="FrameAddonTank, FrameAddonMaintainer, FrameAddonSeismicVibrator, FrameAddonKung">

                      </Socket>
                    </AddonSockets>
                    <AddonSockets>
                        <Socket Offset="(-3.425; 1.39; 0)" Names="Semitrailer, SemitrailerOiltank">

                        </Socket>
                        <Socket Offset="(-3.44; 1.6; 0)" Names="LargeSemitrailer, LargeSemitrailerOiltank">

                        </Socket>
                        <Socket Offset="(-5.16; 0.786; 0)" Names="Trailer">

                        </Socket>
                    </AddonSockets>
                    <AddonSockets>
                      <Socket _template="Cabin2Chassis" Offset="(2.061; 2.22; -0.131)" Names="StuffDashboard" InCockpit="true">

                      </Socket>
                    </AddonSockets>
                    <AddonSockets DefaultAddon="western_star_49x_bumper_default">
                      <Socket Names="WS49XBumper" _template="Cabin2Chassis">

                      </Socket>
                    </AddonSockets>
                    <AddonSockets DefaultAddon="western_star_49x_exhaust_default">
                      <Socket Names="WS49XExhaust" _template="Cabin2Chassis">

                      </Socket>
                    </AddonSockets>
                    <AddonSockets DefaultAddon="western_star_49x_visor_default">
                        <Socket Names="WS49XVisor" _template="Cabin2Chassis">

                        </Socket>
                        <Socket NamesBlock="WS49XSpotlight" Names="WS49XVisor1" _template="Cabin2Chassis">

                        </Socket>
                    </AddonSockets>
                    <AddonSockets DefaultAddon="western_star_49x_horn_default">
                      <Socket Names="WS49XHorn" _template="Cabin2Chassis">

                      </Socket>
                    </AddonSockets>
                    <AddonSockets>
                      <Socket Names="WS49XSnorkel" _template="Cabin2Chassis">

                      </Socket>
                    </AddonSockets>
                    <AddonSockets>
                      <Socket Names="WS49XSpotlight" _template="Cabin2Chassis">

                      </Socket>
                    </AddonSockets>
                    <AddonSockets>
                        <Socket Names="WS49XBeacon1" _template="Cabin2Chassis">

                        </Socket>
                        <Socket NamesBlock="WS49XConditioner" Names="WS49XBeacon2" _template="Cabin2Chassis">

                        </Socket>
                    </AddonSockets>
                    <AddonSockets>
                      <Socket NamesBlock="WS49XSpotlight" Names="WS49XGabarite1" _template="Cabin2Chassis">

                      </Socket>
                    </AddonSockets>
                    <AddonSockets>
                      <Socket Names="WS49XGabarite2" _template="Cabin2Chassis">

                      </Socket>
                    </AddonSockets>
                    <AddonSockets>
                      <Socket Names="WS49XConditioner" _template="Cabin2Chassis">

                      </Socket>
                    </AddonSockets>
                    <AddonSockets DefaultAddon="western_star_49x_diff_lock_default">
                      <Socket Offset="(0; 0; 0)" Names="WS49XDiffLock" ParentFrame="BoneChassis_cdt">

                      </Socket>
                    </AddonSockets>
                    <AddonSockets DefaultAddon="western_star_49x_transferbox_default">
                      <Socket Offset="(0; 0; 0)" Names="WesternStar49XTransferBox" ParentFrame="BoneChassis_cdt">
                            <ExtraParent Frame="BoneCabin_cdt">

                            </ExtraParent>
                            <ExtraParent Frame="BoneTieRodL_cdt">

                            </ExtraParent>
                            <ExtraParent Frame="BoneTieRodR_cdt">

                            </ExtraParent>
                            <ExtraParent Frame="BoneAxleFront">

                            </ExtraParent>
                            <ExtraParent Frame="BoneRackLeft">

                            </ExtraParent>
                            <ExtraParent Frame="BoneRackRight">

                            </ExtraParent>
                      </Socket>
                    </AddonSockets>
                    <AddonSockets>
                        <Socket _template="Cabin2Chassis" Offset="(1.818; 2.727; 0)" Names="StuffAirfreshener" InCockpit="true">

                        </Socket>
                        <Socket InCockpit="true" Names="StuffCurtainWesternStar49X" _template="Cabin2Chassis">

                        </Socket>
                    </AddonSockets>
                    <AddonSockets>
                      <Socket ParentFrame="BoneCabin_cdt" Offset="(0; 0; 0)" Names="WesternStar49xSticker_1x1_01" InCockpit="true">
                          <ExtraParent Frame="BoneChassis_cdt">

                          </ExtraParent>
                      </Socket>
                    </AddonSockets>
                    <AddonSockets>
                      <Socket ParentFrame="BoneCabin_cdt" Offset="(0; 0; 0)" Names="WesternStar49xSticker_1x1_02" InCockpit="true">
                          <ExtraParent Frame="BoneChassis_cdt">

                          </ExtraParent>
                      </Socket>
                    </AddonSockets>
                    <AddonSockets>
                      <Socket ParentFrame="BoneCabin_cdt" Offset="(0; 0; 0)" Names="WesternStar49xSticker_1x2_01" InCockpit="true">
                          <ExtraParent Frame="BoneChassis_cdt">

                          </ExtraParent>
                      </Socket>
                    </AddonSockets>
                    <AddonSockets>
                      <Socket ParentFrame="BoneCabin_cdt" Offset="(0; 0; 0)" Names="WesternStar49xSticker_1x2_02" InCockpit="true">
                          <ExtraParent Frame="BoneChassis_cdt">

                          </ExtraParent>
                      </Socket>
                    </AddonSockets>
                    <AddonSockets>
                      <Socket ParentFrame="BoneCabin_cdt" Offset="(0; 0; 0)" Names="WesternStar49xSticker_1x4_01" InCockpit="true">
                          <ExtraParent Frame="BoneChassis_cdt">

                          </ExtraParent>
                      </Socket>
                    </AddonSockets>
                    <AddonSockets>
                      <Socket ParentFrame="BoneCabin_cdt" Offset="(0; 0; 0)" Names="westernStar49XSticker_GlassTop" InCockpit="true">
                          <ExtraParent Frame="BoneChassis_cdt">

                          </ExtraParent>
                      </Socket>
                    </AddonSockets>
                    <AddonSockets>
                      <Socket ParentFrame="BoneCabin_cdt" Offset="(0; 0; 0)" Names="westernStar49XSticker_GlassBottom" InCockpit="true">
                          <ExtraParent Frame="BoneChassis_cdt">

                          </ExtraParent>
                      </Socket>
                    </AddonSockets>
                    <AddonSockets>
                      <Socket Offset="(0; 0; 0)" Names="westernStar49XSticker_Door_L" ParentFrame="BoneCabin_cdt">
                          <ExtraParent Frame="BoneChassis_cdt">

                          </ExtraParent>
                      </Socket>
                    </AddonSockets>
                    <AddonSockets>
                      <Socket Offset="(0; 0; 0)" Names="westernStar49XSticker_Door_R" ParentFrame="BoneCabin_cdt">
                          <ExtraParent Frame="BoneChassis_cdt">

                          </ExtraParent>
                      </Socket>
                    </AddonSockets>
                    <AddonSockets>
                      <Socket Offset="(0; 0; 0)" Names="westernStar49XSticker_Capote" ParentFrame="BoneCabin_cdt">
                          <ExtraParent Frame="BoneChassis_cdt">

                          </ExtraParent>
                      </Socket>
                    </AddonSockets>
                    <AddonSockets>
                      <Socket Offset="(0; 0; 0)" Names="westernStar49XSticker_Roof" ParentFrame="BoneCabin_cdt">
                          <ExtraParent Frame="BoneChassis_cdt">

                          </ExtraParent>
                      </Socket>
                    </AddonSockets>
                    <AddonSockets>
                      <Socket ParentFrame="BoneCabin_cdt" Offset="(0; 0; 0)" Names="WesternStar49xSticker_1x4_02" InCockpit="true">
                          <ExtraParent Frame="BoneChassis_cdt">

                          </ExtraParent>
                      </Socket>
                    </AddonSockets>
                    <AddonSockets>
                      <Socket Names="StuffHoodWesternStar49X" _template="Cabin2Chassis">

                      </Socket>
                    </AddonSockets>
                      <CraneSocket Pos="(3.845; 0.723; -0.52)" ParentFrame="BoneCabin_cdt">

                      </CraneSocket>
                      <CraneSocket Pos="(3.845; 0.723; 0.52)" ParentFrame="BoneCabin_cdt">

                      </CraneSocket>
                      <CraneSocket Pos="(-5.1; 0.786; 0)">

                      </CraneSocket>
                      <CraneSocket Pos="(-0.161; 1.032; -0.436)">

                      </CraneSocket>
                      <CraneSocket Pos="(-0.161; 1.032; 0.436)">

                      </CraneSocket>
                        <WinchSocket Pos="(3.89; 0.839; -0)" ParentFrame="BoneCabin_cdt">

                        </WinchSocket>
                        <WinchSocket Pos="(-5.1; 0.786; 0)">

                        </WinchSocket>
                        <WinchSocket Pos="(-0.161; 1.032; -0.436)">

                        </WinchSocket>
                        <WinchSocket Pos="(-0.161; 1.032; 0.436)">

                        </WinchSocket>
        </GameData>
        <PhysicsModel Mesh="trucks/western_star_49x">
                <Body NetSync="pv" CenterOfMassOffset="(0; -0; 0)" ModelFrame="BoneChassis_cdt" Mass="4000" ImpactType="Truck">
                    <Body NetSync="pv" CenterOfMassOffset="(0.5; 0; 0)" ModelFrame="BoneCabin_cdt" Mass="4000" ImpactType="Truck">
                        <Constraint Type="Hinge" MaxLimit="5" AxisLocal="(1; 0; 0)" MinLimit="-5" PivotOffset="(0; 0; 0)">
                            <Motor Spring="400000" Damping="100000" Type="Spring">

                            </Motor>
                        </Constraint>
                            <Body ModelFrame="BoneMirrorLeft_cdt" _template="Mirror">

                            </Body>
                            <Body ModelFrame="BoneMirrorRight_cdt" _template="Mirror">

                            </Body>
                            <Body ModelFrame="BoneMirrorSide_cdt" Mass="20" Collisions="None">
                              <Constraint Type="Hinge" MaxLimit="10" AxisLocal="(1; 0; 0)" MinLimit="-10">
                                  <Motor Spring="90" Damping="1" Type="Spring">

                                  </Motor>
                              </Constraint>
                            </Body>
                            <Body ModelFrame="BoneSunshieldL_cdt" _template="Sunshield">

                            </Body>
                            <Body ModelFrame="BoneSunshieldR_cdt" _template="Sunshield">

                            </Body>
                            <Body ModelFrame="BoneTieRodL_cdt" _template="TieRod">
                              <Constraint MaxLimit="28" AxisLocal="(0; 0; -1)" MinLimit="-28" Name="TieRodSteer">

                              </Constraint>
                            </Body>
                            <Body ModelFrame="BoneTieRodR_cdt" _template="TieRod">
                              <Constraint MaxLimit="28" AxisLocal="(0; 0; 1)" MinLimit="-28" Name="TieRodSteer2">

                              </Constraint>
                            </Body>
                    </Body>
                </Body>
                <NetSync Legacy="false">

                </NetSync>
        </PhysicsModel>
        <ControlledConstraints>
                    <Constraint IsLinkedSteering="true" Id="chassis_steer" Name="TieRodSteer">

                    </Constraint>
                    <Constraint IsLinkedSteering="true" Id="chassis_steer" Name="TieRodSteer2">

                    </Constraint>
        </ControlledConstraints>
        <ModelAttachments>
                    <HeadLight>
                          <Flare Pos="(3.714; 1.173; 0.955)" _template="HeadLight" Color="g(255; 235; 215) x 1" Size=".1" ParentFrame="BoneCabin_cdt">

                          </Flare>
                          <Flare Pos="(3.695; 1.176; 1.109)" _template="HeadLight" Color="g(255; 235; 215) x 1" Size=".1" ParentFrame="BoneCabin_cdt">

                          </Flare>
                          <Flare Pos="(3.714; 1.173; -0.955)" _template="HeadLight" Color="g(255; 235; 215) x 1" Size=".1" ParentFrame="BoneCabin_cdt">

                          </Flare>
                          <Flare Pos="(3.695; 1.176; -1.109)" _template="HeadLight" Color="g(255; 235; 215) x 1" Size=".1" ParentFrame="BoneCabin_cdt">

                          </Flare>
                          <Flare Pos="(3.714; 1.173; 1.04)" ParentFrame="BoneCabin_cdt" _template="BlueStreak">

                          </Flare>
                          <Flare Pos="(3.714; 1.173; -1.04)" ParentFrame="BoneCabin_cdt" _template="BlueStreak">

                          </Flare>
                            <Model Org="(3.714; 1.173; 1.04)" ParentFrame="BoneCabin_cdt" _template="HeadLightRay">

                            </Model>
                            <Model Org="(3.714; 1.173; -1.04)" ParentFrame="BoneCabin_cdt" _template="HeadLightRay">

                            </Model>
                    </HeadLight>
                    <StopSignals>
                          <Light Pos="(-5.214; 0.659; 0)" _template="StopSignal">

                          </Light>
                              <Flare Pos="(-4.894; 0.699; -0.383)" Size="0.3" _template="StopSignal">

                              </Flare>
                              <Flare Pos="(-4.894; 0.699; 0.383)" Size="0.3" _template="StopSignal">

                              </Flare>
                    </StopSignals>
                    <Ignition>
                              <Light Pos="(4.5; 1.013; 0.8)" Color="g(255; 235; 215) x 1.0" _template="IgnitionSignalWhite">

                              </Light>
                              <Light Pos="(4.5; 1.013; -0.8)" Color="g(255; 235; 215) x 1.0" _template="IgnitionSignalWhite">

                              </Light>
                              <Light Pos="(-5; 0.643; 0)" Color="g(255; 10; 10) x 0.4" _template="IgnitionSignalRed">

                              </Light>
                                <Flare Pos="(-4.889; 0.643; 0.388)" Size="0.2" _template="IgnitionSignalRed">

                                </Flare>
                                <Flare Pos="(-4.889; 0.643; -0.388)" Size="0.2" _template="IgnitionSignalRed">

                                </Flare>
                                <Flare Pos="(3.069; 1.352; 1.248)" Dir="(0; 0; 1)" _template="IgnitionSignalOrange" Color="g(255; 140; 0) x 0.5" Size="0.2" ParentFrame="BoneCabin_cdt">

                                </Flare>
                                <Flare Pos="(3.069; 1.352; -1.248)" Dir="(0; 0; -1)" _template="IgnitionSignalOrange" Color="g(255; 140; 0) x 0.5" Size="0.2" ParentFrame="BoneCabin_cdt">

                                </Flare>
                                <Flare Pos="(2.69; 1.724; 1.060)" Dir="(1; 0; 0)" _template="IgnitionSignalOrange" ParentFrame="BoneCabin_cdt" AspectRatio="0.5" Size="0.8" Color="g(255; 140; 0) x 0.3">

                                </Flare>
                                <Flare Pos="(2.69; 1.724; -1.060)" Dir="(1; 0; 0)" _template="IgnitionSignalOrange" ParentFrame="BoneCabin_cdt" AspectRatio="0.5" Size="0.8" Color="g(255; 140; 0) x 0.3">

                                </Flare>
                                <Flare Pos="(2.803; 1.823; -0.995)" Dir="(0.589; 0; -0.808)" _template="IgnitionSignalOrange" ParentFrame="BoneCabin_cdt" AspectRatio="3" Size="0.3" Color="g(255; 140; 0) x 0.2">

                                </Flare>
                                <Flare Pos="(2.807; 1.623; -1.005)" Dir="(0.589; 0; -0.808)" _template="IgnitionSignalOrange" ParentFrame="BoneCabin_cdt" AspectRatio="3" Size="0.3" Color="g(255; 140; 0) x 0.2">

                                </Flare>
                                <Flare Pos="(2.803; 1.823; 0.995)" Dir="(0.589; 0; 0.808)" _template="IgnitionSignalOrange" ParentFrame="BoneCabin_cdt" AspectRatio="3" Size="0.3" Color="g(255; 140; 0) x 0.2">

                                </Flare>
                                <Flare Pos="(2.807; 1.623; 1.005)" Dir="(0.589; 0; 0.808)" _template="IgnitionSignalOrange" ParentFrame="BoneCabin_cdt" AspectRatio="3" Size="0.3" Color="g(255; 140; 0) x 0.2">

                                </Flare>
                                <Flare Pos="(3.729; 1.237; 1.017)" Dir="(1; 0; 0)" _template="IgnitionSignalOrange" ParentFrame="BoneCabin_cdt" AspectRatio="3" Size="0.4" Color="g(255; 140; 0) x 0.4">

                                </Flare>
                                <Flare Pos="(3.729; 1.237; -1.017)" Dir="(1; 0; 0)" _template="IgnitionSignalOrange" ParentFrame="BoneCabin_cdt" AspectRatio="3" Size="0.4" Color="g(255; 140; 0) x 0.4">

                                </Flare>
                                <Flare Pos="(3.714; 1.173; -0.955)" _template="IgnitionSignalWhite" Color="g(255; 235; 215) x 0.3" Size="0.2" ParentFrame="BoneCabin_cdt">

                                </Flare>
                                <Flare Pos="(3.695; 1.176; -1.109)" _template="IgnitionSignalWhite" Color="g(255; 235; 215) x 0.3" Size="0.2" ParentFrame="BoneCabin_cdt">

                                </Flare>
                                <Flare Pos="(3.714; 1.173; 0.955)" _template="IgnitionSignalWhite" Color="g(255; 235; 215) x 0.3" Size="0.2" ParentFrame="BoneCabin_cdt">

                                </Flare>
                                <Flare Pos="(3.695; 1.176; 1.109)" _template="IgnitionSignalWhite" Color="g(255; 235; 215) x 0.3" Size="0.2" ParentFrame="BoneCabin_cdt">

                                </Flare>
                    </Ignition>
                    <ReverseSignals>
                              <Light OuterCone="160" Dir="(-1; -0.2; 0)" AttenEnd="2.0" InnerCone="120" Color="(80; 80; 80)" Pos="(-4.941; 0.555; -0.388)">

                              </Light>
                                  <Flare ColorMultAtDay="0.6" Dir="(-1; 0; 0)" AspectRatio="1.4" Size="0.4" Pos="(-4.894; 0.72; 0.383)" DirAngle="90" Color="g(200; 200; 200) x 0.6" Reflections="true">

                                  </Flare>
                                  <Flare ColorMultAtDay="0.6" Dir="(-1; 0; 0)" AspectRatio="1.4" Size="0.4" Pos="(-4.894; 0.72; -0.383)" DirAngle="90" Color="g(200; 200; 200) x 0.6" Reflections="true">

                                  </Flare>
                                  <Flare Pos="(-4.894; 0.72; 0.383)" Dir="(-1; 0; 0)" _template="BlueStreak" Color="g(220; 220; 255) x 0.05" Size="0.4">

                                  </Flare>
                                  <Flare Pos="(-4.894; 0.72; -0.383)" Dir="(-1; 0; 0)" _template="BlueStreak" Color="g(220; 220; 255) x 0.05" Size="0.4">

                                  </Flare>
                    </ReverseSignals>
        </ModelAttachments>
        <Landmark MaxScale="3.8" Mesh="landmarks/western_star_49x_lmk" MinScale="1.8">

        </Landmark>
        <AutomaticIK>
                          <IKBone ParentFrame="BoneChassis_cdt" ModelFrame="BoneTorqueRod1">
                            <IKJoint Type="Hinge2" AxisLocal="(1; 0; 0)">

                            </IKJoint>
                            <IKBone AttachToFrame="BoneAxleRear2" AttachOffset="(0; 0; 0)" ModelFrame="BoneTorqueRod1_end">
                                  <IKJoint Type="Slider" AxisLocal="(1; 0; 0)">

                                  </IKJoint>
                            </IKBone>
                          </IKBone>
                          <IKBone ParentFrame="BoneChassis_cdt" ModelFrame="BoneTorqueRod2">
                            <IKJoint Type="Hinge2" AxisLocal="(1; 0; 0)">

                            </IKJoint>
                            <IKBone AttachToFrame="BoneAxleRear3" AttachOffset="(0; 0; 0)" ModelFrame="BoneTorqueRod2_end">
                                  <IKJoint Type="Slider" AxisLocal="(1; 0; 0)">

                                  </IKJoint>
                            </IKBone>
                          </IKBone>
                          <IKBone ParentFrame="BoneChassis_cdt" ModelFrame="BoneIK1">
                            <IKJoint Type="Hinge2" AxisLocal="(1; 0; 0)">

                            </IKJoint>
                            <IKBone AttachToFrame="BoneAxleRear3" AttachOffset="(0; 0; 0)" ModelFrame="BoneIK1_end">
                                  <IKJoint Type="Slider" AxisLocal="(1; 0; 0)">

                                  </IKJoint>
                            </IKBone>
                          </IKBone>
                          <IKBone ParentFrame="BoneChassis_cdt" ModelFrame="BoneIK2">
                            <IKJoint Type="Hinge2" AxisLocal="(1; 0; 0)">

                            </IKJoint>
                            <IKBone AttachToFrame="BoneAxleRear3" AttachOffset="(0; 0; 0)" ModelFrame="BoneIK2_end">
                                  <IKJoint Type="Slider" AxisLocal="(1; 0; 0)">

                                  </IKJoint>
                            </IKBone>
                          </IKBone>
                          <IKBone ParentFrame="BoneChassis_cdt" ModelFrame="BoneIK3">
                            <IKJoint Type="Hinge2" AxisLocal="(1; 0; 0)">

                            </IKJoint>
                            <IKBone AttachToFrame="BoneAxleRear3" AttachOffset="(0; 0; 0)" ModelFrame="BoneIK3_end">
                                  <IKJoint Type="Slider" AxisLocal="(1; 0; 0)">

                                  </IKJoint>
                            </IKBone>
                          </IKBone>
                          <IKBone ParentFrame="BoneChassis_cdt" ModelFrame="BoneIK4">
                            <IKJoint Type="Hinge2" AxisLocal="(1; 0; 0)">

                            </IKJoint>
                            <IKBone AttachToFrame="BoneAxleRear3" AttachOffset="(0; 0; 0)" ModelFrame="BoneIK4_end">
                                  <IKJoint Type="Slider" AxisLocal="(1; 0; 0)">

                                  </IKJoint>
                            </IKBone>
                          </IKBone>
                          <IKBone ParentFrame="BoneChassis_cdt" ModelFrame="BoneIK5">
                            <IKJoint Type="Hinge2" AxisLocal="(1; 0; 0)">

                            </IKJoint>
                            <IKBone AttachToFrame="BoneAxleRear3" AttachOffset="(0; 0; 0)" ModelFrame="BoneIK5_end">
                                  <IKJoint Type="Slider" AxisLocal="(1; 0; 0)">

                                  </IKJoint>
                            </IKBone>
                          </IKBone>
                          <IKBone ParentFrame="BoneChassis_cdt" ModelFrame="BoneIK6">
                            <IKJoint Type="Hinge2" AxisLocal="(1; 0; 0)">

                            </IKJoint>
                            <IKBone AttachToFrame="BoneAxleRear3" AttachOffset="(0; 0; 0)" ModelFrame="BoneIK6_end">
                                  <IKJoint Type="Slider" AxisLocal="(1; 0; 0)">

                                  </IKJoint>
                            </IKBone>
                          </IKBone>
                          <IKBone ParentFrame="BoneChassis_cdt" ModelFrame="BoneIK7">
                            <IKJoint Type="Hinge2" AxisLocal="(1; 0; 0)">

                            </IKJoint>
                            <IKBone AttachToFrame="BoneAxleRear3" AttachOffset="(0; 0; 0)" ModelFrame="BoneIK7_end">
                                  <IKJoint Type="Slider" AxisLocal="(1; 0; 0)">

                                  </IKJoint>
                            </IKBone>
                          </IKBone>
                          <IKBone ParentFrame="BoneChassis_cdt" ModelFrame="BoneIK8">
                            <IKJoint Type="Hinge2" AxisLocal="(1; 0; 0)">

                            </IKJoint>
                            <IKBone AttachToFrame="BoneAxleRear3" AttachOffset="(0; 0; 0)" ModelFrame="BoneIK8_end">
                                  <IKJoint Type="Slider" AxisLocal="(1; 0; 0)">

                                  </IKJoint>
                            </IKBone>
                          </IKBone>
                          <IKBone ParentFrame="BoneChassis_cdt" ModelFrame="BoneAxleRear1_IK_L">
                            <IKJoint Type="Hinge2" AxisLocal="(1; 0; 0)">

                            </IKJoint>
                            <IKBone AttachToFrame="BoneAxleRear1" AttachOffset="(0; 0; 0)" ModelFrame="BoneAxleRear1_IK_L_end">
                                  <IKJoint Type="Slider" AxisLocal="(1; 0; 0)">

                                  </IKJoint>
                            </IKBone>
                          </IKBone>
                          <IKBone ParentFrame="BoneChassis_cdt" ModelFrame="BoneAxleRear1_IK_R">
                            <IKJoint Type="Hinge2" AxisLocal="(1; 0; 0)">

                            </IKJoint>
                            <IKBone AttachToFrame="BoneAxleRear1" AttachOffset="(0; 0; 0)" ModelFrame="BoneAxleRear1_IK_R_end">
                                  <IKJoint Type="Slider" AxisLocal="(1; 0; 0)">

                                  </IKJoint>
                            </IKBone>
                          </IKBone>
        </AutomaticIK>
        <TruckData SteerSpeed="0.02" EngineStartDelay="3.2" EngineIconMesh="env/engine_default" TruckType="HEAVY" Responsiveness="0.3" BackSteerSpeed="0.025" TruckImage="ws49xmchr" FuelCapacity="290" DiffLockType="Installed" ExhaustStartTime="2.8" EngineIconScale="1.4">
                          <Driver Pos="(1.369; 1.854; 0.602)" AnimationSet="Truck" SteeringWheelPos="(1.752; 2.182; 0.595)">

                          </Driver>
                          <SoundsDamage _template="Heavy">

                          </SoundsDamage>
                          <OcclusionMap HalfSizeZ="1.8" MinX="-5" MaxX="4">

                          </OcclusionMap>
                          <FuelTank DamageCapacity="100">

                          </FuelTank>
                          <Intake Size="0.8" Dir="(1; 0; 0)" Origin="(3.792; 1.352; 0)">

                          </Intake>
                          <EngineSocket Type="e_us_truck_modern, e_us_truck_modern_ws_49x" Default="us_truck_modern_engine_0">

                          </EngineSocket>
                          <SuspensionSocket Type="s_western_star_49x" MaxWheelRadiusWithoutSuspension="0.85" Default="western_star_49x_suspension_default">

                          </SuspensionSocket>
                          <Dashboard>
                                              <Gauge InputRange="(0;1)" Dir="(-0.889; 0.458; -0.006)" InputType="rpm" Org="(2.133; 2.068; 0.704)" Damping="0.99" Mesh="trucks/arrows/western_star_49x_arrow_02" OutputAngles="(-99; 99)">

                                              </Gauge>
                                              <Gauge InputType="speed" Dir="(-0.889; 0.458; -0.006)" Org="(2.134; 2.067; 0.499)" Mesh="trucks/arrows/western_star_49x_arrow_02" InputRange="(0;140)" OutputAngles="(-99; 99)">

                                              </Gauge>
                                              <Gauge InputRange="(0;1)" Dir="(-0.889; 0.458; -0.006)" InputType="fuel" Org="(2.116; 2.034; 0.678)" Damping="0.99" Mesh="trucks/arrows/western_star_49x_arrow_01" OutputAngles="(-113; 113)">

                                              </Gauge>
                                              <Gauge InputRange="(0;1)" Dir="(-0.889; 0.458; -0.006)" InputType="engineEnabled" Org="(2.112; 2.027; 0.735)" Damping="0.99" Mesh="trucks/arrows/western_star_49x_arrow_01" OutputAngles="(-113; 17)">

                                              </Gauge>
                                              <Gauge InputRange="(0;1)" Dir="(-0.889; 0.458; -0.006)" InputType="engineEnabled" Org="(2.117; 2.034; 0.525)" Damping="0.99" Mesh="trucks/arrows/western_star_49x_arrow_01" OutputAngles="(-113; 55)">

                                              </Gauge>
                                              <Gauge InputRange="(0;1)" Dir="(-0.889; 0.458; -0.006)" InputType="engineEnabled" Org="(2.114; 2.027; 0.468)" Damping="0.99" Mesh="trucks/arrows/western_star_49x_arrow_01" OutputAngles="(-113; -10)">

                                              </Gauge>
                                              <Gauge InputRange="(0;1)" Dir="(-0.759; 0.355; 0.545)" InputType="engineEnabled" Org="(1.729; 2.092; -0.075)" Damping="0.99" Mesh="trucks/arrows/western_star_49x_arrow_01" OutputAngles="(-95;17)">

                                              </Gauge>
                          </Dashboard>
                          <Axles>
                                                <Axle Frame="BoneAxleFront">

                                                </Axle>
                                                <Axle Frame="BoneAxleRear1">

                                                </Axle>
                                                <Axle Frame="BoneAxleRear2">

                                                </Axle>
                                                <Axle Frame="BoneAxleRear3">

                                                </Axle>
                          </Axles>
                          <Camera Center="(-1.5; 0; 0)" ParentFrame="BoneCabin_cdt">
                                                <Cockpit WindshieldDiffuseTexture="trucks/ws_49x_glass__d_a.tga" _template="Default" WindshieldShadingTexture="trucks/ws_49x_glass__sh_d.tga" ViewPos="(1.25; 2.561; 0.602)">
                                                      <Mirror FOVScale="2" ClipDir="(-0.921; 0; -0.391)" MeshFrame="mirror_left" Pos="(1.917; 2.402; 1.402)" ReflectionDir="(-0.921; 0; -0.391)" Size="(0.2; 0.34)" ClipOffset="0.2">
                                                        <SecondaryView FOVScale="1.5" ClipDir="(-0.928; 0; -0.371)" MeshFrame="mirror_left_convex" CurveAngle="10" Size="(0.2; 0.14)" Pos="(1.891; 2.17; 1.392)">

                                                        </SecondaryView>
                                                      </Mirror>
                                                      <Mirror FOVScale="2" ClipDir="(-0.819; 0; 0.574)" MeshFrame="mirror_right" Pos="(1.849; 2.402; -1.396)" ReflectionDir="(-0.819; 0; 0.574)" Size="(0.2; 0.34)" ClipOffset="0.1">
                                                        <SecondaryView FOVScale="1.5" ClipDir="(-0.838; 0; 0.546)" MeshFrame="mirror_right_convex" CurveAngle="10" Size="(0.2; 0.14)" Pos="(1.842; 2.169; -1.393)">

                                                        </SecondaryView>
                                                      </Mirror>
                                                      <Mirror FOVScale="2.5" ClipDir="(0.279; -0.868; 0.412)" MeshFrame="mirror_right_1" Pos="(1.349; 2.636; -1.201)" ReflectionDir="(0.279; -0.868; 0.412)" Size="(0.32; 0.27)" ClipOffset="0.1">

                                                      </Mirror>
                                                </Cockpit>
                          </Camera>
                          <CompatibleWheels Type="wheels_medium_double" Scale="0.60" RearOffsetZ="0.07">

                          </CompatibleWheels>
                          <LimitedFluid Type="Cylinder" Center="(1.322; 0.727; 0.803)" RadiusY="0.320" LengthX="1.227" RadiusZ="0.319">

                          </LimitedFluid>
                          <ExtraWheels Scale="0.6" WheelType="wheels_medium_double" Rim="rim_2" Tire="highway_2">
                                                        <Wheel Pos="(-1.356; 0.556; 0.9)" _template="MiddleAxle">

                                                        </Wheel>
                                                        <Wheel RightSide="true" Pos="(-1.356; 0.556; 0.9)" _template="MiddleAxle">

                                                        </Wheel>
                          </ExtraWheels>
                          <Sounds _template="Default" Origin="(2.7; 1.5; 0)" MinDist="15.0" DisableReversePitch="true">
                                                        <Reverse Sound="trucks/western_star_49x/western_star_49x_back_beeper">

                                                        </Reverse>
                                                        <EngineTrans Sound="trucks/common/truck_trans_forward_loop">

                                                        </EngineTrans>
                                                        <EngineLow Sound="trucks/western_star_49x/western_star_49x_low">

                                                        </EngineLow>
                                                        <BrakePull Sound="trucks/western_star_49x/western_star_49x_brake_pull">

                                                        </BrakePull>
                                                        <EngineHigh Sound="trucks/western_star_49x/western_star_49x_high">

                                                        </EngineHigh>
                                                        <HandbrakeOff Sound="trucks/western_star_49x/western_star_49x_handbrake_off">

                                                        </HandbrakeOff>
                                                        <AbruptStop Sound="trucks/common/truck_swing_big_rnd_set/truck_swing_big_rnd">

                                                        </AbruptStop>
                                                        <EngineRev Sound="trucks/western_star_49x/western_star_49x_rev">

                                                        </EngineRev>
                                                        <EngineHeavy_2d IsSound2D="true" Sound="trucks/ws_6900xd_twin/ws_6900xd_twin_heavy_2d">

                                                        </EngineHeavy_2d>
                                                        <EngineHeavy Sound="trucks/ws_6900xd_twin/ws_6900xd_twin_heavy">

                                                        </EngineHeavy>
                                                        <EngineHigh_2d IsSound2D="true" Sound="trucks/western_star_49x/western_star_49x_high_2d">

                                                        </EngineHigh_2d>
                                                        <EngineLow_2d IsSound2D="true" Sound="trucks/western_star_49x/western_star_49x_low_2d">

                                                        </EngineLow_2d>
                                                        <EngineIdle_2d IsSound2D="true" Sound="trucks/western_star_49x/western_star_49x_idle_2d">

                                                        </EngineIdle_2d>
                                                        <EngineStart Sound="trucks/western_star_49x/western_star_49x_start">

                                                        </EngineStart>
                                                        <Handbrake Sound="trucks/western_star_49x/western_star_49x_handbrake_on">

                                                        </Handbrake>
                                                        <BrakesSqueal Sound="trucks/western_star_49x/western_star_49x_brakes_squeal">

                                                        </BrakesSqueal>
                                                        <Honk Sound="trucks/western_star_49x/western_star_49x_honk">

                                                        </Honk>
                                                        <EngineIdle Sound="trucks/western_star_49x/western_star_49x_idle">

                                                        </EngineIdle>
                                                        <EngineStop Sound="trucks/western_star_49x/western_star_49x_stop">

                                                        </EngineStop>
                                                        <BrakeRelease Sound="trucks/western_star_49x/western_star_49x_brake_release">

                                                        </BrakeRelease>
                                                        <EngineAccel Sound="trucks/western_star_49x/western_star_49x_acc">

                                                        </EngineAccel>
                          </Sounds>
                          <Wheels DefaultWheelType="wheels_medium_double" DefaultTire="highway_1" DefaultRim="rim_2">
                                                            <Wheel Pos="(3.07; 0.558; 1.025)" _template="FirstAxle">

                                                            </Wheel>
                                                            <Wheel RightSide="true" Pos="(3.07; 0.558; 1.025)" _template="FirstAxle">

                                                            </Wheel>
                                                            <Wheel Pos="(-2.721; 0.556; 0.9)" _template="RearAxle">

                                                            </Wheel>
                                                            <Wheel RightSide="true" Pos="(-2.721; 0.556; 0.9)" _template="RearAxle">

                                                            </Wheel>
                                                            <Wheel Pos="(-4.119; 0.556; 0.9)" _template="RearAxle">

                                                            </Wheel>
                                                            <Wheel RightSide="true" Pos="(-4.119; 0.556; 0.9)" _template="RearAxle">

                                                            </Wheel>
                          </Wheels>
                                                          <Steam Origin="(0.899; 1.081; 0)">

                                                          </Steam>
                                                          <Steam Scale="0.7" Origin="(3.029; 0.847; 0)" ParentFrame="BoneCabin_cdt">

                                                          </Steam>
                          <GearboxSocket Type="gearboxes_trucks" Default="g_truck_default">

                          </GearboxSocket>
                          <WinchUpgradeSocket Type="winches_heavy_trucks" Default="w_heavy_trucks_default" IsUpgradable="true">

                          </WinchUpgradeSocket>
                          <SteeringRack Frame="BoneRack" RackHalfSizeZ="1.009" FrameSteerLeft="BoneRackLeft" FrameSteerRight="BoneRackRight">

                          </SteeringRack>
                          <SteeringWheel Frame="BoneSteering">

                          </SteeringWheel>
                          <SoundsWheels _template="Default">

                          </SoundsWheels>
                          <Damage>
                                                                          <DamageArea Min="(2.47; 0.8; -0.6)" ParentFrame="BoneCabin_cdt" Max="(3.767; 1.855; 0.728)" Type="Engine">

                                                                          </DamageArea>
                                                                          <DamageArea Min="(0.783; 0.404; -1.217)" ParentFrame="BoneCabin_cdt" Max="(2.316; 1.132; 1.212)" Type="FuelTank">

                                                                          </DamageArea>
                          </Damage>
                          <Shafts>
                                                                            <Shaft SocketPointA="ShaftRearGimbal2RearWheel" SocketPointB="ShaftRearWheel">

                                                                            </Shaft>
                                                                            <Shaft SocketPointA="ShaftWheel2WheelA" SocketPointB="ShaftWheel2WheelB">

                                                                            </Shaft>
                          </Shafts>
        </TruckData>
  </Truck>