  <_templates Include="trucks">
      <Wheel>
          <RearWheel Location="rear" ConnectedToHandbrake="true" Torque="full">

          </RearWheel>
          <MiddleWheel Location="rear" ConnectedToHandbrake="true" Torque="default">

          </MiddleWheel>
          <FrontWheel ParentFrame="BoneCabin_cdt" SteeringAngle="26" Location="front" SteeringJointOffset="0.25" Torque="default" SteeringCastor="8">

          </FrontWheel>
      </Wheel>
      <Body>
            <SunShield Mass="2" Collisions="None">
                <Constraint Type="Hinge" MaxLimit="8" AxisLocal="(0; 0; 1)" MinLimit="-8">
                    <Motor Spring="20" Damping="0.5" Type="Spring">

                    </Motor>
                </Constraint>
            </SunShield>
            <TieRod Mass="1">
                  <Constraint Type="Hinge" MaxLimit="25" AxisLocal="(0; 0; 1)" MinLimit="-25">
                      <Motor Type="Position" Force="6000" Damping="1.0" Tau="1">

                      </Motor>
                  </Constraint>
            </TieRod>
      </Body>
  </_templates>
  <Truck>
        <HeadLight Pos="(2.583; 1.579; 0)" ParentFrame="BoneCabin_cdt" _template="Default">

        </HeadLight>
        <GameData UnlockByExploration="false" Price="29300" UnlockByRank="1" Country="US">
              <CustomizationCameras>
                    <CameraPos Name="roof_sticker" InterestPosition="(5.36; 1.448; -0.66)" Position="(7.664; 5.963; -0.002)" Interior="true" FOV="32.0">

                    </CameraPos>
                    <CameraPos Name="sticker_1" InterestPosition="(7.22; 3.009; 0.779)" Position="(5.199; 2.177; -0.449)" Interior="true" FOV="32.0">

                    </CameraPos>
                    <CameraPos MaxYRotation="360" MaxZoom="2" Name="addon_1" InterestPosition="(3.85; 1.692; 0)" Position="(-2.145; 3.333; 4.704)" MaxXRotation="360" FOV="32.0">

                    </CameraPos>
                    <CameraPos MaxYRotation="360" MaxZoom="2" Name="addon_2" InterestPosition="(6.436; 1.878; 0)" Position="(8.24; 2.918; 3.2)" MaxXRotation="360" FOV="32.0">

                    </CameraPos>
                    <CameraPos Name="mirror_mount" InterestPosition="(7.452; 1.612; 1.723)" Position="(4.953; 2.279; -0.349)" Interior="true" FOV="32.0">

                    </CameraPos>
                    <CameraPos MaxYRotation="360" MaxZoom="2" Name="side_r" InterestPosition="(4.679; 0.759; -0)" Position="(9.22; 3.041; -2.085)" MaxXRotation="360" FOV="32.0">

                    </CameraPos>
                    <CameraPos Name="sticker" InterestPosition="(7.498; 0.871; 1.54)" Position="(5.37; 2.331; -0.453)" Interior="true" FOV="32.0">

                    </CameraPos>
                    <CameraPos Name="glass_sticker" InterestPosition="(5.814; 2.065; -0.88)" Position="(8.386; 3.029; 0.421)" Interior="true" FOV="32.0">

                    </CameraPos>
                    <CameraPos Name="door_r_sticker" InterestPosition="(6.311; 1.203; 1.328)" Position="(3.704; 2.091; 3.497)" Interior="true" FOV="32.0">

                    </CameraPos>
                    <CameraPos MaxYRotation="360" MaxZoom="2" Name="roof" InterestPosition="(5.163; 1.536; -0)" Position="(9.761; 3.448; -1.949)" MaxXRotation="360" FOV="32.0">

                    </CameraPos>
                    <CameraPos Name="capote_sticker" InterestPosition="(7.228; 1.643; -0.747)" Position="(8.903; 5.340; 0.016)" Interior="true" FOV="32.0">

                    </CameraPos>
                    <CameraPos MaxYRotation="360" MaxZoom="2" Name="hoods" InterestPosition="(5.716; 1.31; 0)" Position="(11.602; 1.605; -3.42)" MaxXRotation="360" FOV="32.0">

                    </CameraPos>
                    <CameraPos Name="sticker_2" InterestPosition="(7.956; 3.013; 2.301)" Position="(5.063; 2.172; -0.03)" Interior="true" FOV="32.0">

                    </CameraPos>
                    <CameraPos MaxYRotation="360" MaxZoom="2" Name="side_l" InterestPosition="(6.436; 1.512; 0)" Position="(8.047; 2.935; 3.2)" MaxXRotation="360" FOV="32.0">

                    </CameraPos>
                    <CameraPos Name="bubble_head" InterestPosition="(7.22; 1.301; 1.296)" Position="(5.063; 2.382; -0.553)" Interior="true" FOV="32.0">

                    </CameraPos>
                    <CameraPos MaxYRotation="360" MaxZoom="2" Name="wheels" InterestPosition="(5.826; 0.411; -0.046)" Position="(8.618; 1.509; -3.571)" MaxXRotation="360" FOV="32.0">

                    </CameraPos>
                    <CameraPos MaxYRotation="360" MaxZoom="2" Name="default" InterestPosition="(5.716; 1.31; 0)" Position="(11.602; 1.605; -3.42)" MaxXRotation="360" FOV="32.0">

                    </CameraPos>
                    <CameraPos MaxYRotation="360" MaxZoom="2" Name="rear" InterestPosition="(4.005; 1.062; 0)" Position="(-1.418; 2.066; 1.833)" MaxXRotation="360" FOV="32.0">

                    </CameraPos>
                    <CameraPos Name="door_l_sticker" InterestPosition="(4.651; 1.275; -0.592)" Position="(3.764; 2.034; -3.573)" Interior="true" FOV="32.0">

                    </CameraPos>
                    <CameraPos Name="hood_ornament" InterestPosition="(7.506; 1.929; -1.188)" Position="(8.758; 2.306; -1.114)" Interior="true" FOV="32.0">

                    </CameraPos>
              </CustomizationCameras>
              <UiDesc UiName="UI_VEHICLE_CHEVY_APACHE_NAME" UiDesc="UI_VEHICLE_CHEVY_APACHE_DESC" UiIconLogo="ChevroletLogo80" UiIcon40x40="scoutVehicleImg" UiIcon30x30="scoutVehicleImg30" UiIcon328x458="shopImgChevroletApache">

              </UiDesc>
                    <AddonSockets DefaultAddon="chevy_apache_bumper_front_default">
                        <Socket Offset="(0; 0; 0)" Names="ChevyApacheFrontBumper" ParentFrame="BoneChassis_cdt">

                        </Socket>
                        <Socket Offset="(0; 0; 0)" Names="ChevyApacheFrontBumperCable" ParentFrame="BoneChassis_cdt">
                          <ExtraParent Frame="BoneCabin_cdt">

                          </ExtraParent>
                        </Socket>
                    </AddonSockets>
                    <AddonSockets DefaultAddon="chevy_apache_bumper_rear_default">
                      <Socket Offset="(0; 0; 0)" Names="ChevyApacheRearBumper" ParentFrame="BoneChassis_cdt">

                      </Socket>
                    </AddonSockets>
                    <AddonSockets>
                      <Socket Offset="(0; 0; 0)" Names="ChevyApacheSpotLight" ParentFrame="BoneCabin_cdt">

                      </Socket>
                    </AddonSockets>
                    <AddonSockets>
                      <Socket Offset="(0; 0; 0)" Names="ChevyApacheSnorkel" ParentFrame="BoneCabin_cdt">

                      </Socket>
                    </AddonSockets>
                    <AddonSockets>
                      <Socket Offset="(0; 0; 0)" Names="ChevyApacheHorn1" ParentFrame="BoneCabin_cdt">

                      </Socket>
                    </AddonSockets>
                    <AddonSockets>
                      <Socket Offset="(0; 0; 0)" Names="ChevyApacheHorn2" ParentFrame="BoneCabin_cdt">

                      </Socket>
                    </AddonSockets>
                    <AddonSockets>
                      <Socket Offset="(0; 0; 0)" Names="ChevyApacheVisor" ParentFrame="BoneCabin_cdt">

                      </Socket>
                    </AddonSockets>
                    <AddonSockets>
                      <Socket ParentFrame="BoneCabin_cdt" Offset="(0; 0; 0)" Names="ChevyApacheRooftopTrunk" NamesBlock="ChevyApacheHorn2, ChevyApacheSpotLight">
                          <ExtraParent Frame="BoneChassis_cdt">

                          </ExtraParent>
                      </Socket>
                    </AddonSockets>
                    <AddonSockets>
                      <Socket Offset="(0; 0; 0)" Names="ChevyApacheTrunk" ParentFrame="BoneCabin_cdt">
                          <ExtraParent Frame="BoneChassis_cdt">

                          </ExtraParent>
                      </Socket>
                    </AddonSockets>
                    <AddonSockets>
                      <Socket ParentFrame="BoneCabin_cdt" Offset="(1.228; 1.986; 0.247)" Names="StuffDashboard" InCockpit="true">

                      </Socket>
                    </AddonSockets>
                    <AddonSockets>
                      <Socket ParentFrame="BoneCabin_cdt" Offset="(0; 0; 0)" Names="ChevyApacheSticker_1x1_01" InCockpit="true">

                      </Socket>
                    </AddonSockets>
                    <AddonSockets>
                      <Socket ParentFrame="BoneLeftSunshield_cdt" Offset="(0; 0; 0)" Names="ChevyApacheSticker_1x1_02" InCockpit="true">

                      </Socket>
                    </AddonSockets>
                    <AddonSockets>
                      <Socket ParentFrame="BoneCabin_cdt" Offset="(0; 0; 0)" Names="ChevyApacheSticker_1x2_01" InCockpit="true">

                      </Socket>
                    </AddonSockets>
                    <AddonSockets>
                      <Socket ParentFrame="BoneCabin_cdt" Offset="(0; 0; 0)" Names="ChevyApacheSticker_1x2_02" InCockpit="true">

                      </Socket>
                    </AddonSockets>
                    <AddonSockets>
                      <Socket ParentFrame="BoneLeftSunshield_cdt" Offset="(0; 0; 0)" Names="ChevyApacheSticker_1x2_03" InCockpit="true">

                      </Socket>
                    </AddonSockets>
                    <AddonSockets>
                      <Socket ParentFrame="BoneRightSunshield_cdt" Offset="(0; 0; 0)" Names="ChevyApacheSticker_1x4_01" InCockpit="true">

                      </Socket>
                    </AddonSockets>
                    <AddonSockets>
                      <Socket ParentFrame="BoneCabin_cdt" Offset="(1.128; 2.292; 0)" Names="StuffAirfreshener" InCockpit="true">

                      </Socket>
                    </AddonSockets>
                    <AddonSockets>
                      <Socket Offset="(0; 0; 0)" Names="ChevyApacheSticker_Roof" ParentFrame="BoneCabin_cdt">

                      </Socket>
                    </AddonSockets>
                    <AddonSockets>
                      <Socket ParentFrame="BoneCabin_cdt" Offset="(0; 0; 0)" Names="ChevyApacheSticker_Capote" InCockpit="true">

                      </Socket>
                    </AddonSockets>
                    <AddonSockets>
                      <Socket ParentFrame="BoneCabin_cdt" Offset="(0; 0; 0)" Names="ChevyApacheSticker_Door_L" InCockpit="true">

                      </Socket>
                    </AddonSockets>
                    <AddonSockets>
                      <Socket Offset="(0; 0; 0)" Names="ChevyApacheSticker_Door_R" ParentFrame="BoneCabin_cdt">

                      </Socket>
                    </AddonSockets>
                    <AddonSockets>
                      <Socket ParentFrame="BoneCabin_cdt" Offset="(0; 0; 0)" Names="ChevyApacheSticker_GlassTop" InCockpit="true">

                      </Socket>
                    </AddonSockets>
                    <AddonSockets>
                      <Socket Names="StuffHoodChevyApache" ParentFrame="BoneCabin_cdt">

                      </Socket>
                    </AddonSockets>
                      <CraneSocket Pos="(-2.448; 1.14; 0)">

                      </CraneSocket>
                      <CraneSocket Pos="(-0.125; 1; -0.458)">

                      </CraneSocket>
                      <CraneSocket Pos="(-0.125; 1; 0.458)">

                      </CraneSocket>
                      <CraneSocket Pos="(0.5; 2.5; 0)">

                      </CraneSocket>
                      <CraneSocket Pos="(2.649; 0.96; -0.455)">

                      </CraneSocket>
                      <CraneSocket Pos="(2.649; 0.96; 0.455)">

                      </CraneSocket>
                        <WinchSocket Pos="(-2.448; 1.14; 0)">

                        </WinchSocket>
                        <WinchSocket Pos="(-0.125; 1; -0.458)">

                        </WinchSocket>
                        <WinchSocket Pos="(-0.125; 1; 0.458)">

                        </WinchSocket>
                        <WinchSocket Pos="(2.649; 0.96; -0.455)">

                        </WinchSocket>
                        <WinchSocket Pos="(2.649; 0.96; 0.455)">

                        </WinchSocket>
        </GameData>
        <PhysicsModel Mesh="trucks/chevy_apache">
                <Body CenterOfMassOffset="(0.1; -0.2; 0)" NetSync="pv" Mass="1000" ImpactType="Truck">
                    <Body NetSync="pv" CenterOfMassOffset="(-0.1; -0.1; 0)" ModelFrame="BoneCabin_cdt" Mass="1400" ImpactType="Truck">
                        <Constraint Type="Ragdoll" PlaneMin="-2" PlaneMax="2" TwistAxisLocal="(0; 1; 0)" Cone="2" PlaneAxisLocal="(0; 0; 1)">
                            <ConeMotor Spring="150000" Damping="70000" Type="Spring">

                            </ConeMotor>
                            <PlaneMotor Spring="300000" Damping="150000" Type="Spring">

                            </PlaneMotor>
                        </Constraint>
                            <Body ModelFrame="BoneTieRod_cdt" _template="TieRod">
                              <Constraint Name="TieRodSteer">

                              </Constraint>
                            </Body>
                            <Body ModelFrame="BoneMirrorRight_cdt" _template="SideMirror">

                            </Body>
                            <Body ModelFrame="BoneMirrorLeft_cdt" _template="SideMirror">

                            </Body>
                            <Body Mass="0.5" ModelFrame="BoneKey_cdt">
                              <Constraint Type="Hinge" MaxLimit="25" AxisLocal="(0; 0; 1)" MinLimit="-40">
                                  <Motor Spring="0.004" Damping="0.002" Type="Spring">

                                  </Motor>
                              </Constraint>
                            </Body>
                            <Body ModelFrame="BoneLeftSunshield_cdt" _template="SunShield">

                            </Body>
                            <Body ModelFrame="BoneRightSunshield_cdt" _template="SunShield">

                            </Body>
                            <Body Mass="2.5" ModelFrame="BoneChain1Left_cdt">
                              <Constraint Type="Hinge" MaxLimit="15" AxisLocal="(0; 0; 1)" MinLimit="-60" Collisions="None">
                                  <Motor Spring="2.5" Damping="2.5" Type="Spring">

                                  </Motor>
                              </Constraint>
                              <Body Mass="5" ModelFrame="BoneChain2Left_cdt">
                                    <Constraint Type="Prismatic" MaxLimit="0.10" AxisLocal="(0; 0; 1)" MinLimit="-0.015" Collisions="None">
                                        <Motor Spring="20" Damping="2" Type="Spring">

                                        </Motor>
                                    </Constraint>
                              </Body>
                            </Body>
                            <Body Mass="2.5" ModelFrame="BoneChain1Right_cdt">
                              <Constraint Type="Hinge" MaxLimit="10" AxisLocal="(0; 0; 1)" MinLimit="-60" Collisions="None">
                                  <Motor Spring="2.5" Damping="2.5" Type="Spring">

                                  </Motor>
                              </Constraint>
                              <Body Mass="5" ModelFrame="BoneChain2Right_cdt">
                                    <Constraint Type="Prismatic" MaxLimit="0.015" AxisLocal="(0; 0; 1)" MinLimit="-0.15" Collisions="None">
                                        <Motor Spring="20" Damping="2" Type="Spring">

                                        </Motor>
                                    </Constraint>
                              </Body>
                            </Body>
                    </Body>
                </Body>
        </PhysicsModel>
        <ControlledConstraints>
                  <Constraint IsLinkedSteering="true" Id="chassis_steer" Name="TieRodSteer">

                  </Constraint>
        </ControlledConstraints>
        <Snorkel Origin="(2.76; 1.31; 0)">

        </Snorkel>
        <AutomaticIK>
                        <IKBone ParentFrame="BoneTieRod_cdt" ModelFrame="BoneTieRod2">
                          <IKJoint Type="Hinge2" AxisLocal="(1; 0; 0)">

                          </IKJoint>
                          <IKBone AttachToFrame="BoneRackL" AttachOffset="(0; 0; 0)" ModelFrame="BoneTieRod3">
                                <IKJoint Type="Slider" AxisLocal="(1; 0; 0)">

                                </IKJoint>
                          </IKBone>
                        </IKBone>
                        <IKBone ParentFrame="BoneChassis_cdt" ModelFrame="BonePistonL1">
                          <IKJoint Type="Hinge2" AxisLocal="(1; 0; 0)">

                          </IKJoint>
                          <IKBone AttachToFrame="BoneAxle1" AttachOffset="(0; 0; 0)" ModelFrame="BonePistonL2">
                                <IKJoint Type="Slider" AxisLocal="(1; 0; 0)">

                                </IKJoint>
                          </IKBone>
                        </IKBone>
                        <IKBone ParentFrame="BoneChassis_cdt" ModelFrame="BonePistonR1">
                          <IKJoint Type="Hinge2" AxisLocal="(1; 0; 0)">

                          </IKJoint>
                          <IKBone AttachToFrame="BoneAxle1" AttachOffset="(0; 0; 0)" ModelFrame="BonePistonR2">
                                <IKJoint Type="Slider" AxisLocal="(1; 0; 0)">

                                </IKJoint>
                          </IKBone>
                        </IKBone>
        </AutomaticIK>
        <Landmark MaxScale="3.8" Mesh="landmarks/chevy_apache_lmk" MinScale="1.8">

        </Landmark>
        <ModelAttachments>
                          <Ignition>
                                <Light Pos="(3; 1.3; 0.67)" _template="IgnitionSignalWhite" Color="g(255; 205; 145) x 0.5" ParentFrame="BoneCabin_cdt">

                                </Light>
                                <Light Pos="(3; 1.3; -0.67)" _template="IgnitionSignalWhite" Color="g(255; 205; 145) x 0.5" ParentFrame="BoneCabin_cdt">

                                </Light>
                                <Light Pos="(-3; 1.3; 0)" _template="IgnitionSignalRed">

                                </Light>
                                  <Flare Pos="(2.583; 1.579; -0.799)" _template="IgnitionSignalWhite" Color="g(240; 196; 152) x 0.4" Size="0.18" ParentFrame="BoneCabin_cdt">

                                  </Flare>
                                  <Flare Pos="(2.583; 1.579; 0.799)" _template="IgnitionSignalWhite" Color="g(240; 196; 152) x 0.4" Size="0.18" ParentFrame="BoneCabin_cdt">

                                  </Flare>
                                  <Flare Pos="(2.583; 1.579; -0.631)" _template="IgnitionSignalWhite" Color="g(240; 196; 152) x 0.5" Size="0.25" ParentFrame="BoneCabin_cdt">

                                  </Flare>
                                  <Flare Pos="(2.583; 1.579; 0.631)" _template="IgnitionSignalWhite" Color="g(240; 196; 152) x 0.5" Size="0.25" ParentFrame="BoneCabin_cdt">

                                  </Flare>
                                  <Flare Pos="(-2.533; 1.264; -0.781)" _template="IgnitionSignalRed" Color="g(169; 0; 0) x 0.8" Size="0.12">

                                  </Flare>
                                  <Flare Pos="(-2.533; 1.264; 0.781)" _template="IgnitionSignalRed" Color="g(169; 0; 0) x 0.8" Size="0.12">

                                  </Flare>
                                  <Flare Pos="(2.606; 1.287; -0.678)" _template="IgnitionSignalOrange" Size="0.25" ParentFrame="BoneCabin_cdt">

                                  </Flare>
                                  <Flare Pos="(2.606; 1.287; 0.678)" _template="IgnitionSignalOrange" Size="0.25" ParentFrame="BoneCabin_cdt">

                                  </Flare>
                          </Ignition>
                          <HeadLight>
                                  <Flare Pos="(2.583; 1.579; -0.631)" _template="HeadLight" Color="g(235; 230; 220) x 0.5" Size="0.3">

                                  </Flare>
                                  <Flare Pos="(2.583; 1.579; 0.631)" _template="HeadLight" Color="g(235; 230; 220) x 0.5" Size="0.3">

                                  </Flare>
                                  <Flare Pos="(2.583; 1.579; -0.631)" Size="0.6" _template="BlueStreak">

                                  </Flare>
                                  <Flare Pos="(2.583; 1.579; 0.631)" Size="0.6" _template="BlueStreak">

                                  </Flare>
                                    <Model Org="(2.583; 1.579; -0.631)" _template="HeadLightRay">

                                    </Model>
                                    <Model Org="(2.583; 1.579; 0.631)" _template="HeadLightRay">

                                    </Model>
                          </HeadLight>
                          <StopSignals>
                                  <Light Pos="(-2.666; 0.944; 0)" _template="StopSignal">

                                  </Light>
                                      <Flare Pos="(-2.533; 1.264; 0.781)" _template="StopSignal">

                                      </Flare>
                                      <Flare Pos="(-2.533; 1.264; -0.781)" _template="StopSignal">

                                      </Flare>
                          </StopSignals>
        </ModelAttachments>
        <NetSync Legacy="false">

        </NetSync>
        <TruckData SteerSpeed="0.035" EngineStartDelay="2" EngineIconMesh="env/engine_small" TruckType="SCOUT" Responsiveness="0.55" BackSteerSpeed="0.05" TruckImage="chevroletapachemchr" FuelCapacity="95" DiffLockType="Always" ExhaustStartTime="1.8" EngineIconScale="1.35">
                              <Driver Pos="(0.498; 1.547; 0.355)" AnimationSet="Scout" SteeringWheelPos="(0.764; 1.934; 0.348)">

                              </Driver>
                              <SoundsDamage _template="Scout">

                              </SoundsDamage>
                              <Shakers>
                                        <Shaker MaxFrequency="3" Frame="BoneExhaust" MinAngle="(0.4; 0.4; 0.4)" MaxAngle="(4; 4; 4)">

                                        </Shaker>
                                        <Shaker MaxFrequency="0.5" Frame="BoneGearstick" MinAngle="(0.1; 0.1; 0.1)" MaxAngle="(2; 2; 2)">

                                        </Shaker>
                              </Shakers>
                              <OcclusionMap MinX="-3.3" Texture="trucks/occlusion/chassis_small__s_d_a.tga" HalfSizeZ="2.0" MaxX="3.4">

                              </OcclusionMap>
                              <FuelTank DamageCapacity="50">

                              </FuelTank>
                              <Intake Size="1" Dir="(1; 0; 0)" Origin="(2.638; 1.443; 0.131)">

                              </Intake>
                              <EngineSocket Type="e_us_scout_old, e_us_scout_old_ck1500" Default="us_scout_old_engine_0">

                              </EngineSocket>
                              <SuspensionSocket Type="s_chevy_apache" MaxWheelRadiusWithoutSuspension="0.41" Default="chevy_apache_suspension_default">

                              </SuspensionSocket>
                              <Dashboard>
                                                    <Gauge InputRange="(0;1)" Dir="(-0.963; 0.269; 0.028)" InputType="engineEnabled" Org="(1.179; 1.858; 0.439)" Damping="0.99" Mesh="trucks/arrows/chevy_apache_arrow_1" OutputAngles="(-22; 3)">

                                                    </Gauge>
                                                    <Gauge InputRange="(0;1)" Dir="(-0.963; 0.271; 0)" InputType="engineEnabled" Org="(1.180; 1.86; 0.387)" Damping="0.99" Mesh="trucks/arrows/chevy_apache_arrow_1" OutputAngles="(-16; -3)">

                                                    </Gauge>
                                                    <Gauge InputRange="(0;1)" Dir="(-0.963; 0.271; 0)" InputType="engineEnabled" Org="(1.180; 1.86; 0.304)" Damping="0.99" Mesh="trucks/arrows/chevy_apache_arrow_1" OutputAngles="(-14; 2)">

                                                    </Gauge>
                                                    <Gauge InputRange="(0;1)" Dir="(-0.963; 0.27; -0.017)" InputType="fuel" Org="(1.179; 1.858; 0.248)" Damping="0.99" Mesh="trucks/arrows/chevy_apache_arrow_1" OutputAngles="(-13; 17)">

                                                    </Gauge>
                                                    <Gauge InputType="speed" Dir="(-0.963; 0.271; 0)" Org="(1.169; 1.798; 0.345)" Mesh="trucks/arrows/chevy_apache_arrow_2" InputRange="(0;100)" OutputAngles="(-65; 63)">

                                                    </Gauge>
                              </Dashboard>
                              <Axles>
                                                      <Axle Frame="BoneAxle1">

                                                      </Axle>
                                                      <Axle Frame="BoneAxle2">

                                                      </Axle>
                                                      <Axle Frame="BoneAxle3">

                                                      </Axle>
                              </Axles>
                              <Camera Center="(-1.6; 0; 0)" Radius="1.2">
                                                      <Cockpit WindshieldDiffuseTexture="trucks/chevy_apache_glass__d_a.tga" _template="Default" WindshieldShadingTexture="trucks/chevy_apache_glass__sh_d.tga" ViewPos="(0.45; 2.243; 0.307)">
                                                            <Mirror FOVScale="1.8" ClipDir="(-0.945; 0.148; -0.291)" MeshFrame="mirror_left" Pos="(1.103; 1.983; 0.929)" CurveAngle="10" Size="(0.135; 0.135)" ReflectionDir="(-0.945; 0.148; -0.291)">

                                                            </Mirror>
                                                            <Mirror ClipDir="(-0.861; 0.095; 0.499)" CurveAngle="10" Size="(0.135; 0.135)" FOVScale="1.8" ReflectionDir="(-0.861; 0.095; 0.499)" Pos="(1.180; 1.997; -0.908)" MeshFrame="mirror_right" ClipOffset="0.1">

                                                            </Mirror>
                                                            <Mirror FOVScale="2" ClipDir="(-0.976; -0.064; 0.207)" MeshFrame="hp_cab_mirror" Pos="(1.108; 2.271; 0.002)" ReflectionDir="(-0.976; -0.064; 0.207)" Size="(0.17; 0.085)" ClipOffset="0.1">

                                                            </Mirror>
                                                      </Cockpit>
                              </Camera>
                              <CompatibleWheels Type="wheels_scout_apache_1" Scale="0.56" OffsetZ="0.02">

                              </CompatibleWheels>
                                                        <LimitedFluid SizeX="0.67" ParentFrame="BoneCabin_cdt" Center="(0.602; 0.742; -0.707)" Type="Box" SizeZ="0.484" SizeY="0.3">

                                                        </LimitedFluid>
                                                        <LimitedFluid SizeX="0.67" ParentFrame="BoneCabin_cdt" Center="(0.602; 0.742; 0.707)" Type="Box" SizeZ="0.484" SizeY="0.3">

                                                        </LimitedFluid>
                              <Exhaust IsLight="true" Dir="(-0.906; -0.422; 0)" Speed="2.0" Origin="(-2.219; 0.746; -0.423)">

                              </Exhaust>
                              <Sounds _template="Default" MinDist="8.0" Origin="(1.66; 1.512; 0)" DisableReversePitch="false">
                                                              <Reverse Sound="">

                                                              </Reverse>
                                                              <EngineTrans Sound="">

                                                              </EngineTrans>
                                                              <EngineLow Sound="trucks/chevy_apache/chevy_apache_low">

                                                              </EngineLow>
                                                              <BrakePull Sound="trucks/chevy_apache/chevy_apache_brake_pull">

                                                              </BrakePull>
                                                              <EngineHigh Sound="trucks/chevy_apache/chevy_apache_high">

                                                              </EngineHigh>
                                                              <HandbrakeOff Sound="trucks/common/truck_handbrake_switch_off">

                                                              </HandbrakeOff>
                                                              <Gear Sound="trucks/common/truck_gear_shift_medium_rnd_set/truck_gear_shift_medium_rnd">

                                                              </Gear>
                                                              <AbruptStop Sound="trucks/common/truck_swing_big_rnd_set/truck_swing_big_rnd">

                                                              </AbruptStop>
                                                              <EngineHeavy_2d IsSound2D="true" Sound="">

                                                              </EngineHeavy_2d>
                                                              <EngineRev Sound="trucks/chevy_apache/chevy_apache_rev">

                                                              </EngineRev>
                                                              <EngineHeavy Sound="">

                                                              </EngineHeavy>
                                                              <EngineLow_2d IsSound2D="true" Sound="trucks/chevy_apache/chevy_apache_low_2d">

                                                              </EngineLow_2d>
                                                              <EngineHigh_2d IsSound2D="true" Sound="trucks/chevy_apache/chevy_apache_high_2d">

                                                              </EngineHigh_2d>
                                                              <EngineIdle Sound="trucks/chevy_apache/chevy_apache_idle">

                                                              </EngineIdle>
                                                              <EngineIdle_2d IsSound2D="true" Sound="trucks/chevy_apache/chevy_apache_idle_2d">

                                                              </EngineIdle_2d>
                                                              <EngineStart Sound="trucks/chevy_apache/chevy_apache_start">

                                                              </EngineStart>
                                                              <Handbrake Sound="trucks/common/truck_handbrake_switch_alt1">

                                                              </Handbrake>
                                                              <BrakesSqueal Sound="trucks/chevy_apache/chevy_apache_brakes_squeal">

                                                              </BrakesSqueal>
                                                              <GearFail Sound="trucks/common/truck_gear_wrong/truck_gear_wrong_small_old">

                                                              </GearFail>
                                                              <EngineAccel Sound="trucks/chevy_apache/chevy_apache_acc">

                                                              </EngineAccel>
                                                              <EngineStop Sound="trucks/chevy_apache/chevy_apache_stop">

                                                              </EngineStop>
                                                              <BrakeRelease Sound="">

                                                              </BrakeRelease>
                                                              <Honk Sound="trucks/chevy_apache/chevy_apache_honk">

                                                              </Honk>
                              </Sounds>
                              <GearboxSocket Type="gearboxes_scouts" Default="g_scout_default">

                              </GearboxSocket>
                              <Steam Origin="(1.8; 1.013; 0)">

                              </Steam>
                              <Wheels DefaultWheelType="wheels_scout_apache_1" DefaultTire="offroad_apache_1" DefaultRim="rim_1">
                                                                      <Wheel Pos="(1.953; 0.567; 0.86)" _template="FrontWheel">

                                                                      </Wheel>
                                                                      <Wheel RightSide="true" Pos="(1.953; 0.567; 0.86)" _template="FrontWheel">

                                                                      </Wheel>
                                                                      <Wheel Pos="(-0.677; 0.567; 0.86)" _template="RearWheel">

                                                                      </Wheel>
                                                                      <Wheel RightSide="true" Pos="(-0.677; 0.567; 0.86)" _template="RearWheel">

                                                                      </Wheel>
                                                                      <Wheel Pos="(-1.875; 0.567; 0.86)" _template="RearWheel">

                                                                      </Wheel>
                                                                      <Wheel RightSide="true" Pos="(-1.875; 0.567; 0.86)" _template="RearWheel">

                                                                      </Wheel>
                              </Wheels>
                              <WinchUpgradeSocket Type="winches_scouts" Default="w_scout_default" IsUpgradable="true">

                              </WinchUpgradeSocket>
                              <SteeringRack Frame="BoneRack" RackHalfSizeZ="0.783" FrameSteerLeft="BoneRackL" FrameSteerRight="BoneRackR">

                              </SteeringRack>
                              <SteeringWheel Frame="BoneSteering">

                              </SteeringWheel>
                              <SoundsWheels _template="Default">

                              </SoundsWheels>
                              <Damage>
                                                                                <DamageArea Min="(1.4; 1.180; -0.6)" ParentFrame="BoneChassis_cdt" Max="(2.59; 1.75; 0.6)" Type="Engine">

                                                                                </DamageArea>
                                                                                <DamageArea Min="(0.1; 0.58; -0.98)" ParentFrame="BoneChassis_cdt" Max="(1.1; 0.9; 0.98)" Type="FuelTank">

                                                                                </DamageArea>
                              </Damage>
                              <Shafts>
                                                                                  <Shaft SocketPointA="Shaft1a" Mesh="env/minishaft" SocketPointB="Shaft1b">

                                                                                  </Shaft>
                                                                                  <Shaft SocketPointA="Shaft2a" Mesh="env/minishaft" SocketPointB="Shaft2b">

                                                                                  </Shaft>
                                                                                  <Shaft SocketPointA="Shaft3a" Mesh="env/minishaft" SocketPointB="Shaft3b">

                                                                                  </Shaft>
                                                                                  <Shaft SocketPointA="Shaft4a" Mesh="env/minishaft" SocketPointB="Shaft4b">

                                                                                  </Shaft>
                                                                                  <Shaft SocketPointA="Shaft5a" Mesh="env/minishaft" SocketPointB="Shaft5b">

                                                                                  </Shaft>
                              </Shafts>
        </TruckData>
  </Truck>