  <_templates Include="trucks">
      <Wheel>
          <RearWheel Location="front" ConnectedToHandbrake="true" Torque="default">

          </RearWheel>
          <FrontWheel SteeringAngle="25" Location="front" SteeringJointOffset="0.2" Torque="full" SteeringCastor="8">

          </FrontWheel>
      </Wheel>
      <Body>
            <SideMirror Mass="1" Collisions="None">
                <Constraint Type="Hinge" MaxLimit="15" AxisLocal="(0; 1; 0)" MinLimit="-15">
                    <Motor Spring="75" Damping="5" Type="Spring">

                    </Motor>
                </Constraint>
            </SideMirror>
            <Mudguard Mass="10" Collisions="None">
                  <Constraint Type="Hinge" MaxLimit="15" AxisLocal="(0; 0; 1)" MinLimit="-45">
                      <Motor Spring="10" Damping="1" Type="Spring">

                      </Motor>
                  </Constraint>
            </Mudguard>
      </Body>
      <Flare>
              <IgnitionSignalOrange ColorMultAtDay="0.6" Dir="(0; 1; 0)" DirAngle="135" Color="g(255; 140; 0) x 0.3" Size="0.1" AspectRatio="1.4">

              </IgnitionSignalOrange>
      </Flare>
  </_templates>
  <Truck>
        <HeadLight Pos="(2.865; 1.326; 0)" ParentFrame="BoneCabin_cdt" _template="Default">

        </HeadLight>
        <GameData ExcludeAddons="trailer_log_pole" UnlockByExploration="true" Price="19900" UnlockByRank="1" Country="RU,CAS">
              <CustomizationCameras>
                    <CameraPos Name="roof_sticker" InterestPosition="(4.186; 1.747; -0.705)" Position="(6.674; 5.706; -0.086)" Interior="true" FOV="32.0">

                    </CameraPos>
                    <CameraPos Name="sticker_1" InterestPosition="(7.22; 3.809; 1.916)" Position="(5.008; 2.153; -0.422)" Interior="true" FOV="32.0">

                    </CameraPos>
                    <CameraPos MaxYRotation="360" MaxZoom="2" Name="addon_1" InterestPosition="(3.226; 1.433; 0)" Position="(-3.516; 3.26; 4.69)" MaxXRotation="360" FOV="32.0">

                    </CameraPos>
                    <CameraPos MaxYRotation="360" MaxZoom="2" Name="addon_2" InterestPosition="(6.934; 1.878; 0)" Position="(9.341; 3.08; 2.824)" MaxXRotation="360" FOV="32.0">

                    </CameraPos>
                    <CameraPos Name="mirror_mount" InterestPosition="(7.452; 2.69; 1.723)" Position="(4.751; 2.340; -0.595)" Interior="true" FOV="32.0">

                    </CameraPos>
                    <CameraPos MaxYRotation="360" MaxZoom="2" Name="side_r" InterestPosition="(4.058; 1.779; -0)" Position="(0.481; 3.48; -2.927)" MaxXRotation="360" FOV="32.0">

                    </CameraPos>
                    <CameraPos Name="sticker" InterestPosition="(7.582; 0.452; 2.219)" Position="(5.37; 2.432; -0.088)" Interior="true" FOV="32.0">

                    </CameraPos>
                    <CameraPos Name="glass_sticker" InterestPosition="(6.42; 2.388; -0.787)" Position="(8.807; 2.839; 0.607)" Interior="true" FOV="32.0">

                    </CameraPos>
                    <CameraPos Name="door_r_sticker" InterestPosition="(5.809; 1.499; 0.853)" Position="(3.303; 1.731; 3.082)" Interior="true" FOV="32.0">

                    </CameraPos>
                    <CameraPos MaxYRotation="360" MaxZoom="2" Name="roof" InterestPosition="(5.485; 1.674; 0)" Position="(9.906; 3.406; -2.307)" MaxXRotation="360" FOV="32.0">

                    </CameraPos>
                    <CameraPos Name="capote_sticker" InterestPosition="(7.281; 1.653; -0.794)" Position="(8.953; 5.341; -0.216)" Interior="true" FOV="32.0">

                    </CameraPos>
                    <CameraPos MaxYRotation="360" MaxZoom="2" Name="hoods" InterestPosition="(5.911; 1.31; 0)" Position="(11.91; 1.605; -3.122)" MaxXRotation="360" FOV="32.0">

                    </CameraPos>
                    <CameraPos Name="sticker_2" InterestPosition="(7.956; 3.013; 2.301)" Position="(5.063; 2.172; -0.03)" Interior="true" FOV="32.0">

                    </CameraPos>
                    <CameraPos MaxYRotation="360" MaxZoom="2" Name="side_l" InterestPosition="(6.436; 1.512; 0)" Position="(8.047; 2.935; 3.2)" MaxXRotation="360" FOV="32.0">

                    </CameraPos>
                    <CameraPos Name="bubble_head" InterestPosition="(7.22; 1.301; 0.99)" Position="(5.063; 2.382; -0.553)" Interior="true" FOV="32.0">

                    </CameraPos>
                    <CameraPos MaxYRotation="360" MaxZoom="2" Name="wheels" InterestPosition="(5.607; 0.411; -0.046)" Position="(8.377; 1.509; -3.571)" MaxXRotation="360" FOV="32.0">

                    </CameraPos>
                    <CameraPos MaxYRotation="360" MaxZoom="2" Name="default" InterestPosition="(5.911; 1.31; 0)" Position="(11.91; 1.605; -3.122)" MaxXRotation="360" FOV="32.0">

                    </CameraPos>
                    <CameraPos MaxYRotation="360" MaxZoom="2" Name="rear" InterestPosition="(4.005; 1.062; 0)" Position="(-1.418; 2.066; 1.833)" MaxXRotation="360" FOV="32.0">

                    </CameraPos>
                    <CameraPos Name="door_l_sticker" InterestPosition="(4.175; 1.489; -0.057)" Position="(3.357; 1.816; -3.096)" Interior="true" FOV="32.0">

                    </CameraPos>
                    <CameraPos Name="hood_ornament" InterestPosition="(7.506; 1.929; -1.231)" Position="(8.557; 2.245; -1.231)" Interior="true" FOV="32.0">

                    </CameraPos>
                    <CameraPos Name="curtain" InterestPosition="(7.452; 2.69; 1.723)" Position="(4.751; 2.340; -0.595)" Interior="true" FOV="32.0">

                    </CameraPos>
              </CustomizationCameras>
              <UiDesc UiName="UI_VEHICLE_TUZ_108_WARTHOG_NAME" UiDesc="UI_VEHICLE_TUZ_108_WARTHOG_DESC" UiIconLogo="TUZLogo80" UiIcon40x40="offroadVehicleImg" UiIcon30x30="offroadVehicleImg30" UiIcon328x458="shopImgTUZ108Warthog">

              </UiDesc>
                    <AddonSockets>
                        <Socket Offset="(-1.2; 1.141; 0)" Names="MinicraneRU">
                            <ExtraParent Offset="(0; 0; -0.02)" Frame="BoneChassis_cdt">

                            </ExtraParent>
                            <ExtraParent Offset="(0; 0; 0.02)" Frame="BoneChassis_cdt">

                            </ExtraParent>
                        </Socket>
                        <Socket Offset="(-2.05; 1.141; 0)" Names="FrameAddonSideboard1">

                        </Socket>
                        <Socket Offset="(-1.98; 1.141; 0)" Names="FrameAddonTankSmallShort">

                        </Socket>
                        <Socket Offset="(-2.05; 1.141; 0)" Names="FrameAddonMaintainerSmall" NamesBlock="tuz108warthogTrunk, tuz108warthogExhaustCabin, tuz108warthogBumperProtect">

                        </Socket>
                        <Socket Offset="(-1.89; 1.141; 0)" Names="SaddleLow">
                            <ExtraParent Offset="(0; 0; 0)" Frame="BoneChassis_cdt">

                            </ExtraParent>
                            <ExtraParent Offset="(0; 0; 0)" Frame="BoneChassis_cdt">

                            </ExtraParent>
                        </Socket>
                    </AddonSockets>
                    <AddonSockets>
                        <Socket Offset="(-1.89; 1.458; 0)" Names="Semitrailer">

                        </Socket>
                        <Socket Offset="(-3.065; 1.071; 0)" Names="Trailer" NamesBlock="FrameAddonMaintainerSmall">

                        </Socket>
                    </AddonSockets>
                    <AddonSockets DefaultAddon="tuz_108_warthog_diff_lock_default">
                      <Socket Offset="(0; 0; 0)" Names="TUZ108DiffLock" ParentFrame="BoneChassis_cdt">

                      </Socket>
                    </AddonSockets>
                    <AddonSockets DefaultAddon="tuz_108_warthog_bumper_default">
                        <Socket Offset="(0; 0; 0)" Names="tuz108warthogBumper" ParentFrame="BoneChassis_cdt">

                        </Socket>
                        <Socket Offset="(0; 0; 0)" Names="tuz108warthogBumperExtra" ParentFrame="BoneChassis_cdt">
                          <ExtraParent Frame="BoneCabin_cdt">

                          </ExtraParent>
                        </Socket>
                        <Socket Offset="(0; 0; 0)" Names="tuz108warthogBumperProtect" ParentFrame="BoneChassis_cdt">
                          <ExtraParent Frame="BoneCabin_cdt">

                          </ExtraParent>
                        </Socket>
                    </AddonSockets>
                    <AddonSockets>
                      <Socket ParentFrame="BoneCabin_cdt" Names="tuz108warthogSticker_1x1_01" InCockpit="true">

                      </Socket>
                    </AddonSockets>
                    <AddonSockets>
                      <Socket ParentFrame="BoneSunshieldLeft_cdt" Names="tuz108warthogSticker_1x1_02" InCockpit="true">

                      </Socket>
                    </AddonSockets>
                    <AddonSockets>
                      <Socket ParentFrame="BoneCabin_cdt" Names="tuz108warthogSticker_1x2_01" InCockpit="true">

                      </Socket>
                    </AddonSockets>
                    <AddonSockets>
                      <Socket ParentFrame="BoneCabin_cdt" Names="tuz108warthogSticker_1x2_02" InCockpit="true">

                      </Socket>
                    </AddonSockets>
                    <AddonSockets>
                      <Socket ParentFrame="BoneSunshieldRight_cdt" Names="tuz108warthogSticker_1x2_03" InCockpit="true">

                      </Socket>
                    </AddonSockets>
                    <AddonSockets>
                      <Socket ParentFrame="BoneCabin_cdt" Names="tuz108warthogSticker_1x4_01" InCockpit="true">

                      </Socket>
                    </AddonSockets>
                    <AddonSockets>
                      <Socket Names="tuz108warthogSticker_Roof" ParentFrame="BoneCabin_cdt">

                      </Socket>
                    </AddonSockets>
                    <AddonSockets>
                      <Socket ParentFrame="BoneCabin_cdt" Names="tuz108warthogSticker_Capote" InCockpit="true">

                      </Socket>
                    </AddonSockets>
                    <AddonSockets>
                      <Socket ParentFrame="BoneCabin_cdt" Names="tuz108warthogSticker_Door_L" InCockpit="true">

                      </Socket>
                    </AddonSockets>
                    <AddonSockets>
                      <Socket Names="tuz108warthogSticker_Door_R" ParentFrame="BoneCabin_cdt">

                      </Socket>
                    </AddonSockets>
                    <AddonSockets>
                      <Socket ParentFrame="BoneCabin_cdt" Names="tuz108warthogSticker_GlassTop" InCockpit="true">

                      </Socket>
                    </AddonSockets>
                    <AddonSockets>
                      <Socket ParentFrame="BoneCabin_cdt" Names="tuz108warthogSticker_GlassBottom" InCockpit="true">

                      </Socket>
                    </AddonSockets>
                    <AddonSockets>
                      <Socket ParentFrame="BoneCabin_cdt" Offset="(1.141; 2.618; 0.103)" Names="StuffAirfreshener" InCockpit="true">

                      </Socket>
                    </AddonSockets>
                    <AddonSockets>
                      <Socket ParentFrame="BoneCabin_cdt" Names="StuffCurtainTuz108Warthog" InCockpit="true">

                      </Socket>
                    </AddonSockets>
                    <AddonSockets>
                      <Socket ParentFrame="BoneCabin_cdt" Offset="(1.346; 1.939; 0.716)" Names="StuffDashboard" InCockpit="true">

                      </Socket>
                    </AddonSockets>
                    <AddonSockets>
                      <Socket Names="StuffHoodTuz108Warthog" ParentFrame="BoneCabin_cdt">

                      </Socket>
                    </AddonSockets>
                    <AddonSockets>
                      <Socket Names="tuz108warthogVisor" ParentFrame="BoneCabin_cdt">

                      </Socket>
                    </AddonSockets>
                    <AddonSockets>
                      <Socket Names="tuz108warthogTrunk" ParentFrame="BoneCabin_cdt">

                      </Socket>
                    </AddonSockets>
                    <AddonSockets DefaultAddon="tuz_108_warthog_spot_light_default">
                      <Socket NamesBlock="tuz108warthogTrunk" Names="tuz108warthogSpotlight" ParentFrame="BoneCabin_cdt">

                      </Socket>
                    </AddonSockets>
                    <AddonSockets>
                        <Socket Names="tuz108warthogSnorkel" ParentFrame="BoneCabin_cdt">

                        </Socket>
                        <Socket NamesBlock="tuz108warthogBumperProtect" Names="tuz108warthogSnorkel2" ParentFrame="BoneCabin_cdt">

                        </Socket>
                    </AddonSockets>
                    <AddonSockets DefaultAddon="tuz_108_warthog_exhaust_default">
                        <Socket Names="tuz108warthogExhaust">

                        </Socket>
                        <Socket Names="tuz108warthogExhaustCabin" ParentFrame="BoneChassis_cdt">
                          <ExtraParent Frame="BoneCabin_cdt">

                          </ExtraParent>
                        </Socket>
                    </AddonSockets>
                      <CraneSocket Pos="(2.979; 1.043; -0.394)" ParentFrame="BoneCabin_cdt">

                      </CraneSocket>
                      <CraneSocket Pos="(2.979; 1.043; 0.394)" ParentFrame="BoneCabin_cdt">

                      </CraneSocket>
                      <CraneSocket Pos="(-3.08; 1.07; 0)">

                      </CraneSocket>
                      <CraneSocket Pos="(-0.998; 1.026; -0.448)">

                      </CraneSocket>
                      <CraneSocket Pos="(-0.998; 1.026; 0.448)">

                      </CraneSocket>
                        <WinchSocket Pos="(2.979; 1.043; -0.394)" ParentFrame="BoneCabin_cdt">

                        </WinchSocket>
                        <WinchSocket Pos="(2.979; 1.043; 0.394)" ParentFrame="BoneCabin_cdt">

                        </WinchSocket>
                        <WinchSocket Pos="(-3.08; 1.07; 0)">

                        </WinchSocket>
                        <WinchSocket Pos="(-0.998; 1.026; -0.448)">

                        </WinchSocket>
                        <WinchSocket Pos="(-0.998; 1.026; 0.448)">

                        </WinchSocket>
        </GameData>
        <PhysicsModel Mesh="trucks/tuz_108_warthog">
                <Body NetSync="pv" CenterOfMassOffset="(-0.3; 0.1; 0)" ModelFrame="BoneChassis_cdt" Mass="2800" ImpactType="Truck">
                    <Body NetSync="pv" CenterOfMassOffset="(-0.2; 0.4; 0)" ModelFrame="BoneCabin_cdt" Mass="1265" ImpactType="Truck">
                        <Constraint Type="Fixed">

                        </Constraint>
                            <Body ModelFrame="BoneTieRod_cdt" _template="TieRod">
                              <Constraint MaxLimit="30" AxisLocal="(-1; 0; 0)" MinLimit="-30" Name="TieRodSteer">

                              </Constraint>
                            </Body>
                            <Body ModelFrame="BoneMirrorLeft_cdt" _template="SideMirror">

                            </Body>
                            <Body ModelFrame="BoneMirrorRight_cdt" _template="SideMirror">

                            </Body>
                            <Body ModelFrame="BoneMudguardLeft_cdt" _template="Mudguard">

                            </Body>
                            <Body ModelFrame="BoneMudguardRight_cdt" _template="Mudguard">

                            </Body>
                            <Body CenterOfMassOffset="(0; 0; 0)" ModelFrame="BoneSunshieldLeft_cdt" Mass="1" ImpactType="Truck">
                              <Constraint Type="Hinge" MaxLimit="1" AxisLocal="(0; 0; -1)" MinLimit="-6" PivotOffset="(0; 0; 0)">
                                  <Motor Spring="25" Damping="1" Type="Spring">

                                  </Motor>
                              </Constraint>
                            </Body>
                            <Body CenterOfMassOffset="(0; 0; 0)" ModelFrame="BoneSunshieldRight_cdt" Mass="1" ImpactType="Truck">
                              <Constraint Type="Hinge" MaxLimit="1" AxisLocal="(0; 0; -1)" MinLimit="-6" PivotOffset="(0; 0; 0)">
                                  <Motor Spring="25" Damping="1" Type="Spring">

                                  </Motor>
                              </Constraint>
                            </Body>
                            <Body ModelFrame="BoneBelt_cdt" Mass="1" Collisions="None">
                              <Constraint Type="Prismatic" MaxLimit="0.05" AxisLocal="(1; 0; 0)" MinLimit="-0.05">
                                  <Motor Spring="500" Damping="50" Type="Spring">

                                  </Motor>
                              </Constraint>
                            </Body>
                    </Body>
                </Body>
                <NetSync Legacy="false">

                </NetSync>
        </PhysicsModel>
        <ControlledConstraints>
                  <Constraint IsLinkedSteering="true" Id="chassis_steer" Name="TieRodSteer">

                  </Constraint>
        </ControlledConstraints>
        <ModelAttachments>
                    <HeadLight>
                          <Flare Pos="(2.501; 1.32; -0.892)" _template="HeadLight" Color="g(255; 235; 215) x 0.8" Size="0.3" ParentFrame="BoneCabin_cdt">

                          </Flare>
                          <Flare Pos="(2.501; 1.32; 0.892)" _template="HeadLight" Color="g(255; 235; 215) x 0.8" Size="0.3" ParentFrame="BoneCabin_cdt">

                          </Flare>
                            <Model Org="(2.501; 1.32; -0.892)" ParentFrame="BoneCabin_cdt" _template="HeadLightRay">

                            </Model>
                            <Model Org="(2.501; 1.32; 0.892)" ParentFrame="BoneCabin_cdt" _template="HeadLightRay">

                            </Model>
                    </HeadLight>
                    <StopSignals>
                          <Light Pos="(-3.033; 0.936; 0.005)" _template="StopSignal">

                          </Light>
                              <Flare Pos="(-3.007; 0.936; 0.352)" _template="StopSignal" Color="g(168; 12; 0) x 0.8" Size="0.3">

                              </Flare>
                              <Flare Pos="(-3.007; 0.936; -0.352)" _template="StopSignal" Color="g(168; 12; 0) x 0.8" Size="0.3">

                              </Flare>
                    </StopSignals>
                    <Ignition>
                              <Light Pos="(-3.007; 0.937; -0.436)" Color="g(255; 10; 10) x 0.4" _template="IgnitionSignalRed">

                              </Light>
                              <Light Pos="(-3.007; 0.937; 0.436)" Color="g(255; 10; 10) x 0.4" _template="IgnitionSignalRed">

                              </Light>
                              <Light Pos="(2.501; 1.32; -0.892)" _template="IgnitionSignalWhite" Color="g(255; 186; 112) x .5" ParentFrame="BoneCabin_cdt">

                              </Light>
                              <Light Pos="(2.501; 1.32; 0.892)" _template="IgnitionSignalWhite" Color="g(255; 186; 112) x .5" ParentFrame="BoneCabin_cdt">

                              </Light>
                                <Flare Pos="(-3.007; 0.937; 0.436)" _template="IgnitionSignalRed" Color="g(168; 12; 0) x 0.8" Size="0.3">

                                </Flare>
                                <Flare Pos="(-3.007; 0.937; -0.436)" _template="IgnitionSignalRed" Color="g(168; 12; 0) x 0.8" Size="0.3">

                                </Flare>
                                <Flare Pos="(2.501; 1.32; -0.892)" _template="IgnitionSignalWhite" Size="0.3" ParentFrame="BoneCabin_cdt">

                                </Flare>
                                <Flare Pos="(2.501; 1.32; 0.892)" _template="IgnitionSignalWhite" Size="0.3" ParentFrame="BoneCabin_cdt">

                                </Flare>
                    </Ignition>
                    <ReverseSignals>

                    </ReverseSignals>
        </ModelAttachments>
        <Landmark MaxScale="2.5" Mesh="landmarks/tuz_108_warthog_lmk" MinScale="1.5">

        </Landmark>
        <AutomaticIK>
                          <IKBone ParentFrame="BoneTieRod_cdt" ModelFrame="BoneTieRodIK1">
                            <IKJoint Type="Hinge2" AxisLocal="(0; 0; 1)">

                            </IKJoint>
                            <IKBone AttachToFrame="BoneRackLeft" AttachOffset="(0; 0; 0)" ModelFrame="BoneTieRodIK2">
                                  <IKJoint Type="Slider" AxisLocal="(0; 0; 1)">

                                  </IKJoint>
                            </IKBone>
                          </IKBone>
                          <IKBone ParentFrame="BoneChassis_cdt" ModelFrame="BonePistonFL">
                            <IKJoint Type="Hinge2" AxisLocal="(0; 1; 0)">

                            </IKJoint>
                            <IKBone AttachToFrame="BoneAxle1" AttachOffset="(0; 0; 0)" ModelFrame="BonePistonFL2">
                                  <IKJoint Type="Slider" AxisLocal="(0; 1; 0)">

                                  </IKJoint>
                            </IKBone>
                          </IKBone>
                          <IKBone ParentFrame="BoneChassis_cdt" ModelFrame="BonePistonFR">
                            <IKJoint Type="Hinge2" AxisLocal="(0; 1; 0)">

                            </IKJoint>
                            <IKBone AttachToFrame="BoneAxle1" AttachOffset="(0; 0; 0)" ModelFrame="BonePistonFR2">
                                  <IKJoint Type="Slider" AxisLocal="(0; 1; 0)">

                                  </IKJoint>
                            </IKBone>
                          </IKBone>
                          <IKBone ParentFrame="BoneChassis_cdt" ModelFrame="BonePistonRL">
                            <IKJoint Type="Hinge2" AxisLocal="(0; 1; 0)">

                            </IKJoint>
                            <IKBone AttachToFrame="BoneAxle2" AttachOffset="(0; 0; 0)" ModelFrame="BonePistonRL2">
                                  <IKJoint Type="Slider" AxisLocal="(0; 1; 0)">

                                  </IKJoint>
                            </IKBone>
                          </IKBone>
                          <IKBone ParentFrame="BoneChassis_cdt" ModelFrame="BonePistonRR">
                            <IKJoint Type="Hinge2" AxisLocal="(0; 1; 0)">

                            </IKJoint>
                            <IKBone AttachToFrame="BoneAxle2" AttachOffset="(0; 0; 0)" ModelFrame="BonePistonRR2">
                                  <IKJoint Type="Slider" AxisLocal="(0; 1; 0)">

                                  </IKJoint>
                            </IKBone>
                          </IKBone>
        </AutomaticIK>
        <TruckData SteerSpeed="0.025" EngineStartDelay="0.8" EngineIconMesh="env/engine_default" TruckType="OFFROAD" Responsiveness="0.15" BackSteerSpeed="0.025" TruckImage="tuz108warthogmchr" FuelCapacity="200" DiffLockType="Installed" ExhaustStartTime="0.9" EngineIconScale="1">
                          <Driver Pos="(0.681; 1.631; 0.369)" ParentFrame="BoneCabin_cdt" AnimationSet="HeavyTruck" SteeringWheelPos="(1.031; 1.987; 0.363)">

                          </Driver>
                          <SoundsDamage _template="Heavy">

                          </SoundsDamage>
                          <Shakers>
                                  <Shaker MaxFrequency="0.1" MaxAngle="(3; 3; 3)" ParentFrame="BoneCabin_cdt" Frame="BoneGearstick">

                                  </Shaker>
                          </Shakers>
                          <OcclusionMap HalfSizeZ="1.7" MinX="-3.35" MaxX="3.1">

                          </OcclusionMap>
                          <FuelTank DamageCapacity="120">

                          </FuelTank>
                          <Intake Size="1" Dir="(1; 0; 0)" Origin="(2.8; 1.499; 0)">

                          </Intake>
                          <EngineSocket Type="e_ru_truck_modern" Default="ru_truck_modern_engine_0">

                          </EngineSocket>
                          <SuspensionSocket Type="s_tuz_108_warthog" MaxWheelRadiusWithoutSuspension="0.42" Default="tuz_108_warthog_suspension_default">

                          </SuspensionSocket>
                          <Dashboard>
                                                <Gauge InputRange="(0;1)" Dir="(-0.721; 0.693; 0)" InputType="rpm" Org="(1.25; 1.924; 0.431)" Damping="0.99" Mesh="trucks/arrows/tuz_108_warthog_arrows_1" OutputAngles="(-114; 132)">

                                                </Gauge>
                                                <Gauge InputType="speed" Dir="(-0.721; 0.693; 0.001)" Org="(1.251; 1.924; 0.292)" Mesh="trucks/arrows/tuz_108_warthog_arrows_1" InputRange="(0;120)" OutputAngles="(-130; 131)">

                                                </Gauge>
                                                <Gauge InputRange="(0;1)" Dir="(-0.72; 0.694; 0)" InputType="engineEnabled" Org="(1.188; 1.854; 0.624)" Damping="0.99" Mesh="trucks/arrows/tuz_108_warthog_arrows_2" OutputAngles="(-43; -7)">

                                                </Gauge>
                                                <Gauge InputRange="(0;1)" Dir="(-0.72; 0.694; 0)" InputType="engineEnabled" Org="(1.188; 1.854; 0.542)" Damping="0.99" Mesh="trucks/arrows/tuz_108_warthog_arrows_2" OutputAngles="(-41; 11)">

                                                </Gauge>
                                                <Gauge InputRange="(0;1)" Dir="(-0.72; 0.694; 0)" InputType="engineEnabled" Org="(1.25; 1.918; 0.543)" Damping="0.99" Mesh="trucks/arrows/tuz_108_warthog_arrows_2" OutputAngles="(-44; 28)">

                                                </Gauge>
                                                <Gauge InputRange="(0;1)" Dir="(-0.72; 0.694; 0)" InputType="engineEnabled" Org="(1.188; 1.855; 0.18)" Damping="0.99" Mesh="trucks/arrows/tuz_108_warthog_arrows_2" OutputAngles="(-43; 35)">

                                                </Gauge>
                                                <Gauge InputRange="(0;1)" Dir="(-0.72; 0.694; 0)" InputType="engineEnabled" Org="(1.188; 1.855; 0.098)" Damping="0.99" Mesh="trucks/arrows/tuz_108_warthog_arrows_2" OutputAngles="(-43; 17)">

                                                </Gauge>
                                                <Gauge InputRange="(0;1)" Dir="(-0.72; 0.694; 0)" InputType="fuel" Org="(1.25; 1.918; 0.18)" Damping="0.99" Mesh="trucks/arrows/tuz_108_warthog_arrows_2" OutputAngles="(-44; 44)">

                                                </Gauge>
                          </Dashboard>
                          <Axles>
                                                  <Axle Frame="BoneAxle1">

                                                  </Axle>
                                                  <Axle Frame="BoneAxle2">

                                                  </Axle>
                          </Axles>
                          <Camera Center="(-1.25; 0; 0)" ParentFrame="BoneCabin_cdt">
                                                  <Cockpit WindshieldDiffuseTexture="trucks/tuz108_warthog_glass__d_a.tga" _template="Default" WindshieldShadingTexture="trucks/tuz108_warthog_glass__sh_d.tga" ViewPos="(0.577; 2.337; 0.369)">
                                                        <Mirror FOVScale="1.8" ClipDir="(-0.845; -0.047; -0.532)" MeshFrame="mirror_left" Pos="(0.97; 2.294; 1.278)" Size="(0.20; 0.355)" ReflectionDir="(-0.845; -0.047; -0.532)">

                                                        </Mirror>
                                                        <Mirror FOVScale="2.0" ClipDir="(-0.767; -0.029; 0.641)" MeshFrame="mirror_right" Pos="(0.968; 2.294; -1.277)" ReflectionDir="(-0.767; -0.029; 0.641)" Size="(0.20; 0.355)" ClipOffset="0.1">

                                                        </Mirror>
                                                  </Cockpit>
                          </Camera>
                                                  <CompatibleWheels Type="wheels_medium_double_front" Scale="0.5" RearOffsetZ="0.06" OffsetZ="0.04">

                                                  </CompatibleWheels>
                                                  <CompatibleWheels Type="wheels_medium_mudtires_actaeon" Scale="0.5" RearOffsetZ="0.08" OffsetZ="0.13">

                                                  </CompatibleWheels>
                                                  <CompatibleWheels Type="wheels_medium_double_front" Scale="0.55" RearOffsetZ="0.06" OffsetZ="0.04">

                                                  </CompatibleWheels>
                                                  <CompatibleWheels Type="wheels_medium_mudtires_actaeon" Scale="0.55" RearOffsetZ="0.08" OffsetZ="0.13">

                                                  </CompatibleWheels>
                                                  <CompatibleWheels Type="wheels_medium_double_front" Scale="0.6" RearOffsetZ="0.06" OffsetZ="0.04">

                                                  </CompatibleWheels>
                                                  <CompatibleWheels Type="wheels_medium_mudtires_actaeon" Scale="0.6" RearOffsetZ="0.08" OffsetZ="0.18">

                                                  </CompatibleWheels>
                                                    <LimitedFluid SizeX="0.936" Center="(-0.088; 0.965; 0.726)" Type="Box" SizeZ="0.522" SizeY="0.305">

                                                    </LimitedFluid>
                                                    <LimitedFluid SizeX="0.936" Center="(-0.088; 0.965; -0.726)" Type="Box" SizeZ="0.522" SizeY="0.305">

                                                    </LimitedFluid>
                          <Sounds ParentFrame="BoneCabin_cdt" _template="Default" AirHissInterval="12.0" MinDist="15.0" Origin="(1.78; 1.595; 0)" DisableReversePitch="false">
                                                        <Reverse Sound="trucks/tuz_108_warthog/tuz_108_warthog_reverse">

                                                        </Reverse>
                                                        <EngineTrans Sound="">

                                                        </EngineTrans>
                                                        <EngineLow Sound="trucks/tuz_108_warthog/tuz_108_warthog_low">

                                                        </EngineLow>
                                                        <BrakePull Sound="trucks/tuz_108_warthog/tuz_108_warthog_brake_pull">

                                                        </BrakePull>
                                                        <EngineHigh Sound="trucks/tuz_108_warthog/tuz_108_warthog_high">

                                                        </EngineHigh>
                                                        <HandbrakeOff Sound="trucks/tuz_108_warthog/tuz_108_warthog_handbrake_off">

                                                        </HandbrakeOff>
                                                        <AbruptStop Sound="trucks/common/truck_swing_big_rnd_set/truck_swing_big_rnd">

                                                        </AbruptStop>
                                                        <EngineRev Sound="trucks/tuz_108_warthog/tuz_108_warthog_rev">

                                                        </EngineRev>
                                                        <EngineHeavy_2d IsSound2D="true" Sound="trucks/tuz_108_warthog/tuz_108_warthog_heavy_2d">

                                                        </EngineHeavy_2d>
                                                        <EngineHeavy Sound="trucks/tuz_108_warthog/tuz_108_warthog_heavy">

                                                        </EngineHeavy>
                                                        <EngineHigh_2d IsSound2D="true" Sound="trucks/tuz_108_warthog/tuz_108_warthog_high_2d">

                                                        </EngineHigh_2d>
                                                        <EngineLow_2d IsSound2D="true" Sound="trucks/tuz_108_warthog/tuz_108_warthog_low_2d">

                                                        </EngineLow_2d>
                                                        <EngineIdle_2d IsSound2D="true" Sound="trucks/tuz_108_warthog/tuz_108_warthog_idle_2d">

                                                        </EngineIdle_2d>
                                                        <EngineStart Sound="trucks/tuz_108_warthog/tuz_108_warthog_start">

                                                        </EngineStart>
                                                        <Handbrake Sound="trucks/tuz_108_warthog/tuz_108_warthog_handbrake_on">

                                                        </Handbrake>
                                                        <BrakesSqueal Sound="trucks/tuz_108_warthog/tuz_108_warthog_brakes_squeal">

                                                        </BrakesSqueal>
                                                        <Honk Sound="trucks/tuz_108_warthog/tuz_108_warthog_honk">

                                                        </Honk>
                                                        <EngineIdle Sound="trucks/tuz_108_warthog/tuz_108_warthog_idle">

                                                        </EngineIdle>
                                                        <EngineStop Sound="trucks/tuz_108_warthog/tuz_108_warthog_stop">

                                                        </EngineStop>
                                                        <BrakeRelease Sound="trucks/tuz_108_warthog/tuz_108_warthog_brake_release">

                                                        </BrakeRelease>
                                                        <EngineAccel Sound="trucks/tuz_108_warthog/tuz_108_warthog_acc">

                                                        </EngineAccel>
                          </Sounds>
                          <GearboxSocket Type="gearboxes_trucks" Default="g_truck_default">

                          </GearboxSocket>
                                                          <Steam Origin="(1.443; 1.294; 0)" ParentFrame="BoneCabin_cdt">

                                                          </Steam>
                                                          <Steam Origin="(-0.363; 1.005; 0)" ParentFrame="BoneCabin_cdt">

                                                          </Steam>
                          <Wheels DefaultWheelType="wheels_medium_double_front" DefaultTire="highway_1" DefaultRim="rim_1">
                                                                <Wheel Pos="(1.878; 0.597; 0.855)" _template="FrontWheel">

                                                                </Wheel>
                                                                <Wheel RightSide="true" Pos="(1.878; 0.597; 0.855)" _template="FrontWheel">

                                                                </Wheel>
                                                                <Wheel Pos="(-1.892; 0.597; 0.855)" _template="RearWheel">

                                                                </Wheel>
                                                                <Wheel RightSide="true" Pos="(-1.892; 0.597; 0.855)" _template="RearWheel">

                                                                </Wheel>
                          </Wheels>
                          <WinchUpgradeSocket Type="winches_medium_trucks" Default="w_medium_trucks_default" IsUpgradable="true">

                          </WinchUpgradeSocket>
                          <SteeringRack Frame="BoneRack" RackHalfSizeZ="0.755" FrameSteerLeft="BoneRackLeft" FrameSteerRight="BoneRackRight">

                          </SteeringRack>
                          <SteeringWheel Frame="BoneSteering">

                          </SteeringWheel>
                          <SoundsWheels _template="Default">

                          </SoundsWheels>
                          <Damage ParentFrame="BoneCabin_cdt" SensationMax="(1.903; 1.972; 1.058)" Capacity="600" SensationMin="(0.824; 2.547; -1.058)">
                                                                          <DamageArea Min="(1.628; 1.305; -0.571)" ParentFrame="BoneCabin_cdt" Max="(2.666; 1.78; 0.571)" Type="Engine">

                                                                          </DamageArea>
                                                                          <DamageArea Min="(-0.544; 0.796; 0.463)" ParentFrame="BoneCabin_cdt" Max="(0.374; 1.123; 0.984)" Type="FuelTank">

                                                                          </DamageArea>
                                                                          <DamageArea Min="(-0.544; 0.796; -0.984)" ParentFrame="BoneCabin_cdt" Max="(0.374; 1.123; -0.463)" Type="FuelTank">

                                                                          </DamageArea>
                          </Damage>
                          <Shafts>
                                                                            <Shaft SocketPointA="Shaft1a" SocketPointB="Shaft1b">

                                                                            </Shaft>
                                                                            <Shaft SocketPointA="Shaft2a" SocketPointB="Shaft2b">

                                                                            </Shaft>
                                                                            <Shaft SocketPointA="Shaft3a" SocketPointB="Shaft3b">

                                                                            </Shaft>
                          </Shafts>
        </TruckData>
  </Truck>