  <Truck>
      <ControlledConstraints>
          <Constraint Name="TieRodSteer" IsLinkedSteering="true" Id="chassis_steer">

          </Constraint>
      </ControlledConstraints>
      <PhysicsModel Mesh="trucks/tuz_108_warthog">
            <NetSync Legacy="false">

            </NetSync>
            <Body ModelFrame="BoneChassis_cdt" ImpactType="Truck" Mass="2800" NetSync="pv" CenterOfMassOffset="(-0.3; 0.1; 0)">
                  <Body ModelFrame="BoneCabin_cdt" ImpactType="Truck" Mass="1265" NetSync="pv" CenterOfMassOffset="(-0.2; 0.4; 0)">
                      <Constraint Type="Fixed">

                      </Constraint>
                          <Body ModelFrame="BoneTieRod_cdt" _template="TieRod">
                            <Constraint AxisLocal="(-1; 0; 0)" MaxLimit="30" Name="TieRodSteer" MinLimit="-30">

                            </Constraint>
                          </Body>
                          <Body ModelFrame="BoneMirrorLeft_cdt" _template="SideMirror">

                          </Body>
                          <Body ModelFrame="BoneMirrorRight_cdt" _template="SideMirror">

                          </Body>
                          <Body ModelFrame="BoneMudguardLeft_cdt" _template="Mudguard">

                          </Body>
                          <Body ModelFrame="BoneMudguardRight_cdt" _template="Mudguard">

                          </Body>
                          <Body ModelFrame="BoneSunshieldLeft_cdt" ImpactType="Truck" Mass="1" CenterOfMassOffset="(0; 0; 0)">
                            <Constraint AxisLocal="(0; 0; -1)" MaxLimit="1" MinLimit="-6" PivotOffset="(0; 0; 0)" Type="Hinge">
                                <Motor Type="Spring" Spring="25" Damping="1">

                                </Motor>
                            </Constraint>
                          </Body>
                          <Body ModelFrame="BoneSunshieldRight_cdt" ImpactType="Truck" Mass="1" CenterOfMassOffset="(0; 0; 0)">
                            <Constraint AxisLocal="(0; 0; -1)" MaxLimit="1" MinLimit="-6" PivotOffset="(0; 0; 0)" Type="Hinge">
                                <Motor Type="Spring" Spring="25" Damping="1">

                                </Motor>
                            </Constraint>
                          </Body>
                          <Body Mass="1" Collisions="None" ModelFrame="BoneBelt_cdt">
                            <Constraint AxisLocal="(1; 0; 0)" MaxLimit="0.05" MinLimit="-0.05" Type="Prismatic">
                                <Motor Type="Spring" Spring="500" Damping="50">

                                </Motor>
                            </Constraint>
                          </Body>
                  </Body>
            </Body>
      </PhysicsModel>
      <TruckData BackSteerSpeed="0.025" DiffLockType="Installed" EngineIconScale="1" TruckType="OFFROAD" FuelCapacity="200" EngineStartDelay="0.8" SteerSpeed="0.025" ExhaustStartTime="0.9" Responsiveness="0.15" TruckImage="tuz108warthogmchr" EngineIconMesh="env/engine_default">
              <Shakers>
                  <Shaker MaxFrequency="0.1" Frame="BoneGearstick" ParentFrame="BoneCabin_cdt" MaxAngle="(3; 3; 3)">

                  </Shaker>
              </Shakers>
              <Intake Size="1" Dir="(1; 0; 0)" Origin="(2.8; 1.499; 0)">

              </Intake>
              <GearboxSocket Default="g_truck_default" Type="gearboxes_trucks">

              </GearboxSocket>
              <Wheels DefaultRim="rim_1" DefaultWheelType="wheels_medium_double_front" DefaultTire="highway_1">
                          <Wheel Pos="(1.878; 0.597; 0.855)" _template="FrontWheel">

                          </Wheel>
                          <Wheel Pos="(1.878; 0.597; 0.855)" _template="FrontWheel" RightSide="true">

                          </Wheel>
                          <Wheel Pos="(-1.892; 0.597; 0.855)" _template="RearWheel">

                          </Wheel>
                          <Wheel Pos="(-1.892; 0.597; 0.855)" _template="RearWheel" RightSide="true">

                          </Wheel>
              </Wheels>
              <WinchUpgradeSocket Default="w_medium_trucks_default" Type="winches_medium_trucks" IsUpgradable="true">

              </WinchUpgradeSocket>
              <SteeringWheel Frame="BoneSteering">

              </SteeringWheel>
              <Damage SensationMax="(1.903; 1.972; 1.058)" Capacity="600" ParentFrame="BoneCabin_cdt" SensationMin="(0.824; 2.547; -1.058)">
                                <DamageArea Max="(2.666; 1.78; 0.571)" ParentFrame="BoneCabin_cdt" Min="(1.628; 1.305; -0.571)" Type="Engine">

                                </DamageArea>
                                <DamageArea Max="(0.374; 1.123; 0.984)" ParentFrame="BoneCabin_cdt" Min="(-0.544; 0.796; 0.463)" Type="FuelTank">

                                </DamageArea>
                                <DamageArea Max="(0.374; 1.123; -0.463)" ParentFrame="BoneCabin_cdt" Min="(-0.544; 0.796; -0.984)" Type="FuelTank">

                                </DamageArea>
              </Damage>
                              <LimitedFluid Center="(-0.088; 0.965; 0.726)" Type="Box" SizeX="0.936" SizeZ="0.522" SizeY="0.305">

                              </LimitedFluid>
                              <LimitedFluid Center="(-0.088; 0.965; -0.726)" Type="Box" SizeX="0.936" SizeZ="0.522" SizeY="0.305">

                              </LimitedFluid>
              <EngineSocket Default="ru_truck_modern_engine_0" Type="e_ru_truck_modern">

              </EngineSocket>
              <SoundsDamage _template="Heavy">

              </SoundsDamage>
              <Camera Center="(-1.25; 0; 0)" ParentFrame="BoneCabin_cdt">
                                      <Cockpit WindshieldShadingTexture="trucks/tuz108_warthog_glass__sh_d.tga" WindshieldDiffuseTexture="trucks/tuz108_warthog_glass__d_a.tga" ViewPos="(0.577; 2.337; 0.369)" _template="Default">
                                            <Mirror MeshFrame="mirror_left" Pos="(0.97; 2.294; 1.278)" Size="(0.20; 0.355)" ReflectionDir="(-0.845; -0.047; -0.532)" FOVScale="1.8" ClipDir="(-0.845; -0.047; -0.532)">

                                            </Mirror>
                                            <Mirror Pos="(0.968; 2.294; -1.277)" MeshFrame="mirror_right" FOVScale="2.0" Size="(0.20; 0.355)" ReflectionDir="(-0.767; -0.029; 0.641)" ClipDir="(-0.767; -0.029; 0.641)" ClipOffset="0.1">

                                            </Mirror>
                                      </Cockpit>
              </Camera>
              <Shafts>
                                          <Shaft SocketPointA="Shaft1a" SocketPointB="Shaft1b">

                                          </Shaft>
                                          <Shaft SocketPointA="Shaft2a" SocketPointB="Shaft2b">

                                          </Shaft>
                                          <Shaft SocketPointA="Shaft3a" SocketPointB="Shaft3b">

                                          </Shaft>
              </Shafts>
              <FuelTank DamageCapacity="120">

              </FuelTank>
              <Axles>
                                              <Axle Frame="BoneAxle1">

                                              </Axle>
                                              <Axle Frame="BoneAxle2">

                                              </Axle>
              </Axles>
              <SoundsWheels _template="Default">

              </SoundsWheels>
              <SuspensionSocket Default="tuz_108_warthog_suspension_default" MaxWheelRadiusWithoutSuspension="0.42" Type="s_tuz_108_warthog">

              </SuspensionSocket>
                                                <CompatibleWheels OffsetZ="0.04" Scale="0.5" RearOffsetZ="0.06" Type="wheels_medium_double_front">

                                                </CompatibleWheels>
                                                <CompatibleWheels OffsetZ="0.13" Scale="0.5" RearOffsetZ="0.08" Type="wheels_medium_mudtires_actaeon">

                                                </CompatibleWheels>
                                                <CompatibleWheels OffsetZ="0.04" Scale="0.55" RearOffsetZ="0.06" Type="wheels_medium_double_front">

                                                </CompatibleWheels>
                                                <CompatibleWheels OffsetZ="0.13" Scale="0.55" RearOffsetZ="0.08" Type="wheels_medium_mudtires_actaeon">

                                                </CompatibleWheels>
                                                <CompatibleWheels OffsetZ="0.04" Scale="0.6" RearOffsetZ="0.06" Type="wheels_medium_double_front">

                                                </CompatibleWheels>
                                                <CompatibleWheels OffsetZ="0.18" Scale="0.6" RearOffsetZ="0.08" Type="wheels_medium_mudtires_actaeon">

                                                </CompatibleWheels>
              <Dashboard>
                                                      <Gauge Mesh="trucks/arrows/tuz_108_warthog_arrows_1" Org="(1.25; 1.924; 0.431)" OutputAngles="(-114; 132)" InputType="rpm" Dir="(-0.721; 0.693; 0)" InputRange="(0;1)" Damping="0.99">

                                                      </Gauge>
                                                      <Gauge Org="(1.251; 1.924; 0.292)" OutputAngles="(-130; 131)" Mesh="trucks/arrows/tuz_108_warthog_arrows_1" InputRange="(0;120)" Dir="(-0.721; 0.693; 0.001)" InputType="speed">

                                                      </Gauge>
                                                      <Gauge Mesh="trucks/arrows/tuz_108_warthog_arrows_2" Org="(1.188; 1.854; 0.624)" OutputAngles="(-43; -7)" InputType="engineEnabled" Dir="(-0.72; 0.694; 0)" InputRange="(0;1)" Damping="0.99">

                                                      </Gauge>
                                                      <Gauge Mesh="trucks/arrows/tuz_108_warthog_arrows_2" Org="(1.188; 1.854; 0.542)" OutputAngles="(-41; 11)" InputType="engineEnabled" Dir="(-0.72; 0.694; 0)" InputRange="(0;1)" Damping="0.99">

                                                      </Gauge>
                                                      <Gauge Mesh="trucks/arrows/tuz_108_warthog_arrows_2" Org="(1.25; 1.918; 0.543)" OutputAngles="(-44; 28)" InputType="engineEnabled" Dir="(-0.72; 0.694; 0)" InputRange="(0;1)" Damping="0.99">

                                                      </Gauge>
                                                      <Gauge Mesh="trucks/arrows/tuz_108_warthog_arrows_2" Org="(1.188; 1.855; 0.18)" OutputAngles="(-43; 35)" InputType="engineEnabled" Dir="(-0.72; 0.694; 0)" InputRange="(0;1)" Damping="0.99">

                                                      </Gauge>
                                                      <Gauge Mesh="trucks/arrows/tuz_108_warthog_arrows_2" Org="(1.188; 1.855; 0.098)" OutputAngles="(-43; 17)" InputType="engineEnabled" Dir="(-0.72; 0.694; 0)" InputRange="(0;1)" Damping="0.99">

                                                      </Gauge>
                                                      <Gauge Mesh="trucks/arrows/tuz_108_warthog_arrows_2" Org="(1.25; 1.918; 0.18)" OutputAngles="(-44; 44)" InputType="fuel" Dir="(-0.72; 0.694; 0)" InputRange="(0;1)" Damping="0.99">

                                                      </Gauge>
              </Dashboard>
              <Sounds DisableReversePitch="false" ParentFrame="BoneCabin_cdt" Origin="(1.78; 1.595; 0)" AirHissInterval="12.0" _template="Default" MinDist="15.0">
                                                      <BrakePull Sound="trucks/tuz_108_warthog/tuz_108_warthog_brake_pull">

                                                      </BrakePull>
                                                      <EngineHigh Sound="trucks/tuz_108_warthog/tuz_108_warthog_high">

                                                      </EngineHigh>
                                                      <AbruptStop Sound="trucks/common/truck_swing_big_rnd_set/truck_swing_big_rnd">

                                                      </AbruptStop>
                                                      <HandbrakeOff Sound="trucks/tuz_108_warthog/tuz_108_warthog_handbrake_off">

                                                      </HandbrakeOff>
                                                      <BrakesSqueal Sound="trucks/tuz_108_warthog/tuz_108_warthog_brakes_squeal">

                                                      </BrakesSqueal>
                                                      <EngineTrans Sound="">

                                                      </EngineTrans>
                                                      <EngineHeavy_2d IsSound2D="true" Sound="trucks/tuz_108_warthog/tuz_108_warthog_heavy_2d">

                                                      </EngineHeavy_2d>
                                                      <Reverse Sound="trucks/tuz_108_warthog/tuz_108_warthog_reverse">

                                                      </Reverse>
                                                      <EngineHeavy Sound="trucks/tuz_108_warthog/tuz_108_warthog_heavy">

                                                      </EngineHeavy>
                                                      <BrakeRelease Sound="trucks/tuz_108_warthog/tuz_108_warthog_brake_release">

                                                      </BrakeRelease>
                                                      <EngineLow_2d IsSound2D="true" Sound="trucks/tuz_108_warthog/tuz_108_warthog_low_2d">

                                                      </EngineLow_2d>
                                                      <EngineHigh_2d IsSound2D="true" Sound="trucks/tuz_108_warthog/tuz_108_warthog_high_2d">

                                                      </EngineHigh_2d>
                                                      <EngineLow Sound="trucks/tuz_108_warthog/tuz_108_warthog_low">

                                                      </EngineLow>
                                                      <EngineIdle_2d IsSound2D="true" Sound="trucks/tuz_108_warthog/tuz_108_warthog_idle_2d">

                                                      </EngineIdle_2d>
                                                      <EngineStop Sound="trucks/tuz_108_warthog/tuz_108_warthog_stop">

                                                      </EngineStop>
                                                      <EngineIdle Sound="trucks/tuz_108_warthog/tuz_108_warthog_idle">

                                                      </EngineIdle>
                                                      <EngineRev Sound="trucks/tuz_108_warthog/tuz_108_warthog_rev">

                                                      </EngineRev>
                                                      <Honk Sound="trucks/tuz_108_warthog/tuz_108_warthog_honk">

                                                      </Honk>
                                                      <EngineStart Sound="trucks/tuz_108_warthog/tuz_108_warthog_start">

                                                      </EngineStart>
                                                      <EngineAccel Sound="trucks/tuz_108_warthog/tuz_108_warthog_acc">

                                                      </EngineAccel>
                                                      <Handbrake Sound="trucks/tuz_108_warthog/tuz_108_warthog_handbrake_on">

                                                      </Handbrake>
              </Sounds>
              <Driver SteeringWheelPos="(1.031; 1.987; 0.363)" Pos="(0.681; 1.631; 0.369)" ParentFrame="BoneCabin_cdt" AnimationSet="HeavyTruck">

              </Driver>
                                                        <Steam ParentFrame="BoneCabin_cdt" Origin="(1.443; 1.294; 0)">

                                                        </Steam>
                                                        <Steam ParentFrame="BoneCabin_cdt" Origin="(-0.363; 1.005; 0)">

                                                        </Steam>
              <SteeringRack FrameSteerRight="BoneRackRight" Frame="BoneRack" FrameSteerLeft="BoneRackLeft" RackHalfSizeZ="0.755">

              </SteeringRack>
              <OcclusionMap MaxX="3.1" HalfSizeZ="1.7" MinX="-3.35">

              </OcclusionMap>
      </TruckData>
      <ModelAttachments>
                <StopSignals>
                    <Light Pos="(-3.033; 0.936; 0.005)" _template="StopSignal">

                    </Light>
                        <Flare Size="0.3" Pos="(-3.007; 0.936; 0.352)" Color="g(168; 12; 0) x 0.8" _template="StopSignal">

                        </Flare>
                        <Flare Size="0.3" Pos="(-3.007; 0.936; -0.352)" Color="g(168; 12; 0) x 0.8" _template="StopSignal">

                        </Flare>
                </StopSignals>
                <Ignition>
                        <Light Pos="(-3.007; 0.937; -0.436)" _template="IgnitionSignalRed" Color="g(255; 10; 10) x 0.4">

                        </Light>
                        <Light Pos="(-3.007; 0.937; 0.436)" _template="IgnitionSignalRed" Color="g(255; 10; 10) x 0.4">

                        </Light>
                        <Light ParentFrame="BoneCabin_cdt" Pos="(2.501; 1.32; -0.892)" Color="g(255; 186; 112) x .5" _template="IgnitionSignalWhite">

                        </Light>
                        <Light ParentFrame="BoneCabin_cdt" Pos="(2.501; 1.32; 0.892)" Color="g(255; 186; 112) x .5" _template="IgnitionSignalWhite">

                        </Light>
                          <Flare Size="0.3" Pos="(-3.007; 0.937; 0.436)" Color="g(168; 12; 0) x 0.8" _template="IgnitionSignalRed">

                          </Flare>
                          <Flare Size="0.3" Pos="(-3.007; 0.937; -0.436)" Color="g(168; 12; 0) x 0.8" _template="IgnitionSignalRed">

                          </Flare>
                          <Flare ParentFrame="BoneCabin_cdt" Pos="(2.501; 1.32; -0.892)" Size="0.3" _template="IgnitionSignalWhite">

                          </Flare>
                          <Flare ParentFrame="BoneCabin_cdt" Pos="(2.501; 1.32; 0.892)" Size="0.3" _template="IgnitionSignalWhite">

                          </Flare>
                </Ignition>
                <HeadLight>
                          <Model _template="HeadLightRay" Org="(2.501; 1.32; -0.892)" ParentFrame="BoneCabin_cdt">

                          </Model>
                          <Model _template="HeadLightRay" Org="(2.501; 1.32; 0.892)" ParentFrame="BoneCabin_cdt">

                          </Model>
                            <Flare ParentFrame="BoneCabin_cdt" Size="0.3" Pos="(2.501; 1.32; -0.892)" Color="g(255; 235; 215) x 0.8" _template="HeadLight">

                            </Flare>
                            <Flare ParentFrame="BoneCabin_cdt" Size="0.3" Pos="(2.501; 1.32; 0.892)" Color="g(255; 235; 215) x 0.8" _template="HeadLight">

                            </Flare>
                </HeadLight>
                <ReverseSignals>

                </ReverseSignals>
      </ModelAttachments>
      <HeadLight Pos="(2.865; 1.326; 0)" _template="Default" ParentFrame="BoneCabin_cdt">

      </HeadLight>
      <GameData Price="19900" Country="RU,CAS" UnlockByExploration="true" ExcludeAddons="trailer_log_pole" UnlockByRank="1">
                      <CraneSocket Pos="(2.979; 1.043; -0.394)" ParentFrame="BoneCabin_cdt">

                      </CraneSocket>
                      <CraneSocket Pos="(2.979; 1.043; 0.394)" ParentFrame="BoneCabin_cdt">

                      </CraneSocket>
                      <CraneSocket Pos="(-3.08; 1.07; 0)">

                      </CraneSocket>
                      <CraneSocket Pos="(-0.998; 1.026; -0.448)">

                      </CraneSocket>
                      <CraneSocket Pos="(-0.998; 1.026; 0.448)">

                      </CraneSocket>
                    <UiDesc UiIcon30x30="offroadVehicleImg30" UiName="UI_VEHICLE_TUZ_108_WARTHOG_NAME" UiIcon328x458="shopImgTUZ108Warthog" UiIconLogo="TUZLogo80" UiDesc="UI_VEHICLE_TUZ_108_WARTHOG_DESC" UiIcon40x40="offroadVehicleImg">

                    </UiDesc>
                          <AddonSockets>
                              <Socket Offset="(-1.2; 1.141; 0)" Names="MinicraneRU">
                                  <ExtraParent Frame="BoneChassis_cdt" Offset="(0; 0; -0.02)">

                                  </ExtraParent>
                                  <ExtraParent Frame="BoneChassis_cdt" Offset="(0; 0; 0.02)">

                                  </ExtraParent>
                              </Socket>
                              <Socket Offset="(-2.05; 1.141; 0)" Names="FrameAddonSideboard1">

                              </Socket>
                              <Socket Offset="(-1.98; 1.141; 0)" Names="FrameAddonTankSmallShort">

                              </Socket>
                              <Socket Offset="(-2.05; 1.141; 0)" NamesBlock="tuz108warthogTrunk, tuz108warthogExhaustCabin, tuz108warthogBumperProtect" Names="FrameAddonMaintainerSmall">

                              </Socket>
                              <Socket Offset="(-1.89; 1.141; 0)" Names="SaddleLow">
                                  <ExtraParent Frame="BoneChassis_cdt" Offset="(0; 0; 0)">

                                  </ExtraParent>
                                  <ExtraParent Frame="BoneChassis_cdt" Offset="(0; 0; 0)">

                                  </ExtraParent>
                              </Socket>
                          </AddonSockets>
                          <AddonSockets>
                              <Socket Offset="(-1.89; 1.458; 0)" Names="Semitrailer">

                              </Socket>
                              <Socket Offset="(-3.065; 1.071; 0)" NamesBlock="FrameAddonMaintainerSmall" Names="Trailer">

                              </Socket>
                          </AddonSockets>
                          <AddonSockets DefaultAddon="tuz_108_warthog_diff_lock_default">
                            <Socket ParentFrame="BoneChassis_cdt" Offset="(0; 0; 0)" Names="TUZ108DiffLock">

                            </Socket>
                          </AddonSockets>
                          <AddonSockets DefaultAddon="tuz_108_warthog_bumper_default">
                              <Socket ParentFrame="BoneChassis_cdt" Offset="(0; 0; 0)" Names="tuz108warthogBumper">

                              </Socket>
                              <Socket ParentFrame="BoneChassis_cdt" Offset="(0; 0; 0)" Names="tuz108warthogBumperExtra">
                                <ExtraParent Frame="BoneCabin_cdt">

                                </ExtraParent>
                              </Socket>
                              <Socket ParentFrame="BoneChassis_cdt" Offset="(0; 0; 0)" Names="tuz108warthogBumperProtect">
                                <ExtraParent Frame="BoneCabin_cdt">

                                </ExtraParent>
                              </Socket>
                          </AddonSockets>
                          <AddonSockets>
                            <Socket ParentFrame="BoneCabin_cdt" Names="tuz108warthogSticker_1x1_01" InCockpit="true">

                            </Socket>
                          </AddonSockets>
                          <AddonSockets>
                            <Socket ParentFrame="BoneSunshieldLeft_cdt" Names="tuz108warthogSticker_1x1_02" InCockpit="true">

                            </Socket>
                          </AddonSockets>
                          <AddonSockets>
                            <Socket ParentFrame="BoneCabin_cdt" Names="tuz108warthogSticker_1x2_01" InCockpit="true">

                            </Socket>
                          </AddonSockets>
                          <AddonSockets>
                            <Socket ParentFrame="BoneCabin_cdt" Names="tuz108warthogSticker_1x2_02" InCockpit="true">

                            </Socket>
                          </AddonSockets>
                          <AddonSockets>
                            <Socket ParentFrame="BoneSunshieldRight_cdt" Names="tuz108warthogSticker_1x2_03" InCockpit="true">

                            </Socket>
                          </AddonSockets>
                          <AddonSockets>
                            <Socket ParentFrame="BoneCabin_cdt" Names="tuz108warthogSticker_1x4_01" InCockpit="true">

                            </Socket>
                          </AddonSockets>
                          <AddonSockets>
                            <Socket ParentFrame="BoneCabin_cdt" Names="tuz108warthogSticker_Roof">

                            </Socket>
                          </AddonSockets>
                          <AddonSockets>
                            <Socket ParentFrame="BoneCabin_cdt" Names="tuz108warthogSticker_Capote" InCockpit="true">

                            </Socket>
                          </AddonSockets>
                          <AddonSockets>
                            <Socket ParentFrame="BoneCabin_cdt" Names="tuz108warthogSticker_Door_L" InCockpit="true">

                            </Socket>
                          </AddonSockets>
                          <AddonSockets>
                            <Socket ParentFrame="BoneCabin_cdt" Names="tuz108warthogSticker_Door_R">

                            </Socket>
                          </AddonSockets>
                          <AddonSockets>
                            <Socket ParentFrame="BoneCabin_cdt" Names="tuz108warthogSticker_GlassTop" InCockpit="true">

                            </Socket>
                          </AddonSockets>
                          <AddonSockets>
                            <Socket ParentFrame="BoneCabin_cdt" Names="tuz108warthogSticker_GlassBottom" InCockpit="true">

                            </Socket>
                          </AddonSockets>
                          <AddonSockets>
                            <Socket Offset="(1.141; 2.618; 0.103)" ParentFrame="BoneCabin_cdt" Names="StuffAirfreshener" InCockpit="true">

                            </Socket>
                          </AddonSockets>
                          <AddonSockets>
                            <Socket ParentFrame="BoneCabin_cdt" Names="StuffCurtainTuz108Warthog" InCockpit="true">

                            </Socket>
                          </AddonSockets>
                          <AddonSockets>
                            <Socket Offset="(1.346; 1.939; 0.716)" ParentFrame="BoneCabin_cdt" Names="StuffDashboard" InCockpit="true">

                            </Socket>
                          </AddonSockets>
                          <AddonSockets>
                            <Socket ParentFrame="BoneCabin_cdt" Names="StuffHoodTuz108Warthog">

                            </Socket>
                          </AddonSockets>
                          <AddonSockets>
                            <Socket ParentFrame="BoneCabin_cdt" Names="tuz108warthogVisor">

                            </Socket>
                          </AddonSockets>
                          <AddonSockets>
                            <Socket ParentFrame="BoneCabin_cdt" Names="tuz108warthogTrunk">

                            </Socket>
                          </AddonSockets>
                          <AddonSockets DefaultAddon="tuz_108_warthog_spot_light_default">
                            <Socket ParentFrame="BoneCabin_cdt" NamesBlock="tuz108warthogTrunk" Names="tuz108warthogSpotlight">

                            </Socket>
                          </AddonSockets>
                          <AddonSockets>
                              <Socket ParentFrame="BoneCabin_cdt" Names="tuz108warthogSnorkel">

                              </Socket>
                              <Socket ParentFrame="BoneCabin_cdt" NamesBlock="tuz108warthogBumperProtect" Names="tuz108warthogSnorkel2">

                              </Socket>
                          </AddonSockets>
                          <AddonSockets DefaultAddon="tuz_108_warthog_exhaust_default">
                              <Socket Names="tuz108warthogExhaust">

                              </Socket>
                              <Socket ParentFrame="BoneChassis_cdt" Names="tuz108warthogExhaustCabin">
                                <ExtraParent Frame="BoneCabin_cdt">

                                </ExtraParent>
                              </Socket>
                          </AddonSockets>
                    <CustomizationCameras>
                                <CameraPos Interior="true" Position="(6.674; 5.706; -0.086)" Name="roof_sticker" InterestPosition="(4.186; 1.747; -0.705)" FOV="32.0">

                                </CameraPos>
                                <CameraPos Interior="true" Position="(5.008; 2.153; -0.422)" Name="sticker_1" InterestPosition="(7.22; 3.809; 1.916)" FOV="32.0">

                                </CameraPos>
                                <CameraPos MaxZoom="2" MaxYRotation="360" Position="(-3.516; 3.26; 4.69)" MaxXRotation="360" Name="addon_1" InterestPosition="(3.226; 1.433; 0)" FOV="32.0">

                                </CameraPos>
                                <CameraPos MaxZoom="2" MaxYRotation="360" Position="(9.341; 3.08; 2.824)" MaxXRotation="360" Name="addon_2" InterestPosition="(6.934; 1.878; 0)" FOV="32.0">

                                </CameraPos>
                                <CameraPos Interior="true" Position="(4.751; 2.340; -0.595)" Name="mirror_mount" InterestPosition="(7.452; 2.69; 1.723)" FOV="32.0">

                                </CameraPos>
                                <CameraPos MaxZoom="2" MaxYRotation="360" Position="(0.481; 3.48; -2.927)" MaxXRotation="360" Name="side_r" InterestPosition="(4.058; 1.779; -0)" FOV="32.0">

                                </CameraPos>
                                <CameraPos Interior="true" Position="(5.37; 2.432; -0.088)" Name="sticker" InterestPosition="(7.582; 0.452; 2.219)" FOV="32.0">

                                </CameraPos>
                                <CameraPos Interior="true" Position="(8.807; 2.839; 0.607)" Name="glass_sticker" InterestPosition="(6.42; 2.388; -0.787)" FOV="32.0">

                                </CameraPos>
                                <CameraPos Interior="true" Position="(3.303; 1.731; 3.082)" Name="door_r_sticker" InterestPosition="(5.809; 1.499; 0.853)" FOV="32.0">

                                </CameraPos>
                                <CameraPos MaxZoom="2" MaxYRotation="360" Position="(9.906; 3.406; -2.307)" MaxXRotation="360" Name="roof" InterestPosition="(5.485; 1.674; 0)" FOV="32.0">

                                </CameraPos>
                                <CameraPos Interior="true" Position="(8.953; 5.341; -0.216)" Name="capote_sticker" InterestPosition="(7.281; 1.653; -0.794)" FOV="32.0">

                                </CameraPos>
                                <CameraPos MaxZoom="2" MaxYRotation="360" Position="(11.91; 1.605; -3.122)" MaxXRotation="360" Name="hoods" InterestPosition="(5.911; 1.31; 0)" FOV="32.0">

                                </CameraPos>
                                <CameraPos Interior="true" Position="(5.063; 2.172; -0.03)" Name="sticker_2" InterestPosition="(7.956; 3.013; 2.301)" FOV="32.0">

                                </CameraPos>
                                <CameraPos MaxZoom="2" MaxYRotation="360" Position="(8.047; 2.935; 3.2)" MaxXRotation="360" Name="side_l" InterestPosition="(6.436; 1.512; 0)" FOV="32.0">

                                </CameraPos>
                                <CameraPos Interior="true" Position="(5.063; 2.382; -0.553)" Name="bubble_head" InterestPosition="(7.22; 1.301; 0.99)" FOV="32.0">

                                </CameraPos>
                                <CameraPos MaxZoom="2" MaxYRotation="360" Position="(8.377; 1.509; -3.571)" MaxXRotation="360" Name="wheels" InterestPosition="(5.607; 0.411; -0.046)" FOV="32.0">

                                </CameraPos>
                                <CameraPos MaxZoom="2" MaxYRotation="360" Position="(11.91; 1.605; -3.122)" MaxXRotation="360" Name="default" InterestPosition="(5.911; 1.31; 0)" FOV="32.0">

                                </CameraPos>
                                <CameraPos MaxZoom="2" MaxYRotation="360" Position="(-1.418; 2.066; 1.833)" MaxXRotation="360" Name="rear" InterestPosition="(4.005; 1.062; 0)" FOV="32.0">

                                </CameraPos>
                                <CameraPos Interior="true" Position="(3.357; 1.816; -3.096)" Name="door_l_sticker" InterestPosition="(4.175; 1.489; -0.057)" FOV="32.0">

                                </CameraPos>
                                <CameraPos Interior="true" Position="(8.557; 2.245; -1.231)" Name="hood_ornament" InterestPosition="(7.506; 1.929; -1.231)" FOV="32.0">

                                </CameraPos>
                                <CameraPos Interior="true" Position="(4.751; 2.340; -0.595)" Name="curtain" InterestPosition="(7.452; 2.69; 1.723)" FOV="32.0">

                                </CameraPos>
                    </CustomizationCameras>
                              <WinchSocket Pos="(2.979; 1.043; -0.394)" ParentFrame="BoneCabin_cdt">

                              </WinchSocket>
                              <WinchSocket Pos="(2.979; 1.043; 0.394)" ParentFrame="BoneCabin_cdt">

                              </WinchSocket>
                              <WinchSocket Pos="(-3.08; 1.07; 0)">

                              </WinchSocket>
                              <WinchSocket Pos="(-0.998; 1.026; -0.448)">

                              </WinchSocket>
                              <WinchSocket Pos="(-0.998; 1.026; 0.448)">

                              </WinchSocket>
      </GameData>
      <Landmark MaxScale="2.5" MinScale="1.5" Mesh="landmarks/tuz_108_warthog_lmk">

      </Landmark>
      <AutomaticIK>
                          <IKBone ModelFrame="BoneTieRodIK1" ParentFrame="BoneTieRod_cdt">
                            <IKJoint AxisLocal="(0; 0; 1)" Type="Hinge2">

                            </IKJoint>
                            <IKBone AttachOffset="(0; 0; 0)" ModelFrame="BoneTieRodIK2" AttachToFrame="BoneRackLeft">
                                  <IKJoint AxisLocal="(0; 0; 1)" Type="Slider">

                                  </IKJoint>
                            </IKBone>
                          </IKBone>
                          <IKBone ModelFrame="BonePistonFL" ParentFrame="BoneChassis_cdt">
                            <IKJoint AxisLocal="(0; 1; 0)" Type="Hinge2">

                            </IKJoint>
                            <IKBone AttachOffset="(0; 0; 0)" ModelFrame="BonePistonFL2" AttachToFrame="BoneAxle1">
                                  <IKJoint AxisLocal="(0; 1; 0)" Type="Slider">

                                  </IKJoint>
                            </IKBone>
                          </IKBone>
                          <IKBone ModelFrame="BonePistonFR" ParentFrame="BoneChassis_cdt">
                            <IKJoint AxisLocal="(0; 1; 0)" Type="Hinge2">

                            </IKJoint>
                            <IKBone AttachOffset="(0; 0; 0)" ModelFrame="BonePistonFR2" AttachToFrame="BoneAxle1">
                                  <IKJoint AxisLocal="(0; 1; 0)" Type="Slider">

                                  </IKJoint>
                            </IKBone>
                          </IKBone>
                          <IKBone ModelFrame="BonePistonRL" ParentFrame="BoneChassis_cdt">
                            <IKJoint AxisLocal="(0; 1; 0)" Type="Hinge2">

                            </IKJoint>
                            <IKBone AttachOffset="(0; 0; 0)" ModelFrame="BonePistonRL2" AttachToFrame="BoneAxle2">
                                  <IKJoint AxisLocal="(0; 1; 0)" Type="Slider">

                                  </IKJoint>
                            </IKBone>
                          </IKBone>
                          <IKBone ModelFrame="BonePistonRR" ParentFrame="BoneChassis_cdt">
                            <IKJoint AxisLocal="(0; 1; 0)" Type="Hinge2">

                            </IKJoint>
                            <IKBone AttachOffset="(0; 0; 0)" ModelFrame="BonePistonRR2" AttachToFrame="BoneAxle2">
                                  <IKJoint AxisLocal="(0; 1; 0)" Type="Slider">

                                  </IKJoint>
                            </IKBone>
                          </IKBone>
      </AutomaticIK>
  </Truck>
  <_templates Include="trucks">
        <Body>
            <SideMirror Mass="1" Collisions="None">
                <Constraint AxisLocal="(0; 1; 0)" MaxLimit="15" MinLimit="-15" Type="Hinge">
                    <Motor Type="Spring" Spring="75" Damping="5">

                    </Motor>
                </Constraint>
            </SideMirror>
            <Mudguard Mass="10" Collisions="None">
                  <Constraint AxisLocal="(0; 0; 1)" MaxLimit="15" MinLimit="-45" Type="Hinge">
                      <Motor Type="Spring" Spring="10" Damping="1">

                      </Motor>
                  </Constraint>
            </Mudguard>
        </Body>
        <Wheel>
              <FrontWheel SteeringJointOffset="0.2" SteeringCastor="8" Torque="full" Location="front" SteeringAngle="25">

              </FrontWheel>
              <RearWheel Torque="default" Location="front" ConnectedToHandbrake="true">

              </RearWheel>
        </Wheel>
        <Flare>
                <IgnitionSignalOrange ColorMultAtDay="0.6" DirAngle="135" Size="0.1" Dir="(0; 1; 0)" Color="g(255; 140; 0) x 0.3" AspectRatio="1.4">

                </IgnitionSignalOrange>
        </Flare>
  </_templates>