  <_templates Include="trucks">
      <Wheel>
          <RearAxle Location="rear" ConnectedToHandbrake="true" Torque="default">

          </RearAxle>
          <FirstAxle ParentFrame="BoneCabin_cdt" SteeringAngle="30" Location="front" SteeringJointOffset="0.25" Torque="default" SteeringCastor="0">

          </FirstAxle>
          <SecondAxle ParentFrame="BoneCabin_cdt" SteeringAngle="24" Location="front" SteeringJointOffset="0.25" Torque="default" SteeringCastor="0">

          </SecondAxle>
      </Wheel>
      <Body>
            <Mirror Mass="5" Collisions="None">
                <Constraint Type="Hinge" MaxLimit="3" AxisLocal="(0; 1; 0)" MinLimit="-3">
                    <Motor Spring="150" Damping="5" Type="Spring">

                    </Motor>
                </Constraint>
            </Mirror>
            <TieRod Mass="1">
                  <Constraint Type="Hinge" MaxLimit="25" AxisLocal="(0; 0; 1)" MinLimit="-25">
                      <Motor Type="Position" Force="6000" Damping="1.0" Tau="1">

                      </Motor>
                  </Constraint>
            </TieRod>
            <Mudguard Mass="1" Collisions="None">
                    <Constraint Type="Hinge">
                        <Motor Spring="1" Damping=".1" Type="Spring">

                        </Motor>
                    </Constraint>
            </Mudguard>
      </Body>
  </_templates>
  <Truck>
        <HeadLight Pos="(5.107; 0.573; 0)" ParentFrame="BoneCabin_cdt" _template="Default">

        </HeadLight>
        <GameData UnlockByExploration="false" Price="98500" UnlockByRank="1" Country="RU,CAS">
              <CustomizationCameras>
                    <CameraPos Name="roof_sticker" InterestPosition="(5.355; 0.652; -0.597)" Position="(8.177; 6.416; -0.261)" Interior="true" FOV="32.0">

                    </CameraPos>
                    <CameraPos MaxXRotation="360" InterestPosition="(5.875; 0.563; 1.084)" FOV="32.0" MaxYRotation="360" Name="sticker_1" MaxZoom="2" Position="(5.81; 3.212; -0.941)" Interior="true">

                    </CameraPos>
                    <CameraPos MaxYRotation="360" MaxZoom="2" Name="addon_1" InterestPosition="(1.036; 1.692; -0)" Position="(-6.923; 2.071; 10.147)" MaxXRotation="360" FOV="32.0">

                    </CameraPos>
                    <CameraPos MaxYRotation="360" MaxZoom="2" Name="addon_2" InterestPosition="(4.991; 1.77; 0)" Position="(10.328; 3.173; 3.632)" MaxXRotation="360" FOV="32.0">

                    </CameraPos>
                    <CameraPos MaxYRotation="360" MaxZoom="2" Name="glass_sticker" InterestPosition="(7.556; 2.541; -0.462)" Position="(12.512; 3.395; 2.269)" MaxXRotation="360" FOV="32.0">

                    </CameraPos>
                    <CameraPos Name="mirror_mount" InterestPosition="(7.736; 2.617; 0.891)" Position="(5.586; 2.774; -0.399)" Interior="true" FOV="32.0">

                    </CameraPos>
                    <CameraPos MaxYRotation="360" MaxZoom="2" Name="side_r" InterestPosition="(4.679; 1.146; 0.131)" Position="(11.451; 4.564; -2.806)" MaxXRotation="360" FOV="32.0">

                    </CameraPos>
                    <CameraPos Name="sticker" InterestPosition="(7.52; 3.035; 0.242)" Position="(5.548; 2.717; -0.148)" Interior="true" FOV="32.0">

                    </CameraPos>
                    <CameraPos MaxYRotation="360" MaxZoom="2" Name="roof" InterestPosition="(6.209; 2.787; -1.094)" Position="(10.306; 5.571; -1.465)" MaxXRotation="360" FOV="32.0">

                    </CameraPos>
                    <CameraPos Name="capote_sticker" InterestPosition="(7.932; 1.936; -1.472)" Position="(10.512; 2.904; -1.657)" Interior="true" FOV="32.0">

                    </CameraPos>
                    <CameraPos MaxYRotation="360" MaxZoom="2" Name="hoods" InterestPosition="(5.787; 0.976; -0.396)" Position="(11.585; 2.202; -2.737)" MaxXRotation="360" FOV="32.0">

                    </CameraPos>
                    <CameraPos MaxYRotation="360" MaxZoom="2" Name="side_l" InterestPosition="(6.733; 1.727; -0.307)" Position="(10.471; 2.809; 3.169)" MaxXRotation="360" FOV="32.0">

                    </CameraPos>
                    <CameraPos Name="bubble_head" InterestPosition="(6.64; 1.526; 1.624)" Position="(5.812; 2.45; -0.885)" Interior="true" FOV="32.0">

                    </CameraPos>
                    <CameraPos MaxYRotation="360" MaxZoom="2" Name="wheels" InterestPosition="(4.978; 0.411; -0.328)" Position="(8.636; 1.415; -5.738)" MaxXRotation="360" FOV="32.0">

                    </CameraPos>
                    <CameraPos MaxYRotation="360" MaxZoom="2" Name="default" InterestPosition="(5.787; 0.976; 0)" Position="(11.091; 1.495; -3.925)" MaxXRotation="360" FOV="32.0">

                    </CameraPos>
                    <CameraPos MaxYRotation="360" MaxZoom="2" Name="rear" InterestPosition="(5.042; 0.956; 0)" Position="(-0.258; 1.601; 3.76)" MaxXRotation="360" FOV="32.0">

                    </CameraPos>
                    <CameraPos Name="door_l_sticker" InterestPosition="(3.787; 2.403; -0.496)" Position="(2.952; 2.773; -3.618)" Interior="true" FOV="32.0">

                    </CameraPos>
              </CustomizationCameras>
              <UiDesc UiName="UI_VEHICLE_KRS_58_BANDIT_NAME" UiDesc="UI_VEHICLE_KRS_58_BANDIT_DESC" UiIconLogo="KRSLogo80" UiIcon40x40="offroadVehicleImg" UiIcon30x30="offroadVehicleImg30" UiIcon328x458="shopImgBandit">

              </UiDesc>
                    <AddonSockets DefaultAddon="krs_58_bandit_bumper_default">
                      <Socket Names="krs58banditBumper" ParentFrame="BoneCabin_cdt">

                      </Socket>
                    </AddonSockets>
                    <AddonSockets>
                        <Socket Names="krs58banditHorn1" ParentFrame="BoneCabin_cdt">

                        </Socket>
                        <Socket Names="krs58banditHorn2" ParentFrame="BoneCabin_cdt">

                        </Socket>
                        <Socket NamesBlock="krs58banditBeacon" Names="krs58banditRoofRack" ParentFrame="BoneCabin_cdt">

                        </Socket>
                    </AddonSockets>
                    <AddonSockets DefaultAddon="krs_58_bandit_gabarite_default">
                      <Socket Names="krs58banditGabarite" ParentFrame="BoneCabin_cdt">

                      </Socket>
                    </AddonSockets>
                    <AddonSockets>
                      <Socket Names="krs58banditVisor" ParentFrame="BoneCabin_cdt">

                      </Socket>
                    </AddonSockets>
                    <AddonSockets>
                      <Socket NamesBlock="krs58banditHorn1" Names="krs58banditBeacon" ParentFrame="BoneCabin_cdt">

                      </Socket>
                    </AddonSockets>
                    <AddonSockets>
                      <Socket Names="krs58banditSnorkel" ParentFrame="BoneCabin_cdt">

                      </Socket>
                    </AddonSockets>
                    <AddonSockets DefaultAddon="crane_krs_58_bandit">
                      <Socket Offset="(0; 0; 0)" Names="CraneKrs58Bandit">

                      </Socket>
                    </AddonSockets>
                    <AddonSockets DefaultAddon="frame_addon_sideboard_2">
                        <Socket Offset="(1.127; 1.357; 0)" Names="LogLift" NamesBlock="CraneKrs58Bandit">

                        </Socket>
                        <Socket Offset="(-5.28; 1.36; 0)" Names="BunkLog" NamesBlock="CraneKrs58Bandit">

                        </Socket>
                        <Socket Offset="(-1.2; 1.357; 0)" Names="FrameAddonLogShort" NamesBlock="CraneKrs58Bandit">

                        </Socket>
                        <Socket Offset="(-1.995; 1.347; 0)" Names="SaddleLow">

                        </Socket>
                        <Socket Offset="(-1.995; 1.347; 0)" Names="SaddleHigh">

                        </Socket>
                        <Socket Offset="(-0.73; 1.358; 0)" Names="FrameAddonTowPlatform" NamesBlock="CraneKrs58Bandit, Trailer">

                        </Socket>
                        <Socket Offset="(-1.336; 1.358; 0)" Names="FrameAddon" ParentFrame="BoneChassis_cdt">
                          <AddonsShift Offset="(-0.65; 0; 0)" Types="CraneKrs58Bandit">

                          </AddonsShift>
                              <ExtraParent Offset="(0; 0; 0)" Frame="BoneChassis_cdt">

                              </ExtraParent>
                              <ExtraParent Offset="(0; 0; 0)" Frame="BoneChassis_cdt">

                              </ExtraParent>
                        </Socket>
                        <Socket Offset="(-1.8; 1.43; -0)" Names="FrameAddonKung" ParentFrame="BoneChassis_cdt">
                          <AddonsShift Offset="(-0.65; 0; 0)" Types="CraneKrs58Bandit">

                          </AddonsShift>
                              <ExtraParent Offset="(0; 0; -0.12)" Frame="BoneChassis_cdt">

                              </ExtraParent>
                              <ExtraParent Offset="(0; 0; 0.12)" Frame="BoneChassis_cdt">

                              </ExtraParent>
                        </Socket>
                        <Socket ParentFrame="BoneChassis_cdt" Offset="(-1.93; 0.33; 0)" Names="FrameAddonMaintainer" NamesBlock="CraneKrs58Bandit, Trailer">

                        </Socket>
                        <Socket ParentFrame="BoneChassis_cdt" Offset="(-2.3; 1.358; 0)" Names="FrameAddonTank" NamesBlock="CraneKrs58Bandit">

                        </Socket>
                        <Socket ParentFrame="BoneChassis_cdt" Offset="(0.716; 1.349; 0)" Names="FrameAddonSeismicVibrator" NamesBlock="Trailer, CraneKrs58Bandit">

                        </Socket>
                    </AddonSockets>
                    <AddonSockets>
                        <Socket Offset="(-1.995; 1.66; 0)" Names="Semitrailer, SemitrailerOiltank">

                        </Socket>
                        <Socket Offset="(-1.995; 1.79; 0)" Names="LargeSemitrailer, LargeSemitrailerOiltank">

                        </Socket>
                        <Socket Offset="(-3.662; 1.014; 0)" Names="Trailer">

                        </Socket>
                    </AddonSockets>
                    <AddonSockets>
                      <Socket ParentFrame="BoneCabin_cdt" Names="Krs58BanditSticker_1x1_01" InCockpit="true">

                      </Socket>
                    </AddonSockets>
                    <AddonSockets>
                      <Socket ParentFrame="BoneCabin_cdt" Names="Krs58BanditSticker_1x1_02" InCockpit="true">

                      </Socket>
                    </AddonSockets>
                    <AddonSockets>
                      <Socket ParentFrame="BoneCabin_cdt" Names="Krs58BanditSticker_1x2_01" InCockpit="true">

                      </Socket>
                    </AddonSockets>
                    <AddonSockets>
                      <Socket ParentFrame="BoneCabin_cdt" Names="Krs58BanditSticker_1x2_02" InCockpit="true">

                      </Socket>
                    </AddonSockets>
                    <AddonSockets>
                      <Socket ParentFrame="BoneCabin_cdt" Names="Krs58BanditSticker_1x4_01" InCockpit="true">

                      </Socket>
                    </AddonSockets>
                    <AddonSockets>
                      <Socket ParentFrame="BoneCabin_cdt" Names="Krs58BanditSticker_GlassTop" InCockpit="true">

                      </Socket>
                    </AddonSockets>
                    <AddonSockets>
                      <Socket ParentFrame="BoneCabin_cdt" Names="Krs58BanditSticker_GlassBottom" InCockpit="true">

                      </Socket>
                    </AddonSockets>
                    <AddonSockets>
                      <Socket Names="Krs58BanditSticker_Roof" ParentFrame="BoneCabin_cdt">

                      </Socket>
                    </AddonSockets>
                    <AddonSockets>
                      <Socket Names="Krs58BanditSticker_Capote" ParentFrame="BoneCabin_cdt">

                      </Socket>
                    </AddonSockets>
                    <AddonSockets>
                      <Socket Names="Krs58BanditSticker_Door_L" ParentFrame="BoneCabin_cdt">

                      </Socket>
                    </AddonSockets>
                    <AddonSockets>
                      <Socket ParentFrame="BoneCabin_cdt" Offset="(3.967; 2.886; 0.207)" Names="StuffAirfreshener" InCockpit="true">

                      </Socket>
                    </AddonSockets>
                    <AddonSockets>
                      <Socket Dir="(0.832; 0; 0.555)" ParentFrame="BoneCabin_cdt" Offset="(3.725; 2.064; -0.125)" Names="StuffDashboard" InCockpit="true">

                      </Socket>
                    </AddonSockets>
                      <CraneSocket Pos="(4.617; 1.074; -0.607)">

                      </CraneSocket>
                      <CraneSocket Pos="(4.617; 1.074; 0.607)">

                      </CraneSocket>
                      <CraneSocket Pos="(0.42; 1.13; -0.448)">

                      </CraneSocket>
                      <CraneSocket Pos="(0.42; 1.13; 0.448)">

                      </CraneSocket>
                      <CraneSocket Pos="(-3.662; 1.034; 0)">

                      </CraneSocket>
                        <WinchSocket Pos="(4.617; 1.074; -0.607)">

                        </WinchSocket>
                        <WinchSocket Pos="(4.617; 1.074; 0.607)">

                        </WinchSocket>
                        <WinchSocket Pos="(0.42; 1.13; -0.448)">

                        </WinchSocket>
                        <WinchSocket Pos="(0.42; 1.13; 0.448)">

                        </WinchSocket>
                        <WinchSocket Pos="(-3.662; 1.034; 0)">

                        </WinchSocket>
        </GameData>
        <PhysicsModel Mesh="trucks/krs_58_bandit">
                <Body CenterOfMassOffset="(0.3; 0; 0)" NetSync="pv" Mass="4000" ImpactType="Truck">
                      <Body NetSync="pv" CenterOfMassOffset="(0.2; 0; 0)" ModelFrame="BoneCabin_cdt" Mass="3000" ImpactType="Truck">
                        <Constraint Type="Hinge" MaxLimit="25" AxisLocal="(1; 0; 0)" MinLimit="-25" PivotOffset="(0; 0; 0)">
                            <Motor Spring="180000" Damping="30000" Type="Spring">

                            </Motor>
                        </Constraint>
                            <Body ModelFrame="BoneTieRod_cdt" _template="TieRod">
                              <Constraint Name="TieRodSteer">

                              </Constraint>
                            </Body>
                            <Body ModelFrame="BoneTieRod_1_cdt" _template="TieRod">
                              <Constraint Name="TieRodSteer1">

                              </Constraint>
                            </Body>
                            <Body ModelFrame="BoneMirrorL_cdt" _template="Mirror">

                            </Body>
                            <Body ModelFrame="BoneMirrorR_cdt" _template="Mirror">

                            </Body>
                            <Body ModelFrame="BoneWire1_cdt" Mass="0.4" Collisions="None">
                              <Constraint Type="Hinge" MaxLimit="2" AxisLocal="(0; 1; 0)" MinLimit="-2" PivotOffset="(0; 0; 0)">
                                  <Motor Spring=".01" Damping="100" Type="Spring">

                                  </Motor>
                              </Constraint>
                              <Body ModelFrame="BoneWire2_cdt" Mass="0.1" Collisions="None">
                                    <Constraint ConeMin="-.1" PlaneMin="-20" PlaneMax="20" Type="Ragdoll" TwistAxisLocal="(1; 0; 0)" TwistMax="6" ConeMax=".1" TwistMin="-6" PlaneAxisLocal="(0; 0; 1)">
                                        <AllMotor Spring=".001" Damping="30" Type="Spring">

                                        </AllMotor>
                                    </Constraint>
                              </Body>
                            </Body>
                            <Body ModelFrame="BoneCase_cdt" Mass="0.4" Collisions="None">
                              <Constraint Type="Hinge" MaxLimit="8" AxisLocal="(0; 0; 1)" MinLimit="-90">
                                  <Motor Spring="1" Damping=".1" Type="Spring">

                                  </Motor>
                              </Constraint>
                            </Body>
                            <Body ModelFrame="BoneJacket_cdt" Mass="3" Collisions="None">
                              <Constraint ConeMin="-30" PlaneMin="-90" PlaneMax="0" Type="Ragdoll" TwistAxisLocal="(0; 1; 0)" TwistMax="20" ConeMax="20" TwistMin="-90" PlaneAxisLocal="(1; 0; 0)">
                                  <AllMotor Spring=".00001" Damping="3" Type="Spring">

                                  </AllMotor>
                              </Constraint>
                            </Body>
                            <Body ModelFrame="BoneHelmet_cdt" Mass="3" Collisions="None">
                              <Constraint ConeMin="-40" PlaneMin="-90" PlaneMax="0" Type="Ragdoll" TwistAxisLocal="(0; 1; 0)" TwistMax="0" ConeMax="40" TwistMin="0" PlaneAxisLocal="(1; 0; 0)">
                                  <AllMotor Spring=".00001" Damping="1" Type="Spring">

                                  </AllMotor>
                              </Constraint>
                            </Body>
                      </Body>
                      <Body ModelFrame="BoneMudguardL_cdt" _template="Mudguard">
                        <Constraint MinLimit="-30" MaxLimit="20" AxisLocal="(0; 0; 1)">

                        </Constraint>
                      </Body>
                      <Body ModelFrame="BoneMudguardR_cdt" _template="Mudguard">
                        <Constraint MinLimit="-30" MaxLimit="20" AxisLocal="(0; 0; 1)">

                        </Constraint>
                      </Body>
                </Body>
                <NetSync Legacy="false">

                </NetSync>
        </PhysicsModel>
        <ControlledConstraints>
                    <Constraint IsLinkedSteering="true" Id="chassis_steer" Name="TieRodSteer">

                    </Constraint>
                    <Constraint IsLinkedSteering="true" Id="chassis_steer" Name="TieRodSteer1">

                    </Constraint>
        </ControlledConstraints>
        <ModelAttachments>
                    <HeadLight>
                          <Flare Pos="(4.444; 1.562; -0.853)" _template="HeadLight" Color="g(235; 230; 220) x 0.3" Size="0.3" ParentFrame="BoneCabin_cdt">

                          </Flare>
                          <Flare Pos="(4.444; 1.562; 0.853)" _template="HeadLight" Color="g(235; 230; 220) x 0.3" Size="0.3" ParentFrame="BoneCabin_cdt">

                          </Flare>
                          <Flare Pos="(4.233; 3.006; 0)" _template="HeadLight" Color="g(235; 230; 220) x 0.5" Size="0.3" ParentFrame="BoneCabin_cdt">

                          </Flare>
                          <Flare Pos="(4.001; 2.978; -0.95)" _template="HeadLight" Color="g(235; 230; 220) x 0.5" Size="0.3" ParentFrame="BoneCabin_cdt">

                          </Flare>
                          <Flare Pos="(4.001; 2.978; 0.95)" _template="HeadLight" Color="g(235; 230; 220) x 0.5" Size="0.3" ParentFrame="BoneCabin_cdt">

                          </Flare>
                          <Flare Pos="(4.444; 1.562; -0.853)" _template="BlueStreak" Size="0.6" ParentFrame="BoneCabin_cdt">

                          </Flare>
                          <Flare Pos="(4.444; 1.562; 0.853)" _template="BlueStreak" Size="0.6" ParentFrame="BoneCabin_cdt">

                          </Flare>
                          <Flare Pos="(4.233; 3.006; 0)" _template="BlueStreak" Size="0.6" ParentFrame="BoneCabin_cdt">

                          </Flare>
                          <Flare Pos="(4.001; 2.978; -0.95)" _template="BlueStreak" Size="0.6" ParentFrame="BoneCabin_cdt">

                          </Flare>
                          <Flare Pos="(4.001; 2.978; 0.95)" _template="BlueStreak" Size="0.6" ParentFrame="BoneCabin_cdt">

                          </Flare>
                            <Model Org="(4.446; 1.572; -0.694)" ParentFrame="BoneCabin_cdt" _template="HeadLightRay">

                            </Model>
                            <Model Org="(4.446; 1.572; 0.694)" ParentFrame="BoneCabin_cdt" _template="HeadLightRay">

                            </Model>
                            <Model Org="(4.273; 2.969; 0)" ParentFrame="BoneCabin_cdt" _template="HeadLightRay">

                            </Model>
                            <Model Org="(4.001; 2.978; -0.95)" ParentFrame="BoneCabin_cdt" _template="HeadLightRay">

                            </Model>
                            <Model Org="(4.001; 2.978; 0.95)" ParentFrame="BoneCabin_cdt" _template="HeadLightRay">

                            </Model>
                    </HeadLight>
                    <StopSignals>
                          <Light Pos="(-3.646; 1.261; 0)" _template="StopSignal">

                          </Light>
                              <Flare Pos="(-3.646; 1.261; -0.987)" Size="0.3" _template="StopSignal">

                              </Flare>
                              <Flare Pos="(-3.646; 1.261; 0.987)" Size="0.3" _template="StopSignal">

                              </Flare>
                    </StopSignals>
                    <Ignition>
                              <Light Pos="(4.446; 1.572; -0.853)" _template="IgnitionSignalWhite" Color="g(255; 205; 145) x .5" Size=".5" ParentFrame="BoneCabin_cdt">

                              </Light>
                              <Light Pos="(4.446; 1.572; 0.853)" _template="IgnitionSignalWhite" Color="g(255; 205; 145) x .5" Size=".5" ParentFrame="BoneCabin_cdt">

                              </Light>
                              <Light Pos="(-3.646; 1.261; 0)" _template="IgnitionSignalRed">

                              </Light>
                                <Flare Pos="(4.446; 1.572; -0.853)" _template="IgnitionSignalWhite" Color="g(165; 149; 130) x 1.7" Size="0.3" ParentFrame="BoneCabin_cdt">

                                </Flare>
                                <Flare Pos="(4.446; 1.572; 0.853)" _template="IgnitionSignalWhite" Color="g(165; 149; 130) x 1.7" Size="0.3" ParentFrame="BoneCabin_cdt">

                                </Flare>
                                <Flare Pos="(4.414; 1.508; -1.061)" _template="IgnitionSignalWhite" Color="g(165; 149; 130) x 1.3" Size="0.2" ParentFrame="BoneCabin_cdt">

                                </Flare>
                                <Flare Pos="(4.414; 1.508; 1.061)" _template="IgnitionSignalWhite" Color="g(165; 149; 130) x 1.3" Size="0.2" ParentFrame="BoneCabin_cdt">

                                </Flare>
                                <Flare Pos="(-3.646; 1.261; -0.987)" _template="IgnitionSignalRed">

                                </Flare>
                                <Flare Pos="(-3.646; 1.261; 0.987)" _template="IgnitionSignalRed">

                                </Flare>
                    </Ignition>
                    <ReverseSignals>
                                <Light Pos="(-3.646; 1.261; -0.796)" Color="(102; 102; 102)" _template="ReverseSignal">

                                </Light>
                                <Light Pos="(-3.646; 1.261; 0.796)" Color="(102; 102; 102)" _template="ReverseSignal">

                                </Light>
                                  <Flare Pos="(-3.646; 1.261; -0.796)" Size="0.4" _template="ReverseSignal">

                                  </Flare>
                                  <Flare Pos="(-3.646; 1.261; -0.796)" Dir="(-1; 0; 0)" _template="BlueStreak" Color="g(220; 220; 255) x 0.05" Size="0.4">

                                  </Flare>
                                  <Flare Pos="(-3.646; 1.261; 0.796)" Size="0.4" _template="ReverseSignal">

                                  </Flare>
                                  <Flare Pos="(-3.646; 1.261; 0.796)" Dir="(-1; 0; 0)" _template="BlueStreak" Color="g(220; 220; 255) x 0.05" Size="0.4">

                                  </Flare>
                    </ReverseSignals>
        </ModelAttachments>
        <Landmark MaxScale="3.8" Mesh="landmarks/krs_58_bandit_lmk" MinScale="1.8">

        </Landmark>
        <AutomaticIK>
                          <IKBone ParentFrame="BoneTieRod_cdt" ModelFrame="BoneTieRodIK1">
                            <IKJoint Type="Hinge2" AxisLocal="(1; 0; 0)">

                            </IKJoint>
                            <IKBone AttachToFrame="BoneRackFrontL" AttachOffset="(0; 0; 0)" ModelFrame="BoneTieRodIK2">
                                  <IKJoint Type="Slider" AxisLocal="(1; 0; 0)">

                                  </IKJoint>
                            </IKBone>
                          </IKBone>
                          <IKBone ParentFrame="BoneTieRod_1_cdt" ModelFrame="BoneTieRodIK1_1">
                            <IKJoint Type="Hinge2" AxisLocal="(1; 0; 0)">

                            </IKJoint>
                            <IKBone AttachToFrame="BoneRackRearL" AttachOffset="(0; 0; 0)" ModelFrame="BoneTieRodIK2_1">
                                  <IKJoint Type="Slider" AxisLocal="(1; 0; 0)">

                                  </IKJoint>
                            </IKBone>
                          </IKBone>
                          <IKBone ParentFrame="BoneCabin_cdt" ModelFrame="BonePistonFR">
                            <IKJoint Type="Hinge2" AxisLocal="(0; 0; 1)">

                            </IKJoint>
                            <IKBone AttachToFrame="BoneAxle1" AttachOffset="(0; 0; 0)" ModelFrame="BonePistonFR2">
                                  <IKJoint Type="Slider" AxisLocal="(0; 0; 1)">

                                  </IKJoint>
                            </IKBone>
                          </IKBone>
                          <IKBone ParentFrame="BoneCabin_cdt" ModelFrame="BonePistonFL">
                            <IKJoint Type="Hinge2" AxisLocal="(0; 0; 1)">

                            </IKJoint>
                            <IKBone AttachToFrame="BoneAxle1" AttachOffset="(0; 0; 0)" ModelFrame="BonePistonFL2">
                                  <IKJoint Type="Slider" AxisLocal="(0; 0; 1)">

                                  </IKJoint>
                            </IKBone>
                          </IKBone>
                          <IKBone ParentFrame="BoneChassis_cdt" ModelFrame="BonePistonRL">
                            <IKJoint Type="Hinge2" AxisLocal="(0; 0; 1)">

                            </IKJoint>
                            <IKBone AttachToFrame="BoneAxle4" AttachOffset="(0; 0; 0)" ModelFrame="BonePistonRL2">
                                  <IKJoint Type="Slider" AxisLocal="(0; 0; 1)">

                                  </IKJoint>
                            </IKBone>
                          </IKBone>
                          <IKBone ParentFrame="BoneChassis_cdt" ModelFrame="BonePistonRR">
                            <IKJoint Type="Hinge2" AxisLocal="(0; 0; 1)">

                            </IKJoint>
                            <IKBone AttachToFrame="BoneAxle4" AttachOffset="(0; 0; 0)" ModelFrame="BonePistonRR2">
                                  <IKJoint Type="Slider" AxisLocal="(0; 0; 1)">

                                  </IKJoint>
                            </IKBone>
                          </IKBone>
                          <IKBone ParentFrame="BoneChassis_cdt" ModelFrame="BonePistonM1L">
                            <IKJoint Type="Hinge2" AxisLocal="(0; 0; 1)">

                            </IKJoint>
                            <IKBone AttachToFrame="BoneAxle2" AttachOffset="(0; 0; 0)" ModelFrame="BonePistonM1L2">
                                  <IKJoint Type="Slider" AxisLocal="(0; 0; 1)">

                                  </IKJoint>
                            </IKBone>
                          </IKBone>
                          <IKBone ParentFrame="BoneChassis_cdt" ModelFrame="BonePistonM1R">
                            <IKJoint Type="Hinge2" AxisLocal="(0; 0; 1)">

                            </IKJoint>
                            <IKBone AttachToFrame="BoneAxle2" AttachOffset="(0; 0; 0)" ModelFrame="BonePistonM1R2">
                                  <IKJoint Type="Slider" AxisLocal="(0; 0; 1)">

                                  </IKJoint>
                            </IKBone>
                          </IKBone>
                          <IKBone ParentFrame="BoneChassis_cdt" ModelFrame="BonePistonM2L">
                            <IKJoint Type="Hinge2" AxisLocal="(0; 0; 1)">

                            </IKJoint>
                            <IKBone AttachToFrame="BoneAxle3" AttachOffset="(0; 0; 0)" ModelFrame="BonePistonM2L2">
                                  <IKJoint Type="Slider" AxisLocal="(0; 0; 1)">

                                  </IKJoint>
                            </IKBone>
                          </IKBone>
                          <IKBone ParentFrame="BoneChassis_cdt" ModelFrame="BonePistonM2R">
                            <IKJoint Type="Hinge2" AxisLocal="(0; 0; 1)">

                            </IKJoint>
                            <IKBone AttachToFrame="BoneAxle3" AttachOffset="(0; 0; 0)" ModelFrame="BonePistonM2R2">
                                  <IKJoint Type="Slider" AxisLocal="(0; 0; 1)">

                                  </IKJoint>
                            </IKBone>
                          </IKBone>
        </AutomaticIK>
        <TruckData SteerSpeed="0.035" EngineStartDelay="2" EngineIconMesh="env/engine_default" TruckType="OFFROAD" Responsiveness="0.55" BackSteerSpeed="0.05" TruckImage="banditmchr" FuelCapacity="150" DiffLockType="Always" ExhaustStartTime="1.8" EngineIconScale="1.35">
                          <Driver Pos="(3.257; 1.946; 0.787)" ParentFrame="BoneCabin_cdt" AnimationSet="HeavyTruck" SteeringWheelPos="(3.644; 2.292; 0.787)">

                          </Driver>
                          <SoundsDamage _template="Heavy">

                          </SoundsDamage>
                          <OcclusionMap HalfSizeZ="1.7" MinX="-5" MaxX="5">

                          </OcclusionMap>
                          <FuelTank DamageCapacity="100">

                          </FuelTank>
                          <Intake Size="1" Dir="(1; 0; 0)" Origin="(4.59; 1.524; 0)">

                          </Intake>
                          <EngineSocket Type="e_ru_truck_old" Default="ru_truck_old_engine_0">

                          </EngineSocket>
                          <SuspensionSocket Type="s_krs_58_bandit" MaxWheelRadiusWithoutSuspension="0.7" Default="krs_58_bandit_suspension_default">

                          </SuspensionSocket>
                          <Dashboard>
                                              <Gauge InputRange="(0;120)" Dir="(-0.71; 0.705; -0.001)" InputType="speed" Org="(3.97; 2.153; 0.944)" Damping="0.9" Mesh="trucks/arrows/krs_58_bandit_arrow_01" OutputAngles="(-120;120)">

                                              </Gauge>
                                              <Gauge InputRange="(0;1)" Dir="(-0.71; 0.705; -0.001)" InputType="rpm" Org="(4.002; 2.182; 0.806)" Damping="0.9" Mesh="trucks/arrows/krs_58_bandit_arrow_02" OutputAngles="(-120;-20)">

                                              </Gauge>
                                              <Gauge InputRange="(0;1)" Dir="(-0.71; 0.705; -0.001)" InputType="engineEnabled" Org="(3.97; 2.153; 0.716)" Damping="0.9" Mesh="trucks/arrows/krs_58_bandit_arrow_03" OutputAngles="(-130;-78)">

                                              </Gauge>
                                              <Gauge InputRange="(0;1)" Dir="(-0.71; 0.705; -0.001)" InputType="engineEnabled" Org="(3.97; 2.152; 0.622)" Damping="0.9" Mesh="trucks/arrows/krs_58_bandit_arrow_03" OutputAngles="(130;112)">

                                              </Gauge>
                                              <Gauge InputRange="(0;1)" Dir="(-0.71; 0.705; -0.001)" InputType="fuel" Org="(4.007; 2.189; 0.669)" Damping="0.9" Mesh="trucks/arrows/krs_58_bandit_arrow_03" OutputAngles="(-45;45)">

                                              </Gauge>
                                              <Gauge InputRange="(0;1)" Dir="(-0.71; 0.705; -0.001)" InputType="engineEnabled" Org="(3.939; 2.121; 0.669)" Damping="0.9" Mesh="trucks/arrows/krs_58_bandit_arrow_03" OutputAngles="(-146;-200">

                                              </Gauge>
                          </Dashboard>
                          <Axles>
                                                <Axle Frame="BoneAxle1">

                                                </Axle>
                                                <Axle Frame="BoneAxle2">

                                                </Axle>
                                                <Axle Frame="BoneAxle3">

                                                </Axle>
                                                <Axle Frame="BoneAxle4">

                                                </Axle>
                          </Axles>
                          <Camera Center="(-1.6; 0; 0)" Radius="1.2">
                                                <Cockpit WindshieldDiffuseTexture="trucks/geolkom_krs_58bandit_glass__d_a.tga" _template="Default" WindshieldShadingTexture="trucks/geolkom_krs_58bandit_glass__sh_d.tga" ViewPos="(3.13; 2.616; 0.787)" WindshieldDetailDensity="6.0">
                                                      <Mirror FOVScale="2" ClipDir="(-0.956; 0; -0.292)" MeshFrame="mirror_l_1" Pos="(4.165; 2.694; 1.577)" ReflectionDir="(-0.956; 0; -0.292)" Size="(0.17; 0.33)" ClipOffset="0.2">

                                                      </Mirror>
                                                      <Mirror FOVScale="2" ClipDir="(-0.359; -0.444; -0.821)" MeshFrame="mirror_l_2" Pos="(4.262; 2.348; 1.245)" ReflectionDir="(-0.359; -0.444; -0.821)" Size="(0.18; 0.18)" ClipOffset="0.1">

                                                      </Mirror>
                                                      <Mirror FOVScale="2" ClipDir="(-0.839; 0; 0.545)" MeshFrame="mirror_r_1" Pos="(4.161; 2.694; -1.529)" ReflectionDir="(-0.839; 0; 0.545)" Size="(0.17; 0.33)" ClipOffset="0.1">

                                                      </Mirror>
                                                      <Mirror FOVScale="2" ClipDir="(0; -0.446; 0.895)" MeshFrame="mirror_r_2" Pos="(4.284; 2.348; -1.3)" ReflectionDir="(0; -0.446; 0.895)" Size="(0.18; 0.18)" ClipOffset="0.1">

                                                      </Mirror>
                                                </Cockpit>
                          </Camera>
                                                <CompatibleWheels Type="wheels_medium_double_front" Scale="0.65" RearOffsetZ="0.06" OffsetZ="0.04">

                                                </CompatibleWheels>
                                                <CompatibleWheels Type="wheels_medium_mudtires_actaeon" Scale="0.65" RearOffsetZ="0.08" OffsetZ="0.18">

                                                </CompatibleWheels>
                          <Exhaust Speed="6.00" Dir="(-0; -0.192; -0.981)" Origin="(0.432; 0.792; -0.694)">

                          </Exhaust>
                          <Sounds _template="Default" MinDist="8.0" Origin="(3.245; 1.366; 0)" DisableReversePitch="false">
                                                      <Reverse Sound="trucks/krs_58_bandit/krs_58_bandit_reverse">

                                                      </Reverse>
                                                      <EngineTrans Sound="">

                                                      </EngineTrans>
                                                      <EngineLow Sound="trucks/krs_58_bandit/krs_58_bandit_low">

                                                      </EngineLow>
                                                      <EngineHigh Sound="trucks/krs_58_bandit/krs_58_bandit_high">

                                                      </EngineHigh>
                                                      <HandbrakeOff Sound="trucks/common/truck_handbrake_switch_off">

                                                      </HandbrakeOff>
                                                      <Gear Sound="trucks/common/truck_gear_shift_medium_rnd_set/truck_gear_shift_medium_rnd">

                                                      </Gear>
                                                      <AbruptStop Sound="trucks/common/truck_swing_big_rnd_set/truck_swing_big_rnd">

                                                      </AbruptStop>
                                                      <EngineRev Sound="">

                                                      </EngineRev>
                                                      <EngineHeavy_2d IsSound2D="true" Sound="">

                                                      </EngineHeavy_2d>
                                                      <EngineHeavy Sound="">

                                                      </EngineHeavy>
                                                      <EngineHigh_2d IsSound2D="true" Sound="trucks/krs_58_bandit/krs_58_bandit_high_2d">

                                                      </EngineHigh_2d>
                                                      <EngineLow_2d IsSound2D="true" Sound="trucks/krs_58_bandit/krs_58_bandit_low_2d">

                                                      </EngineLow_2d>
                                                      <EngineIdle_2d IsSound2D="true" Sound="trucks/krs_58_bandit/krs_58_bandit_idle_2d">

                                                      </EngineIdle_2d>
                                                      <EngineStart Sound="trucks/krs_58_bandit/krs_58_bandit_start">

                                                      </EngineStart>
                                                      <Handbrake Sound="trucks/common/truck_handbrake_switch_alt1">

                                                      </Handbrake>
                                                      <EngineAccel Sound="trucks/krs_58_bandit/krs_58_bandit_acc">

                                                      </EngineAccel>
                                                      <GearFail Sound="trucks/common/truck_gear_wrong/truck_gear_wrong_small_old">

                                                      </GearFail>
                                                      <Honk Sound="trucks/krs_58_bandit/krs_58_bandit_honk">

                                                      </Honk>
                                                      <EngineStop Sound="trucks/krs_58_bandit/krs_58_bandit_stop">

                                                      </EngineStop>
                                                      <EngineIdle Sound="trucks/krs_58_bandit/krs_58_bandit_idle">

                                                      </EngineIdle>
                                                      <BrakesSqueal Sound="trucks/krs_58_bandit/krs_58_bandit_brakes_squeal">

                                                      </BrakesSqueal>
                          </Sounds>
                          <GearboxSocket Type="gearboxes_trucks" Default="g_truck_default">

                          </GearboxSocket>
                          <Steam Origin="(4.647; 1.524; 0)">

                          </Steam>
                          <Wheels DefaultWheelType="wheels_medium_double_front" DefaultTire="highway_1" DefaultRim="rim_1">
                                                              <Wheel Pos="(3.284; 0.597; 1.03)" _template="FirstAxle">

                                                              </Wheel>
                                                              <Wheel RightSide="true" Pos="(3.284; 0.597; 1.03)" _template="FirstAxle">

                                                              </Wheel>
                                                              <Wheel Pos="(1.781; 0.597; 1.03)" _template="SecondAxle">

                                                              </Wheel>
                                                              <Wheel RightSide="true" Pos="(1.781; 0.597; 1.03)" _template="SecondAxle">

                                                              </Wheel>
                                                              <Wheel Pos="(-0.912; 0.597; 1.03)" _template="RearAxle">

                                                              </Wheel>
                                                              <Wheel RightSide="true" Pos="(-0.912; 0.597; 1.03)" _template="RearAxle">

                                                              </Wheel>
                                                              <Wheel Pos="(-2.608; 0.597; 1.03)" _template="RearAxle">

                                                              </Wheel>
                                                              <Wheel RightSide="true" Pos="(-2.608; 0.597; 1.03)" _template="RearAxle">

                                                              </Wheel>
                          </Wheels>
                          <WinchUpgradeSocket Type="winches_medium_trucks" Default="w_medium_trucks_default" IsUpgradable="true">

                          </WinchUpgradeSocket>
                                                              <SteeringRack Frame="BoneRackFront" RackHalfSizeZ="0.756" FrameSteerLeft="BoneRackFrontL" FrameSteerRight="BoneRackFrontR">

                                                              </SteeringRack>
                                                              <SteeringRack Frame="BoneRackRear" RackHalfSizeZ="0.756" FrameSteerLeft="BoneRackRearL" FrameSteerRight="BoneRackRearR">

                                                              </SteeringRack>
                          <SteeringWheel Frame="BoneSteering">

                          </SteeringWheel>
                          <SoundsWheels _template="Default">

                          </SoundsWheels>
                          <Damage>
                                                                        <DamageArea Min="(3.457; 1.136; -0.905)" ParentFrame="BoneCabin_cdt" Max="(4.457; 2.017; 0.905)" Type="Engine">

                                                                        </DamageArea>
                                                                        <DamageArea Min="(1.521; 0.773; -0.5)" ParentFrame="BoneCabin_cdt" Max="(3.505; 1.638; 0.5)" Type="FuelTank">

                                                                        </DamageArea>
                          </Damage>
                          <Shafts>
                                                                          <Shaft SocketPointA="Shaft1a" SocketPointB="Shaft1b">

                                                                          </Shaft>
                                                                          <Shaft SocketPointA="Shaft2a" SocketPointB="Shaft2b">

                                                                          </Shaft>
                                                                          <Shaft SocketPointA="Shaft3a" SocketPointB="Shaft3b">

                                                                          </Shaft>
                                                                          <Shaft SocketPointA="Shaft4a" SocketPointB="Shaft4b">

                                                                          </Shaft>
                                                                          <Shaft SocketPointA="Shaft5a" SocketPointB="Shaft5b">

                                                                          </Shaft>
                                                                          <Shaft SocketPointA="Shaft6a" SocketPointB="Shaft6b">

                                                                          </Shaft>
                                                                          <Shaft SocketPointA="Shaft7a" SocketPointB="Shaft7b">

                                                                          </Shaft>
                          </Shafts>
        </TruckData>
  </Truck>