  <_templates Include="trucks">
      <Wheel>
          <RearWheel Torque="default" Location="rear" ConnectedToHandbrake="true" ParentFrame="BoneBack_cdt">

          </RearWheel>
          <FrontWheel Torque="default" Location="front" ConnectedToHandbrake="true" ParentFrame="BoneFront_cdt">

          </FrontWheel>
      </Wheel>
      <Body>
            <Sunshield Mass="5" Collisions="None">
                <Constraint Type="Hinge" MaxLimit="10" AxisLocal="(0; 0; 1)" MinLimit="-5">
                    <Motor Spring="20" Damping="0.7" Type="Spring">

                    </Motor>
                </Constraint>
            </Sunshield>
      </Body>
  </_templates>
  <Truck>
        <HeadLight Pos="(3.6; 1.2; 0)" ParentFrame="BoneFront_cdt" _template="Default">

        </HeadLight>
        <GameData UnlockByExploration="true" Price="126100" UnlockByRank="1" Country="RU,CAS">
              <CustomizationCameras>
                    <CameraPos Name="roof_sticker" InterestPosition="(3.212; 3.213; -0.647)" Position="(7.639; 8.289; -0.694)" Interior="true" FOV="32.0">

                    </CameraPos>
                    <CameraPos MaxYRotation="360" MaxZoom="2" Name="addon_1" InterestPosition="(2.514; 1.31; -0.551)" Position="(-7.271; 3.91; 6.234)" MaxXRotation="360" FOV="32.0">

                    </CameraPos>
                    <CameraPos MaxYRotation="360" MaxZoom="2" Name="addon_2" InterestPosition="(5.759; 2.49; 0)" Position="(10.793; 4.409; -3.424)" MaxXRotation="360" FOV="32.0">

                    </CameraPos>
                    <CameraPos Name="mirror_mount" InterestPosition="(6.388; 2.379; 1.159)" Position="(3.631; 3.057; -0.267)" Interior="true" FOV="32.0">

                    </CameraPos>
                    <CameraPos MaxYRotation="360" MaxZoom="2" Name="side_r" InterestPosition="(4.494; 3.503; -0)" Position="(6.861; 5.817; -6.504)" MaxXRotation="360" FOV="32.0">

                    </CameraPos>
                    <CameraPos Name="sticker" InterestPosition="(6.961; 0.994; 0.703)" Position="(4.384; 2.942; 0)" Interior="true" FOV="32.0">

                    </CameraPos>
                    <CameraPos Name="glass_sticker" InterestPosition="(6.321; 2.828; -0.786)" Position="(10.575; 3.974; 0.816)" Interior="true" FOV="32.0">

                    </CameraPos>
                    <CameraPos Name="door_r_sticker" InterestPosition="(5.745; 1.723; 0)" Position="(4.617; 2.581; 2.916)" Interior="true" FOV="32.0">

                    </CameraPos>
                    <CameraPos MaxYRotation="360" MaxZoom="2" Name="roof" InterestPosition="(5.118; 3.503; 0)" Position="(11.064; 5.516; -4.015)" MaxXRotation="360" FOV="32.0">

                    </CameraPos>
                    <CameraPos Name="capote_sticker" InterestPosition="(6.172; 1.809; -0.834)" Position="(8.674; 5.508; 0)" Interior="true" FOV="32.0">

                    </CameraPos>
                    <CameraPos MaxYRotation="360" MaxZoom="2" Name="hoods" InterestPosition="(5.451; 1.818; 0)" Position="(13.951; 1.253; -5.017)" MaxXRotation="360" FOV="32.0">

                    </CameraPos>
                    <CameraPos MaxYRotation="360" MaxZoom="2" Name="side_l" InterestPosition="(4.494; 3.503; 0)" Position="(5.841; 5.84; 6.957)" MaxXRotation="360" FOV="32.0">

                    </CameraPos>
                    <CameraPos Name="bubble_head" InterestPosition="(6.924; 1.845; 0.356)" Position="(4.462; 2.763; -0.286)" Interior="true" FOV="32.0">

                    </CameraPos>
                    <CameraPos MaxYRotation="360" MaxZoom="2" Name="wheels" InterestPosition="(3.874; 0.602; -0)" Position="(7.632; 1.697; -6.129)" MaxXRotation="360" FOV="32.0">

                    </CameraPos>
                    <CameraPos MaxYRotation="360" MaxZoom="2" Name="default" InterestPosition="(5.451; 1.818; 0)" Position="(13.951; 1.253; -5.017)" MaxXRotation="360" FOV="32.0">

                    </CameraPos>
                    <CameraPos MaxYRotation="360" MaxZoom="2" Name="rear" InterestPosition="(2.457; 1.622; -1.058)" Position="(-3.789; 2.434; 3.957)" MaxXRotation="360" FOV="32.0">

                    </CameraPos>
                    <CameraPos Name="door_l_sticker" InterestPosition="(3.082; 1.723; 0)" Position="(5.584; 2.581; -2.916)" Interior="true" FOV="32.0">

                    </CameraPos>
              </CustomizationCameras>
              <UiDesc UiName="UI_VEHICLE_KIROVETS_K700_NAME" UiDesc="UI_VEHICLE_KIROVETS_K700_DESC" UiIconLogo="KirovetsLogo80" UiIcon40x40="heavyVehicleImg" UiIcon30x30="heavyVehicleImg30" UiIcon328x458="shopImgKirovets_k700">

              </UiDesc>
                    <AddonSockets RequiredAddonIfNoConflicts="kirovets_k700_coupler" DefaultAddon="kirovets_k700_coupler">
                        <Socket Names="KirovetsK700Kung" ParentFrame="BoneBack_cdt">

                        </Socket>
                        <Socket Offset="(0; 0; 0)" Names="K700Coupler" ParentFrame="BoneBack_cdt">

                        </Socket>
                        <Socket Names="KirovetsK700Manipulator" ParentFrame="BoneBack_cdt">

                        </Socket>
                    </AddonSockets>
                    <AddonSockets DefaultAddon="kirovets_k700_fender">
                      <Socket NamesBlock="KirovetsK700Manipulator" Names="KirovetsK700Fender" ParentFrame="BoneBack_cdt">

                      </Socket>
                    </AddonSockets>
                    <AddonSockets>
                        <Socket Offset="(-3.578; 1.033; 0)" Names="TrailerFarm" ParentFrame="BoneBack_cdt">

                        </Socket>
                        <Socket ParentFrame="BoneBack_cdt" Offset="(-3.578; 1.033; 0)" Names="Trailer" NamesBlock="KirovetsK700Manipulator">
                          <AddonsShift Offset="(-1.035; 0.168; 0)" Types="KirovetsK700Kung">

                          </AddonsShift>
                        </Socket>
                    </AddonSockets>
                    <AddonSockets>
                      <Socket ParentFrame="BoneFront_cdt" Names="KirovetsK700Sticker_1x1_01" InCockpit="true">

                      </Socket>
                    </AddonSockets>
                    <AddonSockets>
                      <Socket ParentFrame="BoneFront_cdt" Names="KirovetsK700Sticker_1x1_02" InCockpit="true">

                      </Socket>
                    </AddonSockets>
                    <AddonSockets>
                      <Socket ParentFrame="BoneFront_cdt" Names="KirovetsK700Sticker_1x1_03" InCockpit="true">

                      </Socket>
                    </AddonSockets>
                    <AddonSockets>
                      <Socket ParentFrame="BoneFront_cdt" Names="KirovetsK700Sticker_1x2_01" InCockpit="true">

                      </Socket>
                    </AddonSockets>
                    <AddonSockets>
                      <Socket ParentFrame="BoneFront_cdt" Names="KirovetsK700Sticker_1x2_02" InCockpit="true">

                      </Socket>
                    </AddonSockets>
                    <AddonSockets>
                      <Socket ParentFrame="BoneFront_cdt" Names="KirovetsK700Sticker_1x4_01" InCockpit="true">

                      </Socket>
                    </AddonSockets>
                    <AddonSockets>
                      <Socket ParentFrame="BoneFront_cdt" Offset="(1.236; 2.473; 0.381)" Names="StuffDashboard" InCockpit="true">

                      </Socket>
                    </AddonSockets>
                    <AddonSockets>
                      <Socket ParentFrame="BoneFront_cdt" Offset="(1.2; 3; 0)" Names="StuffAirfreshener" InCockpit="true">

                      </Socket>
                    </AddonSockets>
                    <AddonSockets>
                      <Socket ParentFrame="BoneFront_cdt" Names="KirovetsK700Sticker_Capote" InCockpit="true">

                      </Socket>
                    </AddonSockets>
                    <AddonSockets>
                      <Socket ParentFrame="BoneFront_cdt" Names="KirovetsK700Sticker_Door_L" InCockpit="true">

                      </Socket>
                    </AddonSockets>
                    <AddonSockets>
                      <Socket ParentFrame="BoneFront_cdt" Names="KirovetsK700Sticker_Door_R" InCockpit="true">

                      </Socket>
                    </AddonSockets>
                    <AddonSockets>
                      <Socket ParentFrame="BoneFront_cdt" Names="KirovetsK700Sticker_GlassTop" InCockpit="true">

                      </Socket>
                    </AddonSockets>
                    <AddonSockets>
                      <Socket ParentFrame="BoneFront_cdt" Names="KirovetsK700Sticker_GlassBottom" InCockpit="true">

                      </Socket>
                    </AddonSockets>
                      <CraneSocket Pos="(3.396; 1.162; -0.707)" ParentFrame="BoneFront_cdt">

                      </CraneSocket>
                      <CraneSocket Pos="(3.396; 1.162; 0.707)" ParentFrame="BoneFront_cdt">

                      </CraneSocket>
                      <CraneSocket Pos="(-0.039; 1.65; -0.55)" ParentFrame="BoneFront_cdt">

                      </CraneSocket>
                      <CraneSocket Pos="(-0.039; 1.65; 0.55)" ParentFrame="BoneFront_cdt">

                      </CraneSocket>
                      <CraneSocket Pos="(-2.370; 1.015; -0.498)" ParentFrame="BoneBack_cdt">

                      </CraneSocket>
                      <CraneSocket Pos="(-2.370; 1.015; 0.498)" ParentFrame="BoneBack_cdt">

                      </CraneSocket>
                        <WinchSocket Pos="(3.396; 1.162; -0.707)" ParentFrame="BoneFront_cdt">

                        </WinchSocket>
                        <WinchSocket Pos="(3.396; 1.162; 0.707)" ParentFrame="BoneFront_cdt">

                        </WinchSocket>
                        <WinchSocket Pos="(-0.039; 1.65; -0.55)" ParentFrame="BoneFront_cdt">

                        </WinchSocket>
                        <WinchSocket Pos="(-0.039; 1.65; 0.55)" ParentFrame="BoneFront_cdt">

                        </WinchSocket>
                        <WinchSocket Pos="(-2.370; 1.015; -0.498)" ParentFrame="BoneBack_cdt">

                        </WinchSocket>
                        <WinchSocket Pos="(-2.370; 1.015; 0.498)" ParentFrame="BoneBack_cdt">

                        </WinchSocket>
        </GameData>
        <PhysicsModel Mesh="trucks/kirovets_k700">
                <Body NetSync="pv" CenterOfMassOffset="(-0.5; -0.5; 0)" ModelFrame="BoneFront_cdt" Mass="4000" ImpactType="Truck">
                      <Body NetSync="pv" CenterOfMassOffset="(0; 0; 0)" ModelFrame="BoneSteering_cdt" Mass="2000" Collisions="None">
                        <Constraint Type="Hinge" MaxLimit="25" AxisLocal="(0; 1; 0)" MinLimit="-25" Name="ChassisSteer">
                            <Motor Type="Position" Force="135000" Damping="1.0" Tau="0.03">

                            </Motor>
                        </Constraint>
                        <Body NetSync="pv" CenterOfMassOffset="(-0.2; 0; 0)" ModelFrame="BoneBack_cdt" Mass="6000" ImpactType="Truck">
                              <Constraint Type="Hinge" MaxLimit="12" AxisLocal="(1; 0; 0)" MinLimit="-12" PivotOffset="(0; 0; 0)">
                                  <Motor Spring="10000" Damping="800000" Type="Spring">

                                  </Motor>
                              </Constraint>
                        </Body>
                      </Body>
                      <Body ModelFrame="BoneHandle_cdt" Mass="3" AngularDamping="1" Collisions="None">
                        <Constraint Type="Hinge" MaxLimit="90" AxisLocal="(-1; 0; 0)" MinLimit="0">

                        </Constraint>
                      </Body>
                      <Body ModelFrame="BoneSunshieldLeft_cdt" _template="Sunshield">

                      </Body>
                      <Body ModelFrame="BoneSunshieldRight_cdt" _template="Sunshield">
                        <Constraint>
                            <Motor Damping="1">

                            </Motor>
                        </Constraint>
                      </Body>
                </Body>
                <NetSync Legacy="false">

                </NetSync>
        </PhysicsModel>
        <ControlledConstraints>
                  <Constraint IsLinkedSteering="true" Id="chassis_steer" Name="ChassisSteer">

                  </Constraint>
        </ControlledConstraints>
        <Snorkel Origin="(1.452; 3.078; 0)" ParentFrame="BoneFront_cdt">

        </Snorkel>
        <AutomaticIK>
                        <IKBone ParentFrame="BoneFront_cdt" ModelFrame="BoneBackPistonLBase">
                          <IKJoint Type="Hinge" AxisLocal="(0; 0; 1)">

                          </IKJoint>
                          <IKBone AttachToFrame="BoneSteering_cdt" AttachOffset="(0; 0; 0)" ModelFrame="BoneBackPistonL">
                                <IKJoint Type="Slider" AxisLocal="(1; 0; 0)">

                                </IKJoint>
                          </IKBone>
                        </IKBone>
                        <IKBone ParentFrame="BoneFront_cdt" ModelFrame="BoneBackPistonRBase">
                          <IKJoint Type="Hinge" AxisLocal="(0; 0; 1)">

                          </IKJoint>
                          <IKBone AttachToFrame="BoneSteering_cdt" AttachOffset="(0; 0; 0)" ModelFrame="BoneBackPistonR">
                                <IKJoint Type="Slider" AxisLocal="(1; 0; 0)">

                                </IKJoint>
                          </IKBone>
                        </IKBone>
        </AutomaticIK>
        <Landmark MaxScale="2.8" Mesh="landmarks/kirovets_k700_lmk" MinScale="1.8">

        </Landmark>
        <Rotator RotationSpeed="12" Frame="BoneRotatorFan">

        </Rotator>
        <ModelAttachments>
                            <Ignition>
                                  <Flare Pos="(3.38; 1.583; -0.69)" ParentFrame="BoneFront_cdt" _template="IgnitionSignalWhite">

                                  </Flare>
                                  <Flare Pos="(3.38; 1.583; 0.69)" ParentFrame="BoneFront_cdt" _template="IgnitionSignalWhite">

                                  </Flare>
                            </Ignition>
                            <HeadLight>
                                    <Flare Pos="(3.38; 1.583; -0.69)" ParentFrame="BoneFront_cdt" _template="HeadLight">

                                    </Flare>
                                    <Flare Pos="(3.38; 1.583; 0.69)" ParentFrame="BoneFront_cdt" _template="HeadLight">

                                    </Flare>
                                    <Flare Pos="(3.4; 1.583; -0.69)" ParentFrame="BoneFront_cdt" _template="BlueStreak">

                                    </Flare>
                                    <Flare Pos="(3.4; 1.583; 0.69)" ParentFrame="BoneFront_cdt" _template="BlueStreak">

                                    </Flare>
                                      <Model Org="(3.38; 1.583; -0.69)" ParentFrame="BoneFront_cdt" _template="HeadLightRay">

                                      </Model>
                                      <Model Org="(3.38; 1.583; 0.69)" ParentFrame="BoneFront_cdt" _template="HeadLightRay">

                                      </Model>
                            </HeadLight>
                            <ReverseSignals>
                                    <Light Pos="(-0.5; 0.7; 0)" ParentFrame="BoneBack_cdt" _template="ReverseSignal">

                                    </Light>
                                        <Flare Pos="(-0.078; 3.03; -0.993)" _template="ReverseSignal" Size="0.4" ParentFrame="BoneFront_cdt">

                                        </Flare>
                                        <Flare Pos="(-0.078; 3.03; 0.993)" _template="ReverseSignal" Size="0.4" ParentFrame="BoneFront_cdt">

                                        </Flare>
                            </ReverseSignals>
        </ModelAttachments>
        <TruckData SteerSpeed="0.015" EngineStartDelay="0.6" EngineIconMesh="env/engine_default" TruckType="HEAVY" Responsiveness="0.4" BackSteerSpeed="0.02" TruckImage="kirovets_k700_mchr" FuelCapacity="340" DiffLockType="Always" ExhaustStartTime="0.6" EngineIconScale="1.6">
                              <Driver Pos="(0.335; 2.209; -0.443)" ParentFrame="BoneFront_cdt" SteeringWheelPos="(0.718; 2.537; -0.45)">

                              </Driver>
                              <SoundsDamage _template="Heavy">

                              </SoundsDamage>
                              <Shakers>
                                        <Shaker MaxFrequency="5" Frame="BoneExhaust" MinAngle="(0.2; 0.2; 0.2)" MaxAngle="(0.4; 0.4; 0.4)">

                                        </Shaker>
                                        <Shaker MaxFrequency="0.15" Frame="BoneExhaustCap" ParentFrame="BoneExhaust" MinAngle="(0; 20; 0)" MaxAngle="(0; 130; 0)" LimitDirectionY="Positive">

                                        </Shaker>
                              </Shakers>
                              <OcclusionMap MinX="-3" ParentFrame="BoneBack_cdt" HalfSizeZ="2" MaxX="3">

                              </OcclusionMap>
                              <FuelTank DamageCapacity="50">

                              </FuelTank>
                                          <CompatibleWheels Type="wheels_kirovets_k700" Scale="0.8">

                                          </CompatibleWheels>
                                          <CompatibleWheels Type="wheels_superheavy_single" Scale="0.8">

                                          </CompatibleWheels>
                              <EngineSocket Type="e_ru_kirovets_k700_special" Default="ru_kirovets_k700_engine_0">

                              </EngineSocket>
                              <SuspensionSocket Type="s_kirovets_k700" MaxWheelRadiusWithoutSuspension="1" Default="kirovets_k700_suspension_default">

                              </SuspensionSocket>
                              <Dashboard>
                                                    <Gauge InputRange="(0;40)" Dir="(-0.701; 0.713; -0.001)" InputType="speed" Org="(1.124; 2.408; 0.113)" Damping="0" Mesh="trucks/arrows/kirovets_k700_arrow_1" OutputAngles="(100; 265)">

                                                    </Gauge>
                                                    <Gauge InputRange="(0;1)" Dir="(-0.701; 0.713; -0.001)" InputType="rpm" Org="(1.124; 2.408; 0.113)" Damping="0.99" Mesh="trucks/arrows/kirovets_k700_arrow_1" OutputAngles="(-82; 85)">

                                                    </Gauge>
                                                    <Gauge InputRange="(0;1)" Dir="(-0.702; 0.712; 0.004)" InputType="engineEnabled" Org="(1.108; 2.394; 0.313)" Damping="0.99" Mesh="trucks/arrows/kirovets_k700_arrow_2" OutputAngles="(0; 10)">

                                                    </Gauge>
                                                    <Gauge InputRange="(0;1)" Dir="(-0.702; 0.712; 0.004)" InputType="engineEnabled" Org="(1.108; 2.394; 0.217)" Damping="0.99" Mesh="trucks/arrows/kirovets_k700_arrow_2" OutputAngles="(-35; -14)">

                                                    </Gauge>
                                                    <Gauge InputRange="(0;1)" Dir="(-0.702; 0.712; 0.004)" InputType="engineEnabled" Org="(1.107; 2.395; 0.009)" Damping="0.99" Mesh="trucks/arrows/kirovets_k700_arrow_2" OutputAngles="(-40; -20)">

                                                    </Gauge>
                                                    <Gauge InputRange="(0;1)" Dir="(-0.702; 0.712; 0.004)" InputType="engineEnabled" Org="(1.107; 2.395; -0.087)" Damping="0.99" Mesh="trucks/arrows/kirovets_k700_arrow_2" OutputAngles="(-40; -14)">

                                                    </Gauge>
                                                    <Gauge InputRange="(0;1)" Dir="(-0.704; 0.71; 0.003)" InputType="engineEnabled" Org="(1.062; 2.347; 0.167)" Damping="0.99" Mesh="trucks/arrows/kirovets_k700_arrow_3" OutputAngles="(-35; -14)">

                                                    </Gauge>
                                                    <Gauge InputRange="(0;1)" Dir="(-0.704; 0.71; 0.003)" InputType="engineEnabled" Org="(1.062; 2.348; 0.059)" Damping="0.99" Mesh="trucks/arrows/kirovets_k700_arrow_3" OutputAngles="(-35; -10)">

                                                    </Gauge>
                                                    <Gauge InputRange="(0;1)" Dir="(-0.704; 0.71; 0.003)" InputType="engineEnabled" Org="(1.062; 2.347; -0.035)" Damping="0.99" Mesh="trucks/arrows/kirovets_k700_arrow_3" OutputAngles="(-35; -10)">

                                                    </Gauge>
                              </Dashboard>
                              <Axles>
                                                    <Axle Frame="BoneAxle1">

                                                    </Axle>
                              </Axles>
                              <Camera Center="(-1; 0; 0)" RadiusMultiplier="1.1" ParentFrame="BoneFront_cdt">
                                                      <Cockpit WindshieldDiffuseTexture="trucks/kirovets_k700_glass__d_a.tga" _template="Default" WindshieldShadingTexture="trucks/kirovets_k700_glass__sh_d.tga" ViewPos="(0.3; 2.919; -0.442)">
                                                          <Rear _inheritRemove="true">

                                                          </Rear>
                                                          <Mirror FOVScale="2.2" ClipDir="(-0.966; 0; -0.259)" MeshFrame="hp_cab_mirror" Pos="(1.193; 3.038; -0.006)" ReflectionDir="(-0.957; -0.134; -0.259)" Size="(0.23; 0.08)" ClipOffset="0.1">

                                                          </Mirror>
                                                      </Cockpit>
                              </Camera>
                              <Exhaust IsLight="true" Dir="(0.665; 0.338; 0.665)" ParentFrame="BoneFront_cdt" Speed="3.00" Origin="(1.476; 3.279; 0.851)">

                              </Exhaust>
                              <Sounds _template="Default" ParentFrame="BoneFront_cdt" MinDist="15.0" Origin="(1.8; 1.8; 0)" DisableReversePitch="true">
                                                            <Reverse _inheritRemove="true">

                                                            </Reverse>
                                                            <Reverse Sound="trucks/kirovets_k700/kirovets_k700_back_beeper">

                                                            </Reverse>
                                                          <EngineTrans Sound="">

                                                          </EngineTrans>
                                                          <EngineLow Sound="trucks/kirovets_k700/kirovets_k700_low">

                                                          </EngineLow>
                                                          <EngineHigh Sound="trucks/kirovets_k700/kirovets_k700_high">

                                                          </EngineHigh>
                                                          <HandbrakeOff Sound="trucks/kirovets_k700/kirovets_k700_handbrake_off">

                                                          </HandbrakeOff>
                                                          <AbruptStop Sound="trucks/common/truck_swing_big_rnd_set/truck_swing_big_rnd">

                                                          </AbruptStop>
                                                          <EngineRev Sound="trucks/kirovets_k700/kirovets_k700_rev">

                                                          </EngineRev>
                                                          <EngineHeavy_2d IsSound2D="true" Sound="">

                                                          </EngineHeavy_2d>
                                                          <EngineHeavy Sound="">

                                                          </EngineHeavy>
                                                          <EngineHigh_2d IsSound2D="true" Sound="trucks/kirovets_k700/kirovets_k700_high_2d">

                                                          </EngineHigh_2d>
                                                          <EngineLow_2d IsSound2D="true" Sound="trucks/kirovets_k700/kirovets_k700_low_2d">

                                                          </EngineLow_2d>
                                                          <EngineIdle_2d IsSound2D="true" Sound="trucks/kirovets_k700/kirovets_k700_idle_2d">

                                                          </EngineIdle_2d>
                                                          <EngineStart Sound="trucks/kirovets_k700/kirovets_k700_start">

                                                          </EngineStart>
                                                          <Handbrake Sound="trucks/kirovets_k700/kirovets_k700_handbrake_on">

                                                          </Handbrake>
                                                          <Honk Sound="trucks/kirovets_k700/kirovets_k700_honk">

                                                          </Honk>
                                                          <EngineIdle Sound="trucks/kirovets_k700/kirovets_k700_idle">

                                                          </EngineIdle>
                                                          <BrakesSqueal Sound="trucks/kirovets_k700/kirovets_k700_brakes_squeal">

                                                          </BrakesSqueal>
                                                          <EngineStop Sound="trucks/kirovets_k700/kirovets_k700_stop">

                                                          </EngineStop>
                                                          <BrakeRelease Sound="trucks/common/truck_brake_release_alt2_rnd_set/truck_brake_release_alt2_rnd">

                                                          </BrakeRelease>
                                                          <EngineAccel Sound="trucks/kirovets_k700/kirovets_k700_acc">

                                                          </EngineAccel>
                              </Sounds>
                              <GearboxSocket Type="gearboxes_special" Default="g_special_default">

                              </GearboxSocket>
                              <Steam Origin="(-0.3; 1.65; 0)">

                              </Steam>
                              <Wheels DefaultWheelType="wheels_kirovets_k700" DefaultTire="tire" DefaultRim="rim">
                                                                  <Wheel Pos="(1.218; 0.811; 1)" _template="FrontWheel">

                                                                  </Wheel>
                                                                  <Wheel RightSide="true" Pos="(1.218; 0.811; 1)" _template="FrontWheel">

                                                                  </Wheel>
                                                                  <Wheel Pos="(-1.836; 0.811; 1)" _template="RearWheel">

                                                                  </Wheel>
                                                                  <Wheel RightSide="true" Pos="(-1.836; 0.811; 1)" _template="RearWheel">

                                                                  </Wheel>
                              </Wheels>
                              <WinchUpgradeSocket Type="winches_heavy_trucks" Default="w_heavy_trucks_default" IsUpgradable="true">

                              </WinchUpgradeSocket>
                              <Shafts>
                                                                      <Shaft SocketPointA="Shaft1a" SocketPointB="Shaft1b">

                                                                      </Shaft>
                                                                      <Shaft SocketPointA="Shaft2a" SocketPointB="Shaft2b">

                                                                      </Shaft>
                                                                      <Shaft SocketPointA="Shaft3a" SocketPointB="Shaft3b">

                                                                      </Shaft>
                                                                      <Shaft SocketPointA="Shaft4a" SocketPointB="Shaft4b">

                                                                      </Shaft>
                              </Shafts>
                              <SteeringWheel Frame="BoneSteering">

                              </SteeringWheel>
                              <SoundsWheels _template="Default">

                              </SoundsWheels>
                              <Damage>
                                                                            <DamageArea Min="(1.25; 1.2; -0.6)" ParentFrame="BoneFront_cdt" Max="(3.4; 2.2; 0.6)" Type="Engine">

                                                                            </DamageArea>
                                                                            <DamageArea Min="(-0.48; 0.76; -0.9)" ParentFrame="BoneFront_cdt" Max="(0.17; 1.35; 0.9)" Type="FuelTank">

                                                                            </DamageArea>
                              </Damage>
                                                                          <LimitedFluid SizeX="0.605" ParentFrame="BoneFront_cdt" Center="(-0.159; 1.059; -0.748)" Type="Box" SizeZ="0.262" SizeY="0.541">

                                                                          </LimitedFluid>
                                                                          <LimitedFluid SizeX="0.605" ParentFrame="BoneFront_cdt" Center="(-0.159; 1.059; 0.748)" Type="Box" SizeZ="0.262" SizeY="0.541">

                                                                          </LimitedFluid>
                                                                          <LimitedFluid SizeX="0.682" ParentFrame="BoneFront_cdt" Center="(-0.554; 1.948; -0.605)" Type="Box" SizeZ="0.300" SizeY="0.387">

                                                                          </LimitedFluid>
        </TruckData>
  </Truck>