  <_templates Include="trucks">
      <Wheel>
          <RearWheel Torque="default" Location="rear" ConnectedToHandbrake="true" ParentFrame="BoneBack_cdt">

          </RearWheel>
          <FrontWheel Location="front" ParentFrame="BoneFront_cdt" Torque="default">

          </FrontWheel>
      </Wheel>
          <Body>
            <SideMirror Mass="5" Collisions="None">
                <Constraint Type="Hinge" MaxLimit="2" AxisLocal="(0; 1; 0)" MinLimit="-2">
                    <Motor Spring="1000" Damping="50" Type="Spring">

                    </Motor>
                </Constraint>
            </SideMirror>
          </Body>
          <Body>
            <Sunshield Mass="5" Collisions="None">
                <Constraint Type="Hinge" MaxLimit="10" AxisLocal="(0; 0; 1)" MinLimit="-5">
                    <Motor Spring="20" Damping="0.7" Type="Spring">

                    </Motor>
                </Constraint>
            </Sunshield>
          </Body>
  </_templates>
  <Truck>
        <HeadLight Pos="(3.6; 1.2; 0)" ParentFrame="BoneFront_cdt" _template="Default">

        </HeadLight>
        <GameData ExcludeAddons="trailer_log_pole" UnlockByExploration="true" Price="172300" UnlockByRank="1" Country="RU,CAS">
              <CustomizationCameras>
                    <CameraPos MaxYRotation="360" MaxZoom="2" Name="addon_1" InterestPosition="(2.514; 1.31; -0.551)" Position="(-7.19; 4.322; 7.256)" MaxXRotation="360" FOV="32.0">

                    </CameraPos>
                    <CameraPos MaxYRotation="360" MaxZoom="2" Name="addon_2" InterestPosition="(5.759; 2.49; 0)" Position="(10.793; 4.409; -3.424)" MaxXRotation="360" FOV="32.0">

                    </CameraPos>
                    <CameraPos Name="mirror_mount" InterestPosition="(5.946; 2.964; 1.237)" Position="(3.487; 3.34; 0.516)" Interior="true" FOV="32.0">

                    </CameraPos>
                    <CameraPos Name="curtain" InterestPosition="(5.946; 3.1; 1.237)" Position="(3.15; 3; -0.65)" Interior="true" FOV="32.0">

                    </CameraPos>
                    <CameraPos Name="bubble_head" InterestPosition="(6.249; 2.736; 0.684)" Position="(3.451; 2.987; 0.646)" Interior="true" FOV="32.0">

                    </CameraPos>
                    <CameraPos Name="glass_sticker" InterestPosition="(6.321; 2.828; -0.786)" Position="(10.575; 3.974; 0.816)" Interior="true" FOV="32.0">

                    </CameraPos>
                    <CameraPos MaxYRotation="360" MaxZoom="2" Name="rear" InterestPosition="(-1.423; 1.831; -0)" Position="(-10.631; 2.524; 6.535)" MaxXRotation="360" FOV="32.0">

                    </CameraPos>
                    <CameraPos Name="hood_ornament" InterestPosition="(7.506; 2.472; -1.037)" Position="(8.8; 2.523; -0.771)" Interior="true" FOV="32.0">

                    </CameraPos>
                    <CameraPos Name="sticker_roof" InterestPosition="(3.4; 1.509; 0.5)" Position="(5.5; 8.28; -2)" Interior="true" FOV="32.0">

                    </CameraPos>
                    <CameraPos Name="sticker_roof_2" InterestPosition="(3.7; 1.509; 1)" Position="(1.7; 7.5; -1)" Interior="true" FOV="32.0">

                    </CameraPos>
                    <CameraPos Name="sticker_capote" InterestPosition="(5.2; 1.509; 0.05)" Position="(8.5; 5.28; -2)" Interior="true" FOV="32.0">

                    </CameraPos>
                    <CameraPos Name="sticker_wing_l" InterestPosition="(0.8; 1.509; -1.2)" Position="(1.2; 5.28; -2.5)" Interior="true" FOV="32.0">

                    </CameraPos>
                    <CameraPos Name="sticker_wing_r" InterestPosition="(2.5; 1.509; 1.5)" Position="(1; 5.28; 2.7)" Interior="true" FOV="32.0">

                    </CameraPos>
                    <CameraPos Name="sticker_inside_01" InterestPosition="(6.7; 5.4; -0.1)" Position="(3.8; 2.8; 0)" Interior="true" FOV="32.0">

                    </CameraPos>
                    <CameraPos Name="sticker_inside_02" InterestPosition="(5; 1.8; 0.8)" Position="(3.8; 3.2; -0.7)" Interior="true" FOV="32.0">

                    </CameraPos>
                    <CameraPos Name="sticker_inside_03" InterestPosition="(1; 1.2; 0.2)" Position="(4.1; 3.2; 0.5)" Interior="true" FOV="32.0">

                    </CameraPos>
                    <CameraPos Name="sticker_inside_04" InterestPosition="(7; 5.6; 0.5)" Position="(3.8; 2.8; 0)" Interior="true" FOV="32.0">

                    </CameraPos>
                    <CameraPos Name="sticker_inside_1x2_01" InterestPosition="(6.7; 5.6; 1.5)" Position="(3.8; 2.8; 0)" Interior="true" FOV="32.0">

                    </CameraPos>
                    <CameraPos Name="sticker_inside_1x4_01" InterestPosition="(1; 1; -0.5)" Position="(4.1; 3.2; 0.5)" Interior="true" FOV="32.0">

                    </CameraPos>
                    <CameraPos MaxYRotation="360" MaxZoom="2" Name="wheels" InterestPosition="(3.874; 0.602; -0)" Position="(7.632; 2.469; -6.129)" MaxXRotation="360" FOV="32.0">

                    </CameraPos>
                    <CameraPos MaxYRotation="360" MaxZoom="2" Name="default" InterestPosition="(5.451; 1.818; 0)" Position="(13.951; 1.253; -5.017)" MaxXRotation="360" FOV="32.0">

                    </CameraPos>
              </CustomizationCameras>
              <UiDesc UiName="UI_VEHICLE_KIROVETS_K7M_NAME" UiDesc="UI_VEHICLE_KIROVETS_K7M_DESC" UiIconLogo="KirovetsLogo80" UiIcon40x40="heavyVehicleImg" UiIcon30x30="heavyVehicleImg30" UiIcon328x458="shopImgKirovets_k7m">

              </UiDesc>
                    <AddonSockets RequiredAddonIfNoConflicts="kirovets_k7m_coupler" DefaultAddon="kirovets_k7m_coupler">
                        <Socket Names="KirovetsK7MKung" ParentFrame="BoneBack_cdt">

                        </Socket>
                        <Socket Offset="(0; 0; 0)" Names="K7MCoupler" ParentFrame="BoneBack_cdt">

                        </Socket>
                    </AddonSockets>
                    <AddonSockets>
                      <Socket Offset="(-4.5; 1.21; 0)" Names="TrailerFarm" ParentFrame="BoneBack_cdt">

                      </Socket>
                    </AddonSockets>
                    <AddonSockets>
                      <Socket Offset="(-3.945; 0.6; 0)" Names="Trailer" ParentFrame="BoneBack_cdt">

                      </Socket>
                    </AddonSockets>
                    <AddonSockets>
                      <Socket Names="KirovetsK7MSticker_Capote" ParentFrame="BoneFront_cdt">

                      </Socket>
                    </AddonSockets>
                    <AddonSockets>
                      <Socket Names="KirovetsK7MSticker_Roof" ParentFrame="BoneFront_cdt">

                      </Socket>
                    </AddonSockets>
                    <AddonSockets>
                      <Socket Names="KirovetsK7MSticker_Roof_2" ParentFrame="BoneFront_cdt">

                      </Socket>
                    </AddonSockets>
                    <AddonSockets>
                      <Socket Names="KirovetsK7MSticker_Wing_L" ParentFrame="BoneBack_cdt">

                      </Socket>
                    </AddonSockets>
                    <AddonSockets>
                      <Socket Names="KirovetsK7MSticker_Wing_R" ParentFrame="BoneBack_cdt">

                      </Socket>
                    </AddonSockets>
                    <AddonSockets>
                      <Socket ParentFrame="BoneFront_cdt" Names="KirovetsK7MSticker_1x1_01" InCockpit="true">

                      </Socket>
                    </AddonSockets>
                    <AddonSockets>
                      <Socket ParentFrame="BoneFront_cdt" Names="KirovetsK7MSticker_1x1_02" InCockpit="true">

                      </Socket>
                    </AddonSockets>
                    <AddonSockets>
                      <Socket ParentFrame="BoneFront_cdt" Names="KirovetsK7MSticker_1x1_03" InCockpit="true">

                      </Socket>
                    </AddonSockets>
                    <AddonSockets>
                      <Socket ParentFrame="BoneFront_cdt" Names="KirovetsK7MSticker_1x1_04" InCockpit="true">

                      </Socket>
                    </AddonSockets>
                    <AddonSockets>
                      <Socket ParentFrame="BoneFront_cdt" Names="KirovetsK7MSticker_1x2_01" InCockpit="true">

                      </Socket>
                    </AddonSockets>
                    <AddonSockets>
                      <Socket ParentFrame="BoneFront_cdt" Names="KirovetsK7MSticker_1x4_01" InCockpit="true">

                      </Socket>
                    </AddonSockets>
                    <AddonSockets>
                      <Socket Names="Kirovetsk7mSticker_GlassTop" ParentFrame="BoneFront_cdt">

                      </Socket>
                    </AddonSockets>
                    <AddonSockets>
                      <Socket Names="StuffHoodKirovetsk7m" ParentFrame="BoneFront_cdt">

                      </Socket>
                    </AddonSockets>
                    <AddonSockets>
                      <Socket ParentFrame="BoneFront_cdt" Offset="(0.015; 3.281; -0.348)" Names="StuffAirfreshener" InCockpit="true">

                      </Socket>
                    </AddonSockets>
                    <AddonSockets>
                      <Socket ParentFrame="BoneFront_cdt" Offset="(0; 0; 0)" Names="StuffCurtainKirovetsK7M" InCockpit="true">

                      </Socket>
                    </AddonSockets>
                      <CraneSocket Pos="(2.957; 0.833; -0.628)" ParentFrame="BoneFront_cdt">

                      </CraneSocket>
                      <CraneSocket Pos="(2.957; 0.833; 0.628)" ParentFrame="BoneFront_cdt">

                      </CraneSocket>
                      <CraneSocket Pos="(-3.923; 0.719; 0.005)" ParentFrame="BoneBack_cdt">

                      </CraneSocket>
                        <WinchSocket Pos="(2.957; 0.833; -0.628)" ParentFrame="BoneFront_cdt">

                        </WinchSocket>
                        <WinchSocket Pos="(2.957; 0.833; 0.628)" ParentFrame="BoneFront_cdt">

                        </WinchSocket>
                        <WinchSocket Pos="(-3.923; 0.719; 0.005)" ParentFrame="BoneBack_cdt">

                        </WinchSocket>
        </GameData>
        <PhysicsModel Mesh="trucks/kirovets_k7m">
                <Body NetSync="pv" CenterOfMassOffset="(0.5; 1; 0)" ModelFrame="BoneFront_cdt" Mass="4000" ImpactType="Truck">
                      <Body NetSync="pv" CenterOfMassOffset="(0.5; 0; 0)" ModelFrame="BoneSteering_cdt" Mass="6700" Collisions="None">
                        <Constraint Type="Hinge" MaxLimit="25" AxisLocal="(0; 1; 0)" MinLimit="-25" Name="ChassisSteer">
                            <Motor Type="Position" Force="135000" Damping="1.0" Tau="0.015">

                            </Motor>
                        </Constraint>
                        <Body NetSync="pv" CenterOfMassOffset="(0.5; 0; 0)" ModelFrame="BoneBack_cdt" Mass="9000" ImpactType="Truck">
                              <Constraint Type="Hinge" MaxLimit="14" AxisLocal="(1; 0; 0)" MinLimit="-14" PivotOffset="(0; 0; 0)">
                                  <Motor Spring="1400" Damping="800.0" Type="Spring">

                                  </Motor>
                              </Constraint>
                        </Body>
                      </Body>
                      <Body ModelFrame="BoneMirrorLeft_cdt" _template="SideMirror">

                      </Body>
                      <Body ModelFrame="BoneMirrorRight_cdt" _template="SideMirror">

                      </Body>
                      <Body Mass="0.2" ModelFrame="BoneKeyFob_cdt">
                        <Constraint Type="Hinge" MaxLimit="50" AxisLocal="(; 0; 1)" MinLimit="-50">
                            <Motor Spring="0.001" Damping="0.001" Type="Spring">

                            </Motor>
                        </Constraint>
                      </Body>
                </Body>
                <NetSync Legacy="false">

                </NetSync>
        </PhysicsModel>
        <ControlledConstraints>
                  <Constraint IsLinkedSteering="true" Id="chassis_steer" Name="ChassisSteer">

                  </Constraint>
        </ControlledConstraints>
        <Snorkel Origin="(-0.832; 2.45; -1.122)" ParentFrame="BoneFront_cdt">

        </Snorkel>
        <AutomaticIK>
                        <IKBone ParentFrame="BoneFront_cdt" ModelFrame="BoneBackPistonLBase">
                          <IKJoint Type="Hinge" AxisLocal="(0; 1; 0)">

                          </IKJoint>
                          <IKBone AttachToFrame="BoneSteering_cdt" AttachOffset="(0; 0; 0)" ModelFrame="BoneBackPistonL">
                                <IKJoint Type="Slider" AxisLocal="(1; 0; 0)">

                                </IKJoint>
                          </IKBone>
                        </IKBone>
                        <IKBone ParentFrame="BoneFront_cdt" ModelFrame="BoneBackPistonRBase">
                          <IKJoint Type="Hinge" AxisLocal="(0; 1; 0)">

                          </IKJoint>
                          <IKBone AttachToFrame="BoneSteering_cdt" AttachOffset="(0; 0; 0)" ModelFrame="BoneBackPistonR">
                                <IKJoint Type="Slider" AxisLocal="(1; 0; 0)">

                                </IKJoint>
                          </IKBone>
                        </IKBone>
        </AutomaticIK>
        <Landmark MaxScale="2.8" Mesh="landmarks/kirovets_k7m_lmk" MinScale="1.8">

        </Landmark>
        <Rotator RotationSpeed="4" Frame="BoneRotator" EngineTorqueFactor="0">

        </Rotator>
        <ModelAttachments>
                            <HeadLight>
                                  <Flare Pos="(-1.170; 3.535; -0.74)" Dir="(-1; 0; 0)" _template="IgnitionSignalWhite" Color="g(255; 235; 200) x 0.3" Size="0.2" ParentFrame="BoneFront_cdt">

                                  </Flare>
                                  <Flare Pos="(-1.170; 3.535; -0.55)" Dir="(-1; 0; 0)" _template="IgnitionSignalWhite" Color="g(255; 235; 200) x 0.3" Size="0.2" ParentFrame="BoneFront_cdt">

                                  </Flare>
                                  <Flare Pos="(-1.170; 3.535; 0.55)" Dir="(-1; 0; 0)" _template="IgnitionSignalWhite" Color="g(255; 235; 200) x 0.3" Size="0.2" ParentFrame="BoneFront_cdt">

                                  </Flare>
                                  <Flare Pos="(-1.170; 3.535; 0.74)" Dir="(-1; 0; 0)" _template="IgnitionSignalWhite" Color="g(255; 235; 200) x 0.3" Size="0.2" ParentFrame="BoneFront_cdt">

                                  </Flare>
                                  <Flare Pos="(0.695; 3.532; -0.74)" Dir="(1; 0; 0)" _template="IgnitionSignalWhite" Color="g(255; 235; 200) x 0.3" Size="0.2" ParentFrame="BoneFront_cdt">

                                  </Flare>
                                  <Flare Pos="(0.695; 3.532; -0.55)" Dir="(1; 0; 0)" _template="IgnitionSignalWhite" Color="g(255; 235; 200) x 0.3" Size="0.2" ParentFrame="BoneFront_cdt">

                                  </Flare>
                                  <Flare Pos="(0.695; 3.532; 0.55)" Dir="(1; 0; 0)" _template="IgnitionSignalWhite" Color="g(255; 235; 200) x 0.3" Size="0.2" ParentFrame="BoneFront_cdt">

                                  </Flare>
                                  <Flare Pos="(0.695; 3.532; 0.74)" Dir="(1; 0; 0)" _template="IgnitionSignalWhite" Color="g(255; 235; 200) x 0.3" Size="0.2" ParentFrame="BoneFront_cdt">

                                  </Flare>
                                  <Flare Pos="(2.95; 1.351; -0.530)" Dir="(1; 0; 0)" _template="IgnitionSignalWhite" Color="g(255; 235; 200) x 0.3" Size="0.15" ParentFrame="BoneFront_cdt">

                                  </Flare>
                                  <Flare Pos="(3; 1.351; -0.4)" Dir="(1; 0; 0)" _template="IgnitionSignalWhite" Color="g(255; 235; 200) x 0.3" Size="0.15" ParentFrame="BoneFront_cdt">

                                  </Flare>
                                  <Flare Pos="(3; 1.351; 0.4)" Dir="(1; 0; 0)" _template="IgnitionSignalWhite" Color="g(255; 235; 200) x 0.3" Size="0.15" ParentFrame="BoneFront_cdt">

                                  </Flare>
                                  <Flare Pos="(2.95; 1.351; 0.530)" Dir="(1; 0; 0)" _template="IgnitionSignalWhite" Color="g(255; 235; 200) x 0.3" Size="0.15" ParentFrame="BoneFront_cdt">

                                  </Flare>
                                    <Model Dir="(0.977; -0.212; 0.014)" _template="HeadLightRay" Org="(2.999; 1.339; -0.467)" Color="g(235; 220; 205) x 0.35" ParentFrame="BoneFront_cdt">

                                    </Model>
                                    <Model Dir="(0.977; -0.212; 0.014)" _template="HeadLightRay" Org="(2.994; 1.352; 0.466)" Color="g(235; 220; 205) x 0.35" ParentFrame="BoneFront_cdt">

                                    </Model>
                                    <Model Dir="(0.955; -0.296; 0.009)" _template="HeadLightRay" Org="(0.683; 3.533; -0.647)" Color="g(235; 220; 205) x 0.35" ParentFrame="BoneFront_cdt">

                                    </Model>
                                    <Model Dir="(0.955; -0.296; 0.009)" _template="HeadLightRay" Org="(0.688; 3.533; 0.652)" Color="g(235; 220; 205) x 0.35" ParentFrame="BoneFront_cdt">

                                    </Model>
                            </HeadLight>
                            <StopSignals>
                                  <Light Pos="(-4.248; 1.323; 0.005)" ParentFrame="BoneBack_cdt" _template="StopSignal">

                                  </Light>
                                      <Flare Pos="(-3.474; 1.979; 0.997)" ParentFrame="BoneBack_cdt" _template="StopSignal">

                                      </Flare>
                                      <Flare Pos="(-3.495; 1.99; -0.996)" ParentFrame="BoneBack_cdt" _template="StopSignal">

                                      </Flare>
                            </StopSignals>
                                  <Ignition>
                                    <Light Pos="(3.172; 1.433; 0)" Dir="(1; 0.014; 0)" _template="IgnitionSignalWhite" ParentFrame="BoneFront_cdt">

                                    </Light>
                                        <Flare Pos="(-3.482; 1.981; 1.055)" Dir="(-1; 0; 0)" _template="IgnitionSignalRed" Color="g(255; 0; 0) x 0.3" Size="0.3" ParentFrame="BoneBack_cdt">

                                        </Flare>
                                        <Flare Pos="(-3.482; 1.979; -1.059)" Dir="(-1; 0; 0)" _template="IgnitionSignalRed" Color="g(255; 0; 0) x 0.3" Size="0.3" ParentFrame="BoneBack_cdt">

                                        </Flare>
                                        <Flare Pos="(1.646; 2.053; -1.139)" Dir="(1; 0; 0)" _template="IgnitionSignalOrange" Color="g(235; 165; 10) x 0.25" Size="0.2" ParentFrame="BoneFront_cdt">

                                        </Flare>
                                        <Flare Pos="(1.646; 2.053; 1.141)" Dir="(1; 0; 0)" _template="IgnitionSignalOrange" Color="g(235; 165; 10) x 0.25" Size="0.2" ParentFrame="BoneFront_cdt">

                                        </Flare>
                                        <Flare Pos="(0.695; 3.533; 0.745)" Dir="(1; 0; 0)" _template="IgnitionSignalWhite" Color="g(255; 235; 200) x 0.2" Size="0.3" ParentFrame="BoneFront_cdt">

                                        </Flare>
                                        <Flare Pos="(0.695; 3.533; 0.553)" Dir="(1; 0; 0)" _template="IgnitionSignalWhite" Color="g(255; 235; 200) x 0.2" Size="0.3" ParentFrame="BoneFront_cdt">

                                        </Flare>
                                        <Flare Pos="(0.695; 3.533; -0.745)" Dir="(1; 0; 0)" _template="IgnitionSignalWhite" Color="g(255; 235; 200) x 0.2" Size="0.3" ParentFrame="BoneFront_cdt">

                                        </Flare>
                                        <Flare Pos="(0.695; 3.533; -0.553)" Dir="(1; 0; 0)" _template="IgnitionSignalWhite" Color="g(255; 235; 200) x 0.2" Size="0.3" ParentFrame="BoneFront_cdt">

                                        </Flare>
                                        <Flare Pos="(3.079; 2.02; -0.412)" _template="IgnitionSignalWhite" Color="g(255; 235; 200) x 0.25" Size="0.2" ParentFrame="BoneFront_cdt">

                                        </Flare>
                                        <Flare Pos="(3.038; 2.02; -0.533)" _template="IgnitionSignalWhite" Color="g(255; 235; 200) x 0.25" Size="0.2" ParentFrame="BoneFront_cdt">

                                        </Flare>
                                        <Flare Pos="(3.049; 2.02; 0.412)" _template="IgnitionSignalWhite" Color="g(255; 235; 200) x 0.25" Size="0.2" ParentFrame="BoneFront_cdt">

                                        </Flare>
                                        <Flare Pos="(2.997; 2.02; 0.538)" _template="IgnitionSignalWhite" Color="g(255; 235; 200) x 0.25" Size="0.2" ParentFrame="BoneFront_cdt">

                                        </Flare>
                                        <Flare Pos="(2.981; 1.354; -0.406)" _template="IgnitionSignalWhite" Color="g(255; 235; 200) x 0.25" Size="0.2" ParentFrame="BoneFront_cdt">

                                        </Flare>
                                        <Flare Pos="(2.954; 1.356; -0.535)" _template="IgnitionSignalWhite" Color="g(255; 235; 200) x 0.25" Size="0.2" ParentFrame="BoneFront_cdt">

                                        </Flare>
                                        <Flare Pos="(2.965; 1.352; 0.408)" _template="IgnitionSignalWhite" Color="g(255; 235; 200) x 0.25" Size="0.2" ParentFrame="BoneFront_cdt">

                                        </Flare>
                                        <Flare Pos="(2.941; 1.347; 0.535)" _template="IgnitionSignalWhite" Color="g(255; 235; 200) x 0.25" Size="0.2" ParentFrame="BoneFront_cdt">

                                        </Flare>
                                        <Flare Pos="(1.675; 2.058; -1.047)" _template="IgnitionSignalWhite" ParentFrame="BoneFront_cdt" Color="g(255; 255; 255) x 0.2" Size="0.3" DirAngle="20">

                                        </Flare>
                                        <Flare Pos="(1.679; 2.06; 1.051)" _template="IgnitionSignalWhite" ParentFrame="BoneFront_cdt" Color="g(255; 255; 255) x 0.2" Size="0.3" DirAngle="20">

                                        </Flare>
                                        <Flare Pos="(0.713; 3.633; 0)" Dir="(1; 0; 0)" _template="IgnitionSignalOrange" Color="g(255; 140; 0) x 0.15" Size="0.15" ParentFrame="BoneFront_cdt">

                                        </Flare>
                                        <Flare Pos="(0.713; 3.633; -0.145)" Dir="(1; 0; 0)" _template="IgnitionSignalOrange" Color="g(255; 140; 0) x 0.15" Size="0.15" ParentFrame="BoneFront_cdt">

                                        </Flare>
                                        <Flare Pos="(0.713; 3.633; 0.148)" Dir="(1; 0; 0)" _template="IgnitionSignalOrange" Color="g(255; 140; 0) x 0.15" Size="0.15" ParentFrame="BoneFront_cdt">

                                        </Flare>
                                        <Flare Pos="(-0.645; 3.889; 0.972)" Dir="(1; 0; 0)" _template="IgnitionSignalOrange" ParentFrame="BoneFront_cdt" Color="g(255; 140; 0) x 0.15" Size="1.0" DirAngle="360">

                                        </Flare>
                                  </Ignition>
                                  <Ignition _template="Flasher">
                                    <Light Pos="(-0.647; 3.82; 0.962)" Dir="(-0.796; 0.222; 0.563)" ParentFrame="BoneRotator">

                                    </Light>
                                    <Model Org="(-0.647; 3.82; 0.962)" Dir="(-0.796; 0.222; 0.563)" ParentFrame="BoneRotator">

                                    </Model>
                                          <Flare Pos="(-0.647; 3.82; 0.962)" Dir="(-0.796; 0.222; 0.563)" ParentFrame="BoneRotator">

                                          </Flare>
                                          <Flare Pos="(-0.647; 3.82; 0.962)" Dir="(-0.796; 0.222; 0.563)" ParentFrame="BoneRotator">

                                          </Flare>
                                          <Flare Pos="(-0.647; 3.82; 0.962)" ParentFrame="BoneRotator">

                                          </Flare>
                                  </Ignition>
                            <ReverseSignals>
                                      <Light Pos="(-1.523; 3.514; -0.034)" Dir="(-0.95; -0.313; 0)" _template="ReverseSignal" ParentFrame="BoneFront_cdt">

                                      </Light>
                                          <Flare Pos="(-3.478; 1.976; 1.118)" _template="ReverseSignal" Size="0.2" ParentFrame="BoneBack_cdt">

                                          </Flare>
                                          <Flare Pos="(-3.478; 1.976; -1.118)" _template="ReverseSignal" Size="0.2" ParentFrame="BoneBack_cdt">

                                          </Flare>
                                          <Flare Pos="(-1.180; 3.533; 0.745)" Dir="(-1; 0; 0)" _template="IgnitionSignalWhite" Color="g(255; 235; 200) x 0.1" Size="0.3" ParentFrame="BoneFront_cdt">

                                          </Flare>
                                          <Flare Pos="(-1.180; 3.533; 0.553)" Dir="(-1; 0; 0)" _template="IgnitionSignalWhite" Color="g(255; 235; 200) x 0.1" Size="0.3" ParentFrame="BoneFront_cdt">

                                          </Flare>
                                          <Flare Pos="(-1.180; 3.533; -0.745)" Dir="(-1; 0; 0)" _template="IgnitionSignalWhite" Color="g(255; 235; 200) x 0.1" Size="0.3" ParentFrame="BoneFront_cdt">

                                          </Flare>
                                          <Flare Pos="(-1.180; 3.533; -0.553)" Dir="(-1; 0; 0)" _template="IgnitionSignalWhite" Color="g(255; 235; 200) x 0.1" Size="0.3" ParentFrame="BoneFront_cdt">

                                          </Flare>
                            </ReverseSignals>
        </ModelAttachments>
        <TruckData SteerSpeed="0.015" EngineStartDelay="0.6" EngineIconMesh="env/engine_default" TruckType="HEAVY" Responsiveness="0.4" BackSteerSpeed="0.02" TruckImage="kirovets_k7m_mchr" FuelCapacity="340" DiffLockType="Always" ExhaustStartTime="0.6" EngineIconScale="1.6">
                              <Driver Pos="(-0.530; 2.475; 0)" ParentFrame="BoneFront_cdt" SteeringWheelPos="(-0.15; 2.827; 0)">

                              </Driver>
                              <SoundsDamage _template="Heavy">

                              </SoundsDamage>
                              <Shakers>
                                      <Shaker MaxFrequency="5" Frame="BoneExhaust" MinAngle="(0.2; 0.2; 0.2)" MaxAngle="(0.4; 0.4; 0.4)">

                                      </Shaker>
                              </Shakers>
                              <OcclusionMap MinX="-3" ParentFrame="BoneBack_cdt" HalfSizeZ="2" MaxX="3">

                              </OcclusionMap>
                              <FuelTank DamageCapacity="50">

                              </FuelTank>
                              <Intake Dir="(1; 0; 0)" ParentFrame="BoneFront_cdt" Origin="(-0.835; 3.938; -1.169)" Size="2">

                              </Intake>
                              <EngineSocket Type="e_ru_kirovets_k7m_special" Default="ru_kirovets_k7m_engine_0">

                              </EngineSocket>
                              <SuspensionSocket Type="s_kirovets_k7m" MaxWheelRadiusWithoutSuspension="1" Default="kirovets_k7m_suspension_default">

                              </SuspensionSocket>
                              <Dashboard>
                                                    <Gauge InputRange="(0;0.75)" Dir="(-0.85; 1; 0)" InputType="rpm" Org="(0.037; 2.757; 0.001)" Damping="0.985" Mesh="trucks/arrows/kirovets_k7m_arrow_2" OutputAngles="(-90; 90)">

                                                    </Gauge>
                                                    <Gauge InputRange="(0;1)" Dir="(-0.85; 1; 0)" InputType="fuel" Org="(0.03; 2.751; 0.001)" Damping="0.98" Mesh="trucks/arrows/kirovets_k7m_arrow_3" OutputAngles="(238; 122)">

                                                    </Gauge>
                                                    <Gauge InputRange="(0;1)" Dir="(-0.85; 1; 0)" InputType="engineEnabled" Org="(0.036; 2.756; 0.054)" Damping="0.98" Mesh="trucks/arrows/kirovets_k7m_arrow_1" OutputAngles="(-140; -45)">

                                                    </Gauge>
                                                    <Gauge InputRange="(0;1)" Dir="(-0.85; 1; 0)" InputType="engineEnabled" Org="(0.036; 2.756; -0.053)" Damping="0.98" Mesh="trucks/arrows/kirovets_k7m_arrow_1" OutputAngles="(140; 20)">

                                                    </Gauge>
                              </Dashboard>
                              <Axles>
                                                    <Axle Frame="BoneAxle1">

                                                    </Axle>
                              </Axles>
                              <Camera Center="(-1; 0; 0)" RadiusMultiplier="1.1">
                                                      <Cockpit WindshieldDiffuseTexture="trucks/kirovets_k7m_glass__d_a.tga" _template="Default" WindshieldShadingTexture="trucks/kirovets_k7m_glass__sh_d.tga" ViewPos="(-0.6; 3.185; 0)">
                                                          <Rear _inheritRemove="true">

                                                          </Rear>
                                                              <Mirror FOVScale="1.2" ClipDir="(-1; -0.2; 0.22)" MeshFrame="hp_cab_mirror" Pos="(-0.018; 3.309; -0.347)" ReflectionDir="(-1; -0.2; 0.22)" Size="(0.27; 0.14)" ClipOffset="1">

                                                              </Mirror>
                                                              <Mirror FOVScale="1.35" ClipDir="(-1; -0.05; 0.038)" MeshFrame="mirror_left" Pos="(1.353; 3.095; 0.808)" ReflectionDir="(-1; -0.05; 0.038)" Size="(0.22; 0.4)" ClipOffset="0.05">

                                                              </Mirror>
                                                              <Mirror FOVScale="1.35" ClipDir="(-1; -0.05; -0.038)" MeshFrame="mirror_right" Pos="(1.353; 3.095; -0.849)" ReflectionDir="(-0.996; 0; 0.087)" Size="(0.22; 0.4)" ClipOffset="0.05">

                                                              </Mirror>
                                                      </Cockpit>
                              </Camera>
                                                      <CompatibleWheels Type="wheels_base_kirovets_k7m" Scale="1">

                                                      </CompatibleWheels>
                                                      <CompatibleWheels Type="wheels_extend_kirovets_k7m" Scale="1" OffsetZ="0.388">

                                                      </CompatibleWheels>
                              <Exhaust IsLight="true" Dir="(0; 0.5; 1)" ParentFrame="BoneFront_cdt" Speed="3.00" Origin="(0.144; 3.95; 1.217)">

                              </Exhaust>
                              <Sounds _template="Default" ParentFrame="BoneFront_cdt" MinDist="15.0" Origin="(1.8; 1.8; 0)" DisableReversePitch="true">
                                                              <Reverse _inheritRemove="true">

                                                              </Reverse>
                                                              <Reverse Sound="trucks/kirovets_k7m/kirovets_k7m_back_beeper">

                                                              </Reverse>
                                                            <EngineTrans Sound="trucks/kirovets_k7m/kirovets_k7m_turbo">

                                                            </EngineTrans>
                                                            <EngineLow Sound="trucks/kirovets_k7m/kirovets_k7m_low">

                                                            </EngineLow>
                                                            <BrakePull Sound="trucks/kirovets_k7m/kirovets_k7m_brake_pull">

                                                            </BrakePull>
                                                            <EngineHigh Sound="trucks/kirovets_k7m/kirovets_k7m_high">

                                                            </EngineHigh>
                                                            <HandbrakeOff Sound="trucks/kirovets_k7m/kirovets_k7m_handbrake_off">

                                                            </HandbrakeOff>
                                                            <ChassisStress Sound="trucks/common/truck_stress_rnd_set/truck_stress_rnd">

                                                            </ChassisStress>
                                                            <AbruptStop Sound="trucks/common/truck_swing_big_old_rnd_set/truck_swing_big_old_rnd">

                                                            </AbruptStop>
                                                            <EngineRev Sound="trucks/kirovets_k7m/kirovets_k7m_rev">

                                                            </EngineRev>
                                                            <EngineHeavy_2d IsSound2D="true" Sound="trucks/kirovets_k7m/kirovets_k7m_heavy_2d">

                                                            </EngineHeavy_2d>
                                                            <EngineHeavy Sound="trucks/kirovets_k7m/kirovets_k7m_heavy">

                                                            </EngineHeavy>
                                                            <EngineHigh_2d IsSound2D="true" Sound="trucks/kirovets_k7m/kirovets_k7m_high_2d">

                                                            </EngineHigh_2d>
                                                            <EngineLow_2d IsSound2D="true" Sound="trucks/kirovets_k7m/kirovets_k7m_low_2d">

                                                            </EngineLow_2d>
                                                            <EngineIdle_2d IsSound2D="true" Sound="trucks/kirovets_k7m/kirovets_k7m_idle_2d">

                                                            </EngineIdle_2d>
                                                            <EngineStart Sound="trucks/kirovets_k7m/kirovets_k7m_start">

                                                            </EngineStart>
                                                            <Handbrake Sound="trucks/kirovets_k7m/kirovets_k7m_handbrake_on">

                                                            </Handbrake>
                                                            <BrakeRelease Sound="trucks/common/truck_brake_release_alt2_rnd_set/truck_brake_release_alt2_rnd">

                                                            </BrakeRelease>
                                                            <Honk Sound="trucks/kirovets_k7m/kirovets_k7m_honk">

                                                            </Honk>
                                                            <EngineIdle Sound="trucks/kirovets_k7m/kirovets_k7m_idle">

                                                            </EngineIdle>
                                                            <EngineStop Sound="trucks/kirovets_k7m/kirovets_k7m_stop">

                                                            </EngineStop>
                                                            <BrakesSqueal Sound="trucks/kirovets_k7m/kirovets_k7m_brake_squeal">

                                                            </BrakesSqueal>
                                                            <EngineAccel Sound="trucks/kirovets_k7m/kirovets_k7m_acc">

                                                            </EngineAccel>
                              </Sounds>
                              <GearboxSocket Type="gearboxes_special" Default="g_special_default">

                              </GearboxSocket>
                              <Steam Origin="(1.411; 1.65; 0)">

                              </Steam>
                              <Wheels DefaultWheelType="wheels_base_kirovets_k7m" DefaultTire="tire" DefaultRim="rim">
                                                                    <Wheel Pos="(1.032; 1; 1.162)" _template="FrontWheel">

                                                                    </Wheel>
                                                                    <Wheel RightSide="true" Pos="(1.032; 1; 1.162)" _template="FrontWheel">

                                                                    </Wheel>
                                                                    <Wheel Pos="(-2.723; 0.991; 1.162)" _template="RearWheel">

                                                                    </Wheel>
                                                                    <Wheel RightSide="true" Pos="(-2.723; 0.991; 1.162)" _template="RearWheel">

                                                                    </Wheel>
                              </Wheels>
                              <WinchUpgradeSocket Type="winches_heavy_trucks" Default="w_heavy_trucks_default" IsUpgradable="true">

                              </WinchUpgradeSocket>
                              <Shafts>
                                                                        <Shaft SocketPointA="Shaft1a" SocketPointB="Shaft1b">

                                                                        </Shaft>
                                                                        <Shaft SocketPointA="Shaft2a" SocketPointB="Shaft2b">

                                                                        </Shaft>
                                                                        <Shaft SocketPointA="Shaft3a" SocketPointB="Shaft3b">

                                                                        </Shaft>
                              </Shafts>
                              <SteeringWheel Frame="BoneSteering">

                              </SteeringWheel>
                              <SoundsWheels _template="Default">

                              </SoundsWheels>
                              <Damage>
                                                                              <DamageArea Min="(1.25; 1.2; -0.6)" ParentFrame="BoneFront_cdt" Max="(3.4; 2.2; 0.6)" Type="Engine">

                                                                              </DamageArea>
                                                                              <DamageArea Min="(-0.48; 0.76; -0.9)" ParentFrame="BoneFront_cdt" Max="(0.17; 1.35; 0.9)" Type="FuelTank">

                                                                              </DamageArea>
                              </Damage>
                              <LimitedFluid SizeX="1.1" ParentFrame="BoneFront_cdt" Center="(-2.324; 1.503; -0.021)" Type="Box" SizeZ="1.1" SizeY="0.23">

                              </LimitedFluid>
        </TruckData>
  </Truck>