  <_templates Include="trucks">
      <Wheel>
          <RearWheel Torque="default" Location="rear" ConnectedToHandbrake="true" ParentFrame="BoneChassis_cdt">

          </RearWheel>
          <FrontWheel SteeringAngle="40" Location="front" SteeringJointOffset="0.22" Torque="full" SteeringCastor="8">

          </FrontWheel>
      </Wheel>
      <Body>
            <SideMirror Mass="3" Collisions="None">
                <Constraint Type="Hinge" MaxLimit="5" AxisLocal="(0; 1; 0)" MinLimit="-5">
                    <Motor Spring="90" Damping="0.8" Type="Spring">

                    </Motor>
                </Constraint>
            </SideMirror>
            <Sunshield Mass="2" Collisions="None">
                  <Constraint Type="Hinge" MaxLimit="7" AxisLocal="(0; 0; 1)" MinLimit="-7">
                      <Motor Spring="15" Damping="0.7" Type="Spring">

                      </Motor>
                  </Constraint>
            </Sunshield>
      </Body>
  </_templates>
  <Truck>
        <HeadLight Pos="(2.842; 1.041; 0)" _template="Default">

        </HeadLight>
        <GameData UnlockByRank="1" Price="25800" Country="US">
              <CustomizationCameras>
                    <CameraPos Name="roof_sticker" InterestPosition="(3.926; 0.199; -0.752)" Position="(8.265; 5.7; -0.572)" Interior="true" FOV="32.0">

                    </CameraPos>
                    <CameraPos Name="sticker_1" InterestPosition="(6.069; 1.207; 1.403)" Position="(4.724; 1.649; 0.038)" Interior="true" FOV="32.0">

                    </CameraPos>
                    <CameraPos MaxYRotation="360" MaxZoom="2" Name="addon_1" InterestPosition="(1.977; 1.692; -0.304)" Position="(-2.812; 4.052; -4.545)" MaxXRotation="360" FOV="32.0">

                    </CameraPos>
                    <CameraPos MaxYRotation="360" MaxZoom="2" Name="addon_2" InterestPosition="(4.522; 0.235; -0.903)" Position="(10.276; 3.817; 4.319)" MaxXRotation="360" FOV="32.0">

                    </CameraPos>
                    <CameraPos Name="mirror_mount" InterestPosition="(8.227; 0.962; 1.41)" Position="(4.677; 1.682; -0.12)" Interior="true" FOV="32.0">

                    </CameraPos>
                    <CameraPos MaxYRotation="360" MaxZoom="2" Name="side_r" InterestPosition="(7.126; 1.143; -0.167)" Position="(10.6; 2.343; 2.594)" MaxXRotation="360" FOV="32.0">

                    </CameraPos>
                    <CameraPos Name="hood_ornament" InterestPosition="(5.439; 0.327; 2.169)" Position="(7.506; 1.983; -1.708)" Interior="true" FOV="32.0">

                    </CameraPos>
                    <CameraPos Name="sticker" InterestPosition="(4.478; 1.558; 1.615)" Position="(5.111; 1.67; -0.636)" Interior="true" FOV="32.0">

                    </CameraPos>
                    <CameraPos Name="door_r_sticker" InterestPosition="(6.641; 0.845; 0.614)" Position="(3.531; 1.748; 3.705)" Interior="true" FOV="32.0">

                    </CameraPos>
                    <CameraPos MaxYRotation="360" MaxZoom="2" Name="roof" InterestPosition="(4.734; 0.47; -0.697)" Position="(11.594; 4.878; 2.539)" MaxXRotation="360" FOV="32.0">

                    </CameraPos>
                    <CameraPos Name="glass_sticker" InterestPosition="(6.106; 1.125; -0.684)" Position="(10.72; 2.827; 1.399)" Interior="true" FOV="32.0">

                    </CameraPos>
                    <CameraPos MaxYRotation="360" MaxZoom="2" Name="hoods" InterestPosition="(4.917; 0.875; 0.042)" Position="(11.66; 1.899; -2.348)" MaxXRotation="360" FOV="32.0">

                    </CameraPos>
                    <CameraPos MaxYRotation="360" MaxZoom="2" Name="side_l" InterestPosition="(5.892; 0.953; -1.034)" Position="(10.138; 1.941; -2.869)" MaxXRotation="360" FOV="32.0">

                    </CameraPos>
                    <CameraPos Name="bubble_head" InterestPosition="(8.227; 0.596; 0.538)" Position="(4.793; 1.785; -0.119)" Interior="true" FOV="32.0">

                    </CameraPos>
                    <CameraPos MaxYRotation="360" MaxZoom="2" Name="wheels" InterestPosition="(4.392; 0.233; 0.06)" Position="(8.898; 0.872; -3.258)" MaxXRotation="360" FOV="32.0">

                    </CameraPos>
                    <CameraPos MaxYRotation="360" MaxZoom="2" Name="default" InterestPosition="(3.576; 0.484; 0.792)" Position="(12.506; 1.838; -3.094)" MaxXRotation="360" FOV="32.0">

                    </CameraPos>
                    <CameraPos MaxYRotation="360" MaxZoom="2" Name="rear" InterestPosition="(4.056; 0.443; 0.067)" Position="(-2.78; 1.955; 2.004)" MaxXRotation="360" FOV="32.0">

                    </CameraPos>
                    <CameraPos Name="door_l_sticker" InterestPosition="(4.682; 0.991; -0.206)" Position="(3.897; 1.535; -3.738)" Interior="true" FOV="32.0">

                    </CameraPos>
              </CustomizationCameras>
              <UiDesc UiName="UI_VEHICLE_REZVANI_NAME" UiDesc="UI_VEHICLE_REZVANI_DESC" UiIconLogo="RezvaniLogo80" UiIcon40x40="scoutVehicleImg" UiIcon30x30="scoutVehicleImg30" UiIcon328x458="shopImgActeonRezvani">

              </UiDesc>
                    <AddonSockets DefaultAddon="rezvani_hercules_6x6_bumper_default">
                      <Socket Names="Rezvani6x6Bumper">

                      </Socket>
                    </AddonSockets>
                    <AddonSockets DefaultAddon="rezvani_hercules_6x6_bumper_rear_default">
                      <Socket Names="Rezvani6x6BumperRear" ParentFrame="BoneCabin_cdt">

                      </Socket>
                    </AddonSockets>
                    <AddonSockets>
                      <Socket Names="Rezvani6x6Visor" ParentFrame="BoneCabin_cdt">

                      </Socket>
                    </AddonSockets>
                    <AddonSockets>
                        <Socket Names="Rezvani6x6Snorkel1" ParentFrame="BoneCabin_cdt">

                        </Socket>
                        <Socket NamesBlock="Rezvani6x6Visor" Names="Rezvani6x6Snorkel2" ParentFrame="BoneCabin_cdt">

                        </Socket>
                    </AddonSockets>
                    <AddonSockets>
                      <Socket Names="Rezvani6x6Fender" ParentFrame="BoneCabin_cdt">

                      </Socket>
                    </AddonSockets>
                    <AddonSockets>
                      <Socket Names="Rezvani6x6Threshold" ParentFrame="BoneCabin_cdt">

                      </Socket>
                    </AddonSockets>
                    <AddonSockets>
                      <Socket Names="Rezvani6x6RoofRrack1" ParentFrame="BoneCabin_cdt">

                      </Socket>
                    </AddonSockets>
                    <AddonSockets>
                      <Socket Names="Rezvani6x6RoofRrack2" ParentFrame="BoneCabin_cdt">

                      </Socket>
                    </AddonSockets>
                    <AddonSockets>
                      <Socket Names="Rezvani6x6Trunk" ParentFrame="BoneCabin_cdt">

                      </Socket>
                    </AddonSockets>
                    <AddonSockets>
                      <Socket Names="Rezvani6x6Protector" ParentFrame="BoneCabin_cdt">
                          <ExtraParent Frame="BoneChassis_cdt">

                          </ExtraParent>
                      </Socket>
                    </AddonSockets>
                    <AddonSockets>
                      <Socket ParentFrame="BoneCabin_cdt" Names="rezvaniHercules6X6Sticker_1x1_01" InCockpit="true">

                      </Socket>
                    </AddonSockets>
                    <AddonSockets>
                      <Socket ParentFrame="BoneCabin_cdt" Names="rezvaniHercules6X6Sticker_1x1_02" InCockpit="true">

                      </Socket>
                    </AddonSockets>
                    <AddonSockets>
                      <Socket ParentFrame="BoneCabin_cdt" Names="rezvaniHercules6X6Sticker_1x2_01" InCockpit="true">

                      </Socket>
                    </AddonSockets>
                    <AddonSockets>
                      <Socket ParentFrame="BoneCabin_cdt" Names="rezvaniHercules6X6Sticker_1x2_02" InCockpit="true">

                      </Socket>
                    </AddonSockets>
                    <AddonSockets>
                      <Socket ParentFrame="BoneCabin_cdt" Names="rezvaniHercules6X6Sticker_1x4_01" InCockpit="true">

                      </Socket>
                    </AddonSockets>
                    <AddonSockets>
                      <Socket ParentFrame="BoneCabin_cdt" Names="rezvaniHercules6X6Sticker_1x4_02" InCockpit="true">

                      </Socket>
                    </AddonSockets>
                    <AddonSockets>
                      <Socket Names="rezvaniHercules6X6Sticker_Door_R" ParentFrame="BoneCabin_cdt">

                      </Socket>
                    </AddonSockets>
                    <AddonSockets>
                      <Socket Names="rezvaniHercules6X6Sticker_Door_L" ParentFrame="BoneCabin_cdt">

                      </Socket>
                    </AddonSockets>
                    <AddonSockets>
                      <Socket Names="rezvaniHercules6X6Sticker_Roof" ParentFrame="BoneCabin_cdt">

                      </Socket>
                    </AddonSockets>
                    <AddonSockets>
                      <Socket ParentFrame="BoneCabin_cdt" Names="rezvaniHercules6X6Sticker_GlassBot" InCockpit="true">

                      </Socket>
                    </AddonSockets>
                    <AddonSockets>
                      <Socket Names="StuffHoodRezvani6x6" ParentFrame="BoneCabin_cdt">

                      </Socket>
                    </AddonSockets>
                    <AddonSockets>
                      <Socket ParentFrame="BoneCabin_cdt" Offset="(2.727; 1.749; 0.001)" Names="StuffAirfreshener" InCockpit="true">

                      </Socket>
                    </AddonSockets>
                      <CraneSocket Pos="(4.657; 0.605; 0)">

                      </CraneSocket>
                      <CraneSocket Pos="(2.051; 0.589; -0.901)">

                      </CraneSocket>
                      <CraneSocket Pos="(2.051; 0.589; 0.901)">

                      </CraneSocket>
                      <CraneSocket Pos="(-1.189; 0.489; 0)">

                      </CraneSocket>
                        <WinchSocket Pos="(4.657; 0.605; 0)">

                        </WinchSocket>
                        <WinchSocket Pos="(2.051; 0.589; -0.901)">

                        </WinchSocket>
                        <WinchSocket Pos="(2.051; 0.589; 0.901)">

                        </WinchSocket>
                        <WinchSocket Pos="(-1.189; 0.489; 0)">

                        </WinchSocket>
        </GameData>
        <PhysicsModel Mesh="trucks/rezvani_hercules_6x6">
                <Body CenterOfMassOffset="(0; -0.3; 0)" NetSync="pv" Mass="2600" ImpactType="Truck">
                    <Body NetSync="pv" CenterOfMassOffset="(0.3; -0.1; 0)" ModelFrame="BoneCabin_cdt" Mass="1400" ImpactType="Truck">
                        <Constraint Type="Hinge" MaxLimit="10" AxisLocal="(1; 0; 0)" MinLimit="-10">
                            <Motor Spring="185000" Damping="18500" Type="Spring">

                            </Motor>
                        </Constraint>
                            <Body ModelFrame="BoneMirrorR_cdt" _template="SideMirror">

                            </Body>
                            <Body ModelFrame="BoneMirrorL_cdt" _template="SideMirror">

                            </Body>
                            <Body ModelFrame="BoneSunshieldL_cdt" _template="Sunshield">

                            </Body>
                            <Body ModelFrame="BoneSunshieldR_cdt" _template="Sunshield">

                            </Body>
                            <Body ModelFrame="BoneBelt_cdt" Mass="1" Collisions="None">
                              <Constraint Type="Hinge" MaxLimit="10" AxisLocal="(0; 0; 1)" MinLimit="-10">
                                  <Motor Spring="30" Damping="3" Type="Spring">

                                  </Motor>
                              </Constraint>
                            </Body>
                            <Body ModelFrame="BoneTieRod1_cdt" _template="TieRod">
                              <Constraint MaxLimit="18" AxisLocal="(0; -1; 0)" MinLimit="-18" Name="TieRodSteer">

                              </Constraint>
                            </Body>
                    </Body>
                </Body>
                <NetSync Legacy="false">

                </NetSync>
        </PhysicsModel>
        <ControlledConstraints>
                  <Constraint IsLinkedSteering="true" Id="chassis_steer" Name="TieRodSteer">

                  </Constraint>
        </ControlledConstraints>
        <Snorkel Origin="(4.656; 1.198; 0)">

        </Snorkel>
        <AutomaticIK>
                      <IKBone ParentFrame="BoneTieRod1_cdt" ModelFrame="BoneTieRod2">
                          <IKJoint Type="Hinge" AxisLocal="(0; 1; 0)">

                          </IKJoint>
                          <IKBone AttachToFrame="BoneRackRight" AttachOffset="(0; 0; 0)" ModelFrame="BoneTieRod3">
                                <IKJoint Type="Slider" AxisLocal="(0; 1; 0)">

                                </IKJoint>
                          </IKBone>
                      </IKBone>
        </AutomaticIK>
        <Landmark MaxScale="3.8" Mesh="landmarks/rezvani_hercules_6x6_lmk" MinScale="1.8">

        </Landmark>
        <ModelAttachments>
                          <HeadLight>
                                <Flare Pos="(4.465; 1.15; -0.603)" _template="HeadLight" Color="g(255; 253; 246) x 0.37" Size="0.2" ParentFrame="BoneCabin_cdt">

                                </Flare>
                                <Flare Pos="(4.465; 1.15; 0.603)" _template="HeadLight" Color="g(255; 253; 246) x 0.37" Size="0.2" ParentFrame="BoneCabin_cdt">

                                </Flare>
                                <Flare Pos="(4.404; 1.162; -0.717)" _template="HeadLight" Color="g(255; 253; 246) x 0.37" Size="0.2" ParentFrame="BoneCabin_cdt">

                                </Flare>
                                <Flare Pos="(4.404; 1.162; 0.717)" _template="HeadLight" Color="g(255; 253; 246) x 0.37" Size="0.2" ParentFrame="BoneCabin_cdt">

                                </Flare>
                                <Flare Pos="(4.465; 1.15; -0.603)" _template="BlueStreak" Color="g(220; 220; 255) x 0.07" Size="0.7" ParentFrame="BoneCabin_cdt">

                                </Flare>
                                <Flare Pos="(4.465; 1.15; 0.603)" _template="BlueStreak" Color="g(220; 220; 255) x 0.07" Size="0.7" ParentFrame="BoneCabin_cdt">

                                </Flare>
                                <Flare Pos="(4.404; 1.162; -0.717)" _template="BlueStreak" Color="g(220; 220; 255) x 0.07" Size="0.7" ParentFrame="BoneCabin_cdt">

                                </Flare>
                                <Flare Pos="(4.404; 1.162; 0.717)" _template="BlueStreak" Color="g(220; 220; 255) x 0.07" Size="0.7" ParentFrame="BoneCabin_cdt">

                                </Flare>
                                  <Model Org="(4.487; 1.15; -0.67)" ParentFrame="BoneCabin_cdt" _template="HeadLightRay">

                                  </Model>
                                  <Model Org="(4.487; 1.15; 0.67)" ParentFrame="BoneCabin_cdt" _template="HeadLightRay">

                                  </Model>
                          </HeadLight>
                          <StopSignals>
                                <Light Pos="(-1.429; 1.126; 0)" ParentFrame="BoneCabin_cdt" _template="StopSignal">

                                </Light>
                                    <Flare Pos="(-1.279; 1.395; 0)" _template="StopSignal" AspectRatio="3" Size=".4" ParentFrame="BoneCabin_cdt">

                                    </Flare>
                                    <Flare Pos="(-1.222; 1.201; 1.003)" Dir="(-1; 0; 1)" _template="StopSignal" Size=".4" ParentFrame="BoneCabin_cdt">

                                    </Flare>
                                    <Flare Pos="(-1.222; 1.079; 1.003)" Dir="(-1; 0; 1)" _template="StopSignal" Size=".4" ParentFrame="BoneCabin_cdt">

                                    </Flare>
                                    <Flare Pos="(-1.222; 1.201; -1.003)" Dir="(-1; 0; -1)" _template="StopSignal" Size=".4" ParentFrame="BoneCabin_cdt">

                                    </Flare>
                                    <Flare Pos="(-1.222; 1.079; -1.003)" Dir="(-1; 0; -1)" _template="StopSignal" Size=".4" ParentFrame="BoneCabin_cdt">

                                    </Flare>
                          </StopSignals>
                          <Ignition>
                                    <Light Pos="(4.397; 1.159; -0.718)" _template="IgnitionSignalWhite" Color="g(255; 235; 225) x 0.9" ParentFrame="BoneCabin_cdt">

                                    </Light>
                                    <Light Pos="(4.397; 1.159; 0.718)" _template="IgnitionSignalWhite" Color="g(255; 235; 225) x 0.9" ParentFrame="BoneCabin_cdt">

                                    </Light>
                                      <Flare Pos="(4.404; 1.162; -0.717)" _template="IgnitionSignalWhite" Color="g(240; 225; 215) x 0.4" Size=".2" ParentFrame="BoneCabin_cdt">

                                      </Flare>
                                      <Flare Pos="(4.404; 1.162; 0.717)" _template="IgnitionSignalWhite" Color="g(240; 225; 215) x 0.4" Size=".2" ParentFrame="BoneCabin_cdt">

                                      </Flare>
                                      <Flare Pos="(4.465; 1.15; -0.603)" _template="IgnitionSignalWhite" Color="g(240; 225; 215) x 0.4" Size=".2" ParentFrame="BoneCabin_cdt">

                                      </Flare>
                                      <Flare Pos="(4.465; 1.15; 0.603)" _template="IgnitionSignalWhite" Color="g(240; 225; 215) x 0.4" Size=".2" ParentFrame="BoneCabin_cdt">

                                      </Flare>
                                      <Flare Pos="(2.674; 1.98; -0.34)" ParentFrame="BoneCabin_cdt" _template="LED">

                                      </Flare>
                                      <Flare Pos="(2.674; 1.98; -0.315)" ParentFrame="BoneCabin_cdt" _template="LED">

                                      </Flare>
                                      <Flare Pos="(2.674; 1.98; -0.289)" ParentFrame="BoneCabin_cdt" _template="LED">

                                      </Flare>
                                      <Flare Pos="(2.674; 1.98; -0.265)" ParentFrame="BoneCabin_cdt" _template="LED">

                                      </Flare>
                                      <Flare Pos="(2.674; 1.98; -0.239)" ParentFrame="BoneCabin_cdt" _template="LED">

                                      </Flare>
                                      <Flare Pos="(2.674; 1.98; -0.214)" ParentFrame="BoneCabin_cdt" _template="LED">

                                      </Flare>
                                      <Flare Pos="(2.674; 1.98; -0.189)" ParentFrame="BoneCabin_cdt" _template="LED">

                                      </Flare>
                                      <Flare Pos="(2.674; 1.98; -0.164)" ParentFrame="BoneCabin_cdt" _template="LED">

                                      </Flare>
                                      <Flare Pos="(2.674; 1.98; -0.139)" ParentFrame="BoneCabin_cdt" _template="LED">

                                      </Flare>
                                      <Flare Pos="(2.674; 1.98; -0.113)" ParentFrame="BoneCabin_cdt" _template="LED">

                                      </Flare>
                                      <Flare Pos="(2.674; 1.98; -0.088)" ParentFrame="BoneCabin_cdt" _template="LED">

                                      </Flare>
                                      <Flare Pos="(2.674; 1.98; -0.063)" ParentFrame="BoneCabin_cdt" _template="LED">

                                      </Flare>
                                      <Flare Pos="(2.674; 1.98; -0.038)" ParentFrame="BoneCabin_cdt" _template="LED">

                                      </Flare>
                                      <Flare Pos="(2.674; 1.98; -0.012)" ParentFrame="BoneCabin_cdt" _template="LED">

                                      </Flare>
                                      <Flare Pos="(2.674; 1.98; 0.34)" ParentFrame="BoneCabin_cdt" _template="LED">

                                      </Flare>
                                      <Flare Pos="(2.674; 1.98; 0.315)" ParentFrame="BoneCabin_cdt" _template="LED">

                                      </Flare>
                                      <Flare Pos="(2.674; 1.98; 0.289)" ParentFrame="BoneCabin_cdt" _template="LED">

                                      </Flare>
                                      <Flare Pos="(2.674; 1.98; 0.265)" ParentFrame="BoneCabin_cdt" _template="LED">

                                      </Flare>
                                      <Flare Pos="(2.674; 1.98; 0.239)" ParentFrame="BoneCabin_cdt" _template="LED">

                                      </Flare>
                                      <Flare Pos="(2.674; 1.98; 0.214)" ParentFrame="BoneCabin_cdt" _template="LED">

                                      </Flare>
                                      <Flare Pos="(2.674; 1.98; 0.189)" ParentFrame="BoneCabin_cdt" _template="LED">

                                      </Flare>
                                      <Flare Pos="(2.674; 1.98; 0.164)" ParentFrame="BoneCabin_cdt" _template="LED">

                                      </Flare>
                                      <Flare Pos="(2.674; 1.98; 0.139)" ParentFrame="BoneCabin_cdt" _template="LED">

                                      </Flare>
                                      <Flare Pos="(2.674; 1.98; 0.113)" ParentFrame="BoneCabin_cdt" _template="LED">

                                      </Flare>
                                      <Flare Pos="(2.674; 1.98; 0.088)" ParentFrame="BoneCabin_cdt" _template="LED">

                                      </Flare>
                                      <Flare Pos="(2.674; 1.98; 0.063)" ParentFrame="BoneCabin_cdt" _template="LED">

                                      </Flare>
                                      <Flare Pos="(2.674; 1.98; 0.038)" ParentFrame="BoneCabin_cdt" _template="LED">

                                      </Flare>
                                      <Flare Pos="(2.674; 1.98; 0.012)" ParentFrame="BoneCabin_cdt" _template="LED">

                                      </Flare>
                          </Ignition>
                          <ReverseSignals>
                                    <Light Pos="(-1.668; 1.147; 0)" ParentFrame="BoneCabin_cdt" _template="ReverseSignal">

                                    </Light>
                                        <Flare Pos="(-1.268; 1.147; -0.944)" _template="ReverseSignal" Color="g(220; 220; 225) x 0.5" Size="0.3" ParentFrame="BoneCabin_cdt">

                                        </Flare>
                                        <Flare Pos="(-1.268; 1.147; 0.944)" _template="ReverseSignal" Color="g(220; 220; 225) x 0.5" Size="0.3" ParentFrame="BoneCabin_cdt">

                                        </Flare>
                                        <Flare Pos="(-1.268; 1.147; -0.944)" Dir="(-1; 0; 0)" _template="BlueStreak" Color="g(220; 220; 255) x 0.15" Size="0.2" ParentFrame="BoneCabin_cdt">

                                        </Flare>
                                        <Flare Pos="(-1.268; 1.147; 0.944)" Dir="(-1; 0; 0)" _template="BlueStreak" Color="g(220; 220; 255) x 0.15" Size="0.2" ParentFrame="BoneCabin_cdt">

                                        </Flare>
                          </ReverseSignals>
        </ModelAttachments>
        <TruckData SteerSpeed="0.03" EngineStartDelay="1.8" EngineIconMesh="env/engine_small" TruckType="SCOUT" Responsiveness="0.6" BackSteerSpeed="0.15" TruckImage="rezvanimchr" FuelCapacity="80" DiffLockType="Always" ExhaustStartTime="1.6" EngineIconScale="1.15">
                            <Driver Pos="(2.309; 1.047; 0.364)" AnimationSet="Scout" SteeringWheelPos="(2.653; 1.434; 0.371)">

                            </Driver>
                            <SoundsDamage _template="Scout">

                            </SoundsDamage>
                            <Shakers>
                                      <Shaker MaxFrequency=".8" Frame="BoneStick1" MinAngle="(0.6; 0.6; 0.6)" MaxAngle="(0.8; 0.8; 0.8)">

                                      </Shaker>
                                      <Shaker MaxFrequency=".9" Frame="BoneStick2" MinAngle="(0.6; 0.6; 0.6)" MaxAngle="(0.9; 0.9; 0.9)">

                                      </Shaker>
                                      <Shaker MaxFrequency="3.4" Frame="BoneExhaust" MinAngle="(0.3; 0.3; 0.3)" MaxAngle="(2.100; 2.100; 2.100)">

                                      </Shaker>
                            </Shakers>
                            <OcclusionMap MinX="-2.0" Texture="trucks/occlusion/chassis_small__s_d_a.tga" HalfSizeZ="1.8" MaxX="5.5">

                            </OcclusionMap>
                            <FuelTank DamageCapacity="50">

                            </FuelTank>
                                        <CompatibleWheels Type="wheels_rezvani_hercules_6x6" Scale="0.47">

                                        </CompatibleWheels>
                                        <CompatibleWheels Type="wheels_rezvani_hercules_6x6" Scale="0.49">

                                        </CompatibleWheels>
                                        <CompatibleWheels Type="wheels_scout1" Scale="0.47">

                                        </CompatibleWheels>
                                        <CompatibleWheels Type="wheels_scout1" Scale="0.49">

                                        </CompatibleWheels>
                                        <CompatibleWheels Type="wheels_scout2" Scale="0.47">

                                        </CompatibleWheels>
                                        <CompatibleWheels Type="wheels_scout2" Scale="0.49">

                                        </CompatibleWheels>
                            <EngineSocket Type="e_us_scout_modern" Default="us_scout_modern_engine_0">

                            </EngineSocket>
                            <SuspensionSocket Type="s_rezvani_hercules_6x6" MaxWheelRadiusWithoutSuspension="0.41" Default="rezvani_hercules_6x6_suspension_default">

                            </SuspensionSocket>
                            <Dashboard>
                                                  <Gauge InputRange="(0;1)" Dir="(-0.981; 0.195; -0.002)" InputType="rpm" Org="(2.873; 1.443; 0.461)" Damping="0.99" Mesh="trucks/arrows/rezvani_hercules_6x6_arrow_1" OutputAngles="(-134; 0)">

                                                  </Gauge>
                                                  <Gauge InputType="speed" Dir="(-0.979; 0.204; 0.002)" Org="(2.876; 1.442; 0.283)" Mesh="trucks/arrows/rezvani_hercules_6x6_arrow_1" InputRange="(0;200)" OutputAngles="(-130; 128)">

                                                  </Gauge>
                                                  <Gauge InputRange="(0;1)" Dir="(-0.96; 0.279; 0)" InputType="engineEnabled" Org="(2.86; 1.496; 0.427)" Damping="0.99" Mesh="trucks/arrows/rezvani_hercules_6x6_arrow_2" OutputAngles="(142; 106)">

                                                  </Gauge>
                                                  <Gauge InputRange="(0;1)" Dir="(-0.96; 0.279; 0)" InputType="fuel" Org="(2.86; 1.496; 0.316)" Damping="0.99" Mesh="trucks/arrows/rezvani_hercules_6x6_arrow_2" OutputAngles="(-142; -91)">

                                                  </Gauge>
                            </Dashboard>
                            <Axles>
                                                    <Axle Frame="BoneAxle1">

                                                    </Axle>
                                                    <Axle Frame="BoneAxle2">

                                                    </Axle>
                                                    <Axle Frame="BoneAxle3">

                                                    </Axle>
                            </Axles>
                            <Camera Center="(0.3; 0; 0)" RadiusMultiplier="0.8">
                                                    <Cockpit WindshieldDiffuseTexture="trucks/rezvani_hercules_6x6_glass__d_a.tga" _template="Default" WindshieldShadingTexture="trucks/rezvani_hercules_6x6_glass__sh_d.tga" ViewPos="(2.275; 1.72; 0.364)">
                                                          <Mirror FOVScale="1.2" ClipDir="(-0.949; 0.118; -0.293)" MeshFrame="mirror_left" Pos="(2.813; 1.513; 0.922)" ReflectionDir="(-0.949; 0.118; -0.293)" Size="(0.16; 0.16)" ClipOffset="0.1">

                                                          </Mirror>
                                                          <Mirror FOVScale="1.4" ClipDir="(-0.879; 0.073; 0.472)" MeshFrame="mirror_right" Pos="(2.796; 1.513; -0.912)" ReflectionDir="(-0.879; 0.073; 0.472)" Size="(0.16; 0.16)" ClipOffset="0.1">

                                                          </Mirror>
                                                          <Mirror FOVScale="1.1" ClipDir="(-0.97; -0.009; 0.244)" MeshFrame="mirror_cab" Pos="(2.689; 1.738; 0.001)" ReflectionDir="(-0.97; -0.009; 0.244)" Size="(0.22; 0.06)" ClipOffset="0.15">

                                                          </Mirror>
                                                    </Cockpit>
                            </Camera>
                            <Exhaust IsLight="true" Dir="(-0.846; -0.533; 0)" Speed="2.0" Origin="(-0.988; 0.574; -0.368)">

                            </Exhaust>
                            <Sounds _template="Default" Origin="(3.505; 1.054; 0)" MinDist="8.0" DisableReversePitch="false">
                                                        <Reverse Sound="">

                                                        </Reverse>
                                                        <EngineHeavy_2d IsSound2D="true" Sound="">

                                                        </EngineHeavy_2d>
                                                        <EngineLow Sound="trucks/rezvani/rezvani_low">

                                                        </EngineLow>
                                                        <BrakePull Sound="">

                                                        </BrakePull>
                                                        <EngineHigh Sound="trucks/rezvani/rezvani_high">

                                                        </EngineHigh>
                                                        <HandbrakeOff Sound="trucks/rezvani/rezvani_handbrake_off">

                                                        </HandbrakeOff>
                                                        <Gear Sound="trucks/rezvani/rezvani_gear_shift">

                                                        </Gear>
                                                        <ChassisStress Sound="trucks/hummer_h2/hummer_h2_chassis">

                                                        </ChassisStress>
                                                        <AbruptStop Sound="">

                                                        </AbruptStop>
                                                        <EngineHeavy Sound="">

                                                        </EngineHeavy>
                                                        <EngineRev Sound="">

                                                        </EngineRev>
                                                        <AWD Sound="trucks/rezvani/rezvani_awd">

                                                        </AWD>
                                                        <EngineLow_2d IsSound2D="true" Sound="trucks/rezvani/rezvani_low_2d">

                                                        </EngineLow_2d>
                                                        <EngineHigh_2d IsSound2D="true" Sound="trucks/rezvani/rezvani_high_2d">

                                                        </EngineHigh_2d>
                                                        <EngineIdle Sound="trucks/rezvani/rezvani_idle">

                                                        </EngineIdle>
                                                        <EngineIdle_2d IsSound2D="true" Sound="trucks/rezvani/rezvani_idle_2d">

                                                        </EngineIdle_2d>
                                                        <EngineStart Sound="trucks/rezvani/rezvani_start">

                                                        </EngineStart>
                                                        <Handbrake Sound="trucks/rezvani/rezvani_handbrake_on">

                                                        </Handbrake>
                                                        <BrakeRelease Sound="">

                                                        </BrakeRelease>
                                                        <GearFail Sound="trucks/common/truck_gear_wrong/truck_gear_wrong_small_modern">

                                                        </GearFail>
                                                        <EngineAccel Sound="trucks/rezvani/rezvani_acc">

                                                        </EngineAccel>
                                                        <EngineStop Sound="trucks/rezvani/rezvani_stop">

                                                        </EngineStop>
                                                        <BrakesSqueal Sound="trucks/rezvani/rezvani_brakes_squeal">

                                                        </BrakesSqueal>
                                                        <Honk Sound="trucks/rezvani/rezvani_honk">

                                                        </Honk>
                            </Sounds>
                            <GearboxSocket Type="gearboxes_scouts" Default="g_scout_default">

                            </GearboxSocket>
                            <Steam Origin="(3.952; 0.651; 0)">

                            </Steam>
                            <Wheels DefaultWheelType="wheels_rezvani_hercules_6x6" DefaultTire="tire" DefaultRim="rim">
                                                                <Wheel Pos="(3.935; 0.468; 0.89)" _template="FrontWheel">

                                                                </Wheel>
                                                                <Wheel RightSide="true" Pos="(3.935; 0.468; 0.89)" _template="FrontWheel">

                                                                </Wheel>
                                                                <Wheel Pos="(0.514; 0.468; 0.89)" _template="RearWheel">

                                                                </Wheel>
                                                                <Wheel RightSide="true" Pos="(0.514; 0.468; 0.89)" _template="RearWheel">

                                                                </Wheel>
                                                                <Wheel Pos="(-0.481; 0.468; 0.89)" _template="RearWheel">

                                                                </Wheel>
                                                                <Wheel RightSide="true" Pos="(-0.481; 0.468; 0.89)" _template="RearWheel">

                                                                </Wheel>
                            </Wheels>
                            <WinchUpgradeSocket Type="winches_scouts" Default="w_scout_default" IsUpgradable="true">

                            </WinchUpgradeSocket>
                            <SteeringRack Frame="BoneRack" RackHalfSizeZ="0.769" FrameSteerLeft="BoneRackLeft" FrameSteerRight="BoneRackRight">

                            </SteeringRack>
                            <SteeringWheel Frame="BoneSteering">

                            </SteeringWheel>
                            <SoundsWheels _template="Default">

                            </SoundsWheels>
                            <Damage>
                                                                          <DamageArea Min="(3.077; 0.715; -0.878)" ParentFrame="BoneChassis_cdt" Max="(4.645; 1.408; 0.882)" Type="Engine">

                                                                          </DamageArea>
                                                                          <DamageArea Min="(0.672; 0.592; -1.032)" ParentFrame="BoneChassis_cdt" Max="(1.452; 1.375; 1.037)" Type="FuelTank">

                                                                          </DamageArea>
                            </Damage>
                            <Shafts>
                                                                            <Shaft SocketPointA="Shaft1a" Mesh="env/minishaft" SocketPointB="Shaft1b">

                                                                            </Shaft>
                                                                            <Shaft SocketPointA="Shaft2a" Mesh="env/minishaft" SocketPointB="Shaft2b">

                                                                            </Shaft>
                                                                            <Shaft SocketPointA="Shaft3a" Mesh="env/minishaft" SocketPointB="Shaft3b">

                                                                            </Shaft>
                            </Shafts>
        </TruckData>
  </Truck>