  <_templates Include="trucks">
      <Wheel>
          <RearWheel Location="rear" ConnectedToHandbrake="true" Torque="default">

          </RearWheel>
          <FrontWheel ParentFrame="BoneCabin_cdt" SteeringAngle="30" Location="front" SteeringJointOffset="0.2" Torque="default" SteeringCastor="0">

          </FrontWheel>
      </Wheel>
      <Body>
            <Sunshield Mass="3" Collisions="None">
                <Constraint Type="Hinge" MaxLimit="10" AxisLocal="(0; 0; 1)" MinLimit="-5">
                    <Motor Spring="9" Damping="0.3" Type="Spring">

                    </Motor>
                </Constraint>
            </Sunshield>
            <Wire Mass="0.1" Collisions="None">
                  <Constraint Type="Prismatic" MaxLimit="0.05" AxisLocal="(0; 1; 0)" MinLimit="-0.05">
                      <Motor Spring="50" Damping="0.5" Type="Spring">

                      </Motor>
                  </Constraint>
            </Wire>
      </Body>
  </_templates>
  <Truck>
        <HeadLight Pos="(3.8; 0.8; 0)" _template="Default">

        </HeadLight>
        <GameData UnlockByExploration="true" Price="63000" UnlockByRank="1" Country="RU,CAS">
              <CustomizationCameras>
                    <CameraPos MaxYRotation="360" MaxZoom="2" Name="addon_1" InterestPosition="(3.428; 1.213; 0.579)" Position="(-3.577; 2.742; 7.179)" MaxXRotation="360" FOV="32.0">

                    </CameraPos>
                    <CameraPos MaxYRotation="360" MaxZoom="2" Name="addon_2" InterestPosition="(4.066; 0.523; -0.192)" Position="(8.434; 2.902; 5.717)" MaxXRotation="360" FOV="32.0">

                    </CameraPos>
                    <CameraPos Name="mirror_mount" InterestPosition="(8.187; 1.9; 1.2)" Position="(4.637; 2.4; -0.2)" Interior="true" FOV="32.0">

                    </CameraPos>
                    <CameraPos MaxYRotation="360" MaxZoom="2" Name="side_r" InterestPosition="(4.728; 1.454; -0.64)" Position="(9.705; 1.637; 4.844)" MaxXRotation="360" FOV="32.0">

                    </CameraPos>
                    <CameraPos Name="hood_ornament" InterestPosition="(3.5; 1.2; 1.2)" Position="(9.5; 2.2; -1.3)" Interior="true" FOV="32.0">

                    </CameraPos>
                    <CameraPos Name="sticker" InterestPosition="(8.316; 1.53; 1.7)" Position="(4.668; 2.024; 0.2)" Interior="true" FOV="32.0">

                    </CameraPos>
                    <CameraPos Name="sticker_1" InterestPosition="(7.5; 1; 0.8)" Position="(4.8; 2.4; -0.5)" Interior="true" FOV="32.0">

                    </CameraPos>
                    <CameraPos Name="glass_sticker" InterestPosition="(5.602; 1.31; -0.767)" Position="(9.826; 2.823; 0.846)" Interior="true" FOV="32.0">

                    </CameraPos>
                    <CameraPos Name="door_r_sticker" InterestPosition="(6.8; 1.1; 0.614)" Position="(3.5; 1.5; 3.895)" Interior="true" FOV="32.0">

                    </CameraPos>
                    <CameraPos MaxYRotation="360" MaxZoom="2" Name="roof" InterestPosition="(7.253; 1.607; -0.08)" Position="(12.521; 3.38; 3.017)" MaxXRotation="360" FOV="32.0">

                    </CameraPos>
                    <CameraPos Name="capote_sticker" InterestPosition="(5.823; 1; -0.407)" Position="(9.5; 3.9; -1.296)" Interior="true" FOV="32.0">

                    </CameraPos>
                    <CameraPos MaxYRotation="360" MaxZoom="2" Name="hoods" InterestPosition="(6.507; 0.995; -0.954)" Position="(12.171; 1.377; -1.669)" MaxXRotation="360" FOV="32.0">

                    </CameraPos>
                    <CameraPos MaxYRotation="360" MaxZoom="2" Name="side_l" InterestPosition="(2.983; 1.7; -2)" Position="(2.772; 1.7; -5)" MaxXRotation="360" FOV="32.0">

                    </CameraPos>
                    <CameraPos Name="bubble_head" InterestPosition="(8.316; 1.53; 1.1)" Position="(4.668; 2.024; -0.3)" Interior="true" FOV="32.0">

                    </CameraPos>
                    <CameraPos MaxYRotation="360" MaxZoom="2" Name="wheels" InterestPosition="(5.483; 0.419; -1.3)" Position="(6.772; 0.755; -4.200)" MaxXRotation="360" FOV="32.0">

                    </CameraPos>
                    <CameraPos MaxYRotation="360" MaxZoom="2" Name="default" InterestPosition="(3.576; 0.544; 0.337)" Position="(12.728; 2.221; -2.176)" MaxXRotation="360" FOV="32.0">

                    </CameraPos>
                    <CameraPos MaxYRotation="360" MaxZoom="2" Name="rear" InterestPosition="(5.929; 0.792; -0.468)" Position="(-0.649; 1.605; 1.978)" MaxXRotation="360" FOV="32.0">

                    </CameraPos>
                    <CameraPos Name="door_l_sticker" InterestPosition="(4.688; 1.1; -0.206)" Position="(3.303; 1.6; -3.775)" Interior="true" FOV="32.0">

                    </CameraPos>
              </CustomizationCameras>
              <UiDesc UiName="UI_VEHICLE_STEP_39331_PIKE_NAME" UiDesc="UI_VEHICLE_STEP_39331_PIKE_DESC" UiIconLogo="StepLogo80" UiIcon40x40="offroadVehicleImg" UiIcon30x30="offroadVehicleImg30" UiIcon328x458="ShopImgStepPike">

              </UiDesc>
                    <AddonSockets>
                        <Socket Offset="(-2.575; 1.4; 0)" Names="Semitrailer, SemitrailerOiltank" NamesBlock="SaddleHigh">

                        </Socket>
                        <Socket Offset="(-2.575; 1.56; 0)" Names="LargeSemitrailer, LargeSemitrailerOiltank" NamesBlock="SaddleLow">

                        </Socket>
                        <Socket Offset="(-4.564; 0.994; 0)" Names="Trailer">

                        </Socket>
                    </AddonSockets>
                    <AddonSockets>
                        <Socket Offset="(0.586; 1.092; 0)" Names="LogLift" NamesBlock="BigCraneRu, SaddleHigh, SaddleLow, Step39331PikeSideboard, FrameAddonTank, FrameAddonKung, FrameAddonSeismicVibrator">
                            <AddonsShift Offset="(-0.32; 0; 0)" Types="Step39331PikeWheelAddon">

                            </AddonsShift>
                            <AddonsShift Offset="(0; 0; 0)" Types="Step39331PikeWheelAddon, BunkLog" TrailerNamesBlock="LogLift">

                            </AddonsShift>
                            <AddonsShift Offset="(-0.12; 0; 0)" Types="Step39331PikeExhaust">

                            </AddonsShift>
                        </Socket>
                        <Socket Offset="(0.228; 1.087; 0)" Names="MinicraneRU" NamesBlock="BigCraneRu, FrameAddonTank, FrameAddonKung, FrameAddonSeismicVibrator, SemitrailerOiltank">
                            <AddonsShift Offset="(-0.5; 0; 0)" Types="Step39331PikeWheelAddon">

                            </AddonsShift>
                            <AddonsShift Offset="(-0.17; 0; 0)" Types="Step39331PikeExhaust">

                            </AddonsShift>
                        </Socket>
                    </AddonSockets>
                    <AddonSockets>
                        <Socket Offset="(-2.745; 1.085; 0)" Names="BigCraneRu">
                          <AddonsShift Offset="(-0.4; 0; 0)" Types="Step39331PikeWheelAddon">

                          </AddonsShift>
                        </Socket>
                        <Socket Offset="(-6.071; 1.092; 0)" Names="BunkLog">

                        </Socket>
                        <Socket Offset="(-2.572; 1.09; 0)" Names="SaddleLow">

                        </Socket>
                        <Socket Offset="(-2.572; 1.09; 0)" Names="SaddleHigh">
                            <ExtraParent Offset="(0; 0; -0.01)" Frame="BoneChassis_cdt">

                            </ExtraParent>
                            <ExtraParent Offset="(0; 0; 0.01)" Frame="BoneChassis_cdt">

                            </ExtraParent>
                        </Socket>
                        <Socket Offset="(-2.35; 1.20; 0)" Names="Step39331PikeSideboard">
                          <AddonsShift Offset="(-0.39; 0; 0)" Types="MinicraneRU" TrailerNamesBlock="Step39331PikeWheelAddon">

                          </AddonsShift>
                        </Socket>
                        <Socket Offset="(-2.785; 1.085; 0)" Names="FrameAddonTank" NamesBlock="Step39331PikeSnorkel2">
                            <AddonsShift Offset="(-0.15; 0; 0)" Types="Step39331PikeExhaust">

                            </AddonsShift>
                            <AddonsShift Offset="(-0.4; 0; 0)" Types="Step39331PikeWheelAddon">

                            </AddonsShift>
                            <AddonsShift Offset="(0; 0; 0)" Types="Step39331PikeWheelAddon, Trailer" TrailerNamesBlock="FrameAddonTank">

                            </AddonsShift>
                        </Socket>
                        <Socket Offset="(-2.23; 1.171; 0)" Names="FrameAddonKung">
                            <ExtraParent Offset="(0; 0; -0.1)" Frame="BoneChassis_cdt">

                            </ExtraParent>
                            <ExtraParent Offset="(0; 0; 0.1)" Frame="BoneChassis_cdt">

                            </ExtraParent>
                        </Socket>
                        <Socket Offset="(0.172; 1.092; 0)" Names="FrameAddonSeismicVibrator">

                        </Socket>
                    </AddonSockets>
                    <AddonSockets DefaultAddon="step_39331_pike_bumper_default">
                      <Socket Names="Step39331PikeBumper" ParentFrame="BoneCabin_cdt">

                      </Socket>
                    </AddonSockets>
                    <AddonSockets DefaultAddon="step_39331_pike_exhaust_default">
                        <Socket Names="Step39331PikeExhaustDefault" ParentFrame="BoneCabin_cdt">
                          <ExtraParent Frame="BoneChassis_cdt">

                          </ExtraParent>
                        </Socket>
                        <Socket Names="Step39331PikeExhaust" ParentFrame="BoneCabinDamper_cdt">
                            <ExtraParent Frame="BoneCabin_cdt">

                            </ExtraParent>
                            <ExtraParent Frame="BoneChassis_cdt">

                            </ExtraParent>
                        </Socket>
                    </AddonSockets>
                    <AddonSockets>
                      <Socket Names="Step39331PikeWheelAddon" ParentFrame="BoneChassis_cdt">
                          <ExtraParent Frame="BoneCabin_cdt">

                          </ExtraParent>
                      </Socket>
                    </AddonSockets>
                    <AddonSockets>
                        <Socket NamesBlock="Step39331PikeBeacon" Names="Step39331PikeRoofrack" ParentFrame="BoneCabinDamper_cdt">

                        </Socket>
                        <Socket Names="Step39331PikeSpotlight" ParentFrame="BoneCabinDamper_cdt">

                        </Socket>
                    </AddonSockets>
                    <AddonSockets>
                        <Socket Names="Step39331PikeSnorkel1" ParentFrame="BoneCabinDamper_cdt">

                        </Socket>
                        <Socket Names="Step39331PikeSnorkel2" ParentFrame="BoneCabinDamper_cdt">

                        </Socket>
                    </AddonSockets>
                    <AddonSockets>
                      <Socket Names="Step39331PikeBeacon" ParentFrame="BoneCabinDamper_cdt">

                      </Socket>
                    </AddonSockets>
                    <AddonSockets>
                      <Socket Names="Step39331PikeVisor" ParentFrame="BoneCabinDamper_cdt">

                      </Socket>
                    </AddonSockets>
                    <AddonSockets>
                      <Socket Names="Step39331PikeGabarite" ParentFrame="BoneCabinDamper_cdt">

                      </Socket>
                    </AddonSockets>
                    <AddonSockets>
                      <Socket Names="Step39331PikeHorn" ParentFrame="BoneCabinDamper_cdt">

                      </Socket>
                    </AddonSockets>
                    <AddonSockets>
                      <Socket ParentFrame="BoneCabinDamper_cdt" Names="Step39331PikeSticker_1x1_01" InCockpit="true">

                      </Socket>
                    </AddonSockets>
                    <AddonSockets>
                      <Socket ParentFrame="BoneCabinDamper_cdt" Names="Step39331PikeSticker_1x1_02" InCockpit="true">

                      </Socket>
                    </AddonSockets>
                    <AddonSockets>
                      <Socket ParentFrame="BoneCabinDamper_cdt" Names="Step39331PikeSticker_1x1_03" InCockpit="true">

                      </Socket>
                    </AddonSockets>
                    <AddonSockets>
                      <Socket ParentFrame="BoneCabinDamper_cdt" Names="Step39331PikeSticker_1x2_01" InCockpit="true">

                      </Socket>
                    </AddonSockets>
                    <AddonSockets>
                      <Socket ParentFrame="BoneCabinDamper_cdt" Names="Step39331PikeSticker_1x2_02" InCockpit="true">

                      </Socket>
                    </AddonSockets>
                    <AddonSockets>
                      <Socket ParentFrame="BoneCabinDamper_cdt" Names="Step39331PikeSticker_1x4_01" InCockpit="true">

                      </Socket>
                    </AddonSockets>
                    <AddonSockets>
                      <Socket ParentFrame="BoneCabinDamper_cdt" Offset="(1.741; 1.917; 0.159)" Names="StuffDashboard" InCockpit="true">

                      </Socket>
                    </AddonSockets>
                    <AddonSockets>
                      <Socket ParentFrame="BoneCabinDamper_cdt" Offset="(1.465; 2.521; 0.076)" Names="StuffAirfreshener" InCockpit="true">

                      </Socket>
                    </AddonSockets>
                    <AddonSockets>
                      <Socket ParentFrame="BoneCabinDamper_cdt" Names="Step39331PikeSticker_Capote" InCockpit="true">

                      </Socket>
                    </AddonSockets>
                    <AddonSockets>
                      <Socket ParentFrame="BoneCabinDamper_cdt" Names="Step39331PikeSticker_Door_L" InCockpit="true">

                      </Socket>
                    </AddonSockets>
                    <AddonSockets>
                      <Socket ParentFrame="BoneCabinDamper_cdt" Names="Step39331PikeSticker_Door_R" InCockpit="true">

                      </Socket>
                    </AddonSockets>
                    <AddonSockets>
                      <Socket ParentFrame="BoneCabinDamper_cdt" Names="Step39331PikeSticker_GlassTop" InCockpit="true">

                      </Socket>
                    </AddonSockets>
                    <AddonSockets>
                      <Socket ParentFrame="BoneCabinDamper_cdt" Names="Step39331PikeSticker_GlassBottom" InCockpit="true">

                      </Socket>
                    </AddonSockets>
                    <AddonSockets>
                      <Socket Names="StuffHoodStep39331Pike" ParentFrame="BoneCabinDamper_cdt">

                      </Socket>
                    </AddonSockets>
                      <CraneSocket Pos="(3.43; 0.968; -0.451)" ParentFrame="BoneCabin_cdt">

                      </CraneSocket>
                      <CraneSocket Pos="(3.43; 0.968; 0.451)" ParentFrame="BoneCabin_cdt">

                      </CraneSocket>
                      <CraneSocket Pos="(-0.794; 1.028; -0.452)">

                      </CraneSocket>
                      <CraneSocket Pos="(-0.794; 1.028; 0.452)">

                      </CraneSocket>
                      <CraneSocket Pos="(-4.347; 1; -0.448)">

                      </CraneSocket>
                      <CraneSocket Pos="(-4.347; 1; 0.448)">

                      </CraneSocket>
                        <WinchSocket Pos="(3.43; 0.968; -0.451)" ParentFrame="BoneCabin_cdt">

                        </WinchSocket>
                        <WinchSocket Pos="(3.43; 0.968; 0.451)" ParentFrame="BoneCabin_cdt">

                        </WinchSocket>
                        <WinchSocket Pos="(-0.794; 1.028; -0.452)">

                        </WinchSocket>
                        <WinchSocket Pos="(-0.794; 1.028; 0.452)">

                        </WinchSocket>
                        <WinchSocket Pos="(-4.347; 1; -0.448)">

                        </WinchSocket>
                        <WinchSocket Pos="(-4.347; 1; 0.448)">

                        </WinchSocket>
        </GameData>
        <PhysicsModel Mesh="trucks/step_39331_pike">
                <Body NetSync="pv" CenterOfMassOffset="(-2.5; 0; 0)" ModelFrame="BoneChassis_cdt" Mass="3500" ImpactType="Truck">
                    <Body NetSync="pv" CenterOfMassOffset="(0; 0; 0)" ModelFrame="BoneCabin_cdt" Mass="2500" ImpactType="Truck">
                        <Constraint Type="Hinge" MaxLimit="20" AxisLocal="(1; 0; 0)" MinLimit="-20">
                            <Motor Spring="300000" Damping="15000" Type="Spring">

                            </Motor>
                        </Constraint>
                            <Body CenterOfMassOffset="(0; 0; 0)" ModelFrame="BoneCabinDamper_cdt" Mass="1000" ImpactType="Truck">
                              <Constraint Type="Hinge" MaxLimit="3" AxisLocal="(1; 0; 0)" MinLimit="-3">
                                  <Motor Spring="48000" Damping="12000" Type="Spring">

                                  </Motor>
                              </Constraint>
                                  <Body ModelFrame="BoneSunshield_cdt" _template="Sunshield">

                                  </Body>
                                  <Body ModelFrame="BoneWire1_cdt" _template="Wire">
                                    <Body ModelFrame="BoneWire2_cdt" _template="Wire">

                                    </Body>
                                  </Body>
                                  <Body Mass="0.2" ModelFrame="BoneKeyFobRing_cdt">
                                    <Constraint Type="Hinge" MaxLimit="50" AxisLocal="(0; 0; 1)" MinLimit="-50">
                                        <Motor Spring="0.001" Damping="0.001" Type="Spring">

                                        </Motor>
                                    </Constraint>
                                  </Body>
                            </Body>
                            <Body ModelFrame="BoneTieRod_cdt" _template="TieRod">
                              <Constraint MaxLimit="25" AxisLocal="(0; 0; 1)" MinLimit="-25" Name="TieRodSteer">

                              </Constraint>
                            </Body>
                    </Body>
                </Body>
                <NetSync Legacy="false">

                </NetSync>
        </PhysicsModel>
        <ControlledConstraints>
                  <Constraint IsLinkedSteering="true" Id="chassis_steer" Name="TieRodSteer">

                  </Constraint>
        </ControlledConstraints>
        <ModelAttachments>
                    <HeadLight>
                          <Flare Pos="(3.27; 1.395; -0.833)" _template="HeadLight" ParentFrame="BoneCabin_cdt" AspectRatio="1" Size="0.4" Color="g(255; 235; 215) x 0.5">

                          </Flare>
                          <Flare Pos="(3.27; 1.395; 0.833)" _template="HeadLight" ParentFrame="BoneCabin_cdt" AspectRatio="1" Size="0.4" Color="g(255; 235; 215) x 0.5">

                          </Flare>
                          <Flare Pos="(3.27; 1.395; -0.833)" Dir="(1; 0; 0)" _template="BlueStreak" Size="0.5" ParentFrame="BoneCabin_cdt">

                          </Flare>
                          <Flare Pos="(3.27; 1.395; 0.833)" Dir="(1; 0; 0)" _template="BlueStreak" Size="0.5" ParentFrame="BoneCabin_cdt">

                          </Flare>
                            <Model Org="(3.27; 1.395; -0.833)" ParentFrame="BoneCabin_cdt" _template="HeadLightRay">

                            </Model>
                            <Model Org="(3.27; 1.395; 0.833)" ParentFrame="BoneCabin_cdt" _template="HeadLightRay">

                            </Model>
                    </HeadLight>
                    <StopSignals>
                          <Light Pos="(-4.680; 1; 0)" Size="0.2" _template="StopSignal">

                          </Light>
                              <Flare Pos="(-4.538; 1.008; -0.653)" _template="StopSignal" ParentFrame="BoneCabin_cdt" AspectRatio="1" Size="0.15" Color="g(255; 0; 0) x 1">

                              </Flare>
                              <Flare Pos="(-4.538; 1.008; 0.653)" _template="StopSignal" ParentFrame="BoneCabin_cdt" AspectRatio="1" Size="0.15" Color="g(255; 0; 0) x 1">

                              </Flare>
                    </StopSignals>
                    <Ignition>
                              <Light Pos="(-4.680; 1; 0)" _template="IgnitionSignalRed">

                              </Light>
                              <Light Pos="(3.8; 0.8; 0)" _template="IgnitionSignalWhite" Color="g(240; 200; 165) x 1.0" ParentFrame="BoneCabin_cdt">

                              </Light>
                                <Flare Pos="(1.516; 2.535; -0.79)" Dir="(0; 0; -1)" _template="IgnitionSignalOrange" ParentFrame="BoneCabin_cdt" AspectRatio="1" Size="0.3" Color="g(255; 140; 0) x 0.5">

                                </Flare>
                                <Flare Pos="(1.516; 2.535; 0.79)" Dir="(0.5; 0; 1)" _template="IgnitionSignalOrange" ParentFrame="BoneCabin_cdt" AspectRatio="1" Size="0.3" Color="g(255; 140; 0) x 0.5">

                                </Flare>
                                <Flare Pos="(-4.461; 1.006; -0.529)" Size="0.1" _template="IgnitionSignalRed">

                                </Flare>
                                <Flare Pos="(-4.461; 1.006; 0.529)" Size="0.1" _template="IgnitionSignalRed">

                                </Flare>
                                <Flare Pos="(3.27; 1.395; -0.833)" _template="IgnitionSignalWhite" Color="g(255; 235; 215) x 0.5" Size="0.25" ParentFrame="BoneCabin_cdt">

                                </Flare>
                                <Flare Pos="(3.27; 1.395; 0.833)" _template="IgnitionSignalWhite" Color="g(255; 235; 215) x 0.5" Size="0.25" ParentFrame="BoneCabin_cdt">

                                </Flare>
                                <Flare Pos="(3.245; 1.157; -0.946)" _template="IgnitionSignalWhite" Color="g(255; 235; 215) x 0.5" Size="0.11" ParentFrame="BoneCabin_cdt">

                                </Flare>
                                <Flare Pos="(3.245; 1.157; 0.946)" _template="IgnitionSignalWhite" Color="g(255; 235; 215) x 0.5" Size="0.11" ParentFrame="BoneCabin_cdt">

                                </Flare>
                    </Ignition>
                    <ReverseSignals>
                              <Light Pos="(-4.425; 1.005; -0.361)" ParentFrame="BoneCabin_cdt" _template="ReverseSignal">

                              </Light>
                                  <Flare Pos="(-4.425; 1.005; -0.361)" _template="ReverseSignal" Size="0.15" ParentFrame="BoneCabin_cdt">

                                  </Flare>
                                  <Flare Pos="(-4.425; 1.005; -0.361)" Dir="(-1; 0; 0)" _template="BlueStreak" Color="g(220; 220; 255) x 0.1" Size="0.3" ParentFrame="BoneCabin_cdt">

                                  </Flare>
                    </ReverseSignals>
        </ModelAttachments>
        <Landmark MaxScale="3.8" Mesh="landmarks/step_39331_pike_lmk" MinScale="1.8">

        </Landmark>
        <AutomaticIK>
                        <IKBone ParentFrame="BoneTieRod_cdt" ModelFrame="BoneTieRodHinge2">
                            <IKJoint Type="Hinge2" AxisLocal="(1; 0; 0)">

                            </IKJoint>
                            <IKBone AttachToFrame="BoneRackL" AttachOffset="(0; 0; 0)" ModelFrame="BoneTieRodPrismatic">
                                  <IKJoint Type="Slider" AxisLocal="(1; 0; 0)">

                                  </IKJoint>
                            </IKBone>
                        </IKBone>
        </AutomaticIK>
        <TruckData SteerSpeed="0.03" EngineStartDelay="0.8" EngineIconMesh="env/engine_default" TruckType="OFFROAD" Responsiveness="0.15" BackSteerSpeed="0.03" TruckImage="steppikemchr" FuelCapacity="250" DiffLockType="Always" ExhaustStartTime="0.9" EngineIconScale="1.3">
                          <Driver Pos="(1.111; 1.525; 0.524)" ParentFrame="BoneCabinDamper_cdt" AnimationSet="HeavyTruck" SteeringWheelPos="(1.48; 1.871; 0.525)">

                          </Driver>
                          <SoundsDamage _template="Heavy">

                          </SoundsDamage>
                          <Shakers>
                                  <Shaker MaxFrequency="0.1" Frame="BoneGearstick" ParentFrame="BoneCabinDamper_cdt" MinAngle="(1; 1; 1)" MaxAngle="(3; 3; 3)">

                                  </Shaker>
                          </Shakers>
                          <OcclusionMap HalfSizeZ="1.8" MinX="-4.5" MaxX="4">

                          </OcclusionMap>
                          <FuelTank DamageCapacity="50">

                          </FuelTank>
                          <Intake Size="1" Dir="(1; 0; 0)" Origin="(3.276; 1.354; 0)">

                          </Intake>
                          <EngineSocket Type="e_ru_truck_old" Default="ru_truck_old_engine_0">

                          </EngineSocket>
                          <SuspensionSocket Type="s_step_39331_pike" MaxWheelRadiusWithoutSuspension="0.5" Default="step_39331_pike_suspension_default">

                          </SuspensionSocket>
                          <Dashboard>
                                                <Gauge InputRange="(0;140)" Dir="(-0.977; 0.212; -0.007)" InputType="speed" Org="(1.642; 1.802; 0.601)" Damping="0.99" Mesh="trucks/arrows/step_39331_pike_arrow_1" OutputAngles="(-125; 105)">

                                                </Gauge>
                                                <Gauge InputRange="(0;1)" Dir="(-0.973; 0.07; -0.218)" InputType="rpm" Org="(1.632; 1.777; 0.769)" Damping="0.99" Mesh="trucks/arrows/step_39331_pike_arrow_2" OutputAngles="(-90; 100)">

                                                </Gauge>
                                                <Gauge InputRange="(0;1)" Dir="(-0.977; 0.213; -0.006)" InputType="engineEnabled" Org="(1.645; 1.809; 0.437)" Damping="0.99" Mesh="trucks/arrows/step_39331_pike_arrow_1" OutputAngles="(-85; 30)">

                                                </Gauge>
                                                <Gauge InputRange="(0;1)" Dir="(-0.977; 0.213; -0.006)" InputType="engineEnabled" Org="(1.642; 1.795; 0.437)" Damping="0.99" Mesh="trucks/arrows/step_39331_pike_arrow_1" OutputAngles="(-90; -190)">

                                                </Gauge>
                                                <Gauge InputRange="(0;1)" Dir="(-0.977; 0.212; -0.007)" InputType="fuel" Org="(1.66; 1.821; 0.29)" Damping="0.99" Mesh="trucks/arrows/step_39331_pike_arrow_4" OutputAngles="(-143; -220)">

                                                </Gauge>
                                                <Gauge InputRange="(0;1)" Dir="(-0.977; 0.212; -0.007)" InputType="fuel" Org="(1.662; 1.82; 0.204)" Damping="0.99" Mesh="trucks/arrows/step_39331_pike_arrow_4" OutputAngles="(-143; -220)">

                                                </Gauge>
                                                <Gauge InputRange="(0;1)" Dir="(-0.977; 0.212; -0.007)" InputType="engineEnabled" Org="(1.643; 1.747; 0.332)" Damping="0.99" Mesh="trucks/arrows/step_39331_pike_arrow_4" OutputAngles="(-146; -190)">

                                                </Gauge>
                                                <Gauge InputRange="(0;1)" Dir="(-0.977; 0.212; -0.007)" InputType="engineEnabled" Org="(1.644; 1.746; 0.246)" Damping="0.99" Mesh="trucks/arrows/step_39331_pike_arrow_4" OutputAngles="(-146; -175)">

                                                </Gauge>
                                                <Gauge InputRange="(0;1)" Dir="(-0.977; 0.213; -0.007)" InputType="engineEnabled" Org="(1.639; 1.721; 0.161)" Damping="0.99" Mesh="trucks/arrows/step_39331_pike_arrow_3" OutputAngles="(-40; 0)">

                                                </Gauge>
                          </Dashboard>
                          <Axles>
                                                  <Axle Frame="BoneAxle1">

                                                  </Axle>
                                                  <Axle Frame="BoneAxle2">

                                                  </Axle>
                                                  <Axle Frame="BoneAxle3">

                                                  </Axle>
                          </Axles>
                          <Camera Center="(-1; 0; 0)" ParentFrame="BoneCabinDamper_cdt">
                                                  <Cockpit WindshieldDiffuseTexture="trucks/step_39331_pike_glasses__d_a.tga" _template="Default" WindshieldShadingTexture="trucks/step_39331_pike_glasses__sh_d.tga" ViewPos="(1; 2.2; 0.532)">
                                                        <Mirror FOVScale="2" ClipDir="(-0.934; 0; -0.358)" MeshFrame="mirror_left" Pos="(1.773; 2.127; 1.243)" ReflectionDir="(-0.934; 0; -0.358)" Size="(0.19; 0.28)" ClipOffset="0.1">

                                                        </Mirror>
                                                        <Mirror FOVScale="2" ClipDir="(-0.788; 0; 0.616)" MeshFrame="mirror_right" Pos="(1.813; 2.128; -1.288)" ReflectionDir="(-0.788; 0; 0.616)" Size="(0.19; 0.28)" ClipOffset="0.1">

                                                        </Mirror>
                                                        <Mirror FOVScale="1.5" ClipDir="(-0.98; -0.199; 0)" MeshFrame="hp_cab_mirror" Pos="(1.676; 2.476; 0)" ReflectionDir="(-0.908; -0.274; 0.317)" Size="(0.22; 0.06)" ClipOffset="0.1">

                                                        </Mirror>
                                                  </Cockpit>
                          </Camera>
                                                  <CompatibleWheels Type="wheels_step_39331_pike" Scale="0.52" RearOffsetZ="0.03">

                                                  </CompatibleWheels>
                                                  <CompatibleWheels Type="wheels_heavy_single2" Scale="0.52" RearOffsetZ="0.01" OffsetZ="0.06">

                                                  </CompatibleWheels>
                                                  <CompatibleWheels Type="wheels_heavy_single2" Scale="0.55" RearOffsetZ="0.01" OffsetZ="0.06">

                                                  </CompatibleWheels>
                                                  <CompatibleWheels Type="wheels_heavy_double1" Scale="0.52" RearOffsetZ="0.03" OffsetZ="-0.001">

                                                  </CompatibleWheels>
                                                  <CompatibleWheels Type="wheels_heavy_double1" Scale="0.55" RearOffsetZ="0.03" OffsetZ="-0.001">

                                                  </CompatibleWheels>
                                                    <LimitedFluid SizeX="0.921" Center="(-0.068; 0.875; 0.84)" Type="Box" SizeZ="0.519" SizeY="0.271">

                                                    </LimitedFluid>
                                                    <LimitedFluid SizeX="0.921" Center="(-0.068; 0.875; -0.84)" Type="Box" SizeZ="0.519" SizeY="0.271">

                                                    </LimitedFluid>
                          <Sounds ParentFrame="BoneCabin_cdt" _template="Default" AirHissInterval="12.0" MinDist="12.0" Origin="(2; 1.5; 0)" DisableReversePitch="false">
                                                        <Reverse Sound="">

                                                        </Reverse>
                                                        <EngineTrans Sound="">

                                                        </EngineTrans>
                                                        <EngineLow Sound="trucks/step_39331_pike/step_39331_pike_low">

                                                        </EngineLow>
                                                        <BrakePull Sound="trucks/step_39331_pike/step_39331_pike_brake_pull">

                                                        </BrakePull>
                                                        <EngineHigh Sound="trucks/step_39331_pike/step_39331_pike_high">

                                                        </EngineHigh>
                                                        <HandbrakeOff Sound="trucks/step_39331_pike/step_39331_pike_handbrake_off">

                                                        </HandbrakeOff>
                                                        <Gear Sound="trucks/step_39331_pike/step_39331_pike_gear_shift">

                                                        </Gear>
                                                        <ChassisStress Sound="trucks/common/truck_stress_rnd_set/truck_stress_rnd">

                                                        </ChassisStress>
                                                        <AbruptStop Sound="trucks/common/truck_swing_big_old_rnd_set/truck_swing_big_old_rnd">

                                                        </AbruptStop>
                                                        <EngineHeavy_2d IsSound2D="true" Sound="">

                                                        </EngineHeavy_2d>
                                                        <EngineRev Sound="trucks/step_39331_pike/step_39331_pike_rev">

                                                        </EngineRev>
                                                        <EngineHeavy Sound="">

                                                        </EngineHeavy>
                                                        <EngineLow_2d IsSound2D="true" Sound="trucks/step_39331_pike/step_39331_pike_low_2d">

                                                        </EngineLow_2d>
                                                        <EngineHigh_2d IsSound2D="true" Sound="trucks/step_39331_pike/step_39331_pike_high_2d">

                                                        </EngineHigh_2d>
                                                        <EngineIdle Sound="trucks/step_39331_pike/step_39331_pike_idle">

                                                        </EngineIdle>
                                                        <EngineIdle_2d IsSound2D="true" Sound="trucks/step_39331_pike/step_39331_pike_idle_2d">

                                                        </EngineIdle_2d>
                                                        <EngineStart Sound="trucks/step_39331_pike/step_39331_pike_start">

                                                        </EngineStart>
                                                        <Handbrake Sound="trucks/step_39331_pike/step_39331_pike_handbrake_on">

                                                        </Handbrake>
                                                        <BrakeRelease Sound="trucks/step_39331_pike/step_39331_pike_brake_release">

                                                        </BrakeRelease>
                                                        <GearFail Sound="trucks/step_39331_pike/step_39331_pike_gear_wrong">

                                                        </GearFail>
                                                        <EngineAccel Sound="trucks/step_39331_pike/step_39331_pike_acc">

                                                        </EngineAccel>
                                                        <EngineStop Sound="trucks/step_39331_pike/step_39331_pike_stop">

                                                        </EngineStop>
                                                        <BrakesSqueal Sound="trucks/step_39331_pike/step_39331_pike_brakes_squeal">

                                                        </BrakesSqueal>
                                                        <Honk Sound="trucks/step_39331_pike/step_39331_pike_honk">

                                                        </Honk>
                          </Sounds>
                          <GearboxSocket Type="gearboxes_trucks" Default="g_truck_default">

                          </GearboxSocket>
                          <Steam Origin="(0.5; 1; 0)">

                          </Steam>
                          <Wheels DefaultWheelType="wheels_step_39331_pike" DefaultTire="tire_1" DefaultRim="rim_1">
                                                                <Wheel Pos="(2.338; 0.523; 0.91)" _template="FrontWheel">

                                                                </Wheel>
                                                                <Wheel RightSide="true" Pos="(2.338; 0.523; 0.91)" _template="FrontWheel">

                                                                </Wheel>
                                                                <Wheel Pos="(-1.865; 0.541; 0.983)" _template="RearWheel">

                                                                </Wheel>
                                                                <Wheel RightSide="true" Pos="(-1.865; 0.541; 0.983)" _template="RearWheel">

                                                                </Wheel>
                                                                <Wheel Pos="(-3.291; 0.541; 0.983)" _template="RearWheel">

                                                                </Wheel>
                                                                <Wheel RightSide="true" Pos="(-3.291; 0.541; 0.983)" _template="RearWheel">

                                                                </Wheel>
                          </Wheels>
                          <WinchUpgradeSocket Type="winches_medium_trucks" Default="w_medium_trucks_default" IsUpgradable="true">

                          </WinchUpgradeSocket>
                          <SteeringRack Frame="BoneRack" RackHalfSizeZ="0.681" FrameSteerLeft="BoneRackL" FrameSteerRight="BoneRackR">

                          </SteeringRack>
                          <SteeringWheel Frame="BoneSteering">

                          </SteeringWheel>
                          <SoundsWheels _template="Default">

                          </SoundsWheels>
                          <Damage>
                                                                          <DamageArea Min="(1.3; 0.8; -0.43)" ParentFrame="BoneCabin_cdt" Max="(3.3; 1.8; 0.43)" Type="Engine">

                                                                          </DamageArea>
                                                                          <DamageArea Min="(-0.6; 0.7; -1.2)" ParentFrame="BoneChassis_cdt" Max="(0.45; 1.1; 1.2)" Type="FuelTank">

                                                                          </DamageArea>
                          </Damage>
                          <Shafts>
                                                                            <Shaft SocketPointA="Shaft1a" SocketPointB="Shaft1b">

                                                                            </Shaft>
                                                                            <Shaft SocketPointA="Shaft2a" SocketPointB="Shaft2b">

                                                                            </Shaft>
                                                                            <Shaft SocketPointA="Shaft3a" SocketPointB="Shaft3b">

                                                                            </Shaft>
                                                                            <Shaft SocketPointA="Shaft4a" SocketPointB="Shaft4b">

                                                                            </Shaft>
                          </Shafts>
        </TruckData>
  </Truck>