  <_templates Include="trucks">
      <Wheel>
          <MiddleAxle Location="middle" MeshType="front" Torque="none">

          </MiddleAxle>
          <FirstAxle ParentFrame="BoneCabin_cdt" SteeringAngle="36" Location="front" SteeringJointOffset="0.23" Torque="connectable" SteeringCastor="0">

          </FirstAxle>
          <RearAxle Location="rear" ConnectedToHandbrake="true" Torque="default">

          </RearAxle>
      </Wheel>
      <Body>
            <Sunshield Mass="10" Collisions="None">
                <Constraint Type="Hinge" MaxLimit="3" AxisLocal="(0; 0; 1)" MinLimit="-10">
                    <Motor Spring="100" Damping="1" Type="Spring">

                    </Motor>
                </Constraint>
            </Sunshield>
            <Mirror Mass="10" Collisions="None">
                  <Constraint Type="Hinge" MaxLimit=".5" AxisLocal="(0; 1; 0)" MinLimit="-.5">
                      <Motor Spring="300" Damping="10" Type="Spring">

                      </Motor>
                  </Constraint>
            </Mirror>
      </Body>
  </_templates>
  <Truck>
        <HeadLight Pos="(7.291; 1.135; 0)" ParentFrame="BoneCabinDamper_cdt" _template="Default">

        </HeadLight>
        <GameData UnlockByExploration="false" Price="120600" UnlockByRank="1" Country="US">
              <CustomizationCameras>
                    <CameraPos Name="roof_sticker" InterestPosition="(2.6046;0.1992;-0.2077)" Position="(8.1671;5.8626;-0.8258)" FOV="32.0">

                    </CameraPos>
                    <CameraPos Name="sticker_1" InterestPosition="(5.9013;2.4697;1.0819)" Position="(4.5314;2.6541;-0.1067)" Interior="true" FOV="32.0">

                    </CameraPos>
                    <CameraPos MaxZoom="2" Name="addon_1" MaxYRotation="360" InterestPosition="(0.5466;2.1712;0.3445)" Position="(-7.8379;3.3053;-5.935)" MaxXRotation="360" FOV="32.0">

                    </CameraPos>
                    <CameraPos MaxZoom="2" Name="addon_2" MaxYRotation="360" InterestPosition="(4.5224;0.2354;-0.9034)" Position="(10.2762;3.817;4.3185)" MaxXRotation="360" FOV="32.0">

                    </CameraPos>
                    <CameraPos Name="mirror_mount" InterestPosition="(8.2266;1.9061;1.0326)" Position="(4.4868;2.6778;0.0316)" Interior="true" FOV="32.0">

                    </CameraPos>
                    <CameraPos Name="curtain" InterestPosition="(8.2266;1.9061;1.0326)" Position="(4.4868;2.6778;0.0316)" Interior="true" FOV="32.0">

                    </CameraPos>
                    <CameraPos MaxZoom="2" Name="side_r" MaxYRotation="360" InterestPosition="(6.1747;1.9965;-0.1672)" Position="(-0.9184;3.1908;5.3884)" MaxXRotation="360" FOV="32.0">

                    </CameraPos>
                    <CameraPos MaxZoom="2" Name="hood_ornament" MaxYRotation="360" InterestPosition="(6.7755;1.7628;-1.0293)" Position="(9.4264;2.5184;-1.3906)" MaxXRotation="360" FOV="32.0">

                    </CameraPos>
                    <CameraPos Name="sticker" InterestPosition="(4.9934;1.1695;1.2461)" Position="(4.9177;2.6401;-0.488)" Interior="true" FOV="32.0">

                    </CameraPos>
                    <CameraPos Name="glass_sticker" InterestPosition="(6.0131;1.9068;-0.9389)" Position="(10.5558;4.1465;1.2529)" FOV="32.0">

                    </CameraPos>
                    <CameraPos MaxZoom="2" Name="door_r_sticker" MaxYRotation="360" InterestPosition="(7.1386;1.0165;0.4015)" Position="(2.6318;2.5627;4.6067)" MaxXRotation="360" FOV="32.0">

                    </CameraPos>
                    <CameraPos MaxZoom="2" Name="roof" MaxYRotation="360" InterestPosition="(4.8075;1.7819;-0.5061)" Position="(11.5734;5.499;2.9506)" MaxXRotation="360" FOV="32.0">

                    </CameraPos>
                    <CameraPos Name="capote_sticker" InterestPosition="(3.9262;0.6606;-0.1333)" Position="(11.0771;4.3557;-1.4418)" FOV="32.0">

                    </CameraPos>
                    <CameraPos MaxZoom="2" Name="hoods" MaxYRotation="360" InterestPosition="(4.917;1.1805;0.0416)" Position="(12.9344;2.3941;-2.4991)" MaxXRotation="360" FOV="32.0">

                    </CameraPos>
                    <CameraPos Name="sticker_2" InterestPosition="(4.9981;2.6435;1.9756)" Position="(5.005;2.4489;-0.2156)" Interior="true" FOV="32.0">

                    </CameraPos>
                    <CameraPos MaxZoom="2" Name="side_l" MaxYRotation="360" InterestPosition="(5.352;1.4804;-0.6376)" Position="(12.1224;3.0781;3.9707)" MaxXRotation="360" FOV="32.0">

                    </CameraPos>
                    <CameraPos Name="bubble_head" InterestPosition="(8.2094;1.1294;2.4371)" Position="(4.8637;2.6778;-0.3555)" Interior="true" FOV="32.0">

                    </CameraPos>
                    <CameraPos MaxZoom="2" Name="wheels" MaxYRotation="360" InterestPosition="(4.2563;0.1911;0.0743)" Position="(9.425;1.166;-3.8567)" MaxXRotation="360" FOV="32.0">

                    </CameraPos>
                    <CameraPos MaxZoom="2" Name="default" MaxYRotation="360" InterestPosition="(3.5757;0.9619;0.6485)" Position="(13.0777;2.6859;-3.2317)" MaxXRotation="360" FOV="32.0">

                    </CameraPos>
                    <CameraPos MaxZoom="2" Name="rear" MaxYRotation="360" InterestPosition="(4.0558;0.4434;0.0672)" Position="(-2.7801;1.9549;2.0037)" MaxXRotation="360" FOV="32.0">

                    </CameraPos>
                    <CameraPos Name="door_l_sticker" InterestPosition="(3.9846;1.6536;-1.3169)" Position="(2.7108;2.5984;-4.668)" FOV="32.0">

                    </CameraPos>
              </CustomizationCameras>
              <UiDesc UiName="UI_VEHICLE_WESTERN_STAR_NF1430_NAME" UiDesc="UI_VEHICLE_WESTERN_STAR_NF1430_DESC" UiIconLogo="WesternStarLogo80" UiIcon40x40="heavyVehicleImg" UiIcon30x30="heavyVehicleImg30" UiIcon328x458="shopImgWs1430">

              </UiDesc>
                    <AddonSockets>
                        <Socket Offset="(1.953; 1.157; 0)" Names="FrameAddonTowPlatform" NamesBlock="Trailer">
                            <ExtraParent Offset="(0; 0; 0.08)" Frame="BoneChassis_cdt">

                            </ExtraParent>
                            <ExtraParent Offset="(0; 0; -0.08)" Frame="BoneChassis_cdt">

                            </ExtraParent>
                        </Socket>
                        <Socket Offset="(-3.25; 1.08; 0)" Names="BunkLog">

                        </Socket>
                        <Socket Offset="(1.64; 1.08; 0)" Names="FrameAddonLogShort">

                        </Socket>
                        <Socket Offset="(0.999; 1.08; 0)" Names="FrameAddonLogMedium">

                        </Socket>
                        <Socket Offset="(-0.419; 1.08; 0)" Names="SaddleLow">

                        </Socket>
                        <Socket Offset="(0.042; 1.08; 0)" Names="SaddleHigh">
                            <ExtraParent Offset="(0; 0; 0.017)" Frame="BoneChassis_cdt">

                            </ExtraParent>
                            <ExtraParent Offset="(0; 0; -0.017)" Frame="BoneChassis_cdt">

                            </ExtraParent>
                        </Socket>
                        <Socket Offset="(0.441; 1.08; 0)" Names="FrameAddon">

                        </Socket>
                        <Socket Offset="(0.309; 1.08; 0)" Names="FrameAddonTank">

                        </Socket>
                        <Socket Offset="(2.56; 1.08; 0)" Names="FrameAddonSeismicVibrator" NamesBlock="Trailer">

                        </Socket>
                        <Socket Offset="(0.554; 0.05; 0)" Names="FrameAddonMaintainer" NamesBlock="Trailer">

                        </Socket>
                        <Socket Offset="(0.346; 1.165; 0)" Names="FrameAddonKung">
                            <ExtraParent Offset="(0; 0; -0.07)" Frame="BoneChassis_cdt">

                            </ExtraParent>
                            <ExtraParent Offset="(0; 0; 0.07)" Frame="BoneChassis_cdt">

                            </ExtraParent>
                        </Socket>
                        <Socket Offset="(0.573; 1.180; 0)" Names="BigCraneUs">
                            <ExtraParent Offset="(0; -0.1; 0.02)" Frame="BoneChassis_cdt">

                            </ExtraParent>
                            <ExtraParent Offset="(0; -0.1; -0.02)" Frame="BoneChassis_cdt">

                            </ExtraParent>
                        </Socket>
                    </AddonSockets>
                    <AddonSockets>
                      <Socket Offset="(4.352; 1.093; 0)" Names="LogLift" NamesBlock="FrameAddonKung, BigCraneUs, MinicraneUS, FrameAddon, FrameAddonTank, FrameAddonMaintainer, FrameAddonSeismicVibrator, FrameAddonTowPlatform, FrameAddonLogShort, FrameAddonLogMedium">

                      </Socket>
                    </AddonSockets>
                    <AddonSockets>
                      <Socket ParentFrame="BoneCabin_cdt" Offset="(3.557; 1.08; 0)" Names="MinicraneUS" NamesBlock="BigCraneUs, FrameAddonTank, FrameAddonMaintainer, FrameAddonTowPlatform, FrameAddonLogShort, FrameAddonLogMedium">

                      </Socket>
                    </AddonSockets>
                    <AddonSockets>
                        <Socket Offset="(-0.419; 1.457; 0)" Names="Semitrailer, SemitrailerOiltank">

                        </Socket>
                        <Socket Offset="(0.042; 1.593; 0)" Names="LargeSemitrailer, LargeSemitrailerOiltank">

                        </Socket>
                        <Socket Offset="(-2.195; 0.835; 0)" Names="Trailer">

                        </Socket>
                    </AddonSockets>
                    <AddonSockets DefaultAddon="western_star_nf1430_bumper_default">
                        <Socket Names="nf1430Bumper" ParentFrame="BoneCabin_cdt">

                        </Socket>
                        <Socket Names="nf1430Bumper2" ParentFrame="BoneCabin_cdt">
                          <ExtraParent Frame="BoneCabinDamper_cdt">

                          </ExtraParent>
                        </Socket>
                    </AddonSockets>
                    <AddonSockets DefaultAddon="western_star_nf1430_horns_default">
                      <Socket Names="nf1430Horn" ParentFrame="BoneCabinDamper_cdt">

                      </Socket>
                    </AddonSockets>
                    <AddonSockets DefaultAddon="western_star_nf1430_gabarite_default">
                      <Socket Names="nf1430Gabarite" ParentFrame="BoneCabinDamper_cdt">

                      </Socket>
                    </AddonSockets>
                    <AddonSockets DefaultAddon="western_star_nf1430_exhaust_default">
                      <Socket Names="nf1430Exhaust" ParentFrame="BoneCabinDamper_cdt">
                          <ExtraParent Frame="BoneCabin_cdt">

                          </ExtraParent>
                      </Socket>
                    </AddonSockets>
                    <AddonSockets>
                      <Socket Names="nf1430Beacon" ParentFrame="BoneCabinDamper_cdt">

                      </Socket>
                    </AddonSockets>
                    <AddonSockets>
                      <Socket Names="nf1430AirConditioner" ParentFrame="BoneCabinDamper_cdt">

                      </Socket>
                    </AddonSockets>
                    <AddonSockets>
                      <Socket Names="nf1430Snorkel" ParentFrame="BoneCabinDamper_cdt">

                      </Socket>
                    </AddonSockets>
                    <AddonSockets>
                      <Socket NamesBlock="nf1430Bumper2" Names="nf1430Spotlight" ParentFrame="BoneCabinDamper_cdt">

                      </Socket>
                    </AddonSockets>
                    <AddonSockets>
                      <Socket Names="nf1430Visor" ParentFrame="BoneCabinDamper_cdt">

                      </Socket>
                    </AddonSockets>
                    <AddonSockets DefaultAddon="western_star_nf1430_transferbox_default">
                      <Socket Offset="(0; 0; 0)" Names="WSnf1430TransferBox" ParentFrame="BoneChassis_cdt">

                      </Socket>
                    </AddonSockets>
                    <AddonSockets>
                      <Socket ParentFrame="BoneCabinDamper_cdt" Offset="(5.559; 2.688; 0)" Names="StuffAirfreshener" InCockpit="true">

                      </Socket>
                    </AddonSockets>
                    <AddonSockets>
                      <Socket ParentFrame="BoneCabinDamper_cdt" Offset="(5.654; 2.217; -0.155)" Names="StuffDashboard" InCockpit="true">

                      </Socket>
                    </AddonSockets>
                    <AddonSockets>
                      <Socket Offset="(0.207; -0.013; 0)" Names="StuffHoodNF1430" ParentFrame="BoneCabinDamper_cdt">

                      </Socket>
                    </AddonSockets>
                    <AddonSockets>
                      <Socket ParentFrame="BoneCabinDamper_cdt" Names="StuffCurtainNF1430" InCockpit="true">

                      </Socket>
                    </AddonSockets>
                    <AddonSockets>
                      <Socket ParentFrame="BoneCabinDamper_cdt" Names="westernStarNf1430Sticker_1x1_01" InCockpit="true">

                      </Socket>
                    </AddonSockets>
                    <AddonSockets>
                      <Socket ParentFrame="BoneCabinDamper_cdt" Names="westernStarNf1430Sticker_1x1_02" InCockpit="true">

                      </Socket>
                    </AddonSockets>
                    <AddonSockets>
                      <Socket ParentFrame="BoneCabinDamper_cdt" Names="westernStarNf1430Sticker_1x2_01" InCockpit="true">

                      </Socket>
                    </AddonSockets>
                    <AddonSockets>
                      <Socket ParentFrame="BoneCabinDamper_cdt" Names="westernStarNf1430Sticker_1x2_02" InCockpit="true">

                      </Socket>
                    </AddonSockets>
                    <AddonSockets>
                      <Socket ParentFrame="BoneCabinDamper_cdt" Names="westernStarNf1430Sticker_1x4_01" InCockpit="true">

                      </Socket>
                    </AddonSockets>
                    <AddonSockets>
                      <Socket ParentFrame="BoneCabinDamper_cdt" Names="westernStarNf1430Sticker_1x4_02" InCockpit="true">

                      </Socket>
                    </AddonSockets>
                    <AddonSockets>
                      <Socket Names="westernStarNf1430Sticker_Door_R" ParentFrame="BoneCabinDamper_cdt">

                      </Socket>
                    </AddonSockets>
                    <AddonSockets>
                      <Socket Names="westernStarNf1430Sticker_Door_L" ParentFrame="BoneCabinDamper_cdt">

                      </Socket>
                    </AddonSockets>
                    <AddonSockets>
                      <Socket Names="westernStarNf1430Sticker_Roof" ParentFrame="BoneCabinDamper_cdt">

                      </Socket>
                    </AddonSockets>
                    <AddonSockets>
                      <Socket Names="westernStarNf1430Sticker_Capote" ParentFrame="BoneCabinDamper_cdt">

                      </Socket>
                    </AddonSockets>
                    <AddonSockets>
                      <Socket Names="westernStarNf1430Sticker_GlassBot" ParentFrame="BoneCabinDamper_cdt">

                      </Socket>
                    </AddonSockets>
                    <AddonSockets DefaultAddon="zikz_5368_diff_lock_default">
                      <Socket Offset="(0; 0; 0)" Names="ZiKZ5368DiffLock" ParentFrame="BoneChassis_cdt">

                      </Socket>
                    </AddonSockets>
                      <CraneSocket Pos="(7.311; 0.822; 0)" ParentFrame="BoneCabin_cdt">

                      </CraneSocket>
                      <CraneSocket Pos="(7.220; 0.852; -0.599)" ParentFrame="BoneCabin_cdt">

                      </CraneSocket>
                      <CraneSocket Pos="(7.220; 0.852; 0.599)" ParentFrame="BoneCabin_cdt">

                      </CraneSocket>
                      <CraneSocket Pos="(3.629; 0.923; 0.43)" ParentFrame="BoneCabin_cdt">

                      </CraneSocket>
                      <CraneSocket Pos="(3.96; 0.923; -0.43)" ParentFrame="BoneCabin_cdt">

                      </CraneSocket>
                      <CraneSocket Pos="(0.976; 0.924; -0.429)">

                      </CraneSocket>
                      <CraneSocket Pos="(0.976; 0.924; 0.429)">

                      </CraneSocket>
                      <CraneSocket Pos="(-1.918; 0.924; -0.429)">

                      </CraneSocket>
                      <CraneSocket Pos="(-1.918; 0.924; 0.429)">

                      </CraneSocket>
                      <CraneSocket Pos="(-2.181; 0.841; 0.001)">

                      </CraneSocket>
                        <WinchSocket Pos="(7.311; 0.822; 0)" ParentFrame="BoneCabin_cdt">

                        </WinchSocket>
                        <WinchSocket Pos="(7.220; 0.852; -0.599)" ParentFrame="BoneCabin_cdt">

                        </WinchSocket>
                        <WinchSocket Pos="(7.220; 0.852; 0.599)" ParentFrame="BoneCabin_cdt">

                        </WinchSocket>
                        <WinchSocket Pos="(3.629; 0.923; 0.43)" ParentFrame="BoneCabin_cdt">

                        </WinchSocket>
                        <WinchSocket Pos="(3.96; 0.923; -0.43)" ParentFrame="BoneCabin_cdt">

                        </WinchSocket>
                        <WinchSocket Pos="(0.976; 0.924; -0.429)">

                        </WinchSocket>
                        <WinchSocket Pos="(0.976; 0.924; 0.429)">

                        </WinchSocket>
                        <WinchSocket Pos="(-1.918; 0.924; -0.429)">

                        </WinchSocket>
                        <WinchSocket Pos="(-1.918; 0.924; 0.429)">

                        </WinchSocket>
                        <WinchSocket Pos="(-2.181; 0.841; 0.001)">

                        </WinchSocket>
        </GameData>
        <PhysicsModel Mesh="trucks/western_star_nf1430">
                <Body NetSync="pv" CenterOfMassOffset="(0; -0; 0)" ModelFrame="BoneChassis_cdt" Mass="3000" ImpactType="Truck">
                    <Body NetSync="pv" CenterOfMassOffset="(0.5; 0; 0)" ModelFrame="BoneCabin_cdt" Mass="3000" ImpactType="Truck">
                        <Constraint Type="Hinge" MaxLimit="5" AxisLocal="(1; 0; 0)" MinLimit="-5" PivotOffset="(0; 0; 0)">
                            <Motor Spring="400000" Damping="100000" Type="Spring">

                            </Motor>
                        </Constraint>
                            <Body ModelFrame="BoneCabinDamper_cdt" Mass="1300" ImpactType="Truck">
                              <Constraint Type="Hinge" MaxLimit="5" AxisLocal="(1; 0; 0)" MinLimit="-5">
                                  <Motor Spring="150000" Damping="40000" Type="Spring">

                                  </Motor>
                              </Constraint>
                                  <Body ModelFrame="BoneMirrorLeft_cdt" _template="Mirror">

                                  </Body>
                                  <Body ModelFrame="BoneMirrorRight_cdt" _template="Mirror">

                                  </Body>
                                  <Body ModelFrame="BoneSunshieldLeft_cdt" _template="Sunshield">

                                  </Body>
                                  <Body ModelFrame="BoneSunshieldRight_cdt" _template="Sunshield">

                                  </Body>
                            </Body>
                            <Body ModelFrame="BoneTieRodL1_cdt" _template="TieRod">
                              <Constraint MaxLimit="28" AxisLocal="(0; 0; 1)" MinLimit="-28" Name="TieRodSteer">

                              </Constraint>
                            </Body>
                            <Body ModelFrame="BoneTieRodR1_cdt" _template="TieRod">
                              <Constraint MaxLimit="28" AxisLocal="(0; 0; -1)" MinLimit="-28" Name="TieRodSteer2">

                              </Constraint>
                            </Body>
                    </Body>
                </Body>
                <NetSync Legacy="false">

                </NetSync>
        </PhysicsModel>
        <ControlledConstraints>
                    <Constraint IsLinkedSteering="true" Id="chassis_steer" Name="TieRodSteer">

                    </Constraint>
                    <Constraint IsLinkedSteering="true" Id="chassis_steer" Name="TieRodSteer2">

                    </Constraint>
        </ControlledConstraints>
        <ModelAttachments>
                    <HeadLight>
                          <Flare Pos="(6.845; 1.163; -1.059)" _template="HeadLight" Color="g(255; 235; 215) x 1" Size=".1" ParentFrame="BoneCabinDamper_cdt">

                          </Flare>
                          <Flare Pos="(6.845; 1.163; 1.059)" _template="HeadLight" Color="g(255; 235; 215) x 1" Size=".1" ParentFrame="BoneCabinDamper_cdt">

                          </Flare>
                          <Flare Pos="(6.974; 1.162; -0.896)" _template="HeadLight" Color="g(255; 235; 215) x 1" Size=".1" ParentFrame="BoneCabinDamper_cdt">

                          </Flare>
                          <Flare Pos="(6.974; 1.162; 0.896)" _template="HeadLight" Color="g(255; 235; 215) x 1" Size=".1" ParentFrame="BoneCabinDamper_cdt">

                          </Flare>
                          <Flare Pos="(6.845; 1.163; -1.059)" ParentFrame="BoneCabinDamper_cdt" _template="BlueStreak">

                          </Flare>
                          <Flare Pos="(6.845; 1.163; 1.059)" ParentFrame="BoneCabinDamper_cdt" _template="BlueStreak">

                          </Flare>
                            <Model Org="(6.845; 1.163; -1.059)" ParentFrame="BoneCabinDamper_cdt" _template="HeadLightRay">

                            </Model>
                            <Model Org="(6.845; 1.163; 1.059)" ParentFrame="BoneCabinDamper_cdt" _template="HeadLightRay">

                            </Model>
                    </HeadLight>
                    <StopSignals>
                          <Light Pos="(-2.359; 0.6; 0)" _template="StopSignal">

                          </Light>
                              <Flare Pos="(-1.864; 0.681; 0.285)" Size="0.3" _template="StopSignal">

                              </Flare>
                              <Flare Pos="(-1.864; 0.681; -0.285)" Size="0.3" _template="StopSignal">

                              </Flare>
                    </StopSignals>
                    <Ignition>
                              <Light Pos="(-2.359; 0.6; 0)" _template="StopSignal">

                              </Light>
                              <Light Pos="(7.445; 1.163; -1.059)" _template="IgnitionSignalWhite" Color="g(255; 235; 215) x 1.0" ParentFrame="BoneCabinDamper_cdt">

                              </Light>
                              <Light Pos="(7.445; 1.163; 1.059)" _template="IgnitionSignalWhite" Color="g(255; 235; 215) x 1.0" ParentFrame="BoneCabinDamper_cdt">

                              </Light>
                                <Flare Pos="(6.051; 1.341; -1.26)" Dir="(0; 0; -1)" _template="IgnitionSignalOrange" Color="g(255; 140; 0) x 0.3" Size="0.4" ParentFrame="BoneCabinDamper_cdt">

                                </Flare>
                                <Flare Pos="(6.051; 1.341; 1.26)" Dir="(0; 0; 1)" _template="IgnitionSignalOrange" Color="g(255; 140; 0) x 0.3" Size="0.4" ParentFrame="BoneCabinDamper_cdt">

                                </Flare>
                                <Flare Pos="(6.93; 1.234; 1.003)" Dir="(0; 0; 1)" _template="IgnitionSignalOrange" ParentFrame="BoneCabinDamper_cdt" AspectRatio="5" Size="0.2" Color="g(255; 140; 0) x 0.4">

                                </Flare>
                                <Flare Pos="(6.93; 1.234; -1.003)" Dir="(0; 0; -1)" _template="IgnitionSignalOrange" ParentFrame="BoneCabinDamper_cdt" AspectRatio="5" Size="0.2" Color="g(255; 140; 0) x 0.4">

                                </Flare>
                                <Flare Pos="(6.337; 1.706; 1.035)" Dir="(1; 0; 0.3)" _template="IgnitionSignalOrange" ParentFrame="BoneCabinDamper_cdt" AspectRatio="0.5" Size="0.5" Color="g(255; 140; 0) x 0.4">

                                </Flare>
                                <Flare Pos="(6.337; 1.706; -1.035)" Dir="(1; 0; -0.3)" _template="IgnitionSignalOrange" ParentFrame="BoneCabinDamper_cdt" AspectRatio="0.5" Size="0.5" Color="g(255; 140; 0) x 0.4">

                                </Flare>
                                <Flare Pos="(6.463; 1.599; -0.985)" Dir="(0.589; 0; -0.808)" _template="IgnitionSignalOrange" ParentFrame="BoneCabin_cdt" AspectRatio="3" Size="0.3" Color="g(255; 140; 0) x 0.2">

                                </Flare>
                                <Flare Pos="(6.463; 1.815; -0.974)" Dir="(0.589; 0; -0.808)" _template="IgnitionSignalOrange" ParentFrame="BoneCabin_cdt" AspectRatio="3" Size="0.3" Color="g(255; 140; 0) x 0.2">

                                </Flare>
                                <Flare Pos="(6.463; 1.599; 0.985)" Dir="(0.589; 0; 0.808)" _template="IgnitionSignalOrange" ParentFrame="BoneCabin_cdt" AspectRatio="3" Size="0.3" Color="g(255; 140; 0) x 0.2">

                                </Flare>
                                <Flare Pos="(6.463; 1.815; 0.974)" Dir="(0.589; 0; 0.808)" _template="IgnitionSignalOrange" ParentFrame="BoneCabin_cdt" AspectRatio="3" Size="0.3" Color="g(255; 140; 0) x 0.2">

                                </Flare>
                                <Flare Pos="(-1.864; 0.681; 0.285)" Dir="(-1; 0; 0)" _template="IgnitionSignalRed">

                                </Flare>
                                <Flare Pos="(-1.864; 0.681; -0.285)" Dir="(-1; 0; 0)" _template="IgnitionSignalRed">

                                </Flare>
                                <Flare Pos="(6.845; 1.163; -1.059)" _template="IgnitionSignalWhite" Color="g(255; 235; 215) x 0.3" Size="0.3" ParentFrame="BoneCabinDamper_cdt">

                                </Flare>
                                <Flare Pos="(6.845; 1.163; 1.059)" _template="IgnitionSignalWhite" Color="g(255; 235; 215) x 0.3" Size="0.3" ParentFrame="BoneCabinDamper_cdt">

                                </Flare>
                                <Flare Pos="(6.974; 1.162; -0.896)" _template="IgnitionSignalWhite" Color="g(255; 235; 215) x 0.3" Size="0.3" ParentFrame="BoneCabinDamper_cdt">

                                </Flare>
                                <Flare Pos="(6.974; 1.162; 0.896)" _template="IgnitionSignalWhite" Color="g(255; 235; 215) x 0.3" Size="0.3" ParentFrame="BoneCabinDamper_cdt">

                                </Flare>
                    </Ignition>
                    <ReverseSignals>
                              <Light Pos="(-2.306; 0.471; 0)" _template="ReverseSignal">

                              </Light>
                                  <Flare Pos="(-1.863; 0.715; 0.287)" _template="ReverseSignal" Color="g(255; 235; 245) x 0.5" Size="0.2">

                                  </Flare>
                                  <Flare Pos="(-1.863; 0.715; -0.287)" _template="ReverseSignal" Color="g(255; 235; 245) x 0.5" Size="0.2">

                                  </Flare>
                                  <Flare Pos="(-1.863; 0.715; 0.287)" Dir="(-1; 0; 0)" _template="BlueStreak" Color="g(220; 220; 255) x 0.05" Size="0.4">

                                  </Flare>
                                  <Flare Pos="(-1.863; 0.715; -0.287)" Dir="(-1; 0; 0)" _template="BlueStreak" Color="g(220; 220; 255) x 0.05" Size="0.4">

                                  </Flare>
                    </ReverseSignals>
        </ModelAttachments>
        <Landmark MaxScale="3.8" Mesh="landmarks/western_star_nf1430_lmk" MinScale="1.8">

        </Landmark>
        <AutomaticIK>
                          <IKBone ParentFrame="BoneAxleRear1" ModelFrame="Bone_IK1UpR_a">
                            <IKJoint Type="Hinge" AxisLocal="(0; 0; 1)">

                            </IKJoint>
                            <IKBone AttachToFrame="BoneChassis_cdt" AttachOffset="(0; 0; 0)" ModelFrame="Bone_IK1UpR_b">
                                  <IKJoint Type="Slider" AxisLocal="(1; 0; 0)">

                                  </IKJoint>
                            </IKBone>
                          </IKBone>
                          <IKBone ParentFrame="BoneAxleRear1" ModelFrame="Bone_IK1UpL_a">
                            <IKJoint Type="Hinge" AxisLocal="(0; 0; 1)">

                            </IKJoint>
                            <IKBone AttachToFrame="BoneChassis_cdt" AttachOffset="(0; 0; 0)" ModelFrame="Bone_IK1UpL_b">
                                  <IKJoint Type="Slider" AxisLocal="(1; 0; 0)">

                                  </IKJoint>
                            </IKBone>
                          </IKBone>
                          <IKBone ParentFrame="BoneAxleRear2" ModelFrame="Bone_IK2UpL_a">
                            <IKJoint Type="Hinge" AxisLocal="(0; 0; 1)">

                            </IKJoint>
                            <IKBone AttachToFrame="BoneChassis_cdt" AttachOffset="(0; 0; 0)" ModelFrame="Bone_IK2UpL_b">
                                  <IKJoint Type="Slider" AxisLocal="(1; 0; 0)">

                                  </IKJoint>
                            </IKBone>
                          </IKBone>
                          <IKBone ParentFrame="BoneAxleRear2" ModelFrame="Bone_IK2UpR_a">
                            <IKJoint Type="Hinge" AxisLocal="(0; 0; 1)">

                            </IKJoint>
                            <IKBone AttachToFrame="BoneChassis_cdt" AttachOffset="(0; 0; 0)" ModelFrame="Bone_IK2UpR_b">
                                  <IKJoint Type="Slider" AxisLocal="(1; 0; 0)">

                                  </IKJoint>
                            </IKBone>
                          </IKBone>
                          <IKBone ParentFrame="BoneChassis_cdt" ModelFrame="Bone_IK2DnR_a">
                            <IKJoint Type="Hinge" AxisLocal="(0; 0; 1)">

                            </IKJoint>
                            <IKBone AttachToFrame="BoneAxleRear1" AttachOffset="(0; 0; 0)" ModelFrame="Bone_IK2DnR_b">
                                  <IKJoint Type="Slider" AxisLocal="(1; 0; 0)">

                                  </IKJoint>
                            </IKBone>
                          </IKBone>
                          <IKBone ParentFrame="BoneChassis_cdt" ModelFrame="Bone_IK2DnL_a">
                            <IKJoint Type="Hinge" AxisLocal="(0; 0; 1)">

                            </IKJoint>
                            <IKBone AttachToFrame="BoneAxleRear1" AttachOffset="(0; 0; 0)" ModelFrame="Bone_IK2DnL_b">
                                  <IKJoint Type="Slider" AxisLocal="(1; 0; 0)">

                                  </IKJoint>
                            </IKBone>
                          </IKBone>
                          <IKBone ParentFrame="BoneChassis_cdt" ModelFrame="Bone_IK1DnL_a">
                            <IKJoint Type="Hinge" AxisLocal="(0; 0; 1)">

                            </IKJoint>
                            <IKBone AttachToFrame="BoneAxleRear2" AttachOffset="(0; 0; 0)" ModelFrame="Bone_IK1DnL_b">
                                  <IKJoint Type="Slider" AxisLocal="(1; 0; 0)">

                                  </IKJoint>
                            </IKBone>
                          </IKBone>
                          <IKBone ParentFrame="BoneChassis_cdt" ModelFrame="Bone_IK1DnR_a">
                            <IKJoint Type="Hinge" AxisLocal="(0; 0; 1)">

                            </IKJoint>
                            <IKBone AttachToFrame="BoneAxleRear2" AttachOffset="(0; 0; 0)" ModelFrame="Bone_IK1DnR_b">
                                  <IKJoint Type="Slider" AxisLocal="(1; 0; 0)">

                                  </IKJoint>
                            </IKBone>
                          </IKBone>
                          <IKBone ParentFrame="BoneTieRodL1_cdt" ModelFrame="BoneTieRodL2">
                            <IKJoint Type="Hinge2" AxisLocal="(1; 0; 0)">

                            </IKJoint>
                            <IKBone AttachToFrame="BoneRackLeft" AttachOffset="(0; 0; 0)" ModelFrame="BoneTieRodL3">
                                  <IKJoint Type="Slider" AxisLocal="(0; 1; 0)">

                                  </IKJoint>
                            </IKBone>
                          </IKBone>
                          <IKBone ParentFrame="BoneTieRodR1_cdt" ModelFrame="BoneTieRodR2">
                            <IKJoint Type="Hinge2" AxisLocal="(1; 0; 0)">

                            </IKJoint>
                            <IKBone AttachToFrame="BoneRackRight" AttachOffset="(0; 0; 0)" ModelFrame="BoneTieRodR3">
                                  <IKJoint Type="Slider" AxisLocal="(0; 1; 0)">

                                  </IKJoint>
                            </IKBone>
                          </IKBone>
        </AutomaticIK>
        <TruckData SteerSpeed="0.02" EngineStartDelay="3.2" EngineIconMesh="env/engine_default" TruckType="HEAVY" Responsiveness="0.3" BackSteerSpeed="0.025" TruckImage="ws1430mchr" FuelCapacity="290" DiffLockType="Installed" ExhaustStartTime="2.8" EngineIconScale="1.4">
                          <Driver Pos="(4.953; 1.797; 0.608)" AnimationSet="Truck" SteeringWheelPos="(5.379; 2.169; 0.601)">

                          </Driver>
                          <SoundsDamage _template="Heavy">

                          </SoundsDamage>
                          <OcclusionMap HalfSizeZ="1.8" MinX="-2.9" MaxX="8.1">

                          </OcclusionMap>
                          <FuelTank DamageCapacity="100">

                          </FuelTank>
                          <Intake Size="0.8" Dir="(1; 0; 0)" Origin="(7.19; 1.358; 0)">

                          </Intake>
                          <EngineSocket Type="e_us_truck_modern, e_us_truck_modern_ws_49x" Default="us_truck_modern_engine_0">

                          </EngineSocket>
                          <SuspensionSocket Type="s_western_star_nf1430" MaxWheelRadiusWithoutSuspension="0.85" Default="western_star_nf1430_suspension_default">

                          </SuspensionSocket>
                          <Dashboard>
                                              <Gauge InputRange="(0;1)" Dir="(-0.895; 0.445; 0)" InputType="rpm" Org="(5.796; 2.053; 0.701)" Damping="0.99" Mesh="trucks/arrows/western_star_nf1430_arrow_01" OutputAngles="(-94; 96)">

                                              </Gauge>
                                              <Gauge InputType="speed" Dir="(-0.895; 0.446; 0)" Org="(5.797; 2.053; 0.498)" Mesh="trucks/arrows/western_star_nf1430_arrow_01" InputRange="(0;140)" OutputAngles="(-94; 99)">

                                              </Gauge>
                                              <Gauge InputRange="(0;1)" Dir="(-0.895; 0.446; 0)" InputType="engineEnabled" Org="(5.777; 2.014; 0.732)" Damping="0.99" Mesh="trucks/arrows/western_star_nf1430_arrow_02" OutputAngles="(-110; -9)">

                                              </Gauge>
                                              <Gauge InputRange="(0;1)" Dir="(-0.895; 0.446; -0.001)" InputType="engineEnabled" Org="(5.777; 2.014; 0.468)" Damping="0.99" Mesh="trucks/arrows/western_star_nf1430_arrow_02" OutputAngles="(-109; 41)">

                                              </Gauge>
                                              <Gauge InputRange="(0;1)" Dir="(-0.895; 0.446; -0.001)" InputType="fuel" Org="(5.779; 2.022; 0.678)" Damping="0.99" Mesh="trucks/arrows/western_star_nf1430_arrow_03" OutputAngles="(-112; 110)">

                                              </Gauge>
                                              <Gauge InputRange="(0;1)" Dir="(-0.895; 0.446; 0)" InputType="engineEnabled" Org="(5.779; 2.022; 0.522)" Damping="0.99" Mesh="trucks/arrows/western_star_nf1430_arrow_03" OutputAngles="(-111; -30)">

                                              </Gauge>
                                              <Gauge InputRange="(0;1)" Dir="(-0.748; 0.371; 0.55)" InputType="engineEnabled" Org="(5.463; 2.085; 0.036)" Damping="0.99" Mesh="trucks/arrows/western_star_nf1430_arrow_04" OutputAngles="(-75; 53)">

                                              </Gauge>
                                              <Gauge InputRange="(0;1)" Dir="(-0.746; 0.371; 0.553)" InputType="engineEnabled" Org="(5.421; 2.087; -0.019)" Damping="0.99" Mesh="trucks/arrows/western_star_nf1430_arrow_04" OutputAngles="(-75; -8)">

                                              </Gauge>
                                              <Gauge InputRange="(0;1)" Dir="(-0.746; 0.371; 0.553)" InputType="engineEnabled" Org="(5.381; 2.086; -0.076)" Damping="0.99" Mesh="trucks/arrows/western_star_nf1430_arrow_04" OutputAngles="(-73; 39)">

                                              </Gauge>
                                              <Gauge InputRange="(0;1)" Dir="(-0.895; 0.446; -0.001)" InputType="engineEnabled" Org="(5.779; 2.022; 0.678)" Damping="0.99" Mesh="trucks/arrows/western_star_nf1430_arrow_05" OutputAngles="(-112; 39)">

                                              </Gauge>
                                              <Gauge InputRange="(0;1)" Dir="(-0.895; 0.446; 0)" InputType="engineEnabled" Org="(5.779; 2.022; 0.522)" Damping="0.99" Mesh="trucks/arrows/western_star_nf1430_arrow_05" OutputAngles="(-111; 81)">

                                              </Gauge>
                          </Dashboard>
                          <Axles>
                                                <Axle Frame="BoneAxleRear1">

                                                </Axle>
                                                <Axle Frame="BoneAxleRear2">

                                                </Axle>
                                                <Axle Frame="BoneAxleRear3">

                                                </Axle>
                                                <Axle Frame="BoneAxleRear4">

                                                </Axle>
                                                <Axle Frame="BoneAxleFront">

                                                </Axle>
                          </Axles>
                          <Camera Center="(1.050; 0; 0)" ParentFrame="BoneCabin_cdt">
                                                <Cockpit WindshieldDiffuseTexture="trucks/westernstar_nf1430_glass__d_a.tga" _template="Default" WindshieldShadingTexture="trucks/westernstar_nf1430_glass__sh_d.tga" ViewPos="(4.970; 2.497; 0.608)">
                                                      <Mirror FOVScale="2" ClipDir="(-0.912; -0.004; -0.411)" MeshFrame="mirror_left" Pos="(5.435; 2.393; 1.401)" ReflectionDir="(-0.912; -0.004; -0.411)" Size="(0.2; 0.32)" ClipOffset="0.25">
                                                        <SecondaryView FOVScale="1.4" ClipDir="(-0.912; -0.004; -0.411)" MeshFrame="mirror_left_convex" Pos="(5.414; 2.159; 1.39)" CurveAngle="20" Size="(0.2; 0.13)" ClipOffset="0.1">

                                                        </SecondaryView>
                                                      </Mirror>
                                                      <Mirror FOVScale="2.5" ClipDir="(-0.796; -0.027; 0.605)" MeshFrame="mirror_right" Pos="(5.437; 2.393; -1.393)" ReflectionDir="(-0.796; -0.027; 0.605)" Size="(0.2; 0.32)" ClipOffset="0.2">
                                                        <SecondaryView FOVScale="1.8" ClipDir="(-0.796; -0.027; 0.605)" MeshFrame="mirror_right_convex" Pos="(5.418; 2.159; -1.378)" CurveAngle="20" Size="(0.2; 0.13)" ClipOffset="0.1">

                                                        </SecondaryView>
                                                      </Mirror>
                                                      <Mirror ClipDir="(-0.198; -0.811; 0.55)" CurveAngle="10" Size="(0.29; 0.18)" FOVScale="2.1" ReflectionDir="(-0.198; -0.811; 0.55)" Pos="(4.985; 2.615; -1.186)" MeshFrame="mirror_additional" ClipOffset="0.1">

                                                      </Mirror>
                                                </Cockpit>
                          </Camera>
                                                <CompatibleWheels Type="wheels_heavy_double1" Scale="0.56" RearOffsetZ="0.07">

                                                </CompatibleWheels>
                                                <CompatibleWheels Type="wheels_heavy_double2" Scale="0.56" RearOffsetZ="0.07">

                                                </CompatibleWheels>
                          <LimitedFluid Type="Cylinder" Center="(4.413; 0.708; 0.811)" RadiusY="0.310" LengthX="1.187" RadiusZ="0.310">

                          </LimitedFluid>
                          <ExtraWheels Scale="0.5" WheelType="wheels_medium_double" Rim="rim_1" Tire="highway_2">
                                                        <Wheel Pos="(2.69; 0.774; 1.082)" _template="MiddleAxle">

                                                        </Wheel>
                                                        <Wheel RightSide="true" Pos="(2.69; 0.774; 1.082)" _template="MiddleAxle">

                                                        </Wheel>
                                                        <Wheel Pos="(1.471; 0.774; 1.082)" _template="MiddleAxle">

                                                        </Wheel>
                                                        <Wheel RightSide="true" Pos="(1.471; 0.774; 1.082)" _template="MiddleAxle">

                                                        </Wheel>
                          </ExtraWheels>
                          <Sounds _template="Default" Origin="(6.113; 1.33; 0)" MinDist="15.0" DisableReversePitch="true">
                                                        <Reverse Sound="trucks/western_star_nf1430/western_star_nf1430_back_beeper">

                                                        </Reverse>
                                                        <EngineTrans Sound="">

                                                        </EngineTrans>
                                                        <EngineLow Sound="trucks/western_star_nf1430/western_star_nf1430_low">

                                                        </EngineLow>
                                                        <BrakePull Sound="trucks/western_star_nf1430/western_star_nf1430_brake_pull">

                                                        </BrakePull>
                                                        <EngineHigh Sound="trucks/western_star_nf1430/western_star_nf1430_high">

                                                        </EngineHigh>
                                                        <HandbrakeOff Sound="trucks/western_star_nf1430/western_star_nf1430_handbrake_off">

                                                        </HandbrakeOff>
                                                        <AbruptStop Sound="trucks/common/truck_swing_big_rnd_set/truck_swing_big_rnd">

                                                        </AbruptStop>
                                                        <EngineRev Sound="trucks/western_star_nf1430/western_star_nf1430_rev">

                                                        </EngineRev>
                                                        <EngineHeavy_2d IsSound2D="true" Sound="trucks/western_star_nf1430/western_star_nf1430_heavy_2d">

                                                        </EngineHeavy_2d>
                                                        <EngineHeavy Sound="trucks/western_star_nf1430/western_star_nf1430_heavy">

                                                        </EngineHeavy>
                                                        <EngineHigh_2d IsSound2D="true" Sound="trucks/western_star_nf1430/western_star_nf1430_high_2d">

                                                        </EngineHigh_2d>
                                                        <EngineLow_2d IsSound2D="true" Sound="trucks/western_star_nf1430/western_star_nf1430_low_2d">

                                                        </EngineLow_2d>
                                                        <EngineIdle_2d IsSound2D="true" Sound="trucks/western_star_nf1430/western_star_nf1430_idle_2d">

                                                        </EngineIdle_2d>
                                                        <EngineStart Sound="trucks/western_star_nf1430/western_star_nf1430_start">

                                                        </EngineStart>
                                                        <Handbrake Sound="trucks/western_star_nf1430/western_star_nf1430_handbrake_on">

                                                        </Handbrake>
                                                        <BrakesSqueal Sound="trucks/western_star_nf1430/western_star_nf1430_brakes_squeal">

                                                        </BrakesSqueal>
                                                        <Honk Sound="trucks/western_star_nf1430/western_star_nf1430_honk">

                                                        </Honk>
                                                        <EngineIdle Sound="trucks/western_star_nf1430/western_star_nf1430_idle">

                                                        </EngineIdle>
                                                        <EngineStop Sound="trucks/western_star_nf1430/western_star_nf1430_stop">

                                                        </EngineStop>
                                                        <BrakeRelease Sound="trucks/western_star_nf1430/western_star_nf1430_brake_release">

                                                        </BrakeRelease>
                                                        <EngineAccel Sound="trucks/western_star_nf1430/western_star_nf1430_acc">

                                                        </EngineAccel>
                          </Sounds>
                          <Wheels DefaultWheelType="wheels_heavy_double1" DefaultTire="highway_1" DefaultRim="rim_2">
                                                            <Wheel Pos="(6.057; 0.55; 1.106)" _template="FirstAxle">

                                                            </Wheel>
                                                            <Wheel RightSide="true" Pos="(6.057; 0.55; 1.106)" _template="FirstAxle">

                                                            </Wheel>
                                                            <Wheel Pos="(0.276; 0.55; 0.856)" _template="RearAxle">

                                                            </Wheel>
                                                            <Wheel RightSide="true" Pos="(0.276; 0.55; 0.856)" _template="RearAxle">

                                                            </Wheel>
                                                            <Wheel Pos="(-1.122; 0.55; 0.856)" _template="RearAxle">

                                                            </Wheel>
                                                            <Wheel RightSide="true" Pos="(-1.122; 0.55; 0.856)" _template="RearAxle">

                                                            </Wheel>
                          </Wheels>
                                                          <Steam Origin="(4.534; 1.048; 0)" ParentFrame="BoneCabin_cdt">

                                                          </Steam>
                                                          <Steam Scale="0.7" Origin="(6.075; 0.958; 0)" ParentFrame="BoneCabin_cdt">

                                                          </Steam>
                          <GearboxSocket Type="gearboxes_trucks" Default="g_truck_default">

                          </GearboxSocket>
                          <WinchUpgradeSocket Type="winches_heavy_trucks" Default="w_heavy_trucks_default" IsUpgradable="true">

                          </WinchUpgradeSocket>
                          <SteeringRack Frame="BoneRack" RackHalfSizeZ="0.875" FrameSteerLeft="BoneRackLeft" FrameSteerRight="BoneRackRight">

                          </SteeringRack>
                          <SteeringWheel Frame="BoneSteering">

                          </SteeringWheel>
                          <SoundsWheels _template="Default">

                          </SoundsWheels>
                          <Damage>
                                                                          <DamageArea Min="(6.014; 0.479; -0.718)" ParentFrame="BoneCabinDamper_cdt" Max="(7.161; 1.78; 0.718)" Type="Engine">

                                                                          </DamageArea>
                                                                          <DamageArea Min="(3.799; 0.388; 0.492)" ParentFrame="BoneCabin_cdt" Max="(5.026; 1.029; 1.13)" Type="FuelTank">

                                                                          </DamageArea>
                          </Damage>
                          <Shafts>
                                                                            <Shaft SocketPointA="Shaft1a" SocketPointB="Shaft1b">

                                                                            </Shaft>
                                                                            <Shaft SocketPointA="Shaft2a" SocketPointB="Shaft2b">

                                                                            </Shaft>
                                                                            <Shaft SocketPointA="Shaft3a" SocketPointB="Shaft3b">

                                                                            </Shaft>
                                                                            <Shaft SocketPointA="Shaft4a" SocketPointB="Shaft4b">

                                                                            </Shaft>
                          </Shafts>
        </TruckData>
  </Truck>