  <_templates Include="trucks">
      <Wheel>
          <RearWheel Location="rear" ConnectedToHandbrake="true" Torque="default">

          </RearWheel>
          <FrontWheel ParentFrame="BoneCabin_cdt" SteeringAngle="36" Location="front" SteeringJointOffset="0.13" Torque="connectable" SteeringCastor="0">

          </FrontWheel>
      </Wheel>
      <Body>
            <Sunshield Mass="10" Collisions="None">
                <Constraint Type="Hinge" MaxLimit="3" AxisLocal="(0; 0; 1)" MinLimit="-3">
                    <Motor Spring="150" Damping="1.5" Type="Spring">

                    </Motor>
                </Constraint>
            </Sunshield>
            <Mirror Mass="10" Collisions="None">
                  <Constraint Type="Hinge" MaxLimit="1" AxisLocal="(0; 1; 0)" MinLimit="-1">
                      <Motor Spring="300" Damping="10" Type="Spring">

                      </Motor>
                  </Constraint>
            </Mirror>
      </Body>
  </_templates>
  <Truck>
        <HeadLight Pos="(7.084; 1.180; 0)" ParentFrame="BoneCabinDamper_cdt" _template="Default">

        </HeadLight>
        <GameData UnlockByExploration="false" Price="113500" UnlockByRank="1" Country="US">
              <CustomizationCameras>
                    <CameraPos Name="roof_sticker" InterestPosition="(2.6046;0.1992;-0.2077)" Position="(8.1671;5.8626;-0.8258)" FOV="32.0">

                    </CameraPos>
                    <CameraPos Name="sticker_1" InterestPosition="(5.9013;2.4697;1.0819)" Position="(4.5314;2.6541;-0.1067)" Interior="true" FOV="32.0">

                    </CameraPos>
                    <CameraPos MaxZoom="2" Name="addon_1" MaxYRotation="360" InterestPosition="(0.5466;1.8845;0.3445)" Position="(-6.316;3.3053;-4.9618)" MaxXRotation="360" FOV="32.0">

                    </CameraPos>
                    <CameraPos MaxZoom="2" Name="addon_2" MaxYRotation="360" InterestPosition="(4.5224;0.2354;-0.9034)" Position="(10.2762;3.817;4.3185)" MaxXRotation="360" FOV="32.0">

                    </CameraPos>
                    <CameraPos Name="mirror_mount" InterestPosition="(8.2266;1.9061;1.0326)" Position="(4.4868;2.6778;0.0316)" Interior="true" FOV="32.0">

                    </CameraPos>
                    <CameraPos Name="curtain" InterestPosition="(8.2266;1.9061;1.0326)" Position="(4.4868;2.6778;0.0316)" Interior="true" FOV="32.0">

                    </CameraPos>
                    <CameraPos MaxZoom="2" Name="side_r" MaxYRotation="360" InterestPosition="(6.1747;1.9965;-0.1672)" Position="(-0.9184;3.1908;5.3884)" MaxXRotation="360" FOV="32.0">

                    </CameraPos>
                    <CameraPos MaxZoom="2" Name="hood_ornament" MaxYRotation="360" InterestPosition="(6.7755;1.7628;-1.0293)" Position="(9.4264;2.5184;-1.3906)" MaxXRotation="360" FOV="32.0">

                    </CameraPos>
                    <CameraPos Name="sticker" InterestPosition="(5.0793;1.2141;1.2461)" Position="(4.9177;2.6401;-0.488)" Interior="true" FOV="32.0">

                    </CameraPos>
                    <CameraPos Name="glass_sticker" InterestPosition="(6.0131;1.9068;-0.9389)" Position="(10.5558;4.1465;1.2529)" FOV="32.0">

                    </CameraPos>
                    <CameraPos MaxZoom="2" Name="door_r_sticker" MaxYRotation="360" InterestPosition="(7.1386;1.0165;0.4015)" Position="(2.6318;2.5627;4.6067)" MaxXRotation="360" FOV="32.0">

                    </CameraPos>
                    <CameraPos MaxZoom="2" Name="roof" MaxYRotation="360" InterestPosition="(4.8075;1.7819;-0.5061)" Position="(11.5734;5.499;2.9506)" MaxXRotation="360" FOV="32.0">

                    </CameraPos>
                    <CameraPos Name="capote_sticker" InterestPosition="(3.9262;0.6606;-0.1333)" Position="(11.0771;4.3557;-1.4418)" FOV="32.0">

                    </CameraPos>
                    <CameraPos MaxZoom="2" Name="hoods" MaxYRotation="360" InterestPosition="(4.917;1.1805;0.0416)" Position="(12.9344;2.3941;-2.4991)" MaxXRotation="360" FOV="32.0">

                    </CameraPos>
                    <CameraPos Name="sticker_2" InterestPosition="(5.8417;2.6435;1.9756)" Position="(4.7823;2.4489;-0.2156)" Interior="true" FOV="32.0">

                    </CameraPos>
                    <CameraPos MaxZoom="2" Name="side_l" MaxYRotation="360" InterestPosition="(5.352;1.5648;-0.6376)" Position="(10.8325;2.844;-3.8938)" MaxXRotation="360" FOV="32.0">

                    </CameraPos>
                    <CameraPos Name="bubble_head" InterestPosition="(8.2094;1.1294;2.4371)" Position="(4.8637;2.6778;-0.3555)" Interior="true" FOV="32.0">

                    </CameraPos>
                    <CameraPos MaxZoom="2" Name="wheels" MaxYRotation="360" InterestPosition="(4.2563;0.1911;0.0743)" Position="(9.425;1.166;-3.8567)" MaxXRotation="360" FOV="32.0">

                    </CameraPos>
                    <CameraPos MaxZoom="2" Name="default" MaxYRotation="360" InterestPosition="(3.5757;0.9619;0.6485)" Position="(13.0777;2.6859;-3.2317)" MaxXRotation="360" FOV="32.0">

                    </CameraPos>
                    <CameraPos MaxZoom="2" Name="rear" MaxYRotation="360" InterestPosition="(4.0558;0.4434;0.0672)" Position="(-2.7801;1.9549;2.0037)" MaxXRotation="360" FOV="32.0">

                    </CameraPos>
                    <CameraPos Name="door_l_sticker" InterestPosition="(3.9846;1.6536;-1.3169)" Position="(2.7108;2.5984;-4.668)" FOV="32.0">

                    </CameraPos>
              </CustomizationCameras>
              <UiDesc UiName="UI_VEHICLE_WESTERN_STAR_NF1424_NAME" UiDesc="UI_VEHICLE_WESTERN_STAR_NF1424_DESC" UiIconLogo="WesternStarLogo80" UiIcon40x40="heavyVehicleImg" UiIcon30x30="heavyVehicleImg30" UiIcon328x458="shopImgWs1424">

              </UiDesc>
                    <AddonSockets>
                        <Socket Offset="(1.08; 1.597; 0)" Names="LargeSemitrailer, LargeSemitrailerOiltank">

                        </Socket>
                        <Socket Offset="(0.715; 1.433; 0)" Names="Semitrailer, SemitrailerOiltank">

                        </Socket>
                        <Socket Offset="(-1.15; 0.838; 0)" Names="Trailer">
                          <AddonsShift Offset="(0; 0; 0)" Types="MinicraneUS, FrameAddon" TrailerNamesBlock="Trailer">

                          </AddonsShift>
                        </Socket>
                    </AddonSockets>
                    <AddonSockets DefaultAddon="western_star_nf1424_diff_lock_default">
                      <Socket Names="WesternStarNF1424DiffLock">

                      </Socket>
                    </AddonSockets>
                    <AddonSockets>
                        <Socket Offset="(-2.544; 1.068; 0)" Names="BunkLog">

                        </Socket>
                        <Socket Offset="(0.715; 1.077; 0)" Names="SaddleLow">

                        </Socket>
                        <Socket Offset="(1.08; 1.077; 0)" Names="SaddleHigh">
                            <ExtraParent Offset="(0; 0; 0.02)" Frame="BoneChassis_cdt">

                            </ExtraParent>
                            <ExtraParent Offset="(0; 0; -0.02)" Frame="BoneChassis_cdt">

                            </ExtraParent>
                        </Socket>
                        <Socket ParentFrame="BoneChassis_cdt" Offset="(0.3; 0.082; 0)" Names="FrameAddonMaintainer" NamesBlock="Trailer">

                        </Socket>
                        <Socket Offset="(0.9; 1.08; 0)" Names="FrameAddon">

                        </Socket>
                    </AddonSockets>
                    <AddonSockets DefaultAddon="western_star_nf1424_bumper_default">
                        <Socket Names="nf1424Bumper" ParentFrame="BoneCabin_cdt">

                        </Socket>
                        <Socket Names="nf1424Bumper2" ParentFrame="BoneCabin_cdt">
                          <ExtraParent Frame="BoneCabinDamper_cdt">

                          </ExtraParent>
                        </Socket>
                    </AddonSockets>
                    <AddonSockets DefaultAddon="western_star_nf1424_horns_default">
                      <Socket Names="nf1424Horn" ParentFrame="BoneCabinDamper_cdt">

                      </Socket>
                    </AddonSockets>
                    <AddonSockets DefaultAddon="western_star_nf1424_exhaust_default">
                      <Socket Names="nf1424Exhaust" ParentFrame="BoneCabinDamper_cdt">
                          <ExtraParent Frame="BoneCabin_cdt">

                          </ExtraParent>
                      </Socket>
                    </AddonSockets>
                    <AddonSockets DefaultAddon="western_star_nf1424_gabarite_default">
                      <Socket Names="nf1424Gabarite" ParentFrame="BoneCabinDamper_cdt">

                      </Socket>
                    </AddonSockets>
                    <AddonSockets>
                      <Socket Names="nf1424Beacon" ParentFrame="BoneCabinDamper_cdt">

                      </Socket>
                    </AddonSockets>
                    <AddonSockets>
                      <Socket Names="nf1424AirConditioner" ParentFrame="BoneCabinDamper_cdt">

                      </Socket>
                    </AddonSockets>
                    <AddonSockets>
                      <Socket Names="nf1424Snorkel" ParentFrame="BoneCabinDamper_cdt">

                      </Socket>
                    </AddonSockets>
                    <AddonSockets>
                      <Socket NamesBlock="nf1424Bumper2" Names="nf1424Spotlight" ParentFrame="BoneCabinDamper_cdt">

                      </Socket>
                    </AddonSockets>
                    <AddonSockets>
                      <Socket Names="nf1424Visor" ParentFrame="BoneCabinDamper_cdt">

                      </Socket>
                    </AddonSockets>
                    <AddonSockets>
                      <Socket Names="nf1424Roofrack" ParentFrame="BoneCabinDamper_cdt">

                      </Socket>
                    </AddonSockets>
                    <AddonSockets DefaultAddon="western_star_nf1424_transferbox_default">
                      <Socket Offset="(0; 0; 0)" Names="WSnf1424TransferBox" ParentFrame="BoneChassis_cdt">

                      </Socket>
                    </AddonSockets>
                    <AddonSockets>
                      <Socket ParentFrame="BoneCabinDamper_cdt" Names="westernStarNf1424Sticker_1x1_01" InCockpit="true">

                      </Socket>
                    </AddonSockets>
                    <AddonSockets>
                      <Socket ParentFrame="BoneCabinDamper_cdt" Names="westernStarNf1424Sticker_1x1_02" InCockpit="true">

                      </Socket>
                    </AddonSockets>
                    <AddonSockets>
                      <Socket ParentFrame="BoneCabinDamper_cdt" Names="westernStarNf1424Sticker_1x2_01" InCockpit="true">

                      </Socket>
                    </AddonSockets>
                    <AddonSockets>
                      <Socket ParentFrame="BoneCabinDamper_cdt" Names="westernStarNf1424Sticker_1x2_02" InCockpit="true">

                      </Socket>
                    </AddonSockets>
                    <AddonSockets>
                      <Socket ParentFrame="BoneCabinDamper_cdt" Names="westernStarNf1424Sticker_1x4_01" InCockpit="true">

                      </Socket>
                    </AddonSockets>
                    <AddonSockets>
                      <Socket ParentFrame="BoneCabinDamper_cdt" Names="westernStarNf1424Sticker_1x4_02" InCockpit="true">

                      </Socket>
                    </AddonSockets>
                    <AddonSockets>
                      <Socket Names="westernStarNf1424Sticker_Door_R" ParentFrame="BoneCabinDamper_cdt">

                      </Socket>
                    </AddonSockets>
                    <AddonSockets>
                      <Socket Names="westernStarNf1424Sticker_Door_L" ParentFrame="BoneCabinDamper_cdt">

                      </Socket>
                    </AddonSockets>
                    <AddonSockets>
                      <Socket Names="westernStarNf1424Sticker_Roof" ParentFrame="BoneCabinDamper_cdt">

                      </Socket>
                    </AddonSockets>
                    <AddonSockets>
                      <Socket Names="westernStarNf1424Sticker_Capote" ParentFrame="BoneCabinDamper_cdt">

                      </Socket>
                    </AddonSockets>
                    <AddonSockets>
                      <Socket Names="westernStarNf1424Sticker_GlassBot" ParentFrame="BoneCabinDamper_cdt">

                      </Socket>
                    </AddonSockets>
                    <AddonSockets>
                      <Socket ParentFrame="BoneCabinDamper_cdt" Offset="(5.251; 2.713; 0)" Names="StuffAirfreshener" InCockpit="true">

                      </Socket>
                    </AddonSockets>
                    <AddonSockets>
                      <Socket ParentFrame="BoneCabinDamper_cdt" Offset="(5.455; 2.231; -0.159)" Names="StuffDashboard" InCockpit="true">

                      </Socket>
                    </AddonSockets>
                    <AddonSockets>
                      <Socket Names="StuffHoodNF1424" ParentFrame="BoneCabinDamper_cdt">

                      </Socket>
                    </AddonSockets>
                    <AddonSockets>
                      <Socket ParentFrame="BoneCabinDamper_cdt" Names="StuffCurtainNF1424" InCockpit="true">

                      </Socket>
                    </AddonSockets>
                      <CraneSocket Pos="(7.088; 0.844; 0)" ParentFrame="BoneCabin_cdt">

                      </CraneSocket>
                      <CraneSocket Pos="(7.011; 0.860; -0.598)" ParentFrame="BoneCabin_cdt">

                      </CraneSocket>
                      <CraneSocket Pos="(7.011; 0.860; 0.598)" ParentFrame="BoneCabin_cdt">

                      </CraneSocket>
                      <CraneSocket Pos="(2.169; 0.941; -0.426)">

                      </CraneSocket>
                      <CraneSocket Pos="(2.169; 0.941; 0.426)">

                      </CraneSocket>
                      <CraneSocket Pos="(-0.921; 0.883; -0.426)">

                      </CraneSocket>
                      <CraneSocket Pos="(-0.921; 0.883; 0.426)">

                      </CraneSocket>
                      <CraneSocket Pos="(-1.155; 0.847; 0)">

                      </CraneSocket>
                        <WinchSocket Pos="(7.088; 0.844; 0)" ParentFrame="BoneCabin_cdt">

                        </WinchSocket>
                        <WinchSocket Pos="(7.011; 0.860; -0.598)" ParentFrame="BoneCabin_cdt">

                        </WinchSocket>
                        <WinchSocket Pos="(7.011; 0.860; 0.598)" ParentFrame="BoneCabin_cdt">

                        </WinchSocket>
                        <WinchSocket Pos="(2.169; 0.941; -0.426)">

                        </WinchSocket>
                        <WinchSocket Pos="(2.169; 0.941; 0.426)">

                        </WinchSocket>
                        <WinchSocket Pos="(-0.921; 0.883; -0.426)">

                        </WinchSocket>
                        <WinchSocket Pos="(-0.921; 0.883; 0.426)">

                        </WinchSocket>
                        <WinchSocket Pos="(-1.155; 0.847; 0)">

                        </WinchSocket>
        </GameData>
        <PhysicsModel Mesh="trucks/western_star_nf1424">
                <Body CenterOfMassOffset="(-0.9; 0; 0)" NetSync="pv" Mass="3000" ImpactType="Truck">
                      <Body NetSync="pv" CenterOfMassOffset="(1.5; 0.4; 0)" ModelFrame="BoneCabin_cdt" Mass="2150" ImpactType="Truck">
                        <Constraint Type="Hinge" MaxLimit="5" AxisLocal="(1; 0; 0)" MinLimit="-5">
                            <Motor Spring="600000" Damping="30000" Type="Spring">

                            </Motor>
                        </Constraint>
                            <Body CenterOfMassOffset="(-1; 0; 0)" ModelFrame="BoneCabinDamper_cdt" Mass="2150" ImpactType="Truck">
                              <Constraint Type="Hinge" MaxLimit="5" AxisLocal="(1; 0; 0)" MinLimit="-5">
                                  <Motor Spring="225000" Damping="55000" Type="Spring">

                                  </Motor>
                              </Constraint>
                                  <Body ModelFrame="BoneMirrorL_cdt" _template="Mirror">

                                  </Body>
                                  <Body ModelFrame="BoneMirrorR_cdt" _template="Mirror">

                                  </Body>
                                  <Body ModelFrame="BoneSunshieldL_cdt" _template="Sunshield">

                                  </Body>
                                  <Body ModelFrame="BoneSunshieldR_cdt" _template="Sunshield">

                                  </Body>
                            </Body>
                            <Body ModelFrame="BoneTieRod1_cdt" _template="TieRod">
                              <Constraint MaxLimit="30" AxisLocal="(0; 0; 1)" MinLimit="-30" Name="TieRodSteer">

                              </Constraint>
                            </Body>
                      </Body>
                      <Body ModelFrame="BoneMudguardL_cdt" _template="Mudguard">
                        <Constraint MinLimit="-40" MaxLimit="20" AxisLocal="(0; 0; 1)">

                        </Constraint>
                      </Body>
                      <Body ModelFrame="BoneMudguardR_cdt" _template="Mudguard">
                        <Constraint MinLimit="-40" MaxLimit="20" AxisLocal="(0; 0; 1)">

                        </Constraint>
                      </Body>
                </Body>
                <NetSync Legacy="false">

                </NetSync>
        </PhysicsModel>
        <ControlledConstraints>
                  <Constraint IsLinkedSteering="true" Id="chassis_steer" Name="TieRodSteer">

                  </Constraint>
        </ControlledConstraints>
        <Snorkel Origin="(3.854; 1.172; 0)">

        </Snorkel>
        <AutomaticIK>
                      <IKBone ParentFrame="BoneTieRod1_cdt" ModelFrame="BoneTieRod2">
                          <IKJoint Type="Hinge2" AxisLocal="(1; 0; 0)">

                          </IKJoint>
                          <IKBone AttachToFrame="BoneRackL" AttachOffset="(0; 0; 0)" ModelFrame="BoneTieRod3">
                                <IKJoint Type="Slider" AxisLocal="(1; 0; 0)">

                                </IKJoint>
                          </IKBone>
                      </IKBone>
        </AutomaticIK>
        <Landmark MaxScale="3.8" Mesh="landmarks/western_star_nf1424_lmk" MinScale="1.8">

        </Landmark>
        <ModelAttachments>
                          <HeadLight>
                                <Flare Pos="(6.56; 1.170; -1.106)" _template="HeadLight" Color="g(255; 235; 215) x 1" Size="0.2" ParentFrame="BoneCabinDamper_cdt">

                                </Flare>
                                <Flare Pos="(6.56; 1.170; 1.106)" _template="HeadLight" Color="g(255; 235; 215) x 1" Size="0.2" ParentFrame="BoneCabinDamper_cdt">

                                </Flare>
                                <Flare Pos="(6.699; 1.170; -0.944)" _template="HeadLight" Color="g(255; 235; 215) x 1" Size="0.1" ParentFrame="BoneCabinDamper_cdt">

                                </Flare>
                                <Flare Pos="(6.699; 1.170; 0.944)" _template="HeadLight" Color="g(255; 235; 215) x 1" Size="0.1" ParentFrame="BoneCabinDamper_cdt">

                                </Flare>
                                <Flare Pos="(6.56; 1.170; -1.106)" Dir="(1; 0; 0)" _template="BlueStreak" Color="g(220; 220; 255) x 0.1" Size="0.8" ParentFrame="BoneCabinDamper_cdt">

                                </Flare>
                                <Flare Pos="(6.56; 1.170; 1.106)" Dir="(1; 0; 0)" _template="BlueStreak" Color="g(220; 220; 255) x 0.1" Size="0.8" ParentFrame="BoneCabinDamper_cdt">

                                </Flare>
                                  <Model Org="(6.56; 1.170; -1.106)" ParentFrame="BoneCabinDamper_cdt" _template="HeadLightRay">

                                  </Model>
                                  <Model Org="(6.56; 1.170; 1.106)" ParentFrame="BoneCabinDamper_cdt" _template="HeadLightRay">

                                  </Model>
                          </HeadLight>
                          <StopSignals>
                                <Light Pos="(-1.023; 0.61; 0)" _template="StopSignal">

                                </Light>
                                    <Flare Pos="(-0.965; 0.7; 0.261)" Size="0.3" _template="StopSignal">

                                    </Flare>
                                    <Flare Pos="(-0.965; 0.7; -0.261)" Size="0.3" _template="StopSignal">

                                    </Flare>
                          </StopSignals>
                          <Ignition>
                                    <Light Pos="(7.4; 1.170; -1.106)" _template="IgnitionSignalWhite" Color="g(255; 235; 215) x 1.0" ParentFrame="BoneCabinDamper_cdt">

                                    </Light>
                                    <Light Pos="(7.4; 1.170; 1.106)" _template="IgnitionSignalWhite" Color="g(255; 235; 215) x 1.0" ParentFrame="BoneCabinDamper_cdt">

                                    </Light>
                                    <Light Pos="(-1; 0.643; 0)" Color="g(255; 10; 10) x 0.5" _template="IgnitionSignalRed">

                                    </Light>
                                      <Flare Pos="(6.66; 1.247; 1.064)" Dir="(1; 0; 0.8)" _template="IgnitionSignalOrange" ParentFrame="BoneCabinDamper_cdt" AspectRatio="4" Size="0.2" Color="g(255; 140; 0) x 0.5">

                                      </Flare>
                                      <Flare Pos="(6.66; 1.247; -1.064)" Dir="(1; 0; -0.8)" _template="IgnitionSignalOrange" ParentFrame="BoneCabinDamper_cdt" AspectRatio="4" Size="0.2" Color="g(255; 140; 0) x 0.5">

                                      </Flare>
                                      <Flare Pos="(6.13; 1.724; 1.050)" Dir="(1; 0; 0)" _template="IgnitionSignalOrange" ParentFrame="BoneCabinDamper_cdt" AspectRatio="0.5" Size="0.5" Color="g(255; 140; 0) x 0.5">

                                      </Flare>
                                      <Flare Pos="(6.13; 1.724; -1.050)" Dir="(1; 0; 0)" _template="IgnitionSignalOrange" ParentFrame="BoneCabinDamper_cdt" AspectRatio="0.5" Size="0.5" Color="g(255; 140; 0) x 0.5">

                                      </Flare>
                                      <Flare Pos="(6.312; 1.829; -0.971)" Dir="(0.589; 0; -0.808)" _template="IgnitionSignalOrange" ParentFrame="BoneCabin_cdt" AspectRatio="3" Size="0.3" Color="g(255; 140; 0) x 0.2">

                                      </Flare>
                                      <Flare Pos="(6.312; 1.829; 0.971)" Dir="(0.589; 0; 0.808)" _template="IgnitionSignalOrange" ParentFrame="BoneCabin_cdt" AspectRatio="3" Size="0.3" Color="g(255; 140; 0) x 0.2">

                                      </Flare>
                                      <Flare Pos="(6.312; 1.641 -0.971)" Dir="(0.589; 0; -0.808)" _template="IgnitionSignalOrange" ParentFrame="BoneCabin_cdt" AspectRatio="3" Size="0.3" Color="g(255; 140; 0) x 0.2">

                                      </Flare>
                                      <Flare Pos="(6.312; 1.641; 0.971)" Dir="(0.589; 0; 0.808)" _template="IgnitionSignalOrange" ParentFrame="BoneCabin_cdt" AspectRatio="3" Size="0.3" Color="g(255; 140; 0) x 0.2">

                                      </Flare>
                                      <Flare Pos="(-0.965; 0.7; 0.261)" Dir="(-1; 0; 0)" _template="IgnitionSignalRed" AspectRatio="2">

                                      </Flare>
                                      <Flare Pos="(-0.965; 0.7; -0.261)" Dir="(-1; 0; 0)" _template="IgnitionSignalRed" AspectRatio="2">

                                      </Flare>
                                      <Flare Pos="(6.56; 1.170; -1.106)" _template="IgnitionSignalWhite" Color="g(255; 235; 215) x 0.2" Size="0.4" ParentFrame="BoneCabinDamper_cdt">

                                      </Flare>
                                      <Flare Pos="(6.56; 1.170; 1.106)" _template="IgnitionSignalWhite" Color="g(255; 235; 215) x 0.2" Size="0.4" ParentFrame="BoneCabinDamper_cdt">

                                      </Flare>
                                      <Flare Pos="(6.699; 1.170; -0.944)" _template="IgnitionSignalWhite" Color="g(255; 235; 215) x 0.2" Size="0.4" ParentFrame="BoneCabinDamper_cdt">

                                      </Flare>
                                      <Flare Pos="(6.699; 1.170; 0.944)" _template="IgnitionSignalWhite" Color="g(255; 235; 215) x 0.2" Size="0.4" ParentFrame="BoneCabinDamper_cdt">

                                      </Flare>
                          </Ignition>
                          <ReverseSignals>
                                    <Light Pos="(-0.827; 0.556; 0)" _template="ReverseSignal">

                                    </Light>
                                        <Flare Pos="(-0.977; 0.764; 0.261)" Size="0.2" _template="ReverseSignal">

                                        </Flare>
                                        <Flare Pos="(-0.977; 0.764; -0.261)" Size="0.2" _template="ReverseSignal">

                                        </Flare>
                                        <Flare Pos="(-0.977; 0.764; -0.26)" Dir="(-1; 0; 0)" _template="BlueStreak" Color="g(220; 220; 255) x 0.1" Size="0.3">

                                        </Flare>
                          </ReverseSignals>
        </ModelAttachments>
        <TruckData SteerSpeed="0.02" EngineStartDelay="3.2" EngineIconMesh="env/engine_default" TruckType="HEAVY" Responsiveness="0.3" BackSteerSpeed="0.025" TruckImage="ws1424mchr" FuelCapacity="290" DiffLockType="Uninstalled" ExhaustStartTime="2.8" EngineIconScale="1.4">
                            <Driver Pos="(4.761; 1.824; 0.595)" SteeringWheelPos="(5.188; 2.172; 0.588)">

                            </Driver>
                            <SoundsDamage _template="Heavy">

                            </SoundsDamage>
                            <OcclusionMap MinX="-2.3" Texture="trucks/occlusion/chassis_small__s_d_a.tga" HalfSizeZ="2" MaxX="8.2">

                            </OcclusionMap>
                            <FuelTank DamageCapacity="100">

                            </FuelTank>
                            <Intake Size="0.8" Dir="(1; 0; 0)" Origin="(6.979; 1.413; 0)">

                            </Intake>
                            <EngineSocket Type="e_us_truck_modern, e_us_truck_modern_ws_49x" Default="us_truck_modern_engine_0">

                            </EngineSocket>
                            <SuspensionSocket Type="s_western_star_nf1424" MaxWheelRadiusWithoutSuspension="0.4" Default="western_star_nf1424_suspension_default">

                            </SuspensionSocket>
                            <Dashboard>
                                                <Gauge InputRange="(0;1)" Dir="(-0.889; 0.457; -0.006)" InputType="rpm" Org="(5.575; 2.066; 0.706)" Damping="0.99" Mesh="trucks/arrows/western_star_nf1424_arrow_01" OutputAngles="(-92; 98)">

                                                </Gauge>
                                                <Gauge InputType="speed" Dir="(-0.889; 0.458; -0.005)" Org="(5.574; 2.066; 0.499)" Mesh="trucks/arrows/western_star_nf1424_arrow_01" InputRange="(0;140)" OutputAngles="(-88; 106)">

                                                </Gauge>
                                                <Gauge InputRange="(0;1)" Dir="(-0.888; 0.46; -0.004)" InputType="engineEnabled" Org="(5.552; 2.026; 0.737)" Damping="0.99" Mesh="trucks/arrows/western_star_nf1424_arrow_02" OutputAngles="(-102; 11)">

                                                </Gauge>
                                                <Gauge InputRange="(0;1)" Dir="(-0.888; 0.46; -0.004)" InputType="fuel" Org="(5.556; 2.034; 0.68)" Damping="0.99" Mesh="trucks/arrows/western_star_nf1424_arrow_02" OutputAngles="(-103; 112)">

                                                </Gauge>
                                                <Gauge InputRange="(0;1)" Dir="(-0.889; 0.458; -0.006)" InputType="engineEnabled" Org="(5.556; 2.034; 0.525)" Damping="0.99" Mesh="trucks/arrows/western_star_nf1424_arrow_02" OutputAngles="(-104; 19)">

                                                </Gauge>
                                                <Gauge InputRange="(0;1)" Dir="(-0.889; 0.458; -0.006)" InputType="engineEnabled" Org="(5.553; 2.026; 0.468)" Damping="0.99" Mesh="trucks/arrows/western_star_nf1424_arrow_02" OutputAngles="(-105; -33)">

                                                </Gauge>
                                                <Gauge InputRange="(0;1)" Dir="(-0.889; 0.458; -0.006)" InputType="engineEnabled" Org="(5.555; 2.034; 0.524)" Damping="0.99" Mesh="trucks/arrows/western_star_nf1424_arrow_03" OutputAngles="(-105; 58)">

                                                </Gauge>
                            </Dashboard>
                            <Axles>
                                                  <Axle Frame="BoneAxle1">

                                                  </Axle>
                                                  <Axle Frame="BoneAxle2">

                                                  </Axle>
                                                  <Axle Frame="BoneAxle3">

                                                  </Axle>
                            </Axles>
                            <Camera Center="(1.4; 0; 0)" ParentFrame="BoneCabin_cdt">
                                                  <Cockpit WindshieldDiffuseTexture="trucks/westernstar_nf1424_glass__d_a.tga" _template="Default" WindshieldShadingTexture="trucks/westernstar_nf1424_glass__sh_d.tga" ViewPos="(4.752; 2.518; 0.595)">
                                                        <Mirror FOVScale="2" ClipDir="(-0.912; -0.015; -0.411)" MeshFrame="mirror_left" Pos="(5.353; 2.402; 1.396)" ReflectionDir="(-0.912; -0.015; -0.411)" Size="(0.2; 0.32)" ClipOffset="0.25">
                                                          <SecondaryView FOVScale="1.6" ClipDir="(-0.972; -0.018; -0.235)" MeshFrame="mirror_left_convex" Pos="(5.333; 2.168; 1.386)" CurveAngle="20" Size="(0.2; 0.13)" ClipOffset="0.1">

                                                          </SecondaryView>
                                                        </Mirror>
                                                        <Mirror FOVScale="2.4" ClipDir="(-0.801; -0.005; 0.599)" MeshFrame="mirror_right" Pos="(5.306; 2.394; -1.415)" ReflectionDir="(-0.801; -0.005; 0.599)" Size="(0.2; 0.32)" ClipOffset="0.1">
                                                          <SecondaryView FOVScale="2" ClipDir="(-0.791; -0.062; 0.609)" MeshFrame="mirror_right_convex" Pos="(5.291; 2.163; -1.396)" CurveAngle="20" Size="(0.2; 0.13)" ClipOffset="0.1">

                                                          </SecondaryView>
                                                        </Mirror>
                                                        <Mirror ClipDir="(-0.136; -0.822; 0.553)" CurveAngle="10" Size="(0.29; 0.18)" FOVScale="2.5" ReflectionDir="(-0.136; -0.822; 0.553)" Pos="(4.773; 2.622; -1.188)" MeshFrame="mirror_additional" ClipOffset="0.1">

                                                        </Mirror>
                                                  </Cockpit>
                            </Camera>
                                                  <CompatibleWheels Type="wheels_medium_double" Scale="0.56" RearOffsetZ="0.07">

                                                  </CompatibleWheels>
                                                  <CompatibleWheels Type="wheels_medium_double" Scale="0.61" RearOffsetZ="0.07">

                                                  </CompatibleWheels>
                                                    <LimitedFluid Type="Cylinder" Center="(3.007; 0.721; 0.807)" RadiusY="0.317" LengthX="1.126" RadiusZ="0.317">

                                                    </LimitedFluid>
                                                    <LimitedFluid Type="Cylinder" Center="(3.266; 0.721; -0.805)" RadiusY="0.317" LengthX="1.126" RadiusZ="0.317">

                                                    </LimitedFluid>
                            <Sounds _template="Default" MinDist="15.0" Origin="(5.822; 1.498; 0)" DisableReversePitch="true">
                                                        <Reverse Sound="trucks/western_star_nf1424/western_star_nf1424_back_beeper">

                                                        </Reverse>
                                                        <EngineTrans Sound="trucks/common/truck_trans_forward_loop">

                                                        </EngineTrans>
                                                        <EngineLow Sound="trucks/western_star_nf1424/western_star_nf1424_low">

                                                        </EngineLow>
                                                        <BrakePull Sound="trucks/western_star_nf1424/western_star_nf1424_brake_pull">

                                                        </BrakePull>
                                                        <EngineHigh Sound="trucks/western_star_nf1424/western_star_nf1424_high">

                                                        </EngineHigh>
                                                        <HandbrakeOff Sound="trucks/western_star_nf1424/western_star_nf1424_handbrake_off">

                                                        </HandbrakeOff>
                                                        <AbruptStop Sound="trucks/common/truck_swing_big_rnd_set/truck_swing_big_rnd">

                                                        </AbruptStop>
                                                        <EngineRev Sound="trucks/western_star_nf1424/western_star_nf1424_rev">

                                                        </EngineRev>
                                                        <EngineHeavy_2d IsSound2D="true" Sound="trucks/western_star_nf1424/western_star_nf1424_heavy_2d">

                                                        </EngineHeavy_2d>
                                                        <EngineHeavy Sound="trucks/western_star_nf1424/western_star_nf1424_heavy">

                                                        </EngineHeavy>
                                                        <EngineHigh_2d IsSound2D="true" Sound="trucks/western_star_nf1424/western_star_nf1424_high_2d">

                                                        </EngineHigh_2d>
                                                        <EngineLow_2d IsSound2D="true" Sound="trucks/western_star_nf1424/western_star_nf1424_low_2d">

                                                        </EngineLow_2d>
                                                        <EngineIdle_2d IsSound2D="true" Sound="trucks/western_star_nf1424/western_star_nf1424_idle_2d">

                                                        </EngineIdle_2d>
                                                        <EngineStart Sound="trucks/western_star_nf1424/western_star_nf1424_start">

                                                        </EngineStart>
                                                        <Handbrake Sound="trucks/western_star_nf1424/western_star_nf1424_handbrake_on">

                                                        </Handbrake>
                                                        <BrakesSqueal Sound="trucks/western_star_nf1424/western_star_nf1424_brakes_squeal">

                                                        </BrakesSqueal>
                                                        <Honk Sound="trucks/western_star_nf1424/western_star_nf1424_honk">

                                                        </Honk>
                                                        <EngineIdle Sound="trucks/western_star_nf1424/western_star_nf1424_idle">

                                                        </EngineIdle>
                                                        <EngineStop Sound="trucks/western_star_nf1424/western_star_nf1424_stop">

                                                        </EngineStop>
                                                        <BrakeRelease Sound="trucks/western_star_nf1424/western_star_nf1424_brake_release">

                                                        </BrakeRelease>
                                                        <EngineAccel Sound="trucks/western_star_nf1424/western_star_nf1424_acc">

                                                        </EngineAccel>
                            </Sounds>
                            <Wheels DefaultWheelType="wheels_medium_double" DefaultTire="highway_1" DefaultRim="rim_2">
                                                            <Wheel Pos="(5.844; 0.577; 1.005)" _template="FrontWheel">

                                                            </Wheel>
                                                            <Wheel RightSide="true" Pos="(5.844; 0.577; 0.994)" _template="FrontWheel">

                                                            </Wheel>
                                                            <Wheel Pos="(1.115; 0.596; 0.852)" _template="RearWheel">

                                                            </Wheel>
                                                            <Wheel RightSide="true" Pos="(1.115; 0.596; 0.852)" _template="RearWheel">

                                                            </Wheel>
                                                            <Wheel Pos="(-0.185; 0.596; 0.852)" _template="RearWheel">

                                                            </Wheel>
                                                            <Wheel RightSide="true" Pos="(-0.185; 0.596; 0.852)" _template="RearWheel">

                                                            </Wheel>
                            </Wheels>
                            <Steam Origin="(5.014; 1.085; 0)" ParentFrame="BoneCabin_cdt">

                            </Steam>
                            <GearboxSocket Type="gearboxes_trucks" Default="g_truck_default">

                            </GearboxSocket>
                            <WinchUpgradeSocket Type="winches_heavy_trucks" Default="w_heavy_trucks_default" IsUpgradable="true">

                            </WinchUpgradeSocket>
                            <SteeringRack Frame="BoneRack" RackHalfSizeZ="0.875" FrameSteerLeft="BoneRackL" FrameSteerRight="BoneRackR">

                            </SteeringRack>
                            <SteeringWheel Frame="BoneSteering">

                            </SteeringWheel>
                            <SoundsWheels _template="Default">

                            </SoundsWheels>
                            <Damage>
                                                                          <DamageArea Min="(5.773; 0.988; -1.133)" ParentFrame="BoneCabinDamper_cdt" Max="(6.942; 1.818; 1.133)" Type="Engine">

                                                                          </DamageArea>
                                                                          <DamageArea Min="(2.653; 0.401; -1.124)" ParentFrame="BoneCabin_cdt" Max="(3.88; 1.041; -0.486)" Type="FuelTank">

                                                                          </DamageArea>
                                                                          <DamageArea Min="(2.394; 0.401; 0.488)" ParentFrame="BoneCabin_cdt" Max="(3.621; 1.041; 1.125)" Type="FuelTank">

                                                                          </DamageArea>
                            </Damage>
                            <Shafts>
                                                                            <Shaft SocketPointA="Shaft1a" SocketPointB="Shaft1b">

                                                                            </Shaft>
                                                                            <Shaft SocketPointA="Shaft2a" SocketPointB="Shaft2b">

                                                                            </Shaft>
                                                                            <Shaft SocketPointA="Shaft3a" SocketPointB="Shaft3b">

                                                                            </Shaft>
                                                                            <Shaft SocketPointA="Shaft4a" SocketPointB="Shaft4b">

                                                                            </Shaft>
                            </Shafts>
        </TruckData>
  </Truck>