  <Truck>
      <TruckData EngineIconMesh="env/engine_big" EngineStartDelay="0.6" TruckType="OFFROAD" ExhaustStartTime="0.6" SteerSpeed="0.02" TruckImage="azovsprintermchr" DiffLockType="Always" Responsiveness="0.25" FuelCapacity="350" EngineIconScale="1.2" BackSteerSpeed="0.02">
          <Driver ParentFrame="BoneCabin_cdt" Pos="(2.344; 1.813; 0.653)" SteeringWheelPos="(2.701; 2.141; 0.693)">

          </Driver>
          <Shafts>
                  <Shaft SocketPointB="Shaft1b" SocketPointA="Shaft1a">

                  </Shaft>
                  <Shaft SocketPointB="Shaft2b" SocketPointA="Shaft2a">

                  </Shaft>
                  <Shaft SocketPointB="Shaft3b" SocketPointA="Shaft3a">

                  </Shaft>
                  <Shaft SocketPointB="Shaft4b" SocketPointA="Shaft4a">

                  </Shaft>
          </Shafts>
          <FuelTank DamageCapacity="100">

          </FuelTank>
          <Dashboard>
                      <Gauge Org="(2.934; 2.271; 0.935)" OutputAngles="(-129; 31)" Mesh="trucks/arrows/azov_43_191_sprinter_arrow_1" Damping="0.99" InputRange="(0;1)" InputType="engineEnabled" Dir="(-0.989; 0; -0.15)">

                      </Gauge>
                      <Gauge Org="(2.941; 2.271; 0.888)" OutputAngles="(-128; -13)" Mesh="trucks/arrows/azov_43_191_sprinter_arrow_1" Damping="0.99" InputRange="(0;1)" InputType="engineEnabled" Dir="(-0.989; -0.002; -0.15)">

                      </Gauge>
                      <Gauge Org="(2.934; 2.271; 0.495)" OutputAngles="(-129; -52)" Mesh="trucks/arrows/azov_43_191_sprinter_arrow_1" Damping="0.99" InputRange="(0;1)" InputType="engineEnabled" Dir="(-0.98; 0; 0.198)">

                      </Gauge>
                      <Gauge Org="(2.924; 2.271; 0.449)" OutputAngles="(-128; 5)" Mesh="trucks/arrows/azov_43_191_sprinter_arrow_1" Damping="0.99" InputRange="(0;1)" InputType="engineEnabled" Dir="(-0.98; 0; 0.198)">

                      </Gauge>
                      <Gauge Org="(2.915; 2.164; 0.862)" OutputAngles="(-57; 57)" Mesh="trucks/arrows/azov_43_191_sprinter_arrow_3" Damping="0.99" InputRange="(0;1)" InputType="fuel" Dir="(-0.963; 0.264; -0.053)">

                      </Gauge>
                      <Gauge Org="(2.903; 2.121; 0.862)" OutputAngles="(-56; 44)" Mesh="trucks/arrows/azov_43_191_sprinter_arrow_3" Damping="0.99" InputRange="(0;1)" InputType="engineEnabled" Dir="(-0.963; 0.264; -0.053)">

                      </Gauge>
                      <Gauge Org="(2.915; 2.164; 0.522)" OutputAngles="(-55; 35)" Mesh="trucks/arrows/azov_43_191_sprinter_arrow_3" Damping="0.99" InputRange="(0;1)" InputType="engineEnabled" Dir="(-0.963; 0.264; 0.052)">

                      </Gauge>
                      <Gauge Org="(2.903; 2.121; 0.523)" OutputAngles="(-56; 8)" Mesh="trucks/arrows/azov_43_191_sprinter_arrow_3" Damping="0.99" InputRange="(0;1)" InputType="engineEnabled" Dir="(-0.963; 0.264; 0.052)">

                      </Gauge>
                      <Gauge Org="(2.902; 2.157; 0.643)" OutputAngles="(-117; 116)" Dir="(-0.964; 0.265; 0.001)" InputType="speed" Mesh="trucks/arrows/azov_43_191_sprinter_arrow_5" InputRange="(0;160)">

                      </Gauge>
                      <Gauge Org="(2.904; 2.158; 0.747)" OutputAngles="(-130; 135)" Mesh="trucks/arrows/azov_43_191_sprinter_arrow_4" Damping="0.99" InputRange="(0;1)" InputType="rpm" Dir="(-0.968; 0.25; 0.002)">

                      </Gauge>
                      <Gauge Org="(2.637; 2.189; -0.095)" OutputAngles="(-56; 12)" Mesh="trucks/arrows/azov_43_191_sprinter_arrow_2" Damping="0.99" InputRange="(0;1)" InputType="engineEnabled" Dir="(-0.977; 0.211; 0)">

                      </Gauge>
                      <Gauge Org="(2.639; 2.201; -0.169)" OutputAngles="(-127; -38)" Mesh="trucks/arrows/azov_43_191_sprinter_arrow_6" Damping="0.99" InputRange="(0;1)" InputType="engineEnabled" Dir="(-0.974; 0.225; 0.003)">

                      </Gauge>
          </Dashboard>
          <SoundsWheels _template="Default">

          </SoundsWheels>
          <GearboxSocket Default="g_truck_default" Type="gearboxes_trucks, gearboxes_azov_sprinter">

          </GearboxSocket>
          <Steam Origin="(1.857; 1.036; -0)">

          </Steam>
          <Sounds DisableReversePitch="false" MinDist="15.0" Origin="(0.669; 1.441; 0)" _template="Default">
                            <BrakesSqueal Sound="trucks/azov_43_191_sprinter/azov_43_191_sprinter_brakes_squeal">

                            </BrakesSqueal>
                            <AbruptStop Sound="trucks/common/truck_swing_big_rnd_set/truck_swing_big_rnd">

                            </AbruptStop>
                            <EngineLow Sound="trucks/azov_43_191_sprinter/azov_43_191_sprinter_low">

                            </EngineLow>
                            <EngineRev Sound="trucks/azov_43_191_sprinter/azov_43_191_sprinter_rev">

                            </EngineRev>
                            <EngineAccel Sound="trucks/azov_43_191_sprinter/azov_43_191_sprinter_acc">

                            </EngineAccel>
                            <Honk Sound="trucks/azov_43_191_sprinter/azov_43_191_sprinter_honk">

                            </Honk>
                            <EngineStop Sound="trucks/azov_43_191_sprinter/azov_43_191_sprinter_stop">

                            </EngineStop>
                            <Handbrake Sound="trucks/azov_43_191_sprinter/azov_43_191_sprinter_handbrake_on">

                            </Handbrake>
                            <Gear Sound="trucks/azov_43_191_sprinter/azov_43_191_sprinter_gear_shift">

                            </Gear>
                            <EngineIdle_2d IsSound2D="true" Sound="trucks/azov_43_191_sprinter/azov_43_191_sprinter_idle_2d">

                            </EngineIdle_2d>
                            <HandbrakeOff Sound="trucks/azov_43_191_sprinter/azov_43_191_sprinter_handbrake_off">

                            </HandbrakeOff>
                            <EngineHeavy_2d IsSound2D="true" Sound="trucks/azov_43_191_sprinter/azov_43_191_sprinter_heavy_2d">

                            </EngineHeavy_2d>
                                                      <Reverse _inheritRemove="true">

                                                      </Reverse>
                                                      <Reverse Sound="trucks/azov_43_191_sprinter/azov_43_191_sprinter_reverse">

                                                      </Reverse>
                            <EngineHigh_2d IsSound2D="true" Sound="trucks/azov_43_191_sprinter/azov_43_191_sprinter_high_2d">

                            </EngineHigh_2d>
                            <EngineIdle Sound="trucks/azov_43_191_sprinter/azov_43_191_sprinter_idle">

                            </EngineIdle>
                            <EngineTrans Sound="trucks/azov_43_191_sprinter/azov_43_191_sprinter_turbo">

                            </EngineTrans>
                            <EngineHigh Sound="trucks/azov_43_191_sprinter/azov_43_191_sprinter_high">

                            </EngineHigh>
                            <BrakePull Sound="trucks/azov_43_191_sprinter/azov_43_191_sprinter_brake_pull">

                            </BrakePull>
                            <EngineLow_2d IsSound2D="true" Sound="trucks/azov_43_191_sprinter/azov_43_191_sprinter_low_2d">

                            </EngineLow_2d>
                            <EngineHeavy Sound="trucks/azov_43_191_sprinter/azov_43_191_sprinter_heavy">

                            </EngineHeavy>
                            <BrakeRelease Sound="trucks/azov_43_191_sprinter/azov_43_191_sprinter_brake_release">

                            </BrakeRelease>
                            <EngineStart Sound="trucks/azov_43_191_sprinter/azov_43_191_sprinter_start">

                            </EngineStart>
          </Sounds>
                            <Intake Size="1.219" Origin="(1.893; 1.791; -1.154)" Dir="(0.916; 0; -0.401)">

                            </Intake>
                            <Intake Size="1.219" Origin="(1.893; 1.791; 1.154)" Dir="(0.916; 0; 0.401)">

                            </Intake>
          <SoundsDamage _template="Heavy">

          </SoundsDamage>
          <Damage>
                                    <DamageArea Max="(3.352; 1.651; 0.574)" Type="Engine" ParentFrame="BoneChassis_cdt" Min="(1.662; 0.869; -0.574)">

                                    </DamageArea>
                                    <DamageArea Max="(1.287; 2.761; 1.107)" Type="FuelTank" ParentFrame="BoneChassis_cdt" Min="(0.176; 1.807; -1.107)">

                                    </DamageArea>
          </Damage>
          <Camera ParentFrame="BoneCabin_cdt" Center="(-1.5; 0; 0)">
                                    <Cockpit WindshieldShadingTexture="trucks/azov_43_191_glass__sh_d.tga" WindshieldDiffuseTexture="trucks/azov_43_191_glass__d_a.tga" _template="Default" ViewPos="(2.37; 2.49; 0.7)">
                                          <Mirror FOVScale="1.5" Pos="(2.976; 2.391; 1.273)" ClipDir="(-0.95; 0.073; -0.305)" ReflectionDir="(-0.95; 0.073; -0.305)" Size="(0.19; 0.32)" ClipOffset="0.15" MeshFrame="mirror_left">

                                          </Mirror>
                                          <Mirror FOVScale="2" Pos="(2.983; 2.391; -1.261)" ClipDir="(-0.829; 0.044; 0.557)" ReflectionDir="(-0.829; 0.044; 0.557)" Size="(0.19; 0.32)" ClipOffset="0.15" MeshFrame="mirror_right">

                                          </Mirror>
                                    </Cockpit>
          </Camera>
          <Shakers>
                                      <Shaker Frame="BoneGearbox" ParentFrame="BoneCabin_cdt" MaxAngle="(3; 3; 3)" MaxFrequency="0.1">

                                      </Shaker>
          </Shakers>
          <SuspensionSocket Default="azov_43_191_sprinter_suspension_default" Type="s_azov_43_191_sprinter" MaxWheelRadiusWithoutSuspension="1">

          </SuspensionSocket>
          <Wheels DefaultTire="tire" DefaultWheelType="wheels_azov_43_191_sprinter" DefaultRim="rim">
                                            <Wheel _template="FrontWheel" Pos="(2.275; 0.604; 1.055)">

                                            </Wheel>
                                            <Wheel Pos="(2.275; 0.604; 1.055)" _template="FrontWheel" RightSide="true">

                                            </Wheel>
                                            <Wheel _template="RearWheel" Pos="(-2.006; 0.604; 1.055)">

                                            </Wheel>
                                            <Wheel Pos="(-2.006; 0.604; 1.055)" _template="RearWheel" RightSide="true">

                                            </Wheel>
          </Wheels>
          <Axles>
                                              <Axle Frame="BoneAxle1">

                                              </Axle>
                                              <Axle Frame="BoneAxle2">

                                              </Axle>
          </Axles>
          <EngineSocket Default="ru_truck_modern_engine_0" Type="e_ru_truck_modern, e_ru_azov_sprinter">

          </EngineSocket>
          <OcclusionMap HalfSizeZ="2" MinX="-4.8" MaxX="4.5">

          </OcclusionMap>
                                                <Exhaust IsLight="false" Dir="(0; -0.884; 0.468)" Origin="(-0.205; 0.808; 0.75)" Speed="3.82">

                                                </Exhaust>
                                                <Exhaust IsLight="false" Dir="(0; -0.884; -0.468)" Origin="(-0.205; 0.808; -0.75)" Speed="3.82">

                                                </Exhaust>
          <WinchUpgradeSocket Default="w_medium_trucks_default" IsUpgradable="true" Type="winches_medium_trucks">

          </WinchUpgradeSocket>
          <SteeringWheel Frame="BoneSteering">

          </SteeringWheel>
                                                      <CompatibleWheels Scale="0.6" Type="wheels_azov_43_191_sprinter">

                                                      </CompatibleWheels>
                                                      <CompatibleWheels Scale="0.6" Type="wheels_heavy_single">

                                                      </CompatibleWheels>
          <SteeringRack RackHalfSizeZ="0.789" Frame="BoneRack" FrameSteerLeft="BoneRackLeft" FrameSteerRight="BoneRackRight">

          </SteeringRack>
      </TruckData>
      <GameData Country="RU,CAS" Price="58500" UnlockByRank="1" UnlockByExploration="true">
            <CustomizationCameras>
                  <CameraPos InterestPosition="(5.936; 2.017; -0.834)" Name="roof_sticker" Position="(8.653; 5.974; -0.086)" FOV="32.0">

                  </CameraPos>
                  <CameraPos Interior="true" Position="(6.519; 2.599; -0.762)" FOV="32.0" InterestPosition="(5.662; 2.263; 0.886)" Name="sticker_1">

                  </CameraPos>
                  <CameraPos Interior="true" Position="(5.641; 2.647; -0.037)" FOV="32.0" InterestPosition="(9.044; 2.213; 0.906)" Name="mirror_mount">

                  </CameraPos>
                  <CameraPos InterestPosition="(4.728; 1.342; -0.64)" Name="side_r" MaxXRotation="360" Position="(12.396; 5.813; 3.063)" MaxZoom="2" FOV="32.0" MaxYRotation="360">

                  </CameraPos>
                  <CameraPos InterestPosition="(5.602; 1.393; -0.767)" Name="glass_sticker" Position="(11.639; 3.197; 1.408)" FOV="32.0">

                  </CameraPos>
                  <CameraPos InterestPosition="(6.999; 1.678; 0.614)" Name="door_r_sticker" MaxXRotation="360" Position="(3.651; 2.084; 3.895)" MaxZoom="2" FOV="32.0" MaxYRotation="360">

                  </CameraPos>
                  <CameraPos InterestPosition="(6.131; 1.803; -0.407)" Name="roof" MaxXRotation="360" Position="(11.885; 5.036; 2.752)" MaxZoom="2" FOV="32.0" MaxYRotation="360">

                  </CameraPos>
                  <CameraPos InterestPosition="(6.764; 1.109; -0.954)" Name="hoods" MaxXRotation="360" Position="(11.41; 1.651; -2.083)" MaxZoom="2" FOV="32.0" MaxYRotation="360">

                  </CameraPos>
                  <CameraPos Interior="true" Position="(5.873; 2.961; -0.613)" FOV="32.0" InterestPosition="(5.86; 1.762; 0.153)" Name="sticker_2">

                  </CameraPos>
                  <CameraPos InterestPosition="(5.304; 0.8; -0.817)" Name="side_l" MaxXRotation="360" Position="(11.014; 2.008; 3.127)" MaxZoom="2" FOV="32.0" MaxYRotation="360">

                  </CameraPos>
                  <CameraPos Interior="true" Position="(5.885; 2.717; -0.563)" FOV="32.0" InterestPosition="(9.265; 1.211; 0.474)" Name="bubble_head">

                  </CameraPos>
                  <CameraPos InterestPosition="(5.161; 0.677; -1.163)" Name="wheels" MaxXRotation="360" Position="(9.818; 1.013; -4.063)" MaxZoom="2" FOV="32.0" MaxYRotation="360">

                  </CameraPos>
                  <CameraPos InterestPosition="(4.058; 1.206; 0.469)" Name="default" MaxXRotation="360" Position="(13.298; 2.215; -2.43)" MaxZoom="2" FOV="32.0" MaxYRotation="360">

                  </CameraPos>
                  <CameraPos InterestPosition="(5.929; 0.792; -0.468)" Name="rear" MaxXRotation="360" Position="(-0.649; 1.605; 1.978)" MaxZoom="2" FOV="32.0" MaxYRotation="360">

                  </CameraPos>
                  <CameraPos InterestPosition="(5.124; 1.724; -0.206)" Name="door_l_sticker" Position="(3.738; 2.175; -3.775)" FOV="32.0">

                  </CameraPos>
            </CustomizationCameras>
                <CraneSocket Pos="(3.476; 1.155; 0.43)">

                </CraneSocket>
                <CraneSocket Pos="(3.476; 1.155; -0.43)">

                </CraneSocket>
                <CraneSocket Pos="(0.327; 1.238; 1.138)">

                </CraneSocket>
                <CraneSocket Pos="(0.327; 1.238; -1.138)">

                </CraneSocket>
                <CraneSocket Pos="(-3.625; 1.358; 0)">

                </CraneSocket>
                  <AddonSockets DefaultAddon="azov_43_191_sprinter_bumper_default">
                    <Socket ParentFrame="BoneCabin_cdt" Names="azovSprinterBumper">

                    </Socket>
                  </AddonSockets>
                  <AddonSockets DefaultAddon="azov_43_191_sprinter_snorkel_default">
                    <Socket ParentFrame="BoneCabin_cdt" _template="Cabin2Chassis" Names="azovSprinterSnorkel">

                    </Socket>
                  </AddonSockets>
                  <AddonSockets DefaultAddon="azov_43_191_sprinter_gabarite_default">
                    <Socket ParentFrame="BoneCabin_cdt" Names="azovSprinterGabarite">

                    </Socket>
                  </AddonSockets>
                  <AddonSockets>
                    <Socket ParentFrame="BoneCabin_cdt" Names="azovSprinterHorn">

                    </Socket>
                  </AddonSockets>
                  <AddonSockets>
                    <Socket ParentFrame="BoneCabin_cdt" Names="azovSprinterAirConditioner">

                    </Socket>
                  </AddonSockets>
                  <AddonSockets>
                    <Socket ParentFrame="BoneCabin_cdt" Names="azovSprinterSpotlight">

                    </Socket>
                  </AddonSockets>
                  <AddonSockets>
                    <Socket ParentFrame="BoneCabin_cdt" Names="azovSprinterBeacon">

                    </Socket>
                  </AddonSockets>
                  <AddonSockets>
                    <Socket ParentFrame="BoneCabin_cdt" Names="azovSprinterVisor">

                    </Socket>
                  </AddonSockets>
                  <AddonSockets DefaultAddon="azov_43_191_sprinter_supplies">
                    <Socket ParentFrame="BoneCabin_cdt" Names="azovSupplies">

                    </Socket>
                  </AddonSockets>
                  <AddonSockets>
                    <Socket ParentFrame="BoneCabin_cdt" InCockpit="true" Names="azov43191SprinterSticker_1x1_01">

                    </Socket>
                  </AddonSockets>
                  <AddonSockets>
                    <Socket ParentFrame="BoneCabin_cdt" InCockpit="true" Names="azov43191SprinterSticker_1x1_02">

                    </Socket>
                  </AddonSockets>
                  <AddonSockets>
                    <Socket ParentFrame="BoneCabin_cdt" InCockpit="true" Names="azov43191SprinterSticker_1x2_01">

                    </Socket>
                  </AddonSockets>
                  <AddonSockets>
                    <Socket ParentFrame="BoneCabin_cdt" InCockpit="true" Names="azov43191SprinterSticker_1x2_02">

                    </Socket>
                  </AddonSockets>
                  <AddonSockets>
                    <Socket ParentFrame="BoneCabin_cdt" InCockpit="true" Names="azov43191SprinterSticker_1x4_01">

                    </Socket>
                  </AddonSockets>
                  <AddonSockets>
                    <Socket ParentFrame="BoneCabin_cdt" InCockpit="true" Names="azov43191SprinterSticker_1x4_02">

                    </Socket>
                  </AddonSockets>
                  <AddonSockets>
                    <Socket ParentFrame="BoneCabin_cdt" Names="azov43191SprinterSticker_Door_R">

                    </Socket>
                  </AddonSockets>
                  <AddonSockets>
                    <Socket ParentFrame="BoneCabin_cdt" Names="azov43191SprinterSticker_Door_L">

                    </Socket>
                  </AddonSockets>
                  <AddonSockets>
                    <Socket ParentFrame="BoneCabin_cdt" Names="azov43191SprinterSticker_Roof">

                    </Socket>
                  </AddonSockets>
                  <AddonSockets>
                    <Socket ParentFrame="BoneCabin_cdt" Names="azov43191SprinterSticker_topGlass">

                    </Socket>
                  </AddonSockets>
                  <AddonSockets>
                    <Socket ParentFrame="BoneCabin_cdt" Names="azov43191SprinterSticker_botGlass">

                    </Socket>
                  </AddonSockets>
                  <AddonSockets>
                    <Socket Names="StuffAirfreshener" InCockpit="true" ParentFrame="BoneCabin_cdt" Offset="(2.808; 2.758; 0)">

                    </Socket>
                  </AddonSockets>
                  <AddonSockets>
                    <Socket Names="StuffDashboard" InCockpit="true" ParentFrame="BoneCabin_cdt" Offset="(2.97; 2.245; 0.58)">

                    </Socket>
                  </AddonSockets>
                    <WinchSocket Pos="(3.476; 1.155; 0.43)">

                    </WinchSocket>
                    <WinchSocket Pos="(3.476; 1.155; -0.43)">

                    </WinchSocket>
                    <WinchSocket Pos="(0.327; 1.238; 1.138)">

                    </WinchSocket>
                    <WinchSocket Pos="(0.327; 1.238; -1.138)">

                    </WinchSocket>
                    <WinchSocket Pos="(-3.625; 1.358; 0)">

                    </WinchSocket>
            <UiDesc UiDesc="UI_VEHICLE_AZOV_42_191_SPRINTER_DESC" UiIcon30x30="offroadVehicleImg30" UiName="UI_VEHICLE_AZOV_42_191_SPRINTER__NAME" UiIconLogo="AzovLogo80" UiIcon40x40="offroadVehicleImg" UiIcon328x458="shopImgAzovSprinter">

            </UiDesc>
      </GameData>
      <ControlledConstraints>
              <Constraint Name="TieRodSteer" IsLinkedSteering="true" Id="chassis_steer">

              </Constraint>
      </ControlledConstraints>
      <Landmark Mesh="landmarks/azov_43_191_sprinter_lmk" MaxScale="2.5" MinScale="1.5">

      </Landmark>
      <HeadLight ParentFrame="BoneCabin_cdt" _template="Default" Pos="(4.239; 1.202; 0)">

      </HeadLight>
                  <Rotator Frame="BoneFanRotator" RotationAxis="(0; -1; 0)" RotationSpeed="10" EngineTorqueFactor="0">

                  </Rotator>
                  <Rotator Frame="BoneFanRotator2" RotationAxis="(0; -1; 0)" RotationSpeed="10" EngineTorqueFactor="0">

                  </Rotator>
      <AutomaticIK>
                        <IKBone ParentFrame="BoneTieRod1_cdt" ModelFrame="BoneTieRod2">
                          <IKBone AttachToFrame="BoneRackLeft" AttachOffset="(0; 0; 0)" ModelFrame="BoneTieRod3">
                              <IKJoint AxisLocal="(0; 0; 1)" Type="Slider">

                              </IKJoint>
                          </IKBone>
                          <IKJoint AxisLocal="(0; 0; 1)" Type="Hinge">

                          </IKJoint>
                        </IKBone>
                        <IKBone ParentFrame="BoneAxle1" ModelFrame="BonePiston1">
                          <IKBone AttachToFrame="BoneRackRight" AttachOffset="(0; 0; 0)" ModelFrame="BonePiston2">
                              <IKJoint AxisLocal="(1; 0; 0)" Type="Slider">

                              </IKJoint>
                          </IKBone>
                          <IKJoint AxisLocal="(0; 0; 1)" Type="Hinge">

                          </IKJoint>
                        </IKBone>
                        <IKBone ParentFrame="BoneCabin_cdt" ModelFrame="BonePistonRight1">
                          <IKBone AttachToFrame="BoneRackRight" AttachOffset="(0; 0; 0)" ModelFrame="BonePistonRight2">
                              <IKJoint AxisLocal="(0; 1; 0)" Type="Slider">

                              </IKJoint>
                          </IKBone>
                          <IKJoint AxisLocal="(1; 0; 0)" Type="Hinge2">

                          </IKJoint>
                        </IKBone>
                        <IKBone ParentFrame="BoneCabin_cdt" ModelFrame="BonePistonLeft1">
                          <IKBone AttachToFrame="BoneRackLeft" AttachOffset="(0; 0; 0)" ModelFrame="BonePistonLeft2">
                              <IKJoint AxisLocal="(0; 1; 0)" Type="Slider">

                              </IKJoint>
                          </IKBone>
                          <IKJoint AxisLocal="(1; 0; 0)" Type="Hinge2">

                          </IKJoint>
                        </IKBone>
      </AutomaticIK>
      <ModelAttachments>
                        <StopSignals>
                              <Flare Size="0.3" _template="StopSignal" Pos="(-3.68; 1.63; 0.99)">

                              </Flare>
                              <Flare Size="0.3" _template="StopSignal" Pos="(-3.68; 1.63; -0.99)">

                              </Flare>
                            <Light _template="StopSignal" Pos="(-3.782; 1.417; 0)">

                            </Light>
                        </StopSignals>
                        <Ignition>
                                <Flare ParentFrame="BoneCabin_cdt" _template="IgnitionSignalWhite" Pos="(3.339; 1.541; -0.817)">

                                </Flare>
                                <Flare ParentFrame="BoneCabin_cdt" _template="IgnitionSignalWhite" Pos="(3.339; 1.541; 0.817)">

                                </Flare>
                                <Flare Dir="(-1; 0; 0)" Size="0.2" _template="IgnitionSignalRed" Pos="(-3.68; 1.63; 0.99)">

                                </Flare>
                                <Flare Dir="(-1; 0; 0)" Size="0.2" _template="IgnitionSignalRed" Pos="(-3.68; 1.63; -0.99)">

                                </Flare>
                                <Flare Dir="(-1; 0; 0)" Size="0.2" _template="IgnitionSignalRed" Pos="(-3.622; 2.763; 0.945)">

                                </Flare>
                                <Flare Dir="(-1; 0; 0)" Size="0.2" _template="IgnitionSignalRed" Pos="(-3.622; 2.763; -0.945)">

                                </Flare>
                                <Flare ParentFrame="BoneCabin_cdt" Size="0.3" Pos="(1.9; 1.422; -1.248)" _template="MarkerBeacon">

                                </Flare>
                                <Flare ParentFrame="BoneCabin_cdt" Size="0.3" Pos="(1.9; 1.422; 1.248)" _template="MarkerBeacon">

                                </Flare>
                                  <Light ParentFrame="BoneCabin_cdt" _template="IgnitionSignalWhite" Pos="(3.339; 1.541; -0.817)">

                                  </Light>
                                  <Light ParentFrame="BoneCabin_cdt" _template="IgnitionSignalWhite" Pos="(3.339; 1.541; 0.817)">

                                  </Light>
                        </Ignition>
                        <HeadLight>
                                  <Flare Color="g(255; 235; 200) x 0.6" AspectRatio="2" ParentFrame="BoneCabin_cdt" Pos="(3.339; 1.541; -0.817)" DirAngle="140" Size=".35" _template="HeadLight">

                                  </Flare>
                                  <Flare Color="g(255; 235; 200) x 0.6" AspectRatio="2" ParentFrame="BoneCabin_cdt" Pos="(3.339; 1.541; 0.817)" DirAngle="140" Size=".35" _template="HeadLight">

                                  </Flare>
                                  <Flare ParentFrame="BoneCabin_cdt" _template="BlueStreak" Pos="(3.339; 1.541; -0.817)">

                                  </Flare>
                                  <Flare ParentFrame="BoneCabin_cdt" _template="BlueStreak" Pos="(3.339; 1.541; 0.817)">

                                  </Flare>
                                    <Model Org="(3.339; 1.541; -0.817)" _template="HeadLightRay" ParentFrame="BoneCabin_cdt">

                                    </Model>
                                    <Model Org="(3.339; 1.541; 0.817)" _template="HeadLightRay" ParentFrame="BoneCabin_cdt">

                                    </Model>
                        </HeadLight>
                        <ReverseSignals>
                                    <Flare Size="0.3" _template="ReverseSignal" Pos="(-3.662; 1.465; 0.99)">

                                    </Flare>
                                    <Flare Size="0.3" _template="ReverseSignal" Pos="(-3.662; 1.465; -0.99)">

                                    </Flare>
                                    <Flare Color="g(220; 220; 255) x 0.05" Pos="(-3.662; 1.465; -0.99)" Dir="(-1; 0; 0)" Size="0.4" _template="BlueStreak">

                                    </Flare>
                                    <Flare Color="g(220; 220; 255) x 0.05" Pos="(-3.662; 1.465; 0.99)" Dir="(-1; 0; 0)" Size="0.4" _template="BlueStreak">

                                    </Flare>
                                  <Light _template="ReverseSignal" Pos="(-3.761; 1.562; 0)">

                                  </Light>
                        </ReverseSignals>
      </ModelAttachments>
      <PhysicsModel Mesh="trucks/azov_43_191_sprinter">
                          <NetSync Legacy="false">

                          </NetSync>
                          <Body CenterOfMassOffset="(0; 0; 0)" ImpactType="Truck" NetSync="pv" Mass="6000">
                                <Body CenterOfMassOffset="(0; 0; 0)" ImpactType="Truck" NetSync="pv" ModelFrame="BoneCabin_cdt" Mass="3500">
                                    <Constraint CenterOfMassOffset="(0; 0; 0)" Type="Hinge" MaxLimit="10" MinLimit="-10" AxisLocal="(1; 0; 0)">
                                        <Motor Spring="525000" Type="Spring" Damping="52500">

                                        </Motor>
                                    </Constraint>
                                        <Body _template="SideMirror" ModelFrame="BoneMirrorRight_cdt">

                                        </Body>
                                        <Body _template="SideMirror" ModelFrame="BoneMirrorLeft_cdt">

                                        </Body>
                                        <Body _template="Sunshield" ModelFrame="BoneSunshield_cdt">

                                        </Body>
                                        <Body Collisions="None" ModelFrame="BoneCord_cdt" Mass="1">
                                          <Constraint Type="Hinge" MaxLimit="3" Collisions="None" AxisLocal="(1; 0; 0)" MinLimit="-60">
                                              <Motor Spring="1" Type="Spring" Damping="0.1">

                                              </Motor>
                                          </Constraint>
                                        </Body>
                                        <Body Collisions="None" ModelFrame="BoneCord2_cdt" Mass="1">
                                          <Constraint Type="Hinge" MaxLimit="0" Collisions="None" AxisLocal="(0; 0; 1)" MinLimit="-60">
                                              <Motor Spring="0.7" Type="Spring" Damping="0.07">

                                              </Motor>
                                          </Constraint>
                                        </Body>
                                        <Body Collisions="None" ModelFrame="BoneNetLeft_cdt" Mass="1">
                                          <Constraint Type="Hinge" MaxLimit="4" Collisions="None" AxisLocal="(1; 0; 0)" MinLimit="-4">
                                              <Motor Spring="4" Type="Spring" Damping="0.4">

                                              </Motor>
                                          </Constraint>
                                        </Body>
                                        <Body Collisions="None" ModelFrame="BoneNetRight_cdt" Mass="1">
                                          <Constraint Type="Hinge" MaxLimit="4" Collisions="None" AxisLocal="(1; 0; 0)" MinLimit="-4">
                                              <Motor Spring="4" Type="Spring" Damping="0.4">

                                              </Motor>
                                          </Constraint>
                                        </Body>
                                        <Body _template="TieRod" ModelFrame="BoneTieRod1_cdt">
                                          <Constraint MinLimit="-26" Name="TieRodSteer" MaxLimit="26" AxisLocal="(0; 0; 1)">

                                          </Constraint>
                                        </Body>
                                        <Body Collisions="None" ModelFrame="BoneBelt1_cdt" Mass="0.5">
                                          <Constraint MinLimit="-10" Type="Hinge" MaxLimit="10" AxisLocal="(0; 1; 0)">
                                              <Motor Spring="1.5" Type="Spring" Damping="10">

                                              </Motor>
                                          </Constraint>
                                        </Body>
                                        <Body Collisions="None" ModelFrame="BoneBelt2_cdt" Mass="0.5">
                                          <Constraint MinLimit="-10" Type="Hinge" MaxLimit="20" AxisLocal="(0; 1; 0)">
                                              <Motor Spring="2" Type="Spring" Damping="10">

                                              </Motor>
                                          </Constraint>
                                        </Body>
                                </Body>
                          </Body>
      </PhysicsModel>
  </Truck>
  <_templates Include="trucks">
        <Wheel>
            <RearWheel Torque="default" Location="rear" ConnectedToHandbrake="true">

            </RearWheel>
            <FrontWheel SteeringCastor="0" Torque="default" ParentFrame="BoneCabin_cdt" SteeringJointOffset="0.25" SteeringAngle="30" Location="front">

            </FrontWheel>
        </Wheel>
        <Body>
              <SideMirror Collisions="None" Mass="5">
                  <Constraint MinLimit="-5" Type="Hinge" MaxLimit="5" AxisLocal="(0; 1; 0)">
                      <Motor Spring="110" Type="Spring" Damping="0.9">

                      </Motor>
                  </Constraint>
              </SideMirror>
              <Sunshield Collisions="None" Mass="3">
                    <Constraint MinLimit="-10" Type="Hinge" MaxLimit="10" AxisLocal="(0; 0; 1)">
                        <Motor Spring="30" Type="Spring" Damping="1">

                        </Motor>
                    </Constraint>
              </Sunshield>
        </Body>
        <Socket>
                <Cabin2Chassis ParentFrame="BoneCabin_cdt" Offset="(0; 0; 0)">
                    <ExtraParent Frame="BoneChassis_cdt">

                    </ExtraParent>
                </Cabin2Chassis>
        </Socket>
  </_templates>