  <Truck>
      <PhysicsModel Mesh="trucks/gor_by4">
          <NetSync Legacy="false">

          </NetSync>
          <Body CenterOfMassOffset="(-0.3; -0.2; 0)" ImpactType="Truck" NetSync="pv" Mass="700">
                <Body CenterOfMassOffset="(0.7; -0.5; 0)" ImpactType="Truck" NetSync="pv" ModelFrame="BoneCabin_cdt" Mass="450">
                    <Constraint Type="Fixed">

                    </Constraint>
                        <Body _template="Sunshield" ModelFrame="BoneSunshieldRight_cdt">

                        </Body>
                        <Body _template="Sunshield" ModelFrame="BoneSunshieldLeft_cdt">

                        </Body>
                </Body>
          </Body>
      </PhysicsModel>
      <GameData Country="RU,CAS" Recallable="true" ExcludeAddons="stuff_hula_girl, stuff_masha" Price="3600" UnlockByRank="1" UnlockByExploration="true">
            <CustomizationCameras>
                  <CameraPos Interior="true" Position="(7.637; 4.708; -0.542)" FOV="32.0" InterestPosition="(4.9; 0.652; -0.658)" Name="roof_sticker">

                  </CameraPos>
                  <CameraPos InterestPosition="(1.036; 1.692; -0)" Name="addon_1" MaxXRotation="360" Position="(-6.923; 2.071; 10.147)" MaxZoom="2" FOV="32.0" MaxYRotation="360">

                  </CameraPos>
                  <CameraPos InterestPosition="(4.991; 1.77; 0)" Name="addon_2" MaxXRotation="360" Position="(10.328; 3.173; 3.632)" MaxZoom="2" FOV="32.0" MaxYRotation="360">

                  </CameraPos>
                  <CameraPos Interior="true" Position="(5.2; 1; 0)" FOV="32.0" InterestPosition="(7.7; 1.1; 1.1)" Name="mirror_mount">

                  </CameraPos>
                  <CameraPos Interior="true" Position="(5.2; 1; 0)" FOV="32.0" InterestPosition="(7.7; 1.1; 1.1)" Name="bubble_head">

                  </CameraPos>
                  <CameraPos Interior="true" Position="(5.2; 1; 0)" FOV="32.0" InterestPosition="(7.7; 1.1; 1.1)" Name="sticker">

                  </CameraPos>
                  <CameraPos InterestPosition="(4.679; 0.759; -0)" Name="side_r" MaxXRotation="360" Position="(9.22; 3.041; -2.085)" MaxZoom="2" FOV="32.0" MaxYRotation="360">

                  </CameraPos>
                  <CameraPos Interior="true" Position="(8.400; 2.25; 0.48)" FOV="32.0" InterestPosition="(5.6; 0.75; -0.95)" Name="glass_sticker">

                  </CameraPos>
                  <CameraPos Interior="true" Position="(4.281; 1.252; 2.56)" FOV="32.0" InterestPosition="(7.122; 0.455; 0.563)" Name="door_r_sticker">

                  </CameraPos>
                  <CameraPos InterestPosition="(5.798; 0.713; 0)" Name="roof" MaxXRotation="360" Position="(10.212; 2.243; -3.182)" MaxZoom="2" FOV="32.0" MaxYRotation="360">

                  </CameraPos>
                  <CameraPos Interior="true" Position="(9.359; 3.23; -0.138)" FOV="32.0" InterestPosition="(7.229; 0.689; -0.829)" Name="capote_sticker">

                  </CameraPos>
                  <CameraPos InterestPosition="(5.787; 0.976; 0)" Name="hoods" MaxXRotation="360" Position="(11.091; 1.495; -3.925)" MaxZoom="2" FOV="32.0" MaxYRotation="360">

                  </CameraPos>
                  <CameraPos InterestPosition="(5.944; 0.759; 0)" Name="side_l" MaxXRotation="360" Position="(9.22; 3.041; 3.401)" MaxZoom="2" FOV="32.0" MaxYRotation="360">

                  </CameraPos>
                  <CameraPos InterestPosition="(5.926; 0.292; -0.046)" Name="wheels" MaxXRotation="360" Position="(8.193; 0.885; -3.594)" MaxZoom="2" FOV="32.0" MaxYRotation="360">

                  </CameraPos>
                  <CameraPos InterestPosition="(5.787; 0.976; 0)" Name="default" MaxXRotation="360" Position="(11.091; 1.495; -3.925)" MaxZoom="2" FOV="32.0" MaxYRotation="360">

                  </CameraPos>
                  <CameraPos InterestPosition="(5.042; 0.956; 0)" Name="rear" MaxXRotation="360" Position="(-0.258; 1.601; 3.76)" MaxZoom="2" FOV="32.0" MaxYRotation="360">

                  </CameraPos>
                  <CameraPos Interior="true" Position="(4.494; 1.458; -2.563)" FOV="32.0" InterestPosition="(4.861; 0.675; -0.496)" Name="door_l_sticker">

                  </CameraPos>
            </CustomizationCameras>
                <CraneSocket Pos="(-0.355; 1.487; 0)">

                </CraneSocket>
                <CraneSocket Pos="(1.5; 0.3; -0.35)">

                </CraneSocket>
                <CraneSocket Pos="(1.5; 0.3; 0.35)">

                </CraneSocket>
                <CraneSocket Pos="(-1.855; 0.31; 0)">

                </CraneSocket>
                <CraneSocket Pos="(0; 0.3; -0.7)">

                </CraneSocket>
                <CraneSocket Pos="(0; 0.3; 0.7)">

                </CraneSocket>
                  <AddonSockets>
                    <Socket ParentFrame="BoneCabin_cdt" Offset="(-1.989; 0.62; 0)" Names="ScautTrailer">
                        <AddonsShift Types="GorBy4RearBumper" Offset="(-0.085; 0; 0)">

                        </AddonsShift>
                    </Socket>
                  </AddonSockets>
                  <AddonSockets DefaultAddon="gor_by4_front_bumper_default">
                      <Socket ParentFrame="BoneCabin_cdt" Names="GorBy4FrontBumper">

                      </Socket>
                      <Socket ParentFrame="BoneCabin_cdt" Names="GorBy4DefenceFrame">

                      </Socket>
                  </AddonSockets>
                  <AddonSockets DefaultAddon="gor_by4_rear_bumper_default">
                      <Socket ParentFrame="BoneCabin_cdt" Names="GorBy4RearBumperDefault">

                      </Socket>
                      <Socket ParentFrame="BoneCabin_cdt" NamesBlock="GorBy4DefenceFrame" Names="GorBy4RearBumper">

                      </Socket>
                  </AddonSockets>
                  <AddonSockets DefaultAddon="gor_by4_threshold_default">
                    <Socket ParentFrame="BoneCabin_cdt" Names="GorBy4Threshold">

                    </Socket>
                  </AddonSockets>
                  <AddonSockets>
                      <Socket ParentFrame="BoneCabin_cdt" Names="GorBy4bRoofrack">

                      </Socket>
                      <Socket ParentFrame="BoneCabin_cdt" NamesBlock="GorBy4DefenceFrame, GorBy4Threshold, GorBy4Spotlight" Names="GorBy4bRoofrack2">

                      </Socket>
                  </AddonSockets>
                  <AddonSockets>
                    <Socket ParentFrame="BoneCabin_cdt" Names="GorBy4bSnorkel">

                    </Socket>
                  </AddonSockets>
                  <AddonSockets>
                    <Socket ParentFrame="BoneCabin_cdt" NamesBlock="GorBy4DefenceFrame" Names="GorBy4Spotlight">

                    </Socket>
                  </AddonSockets>
                  <AddonSockets>
                    <Socket ParentFrame="BoneCabin_cdt" Names="GorBy4Visor">

                    </Socket>
                  </AddonSockets>
                  <AddonSockets>
                    <Socket ParentFrame="BoneCabin_cdt" Names="GorBy4Horn">

                    </Socket>
                  </AddonSockets>
                  <AddonSockets DefaultAddon="gor_by4_diff_lock_default">
                    <Socket ParentFrame="BoneChassis_cdt" Offset="(0; 0; 0)" Names="gor_by4_DiffLock">

                    </Socket>
                  </AddonSockets>
                  <AddonSockets>
                    <Socket ParentFrame="BoneCabin_cdt" InCockpit="true" Names="GorBy4Sticker_1x1_01">

                    </Socket>
                  </AddonSockets>
                  <AddonSockets>
                    <Socket ParentFrame="BoneCabin_cdt" InCockpit="true" Names="GorBy4Sticker_1x1_02">

                    </Socket>
                  </AddonSockets>
                  <AddonSockets>
                    <Socket ParentFrame="BoneCabin_cdt" InCockpit="true" Names="GorBy4Sticker_1x1_03">

                    </Socket>
                  </AddonSockets>
                  <AddonSockets>
                    <Socket ParentFrame="BoneCabin_cdt" InCockpit="true" Names="GorBy4Sticker_1x2_01">

                    </Socket>
                  </AddonSockets>
                  <AddonSockets>
                    <Socket ParentFrame="BoneCabin_cdt" InCockpit="true" Names="GorBy4Sticker_1x2_02">

                    </Socket>
                  </AddonSockets>
                  <AddonSockets>
                    <Socket ParentFrame="BoneCabin_cdt" InCockpit="true" Names="GorBy4Sticker_1x4_01">

                    </Socket>
                  </AddonSockets>
                  <AddonSockets>
                    <Socket ParentFrame="BoneCabin_cdt" InCockpit="true" Names="GorBy4Sticker_GlassTop">

                    </Socket>
                  </AddonSockets>
                  <AddonSockets>
                    <Socket ParentFrame="BoneCabin_cdt" Names="GorBy4Sticker_Door_L">

                    </Socket>
                  </AddonSockets>
                  <AddonSockets>
                    <Socket ParentFrame="BoneCabin_cdt" Names="GorBy4Sticker_Door_R">

                    </Socket>
                  </AddonSockets>
                  <AddonSockets>
                    <Socket ParentFrame="BoneCabin_cdt" Names="GorBy4Sticker_Capote">

                    </Socket>
                  </AddonSockets>
                  <AddonSockets>
                    <Socket ParentFrame="BoneCabin_cdt" Names="GorBy4Sticker_Roof">

                    </Socket>
                  </AddonSockets>
                  <AddonSockets>
                    <Socket Names="StuffAirfreshener" InCockpit="true" ParentFrame="BoneCabin_cdt" Offset="(0.442; 1.283; 0)">

                    </Socket>
                  </AddonSockets>
                  <AddonSockets>
                    <Socket Names="StuffDashboard" InCockpit="true" ParentFrame="BoneCabin_cdt" UpDir="(-0.276; 0.961; 0)" Offset="(0.622; 1.026; 0.084)">

                    </Socket>
                  </AddonSockets>
                    <WinchSocket Pos="(1.5; 0.3; -0.35)">

                    </WinchSocket>
                    <WinchSocket Pos="(1.5; 0.3; 0.35)">

                    </WinchSocket>
                    <WinchSocket Pos="(-1.75; 0.267; 0)">

                    </WinchSocket>
                    <WinchSocket Pos="(0; 0.3; -0.75)">

                    </WinchSocket>
                    <WinchSocket Pos="(0; 0.3; 0.75)">

                    </WinchSocket>
            <UiDesc UiDesc="UI_VEHICLE_GOR_BY4_DESC" UiIcon30x30="scoutVehicleImg30" UiName="UI_VEHICLE_GOR_BY4_NAME" UiIconLogo="GorLogo80" UiIcon40x40="scoutVehicleImg" UiIcon328x458="ShopImgGorBy">

            </UiDesc>
      </GameData>
      <Landmark Mesh="landmarks/gor_by4_lmk" MaxScale="3.8" MinScale="1.8">

      </Landmark>
      <TruckData EngineIconMesh="env/engine_gor_by4" EngineStartDelay="1.7" TruckType="SCOUT" ExhaustStartTime="1.6" SteerSpeed="0.03" TruckImage="gorbymchr" DiffLockType="Installed" Responsiveness="0.6" FuelCapacity="50" EngineIconScale="1" BackSteerSpeed="0.06">
                <Driver SteeringWheelPos="(0.265; 0.925; 0.284)" Pos="(-0.041; 0.538; 0.29)" LegsOffset="(-0.1; 0.04; 0)" AnimationSet="Scout">

                </Driver>
                <FuelTank DamageCapacity="50">

                </FuelTank>
                <Dashboard>
                          <Gauge Org="(0.535; 0.905; 0.284)" OutputAngles="(-112; 112)" Dir="(-0.894; 0.449; 0)" InputType="speed" Mesh="trucks/arrows/gor_by4_arrow_1" InputRange="(0;120)">

                          </Gauge>
                          <Gauge Org="(0.466; 0.752; 0)" OutputAngles="(-210; 40)" Mesh="trucks/arrows/gor_by4_arrow_2" Damping="0.99" InputRange="(0;1)" InputType="rpm" Dir="(-0.549; 0.836; 0)">

                          </Gauge>
                          <Gauge Org="(0.537; 0.904; 0.403)" OutputAngles="(-32; 32)" Mesh="trucks/arrows/gor_by4_arrow_4" Damping="0.99" InputRange="(0;1)" InputType="fuel" Dir="(-0.893; 0.449; 0)">

                          </Gauge>
                          <Gauge Org="(0.537; 0.904; 0.164)" OutputAngles="(-32; -20)" Mesh="trucks/arrows/gor_by4_arrow_4" Damping="0.99" InputRange="(0;1)" InputType="engineEnabled" Dir="(-0.894; 0.449; 0)">

                          </Gauge>
                          <Gauge Org="(0.522; 0.875; 0.164)" OutputAngles="(0; 30)" Mesh="trucks/arrows/gor_by4_arrow_5" Damping="0.99" InputRange="(0;1)" InputType="engineEnabled" Dir="(-0.893; 0.449; 0)">

                          </Gauge>
                          <Gauge Org="(0.504; 0.8; 0.081)" OutputAngles="(-64; -14)" Mesh="trucks/arrows/gor_by4_arrow_3" Damping="0.99" InputRange="(0;1)" InputType="engineEnabled" Dir="(-0.981; 0; 0.196)">

                          </Gauge>
                          <Gauge Org="(0.504; 0.8; 0.027)" OutputAngles="(-64; 10)" Mesh="trucks/arrows/gor_by4_arrow_3" Damping="0.99" InputRange="(0;1)" InputType="engineEnabled" Dir="(-0.981; 0; 0.196)">

                          </Gauge>
                          <Gauge Org="(0.504; 0.8; -0.026)" OutputAngles="(-64; -10)" Mesh="trucks/arrows/gor_by4_arrow_3" Damping="0.99" InputRange="(0;1)" InputType="engineEnabled" Dir="(-0.981; 0; 0.196)">

                          </Gauge>
                          <Gauge Org="(0.504; 0.8; -0.08)" OutputAngles="(-64; -20)" Mesh="trucks/arrows/gor_by4_arrow_3" Damping="0.99" InputRange="(0;1)" InputType="engineEnabled" Dir="(-0.981; 0; 0.196)">

                          </Gauge>
                </Dashboard>
                <SoundsWheels _template="Default">

                </SoundsWheels>
                <GearboxSocket Default="g_scout_default" Type="gearboxes_scouts">

                </GearboxSocket>
                <Steam Origin="(-1.73; 0.76; 0)">

                </Steam>
                <Sounds DisableReversePitch="false" MinDist="10.0" _template="Default" Origin="(-1.2; 0.4; 0)">
                                <BrakesSqueal Sound="trucks/gorby4/gorby4_brakes_squeal">

                                </BrakesSqueal>
                                <AbruptStop Sound="trucks/gorby4/gorby4_swing_and_burst_rnd">

                                </AbruptStop>
                                <EngineLow Sound="trucks/gorby4/gorby4_low">

                                </EngineLow>
                                <EngineRev Sound="trucks/gorby4/gorby4_rev">

                                </EngineRev>
                                <GearFail Sound="trucks/common/truck_gear_wrong/truck_gear_wrong_small_old">

                                </GearFail>
                                <Honk Sound="trucks/gorby4/gorby4_honk">

                                </Honk>
                                <EngineStop Sound="trucks/gorby4/gorby4_stop">

                                </EngineStop>
                                <Handbrake Sound="trucks/gorby4/gorby4_handbrake_on">

                                </Handbrake>
                                <AWD Sound="trucks/gorby4/gorby4_awd">

                                </AWD>
                                <Gear Sound="trucks/gorby4/gorby4_gear_shift">

                                </Gear>
                                <EngineIdle_2d IsSound2D="true" Sound="trucks/gorby4/gorby4_idle_2d">

                                </EngineIdle_2d>
                                <HandbrakeOff Sound="trucks/gorby4/gorby4_handbrake_off">

                                </HandbrakeOff>
                                <EngineHeavy_2d IsSound2D="true" Sound="">

                                </EngineHeavy_2d>
                                <ChassisStress Sound="trucks/common/truck_stress_small_rnd_set/truck_stress_small_rnd">

                                </ChassisStress>
                                <Reverse Sound="">

                                </Reverse>
                                <EngineHigh_2d IsSound2D="true" Sound="trucks/gorby4/gorby4_high_2d">

                                </EngineHigh_2d>
                                <EngineIdle Sound="trucks/gorby4/gorby4_idle">

                                </EngineIdle>
                                <EngineAccel Sound="trucks/gorby4/gorby4_acc">

                                </EngineAccel>
                                <EngineHigh Sound="trucks/gorby4/gorby4_high">

                                </EngineHigh>
                                <BrakePull Sound="">

                                </BrakePull>
                                <EngineLow_2d IsSound2D="true" Sound="trucks/gorby4/gorby4_low_2d">

                                </EngineLow_2d>
                                <EngineHeavy Sound="">

                                </EngineHeavy>
                                <BrakeRelease Sound="">

                                </BrakeRelease>
                                <EngineStart Sound="trucks/gorby4/gorby4_start">

                                </EngineStart>
                </Sounds>
                                <Exhaust IsLight="false" Dir="(-1; 0; 0)" Origin="(-1.624; 0.319; -0.336)" Speed="2.0">

                                </Exhaust>
                                <Exhaust IsLight="false" Dir="(-1; 0; 0)" Origin="(-1.624; 0.319; 0.336)" Speed="2.0">

                                </Exhaust>
                <SoundsDamage _template="Scout">

                </SoundsDamage>
                <Shakers>
                                      <Shaker MinAngle="(0.15; 0.15; 0.15)" Frame="BoneExhaust" MaxAngle="(0.3; 0.3; 0.3)" MaxFrequency="4">

                                      </Shaker>
                </Shakers>
                <Camera Center="(-1.2; 0; 0)" RadiusMultiplier="0.8">
                                        <Cockpit WindshieldShadingTexture="trucks/gor_by4_glass__sh_d.tga" WindshieldDiffuseTexture="trucks/gor_by4_glass__d_a.tga" _template="Default" ViewPos="(-0.1; 1.238; 0.289)">
                                              <Mirror FOVScale="1.5" Pos="(1.191; 0.972; 0.635)" ClipDir="(-0.995; 0.087; -0.052)" Size="(0.13; 0.13)" CurveAngle="10" MeshFrame="mirror_left" ReflectionDir="(-0.995; 0.087; -0.052)">

                                              </Mirror>
                                              <Mirror FOVScale="1.5" Pos="(1.192; 1.026; -0.626)" ClipDir="(-0.974; 0.017; 0.225)" Size="(0.13; 0.13)" CurveAngle="10" MeshFrame="mirror_right" ReflectionDir="(-0.974; 0.017; 0.225)">

                                              </Mirror>
                                              <Mirror FOVScale="1" ClipDir="(-0.976; -0.068; 0.208)" Pos="(0.425; 1.28; 0)" Size="(0.2; 0.08)" MeshFrame="hp_cab_mirror" ReflectionDir="(-0.976; -0.068; 0.208)">

                                              </Mirror>
                                        </Cockpit>
                </Camera>
                <SuspensionSocket Default="gor_by4_suspension_default" Type="s_gor_by4" MaxWheelRadiusWithoutSuspension="0.29">

                </SuspensionSocket>
                <Wheels DefaultTire="tire_1" DefaultWheelType="wheels_gor_by4" DefaultRim="rim_1">
                                              <Wheel _template="FrontWheel" Pos="(1.159; 0.196; 0.75)">

                                              </Wheel>
                                              <Wheel Pos="(1.159; 0.196; 0.75)" _template="FrontWheel" RightSide="true">

                                              </Wheel>
                                              <Wheel _template="RearWheel" Pos="(-1.159; 0.196; 0.75)">

                                              </Wheel>
                                              <Wheel Pos="(-1.159; 0.196; 0.75)" _template="RearWheel" RightSide="true">

                                              </Wheel>
                </Wheels>
                <Axles>
                                                <Axle IsIndependent="true" Frame="BoneAxleL1">

                                                </Axle>
                                                <Axle IsIndependent="true" Frame="BoneAxleR1">

                                                </Axle>
                                                <Axle IsIndependent="true" Frame="BoneAxleL2">

                                                </Axle>
                                                <Axle IsIndependent="true" Frame="BoneAxleR2">

                                                </Axle>
                </Axles>
                <Damage>
                                                  <DamageArea Max="(-0.8; 0.9; 0.4)" Type="Engine" ParentFrame="BoneChassis_cdt" Min="(-1.68; 0.3; -0.4)">

                                                  </DamageArea>
                                                  <DamageArea Max="(1.68; 0.8; 0.6)" Type="FuelTank" ParentFrame="BoneChassis_cdt" Min="(0.7; 0.3; -0.6)">

                                                  </DamageArea>
                </Damage>
                <OcclusionMap Texture="trucks/occlusion/chassis_small__s_d_a.tga" MaxX="2.3" MinX="-2.3" HalfSizeZ="1.5">

                </OcclusionMap>
                <EngineSocket Default="ru_scout_old_engine_0" Type="e_ru_scout_old">

                </EngineSocket>
                <WinchUpgradeSocket Default="w_scout_default" IsUpgradable="true" Type="winches_scouts">

                </WinchUpgradeSocket>
                <SteeringWheel Frame="BoneSteering">

                </SteeringWheel>
                                                        <CompatibleWheels Scale="0.37" Type="wheels_gor_by4">

                                                        </CompatibleWheels>
                                                        <CompatibleWheels Scale="0.39" Type="wheels_gor_by4">

                                                        </CompatibleWheels>
                                                        <CompatibleWheels Scale="0.37" Type="wheels_scout1">

                                                        </CompatibleWheels>
                                                        <CompatibleWheels Scale="0.39" Type="wheels_scout1">

                                                        </CompatibleWheels>
                                                        <CompatibleWheels Scale="0.37" Type="wheels_scout2">

                                                        </CompatibleWheels>
                                                        <CompatibleWheels Scale="0.39" Type="wheels_scout2">

                                                        </CompatibleWheels>
                <SteeringRack RackHalfSizeZ="0.573" Frame="BoneRack" FrameSteerLeft="BoneRackL" FrameSteerRight="BoneRackR">

                </SteeringRack>
      </TruckData>
      <Rotator RotationSpeed="-20" Frame="BoneEngineFan" EngineTorqueFactor="0.5">

      </Rotator>
      <HeadLight _template="Default" Pos="(1.7; 0.7; 0)">

      </HeadLight>
      <AutomaticIK>
                        <IKBone ParentFrame="BoneChassis_cdt" ModelFrame="BoneBalancerAxleL2_A">
                          <IKBone AttachToFrame="BoneAxleL2" AttachOffset="(0; 0; 0)" ModelFrame="BoneBalancerAxleL2_B">
                              <IKJoint AxisLocal="(0; 0; 1)" Type="Hinge">

                              </IKJoint>
                          </IKBone>
                          <IKJoint AxisLocal="(0; 0; 1)" Type="Hinge">

                          </IKJoint>
                        </IKBone>
                        <IKBone ParentFrame="BoneChassis_cdt" ModelFrame="BoneBalancerAxleR2_A">
                          <IKBone AttachToFrame="BoneAxleR2" AttachOffset="(0; 0; 0)" ModelFrame="BoneBalancerAxleR2_B">
                              <IKJoint AxisLocal="(0; 0; 1)" Type="Hinge">

                              </IKJoint>
                          </IKBone>
                          <IKJoint AxisLocal="(0; 0; 1)" Type="Hinge">

                          </IKJoint>
                        </IKBone>
      </AutomaticIK>
      <Snorkel Origin="(-1.73; 0.76; 0)">

      </Snorkel>
      <ModelAttachments>
                          <StopSignals>
                                <Flare ParentFrame="BoneCabin_cdt" _template="StopSignal" Pos="(-1.619; 0.843; -0.616)">

                                </Flare>
                                <Flare ParentFrame="BoneCabin_cdt" _template="StopSignal" Pos="(-1.619; 0.843; 0.616)">

                                </Flare>
                                <Flare ParentFrame="BoneCabin_cdt" Size="0.3" Pos="(-1.67; 0.75; -0.616)" _template="StopSignal">

                                </Flare>
                                <Flare ParentFrame="BoneCabin_cdt" Size="0.3" Pos="(-1.67; 0.75; 0.616)" _template="StopSignal">

                                </Flare>
                              <Light ParentFrame="BoneCabin_cdt" _template="StopSignal" Pos="(-2; 0.3; 0)">

                              </Light>
                          </StopSignals>
                          <Ignition>
                                  <Flare Color="g(169; 0; 0) x 0.8" Pos="(-1.619; 0.843; -0.616)" ParentFrame="BoneCabin_cdt" Size="0.12" _template="IgnitionSignalRed">

                                  </Flare>
                                  <Flare Color="g(169; 0; 0) x 0.8" Pos="(-1.619; 0.843; 0.616)" ParentFrame="BoneCabin_cdt" Size="0.12" _template="IgnitionSignalRed">

                                  </Flare>
                                  <Flare Color="g(240; 225; 215) x 0.7" Pos="(1.56; 0.739; -0.555)" ParentFrame="BoneCabin_cdt" Size="0.3" _template="IgnitionSignalWhite">

                                  </Flare>
                                  <Flare Color="g(240; 225; 215) x 0.7" Pos="(1.56; 0.739; 0.555)" ParentFrame="BoneCabin_cdt" Size="0.3" _template="IgnitionSignalWhite">

                                  </Flare>
                                  <Flare Color="g(240; 225; 215) x 0.4" Pos="(1.596; 0.407; -0.509)" ParentFrame="BoneCabin_cdt" Size="0.2" _template="IgnitionSignalWhite">

                                  </Flare>
                                  <Flare Color="g(240; 225; 215) x 0.4" Pos="(1.596; 0.407; 0.509)" ParentFrame="BoneCabin_cdt" Size="0.2" _template="IgnitionSignalWhite">

                                  </Flare>
                                    <Light Color="g(169; 0; 0) x 0.8" ParentFrame="BoneCabin_cdt" _template="IgnitionSignalRed" Pos="(-2; 0.3; 0)">

                                    </Light>
                                    <Light Color="g(255; 235; 225) x 0.9" ParentFrame="BoneCabin_cdt" _template="IgnitionSignalWhite" Pos="(1.85; 0.3; 0)">

                                    </Light>
                          </Ignition>
                          <HeadLight>
                                    <Flare Color="g(255; 245; 215) x 0.5" Pos="(1.56; 0.739; -0.555)" ParentFrame="BoneCabin_cdt" Size="0.6" _template="HeadLight">

                                    </Flare>
                                    <Flare Color="g(255; 245; 215) x 0.5" Pos="(1.56; 0.739; 0.555)" ParentFrame="BoneCabin_cdt" Size="0.6" _template="HeadLight">

                                    </Flare>
                                    <Flare Color="g(220; 220; 255) x 0.05" Pos="(1.58; 0.739; -0.555)" ParentFrame="BoneCabin_cdt" Size="0.5" _template="BlueStreak">

                                    </Flare>
                                    <Flare Color="g(220; 220; 255) x 0.05" Pos="(1.58; 0.739; 0.555)" ParentFrame="BoneCabin_cdt" Size="0.5" _template="BlueStreak">

                                    </Flare>
                                      <Model Org="(1.56; 0.739; -0.555)" _template="HeadLightRay" ParentFrame="BoneCabin_cdt">

                                      </Model>
                                      <Model Org="(1.56; 0.739; 0.555)" _template="HeadLightRay" ParentFrame="BoneCabin_cdt">

                                      </Model>
                          </HeadLight>
      </ModelAttachments>
  </Truck>
  <_templates Include="trucks">
        <Wheel>
            <RearWheel Torque="default" Location="rear" ConnectedToHandbrake="true">

            </RearWheel>
            <FrontWheel SteeringCastor="8" Torque="full" ParentFrame="BoneCabin_cdt" SteeringJointOffset="0.12" SteeringAngle="30" Location="front">

            </FrontWheel>
        </Wheel>
        <Body>
              <Sunshield Collisions="None" Mass="4">
                  <Constraint MinLimit="0" Type="Hinge" MaxLimit="10" AxisLocal="(0; 0; 1)">
                      <Motor Spring="10" Type="Spring" Damping="0.05">

                      </Motor>
                  </Constraint>
              </Sunshield>
        </Body>
  </_templates>