  <Truck>
      <PhysicsModel Mesh="trucks/western_star_57x">
          <NetSync Legacy="false">

          </NetSync>
          <Body CenterOfMassOffset="(-1.5; -0.2; 0)" ImpactType="Truck" NetSync="pv" Mass="3500">
                  <Body _template="Mudguard" ModelFrame="BoneMudguardL_cdt">

                  </Body>
                  <Body _template="Mudguard" ModelFrame="BoneMudguardR_cdt">

                  </Body>
                  <Body CenterOfMassOffset="(2.7; 0.4; 0)" ImpactType="Truck" NetSync="pv" ModelFrame="BoneCabin_cdt" Mass="2750">
                    <Constraint MinLimit="-5" Type="Hinge" MaxLimit="5" AxisLocal="(1; 0; 0)">
                        <Motor Spring="600000" Type="Spring" Damping="30000">

                        </Motor>
                    </Constraint>
                        <Body CenterOfMassOffset="(-0.2; -0.8; 0)" ImpactType="Truck" ModelFrame="BoneCabinDamper_cdt" Mass="1250">
                          <Constraint Type="Ragdoll" PlaneAxisLocal="(1; 0; 0)" PlaneMax="1" PlaneMin="-0.1" Cone="2" TwistAxisLocal="(0; 1; 0)">
                              <PlaneMotor Spring="250000" Type="Spring" Damping="38500">

                              </PlaneMotor>
                              <ConeMotor Spring="350000" Type="Spring" Damping="42500">

                              </ConeMotor>
                          </Constraint>
                              <Body Mass="5" ModelFrame="BoneCurtain1_cdt">
                                <Constraint Type="Prismatic" MaxLimit="0.02" PivotOffset="(0; 0; 0)" AxisLocal="(1; 0; 0)" MinLimit="-0.02">
                                    <Motor Spring="800" Type="Spring" Damping="8">

                                    </Motor>
                                </Constraint>
                              </Body>
                              <Body Mass="10" ModelFrame="BoneCurtain2_cdt">
                                <Constraint Type="Prismatic" MaxLimit="0.05" PivotOffset="(0; 0; 0)" AxisLocal="(1; 0; 0)" MinLimit="-0.2">
                                    <Motor Spring="1800" Type="Spring" Damping="180">

                                    </Motor>
                                </Constraint>
                              </Body>
                              <Body _template="Mirror" ModelFrame="BoneMirrorL_cdt">

                              </Body>
                              <Body _template="Mirror" ModelFrame="BoneMirrorR_cdt">

                              </Body>
                              <Body _template="Mirror" ModelFrame="BoneMirrorFrontL_cdt">
                                <Constraint MaxLimit="1" MinLimit="-1">
                                    <Motor Spring="300" Type="Spring" Damping="10">

                                    </Motor>
                                </Constraint>
                              </Body>
                              <Body _template="Mirror" ModelFrame="BoneMirrorFrontR_cdt">
                                <Constraint MaxLimit="1" MinLimit="-1">
                                    <Motor Spring="300" Type="Spring" Damping="10">

                                    </Motor>
                                </Constraint>
                              </Body>
                              <Body _template="Sunshield" ModelFrame="BoneSunshieldL_cdt">

                              </Body>
                              <Body _template="Sunshield" ModelFrame="BoneSunshieldR_cdt">

                              </Body>
                        </Body>
                        <Body _template="TieRod" ModelFrame="BoneTieRod1_cdt">
                          <Constraint MinLimit="-30" Name="TieRodSteer" MaxLimit="30" AxisLocal="(0; 0; 1)">

                          </Constraint>
                        </Body>
                  </Body>
          </Body>
      </PhysicsModel>
      <GameData Country="US" Price="115700" UnlockByRank="1" UnlockByExploration="false">
            <CustomizationCameras>
                  <CameraPos InterestPosition="(-3.124; 0.199; 0.419)" Name="roof_sticker" Position="(9.943; 5.542; -0.651)" FOV="32.0">

                  </CameraPos>
                  <CameraPos Interior="true" Position="(4.177; 2.577; -0.062)" FOV="32.0" InterestPosition="(5.901; 2.47; 1.044)" Name="sticker_1">

                  </CameraPos>
                  <CameraPos InterestPosition="(1.352; 1.716; 0.504)" Name="addon_1" MaxXRotation="360" Position="(-7.165; 4.028; -6.18)" MaxZoom="2" FOV="32.0" MaxYRotation="360">

                  </CameraPos>
                  <CameraPos InterestPosition="(5.265; 2.861; -0.327)" Name="addon_2" MaxXRotation="360" Position="(10.742; 5.075; 4.202)" MaxZoom="2" FOV="32.0" MaxYRotation="360">

                  </CameraPos>
                  <CameraPos Interior="true" Position="(4.221; 2.45; 0.032)" FOV="32.0" InterestPosition="(8.227; 2.348; 1.033)" Name="mirror_mount">

                  </CameraPos>
                  <CameraPos InterestPosition="(6.695; 1.797; 0.334)" Name="side_r" MaxXRotation="360" Position="(13.06; 2.795; 4.364)" MaxZoom="2" FOV="32.0" MaxYRotation="360">

                  </CameraPos>
                  <CameraPos InterestPosition="(6.775; 1.887; -1.029)" Name="hood_ornament" MaxXRotation="360" Position="(9.426; 2.211; -1.391)" MaxZoom="2" FOV="32.0" MaxYRotation="360">

                  </CameraPos>
                  <CameraPos Interior="true" Position="(4.471; 2.54; -0.479)" FOV="32.0" InterestPosition="(4.617; 1.238; 1.255)" Name="sticker">

                  </CameraPos>
                  <CameraPos InterestPosition="(6.013; 1.912; -0.861)" Name="glass_sticker" Position="(10.844; 3.623; 1.35)" FOV="32.0">

                  </CameraPos>
                  <CameraPos InterestPosition="(6.632; 1.085; 0.401)" Name="door_r_sticker" MaxXRotation="360" Position="(2.125; 2.631; 4.607)" MaxZoom="2" FOV="32.0" MaxYRotation="360">

                  </CameraPos>
                  <CameraPos InterestPosition="(4.807; 1.782; -0.506)" Name="roof" MaxXRotation="360" Position="(11.573; 5.499; 2.951)" MaxZoom="2" FOV="32.0" MaxYRotation="360">

                  </CameraPos>
                  <CameraPos InterestPosition="(3.926; 0.661; -0.133)" Name="capote_sticker" Position="(11.077; 4.356; -1.442)" FOV="32.0">

                  </CameraPos>
                  <CameraPos InterestPosition="(4.917; 1.352; -0.38)" Name="hoods" MaxXRotation="360" Position="(13.232; 1.502; -2.124)" MaxZoom="2" FOV="32.0" MaxYRotation="360">

                  </CameraPos>
                  <CameraPos Interior="true" Position="(4.648; 2.352; -0.754)" FOV="32.0" InterestPosition="(4.681; 2.799; 1.976)" Name="sticker_2">

                  </CameraPos>
                  <CameraPos InterestPosition="(2.985; 2.087; 0.794)" Name="side_l" MaxXRotation="360" Position="(-5.607; 3.22; -5.485)" MaxZoom="2" FOV="32.0" MaxYRotation="360">

                  </CameraPos>
                  <CameraPos Interior="true" Position="(4.879; 2.576; -0.457)" FOV="32.0" InterestPosition="(7.723; 1.106; 2.815)" Name="bubble_head">

                  </CameraPos>
                  <CameraPos InterestPosition="(4.256; 0.191; 0.074)" Name="wheels" MaxXRotation="360" Position="(9.425; 1.166; -3.857)" MaxZoom="2" FOV="32.0" MaxYRotation="360">

                  </CameraPos>
                  <CameraPos InterestPosition="(3.576; 0.962; 0.649)" Name="default" MaxXRotation="360" Position="(13.078; 2.686; -3.232)" MaxZoom="2" FOV="32.0" MaxYRotation="360">

                  </CameraPos>
                  <CameraPos InterestPosition="(4.052; 1.902; 0.411)" Name="rear" MaxXRotation="360" Position="(-3.876; 3.135; 6.466)" MaxZoom="2" FOV="32.0" MaxYRotation="360">

                  </CameraPos>
                  <CameraPos InterestPosition="(3.745; 1.654; -1.317)" Name="door_l_sticker" Position="(2.471; 2.598; -4.668)" FOV="32.0">

                  </CameraPos>
            </CustomizationCameras>
                <CraneSocket Pos="(4.501; 0.439; 0)" ParentFrame="BoneCabin_cdt">

                </CraneSocket>
                <CraneSocket Pos="(-0.153; 0.802; -1.188)" ParentFrame="BoneCabin_cdt">

                </CraneSocket>
                <CraneSocket Pos="(-0.153; 0.802; 1.188)" ParentFrame="BoneCabin_cdt">

                </CraneSocket>
                <CraneSocket Pos="(-4.729; 0.854; 0)">

                </CraneSocket>
                  <AddonSockets>
                      <Socket Offset="(-4.73; 0.847; 0)" Names="Trailer">

                      </Socket>
                      <Socket Offset="(-3.004; 1.425; 0)" Names="Semitrailer, SemitrailerOiltank">

                      </Socket>
                      <Socket Offset="(-3.004; 1.605; 0)" Names="LargeSemitrailer, LargeSemitrailerOiltank">

                      </Socket>
                  </AddonSockets>
                  <AddonSockets>
                      <Socket Offset="(-1.857; 1.068; 0)" Names="MinicraneNavistar">

                      </Socket>
                      <Socket Offset="(-6.398; 1.068; 0)" Names="BunkLog">

                      </Socket>
                      <Socket Offset="(-3.008; 1.068; 0)" Names="SaddleLow">

                      </Socket>
                      <Socket Offset="(-3.008; 1.068; 0)" Names="SaddleHigh">
                          <ExtraParent Offset="(0; 0; 0.02)" Frame="BoneChassis_cdt">

                          </ExtraParent>
                          <ExtraParent Offset="(0; 0; -0.02)" Frame="BoneChassis_cdt">

                          </ExtraParent>
                      </Socket>
                  </AddonSockets>
                  <AddonSockets DefaultAddon="western_star_57x_bumper_default">
                    <Socket ParentFrame="BoneCabin_cdt" Names="ws57xBumper">

                    </Socket>
                  </AddonSockets>
                  <AddonSockets DefaultAddon="western_star_57x_visor_default">
                    <Socket ParentFrame="BoneCabinDamper_cdt" Names="ws57xVisor">

                    </Socket>
                  </AddonSockets>
                  <AddonSockets DefaultAddon="western_star_57x_exhaust_default">
                    <Socket ParentFrame="BoneCabin_cdt" Names="ws57xExhaust">

                    </Socket>
                  </AddonSockets>
                  <AddonSockets DefaultAddon="western_star_57x_wings_default">
                    <Socket ParentFrame="BoneCabinDamper_cdt" Names="ws57xWings">

                    </Socket>
                  </AddonSockets>
                  <AddonSockets DefaultAddon="western_star_57x_side_bumper_default">
                    <Socket ParentFrame="BoneCabin_cdt" Names="ws57xSideBumper">

                    </Socket>
                  </AddonSockets>
                  <AddonSockets>
                    <Socket ParentFrame="BoneCabinDamper_cdt" Names="ws57xHorn">

                    </Socket>
                  </AddonSockets>
                  <AddonSockets>
                    <Socket ParentFrame="BoneCabinDamper_cdt" Names="ws57xGabarite">

                    </Socket>
                  </AddonSockets>
                  <AddonSockets>
                    <Socket ParentFrame="BoneChassis_cdt" Names="ws57xWheelAddon">

                    </Socket>
                  </AddonSockets>
                  <AddonSockets>
                    <Socket ParentFrame="BoneCabinDamper_cdt" Names="ws57xSnorkel">

                    </Socket>
                  </AddonSockets>
                  <AddonSockets>
                    <Socket ParentFrame="BoneCabinDamper_cdt" Names="ws57xSpotlight">

                    </Socket>
                  </AddonSockets>
                  <AddonSockets DefaultAddon="western_star_57x_diff_lock_default">
                    <Socket Names="WesternStar57xDiffLock">

                    </Socket>
                  </AddonSockets>
                  <AddonSockets DefaultAddon="western_star_57x_transferbox_default">
                    <Socket ParentFrame="BoneChassis_cdt" Offset="(0; 0; 0)" Names="WesternStar57xTransferBox">

                    </Socket>
                  </AddonSockets>
                  <AddonSockets>
                    <Socket ParentFrame="BoneCabinDamper_cdt" Names="westernStar57XSticker_Door_R">

                    </Socket>
                  </AddonSockets>
                  <AddonSockets>
                    <Socket ParentFrame="BoneCabinDamper_cdt" Names="westernStar57XSticker_Door_L">

                    </Socket>
                  </AddonSockets>
                  <AddonSockets>
                    <Socket ParentFrame="BoneCabinDamper_cdt" Names="westernStar57XSticker_Capote">

                    </Socket>
                  </AddonSockets>
                  <AddonSockets>
                    <Socket ParentFrame="BoneCabinDamper_cdt" Names="westernStar57XSticker_Roof">

                    </Socket>
                  </AddonSockets>
                  <AddonSockets>
                    <Socket ParentFrame="BoneCabinDamper_cdt" InCockpit="true" Names="westernStar57XSticker_1x1_01">

                    </Socket>
                  </AddonSockets>
                  <AddonSockets>
                    <Socket ParentFrame="BoneCabinDamper_cdt" InCockpit="true" Names="westernStar57XSticker_1x1_02">

                    </Socket>
                  </AddonSockets>
                  <AddonSockets>
                    <Socket ParentFrame="BoneCabinDamper_cdt" InCockpit="true" Names="westernStar57XSticker_1x2_01">

                    </Socket>
                  </AddonSockets>
                  <AddonSockets>
                    <Socket ParentFrame="BoneCabinDamper_cdt" InCockpit="true" Names="westernStar57XSticker_1x2_02">

                    </Socket>
                  </AddonSockets>
                  <AddonSockets>
                    <Socket ParentFrame="BoneCabinDamper_cdt" InCockpit="true" Names="westernStar57XSticker_1x4_01">

                    </Socket>
                  </AddonSockets>
                  <AddonSockets>
                    <Socket ParentFrame="BoneCabinDamper_cdt" InCockpit="true" Names="westernStar57XSticker_1x4_02">

                    </Socket>
                  </AddonSockets>
                  <AddonSockets>
                    <Socket ParentFrame="BoneCabinDamper_cdt" InCockpit="true" Names="westernStar57XSticker_GlassBot">

                    </Socket>
                  </AddonSockets>
                  <AddonSockets>
                    <Socket Names="StuffAirfreshener" InCockpit="true" ParentFrame="BoneCabinDamper_cdt" Offset="(2.559; 2.7; 0)">

                    </Socket>
                  </AddonSockets>
                  <AddonSockets>
                    <Socket Names="StuffDashboard" InCockpit="true" ParentFrame="BoneCabinDamper_cdt" Offset="(2.67; 2.22; -0.13)">

                    </Socket>
                  </AddonSockets>
                  <AddonSockets>
                    <Socket ParentFrame="BoneCabinDamper_cdt" Names="StuffHood57X">

                    </Socket>
                  </AddonSockets>
                    <WinchSocket Pos="(4.501; 0.439; 0)" ParentFrame="BoneCabin_cdt">

                    </WinchSocket>
                    <WinchSocket Pos="(-0.153; 0.802; -1.188)" ParentFrame="BoneCabin_cdt">

                    </WinchSocket>
                    <WinchSocket Pos="(-0.153; 0.802; 1.188)" ParentFrame="BoneCabin_cdt">

                    </WinchSocket>
                    <WinchSocket Pos="(-4.729; 0.854; 0)">

                    </WinchSocket>
            <UiDesc UiDesc="UI_VEHICLE_WESTERN_STAR_57X_DESC" UiIcon30x30="heavyVehicleImg30" UiName="UI_VEHICLE_WESTERN_STAR_57X_NAME" UiIconLogo="WesternStarLogo80" UiIcon40x40="heavyVehicleImg" UiIcon328x458="shopImgWs57x">

            </UiDesc>
      </GameData>
      <ControlledConstraints>
              <Constraint Name="TieRodSteer" IsLinkedSteering="true" Id="chassis_steer">

              </Constraint>
      </ControlledConstraints>
      <HeadLight ParentFrame="BoneCabinDamper_cdt" _template="Default" Pos="(7.084; 1.180; 0)">

      </HeadLight>
      <Landmark Mesh="landmarks/western_star_57x_lmk" MaxScale="3.8" MinScale="1.8">

      </Landmark>
      <AutomaticIK>
                    <IKBone ParentFrame="BoneTieRod1_cdt" ModelFrame="BoneTieRod2">
                        <IKBone AttachToFrame="BoneRackL" AttachOffset="(0; 0; 0)" ModelFrame="BoneTieRod3">
                            <IKJoint AxisLocal="(1; 0; 0)" Type="Slider">

                            </IKJoint>
                        </IKBone>
                        <IKJoint AxisLocal="(1; 0; 0)" Type="Hinge2">

                        </IKJoint>
                    </IKBone>
      </AutomaticIK>
      <ModelAttachments>
                      <StopSignals>
                            <Flare Size="0.3" _template="StopSignal" Pos="(-4.418; 0.667; 0.289)">

                            </Flare>
                            <Flare Size="0.3" _template="StopSignal" Pos="(-4.418; 0.667; -0.289)">

                            </Flare>
                          <Light _template="StopSignal" Pos="(-4.433; 0.641; 0)">

                          </Light>
                      </StopSignals>
                      <Ignition>
                              <Flare Color="g(255; 140; 0) x 0.5" AspectRatio="0.5" ParentFrame="BoneCabinDamper_cdt" Pos="(3.325; 1.695; -1.059)" Dir="(1; 0; 0)" Size="0.7" _template="IgnitionSignalOrange">

                              </Flare>
                              <Flare Color="g(255; 140; 0) x 0.5" AspectRatio="0.5" ParentFrame="BoneCabinDamper_cdt" Pos="(3.325; 1.695; 1.059)" Dir="(1; 0; 0)" Size="0.7" _template="IgnitionSignalOrange">

                              </Flare>
                              <Flare Color="g(255; 140; 0) x 0.5" AspectRatio="4" ParentFrame="BoneCabinDamper_cdt" Pos="(4.242; 1.193; 0.97)" Dir="(1; 0; 0.8)" Size="0.2" _template="IgnitionSignalOrange">

                              </Flare>
                              <Flare Color="g(255; 140; 0) x 0.5" AspectRatio="4" ParentFrame="BoneCabinDamper_cdt" Pos="(4.242; 1.193; -0.97)" Dir="(1; 0; -0.8)" Size="0.2" _template="IgnitionSignalOrange">

                              </Flare>
                              <Flare Color="g(255; 140; 0) x 0.5" AspectRatio="2" ParentFrame="BoneCabinDamper_cdt" Pos="(3.268; 1.305; -1.259)" Dir="(0; 0; -1)" Size="0.2" _template="IgnitionSignalOrange">

                              </Flare>
                              <Flare Color="g(255; 140; 0) x 0.5" AspectRatio="2" ParentFrame="BoneCabinDamper_cdt" Pos="(3.268; 1.305; 1.259)" Dir="(0; 0; 1)" Size="0.2" _template="IgnitionSignalOrange">

                              </Flare>
                              <Flare AspectRatio="2" Dir="(-1; 0; 0)" _template="IgnitionSignalRed" Pos="(-4.418; 0.667; 0.289)">

                              </Flare>
                              <Flare AspectRatio="2" Dir="(-1; 0; 0)" _template="IgnitionSignalRed" Pos="(-4.418; 0.667; -0.289)">

                              </Flare>
                              <Flare Color="g(255; 235; 215) x 0.2" Pos="(4.223; 1.12; 0.899)" ParentFrame="BoneCabinDamper_cdt" Size="0.4" _template="IgnitionSignalWhite">

                              </Flare>
                              <Flare Color="g(255; 235; 215) x 0.2" Pos="(4.223; 1.12; -0.899 " ParentFrame="BoneCabinDamper_cdt" Size="0.4" _template="IgnitionSignalWhite">

                              </Flare>
                              <Flare Color="g(255; 235; 215) x 0.2" Pos="(4.158; 1.12; 1.025)" ParentFrame="BoneCabinDamper_cdt" Size="0.4" _template="IgnitionSignalWhite">

                              </Flare>
                              <Flare Color="g(255; 235; 215) x 0.2" Pos="(4.158; 1.12; -1.025)" ParentFrame="BoneCabinDamper_cdt" Size="0.4" _template="IgnitionSignalWhite">

                              </Flare>
                                <Light Color="g(255; 235; 215) x 1.0" ParentFrame="BoneCabinDamper_cdt" _template="IgnitionSignalWhite" Pos="(5; 1.12; -1.025)">

                                </Light>
                                <Light Color="g(255; 235; 215) x 1.0" ParentFrame="BoneCabinDamper_cdt" _template="IgnitionSignalWhite" Pos="(5; 1.12; 1.025)">

                                </Light>
                                <Light Pos="(-4.417; 0.685; 0)" _template="IgnitionSignalRed" Color="g(255; 10; 10) x 0.5">

                                </Light>
                      </Ignition>
                      <HeadLight>
                                <Flare Color="g(255; 235; 215) x 1" Pos="(4.162; 1.12; 1.023)" ParentFrame="BoneCabinDamper_cdt" Size="0.2" _template="HeadLight">

                                </Flare>
                                <Flare Color="g(255; 235; 215) x 1" Pos="(4.162; 1.12; -1.023)" ParentFrame="BoneCabinDamper_cdt" Size="0.2" _template="HeadLight">

                                </Flare>
                                <Flare Color="g(255; 235; 215) x 1" Pos="(4.233; 1.12; 0.899)" ParentFrame="BoneCabinDamper_cdt" Size="0.2" _template="HeadLight">

                                </Flare>
                                <Flare Color="g(255; 235; 215) x 1" Pos="(4.233; 1.12; -0.899)" ParentFrame="BoneCabinDamper_cdt" Size="0.2" _template="HeadLight">

                                </Flare>
                                <Flare Color="g(220; 220; 255) x 0.1" ParentFrame="BoneCabinDamper_cdt" Pos="(4.158; 1.12; 1.025)" Dir="(1; 0; 0)" Size="0.8" _template="BlueStreak">

                                </Flare>
                                <Flare Color="g(220; 220; 255) x 0.1" ParentFrame="BoneCabinDamper_cdt" Pos="(4.158; 1.12; -1.025)" Dir="(1; 0; 0)" Size="0.8" _template="BlueStreak">

                                </Flare>
                                  <Model Org="(4.158; 1.12; 1.025)" _template="HeadLightRay" ParentFrame="BoneCabinDamper_cdt">

                                  </Model>
                                  <Model Org="(4.158; 1.12; -1.025)" _template="HeadLightRay" ParentFrame="BoneCabinDamper_cdt">

                                  </Model>
                      </HeadLight>
                      <ReverseSignals>
                                  <Flare Size="0.2" _template="ReverseSignal" Pos="(-4.418; 0.714; 0.289)">

                                  </Flare>
                                  <Flare Size="0.2" _template="ReverseSignal" Pos="(-4.418; 0.714; -0.289)">

                                  </Flare>
                                  <Flare Color="g(220; 220; 255) x 0.1" Pos="(-4.418; 0.714; 0.289)" Dir="(-1; 0; 0)" Size="0.3" _template="BlueStreak">

                                  </Flare>
                                  <Flare Color="g(220; 220; 255) x 0.1" Pos="(-4.418; 0.714; -0.289)" Dir="(-1; 0; 0)" Size="0.3" _template="BlueStreak">

                                  </Flare>
                                <Light _template="ReverseSignal" Pos="(-4.423; 0.691; 0)">

                                </Light>
                      </ReverseSignals>
      </ModelAttachments>
      <TruckData EngineIconMesh="env/engine_default" EngineStartDelay="3.2" TruckType="HIGHWAY" ExhaustStartTime="2.8" SteerSpeed="0.02" TruckImage="ws57xmchr" DiffLockType="Uninstalled" Responsiveness="0.3" FuelCapacity="290" EngineIconScale="1.4" BackSteerSpeed="0.025">
                        <Driver Pos="(1.92; 1.821; 0.609)" SteeringWheelPos="(2.354; 2.178; 0.602)">

                        </Driver>
                        <Shafts>
                                <Shaft SocketPointB="Shaft1b" SocketPointA="Shaft1a">

                                </Shaft>
                                <Shaft SocketPointB="Shaft2b" SocketPointA="Shaft2a">

                                </Shaft>
                                <Shaft SocketPointB="Shaft3b" SocketPointA="Shaft3a">

                                </Shaft>
                                <Shaft SocketPointB="Shaft4b" SocketPointA="Shaft4a">

                                </Shaft>
                        </Shafts>
                        <FuelTank DamageCapacity="100">

                        </FuelTank>
                        <Dashboard>
                                    <Gauge Org="(2.672; 2.096; 0.601)" OutputAngles="(-118; 26)" Dir="(-0.917; 0.4; 0)" InputType="speed" Mesh="trucks/arrows/western_star_57x_arrow_1" InputRange="(0;135)">

                                    </Gauge>
                                    <Gauge Org="(2.672; 2.096; 0.602)" OutputAngles="(119; 45)" Mesh="trucks/arrows/western_star_57x_arrow_1" Damping="0.97" InputRange="(0;1)" InputType="rpm" Dir="(-0.917; 0.4; 0)">

                                    </Gauge>
                        </Dashboard>
                        <SoundsWheels _template="Default">

                        </SoundsWheels>
                        <GearboxSocket Default="g_truck_default" Type="gearboxes_trucks">

                        </GearboxSocket>
                        <Steam Origin="(1.972; 1.122; 0)" ParentFrame="BoneCabin_cdt">

                        </Steam>
                        <Sounds DisableReversePitch="true" MinDist="15.0" Origin="(3.289; 1.4; 0)" _template="Default">
                                          <BrakesSqueal Sound="trucks/western_star_57x/western_star_57x_brakes_squeal">

                                          </BrakesSqueal>
                                          <AbruptStop Sound="trucks/common/truck_swing_big_rnd_set/truck_swing_big_rnd">

                                          </AbruptStop>
                                          <EngineLow Sound="trucks/western_star_57x/western_star_57x_low">

                                          </EngineLow>
                                          <EngineRev Sound="trucks/western_star_57x/western_star_57x_rev">

                                          </EngineRev>
                                          <EngineAccel Sound="trucks/western_star_57x/western_star_57x_acc">

                                          </EngineAccel>
                                          <Honk Sound="trucks/western_star_57x/western_star_57x_honk">

                                          </Honk>
                                          <EngineStop Sound="trucks/western_star_57x/western_star_57x_stop">

                                          </EngineStop>
                                          <Handbrake Sound="trucks/western_star_57x/western_star_57x_handbrake_on">

                                          </Handbrake>
                                          <EngineIdle_2d IsSound2D="true" Sound="trucks/western_star_57x/western_star_57x_idle_2d">

                                          </EngineIdle_2d>
                                          <HandbrakeOff Sound="trucks/western_star_57x/western_star_57x_handbrake_off">

                                          </HandbrakeOff>
                                          <EngineHeavy_2d IsSound2D="true" Sound="trucks/ws_6900xd_twin/ws_6900xd_twin_heavy_2d">

                                          </EngineHeavy_2d>
                                          <Reverse Sound="trucks/western_star_57x/western_star_57x_back_beeper">

                                          </Reverse>
                                          <EngineHigh_2d IsSound2D="true" Sound="trucks/western_star_57x/western_star_57x_high_2d">

                                          </EngineHigh_2d>
                                          <EngineIdle Sound="trucks/western_star_57x/western_star_57x_idle">

                                          </EngineIdle>
                                          <EngineStart Sound="trucks/western_star_57x/western_star_57x_start">

                                          </EngineStart>
                                          <EngineHigh Sound="trucks/western_star_57x/western_star_57x_high">

                                          </EngineHigh>
                                          <BrakePull Sound="trucks/western_star_57x/western_star_57x_brake_pull">

                                          </BrakePull>
                                          <EngineLow_2d IsSound2D="true" Sound="trucks/western_star_57x/western_star_57x_low_2d">

                                          </EngineLow_2d>
                                          <EngineHeavy Sound="trucks/ws_6900xd_twin/ws_6900xd_twin_heavy">

                                          </EngineHeavy>
                                          <BrakeRelease Sound="trucks/western_star_57x/western_star_57x_brake_release">

                                          </BrakeRelease>
                                          <EngineTrans Sound="trucks/common/truck_trans_forward_loop">

                                          </EngineTrans>
                        </Sounds>
                        <Intake Size="0.8" Origin="(4.544; 1.301; 0)" Dir="(1; 0; 0)">

                        </Intake>
                        <SoundsDamage _template="Heavy">

                        </SoundsDamage>
                                              <LimitedFluid Type="Cylinder" Center="(0.093; 0.71; 0.813)" LengthX="1.122" RadiusZ="0.317" RadiusY="0.317">

                                              </LimitedFluid>
                                              <LimitedFluid Type="Cylinder" Center="(0.093; 0.71; -0.803)" LengthX="1.122" RadiusZ="0.317" RadiusY="0.317">

                                              </LimitedFluid>
                        <Camera ParentFrame="BoneCabin_cdt" Center="(-1.5; 0; 0)">
                                                  <Cockpit WindshieldShadingTexture="trucks/westernstar_57x_glass__sh_d.tga" WindshieldDiffuseTexture="trucks/westernstar_57x_glass__d_a.tga" _template="Default" ViewPos="(1.976; 2.451; 0.61)">
                                                        <Mirror FOVScale="2" Pos="(2.526; 2.389; 1.398)" ClipDir="(-0.916; 0.021; -0.401)" ReflectionDir="(-0.916; 0.021; -0.401)" Size="(0.19; 0.32)" ClipOffset="0.25" MeshFrame="mirror_left">
                                                          <SecondaryView FOVScale="1.6" Pos="(2.5; 2.155; 1.386)" ClipDir="(-0.916; 0.021; -0.401)" Size="(0.19; 0.13)" CurveAngle="20" ClipOffset="0.1" MeshFrame="mirror_left_convex">

                                                          </SecondaryView>
                                                        </Mirror>
                                                        <Mirror FOVScale="2" Pos="(2.481; 2.383; -1.408)" ClipDir="(-0.804; -0.003; 0.594)" ReflectionDir="(-0.804; -0.003; 0.594)" Size="(0.19; 0.32)" ClipOffset="0.25" MeshFrame="mirror_right">
                                                          <SecondaryView FOVScale="1.6" Pos="(2.47; 2.149; -1.393)" ClipDir="(-0.804; -0.003; 0.594)" Size="(0.19; 0.13)" CurveAngle="20" ClipOffset="0.1" MeshFrame="mirror_right_convex">

                                                          </SecondaryView>
                                                        </Mirror>
                                                        <Mirror ClipDir="(-0.129; -0.804; 0.58)" CurveAngle="10" ClipOffset="0.1" FOVScale="2.5" ReflectionDir="(-0.129; -0.804; 0.58)" Size="(0.29; 0.2)" MeshFrame="mirror_additional" Pos="(1.945; 2.591; -1.192)">

                                                        </Mirror>
                                                        <Mirror FOVScale="2.6" Pos="(4.193; 2.021; 1.010)" ClipDir="(-0.988; 0.067; 0.138)" ReflectionDir="(-0.988; 0.067; 0.138)" Size="(0.23; 0.18)" ClipOffset="0.15" MeshFrame="mirror_left_front">

                                                        </Mirror>
                                                        <Mirror FOVScale="2.6" Pos="(4.188; 2.018; -1.008)" ClipDir="(-0.994; 0.047; 0.104)" ReflectionDir="(-0.994; 0.047; 0.104)" Size="(0.23; 0.18)" ClipOffset="0.15" MeshFrame="mirror_right_front">

                                                        </Mirror>
                                                  </Cockpit>
                        </Camera>
                        <SuspensionSocket Default="western_star_57x_suspension_default" Type="s_western_star_57x" MaxWheelRadiusWithoutSuspension="0.47">

                        </SuspensionSocket>
                        <Wheels DefaultTire="highway_1" DefaultWheelType="wheels_medium_double" DefaultRim="rim_2">
                                                        <Wheel _template="FrontWheel" Pos="(3.285; 0.57; 1.068)">

                                                        </Wheel>
                                                        <Wheel Pos="(3.285; 0.57; 1.068)" _template="FrontWheel" RightSide="true">

                                                        </Wheel>
                                                        <Wheel _template="RearWheel" Pos="(-2.29; 0.529; 0.86)">

                                                        </Wheel>
                                                        <Wheel Pos="(-2.29; 0.529; 0.86)" _template="RearWheel" RightSide="true">

                                                        </Wheel>
                                                        <Wheel _template="RearWheel" Pos="(-3.686; 0.529; 0.86)">

                                                        </Wheel>
                                                        <Wheel Pos="(-3.686; 0.529; 0.86)" _template="RearWheel" RightSide="true">

                                                        </Wheel>
                        </Wheels>
                        <Axles>
                                                          <Axle Frame="BoneAxle1">

                                                          </Axle>
                                                          <Axle Frame="BoneAxle2">

                                                          </Axle>
                                                          <Axle Frame="BoneAxle3">

                                                          </Axle>
                        </Axles>
                        <Damage>
                                                            <DamageArea Max="(4.493; 1.758; 1.008)" Type="Engine" ParentFrame="BoneCabinDamper_cdt" Min="(2.802; 0.929; -1.008)">

                                                            </DamageArea>
                                                            <DamageArea Max="(0.709; 1.03; 1.133)" Type="FuelTank" ParentFrame="BoneCabin_cdt" Min="(-0.519; 0.389; -1.124)">

                                                            </DamageArea>
                        </Damage>
                        <OcclusionMap Texture="trucks/occlusion/chassis_small__s_d_a.tga" MaxX="5.5" MinX="-5.5" HalfSizeZ="2">

                        </OcclusionMap>
                        <EngineSocket Default="us_truck_modern_engine_0" Type="e_us_truck_modern, e_us_truck_modern_ws_49x">

                        </EngineSocket>
                        <WinchUpgradeSocket Default="w_heavy_trucks_default" IsUpgradable="true" Type="winches_heavy_trucks">

                        </WinchUpgradeSocket>
                        <SteeringWheel Frame="BoneSteering">

                        </SteeringWheel>
                                                                  <CompatibleWheels Type="wheels_medium_double" RearOffsetZ="0.07" Scale="0.54">

                                                                  </CompatibleWheels>
                                                                  <CompatibleWheels Type="wheels_medium_double" RearOffsetZ="0.07" Scale="0.56">

                                                                  </CompatibleWheels>
                        <SteeringRack RackHalfSizeZ="0.872" Frame="BoneRack" FrameSteerLeft="BoneRackL" FrameSteerRight="BoneRackR">

                        </SteeringRack>
      </TruckData>
  </Truck>
  <_templates Include="trucks">
        <Wheel>
            <RearWheel Torque="default" Location="rear" ConnectedToHandbrake="true">

            </RearWheel>
            <FrontWheel SteeringCastor="0" Torque="connectable" ParentFrame="BoneCabin_cdt" SteeringJointOffset="0.13" SteeringAngle="36" Location="front">

            </FrontWheel>
        </Wheel>
        <Body>
              <Mudguard Collisions="None" Mass="2">
                  <Constraint MinLimit="-40" Type="Hinge" MaxLimit="30" AxisLocal="(0; 0; 1)">
                      <Motor Spring="2.5" Type="Spring" Damping="0.25">

                      </Motor>
                  </Constraint>
              </Mudguard>
              <Mirror Collisions="None" Mass="10">
                    <Constraint MinLimit="-2" Type="Hinge" MaxLimit="2" AxisLocal="(0; 1; 0)">
                        <Motor Spring="400" Type="Spring" Damping="12">

                        </Motor>
                    </Constraint>
              </Mirror>
              <Sunshield Collisions="None" Mass="10">
                      <Constraint MinLimit="-3" Type="Hinge" MaxLimit="3" AxisLocal="(0; 0; 1)">
                          <Motor Spring="150" Type="Spring" Damping="1.5">

                          </Motor>
                      </Constraint>
              </Sunshield>
        </Body>
  </_templates>